timestamp,value_kwh
2025-12-01T00:15:00+01:00,44.72
2025-12-01T00:30:00+01:00,46.64
2025-12-01T00:45:00+01:00,46.4
2025-12-01T01:00:00+01:00,46.16
2025-12-01T01:15:00+01:00,44.48
2025-12-01T01:30:00+01:00,45.52
2025-12-01T01:45:00+01:00,45.6
2025-12-01T02:00:00+01:00,44.64
2025-12-01T02:15:00+01:00,44.24
2025-12-01T02:30:00+01:00,45.6
2025-12-01T02:45:00+01:00,44.08
2025-12-01T03:00:00+01:00,43.36
2025-12-01T03:15:00+01:00,42.24
2025-12-01T03:30:00+01:00,44.8
2025-12-01T03:45:00+01:00,46.32
2025-12-01T04:00:00+01:00,48.08
2025-12-01T04:15:00+01:00,48.96
2025-12-01T04:30:00+01:00,49.76
2025-12-01T04:45:00+01:00,50.96
2025-12-01T05:00:00+01:00,50.64
2025-12-01T05:15:00+01:00,58.64
2025-12-01T05:30:00+01:00,91.52
2025-12-01T05:45:00+01:00,125.44
2025-12-01T06:00:00+01:00,174.64
2025-12-01T06:15:00+01:00,218.24
2025-12-01T06:30:00+01:00,223.52
2025-12-01T06:45:00+01:00,213.76
2025-12-01T07:00:00+01:00,228.72
2025-12-01T07:15:00+01:00,239.68
2025-12-01T07:30:00+01:00,258.88
2025-12-01T07:45:00+01:00,252.8
2025-12-01T08:00:00+01:00,225.04
2025-12-01T08:15:00+01:00,242.96
2025-12-01T08:30:00+01:00,243.28
2025-12-01T08:45:00+01:00,247.2
2025-12-01T09:00:00+01:00,255.36
2025-12-01T09:15:00+01:00,231.12
2025-12-01T09:30:00+01:00,227.36
2025-12-01T09:45:00+01:00,212.08
2025-12-01T10:00:00+01:00,229.2
2025-12-01T10:15:00+01:00,176.16
2025-12-01T10:30:00+01:00,189.2
2025-12-01T10:45:00+01:00,183.92
2025-12-01T11:00:00+01:00,183.68
2025-12-01T11:15:00+01:00,166.48
2025-12-01T11:30:00+01:00,163.04
2025-12-01T11:45:00+01:00,132.16
2025-12-01T12:00:00+01:00,72.48
2025-12-01T12:15:00+01:00,160.56
2025-12-01T12:30:00+01:00,168.8
2025-12-01T12:45:00+01:00,141.2
2025-12-01T13:00:00+01:00,157.28
2025-12-01T13:15:00+01:00,190.32
2025-12-01T13:30:00+01:00,165.2
2025-12-01T13:45:00+01:00,199.36
2025-12-01T14:00:00+01:00,209.6
2025-12-01T14:15:00+01:00,195.76
2025-12-01T14:30:00+01:00,234.08
2025-12-01T14:45:00+01:00,261.84
2025-12-01T15:00:00+01:00,242.16
2025-12-01T15:15:00+01:00,247.12
2025-12-01T15:30:00+01:00,235.04
2025-12-01T15:45:00+01:00,256.64
2025-12-01T16:00:00+01:00,231.2
2025-12-01T16:15:00+01:00,263.12
2025-12-01T16:30:00+01:00,249.76
2025-12-01T16:45:00+01:00,251.6
2025-12-01T17:00:00+01:00,255.2
2025-12-01T17:15:00+01:00,224.8
2025-12-01T17:30:00+01:00,220.0
2025-12-01T17:45:00+01:00,224.88
2025-12-01T18:00:00+01:00,210.16
2025-12-01T18:15:00+01:00,180.96
2025-12-01T18:30:00+01:00,188.16
2025-12-01T18:45:00+01:00,173.12
2025-12-01T19:00:00+01:00,216.0
2025-12-01T19:15:00+01:00,202.48
2025-12-01T19:30:00+01:00,173.44
2025-12-01T19:45:00+01:00,171.52
2025-12-01T20:00:00+01:00,179.28
2025-12-01T20:15:00+01:00,195.6
2025-12-01T20:30:00+01:00,199.36
2025-12-01T20:45:00+01:00,215.04
2025-12-01T21:00:00+01:00,221.44
2025-12-01T21:15:00+01:00,225.12
2025-12-01T21:30:00+01:00,197.2
2025-12-01T21:45:00+01:00,204.88
2025-12-01T22:00:00+01:00,199.2
2025-12-01T22:15:00+01:00,202.8
2025-12-01T22:30:00+01:00,200.64
2025-12-01T22:45:00+01:00,171.76
2025-12-01T23:00:00+01:00,165.36
2025-12-01T23:15:00+01:00,179.68
2025-12-01T23:30:00+01:00,134.88
2025-12-01T23:45:00+01:00,140.56
2025-12-02T00:00:00+01:00,130.88
2025-12-02T00:15:00+01:00,125.04
2025-12-02T00:30:00+01:00,147.52
2025-12-02T00:45:00+01:00,138.0
2025-12-02T01:00:00+01:00,146.56
2025-12-02T01:15:00+01:00,136.96
2025-12-02T01:30:00+01:00,149.44
2025-12-02T01:45:00+01:00,144.0
2025-12-02T02:00:00+01:00,174.8
2025-12-02T02:15:00+01:00,141.28
2025-12-02T02:30:00+01:00,132.48
2025-12-02T02:45:00+01:00,144.0
2025-12-02T03:00:00+01:00,176.4
2025-12-02T03:15:00+01:00,175.76
2025-12-02T03:30:00+01:00,171.12
2025-12-02T03:45:00+01:00,152.56
2025-12-02T04:00:00+01:00,152.08
2025-12-02T04:15:00+01:00,143.76
2025-12-02T04:30:00+01:00,133.84
2025-12-02T04:45:00+01:00,139.84
2025-12-02T05:00:00+01:00,136.8
2025-12-02T05:15:00+01:00,171.28
2025-12-02T05:30:00+01:00,172.88
2025-12-02T05:45:00+01:00,201.2
2025-12-02T06:00:00+01:00,198.88
2025-12-02T06:15:00+01:00,217.04
2025-12-02T06:30:00+01:00,254.4
2025-12-02T06:45:00+01:00,269.6
2025-12-02T07:00:00+01:00,241.68
2025-12-02T07:15:00+01:00,251.44
2025-12-02T07:30:00+01:00,260.8
2025-12-02T07:45:00+01:00,234.16
2025-12-02T08:00:00+01:00,249.68
2025-12-02T08:15:00+01:00,247.68
2025-12-02T08:30:00+01:00,264.56
2025-12-02T08:45:00+01:00,253.36
2025-12-02T09:00:00+01:00,229.2
2025-12-02T09:15:00+01:00,224.88
2025-12-02T09:30:00+01:00,214.88
2025-12-02T09:45:00+01:00,161.92
2025-12-02T10:00:00+01:00,231.36
2025-12-02T10:15:00+01:00,278.56
2025-12-02T10:30:00+01:00,231.04
2025-12-02T10:45:00+01:00,147.28
2025-12-02T11:00:00+01:00,146.08
2025-12-02T11:15:00+01:00,159.44
2025-12-02T11:30:00+01:00,156.96
2025-12-02T11:45:00+01:00,112.32
2025-12-02T12:00:00+01:00,184.08
2025-12-02T12:15:00+01:00,136.88
2025-12-02T12:30:00+01:00,112.48
2025-12-02T12:45:00+01:00,208.64
2025-12-02T13:00:00+01:00,160.88
2025-12-02T13:15:00+01:00,244.4
2025-12-02T13:30:00+01:00,221.76
2025-12-02T13:45:00+01:00,206.8
2025-12-02T14:00:00+01:00,225.44
2025-12-02T14:15:00+01:00,237.2
2025-12-02T14:30:00+01:00,278.32
2025-12-02T14:45:00+01:00,290.48
2025-12-02T15:00:00+01:00,312.96
2025-12-02T15:15:00+01:00,300.32
2025-12-02T15:30:00+01:00,269.52
2025-12-02T15:45:00+01:00,217.44
2025-12-02T16:00:00+01:00,228.08
2025-12-02T16:15:00+01:00,249.84
2025-12-02T16:30:00+01:00,252.88
2025-12-02T16:45:00+01:00,224.08
2025-12-02T17:00:00+01:00,220.64
2025-12-02T17:15:00+01:00,207.12
2025-12-02T17:30:00+01:00,197.12
2025-12-02T17:45:00+01:00,213.44
2025-12-02T18:00:00+01:00,204.32
2025-12-02T18:15:00+01:00,177.2
2025-12-02T18:30:00+01:00,191.04
2025-12-02T18:45:00+01:00,251.52
2025-12-02T19:00:00+01:00,184.32
2025-12-02T19:15:00+01:00,173.36
2025-12-02T19:30:00+01:00,228.72
2025-12-02T19:45:00+01:00,187.12
2025-12-02T20:00:00+01:00,207.68
2025-12-02T20:15:00+01:00,223.04
2025-12-02T20:30:00+01:00,245.52
2025-12-02T20:45:00+01:00,185.44
2025-12-02T21:00:00+01:00,190.0
2025-12-02T21:15:00+01:00,261.76
2025-12-02T21:30:00+01:00,192.64
2025-12-02T21:45:00+01:00,201.6
2025-12-02T22:00:00+01:00,188.08
2025-12-02T22:15:00+01:00,165.6
2025-12-02T22:30:00+01:00,239.76
2025-12-02T22:45:00+01:00,226.24
2025-12-02T23:00:00+01:00,225.76
2025-12-02T23:15:00+01:00,154.88
2025-12-02T23:30:00+01:00,153.28
2025-12-02T23:45:00+01:00,155.52
2025-12-03T00:00:00+01:00,151.04
2025-12-03T00:15:00+01:00,136.24
2025-12-03T00:30:00+01:00,150.0
2025-12-03T00:45:00+01:00,120.32
2025-12-03T01:00:00+01:00,159.28
2025-12-03T01:15:00+01:00,162.72
2025-12-03T01:30:00+01:00,167.44
2025-12-03T01:45:00+01:00,153.2
2025-12-03T02:00:00+01:00,180.08
2025-12-03T02:15:00+01:00,152.88
2025-12-03T02:30:00+01:00,204.32
2025-12-03T02:45:00+01:00,199.52
2025-12-03T03:00:00+01:00,199.6
2025-12-03T03:15:00+01:00,173.36
2025-12-03T03:30:00+01:00,147.92
2025-12-03T03:45:00+01:00,186.56
2025-12-03T04:00:00+01:00,197.36
2025-12-03T04:15:00+01:00,194.64
2025-12-03T04:30:00+01:00,163.28
2025-12-03T04:45:00+01:00,201.2
2025-12-03T05:00:00+01:00,220.0
2025-12-03T05:15:00+01:00,206.0
2025-12-03T05:30:00+01:00,153.44
2025-12-03T05:45:00+01:00,188.8
2025-12-03T06:00:00+01:00,185.28
2025-12-03T06:15:00+01:00,176.0
2025-12-03T06:30:00+01:00,201.04
2025-12-03T06:45:00+01:00,239.28
2025-12-03T07:00:00+01:00,286.56
2025-12-03T07:15:00+01:00,284.4
2025-12-03T07:30:00+01:00,296.32
2025-12-03T07:45:00+01:00,258.8
2025-12-03T08:00:00+01:00,255.04
2025-12-03T08:15:00+01:00,264.08
2025-12-03T08:30:00+01:00,260.16
2025-12-03T08:45:00+01:00,247.2
2025-12-03T09:00:00+01:00,271.76
2025-12-03T09:15:00+01:00,263.2
2025-12-03T09:30:00+01:00,261.12
2025-12-03T09:45:00+01:00,243.76
2025-12-03T10:00:00+01:00,247.36
2025-12-03T10:15:00+01:00,322.96
2025-12-03T10:30:00+01:00,302.72
2025-12-03T10:45:00+01:00,284.4
2025-12-03T11:00:00+01:00,303.52
2025-12-03T11:15:00+01:00,299.84
2025-12-03T11:30:00+01:00,274.88
2025-12-03T11:45:00+01:00,235.12
2025-12-03T12:00:00+01:00,253.84
2025-12-03T12:15:00+01:00,282.08
2025-12-03T12:30:00+01:00,238.72
2025-12-03T12:45:00+01:00,268.4
2025-12-03T13:00:00+01:00,300.88
2025-12-03T13:15:00+01:00,318.16
2025-12-03T13:30:00+01:00,306.24
2025-12-03T13:45:00+01:00,334.32
2025-12-03T14:00:00+01:00,265.68
2025-12-03T14:15:00+01:00,223.28
2025-12-03T14:30:00+01:00,270.64
2025-12-03T14:45:00+01:00,290.96
2025-12-03T15:00:00+01:00,289.52
2025-12-03T15:15:00+01:00,255.68
2025-12-03T15:30:00+01:00,275.36
2025-12-03T15:45:00+01:00,251.28
2025-12-03T16:00:00+01:00,228.56
2025-12-03T16:15:00+01:00,245.04
2025-12-03T16:30:00+01:00,248.0
2025-12-03T16:45:00+01:00,251.92
2025-12-03T17:00:00+01:00,244.48
2025-12-03T17:15:00+01:00,234.88
2025-12-03T17:30:00+01:00,283.36
2025-12-03T17:45:00+01:00,232.8
2025-12-03T18:00:00+01:00,228.8
2025-12-03T18:15:00+01:00,281.68
2025-12-03T18:30:00+01:00,232.4
2025-12-03T18:45:00+01:00,238.48
2025-12-03T19:00:00+01:00,277.12
2025-12-03T19:15:00+01:00,260.8
2025-12-03T19:30:00+01:00,333.2
2025-12-03T19:45:00+01:00,340.48
2025-12-03T20:00:00+01:00,340.4
2025-12-03T20:15:00+01:00,183.28
2025-12-03T20:30:00+01:00,200.72
2025-12-03T20:45:00+01:00,227.28
2025-12-03T21:00:00+01:00,214.64
2025-12-03T21:15:00+01:00,250.56
2025-12-03T21:30:00+01:00,236.56
2025-12-03T21:45:00+01:00,220.16
2025-12-03T22:00:00+01:00,208.32
2025-12-03T22:15:00+01:00,197.04
2025-12-03T22:30:00+01:00,198.72
2025-12-03T22:45:00+01:00,210.08
2025-12-03T23:00:00+01:00,181.28
2025-12-03T23:15:00+01:00,167.36
2025-12-03T23:30:00+01:00,218.16
2025-12-03T23:45:00+01:00,187.36
2025-12-04T00:00:00+01:00,167.68
2025-12-04T00:15:00+01:00,180.4
2025-12-04T00:30:00+01:00,129.76
2025-12-04T00:45:00+01:00,185.28
2025-12-04T01:00:00+01:00,158.32
2025-12-04T01:15:00+01:00,168.64
2025-12-04T01:30:00+01:00,175.04
2025-12-04T01:45:00+01:00,220.96
2025-12-04T02:00:00+01:00,226.08
2025-12-04T02:15:00+01:00,230.32
2025-12-04T02:30:00+01:00,162.8
2025-12-04T02:45:00+01:00,130.88
2025-12-04T03:00:00+01:00,136.64
2025-12-04T03:15:00+01:00,137.52
2025-12-04T03:30:00+01:00,162.32
2025-12-04T03:45:00+01:00,174.32
2025-12-04T04:00:00+01:00,180.8
2025-12-04T04:15:00+01:00,161.92
2025-12-04T04:30:00+01:00,165.04
2025-12-04T04:45:00+01:00,262.0
2025-12-04T05:00:00+01:00,207.28
2025-12-04T05:15:00+01:00,215.84
2025-12-04T05:30:00+01:00,230.8
2025-12-04T05:45:00+01:00,251.92
2025-12-04T06:00:00+01:00,281.68
2025-12-04T06:15:00+01:00,265.68
2025-12-04T06:30:00+01:00,303.92
2025-12-04T06:45:00+01:00,282.0
2025-12-04T07:00:00+01:00,317.04
2025-12-04T07:15:00+01:00,366.24
2025-12-04T07:30:00+01:00,283.12
2025-12-04T07:45:00+01:00,289.76
2025-12-04T08:00:00+01:00,339.2
2025-12-04T08:15:00+01:00,367.68
2025-12-04T08:30:00+01:00,318.48
2025-12-04T08:45:00+01:00,315.52
2025-12-04T09:00:00+01:00,341.12
2025-12-04T09:15:00+01:00,241.52
2025-12-04T09:30:00+01:00,225.84
2025-12-04T09:45:00+01:00,244.64
2025-12-04T10:00:00+01:00,312.72
2025-12-04T10:15:00+01:00,259.68
2025-12-04T10:30:00+01:00,259.28
2025-12-04T10:45:00+01:00,271.76
2025-12-04T11:00:00+01:00,270.72
2025-12-04T11:15:00+01:00,311.12
2025-12-04T11:30:00+01:00,267.92
2025-12-04T11:45:00+01:00,236.72
2025-12-04T12:00:00+01:00,283.44
2025-12-04T12:15:00+01:00,321.68
2025-12-04T12:30:00+01:00,277.28
2025-12-04T12:45:00+01:00,301.36
2025-12-04T13:00:00+01:00,296.64
2025-12-04T13:15:00+01:00,347.2
2025-12-04T13:30:00+01:00,334.72
2025-12-04T13:45:00+01:00,278.48
2025-12-04T14:00:00+01:00,272.96
2025-12-04T14:15:00+01:00,279.28
2025-12-04T14:30:00+01:00,285.12
2025-12-04T14:45:00+01:00,277.04
2025-12-04T15:00:00+01:00,280.08
2025-12-04T15:15:00+01:00,275.28
2025-12-04T15:30:00+01:00,301.52
2025-12-04T15:45:00+01:00,282.56
2025-12-04T16:00:00+01:00,330.8
2025-12-04T16:15:00+01:00,255.92
2025-12-04T16:30:00+01:00,209.92
2025-12-04T16:45:00+01:00,252.64
2025-12-04T17:00:00+01:00,251.84
2025-12-04T17:15:00+01:00,244.8
2025-12-04T17:30:00+01:00,286.64
2025-12-04T17:45:00+01:00,301.76
2025-12-04T18:00:00+01:00,240.88
2025-12-04T18:15:00+01:00,253.52
2025-12-04T18:30:00+01:00,241.92
2025-12-04T18:45:00+01:00,204.96
2025-12-04T19:00:00+01:00,210.16
2025-12-04T19:15:00+01:00,211.28
2025-12-04T19:30:00+01:00,205.12
2025-12-04T19:45:00+01:00,228.0
2025-12-04T20:00:00+01:00,209.2
2025-12-04T20:15:00+01:00,215.68
2025-12-04T20:30:00+01:00,212.64
2025-12-04T20:45:00+01:00,231.68
2025-12-04T21:00:00+01:00,226.08
2025-12-04T21:15:00+01:00,228.24
2025-12-04T21:30:00+01:00,232.88
2025-12-04T21:45:00+01:00,242.64
2025-12-04T22:00:00+01:00,214.48
2025-12-04T22:15:00+01:00,196.72
2025-12-04T22:30:00+01:00,210.24
2025-12-04T22:45:00+01:00,204.48
2025-12-04T23:00:00+01:00,194.64
2025-12-04T23:15:00+01:00,158.72
2025-12-04T23:30:00+01:00,137.84
2025-12-04T23:45:00+01:00,133.68
2025-12-05T00:00:00+01:00,154.08
2025-12-05T00:15:00+01:00,180.64
2025-12-05T00:30:00+01:00,165.92
2025-12-05T00:45:00+01:00,171.2
2025-12-05T01:00:00+01:00,171.28
2025-12-05T01:15:00+01:00,183.76
2025-12-05T01:30:00+01:00,163.12
2025-12-05T01:45:00+01:00,155.52
2025-12-05T02:00:00+01:00,167.2
2025-12-05T02:15:00+01:00,168.16
2025-12-05T02:30:00+01:00,157.2
2025-12-05T02:45:00+01:00,144.08
2025-12-05T03:00:00+01:00,132.24
2025-12-05T03:15:00+01:00,114.72
2025-12-05T03:30:00+01:00,116.72
2025-12-05T03:45:00+01:00,131.52
2025-12-05T04:00:00+01:00,151.76
2025-12-05T04:15:00+01:00,162.64
2025-12-05T04:30:00+01:00,164.0
2025-12-05T04:45:00+01:00,167.28
2025-12-05T05:00:00+01:00,167.36
2025-12-05T05:15:00+01:00,167.12
2025-12-05T05:30:00+01:00,148.8
2025-12-05T05:45:00+01:00,147.2
2025-12-05T06:00:00+01:00,170.16
2025-12-05T06:15:00+01:00,215.76
2025-12-05T06:30:00+01:00,253.92
2025-12-05T06:45:00+01:00,228.88
2025-12-05T07:00:00+01:00,236.24
2025-12-05T07:15:00+01:00,247.68
2025-12-05T07:30:00+01:00,246.4
2025-12-05T07:45:00+01:00,230.4
2025-12-05T08:00:00+01:00,252.96
2025-12-05T08:15:00+01:00,300.16
2025-12-05T08:30:00+01:00,279.92
2025-12-05T08:45:00+01:00,288.88
2025-12-05T09:00:00+01:00,262.32
2025-12-05T09:15:00+01:00,241.68
2025-12-05T09:30:00+01:00,236.16
2025-12-05T09:45:00+01:00,224.8
2025-12-05T10:00:00+01:00,244.48
2025-12-05T10:15:00+01:00,206.8
2025-12-05T10:30:00+01:00,202.16
2025-12-05T10:45:00+01:00,207.92
2025-12-05T11:00:00+01:00,158.72
2025-12-05T11:15:00+01:00,153.92
2025-12-05T11:30:00+01:00,185.04
2025-12-05T11:45:00+01:00,173.52
2025-12-05T12:00:00+01:00,158.64
2025-12-05T12:15:00+01:00,148.24
2025-12-05T12:30:00+01:00,79.2
2025-12-05T12:45:00+01:00,35.2
2025-12-05T13:00:00+01:00,108.0
2025-12-05T13:15:00+01:00,196.08
2025-12-05T13:30:00+01:00,228.56
2025-12-05T13:45:00+01:00,206.56
2025-12-05T14:00:00+01:00,215.6
2025-12-05T14:15:00+01:00,222.08
2025-12-05T14:30:00+01:00,191.28
2025-12-05T14:45:00+01:00,166.16
2025-12-05T15:00:00+01:00,184.8
2025-12-05T15:15:00+01:00,187.52
2025-12-05T15:30:00+01:00,210.32
2025-12-05T15:45:00+01:00,206.96
2025-12-05T16:00:00+01:00,198.32
2025-12-05T16:15:00+01:00,212.96
2025-12-05T16:30:00+01:00,204.48
2025-12-05T16:45:00+01:00,206.64
2025-12-05T17:00:00+01:00,225.84
2025-12-05T17:15:00+01:00,207.76
2025-12-05T17:30:00+01:00,204.0
2025-12-05T17:45:00+01:00,188.64
2025-12-05T18:00:00+01:00,157.36
2025-12-05T18:15:00+01:00,137.92
2025-12-05T18:30:00+01:00,136.48
2025-12-05T18:45:00+01:00,140.64
2025-12-05T19:00:00+01:00,139.68
2025-12-05T19:15:00+01:00,104.48
2025-12-05T19:30:00+01:00,89.2
2025-12-05T19:45:00+01:00,81.84
2025-12-05T20:00:00+01:00,74.8
2025-12-05T20:15:00+01:00,62.96
2025-12-05T20:30:00+01:00,53.84
2025-12-05T20:45:00+01:00,50.56
2025-12-05T21:00:00+01:00,51.44
2025-12-05T21:15:00+01:00,51.28
2025-12-05T21:30:00+01:00,50.08
2025-12-05T21:45:00+01:00,50.8
2025-12-05T22:00:00+01:00,52.48
2025-12-05T22:15:00+01:00,51.28
2025-12-05T22:30:00+01:00,49.6
2025-12-05T22:45:00+01:00,48.48
2025-12-05T23:00:00+01:00,46.88
2025-12-05T23:15:00+01:00,48.64
2025-12-05T23:30:00+01:00,46.64
2025-12-05T23:45:00+01:00,47.2
2025-12-06T00:00:00+01:00,46.24
2025-12-06T00:15:00+01:00,47.04
2025-12-06T00:30:00+01:00,47.36
2025-12-06T00:45:00+01:00,47.04
2025-12-06T01:00:00+01:00,46.72
2025-12-06T01:15:00+01:00,47.6
2025-12-06T01:30:00+01:00,47.68
2025-12-06T01:45:00+01:00,46.72
2025-12-06T02:00:00+01:00,45.76
2025-12-06T02:15:00+01:00,47.2
2025-12-06T02:30:00+01:00,48.88
2025-12-06T02:45:00+01:00,47.84
2025-12-06T03:00:00+01:00,46.88
2025-12-06T03:15:00+01:00,47.84
2025-12-06T03:30:00+01:00,46.16
2025-12-06T03:45:00+01:00,48.16
2025-12-06T04:00:00+01:00,49.04
2025-12-06T04:15:00+01:00,47.6
2025-12-06T04:30:00+01:00,48.0
2025-12-06T04:45:00+01:00,48.24
2025-12-06T05:00:00+01:00,49.2
2025-12-06T05:15:00+01:00,48.48
2025-12-06T05:30:00+01:00,49.04
2025-12-06T05:45:00+01:00,50.72
2025-12-06T06:00:00+01:00,53.76
2025-12-06T06:15:00+01:00,55.28
2025-12-06T06:30:00+01:00,51.44
2025-12-06T06:45:00+01:00,51.44
2025-12-06T07:00:00+01:00,53.36
2025-12-06T07:15:00+01:00,57.28
2025-12-06T07:30:00+01:00,56.88
2025-12-06T07:45:00+01:00,54.08
2025-12-06T08:00:00+01:00,52.64
2025-12-06T08:15:00+01:00,54.0
2025-12-06T08:30:00+01:00,31.36
2025-12-06T08:45:00+01:00,11.92
2025-12-06T09:00:00+01:00,8.8
2025-12-06T09:15:00+01:00,8.72
2025-12-06T09:30:00+01:00,2.56
2025-12-06T09:45:00+01:00,0.0
2025-12-06T10:00:00+01:00,0.0
2025-12-06T10:15:00+01:00,0.0
2025-12-06T10:30:00+01:00,0.08
2025-12-06T10:45:00+01:00,0.0
2025-12-06T11:00:00+01:00,0.0
2025-12-06T11:15:00+01:00,0.0
2025-12-06T11:30:00+01:00,0.0
2025-12-06T11:45:00+01:00,0.0
2025-12-06T12:00:00+01:00,0.0
2025-12-06T12:15:00+01:00,0.0
2025-12-06T12:30:00+01:00,0.0
2025-12-06T12:45:00+01:00,0.0
2025-12-06T13:00:00+01:00,0.0
2025-12-06T13:15:00+01:00,0.0
2025-12-06T13:30:00+01:00,0.0
2025-12-06T13:45:00+01:00,0.0
2025-12-06T14:00:00+01:00,0.0
2025-12-06T14:15:00+01:00,0.0
2025-12-06T14:30:00+01:00,0.72
2025-12-06T14:45:00+01:00,3.76
2025-12-06T15:00:00+01:00,5.92
2025-12-06T15:15:00+01:00,3.12
2025-12-06T15:30:00+01:00,0.24
2025-12-06T15:45:00+01:00,7.68
2025-12-06T16:00:00+01:00,23.36
2025-12-06T16:15:00+01:00,30.48
2025-12-06T16:30:00+01:00,36.88
2025-12-06T16:45:00+01:00,38.48
2025-12-06T17:00:00+01:00,37.44
2025-12-06T17:15:00+01:00,37.28
2025-12-06T17:30:00+01:00,36.0
2025-12-06T17:45:00+01:00,36.0
2025-12-06T18:00:00+01:00,35.44
2025-12-06T18:15:00+01:00,36.72
2025-12-06T18:30:00+01:00,38.32
2025-12-06T18:45:00+01:00,36.48
2025-12-06T19:00:00+01:00,35.36
2025-12-06T19:15:00+01:00,36.88
2025-12-06T19:30:00+01:00,35.92
2025-12-06T19:45:00+01:00,36.96
2025-12-06T20:00:00+01:00,35.84
2025-12-06T20:15:00+01:00,36.48
2025-12-06T20:30:00+01:00,36.32
2025-12-06T20:45:00+01:00,36.56
2025-12-06T21:00:00+01:00,36.24
2025-12-06T21:15:00+01:00,35.6
2025-12-06T21:30:00+01:00,39.36
2025-12-06T21:45:00+01:00,38.72
2025-12-06T22:00:00+01:00,38.56
2025-12-06T22:15:00+01:00,37.04
2025-12-06T22:30:00+01:00,37.28
2025-12-06T22:45:00+01:00,36.08
2025-12-06T23:00:00+01:00,35.36
2025-12-06T23:15:00+01:00,35.2
2025-12-06T23:30:00+01:00,36.0
2025-12-06T23:45:00+01:00,35.76
2025-12-07T00:00:00+01:00,35.2
2025-12-07T00:15:00+01:00,36.8
2025-12-07T00:30:00+01:00,36.32
2025-12-07T00:45:00+01:00,35.84
2025-12-07T01:00:00+01:00,37.44
2025-12-07T01:15:00+01:00,37.68
2025-12-07T01:30:00+01:00,35.68
2025-12-07T01:45:00+01:00,34.24
2025-12-07T02:00:00+01:00,33.84
2025-12-07T02:15:00+01:00,34.56
2025-12-07T02:30:00+01:00,35.2
2025-12-07T02:45:00+01:00,33.36
2025-12-07T03:00:00+01:00,33.28
2025-12-07T03:15:00+01:00,33.28
2025-12-07T03:30:00+01:00,35.2
2025-12-07T03:45:00+01:00,35.52
2025-12-07T04:00:00+01:00,34.16
2025-12-07T04:15:00+01:00,35.36
2025-12-07T04:30:00+01:00,36.24
2025-12-07T04:45:00+01:00,35.76
2025-12-07T05:00:00+01:00,34.88
2025-12-07T05:15:00+01:00,36.88
2025-12-07T05:30:00+01:00,35.12
2025-12-07T05:45:00+01:00,33.28
2025-12-07T06:00:00+01:00,36.24
2025-12-07T06:15:00+01:00,37.28
2025-12-07T06:30:00+01:00,36.72
2025-12-07T06:45:00+01:00,35.28
2025-12-07T07:00:00+01:00,35.04
2025-12-07T07:15:00+01:00,35.52
2025-12-07T07:30:00+01:00,35.2
2025-12-07T07:45:00+01:00,36.88
2025-12-07T08:00:00+01:00,36.32
2025-12-07T08:15:00+01:00,32.24
2025-12-07T08:30:00+01:00,29.84
2025-12-07T08:45:00+01:00,23.52
2025-12-07T09:00:00+01:00,24.08
2025-12-07T09:15:00+01:00,22.72
2025-12-07T09:30:00+01:00,6.48
2025-12-07T09:45:00+01:00,1.68
2025-12-07T10:00:00+01:00,0.0
2025-12-07T10:15:00+01:00,9.52
2025-12-07T10:30:00+01:00,3.04
2025-12-07T10:45:00+01:00,3.36
2025-12-07T11:00:00+01:00,12.0
2025-12-07T11:15:00+01:00,1.52
2025-12-07T11:30:00+01:00,0.0
2025-12-07T11:45:00+01:00,0.0
2025-12-07T12:00:00+01:00,0.16
2025-12-07T12:15:00+01:00,0.08
2025-12-07T12:30:00+01:00,0.8
2025-12-07T12:45:00+01:00,7.04
2025-12-07T13:00:00+01:00,0.4
2025-12-07T13:15:00+01:00,0.96
2025-12-07T13:30:00+01:00,3.2
2025-12-07T13:45:00+01:00,5.04
2025-12-07T14:00:00+01:00,5.36
2025-12-07T14:15:00+01:00,1.44
2025-12-07T14:30:00+01:00,0.64
2025-12-07T14:45:00+01:00,0.72
2025-12-07T15:00:00+01:00,12.96
2025-12-07T15:15:00+01:00,17.92
2025-12-07T15:30:00+01:00,15.84
2025-12-07T15:45:00+01:00,19.68
2025-12-07T16:00:00+01:00,28.0
2025-12-07T16:15:00+01:00,33.92
2025-12-07T16:30:00+01:00,35.68
2025-12-07T16:45:00+01:00,36.32
2025-12-07T17:00:00+01:00,37.44
2025-12-07T17:15:00+01:00,36.08
2025-12-07T17:30:00+01:00,35.2
2025-12-07T17:45:00+01:00,36.0
2025-12-07T18:00:00+01:00,35.2
2025-12-07T18:15:00+01:00,36.08
2025-12-07T18:30:00+01:00,36.08
2025-12-07T18:45:00+01:00,34.8
2025-12-07T19:00:00+01:00,34.64
2025-12-07T19:15:00+01:00,32.88
2025-12-07T19:30:00+01:00,34.16
2025-12-07T19:45:00+01:00,34.0
2025-12-07T20:00:00+01:00,35.36
2025-12-07T20:15:00+01:00,34.48
2025-12-07T20:30:00+01:00,35.28
2025-12-07T20:45:00+01:00,37.36
2025-12-07T21:00:00+01:00,35.44
2025-12-07T21:15:00+01:00,33.36
2025-12-07T21:30:00+01:00,37.28
2025-12-07T21:45:00+01:00,39.28
2025-12-07T22:00:00+01:00,42.96
2025-12-07T22:15:00+01:00,40.64
2025-12-07T22:30:00+01:00,39.44
2025-12-07T22:45:00+01:00,40.4
2025-12-07T23:00:00+01:00,39.2
2025-12-07T23:15:00+01:00,38.96
2025-12-07T23:30:00+01:00,38.96
2025-12-07T23:45:00+01:00,43.2
2025-12-08T00:00:00+01:00,44.24
2025-12-08T00:15:00+01:00,43.52
2025-12-08T00:30:00+01:00,43.2
2025-12-08T00:45:00+01:00,40.88
2025-12-08T01:00:00+01:00,41.28
2025-12-08T01:15:00+01:00,40.72
2025-12-08T01:30:00+01:00,42.32
2025-12-08T01:45:00+01:00,42.24
2025-12-08T02:00:00+01:00,41.68
2025-12-08T02:15:00+01:00,41.04
2025-12-08T02:30:00+01:00,43.36
2025-12-08T02:45:00+01:00,41.6
2025-12-08T03:00:00+01:00,40.96
2025-12-08T03:15:00+01:00,40.64
2025-12-08T03:30:00+01:00,39.04
2025-12-08T03:45:00+01:00,41.44
2025-12-08T04:00:00+01:00,40.32
2025-12-08T04:15:00+01:00,39.28
2025-12-08T04:30:00+01:00,43.28
2025-12-08T04:45:00+01:00,47.6
2025-12-08T05:00:00+01:00,48.96
2025-12-08T05:15:00+01:00,64.48
2025-12-08T05:30:00+01:00,94.8
2025-12-08T05:45:00+01:00,112.64
2025-12-08T06:00:00+01:00,139.6
2025-12-08T06:15:00+01:00,179.76
2025-12-08T06:30:00+01:00,191.36
2025-12-08T06:45:00+01:00,202.24
2025-12-08T07:00:00+01:00,194.48
2025-12-08T07:15:00+01:00,229.68
2025-12-08T07:30:00+01:00,244.08
2025-12-08T07:45:00+01:00,230.08
2025-12-08T08:00:00+01:00,303.68
2025-12-08T08:15:00+01:00,241.84
2025-12-08T08:30:00+01:00,264.08
2025-12-08T08:45:00+01:00,272.96
2025-12-08T09:00:00+01:00,298.24
2025-12-08T09:15:00+01:00,271.44
2025-12-08T09:30:00+01:00,253.04
2025-12-08T09:45:00+01:00,309.92
2025-12-08T10:00:00+01:00,233.92
2025-12-08T10:15:00+01:00,219.36
2025-12-08T10:30:00+01:00,183.04
2025-12-08T10:45:00+01:00,163.84
2025-12-08T11:00:00+01:00,200.16
2025-12-08T11:15:00+01:00,207.2
2025-12-08T11:30:00+01:00,188.4
2025-12-08T11:45:00+01:00,244.16
2025-12-08T12:00:00+01:00,186.4
2025-12-08T12:15:00+01:00,144.4
2025-12-08T12:30:00+01:00,200.32
2025-12-08T12:45:00+01:00,169.6
2025-12-08T13:00:00+01:00,227.2
2025-12-08T13:15:00+01:00,243.92
2025-12-08T13:30:00+01:00,198.48
2025-12-08T13:45:00+01:00,198.24
2025-12-08T14:00:00+01:00,166.96
2025-12-08T14:15:00+01:00,117.76
2025-12-08T14:30:00+01:00,105.12
2025-12-08T14:45:00+01:00,77.76
2025-12-08T15:00:00+01:00,139.44
2025-12-08T15:15:00+01:00,157.6
2025-12-08T15:30:00+01:00,170.32
2025-12-08T15:45:00+01:00,200.96
2025-12-08T16:00:00+01:00,215.52
2025-12-08T16:15:00+01:00,247.28
2025-12-08T16:30:00+01:00,211.36
2025-12-08T16:45:00+01:00,204.16
2025-12-08T17:00:00+01:00,237.92
2025-12-08T17:15:00+01:00,241.28
2025-12-08T17:30:00+01:00,221.04
2025-12-08T17:45:00+01:00,191.04
2025-12-08T18:00:00+01:00,206.72
2025-12-08T18:15:00+01:00,222.8
2025-12-08T18:30:00+01:00,225.28
2025-12-08T18:45:00+01:00,227.84
2025-12-08T19:00:00+01:00,202.24
2025-12-08T19:15:00+01:00,210.08
2025-12-08T19:30:00+01:00,227.92
2025-12-08T19:45:00+01:00,190.8
2025-12-08T20:00:00+01:00,238.56
2025-12-08T20:15:00+01:00,227.6
2025-12-08T20:30:00+01:00,216.64
2025-12-08T20:45:00+01:00,221.36
2025-12-08T21:00:00+01:00,205.6
2025-12-08T21:15:00+01:00,198.8
2025-12-08T21:30:00+01:00,221.12
2025-12-08T21:45:00+01:00,244.16
2025-12-08T22:00:00+01:00,229.68
2025-12-08T22:15:00+01:00,218.48
2025-12-08T22:30:00+01:00,211.84
2025-12-08T22:45:00+01:00,227.52
2025-12-08T23:00:00+01:00,211.52
2025-12-08T23:15:00+01:00,198.64
2025-12-08T23:30:00+01:00,172.4
2025-12-08T23:45:00+01:00,192.48
2025-12-09T00:00:00+01:00,186.48
2025-12-09T00:15:00+01:00,172.08
2025-12-09T00:30:00+01:00,184.24
2025-12-09T00:45:00+01:00,185.92
2025-12-09T01:00:00+01:00,164.24
2025-12-09T01:15:00+01:00,151.12
2025-12-09T01:30:00+01:00,169.12
2025-12-09T01:45:00+01:00,177.36
2025-12-09T02:00:00+01:00,181.68
2025-12-09T02:15:00+01:00,170.8
2025-12-09T02:30:00+01:00,153.12
2025-12-09T02:45:00+01:00,163.68
2025-12-09T03:00:00+01:00,176.4
2025-12-09T03:15:00+01:00,175.92
2025-12-09T03:30:00+01:00,186.88
2025-12-09T03:45:00+01:00,157.04
2025-12-09T04:00:00+01:00,170.32
2025-12-09T04:15:00+01:00,210.0
2025-12-09T04:30:00+01:00,191.28
2025-12-09T04:45:00+01:00,219.84
2025-12-09T05:00:00+01:00,195.84
2025-12-09T05:15:00+01:00,175.12
2025-12-09T05:30:00+01:00,210.16
2025-12-09T05:45:00+01:00,233.68
2025-12-09T06:00:00+01:00,234.56
2025-12-09T06:15:00+01:00,253.68
2025-12-09T06:30:00+01:00,248.4
2025-12-09T06:45:00+01:00,247.28
2025-12-09T07:00:00+01:00,245.92
2025-12-09T07:15:00+01:00,281.92
2025-12-09T07:30:00+01:00,286.08
2025-12-09T07:45:00+01:00,267.44
2025-12-09T08:00:00+01:00,285.84
2025-12-09T08:15:00+01:00,296.96
2025-12-09T08:30:00+01:00,306.32
2025-12-09T08:45:00+01:00,294.72
2025-12-09T09:00:00+01:00,276.16
2025-12-09T09:15:00+01:00,276.56
2025-12-09T09:30:00+01:00,294.56
2025-12-09T09:45:00+01:00,231.6
2025-12-09T10:00:00+01:00,232.24
2025-12-09T10:15:00+01:00,196.8
2025-12-09T10:30:00+01:00,187.92
2025-12-09T10:45:00+01:00,164.0
2025-12-09T11:00:00+01:00,150.56
2025-12-09T11:15:00+01:00,132.4
2025-12-09T11:30:00+01:00,97.44
2025-12-09T11:45:00+01:00,73.76
2025-12-09T12:00:00+01:00,79.36
2025-12-09T12:15:00+01:00,85.28
2025-12-09T12:30:00+01:00,85.84
2025-12-09T12:45:00+01:00,73.12
2025-12-09T13:00:00+01:00,39.68
2025-12-09T13:15:00+01:00,36.08
2025-12-09T13:30:00+01:00,32.4
2025-12-09T13:45:00+01:00,55.84
2025-12-09T14:00:00+01:00,79.52
2025-12-09T14:15:00+01:00,56.24
2025-12-09T14:30:00+01:00,106.48
2025-12-09T14:45:00+01:00,108.96
2025-12-09T15:00:00+01:00,142.24
2025-12-09T15:15:00+01:00,156.0
2025-12-09T15:30:00+01:00,164.64
2025-12-09T15:45:00+01:00,205.44
2025-12-09T16:00:00+01:00,204.16
2025-12-09T16:15:00+01:00,245.12
2025-12-09T16:30:00+01:00,229.68
2025-12-09T16:45:00+01:00,219.04
2025-12-09T17:00:00+01:00,214.64
2025-12-09T17:15:00+01:00,205.92
2025-12-09T17:30:00+01:00,230.4
2025-12-09T17:45:00+01:00,229.68
2025-12-09T18:00:00+01:00,221.12
2025-12-09T18:15:00+01:00,211.44
2025-12-09T18:30:00+01:00,218.16
2025-12-09T18:45:00+01:00,232.96
2025-12-09T19:00:00+01:00,201.28
2025-12-09T19:15:00+01:00,186.64
2025-12-09T19:30:00+01:00,182.0
2025-12-09T19:45:00+01:00,180.24
2025-12-09T20:00:00+01:00,195.36
2025-12-09T20:15:00+01:00,209.28
2025-12-09T20:30:00+01:00,210.56
2025-12-09T20:45:00+01:00,182.16
2025-12-09T21:00:00+01:00,184.56
2025-12-09T21:15:00+01:00,177.92
2025-12-09T21:30:00+01:00,175.52
2025-12-09T21:45:00+01:00,179.84
2025-12-09T22:00:00+01:00,163.36
2025-12-09T22:15:00+01:00,183.28
2025-12-09T22:30:00+01:00,186.16
2025-12-09T22:45:00+01:00,150.48
2025-12-09T23:00:00+01:00,127.52
2025-12-09T23:15:00+01:00,159.6
2025-12-09T23:30:00+01:00,176.32
2025-12-09T23:45:00+01:00,182.16
2025-12-10T00:00:00+01:00,182.88
2025-12-10T00:15:00+01:00,176.48
2025-12-10T00:30:00+01:00,182.56
2025-12-10T00:45:00+01:00,193.2
2025-12-10T01:00:00+01:00,174.16
2025-12-10T01:15:00+01:00,187.36
2025-12-10T01:30:00+01:00,188.32
2025-12-10T01:45:00+01:00,188.56
2025-12-10T02:00:00+01:00,224.72
2025-12-10T02:15:00+01:00,239.28
2025-12-10T02:30:00+01:00,218.72
2025-12-10T02:45:00+01:00,233.68
2025-12-10T03:00:00+01:00,220.0
2025-12-10T03:15:00+01:00,220.16
2025-12-10T03:30:00+01:00,191.6
2025-12-10T03:45:00+01:00,189.68
2025-12-10T04:00:00+01:00,203.2
2025-12-10T04:15:00+01:00,178.4
2025-12-10T04:30:00+01:00,187.28
2025-12-10T04:45:00+01:00,212.48
2025-12-10T05:00:00+01:00,197.28
2025-12-10T05:15:00+01:00,215.52
2025-12-10T05:30:00+01:00,183.2
2025-12-10T05:45:00+01:00,198.72
2025-12-10T06:00:00+01:00,193.28
2025-12-10T06:15:00+01:00,232.72
2025-12-10T06:30:00+01:00,227.36
2025-12-10T06:45:00+01:00,290.4
2025-12-10T07:00:00+01:00,258.8
2025-12-10T07:15:00+01:00,210.48
2025-12-10T07:30:00+01:00,235.28
2025-12-10T07:45:00+01:00,227.92
2025-12-10T08:00:00+01:00,278.16
2025-12-10T08:15:00+01:00,297.44
2025-12-10T08:30:00+01:00,219.76
2025-12-10T08:45:00+01:00,262.16
2025-12-10T09:00:00+01:00,335.36
2025-12-10T09:15:00+01:00,266.72
2025-12-10T09:30:00+01:00,256.08
2025-12-10T09:45:00+01:00,201.12
2025-12-10T10:00:00+01:00,217.84
2025-12-10T10:15:00+01:00,214.48
2025-12-10T10:30:00+01:00,154.56
2025-12-10T10:45:00+01:00,132.64
2025-12-10T11:00:00+01:00,122.48
2025-12-10T11:15:00+01:00,131.6
2025-12-10T11:30:00+01:00,106.48
2025-12-10T11:45:00+01:00,85.44
2025-12-10T12:00:00+01:00,63.36
2025-12-10T12:15:00+01:00,77.6
2025-12-10T12:30:00+01:00,78.64
2025-12-10T12:45:00+01:00,77.36
2025-12-10T13:00:00+01:00,81.44
2025-12-10T13:15:00+01:00,62.24
2025-12-10T13:30:00+01:00,87.6
2025-12-10T13:45:00+01:00,79.12
2025-12-10T14:00:00+01:00,76.32
2025-12-10T14:15:00+01:00,108.32
2025-12-10T14:30:00+01:00,134.72
2025-12-10T14:45:00+01:00,150.64
2025-12-10T15:00:00+01:00,197.76
2025-12-10T15:15:00+01:00,214.88
2025-12-10T15:30:00+01:00,227.84
2025-12-10T15:45:00+01:00,245.6
2025-12-10T16:00:00+01:00,240.96
2025-12-10T16:15:00+01:00,242.08
2025-12-10T16:30:00+01:00,244.56
2025-12-10T16:45:00+01:00,259.68
2025-12-10T17:00:00+01:00,241.04
2025-12-10T17:15:00+01:00,233.68
2025-12-10T17:30:00+01:00,217.2
2025-12-10T17:45:00+01:00,228.24
2025-12-10T18:00:00+01:00,249.36
2025-12-10T18:15:00+01:00,215.04
2025-12-10T18:30:00+01:00,212.4
2025-12-10T18:45:00+01:00,207.6
2025-12-10T19:00:00+01:00,202.96
2025-12-10T19:15:00+01:00,239.92
2025-12-10T19:30:00+01:00,219.68
2025-12-10T19:45:00+01:00,204.72
2025-12-10T20:00:00+01:00,222.96
2025-12-10T20:15:00+01:00,223.92
2025-12-10T20:30:00+01:00,213.52
2025-12-10T20:45:00+01:00,209.92
2025-12-10T21:00:00+01:00,217.44
2025-12-10T21:15:00+01:00,220.56
2025-12-10T21:30:00+01:00,213.84
2025-12-10T21:45:00+01:00,172.8
2025-12-10T22:00:00+01:00,156.64
2025-12-10T22:15:00+01:00,203.6
2025-12-10T22:30:00+01:00,200.8
2025-12-10T22:45:00+01:00,182.72
2025-12-10T23:00:00+01:00,193.04
2025-12-10T23:15:00+01:00,204.32
2025-12-10T23:30:00+01:00,191.6
2025-12-10T23:45:00+01:00,216.8
2025-12-11T00:00:00+01:00,212.96
2025-12-11T00:15:00+01:00,216.4
2025-12-11T00:30:00+01:00,230.56
2025-12-11T00:45:00+01:00,226.48
2025-12-11T01:00:00+01:00,230.24
2025-12-11T01:15:00+01:00,236.72
2025-12-11T01:30:00+01:00,231.92
2025-12-11T01:45:00+01:00,210.8
2025-12-11T02:00:00+01:00,223.28
2025-12-11T02:15:00+01:00,230.32
2025-12-11T02:30:00+01:00,231.52
2025-12-11T02:45:00+01:00,203.2
2025-12-11T03:00:00+01:00,210.8
2025-12-11T03:15:00+01:00,196.16
2025-12-11T03:30:00+01:00,188.4
2025-12-11T03:45:00+01:00,186.48
2025-12-11T04:00:00+01:00,172.4
2025-12-11T04:15:00+01:00,205.28
2025-12-11T04:30:00+01:00,189.28
2025-12-11T04:45:00+01:00,185.12
2025-12-11T05:00:00+01:00,163.2
2025-12-11T05:15:00+01:00,190.8
2025-12-11T05:30:00+01:00,225.2
2025-12-11T05:45:00+01:00,228.0
2025-12-11T06:00:00+01:00,229.28
2025-12-11T06:15:00+01:00,247.44
2025-12-11T06:30:00+01:00,260.16
2025-12-11T06:45:00+01:00,255.2
2025-12-11T07:00:00+01:00,277.52
2025-12-11T07:15:00+01:00,293.52
2025-12-11T07:30:00+01:00,267.76
2025-12-11T07:45:00+01:00,278.8
2025-12-11T08:00:00+01:00,280.24
2025-12-11T08:15:00+01:00,324.24
2025-12-11T08:30:00+01:00,350.64
2025-12-11T08:45:00+01:00,315.12
2025-12-11T09:00:00+01:00,343.76
2025-12-11T09:15:00+01:00,313.2
2025-12-11T09:30:00+01:00,297.76
2025-12-11T09:45:00+01:00,305.6
2025-12-11T10:00:00+01:00,311.12
2025-12-11T10:15:00+01:00,288.4
2025-12-11T10:30:00+01:00,266.0
2025-12-11T10:45:00+01:00,195.28
2025-12-11T11:00:00+01:00,169.76
2025-12-11T11:15:00+01:00,160.24
2025-12-11T11:30:00+01:00,147.44
2025-12-11T11:45:00+01:00,142.24
2025-12-11T12:00:00+01:00,147.76
2025-12-11T12:15:00+01:00,209.28
2025-12-11T12:30:00+01:00,197.36
2025-12-11T12:45:00+01:00,202.56
2025-12-11T13:00:00+01:00,119.68
2025-12-11T13:15:00+01:00,128.96
2025-12-11T13:30:00+01:00,172.72
2025-12-11T13:45:00+01:00,140.8
2025-12-11T14:00:00+01:00,170.8
2025-12-11T14:15:00+01:00,231.12
2025-12-11T14:30:00+01:00,219.52
2025-12-11T14:45:00+01:00,210.24
2025-12-11T15:00:00+01:00,202.96
2025-12-11T15:15:00+01:00,205.44
2025-12-11T15:30:00+01:00,243.76
2025-12-11T15:45:00+01:00,275.76
2025-12-11T16:00:00+01:00,282.8
2025-12-11T16:15:00+01:00,268.48
2025-12-11T16:30:00+01:00,283.12
2025-12-11T16:45:00+01:00,270.24
2025-12-11T17:00:00+01:00,257.2
2025-12-11T17:15:00+01:00,264.4
2025-12-11T17:30:00+01:00,270.8
2025-12-11T17:45:00+01:00,270.32
2025-12-11T18:00:00+01:00,230.56
2025-12-11T18:15:00+01:00,226.32
2025-12-11T18:30:00+01:00,232.72
2025-12-11T18:45:00+01:00,251.28
2025-12-11T19:00:00+01:00,231.92
2025-12-11T19:15:00+01:00,216.56
2025-12-11T19:30:00+01:00,232.48
2025-12-11T19:45:00+01:00,238.16
2025-12-11T20:00:00+01:00,227.44
2025-12-11T20:15:00+01:00,213.68
2025-12-11T20:30:00+01:00,236.0
2025-12-11T20:45:00+01:00,239.28
2025-12-11T21:00:00+01:00,220.16
2025-12-11T21:15:00+01:00,261.76
2025-12-11T21:30:00+01:00,298.8
2025-12-11T21:45:00+01:00,257.76
2025-12-11T22:00:00+01:00,243.76
2025-12-11T22:15:00+01:00,244.72
2025-12-11T22:30:00+01:00,251.6
2025-12-11T22:45:00+01:00,249.04
2025-12-11T23:00:00+01:00,231.28
2025-12-11T23:15:00+01:00,253.04
2025-12-11T23:30:00+01:00,235.52
2025-12-11T23:45:00+01:00,220.64
2025-12-12T00:00:00+01:00,198.0
2025-12-12T00:15:00+01:00,225.36
2025-12-12T00:30:00+01:00,225.2
2025-12-12T00:45:00+01:00,215.76
2025-12-12T01:00:00+01:00,224.0
2025-12-12T01:15:00+01:00,229.04
2025-12-12T01:30:00+01:00,251.76
2025-12-12T01:45:00+01:00,231.04
2025-12-12T02:00:00+01:00,239.12
2025-12-12T02:15:00+01:00,245.44
2025-12-12T02:30:00+01:00,224.0
2025-12-12T02:45:00+01:00,213.28
2025-12-12T03:00:00+01:00,198.32
2025-12-12T03:15:00+01:00,189.92
2025-12-12T03:30:00+01:00,218.64
2025-12-12T03:45:00+01:00,238.0
2025-12-12T04:00:00+01:00,217.76
2025-12-12T04:15:00+01:00,207.68
2025-12-12T04:30:00+01:00,230.32
2025-12-12T04:45:00+01:00,225.52
2025-12-12T05:00:00+01:00,218.96
2025-12-12T05:15:00+01:00,222.0
2025-12-12T05:30:00+01:00,252.08
2025-12-12T05:45:00+01:00,290.8
2025-12-12T06:00:00+01:00,271.36
2025-12-12T06:15:00+01:00,294.16
2025-12-12T06:30:00+01:00,322.96
2025-12-12T06:45:00+01:00,313.44
2025-12-12T07:00:00+01:00,285.76
2025-12-12T07:15:00+01:00,305.04
2025-12-12T07:30:00+01:00,307.36
2025-12-12T07:45:00+01:00,318.96
2025-12-12T08:00:00+01:00,318.48
2025-12-12T08:15:00+01:00,290.16
2025-12-12T08:30:00+01:00,296.72
2025-12-12T08:45:00+01:00,301.68
2025-12-12T09:00:00+01:00,257.36
2025-12-12T09:15:00+01:00,293.84
2025-12-12T09:30:00+01:00,262.72
2025-12-12T09:45:00+01:00,249.52
2025-12-12T10:00:00+01:00,218.0
2025-12-12T10:15:00+01:00,241.44
2025-12-12T10:30:00+01:00,246.32
2025-12-12T10:45:00+01:00,241.36
2025-12-12T11:00:00+01:00,208.88
2025-12-12T11:15:00+01:00,163.68
2025-12-12T11:30:00+01:00,148.08
2025-12-12T11:45:00+01:00,153.28
2025-12-12T12:00:00+01:00,161.84
2025-12-12T12:15:00+01:00,142.32
2025-12-12T12:30:00+01:00,88.8
2025-12-12T12:45:00+01:00,90.8
2025-12-12T13:00:00+01:00,102.48
2025-12-12T13:15:00+01:00,131.92
2025-12-12T13:30:00+01:00,113.84
2025-12-12T13:45:00+01:00,109.52
2025-12-12T14:00:00+01:00,99.04
2025-12-12T14:15:00+01:00,104.48
2025-12-12T14:30:00+01:00,117.28
2025-12-12T14:45:00+01:00,128.08
2025-12-12T15:00:00+01:00,98.48
2025-12-12T15:15:00+01:00,71.68
2025-12-12T15:30:00+01:00,63.52
2025-12-12T15:45:00+01:00,73.52
2025-12-12T16:00:00+01:00,86.4
2025-12-12T16:15:00+01:00,96.56
2025-12-12T16:30:00+01:00,93.36
2025-12-12T16:45:00+01:00,92.96
2025-12-12T17:00:00+01:00,92.8
2025-12-12T17:15:00+01:00,99.76
2025-12-12T17:30:00+01:00,102.24
2025-12-12T17:45:00+01:00,96.16
2025-12-12T18:00:00+01:00,98.4
2025-12-12T18:15:00+01:00,90.72
2025-12-12T18:30:00+01:00,90.32
2025-12-12T18:45:00+01:00,88.32
2025-12-12T19:00:00+01:00,87.92
2025-12-12T19:15:00+01:00,89.12
2025-12-12T19:30:00+01:00,88.4
2025-12-12T19:45:00+01:00,89.52
2025-12-12T20:00:00+01:00,88.8
2025-12-12T20:15:00+01:00,88.72
2025-12-12T20:30:00+01:00,83.12
2025-12-12T20:45:00+01:00,81.44
2025-12-12T21:00:00+01:00,79.2
2025-12-12T21:15:00+01:00,72.72
2025-12-12T21:30:00+01:00,72.0
2025-12-12T21:45:00+01:00,71.68
2025-12-12T22:00:00+01:00,74.56
2025-12-12T22:15:00+01:00,71.44
2025-12-12T22:30:00+01:00,70.08
2025-12-12T22:45:00+01:00,68.48
2025-12-12T23:00:00+01:00,64.88
2025-12-12T23:15:00+01:00,64.88
2025-12-12T23:30:00+01:00,65.44
2025-12-12T23:45:00+01:00,62.64
2025-12-13T00:00:00+01:00,63.52
2025-12-13T00:15:00+01:00,60.72
2025-12-13T00:30:00+01:00,59.52
2025-12-13T00:45:00+01:00,59.76
2025-12-13T01:00:00+01:00,59.2
2025-12-13T01:15:00+01:00,58.0
2025-12-13T01:30:00+01:00,57.92
2025-12-13T01:45:00+01:00,58.32
2025-12-13T02:00:00+01:00,58.08
2025-12-13T02:15:00+01:00,58.48
2025-12-13T02:30:00+01:00,60.32
2025-12-13T02:45:00+01:00,56.24
2025-12-13T03:00:00+01:00,56.56
2025-12-13T03:15:00+01:00,58.16
2025-12-13T03:30:00+01:00,58.08
2025-12-13T03:45:00+01:00,58.56
2025-12-13T04:00:00+01:00,58.0
2025-12-13T04:15:00+01:00,58.32
2025-12-13T04:30:00+01:00,58.96
2025-12-13T04:45:00+01:00,57.84
2025-12-13T05:00:00+01:00,58.96
2025-12-13T05:15:00+01:00,57.76
2025-12-13T05:30:00+01:00,58.0
2025-12-13T05:45:00+01:00,57.76
2025-12-13T06:00:00+01:00,60.4
2025-12-13T06:15:00+01:00,58.64
2025-12-13T06:30:00+01:00,57.68
2025-12-13T06:45:00+01:00,56.96
2025-12-13T07:00:00+01:00,55.12
2025-12-13T07:15:00+01:00,53.12
2025-12-13T07:30:00+01:00,51.52
2025-12-13T07:45:00+01:00,52.4
2025-12-13T08:00:00+01:00,51.92
2025-12-13T08:15:00+01:00,52.72
2025-12-13T08:30:00+01:00,48.56
2025-12-13T08:45:00+01:00,38.16
2025-12-13T09:00:00+01:00,30.48
2025-12-13T09:15:00+01:00,19.84
2025-12-13T09:30:00+01:00,9.92
2025-12-13T09:45:00+01:00,0.96
2025-12-13T10:00:00+01:00,0.08
2025-12-13T10:15:00+01:00,0.0
2025-12-13T10:30:00+01:00,0.0
2025-12-13T10:45:00+01:00,0.0
2025-12-13T11:00:00+01:00,0.0
2025-12-13T11:15:00+01:00,0.0
2025-12-13T11:30:00+01:00,0.0
2025-12-13T11:45:00+01:00,0.0
2025-12-13T12:00:00+01:00,0.0
2025-12-13T12:15:00+01:00,0.0
2025-12-13T12:30:00+01:00,0.0
2025-12-13T12:45:00+01:00,0.0
2025-12-13T13:00:00+01:00,0.0
2025-12-13T13:15:00+01:00,0.0
2025-12-13T13:30:00+01:00,0.0
2025-12-13T13:45:00+01:00,0.0
2025-12-13T14:00:00+01:00,0.0
2025-12-13T14:15:00+01:00,0.24
2025-12-13T14:30:00+01:00,2.08
2025-12-13T14:45:00+01:00,8.08
2025-12-13T15:00:00+01:00,11.68
2025-12-13T15:15:00+01:00,15.04
2025-12-13T15:30:00+01:00,20.0
2025-12-13T15:45:00+01:00,27.52
2025-12-13T16:00:00+01:00,33.44
2025-12-13T16:15:00+01:00,36.16
2025-12-13T16:30:00+01:00,38.72
2025-12-13T16:45:00+01:00,37.68
2025-12-13T17:00:00+01:00,38.24
2025-12-13T17:15:00+01:00,37.2
2025-12-13T17:30:00+01:00,36.72
2025-12-13T17:45:00+01:00,38.0
2025-12-13T18:00:00+01:00,36.56
2025-12-13T18:15:00+01:00,36.88
2025-12-13T18:30:00+01:00,38.64
2025-12-13T18:45:00+01:00,36.56
2025-12-13T19:00:00+01:00,38.56
2025-12-13T19:15:00+01:00,39.04
2025-12-13T19:30:00+01:00,36.96
2025-12-13T19:45:00+01:00,38.56
2025-12-13T20:00:00+01:00,37.28
2025-12-13T20:15:00+01:00,38.08
2025-12-13T20:30:00+01:00,37.76
2025-12-13T20:45:00+01:00,36.56
2025-12-13T21:00:00+01:00,37.28
2025-12-13T21:15:00+01:00,36.16
2025-12-13T21:30:00+01:00,35.12
2025-12-13T21:45:00+01:00,35.28
2025-12-13T22:00:00+01:00,37.68
2025-12-13T22:15:00+01:00,35.84
2025-12-13T22:30:00+01:00,35.92
2025-12-13T22:45:00+01:00,34.88
2025-12-13T23:00:00+01:00,34.0
2025-12-13T23:15:00+01:00,34.16
2025-12-13T23:30:00+01:00,34.0
2025-12-13T23:45:00+01:00,36.0
2025-12-14T00:00:00+01:00,35.28
2025-12-14T00:15:00+01:00,34.48
2025-12-14T00:30:00+01:00,34.08
2025-12-14T00:45:00+01:00,36.0
2025-12-14T01:00:00+01:00,34.16
2025-12-14T01:15:00+01:00,34.56
2025-12-14T01:30:00+01:00,34.16
2025-12-14T01:45:00+01:00,33.76
2025-12-14T02:00:00+01:00,33.44
2025-12-14T02:15:00+01:00,34.24
2025-12-14T02:30:00+01:00,34.56
2025-12-14T02:45:00+01:00,33.36
2025-12-14T03:00:00+01:00,33.12
2025-12-14T03:15:00+01:00,33.2
2025-12-14T03:30:00+01:00,34.48
2025-12-14T03:45:00+01:00,34.48
2025-12-14T04:00:00+01:00,34.48
2025-12-14T04:15:00+01:00,35.52
2025-12-14T04:30:00+01:00,34.4
2025-12-14T04:45:00+01:00,34.64
2025-12-14T05:00:00+01:00,33.6
2025-12-14T05:15:00+01:00,34.4
2025-12-14T05:30:00+01:00,34.32
2025-12-14T05:45:00+01:00,35.68
2025-12-14T06:00:00+01:00,38.8
2025-12-14T06:15:00+01:00,38.88
2025-12-14T06:30:00+01:00,39.36
2025-12-14T06:45:00+01:00,37.04
2025-12-14T07:00:00+01:00,37.6
2025-12-14T07:15:00+01:00,36.24
2025-12-14T07:30:00+01:00,36.08
2025-12-14T07:45:00+01:00,36.24
2025-12-14T08:00:00+01:00,37.04
2025-12-14T08:15:00+01:00,33.44
2025-12-14T08:30:00+01:00,35.2
2025-12-14T08:45:00+01:00,29.2
2025-12-14T09:00:00+01:00,23.52
2025-12-14T09:15:00+01:00,18.16
2025-12-14T09:30:00+01:00,5.52
2025-12-14T09:45:00+01:00,0.56
2025-12-14T10:00:00+01:00,0.48
2025-12-14T10:15:00+01:00,0.08
2025-12-14T10:30:00+01:00,0.0
2025-12-14T10:45:00+01:00,0.0
2025-12-14T11:00:00+01:00,0.0
2025-12-14T11:15:00+01:00,0.0
2025-12-14T11:30:00+01:00,0.0
2025-12-14T11:45:00+01:00,0.0
2025-12-14T12:00:00+01:00,0.0
2025-12-14T12:15:00+01:00,0.0
2025-12-14T12:30:00+01:00,0.0
2025-12-14T12:45:00+01:00,0.0
2025-12-14T13:00:00+01:00,0.0
2025-12-14T13:15:00+01:00,0.0
2025-12-14T13:30:00+01:00,0.0
2025-12-14T13:45:00+01:00,0.08
2025-12-14T14:00:00+01:00,0.4
2025-12-14T14:15:00+01:00,0.08
2025-12-14T14:30:00+01:00,0.24
2025-12-14T14:45:00+01:00,1.36
2025-12-14T15:00:00+01:00,2.88
2025-12-14T15:15:00+01:00,14.48
2025-12-14T15:30:00+01:00,23.6
2025-12-14T15:45:00+01:00,32.96
2025-12-14T16:00:00+01:00,37.84
2025-12-14T16:15:00+01:00,41.28
2025-12-14T16:30:00+01:00,42.0
2025-12-14T16:45:00+01:00,42.48
2025-12-14T17:00:00+01:00,42.72
2025-12-14T17:15:00+01:00,44.16
2025-12-14T17:30:00+01:00,42.72
2025-12-14T17:45:00+01:00,42.88
2025-12-14T18:00:00+01:00,44.72
2025-12-14T18:15:00+01:00,43.12
2025-12-14T18:30:00+01:00,43.76
2025-12-14T18:45:00+01:00,41.76
2025-12-14T19:00:00+01:00,41.44
2025-12-14T19:15:00+01:00,41.6
2025-12-14T19:30:00+01:00,43.12
2025-12-14T19:45:00+01:00,43.68
2025-12-14T20:00:00+01:00,43.6
2025-12-14T20:15:00+01:00,42.88
2025-12-14T20:30:00+01:00,43.84
2025-12-14T20:45:00+01:00,45.12
2025-12-14T21:00:00+01:00,43.36
2025-12-14T21:15:00+01:00,43.92
2025-12-14T21:30:00+01:00,43.68
2025-12-14T21:45:00+01:00,44.88
2025-12-14T22:00:00+01:00,50.8
2025-12-14T22:15:00+01:00,51.12
2025-12-14T22:30:00+01:00,51.52
2025-12-14T22:45:00+01:00,51.2
2025-12-14T23:00:00+01:00,50.16
2025-12-14T23:15:00+01:00,52.48
2025-12-14T23:30:00+01:00,51.12
2025-12-14T23:45:00+01:00,53.04
2025-12-15T00:00:00+01:00,53.44
2025-12-15T00:15:00+01:00,56.08
2025-12-15T00:30:00+01:00,53.68
2025-12-15T00:45:00+01:00,53.04
2025-12-15T01:00:00+01:00,53.36
2025-12-15T01:15:00+01:00,54.08
2025-12-15T01:30:00+01:00,53.28
2025-12-15T01:45:00+01:00,54.08
2025-12-15T02:00:00+01:00,52.72
2025-12-15T02:15:00+01:00,52.24
2025-12-15T02:30:00+01:00,53.12
2025-12-15T02:45:00+01:00,52.48
2025-12-15T03:00:00+01:00,48.88
2025-12-15T03:15:00+01:00,47.36
2025-12-15T03:30:00+01:00,47.76
2025-12-15T03:45:00+01:00,48.16
2025-12-15T04:00:00+01:00,47.92
2025-12-15T04:15:00+01:00,50.48
2025-12-15T04:30:00+01:00,53.76
2025-12-15T04:45:00+01:00,57.92
2025-12-15T05:00:00+01:00,58.88
2025-12-15T05:15:00+01:00,75.44
2025-12-15T05:30:00+01:00,97.04
2025-12-15T05:45:00+01:00,107.92
2025-12-15T06:00:00+01:00,136.0
2025-12-15T06:15:00+01:00,191.12
2025-12-15T06:30:00+01:00,201.84
2025-12-15T06:45:00+01:00,200.72
2025-12-15T07:00:00+01:00,204.08
2025-12-15T07:15:00+01:00,207.92
2025-12-15T07:30:00+01:00,212.08
2025-12-15T07:45:00+01:00,224.96
2025-12-15T08:00:00+01:00,254.0
2025-12-15T08:15:00+01:00,240.16
2025-12-15T08:30:00+01:00,243.76
2025-12-15T08:45:00+01:00,263.52
2025-12-15T09:00:00+01:00,257.76
2025-12-15T09:15:00+01:00,223.2
2025-12-15T09:30:00+01:00,204.64
2025-12-15T09:45:00+01:00,226.48
2025-12-15T10:00:00+01:00,157.44
2025-12-15T10:15:00+01:00,190.64
2025-12-15T10:30:00+01:00,221.12
2025-12-15T10:45:00+01:00,178.72
2025-12-15T11:00:00+01:00,133.68
2025-12-15T11:15:00+01:00,177.2
2025-12-15T11:30:00+01:00,154.24
2025-12-15T11:45:00+01:00,114.96
2025-12-15T12:00:00+01:00,45.68
2025-12-15T12:15:00+01:00,67.76
2025-12-15T12:30:00+01:00,42.8
2025-12-15T12:45:00+01:00,95.12
2025-12-15T13:00:00+01:00,36.56
2025-12-15T13:15:00+01:00,14.48
2025-12-15T13:30:00+01:00,56.0
2025-12-15T13:45:00+01:00,61.2
2025-12-15T14:00:00+01:00,70.16
2025-12-15T14:15:00+01:00,128.16
2025-12-15T14:30:00+01:00,227.2
2025-12-15T14:45:00+01:00,160.32
2025-12-15T15:00:00+01:00,187.68
2025-12-15T15:15:00+01:00,195.68
2025-12-15T15:30:00+01:00,220.64
2025-12-15T15:45:00+01:00,243.52
2025-12-15T16:00:00+01:00,246.48
2025-12-15T16:15:00+01:00,232.64
2025-12-15T16:30:00+01:00,237.12
2025-12-15T16:45:00+01:00,199.92
2025-12-15T17:00:00+01:00,206.64
2025-12-15T17:15:00+01:00,211.12
2025-12-15T17:30:00+01:00,189.52
2025-12-15T17:45:00+01:00,179.52
2025-12-15T18:00:00+01:00,182.48
2025-12-15T18:15:00+01:00,158.48
2025-12-15T18:30:00+01:00,166.88
2025-12-15T18:45:00+01:00,170.0
2025-12-15T19:00:00+01:00,171.44
2025-12-15T19:15:00+01:00,182.24
2025-12-15T19:30:00+01:00,170.0
2025-12-15T19:45:00+01:00,176.08
2025-12-15T20:00:00+01:00,158.08
2025-12-15T20:15:00+01:00,172.8
2025-12-15T20:30:00+01:00,180.0
2025-12-15T20:45:00+01:00,173.84
2025-12-15T21:00:00+01:00,189.92
2025-12-15T21:15:00+01:00,194.48
2025-12-15T21:30:00+01:00,187.28
2025-12-15T21:45:00+01:00,201.2
2025-12-15T22:00:00+01:00,198.24
2025-12-15T22:15:00+01:00,192.24
2025-12-15T22:30:00+01:00,199.12
2025-12-15T22:45:00+01:00,180.0
2025-12-15T23:00:00+01:00,168.72
2025-12-15T23:15:00+01:00,158.72
2025-12-15T23:30:00+01:00,137.84
2025-12-15T23:45:00+01:00,144.72
2025-12-16T00:00:00+01:00,159.68
2025-12-16T00:15:00+01:00,176.0
2025-12-16T00:30:00+01:00,167.44
2025-12-16T00:45:00+01:00,170.0
2025-12-16T01:00:00+01:00,165.76
2025-12-16T01:15:00+01:00,151.2
2025-12-16T01:30:00+01:00,146.88
2025-12-16T01:45:00+01:00,160.48
2025-12-16T02:00:00+01:00,151.84
2025-12-16T02:15:00+01:00,150.4
2025-12-16T02:30:00+01:00,155.12
2025-12-16T02:45:00+01:00,181.68
2025-12-16T03:00:00+01:00,196.24
2025-12-16T03:15:00+01:00,187.92
2025-12-16T03:30:00+01:00,183.28
2025-12-16T03:45:00+01:00,157.44
2025-12-16T04:00:00+01:00,154.56
2025-12-16T04:15:00+01:00,163.52
2025-12-16T04:30:00+01:00,171.6
2025-12-16T04:45:00+01:00,141.04
2025-12-16T05:00:00+01:00,156.8
2025-12-16T05:15:00+01:00,190.48
2025-12-16T05:30:00+01:00,171.76
2025-12-16T05:45:00+01:00,178.8
2025-12-16T06:00:00+01:00,188.24
2025-12-16T06:15:00+01:00,193.84
2025-12-16T06:30:00+01:00,231.28
2025-12-16T06:45:00+01:00,238.48
2025-12-16T07:00:00+01:00,237.92
2025-12-16T07:15:00+01:00,238.08
2025-12-16T07:30:00+01:00,236.08
2025-12-16T07:45:00+01:00,260.4
2025-12-16T08:00:00+01:00,241.92
2025-12-16T08:15:00+01:00,255.76
2025-12-16T08:30:00+01:00,263.44
2025-12-16T08:45:00+01:00,263.12
2025-12-16T09:00:00+01:00,264.8
2025-12-16T09:15:00+01:00,232.64
2025-12-16T09:30:00+01:00,243.92
2025-12-16T09:45:00+01:00,226.96
2025-12-16T10:00:00+01:00,186.24
2025-12-16T10:15:00+01:00,197.92
2025-12-16T10:30:00+01:00,187.52
2025-12-16T10:45:00+01:00,176.48
2025-12-16T11:00:00+01:00,157.84
2025-12-16T11:15:00+01:00,127.04
2025-12-16T11:30:00+01:00,116.64
2025-12-16T11:45:00+01:00,136.88
2025-12-16T12:00:00+01:00,133.2
2025-12-16T12:15:00+01:00,163.2
2025-12-16T12:30:00+01:00,140.0
2025-12-16T12:45:00+01:00,183.76
2025-12-16T13:00:00+01:00,176.96
2025-12-16T13:15:00+01:00,212.88
2025-12-16T13:30:00+01:00,184.24
2025-12-16T13:45:00+01:00,172.24
2025-12-16T14:00:00+01:00,175.68
2025-12-16T14:15:00+01:00,175.44
2025-12-16T14:30:00+01:00,184.96
2025-12-16T14:45:00+01:00,205.92
2025-12-16T15:00:00+01:00,209.68
2025-12-16T15:15:00+01:00,191.2
2025-12-16T15:30:00+01:00,197.04
2025-12-16T15:45:00+01:00,199.84
2025-12-16T16:00:00+01:00,204.4
2025-12-16T16:15:00+01:00,240.56
2025-12-16T16:30:00+01:00,199.12
2025-12-16T16:45:00+01:00,196.4
2025-12-16T17:00:00+01:00,203.52
2025-12-16T17:15:00+01:00,222.08
2025-12-16T17:30:00+01:00,230.0
2025-12-16T17:45:00+01:00,244.72
2025-12-16T18:00:00+01:00,236.08
2025-12-16T18:15:00+01:00,206.24
2025-12-16T18:30:00+01:00,196.88
2025-12-16T18:45:00+01:00,200.96
2025-12-16T19:00:00+01:00,210.88
2025-12-16T19:15:00+01:00,193.52
2025-12-16T19:30:00+01:00,200.96
2025-12-16T19:45:00+01:00,179.44
2025-12-16T20:00:00+01:00,185.12
2025-12-16T20:15:00+01:00,171.68
2025-12-16T20:30:00+01:00,175.36
2025-12-16T20:45:00+01:00,170.48
2025-12-16T21:00:00+01:00,160.72
2025-12-16T21:15:00+01:00,158.24
2025-12-16T21:30:00+01:00,160.96
2025-12-16T21:45:00+01:00,157.04
2025-12-16T22:00:00+01:00,136.64
2025-12-16T22:15:00+01:00,146.72
2025-12-16T22:30:00+01:00,148.24
2025-12-16T22:45:00+01:00,141.84
2025-12-16T23:00:00+01:00,153.2
2025-12-16T23:15:00+01:00,164.08
2025-12-16T23:30:00+01:00,122.56
2025-12-16T23:45:00+01:00,124.24
2025-12-17T00:00:00+01:00,120.72
2025-12-17T00:15:00+01:00,129.12
2025-12-17T00:30:00+01:00,145.68
2025-12-17T00:45:00+01:00,137.28
2025-12-17T01:00:00+01:00,156.4
2025-12-17T01:15:00+01:00,147.92
2025-12-17T01:30:00+01:00,133.12
2025-12-17T01:45:00+01:00,151.68
2025-12-17T02:00:00+01:00,124.8
2025-12-17T02:15:00+01:00,122.48
2025-12-17T02:30:00+01:00,132.24
2025-12-17T02:45:00+01:00,143.92
2025-12-17T03:00:00+01:00,128.32
2025-12-17T03:15:00+01:00,127.68
2025-12-17T03:30:00+01:00,134.4
2025-12-17T03:45:00+01:00,123.92
2025-12-17T04:00:00+01:00,129.76
2025-12-17T04:15:00+01:00,131.52
2025-12-17T04:30:00+01:00,131.28
2025-12-17T04:45:00+01:00,136.08
2025-12-17T05:00:00+01:00,123.52
2025-12-17T05:15:00+01:00,128.16
2025-12-17T05:30:00+01:00,152.88
2025-12-17T05:45:00+01:00,156.08
2025-12-17T06:00:00+01:00,169.76
2025-12-17T06:15:00+01:00,174.88
2025-12-17T06:30:00+01:00,189.2
2025-12-17T06:45:00+01:00,181.52
2025-12-17T07:00:00+01:00,203.76
2025-12-17T07:15:00+01:00,215.52
2025-12-17T07:30:00+01:00,201.28
2025-12-17T07:45:00+01:00,210.4
2025-12-17T08:00:00+01:00,235.12
2025-12-17T08:15:00+01:00,238.72
2025-12-17T08:30:00+01:00,242.88
2025-12-17T08:45:00+01:00,248.88
2025-12-17T09:00:00+01:00,274.48
2025-12-17T09:15:00+01:00,261.28
2025-12-17T09:30:00+01:00,252.88
2025-12-17T09:45:00+01:00,214.24
2025-12-17T10:00:00+01:00,223.76
2025-12-17T10:15:00+01:00,207.2
2025-12-17T10:30:00+01:00,188.24
2025-12-17T10:45:00+01:00,186.72
2025-12-17T11:00:00+01:00,183.92
2025-12-17T11:15:00+01:00,188.08
2025-12-17T11:30:00+01:00,168.72
2025-12-17T11:45:00+01:00,165.52
2025-12-17T12:00:00+01:00,161.76
2025-12-17T12:15:00+01:00,145.44
2025-12-17T12:30:00+01:00,158.4
2025-12-17T12:45:00+01:00,170.48
2025-12-17T13:00:00+01:00,148.32
2025-12-17T13:15:00+01:00,139.04
2025-12-17T13:30:00+01:00,110.48
2025-12-17T13:45:00+01:00,120.88
2025-12-17T14:00:00+01:00,126.56
2025-12-17T14:15:00+01:00,101.76
2025-12-17T14:30:00+01:00,109.6
2025-12-17T14:45:00+01:00,107.36
2025-12-17T15:00:00+01:00,120.8
2025-12-17T15:15:00+01:00,132.32
2025-12-17T15:30:00+01:00,156.32
2025-12-17T15:45:00+01:00,164.48
2025-12-17T16:00:00+01:00,220.16
2025-12-17T16:15:00+01:00,243.28
2025-12-17T16:30:00+01:00,260.0
2025-12-17T16:45:00+01:00,235.44
2025-12-17T17:00:00+01:00,224.8
2025-12-17T17:15:00+01:00,186.72
2025-12-17T17:30:00+01:00,188.8
2025-12-17T17:45:00+01:00,195.36
2025-12-17T18:00:00+01:00,168.16
2025-12-17T18:15:00+01:00,146.32
2025-12-17T18:30:00+01:00,140.48
2025-12-17T18:45:00+01:00,139.84
2025-12-17T19:00:00+01:00,142.48
2025-12-17T19:15:00+01:00,135.52
2025-12-17T19:30:00+01:00,143.36
2025-12-17T19:45:00+01:00,121.92
2025-12-17T20:00:00+01:00,115.44
2025-12-17T20:15:00+01:00,115.92
2025-12-17T20:30:00+01:00,110.56
2025-12-17T20:45:00+01:00,120.08
2025-12-17T21:00:00+01:00,122.16
2025-12-17T21:15:00+01:00,141.6
2025-12-17T21:30:00+01:00,146.64
2025-12-17T21:45:00+01:00,133.2
2025-12-17T22:00:00+01:00,100.96
2025-12-17T22:15:00+01:00,95.2
2025-12-17T22:30:00+01:00,128.0
2025-12-17T22:45:00+01:00,119.04
2025-12-17T23:00:00+01:00,123.52
2025-12-17T23:15:00+01:00,138.56
2025-12-17T23:30:00+01:00,99.44
2025-12-17T23:45:00+01:00,92.0
2025-12-18T00:00:00+01:00,102.08
2025-12-18T00:15:00+01:00,108.8
2025-12-18T00:30:00+01:00,108.24
2025-12-18T00:45:00+01:00,90.24
2025-12-18T01:00:00+01:00,88.72
2025-12-18T01:15:00+01:00,97.92
2025-12-18T01:30:00+01:00,123.28
2025-12-18T01:45:00+01:00,117.12
2025-12-18T02:00:00+01:00,123.68
2025-12-18T02:15:00+01:00,143.92
2025-12-18T02:30:00+01:00,153.52
2025-12-18T02:45:00+01:00,153.44
2025-12-18T03:00:00+01:00,151.12
2025-12-18T03:15:00+01:00,127.2
2025-12-18T03:30:00+01:00,107.2
2025-12-18T03:45:00+01:00,95.68
2025-12-18T04:00:00+01:00,105.28
2025-12-18T04:15:00+01:00,104.88
2025-12-18T04:30:00+01:00,108.16
2025-12-18T04:45:00+01:00,112.0
2025-12-18T05:00:00+01:00,113.76
2025-12-18T05:15:00+01:00,120.56
2025-12-18T05:30:00+01:00,120.4
2025-12-18T05:45:00+01:00,129.52
2025-12-18T06:00:00+01:00,119.6
2025-12-18T06:15:00+01:00,131.76
2025-12-18T06:30:00+01:00,152.88
2025-12-18T06:45:00+01:00,154.16
2025-12-18T07:00:00+01:00,140.32
2025-12-18T07:15:00+01:00,150.0
2025-12-18T07:30:00+01:00,147.36
2025-12-18T07:45:00+01:00,156.56
2025-12-18T08:00:00+01:00,164.56
2025-12-18T08:15:00+01:00,169.36
2025-12-18T08:30:00+01:00,180.0
2025-12-18T08:45:00+01:00,170.64
2025-12-18T09:00:00+01:00,157.52
2025-12-18T09:15:00+01:00,147.36
2025-12-18T09:30:00+01:00,129.6
2025-12-18T09:45:00+01:00,127.92
2025-12-18T10:00:00+01:00,112.08
2025-12-18T10:15:00+01:00,110.88
2025-12-18T10:30:00+01:00,83.44
2025-12-18T10:45:00+01:00,63.76
2025-12-18T11:00:00+01:00,42.16
2025-12-18T11:15:00+01:00,84.0
2025-12-18T11:30:00+01:00,19.28
2025-12-18T11:45:00+01:00,0.08
2025-12-18T12:00:00+01:00,0.0
2025-12-18T12:15:00+01:00,0.0
2025-12-18T12:30:00+01:00,0.0
2025-12-18T12:45:00+01:00,0.0
2025-12-18T13:00:00+01:00,0.0
2025-12-18T13:15:00+01:00,0.0
2025-12-18T13:30:00+01:00,0.0
2025-12-18T13:45:00+01:00,0.0
2025-12-18T14:00:00+01:00,0.0
2025-12-18T14:15:00+01:00,0.0
2025-12-18T14:30:00+01:00,0.08
2025-12-18T14:45:00+01:00,8.24
2025-12-18T15:00:00+01:00,32.56
2025-12-18T15:15:00+01:00,58.72
2025-12-18T15:30:00+01:00,86.56
2025-12-18T15:45:00+01:00,97.84
2025-12-18T16:00:00+01:00,100.64
2025-12-18T16:15:00+01:00,105.28
2025-12-18T16:30:00+01:00,117.68
2025-12-18T16:45:00+01:00,118.0
2025-12-18T17:00:00+01:00,118.24
2025-12-18T17:15:00+01:00,111.04
2025-12-18T17:30:00+01:00,105.2
2025-12-18T17:45:00+01:00,107.68
2025-12-18T18:00:00+01:00,94.4
2025-12-18T18:15:00+01:00,102.56
2025-12-18T18:30:00+01:00,101.04
2025-12-18T18:45:00+01:00,88.08
2025-12-18T19:00:00+01:00,88.72
2025-12-18T19:15:00+01:00,90.72
2025-12-18T19:30:00+01:00,85.28
2025-12-18T19:45:00+01:00,83.12
2025-12-18T20:00:00+01:00,81.2
2025-12-18T20:15:00+01:00,78.4
2025-12-18T20:30:00+01:00,81.84
2025-12-18T20:45:00+01:00,81.2
2025-12-18T21:00:00+01:00,79.12
2025-12-18T21:15:00+01:00,77.68
2025-12-18T21:30:00+01:00,77.12
2025-12-18T21:45:00+01:00,79.04
2025-12-18T22:00:00+01:00,78.72
2025-12-18T22:15:00+01:00,77.36
2025-12-18T22:30:00+01:00,75.36
2025-12-18T22:45:00+01:00,79.84
2025-12-18T23:00:00+01:00,80.16
2025-12-18T23:15:00+01:00,77.84
2025-12-18T23:30:00+01:00,73.12
2025-12-18T23:45:00+01:00,71.84
2025-12-19T00:00:00+01:00,73.2
2025-12-19T00:15:00+01:00,71.6
2025-12-19T00:30:00+01:00,71.36
2025-12-19T00:45:00+01:00,74.88
2025-12-19T01:00:00+01:00,73.52
2025-12-19T01:15:00+01:00,76.32
2025-12-19T01:30:00+01:00,76.24
2025-12-19T01:45:00+01:00,32.88
2025-12-19T02:00:00+01:00,45.84
2025-12-19T02:15:00+01:00,73.68
2025-12-19T02:30:00+01:00,73.2
2025-12-19T02:45:00+01:00,77.6
2025-12-19T03:00:00+01:00,71.44
2025-12-19T03:15:00+01:00,71.76
2025-12-19T03:30:00+01:00,71.92
2025-12-19T03:45:00+01:00,73.12
2025-12-19T04:00:00+01:00,74.16
2025-12-19T04:15:00+01:00,76.56
2025-12-19T04:30:00+01:00,79.28
2025-12-19T04:45:00+01:00,78.0
2025-12-19T05:00:00+01:00,80.64
2025-12-19T05:15:00+01:00,83.92
2025-12-19T05:30:00+01:00,83.76
2025-12-19T05:45:00+01:00,87.36
2025-12-19T06:00:00+01:00,92.72
2025-12-19T06:15:00+01:00,98.96
2025-12-19T06:30:00+01:00,112.08
2025-12-19T06:45:00+01:00,112.72
2025-12-19T07:00:00+01:00,116.4
2025-12-19T07:15:00+01:00,123.68
2025-12-19T07:30:00+01:00,130.48
2025-12-19T07:45:00+01:00,129.68
2025-12-19T08:00:00+01:00,129.36
2025-12-19T08:15:00+01:00,140.48
2025-12-19T08:30:00+01:00,139.6
2025-12-19T08:45:00+01:00,134.8
2025-12-19T09:00:00+01:00,136.32
2025-12-19T09:15:00+01:00,128.16
2025-12-19T09:30:00+01:00,114.32
2025-12-19T09:45:00+01:00,99.76
2025-12-19T10:00:00+01:00,75.68
2025-12-19T10:15:00+01:00,51.44
2025-12-19T10:30:00+01:00,23.52
2025-12-19T10:45:00+01:00,4.72
2025-12-19T11:00:00+01:00,0.08
2025-12-19T11:15:00+01:00,0.0
2025-12-19T11:30:00+01:00,0.0
2025-12-19T11:45:00+01:00,0.0
2025-12-19T12:00:00+01:00,0.0
2025-12-19T12:15:00+01:00,0.0
2025-12-19T12:30:00+01:00,0.0
2025-12-19T12:45:00+01:00,0.0
2025-12-19T13:00:00+01:00,0.0
2025-12-19T13:15:00+01:00,0.0
2025-12-19T13:30:00+01:00,0.0
2025-12-19T13:45:00+01:00,0.0
2025-12-19T14:00:00+01:00,0.0
2025-12-19T14:15:00+01:00,0.0
2025-12-19T14:30:00+01:00,0.0
2025-12-19T14:45:00+01:00,0.0
2025-12-19T15:00:00+01:00,0.08
2025-12-19T15:15:00+01:00,1.76
2025-12-19T15:30:00+01:00,17.6
2025-12-19T15:45:00+01:00,34.72
2025-12-19T16:00:00+01:00,48.4
2025-12-19T16:15:00+01:00,46.88
2025-12-19T16:30:00+01:00,51.44
2025-12-19T16:45:00+01:00,45.52
2025-12-19T17:00:00+01:00,38.32
2025-12-19T17:15:00+01:00,39.36
2025-12-19T17:30:00+01:00,38.32
2025-12-19T17:45:00+01:00,37.6
2025-12-19T18:00:00+01:00,37.68
2025-12-19T18:15:00+01:00,38.72
2025-12-19T18:30:00+01:00,37.68
2025-12-19T18:45:00+01:00,35.04
2025-12-19T19:00:00+01:00,35.84
2025-12-19T19:15:00+01:00,35.76
2025-12-19T19:30:00+01:00,36.0
2025-12-19T19:45:00+01:00,38.8
2025-12-19T20:00:00+01:00,36.24
2025-12-19T20:15:00+01:00,35.04
2025-12-19T20:30:00+01:00,34.96
2025-12-19T20:45:00+01:00,34.8
2025-12-19T21:00:00+01:00,34.4
2025-12-19T21:15:00+01:00,32.48
2025-12-19T21:30:00+01:00,30.56
2025-12-19T21:45:00+01:00,31.36
2025-12-19T22:00:00+01:00,33.76
2025-12-19T22:15:00+01:00,31.52
2025-12-19T22:30:00+01:00,31.52
2025-12-19T22:45:00+01:00,30.96
2025-12-19T23:00:00+01:00,29.76
2025-12-19T23:15:00+01:00,31.04
2025-12-19T23:30:00+01:00,31.28
2025-12-19T23:45:00+01:00,31.12
2025-12-20T00:00:00+01:00,31.12
2025-12-20T00:15:00+01:00,30.4
2025-12-20T00:30:00+01:00,30.56
2025-12-20T00:45:00+01:00,29.76
2025-12-20T01:00:00+01:00,29.92
2025-12-20T01:15:00+01:00,31.12
2025-12-20T01:30:00+01:00,30.72
2025-12-20T01:45:00+01:00,32.08
2025-12-20T02:00:00+01:00,31.76
2025-12-20T02:15:00+01:00,30.56
2025-12-20T02:30:00+01:00,30.64
2025-12-20T02:45:00+01:00,29.68
2025-12-20T03:00:00+01:00,30.72
2025-12-20T03:15:00+01:00,30.16
2025-12-20T03:30:00+01:00,30.32
2025-12-20T03:45:00+01:00,30.8
2025-12-20T04:00:00+01:00,31.12
2025-12-20T04:15:00+01:00,31.52
2025-12-20T04:30:00+01:00,31.52
2025-12-20T04:45:00+01:00,31.6
2025-12-20T05:00:00+01:00,31.52
2025-12-20T05:15:00+01:00,34.64
2025-12-20T05:30:00+01:00,32.08
2025-12-20T05:45:00+01:00,32.72
2025-12-20T06:00:00+01:00,37.04
2025-12-20T06:15:00+01:00,37.6
2025-12-20T06:30:00+01:00,38.72
2025-12-20T06:45:00+01:00,39.76
2025-12-20T07:00:00+01:00,39.52
2025-12-20T07:15:00+01:00,40.24
2025-12-20T07:30:00+01:00,40.0
2025-12-20T07:45:00+01:00,42.4
2025-12-20T08:00:00+01:00,43.44
2025-12-20T08:15:00+01:00,38.08
2025-12-20T08:30:00+01:00,30.96
2025-12-20T08:45:00+01:00,25.04
2025-12-20T09:00:00+01:00,21.76
2025-12-20T09:15:00+01:00,21.12
2025-12-20T09:30:00+01:00,14.24
2025-12-20T09:45:00+01:00,2.96
2025-12-20T10:00:00+01:00,0.24
2025-12-20T10:15:00+01:00,0.0
2025-12-20T10:30:00+01:00,0.0
2025-12-20T10:45:00+01:00,0.0
2025-12-20T11:00:00+01:00,0.0
2025-12-20T11:15:00+01:00,0.0
2025-12-20T11:30:00+01:00,0.0
2025-12-20T11:45:00+01:00,0.0
2025-12-20T12:00:00+01:00,0.0
2025-12-20T12:15:00+01:00,0.0
2025-12-20T12:30:00+01:00,0.0
2025-12-20T12:45:00+01:00,0.0
2025-12-20T13:00:00+01:00,0.0
2025-12-20T13:15:00+01:00,0.0
2025-12-20T13:30:00+01:00,0.0
2025-12-20T13:45:00+01:00,0.0
2025-12-20T14:00:00+01:00,0.0
2025-12-20T14:15:00+01:00,0.0
2025-12-20T14:30:00+01:00,0.0
2025-12-20T14:45:00+01:00,0.0
2025-12-20T15:00:00+01:00,0.0
2025-12-20T15:15:00+01:00,0.0
2025-12-20T15:30:00+01:00,0.0
2025-12-20T15:45:00+01:00,0.16
2025-12-20T16:00:00+01:00,11.28
2025-12-20T16:15:00+01:00,25.68
2025-12-20T16:30:00+01:00,35.12
2025-12-20T16:45:00+01:00,40.48
2025-12-20T17:00:00+01:00,40.72
2025-12-20T17:15:00+01:00,41.12
2025-12-20T17:30:00+01:00,40.08
2025-12-20T17:45:00+01:00,38.64
2025-12-20T18:00:00+01:00,38.56
2025-12-20T18:15:00+01:00,39.28
2025-12-20T18:30:00+01:00,41.84
2025-12-20T18:45:00+01:00,42.64
2025-12-20T19:00:00+01:00,40.48
2025-12-20T19:15:00+01:00,39.68
2025-12-20T19:30:00+01:00,39.68
2025-12-20T19:45:00+01:00,39.92
2025-12-20T20:00:00+01:00,41.44
2025-12-20T20:15:00+01:00,41.28
2025-12-20T20:30:00+01:00,39.6
2025-12-20T20:45:00+01:00,39.76
2025-12-20T21:00:00+01:00,39.2
2025-12-20T21:15:00+01:00,38.72
2025-12-20T21:30:00+01:00,36.64
2025-12-20T21:45:00+01:00,37.04
2025-12-20T22:00:00+01:00,38.16
2025-12-20T22:15:00+01:00,37.28
2025-12-20T22:30:00+01:00,37.12
2025-12-20T22:45:00+01:00,36.64
2025-12-20T23:00:00+01:00,37.44
2025-12-20T23:15:00+01:00,37.6
2025-12-20T23:30:00+01:00,37.36
2025-12-20T23:45:00+01:00,37.04
2025-12-21T00:00:00+01:00,36.32
2025-12-21T00:15:00+01:00,36.16
2025-12-21T00:30:00+01:00,35.12
2025-12-21T00:45:00+01:00,36.96
2025-12-21T01:00:00+01:00,36.72
2025-12-21T01:15:00+01:00,36.88
2025-12-21T01:30:00+01:00,36.64
2025-12-21T01:45:00+01:00,36.24
2025-12-21T02:00:00+01:00,37.68
2025-12-21T02:15:00+01:00,38.8
2025-12-21T02:30:00+01:00,37.68
2025-12-21T02:45:00+01:00,37.36
2025-12-21T03:00:00+01:00,38.08
2025-12-21T03:15:00+01:00,37.6
2025-12-21T03:30:00+01:00,36.8
2025-12-21T03:45:00+01:00,37.12
2025-12-21T04:00:00+01:00,36.8
2025-12-21T04:15:00+01:00,37.28
2025-12-21T04:30:00+01:00,37.28
2025-12-21T04:45:00+01:00,37.44
2025-12-21T05:00:00+01:00,37.2
2025-12-21T05:15:00+01:00,38.4
2025-12-21T05:30:00+01:00,36.24
2025-12-21T05:45:00+01:00,37.84
2025-12-21T06:00:00+01:00,38.8
2025-12-21T06:15:00+01:00,38.96
2025-12-21T06:30:00+01:00,40.72
2025-12-21T06:45:00+01:00,38.16
2025-12-21T07:00:00+01:00,37.84
2025-12-21T07:15:00+01:00,40.32
2025-12-21T07:30:00+01:00,39.36
2025-12-21T07:45:00+01:00,38.24
2025-12-21T08:00:00+01:00,37.36
2025-12-21T08:15:00+01:00,39.84
2025-12-21T08:30:00+01:00,34.4
2025-12-21T08:45:00+01:00,28.4
2025-12-21T09:00:00+01:00,25.6
2025-12-21T09:15:00+01:00,17.2
2025-12-21T09:30:00+01:00,2.8
2025-12-21T09:45:00+01:00,0.16
2025-12-21T10:00:00+01:00,0.0
2025-12-21T10:15:00+01:00,0.0
2025-12-21T10:30:00+01:00,0.0
2025-12-21T10:45:00+01:00,0.0
2025-12-21T11:00:00+01:00,0.0
2025-12-21T11:15:00+01:00,0.0
2025-12-21T11:30:00+01:00,0.0
2025-12-21T11:45:00+01:00,0.0
2025-12-21T12:00:00+01:00,0.0
2025-12-21T12:15:00+01:00,0.0
2025-12-21T12:30:00+01:00,0.0
2025-12-21T12:45:00+01:00,0.0
2025-12-21T13:00:00+01:00,0.0
2025-12-21T13:15:00+01:00,0.0
2025-12-21T13:30:00+01:00,0.0
2025-12-21T13:45:00+01:00,0.0
2025-12-21T14:00:00+01:00,0.16
2025-12-21T14:15:00+01:00,0.96
2025-12-21T14:30:00+01:00,0.64
2025-12-21T14:45:00+01:00,0.16
2025-12-21T15:00:00+01:00,3.92
2025-12-21T15:15:00+01:00,7.52
2025-12-21T15:30:00+01:00,14.24
2025-12-21T15:45:00+01:00,20.32
2025-12-21T16:00:00+01:00,23.6
2025-12-21T16:15:00+01:00,27.12
2025-12-21T16:30:00+01:00,29.6
2025-12-21T16:45:00+01:00,30.24
2025-12-21T17:00:00+01:00,30.24
2025-12-21T17:15:00+01:00,30.8
2025-12-21T17:30:00+01:00,29.84
2025-12-21T17:45:00+01:00,29.6
2025-12-21T18:00:00+01:00,28.88
2025-12-21T18:15:00+01:00,29.04
2025-12-21T18:30:00+01:00,30.16
2025-12-21T18:45:00+01:00,29.76
2025-12-21T19:00:00+01:00,29.84
2025-12-21T19:15:00+01:00,29.52
2025-12-21T19:30:00+01:00,30.4
2025-12-21T19:45:00+01:00,32.56
2025-12-21T20:00:00+01:00,31.6
2025-12-21T20:15:00+01:00,30.88
2025-12-21T20:30:00+01:00,31.52
2025-12-21T20:45:00+01:00,29.36
2025-12-21T21:00:00+01:00,29.44
2025-12-21T21:15:00+01:00,28.96
2025-12-21T21:30:00+01:00,28.48
2025-12-21T21:45:00+01:00,29.12
2025-12-21T22:00:00+01:00,30.4
2025-12-21T22:15:00+01:00,30.0
2025-12-21T22:30:00+01:00,30.96
2025-12-21T22:45:00+01:00,31.6
2025-12-21T23:00:00+01:00,30.32
2025-12-21T23:15:00+01:00,30.72
2025-12-21T23:30:00+01:00,30.64
2025-12-21T23:45:00+01:00,30.0
2025-12-22T00:00:00+01:00,30.32
2025-12-22T00:15:00+01:00,30.0
2025-12-22T00:30:00+01:00,29.52
2025-12-22T00:45:00+01:00,28.72
2025-12-22T01:00:00+01:00,29.12
2025-12-22T01:15:00+01:00,29.04
2025-12-22T01:30:00+01:00,28.24
2025-12-22T01:45:00+01:00,28.8
2025-12-22T02:00:00+01:00,30.56
2025-12-22T02:15:00+01:00,29.84
2025-12-22T02:30:00+01:00,32.72
2025-12-22T02:45:00+01:00,30.08
2025-12-22T03:00:00+01:00,29.44
2025-12-22T03:15:00+01:00,28.96
2025-12-22T03:30:00+01:00,29.28
2025-12-22T03:45:00+01:00,29.36
2025-12-22T04:00:00+01:00,28.64
2025-12-22T04:15:00+01:00,31.2
2025-12-22T04:30:00+01:00,32.24
2025-12-22T04:45:00+01:00,30.0
2025-12-22T05:00:00+01:00,30.72
2025-12-22T05:15:00+01:00,32.64
2025-12-22T05:30:00+01:00,31.76
2025-12-22T05:45:00+01:00,37.28
2025-12-22T06:00:00+01:00,41.92
2025-12-22T06:15:00+01:00,42.96
2025-12-22T06:30:00+01:00,44.64
2025-12-22T06:45:00+01:00,54.96
2025-12-22T07:00:00+01:00,57.92
2025-12-22T07:15:00+01:00,58.32
2025-12-22T07:30:00+01:00,57.52
2025-12-22T07:45:00+01:00,56.88
2025-12-22T08:00:00+01:00,63.28
2025-12-22T08:15:00+01:00,65.68
2025-12-22T08:30:00+01:00,64.8
2025-12-22T08:45:00+01:00,58.56
2025-12-22T09:00:00+01:00,54.32
2025-12-22T09:15:00+01:00,51.68
2025-12-22T09:30:00+01:00,46.88
2025-12-22T09:45:00+01:00,31.76
2025-12-22T10:00:00+01:00,30.88
2025-12-22T10:15:00+01:00,32.56
2025-12-22T10:30:00+01:00,30.24
2025-12-22T10:45:00+01:00,22.4
2025-12-22T11:00:00+01:00,9.76
2025-12-22T11:15:00+01:00,2.24
2025-12-22T11:30:00+01:00,0.32
2025-12-22T11:45:00+01:00,8.24
2025-12-22T12:00:00+01:00,9.6
2025-12-22T12:15:00+01:00,14.0
2025-12-22T12:30:00+01:00,3.76
2025-12-22T12:45:00+01:00,2.32
2025-12-22T13:00:00+01:00,3.52
2025-12-22T13:15:00+01:00,10.32
2025-12-22T13:30:00+01:00,5.76
2025-12-22T13:45:00+01:00,11.2
2025-12-22T14:00:00+01:00,10.48
2025-12-22T14:15:00+01:00,9.44
2025-12-22T14:30:00+01:00,21.84
2025-12-22T14:45:00+01:00,30.96
2025-12-22T15:00:00+01:00,32.56
2025-12-22T15:15:00+01:00,29.2
2025-12-22T15:30:00+01:00,29.92
2025-12-22T15:45:00+01:00,36.32
2025-12-22T16:00:00+01:00,38.96
2025-12-22T16:15:00+01:00,41.76
2025-12-22T16:30:00+01:00,40.8
2025-12-22T16:45:00+01:00,38.96
2025-12-22T17:00:00+01:00,38.16
2025-12-22T17:15:00+01:00,40.48
2025-12-22T17:30:00+01:00,38.32
2025-12-22T17:45:00+01:00,37.92
2025-12-22T18:00:00+01:00,37.92
2025-12-22T18:15:00+01:00,38.08
2025-12-22T18:30:00+01:00,37.04
2025-12-22T18:45:00+01:00,36.16
2025-12-22T19:00:00+01:00,36.8
2025-12-22T19:15:00+01:00,35.28
2025-12-22T19:30:00+01:00,35.76
2025-12-22T19:45:00+01:00,34.88
2025-12-22T20:00:00+01:00,34.4
2025-12-22T20:15:00+01:00,35.44
2025-12-22T20:30:00+01:00,35.6
2025-12-22T20:45:00+01:00,40.16
2025-12-22T21:00:00+01:00,35.76
2025-12-22T21:15:00+01:00,34.4
2025-12-22T21:30:00+01:00,34.56
2025-12-22T21:45:00+01:00,34.56
2025-12-22T22:00:00+01:00,35.36
2025-12-22T22:15:00+01:00,34.88
2025-12-22T22:30:00+01:00,33.44
2025-12-22T22:45:00+01:00,31.68
2025-12-22T23:00:00+01:00,31.2
2025-12-22T23:15:00+01:00,29.36
2025-12-22T23:30:00+01:00,31.04
2025-12-22T23:45:00+01:00,30.16
2025-12-23T00:00:00+01:00,30.08
2025-12-23T00:15:00+01:00,30.24
2025-12-23T00:30:00+01:00,29.52
2025-12-23T00:45:00+01:00,30.4
2025-12-23T01:00:00+01:00,28.72
2025-12-23T01:15:00+01:00,30.08
2025-12-23T01:30:00+01:00,29.12
2025-12-23T01:45:00+01:00,30.08
2025-12-23T02:00:00+01:00,30.64
2025-12-23T02:15:00+01:00,31.04
2025-12-23T02:30:00+01:00,30.08
2025-12-23T02:45:00+01:00,33.44
2025-12-23T03:00:00+01:00,31.6
2025-12-23T03:15:00+01:00,29.52
2025-12-23T03:30:00+01:00,29.92
2025-12-23T03:45:00+01:00,31.36
2025-12-23T04:00:00+01:00,31.36
2025-12-23T04:15:00+01:00,31.76
2025-12-23T04:30:00+01:00,31.44
2025-12-23T04:45:00+01:00,31.36
2025-12-23T05:00:00+01:00,31.36
2025-12-23T05:15:00+01:00,33.44
2025-12-23T05:30:00+01:00,33.68
2025-12-23T05:45:00+01:00,37.28
2025-12-23T06:00:00+01:00,41.68
2025-12-23T06:15:00+01:00,43.44
2025-12-23T06:30:00+01:00,46.16
2025-12-23T06:45:00+01:00,52.8
2025-12-23T07:00:00+01:00,54.32
2025-12-23T07:15:00+01:00,57.84
2025-12-23T07:30:00+01:00,55.76
2025-12-23T07:45:00+01:00,56.64
2025-12-23T08:00:00+01:00,56.08
2025-12-23T08:15:00+01:00,54.64
2025-12-23T08:30:00+01:00,49.2
2025-12-23T08:45:00+01:00,50.48
2025-12-23T09:00:00+01:00,54.64
2025-12-23T09:15:00+01:00,52.48
2025-12-23T09:30:00+01:00,47.92
2025-12-23T09:45:00+01:00,49.84
2025-12-23T10:00:00+01:00,42.08
2025-12-23T10:15:00+01:00,42.0
2025-12-23T10:30:00+01:00,44.24
2025-12-23T10:45:00+01:00,45.68
2025-12-23T11:00:00+01:00,47.68
2025-12-23T11:15:00+01:00,43.44
2025-12-23T11:30:00+01:00,30.4
2025-12-23T11:45:00+01:00,22.96
2025-12-23T12:00:00+01:00,27.84
2025-12-23T12:15:00+01:00,15.6
2025-12-23T12:30:00+01:00,18.16
2025-12-23T12:45:00+01:00,16.88
2025-12-23T13:00:00+01:00,12.72
2025-12-23T13:15:00+01:00,13.76
2025-12-23T13:30:00+01:00,19.04
2025-12-23T13:45:00+01:00,18.96
2025-12-23T14:00:00+01:00,20.0
2025-12-23T14:15:00+01:00,18.4
2025-12-23T14:30:00+01:00,20.16
2025-12-23T14:45:00+01:00,22.56
2025-12-23T15:00:00+01:00,27.44
2025-12-23T15:15:00+01:00,28.64
2025-12-23T15:30:00+01:00,29.36
2025-12-23T15:45:00+01:00,31.68
2025-12-23T16:00:00+01:00,32.88
2025-12-23T16:15:00+01:00,35.04
2025-12-23T16:30:00+01:00,34.56
2025-12-23T16:45:00+01:00,36.4
2025-12-23T17:00:00+01:00,37.2
2025-12-23T17:15:00+01:00,35.52
2025-12-23T17:30:00+01:00,35.6
2025-12-23T17:45:00+01:00,35.84
2025-12-23T18:00:00+01:00,36.4
2025-12-23T18:15:00+01:00,35.68
2025-12-23T18:30:00+01:00,35.2
2025-12-23T18:45:00+01:00,35.28
2025-12-23T19:00:00+01:00,35.28
2025-12-23T19:15:00+01:00,35.76
2025-12-23T19:30:00+01:00,36.48
2025-12-23T19:45:00+01:00,35.76
2025-12-23T20:00:00+01:00,35.84
2025-12-23T20:15:00+01:00,36.88
2025-12-23T20:30:00+01:00,35.44
2025-12-23T20:45:00+01:00,34.8
2025-12-23T21:00:00+01:00,40.0
2025-12-23T21:15:00+01:00,37.84
2025-12-23T21:30:00+01:00,34.64
2025-12-23T21:45:00+01:00,34.96
2025-12-23T22:00:00+01:00,36.0
2025-12-23T22:15:00+01:00,35.36
2025-12-23T22:30:00+01:00,34.08
2025-12-23T22:45:00+01:00,34.48
2025-12-23T23:00:00+01:00,33.76
2025-12-23T23:15:00+01:00,33.12
2025-12-23T23:30:00+01:00,33.04
2025-12-23T23:45:00+01:00,32.32
2025-12-24T00:00:00+01:00,32.08
2025-12-24T00:15:00+01:00,30.8
2025-12-24T00:30:00+01:00,30.08
2025-12-24T00:45:00+01:00,29.92
2025-12-24T01:00:00+01:00,30.32
2025-12-24T01:15:00+01:00,29.76
2025-12-24T01:30:00+01:00,29.04
2025-12-24T01:45:00+01:00,29.36
2025-12-24T02:00:00+01:00,28.64
2025-12-24T02:15:00+01:00,28.88
2025-12-24T02:30:00+01:00,28.96
2025-12-24T02:45:00+01:00,29.28
2025-12-24T03:00:00+01:00,30.08
2025-12-24T03:15:00+01:00,31.44
2025-12-24T03:30:00+01:00,29.44
2025-12-24T03:45:00+01:00,30.32
2025-12-24T04:00:00+01:00,28.72
2025-12-24T04:15:00+01:00,29.44
2025-12-24T04:30:00+01:00,30.08
2025-12-24T04:45:00+01:00,30.24
2025-12-24T05:00:00+01:00,30.32
2025-12-24T05:15:00+01:00,32.72
2025-12-24T05:30:00+01:00,33.2
2025-12-24T05:45:00+01:00,34.0
2025-12-24T06:00:00+01:00,36.72
2025-12-24T06:15:00+01:00,36.8
2025-12-24T06:30:00+01:00,35.28
2025-12-24T06:45:00+01:00,36.32
2025-12-24T07:00:00+01:00,35.28
2025-12-24T07:15:00+01:00,36.0
2025-12-24T07:30:00+01:00,36.72
2025-12-24T07:45:00+01:00,37.12
2025-12-24T08:00:00+01:00,37.04
2025-12-24T08:15:00+01:00,36.96
2025-12-24T08:30:00+01:00,36.4
2025-12-24T08:45:00+01:00,35.52
2025-12-24T09:00:00+01:00,33.68
2025-12-24T09:15:00+01:00,37.12
2025-12-24T09:30:00+01:00,31.76
2025-12-24T09:45:00+01:00,28.72
2025-12-24T10:00:00+01:00,25.84
2025-12-24T10:15:00+01:00,26.48
2025-12-24T10:30:00+01:00,26.56
2025-12-24T10:45:00+01:00,26.48
2025-12-24T11:00:00+01:00,26.08
2025-12-24T11:15:00+01:00,25.52
2025-12-24T11:30:00+01:00,21.76
2025-12-24T11:45:00+01:00,22.4
2025-12-24T12:00:00+01:00,25.28
2025-12-24T12:15:00+01:00,26.08
2025-12-24T12:30:00+01:00,28.08
2025-12-24T12:45:00+01:00,28.16
2025-12-24T13:00:00+01:00,25.76
2025-12-24T13:15:00+01:00,27.2
2025-12-24T13:30:00+01:00,26.48
2025-12-24T13:45:00+01:00,23.2
2025-12-24T14:00:00+01:00,33.04
2025-12-24T14:15:00+01:00,29.52
2025-12-24T14:30:00+01:00,25.76
2025-12-24T14:45:00+01:00,22.32
2025-12-24T15:00:00+01:00,20.24
2025-12-24T15:15:00+01:00,29.12
2025-12-24T15:30:00+01:00,30.48
2025-12-24T15:45:00+01:00,32.32
2025-12-24T16:00:00+01:00,35.52
2025-12-24T16:15:00+01:00,37.12
2025-12-24T16:30:00+01:00,35.84
2025-12-24T16:45:00+01:00,36.56
2025-12-24T17:00:00+01:00,36.48
2025-12-24T17:15:00+01:00,37.76
2025-12-24T17:30:00+01:00,35.28
2025-12-24T17:45:00+01:00,35.76
2025-12-24T18:00:00+01:00,36.0
2025-12-24T18:15:00+01:00,35.36
2025-12-24T18:30:00+01:00,35.44
2025-12-24T18:45:00+01:00,35.04
2025-12-24T19:00:00+01:00,35.52
2025-12-24T19:15:00+01:00,34.32
2025-12-24T19:30:00+01:00,34.8
2025-12-24T19:45:00+01:00,35.76
2025-12-24T20:00:00+01:00,34.96
2025-12-24T20:15:00+01:00,35.2
2025-12-24T20:30:00+01:00,35.36
2025-12-24T20:45:00+01:00,35.6
2025-12-24T21:00:00+01:00,32.72
2025-12-24T21:15:00+01:00,35.52
2025-12-24T21:30:00+01:00,35.44
2025-12-24T21:45:00+01:00,32.64
2025-12-24T22:00:00+01:00,34.96
2025-12-24T22:15:00+01:00,34.4
2025-12-24T22:30:00+01:00,32.4
2025-12-24T22:45:00+01:00,32.08
2025-12-24T23:00:00+01:00,32.08
2025-12-24T23:15:00+01:00,30.8
2025-12-24T23:30:00+01:00,30.48
2025-12-24T23:45:00+01:00,30.56
2025-12-25T00:00:00+01:00,30.88
2025-12-25T00:15:00+01:00,30.72
2025-12-25T00:30:00+01:00,31.68
2025-12-25T00:45:00+01:00,31.76
2025-12-25T01:00:00+01:00,30.0
2025-12-25T01:15:00+01:00,30.64
2025-12-25T01:30:00+01:00,30.8
2025-12-25T01:45:00+01:00,30.56
2025-12-25T02:00:00+01:00,30.8
2025-12-25T02:15:00+01:00,31.12
2025-12-25T02:30:00+01:00,31.52
2025-12-25T02:45:00+01:00,30.4
2025-12-25T03:00:00+01:00,30.08
2025-12-25T03:15:00+01:00,30.64
2025-12-25T03:30:00+01:00,32.56
2025-12-25T03:45:00+01:00,31.6
2025-12-25T04:00:00+01:00,30.48
2025-12-25T04:15:00+01:00,31.84
2025-12-25T04:30:00+01:00,32.88
2025-12-25T04:45:00+01:00,32.4
2025-12-25T05:00:00+01:00,32.48
2025-12-25T05:15:00+01:00,33.36
2025-12-25T05:30:00+01:00,33.12
2025-12-25T05:45:00+01:00,34.72
2025-12-25T06:00:00+01:00,35.04
2025-12-25T06:15:00+01:00,35.28
2025-12-25T06:30:00+01:00,34.08
2025-12-25T06:45:00+01:00,33.52
2025-12-25T07:00:00+01:00,33.36
2025-12-25T07:15:00+01:00,33.44
2025-12-25T07:30:00+01:00,33.6
2025-12-25T07:45:00+01:00,34.72
2025-12-25T08:00:00+01:00,34.16
2025-12-25T08:15:00+01:00,31.6
2025-12-25T08:30:00+01:00,27.92
2025-12-25T08:45:00+01:00,26.8
2025-12-25T09:00:00+01:00,26.16
2025-12-25T09:15:00+01:00,24.72
2025-12-25T09:30:00+01:00,22.88
2025-12-25T09:45:00+01:00,17.28
2025-12-25T10:00:00+01:00,14.08
2025-12-25T10:15:00+01:00,8.32
2025-12-25T10:30:00+01:00,5.04
2025-12-25T10:45:00+01:00,0.08
2025-12-25T11:00:00+01:00,0.56
2025-12-25T11:15:00+01:00,0.16
2025-12-25T11:30:00+01:00,0.16
2025-12-25T11:45:00+01:00,0.0
2025-12-25T12:00:00+01:00,0.16
2025-12-25T12:15:00+01:00,0.16
2025-12-25T12:30:00+01:00,0.08
2025-12-25T12:45:00+01:00,0.08
2025-12-25T13:00:00+01:00,0.64
2025-12-25T13:15:00+01:00,0.4
2025-12-25T13:30:00+01:00,0.72
2025-12-25T13:45:00+01:00,0.24
2025-12-25T14:00:00+01:00,0.24
2025-12-25T14:15:00+01:00,0.24
2025-12-25T14:30:00+01:00,0.72
2025-12-25T14:45:00+01:00,3.12
2025-12-25T15:00:00+01:00,8.32
2025-12-25T15:15:00+01:00,13.2
2025-12-25T15:30:00+01:00,17.68
2025-12-25T15:45:00+01:00,26.0
2025-12-25T16:00:00+01:00,25.84
2025-12-25T16:15:00+01:00,28.88
2025-12-25T16:30:00+01:00,32.72
2025-12-25T16:45:00+01:00,33.44
2025-12-25T17:00:00+01:00,33.52
2025-12-25T17:15:00+01:00,33.84
2025-12-25T17:30:00+01:00,32.96
2025-12-25T17:45:00+01:00,33.84
2025-12-25T18:00:00+01:00,32.64
2025-12-25T18:15:00+01:00,32.08
2025-12-25T18:30:00+01:00,32.24
2025-12-25T18:45:00+01:00,31.52
2025-12-25T19:00:00+01:00,31.68
2025-12-25T19:15:00+01:00,31.04
2025-12-25T19:30:00+01:00,31.36
2025-12-25T19:45:00+01:00,32.32
2025-12-25T20:00:00+01:00,31.84
2025-12-25T20:15:00+01:00,32.24
2025-12-25T20:30:00+01:00,32.16
2025-12-25T20:45:00+01:00,32.64
2025-12-25T21:00:00+01:00,34.88
2025-12-25T21:15:00+01:00,33.6
2025-12-25T21:30:00+01:00,31.36
2025-12-25T21:45:00+01:00,34.4
2025-12-25T22:00:00+01:00,35.52
2025-12-25T22:15:00+01:00,32.96
2025-12-25T22:30:00+01:00,31.28
2025-12-25T22:45:00+01:00,31.44
2025-12-25T23:00:00+01:00,30.72
2025-12-25T23:15:00+01:00,30.08
2025-12-25T23:30:00+01:00,29.92
2025-12-25T23:45:00+01:00,30.24
2025-12-26T00:00:00+01:00,30.96
2025-12-26T00:15:00+01:00,33.04
2025-12-26T00:30:00+01:00,31.12
2025-12-26T00:45:00+01:00,30.32
2025-12-26T01:00:00+01:00,30.24
2025-12-26T01:15:00+01:00,30.56
2025-12-26T01:30:00+01:00,30.72
2025-12-26T01:45:00+01:00,30.56
2025-12-26T02:00:00+01:00,30.48
2025-12-26T02:15:00+01:00,30.8
2025-12-26T02:30:00+01:00,30.64
2025-12-26T02:45:00+01:00,30.24
2025-12-26T03:00:00+01:00,30.56
2025-12-26T03:15:00+01:00,30.48
2025-12-26T03:30:00+01:00,30.8
2025-12-26T03:45:00+01:00,32.88
2025-12-26T04:00:00+01:00,31.76
2025-12-26T04:15:00+01:00,31.6
2025-12-26T04:30:00+01:00,32.4
2025-12-26T04:45:00+01:00,33.68
2025-12-26T05:00:00+01:00,34.16
2025-12-26T05:15:00+01:00,34.88
2025-12-26T05:30:00+01:00,33.44
2025-12-26T05:45:00+01:00,33.36
2025-12-26T06:00:00+01:00,35.52
2025-12-26T06:15:00+01:00,35.92
2025-12-26T06:30:00+01:00,35.52
2025-12-26T06:45:00+01:00,35.44
2025-12-26T07:00:00+01:00,34.88
2025-12-26T07:15:00+01:00,34.48
2025-12-26T07:30:00+01:00,35.52
2025-12-26T07:45:00+01:00,35.44
2025-12-26T08:00:00+01:00,34.96
2025-12-26T08:15:00+01:00,34.64
2025-12-26T08:30:00+01:00,30.88
2025-12-26T08:45:00+01:00,27.12
2025-12-26T09:00:00+01:00,25.12
2025-12-26T09:15:00+01:00,17.6
2025-12-26T09:30:00+01:00,10.0
2025-12-26T09:45:00+01:00,9.44
2025-12-26T10:00:00+01:00,8.8
2025-12-26T10:15:00+01:00,5.2
2025-12-26T10:30:00+01:00,11.36
2025-12-26T10:45:00+01:00,9.36
2025-12-26T11:00:00+01:00,9.52
2025-12-26T11:15:00+01:00,9.84
2025-12-26T11:30:00+01:00,9.52
2025-12-26T11:45:00+01:00,0.88
2025-12-26T12:00:00+01:00,0.64
2025-12-26T12:15:00+01:00,3.12
2025-12-26T12:30:00+01:00,0.8
2025-12-26T12:45:00+01:00,0.72
2025-12-26T13:00:00+01:00,0.16
2025-12-26T13:15:00+01:00,0.8
2025-12-26T13:30:00+01:00,0.64
2025-12-26T13:45:00+01:00,0.4
2025-12-26T14:00:00+01:00,8.0
2025-12-26T14:15:00+01:00,8.08
2025-12-26T14:30:00+01:00,12.08
2025-12-26T14:45:00+01:00,16.0
2025-12-26T15:00:00+01:00,21.92
2025-12-26T15:15:00+01:00,25.04
2025-12-26T15:30:00+01:00,27.04
2025-12-26T15:45:00+01:00,30.8
2025-12-26T16:00:00+01:00,35.44
2025-12-26T16:15:00+01:00,35.92
2025-12-26T16:30:00+01:00,37.76
2025-12-26T16:45:00+01:00,35.04
2025-12-26T17:00:00+01:00,33.92
2025-12-26T17:15:00+01:00,33.28
2025-12-26T17:30:00+01:00,33.28
2025-12-26T17:45:00+01:00,33.2
2025-12-26T18:00:00+01:00,33.12
2025-12-26T18:15:00+01:00,33.2
2025-12-26T18:30:00+01:00,32.32
2025-12-26T18:45:00+01:00,31.12
2025-12-26T19:00:00+01:00,30.8
2025-12-26T19:15:00+01:00,30.88
2025-12-26T19:30:00+01:00,30.96
2025-12-26T19:45:00+01:00,32.24
2025-12-26T20:00:00+01:00,31.12
2025-12-26T20:15:00+01:00,31.92
2025-12-26T20:30:00+01:00,32.88
2025-12-26T20:45:00+01:00,34.16
2025-12-26T21:00:00+01:00,32.16
2025-12-26T21:15:00+01:00,31.44
2025-12-26T21:30:00+01:00,31.44
2025-12-26T21:45:00+01:00,31.28
2025-12-26T22:00:00+01:00,36.56
2025-12-26T22:15:00+01:00,34.88
2025-12-26T22:30:00+01:00,31.92
2025-12-26T22:45:00+01:00,31.36
2025-12-26T23:00:00+01:00,30.88
2025-12-26T23:15:00+01:00,29.76
2025-12-26T23:30:00+01:00,30.0
2025-12-26T23:45:00+01:00,29.76
2025-12-27T00:00:00+01:00,30.08
2025-12-27T00:15:00+01:00,30.88
2025-12-27T00:30:00+01:00,30.88
2025-12-27T00:45:00+01:00,30.08
2025-12-27T01:00:00+01:00,30.08
2025-12-27T01:15:00+01:00,30.32
2025-12-27T01:30:00+01:00,30.24
2025-12-27T01:45:00+01:00,30.0
2025-12-27T02:00:00+01:00,29.92
2025-12-27T02:15:00+01:00,31.12
2025-12-27T02:30:00+01:00,30.64
2025-12-27T02:45:00+01:00,30.72
2025-12-27T03:00:00+01:00,30.16
2025-12-27T03:15:00+01:00,29.84
2025-12-27T03:30:00+01:00,30.08
2025-12-27T03:45:00+01:00,31.2
2025-12-27T04:00:00+01:00,32.32
2025-12-27T04:15:00+01:00,33.44
2025-12-27T04:30:00+01:00,31.2
2025-12-27T04:45:00+01:00,30.88
2025-12-27T05:00:00+01:00,30.64
2025-12-27T05:15:00+01:00,32.72
2025-12-27T05:30:00+01:00,33.04
2025-12-27T05:45:00+01:00,32.24
2025-12-27T06:00:00+01:00,34.88
2025-12-27T06:15:00+01:00,33.76
2025-12-27T06:30:00+01:00,32.32
2025-12-27T06:45:00+01:00,33.12
2025-12-27T07:00:00+01:00,32.4
2025-12-27T07:15:00+01:00,32.24
2025-12-27T07:30:00+01:00,32.08
2025-12-27T07:45:00+01:00,32.56
2025-12-27T08:00:00+01:00,32.08
2025-12-27T08:15:00+01:00,34.32
2025-12-27T08:30:00+01:00,33.84
2025-12-27T08:45:00+01:00,28.72
2025-12-27T09:00:00+01:00,22.8
2025-12-27T09:15:00+01:00,13.44
2025-12-27T09:30:00+01:00,8.0
2025-12-27T09:45:00+01:00,1.76
2025-12-27T10:00:00+01:00,0.16
2025-12-27T10:15:00+01:00,0.0
2025-12-27T10:30:00+01:00,0.0
2025-12-27T10:45:00+01:00,0.0
2025-12-27T11:00:00+01:00,0.0
2025-12-27T11:15:00+01:00,0.0
2025-12-27T11:30:00+01:00,0.0
2025-12-27T11:45:00+01:00,0.0
2025-12-27T12:00:00+01:00,0.0
2025-12-27T12:15:00+01:00,0.0
2025-12-27T12:30:00+01:00,0.0
2025-12-27T12:45:00+01:00,0.0
2025-12-27T13:00:00+01:00,0.0
2025-12-27T13:15:00+01:00,0.0
2025-12-27T13:30:00+01:00,0.0
2025-12-27T13:45:00+01:00,0.0
2025-12-27T14:00:00+01:00,0.0
2025-12-27T14:15:00+01:00,0.08
2025-12-27T14:30:00+01:00,0.0
2025-12-27T14:45:00+01:00,0.0
2025-12-27T15:00:00+01:00,0.0
2025-12-27T15:15:00+01:00,0.0
2025-12-27T15:30:00+01:00,0.0
2025-12-27T15:45:00+01:00,1.44
2025-12-27T16:00:00+01:00,12.88
2025-12-27T16:15:00+01:00,23.12
2025-12-27T16:30:00+01:00,26.8
2025-12-27T16:45:00+01:00,29.68
2025-12-27T17:00:00+01:00,30.64
2025-12-27T17:15:00+01:00,31.44
2025-12-27T17:30:00+01:00,30.16
2025-12-27T17:45:00+01:00,30.4
2025-12-27T18:00:00+01:00,30.48
2025-12-27T18:15:00+01:00,30.72
2025-12-27T18:30:00+01:00,31.2
2025-12-27T18:45:00+01:00,30.16
2025-12-27T19:00:00+01:00,29.84
2025-12-27T19:15:00+01:00,30.08
2025-12-27T19:30:00+01:00,31.44
2025-12-27T19:45:00+01:00,32.24
2025-12-27T20:00:00+01:00,34.16
2025-12-27T20:15:00+01:00,34.08
2025-12-27T20:30:00+01:00,33.04
2025-12-27T20:45:00+01:00,32.4
2025-12-27T21:00:00+01:00,31.76
2025-12-27T21:15:00+01:00,30.56
2025-12-27T21:30:00+01:00,32.08
2025-12-27T21:45:00+01:00,34.08
2025-12-27T22:00:00+01:00,35.12
2025-12-27T22:15:00+01:00,32.96
2025-12-27T22:30:00+01:00,32.96
2025-12-27T22:45:00+01:00,34.64
2025-12-27T23:00:00+01:00,33.28
2025-12-27T23:15:00+01:00,32.4
2025-12-27T23:30:00+01:00,32.24
2025-12-27T23:45:00+01:00,32.0
2025-12-28T00:00:00+01:00,31.92
2025-12-28T00:15:00+01:00,32.08
2025-12-28T00:30:00+01:00,31.6
2025-12-28T00:45:00+01:00,32.0
2025-12-28T01:00:00+01:00,32.16
2025-12-28T01:15:00+01:00,32.0
2025-12-28T01:30:00+01:00,31.92
2025-12-28T01:45:00+01:00,34.56
2025-12-28T02:00:00+01:00,35.04
2025-12-28T02:15:00+01:00,35.52
2025-12-28T02:30:00+01:00,34.96
2025-12-28T02:45:00+01:00,34.4
2025-12-28T03:00:00+01:00,34.24
2025-12-28T03:15:00+01:00,35.6
2025-12-28T03:30:00+01:00,34.48
2025-12-28T03:45:00+01:00,34.48
2025-12-28T04:00:00+01:00,34.56
2025-12-28T04:15:00+01:00,35.2
2025-12-28T04:30:00+01:00,33.92
2025-12-28T04:45:00+01:00,34.64
2025-12-28T05:00:00+01:00,36.48
2025-12-28T05:15:00+01:00,37.44
2025-12-28T05:30:00+01:00,35.12
2025-12-28T05:45:00+01:00,34.32
2025-12-28T06:00:00+01:00,35.84
2025-12-28T06:15:00+01:00,33.12
2025-12-28T06:30:00+01:00,33.12
2025-12-28T06:45:00+01:00,33.04
2025-12-28T07:00:00+01:00,32.88
2025-12-28T07:15:00+01:00,33.04
2025-12-28T07:30:00+01:00,34.8
2025-12-28T07:45:00+01:00,35.2
2025-12-28T08:00:00+01:00,31.6
2025-12-28T08:15:00+01:00,29.28
2025-12-28T08:30:00+01:00,24.64
2025-12-28T08:45:00+01:00,19.76
2025-12-28T09:00:00+01:00,7.04
2025-12-28T09:15:00+01:00,0.24
2025-12-28T09:30:00+01:00,0.0
2025-12-28T09:45:00+01:00,0.0
2025-12-28T10:00:00+01:00,0.0
2025-12-28T10:15:00+01:00,0.0
2025-12-28T10:30:00+01:00,0.0
2025-12-28T10:45:00+01:00,0.0
2025-12-28T11:00:00+01:00,0.0
2025-12-28T11:15:00+01:00,0.0
2025-12-28T11:30:00+01:00,0.0
2025-12-28T11:45:00+01:00,0.0
2025-12-28T12:00:00+01:00,0.0
2025-12-28T12:15:00+01:00,0.0
2025-12-28T12:30:00+01:00,0.0
2025-12-28T12:45:00+01:00,0.0
2025-12-28T13:00:00+01:00,0.0
2025-12-28T13:15:00+01:00,0.0
2025-12-28T13:30:00+01:00,0.0
2025-12-28T13:45:00+01:00,0.0
2025-12-28T14:00:00+01:00,0.08
2025-12-28T14:15:00+01:00,0.24
2025-12-28T14:30:00+01:00,0.16
2025-12-28T14:45:00+01:00,3.44
2025-12-28T15:00:00+01:00,6.16
2025-12-28T15:15:00+01:00,10.48
2025-12-28T15:30:00+01:00,16.16
2025-12-28T15:45:00+01:00,23.92
2025-12-28T16:00:00+01:00,27.12
2025-12-28T16:15:00+01:00,30.4
2025-12-28T16:30:00+01:00,33.12
2025-12-28T16:45:00+01:00,32.56
2025-12-28T17:00:00+01:00,33.92
2025-12-28T17:15:00+01:00,34.56
2025-12-28T17:30:00+01:00,32.56
2025-12-28T17:45:00+01:00,32.24
2025-12-28T18:00:00+01:00,33.04
2025-12-28T18:15:00+01:00,32.08
2025-12-28T18:30:00+01:00,32.64
2025-12-28T18:45:00+01:00,33.12
2025-12-28T19:00:00+01:00,35.52
2025-12-28T19:15:00+01:00,33.68
2025-12-28T19:30:00+01:00,32.32
2025-12-28T19:45:00+01:00,33.36
2025-12-28T20:00:00+01:00,33.28
2025-12-28T20:15:00+01:00,33.44
2025-12-28T20:30:00+01:00,33.36
2025-12-28T20:45:00+01:00,33.28
2025-12-28T21:00:00+01:00,33.04
2025-12-28T21:15:00+01:00,31.92
2025-12-28T21:30:00+01:00,32.08
2025-12-28T21:45:00+01:00,32.0
2025-12-28T22:00:00+01:00,34.96
2025-12-28T22:15:00+01:00,32.16
2025-12-28T22:30:00+01:00,33.28
2025-12-28T22:45:00+01:00,32.72
2025-12-28T23:00:00+01:00,32.72
2025-12-28T23:15:00+01:00,31.76
2025-12-28T23:30:00+01:00,31.28
2025-12-28T23:45:00+01:00,32.4
2025-12-29T00:00:00+01:00,32.64
2025-12-29T00:15:00+01:00,32.8
2025-12-29T00:30:00+01:00,33.6
2025-12-29T00:45:00+01:00,32.24
2025-12-29T01:00:00+01:00,31.92
2025-12-29T01:15:00+01:00,32.08
2025-12-29T01:30:00+01:00,31.12
2025-12-29T01:45:00+01:00,31.76
2025-12-29T02:00:00+01:00,31.12
2025-12-29T02:15:00+01:00,31.36
2025-12-29T02:30:00+01:00,32.24
2025-12-29T02:45:00+01:00,32.08
2025-12-29T03:00:00+01:00,32.72
2025-12-29T03:15:00+01:00,33.44
2025-12-29T03:30:00+01:00,32.08
2025-12-29T03:45:00+01:00,32.72
2025-12-29T04:00:00+01:00,32.72
2025-12-29T04:15:00+01:00,33.52
2025-12-29T04:30:00+01:00,33.6
2025-12-29T04:45:00+01:00,33.84
2025-12-29T05:00:00+01:00,34.48
2025-12-29T05:15:00+01:00,35.04
2025-12-29T05:30:00+01:00,33.76
2025-12-29T05:45:00+01:00,35.6
2025-12-29T06:00:00+01:00,41.84
2025-12-29T06:15:00+01:00,41.28
2025-12-29T06:30:00+01:00,46.24
2025-12-29T06:45:00+01:00,52.72
2025-12-29T07:00:00+01:00,51.68
2025-12-29T07:15:00+01:00,53.52
2025-12-29T07:30:00+01:00,56.48
2025-12-29T07:45:00+01:00,56.88
2025-12-29T08:00:00+01:00,56.4
2025-12-29T08:15:00+01:00,55.36
2025-12-29T08:30:00+01:00,54.32
2025-12-29T08:45:00+01:00,51.84
2025-12-29T09:00:00+01:00,36.48
2025-12-29T09:15:00+01:00,28.72
2025-12-29T09:30:00+01:00,21.2
2025-12-29T09:45:00+01:00,8.16
2025-12-29T10:00:00+01:00,0.96
2025-12-29T10:15:00+01:00,0.32
2025-12-29T10:30:00+01:00,0.0
2025-12-29T10:45:00+01:00,0.0
2025-12-29T11:00:00+01:00,0.0
2025-12-29T11:15:00+01:00,0.0
2025-12-29T11:30:00+01:00,0.0
2025-12-29T11:45:00+01:00,0.0
2025-12-29T12:00:00+01:00,0.0
2025-12-29T12:15:00+01:00,0.0
2025-12-29T12:30:00+01:00,0.4
2025-12-29T12:45:00+01:00,0.0
2025-12-29T13:00:00+01:00,0.0
2025-12-29T13:15:00+01:00,0.0
2025-12-29T13:30:00+01:00,0.0
2025-12-29T13:45:00+01:00,0.0
2025-12-29T14:00:00+01:00,0.0
2025-12-29T14:15:00+01:00,0.0
2025-12-29T14:30:00+01:00,0.0
2025-12-29T14:45:00+01:00,0.0
2025-12-29T15:00:00+01:00,0.0
2025-12-29T15:15:00+01:00,2.96
2025-12-29T15:30:00+01:00,15.2
2025-12-29T15:45:00+01:00,21.12
2025-12-29T16:00:00+01:00,28.8
2025-12-29T16:15:00+01:00,32.88
2025-12-29T16:30:00+01:00,36.08
2025-12-29T16:45:00+01:00,37.84
2025-12-29T17:00:00+01:00,39.44
2025-12-29T17:15:00+01:00,37.12
2025-12-29T17:30:00+01:00,36.88
2025-12-29T17:45:00+01:00,37.28
2025-12-29T18:00:00+01:00,38.4
2025-12-29T18:15:00+01:00,39.52
2025-12-29T18:30:00+01:00,36.64
2025-12-29T18:45:00+01:00,35.28
2025-12-29T19:00:00+01:00,37.12
2025-12-29T19:15:00+01:00,35.92
2025-12-29T19:30:00+01:00,35.36
2025-12-29T19:45:00+01:00,35.04
2025-12-29T20:00:00+01:00,35.6
2025-12-29T20:15:00+01:00,34.8
2025-12-29T20:30:00+01:00,34.96
2025-12-29T20:45:00+01:00,34.4
2025-12-29T21:00:00+01:00,34.24
2025-12-29T21:15:00+01:00,34.08
2025-12-29T21:30:00+01:00,32.8
2025-12-29T21:45:00+01:00,33.36
2025-12-29T22:00:00+01:00,35.92
2025-12-29T22:15:00+01:00,34.48
2025-12-29T22:30:00+01:00,35.2
2025-12-29T22:45:00+01:00,32.56
2025-12-29T23:00:00+01:00,36.08
2025-12-29T23:15:00+01:00,33.6
2025-12-29T23:30:00+01:00,32.48
2025-12-29T23:45:00+01:00,31.04
2025-12-30T00:00:00+01:00,33.44
2025-12-30T00:15:00+01:00,31.52
2025-12-30T00:30:00+01:00,34.64
2025-12-30T00:45:00+01:00,31.2
2025-12-30T01:00:00+01:00,31.76
2025-12-30T01:15:00+01:00,31.2
2025-12-30T01:30:00+01:00,32.8
2025-12-30T01:45:00+01:00,33.04
2025-12-30T02:00:00+01:00,34.72
2025-12-30T02:15:00+01:00,33.6
2025-12-30T02:30:00+01:00,32.16
2025-12-30T02:45:00+01:00,32.4
2025-12-30T03:00:00+01:00,31.36
2025-12-30T03:15:00+01:00,31.52
2025-12-30T03:30:00+01:00,31.52
2025-12-30T03:45:00+01:00,32.4
2025-12-30T04:00:00+01:00,31.36
2025-12-30T04:15:00+01:00,33.44
2025-12-30T04:30:00+01:00,33.44
2025-12-30T04:45:00+01:00,35.12
2025-12-30T05:00:00+01:00,35.92
2025-12-30T05:15:00+01:00,38.8
2025-12-30T05:30:00+01:00,36.16
2025-12-30T05:45:00+01:00,34.56
2025-12-30T06:00:00+01:00,38.64
2025-12-30T06:15:00+01:00,40.96
2025-12-30T06:30:00+01:00,38.08
2025-12-30T06:45:00+01:00,42.32
2025-12-30T07:00:00+01:00,42.48
2025-12-30T07:15:00+01:00,47.36
2025-12-30T07:30:00+01:00,47.76
2025-12-30T07:45:00+01:00,52.72
2025-12-30T08:00:00+01:00,56.08
2025-12-30T08:15:00+01:00,57.92
2025-12-30T08:30:00+01:00,55.6
2025-12-30T08:45:00+01:00,55.12
2025-12-30T09:00:00+01:00,52.56
2025-12-30T09:15:00+01:00,50.48
2025-12-30T09:30:00+01:00,40.56
2025-12-30T09:45:00+01:00,36.16
2025-12-30T10:00:00+01:00,30.8
2025-12-30T10:15:00+01:00,17.44
2025-12-30T10:30:00+01:00,17.2
2025-12-30T10:45:00+01:00,18.08
2025-12-30T11:00:00+01:00,22.16
2025-12-30T11:15:00+01:00,14.08
2025-12-30T11:30:00+01:00,19.2
2025-12-30T11:45:00+01:00,16.16
2025-12-30T12:00:00+01:00,7.92
2025-12-30T12:15:00+01:00,9.2
2025-12-30T12:30:00+01:00,19.04
2025-12-30T12:45:00+01:00,3.44
2025-12-30T13:00:00+01:00,0.0
2025-12-30T13:15:00+01:00,0.08
2025-12-30T13:30:00+01:00,0.0
2025-12-30T13:45:00+01:00,1.44
2025-12-30T14:00:00+01:00,5.6
2025-12-30T14:15:00+01:00,5.36
2025-12-30T14:30:00+01:00,0.64
2025-12-30T14:45:00+01:00,1.52
2025-12-30T15:00:00+01:00,15.36
2025-12-30T15:15:00+01:00,16.4
2025-12-30T15:30:00+01:00,12.16
2025-12-30T15:45:00+01:00,22.64
2025-12-30T16:00:00+01:00,33.92
2025-12-30T16:15:00+01:00,35.44
2025-12-30T16:30:00+01:00,37.44
2025-12-30T16:45:00+01:00,39.2
2025-12-30T17:00:00+01:00,37.92
2025-12-30T17:15:00+01:00,39.84
2025-12-30T17:30:00+01:00,39.44
2025-12-30T17:45:00+01:00,37.52
2025-12-30T18:00:00+01:00,36.24
2025-12-30T18:15:00+01:00,36.48
2025-12-30T18:30:00+01:00,36.0
2025-12-30T18:45:00+01:00,35.68
2025-12-30T19:00:00+01:00,36.16
2025-12-30T19:15:00+01:00,35.04
2025-12-30T19:30:00+01:00,35.84
2025-12-30T19:45:00+01:00,35.52
2025-12-30T20:00:00+01:00,36.08
2025-12-30T20:15:00+01:00,35.28
2025-12-30T20:30:00+01:00,35.6
2025-12-30T20:45:00+01:00,34.32
2025-12-30T21:00:00+01:00,35.68
2025-12-30T21:15:00+01:00,33.52
2025-12-30T21:30:00+01:00,33.92
2025-12-30T21:45:00+01:00,33.92
2025-12-30T22:00:00+01:00,35.6
2025-12-30T22:15:00+01:00,34.4
2025-12-30T22:30:00+01:00,34.0
2025-12-30T22:45:00+01:00,33.84
2025-12-30T23:00:00+01:00,33.2
2025-12-30T23:15:00+01:00,33.6
2025-12-30T23:30:00+01:00,34.16
2025-12-30T23:45:00+01:00,32.64
2025-12-31T00:00:00+01:00,33.2
2025-12-31T00:15:00+01:00,32.56
2025-12-31T00:30:00+01:00,32.64
2025-12-31T00:45:00+01:00,32.08
2025-12-31T01:00:00+01:00,33.12
2025-12-31T01:15:00+01:00,32.56
2025-12-31T01:30:00+01:00,31.84
2025-12-31T01:45:00+01:00,33.12
2025-12-31T02:00:00+01:00,34.64
2025-12-31T02:15:00+01:00,32.56
2025-12-31T02:30:00+01:00,33.36
2025-12-31T02:45:00+01:00,32.24
2025-12-31T03:00:00+01:00,32.56
2025-12-31T03:15:00+01:00,32.56
2025-12-31T03:30:00+01:00,32.8
2025-12-31T03:45:00+01:00,34.48
2025-12-31T04:00:00+01:00,35.36
2025-12-31T04:15:00+01:00,4.08
2025-12-31T04:30:00+01:00,14.0
2025-12-31T04:45:00+01:00,35.36
2025-12-31T05:00:00+01:00,35.44
2025-12-31T05:15:00+01:00,35.36
2025-12-31T05:30:00+01:00,37.04
2025-12-31T05:45:00+01:00,35.2
2025-12-31T06:00:00+01:00,36.88
2025-12-31T06:15:00+01:00,37.68
2025-12-31T06:30:00+01:00,37.28
2025-12-31T06:45:00+01:00,36.48
2025-12-31T07:00:00+01:00,37.68
2025-12-31T07:15:00+01:00,37.2
2025-12-31T07:30:00+01:00,37.2
2025-12-31T07:45:00+01:00,37.76
2025-12-31T08:00:00+01:00,37.2
2025-12-31T08:15:00+01:00,33.52
2025-12-31T08:30:00+01:00,29.28
2025-12-31T08:45:00+01:00,27.44
2025-12-31T09:00:00+01:00,24.8
2025-12-31T09:15:00+01:00,20.24
2025-12-31T09:30:00+01:00,12.56
2025-12-31T09:45:00+01:00,1.04
2025-12-31T10:00:00+01:00,0.16
2025-12-31T10:15:00+01:00,0.0
2025-12-31T10:30:00+01:00,0.0
2025-12-31T10:45:00+01:00,0.0
2025-12-31T11:00:00+01:00,0.0
2025-12-31T11:15:00+01:00,0.0
2025-12-31T11:30:00+01:00,0.0
2025-12-31T11:45:00+01:00,0.0
2025-12-31T12:00:00+01:00,0.0
2025-12-31T12:15:00+01:00,0.0
2025-12-31T12:30:00+01:00,0.0
2025-12-31T12:45:00+01:00,0.0
2025-12-31T13:00:00+01:00,0.0
2025-12-31T13:15:00+01:00,0.0
2025-12-31T13:30:00+01:00,0.0
2025-12-31T13:45:00+01:00,0.0
2025-12-31T14:00:00+01:00,0.0
2025-12-31T14:15:00+01:00,0.0
2025-12-31T14:30:00+01:00,0.0
2025-12-31T14:45:00+01:00,0.0
2025-12-31T15:00:00+01:00,0.0
2025-12-31T15:15:00+01:00,0.0
2025-12-31T15:30:00+01:00,0.0
2025-12-31T15:45:00+01:00,0.8
2025-12-31T16:00:00+01:00,13.12
2025-12-31T16:15:00+01:00,23.6
2025-12-31T16:30:00+01:00,28.48
2025-12-31T16:45:00+01:00,34.0
2025-12-31T17:00:00+01:00,36.0
2025-12-31T17:15:00+01:00,34.08
2025-12-31T17:30:00+01:00,37.6
2025-12-31T17:45:00+01:00,38.72
2025-12-31T18:00:00+01:00,35.6
2025-12-31T18:15:00+01:00,34.16
2025-12-31T18:30:00+01:00,34.08
2025-12-31T18:45:00+01:00,33.92
2025-12-31T19:00:00+01:00,34.4
2025-12-31T19:15:00+01:00,33.6
2025-12-31T19:30:00+01:00,35.52
2025-12-31T19:45:00+01:00,35.28
2025-12-31T20:00:00+01:00,35.52
2025-12-31T20:15:00+01:00,35.44
2025-12-31T20:30:00+01:00,34.0
2025-12-31T20:45:00+01:00,34.32
2025-12-31T21:00:00+01:00,35.44
2025-12-31T21:15:00+01:00,34.24
2025-12-31T21:30:00+01:00,33.2
2025-12-31T21:45:00+01:00,33.36
2025-12-31T22:00:00+01:00,35.68
2025-12-31T22:15:00+01:00,34.24
2025-12-31T22:30:00+01:00,34.56
2025-12-31T22:45:00+01:00,34.48
2025-12-31T23:00:00+01:00,34.64
2025-12-31T23:15:00+01:00,33.36
2025-12-31T23:30:00+01:00,32.64
2025-12-31T23:45:00+01:00,33.44
2026-01-01T00:00:00+01:00,32.56
2026-01-01T00:15:00+01:00,31.92
2026-01-01T00:30:00+01:00,32.56
2026-01-01T00:45:00+01:00,32.32
2026-01-01T01:00:00+01:00,31.92
2026-01-01T01:15:00+01:00,32.4
2026-01-01T01:30:00+01:00,32.64
2026-01-01T01:45:00+01:00,33.6
2026-01-01T02:00:00+01:00,34.0
2026-01-01T02:15:00+01:00,34.08
2026-01-01T02:30:00+01:00,36.4
2026-01-01T02:45:00+01:00,34.08
2026-01-01T03:00:00+01:00,32.4
2026-01-01T03:15:00+01:00,34.56
2026-01-01T03:30:00+01:00,32.48
2026-01-01T03:45:00+01:00,33.04
2026-01-01T04:00:00+01:00,33.28
2026-01-01T04:15:00+01:00,35.44
2026-01-01T04:30:00+01:00,36.8
2026-01-01T04:45:00+01:00,37.68
2026-01-01T05:00:00+01:00,37.84
2026-01-01T05:15:00+01:00,36.8
2026-01-01T05:30:00+01:00,37.2
2026-01-01T05:45:00+01:00,38.48
2026-01-01T06:00:00+01:00,39.76
2026-01-01T06:15:00+01:00,38.64
2026-01-01T06:30:00+01:00,37.84
2026-01-01T06:45:00+01:00,38.32
2026-01-01T07:00:00+01:00,38.72
2026-01-01T07:15:00+01:00,39.44
2026-01-01T07:30:00+01:00,41.68
2026-01-01T07:45:00+01:00,41.2
2026-01-01T08:00:00+01:00,40.8
2026-01-01T08:15:00+01:00,37.68
2026-01-01T08:30:00+01:00,32.96
2026-01-01T08:45:00+01:00,24.72
2026-01-01T09:00:00+01:00,21.44
2026-01-01T09:15:00+01:00,13.84
2026-01-01T09:30:00+01:00,5.68
2026-01-01T09:45:00+01:00,0.72
2026-01-01T10:00:00+01:00,0.0
2026-01-01T10:15:00+01:00,0.0
2026-01-01T10:30:00+01:00,0.0
2026-01-01T10:45:00+01:00,0.0
2026-01-01T11:00:00+01:00,0.0
2026-01-01T11:15:00+01:00,0.0
2026-01-01T11:30:00+01:00,0.0
2026-01-01T11:45:00+01:00,0.0
2026-01-01T12:00:00+01:00,0.0
2026-01-01T12:15:00+01:00,0.0
2026-01-01T12:30:00+01:00,0.0
2026-01-01T12:45:00+01:00,0.0
2026-01-01T13:00:00+01:00,0.0
2026-01-01T13:15:00+01:00,0.0
2026-01-01T13:30:00+01:00,0.0
2026-01-01T13:45:00+01:00,0.0
2026-01-01T14:00:00+01:00,0.0
2026-01-01T14:15:00+01:00,0.0
2026-01-01T14:30:00+01:00,0.0
2026-01-01T14:45:00+01:00,0.0
2026-01-01T15:00:00+01:00,0.0
2026-01-01T15:15:00+01:00,0.0
2026-01-01T15:30:00+01:00,0.0
2026-01-01T15:45:00+01:00,0.0
2026-01-01T16:00:00+01:00,6.56
2026-01-01T16:15:00+01:00,22.16
2026-01-01T16:30:00+01:00,33.36
2026-01-01T16:45:00+01:00,35.44
2026-01-01T17:00:00+01:00,38.96
2026-01-01T17:15:00+01:00,38.64
2026-01-01T17:30:00+01:00,38.64
2026-01-01T17:45:00+01:00,40.0
2026-01-01T18:00:00+01:00,41.6
2026-01-01T18:15:00+01:00,37.92
2026-01-01T18:30:00+01:00,37.92
2026-01-01T18:45:00+01:00,38.08
2026-01-01T19:00:00+01:00,38.4
2026-01-01T19:15:00+01:00,37.36
2026-01-01T19:30:00+01:00,38.72
2026-01-01T19:45:00+01:00,36.72
2026-01-01T20:00:00+01:00,38.24
2026-01-01T20:15:00+01:00,36.08
2026-01-01T20:30:00+01:00,35.44
2026-01-01T20:45:00+01:00,34.96
2026-01-01T21:00:00+01:00,36.8
2026-01-01T21:15:00+01:00,35.12
2026-01-01T21:30:00+01:00,34.32
2026-01-01T21:45:00+01:00,34.64
2026-01-01T22:00:00+01:00,38.16
2026-01-01T22:15:00+01:00,35.44
2026-01-01T22:30:00+01:00,33.52
2026-01-01T22:45:00+01:00,35.04
2026-01-01T23:00:00+01:00,32.88
2026-01-01T23:15:00+01:00,32.24
2026-01-01T23:30:00+01:00,34.08
2026-01-01T23:45:00+01:00,31.44
2026-01-02T00:00:00+01:00,35.92
2026-01-02T00:15:00+01:00,35.04
2026-01-02T00:30:00+01:00,34.48
2026-01-02T00:45:00+01:00,30.4
2026-01-02T01:00:00+01:00,33.68
2026-01-02T01:15:00+01:00,35.6
2026-01-02T01:30:00+01:00,35.44
2026-01-02T01:45:00+01:00,32.48
2026-01-02T02:00:00+01:00,34.72
2026-01-02T02:15:00+01:00,32.48
2026-01-02T02:30:00+01:00,34.4
2026-01-02T02:45:00+01:00,31.2
2026-01-02T03:00:00+01:00,31.28
2026-01-02T03:15:00+01:00,31.12
2026-01-02T03:30:00+01:00,32.0
2026-01-02T03:45:00+01:00,31.84
2026-01-02T04:00:00+01:00,32.4
2026-01-02T04:15:00+01:00,33.76
2026-01-02T04:30:00+01:00,34.24
2026-01-02T04:45:00+01:00,35.76
2026-01-02T05:00:00+01:00,34.64
2026-01-02T05:15:00+01:00,34.4
2026-01-02T05:30:00+01:00,33.04
2026-01-02T05:45:00+01:00,34.48
2026-01-02T06:00:00+01:00,38.48
2026-01-02T06:15:00+01:00,39.28
2026-01-02T06:30:00+01:00,37.6
2026-01-02T06:45:00+01:00,37.28
2026-01-02T07:00:00+01:00,38.0
2026-01-02T07:15:00+01:00,39.84
2026-01-02T07:30:00+01:00,43.44
2026-01-02T07:45:00+01:00,44.8
2026-01-02T08:00:00+01:00,47.12
2026-01-02T08:15:00+01:00,47.52
2026-01-02T08:30:00+01:00,37.12
2026-01-02T08:45:00+01:00,29.12
2026-01-02T09:00:00+01:00,26.96
2026-01-02T09:15:00+01:00,17.68
2026-01-02T09:30:00+01:00,20.32
2026-01-02T09:45:00+01:00,18.32
2026-01-02T10:00:00+01:00,19.2
2026-01-02T10:15:00+01:00,16.24
2026-01-02T10:30:00+01:00,10.32
2026-01-02T10:45:00+01:00,18.08
2026-01-02T11:00:00+01:00,24.48
2026-01-02T11:15:00+01:00,38.08
2026-01-02T11:30:00+01:00,38.48
2026-01-02T11:45:00+01:00,30.32
2026-01-02T12:00:00+01:00,21.84
2026-01-02T12:15:00+01:00,18.8
2026-01-02T12:30:00+01:00,18.24
2026-01-02T12:45:00+01:00,5.92
2026-01-02T13:00:00+01:00,0.0
2026-01-02T13:15:00+01:00,0.0
2026-01-02T13:30:00+01:00,0.0
2026-01-02T13:45:00+01:00,0.0
2026-01-02T14:00:00+01:00,0.0
2026-01-02T14:15:00+01:00,0.0
2026-01-02T14:30:00+01:00,0.0
2026-01-02T14:45:00+01:00,0.0
2026-01-02T15:00:00+01:00,0.0
2026-01-02T15:15:00+01:00,0.0
2026-01-02T15:30:00+01:00,0.0
2026-01-02T15:45:00+01:00,0.0
2026-01-02T16:00:00+01:00,0.88
2026-01-02T16:15:00+01:00,16.08
2026-01-02T16:30:00+01:00,26.88
2026-01-02T16:45:00+01:00,33.36
2026-01-02T17:00:00+01:00,34.0
2026-01-02T17:15:00+01:00,34.64
2026-01-02T17:30:00+01:00,33.92
2026-01-02T17:45:00+01:00,34.24
2026-01-02T18:00:00+01:00,34.0
2026-01-02T18:15:00+01:00,36.56
2026-01-02T18:30:00+01:00,36.8
2026-01-02T18:45:00+01:00,32.48
2026-01-02T19:00:00+01:00,32.4
2026-01-02T19:15:00+01:00,33.84
2026-01-02T19:30:00+01:00,34.32
2026-01-02T19:45:00+01:00,32.24
2026-01-02T20:00:00+01:00,31.84
2026-01-02T20:15:00+01:00,31.36
2026-01-02T20:30:00+01:00,31.92
2026-01-02T20:45:00+01:00,32.72
2026-01-02T21:00:00+01:00,32.24
2026-01-02T21:15:00+01:00,32.24
2026-01-02T21:30:00+01:00,31.84
2026-01-02T21:45:00+01:00,32.32
2026-01-02T22:00:00+01:00,35.52
2026-01-02T22:15:00+01:00,34.16
2026-01-02T22:30:00+01:00,31.28
2026-01-02T22:45:00+01:00,31.36
2026-01-02T23:00:00+01:00,30.96
2026-01-02T23:15:00+01:00,32.56
2026-01-02T23:30:00+01:00,30.96
2026-01-02T23:45:00+01:00,31.2
2026-01-03T00:00:00+01:00,32.56
2026-01-03T00:15:00+01:00,32.48
2026-01-03T00:30:00+01:00,33.44
2026-01-03T00:45:00+01:00,31.12
2026-01-03T01:00:00+01:00,32.0
2026-01-03T01:15:00+01:00,32.32
2026-01-03T01:30:00+01:00,31.44
2026-01-03T01:45:00+01:00,32.96
2026-01-03T02:00:00+01:00,33.12
2026-01-03T02:15:00+01:00,32.48
2026-01-03T02:30:00+01:00,33.36
2026-01-03T02:45:00+01:00,32.08
2026-01-03T03:00:00+01:00,31.52
2026-01-03T03:15:00+01:00,31.68
2026-01-03T03:30:00+01:00,31.6
2026-01-03T03:45:00+01:00,32.16
2026-01-03T04:00:00+01:00,32.0
2026-01-03T04:15:00+01:00,32.56
2026-01-03T04:30:00+01:00,33.28
2026-01-03T04:45:00+01:00,35.28
2026-01-03T05:00:00+01:00,33.84
2026-01-03T05:15:00+01:00,34.0
2026-01-03T05:30:00+01:00,33.6
2026-01-03T05:45:00+01:00,32.64
2026-01-03T06:00:00+01:00,34.32
2026-01-03T06:15:00+01:00,35.92
2026-01-03T06:30:00+01:00,37.6
2026-01-03T06:45:00+01:00,34.24
2026-01-03T07:00:00+01:00,34.16
2026-01-03T07:15:00+01:00,34.16
2026-01-03T07:30:00+01:00,33.12
2026-01-03T07:45:00+01:00,34.0
2026-01-03T08:00:00+01:00,35.12
2026-01-03T08:15:00+01:00,32.32
2026-01-03T08:30:00+01:00,29.92
2026-01-03T08:45:00+01:00,29.76
2026-01-03T09:00:00+01:00,30.16
2026-01-03T09:15:00+01:00,30.08
2026-01-03T09:30:00+01:00,24.24
2026-01-03T09:45:00+01:00,19.52
2026-01-03T10:00:00+01:00,13.44
2026-01-03T10:15:00+01:00,5.6
2026-01-03T10:30:00+01:00,0.4
2026-01-03T10:45:00+01:00,0.48
2026-01-03T11:00:00+01:00,0.0
2026-01-03T11:15:00+01:00,0.0
2026-01-03T11:30:00+01:00,0.0
2026-01-03T11:45:00+01:00,0.0
2026-01-03T12:00:00+01:00,0.0
2026-01-03T12:15:00+01:00,0.0
2026-01-03T12:30:00+01:00,0.16
2026-01-03T12:45:00+01:00,0.0
2026-01-03T13:00:00+01:00,0.0
2026-01-03T13:15:00+01:00,0.0
2026-01-03T13:30:00+01:00,0.0
2026-01-03T13:45:00+01:00,0.0
2026-01-03T14:00:00+01:00,0.0
2026-01-03T14:15:00+01:00,0.0
2026-01-03T14:30:00+01:00,0.0
2026-01-03T14:45:00+01:00,0.0
2026-01-03T15:00:00+01:00,0.0
2026-01-03T15:15:00+01:00,0.0
2026-01-03T15:30:00+01:00,0.0
2026-01-03T15:45:00+01:00,4.32
2026-01-03T16:00:00+01:00,11.76
2026-01-03T16:15:00+01:00,19.92
2026-01-03T16:30:00+01:00,25.84
2026-01-03T16:45:00+01:00,29.6
2026-01-03T17:00:00+01:00,32.8
2026-01-03T17:15:00+01:00,32.16
2026-01-03T17:30:00+01:00,31.68
2026-01-03T17:45:00+01:00,31.04
2026-01-03T18:00:00+01:00,31.12
2026-01-03T18:15:00+01:00,32.72
2026-01-03T18:30:00+01:00,33.04
2026-01-03T18:45:00+01:00,34.08
2026-01-03T19:00:00+01:00,32.08
2026-01-03T19:15:00+01:00,32.48
2026-01-03T19:30:00+01:00,31.92
2026-01-03T19:45:00+01:00,34.4
2026-01-03T20:00:00+01:00,33.04
2026-01-03T20:15:00+01:00,34.96
2026-01-03T20:30:00+01:00,33.92
2026-01-03T20:45:00+01:00,32.64
2026-01-03T21:00:00+01:00,31.92
2026-01-03T21:15:00+01:00,31.6
2026-01-03T21:30:00+01:00,32.48
2026-01-03T21:45:00+01:00,33.6
2026-01-03T22:00:00+01:00,33.6
2026-01-03T22:15:00+01:00,32.16
2026-01-03T22:30:00+01:00,32.0
2026-01-03T22:45:00+01:00,32.48
2026-01-03T23:00:00+01:00,31.84
2026-01-03T23:15:00+01:00,31.44
2026-01-03T23:30:00+01:00,31.92
2026-01-03T23:45:00+01:00,31.52
2026-01-04T00:00:00+01:00,32.24
2026-01-04T00:15:00+01:00,31.84
2026-01-04T00:30:00+01:00,31.28
2026-01-04T00:45:00+01:00,33.76
2026-01-04T01:00:00+01:00,31.84
2026-01-04T01:15:00+01:00,32.64
2026-01-04T01:30:00+01:00,31.84
2026-01-04T01:45:00+01:00,31.76
2026-01-04T02:00:00+01:00,33.12
2026-01-04T02:15:00+01:00,31.84
2026-01-04T02:30:00+01:00,31.2
2026-01-04T02:45:00+01:00,30.88
2026-01-04T03:00:00+01:00,31.2
2026-01-04T03:15:00+01:00,31.6
2026-01-04T03:30:00+01:00,33.6
2026-01-04T03:45:00+01:00,32.8
2026-01-04T04:00:00+01:00,31.68
2026-01-04T04:15:00+01:00,33.12
2026-01-04T04:30:00+01:00,32.8
2026-01-04T04:45:00+01:00,33.68
2026-01-04T05:00:00+01:00,33.76
2026-01-04T05:15:00+01:00,36.24
2026-01-04T05:30:00+01:00,35.36
2026-01-04T05:45:00+01:00,32.32
2026-01-04T06:00:00+01:00,33.44
2026-01-04T06:15:00+01:00,34.0
2026-01-04T06:30:00+01:00,33.92
2026-01-04T06:45:00+01:00,36.16
2026-01-04T07:00:00+01:00,34.48
2026-01-04T07:15:00+01:00,34.72
2026-01-04T07:30:00+01:00,35.84
2026-01-04T07:45:00+01:00,34.0
2026-01-04T08:00:00+01:00,32.48
2026-01-04T08:15:00+01:00,27.68
2026-01-04T08:30:00+01:00,22.72
2026-01-04T08:45:00+01:00,18.88
2026-01-04T09:00:00+01:00,16.48
2026-01-04T09:15:00+01:00,10.88
2026-01-04T09:30:00+01:00,1.6
2026-01-04T09:45:00+01:00,0.08
2026-01-04T10:00:00+01:00,0.0
2026-01-04T10:15:00+01:00,0.0
2026-01-04T10:30:00+01:00,0.0
2026-01-04T10:45:00+01:00,0.0
2026-01-04T11:00:00+01:00,0.0
2026-01-04T11:15:00+01:00,0.0
2026-01-04T11:30:00+01:00,0.0
2026-01-04T11:45:00+01:00,0.0
2026-01-04T12:00:00+01:00,0.0
2026-01-04T12:15:00+01:00,0.0
2026-01-04T12:30:00+01:00,0.0
2026-01-04T12:45:00+01:00,0.0
2026-01-04T13:00:00+01:00,0.0
2026-01-04T13:15:00+01:00,0.0
2026-01-04T13:30:00+01:00,0.0
2026-01-04T13:45:00+01:00,0.0
2026-01-04T14:00:00+01:00,0.0
2026-01-04T14:15:00+01:00,0.0
2026-01-04T14:30:00+01:00,0.0
2026-01-04T14:45:00+01:00,0.0
2026-01-04T15:00:00+01:00,0.0
2026-01-04T15:15:00+01:00,0.0
2026-01-04T15:30:00+01:00,0.0
2026-01-04T15:45:00+01:00,0.0
2026-01-04T16:00:00+01:00,5.44
2026-01-04T16:15:00+01:00,18.96
2026-01-04T16:30:00+01:00,26.0
2026-01-04T16:45:00+01:00,30.72
2026-01-04T17:00:00+01:00,33.28
2026-01-04T17:15:00+01:00,36.4
2026-01-04T17:30:00+01:00,34.64
2026-01-04T17:45:00+01:00,35.36
2026-01-04T18:00:00+01:00,36.72
2026-01-04T18:15:00+01:00,38.56
2026-01-04T18:30:00+01:00,38.8
2026-01-04T18:45:00+01:00,37.52
2026-01-04T19:00:00+01:00,40.32
2026-01-04T19:15:00+01:00,35.68
2026-01-04T19:30:00+01:00,34.16
2026-01-04T19:45:00+01:00,33.76
2026-01-04T20:00:00+01:00,34.24
2026-01-04T20:15:00+01:00,34.08
2026-01-04T20:30:00+01:00,34.4
2026-01-04T20:45:00+01:00,34.48
2026-01-04T21:00:00+01:00,34.24
2026-01-04T21:15:00+01:00,34.56
2026-01-04T21:30:00+01:00,35.2
2026-01-04T21:45:00+01:00,37.52
2026-01-04T22:00:00+01:00,37.6
2026-01-04T22:15:00+01:00,36.32
2026-01-04T22:30:00+01:00,36.08
2026-01-04T22:45:00+01:00,34.56
2026-01-04T23:00:00+01:00,34.24
2026-01-04T23:15:00+01:00,34.56
2026-01-04T23:30:00+01:00,33.52
2026-01-04T23:45:00+01:00,35.6
2026-01-05T00:00:00+01:00,37.2
2026-01-05T00:15:00+01:00,34.4
2026-01-05T00:30:00+01:00,34.88
2026-01-05T00:45:00+01:00,34.24
2026-01-05T01:00:00+01:00,37.68
2026-01-05T01:15:00+01:00,37.52
2026-01-05T01:30:00+01:00,36.96
2026-01-05T01:45:00+01:00,38.08
2026-01-05T02:00:00+01:00,36.56
2026-01-05T02:15:00+01:00,36.48
2026-01-05T02:30:00+01:00,39.36
2026-01-05T02:45:00+01:00,39.04
2026-01-05T03:00:00+01:00,39.44
2026-01-05T03:15:00+01:00,38.64
2026-01-05T03:30:00+01:00,41.84
2026-01-05T03:45:00+01:00,39.12
2026-01-05T04:00:00+01:00,36.0
2026-01-05T04:15:00+01:00,36.8
2026-01-05T04:30:00+01:00,37.12
2026-01-05T04:45:00+01:00,37.68
2026-01-05T05:00:00+01:00,39.44
2026-01-05T05:15:00+01:00,39.68
2026-01-05T05:30:00+01:00,37.44
2026-01-05T05:45:00+01:00,38.16
2026-01-05T06:00:00+01:00,43.36
2026-01-05T06:15:00+01:00,44.32
2026-01-05T06:30:00+01:00,42.48
2026-01-05T06:45:00+01:00,43.68
2026-01-05T07:00:00+01:00,46.32
2026-01-05T07:15:00+01:00,50.64
2026-01-05T07:30:00+01:00,50.16
2026-01-05T07:45:00+01:00,48.96
2026-01-05T08:00:00+01:00,50.16
2026-01-05T08:15:00+01:00,50.24
2026-01-05T08:30:00+01:00,44.32
2026-01-05T08:45:00+01:00,36.8
2026-01-05T09:00:00+01:00,26.64
2026-01-05T09:15:00+01:00,22.16
2026-01-05T09:30:00+01:00,18.96
2026-01-05T09:45:00+01:00,11.52
2026-01-05T10:00:00+01:00,0.24
2026-01-05T10:15:00+01:00,0.0
2026-01-05T10:30:00+01:00,0.08
2026-01-05T10:45:00+01:00,0.0
2026-01-05T11:00:00+01:00,0.0
2026-01-05T11:15:00+01:00,0.4
2026-01-05T11:30:00+01:00,0.16
2026-01-05T11:45:00+01:00,0.32
2026-01-05T12:00:00+01:00,1.36
2026-01-05T12:15:00+01:00,0.32
2026-01-05T12:30:00+01:00,0.56
2026-01-05T12:45:00+01:00,0.0
2026-01-05T13:00:00+01:00,0.32
2026-01-05T13:15:00+01:00,0.8
2026-01-05T13:30:00+01:00,0.08
2026-01-05T13:45:00+01:00,0.0
2026-01-05T14:00:00+01:00,0.0
2026-01-05T14:15:00+01:00,0.0
2026-01-05T14:30:00+01:00,0.0
2026-01-05T14:45:00+01:00,0.0
2026-01-05T15:00:00+01:00,0.24
2026-01-05T15:15:00+01:00,1.04
2026-01-05T15:30:00+01:00,8.64
2026-01-05T15:45:00+01:00,21.92
2026-01-05T16:00:00+01:00,30.72
2026-01-05T16:15:00+01:00,38.16
2026-01-05T16:30:00+01:00,41.04
2026-01-05T16:45:00+01:00,47.2
2026-01-05T17:00:00+01:00,48.88
2026-01-05T17:15:00+01:00,46.64
2026-01-05T17:30:00+01:00,46.4
2026-01-05T17:45:00+01:00,43.04
2026-01-05T18:00:00+01:00,43.04
2026-01-05T18:15:00+01:00,41.52
2026-01-05T18:30:00+01:00,41.52
2026-01-05T18:45:00+01:00,39.84
2026-01-05T19:00:00+01:00,40.08
2026-01-05T19:15:00+01:00,41.36
2026-01-05T19:30:00+01:00,40.16
2026-01-05T19:45:00+01:00,41.84
2026-01-05T20:00:00+01:00,40.8
2026-01-05T20:15:00+01:00,39.52
2026-01-05T20:30:00+01:00,40.64
2026-01-05T20:45:00+01:00,39.6
2026-01-05T21:00:00+01:00,39.92
2026-01-05T21:15:00+01:00,40.72
2026-01-05T21:30:00+01:00,39.68
2026-01-05T21:45:00+01:00,38.88
2026-01-05T22:00:00+01:00,44.0
2026-01-05T22:15:00+01:00,41.92
2026-01-05T22:30:00+01:00,41.28
2026-01-05T22:45:00+01:00,40.72
2026-01-05T23:00:00+01:00,38.96
2026-01-05T23:15:00+01:00,35.2
2026-01-05T23:30:00+01:00,37.2
2026-01-05T23:45:00+01:00,36.32
2026-01-06T00:00:00+01:00,37.2
2026-01-06T00:15:00+01:00,36.16
2026-01-06T00:30:00+01:00,36.8
2026-01-06T00:45:00+01:00,36.48
2026-01-06T01:00:00+01:00,38.16
2026-01-06T01:15:00+01:00,38.88
2026-01-06T01:30:00+01:00,39.44
2026-01-06T01:45:00+01:00,38.56
2026-01-06T02:00:00+01:00,38.48
2026-01-06T02:15:00+01:00,37.28
2026-01-06T02:30:00+01:00,40.0
2026-01-06T02:45:00+01:00,40.32
2026-01-06T03:00:00+01:00,39.44
2026-01-06T03:15:00+01:00,38.88
2026-01-06T03:30:00+01:00,40.16
2026-01-06T03:45:00+01:00,41.6
2026-01-06T04:00:00+01:00,39.92
2026-01-06T04:15:00+01:00,41.76
2026-01-06T04:30:00+01:00,40.48
2026-01-06T04:45:00+01:00,37.92
2026-01-06T05:00:00+01:00,39.28
2026-01-06T05:15:00+01:00,39.6
2026-01-06T05:30:00+01:00,38.48
2026-01-06T05:45:00+01:00,40.48
2026-01-06T06:00:00+01:00,42.32
2026-01-06T06:15:00+01:00,44.72
2026-01-06T06:30:00+01:00,47.04
2026-01-06T06:45:00+01:00,46.16
2026-01-06T07:00:00+01:00,44.32
2026-01-06T07:15:00+01:00,45.52
2026-01-06T07:30:00+01:00,49.52
2026-01-06T07:45:00+01:00,44.16
2026-01-06T08:00:00+01:00,44.0
2026-01-06T08:15:00+01:00,41.12
2026-01-06T08:30:00+01:00,34.56
2026-01-06T08:45:00+01:00,23.2
2026-01-06T09:00:00+01:00,9.76
2026-01-06T09:15:00+01:00,0.4
2026-01-06T09:30:00+01:00,0.08
2026-01-06T09:45:00+01:00,0.0
2026-01-06T10:00:00+01:00,0.0
2026-01-06T10:15:00+01:00,0.0
2026-01-06T10:30:00+01:00,0.0
2026-01-06T10:45:00+01:00,0.0
2026-01-06T11:00:00+01:00,0.0
2026-01-06T11:15:00+01:00,0.0
2026-01-06T11:30:00+01:00,0.0
2026-01-06T11:45:00+01:00,0.0
2026-01-06T12:00:00+01:00,0.0
2026-01-06T12:15:00+01:00,0.0
2026-01-06T12:30:00+01:00,0.0
2026-01-06T12:45:00+01:00,0.0
2026-01-06T13:00:00+01:00,0.0
2026-01-06T13:15:00+01:00,0.0
2026-01-06T13:30:00+01:00,0.0
2026-01-06T13:45:00+01:00,0.0
2026-01-06T14:00:00+01:00,0.0
2026-01-06T14:15:00+01:00,0.0
2026-01-06T14:30:00+01:00,0.0
2026-01-06T14:45:00+01:00,0.0
2026-01-06T15:00:00+01:00,0.0
2026-01-06T15:15:00+01:00,0.0
2026-01-06T15:30:00+01:00,0.0
2026-01-06T15:45:00+01:00,0.56
2026-01-06T16:00:00+01:00,4.96
2026-01-06T16:15:00+01:00,24.88
2026-01-06T16:30:00+01:00,35.52
2026-01-06T16:45:00+01:00,46.72
2026-01-06T17:00:00+01:00,49.84
2026-01-06T17:15:00+01:00,48.48
2026-01-06T17:30:00+01:00,46.24
2026-01-06T17:45:00+01:00,46.96
2026-01-06T18:00:00+01:00,47.12
2026-01-06T18:15:00+01:00,43.36
2026-01-06T18:30:00+01:00,42.16
2026-01-06T18:45:00+01:00,42.16
2026-01-06T19:00:00+01:00,43.52
2026-01-06T19:15:00+01:00,43.84
2026-01-06T19:30:00+01:00,45.6
2026-01-06T19:45:00+01:00,46.24
2026-01-06T20:00:00+01:00,46.32
2026-01-06T20:15:00+01:00,44.16
2026-01-06T20:30:00+01:00,47.12
2026-01-06T20:45:00+01:00,49.52
2026-01-06T21:00:00+01:00,46.64
2026-01-06T21:15:00+01:00,48.0
2026-01-06T21:30:00+01:00,42.72
2026-01-06T21:45:00+01:00,44.64
2026-01-06T22:00:00+01:00,45.2
2026-01-06T22:15:00+01:00,44.64
2026-01-06T22:30:00+01:00,41.68
2026-01-06T22:45:00+01:00,42.08
2026-01-06T23:00:00+01:00,41.68
2026-01-06T23:15:00+01:00,41.44
2026-01-06T23:30:00+01:00,41.44
2026-01-06T23:45:00+01:00,38.72
2026-01-07T00:00:00+01:00,36.96
2026-01-07T00:15:00+01:00,38.64
2026-01-07T00:30:00+01:00,39.12
2026-01-07T00:45:00+01:00,40.56
2026-01-07T01:00:00+01:00,41.2
2026-01-07T01:15:00+01:00,40.56
2026-01-07T01:30:00+01:00,44.16
2026-01-07T01:45:00+01:00,41.44
2026-01-07T02:00:00+01:00,40.08
2026-01-07T02:15:00+01:00,39.44
2026-01-07T02:30:00+01:00,37.76
2026-01-07T02:45:00+01:00,37.44
2026-01-07T03:00:00+01:00,38.32
2026-01-07T03:15:00+01:00,38.16
2026-01-07T03:30:00+01:00,37.36
2026-01-07T03:45:00+01:00,37.84
2026-01-07T04:00:00+01:00,39.84
2026-01-07T04:15:00+01:00,39.84
2026-01-07T04:30:00+01:00,43.68
2026-01-07T04:45:00+01:00,45.68
2026-01-07T05:00:00+01:00,52.4
2026-01-07T05:15:00+01:00,68.08
2026-01-07T05:30:00+01:00,79.28
2026-01-07T05:45:00+01:00,87.76
2026-01-07T06:00:00+01:00,104.24
2026-01-07T06:15:00+01:00,151.68
2026-01-07T06:30:00+01:00,173.6
2026-01-07T06:45:00+01:00,180.48
2026-01-07T07:00:00+01:00,163.28
2026-01-07T07:15:00+01:00,170.64
2026-01-07T07:30:00+01:00,170.4
2026-01-07T07:45:00+01:00,189.52
2026-01-07T08:00:00+01:00,211.76
2026-01-07T08:15:00+01:00,223.52
2026-01-07T08:30:00+01:00,239.36
2026-01-07T08:45:00+01:00,222.24
2026-01-07T09:00:00+01:00,219.6
2026-01-07T09:15:00+01:00,199.04
2026-01-07T09:30:00+01:00,200.96
2026-01-07T09:45:00+01:00,189.2
2026-01-07T10:00:00+01:00,182.08
2026-01-07T10:15:00+01:00,158.0
2026-01-07T10:30:00+01:00,172.16
2026-01-07T10:45:00+01:00,172.64
2026-01-07T11:00:00+01:00,148.64
2026-01-07T11:15:00+01:00,130.24
2026-01-07T11:30:00+01:00,107.6
2026-01-07T11:45:00+01:00,105.6
2026-01-07T12:00:00+01:00,99.92
2026-01-07T12:15:00+01:00,85.44
2026-01-07T12:30:00+01:00,93.52
2026-01-07T12:45:00+01:00,69.76
2026-01-07T13:00:00+01:00,67.36
2026-01-07T13:15:00+01:00,72.64
2026-01-07T13:30:00+01:00,90.88
2026-01-07T13:45:00+01:00,83.04
2026-01-07T14:00:00+01:00,19.44
2026-01-07T14:15:00+01:00,104.16
2026-01-07T14:30:00+01:00,166.8
2026-01-07T14:45:00+01:00,87.2
2026-01-07T15:00:00+01:00,116.56
2026-01-07T15:15:00+01:00,142.72
2026-01-07T15:30:00+01:00,162.88
2026-01-07T15:45:00+01:00,187.44
2026-01-07T16:00:00+01:00,209.44
2026-01-07T16:15:00+01:00,255.28
2026-01-07T16:30:00+01:00,252.8
2026-01-07T16:45:00+01:00,252.4
2026-01-07T17:00:00+01:00,230.72
2026-01-07T17:15:00+01:00,249.2
2026-01-07T17:30:00+01:00,252.32
2026-01-07T17:45:00+01:00,222.0
2026-01-07T18:00:00+01:00,223.36
2026-01-07T18:15:00+01:00,256.08
2026-01-07T18:30:00+01:00,234.96
2026-01-07T18:45:00+01:00,204.32
2026-01-07T19:00:00+01:00,231.92
2026-01-07T19:15:00+01:00,227.12
2026-01-07T19:30:00+01:00,235.04
2026-01-07T19:45:00+01:00,212.8
2026-01-07T20:00:00+01:00,184.4
2026-01-07T20:15:00+01:00,180.0
2026-01-07T20:30:00+01:00,215.76
2026-01-07T20:45:00+01:00,210.0
2026-01-07T21:00:00+01:00,211.84
2026-01-07T21:15:00+01:00,211.52
2026-01-07T21:30:00+01:00,197.84
2026-01-07T21:45:00+01:00,198.96
2026-01-07T22:00:00+01:00,178.32
2026-01-07T22:15:00+01:00,192.24
2026-01-07T22:30:00+01:00,174.56
2026-01-07T22:45:00+01:00,171.84
2026-01-07T23:00:00+01:00,165.68
2026-01-07T23:15:00+01:00,172.64
2026-01-07T23:30:00+01:00,187.76
2026-01-07T23:45:00+01:00,180.24
2026-01-08T00:00:00+01:00,152.08
2026-01-08T00:15:00+01:00,153.12
2026-01-08T00:30:00+01:00,144.32
2026-01-08T00:45:00+01:00,185.2
2026-01-08T01:00:00+01:00,200.24
2026-01-08T01:15:00+01:00,174.96
2026-01-08T01:30:00+01:00,150.4
2026-01-08T01:45:00+01:00,149.28
2026-01-08T02:00:00+01:00,147.68
2026-01-08T02:15:00+01:00,162.4
2026-01-08T02:30:00+01:00,160.72
2026-01-08T02:45:00+01:00,196.48
2026-01-08T03:00:00+01:00,174.64
2026-01-08T03:15:00+01:00,167.52
2026-01-08T03:30:00+01:00,182.48
2026-01-08T03:45:00+01:00,180.96
2026-01-08T04:00:00+01:00,160.48
2026-01-08T04:15:00+01:00,134.96
2026-01-08T04:30:00+01:00,211.44
2026-01-08T04:45:00+01:00,220.08
2026-01-08T05:00:00+01:00,178.72
2026-01-08T05:15:00+01:00,192.72
2026-01-08T05:30:00+01:00,203.76
2026-01-08T05:45:00+01:00,241.28
2026-01-08T06:00:00+01:00,257.76
2026-01-08T06:15:00+01:00,276.8
2026-01-08T06:30:00+01:00,281.04
2026-01-08T06:45:00+01:00,272.48
2026-01-08T07:00:00+01:00,285.2
2026-01-08T07:15:00+01:00,256.56
2026-01-08T07:30:00+01:00,273.44
2026-01-08T07:45:00+01:00,252.4
2026-01-08T08:00:00+01:00,265.04
2026-01-08T08:15:00+01:00,289.12
2026-01-08T08:30:00+01:00,314.32
2026-01-08T08:45:00+01:00,312.72
2026-01-08T09:00:00+01:00,298.4
2026-01-08T09:15:00+01:00,272.96
2026-01-08T09:30:00+01:00,260.16
2026-01-08T09:45:00+01:00,244.88
2026-01-08T10:00:00+01:00,249.6
2026-01-08T10:15:00+01:00,263.52
2026-01-08T10:30:00+01:00,250.8
2026-01-08T10:45:00+01:00,221.28
2026-01-08T11:00:00+01:00,240.32
2026-01-08T11:15:00+01:00,241.92
2026-01-08T11:30:00+01:00,242.96
2026-01-08T11:45:00+01:00,250.48
2026-01-08T12:00:00+01:00,228.72
2026-01-08T12:15:00+01:00,225.28
2026-01-08T12:30:00+01:00,268.72
2026-01-08T12:45:00+01:00,276.56
2026-01-08T13:00:00+01:00,260.72
2026-01-08T13:15:00+01:00,271.6
2026-01-08T13:30:00+01:00,268.0
2026-01-08T13:45:00+01:00,268.8
2026-01-08T14:00:00+01:00,214.48
2026-01-08T14:15:00+01:00,201.36
2026-01-08T14:30:00+01:00,199.2
2026-01-08T14:45:00+01:00,210.0
2026-01-08T15:00:00+01:00,187.04
2026-01-08T15:15:00+01:00,215.52
2026-01-08T15:30:00+01:00,210.24
2026-01-08T15:45:00+01:00,199.68
2026-01-08T16:00:00+01:00,201.76
2026-01-08T16:15:00+01:00,203.44
2026-01-08T16:30:00+01:00,200.24
2026-01-08T16:45:00+01:00,225.76
2026-01-08T17:00:00+01:00,215.68
2026-01-08T17:15:00+01:00,206.48
2026-01-08T17:30:00+01:00,226.16
2026-01-08T17:45:00+01:00,252.88
2026-01-08T18:00:00+01:00,245.12
2026-01-08T18:15:00+01:00,215.04
2026-01-08T18:30:00+01:00,195.76
2026-01-08T18:45:00+01:00,184.4
2026-01-08T19:00:00+01:00,189.68
2026-01-08T19:15:00+01:00,210.48
2026-01-08T19:30:00+01:00,184.8
2026-01-08T19:45:00+01:00,193.04
2026-01-08T20:00:00+01:00,191.12
2026-01-08T20:15:00+01:00,209.76
2026-01-08T20:30:00+01:00,213.2
2026-01-08T20:45:00+01:00,182.16
2026-01-08T21:00:00+01:00,170.32
2026-01-08T21:15:00+01:00,173.52
2026-01-08T21:30:00+01:00,156.48
2026-01-08T21:45:00+01:00,167.6
2026-01-08T22:00:00+01:00,154.32
2026-01-08T22:15:00+01:00,148.48
2026-01-08T22:30:00+01:00,160.48
2026-01-08T22:45:00+01:00,151.44
2026-01-08T23:00:00+01:00,176.56
2026-01-08T23:15:00+01:00,162.32
2026-01-08T23:30:00+01:00,157.04
2026-01-08T23:45:00+01:00,166.16
2026-01-09T00:00:00+01:00,160.96
2026-01-09T00:15:00+01:00,168.96
2026-01-09T00:30:00+01:00,158.48
2026-01-09T00:45:00+01:00,157.84
2026-01-09T01:00:00+01:00,158.16
2026-01-09T01:15:00+01:00,174.32
2026-01-09T01:30:00+01:00,157.84
2026-01-09T01:45:00+01:00,155.84
2026-01-09T02:00:00+01:00,159.44
2026-01-09T02:15:00+01:00,160.88
2026-01-09T02:30:00+01:00,163.12
2026-01-09T02:45:00+01:00,139.76
2026-01-09T03:00:00+01:00,117.68
2026-01-09T03:15:00+01:00,130.72
2026-01-09T03:30:00+01:00,114.96
2026-01-09T03:45:00+01:00,132.24
2026-01-09T04:00:00+01:00,142.08
2026-01-09T04:15:00+01:00,126.4
2026-01-09T04:30:00+01:00,160.08
2026-01-09T04:45:00+01:00,148.96
2026-01-09T05:00:00+01:00,167.28
2026-01-09T05:15:00+01:00,152.48
2026-01-09T05:30:00+01:00,155.44
2026-01-09T05:45:00+01:00,177.2
2026-01-09T06:00:00+01:00,171.6
2026-01-09T06:15:00+01:00,176.8
2026-01-09T06:30:00+01:00,202.8
2026-01-09T06:45:00+01:00,209.12
2026-01-09T07:00:00+01:00,220.72
2026-01-09T07:15:00+01:00,195.12
2026-01-09T07:30:00+01:00,219.2
2026-01-09T07:45:00+01:00,203.68
2026-01-09T08:00:00+01:00,261.36
2026-01-09T08:15:00+01:00,244.24
2026-01-09T08:30:00+01:00,222.64
2026-01-09T08:45:00+01:00,248.0
2026-01-09T09:00:00+01:00,236.16
2026-01-09T09:15:00+01:00,198.24
2026-01-09T09:30:00+01:00,210.4
2026-01-09T09:45:00+01:00,216.64
2026-01-09T10:00:00+01:00,259.92
2026-01-09T10:15:00+01:00,263.12
2026-01-09T10:30:00+01:00,257.12
2026-01-09T10:45:00+01:00,217.92
2026-01-09T11:00:00+01:00,242.16
2026-01-09T11:15:00+01:00,222.24
2026-01-09T11:30:00+01:00,225.2
2026-01-09T11:45:00+01:00,206.08
2026-01-09T12:00:00+01:00,175.76
2026-01-09T12:15:00+01:00,158.08
2026-01-09T12:30:00+01:00,178.8
2026-01-09T12:45:00+01:00,176.32
2026-01-09T13:00:00+01:00,162.4
2026-01-09T13:15:00+01:00,169.52
2026-01-09T13:30:00+01:00,198.08
2026-01-09T13:45:00+01:00,163.44
2026-01-09T14:00:00+01:00,134.24
2026-01-09T14:15:00+01:00,140.32
2026-01-09T14:30:00+01:00,143.6
2026-01-09T14:45:00+01:00,160.24
2026-01-09T15:00:00+01:00,172.4
2026-01-09T15:15:00+01:00,145.84
2026-01-09T15:30:00+01:00,156.16
2026-01-09T15:45:00+01:00,186.16
2026-01-09T16:00:00+01:00,162.96
2026-01-09T16:15:00+01:00,140.56
2026-01-09T16:30:00+01:00,137.28
2026-01-09T16:45:00+01:00,144.64
2026-01-09T17:00:00+01:00,144.4
2026-01-09T17:15:00+01:00,176.8
2026-01-09T17:30:00+01:00,181.84
2026-01-09T17:45:00+01:00,155.44
2026-01-09T18:00:00+01:00,124.96
2026-01-09T18:15:00+01:00,134.64
2026-01-09T18:30:00+01:00,160.32
2026-01-09T18:45:00+01:00,175.68
2026-01-09T19:00:00+01:00,167.44
2026-01-09T19:15:00+01:00,148.72
2026-01-09T19:30:00+01:00,151.04
2026-01-09T19:45:00+01:00,139.44
2026-01-09T20:00:00+01:00,131.12
2026-01-09T20:15:00+01:00,123.76
2026-01-09T20:30:00+01:00,93.68
2026-01-09T20:45:00+01:00,81.36
2026-01-09T21:00:00+01:00,78.16
2026-01-09T21:15:00+01:00,58.48
2026-01-09T21:30:00+01:00,54.0
2026-01-09T21:45:00+01:00,54.4
2026-01-09T22:00:00+01:00,55.2
2026-01-09T22:15:00+01:00,52.48
2026-01-09T22:30:00+01:00,50.08
2026-01-09T22:45:00+01:00,51.44
2026-01-09T23:00:00+01:00,50.24
2026-01-09T23:15:00+01:00,48.96
2026-01-09T23:30:00+01:00,51.68
2026-01-09T23:45:00+01:00,48.48
2026-01-10T00:00:00+01:00,48.08
2026-01-10T00:15:00+01:00,46.96
2026-01-10T00:30:00+01:00,46.8
2026-01-10T00:45:00+01:00,46.48
2026-01-10T01:00:00+01:00,47.92
2026-01-10T01:15:00+01:00,48.16
2026-01-10T01:30:00+01:00,46.96
2026-01-10T01:45:00+01:00,47.92
2026-01-10T02:00:00+01:00,48.32
2026-01-10T02:15:00+01:00,51.12
2026-01-10T02:30:00+01:00,48.8
2026-01-10T02:45:00+01:00,47.68
2026-01-10T03:00:00+01:00,44.64
2026-01-10T03:15:00+01:00,43.44
2026-01-10T03:30:00+01:00,43.6
2026-01-10T03:45:00+01:00,43.2
2026-01-10T04:00:00+01:00,42.8
2026-01-10T04:15:00+01:00,45.12
2026-01-10T04:30:00+01:00,43.2
2026-01-10T04:45:00+01:00,44.56
2026-01-10T05:00:00+01:00,47.84
2026-01-10T05:15:00+01:00,45.28
2026-01-10T05:30:00+01:00,45.84
2026-01-10T05:45:00+01:00,44.4
2026-01-10T06:00:00+01:00,44.48
2026-01-10T06:15:00+01:00,44.56
2026-01-10T06:30:00+01:00,43.84
2026-01-10T06:45:00+01:00,43.2
2026-01-10T07:00:00+01:00,44.0
2026-01-10T07:15:00+01:00,44.16
2026-01-10T07:30:00+01:00,44.24
2026-01-10T07:45:00+01:00,44.72
2026-01-10T08:00:00+01:00,42.88
2026-01-10T08:15:00+01:00,40.96
2026-01-10T08:30:00+01:00,40.56
2026-01-10T08:45:00+01:00,40.32
2026-01-10T09:00:00+01:00,37.36
2026-01-10T09:15:00+01:00,35.36
2026-01-10T09:30:00+01:00,29.36
2026-01-10T09:45:00+01:00,15.6
2026-01-10T10:00:00+01:00,10.16
2026-01-10T10:15:00+01:00,9.44
2026-01-10T10:30:00+01:00,8.56
2026-01-10T10:45:00+01:00,4.4
2026-01-10T11:00:00+01:00,1.84
2026-01-10T11:15:00+01:00,0.48
2026-01-10T11:30:00+01:00,0.4
2026-01-10T11:45:00+01:00,0.96
2026-01-10T12:00:00+01:00,0.08
2026-01-10T12:15:00+01:00,0.0
2026-01-10T12:30:00+01:00,0.08
2026-01-10T12:45:00+01:00,0.0
2026-01-10T13:00:00+01:00,7.52
2026-01-10T13:15:00+01:00,1.12
2026-01-10T13:30:00+01:00,1.68
2026-01-10T13:45:00+01:00,5.52
2026-01-10T14:00:00+01:00,9.52
2026-01-10T14:15:00+01:00,16.0
2026-01-10T14:30:00+01:00,4.48
2026-01-10T14:45:00+01:00,0.64
2026-01-10T15:00:00+01:00,0.32
2026-01-10T15:15:00+01:00,6.48
2026-01-10T15:30:00+01:00,5.6
2026-01-10T15:45:00+01:00,6.24
2026-01-10T16:00:00+01:00,24.0
2026-01-10T16:15:00+01:00,32.96
2026-01-10T16:30:00+01:00,36.72
2026-01-10T16:45:00+01:00,41.76
2026-01-10T17:00:00+01:00,42.0
2026-01-10T17:15:00+01:00,43.6
2026-01-10T17:30:00+01:00,44.0
2026-01-10T17:45:00+01:00,41.68
2026-01-10T18:00:00+01:00,42.72
2026-01-10T18:15:00+01:00,43.04
2026-01-10T18:30:00+01:00,44.88
2026-01-10T18:45:00+01:00,44.56
2026-01-10T19:00:00+01:00,46.8
2026-01-10T19:15:00+01:00,46.96
2026-01-10T19:30:00+01:00,44.72
2026-01-10T19:45:00+01:00,44.08
2026-01-10T20:00:00+01:00,43.76
2026-01-10T20:15:00+01:00,44.56
2026-01-10T20:30:00+01:00,45.52
2026-01-10T20:45:00+01:00,43.36
2026-01-10T21:00:00+01:00,47.6
2026-01-10T21:15:00+01:00,44.56
2026-01-10T21:30:00+01:00,43.44
2026-01-10T21:45:00+01:00,46.0
2026-01-10T22:00:00+01:00,48.48
2026-01-10T22:15:00+01:00,45.36
2026-01-10T22:30:00+01:00,47.04
2026-01-10T22:45:00+01:00,45.76
2026-01-10T23:00:00+01:00,44.16
2026-01-10T23:15:00+01:00,45.28
2026-01-10T23:30:00+01:00,45.84
2026-01-10T23:45:00+01:00,45.76
2026-01-11T00:00:00+01:00,45.2
2026-01-11T00:15:00+01:00,42.72
2026-01-11T00:30:00+01:00,43.04
2026-01-11T00:45:00+01:00,43.2
2026-01-11T01:00:00+01:00,41.92
2026-01-11T01:15:00+01:00,42.8
2026-01-11T01:30:00+01:00,43.44
2026-01-11T01:45:00+01:00,42.8
2026-01-11T02:00:00+01:00,43.04
2026-01-11T02:15:00+01:00,45.6
2026-01-11T02:30:00+01:00,46.88
2026-01-11T02:45:00+01:00,43.6
2026-01-11T03:00:00+01:00,45.44
2026-01-11T03:15:00+01:00,46.88
2026-01-11T03:30:00+01:00,43.44
2026-01-11T03:45:00+01:00,43.84
2026-01-11T04:00:00+01:00,44.32
2026-01-11T04:15:00+01:00,43.84
2026-01-11T04:30:00+01:00,44.24
2026-01-11T04:45:00+01:00,44.0
2026-01-11T05:00:00+01:00,43.92
2026-01-11T05:15:00+01:00,45.52
2026-01-11T05:30:00+01:00,44.8
2026-01-11T05:45:00+01:00,43.6
2026-01-11T06:00:00+01:00,47.84
2026-01-11T06:15:00+01:00,47.76
2026-01-11T06:30:00+01:00,45.68
2026-01-11T06:45:00+01:00,44.72
2026-01-11T07:00:00+01:00,44.8
2026-01-11T07:15:00+01:00,44.8
2026-01-11T07:30:00+01:00,45.04
2026-01-11T07:45:00+01:00,45.44
2026-01-11T08:00:00+01:00,44.88
2026-01-11T08:15:00+01:00,44.4
2026-01-11T08:30:00+01:00,45.76
2026-01-11T08:45:00+01:00,41.68
2026-01-11T09:00:00+01:00,43.76
2026-01-11T09:15:00+01:00,46.08
2026-01-11T09:30:00+01:00,40.96
2026-01-11T09:45:00+01:00,38.88
2026-01-11T10:00:00+01:00,36.64
2026-01-11T10:15:00+01:00,36.8
2026-01-11T10:30:00+01:00,34.56
2026-01-11T10:45:00+01:00,35.2
2026-01-11T11:00:00+01:00,32.16
2026-01-11T11:15:00+01:00,28.56
2026-01-11T11:30:00+01:00,31.84
2026-01-11T11:45:00+01:00,36.56
2026-01-11T12:00:00+01:00,29.68
2026-01-11T12:15:00+01:00,31.28
2026-01-11T12:30:00+01:00,33.52
2026-01-11T12:45:00+01:00,32.56
2026-01-11T13:00:00+01:00,38.24
2026-01-11T13:15:00+01:00,36.48
2026-01-11T13:30:00+01:00,28.24
2026-01-11T13:45:00+01:00,29.92
2026-01-11T14:00:00+01:00,36.56
2026-01-11T14:15:00+01:00,38.0
2026-01-11T14:30:00+01:00,37.44
2026-01-11T14:45:00+01:00,36.08
2026-01-11T15:00:00+01:00,36.4
2026-01-11T15:15:00+01:00,38.64
2026-01-11T15:30:00+01:00,38.4
2026-01-11T15:45:00+01:00,42.4
2026-01-11T16:00:00+01:00,41.76
2026-01-11T16:15:00+01:00,42.8
2026-01-11T16:30:00+01:00,43.12
2026-01-11T16:45:00+01:00,43.44
2026-01-11T17:00:00+01:00,43.92
2026-01-11T17:15:00+01:00,44.0
2026-01-11T17:30:00+01:00,43.68
2026-01-11T17:45:00+01:00,44.56
2026-01-11T18:00:00+01:00,44.56
2026-01-11T18:15:00+01:00,46.16
2026-01-11T18:30:00+01:00,45.2
2026-01-11T18:45:00+01:00,43.76
2026-01-11T19:00:00+01:00,43.36
2026-01-11T19:15:00+01:00,43.92
2026-01-11T19:30:00+01:00,44.48
2026-01-11T19:45:00+01:00,44.48
2026-01-11T20:00:00+01:00,44.72
2026-01-11T20:15:00+01:00,46.64
2026-01-11T20:30:00+01:00,49.2
2026-01-11T20:45:00+01:00,50.24
2026-01-11T21:00:00+01:00,46.8
2026-01-11T21:15:00+01:00,48.0
2026-01-11T21:30:00+01:00,48.64
2026-01-11T21:45:00+01:00,46.4
2026-01-11T22:00:00+01:00,47.76
2026-01-11T22:15:00+01:00,46.32
2026-01-11T22:30:00+01:00,47.6
2026-01-11T22:45:00+01:00,44.96
2026-01-11T23:00:00+01:00,49.2
2026-01-11T23:15:00+01:00,52.4
2026-01-11T23:30:00+01:00,51.44
2026-01-11T23:45:00+01:00,52.96
2026-01-12T00:00:00+01:00,52.64
2026-01-12T00:15:00+01:00,52.96
2026-01-12T00:30:00+01:00,51.28
2026-01-12T00:45:00+01:00,54.32
2026-01-12T01:00:00+01:00,52.4
2026-01-12T01:15:00+01:00,53.92
2026-01-12T01:30:00+01:00,54.4
2026-01-12T01:45:00+01:00,53.76
2026-01-12T02:00:00+01:00,54.56
2026-01-12T02:15:00+01:00,54.08
2026-01-12T02:30:00+01:00,54.64
2026-01-12T02:45:00+01:00,53.04
2026-01-12T03:00:00+01:00,50.48
2026-01-12T03:15:00+01:00,52.08
2026-01-12T03:30:00+01:00,54.24
2026-01-12T03:45:00+01:00,51.04
2026-01-12T04:00:00+01:00,50.32
2026-01-12T04:15:00+01:00,55.68
2026-01-12T04:30:00+01:00,55.92
2026-01-12T04:45:00+01:00,65.2
2026-01-12T05:00:00+01:00,66.4
2026-01-12T05:15:00+01:00,79.2
2026-01-12T05:30:00+01:00,106.96
2026-01-12T05:45:00+01:00,131.84
2026-01-12T06:00:00+01:00,176.8
2026-01-12T06:15:00+01:00,250.8
2026-01-12T06:30:00+01:00,235.2
2026-01-12T06:45:00+01:00,211.04
2026-01-12T07:00:00+01:00,217.6
2026-01-12T07:15:00+01:00,249.92
2026-01-12T07:30:00+01:00,227.6
2026-01-12T07:45:00+01:00,242.64
2026-01-12T08:00:00+01:00,274.0
2026-01-12T08:15:00+01:00,245.28
2026-01-12T08:30:00+01:00,284.88
2026-01-12T08:45:00+01:00,278.96
2026-01-12T09:00:00+01:00,327.84
2026-01-12T09:15:00+01:00,311.6
2026-01-12T09:30:00+01:00,287.76
2026-01-12T09:45:00+01:00,296.8
2026-01-12T10:00:00+01:00,334.96
2026-01-12T10:15:00+01:00,289.36
2026-01-12T10:30:00+01:00,301.76
2026-01-12T10:45:00+01:00,364.64
2026-01-12T11:00:00+01:00,370.32
2026-01-12T11:15:00+01:00,270.32
2026-01-12T11:30:00+01:00,241.12
2026-01-12T11:45:00+01:00,299.52
2026-01-12T12:00:00+01:00,289.44
2026-01-12T12:15:00+01:00,269.68
2026-01-12T12:30:00+01:00,335.28
2026-01-12T12:45:00+01:00,335.2
2026-01-12T13:00:00+01:00,267.68
2026-01-12T13:15:00+01:00,324.56
2026-01-12T13:30:00+01:00,328.56
2026-01-12T13:45:00+01:00,351.52
2026-01-12T14:00:00+01:00,283.52
2026-01-12T14:15:00+01:00,240.88
2026-01-12T14:30:00+01:00,244.0
2026-01-12T14:45:00+01:00,244.64
2026-01-12T15:00:00+01:00,234.72
2026-01-12T15:15:00+01:00,226.56
2026-01-12T15:30:00+01:00,240.72
2026-01-12T15:45:00+01:00,259.68
2026-01-12T16:00:00+01:00,258.96
2026-01-12T16:15:00+01:00,252.64
2026-01-12T16:30:00+01:00,256.0
2026-01-12T16:45:00+01:00,270.08
2026-01-12T17:00:00+01:00,290.48
2026-01-12T17:15:00+01:00,304.24
2026-01-12T17:30:00+01:00,229.68
2026-01-12T17:45:00+01:00,223.28
2026-01-12T18:00:00+01:00,253.12
2026-01-12T18:15:00+01:00,281.52
2026-01-12T18:30:00+01:00,224.56
2026-01-12T18:45:00+01:00,223.76
2026-01-12T19:00:00+01:00,206.0
2026-01-12T19:15:00+01:00,200.24
2026-01-12T19:30:00+01:00,261.68
2026-01-12T19:45:00+01:00,224.24
2026-01-12T20:00:00+01:00,245.44
2026-01-12T20:15:00+01:00,212.4
2026-01-12T20:30:00+01:00,270.32
2026-01-12T20:45:00+01:00,219.92
2026-01-12T21:00:00+01:00,219.36
2026-01-12T21:15:00+01:00,216.32
2026-01-12T21:30:00+01:00,212.24
2026-01-12T21:45:00+01:00,214.32
2026-01-12T22:00:00+01:00,193.6
2026-01-12T22:15:00+01:00,179.44
2026-01-12T22:30:00+01:00,178.08
2026-01-12T22:45:00+01:00,180.96
2026-01-12T23:00:00+01:00,174.48
2026-01-12T23:15:00+01:00,201.76
2026-01-12T23:30:00+01:00,192.0
2026-01-12T23:45:00+01:00,204.72
2026-01-13T00:00:00+01:00,207.36
2026-01-13T00:15:00+01:00,184.64
2026-01-13T00:30:00+01:00,185.44
2026-01-13T00:45:00+01:00,237.52
2026-01-13T01:00:00+01:00,185.84
2026-01-13T01:15:00+01:00,237.76
2026-01-13T01:30:00+01:00,211.2
2026-01-13T01:45:00+01:00,239.36
2026-01-13T02:00:00+01:00,178.72
2026-01-13T02:15:00+01:00,194.8
2026-01-13T02:30:00+01:00,171.36
2026-01-13T02:45:00+01:00,159.6
2026-01-13T03:00:00+01:00,152.16
2026-01-13T03:15:00+01:00,181.12
2026-01-13T03:30:00+01:00,171.44
2026-01-13T03:45:00+01:00,190.16
2026-01-13T04:00:00+01:00,212.64
2026-01-13T04:15:00+01:00,165.04
2026-01-13T04:30:00+01:00,169.28
2026-01-13T04:45:00+01:00,197.36
2026-01-13T05:00:00+01:00,241.76
2026-01-13T05:15:00+01:00,246.08
2026-01-13T05:30:00+01:00,277.52
2026-01-13T05:45:00+01:00,275.52
2026-01-13T06:00:00+01:00,222.4
2026-01-13T06:15:00+01:00,229.76
2026-01-13T06:30:00+01:00,237.2
2026-01-13T06:45:00+01:00,248.48
2026-01-13T07:00:00+01:00,334.48
2026-01-13T07:15:00+01:00,305.36
2026-01-13T07:30:00+01:00,331.36
2026-01-13T07:45:00+01:00,313.76
2026-01-13T08:00:00+01:00,306.32
2026-01-13T08:15:00+01:00,329.36
2026-01-13T08:30:00+01:00,342.32
2026-01-13T08:45:00+01:00,289.84
2026-01-13T09:00:00+01:00,358.4
2026-01-13T09:15:00+01:00,290.48
2026-01-13T09:30:00+01:00,296.96
2026-01-13T09:45:00+01:00,304.88
2026-01-13T10:00:00+01:00,297.6
2026-01-13T10:15:00+01:00,291.52
2026-01-13T10:30:00+01:00,289.84
2026-01-13T10:45:00+01:00,292.96
2026-01-13T11:00:00+01:00,278.08
2026-01-13T11:15:00+01:00,258.16
2026-01-13T11:30:00+01:00,252.08
2026-01-13T11:45:00+01:00,210.88
2026-01-13T12:00:00+01:00,185.2
2026-01-13T12:15:00+01:00,156.16
2026-01-13T12:30:00+01:00,24.24
2026-01-13T12:45:00+01:00,106.56
2026-01-13T13:00:00+01:00,91.28
2026-01-13T13:15:00+01:00,56.24
2026-01-13T13:30:00+01:00,176.64
2026-01-13T13:45:00+01:00,166.56
2026-01-13T14:00:00+01:00,173.92
2026-01-13T14:15:00+01:00,94.4
2026-01-13T14:30:00+01:00,41.2
2026-01-13T14:45:00+01:00,113.28
2026-01-13T15:00:00+01:00,112.24
2026-01-13T15:15:00+01:00,137.04
2026-01-13T15:30:00+01:00,216.96
2026-01-13T15:45:00+01:00,267.2
2026-01-13T16:00:00+01:00,211.28
2026-01-13T16:15:00+01:00,196.48
2026-01-13T16:30:00+01:00,222.96
2026-01-13T16:45:00+01:00,298.08
2026-01-13T17:00:00+01:00,287.52
2026-01-13T17:15:00+01:00,216.48
2026-01-13T17:30:00+01:00,258.64
2026-01-13T17:45:00+01:00,265.76
2026-01-13T18:00:00+01:00,279.12
2026-01-13T18:15:00+01:00,255.28
2026-01-13T18:30:00+01:00,245.28
2026-01-13T18:45:00+01:00,248.72
2026-01-13T19:00:00+01:00,248.48
2026-01-13T19:15:00+01:00,271.68
2026-01-13T19:30:00+01:00,288.0
2026-01-13T19:45:00+01:00,271.44
2026-01-13T20:00:00+01:00,255.68
2026-01-13T20:15:00+01:00,238.56
2026-01-13T20:30:00+01:00,263.92
2026-01-13T20:45:00+01:00,212.56
2026-01-13T21:00:00+01:00,209.6
2026-01-13T21:15:00+01:00,195.44
2026-01-13T21:30:00+01:00,193.6
2026-01-13T21:45:00+01:00,206.88
2026-01-13T22:00:00+01:00,189.84
2026-01-13T22:15:00+01:00,178.0
2026-01-13T22:30:00+01:00,188.48
2026-01-13T22:45:00+01:00,187.52
2026-01-13T23:00:00+01:00,175.2
2026-01-13T23:15:00+01:00,178.88
2026-01-13T23:30:00+01:00,182.88
2026-01-13T23:45:00+01:00,204.08
2026-01-14T00:00:00+01:00,160.8
2026-01-14T00:15:00+01:00,187.6
2026-01-14T00:30:00+01:00,166.08
2026-01-14T00:45:00+01:00,198.56
2026-01-14T01:00:00+01:00,180.16
2026-01-14T01:15:00+01:00,147.52
2026-01-14T01:30:00+01:00,192.32
2026-01-14T01:45:00+01:00,167.44
2026-01-14T02:00:00+01:00,170.64
2026-01-14T02:15:00+01:00,189.76
2026-01-14T02:30:00+01:00,147.6
2026-01-14T02:45:00+01:00,182.64
2026-01-14T03:00:00+01:00,216.16
2026-01-14T03:15:00+01:00,240.24
2026-01-14T03:30:00+01:00,252.48
2026-01-14T03:45:00+01:00,249.12
2026-01-14T04:00:00+01:00,268.72
2026-01-14T04:15:00+01:00,260.0
2026-01-14T04:30:00+01:00,237.36
2026-01-14T04:45:00+01:00,239.68
2026-01-14T05:00:00+01:00,253.68
2026-01-14T05:15:00+01:00,275.92
2026-01-14T05:30:00+01:00,280.32
2026-01-14T05:45:00+01:00,290.08
2026-01-14T06:00:00+01:00,289.28
2026-01-14T06:15:00+01:00,277.04
2026-01-14T06:30:00+01:00,291.12
2026-01-14T06:45:00+01:00,308.16
2026-01-14T07:00:00+01:00,333.36
2026-01-14T07:15:00+01:00,358.4
2026-01-14T07:30:00+01:00,327.6
2026-01-14T07:45:00+01:00,319.36
2026-01-14T08:00:00+01:00,317.92
2026-01-14T08:15:00+01:00,329.04
2026-01-14T08:30:00+01:00,336.0
2026-01-14T08:45:00+01:00,334.32
2026-01-14T09:00:00+01:00,305.76
2026-01-14T09:15:00+01:00,272.72
2026-01-14T09:30:00+01:00,193.68
2026-01-14T09:45:00+01:00,140.32
2026-01-14T10:00:00+01:00,110.0
2026-01-14T10:15:00+01:00,118.8
2026-01-14T10:30:00+01:00,129.76
2026-01-14T10:45:00+01:00,45.04
2026-01-14T11:00:00+01:00,7.84
2026-01-14T11:15:00+01:00,50.8
2026-01-14T11:30:00+01:00,96.32
2026-01-14T11:45:00+01:00,67.84
2026-01-14T12:00:00+01:00,98.08
2026-01-14T12:15:00+01:00,111.76
2026-01-14T12:30:00+01:00,51.36
2026-01-14T12:45:00+01:00,27.84
2026-01-14T13:00:00+01:00,2.16
2026-01-14T13:15:00+01:00,113.2
2026-01-14T13:30:00+01:00,24.4
2026-01-14T13:45:00+01:00,48.0
2026-01-14T14:00:00+01:00,17.04
2026-01-14T14:15:00+01:00,32.16
2026-01-14T14:30:00+01:00,57.12
2026-01-14T14:45:00+01:00,68.4
2026-01-14T15:00:00+01:00,107.2
2026-01-14T15:15:00+01:00,140.32
2026-01-14T15:30:00+01:00,184.08
2026-01-14T15:45:00+01:00,180.8
2026-01-14T16:00:00+01:00,203.44
2026-01-14T16:15:00+01:00,190.24
2026-01-14T16:30:00+01:00,189.2
2026-01-14T16:45:00+01:00,214.96
2026-01-14T17:00:00+01:00,203.2
2026-01-14T17:15:00+01:00,225.76
2026-01-14T17:30:00+01:00,211.92
2026-01-14T17:45:00+01:00,204.64
2026-01-14T18:00:00+01:00,216.0
2026-01-14T18:15:00+01:00,195.92
2026-01-14T18:30:00+01:00,179.68
2026-01-14T18:45:00+01:00,207.84
2026-01-14T19:00:00+01:00,224.8
2026-01-14T19:15:00+01:00,204.08
2026-01-14T19:30:00+01:00,189.52
2026-01-14T19:45:00+01:00,210.0
2026-01-14T20:00:00+01:00,182.56
2026-01-14T20:15:00+01:00,186.32
2026-01-14T20:30:00+01:00,192.08
2026-01-14T20:45:00+01:00,197.04
2026-01-14T21:00:00+01:00,217.68
2026-01-14T21:15:00+01:00,244.0
2026-01-14T21:30:00+01:00,220.24
2026-01-14T21:45:00+01:00,224.08
2026-01-14T22:00:00+01:00,196.96
2026-01-14T22:15:00+01:00,170.48
2026-01-14T22:30:00+01:00,174.48
2026-01-14T22:45:00+01:00,161.44
2026-01-14T23:00:00+01:00,178.32
2026-01-14T23:15:00+01:00,192.32
2026-01-14T23:30:00+01:00,186.08
2026-01-14T23:45:00+01:00,195.84
2026-01-15T00:00:00+01:00,204.8
2026-01-15T00:15:00+01:00,189.76
2026-01-15T00:30:00+01:00,187.6
2026-01-15T00:45:00+01:00,186.48
2026-01-15T01:00:00+01:00,190.88
2026-01-15T01:15:00+01:00,213.44
2026-01-15T01:30:00+01:00,170.88
2026-01-15T01:45:00+01:00,185.2
2026-01-15T02:00:00+01:00,174.16
2026-01-15T02:15:00+01:00,198.88
2026-01-15T02:30:00+01:00,220.24
2026-01-15T02:45:00+01:00,191.52
2026-01-15T03:00:00+01:00,180.4
2026-01-15T03:15:00+01:00,186.64
2026-01-15T03:30:00+01:00,177.68
2026-01-15T03:45:00+01:00,160.72
2026-01-15T04:00:00+01:00,175.2
2026-01-15T04:15:00+01:00,187.84
2026-01-15T04:30:00+01:00,206.72
2026-01-15T04:45:00+01:00,227.76
2026-01-15T05:00:00+01:00,184.4
2026-01-15T05:15:00+01:00,209.12
2026-01-15T05:30:00+01:00,216.88
2026-01-15T05:45:00+01:00,256.56
2026-01-15T06:00:00+01:00,244.32
2026-01-15T06:15:00+01:00,248.88
2026-01-15T06:30:00+01:00,243.6
2026-01-15T06:45:00+01:00,224.72
2026-01-15T07:00:00+01:00,263.12
2026-01-15T07:15:00+01:00,251.68
2026-01-15T07:30:00+01:00,283.2
2026-01-15T07:45:00+01:00,261.6
2026-01-15T08:00:00+01:00,272.96
2026-01-15T08:15:00+01:00,317.68
2026-01-15T08:30:00+01:00,337.52
2026-01-15T08:45:00+01:00,286.56
2026-01-15T09:00:00+01:00,282.4
2026-01-15T09:15:00+01:00,266.08
2026-01-15T09:30:00+01:00,268.4
2026-01-15T09:45:00+01:00,286.08
2026-01-15T10:00:00+01:00,214.4
2026-01-15T10:15:00+01:00,215.68
2026-01-15T10:30:00+01:00,195.36
2026-01-15T10:45:00+01:00,138.32
2026-01-15T11:00:00+01:00,161.6
2026-01-15T11:15:00+01:00,237.12
2026-01-15T11:30:00+01:00,224.32
2026-01-15T11:45:00+01:00,176.72
2026-01-15T12:00:00+01:00,77.68
2026-01-15T12:15:00+01:00,24.24
2026-01-15T12:30:00+01:00,12.32
2026-01-15T12:45:00+01:00,0.0
2026-01-15T13:00:00+01:00,34.4
2026-01-15T13:15:00+01:00,33.04
2026-01-15T13:30:00+01:00,86.8
2026-01-15T13:45:00+01:00,53.84
2026-01-15T14:00:00+01:00,70.64
2026-01-15T14:15:00+01:00,53.2
2026-01-15T14:30:00+01:00,66.72
2026-01-15T14:45:00+01:00,92.72
2026-01-15T15:00:00+01:00,150.56
2026-01-15T15:15:00+01:00,172.56
2026-01-15T15:30:00+01:00,167.04
2026-01-15T15:45:00+01:00,181.92
2026-01-15T16:00:00+01:00,202.08
2026-01-15T16:15:00+01:00,222.0
2026-01-15T16:30:00+01:00,246.96
2026-01-15T16:45:00+01:00,316.56
2026-01-15T17:00:00+01:00,235.04
2026-01-15T17:15:00+01:00,244.08
2026-01-15T17:30:00+01:00,260.64
2026-01-15T17:45:00+01:00,248.4
2026-01-15T18:00:00+01:00,214.32
2026-01-15T18:15:00+01:00,256.0
2026-01-15T18:30:00+01:00,213.28
2026-01-15T18:45:00+01:00,220.8
2026-01-15T19:00:00+01:00,243.04
2026-01-15T19:15:00+01:00,206.0
2026-01-15T19:30:00+01:00,231.04
2026-01-15T19:45:00+01:00,287.92
2026-01-15T20:00:00+01:00,237.68
2026-01-15T20:15:00+01:00,222.8
2026-01-15T20:30:00+01:00,214.24
2026-01-15T20:45:00+01:00,211.6
2026-01-15T21:00:00+01:00,231.92
2026-01-15T21:15:00+01:00,312.4
2026-01-15T21:30:00+01:00,245.12
2026-01-15T21:45:00+01:00,232.0
2026-01-15T22:00:00+01:00,209.36
2026-01-15T22:15:00+01:00,227.2
2026-01-15T22:30:00+01:00,268.32
2026-01-15T22:45:00+01:00,225.6
2026-01-15T23:00:00+01:00,217.76
2026-01-15T23:15:00+01:00,231.28
2026-01-15T23:30:00+01:00,228.16
2026-01-15T23:45:00+01:00,247.12
2026-01-16T00:00:00+01:00,239.68
2026-01-16T00:15:00+01:00,248.16
2026-01-16T00:30:00+01:00,228.64
2026-01-16T00:45:00+01:00,230.8
2026-01-16T01:00:00+01:00,233.6
2026-01-16T01:15:00+01:00,243.76
2026-01-16T01:30:00+01:00,257.76
2026-01-16T01:45:00+01:00,185.92
2026-01-16T02:00:00+01:00,146.56
2026-01-16T02:15:00+01:00,146.16
2026-01-16T02:30:00+01:00,169.2
2026-01-16T02:45:00+01:00,156.32
2026-01-16T03:00:00+01:00,138.24
2026-01-16T03:15:00+01:00,180.96
2026-01-16T03:30:00+01:00,145.92
2026-01-16T03:45:00+01:00,174.24
2026-01-16T04:00:00+01:00,145.44
2026-01-16T04:15:00+01:00,147.6
2026-01-16T04:30:00+01:00,131.44
2026-01-16T04:45:00+01:00,246.88
2026-01-16T05:00:00+01:00,245.28
2026-01-16T05:15:00+01:00,229.52
2026-01-16T05:30:00+01:00,247.84
2026-01-16T05:45:00+01:00,241.92
2026-01-16T06:00:00+01:00,221.92
2026-01-16T06:15:00+01:00,256.08
2026-01-16T06:30:00+01:00,217.84
2026-01-16T06:45:00+01:00,228.8
2026-01-16T07:00:00+01:00,250.32
2026-01-16T07:15:00+01:00,269.68
2026-01-16T07:30:00+01:00,253.36
2026-01-16T07:45:00+01:00,241.92
2026-01-16T08:00:00+01:00,319.2
2026-01-16T08:15:00+01:00,299.04
2026-01-16T08:30:00+01:00,340.0
2026-01-16T08:45:00+01:00,268.56
2026-01-16T09:00:00+01:00,252.08
2026-01-16T09:15:00+01:00,272.24
2026-01-16T09:30:00+01:00,228.08
2026-01-16T09:45:00+01:00,238.4
2026-01-16T10:00:00+01:00,163.68
2026-01-16T10:15:00+01:00,135.6
2026-01-16T10:30:00+01:00,167.28
2026-01-16T10:45:00+01:00,151.84
2026-01-16T11:00:00+01:00,119.68
2026-01-16T11:15:00+01:00,82.32
2026-01-16T11:30:00+01:00,60.88
2026-01-16T11:45:00+01:00,50.0
2026-01-16T12:00:00+01:00,9.28
2026-01-16T12:15:00+01:00,18.56
2026-01-16T12:30:00+01:00,24.4
2026-01-16T12:45:00+01:00,31.2
2026-01-16T13:00:00+01:00,0.0
2026-01-16T13:15:00+01:00,0.0
2026-01-16T13:30:00+01:00,16.08
2026-01-16T13:45:00+01:00,1.52
2026-01-16T14:00:00+01:00,0.56
2026-01-16T14:15:00+01:00,31.44
2026-01-16T14:30:00+01:00,55.92
2026-01-16T14:45:00+01:00,72.16
2026-01-16T15:00:00+01:00,109.04
2026-01-16T15:15:00+01:00,117.84
2026-01-16T15:30:00+01:00,139.44
2026-01-16T15:45:00+01:00,167.68
2026-01-16T16:00:00+01:00,216.08
2026-01-16T16:15:00+01:00,201.92
2026-01-16T16:30:00+01:00,212.32
2026-01-16T16:45:00+01:00,224.64
2026-01-16T17:00:00+01:00,229.6
2026-01-16T17:15:00+01:00,195.6
2026-01-16T17:30:00+01:00,208.24
2026-01-16T17:45:00+01:00,175.68
2026-01-16T18:00:00+01:00,172.4
2026-01-16T18:15:00+01:00,174.24
2026-01-16T18:30:00+01:00,171.44
2026-01-16T18:45:00+01:00,150.24
2026-01-16T19:00:00+01:00,124.0
2026-01-16T19:15:00+01:00,119.52
2026-01-16T19:30:00+01:00,127.44
2026-01-16T19:45:00+01:00,108.48
2026-01-16T20:00:00+01:00,108.0
2026-01-16T20:15:00+01:00,103.92
2026-01-16T20:30:00+01:00,71.2
2026-01-16T20:45:00+01:00,65.84
2026-01-16T21:00:00+01:00,59.36
2026-01-16T21:15:00+01:00,48.24
2026-01-16T21:30:00+01:00,45.36
2026-01-16T21:45:00+01:00,44.4
2026-01-16T22:00:00+01:00,44.4
2026-01-16T22:15:00+01:00,42.48
2026-01-16T22:30:00+01:00,40.64
2026-01-16T22:45:00+01:00,40.72
2026-01-16T23:00:00+01:00,42.24
2026-01-16T23:15:00+01:00,40.48
2026-01-16T23:30:00+01:00,40.48
2026-01-16T23:45:00+01:00,40.16
2026-01-17T00:00:00+01:00,40.16
2026-01-17T00:15:00+01:00,39.04
2026-01-17T00:30:00+01:00,39.44
2026-01-17T00:45:00+01:00,39.52
2026-01-17T01:00:00+01:00,39.28
2026-01-17T01:15:00+01:00,40.88
2026-01-17T01:30:00+01:00,41.44
2026-01-17T01:45:00+01:00,41.6
2026-01-17T02:00:00+01:00,41.04
2026-01-17T02:15:00+01:00,42.88
2026-01-17T02:30:00+01:00,41.2
2026-01-17T02:45:00+01:00,39.76
2026-01-17T03:00:00+01:00,41.28
2026-01-17T03:15:00+01:00,39.92
2026-01-17T03:30:00+01:00,39.44
2026-01-17T03:45:00+01:00,39.68
2026-01-17T04:00:00+01:00,39.76
2026-01-17T04:15:00+01:00,40.72
2026-01-17T04:30:00+01:00,42.72
2026-01-17T04:45:00+01:00,43.6
2026-01-17T05:00:00+01:00,42.64
2026-01-17T05:15:00+01:00,45.92
2026-01-17T05:30:00+01:00,42.24
2026-01-17T05:45:00+01:00,40.48
2026-01-17T06:00:00+01:00,42.96
2026-01-17T06:15:00+01:00,43.12
2026-01-17T06:30:00+01:00,46.64
2026-01-17T06:45:00+01:00,52.56
2026-01-17T07:00:00+01:00,53.2
2026-01-17T07:15:00+01:00,54.0
2026-01-17T07:30:00+01:00,53.04
2026-01-17T07:45:00+01:00,56.24
2026-01-17T08:00:00+01:00,53.76
2026-01-17T08:15:00+01:00,54.08
2026-01-17T08:30:00+01:00,46.56
2026-01-17T08:45:00+01:00,39.36
2026-01-17T09:00:00+01:00,35.68
2026-01-17T09:15:00+01:00,29.12
2026-01-17T09:30:00+01:00,20.56
2026-01-17T09:45:00+01:00,11.04
2026-01-17T10:00:00+01:00,0.56
2026-01-17T10:15:00+01:00,0.24
2026-01-17T10:30:00+01:00,0.16
2026-01-17T10:45:00+01:00,0.16
2026-01-17T11:00:00+01:00,0.08
2026-01-17T11:15:00+01:00,0.0
2026-01-17T11:30:00+01:00,0.0
2026-01-17T11:45:00+01:00,0.0
2026-01-17T12:00:00+01:00,0.0
2026-01-17T12:15:00+01:00,0.0
2026-01-17T12:30:00+01:00,0.0
2026-01-17T12:45:00+01:00,0.0
2026-01-17T13:00:00+01:00,0.0
2026-01-17T13:15:00+01:00,0.0
2026-01-17T13:30:00+01:00,0.0
2026-01-17T13:45:00+01:00,0.0
2026-01-17T14:00:00+01:00,0.08
2026-01-17T14:15:00+01:00,0.4
2026-01-17T14:30:00+01:00,0.08
2026-01-17T14:45:00+01:00,0.4
2026-01-17T15:00:00+01:00,0.48
2026-01-17T15:15:00+01:00,7.12
2026-01-17T15:30:00+01:00,14.96
2026-01-17T15:45:00+01:00,23.04
2026-01-17T16:00:00+01:00,31.44
2026-01-17T16:15:00+01:00,38.4
2026-01-17T16:30:00+01:00,42.16
2026-01-17T16:45:00+01:00,46.24
2026-01-17T17:00:00+01:00,50.56
2026-01-17T17:15:00+01:00,53.68
2026-01-17T17:30:00+01:00,43.04
2026-01-17T17:45:00+01:00,41.68
2026-01-17T18:00:00+01:00,39.92
2026-01-17T18:15:00+01:00,40.32
2026-01-17T18:30:00+01:00,41.44
2026-01-17T18:45:00+01:00,41.04
2026-01-17T19:00:00+01:00,40.72
2026-01-17T19:15:00+01:00,40.24
2026-01-17T19:30:00+01:00,41.68
2026-01-17T19:45:00+01:00,40.8
2026-01-17T20:00:00+01:00,40.88
2026-01-17T20:15:00+01:00,40.48
2026-01-17T20:30:00+01:00,40.0
2026-01-17T20:45:00+01:00,40.96
2026-01-17T21:00:00+01:00,40.56
2026-01-17T21:15:00+01:00,39.76
2026-01-17T21:30:00+01:00,39.04
2026-01-17T21:45:00+01:00,42.56
2026-01-17T22:00:00+01:00,43.04
2026-01-17T22:15:00+01:00,40.08
2026-01-17T22:30:00+01:00,41.12
2026-01-17T22:45:00+01:00,39.76
2026-01-17T23:00:00+01:00,40.56
2026-01-17T23:15:00+01:00,41.44
2026-01-17T23:30:00+01:00,40.56
2026-01-17T23:45:00+01:00,42.08
2026-01-18T00:00:00+01:00,42.48
2026-01-18T00:15:00+01:00,40.72
2026-01-18T00:30:00+01:00,39.28
2026-01-18T00:45:00+01:00,39.76
2026-01-18T01:00:00+01:00,38.8
2026-01-18T01:15:00+01:00,41.12
2026-01-18T01:30:00+01:00,39.68
2026-01-18T01:45:00+01:00,39.04
2026-01-18T02:00:00+01:00,39.12
2026-01-18T02:15:00+01:00,38.64
2026-01-18T02:30:00+01:00,40.16
2026-01-18T02:45:00+01:00,38.24
2026-01-18T03:00:00+01:00,38.64
2026-01-18T03:15:00+01:00,38.96
2026-01-18T03:30:00+01:00,40.24
2026-01-18T03:45:00+01:00,39.28
2026-01-18T04:00:00+01:00,39.92
2026-01-18T04:15:00+01:00,39.84
2026-01-18T04:30:00+01:00,39.12
2026-01-18T04:45:00+01:00,40.56
2026-01-18T05:00:00+01:00,39.28
2026-01-18T05:15:00+01:00,41.2
2026-01-18T05:30:00+01:00,43.28
2026-01-18T05:45:00+01:00,39.04
2026-01-18T06:00:00+01:00,43.52
2026-01-18T06:15:00+01:00,40.56
2026-01-18T06:30:00+01:00,42.08
2026-01-18T06:45:00+01:00,41.44
2026-01-18T07:00:00+01:00,39.84
2026-01-18T07:15:00+01:00,41.28
2026-01-18T07:30:00+01:00,39.92
2026-01-18T07:45:00+01:00,42.48
2026-01-18T08:00:00+01:00,43.84
2026-01-18T08:15:00+01:00,40.48
2026-01-18T08:30:00+01:00,34.72
2026-01-18T08:45:00+01:00,28.48
2026-01-18T09:00:00+01:00,23.28
2026-01-18T09:15:00+01:00,16.96
2026-01-18T09:30:00+01:00,7.68
2026-01-18T09:45:00+01:00,2.56
2026-01-18T10:00:00+01:00,0.48
2026-01-18T10:15:00+01:00,0.24
2026-01-18T10:30:00+01:00,0.0
2026-01-18T10:45:00+01:00,0.0
2026-01-18T11:00:00+01:00,0.0
2026-01-18T11:15:00+01:00,0.0
2026-01-18T11:30:00+01:00,0.0
2026-01-18T11:45:00+01:00,0.0
2026-01-18T12:00:00+01:00,0.0
2026-01-18T12:15:00+01:00,0.0
2026-01-18T12:30:00+01:00,0.0
2026-01-18T12:45:00+01:00,0.0
2026-01-18T13:00:00+01:00,0.0
2026-01-18T13:15:00+01:00,0.0
2026-01-18T13:30:00+01:00,0.08
2026-01-18T13:45:00+01:00,0.08
2026-01-18T14:00:00+01:00,0.16
2026-01-18T14:15:00+01:00,0.88
2026-01-18T14:30:00+01:00,0.56
2026-01-18T14:45:00+01:00,0.4
2026-01-18T15:00:00+01:00,2.64
2026-01-18T15:15:00+01:00,3.84
2026-01-18T15:30:00+01:00,10.24
2026-01-18T15:45:00+01:00,16.48
2026-01-18T16:00:00+01:00,21.68
2026-01-18T16:15:00+01:00,29.44
2026-01-18T16:30:00+01:00,32.4
2026-01-18T16:45:00+01:00,36.24
2026-01-18T17:00:00+01:00,43.52
2026-01-18T17:15:00+01:00,42.88
2026-01-18T17:30:00+01:00,43.12
2026-01-18T17:45:00+01:00,45.12
2026-01-18T18:00:00+01:00,41.76
2026-01-18T18:15:00+01:00,41.76
2026-01-18T18:30:00+01:00,41.52
2026-01-18T18:45:00+01:00,40.88
2026-01-18T19:00:00+01:00,42.24
2026-01-18T19:15:00+01:00,44.32
2026-01-18T19:30:00+01:00,49.28
2026-01-18T19:45:00+01:00,48.64
2026-01-18T20:00:00+01:00,47.6
2026-01-18T20:15:00+01:00,48.8
2026-01-18T20:30:00+01:00,46.64
2026-01-18T20:45:00+01:00,41.92
2026-01-18T21:00:00+01:00,46.16
2026-01-18T21:15:00+01:00,46.48
2026-01-18T21:30:00+01:00,46.4
2026-01-18T21:45:00+01:00,47.12
2026-01-18T22:00:00+01:00,49.52
2026-01-18T22:15:00+01:00,50.56
2026-01-18T22:30:00+01:00,48.48
2026-01-18T22:45:00+01:00,47.68
2026-01-18T23:00:00+01:00,46.88
2026-01-18T23:15:00+01:00,49.28
2026-01-18T23:30:00+01:00,49.52
2026-01-18T23:45:00+01:00,52.96
2026-01-19T00:00:00+01:00,51.12
2026-01-19T00:15:00+01:00,51.92
2026-01-19T00:30:00+01:00,51.2
2026-01-19T00:45:00+01:00,48.48
2026-01-19T01:00:00+01:00,48.4
2026-01-19T01:15:00+01:00,47.76
2026-01-19T01:30:00+01:00,47.28
2026-01-19T01:45:00+01:00,47.92
2026-01-19T02:00:00+01:00,48.24
2026-01-19T02:15:00+01:00,48.08
2026-01-19T02:30:00+01:00,55.84
2026-01-19T02:45:00+01:00,55.6
2026-01-19T03:00:00+01:00,53.28
2026-01-19T03:15:00+01:00,54.72
2026-01-19T03:30:00+01:00,53.52
2026-01-19T03:45:00+01:00,53.92
2026-01-19T04:00:00+01:00,52.08
2026-01-19T04:15:00+01:00,55.6
2026-01-19T04:30:00+01:00,55.44
2026-01-19T04:45:00+01:00,53.76
2026-01-19T05:00:00+01:00,59.28
2026-01-19T05:15:00+01:00,76.08
2026-01-19T05:30:00+01:00,106.96
2026-01-19T05:45:00+01:00,124.8
2026-01-19T06:00:00+01:00,165.52
2026-01-19T06:15:00+01:00,213.84
2026-01-19T06:30:00+01:00,233.68
2026-01-19T06:45:00+01:00,253.6
2026-01-19T07:00:00+01:00,234.72
2026-01-19T07:15:00+01:00,311.04
2026-01-19T07:30:00+01:00,246.0
2026-01-19T07:45:00+01:00,215.28
2026-01-19T08:00:00+01:00,294.56
2026-01-19T08:15:00+01:00,253.68
2026-01-19T08:30:00+01:00,282.64
2026-01-19T08:45:00+01:00,311.68
2026-01-19T09:00:00+01:00,247.2
2026-01-19T09:15:00+01:00,229.44
2026-01-19T09:30:00+01:00,237.84
2026-01-19T09:45:00+01:00,179.84
2026-01-19T10:00:00+01:00,192.56
2026-01-19T10:15:00+01:00,186.56
2026-01-19T10:30:00+01:00,238.32
2026-01-19T10:45:00+01:00,194.8
2026-01-19T11:00:00+01:00,170.16
2026-01-19T11:15:00+01:00,175.12
2026-01-19T11:30:00+01:00,128.08
2026-01-19T11:45:00+01:00,95.2
2026-01-19T12:00:00+01:00,60.16
2026-01-19T12:15:00+01:00,67.04
2026-01-19T12:30:00+01:00,52.16
2026-01-19T12:45:00+01:00,40.32
2026-01-19T13:00:00+01:00,7.04
2026-01-19T13:15:00+01:00,50.72
2026-01-19T13:30:00+01:00,49.76
2026-01-19T13:45:00+01:00,20.96
2026-01-19T14:00:00+01:00,46.24
2026-01-19T14:15:00+01:00,49.68
2026-01-19T14:30:00+01:00,58.64
2026-01-19T14:45:00+01:00,49.84
2026-01-19T15:00:00+01:00,74.16
2026-01-19T15:15:00+01:00,86.24
2026-01-19T15:30:00+01:00,112.16
2026-01-19T15:45:00+01:00,153.44
2026-01-19T16:00:00+01:00,191.44
2026-01-19T16:15:00+01:00,308.8
2026-01-19T16:30:00+01:00,247.2
2026-01-19T16:45:00+01:00,205.04
2026-01-19T17:00:00+01:00,199.84
2026-01-19T17:15:00+01:00,206.48
2026-01-19T17:30:00+01:00,298.96
2026-01-19T17:45:00+01:00,292.96
2026-01-19T18:00:00+01:00,255.12
2026-01-19T18:15:00+01:00,253.92
2026-01-19T18:30:00+01:00,308.08
2026-01-19T18:45:00+01:00,317.12
2026-01-19T19:00:00+01:00,316.64
2026-01-19T19:15:00+01:00,278.96
2026-01-19T19:30:00+01:00,282.0
2026-01-19T19:45:00+01:00,287.6
2026-01-19T20:00:00+01:00,284.48
2026-01-19T20:15:00+01:00,280.72
2026-01-19T20:30:00+01:00,286.08
2026-01-19T20:45:00+01:00,286.16
2026-01-19T21:00:00+01:00,280.16
2026-01-19T21:15:00+01:00,266.08
2026-01-19T21:30:00+01:00,257.68
2026-01-19T21:45:00+01:00,231.2
2026-01-19T22:00:00+01:00,175.84
2026-01-19T22:15:00+01:00,191.84
2026-01-19T22:30:00+01:00,200.0
2026-01-19T22:45:00+01:00,167.92
2026-01-19T23:00:00+01:00,183.36
2026-01-19T23:15:00+01:00,220.48
2026-01-19T23:30:00+01:00,224.88
2026-01-19T23:45:00+01:00,198.48
2026-01-20T00:00:00+01:00,202.0
2026-01-20T00:15:00+01:00,171.68
2026-01-20T00:30:00+01:00,228.24
2026-01-20T00:45:00+01:00,217.52
2026-01-20T01:00:00+01:00,265.68
2026-01-20T01:15:00+01:00,215.68
2026-01-20T01:30:00+01:00,246.08
2026-01-20T01:45:00+01:00,286.4
2026-01-20T02:00:00+01:00,290.08
2026-01-20T02:15:00+01:00,280.8
2026-01-20T02:30:00+01:00,270.16
2026-01-20T02:45:00+01:00,258.8
2026-01-20T03:00:00+01:00,268.0
2026-01-20T03:15:00+01:00,276.88
2026-01-20T03:30:00+01:00,296.0
2026-01-20T03:45:00+01:00,293.44
2026-01-20T04:00:00+01:00,218.96
2026-01-20T04:15:00+01:00,198.96
2026-01-20T04:30:00+01:00,194.48
2026-01-20T04:45:00+01:00,199.68
2026-01-20T05:00:00+01:00,221.92
2026-01-20T05:15:00+01:00,210.56
2026-01-20T05:30:00+01:00,188.16
2026-01-20T05:45:00+01:00,206.48
2026-01-20T06:00:00+01:00,205.2
2026-01-20T06:15:00+01:00,246.8
2026-01-20T06:30:00+01:00,284.88
2026-01-20T06:45:00+01:00,242.88
2026-01-20T07:00:00+01:00,298.72
2026-01-20T07:15:00+01:00,338.08
2026-01-20T07:30:00+01:00,286.56
2026-01-20T07:45:00+01:00,311.28
2026-01-20T08:00:00+01:00,307.44
2026-01-20T08:15:00+01:00,296.56
2026-01-20T08:30:00+01:00,375.12
2026-01-20T08:45:00+01:00,348.16
2026-01-20T09:00:00+01:00,348.08
2026-01-20T09:15:00+01:00,307.44
2026-01-20T09:30:00+01:00,283.6
2026-01-20T09:45:00+01:00,337.68
2026-01-20T10:00:00+01:00,297.52
2026-01-20T10:15:00+01:00,212.08
2026-01-20T10:30:00+01:00,162.16
2026-01-20T10:45:00+01:00,139.12
2026-01-20T11:00:00+01:00,104.24
2026-01-20T11:15:00+01:00,55.84
2026-01-20T11:30:00+01:00,15.52
2026-01-20T11:45:00+01:00,30.0
2026-01-20T12:00:00+01:00,7.28
2026-01-20T12:15:00+01:00,17.92
2026-01-20T12:30:00+01:00,1.84
2026-01-20T12:45:00+01:00,0.16
2026-01-20T13:00:00+01:00,4.16
2026-01-20T13:15:00+01:00,53.84
2026-01-20T13:30:00+01:00,0.32
2026-01-20T13:45:00+01:00,8.8
2026-01-20T14:00:00+01:00,14.0
2026-01-20T14:15:00+01:00,1.12
2026-01-20T14:30:00+01:00,22.4
2026-01-20T14:45:00+01:00,90.4
2026-01-20T15:00:00+01:00,84.88
2026-01-20T15:15:00+01:00,116.96
2026-01-20T15:30:00+01:00,146.88
2026-01-20T15:45:00+01:00,163.12
2026-01-20T16:00:00+01:00,165.12
2026-01-20T16:15:00+01:00,219.44
2026-01-20T16:30:00+01:00,255.84
2026-01-20T16:45:00+01:00,324.48
2026-01-20T17:00:00+01:00,316.24
2026-01-20T17:15:00+01:00,283.2
2026-01-20T17:30:00+01:00,259.76
2026-01-20T17:45:00+01:00,248.0
2026-01-20T18:00:00+01:00,224.16
2026-01-20T18:15:00+01:00,229.04
2026-01-20T18:30:00+01:00,229.44
2026-01-20T18:45:00+01:00,213.84
2026-01-20T19:00:00+01:00,214.96
2026-01-20T19:15:00+01:00,204.72
2026-01-20T19:30:00+01:00,193.52
2026-01-20T19:45:00+01:00,242.48
2026-01-20T20:00:00+01:00,203.52
2026-01-20T20:15:00+01:00,217.04
2026-01-20T20:30:00+01:00,263.2
2026-01-20T20:45:00+01:00,223.2
2026-01-20T21:00:00+01:00,248.08
2026-01-20T21:15:00+01:00,261.28
2026-01-20T21:30:00+01:00,224.0
2026-01-20T21:45:00+01:00,228.96
2026-01-20T22:00:00+01:00,226.4
2026-01-20T22:15:00+01:00,274.88
2026-01-20T22:30:00+01:00,207.2
2026-01-20T22:45:00+01:00,216.4
2026-01-20T23:00:00+01:00,179.12
2026-01-20T23:15:00+01:00,189.2
2026-01-20T23:30:00+01:00,223.36
2026-01-20T23:45:00+01:00,195.84
2026-01-21T00:00:00+01:00,200.24
2026-01-21T00:15:00+01:00,237.52
2026-01-21T00:30:00+01:00,268.48
2026-01-21T00:45:00+01:00,232.24
2026-01-21T01:00:00+01:00,205.6
2026-01-21T01:15:00+01:00,172.8
2026-01-21T01:30:00+01:00,158.08
2026-01-21T01:45:00+01:00,179.6
2026-01-21T02:00:00+01:00,171.84
2026-01-21T02:15:00+01:00,195.04
2026-01-21T02:30:00+01:00,198.24
2026-01-21T02:45:00+01:00,227.04
2026-01-21T03:00:00+01:00,171.52
2026-01-21T03:15:00+01:00,213.12
2026-01-21T03:30:00+01:00,200.24
2026-01-21T03:45:00+01:00,166.48
2026-01-21T04:00:00+01:00,184.96
2026-01-21T04:15:00+01:00,232.96
2026-01-21T04:30:00+01:00,182.4
2026-01-21T04:45:00+01:00,212.24
2026-01-21T05:00:00+01:00,221.84
2026-01-21T05:15:00+01:00,201.76
2026-01-21T05:30:00+01:00,257.12
2026-01-21T05:45:00+01:00,228.24
2026-01-21T06:00:00+01:00,213.2
2026-01-21T06:15:00+01:00,262.24
2026-01-21T06:30:00+01:00,275.76
2026-01-21T06:45:00+01:00,263.52
2026-01-21T07:00:00+01:00,263.92
2026-01-21T07:15:00+01:00,352.64
2026-01-21T07:30:00+01:00,306.56
2026-01-21T07:45:00+01:00,293.68
2026-01-21T08:00:00+01:00,337.28
2026-01-21T08:15:00+01:00,318.64
2026-01-21T08:30:00+01:00,305.04
2026-01-21T08:45:00+01:00,358.08
2026-01-21T09:00:00+01:00,358.96
2026-01-21T09:15:00+01:00,284.8
2026-01-21T09:30:00+01:00,278.88
2026-01-21T09:45:00+01:00,228.0
2026-01-21T10:00:00+01:00,220.56
2026-01-21T10:15:00+01:00,169.6
2026-01-21T10:30:00+01:00,121.76
2026-01-21T10:45:00+01:00,128.32
2026-01-21T11:00:00+01:00,106.0
2026-01-21T11:15:00+01:00,68.32
2026-01-21T11:30:00+01:00,76.16
2026-01-21T11:45:00+01:00,31.44
2026-01-21T12:00:00+01:00,77.6
2026-01-21T12:15:00+01:00,20.08
2026-01-21T12:30:00+01:00,1.12
2026-01-21T12:45:00+01:00,4.08
2026-01-21T13:00:00+01:00,11.68
2026-01-21T13:15:00+01:00,29.12
2026-01-21T13:30:00+01:00,9.52
2026-01-21T13:45:00+01:00,7.76
2026-01-21T14:00:00+01:00,7.36
2026-01-21T14:15:00+01:00,56.64
2026-01-21T14:30:00+01:00,45.6
2026-01-21T14:45:00+01:00,48.16
2026-01-21T15:00:00+01:00,81.44
2026-01-21T15:15:00+01:00,126.16
2026-01-21T15:30:00+01:00,113.04
2026-01-21T15:45:00+01:00,198.56
2026-01-21T16:00:00+01:00,199.6
2026-01-21T16:15:00+01:00,236.56
2026-01-21T16:30:00+01:00,248.4
2026-01-21T16:45:00+01:00,242.72
2026-01-21T17:00:00+01:00,260.88
2026-01-21T17:15:00+01:00,228.72
2026-01-21T17:30:00+01:00,257.12
2026-01-21T17:45:00+01:00,223.28
2026-01-21T18:00:00+01:00,215.2
2026-01-21T18:15:00+01:00,286.24
2026-01-21T18:30:00+01:00,229.76
2026-01-21T18:45:00+01:00,226.08
2026-01-21T19:00:00+01:00,217.44
2026-01-21T19:15:00+01:00,235.68
2026-01-21T19:30:00+01:00,261.84
2026-01-21T19:45:00+01:00,254.16
2026-01-21T20:00:00+01:00,256.08
2026-01-21T20:15:00+01:00,258.32
2026-01-21T20:30:00+01:00,182.64
2026-01-21T20:45:00+01:00,258.4
2026-01-21T21:00:00+01:00,203.04
2026-01-21T21:15:00+01:00,245.68
2026-01-21T21:30:00+01:00,186.24
2026-01-21T21:45:00+01:00,205.2
2026-01-21T22:00:00+01:00,219.12
2026-01-21T22:15:00+01:00,190.0
2026-01-21T22:30:00+01:00,184.8
2026-01-21T22:45:00+01:00,177.36
2026-01-21T23:00:00+01:00,214.56
2026-01-21T23:15:00+01:00,180.4
2026-01-21T23:30:00+01:00,192.48
2026-01-21T23:45:00+01:00,244.4
2026-01-22T00:00:00+01:00,210.48
2026-01-22T00:15:00+01:00,195.12
2026-01-22T00:30:00+01:00,237.2
2026-01-22T00:45:00+01:00,251.84
2026-01-22T01:00:00+01:00,189.2
2026-01-22T01:15:00+01:00,223.68
2026-01-22T01:30:00+01:00,278.32
2026-01-22T01:45:00+01:00,244.96
2026-01-22T02:00:00+01:00,208.56
2026-01-22T02:15:00+01:00,197.04
2026-01-22T02:30:00+01:00,200.16
2026-01-22T02:45:00+01:00,187.04
2026-01-22T03:00:00+01:00,175.68
2026-01-22T03:15:00+01:00,185.04
2026-01-22T03:30:00+01:00,212.72
2026-01-22T03:45:00+01:00,208.4
2026-01-22T04:00:00+01:00,184.8
2026-01-22T04:15:00+01:00,196.0
2026-01-22T04:30:00+01:00,164.0
2026-01-22T04:45:00+01:00,169.68
2026-01-22T05:00:00+01:00,185.28
2026-01-22T05:15:00+01:00,231.84
2026-01-22T05:30:00+01:00,162.4
2026-01-22T05:45:00+01:00,189.36
2026-01-22T06:00:00+01:00,219.68
2026-01-22T06:15:00+01:00,231.12
2026-01-22T06:30:00+01:00,235.2
2026-01-22T06:45:00+01:00,249.2
2026-01-22T07:00:00+01:00,282.8
2026-01-22T07:15:00+01:00,315.2
2026-01-22T07:30:00+01:00,303.2
2026-01-22T07:45:00+01:00,285.52
2026-01-22T08:00:00+01:00,328.56
2026-01-22T08:15:00+01:00,320.56
2026-01-22T08:30:00+01:00,331.04
2026-01-22T08:45:00+01:00,323.2
2026-01-22T09:00:00+01:00,327.04
2026-01-22T09:15:00+01:00,342.16
2026-01-22T09:30:00+01:00,340.88
2026-01-22T09:45:00+01:00,295.36
2026-01-22T10:00:00+01:00,257.44
2026-01-22T10:15:00+01:00,257.76
2026-01-22T10:30:00+01:00,279.36
2026-01-22T10:45:00+01:00,274.72
2026-01-22T11:00:00+01:00,284.4
2026-01-22T11:15:00+01:00,285.52
2026-01-22T11:30:00+01:00,262.24
2026-01-22T11:45:00+01:00,197.76
2026-01-22T12:00:00+01:00,240.56
2026-01-22T12:15:00+01:00,205.04
2026-01-22T12:30:00+01:00,190.56
2026-01-22T12:45:00+01:00,205.44
2026-01-22T13:00:00+01:00,202.32
2026-01-22T13:15:00+01:00,162.16
2026-01-22T13:30:00+01:00,188.56
2026-01-22T13:45:00+01:00,197.04
2026-01-22T14:00:00+01:00,176.72
2026-01-22T14:15:00+01:00,167.04
2026-01-22T14:30:00+01:00,150.16
2026-01-22T14:45:00+01:00,172.56
2026-01-22T15:00:00+01:00,180.56
2026-01-22T15:15:00+01:00,177.52
2026-01-22T15:30:00+01:00,195.92
2026-01-22T15:45:00+01:00,226.72
2026-01-22T16:00:00+01:00,197.76
2026-01-22T16:15:00+01:00,262.48
2026-01-22T16:30:00+01:00,266.32
2026-01-22T16:45:00+01:00,237.12
2026-01-22T17:00:00+01:00,278.32
2026-01-22T17:15:00+01:00,246.24
2026-01-22T17:30:00+01:00,229.04
2026-01-22T17:45:00+01:00,222.96
2026-01-22T18:00:00+01:00,264.88
2026-01-22T18:15:00+01:00,266.0
2026-01-22T18:30:00+01:00,261.44
2026-01-22T18:45:00+01:00,271.52
2026-01-22T19:00:00+01:00,259.04
2026-01-22T19:15:00+01:00,224.0
2026-01-22T19:30:00+01:00,225.28
2026-01-22T19:45:00+01:00,232.64
2026-01-22T20:00:00+01:00,258.48
2026-01-22T20:15:00+01:00,257.92
2026-01-22T20:30:00+01:00,231.04
2026-01-22T20:45:00+01:00,258.72
2026-01-22T21:00:00+01:00,269.52
2026-01-22T21:15:00+01:00,226.24
2026-01-22T21:30:00+01:00,199.12
2026-01-22T21:45:00+01:00,215.36
2026-01-22T22:00:00+01:00,206.0
2026-01-22T22:15:00+01:00,191.44
2026-01-22T22:30:00+01:00,173.2
2026-01-22T22:45:00+01:00,151.84
2026-01-22T23:00:00+01:00,179.6
2026-01-22T23:15:00+01:00,190.88
2026-01-22T23:30:00+01:00,172.24
2026-01-22T23:45:00+01:00,156.8
2026-01-23T00:00:00+01:00,168.8
2026-01-23T00:15:00+01:00,182.72
2026-01-23T00:30:00+01:00,170.4
2026-01-23T00:45:00+01:00,160.8
2026-01-23T01:00:00+01:00,149.12
2026-01-23T01:15:00+01:00,166.48
2026-01-23T01:30:00+01:00,185.52
2026-01-23T01:45:00+01:00,191.44
2026-01-23T02:00:00+01:00,176.72
2026-01-23T02:15:00+01:00,155.92
2026-01-23T02:30:00+01:00,164.96
2026-01-23T02:45:00+01:00,168.88
2026-01-23T03:00:00+01:00,197.44
2026-01-23T03:15:00+01:00,205.12
2026-01-23T03:30:00+01:00,190.24
2026-01-23T03:45:00+01:00,189.28
2026-01-23T04:00:00+01:00,200.16
2026-01-23T04:15:00+01:00,218.08
2026-01-23T04:30:00+01:00,209.2
2026-01-23T04:45:00+01:00,211.68
2026-01-23T05:00:00+01:00,197.44
2026-01-23T05:15:00+01:00,205.44
2026-01-23T05:30:00+01:00,197.68
2026-01-23T05:45:00+01:00,194.16
2026-01-23T06:00:00+01:00,174.64
2026-01-23T06:15:00+01:00,215.92
2026-01-23T06:30:00+01:00,247.76
2026-01-23T06:45:00+01:00,223.92
2026-01-23T07:00:00+01:00,263.28
2026-01-23T07:15:00+01:00,276.64
2026-01-23T07:30:00+01:00,258.88
2026-01-23T07:45:00+01:00,310.24
2026-01-23T08:00:00+01:00,301.92
2026-01-23T08:15:00+01:00,297.52
2026-01-23T08:30:00+01:00,268.32
2026-01-23T08:45:00+01:00,239.2
2026-01-23T09:00:00+01:00,189.84
2026-01-23T09:15:00+01:00,186.72
2026-01-23T09:30:00+01:00,196.0
2026-01-23T09:45:00+01:00,170.32
2026-01-23T10:00:00+01:00,157.2
2026-01-23T10:15:00+01:00,119.6
2026-01-23T10:30:00+01:00,122.64
2026-01-23T10:45:00+01:00,156.8
2026-01-23T11:00:00+01:00,150.56
2026-01-23T11:15:00+01:00,104.32
2026-01-23T11:30:00+01:00,20.56
2026-01-23T11:45:00+01:00,3.2
2026-01-23T12:00:00+01:00,0.96
2026-01-23T12:15:00+01:00,0.0
2026-01-23T12:30:00+01:00,1.2
2026-01-23T12:45:00+01:00,30.32
2026-01-23T13:00:00+01:00,0.0
2026-01-23T13:15:00+01:00,0.0
2026-01-23T13:30:00+01:00,0.0
2026-01-23T13:45:00+01:00,0.0
2026-01-23T14:00:00+01:00,0.0
2026-01-23T14:15:00+01:00,0.0
2026-01-23T14:30:00+01:00,0.0
2026-01-23T14:45:00+01:00,0.08
2026-01-23T15:00:00+01:00,6.96
2026-01-23T15:15:00+01:00,42.64
2026-01-23T15:30:00+01:00,78.96
2026-01-23T15:45:00+01:00,100.32
2026-01-23T16:00:00+01:00,112.08
2026-01-23T16:15:00+01:00,123.2
2026-01-23T16:30:00+01:00,152.0
2026-01-23T16:45:00+01:00,157.92
2026-01-23T17:00:00+01:00,163.92
2026-01-23T17:15:00+01:00,142.48
2026-01-23T17:30:00+01:00,154.08
2026-01-23T17:45:00+01:00,171.36
2026-01-23T18:00:00+01:00,148.56
2026-01-23T18:15:00+01:00,136.48
2026-01-23T18:30:00+01:00,140.24
2026-01-23T18:45:00+01:00,158.32
2026-01-23T19:00:00+01:00,146.0
2026-01-23T19:15:00+01:00,147.68
2026-01-23T19:30:00+01:00,131.2
2026-01-23T19:45:00+01:00,125.36
2026-01-23T20:00:00+01:00,115.92
2026-01-23T20:15:00+01:00,116.56
2026-01-23T20:30:00+01:00,112.16
2026-01-23T20:45:00+01:00,98.16
2026-01-23T21:00:00+01:00,88.0
2026-01-23T21:15:00+01:00,75.84
2026-01-23T21:30:00+01:00,55.68
2026-01-23T21:45:00+01:00,46.32
2026-01-23T22:00:00+01:00,48.72
2026-01-23T22:15:00+01:00,46.8
2026-01-23T22:30:00+01:00,46.0
2026-01-23T22:45:00+01:00,45.6
2026-01-23T23:00:00+01:00,44.8
2026-01-23T23:15:00+01:00,48.08
2026-01-23T23:30:00+01:00,47.36
2026-01-23T23:45:00+01:00,44.56
2026-01-24T00:00:00+01:00,43.92
2026-01-24T00:15:00+01:00,41.04
2026-01-24T00:30:00+01:00,39.28
2026-01-24T00:45:00+01:00,40.32
2026-01-24T01:00:00+01:00,39.92
2026-01-24T01:15:00+01:00,43.28
2026-01-24T01:30:00+01:00,42.56
2026-01-24T01:45:00+01:00,39.92
2026-01-24T02:00:00+01:00,40.96
2026-01-24T02:15:00+01:00,43.36
2026-01-24T02:30:00+01:00,42.72
2026-01-24T02:45:00+01:00,43.12
2026-01-24T03:00:00+01:00,43.04
2026-01-24T03:15:00+01:00,42.48
2026-01-24T03:30:00+01:00,42.96
2026-01-24T03:45:00+01:00,41.36
2026-01-24T04:00:00+01:00,41.68
2026-01-24T04:15:00+01:00,42.16
2026-01-24T04:30:00+01:00,40.56
2026-01-24T04:45:00+01:00,43.92
2026-01-24T05:00:00+01:00,42.08
2026-01-24T05:15:00+01:00,45.76
2026-01-24T05:30:00+01:00,45.2
2026-01-24T05:45:00+01:00,46.24
2026-01-24T06:00:00+01:00,47.12
2026-01-24T06:15:00+01:00,48.48
2026-01-24T06:30:00+01:00,56.48
2026-01-24T06:45:00+01:00,53.76
2026-01-24T07:00:00+01:00,57.12
2026-01-24T07:15:00+01:00,60.16
2026-01-24T07:30:00+01:00,60.96
2026-01-24T07:45:00+01:00,60.96
2026-01-24T08:00:00+01:00,61.68
2026-01-24T08:15:00+01:00,57.84
2026-01-24T08:30:00+01:00,51.44
2026-01-24T08:45:00+01:00,47.92
2026-01-24T09:00:00+01:00,47.28
2026-01-24T09:15:00+01:00,44.88
2026-01-24T09:30:00+01:00,32.96
2026-01-24T09:45:00+01:00,12.32
2026-01-24T10:00:00+01:00,0.4
2026-01-24T10:15:00+01:00,0.0
2026-01-24T10:30:00+01:00,0.0
2026-01-24T10:45:00+01:00,0.0
2026-01-24T11:00:00+01:00,0.0
2026-01-24T11:15:00+01:00,0.0
2026-01-24T11:30:00+01:00,0.0
2026-01-24T11:45:00+01:00,0.0
2026-01-24T12:00:00+01:00,0.0
2026-01-24T12:15:00+01:00,0.0
2026-01-24T12:30:00+01:00,0.0
2026-01-24T12:45:00+01:00,0.0
2026-01-24T13:00:00+01:00,0.0
2026-01-24T13:15:00+01:00,0.0
2026-01-24T13:30:00+01:00,0.0
2026-01-24T13:45:00+01:00,0.0
2026-01-24T14:00:00+01:00,0.0
2026-01-24T14:15:00+01:00,0.0
2026-01-24T14:30:00+01:00,0.0
2026-01-24T14:45:00+01:00,0.0
2026-01-24T15:00:00+01:00,0.0
2026-01-24T15:15:00+01:00,0.0
2026-01-24T15:30:00+01:00,0.0
2026-01-24T15:45:00+01:00,0.0
2026-01-24T16:00:00+01:00,0.0
2026-01-24T16:15:00+01:00,0.0
2026-01-24T16:30:00+01:00,0.48
2026-01-24T16:45:00+01:00,9.44
2026-01-24T17:00:00+01:00,29.12
2026-01-24T17:15:00+01:00,39.84
2026-01-24T17:30:00+01:00,42.16
2026-01-24T17:45:00+01:00,40.48
2026-01-24T18:00:00+01:00,41.28
2026-01-24T18:15:00+01:00,41.2
2026-01-24T18:30:00+01:00,42.48
2026-01-24T18:45:00+01:00,42.56
2026-01-24T19:00:00+01:00,41.76
2026-01-24T19:15:00+01:00,42.8
2026-01-24T19:30:00+01:00,43.6
2026-01-24T19:45:00+01:00,47.44
2026-01-24T20:00:00+01:00,44.72
2026-01-24T20:15:00+01:00,42.24
2026-01-24T20:30:00+01:00,44.24
2026-01-24T20:45:00+01:00,41.36
2026-01-24T21:00:00+01:00,41.6
2026-01-24T21:15:00+01:00,41.12
2026-01-24T21:30:00+01:00,41.04
2026-01-24T21:45:00+01:00,42.0
2026-01-24T22:00:00+01:00,44.4
2026-01-24T22:15:00+01:00,42.88
2026-01-24T22:30:00+01:00,42.0
2026-01-24T22:45:00+01:00,41.12
2026-01-24T23:00:00+01:00,42.0
2026-01-24T23:15:00+01:00,42.0
2026-01-24T23:30:00+01:00,40.16
2026-01-24T23:45:00+01:00,43.12
2026-01-25T00:00:00+01:00,42.08
2026-01-25T00:15:00+01:00,38.8
2026-01-25T00:30:00+01:00,39.44
2026-01-25T00:45:00+01:00,40.72
2026-01-25T01:00:00+01:00,41.04
2026-01-25T01:15:00+01:00,42.24
2026-01-25T01:30:00+01:00,43.04
2026-01-25T01:45:00+01:00,45.84
2026-01-25T02:00:00+01:00,44.24
2026-01-25T02:15:00+01:00,44.56
2026-01-25T02:30:00+01:00,43.68
2026-01-25T02:45:00+01:00,41.76
2026-01-25T03:00:00+01:00,41.36
2026-01-25T03:15:00+01:00,40.48
2026-01-25T03:30:00+01:00,41.28
2026-01-25T03:45:00+01:00,41.92
2026-01-25T04:00:00+01:00,41.92
2026-01-25T04:15:00+01:00,42.24
2026-01-25T04:30:00+01:00,43.04
2026-01-25T04:45:00+01:00,43.76
2026-01-25T05:00:00+01:00,43.52
2026-01-25T05:15:00+01:00,44.0
2026-01-25T05:30:00+01:00,44.16
2026-01-25T05:45:00+01:00,43.52
2026-01-25T06:00:00+01:00,42.8
2026-01-25T06:15:00+01:00,43.52
2026-01-25T06:30:00+01:00,41.04
2026-01-25T06:45:00+01:00,41.68
2026-01-25T07:00:00+01:00,41.44
2026-01-25T07:15:00+01:00,42.4
2026-01-25T07:30:00+01:00,42.16
2026-01-25T07:45:00+01:00,44.96
2026-01-25T08:00:00+01:00,43.12
2026-01-25T08:15:00+01:00,43.84
2026-01-25T08:30:00+01:00,35.04
2026-01-25T08:45:00+01:00,31.6
2026-01-25T09:00:00+01:00,24.64
2026-01-25T09:15:00+01:00,6.24
2026-01-25T09:30:00+01:00,0.0
2026-01-25T09:45:00+01:00,0.32
2026-01-25T10:00:00+01:00,1.68
2026-01-25T10:15:00+01:00,0.48
2026-01-25T10:30:00+01:00,0.48
2026-01-25T10:45:00+01:00,0.56
2026-01-25T11:00:00+01:00,0.08
2026-01-25T11:15:00+01:00,0.0
2026-01-25T11:30:00+01:00,0.0
2026-01-25T11:45:00+01:00,0.0
2026-01-25T12:00:00+01:00,0.0
2026-01-25T12:15:00+01:00,0.0
2026-01-25T12:30:00+01:00,0.0
2026-01-25T12:45:00+01:00,0.0
2026-01-25T13:00:00+01:00,0.0
2026-01-25T13:15:00+01:00,1.76
2026-01-25T13:30:00+01:00,8.48
2026-01-25T13:45:00+01:00,17.52
2026-01-25T14:00:00+01:00,20.4
2026-01-25T14:15:00+01:00,15.52
2026-01-25T14:30:00+01:00,3.68
2026-01-25T14:45:00+01:00,5.6
2026-01-25T15:00:00+01:00,1.6
2026-01-25T15:15:00+01:00,17.12
2026-01-25T15:30:00+01:00,19.68
2026-01-25T15:45:00+01:00,12.8
2026-01-25T16:00:00+01:00,22.0
2026-01-25T16:15:00+01:00,29.04
2026-01-25T16:30:00+01:00,36.32
2026-01-25T16:45:00+01:00,41.2
2026-01-25T17:00:00+01:00,45.76
2026-01-25T17:15:00+01:00,45.52
2026-01-25T17:30:00+01:00,41.76
2026-01-25T17:45:00+01:00,40.32
2026-01-25T18:00:00+01:00,40.72
2026-01-25T18:15:00+01:00,40.08
2026-01-25T18:30:00+01:00,39.68
2026-01-25T18:45:00+01:00,40.48
2026-01-25T19:00:00+01:00,42.0
2026-01-25T19:15:00+01:00,41.6
2026-01-25T19:30:00+01:00,43.36
2026-01-25T19:45:00+01:00,42.48
2026-01-25T20:00:00+01:00,45.6
2026-01-25T20:15:00+01:00,44.08
2026-01-25T20:30:00+01:00,44.0
2026-01-25T20:45:00+01:00,46.88
2026-01-25T21:00:00+01:00,44.48
2026-01-25T21:15:00+01:00,42.8
2026-01-25T21:30:00+01:00,44.0
2026-01-25T21:45:00+01:00,44.32
2026-01-25T22:00:00+01:00,46.24
2026-01-25T22:15:00+01:00,47.84
2026-01-25T22:30:00+01:00,45.28
2026-01-25T22:45:00+01:00,45.84
2026-01-25T23:00:00+01:00,45.52
2026-01-25T23:15:00+01:00,46.96
2026-01-25T23:30:00+01:00,45.92
2026-01-25T23:45:00+01:00,46.32
2026-01-26T00:00:00+01:00,47.6
2026-01-26T00:15:00+01:00,48.4
2026-01-26T00:30:00+01:00,48.56
2026-01-26T00:45:00+01:00,48.48
2026-01-26T01:00:00+01:00,47.44
2026-01-26T01:15:00+01:00,48.96
2026-01-26T01:30:00+01:00,48.16
2026-01-26T01:45:00+01:00,50.32
2026-01-26T02:00:00+01:00,52.96
2026-01-26T02:15:00+01:00,51.28
2026-01-26T02:30:00+01:00,55.44
2026-01-26T02:45:00+01:00,57.68
2026-01-26T03:00:00+01:00,54.88
2026-01-26T03:15:00+01:00,53.28
2026-01-26T03:30:00+01:00,54.72
2026-01-26T03:45:00+01:00,52.48
2026-01-26T04:00:00+01:00,47.04
2026-01-26T04:15:00+01:00,47.12
2026-01-26T04:30:00+01:00,49.68
2026-01-26T04:45:00+01:00,53.36
2026-01-26T05:00:00+01:00,56.24
2026-01-26T05:15:00+01:00,70.0
2026-01-26T05:30:00+01:00,91.76
2026-01-26T05:45:00+01:00,118.96
2026-01-26T06:00:00+01:00,150.16
2026-01-26T06:15:00+01:00,194.32
2026-01-26T06:30:00+01:00,214.8
2026-01-26T06:45:00+01:00,216.16
2026-01-26T07:00:00+01:00,224.72
2026-01-26T07:15:00+01:00,249.68
2026-01-26T07:30:00+01:00,255.6
2026-01-26T07:45:00+01:00,229.12
2026-01-26T08:00:00+01:00,261.68
2026-01-26T08:15:00+01:00,269.6
2026-01-26T08:30:00+01:00,271.92
2026-01-26T08:45:00+01:00,288.32
2026-01-26T09:00:00+01:00,314.0
2026-01-26T09:15:00+01:00,309.04
2026-01-26T09:30:00+01:00,297.44
2026-01-26T09:45:00+01:00,277.2
2026-01-26T10:00:00+01:00,284.0
2026-01-26T10:15:00+01:00,301.36
2026-01-26T10:30:00+01:00,295.68
2026-01-26T10:45:00+01:00,277.12
2026-01-26T11:00:00+01:00,281.92
2026-01-26T11:15:00+01:00,276.56
2026-01-26T11:30:00+01:00,243.84
2026-01-26T11:45:00+01:00,240.24
2026-01-26T12:00:00+01:00,176.56
2026-01-26T12:15:00+01:00,163.44
2026-01-26T12:30:00+01:00,115.36
2026-01-26T12:45:00+01:00,104.08
2026-01-26T13:00:00+01:00,92.16
2026-01-26T13:15:00+01:00,136.16
2026-01-26T13:30:00+01:00,106.4
2026-01-26T13:45:00+01:00,180.8
2026-01-26T14:00:00+01:00,171.36
2026-01-26T14:15:00+01:00,176.08
2026-01-26T14:30:00+01:00,156.72
2026-01-26T14:45:00+01:00,140.48
2026-01-26T15:00:00+01:00,150.16
2026-01-26T15:15:00+01:00,182.88
2026-01-26T15:30:00+01:00,156.32
2026-01-26T15:45:00+01:00,202.16
2026-01-26T16:00:00+01:00,189.76
2026-01-26T16:15:00+01:00,206.88
2026-01-26T16:30:00+01:00,237.92
2026-01-26T16:45:00+01:00,221.36
2026-01-26T17:00:00+01:00,239.6
2026-01-26T17:15:00+01:00,230.64
2026-01-26T17:30:00+01:00,213.44
2026-01-26T17:45:00+01:00,214.72
2026-01-26T18:00:00+01:00,224.48
2026-01-26T18:15:00+01:00,202.08
2026-01-26T18:30:00+01:00,196.24
2026-01-26T18:45:00+01:00,224.32
2026-01-26T19:00:00+01:00,197.44
2026-01-26T19:15:00+01:00,212.56
2026-01-26T19:30:00+01:00,207.68
2026-01-26T19:45:00+01:00,193.76
2026-01-26T20:00:00+01:00,212.64
2026-01-26T20:15:00+01:00,235.28
2026-01-26T20:30:00+01:00,202.64
2026-01-26T20:45:00+01:00,189.04
2026-01-26T21:00:00+01:00,195.2
2026-01-26T21:15:00+01:00,199.36
2026-01-26T21:30:00+01:00,171.44
2026-01-26T21:45:00+01:00,168.4
2026-01-26T22:00:00+01:00,196.96
2026-01-26T22:15:00+01:00,179.04
2026-01-26T22:30:00+01:00,186.16
2026-01-26T22:45:00+01:00,176.24
2026-01-26T23:00:00+01:00,194.8
2026-01-26T23:15:00+01:00,173.6
2026-01-26T23:30:00+01:00,162.72
2026-01-26T23:45:00+01:00,164.48
2026-01-27T00:00:00+01:00,189.52
2026-01-27T00:15:00+01:00,219.12
2026-01-27T00:30:00+01:00,193.28
2026-01-27T00:45:00+01:00,170.56
2026-01-27T01:00:00+01:00,171.12
2026-01-27T01:15:00+01:00,171.52
2026-01-27T01:30:00+01:00,170.88
2026-01-27T01:45:00+01:00,160.16
2026-01-27T02:00:00+01:00,163.68
2026-01-27T02:15:00+01:00,174.4
2026-01-27T02:30:00+01:00,178.8
2026-01-27T02:45:00+01:00,201.6
2026-01-27T03:00:00+01:00,192.24
2026-01-27T03:15:00+01:00,173.68
2026-01-27T03:30:00+01:00,182.96
2026-01-27T03:45:00+01:00,194.72
2026-01-27T04:00:00+01:00,203.6
2026-01-27T04:15:00+01:00,194.56
2026-01-27T04:30:00+01:00,174.88
2026-01-27T04:45:00+01:00,171.76
2026-01-27T05:00:00+01:00,182.24
2026-01-27T05:15:00+01:00,201.76
2026-01-27T05:30:00+01:00,193.6
2026-01-27T05:45:00+01:00,206.8
2026-01-27T06:00:00+01:00,210.4
2026-01-27T06:15:00+01:00,200.0
2026-01-27T06:30:00+01:00,195.36
2026-01-27T06:45:00+01:00,230.8
2026-01-27T07:00:00+01:00,248.96
2026-01-27T07:15:00+01:00,246.56
2026-01-27T07:30:00+01:00,272.56
2026-01-27T07:45:00+01:00,274.96
2026-01-27T08:00:00+01:00,258.48
2026-01-27T08:15:00+01:00,253.68
2026-01-27T08:30:00+01:00,263.76
2026-01-27T08:45:00+01:00,275.44
2026-01-27T09:00:00+01:00,248.4
2026-01-27T09:15:00+01:00,233.12
2026-01-27T09:30:00+01:00,190.4
2026-01-27T09:45:00+01:00,191.04
2026-01-27T10:00:00+01:00,157.12
2026-01-27T10:15:00+01:00,112.08
2026-01-27T10:30:00+01:00,44.0
2026-01-27T10:45:00+01:00,13.68
2026-01-27T11:00:00+01:00,10.8
2026-01-27T11:15:00+01:00,14.72
2026-01-27T11:30:00+01:00,2.64
2026-01-27T11:45:00+01:00,0.0
2026-01-27T12:00:00+01:00,0.0
2026-01-27T12:15:00+01:00,0.0
2026-01-27T12:30:00+01:00,0.0
2026-01-27T12:45:00+01:00,0.0
2026-01-27T13:00:00+01:00,0.0
2026-01-27T13:15:00+01:00,0.0
2026-01-27T13:30:00+01:00,0.0
2026-01-27T13:45:00+01:00,0.0
2026-01-27T14:00:00+01:00,0.0
2026-01-27T14:15:00+01:00,3.84
2026-01-27T14:30:00+01:00,11.04
2026-01-27T14:45:00+01:00,39.36
2026-01-27T15:00:00+01:00,60.8
2026-01-27T15:15:00+01:00,78.0
2026-01-27T15:30:00+01:00,103.12
2026-01-27T15:45:00+01:00,162.56
2026-01-27T16:00:00+01:00,176.32
2026-01-27T16:15:00+01:00,176.88
2026-01-27T16:30:00+01:00,158.64
2026-01-27T16:45:00+01:00,177.28
2026-01-27T17:00:00+01:00,235.2
2026-01-27T17:15:00+01:00,249.12
2026-01-27T17:30:00+01:00,216.88
2026-01-27T17:45:00+01:00,218.48
2026-01-27T18:00:00+01:00,219.76
2026-01-27T18:15:00+01:00,208.32
2026-01-27T18:30:00+01:00,205.76
2026-01-27T18:45:00+01:00,218.72
2026-01-27T19:00:00+01:00,223.76
2026-01-27T19:15:00+01:00,206.72
2026-01-27T19:30:00+01:00,205.68
2026-01-27T19:45:00+01:00,222.64
2026-01-27T20:00:00+01:00,221.04
2026-01-27T20:15:00+01:00,218.48
2026-01-27T20:30:00+01:00,216.96
2026-01-27T20:45:00+01:00,225.84
2026-01-27T21:00:00+01:00,220.88
2026-01-27T21:15:00+01:00,217.92
2026-01-27T21:30:00+01:00,208.8
2026-01-27T21:45:00+01:00,230.88
2026-01-27T22:00:00+01:00,218.8
2026-01-27T22:15:00+01:00,218.88
2026-01-27T22:30:00+01:00,215.44
2026-01-27T22:45:00+01:00,203.2
2026-01-27T23:00:00+01:00,203.84
2026-01-27T23:15:00+01:00,222.64
2026-01-27T23:30:00+01:00,208.0
2026-01-27T23:45:00+01:00,177.04
2026-01-28T00:00:00+01:00,169.92
2026-01-28T00:15:00+01:00,188.24
2026-01-28T00:30:00+01:00,203.92
2026-01-28T00:45:00+01:00,188.48
2026-01-28T01:00:00+01:00,195.84
2026-01-28T01:15:00+01:00,198.56
2026-01-28T01:30:00+01:00,206.24
2026-01-28T01:45:00+01:00,212.96
2026-01-28T02:00:00+01:00,227.92
2026-01-28T02:15:00+01:00,226.72
2026-01-28T02:30:00+01:00,216.24
2026-01-28T02:45:00+01:00,208.24
2026-01-28T03:00:00+01:00,208.8
2026-01-28T03:15:00+01:00,209.6
2026-01-28T03:30:00+01:00,214.64
2026-01-28T03:45:00+01:00,208.56
2026-01-28T04:00:00+01:00,187.2
2026-01-28T04:15:00+01:00,178.32
2026-01-28T04:30:00+01:00,182.72
2026-01-28T04:45:00+01:00,191.52
2026-01-28T05:00:00+01:00,204.24
2026-01-28T05:15:00+01:00,211.36
2026-01-28T05:30:00+01:00,180.24
2026-01-28T05:45:00+01:00,198.32
2026-01-28T06:00:00+01:00,190.4
2026-01-28T06:15:00+01:00,214.88
2026-01-28T06:30:00+01:00,237.2
2026-01-28T06:45:00+01:00,231.12
2026-01-28T07:00:00+01:00,211.28
2026-01-28T07:15:00+01:00,251.92
2026-01-28T07:30:00+01:00,223.92
2026-01-28T07:45:00+01:00,251.36
2026-01-28T08:00:00+01:00,257.36
2026-01-28T08:15:00+01:00,260.24
2026-01-28T08:30:00+01:00,263.04
2026-01-28T08:45:00+01:00,252.48
2026-01-28T09:00:00+01:00,262.16
2026-01-28T09:15:00+01:00,258.64
2026-01-28T09:30:00+01:00,257.12
2026-01-28T09:45:00+01:00,238.56
2026-01-28T10:00:00+01:00,249.28
2026-01-28T10:15:00+01:00,261.76
2026-01-28T10:30:00+01:00,172.64
2026-01-28T10:45:00+01:00,185.68
2026-01-28T11:00:00+01:00,225.28
2026-01-28T11:15:00+01:00,93.36
2026-01-28T11:30:00+01:00,7.92
2026-01-28T11:45:00+01:00,2.24
2026-01-28T12:00:00+01:00,96.96
2026-01-28T12:15:00+01:00,181.92
2026-01-28T12:30:00+01:00,143.28
2026-01-28T12:45:00+01:00,104.4
2026-01-28T13:00:00+01:00,121.12
2026-01-28T13:15:00+01:00,142.08
2026-01-28T13:30:00+01:00,176.48
2026-01-28T13:45:00+01:00,181.52
2026-01-28T14:00:00+01:00,212.32
2026-01-28T14:15:00+01:00,190.56
2026-01-28T14:30:00+01:00,152.72
2026-01-28T14:45:00+01:00,163.2
2026-01-28T15:00:00+01:00,174.72
2026-01-28T15:15:00+01:00,173.52
2026-01-28T15:30:00+01:00,231.84
2026-01-28T15:45:00+01:00,228.48
2026-01-28T16:00:00+01:00,214.24
2026-01-28T16:15:00+01:00,211.2
2026-01-28T16:30:00+01:00,224.16
2026-01-28T16:45:00+01:00,232.24
2026-01-28T17:00:00+01:00,231.68
2026-01-28T17:15:00+01:00,208.0
2026-01-28T17:30:00+01:00,210.56
2026-01-28T17:45:00+01:00,236.08
2026-01-28T18:00:00+01:00,244.64
2026-01-28T18:15:00+01:00,238.56
2026-01-28T18:30:00+01:00,216.96
2026-01-28T18:45:00+01:00,204.64
2026-01-28T19:00:00+01:00,205.12
2026-01-28T19:15:00+01:00,229.04
2026-01-28T19:30:00+01:00,226.56
2026-01-28T19:45:00+01:00,219.44
2026-01-28T20:00:00+01:00,215.12
2026-01-28T20:15:00+01:00,206.72
2026-01-28T20:30:00+01:00,222.96
2026-01-28T20:45:00+01:00,232.16
2026-01-28T21:00:00+01:00,229.76
2026-01-28T21:15:00+01:00,221.2
2026-01-28T21:30:00+01:00,238.96
2026-01-28T21:45:00+01:00,229.76
2026-01-28T22:00:00+01:00,213.28
2026-01-28T22:15:00+01:00,220.4
2026-01-28T22:30:00+01:00,207.52
2026-01-28T22:45:00+01:00,176.16
2026-01-28T23:00:00+01:00,159.36
2026-01-28T23:15:00+01:00,157.36
2026-01-28T23:30:00+01:00,154.4
2026-01-28T23:45:00+01:00,165.36
2026-01-29T00:00:00+01:00,170.08
2026-01-29T00:15:00+01:00,187.36
2026-01-29T00:30:00+01:00,188.56
2026-01-29T00:45:00+01:00,190.32
2026-01-29T01:00:00+01:00,177.76
2026-01-29T01:15:00+01:00,164.24
2026-01-29T01:30:00+01:00,161.92
2026-01-29T01:45:00+01:00,188.0
2026-01-29T02:00:00+01:00,169.68
2026-01-29T02:15:00+01:00,162.0
2026-01-29T02:30:00+01:00,191.84
2026-01-29T02:45:00+01:00,188.8
2026-01-29T03:00:00+01:00,184.48
2026-01-29T03:15:00+01:00,172.32
2026-01-29T03:30:00+01:00,163.2
2026-01-29T03:45:00+01:00,159.44
2026-01-29T04:00:00+01:00,152.32
2026-01-29T04:15:00+01:00,188.32
2026-01-29T04:30:00+01:00,160.96
2026-01-29T04:45:00+01:00,208.64
2026-01-29T05:00:00+01:00,207.92
2026-01-29T05:15:00+01:00,225.84
2026-01-29T05:30:00+01:00,211.44
2026-01-29T05:45:00+01:00,211.44
2026-01-29T06:00:00+01:00,174.48
2026-01-29T06:15:00+01:00,176.08
2026-01-29T06:30:00+01:00,218.4
2026-01-29T06:45:00+01:00,220.48
2026-01-29T07:00:00+01:00,245.28
2026-01-29T07:15:00+01:00,267.28
2026-01-29T07:30:00+01:00,264.48
2026-01-29T07:45:00+01:00,224.4
2026-01-29T08:00:00+01:00,244.88
2026-01-29T08:15:00+01:00,247.04
2026-01-29T08:30:00+01:00,248.72
2026-01-29T08:45:00+01:00,249.28
2026-01-29T09:00:00+01:00,294.24
2026-01-29T09:15:00+01:00,267.92
2026-01-29T09:30:00+01:00,259.52
2026-01-29T09:45:00+01:00,268.88
2026-01-29T10:00:00+01:00,265.12
2026-01-29T10:15:00+01:00,267.52
2026-01-29T10:30:00+01:00,254.8
2026-01-29T10:45:00+01:00,186.72
2026-01-29T11:00:00+01:00,183.52
2026-01-29T11:15:00+01:00,195.12
2026-01-29T11:30:00+01:00,205.12
2026-01-29T11:45:00+01:00,194.72
2026-01-29T12:00:00+01:00,193.68
2026-01-29T12:15:00+01:00,149.12
2026-01-29T12:30:00+01:00,60.88
2026-01-29T12:45:00+01:00,133.84
2026-01-29T13:00:00+01:00,177.76
2026-01-29T13:15:00+01:00,216.64
2026-01-29T13:30:00+01:00,240.8
2026-01-29T13:45:00+01:00,211.6
2026-01-29T14:00:00+01:00,175.36
2026-01-29T14:15:00+01:00,132.8
2026-01-29T14:30:00+01:00,64.88
2026-01-29T14:45:00+01:00,109.36
2026-01-29T15:00:00+01:00,162.24
2026-01-29T15:15:00+01:00,159.04
2026-01-29T15:30:00+01:00,191.04
2026-01-29T15:45:00+01:00,216.16
2026-01-29T16:00:00+01:00,206.96
2026-01-29T16:15:00+01:00,221.2
2026-01-29T16:30:00+01:00,215.84
2026-01-29T16:45:00+01:00,222.88
2026-01-29T17:00:00+01:00,246.64
2026-01-29T17:15:00+01:00,229.44
2026-01-29T17:30:00+01:00,230.0
2026-01-29T17:45:00+01:00,240.64
2026-01-29T18:00:00+01:00,230.72
2026-01-29T18:15:00+01:00,211.04
2026-01-29T18:30:00+01:00,204.88
2026-01-29T18:45:00+01:00,159.12
2026-01-29T19:00:00+01:00,180.64
2026-01-29T19:15:00+01:00,197.52
2026-01-29T19:30:00+01:00,203.2
2026-01-29T19:45:00+01:00,199.28
2026-01-29T20:00:00+01:00,203.68
2026-01-29T20:15:00+01:00,213.52
2026-01-29T20:30:00+01:00,199.12
2026-01-29T20:45:00+01:00,176.0
2026-01-29T21:00:00+01:00,184.32
2026-01-29T21:15:00+01:00,179.6
2026-01-29T21:30:00+01:00,168.88
2026-01-29T21:45:00+01:00,152.24
2026-01-29T22:00:00+01:00,137.68
2026-01-29T22:15:00+01:00,141.6
2026-01-29T22:30:00+01:00,147.04
2026-01-29T22:45:00+01:00,147.36
2026-01-29T23:00:00+01:00,160.64
2026-01-29T23:15:00+01:00,158.32
2026-01-29T23:30:00+01:00,170.08
2026-01-29T23:45:00+01:00,138.0
2026-01-30T00:00:00+01:00,173.04
2026-01-30T00:15:00+01:00,135.6
2026-01-30T00:30:00+01:00,163.52
2026-01-30T00:45:00+01:00,148.32
2026-01-30T01:00:00+01:00,167.84
2026-01-30T01:15:00+01:00,184.96
2026-01-30T01:30:00+01:00,183.28
2026-01-30T01:45:00+01:00,204.4
2026-01-30T02:00:00+01:00,168.24
2026-01-30T02:15:00+01:00,154.32
2026-01-30T02:30:00+01:00,174.24
2026-01-30T02:45:00+01:00,186.16
2026-01-30T03:00:00+01:00,211.6
2026-01-30T03:15:00+01:00,180.64
2026-01-30T03:30:00+01:00,155.28
2026-01-30T03:45:00+01:00,138.72
2026-01-30T04:00:00+01:00,155.44
2026-01-30T04:15:00+01:00,175.12
2026-01-30T04:30:00+01:00,165.6
2026-01-30T04:45:00+01:00,176.56
2026-01-30T05:00:00+01:00,166.16
2026-01-30T05:15:00+01:00,167.6
2026-01-30T05:30:00+01:00,149.12
2026-01-30T05:45:00+01:00,166.8
2026-01-30T06:00:00+01:00,171.68
2026-01-30T06:15:00+01:00,184.88
2026-01-30T06:30:00+01:00,213.84
2026-01-30T06:45:00+01:00,220.48
2026-01-30T07:00:00+01:00,240.96
2026-01-30T07:15:00+01:00,253.52
2026-01-30T07:30:00+01:00,266.16
2026-01-30T07:45:00+01:00,250.56
2026-01-30T08:00:00+01:00,239.6
2026-01-30T08:15:00+01:00,235.84
2026-01-30T08:30:00+01:00,236.16
2026-01-30T08:45:00+01:00,238.96
2026-01-30T09:00:00+01:00,205.92
2026-01-30T09:15:00+01:00,187.52
2026-01-30T09:30:00+01:00,152.24
2026-01-30T09:45:00+01:00,188.32
2026-01-30T10:00:00+01:00,132.96
2026-01-30T10:15:00+01:00,120.32
2026-01-30T10:30:00+01:00,69.68
2026-01-30T10:45:00+01:00,67.28
2026-01-30T11:00:00+01:00,91.36
2026-01-30T11:15:00+01:00,70.32
2026-01-30T11:30:00+01:00,69.28
2026-01-30T11:45:00+01:00,60.96
2026-01-30T12:00:00+01:00,41.76
2026-01-30T12:15:00+01:00,1.2
2026-01-30T12:30:00+01:00,0.0
2026-01-30T12:45:00+01:00,0.0
2026-01-30T13:00:00+01:00,0.0
2026-01-30T13:15:00+01:00,0.0
2026-01-30T13:30:00+01:00,0.0
2026-01-30T13:45:00+01:00,0.0
2026-01-30T14:00:00+01:00,0.0
2026-01-30T14:15:00+01:00,10.4
2026-01-30T14:30:00+01:00,59.28
2026-01-30T14:45:00+01:00,50.48
2026-01-30T15:00:00+01:00,87.36
2026-01-30T15:15:00+01:00,114.8
2026-01-30T15:30:00+01:00,138.4
2026-01-30T15:45:00+01:00,145.04
2026-01-30T16:00:00+01:00,152.8
2026-01-30T16:15:00+01:00,165.04
2026-01-30T16:30:00+01:00,192.72
2026-01-30T16:45:00+01:00,172.16
2026-01-30T17:00:00+01:00,182.16
2026-01-30T17:15:00+01:00,197.28
2026-01-30T17:30:00+01:00,200.16
2026-01-30T17:45:00+01:00,194.0
2026-01-30T18:00:00+01:00,190.48
2026-01-30T18:15:00+01:00,186.96
2026-01-30T18:30:00+01:00,176.8
2026-01-30T18:45:00+01:00,169.44
2026-01-30T19:00:00+01:00,164.48
2026-01-30T19:15:00+01:00,150.32
2026-01-30T19:30:00+01:00,160.16
2026-01-30T19:45:00+01:00,152.96
2026-01-30T20:00:00+01:00,137.52
2026-01-30T20:15:00+01:00,132.88
2026-01-30T20:30:00+01:00,140.56
2026-01-30T20:45:00+01:00,128.0
2026-01-30T21:00:00+01:00,107.44
2026-01-30T21:15:00+01:00,88.48
2026-01-30T21:30:00+01:00,78.48
2026-01-30T21:45:00+01:00,68.08
2026-01-30T22:00:00+01:00,62.72
2026-01-30T22:15:00+01:00,53.76
2026-01-30T22:30:00+01:00,48.56
2026-01-30T22:45:00+01:00,47.28
2026-01-30T23:00:00+01:00,49.28
2026-01-30T23:15:00+01:00,45.28
2026-01-30T23:30:00+01:00,44.32
2026-01-30T23:45:00+01:00,46.72
2026-01-31T00:00:00+01:00,43.84
2026-01-31T00:15:00+01:00,40.4
2026-01-31T00:30:00+01:00,42.48
2026-01-31T00:45:00+01:00,39.44
2026-01-31T01:00:00+01:00,39.84
2026-01-31T01:15:00+01:00,44.88
2026-01-31T01:30:00+01:00,45.2
2026-01-31T01:45:00+01:00,42.88
2026-01-31T02:00:00+01:00,44.88
2026-01-31T02:15:00+01:00,43.92
2026-01-31T02:30:00+01:00,39.36
2026-01-31T02:45:00+01:00,39.36
2026-01-31T03:00:00+01:00,39.68
2026-01-31T03:15:00+01:00,38.64
2026-01-31T03:30:00+01:00,38.64
2026-01-31T03:45:00+01:00,44.96
2026-01-31T04:00:00+01:00,42.16
2026-01-31T04:15:00+01:00,40.4
2026-01-31T04:30:00+01:00,41.68
2026-01-31T04:45:00+01:00,42.8
2026-01-31T05:00:00+01:00,40.72
2026-01-31T05:15:00+01:00,42.96
2026-01-31T05:30:00+01:00,43.12
2026-01-31T05:45:00+01:00,44.08
2026-01-31T06:00:00+01:00,44.48
2026-01-31T06:15:00+01:00,45.44
2026-01-31T06:30:00+01:00,46.24
2026-01-31T06:45:00+01:00,45.6
2026-01-31T07:00:00+01:00,44.64
2026-01-31T07:15:00+01:00,46.64
2026-01-31T07:30:00+01:00,46.72
2026-01-31T07:45:00+01:00,45.6
2026-01-31T08:00:00+01:00,41.04
2026-01-31T08:15:00+01:00,24.0
2026-01-31T08:30:00+01:00,2.32
2026-01-31T08:45:00+01:00,1.2
2026-01-31T09:00:00+01:00,0.24
2026-01-31T09:15:00+01:00,0.0
2026-01-31T09:30:00+01:00,0.0
2026-01-31T09:45:00+01:00,0.0
2026-01-31T10:00:00+01:00,0.0
2026-01-31T10:15:00+01:00,0.0
2026-01-31T10:30:00+01:00,0.0
2026-01-31T10:45:00+01:00,0.0
2026-01-31T11:00:00+01:00,0.0
2026-01-31T11:15:00+01:00,0.0
2026-01-31T11:30:00+01:00,0.0
2026-01-31T11:45:00+01:00,0.0
2026-01-31T12:00:00+01:00,0.0
2026-01-31T12:15:00+01:00,0.0
2026-01-31T12:30:00+01:00,0.0
2026-01-31T12:45:00+01:00,0.0
2026-01-31T13:00:00+01:00,0.0
2026-01-31T13:15:00+01:00,0.0
2026-01-31T13:30:00+01:00,0.0
2026-01-31T13:45:00+01:00,0.0
2026-01-31T14:00:00+01:00,0.0
2026-01-31T14:15:00+01:00,0.0
2026-01-31T14:30:00+01:00,0.0
2026-01-31T14:45:00+01:00,0.0
2026-01-31T15:00:00+01:00,0.0
2026-01-31T15:15:00+01:00,0.0
2026-01-31T15:30:00+01:00,0.0
2026-01-31T15:45:00+01:00,0.0
2026-01-31T16:00:00+01:00,0.0
2026-01-31T16:15:00+01:00,7.36
2026-01-31T16:30:00+01:00,23.04
2026-01-31T16:45:00+01:00,37.2
2026-01-31T17:00:00+01:00,41.76
2026-01-31T17:15:00+01:00,42.8
2026-01-31T17:30:00+01:00,43.2
2026-01-31T17:45:00+01:00,44.72
2026-01-31T18:00:00+01:00,44.72
2026-01-31T18:15:00+01:00,43.76
2026-01-31T18:30:00+01:00,43.04
2026-01-31T18:45:00+01:00,43.2
2026-01-31T19:00:00+01:00,45.44
2026-01-31T19:15:00+01:00,43.36
2026-01-31T19:30:00+01:00,42.8
2026-01-31T19:45:00+01:00,45.04
2026-01-31T20:00:00+01:00,46.24
2026-01-31T20:15:00+01:00,41.84
2026-01-31T20:30:00+01:00,41.28
2026-01-31T20:45:00+01:00,42.32
2026-01-31T21:00:00+01:00,40.96
2026-01-31T21:15:00+01:00,39.52
2026-01-31T21:30:00+01:00,40.48
2026-01-31T21:45:00+01:00,42.4
2026-01-31T22:00:00+01:00,44.56
2026-01-31T22:15:00+01:00,40.56
2026-01-31T22:30:00+01:00,42.8
2026-01-31T22:45:00+01:00,42.4
2026-01-31T23:00:00+01:00,42.0
2026-01-31T23:15:00+01:00,43.84
2026-01-31T23:30:00+01:00,43.6
2026-01-31T23:45:00+01:00,43.2
2026-02-01T00:00:00+01:00,40.24
2026-02-01T00:15:00+01:00,38.8
2026-02-01T00:30:00+01:00,39.52
2026-02-01T00:45:00+01:00,40.4
2026-02-01T01:00:00+01:00,39.04
2026-02-01T01:15:00+01:00,39.28
2026-02-01T01:30:00+01:00,40.16
2026-02-01T01:45:00+01:00,40.48
2026-02-01T02:00:00+01:00,44.48
2026-02-01T02:15:00+01:00,42.16
2026-02-01T02:30:00+01:00,41.52
2026-02-01T02:45:00+01:00,41.36
2026-02-01T03:00:00+01:00,41.84
2026-02-01T03:15:00+01:00,40.56
2026-02-01T03:30:00+01:00,39.44
2026-02-01T03:45:00+01:00,40.56
2026-02-01T04:00:00+01:00,43.76
2026-02-01T04:15:00+01:00,41.36
2026-02-01T04:30:00+01:00,40.0
2026-02-01T04:45:00+01:00,39.12
2026-02-01T05:00:00+01:00,40.56
2026-02-01T05:15:00+01:00,41.84
2026-02-01T05:30:00+01:00,40.64
2026-02-01T05:45:00+01:00,41.12
2026-02-01T06:00:00+01:00,43.36
2026-02-01T06:15:00+01:00,43.76
2026-02-01T06:30:00+01:00,40.4
2026-02-01T06:45:00+01:00,40.48
2026-02-01T07:00:00+01:00,39.44
2026-02-01T07:15:00+01:00,38.8
2026-02-01T07:30:00+01:00,37.92
2026-02-01T07:45:00+01:00,39.04
2026-02-01T08:00:00+01:00,39.76
2026-02-01T08:15:00+01:00,37.92
2026-02-01T08:30:00+01:00,33.12
2026-02-01T08:45:00+01:00,23.92
2026-02-01T09:00:00+01:00,20.56
2026-02-01T09:15:00+01:00,9.28
2026-02-01T09:30:00+01:00,0.24
2026-02-01T09:45:00+01:00,0.16
2026-02-01T10:00:00+01:00,0.0
2026-02-01T10:15:00+01:00,0.0
2026-02-01T10:30:00+01:00,0.0
2026-02-01T10:45:00+01:00,0.0
2026-02-01T11:00:00+01:00,0.0
2026-02-01T11:15:00+01:00,0.0
2026-02-01T11:30:00+01:00,0.0
2026-02-01T11:45:00+01:00,0.0
2026-02-01T12:00:00+01:00,0.0
2026-02-01T12:15:00+01:00,0.0
2026-02-01T12:30:00+01:00,0.0
2026-02-01T12:45:00+01:00,0.0
2026-02-01T13:00:00+01:00,0.0
2026-02-01T13:15:00+01:00,0.0
2026-02-01T13:30:00+01:00,0.0
2026-02-01T13:45:00+01:00,0.0
2026-02-01T14:00:00+01:00,0.0
2026-02-01T14:15:00+01:00,0.0
2026-02-01T14:30:00+01:00,0.0
2026-02-01T14:45:00+01:00,0.0
2026-02-01T15:00:00+01:00,0.0
2026-02-01T15:15:00+01:00,0.0
2026-02-01T15:30:00+01:00,0.32
2026-02-01T15:45:00+01:00,0.4
2026-02-01T16:00:00+01:00,3.52
2026-02-01T16:15:00+01:00,19.92
2026-02-01T16:30:00+01:00,24.88
2026-02-01T16:45:00+01:00,29.2
2026-02-01T17:00:00+01:00,32.56
2026-02-01T17:15:00+01:00,36.88
2026-02-01T17:30:00+01:00,38.56
2026-02-01T17:45:00+01:00,39.52
2026-02-01T18:00:00+01:00,38.72
2026-02-01T18:15:00+01:00,38.08
2026-02-01T18:30:00+01:00,39.44
2026-02-01T18:45:00+01:00,40.64
2026-02-01T19:00:00+01:00,40.16
2026-02-01T19:15:00+01:00,40.08
2026-02-01T19:30:00+01:00,40.88
2026-02-01T19:45:00+01:00,41.84
2026-02-01T20:00:00+01:00,42.56
2026-02-01T20:15:00+01:00,40.24
2026-02-01T20:30:00+01:00,40.96
2026-02-01T20:45:00+01:00,41.04
2026-02-01T21:00:00+01:00,40.88
2026-02-01T21:15:00+01:00,39.12
2026-02-01T21:30:00+01:00,38.72
2026-02-01T21:45:00+01:00,38.56
2026-02-01T22:00:00+01:00,43.28
2026-02-01T22:15:00+01:00,46.56
2026-02-01T22:30:00+01:00,43.44
2026-02-01T22:45:00+01:00,40.96
2026-02-01T23:00:00+01:00,42.32
2026-02-01T23:15:00+01:00,42.48
2026-02-01T23:30:00+01:00,41.76
2026-02-01T23:45:00+01:00,44.16
2026-02-02T00:00:00+01:00,45.92
2026-02-02T00:15:00+01:00,44.64
2026-02-02T00:30:00+01:00,44.64
2026-02-02T00:45:00+01:00,44.16
2026-02-02T01:00:00+01:00,44.64
2026-02-02T01:15:00+01:00,44.16
2026-02-02T01:30:00+01:00,44.64
2026-02-02T01:45:00+01:00,47.84
2026-02-02T02:00:00+01:00,46.16
2026-02-02T02:15:00+01:00,44.64
2026-02-02T02:30:00+01:00,50.88
2026-02-02T02:45:00+01:00,52.16
2026-02-02T03:00:00+01:00,47.6
2026-02-02T03:15:00+01:00,47.68
2026-02-02T03:30:00+01:00,47.04
2026-02-02T03:45:00+01:00,47.52
2026-02-02T04:00:00+01:00,41.68
2026-02-02T04:15:00+01:00,44.08
2026-02-02T04:30:00+01:00,49.2
2026-02-02T04:45:00+01:00,50.4
2026-02-02T05:00:00+01:00,54.96
2026-02-02T05:15:00+01:00,64.72
2026-02-02T05:30:00+01:00,87.28
2026-02-02T05:45:00+01:00,131.44
2026-02-02T06:00:00+01:00,178.88
2026-02-02T06:15:00+01:00,234.72
2026-02-02T06:30:00+01:00,235.36
2026-02-02T06:45:00+01:00,208.56
2026-02-02T07:00:00+01:00,252.64
2026-02-02T07:15:00+01:00,214.16
2026-02-02T07:30:00+01:00,238.88
2026-02-02T07:45:00+01:00,225.92
2026-02-02T08:00:00+01:00,225.68
2026-02-02T08:15:00+01:00,266.64
2026-02-02T08:30:00+01:00,255.84
2026-02-02T08:45:00+01:00,255.12
2026-02-02T09:00:00+01:00,206.24
2026-02-02T09:15:00+01:00,218.08
2026-02-02T09:30:00+01:00,181.52
2026-02-02T09:45:00+01:00,184.48
2026-02-02T10:00:00+01:00,151.68
2026-02-02T10:15:00+01:00,145.12
2026-02-02T10:30:00+01:00,189.2
2026-02-02T10:45:00+01:00,162.24
2026-02-02T11:00:00+01:00,176.0
2026-02-02T11:15:00+01:00,191.84
2026-02-02T11:30:00+01:00,55.44
2026-02-02T11:45:00+01:00,0.24
2026-02-02T12:00:00+01:00,0.0
2026-02-02T12:15:00+01:00,0.0
2026-02-02T12:30:00+01:00,0.0
2026-02-02T12:45:00+01:00,0.0
2026-02-02T13:00:00+01:00,0.0
2026-02-02T13:15:00+01:00,0.0
2026-02-02T13:30:00+01:00,0.0
2026-02-02T13:45:00+01:00,0.0
2026-02-02T14:00:00+01:00,0.0
2026-02-02T14:15:00+01:00,0.0
2026-02-02T14:30:00+01:00,0.0
2026-02-02T14:45:00+01:00,0.24
2026-02-02T15:00:00+01:00,7.36
2026-02-02T15:15:00+01:00,38.08
2026-02-02T15:30:00+01:00,78.72
2026-02-02T15:45:00+01:00,115.36
2026-02-02T16:00:00+01:00,142.0
2026-02-02T16:15:00+01:00,189.36
2026-02-02T16:30:00+01:00,239.6
2026-02-02T16:45:00+01:00,272.24
2026-02-02T17:00:00+01:00,241.6
2026-02-02T17:15:00+01:00,251.92
2026-02-02T17:30:00+01:00,275.36
2026-02-02T17:45:00+01:00,278.32
2026-02-02T18:00:00+01:00,280.56
2026-02-02T18:15:00+01:00,239.52
2026-02-02T18:30:00+01:00,237.12
2026-02-02T18:45:00+01:00,217.28
2026-02-02T19:00:00+01:00,214.96
2026-02-02T19:15:00+01:00,233.2
2026-02-02T19:30:00+01:00,235.92
2026-02-02T19:45:00+01:00,229.12
2026-02-02T20:00:00+01:00,233.12
2026-02-02T20:15:00+01:00,250.24
2026-02-02T20:30:00+01:00,253.2
2026-02-02T20:45:00+01:00,251.44
2026-02-02T21:00:00+01:00,221.44
2026-02-02T21:15:00+01:00,220.4
2026-02-02T21:30:00+01:00,233.2
2026-02-02T21:45:00+01:00,223.28
2026-02-02T22:00:00+01:00,213.84
2026-02-02T22:15:00+01:00,211.76
2026-02-02T22:30:00+01:00,203.12
2026-02-02T22:45:00+01:00,187.44
2026-02-02T23:00:00+01:00,187.2
2026-02-02T23:15:00+01:00,200.32
2026-02-02T23:30:00+01:00,195.2
2026-02-02T23:45:00+01:00,170.0
2026-02-03T00:00:00+01:00,170.24
2026-02-03T00:15:00+01:00,163.28
2026-02-03T00:30:00+01:00,180.96
2026-02-03T00:45:00+01:00,160.08
2026-02-03T01:00:00+01:00,170.64
2026-02-03T01:15:00+01:00,198.0
2026-02-03T01:30:00+01:00,216.72
2026-02-03T01:45:00+01:00,183.28
2026-02-03T02:00:00+01:00,180.56
2026-02-03T02:15:00+01:00,195.36
2026-02-03T02:30:00+01:00,200.88
2026-02-03T02:45:00+01:00,225.92
2026-02-03T03:00:00+01:00,189.84
2026-02-03T03:15:00+01:00,175.2
2026-02-03T03:30:00+01:00,190.0
2026-02-03T03:45:00+01:00,195.76
2026-02-03T04:00:00+01:00,214.08
2026-02-03T04:15:00+01:00,234.08
2026-02-03T04:30:00+01:00,214.32
2026-02-03T04:45:00+01:00,225.36
2026-02-03T05:00:00+01:00,215.36
2026-02-03T05:15:00+01:00,219.44
2026-02-03T05:30:00+01:00,209.12
2026-02-03T05:45:00+01:00,227.44
2026-02-03T06:00:00+01:00,255.36
2026-02-03T06:15:00+01:00,305.36
2026-02-03T06:30:00+01:00,297.04
2026-02-03T06:45:00+01:00,289.28
2026-02-03T07:00:00+01:00,323.92
2026-02-03T07:15:00+01:00,282.32
2026-02-03T07:30:00+01:00,250.88
2026-02-03T07:45:00+01:00,245.12
2026-02-03T08:00:00+01:00,280.72
2026-02-03T08:15:00+01:00,306.64
2026-02-03T08:30:00+01:00,275.92
2026-02-03T08:45:00+01:00,258.88
2026-02-03T09:00:00+01:00,251.12
2026-02-03T09:15:00+01:00,220.72
2026-02-03T09:30:00+01:00,226.16
2026-02-03T09:45:00+01:00,123.76
2026-02-03T10:00:00+01:00,140.72
2026-02-03T10:15:00+01:00,180.72
2026-02-03T10:30:00+01:00,92.4
2026-02-03T10:45:00+01:00,0.4
2026-02-03T11:00:00+01:00,4.56
2026-02-03T11:15:00+01:00,0.08
2026-02-03T11:30:00+01:00,0.0
2026-02-03T11:45:00+01:00,0.0
2026-02-03T12:00:00+01:00,0.0
2026-02-03T12:15:00+01:00,0.0
2026-02-03T12:30:00+01:00,0.0
2026-02-03T12:45:00+01:00,150.56
2026-02-03T13:00:00+01:00,32.64
2026-02-03T13:15:00+01:00,0.0
2026-02-03T13:30:00+01:00,0.0
2026-02-03T13:45:00+01:00,0.0
2026-02-03T14:00:00+01:00,0.0
2026-02-03T14:15:00+01:00,0.0
2026-02-03T14:30:00+01:00,0.0
2026-02-03T14:45:00+01:00,0.56
2026-02-03T15:00:00+01:00,11.12
2026-02-03T15:15:00+01:00,54.08
2026-02-03T15:30:00+01:00,72.4
2026-02-03T15:45:00+01:00,119.84
2026-02-03T16:00:00+01:00,187.84
2026-02-03T16:15:00+01:00,192.56
2026-02-03T16:30:00+01:00,248.48
2026-02-03T16:45:00+01:00,238.72
2026-02-03T17:00:00+01:00,234.64
2026-02-03T17:15:00+01:00,232.72
2026-02-03T17:30:00+01:00,257.6
2026-02-03T17:45:00+01:00,293.92
2026-02-03T18:00:00+01:00,304.24
2026-02-03T18:15:00+01:00,234.56
2026-02-03T18:30:00+01:00,231.12
2026-02-03T18:45:00+01:00,232.24
2026-02-03T19:00:00+01:00,231.44
2026-02-03T19:15:00+01:00,240.32
2026-02-03T19:30:00+01:00,235.52
2026-02-03T19:45:00+01:00,236.64
2026-02-03T20:00:00+01:00,241.76
2026-02-03T20:15:00+01:00,264.64
2026-02-03T20:30:00+01:00,279.76
2026-02-03T20:45:00+01:00,266.32
2026-02-03T21:00:00+01:00,250.96
2026-02-03T21:15:00+01:00,266.08
2026-02-03T21:30:00+01:00,227.04
2026-02-03T21:45:00+01:00,208.48
2026-02-03T22:00:00+01:00,192.24
2026-02-03T22:15:00+01:00,185.44
2026-02-03T22:30:00+01:00,181.6
2026-02-03T22:45:00+01:00,191.04
2026-02-03T23:00:00+01:00,191.2
2026-02-03T23:15:00+01:00,190.8
2026-02-03T23:30:00+01:00,220.08
2026-02-03T23:45:00+01:00,196.08
2026-02-04T00:00:00+01:00,198.88
2026-02-04T00:15:00+01:00,176.48
2026-02-04T00:30:00+01:00,185.28
2026-02-04T00:45:00+01:00,179.68
2026-02-04T01:00:00+01:00,189.44
2026-02-04T01:15:00+01:00,194.56
2026-02-04T01:30:00+01:00,195.92
2026-02-04T01:45:00+01:00,221.36
2026-02-04T02:00:00+01:00,208.72
2026-02-04T02:15:00+01:00,173.36
2026-02-04T02:30:00+01:00,169.52
2026-02-04T02:45:00+01:00,182.64
2026-02-04T03:00:00+01:00,207.84
2026-02-04T03:15:00+01:00,195.52
2026-02-04T03:30:00+01:00,166.8
2026-02-04T03:45:00+01:00,166.64
2026-02-04T04:00:00+01:00,154.24
2026-02-04T04:15:00+01:00,178.32
2026-02-04T04:30:00+01:00,182.56
2026-02-04T04:45:00+01:00,186.32
2026-02-04T05:00:00+01:00,210.64
2026-02-04T05:15:00+01:00,190.64
2026-02-04T05:30:00+01:00,185.28
2026-02-04T05:45:00+01:00,205.52
2026-02-04T06:00:00+01:00,234.16
2026-02-04T06:15:00+01:00,279.44
2026-02-04T06:30:00+01:00,261.84
2026-02-04T06:45:00+01:00,284.0
2026-02-04T07:00:00+01:00,289.52
2026-02-04T07:15:00+01:00,295.92
2026-02-04T07:30:00+01:00,314.8
2026-02-04T07:45:00+01:00,308.88
2026-02-04T08:00:00+01:00,309.84
2026-02-04T08:15:00+01:00,317.92
2026-02-04T08:30:00+01:00,307.28
2026-02-04T08:45:00+01:00,282.08
2026-02-04T09:00:00+01:00,274.8
2026-02-04T09:15:00+01:00,272.88
2026-02-04T09:30:00+01:00,266.4
2026-02-04T09:45:00+01:00,240.24
2026-02-04T10:00:00+01:00,266.8
2026-02-04T10:15:00+01:00,273.6
2026-02-04T10:30:00+01:00,276.64
2026-02-04T10:45:00+01:00,285.44
2026-02-04T11:00:00+01:00,286.16
2026-02-04T11:15:00+01:00,283.2
2026-02-04T11:30:00+01:00,269.6
2026-02-04T11:45:00+01:00,241.28
2026-02-04T12:00:00+01:00,200.08
2026-02-04T12:15:00+01:00,217.28
2026-02-04T12:30:00+01:00,228.08
2026-02-04T12:45:00+01:00,230.64
2026-02-04T13:00:00+01:00,267.28
2026-02-04T13:15:00+01:00,255.52
2026-02-04T13:30:00+01:00,236.0
2026-02-04T13:45:00+01:00,255.52
2026-02-04T14:00:00+01:00,238.96
2026-02-04T14:15:00+01:00,214.8
2026-02-04T14:30:00+01:00,205.52
2026-02-04T14:45:00+01:00,211.52
2026-02-04T15:00:00+01:00,246.56
2026-02-04T15:15:00+01:00,231.6
2026-02-04T15:30:00+01:00,245.44
2026-02-04T15:45:00+01:00,229.04
2026-02-04T16:00:00+01:00,248.8
2026-02-04T16:15:00+01:00,245.68
2026-02-04T16:30:00+01:00,221.68
2026-02-04T16:45:00+01:00,201.52
2026-02-04T17:00:00+01:00,228.48
2026-02-04T17:15:00+01:00,249.52
2026-02-04T17:30:00+01:00,239.52
2026-02-04T17:45:00+01:00,261.84
2026-02-04T18:00:00+01:00,252.8
2026-02-04T18:15:00+01:00,223.68
2026-02-04T18:30:00+01:00,253.68
2026-02-04T18:45:00+01:00,234.0
2026-02-04T19:00:00+01:00,232.56
2026-02-04T19:15:00+01:00,237.2
2026-02-04T19:30:00+01:00,227.28
2026-02-04T19:45:00+01:00,221.76
2026-02-04T20:00:00+01:00,217.68
2026-02-04T20:15:00+01:00,182.32
2026-02-04T20:30:00+01:00,198.88
2026-02-04T20:45:00+01:00,268.08
2026-02-04T21:00:00+01:00,262.24
2026-02-04T21:15:00+01:00,237.2
2026-02-04T21:30:00+01:00,234.64
2026-02-04T21:45:00+01:00,241.68
2026-02-04T22:00:00+01:00,217.44
2026-02-04T22:15:00+01:00,218.0
2026-02-04T22:30:00+01:00,193.04
2026-02-04T22:45:00+01:00,153.36
2026-02-04T23:00:00+01:00,165.6
2026-02-04T23:15:00+01:00,180.24
2026-02-04T23:30:00+01:00,146.32
2026-02-04T23:45:00+01:00,157.04
2026-02-05T00:00:00+01:00,144.56
2026-02-05T00:15:00+01:00,168.48
2026-02-05T00:30:00+01:00,145.28
2026-02-05T00:45:00+01:00,151.6
2026-02-05T01:00:00+01:00,172.72
2026-02-05T01:15:00+01:00,164.08
2026-02-05T01:30:00+01:00,143.6
2026-02-05T01:45:00+01:00,128.16
2026-02-05T02:00:00+01:00,159.04
2026-02-05T02:15:00+01:00,169.92
2026-02-05T02:30:00+01:00,161.52
2026-02-05T02:45:00+01:00,164.32
2026-02-05T03:00:00+01:00,146.72
2026-02-05T03:15:00+01:00,187.44
2026-02-05T03:30:00+01:00,180.16
2026-02-05T03:45:00+01:00,160.4
2026-02-05T04:00:00+01:00,155.92
2026-02-05T04:15:00+01:00,161.92
2026-02-05T04:30:00+01:00,167.76
2026-02-05T04:45:00+01:00,164.88
2026-02-05T05:00:00+01:00,179.28
2026-02-05T05:15:00+01:00,182.32
2026-02-05T05:30:00+01:00,206.88
2026-02-05T05:45:00+01:00,206.88
2026-02-05T06:00:00+01:00,193.44
2026-02-05T06:15:00+01:00,198.48
2026-02-05T06:30:00+01:00,242.4
2026-02-05T06:45:00+01:00,262.16
2026-02-05T07:00:00+01:00,257.28
2026-02-05T07:15:00+01:00,262.0
2026-02-05T07:30:00+01:00,244.16
2026-02-05T07:45:00+01:00,227.6
2026-02-05T08:00:00+01:00,279.76
2026-02-05T08:15:00+01:00,267.36
2026-02-05T08:30:00+01:00,287.68
2026-02-05T08:45:00+01:00,281.28
2026-02-05T09:00:00+01:00,265.6
2026-02-05T09:15:00+01:00,245.6
2026-02-05T09:30:00+01:00,234.08
2026-02-05T09:45:00+01:00,235.92
2026-02-05T10:00:00+01:00,215.44
2026-02-05T10:15:00+01:00,203.76
2026-02-05T10:30:00+01:00,196.48
2026-02-05T10:45:00+01:00,194.88
2026-02-05T11:00:00+01:00,180.32
2026-02-05T11:15:00+01:00,179.84
2026-02-05T11:30:00+01:00,195.2
2026-02-05T11:45:00+01:00,196.08
2026-02-05T12:00:00+01:00,209.04
2026-02-05T12:15:00+01:00,184.32
2026-02-05T12:30:00+01:00,213.84
2026-02-05T12:45:00+01:00,215.12
2026-02-05T13:00:00+01:00,233.68
2026-02-05T13:15:00+01:00,232.72
2026-02-05T13:30:00+01:00,205.84
2026-02-05T13:45:00+01:00,220.8
2026-02-05T14:00:00+01:00,194.96
2026-02-05T14:15:00+01:00,185.68
2026-02-05T14:30:00+01:00,198.72
2026-02-05T14:45:00+01:00,220.64
2026-02-05T15:00:00+01:00,202.32
2026-02-05T15:15:00+01:00,192.48
2026-02-05T15:30:00+01:00,218.4
2026-02-05T15:45:00+01:00,209.36
2026-02-05T16:00:00+01:00,181.6
2026-02-05T16:15:00+01:00,218.16
2026-02-05T16:30:00+01:00,209.68
2026-02-05T16:45:00+01:00,205.76
2026-02-05T17:00:00+01:00,224.24
2026-02-05T17:15:00+01:00,221.2
2026-02-05T17:30:00+01:00,234.72
2026-02-05T17:45:00+01:00,227.36
2026-02-05T18:00:00+01:00,238.08
2026-02-05T18:15:00+01:00,234.48
2026-02-05T18:30:00+01:00,221.44
2026-02-05T18:45:00+01:00,225.2
2026-02-05T19:00:00+01:00,224.96
2026-02-05T19:15:00+01:00,211.68
2026-02-05T19:30:00+01:00,183.6
2026-02-05T19:45:00+01:00,190.32
2026-02-05T20:00:00+01:00,199.44
2026-02-05T20:15:00+01:00,202.32
2026-02-05T20:30:00+01:00,209.68
2026-02-05T20:45:00+01:00,202.0
2026-02-05T21:00:00+01:00,202.48
2026-02-05T21:15:00+01:00,199.6
2026-02-05T21:30:00+01:00,214.96
2026-02-05T21:45:00+01:00,206.16
2026-02-05T22:00:00+01:00,201.2
2026-02-05T22:15:00+01:00,159.2
2026-02-05T22:30:00+01:00,168.64
2026-02-05T22:45:00+01:00,160.32
2026-02-05T23:00:00+01:00,165.92
2026-02-05T23:15:00+01:00,179.6
2026-02-05T23:30:00+01:00,176.96
2026-02-05T23:45:00+01:00,188.24
2026-02-06T00:00:00+01:00,192.56
2026-02-06T00:15:00+01:00,174.16
2026-02-06T00:30:00+01:00,179.52
2026-02-06T00:45:00+01:00,198.96
2026-02-06T01:00:00+01:00,194.16
2026-02-06T01:15:00+01:00,165.28
2026-02-06T01:30:00+01:00,146.56
2026-02-06T01:45:00+01:00,151.2
2026-02-06T02:00:00+01:00,156.48
2026-02-06T02:15:00+01:00,133.92
2026-02-06T02:30:00+01:00,148.56
2026-02-06T02:45:00+01:00,153.44
2026-02-06T03:00:00+01:00,159.6
2026-02-06T03:15:00+01:00,173.84
2026-02-06T03:30:00+01:00,189.44
2026-02-06T03:45:00+01:00,160.16
2026-02-06T04:00:00+01:00,178.88
2026-02-06T04:15:00+01:00,179.36
2026-02-06T04:30:00+01:00,188.48
2026-02-06T04:45:00+01:00,171.6
2026-02-06T05:00:00+01:00,157.12
2026-02-06T05:15:00+01:00,147.44
2026-02-06T05:30:00+01:00,204.88
2026-02-06T05:45:00+01:00,225.92
2026-02-06T06:00:00+01:00,227.6
2026-02-06T06:15:00+01:00,237.2
2026-02-06T06:30:00+01:00,222.0
2026-02-06T06:45:00+01:00,224.48
2026-02-06T07:00:00+01:00,207.44
2026-02-06T07:15:00+01:00,218.08
2026-02-06T07:30:00+01:00,260.32
2026-02-06T07:45:00+01:00,238.64
2026-02-06T08:00:00+01:00,286.56
2026-02-06T08:15:00+01:00,262.8
2026-02-06T08:30:00+01:00,289.68
2026-02-06T08:45:00+01:00,296.24
2026-02-06T09:00:00+01:00,247.36
2026-02-06T09:15:00+01:00,214.64
2026-02-06T09:30:00+01:00,219.44
2026-02-06T09:45:00+01:00,233.36
2026-02-06T10:00:00+01:00,244.72
2026-02-06T10:15:00+01:00,263.84
2026-02-06T10:30:00+01:00,228.0
2026-02-06T10:45:00+01:00,222.0
2026-02-06T11:00:00+01:00,234.32
2026-02-06T11:15:00+01:00,199.36
2026-02-06T11:30:00+01:00,179.6
2026-02-06T11:45:00+01:00,212.96
2026-02-06T12:00:00+01:00,191.36
2026-02-06T12:15:00+01:00,217.92
2026-02-06T12:30:00+01:00,186.24
2026-02-06T12:45:00+01:00,173.92
2026-02-06T13:00:00+01:00,213.12
2026-02-06T13:15:00+01:00,218.8
2026-02-06T13:30:00+01:00,208.08
2026-02-06T13:45:00+01:00,212.0
2026-02-06T14:00:00+01:00,195.36
2026-02-06T14:15:00+01:00,178.16
2026-02-06T14:30:00+01:00,186.96
2026-02-06T14:45:00+01:00,171.44
2026-02-06T15:00:00+01:00,139.28
2026-02-06T15:15:00+01:00,138.24
2026-02-06T15:30:00+01:00,109.84
2026-02-06T15:45:00+01:00,146.4
2026-02-06T16:00:00+01:00,150.8
2026-02-06T16:15:00+01:00,124.64
2026-02-06T16:30:00+01:00,114.16
2026-02-06T16:45:00+01:00,173.84
2026-02-06T17:00:00+01:00,178.16
2026-02-06T17:15:00+01:00,194.4
2026-02-06T17:30:00+01:00,199.92
2026-02-06T17:45:00+01:00,198.08
2026-02-06T18:00:00+01:00,199.84
2026-02-06T18:15:00+01:00,202.96
2026-02-06T18:30:00+01:00,199.52
2026-02-06T18:45:00+01:00,173.92
2026-02-06T19:00:00+01:00,164.0
2026-02-06T19:15:00+01:00,156.8
2026-02-06T19:30:00+01:00,128.8
2026-02-06T19:45:00+01:00,94.48
2026-02-06T20:00:00+01:00,87.04
2026-02-06T20:15:00+01:00,87.04
2026-02-06T20:30:00+01:00,75.92
2026-02-06T20:45:00+01:00,66.88
2026-02-06T21:00:00+01:00,62.64
2026-02-06T21:15:00+01:00,58.88
2026-02-06T21:30:00+01:00,53.2
2026-02-06T21:45:00+01:00,55.52
2026-02-06T22:00:00+01:00,55.36
2026-02-06T22:15:00+01:00,50.8
2026-02-06T22:30:00+01:00,52.24
2026-02-06T22:45:00+01:00,51.52
2026-02-06T23:00:00+01:00,47.84
2026-02-06T23:15:00+01:00,46.48
2026-02-06T23:30:00+01:00,47.12
2026-02-06T23:45:00+01:00,49.84
2026-02-07T00:00:00+01:00,49.36
2026-02-07T00:15:00+01:00,42.16
2026-02-07T00:30:00+01:00,42.56
2026-02-07T00:45:00+01:00,42.08
2026-02-07T01:00:00+01:00,42.96
2026-02-07T01:15:00+01:00,41.92
2026-02-07T01:30:00+01:00,40.48
2026-02-07T01:45:00+01:00,40.88
2026-02-07T02:00:00+01:00,40.96
2026-02-07T02:15:00+01:00,41.92
2026-02-07T02:30:00+01:00,41.92
2026-02-07T02:45:00+01:00,40.32
2026-02-07T03:00:00+01:00,41.04
2026-02-07T03:15:00+01:00,41.04
2026-02-07T03:30:00+01:00,42.72
2026-02-07T03:45:00+01:00,43.04
2026-02-07T04:00:00+01:00,41.6
2026-02-07T04:15:00+01:00,41.84
2026-02-07T04:30:00+01:00,40.32
2026-02-07T04:45:00+01:00,41.92
2026-02-07T05:00:00+01:00,42.16
2026-02-07T05:15:00+01:00,41.76
2026-02-07T05:30:00+01:00,41.2
2026-02-07T05:45:00+01:00,42.56
2026-02-07T06:00:00+01:00,48.64
2026-02-07T06:15:00+01:00,48.72
2026-02-07T06:30:00+01:00,60.96
2026-02-07T06:45:00+01:00,63.52
2026-02-07T07:00:00+01:00,61.6
2026-02-07T07:15:00+01:00,65.68
2026-02-07T07:30:00+01:00,64.16
2026-02-07T07:45:00+01:00,58.88
2026-02-07T08:00:00+01:00,52.8
2026-02-07T08:15:00+01:00,38.96
2026-02-07T08:30:00+01:00,17.44
2026-02-07T08:45:00+01:00,9.84
2026-02-07T09:00:00+01:00,3.76
2026-02-07T09:15:00+01:00,1.68
2026-02-07T09:30:00+01:00,1.36
2026-02-07T09:45:00+01:00,1.52
2026-02-07T10:00:00+01:00,0.48
2026-02-07T10:15:00+01:00,0.48
2026-02-07T10:30:00+01:00,0.0
2026-02-07T10:45:00+01:00,0.24
2026-02-07T11:00:00+01:00,0.32
2026-02-07T11:15:00+01:00,1.04
2026-02-07T11:30:00+01:00,0.56
2026-02-07T11:45:00+01:00,0.64
2026-02-07T12:00:00+01:00,0.48
2026-02-07T12:15:00+01:00,0.32
2026-02-07T12:30:00+01:00,0.48
2026-02-07T12:45:00+01:00,0.32
2026-02-07T13:00:00+01:00,0.56
2026-02-07T13:15:00+01:00,0.4
2026-02-07T13:30:00+01:00,0.88
2026-02-07T13:45:00+01:00,0.24
2026-02-07T14:00:00+01:00,0.08
2026-02-07T14:15:00+01:00,0.24
2026-02-07T14:30:00+01:00,0.08
2026-02-07T14:45:00+01:00,0.08
2026-02-07T15:00:00+01:00,0.24
2026-02-07T15:15:00+01:00,0.4
2026-02-07T15:30:00+01:00,0.32
2026-02-07T15:45:00+01:00,0.48
2026-02-07T16:00:00+01:00,0.48
2026-02-07T16:15:00+01:00,0.96
2026-02-07T16:30:00+01:00,3.44
2026-02-07T16:45:00+01:00,9.6
2026-02-07T17:00:00+01:00,20.24
2026-02-07T17:15:00+01:00,31.28
2026-02-07T17:30:00+01:00,34.72
2026-02-07T17:45:00+01:00,37.44
2026-02-07T18:00:00+01:00,38.32
2026-02-07T18:15:00+01:00,41.44
2026-02-07T18:30:00+01:00,38.56
2026-02-07T18:45:00+01:00,36.32
2026-02-07T19:00:00+01:00,37.92
2026-02-07T19:15:00+01:00,40.08
2026-02-07T19:30:00+01:00,37.92
2026-02-07T19:45:00+01:00,38.96
2026-02-07T20:00:00+01:00,38.4
2026-02-07T20:15:00+01:00,40.56
2026-02-07T20:30:00+01:00,42.72
2026-02-07T20:45:00+01:00,39.84
2026-02-07T21:00:00+01:00,38.72
2026-02-07T21:15:00+01:00,41.6
2026-02-07T21:30:00+01:00,40.16
2026-02-07T21:45:00+01:00,39.68
2026-02-07T22:00:00+01:00,42.48
2026-02-07T22:15:00+01:00,39.2
2026-02-07T22:30:00+01:00,40.96
2026-02-07T22:45:00+01:00,41.6
2026-02-07T23:00:00+01:00,40.8
2026-02-07T23:15:00+01:00,38.8
2026-02-07T23:30:00+01:00,37.36
2026-02-07T23:45:00+01:00,37.36
2026-02-08T00:00:00+01:00,37.92
2026-02-08T00:15:00+01:00,39.6
2026-02-08T00:30:00+01:00,39.68
2026-02-08T00:45:00+01:00,38.08
2026-02-08T01:00:00+01:00,37.04
2026-02-08T01:15:00+01:00,37.92
2026-02-08T01:30:00+01:00,37.36
2026-02-08T01:45:00+01:00,38.08
2026-02-08T02:00:00+01:00,37.84
2026-02-08T02:15:00+01:00,37.52
2026-02-08T02:30:00+01:00,40.24
2026-02-08T02:45:00+01:00,40.72
2026-02-08T03:00:00+01:00,42.08
2026-02-08T03:15:00+01:00,39.12
2026-02-08T03:30:00+01:00,37.44
2026-02-08T03:45:00+01:00,39.36
2026-02-08T04:00:00+01:00,39.36
2026-02-08T04:15:00+01:00,38.56
2026-02-08T04:30:00+01:00,39.2
2026-02-08T04:45:00+01:00,38.88
2026-02-08T05:00:00+01:00,38.56
2026-02-08T05:15:00+01:00,39.12
2026-02-08T05:30:00+01:00,39.52
2026-02-08T05:45:00+01:00,40.96
2026-02-08T06:00:00+01:00,40.8
2026-02-08T06:15:00+01:00,42.24
2026-02-08T06:30:00+01:00,42.4
2026-02-08T06:45:00+01:00,39.76
2026-02-08T07:00:00+01:00,39.76
2026-02-08T07:15:00+01:00,39.44
2026-02-08T07:30:00+01:00,38.96
2026-02-08T07:45:00+01:00,37.84
2026-02-08T08:00:00+01:00,34.4
2026-02-08T08:15:00+01:00,33.68
2026-02-08T08:30:00+01:00,28.08
2026-02-08T08:45:00+01:00,20.4
2026-02-08T09:00:00+01:00,12.96
2026-02-08T09:15:00+01:00,2.24
2026-02-08T09:30:00+01:00,0.24
2026-02-08T09:45:00+01:00,0.64
2026-02-08T10:00:00+01:00,0.32
2026-02-08T10:15:00+01:00,0.32
2026-02-08T10:30:00+01:00,0.48
2026-02-08T10:45:00+01:00,0.24
2026-02-08T11:00:00+01:00,0.64
2026-02-08T11:15:00+01:00,0.4
2026-02-08T11:30:00+01:00,0.56
2026-02-08T11:45:00+01:00,0.32
2026-02-08T12:00:00+01:00,0.16
2026-02-08T12:15:00+01:00,0.24
2026-02-08T12:30:00+01:00,0.32
2026-02-08T12:45:00+01:00,0.16
2026-02-08T13:00:00+01:00,0.32
2026-02-08T13:15:00+01:00,0.24
2026-02-08T13:30:00+01:00,0.24
2026-02-08T13:45:00+01:00,0.08
2026-02-08T14:00:00+01:00,0.4
2026-02-08T14:15:00+01:00,0.16
2026-02-08T14:30:00+01:00,0.0
2026-02-08T14:45:00+01:00,0.0
2026-02-08T15:00:00+01:00,0.24
2026-02-08T15:15:00+01:00,0.16
2026-02-08T15:30:00+01:00,0.64
2026-02-08T15:45:00+01:00,0.24
2026-02-08T16:00:00+01:00,0.8
2026-02-08T16:15:00+01:00,0.24
2026-02-08T16:30:00+01:00,0.16
2026-02-08T16:45:00+01:00,13.68
2026-02-08T17:00:00+01:00,24.08
2026-02-08T17:15:00+01:00,30.32
2026-02-08T17:30:00+01:00,33.52
2026-02-08T17:45:00+01:00,37.12
2026-02-08T18:00:00+01:00,38.4
2026-02-08T18:15:00+01:00,37.52
2026-02-08T18:30:00+01:00,39.6
2026-02-08T18:45:00+01:00,37.92
2026-02-08T19:00:00+01:00,38.08
2026-02-08T19:15:00+01:00,36.24
2026-02-08T19:30:00+01:00,37.52
2026-02-08T19:45:00+01:00,38.4
2026-02-08T20:00:00+01:00,37.28
2026-02-08T20:15:00+01:00,38.64
2026-02-08T20:30:00+01:00,39.84
2026-02-08T20:45:00+01:00,40.48
2026-02-08T21:00:00+01:00,43.28
2026-02-08T21:15:00+01:00,44.72
2026-02-08T21:30:00+01:00,43.68
2026-02-08T21:45:00+01:00,43.12
2026-02-08T22:00:00+01:00,45.76
2026-02-08T22:15:00+01:00,45.12
2026-02-08T22:30:00+01:00,43.28
2026-02-08T22:45:00+01:00,42.4
2026-02-08T23:00:00+01:00,42.88
2026-02-08T23:15:00+01:00,43.28
2026-02-08T23:30:00+01:00,44.32
2026-02-08T23:45:00+01:00,46.88
2026-02-09T00:00:00+01:00,48.24
2026-02-09T00:15:00+01:00,46.56
2026-02-09T00:30:00+01:00,49.2
2026-02-09T00:45:00+01:00,47.04
2026-02-09T01:00:00+01:00,44.8
2026-02-09T01:15:00+01:00,47.76
2026-02-09T01:30:00+01:00,47.6
2026-02-09T01:45:00+01:00,49.12
2026-02-09T02:00:00+01:00,47.12
2026-02-09T02:15:00+01:00,47.12
2026-02-09T02:30:00+01:00,57.28
2026-02-09T02:45:00+01:00,57.92
2026-02-09T03:00:00+01:00,55.68
2026-02-09T03:15:00+01:00,53.68
2026-02-09T03:30:00+01:00,54.08
2026-02-09T03:45:00+01:00,54.24
2026-02-09T04:00:00+01:00,45.92
2026-02-09T04:15:00+01:00,45.44
2026-02-09T04:30:00+01:00,46.8
2026-02-09T04:45:00+01:00,51.52
2026-02-09T05:00:00+01:00,52.96
2026-02-09T05:15:00+01:00,58.64
2026-02-09T05:30:00+01:00,97.92
2026-02-09T05:45:00+01:00,119.92
2026-02-09T06:00:00+01:00,193.04
2026-02-09T06:15:00+01:00,220.88
2026-02-09T06:30:00+01:00,214.4
2026-02-09T06:45:00+01:00,224.0
2026-02-09T07:00:00+01:00,223.52
2026-02-09T07:15:00+01:00,221.84
2026-02-09T07:30:00+01:00,267.04
2026-02-09T07:45:00+01:00,226.16
2026-02-09T08:00:00+01:00,239.04
2026-02-09T08:15:00+01:00,295.36
2026-02-09T08:30:00+01:00,289.12
2026-02-09T08:45:00+01:00,280.64
2026-02-09T09:00:00+01:00,318.0
2026-02-09T09:15:00+01:00,265.92
2026-02-09T09:30:00+01:00,265.04
2026-02-09T09:45:00+01:00,261.28
2026-02-09T10:00:00+01:00,258.56
2026-02-09T10:15:00+01:00,266.32
2026-02-09T10:30:00+01:00,274.0
2026-02-09T10:45:00+01:00,290.32
2026-02-09T11:00:00+01:00,271.36
2026-02-09T11:15:00+01:00,242.48
2026-02-09T11:30:00+01:00,259.28
2026-02-09T11:45:00+01:00,269.52
2026-02-09T12:00:00+01:00,262.08
2026-02-09T12:15:00+01:00,243.52
2026-02-09T12:30:00+01:00,227.2
2026-02-09T12:45:00+01:00,246.4
2026-02-09T13:00:00+01:00,263.2
2026-02-09T13:15:00+01:00,250.72
2026-02-09T13:30:00+01:00,237.92
2026-02-09T13:45:00+01:00,253.76
2026-02-09T14:00:00+01:00,221.12
2026-02-09T14:15:00+01:00,190.32
2026-02-09T14:30:00+01:00,218.64
2026-02-09T14:45:00+01:00,220.8
2026-02-09T15:00:00+01:00,169.84
2026-02-09T15:15:00+01:00,164.08
2026-02-09T15:30:00+01:00,178.8
2026-02-09T15:45:00+01:00,203.52
2026-02-09T16:00:00+01:00,200.64
2026-02-09T16:15:00+01:00,180.88
2026-02-09T16:30:00+01:00,171.2
2026-02-09T16:45:00+01:00,200.88
2026-02-09T17:00:00+01:00,217.2
2026-02-09T17:15:00+01:00,208.56
2026-02-09T17:30:00+01:00,225.92
2026-02-09T17:45:00+01:00,213.84
2026-02-09T18:00:00+01:00,194.0
2026-02-09T18:15:00+01:00,189.36
2026-02-09T18:30:00+01:00,185.68
2026-02-09T18:45:00+01:00,193.28
2026-02-09T19:00:00+01:00,212.72
2026-02-09T19:15:00+01:00,198.32
2026-02-09T19:30:00+01:00,183.44
2026-02-09T19:45:00+01:00,190.96
2026-02-09T20:00:00+01:00,180.32
2026-02-09T20:15:00+01:00,197.92
2026-02-09T20:30:00+01:00,188.56
2026-02-09T20:45:00+01:00,186.08
2026-02-09T21:00:00+01:00,184.72
2026-02-09T21:15:00+01:00,202.0
2026-02-09T21:30:00+01:00,215.28
2026-02-09T21:45:00+01:00,204.0
2026-02-09T22:00:00+01:00,187.44
2026-02-09T22:15:00+01:00,168.8
2026-02-09T22:30:00+01:00,168.24
2026-02-09T22:45:00+01:00,167.04
2026-02-09T23:00:00+01:00,165.36
2026-02-09T23:15:00+01:00,177.44
2026-02-09T23:30:00+01:00,152.4
2026-02-09T23:45:00+01:00,164.0
2026-02-10T00:00:00+01:00,139.84
2026-02-10T00:15:00+01:00,146.72
2026-02-10T00:30:00+01:00,172.0
2026-02-10T00:45:00+01:00,175.44
2026-02-10T01:00:00+01:00,166.88
2026-02-10T01:15:00+01:00,175.44
2026-02-10T01:30:00+01:00,190.48
2026-02-10T01:45:00+01:00,178.4
2026-02-10T02:00:00+01:00,154.88
2026-02-10T02:15:00+01:00,176.32
2026-02-10T02:30:00+01:00,202.56
2026-02-10T02:45:00+01:00,184.24
2026-02-10T03:00:00+01:00,174.96
2026-02-10T03:15:00+01:00,192.32
2026-02-10T03:30:00+01:00,170.48
2026-02-10T03:45:00+01:00,174.8
2026-02-10T04:00:00+01:00,154.96
2026-02-10T04:15:00+01:00,141.04
2026-02-10T04:30:00+01:00,140.56
2026-02-10T04:45:00+01:00,153.12
2026-02-10T05:00:00+01:00,182.64
2026-02-10T05:15:00+01:00,190.0
2026-02-10T05:30:00+01:00,166.32
2026-02-10T05:45:00+01:00,220.24
2026-02-10T06:00:00+01:00,210.64
2026-02-10T06:15:00+01:00,203.68
2026-02-10T06:30:00+01:00,243.52
2026-02-10T06:45:00+01:00,255.04
2026-02-10T07:00:00+01:00,245.12
2026-02-10T07:15:00+01:00,264.96
2026-02-10T07:30:00+01:00,295.44
2026-02-10T07:45:00+01:00,250.72
2026-02-10T08:00:00+01:00,258.96
2026-02-10T08:15:00+01:00,253.12
2026-02-10T08:30:00+01:00,273.36
2026-02-10T08:45:00+01:00,264.64
2026-02-10T09:00:00+01:00,216.08
2026-02-10T09:15:00+01:00,251.28
2026-02-10T09:30:00+01:00,255.36
2026-02-10T09:45:00+01:00,279.28
2026-02-10T10:00:00+01:00,264.8
2026-02-10T10:15:00+01:00,265.84
2026-02-10T10:30:00+01:00,245.84
2026-02-10T10:45:00+01:00,239.12
2026-02-10T11:00:00+01:00,212.0
2026-02-10T11:15:00+01:00,235.44
2026-02-10T11:30:00+01:00,244.64
2026-02-10T11:45:00+01:00,225.2
2026-02-10T12:00:00+01:00,182.64
2026-02-10T12:15:00+01:00,194.64
2026-02-10T12:30:00+01:00,221.84
2026-02-10T12:45:00+01:00,201.68
2026-02-10T13:00:00+01:00,232.8
2026-02-10T13:15:00+01:00,249.76
2026-02-10T13:30:00+01:00,221.44
2026-02-10T13:45:00+01:00,288.16
2026-02-10T14:00:00+01:00,246.64
2026-02-10T14:15:00+01:00,202.72
2026-02-10T14:30:00+01:00,231.36
2026-02-10T14:45:00+01:00,243.36
2026-02-10T15:00:00+01:00,219.52
2026-02-10T15:15:00+01:00,186.8
2026-02-10T15:30:00+01:00,202.96
2026-02-10T15:45:00+01:00,200.96
2026-02-10T16:00:00+01:00,187.52
2026-02-10T16:15:00+01:00,241.84
2026-02-10T16:30:00+01:00,223.04
2026-02-10T16:45:00+01:00,199.52
2026-02-10T17:00:00+01:00,193.52
2026-02-10T17:15:00+01:00,201.92
2026-02-10T17:30:00+01:00,221.84
2026-02-10T17:45:00+01:00,229.28
2026-02-10T18:00:00+01:00,222.16
2026-02-10T18:15:00+01:00,212.72
2026-02-10T18:30:00+01:00,220.56
2026-02-10T18:45:00+01:00,215.6
2026-02-10T19:00:00+01:00,240.4
2026-02-10T19:15:00+01:00,233.68
2026-02-10T19:30:00+01:00,197.12
2026-02-10T19:45:00+01:00,187.44
2026-02-10T20:00:00+01:00,214.8
2026-02-10T20:15:00+01:00,224.0
2026-02-10T20:30:00+01:00,246.96
2026-02-10T20:45:00+01:00,226.8
2026-02-10T21:00:00+01:00,210.32
2026-02-10T21:15:00+01:00,232.16
2026-02-10T21:30:00+01:00,229.28
2026-02-10T21:45:00+01:00,223.44
2026-02-10T22:00:00+01:00,203.52
2026-02-10T22:15:00+01:00,219.76
2026-02-10T22:30:00+01:00,216.32
2026-02-10T22:45:00+01:00,192.24
2026-02-10T23:00:00+01:00,184.4
2026-02-10T23:15:00+01:00,205.04
2026-02-10T23:30:00+01:00,188.0
2026-02-10T23:45:00+01:00,209.92
2026-02-11T00:00:00+01:00,196.08
2026-02-11T00:15:00+01:00,175.76
2026-02-11T00:30:00+01:00,188.96
2026-02-11T00:45:00+01:00,173.44
2026-02-11T01:00:00+01:00,200.88
2026-02-11T01:15:00+01:00,204.96
2026-02-11T01:30:00+01:00,207.52
2026-02-11T01:45:00+01:00,199.44
2026-02-11T02:00:00+01:00,214.96
2026-02-11T02:15:00+01:00,216.0
2026-02-11T02:30:00+01:00,220.08
2026-02-11T02:45:00+01:00,192.4
2026-02-11T03:00:00+01:00,171.92
2026-02-11T03:15:00+01:00,180.16
2026-02-11T03:30:00+01:00,164.8
2026-02-11T03:45:00+01:00,176.16
2026-02-11T04:00:00+01:00,172.4
2026-02-11T04:15:00+01:00,134.32
2026-02-11T04:30:00+01:00,135.6
2026-02-11T04:45:00+01:00,160.16
2026-02-11T05:00:00+01:00,130.32
2026-02-11T05:15:00+01:00,150.88
2026-02-11T05:30:00+01:00,188.4
2026-02-11T05:45:00+01:00,185.12
2026-02-11T06:00:00+01:00,147.6
2026-02-11T06:15:00+01:00,173.44
2026-02-11T06:30:00+01:00,209.28
2026-02-11T06:45:00+01:00,246.72
2026-02-11T07:00:00+01:00,268.88
2026-02-11T07:15:00+01:00,251.28
2026-02-11T07:30:00+01:00,238.16
2026-02-11T07:45:00+01:00,260.56
2026-02-11T08:00:00+01:00,244.64
2026-02-11T08:15:00+01:00,295.44
2026-02-11T08:30:00+01:00,290.0
2026-02-11T08:45:00+01:00,278.16
2026-02-11T09:00:00+01:00,298.56
2026-02-11T09:15:00+01:00,295.6
2026-02-11T09:30:00+01:00,289.84
2026-02-11T09:45:00+01:00,300.4
2026-02-11T10:00:00+01:00,294.48
2026-02-11T10:15:00+01:00,282.24
2026-02-11T10:30:00+01:00,262.08
2026-02-11T10:45:00+01:00,240.96
2026-02-11T11:00:00+01:00,257.68
2026-02-11T11:15:00+01:00,248.4
2026-02-11T11:30:00+01:00,227.84
2026-02-11T11:45:00+01:00,219.76
2026-02-11T12:00:00+01:00,213.6
2026-02-11T12:15:00+01:00,209.84
2026-02-11T12:30:00+01:00,207.2
2026-02-11T12:45:00+01:00,224.8
2026-02-11T13:00:00+01:00,249.6
2026-02-11T13:15:00+01:00,253.68
2026-02-11T13:30:00+01:00,261.52
2026-02-11T13:45:00+01:00,243.28
2026-02-11T14:00:00+01:00,190.88
2026-02-11T14:15:00+01:00,197.6
2026-02-11T14:30:00+01:00,214.96
2026-02-11T14:45:00+01:00,230.88
2026-02-11T15:00:00+01:00,238.4
2026-02-11T15:15:00+01:00,235.44
2026-02-11T15:30:00+01:00,228.96
2026-02-11T15:45:00+01:00,230.56
2026-02-11T16:00:00+01:00,247.68
2026-02-11T16:15:00+01:00,263.76
2026-02-11T16:30:00+01:00,246.0
2026-02-11T16:45:00+01:00,220.32
2026-02-11T17:00:00+01:00,249.12
2026-02-11T17:15:00+01:00,233.52
2026-02-11T17:30:00+01:00,215.12
2026-02-11T17:45:00+01:00,254.56
2026-02-11T18:00:00+01:00,229.6
2026-02-11T18:15:00+01:00,224.88
2026-02-11T18:30:00+01:00,212.08
2026-02-11T18:45:00+01:00,199.44
2026-02-11T19:00:00+01:00,194.56
2026-02-11T19:15:00+01:00,195.28
2026-02-11T19:30:00+01:00,212.96
2026-02-11T19:45:00+01:00,193.52
2026-02-11T20:00:00+01:00,173.68
2026-02-11T20:15:00+01:00,186.88
2026-02-11T20:30:00+01:00,244.56
2026-02-11T20:45:00+01:00,199.68
2026-02-11T21:00:00+01:00,212.96
2026-02-11T21:15:00+01:00,221.12
2026-02-11T21:30:00+01:00,200.48
2026-02-11T21:45:00+01:00,197.44
2026-02-11T22:00:00+01:00,168.56
2026-02-11T22:15:00+01:00,173.2
2026-02-11T22:30:00+01:00,170.64
2026-02-11T22:45:00+01:00,200.64
2026-02-11T23:00:00+01:00,166.96
2026-02-11T23:15:00+01:00,157.04
2026-02-11T23:30:00+01:00,160.88
2026-02-11T23:45:00+01:00,181.68
2026-02-12T00:00:00+01:00,218.4
2026-02-12T00:15:00+01:00,184.72
2026-02-12T00:30:00+01:00,157.68
2026-02-12T00:45:00+01:00,155.36
2026-02-12T01:00:00+01:00,150.88
2026-02-12T01:15:00+01:00,158.4
2026-02-12T01:30:00+01:00,170.8
2026-02-12T01:45:00+01:00,174.24
2026-02-12T02:00:00+01:00,163.12
2026-02-12T02:15:00+01:00,155.92
2026-02-12T02:30:00+01:00,153.12
2026-02-12T02:45:00+01:00,159.68
2026-02-12T03:00:00+01:00,208.16
2026-02-12T03:15:00+01:00,232.4
2026-02-12T03:30:00+01:00,184.08
2026-02-12T03:45:00+01:00,169.04
2026-02-12T04:00:00+01:00,181.36
2026-02-12T04:15:00+01:00,189.12
2026-02-12T04:30:00+01:00,199.04
2026-02-12T04:45:00+01:00,225.44
2026-02-12T05:00:00+01:00,226.32
2026-02-12T05:15:00+01:00,228.16
2026-02-12T05:30:00+01:00,220.16
2026-02-12T05:45:00+01:00,211.76
2026-02-12T06:00:00+01:00,203.44
2026-02-12T06:15:00+01:00,221.84
2026-02-12T06:30:00+01:00,231.76
2026-02-12T06:45:00+01:00,237.92
2026-02-12T07:00:00+01:00,262.96
2026-02-12T07:15:00+01:00,275.12
2026-02-12T07:30:00+01:00,249.36
2026-02-12T07:45:00+01:00,213.04
2026-02-12T08:00:00+01:00,229.92
2026-02-12T08:15:00+01:00,267.04
2026-02-12T08:30:00+01:00,272.08
2026-02-12T08:45:00+01:00,279.76
2026-02-12T09:00:00+01:00,230.72
2026-02-12T09:15:00+01:00,193.52
2026-02-12T09:30:00+01:00,123.28
2026-02-12T09:45:00+01:00,59.12
2026-02-12T10:00:00+01:00,36.0
2026-02-12T10:15:00+01:00,26.32
2026-02-12T10:30:00+01:00,41.12
2026-02-12T10:45:00+01:00,32.4
2026-02-12T11:00:00+01:00,36.48
2026-02-12T11:15:00+01:00,16.48
2026-02-12T11:30:00+01:00,14.88
2026-02-12T11:45:00+01:00,4.32
2026-02-12T12:00:00+01:00,0.0
2026-02-12T12:15:00+01:00,0.0
2026-02-12T12:30:00+01:00,0.0
2026-02-12T12:45:00+01:00,11.6
2026-02-12T13:00:00+01:00,16.16
2026-02-12T13:15:00+01:00,1.28
2026-02-12T13:30:00+01:00,9.92
2026-02-12T13:45:00+01:00,32.16
2026-02-12T14:00:00+01:00,14.0
2026-02-12T14:15:00+01:00,45.92
2026-02-12T14:30:00+01:00,120.88
2026-02-12T14:45:00+01:00,152.48
2026-02-12T15:00:00+01:00,201.04
2026-02-12T15:15:00+01:00,205.2
2026-02-12T15:30:00+01:00,213.2
2026-02-12T15:45:00+01:00,210.16
2026-02-12T16:00:00+01:00,226.32
2026-02-12T16:15:00+01:00,188.48
2026-02-12T16:30:00+01:00,205.84
2026-02-12T16:45:00+01:00,207.36
2026-02-12T17:00:00+01:00,196.64
2026-02-12T17:15:00+01:00,196.0
2026-02-12T17:30:00+01:00,202.64
2026-02-12T17:45:00+01:00,209.92
2026-02-12T18:00:00+01:00,219.52
2026-02-12T18:15:00+01:00,174.64
2026-02-12T18:30:00+01:00,226.96
2026-02-12T18:45:00+01:00,215.44
2026-02-12T19:00:00+01:00,196.56
2026-02-12T19:15:00+01:00,180.8
2026-02-12T19:30:00+01:00,199.84
2026-02-12T19:45:00+01:00,228.08
2026-02-12T20:00:00+01:00,218.16
2026-02-12T20:15:00+01:00,205.04
2026-02-12T20:30:00+01:00,211.6
2026-02-12T20:45:00+01:00,226.48
2026-02-12T21:00:00+01:00,220.16
2026-02-12T21:15:00+01:00,231.28
2026-02-12T21:30:00+01:00,236.48
2026-02-12T21:45:00+01:00,201.68
2026-02-12T22:00:00+01:00,195.28
2026-02-12T22:15:00+01:00,172.0
2026-02-12T22:30:00+01:00,171.68
2026-02-12T22:45:00+01:00,165.12
2026-02-12T23:00:00+01:00,177.12
2026-02-12T23:15:00+01:00,174.96
2026-02-12T23:30:00+01:00,170.0
2026-02-12T23:45:00+01:00,160.0
2026-02-13T00:00:00+01:00,152.96
2026-02-13T00:15:00+01:00,178.0
2026-02-13T00:30:00+01:00,173.2
2026-02-13T00:45:00+01:00,168.96
2026-02-13T01:00:00+01:00,170.64
2026-02-13T01:15:00+01:00,164.32
2026-02-13T01:30:00+01:00,162.48
2026-02-13T01:45:00+01:00,158.32
2026-02-13T02:00:00+01:00,153.2
2026-02-13T02:15:00+01:00,155.76
2026-02-13T02:30:00+01:00,176.72
2026-02-13T02:45:00+01:00,186.0
2026-02-13T03:00:00+01:00,157.68
2026-02-13T03:15:00+01:00,147.92
2026-02-13T03:30:00+01:00,162.64
2026-02-13T03:45:00+01:00,132.64
2026-02-13T04:00:00+01:00,140.32
2026-02-13T04:15:00+01:00,158.0
2026-02-13T04:30:00+01:00,166.72
2026-02-13T04:45:00+01:00,171.12
2026-02-13T05:00:00+01:00,151.12
2026-02-13T05:15:00+01:00,144.08
2026-02-13T05:30:00+01:00,140.4
2026-02-13T05:45:00+01:00,153.44
2026-02-13T06:00:00+01:00,144.56
2026-02-13T06:15:00+01:00,182.0
2026-02-13T06:30:00+01:00,226.56
2026-02-13T06:45:00+01:00,247.04
2026-02-13T07:00:00+01:00,224.64
2026-02-13T07:15:00+01:00,227.28
2026-02-13T07:30:00+01:00,252.0
2026-02-13T07:45:00+01:00,220.48
2026-02-13T08:00:00+01:00,212.88
2026-02-13T08:15:00+01:00,236.8
2026-02-13T08:30:00+01:00,234.4
2026-02-13T08:45:00+01:00,220.4
2026-02-13T09:00:00+01:00,259.04
2026-02-13T09:15:00+01:00,286.72
2026-02-13T09:30:00+01:00,162.48
2026-02-13T09:45:00+01:00,117.04
2026-02-13T10:00:00+01:00,92.08
2026-02-13T10:15:00+01:00,70.64
2026-02-13T10:30:00+01:00,80.72
2026-02-13T10:45:00+01:00,140.32
2026-02-13T11:00:00+01:00,61.04
2026-02-13T11:15:00+01:00,4.16
2026-02-13T11:30:00+01:00,0.0
2026-02-13T11:45:00+01:00,0.64
2026-02-13T12:00:00+01:00,2.56
2026-02-13T12:15:00+01:00,0.0
2026-02-13T12:30:00+01:00,0.0
2026-02-13T12:45:00+01:00,0.08
2026-02-13T13:00:00+01:00,0.0
2026-02-13T13:15:00+01:00,0.0
2026-02-13T13:30:00+01:00,0.08
2026-02-13T13:45:00+01:00,0.0
2026-02-13T14:00:00+01:00,0.0
2026-02-13T14:15:00+01:00,0.0
2026-02-13T14:30:00+01:00,0.0
2026-02-13T14:45:00+01:00,0.0
2026-02-13T15:00:00+01:00,3.12
2026-02-13T15:15:00+01:00,10.08
2026-02-13T15:30:00+01:00,91.2
2026-02-13T15:45:00+01:00,121.92
2026-02-13T16:00:00+01:00,121.52
2026-02-13T16:15:00+01:00,117.76
2026-02-13T16:30:00+01:00,122.16
2026-02-13T16:45:00+01:00,152.96
2026-02-13T17:00:00+01:00,187.52
2026-02-13T17:15:00+01:00,180.56
2026-02-13T17:30:00+01:00,167.12
2026-02-13T17:45:00+01:00,176.4
2026-02-13T18:00:00+01:00,170.8
2026-02-13T18:15:00+01:00,158.08
2026-02-13T18:30:00+01:00,156.4
2026-02-13T18:45:00+01:00,170.24
2026-02-13T19:00:00+01:00,161.52
2026-02-13T19:15:00+01:00,177.12
2026-02-13T19:30:00+01:00,179.44
2026-02-13T19:45:00+01:00,174.56
2026-02-13T20:00:00+01:00,185.6
2026-02-13T20:15:00+01:00,153.76
2026-02-13T20:30:00+01:00,129.92
2026-02-13T20:45:00+01:00,111.6
2026-02-13T21:00:00+01:00,102.0
2026-02-13T21:15:00+01:00,85.12
2026-02-13T21:30:00+01:00,74.64
2026-02-13T21:45:00+01:00,68.32
2026-02-13T22:00:00+01:00,65.2
2026-02-13T22:15:00+01:00,52.24
2026-02-13T22:30:00+01:00,45.36
2026-02-13T22:45:00+01:00,43.36
2026-02-13T23:00:00+01:00,42.96
2026-02-13T23:15:00+01:00,43.12
2026-02-13T23:30:00+01:00,43.44
2026-02-13T23:45:00+01:00,42.88
2026-02-14T00:00:00+01:00,41.76
2026-02-14T00:15:00+01:00,38.8
2026-02-14T00:30:00+01:00,40.16
2026-02-14T00:45:00+01:00,39.76
2026-02-14T01:00:00+01:00,38.72
2026-02-14T01:15:00+01:00,41.68
2026-02-14T01:30:00+01:00,40.56
2026-02-14T01:45:00+01:00,39.52
2026-02-14T02:00:00+01:00,40.08
2026-02-14T02:15:00+01:00,42.4
2026-02-14T02:30:00+01:00,39.76
2026-02-14T02:45:00+01:00,40.08
2026-02-14T03:00:00+01:00,37.36
2026-02-14T03:15:00+01:00,38.56
2026-02-14T03:30:00+01:00,38.56
2026-02-14T03:45:00+01:00,38.96
2026-02-14T04:00:00+01:00,37.76
2026-02-14T04:15:00+01:00,38.64
2026-02-14T04:30:00+01:00,37.84
2026-02-14T04:45:00+01:00,38.96
2026-02-14T05:00:00+01:00,40.16
2026-02-14T05:15:00+01:00,38.56
2026-02-14T05:30:00+01:00,39.28
2026-02-14T05:45:00+01:00,38.24
2026-02-14T06:00:00+01:00,41.6
2026-02-14T06:15:00+01:00,42.96
2026-02-14T06:30:00+01:00,45.84
2026-02-14T06:45:00+01:00,50.0
2026-02-14T07:00:00+01:00,52.4
2026-02-14T07:15:00+01:00,54.08
2026-02-14T07:30:00+01:00,49.84
2026-02-14T07:45:00+01:00,41.6
2026-02-14T08:00:00+01:00,31.84
2026-02-14T08:15:00+01:00,34.72
2026-02-14T08:30:00+01:00,19.04
2026-02-14T08:45:00+01:00,3.92
2026-02-14T09:00:00+01:00,0.0
2026-02-14T09:15:00+01:00,0.0
2026-02-14T09:30:00+01:00,0.0
2026-02-14T09:45:00+01:00,0.0
2026-02-14T10:00:00+01:00,0.0
2026-02-14T10:15:00+01:00,0.0
2026-02-14T10:30:00+01:00,0.0
2026-02-14T10:45:00+01:00,0.0
2026-02-14T11:00:00+01:00,0.0
2026-02-14T11:15:00+01:00,0.0
2026-02-14T11:30:00+01:00,0.0
2026-02-14T11:45:00+01:00,0.0
2026-02-14T12:00:00+01:00,0.0
2026-02-14T12:15:00+01:00,0.0
2026-02-14T12:30:00+01:00,0.0
2026-02-14T12:45:00+01:00,0.0
2026-02-14T13:00:00+01:00,0.0
2026-02-14T13:15:00+01:00,0.0
2026-02-14T13:30:00+01:00,0.0
2026-02-14T13:45:00+01:00,0.0
2026-02-14T14:00:00+01:00,0.0
2026-02-14T14:15:00+01:00,0.0
2026-02-14T14:30:00+01:00,0.0
2026-02-14T14:45:00+01:00,0.0
2026-02-14T15:00:00+01:00,0.0
2026-02-14T15:15:00+01:00,0.32
2026-02-14T15:30:00+01:00,2.88
2026-02-14T15:45:00+01:00,8.08
2026-02-14T16:00:00+01:00,10.72
2026-02-14T16:15:00+01:00,8.56
2026-02-14T16:30:00+01:00,16.08
2026-02-14T16:45:00+01:00,24.96
2026-02-14T17:00:00+01:00,29.6
2026-02-14T17:15:00+01:00,32.08
2026-02-14T17:30:00+01:00,34.72
2026-02-14T17:45:00+01:00,34.88
2026-02-14T18:00:00+01:00,35.68
2026-02-14T18:15:00+01:00,36.32
2026-02-14T18:30:00+01:00,36.96
2026-02-14T18:45:00+01:00,37.6
2026-02-14T19:00:00+01:00,37.68
2026-02-14T19:15:00+01:00,35.76
2026-02-14T19:30:00+01:00,35.84
2026-02-14T19:45:00+01:00,35.84
2026-02-14T20:00:00+01:00,36.0
2026-02-14T20:15:00+01:00,36.24
2026-02-14T20:30:00+01:00,39.04
2026-02-14T20:45:00+01:00,36.56
2026-02-14T21:00:00+01:00,35.84
2026-02-14T21:15:00+01:00,35.92
2026-02-14T21:30:00+01:00,35.36
2026-02-14T21:45:00+01:00,36.24
2026-02-14T22:00:00+01:00,37.12
2026-02-14T22:15:00+01:00,36.72
2026-02-14T22:30:00+01:00,36.56
2026-02-14T22:45:00+01:00,34.56
2026-02-14T23:00:00+01:00,34.0
2026-02-14T23:15:00+01:00,34.72
2026-02-14T23:30:00+01:00,34.32
2026-02-14T23:45:00+01:00,34.72
2026-02-15T00:00:00+01:00,36.32
2026-02-15T00:15:00+01:00,35.92
2026-02-15T00:30:00+01:00,36.96
2026-02-15T00:45:00+01:00,37.36
2026-02-15T01:00:00+01:00,35.04
2026-02-15T01:15:00+01:00,35.44
2026-02-15T01:30:00+01:00,34.24
2026-02-15T01:45:00+01:00,34.96
2026-02-15T02:00:00+01:00,34.32
2026-02-15T02:15:00+01:00,35.36
2026-02-15T02:30:00+01:00,36.88
2026-02-15T02:45:00+01:00,36.32
2026-02-15T03:00:00+01:00,34.56
2026-02-15T03:15:00+01:00,34.08
2026-02-15T03:30:00+01:00,34.48
2026-02-15T03:45:00+01:00,35.76
2026-02-15T04:00:00+01:00,35.44
2026-02-15T04:15:00+01:00,36.24
2026-02-15T04:30:00+01:00,35.92
2026-02-15T04:45:00+01:00,35.76
2026-02-15T05:00:00+01:00,35.12
2026-02-15T05:15:00+01:00,36.64
2026-02-15T05:30:00+01:00,35.12
2026-02-15T05:45:00+01:00,34.48
2026-02-15T06:00:00+01:00,36.64
2026-02-15T06:15:00+01:00,39.2
2026-02-15T06:30:00+01:00,39.84
2026-02-15T06:45:00+01:00,36.0
2026-02-15T07:00:00+01:00,38.0
2026-02-15T07:15:00+01:00,36.88
2026-02-15T07:30:00+01:00,37.44
2026-02-15T07:45:00+01:00,37.52
2026-02-15T08:00:00+01:00,36.0
2026-02-15T08:15:00+01:00,38.72
2026-02-15T08:30:00+01:00,38.24
2026-02-15T08:45:00+01:00,37.12
2026-02-15T09:00:00+01:00,39.68
2026-02-15T09:15:00+01:00,34.64
2026-02-15T09:30:00+01:00,32.56
2026-02-15T09:45:00+01:00,33.36
2026-02-15T10:00:00+01:00,32.24
2026-02-15T10:15:00+01:00,33.04
2026-02-15T10:30:00+01:00,33.04
2026-02-15T10:45:00+01:00,32.32
2026-02-15T11:00:00+01:00,28.96
2026-02-15T11:15:00+01:00,26.96
2026-02-15T11:30:00+01:00,25.2
2026-02-15T11:45:00+01:00,22.96
2026-02-15T12:00:00+01:00,23.04
2026-02-15T12:15:00+01:00,26.24
2026-02-15T12:30:00+01:00,25.36
2026-02-15T12:45:00+01:00,25.36
2026-02-15T13:00:00+01:00,26.64
2026-02-15T13:15:00+01:00,20.56
2026-02-15T13:30:00+01:00,15.2
2026-02-15T13:45:00+01:00,7.84
2026-02-15T14:00:00+01:00,15.92
2026-02-15T14:15:00+01:00,7.68
2026-02-15T14:30:00+01:00,19.44
2026-02-15T14:45:00+01:00,25.52
2026-02-15T15:00:00+01:00,24.48
2026-02-15T15:15:00+01:00,23.36
2026-02-15T15:30:00+01:00,23.04
2026-02-15T15:45:00+01:00,24.8
2026-02-15T16:00:00+01:00,27.12
2026-02-15T16:15:00+01:00,30.0
2026-02-15T16:30:00+01:00,30.8
2026-02-15T16:45:00+01:00,30.4
2026-02-15T17:00:00+01:00,30.8
2026-02-15T17:15:00+01:00,34.64
2026-02-15T17:30:00+01:00,35.84
2026-02-15T17:45:00+01:00,37.6
2026-02-15T18:00:00+01:00,39.12
2026-02-15T18:15:00+01:00,38.64
2026-02-15T18:30:00+01:00,38.0
2026-02-15T18:45:00+01:00,36.4
2026-02-15T19:00:00+01:00,36.32
2026-02-15T19:15:00+01:00,36.72
2026-02-15T19:30:00+01:00,37.28
2026-02-15T19:45:00+01:00,37.04
2026-02-15T20:00:00+01:00,38.48
2026-02-15T20:15:00+01:00,42.24
2026-02-15T20:30:00+01:00,44.48
2026-02-15T20:45:00+01:00,45.6
2026-02-15T21:00:00+01:00,44.8
2026-02-15T21:15:00+01:00,41.52
2026-02-15T21:30:00+01:00,42.64
2026-02-15T21:45:00+01:00,42.72
2026-02-15T22:00:00+01:00,43.04
2026-02-15T22:15:00+01:00,44.4
2026-02-15T22:30:00+01:00,42.32
2026-02-15T22:45:00+01:00,41.52
2026-02-15T23:00:00+01:00,41.52
2026-02-15T23:15:00+01:00,42.8
2026-02-15T23:30:00+01:00,42.4
2026-02-15T23:45:00+01:00,44.88
2026-02-16T00:00:00+01:00,48.08
2026-02-16T00:15:00+01:00,47.76
2026-02-16T00:30:00+01:00,44.4
2026-02-16T00:45:00+01:00,44.96
2026-02-16T01:00:00+01:00,44.0
2026-02-16T01:15:00+01:00,44.08
2026-02-16T01:30:00+01:00,43.12
2026-02-16T01:45:00+01:00,44.64
2026-02-16T02:00:00+01:00,44.4
2026-02-16T02:15:00+01:00,44.16
2026-02-16T02:30:00+01:00,51.36
2026-02-16T02:45:00+01:00,52.88
2026-02-16T03:00:00+01:00,55.12
2026-02-16T03:15:00+01:00,49.2
2026-02-16T03:30:00+01:00,49.52
2026-02-16T03:45:00+01:00,50.0
2026-02-16T04:00:00+01:00,42.24
2026-02-16T04:15:00+01:00,41.76
2026-02-16T04:30:00+01:00,44.32
2026-02-16T04:45:00+01:00,49.84
2026-02-16T05:00:00+01:00,60.16
2026-02-16T05:15:00+01:00,87.36
2026-02-16T05:30:00+01:00,100.24
2026-02-16T05:45:00+01:00,110.64
2026-02-16T06:00:00+01:00,137.76
2026-02-16T06:15:00+01:00,194.56
2026-02-16T06:30:00+01:00,211.84
2026-02-16T06:45:00+01:00,179.84
2026-02-16T07:00:00+01:00,203.04
2026-02-16T07:15:00+01:00,219.2
2026-02-16T07:30:00+01:00,199.6
2026-02-16T07:45:00+01:00,215.44
2026-02-16T08:00:00+01:00,258.24
2026-02-16T08:15:00+01:00,252.56
2026-02-16T08:30:00+01:00,241.28
2026-02-16T08:45:00+01:00,255.84
2026-02-16T09:00:00+01:00,255.76
2026-02-16T09:15:00+01:00,280.4
2026-02-16T09:30:00+01:00,298.16
2026-02-16T09:45:00+01:00,231.44
2026-02-16T10:00:00+01:00,284.56
2026-02-16T10:15:00+01:00,285.2
2026-02-16T10:30:00+01:00,259.76
2026-02-16T10:45:00+01:00,183.6
2026-02-16T11:00:00+01:00,152.72
2026-02-16T11:15:00+01:00,169.92
2026-02-16T11:30:00+01:00,174.08
2026-02-16T11:45:00+01:00,105.6
2026-02-16T12:00:00+01:00,113.84
2026-02-16T12:15:00+01:00,51.6
2026-02-16T12:30:00+01:00,7.52
2026-02-16T12:45:00+01:00,11.68
2026-02-16T13:00:00+01:00,8.64
2026-02-16T13:15:00+01:00,85.92
2026-02-16T13:30:00+01:00,121.2
2026-02-16T13:45:00+01:00,147.12
2026-02-16T14:00:00+01:00,142.24
2026-02-16T14:15:00+01:00,139.52
2026-02-16T14:30:00+01:00,92.72
2026-02-16T14:45:00+01:00,62.88
2026-02-16T15:00:00+01:00,124.8
2026-02-16T15:15:00+01:00,154.56
2026-02-16T15:30:00+01:00,114.08
2026-02-16T15:45:00+01:00,161.92
2026-02-16T16:00:00+01:00,231.36
2026-02-16T16:15:00+01:00,246.16
2026-02-16T16:30:00+01:00,216.48
2026-02-16T16:45:00+01:00,203.44
2026-02-16T17:00:00+01:00,219.2
2026-02-16T17:15:00+01:00,206.96
2026-02-16T17:30:00+01:00,258.0
2026-02-16T17:45:00+01:00,230.08
2026-02-16T18:00:00+01:00,252.72
2026-02-16T18:15:00+01:00,252.24
2026-02-16T18:30:00+01:00,245.04
2026-02-16T18:45:00+01:00,210.72
2026-02-16T19:00:00+01:00,184.0
2026-02-16T19:15:00+01:00,202.8
2026-02-16T19:30:00+01:00,184.88
2026-02-16T19:45:00+01:00,205.36
2026-02-16T20:00:00+01:00,230.88
2026-02-16T20:15:00+01:00,207.92
2026-02-16T20:30:00+01:00,201.84
2026-02-16T20:45:00+01:00,223.68
2026-02-16T21:00:00+01:00,185.68
2026-02-16T21:15:00+01:00,187.68
2026-02-16T21:30:00+01:00,212.24
2026-02-16T21:45:00+01:00,214.56
2026-02-16T22:00:00+01:00,201.84
2026-02-16T22:15:00+01:00,198.56
2026-02-16T22:30:00+01:00,211.12
2026-02-16T22:45:00+01:00,228.24
2026-02-16T23:00:00+01:00,229.44
2026-02-16T23:15:00+01:00,170.96
2026-02-16T23:30:00+01:00,162.24
2026-02-16T23:45:00+01:00,167.2
2026-02-17T00:00:00+01:00,182.64
2026-02-17T00:15:00+01:00,186.32
2026-02-17T00:30:00+01:00,205.84
2026-02-17T00:45:00+01:00,175.44
2026-02-17T01:00:00+01:00,172.96
2026-02-17T01:15:00+01:00,198.48
2026-02-17T01:30:00+01:00,190.0
2026-02-17T01:45:00+01:00,154.96
2026-02-17T02:00:00+01:00,157.28
2026-02-17T02:15:00+01:00,187.92
2026-02-17T02:30:00+01:00,174.48
2026-02-17T02:45:00+01:00,201.04
2026-02-17T03:00:00+01:00,161.68
2026-02-17T03:15:00+01:00,180.24
2026-02-17T03:30:00+01:00,161.92
2026-02-17T03:45:00+01:00,160.8
2026-02-17T04:00:00+01:00,131.2
2026-02-17T04:15:00+01:00,154.96
2026-02-17T04:30:00+01:00,204.8
2026-02-17T04:45:00+01:00,206.48
2026-02-17T05:00:00+01:00,188.64
2026-02-17T05:15:00+01:00,153.12
2026-02-17T05:30:00+01:00,187.52
2026-02-17T05:45:00+01:00,181.12
2026-02-17T06:00:00+01:00,171.2
2026-02-17T06:15:00+01:00,196.24
2026-02-17T06:30:00+01:00,217.52
2026-02-17T06:45:00+01:00,236.0
2026-02-17T07:00:00+01:00,250.16
2026-02-17T07:15:00+01:00,236.96
2026-02-17T07:30:00+01:00,254.88
2026-02-17T07:45:00+01:00,239.44
2026-02-17T08:00:00+01:00,221.68
2026-02-17T08:15:00+01:00,309.84
2026-02-17T08:30:00+01:00,303.44
2026-02-17T08:45:00+01:00,258.0
2026-02-17T09:00:00+01:00,264.48
2026-02-17T09:15:00+01:00,261.04
2026-02-17T09:30:00+01:00,235.12
2026-02-17T09:45:00+01:00,176.4
2026-02-17T10:00:00+01:00,144.08
2026-02-17T10:15:00+01:00,158.16
2026-02-17T10:30:00+01:00,138.96
2026-02-17T10:45:00+01:00,168.72
2026-02-17T11:00:00+01:00,94.16
2026-02-17T11:15:00+01:00,92.08
2026-02-17T11:30:00+01:00,29.12
2026-02-17T11:45:00+01:00,126.32
2026-02-17T12:00:00+01:00,167.68
2026-02-17T12:15:00+01:00,212.56
2026-02-17T12:30:00+01:00,179.36
2026-02-17T12:45:00+01:00,172.56
2026-02-17T13:00:00+01:00,211.36
2026-02-17T13:15:00+01:00,193.12
2026-02-17T13:30:00+01:00,184.72
2026-02-17T13:45:00+01:00,186.72
2026-02-17T14:00:00+01:00,146.32
2026-02-17T14:15:00+01:00,154.96
2026-02-17T14:30:00+01:00,57.04
2026-02-17T14:45:00+01:00,143.36
2026-02-17T15:00:00+01:00,120.0
2026-02-17T15:15:00+01:00,259.2
2026-02-17T15:30:00+01:00,226.48
2026-02-17T15:45:00+01:00,149.44
2026-02-17T16:00:00+01:00,76.72
2026-02-17T16:15:00+01:00,160.8
2026-02-17T16:30:00+01:00,172.48
2026-02-17T16:45:00+01:00,143.92
2026-02-17T17:00:00+01:00,151.36
2026-02-17T17:15:00+01:00,182.88
2026-02-17T17:30:00+01:00,226.4
2026-02-17T17:45:00+01:00,275.44
2026-02-17T18:00:00+01:00,229.36
2026-02-17T18:15:00+01:00,254.24
2026-02-17T18:30:00+01:00,193.84
2026-02-17T18:45:00+01:00,216.96
2026-02-17T19:00:00+01:00,233.2
2026-02-17T19:15:00+01:00,221.6
2026-02-17T19:30:00+01:00,263.2
2026-02-17T19:45:00+01:00,226.0
2026-02-17T20:00:00+01:00,300.88
2026-02-17T20:15:00+01:00,309.44
2026-02-17T20:30:00+01:00,259.76
2026-02-17T20:45:00+01:00,219.68
2026-02-17T21:00:00+01:00,189.44
2026-02-17T21:15:00+01:00,189.52
2026-02-17T21:30:00+01:00,204.24
2026-02-17T21:45:00+01:00,262.16
2026-02-17T22:00:00+01:00,263.76
2026-02-17T22:15:00+01:00,260.16
2026-02-17T22:30:00+01:00,225.76
2026-02-17T22:45:00+01:00,218.88
2026-02-17T23:00:00+01:00,223.84
2026-02-17T23:15:00+01:00,204.96
2026-02-17T23:30:00+01:00,213.12
2026-02-17T23:45:00+01:00,208.56
2026-02-18T00:00:00+01:00,212.72
2026-02-18T00:15:00+01:00,205.76
2026-02-18T00:30:00+01:00,230.24
2026-02-18T00:45:00+01:00,221.44
2026-02-18T01:00:00+01:00,229.68
2026-02-18T01:15:00+01:00,217.6
2026-02-18T01:30:00+01:00,125.68
2026-02-18T01:45:00+01:00,159.52
2026-02-18T02:00:00+01:00,212.56
2026-02-18T02:15:00+01:00,230.0
2026-02-18T02:30:00+01:00,182.4
2026-02-18T02:45:00+01:00,164.8
2026-02-18T03:00:00+01:00,163.6
2026-02-18T03:15:00+01:00,205.84
2026-02-18T03:30:00+01:00,174.32
2026-02-18T03:45:00+01:00,135.92
2026-02-18T04:00:00+01:00,180.72
2026-02-18T04:15:00+01:00,225.04
2026-02-18T04:30:00+01:00,211.52
2026-02-18T04:45:00+01:00,178.08
2026-02-18T05:00:00+01:00,157.2
2026-02-18T05:15:00+01:00,185.12
2026-02-18T05:30:00+01:00,264.64
2026-02-18T05:45:00+01:00,239.44
2026-02-18T06:00:00+01:00,209.44
2026-02-18T06:15:00+01:00,233.92
2026-02-18T06:30:00+01:00,292.4
2026-02-18T06:45:00+01:00,245.84
2026-02-18T07:00:00+01:00,268.08
2026-02-18T07:15:00+01:00,288.4
2026-02-18T07:30:00+01:00,327.92
2026-02-18T07:45:00+01:00,322.08
2026-02-18T08:00:00+01:00,272.32
2026-02-18T08:15:00+01:00,234.88
2026-02-18T08:30:00+01:00,291.68
2026-02-18T08:45:00+01:00,250.96
2026-02-18T09:00:00+01:00,286.32
2026-02-18T09:15:00+01:00,284.0
2026-02-18T09:30:00+01:00,260.24
2026-02-18T09:45:00+01:00,192.56
2026-02-18T10:00:00+01:00,152.88
2026-02-18T10:15:00+01:00,118.16
2026-02-18T10:30:00+01:00,98.56
2026-02-18T10:45:00+01:00,107.28
2026-02-18T11:00:00+01:00,69.68
2026-02-18T11:15:00+01:00,120.24
2026-02-18T11:30:00+01:00,51.92
2026-02-18T11:45:00+01:00,14.4
2026-02-18T12:00:00+01:00,5.76
2026-02-18T12:15:00+01:00,2.0
2026-02-18T12:30:00+01:00,7.92
2026-02-18T12:45:00+01:00,66.88
2026-02-18T13:00:00+01:00,16.48
2026-02-18T13:15:00+01:00,21.52
2026-02-18T13:30:00+01:00,19.52
2026-02-18T13:45:00+01:00,0.4
2026-02-18T14:00:00+01:00,1.92
2026-02-18T14:15:00+01:00,41.52
2026-02-18T14:30:00+01:00,135.2
2026-02-18T14:45:00+01:00,146.64
2026-02-18T15:00:00+01:00,166.48
2026-02-18T15:15:00+01:00,142.16
2026-02-18T15:30:00+01:00,102.4
2026-02-18T15:45:00+01:00,122.56
2026-02-18T16:00:00+01:00,152.24
2026-02-18T16:15:00+01:00,179.84
2026-02-18T16:30:00+01:00,234.24
2026-02-18T16:45:00+01:00,222.56
2026-02-18T17:00:00+01:00,188.72
2026-02-18T17:15:00+01:00,238.64
2026-02-18T17:30:00+01:00,210.88
2026-02-18T17:45:00+01:00,195.6
2026-02-18T18:00:00+01:00,203.36
2026-02-18T18:15:00+01:00,231.28
2026-02-18T18:30:00+01:00,209.68
2026-02-18T18:45:00+01:00,217.12
2026-02-18T19:00:00+01:00,218.56
2026-02-18T19:15:00+01:00,266.32
2026-02-18T19:30:00+01:00,223.68
2026-02-18T19:45:00+01:00,201.84
2026-02-18T20:00:00+01:00,211.84
2026-02-18T20:15:00+01:00,176.48
2026-02-18T20:30:00+01:00,181.84
2026-02-18T20:45:00+01:00,237.92
2026-02-18T21:00:00+01:00,198.08
2026-02-18T21:15:00+01:00,202.8
2026-02-18T21:30:00+01:00,246.48
2026-02-18T21:45:00+01:00,255.44
2026-02-18T22:00:00+01:00,263.76
2026-02-18T22:15:00+01:00,256.8
2026-02-18T22:30:00+01:00,241.36
2026-02-18T22:45:00+01:00,181.6
2026-02-18T23:00:00+01:00,186.8
2026-02-18T23:15:00+01:00,204.32
2026-02-18T23:30:00+01:00,171.28
2026-02-18T23:45:00+01:00,159.76
2026-02-19T00:00:00+01:00,186.24
2026-02-19T00:15:00+01:00,180.32
2026-02-19T00:30:00+01:00,180.0
2026-02-19T00:45:00+01:00,162.4
2026-02-19T01:00:00+01:00,149.2
2026-02-19T01:15:00+01:00,143.84
2026-02-19T01:30:00+01:00,153.52
2026-02-19T01:45:00+01:00,198.88
2026-02-19T02:00:00+01:00,151.04
2026-02-19T02:15:00+01:00,165.2
2026-02-19T02:30:00+01:00,199.12
2026-02-19T02:45:00+01:00,169.2
2026-02-19T03:00:00+01:00,207.44
2026-02-19T03:15:00+01:00,200.4
2026-02-19T03:30:00+01:00,197.04
2026-02-19T03:45:00+01:00,196.88
2026-02-19T04:00:00+01:00,180.96
2026-02-19T04:15:00+01:00,170.16
2026-02-19T04:30:00+01:00,215.36
2026-02-19T04:45:00+01:00,204.64
2026-02-19T05:00:00+01:00,240.56
2026-02-19T05:15:00+01:00,248.72
2026-02-19T05:30:00+01:00,242.24
2026-02-19T05:45:00+01:00,261.84
2026-02-19T06:00:00+01:00,223.36
2026-02-19T06:15:00+01:00,230.72
2026-02-19T06:30:00+01:00,242.0
2026-02-19T06:45:00+01:00,227.2
2026-02-19T07:00:00+01:00,229.12
2026-02-19T07:15:00+01:00,223.2
2026-02-19T07:30:00+01:00,242.4
2026-02-19T07:45:00+01:00,225.76
2026-02-19T08:00:00+01:00,213.92
2026-02-19T08:15:00+01:00,228.56
2026-02-19T08:30:00+01:00,238.8
2026-02-19T08:45:00+01:00,171.04
2026-02-19T09:00:00+01:00,208.56
2026-02-19T09:15:00+01:00,177.36
2026-02-19T09:30:00+01:00,118.96
2026-02-19T09:45:00+01:00,180.4
2026-02-19T10:00:00+01:00,114.8
2026-02-19T10:15:00+01:00,160.72
2026-02-19T10:30:00+01:00,186.8
2026-02-19T10:45:00+01:00,162.32
2026-02-19T11:00:00+01:00,157.36
2026-02-19T11:15:00+01:00,184.24
2026-02-19T11:30:00+01:00,236.24
2026-02-19T11:45:00+01:00,218.8
2026-02-19T12:00:00+01:00,227.92
2026-02-19T12:15:00+01:00,115.92
2026-02-19T12:30:00+01:00,143.52
2026-02-19T12:45:00+01:00,162.08
2026-02-19T13:00:00+01:00,210.56
2026-02-19T13:15:00+01:00,240.16
2026-02-19T13:30:00+01:00,246.56
2026-02-19T13:45:00+01:00,231.6
2026-02-19T14:00:00+01:00,151.84
2026-02-19T14:15:00+01:00,148.08
2026-02-19T14:30:00+01:00,159.36
2026-02-19T14:45:00+01:00,160.88
2026-02-19T15:00:00+01:00,189.6
2026-02-19T15:15:00+01:00,209.76
2026-02-19T15:30:00+01:00,160.24
2026-02-19T15:45:00+01:00,172.4
2026-02-19T16:00:00+01:00,240.0
2026-02-19T16:15:00+01:00,191.92
2026-02-19T16:30:00+01:00,217.12
2026-02-19T16:45:00+01:00,159.04
2026-02-19T17:00:00+01:00,175.04
2026-02-19T17:15:00+01:00,194.96
2026-02-19T17:30:00+01:00,274.08
2026-02-19T17:45:00+01:00,259.2
2026-02-19T18:00:00+01:00,237.04
2026-02-19T18:15:00+01:00,239.76
2026-02-19T18:30:00+01:00,237.04
2026-02-19T18:45:00+01:00,258.8
2026-02-19T19:00:00+01:00,253.76
2026-02-19T19:15:00+01:00,249.44
2026-02-19T19:30:00+01:00,250.08
2026-02-19T19:45:00+01:00,264.48
2026-02-19T20:00:00+01:00,264.8
2026-02-19T20:15:00+01:00,279.6
2026-02-19T20:30:00+01:00,294.64
2026-02-19T20:45:00+01:00,291.04
2026-02-19T21:00:00+01:00,264.32
2026-02-19T21:15:00+01:00,208.88
2026-02-19T21:30:00+01:00,171.52
2026-02-19T21:45:00+01:00,192.24
2026-02-19T22:00:00+01:00,185.28
2026-02-19T22:15:00+01:00,152.16
2026-02-19T22:30:00+01:00,144.4
2026-02-19T22:45:00+01:00,133.76
2026-02-19T23:00:00+01:00,197.44
2026-02-19T23:15:00+01:00,196.4
2026-02-19T23:30:00+01:00,175.6
2026-02-19T23:45:00+01:00,175.44
2026-02-20T00:00:00+01:00,198.56
2026-02-20T00:15:00+01:00,160.72
2026-02-20T00:30:00+01:00,179.2
2026-02-20T00:45:00+01:00,177.44
2026-02-20T01:00:00+01:00,220.24
2026-02-20T01:15:00+01:00,222.64
2026-02-20T01:30:00+01:00,252.56
2026-02-20T01:45:00+01:00,235.44
2026-02-20T02:00:00+01:00,225.12
2026-02-20T02:15:00+01:00,192.0
2026-02-20T02:30:00+01:00,142.48
2026-02-20T02:45:00+01:00,148.48
2026-02-20T03:00:00+01:00,149.04
2026-02-20T03:15:00+01:00,136.48
2026-02-20T03:30:00+01:00,145.76
2026-02-20T03:45:00+01:00,159.92
2026-02-20T04:00:00+01:00,169.44
2026-02-20T04:15:00+01:00,180.16
2026-02-20T04:30:00+01:00,144.56
2026-02-20T04:45:00+01:00,147.2
2026-02-20T05:00:00+01:00,157.52
2026-02-20T05:15:00+01:00,158.56
2026-02-20T05:30:00+01:00,165.76
2026-02-20T05:45:00+01:00,177.76
2026-02-20T06:00:00+01:00,173.28
2026-02-20T06:15:00+01:00,196.08
2026-02-20T06:30:00+01:00,211.92
2026-02-20T06:45:00+01:00,206.4
2026-02-20T07:00:00+01:00,213.04
2026-02-20T07:15:00+01:00,202.0
2026-02-20T07:30:00+01:00,199.84
2026-02-20T07:45:00+01:00,203.28
2026-02-20T08:00:00+01:00,208.64
2026-02-20T08:15:00+01:00,227.44
2026-02-20T08:30:00+01:00,236.16
2026-02-20T08:45:00+01:00,224.72
2026-02-20T09:00:00+01:00,228.96
2026-02-20T09:15:00+01:00,229.44
2026-02-20T09:30:00+01:00,226.72
2026-02-20T09:45:00+01:00,221.6
2026-02-20T10:00:00+01:00,221.2
2026-02-20T10:15:00+01:00,239.28
2026-02-20T10:30:00+01:00,248.88
2026-02-20T10:45:00+01:00,228.48
2026-02-20T11:00:00+01:00,184.32
2026-02-20T11:15:00+01:00,174.4
2026-02-20T11:30:00+01:00,164.32
2026-02-20T11:45:00+01:00,145.04
2026-02-20T12:00:00+01:00,153.52
2026-02-20T12:15:00+01:00,154.96
2026-02-20T12:30:00+01:00,132.4
2026-02-20T12:45:00+01:00,158.24
2026-02-20T13:00:00+01:00,178.96
2026-02-20T13:15:00+01:00,157.84
2026-02-20T13:30:00+01:00,158.64
2026-02-20T13:45:00+01:00,164.4
2026-02-20T14:00:00+01:00,147.68
2026-02-20T14:15:00+01:00,131.28
2026-02-20T14:30:00+01:00,110.48
2026-02-20T14:45:00+01:00,119.84
2026-02-20T15:00:00+01:00,162.16
2026-02-20T15:15:00+01:00,145.2
2026-02-20T15:30:00+01:00,169.52
2026-02-20T15:45:00+01:00,182.16
2026-02-20T16:00:00+01:00,141.28
2026-02-20T16:15:00+01:00,141.76
2026-02-20T16:30:00+01:00,142.08
2026-02-20T16:45:00+01:00,138.16
2026-02-20T17:00:00+01:00,154.32
2026-02-20T17:15:00+01:00,159.44
2026-02-20T17:30:00+01:00,163.76
2026-02-20T17:45:00+01:00,157.12
2026-02-20T18:00:00+01:00,150.08
2026-02-20T18:15:00+01:00,143.12
2026-02-20T18:30:00+01:00,148.88
2026-02-20T18:45:00+01:00,153.52
2026-02-20T19:00:00+01:00,145.6
2026-02-20T19:15:00+01:00,126.32
2026-02-20T19:30:00+01:00,118.24
2026-02-20T19:45:00+01:00,111.12
2026-02-20T20:00:00+01:00,90.48
2026-02-20T20:15:00+01:00,92.48
2026-02-20T20:30:00+01:00,78.32
2026-02-20T20:45:00+01:00,65.68
2026-02-20T21:00:00+01:00,57.2
2026-02-20T21:15:00+01:00,55.52
2026-02-20T21:30:00+01:00,51.2
2026-02-20T21:45:00+01:00,45.52
2026-02-20T22:00:00+01:00,43.36
2026-02-20T22:15:00+01:00,41.92
2026-02-20T22:30:00+01:00,44.32
2026-02-20T22:45:00+01:00,41.28
2026-02-20T23:00:00+01:00,38.56
2026-02-20T23:15:00+01:00,40.64
2026-02-20T23:30:00+01:00,40.64
2026-02-20T23:45:00+01:00,39.76
2026-02-21T00:00:00+01:00,39.84
2026-02-21T00:15:00+01:00,36.64
2026-02-21T00:30:00+01:00,35.76
2026-02-21T00:45:00+01:00,35.12
2026-02-21T01:00:00+01:00,34.56
2026-02-21T01:15:00+01:00,35.04
2026-02-21T01:30:00+01:00,35.44
2026-02-21T01:45:00+01:00,35.36
2026-02-21T02:00:00+01:00,38.32
2026-02-21T02:15:00+01:00,35.44
2026-02-21T02:30:00+01:00,35.68
2026-02-21T02:45:00+01:00,35.12
2026-02-21T03:00:00+01:00,38.96
2026-02-21T03:15:00+01:00,36.72
2026-02-21T03:30:00+01:00,35.68
2026-02-21T03:45:00+01:00,36.72
2026-02-21T04:00:00+01:00,35.76
2026-02-21T04:15:00+01:00,35.76
2026-02-21T04:30:00+01:00,39.52
2026-02-21T04:45:00+01:00,37.6
2026-02-21T05:00:00+01:00,34.56
2026-02-21T05:15:00+01:00,37.84
2026-02-21T05:30:00+01:00,38.8
2026-02-21T05:45:00+01:00,38.72
2026-02-21T06:00:00+01:00,42.88
2026-02-21T06:15:00+01:00,42.88
2026-02-21T06:30:00+01:00,45.44
2026-02-21T06:45:00+01:00,48.24
2026-02-21T07:00:00+01:00,53.52
2026-02-21T07:15:00+01:00,53.12
2026-02-21T07:30:00+01:00,53.44
2026-02-21T07:45:00+01:00,52.08
2026-02-21T08:00:00+01:00,39.76
2026-02-21T08:15:00+01:00,36.4
2026-02-21T08:30:00+01:00,47.68
2026-02-21T08:45:00+01:00,42.08
2026-02-21T09:00:00+01:00,27.2
2026-02-21T09:15:00+01:00,11.68
2026-02-21T09:30:00+01:00,14.24
2026-02-21T09:45:00+01:00,19.6
2026-02-21T10:00:00+01:00,17.6
2026-02-21T10:15:00+01:00,13.12
2026-02-21T10:30:00+01:00,10.8
2026-02-21T10:45:00+01:00,0.24
2026-02-21T11:00:00+01:00,0.0
2026-02-21T11:15:00+01:00,0.88
2026-02-21T11:30:00+01:00,10.96
2026-02-21T11:45:00+01:00,3.44
2026-02-21T12:00:00+01:00,0.08
2026-02-21T12:15:00+01:00,0.88
2026-02-21T12:30:00+01:00,4.4
2026-02-21T12:45:00+01:00,0.32
2026-02-21T13:00:00+01:00,0.8
2026-02-21T13:15:00+01:00,0.72
2026-02-21T13:30:00+01:00,7.6
2026-02-21T13:45:00+01:00,18.56
2026-02-21T14:00:00+01:00,24.64
2026-02-21T14:15:00+01:00,16.56
2026-02-21T14:30:00+01:00,6.56
2026-02-21T14:45:00+01:00,12.96
2026-02-21T15:00:00+01:00,9.84
2026-02-21T15:15:00+01:00,9.76
2026-02-21T15:30:00+01:00,13.68
2026-02-21T15:45:00+01:00,22.48
2026-02-21T16:00:00+01:00,30.96
2026-02-21T16:15:00+01:00,25.2
2026-02-21T16:30:00+01:00,16.24
2026-02-21T16:45:00+01:00,26.0
2026-02-21T17:00:00+01:00,24.72
2026-02-21T17:15:00+01:00,30.64
2026-02-21T17:30:00+01:00,36.96
2026-02-21T17:45:00+01:00,37.2
2026-02-21T18:00:00+01:00,37.84
2026-02-21T18:15:00+01:00,37.36
2026-02-21T18:30:00+01:00,38.0
2026-02-21T18:45:00+01:00,36.72
2026-02-21T19:00:00+01:00,35.84
2026-02-21T19:15:00+01:00,36.96
2026-02-21T19:30:00+01:00,36.88
2026-02-21T19:45:00+01:00,37.52
2026-02-21T20:00:00+01:00,35.6
2026-02-21T20:15:00+01:00,36.48
2026-02-21T20:30:00+01:00,35.68
2026-02-21T20:45:00+01:00,38.8
2026-02-21T21:00:00+01:00,37.68
2026-02-21T21:15:00+01:00,35.36
2026-02-21T21:30:00+01:00,35.44
2026-02-21T21:45:00+01:00,35.52
2026-02-21T22:00:00+01:00,36.88
2026-02-21T22:15:00+01:00,36.64
2026-02-21T22:30:00+01:00,36.8
2026-02-21T22:45:00+01:00,35.84
2026-02-21T23:00:00+01:00,35.6
2026-02-21T23:15:00+01:00,33.84
2026-02-21T23:30:00+01:00,34.32
2026-02-21T23:45:00+01:00,36.24
2026-02-22T00:00:00+01:00,35.92
2026-02-22T00:15:00+01:00,35.44
2026-02-22T00:30:00+01:00,35.36
2026-02-22T00:45:00+01:00,33.68
2026-02-22T01:00:00+01:00,33.2
2026-02-22T01:15:00+01:00,35.12
2026-02-22T01:30:00+01:00,35.12
2026-02-22T01:45:00+01:00,36.0
2026-02-22T02:00:00+01:00,35.2
2026-02-22T02:15:00+01:00,34.96
2026-02-22T02:30:00+01:00,36.16
2026-02-22T02:45:00+01:00,36.08
2026-02-22T03:00:00+01:00,35.28
2026-02-22T03:15:00+01:00,33.84
2026-02-22T03:30:00+01:00,32.88
2026-02-22T03:45:00+01:00,32.56
2026-02-22T04:00:00+01:00,33.04
2026-02-22T04:15:00+01:00,32.48
2026-02-22T04:30:00+01:00,33.84
2026-02-22T04:45:00+01:00,34.4
2026-02-22T05:00:00+01:00,37.52
2026-02-22T05:15:00+01:00,36.4
2026-02-22T05:30:00+01:00,34.16
2026-02-22T05:45:00+01:00,34.4
2026-02-22T06:00:00+01:00,36.0
2026-02-22T06:15:00+01:00,36.56
2026-02-22T06:30:00+01:00,36.56
2026-02-22T06:45:00+01:00,35.12
2026-02-22T07:00:00+01:00,34.08
2026-02-22T07:15:00+01:00,31.44
2026-02-22T07:30:00+01:00,22.56
2026-02-22T07:45:00+01:00,26.4
2026-02-22T08:00:00+01:00,19.12
2026-02-22T08:15:00+01:00,10.4
2026-02-22T08:30:00+01:00,13.28
2026-02-22T08:45:00+01:00,14.64
2026-02-22T09:00:00+01:00,20.32
2026-02-22T09:15:00+01:00,1.04
2026-02-22T09:30:00+01:00,0.0
2026-02-22T09:45:00+01:00,0.0
2026-02-22T10:00:00+01:00,0.0
2026-02-22T10:15:00+01:00,0.0
2026-02-22T10:30:00+01:00,0.0
2026-02-22T10:45:00+01:00,0.0
2026-02-22T11:00:00+01:00,0.0
2026-02-22T11:15:00+01:00,0.0
2026-02-22T11:30:00+01:00,0.0
2026-02-22T11:45:00+01:00,0.0
2026-02-22T12:00:00+01:00,0.0
2026-02-22T12:15:00+01:00,0.0
2026-02-22T12:30:00+01:00,0.0
2026-02-22T12:45:00+01:00,0.0
2026-02-22T13:00:00+01:00,0.0
2026-02-22T13:15:00+01:00,0.0
2026-02-22T13:30:00+01:00,0.0
2026-02-22T13:45:00+01:00,0.0
2026-02-22T14:00:00+01:00,0.0
2026-02-22T14:15:00+01:00,0.0
2026-02-22T14:30:00+01:00,0.0
2026-02-22T14:45:00+01:00,0.0
2026-02-22T15:00:00+01:00,0.0
2026-02-22T15:15:00+01:00,0.0
2026-02-22T15:30:00+01:00,0.0
2026-02-22T15:45:00+01:00,0.0
2026-02-22T16:00:00+01:00,0.0
2026-02-22T16:15:00+01:00,0.0
2026-02-22T16:30:00+01:00,0.0
2026-02-22T16:45:00+01:00,0.0
2026-02-22T17:00:00+01:00,0.8
2026-02-22T17:15:00+01:00,15.68
2026-02-22T17:30:00+01:00,23.04
2026-02-22T17:45:00+01:00,29.28
2026-02-22T18:00:00+01:00,33.04
2026-02-22T18:15:00+01:00,32.0
2026-02-22T18:30:00+01:00,32.96
2026-02-22T18:45:00+01:00,32.16
2026-02-22T19:00:00+01:00,32.8
2026-02-22T19:15:00+01:00,32.64
2026-02-22T19:30:00+01:00,35.44
2026-02-22T19:45:00+01:00,37.92
2026-02-22T20:00:00+01:00,38.32
2026-02-22T20:15:00+01:00,38.16
2026-02-22T20:30:00+01:00,39.92
2026-02-22T20:45:00+01:00,40.8
2026-02-22T21:00:00+01:00,36.48
2026-02-22T21:15:00+01:00,35.68
2026-02-22T21:30:00+01:00,35.44
2026-02-22T21:45:00+01:00,34.8
2026-02-22T22:00:00+01:00,36.56
2026-02-22T22:15:00+01:00,35.84
2026-02-22T22:30:00+01:00,34.96
2026-02-22T22:45:00+01:00,32.8
2026-02-22T23:00:00+01:00,33.84
2026-02-22T23:15:00+01:00,36.0
2026-02-22T23:30:00+01:00,33.92
2026-02-22T23:45:00+01:00,36.0
2026-02-23T00:00:00+01:00,37.36
2026-02-23T00:15:00+01:00,36.8
2026-02-23T00:30:00+01:00,36.8
2026-02-23T00:45:00+01:00,36.56
2026-02-23T01:00:00+01:00,36.56
2026-02-23T01:15:00+01:00,38.32
2026-02-23T01:30:00+01:00,38.24
2026-02-23T01:45:00+01:00,38.8
2026-02-23T02:00:00+01:00,39.92
2026-02-23T02:15:00+01:00,39.2
2026-02-23T02:30:00+01:00,48.96
2026-02-23T02:45:00+01:00,49.04
2026-02-23T03:00:00+01:00,44.08
2026-02-23T03:15:00+01:00,44.72
2026-02-23T03:30:00+01:00,42.8
2026-02-23T03:45:00+01:00,42.96
2026-02-23T04:00:00+01:00,33.84
2026-02-23T04:15:00+01:00,35.52
2026-02-23T04:30:00+01:00,37.68
2026-02-23T04:45:00+01:00,43.12
2026-02-23T05:00:00+01:00,44.08
2026-02-23T05:15:00+01:00,66.16
2026-02-23T05:30:00+01:00,83.76
2026-02-23T05:45:00+01:00,132.88
2026-02-23T06:00:00+01:00,150.0
2026-02-23T06:15:00+01:00,231.92
2026-02-23T06:30:00+01:00,189.76
2026-02-23T06:45:00+01:00,210.24
2026-02-23T07:00:00+01:00,217.44
2026-02-23T07:15:00+01:00,259.52
2026-02-23T07:30:00+01:00,237.12
2026-02-23T07:45:00+01:00,191.68
2026-02-23T08:00:00+01:00,222.48
2026-02-23T08:15:00+01:00,201.2
2026-02-23T08:30:00+01:00,187.68
2026-02-23T08:45:00+01:00,207.2
2026-02-23T09:00:00+01:00,239.28
2026-02-23T09:15:00+01:00,264.88
2026-02-23T09:30:00+01:00,200.56
2026-02-23T09:45:00+01:00,227.84
2026-02-23T10:00:00+01:00,270.8
2026-02-23T10:15:00+01:00,182.96
2026-02-23T10:30:00+01:00,185.52
2026-02-23T10:45:00+01:00,87.28
2026-02-23T11:00:00+01:00,123.04
2026-02-23T11:15:00+01:00,226.32
2026-02-23T11:30:00+01:00,193.28
2026-02-23T11:45:00+01:00,142.24
2026-02-23T12:00:00+01:00,55.6
2026-02-23T12:15:00+01:00,58.8
2026-02-23T12:30:00+01:00,80.32
2026-02-23T12:45:00+01:00,86.88
2026-02-23T13:00:00+01:00,10.08
2026-02-23T13:15:00+01:00,46.24
2026-02-23T13:30:00+01:00,92.56
2026-02-23T13:45:00+01:00,134.56
2026-02-23T14:00:00+01:00,30.96
2026-02-23T14:15:00+01:00,0.24
2026-02-23T14:30:00+01:00,2.0
2026-02-23T14:45:00+01:00,2.4
2026-02-23T15:00:00+01:00,3.52
2026-02-23T15:15:00+01:00,46.32
2026-02-23T15:30:00+01:00,69.76
2026-02-23T15:45:00+01:00,143.12
2026-02-23T16:00:00+01:00,144.56
2026-02-23T16:15:00+01:00,168.88
2026-02-23T16:30:00+01:00,191.68
2026-02-23T16:45:00+01:00,182.72
2026-02-23T17:00:00+01:00,181.6
2026-02-23T17:15:00+01:00,218.24
2026-02-23T17:30:00+01:00,225.68
2026-02-23T17:45:00+01:00,277.68
2026-02-23T18:00:00+01:00,292.96
2026-02-23T18:15:00+01:00,269.12
2026-02-23T18:30:00+01:00,240.88
2026-02-23T18:45:00+01:00,221.76
2026-02-23T19:00:00+01:00,242.4
2026-02-23T19:15:00+01:00,220.4
2026-02-23T19:30:00+01:00,234.88
2026-02-23T19:45:00+01:00,223.36
2026-02-23T20:00:00+01:00,210.0
2026-02-23T20:15:00+01:00,197.2
2026-02-23T20:30:00+01:00,178.96
2026-02-23T20:45:00+01:00,201.36
2026-02-23T21:00:00+01:00,245.92
2026-02-23T21:15:00+01:00,192.0
2026-02-23T21:30:00+01:00,222.56
2026-02-23T21:45:00+01:00,242.08
2026-02-23T22:00:00+01:00,172.0
2026-02-23T22:15:00+01:00,167.84
2026-02-23T22:30:00+01:00,181.28
2026-02-23T22:45:00+01:00,168.4
2026-02-23T23:00:00+01:00,136.4
2026-02-23T23:15:00+01:00,174.08
2026-02-23T23:30:00+01:00,193.28
2026-02-23T23:45:00+01:00,176.32
2026-02-24T00:00:00+01:00,156.24
2026-02-24T00:15:00+01:00,170.32
2026-02-24T00:30:00+01:00,193.36
2026-02-24T00:45:00+01:00,156.8
2026-02-24T01:00:00+01:00,164.16
2026-02-24T01:15:00+01:00,200.72
2026-02-24T01:30:00+01:00,189.36
2026-02-24T01:45:00+01:00,157.92
2026-02-24T02:00:00+01:00,147.68
2026-02-24T02:15:00+01:00,151.92
2026-02-24T02:30:00+01:00,192.8
2026-02-24T02:45:00+01:00,167.44
2026-02-24T03:00:00+01:00,160.64
2026-02-24T03:15:00+01:00,158.32
2026-02-24T03:30:00+01:00,151.04
2026-02-24T03:45:00+01:00,162.72
2026-02-24T04:00:00+01:00,157.2
2026-02-24T04:15:00+01:00,196.96
2026-02-24T04:30:00+01:00,200.88
2026-02-24T04:45:00+01:00,216.8
2026-02-24T05:00:00+01:00,195.04
2026-02-24T05:15:00+01:00,146.0
2026-02-24T05:30:00+01:00,167.36
2026-02-24T05:45:00+01:00,208.08
2026-02-24T06:00:00+01:00,203.84
2026-02-24T06:15:00+01:00,214.08
2026-02-24T06:30:00+01:00,226.4
2026-02-24T06:45:00+01:00,260.4
2026-02-24T07:00:00+01:00,270.16
2026-02-24T07:15:00+01:00,275.36
2026-02-24T07:30:00+01:00,272.64
2026-02-24T07:45:00+01:00,231.44
2026-02-24T08:00:00+01:00,236.8
2026-02-24T08:15:00+01:00,276.24
2026-02-24T08:30:00+01:00,294.0
2026-02-24T08:45:00+01:00,284.96
2026-02-24T09:00:00+01:00,284.08
2026-02-24T09:15:00+01:00,270.64
2026-02-24T09:30:00+01:00,279.44
2026-02-24T09:45:00+01:00,237.44
2026-02-24T10:00:00+01:00,228.64
2026-02-24T10:15:00+01:00,233.2
2026-02-24T10:30:00+01:00,226.24
2026-02-24T10:45:00+01:00,218.16
2026-02-24T11:00:00+01:00,213.36
2026-02-24T11:15:00+01:00,226.8
2026-02-24T11:30:00+01:00,221.04
2026-02-24T11:45:00+01:00,178.96
2026-02-24T12:00:00+01:00,178.0
2026-02-24T12:15:00+01:00,166.24
2026-02-24T12:30:00+01:00,149.2
2026-02-24T12:45:00+01:00,176.56
2026-02-24T13:00:00+01:00,150.0
2026-02-24T13:15:00+01:00,137.12
2026-02-24T13:30:00+01:00,148.0
2026-02-24T13:45:00+01:00,171.6
2026-02-24T14:00:00+01:00,192.08
2026-02-24T14:15:00+01:00,160.88
2026-02-24T14:30:00+01:00,163.36
2026-02-24T14:45:00+01:00,169.92
2026-02-24T15:00:00+01:00,162.8
2026-02-24T15:15:00+01:00,209.44
2026-02-24T15:30:00+01:00,180.32
2026-02-24T15:45:00+01:00,193.68
2026-02-24T16:00:00+01:00,184.8
2026-02-24T16:15:00+01:00,181.76
2026-02-24T16:30:00+01:00,237.12
2026-02-24T16:45:00+01:00,214.4
2026-02-24T17:00:00+01:00,211.68
2026-02-24T17:15:00+01:00,230.4
2026-02-24T17:30:00+01:00,212.32
2026-02-24T17:45:00+01:00,204.96
2026-02-24T18:00:00+01:00,204.4
2026-02-24T18:15:00+01:00,164.48
2026-02-24T18:30:00+01:00,163.76
2026-02-24T18:45:00+01:00,193.6
2026-02-24T19:00:00+01:00,198.88
2026-02-24T19:15:00+01:00,221.44
2026-02-24T19:30:00+01:00,191.2
2026-02-24T19:45:00+01:00,181.68
2026-02-24T20:00:00+01:00,206.4
2026-02-24T20:15:00+01:00,214.56
2026-02-24T20:30:00+01:00,220.08
2026-02-24T20:45:00+01:00,216.48
2026-02-24T21:00:00+01:00,174.32
2026-02-24T21:15:00+01:00,216.64
2026-02-24T21:30:00+01:00,211.52
2026-02-24T21:45:00+01:00,187.36
2026-02-24T22:00:00+01:00,164.08
2026-02-24T22:15:00+01:00,149.12
2026-02-24T22:30:00+01:00,169.76
2026-02-24T22:45:00+01:00,140.24
2026-02-24T23:00:00+01:00,152.32
2026-02-24T23:15:00+01:00,160.16
2026-02-24T23:30:00+01:00,143.36
2026-02-24T23:45:00+01:00,130.0
2026-02-25T00:00:00+01:00,182.4
2026-02-25T00:15:00+01:00,160.16
2026-02-25T00:30:00+01:00,156.08
2026-02-25T00:45:00+01:00,167.36
2026-02-25T01:00:00+01:00,177.92
2026-02-25T01:15:00+01:00,177.28
2026-02-25T01:30:00+01:00,195.36
2026-02-25T01:45:00+01:00,180.16
2026-02-25T02:00:00+01:00,188.72
2026-02-25T02:15:00+01:00,189.36
2026-02-25T02:30:00+01:00,184.72
2026-02-25T02:45:00+01:00,171.68
2026-02-25T03:00:00+01:00,157.76
2026-02-25T03:15:00+01:00,174.96
2026-02-25T03:30:00+01:00,188.72
2026-02-25T03:45:00+01:00,159.2
2026-02-25T04:00:00+01:00,148.56
2026-02-25T04:15:00+01:00,176.64
2026-02-25T04:30:00+01:00,173.92
2026-02-25T04:45:00+01:00,162.48
2026-02-25T05:00:00+01:00,162.56
2026-02-25T05:15:00+01:00,196.0
2026-02-25T05:30:00+01:00,175.76
2026-02-25T05:45:00+01:00,193.68
2026-02-25T06:00:00+01:00,187.6
2026-02-25T06:15:00+01:00,208.8
2026-02-25T06:30:00+01:00,225.84
2026-02-25T06:45:00+01:00,233.2
2026-02-25T07:00:00+01:00,247.52
2026-02-25T07:15:00+01:00,221.6
2026-02-25T07:30:00+01:00,212.08
2026-02-25T07:45:00+01:00,177.44
2026-02-25T08:00:00+01:00,162.96
2026-02-25T08:15:00+01:00,236.0
2026-02-25T08:30:00+01:00,227.12
2026-02-25T08:45:00+01:00,175.6
2026-02-25T09:00:00+01:00,113.44
2026-02-25T09:15:00+01:00,65.2
2026-02-25T09:30:00+01:00,19.2
2026-02-25T09:45:00+01:00,3.84
2026-02-25T10:00:00+01:00,1.04
2026-02-25T10:15:00+01:00,8.8
2026-02-25T10:30:00+01:00,0.0
2026-02-25T10:45:00+01:00,0.0
2026-02-25T11:00:00+01:00,0.0
2026-02-25T11:15:00+01:00,0.0
2026-02-25T11:30:00+01:00,0.0
2026-02-25T11:45:00+01:00,0.0
2026-02-25T12:00:00+01:00,0.0
2026-02-25T12:15:00+01:00,0.0
2026-02-25T12:30:00+01:00,0.0
2026-02-25T12:45:00+01:00,0.0
2026-02-25T13:00:00+01:00,0.0
2026-02-25T13:15:00+01:00,0.0
2026-02-25T13:30:00+01:00,0.0
2026-02-25T13:45:00+01:00,0.0
2026-02-25T14:00:00+01:00,0.0
2026-02-25T14:15:00+01:00,0.0
2026-02-25T14:30:00+01:00,0.0
2026-02-25T14:45:00+01:00,0.0
2026-02-25T15:00:00+01:00,0.0
2026-02-25T15:15:00+01:00,0.0
2026-02-25T15:30:00+01:00,0.24
2026-02-25T15:45:00+01:00,4.32
2026-02-25T16:00:00+01:00,8.96
2026-02-25T16:15:00+01:00,69.52
2026-02-25T16:30:00+01:00,103.52
2026-02-25T16:45:00+01:00,143.2
2026-02-25T17:00:00+01:00,152.24
2026-02-25T17:15:00+01:00,183.2
2026-02-25T17:30:00+01:00,167.6
2026-02-25T17:45:00+01:00,180.0
2026-02-25T18:00:00+01:00,208.0
2026-02-25T18:15:00+01:00,175.36
2026-02-25T18:30:00+01:00,176.56
2026-02-25T18:45:00+01:00,189.28
2026-02-25T19:00:00+01:00,194.56
2026-02-25T19:15:00+01:00,210.32
2026-02-25T19:30:00+01:00,180.56
2026-02-25T19:45:00+01:00,148.88
2026-02-25T20:00:00+01:00,164.0
2026-02-25T20:15:00+01:00,213.28
2026-02-25T20:30:00+01:00,179.2
2026-02-25T20:45:00+01:00,177.76
2026-02-25T21:00:00+01:00,200.8
2026-02-25T21:15:00+01:00,195.12
2026-02-25T21:30:00+01:00,189.84
2026-02-25T21:45:00+01:00,184.48
2026-02-25T22:00:00+01:00,164.4
2026-02-25T22:15:00+01:00,174.32
2026-02-25T22:30:00+01:00,188.56
2026-02-25T22:45:00+01:00,199.04
2026-02-25T23:00:00+01:00,202.08
2026-02-25T23:15:00+01:00,172.4
2026-02-25T23:30:00+01:00,148.48
2026-02-25T23:45:00+01:00,158.4
2026-02-26T00:00:00+01:00,153.44
2026-02-26T00:15:00+01:00,141.44
2026-02-26T00:30:00+01:00,136.56
2026-02-26T00:45:00+01:00,176.16
2026-02-26T01:00:00+01:00,145.44
2026-02-26T01:15:00+01:00,157.04
2026-02-26T01:30:00+01:00,162.24
2026-02-26T01:45:00+01:00,168.8
2026-02-26T02:00:00+01:00,171.84
2026-02-26T02:15:00+01:00,152.72
2026-02-26T02:30:00+01:00,166.08
2026-02-26T02:45:00+01:00,148.4
2026-02-26T03:00:00+01:00,154.4
2026-02-26T03:15:00+01:00,139.68
2026-02-26T03:30:00+01:00,156.56
2026-02-26T03:45:00+01:00,153.76
2026-02-26T04:00:00+01:00,176.24
2026-02-26T04:15:00+01:00,171.2
2026-02-26T04:30:00+01:00,178.24
2026-02-26T04:45:00+01:00,195.76
2026-02-26T05:00:00+01:00,200.08
2026-02-26T05:15:00+01:00,171.52
2026-02-26T05:30:00+01:00,172.08
2026-02-26T05:45:00+01:00,191.36
2026-02-26T06:00:00+01:00,196.48
2026-02-26T06:15:00+01:00,178.24
2026-02-26T06:30:00+01:00,209.2
2026-02-26T06:45:00+01:00,243.6
2026-02-26T07:00:00+01:00,217.52
2026-02-26T07:15:00+01:00,231.36
2026-02-26T07:30:00+01:00,208.48
2026-02-26T07:45:00+01:00,192.64
2026-02-26T08:00:00+01:00,206.16
2026-02-26T08:15:00+01:00,201.6
2026-02-26T08:30:00+01:00,191.04
2026-02-26T08:45:00+01:00,165.28
2026-02-26T09:00:00+01:00,140.64
2026-02-26T09:15:00+01:00,103.68
2026-02-26T09:30:00+01:00,84.48
2026-02-26T09:45:00+01:00,10.4
2026-02-26T10:00:00+01:00,0.0
2026-02-26T10:15:00+01:00,0.08
2026-02-26T10:30:00+01:00,2.96
2026-02-26T10:45:00+01:00,0.0
2026-02-26T11:00:00+01:00,0.0
2026-02-26T11:15:00+01:00,0.32
2026-02-26T11:30:00+01:00,0.0
2026-02-26T11:45:00+01:00,0.0
2026-02-26T12:00:00+01:00,0.0
2026-02-26T12:15:00+01:00,0.0
2026-02-26T12:30:00+01:00,0.0
2026-02-26T12:45:00+01:00,0.0
2026-02-26T13:00:00+01:00,0.0
2026-02-26T13:15:00+01:00,0.0
2026-02-26T13:30:00+01:00,0.0
2026-02-26T13:45:00+01:00,0.0
2026-02-26T14:00:00+01:00,26.88
2026-02-26T14:15:00+01:00,76.4
2026-02-26T14:30:00+01:00,6.56
2026-02-26T14:45:00+01:00,0.0
2026-02-26T15:00:00+01:00,58.16
2026-02-26T15:15:00+01:00,9.76
2026-02-26T15:30:00+01:00,1.2
2026-02-26T15:45:00+01:00,40.0
2026-02-26T16:00:00+01:00,24.4
2026-02-26T16:15:00+01:00,65.52
2026-02-26T16:30:00+01:00,86.64
2026-02-26T16:45:00+01:00,114.0
2026-02-26T17:00:00+01:00,135.84
2026-02-26T17:15:00+01:00,190.72
2026-02-26T17:30:00+01:00,180.16
2026-02-26T17:45:00+01:00,201.2
2026-02-26T18:00:00+01:00,190.88
2026-02-26T18:15:00+01:00,179.28
2026-02-26T18:30:00+01:00,150.0
2026-02-26T18:45:00+01:00,162.8
2026-02-26T19:00:00+01:00,207.52
2026-02-26T19:15:00+01:00,186.64
2026-02-26T19:30:00+01:00,184.32
2026-02-26T19:45:00+01:00,178.8
2026-02-26T20:00:00+01:00,194.32
2026-02-26T20:15:00+01:00,201.2
2026-02-26T20:30:00+01:00,200.08
2026-02-26T20:45:00+01:00,200.0
2026-02-26T21:00:00+01:00,212.4
2026-02-26T21:15:00+01:00,202.8
2026-02-26T21:30:00+01:00,179.52
2026-02-26T21:45:00+01:00,170.72
2026-02-26T22:00:00+01:00,161.68
2026-02-26T22:15:00+01:00,157.68
2026-02-26T22:30:00+01:00,174.72
2026-02-26T22:45:00+01:00,170.24
2026-02-26T23:00:00+01:00,177.2
2026-02-26T23:15:00+01:00,150.0
2026-02-26T23:30:00+01:00,145.36
2026-02-26T23:45:00+01:00,170.8
2026-02-27T00:00:00+01:00,151.12
2026-02-27T00:15:00+01:00,168.4
2026-02-27T00:30:00+01:00,203.36
2026-02-27T00:45:00+01:00,174.16
2026-02-27T01:00:00+01:00,168.16
2026-02-27T01:15:00+01:00,202.0
2026-02-27T01:30:00+01:00,191.36
2026-02-27T01:45:00+01:00,152.8
2026-02-27T02:00:00+01:00,138.0
2026-02-27T02:15:00+01:00,130.48
2026-02-27T02:30:00+01:00,132.48
2026-02-27T02:45:00+01:00,154.8
2026-02-27T03:00:00+01:00,181.68
2026-02-27T03:15:00+01:00,153.6
2026-02-27T03:30:00+01:00,164.24
2026-02-27T03:45:00+01:00,173.84
2026-02-27T04:00:00+01:00,172.32
2026-02-27T04:15:00+01:00,176.48
2026-02-27T04:30:00+01:00,161.76
2026-02-27T04:45:00+01:00,187.76
2026-02-27T05:00:00+01:00,204.16
2026-02-27T05:15:00+01:00,172.24
2026-02-27T05:30:00+01:00,146.16
2026-02-27T05:45:00+01:00,196.8
2026-02-27T06:00:00+01:00,188.24
2026-02-27T06:15:00+01:00,195.84
2026-02-27T06:30:00+01:00,225.2
2026-02-27T06:45:00+01:00,214.56
2026-02-27T07:00:00+01:00,222.0
2026-02-27T07:15:00+01:00,231.68
2026-02-27T07:30:00+01:00,257.6
2026-02-27T07:45:00+01:00,222.16
2026-02-27T08:00:00+01:00,231.44
2026-02-27T08:15:00+01:00,229.92
2026-02-27T08:30:00+01:00,222.32
2026-02-27T08:45:00+01:00,172.96
2026-02-27T09:00:00+01:00,91.92
2026-02-27T09:15:00+01:00,38.56
2026-02-27T09:30:00+01:00,0.24
2026-02-27T09:45:00+01:00,0.0
2026-02-27T10:00:00+01:00,0.0
2026-02-27T10:15:00+01:00,0.0
2026-02-27T10:30:00+01:00,0.0
2026-02-27T10:45:00+01:00,0.0
2026-02-27T11:00:00+01:00,0.0
2026-02-27T11:15:00+01:00,0.0
2026-02-27T11:30:00+01:00,0.0
2026-02-27T11:45:00+01:00,0.0
2026-02-27T12:00:00+01:00,0.0
2026-02-27T12:15:00+01:00,0.0
2026-02-27T12:30:00+01:00,0.0
2026-02-27T12:45:00+01:00,0.0
2026-02-27T13:00:00+01:00,0.0
2026-02-27T13:15:00+01:00,0.0
2026-02-27T13:30:00+01:00,0.0
2026-02-27T13:45:00+01:00,0.0
2026-02-27T14:00:00+01:00,0.0
2026-02-27T14:15:00+01:00,0.0
2026-02-27T14:30:00+01:00,0.0
2026-02-27T14:45:00+01:00,0.0
2026-02-27T15:00:00+01:00,0.0
2026-02-27T15:15:00+01:00,0.0
2026-02-27T15:30:00+01:00,0.0
2026-02-27T15:45:00+01:00,0.0
2026-02-27T16:00:00+01:00,0.0
2026-02-27T16:15:00+01:00,1.12
2026-02-27T16:30:00+01:00,53.36
2026-02-27T16:45:00+01:00,69.36
2026-02-27T17:00:00+01:00,104.56
2026-02-27T17:15:00+01:00,148.72
2026-02-27T17:30:00+01:00,160.8
2026-02-27T17:45:00+01:00,162.96
2026-02-27T18:00:00+01:00,165.36
2026-02-27T18:15:00+01:00,160.88
2026-02-27T18:30:00+01:00,154.32
2026-02-27T18:45:00+01:00,143.28
2026-02-27T19:00:00+01:00,160.88
2026-02-27T19:15:00+01:00,182.8
2026-02-27T19:30:00+01:00,195.6
2026-02-27T19:45:00+01:00,191.12
2026-02-27T20:00:00+01:00,191.76
2026-02-27T20:15:00+01:00,167.92
2026-02-27T20:30:00+01:00,151.28
2026-02-27T20:45:00+01:00,145.2
2026-02-27T21:00:00+01:00,138.8
2026-02-27T21:15:00+01:00,142.64
2026-02-27T21:30:00+01:00,128.8
2026-02-27T21:45:00+01:00,135.68
2026-02-27T22:00:00+01:00,115.12
2026-02-27T22:15:00+01:00,135.76
2026-02-27T22:30:00+01:00,144.48
2026-02-27T22:45:00+01:00,126.88
2026-02-27T23:00:00+01:00,154.48
2026-02-27T23:15:00+01:00,156.8
2026-02-27T23:30:00+01:00,171.12
2026-02-27T23:45:00+01:00,175.36
2026-02-28T00:00:00+01:00,164.24
2026-02-28T00:15:00+01:00,176.4
2026-02-28T00:30:00+01:00,209.2
2026-02-28T00:45:00+01:00,185.92
2026-02-28T01:00:00+01:00,131.84
2026-02-28T01:15:00+01:00,158.56
2026-02-28T01:30:00+01:00,189.28
2026-02-28T01:45:00+01:00,190.88
2026-02-28T02:00:00+01:00,216.16
2026-02-28T02:15:00+01:00,186.16
2026-02-28T02:30:00+01:00,194.0
2026-02-28T02:45:00+01:00,177.36
2026-02-28T03:00:00+01:00,180.56
2026-02-28T03:15:00+01:00,172.72
2026-02-28T03:30:00+01:00,196.8
2026-02-28T03:45:00+01:00,197.28
2026-02-28T04:00:00+01:00,158.64
2026-02-28T04:15:00+01:00,164.16
2026-02-28T04:30:00+01:00,166.08
2026-02-28T04:45:00+01:00,152.0
2026-02-28T05:00:00+01:00,151.2
2026-02-28T05:15:00+01:00,155.44
2026-02-28T05:30:00+01:00,153.36
2026-02-28T05:45:00+01:00,154.24
2026-02-28T06:00:00+01:00,134.64
2026-02-28T06:15:00+01:00,135.44
2026-02-28T06:30:00+01:00,144.56
2026-02-28T06:45:00+01:00,138.8
2026-02-28T07:00:00+01:00,144.16
2026-02-28T07:15:00+01:00,107.84
2026-02-28T07:30:00+01:00,129.6
2026-02-28T07:45:00+01:00,116.0
2026-02-28T08:00:00+01:00,93.04
2026-02-28T08:15:00+01:00,90.56
2026-02-28T08:30:00+01:00,55.28
2026-02-28T08:45:00+01:00,41.04
2026-02-28T09:00:00+01:00,8.64
2026-02-28T09:15:00+01:00,0.0
2026-02-28T09:30:00+01:00,0.0
2026-02-28T09:45:00+01:00,0.0
2026-02-28T10:00:00+01:00,0.0
2026-02-28T10:15:00+01:00,0.0
2026-02-28T10:30:00+01:00,0.0
2026-02-28T10:45:00+01:00,0.0
2026-02-28T11:00:00+01:00,0.0
2026-02-28T11:15:00+01:00,0.0
2026-02-28T11:30:00+01:00,0.0
2026-02-28T11:45:00+01:00,0.0
2026-02-28T12:00:00+01:00,0.0
2026-02-28T12:15:00+01:00,0.0
2026-02-28T12:30:00+01:00,0.0
2026-02-28T12:45:00+01:00,0.0
2026-02-28T13:00:00+01:00,0.0
2026-02-28T13:15:00+01:00,0.0
2026-02-28T13:30:00+01:00,0.0
2026-02-28T13:45:00+01:00,0.0
2026-02-28T14:00:00+01:00,0.0
2026-02-28T14:15:00+01:00,0.0
2026-02-28T14:30:00+01:00,0.0
2026-02-28T14:45:00+01:00,0.0
2026-02-28T15:00:00+01:00,0.0
2026-02-28T15:15:00+01:00,0.0
2026-02-28T15:30:00+01:00,0.0
2026-02-28T15:45:00+01:00,0.0
2026-02-28T16:00:00+01:00,0.0
2026-02-28T16:15:00+01:00,0.0
2026-02-28T16:30:00+01:00,0.0
2026-02-28T16:45:00+01:00,0.0
2026-02-28T17:00:00+01:00,0.16
2026-02-28T17:15:00+01:00,12.64
2026-02-28T17:30:00+01:00,27.12
2026-02-28T17:45:00+01:00,32.48
2026-02-28T18:00:00+01:00,38.16
2026-02-28T18:15:00+01:00,37.6
2026-02-28T18:30:00+01:00,37.6
2026-02-28T18:45:00+01:00,33.12
2026-02-28T19:00:00+01:00,35.76
2026-02-28T19:15:00+01:00,37.52
2026-02-28T19:30:00+01:00,34.08
2026-02-28T19:45:00+01:00,32.64
2026-02-28T20:00:00+01:00,32.88
2026-02-28T20:15:00+01:00,34.48
2026-02-28T20:30:00+01:00,38.96
2026-02-28T20:45:00+01:00,37.36
2026-02-28T21:00:00+01:00,37.52
2026-02-28T21:15:00+01:00,36.88
2026-02-28T21:30:00+01:00,35.12
2026-02-28T21:45:00+01:00,31.12
2026-02-28T22:00:00+01:00,33.12
2026-02-28T22:15:00+01:00,31.44
2026-02-28T22:30:00+01:00,32.16
2026-02-28T22:45:00+01:00,30.08
2026-02-28T23:00:00+01:00,29.12
2026-02-28T23:15:00+01:00,30.16
2026-02-28T23:30:00+01:00,36.32
2026-02-28T23:45:00+01:00,37.36
2026-03-01T00:00:00+01:00,36.24
2026-03-01T00:15:00+01:00,33.92
2026-03-01T00:30:00+01:00,36.64
2026-03-01T00:45:00+01:00,36.72
2026-03-01T01:00:00+01:00,38.96
2026-03-01T01:15:00+01:00,37.28
2026-03-01T01:30:00+01:00,30.08
2026-03-01T01:45:00+01:00,30.56
2026-03-01T02:00:00+01:00,29.84
2026-03-01T02:15:00+01:00,29.68
2026-03-01T02:30:00+01:00,32.08
2026-03-01T02:45:00+01:00,30.88
2026-03-01T03:00:00+01:00,30.72
2026-03-01T03:15:00+01:00,34.64
2026-03-01T03:30:00+01:00,34.0
2026-03-01T03:45:00+01:00,35.76
2026-03-01T04:00:00+01:00,34.88
2026-03-01T04:15:00+01:00,34.0
2026-03-01T04:30:00+01:00,30.24
2026-03-01T04:45:00+01:00,29.84
2026-03-01T05:00:00+01:00,29.76
2026-03-01T05:15:00+01:00,30.24
2026-03-01T05:30:00+01:00,29.84
2026-03-01T05:45:00+01:00,30.48
2026-03-01T06:00:00+01:00,32.4
2026-03-01T06:15:00+01:00,36.48
2026-03-01T06:30:00+01:00,36.64
2026-03-01T06:45:00+01:00,38.16
2026-03-01T07:00:00+01:00,40.08
2026-03-01T07:15:00+01:00,37.04
2026-03-01T07:30:00+01:00,32.72
2026-03-01T07:45:00+01:00,29.92
2026-03-01T08:00:00+01:00,26.32
2026-03-01T08:15:00+01:00,18.56
2026-03-01T08:30:00+01:00,21.44
2026-03-01T08:45:00+01:00,11.84
2026-03-01T09:00:00+01:00,5.36
2026-03-01T09:15:00+01:00,0.32
2026-03-01T09:30:00+01:00,3.04
2026-03-01T09:45:00+01:00,2.88
2026-03-01T10:00:00+01:00,0.08
2026-03-01T10:15:00+01:00,0.0
2026-03-01T10:30:00+01:00,0.64
2026-03-01T10:45:00+01:00,0.0
2026-03-01T11:00:00+01:00,0.0
2026-03-01T11:15:00+01:00,0.0
2026-03-01T11:30:00+01:00,0.0
2026-03-01T11:45:00+01:00,0.0
2026-03-01T12:00:00+01:00,0.08
2026-03-01T12:15:00+01:00,0.16
2026-03-01T12:30:00+01:00,4.0
2026-03-01T12:45:00+01:00,2.0
2026-03-01T13:00:00+01:00,10.32
2026-03-01T13:15:00+01:00,6.56
2026-03-01T13:30:00+01:00,11.12
2026-03-01T13:45:00+01:00,2.16
2026-03-01T14:00:00+01:00,0.72
2026-03-01T14:15:00+01:00,0.56
2026-03-01T14:30:00+01:00,0.4
2026-03-01T14:45:00+01:00,0.0
2026-03-01T15:00:00+01:00,0.0
2026-03-01T15:15:00+01:00,0.0
2026-03-01T15:30:00+01:00,0.0
2026-03-01T15:45:00+01:00,0.72
2026-03-01T16:00:00+01:00,0.24
2026-03-01T16:15:00+01:00,0.96
2026-03-01T16:30:00+01:00,0.16
2026-03-01T16:45:00+01:00,2.4
2026-03-01T17:00:00+01:00,8.56
2026-03-01T17:15:00+01:00,17.2
2026-03-01T17:30:00+01:00,22.08
2026-03-01T17:45:00+01:00,24.08
2026-03-01T18:00:00+01:00,28.72
2026-03-01T18:15:00+01:00,31.68
2026-03-01T18:30:00+01:00,33.28
2026-03-01T18:45:00+01:00,34.88
2026-03-01T19:00:00+01:00,36.88
2026-03-01T19:15:00+01:00,35.84
2026-03-01T19:30:00+01:00,36.8
2026-03-01T19:45:00+01:00,32.0
2026-03-01T20:00:00+01:00,33.44
2026-03-01T20:15:00+01:00,36.64
2026-03-01T20:30:00+01:00,37.68
2026-03-01T20:45:00+01:00,38.48
2026-03-01T21:00:00+01:00,37.04
2026-03-01T21:15:00+01:00,36.64
2026-03-01T21:30:00+01:00,38.08
2026-03-01T21:45:00+01:00,37.6
2026-03-01T22:00:00+01:00,39.84
2026-03-01T22:15:00+01:00,39.52
2026-03-01T22:30:00+01:00,40.88
2026-03-01T22:45:00+01:00,38.8
2026-03-01T23:00:00+01:00,38.0
2026-03-01T23:15:00+01:00,39.6
2026-03-01T23:30:00+01:00,40.8
2026-03-01T23:45:00+01:00,41.04
2026-03-02T00:00:00+01:00,41.68
2026-03-02T00:15:00+01:00,41.44
2026-03-02T00:30:00+01:00,43.12
2026-03-02T00:45:00+01:00,43.6
2026-03-02T01:00:00+01:00,40.8
2026-03-02T01:15:00+01:00,41.28
2026-03-02T01:30:00+01:00,44.08
2026-03-02T01:45:00+01:00,42.0
2026-03-02T02:00:00+01:00,40.56
2026-03-02T02:15:00+01:00,41.2
2026-03-02T02:30:00+01:00,50.96
2026-03-02T02:45:00+01:00,49.12
2026-03-02T03:00:00+01:00,49.12
2026-03-02T03:15:00+01:00,49.36
2026-03-02T03:30:00+01:00,49.2
2026-03-02T03:45:00+01:00,46.8
2026-03-02T04:00:00+01:00,39.04
2026-03-02T04:15:00+01:00,39.44
2026-03-02T04:30:00+01:00,40.24
2026-03-02T04:45:00+01:00,43.44
2026-03-02T05:00:00+01:00,45.6
2026-03-02T05:15:00+01:00,50.88
2026-03-02T05:30:00+01:00,68.4
2026-03-02T05:45:00+01:00,103.68
2026-03-02T06:00:00+01:00,150.24
2026-03-02T06:15:00+01:00,202.0
2026-03-02T06:30:00+01:00,210.16
2026-03-02T06:45:00+01:00,223.44
2026-03-02T07:00:00+01:00,228.56
2026-03-02T07:15:00+01:00,219.68
2026-03-02T07:30:00+01:00,217.92
2026-03-02T07:45:00+01:00,187.76
2026-03-02T08:00:00+01:00,220.4
2026-03-02T08:15:00+01:00,212.32
2026-03-02T08:30:00+01:00,211.52
2026-03-02T08:45:00+01:00,223.76
2026-03-02T09:00:00+01:00,269.04
2026-03-02T09:15:00+01:00,174.88
2026-03-02T09:30:00+01:00,153.84
2026-03-02T09:45:00+01:00,165.68
2026-03-02T10:00:00+01:00,170.88
2026-03-02T10:15:00+01:00,122.56
2026-03-02T10:30:00+01:00,116.08
2026-03-02T10:45:00+01:00,74.72
2026-03-02T11:00:00+01:00,97.44
2026-03-02T11:15:00+01:00,30.08
2026-03-02T11:30:00+01:00,4.4
2026-03-02T11:45:00+01:00,0.24
2026-03-02T12:00:00+01:00,5.68
2026-03-02T12:15:00+01:00,20.88
2026-03-02T12:30:00+01:00,0.0
2026-03-02T12:45:00+01:00,0.4
2026-03-02T13:00:00+01:00,6.16
2026-03-02T13:15:00+01:00,2.64
2026-03-02T13:30:00+01:00,0.0
2026-03-02T13:45:00+01:00,0.0
2026-03-02T14:00:00+01:00,0.0
2026-03-02T14:15:00+01:00,0.0
2026-03-02T14:30:00+01:00,0.0
2026-03-02T14:45:00+01:00,0.0
2026-03-02T15:00:00+01:00,0.0
2026-03-02T15:15:00+01:00,0.0
2026-03-02T15:30:00+01:00,4.96
2026-03-02T15:45:00+01:00,18.32
2026-03-02T16:00:00+01:00,65.2
2026-03-02T16:15:00+01:00,114.0
2026-03-02T16:30:00+01:00,175.76
2026-03-02T16:45:00+01:00,209.28
2026-03-02T17:00:00+01:00,241.2
2026-03-02T17:15:00+01:00,226.64
2026-03-02T17:30:00+01:00,248.8
2026-03-02T17:45:00+01:00,312.32
2026-03-02T18:00:00+01:00,262.56
2026-03-02T18:15:00+01:00,230.8
2026-03-02T18:30:00+01:00,220.96
2026-03-02T18:45:00+01:00,234.56
2026-03-02T19:00:00+01:00,252.16
2026-03-02T19:15:00+01:00,217.76
2026-03-02T19:30:00+01:00,197.52
2026-03-02T19:45:00+01:00,243.04
2026-03-02T20:00:00+01:00,207.2
2026-03-02T20:15:00+01:00,183.04
2026-03-02T20:30:00+01:00,193.04
2026-03-02T20:45:00+01:00,172.48
2026-03-02T21:00:00+01:00,233.68
2026-03-02T21:15:00+01:00,260.4
2026-03-02T21:30:00+01:00,267.28
2026-03-02T21:45:00+01:00,299.36
2026-03-02T22:00:00+01:00,256.24
2026-03-02T22:15:00+01:00,247.28
2026-03-02T22:30:00+01:00,253.76
2026-03-02T22:45:00+01:00,260.24
2026-03-02T23:00:00+01:00,237.12
2026-03-02T23:15:00+01:00,247.92
2026-03-02T23:30:00+01:00,230.96
2026-03-02T23:45:00+01:00,251.44
2026-03-03T00:00:00+01:00,226.16
2026-03-03T00:15:00+01:00,212.96
2026-03-03T00:30:00+01:00,212.08
2026-03-03T00:45:00+01:00,169.52
2026-03-03T01:00:00+01:00,194.88
2026-03-03T01:15:00+01:00,186.0
2026-03-03T01:30:00+01:00,181.84
2026-03-03T01:45:00+01:00,147.2
2026-03-03T02:00:00+01:00,173.6
2026-03-03T02:15:00+01:00,190.32
2026-03-03T02:30:00+01:00,174.88
2026-03-03T02:45:00+01:00,206.56
2026-03-03T03:00:00+01:00,144.4
2026-03-03T03:15:00+01:00,166.24
2026-03-03T03:30:00+01:00,216.4
2026-03-03T03:45:00+01:00,223.2
2026-03-03T04:00:00+01:00,226.08
2026-03-03T04:15:00+01:00,222.4
2026-03-03T04:30:00+01:00,218.0
2026-03-03T04:45:00+01:00,207.2
2026-03-03T05:00:00+01:00,199.52
2026-03-03T05:15:00+01:00,218.8
2026-03-03T05:30:00+01:00,245.84
2026-03-03T05:45:00+01:00,264.56
2026-03-03T06:00:00+01:00,235.76
2026-03-03T06:15:00+01:00,253.28
2026-03-03T06:30:00+01:00,307.76
2026-03-03T06:45:00+01:00,270.16
2026-03-03T07:00:00+01:00,301.76
2026-03-03T07:15:00+01:00,318.24
2026-03-03T07:30:00+01:00,295.44
2026-03-03T07:45:00+01:00,268.0
2026-03-03T08:00:00+01:00,236.56
2026-03-03T08:15:00+01:00,202.56
2026-03-03T08:30:00+01:00,194.32
2026-03-03T08:45:00+01:00,136.56
2026-03-03T09:00:00+01:00,94.0
2026-03-03T09:15:00+01:00,66.4
2026-03-03T09:30:00+01:00,3.2
2026-03-03T09:45:00+01:00,0.0
2026-03-03T10:00:00+01:00,0.56
2026-03-03T10:15:00+01:00,0.0
2026-03-03T10:30:00+01:00,0.0
2026-03-03T10:45:00+01:00,0.0
2026-03-03T11:00:00+01:00,0.0
2026-03-03T11:15:00+01:00,0.0
2026-03-03T11:30:00+01:00,0.0
2026-03-03T11:45:00+01:00,0.0
2026-03-03T12:00:00+01:00,0.0
2026-03-03T12:15:00+01:00,0.0
2026-03-03T12:30:00+01:00,8.32
2026-03-03T12:45:00+01:00,0.0
2026-03-03T13:00:00+01:00,52.24
2026-03-03T13:15:00+01:00,45.68
2026-03-03T13:30:00+01:00,6.96
2026-03-03T13:45:00+01:00,47.92
2026-03-03T14:00:00+01:00,37.36
2026-03-03T14:15:00+01:00,88.64
2026-03-03T14:30:00+01:00,190.8
2026-03-03T14:45:00+01:00,208.48
2026-03-03T15:00:00+01:00,135.76
2026-03-03T15:15:00+01:00,194.32
2026-03-03T15:30:00+01:00,216.16
2026-03-03T15:45:00+01:00,86.72
2026-03-03T16:00:00+01:00,72.16
2026-03-03T16:15:00+01:00,134.56
2026-03-03T16:30:00+01:00,141.76
2026-03-03T16:45:00+01:00,215.2
2026-03-03T17:00:00+01:00,271.44
2026-03-03T17:15:00+01:00,242.24
2026-03-03T17:30:00+01:00,253.76
2026-03-03T17:45:00+01:00,270.88
2026-03-03T18:00:00+01:00,265.28
2026-03-03T18:15:00+01:00,214.48
2026-03-03T18:30:00+01:00,200.48
2026-03-03T18:45:00+01:00,205.76
2026-03-03T19:00:00+01:00,194.8
2026-03-03T19:15:00+01:00,188.0
2026-03-03T19:30:00+01:00,192.4
2026-03-03T19:45:00+01:00,221.76
2026-03-03T20:00:00+01:00,202.48
2026-03-03T20:15:00+01:00,181.76
2026-03-03T20:30:00+01:00,235.68
2026-03-03T20:45:00+01:00,222.08
2026-03-03T21:00:00+01:00,237.52
2026-03-03T21:15:00+01:00,228.0
2026-03-03T21:30:00+01:00,196.56
2026-03-03T21:45:00+01:00,281.12
2026-03-03T22:00:00+01:00,196.72
2026-03-03T22:15:00+01:00,149.52
2026-03-03T22:30:00+01:00,158.08
2026-03-03T22:45:00+01:00,182.8
2026-03-03T23:00:00+01:00,170.0
2026-03-03T23:15:00+01:00,204.4
2026-03-03T23:30:00+01:00,169.84
2026-03-03T23:45:00+01:00,187.36
2026-03-04T00:00:00+01:00,161.44
2026-03-04T00:15:00+01:00,218.16
2026-03-04T00:30:00+01:00,214.32
2026-03-04T00:45:00+01:00,202.56
2026-03-04T01:00:00+01:00,143.84
2026-03-04T01:15:00+01:00,168.72
2026-03-04T01:30:00+01:00,221.36
2026-03-04T01:45:00+01:00,206.56
2026-03-04T02:00:00+01:00,237.6
2026-03-04T02:15:00+01:00,239.36
2026-03-04T02:30:00+01:00,206.8
2026-03-04T02:45:00+01:00,223.92
2026-03-04T03:00:00+01:00,242.8
2026-03-04T03:15:00+01:00,256.24
2026-03-04T03:30:00+01:00,215.76
2026-03-04T03:45:00+01:00,222.08
2026-03-04T04:00:00+01:00,220.16
2026-03-04T04:15:00+01:00,246.4
2026-03-04T04:30:00+01:00,254.16
2026-03-04T04:45:00+01:00,243.6
2026-03-04T05:00:00+01:00,248.24
2026-03-04T05:15:00+01:00,239.12
2026-03-04T05:30:00+01:00,236.48
2026-03-04T05:45:00+01:00,243.28
2026-03-04T06:00:00+01:00,216.08
2026-03-04T06:15:00+01:00,235.12
2026-03-04T06:30:00+01:00,232.32
2026-03-04T06:45:00+01:00,244.24
2026-03-04T07:00:00+01:00,226.56
2026-03-04T07:15:00+01:00,237.76
2026-03-04T07:30:00+01:00,229.28
2026-03-04T07:45:00+01:00,238.72
2026-03-04T08:00:00+01:00,238.64
2026-03-04T08:15:00+01:00,241.2
2026-03-04T08:30:00+01:00,253.92
2026-03-04T08:45:00+01:00,183.84
2026-03-04T09:00:00+01:00,185.44
2026-03-04T09:15:00+01:00,215.28
2026-03-04T09:30:00+01:00,180.8
2026-03-04T09:45:00+01:00,183.04
2026-03-04T10:00:00+01:00,139.12
2026-03-04T10:15:00+01:00,70.24
2026-03-04T10:30:00+01:00,65.84
2026-03-04T10:45:00+01:00,56.16
2026-03-04T11:00:00+01:00,58.72
2026-03-04T11:15:00+01:00,18.88
2026-03-04T11:30:00+01:00,0.0
2026-03-04T11:45:00+01:00,0.0
2026-03-04T12:00:00+01:00,0.0
2026-03-04T12:15:00+01:00,0.0
2026-03-04T12:30:00+01:00,0.0
2026-03-04T12:45:00+01:00,0.0
2026-03-04T13:00:00+01:00,0.0
2026-03-04T13:15:00+01:00,0.0
2026-03-04T13:30:00+01:00,0.0
2026-03-04T13:45:00+01:00,0.0
2026-03-04T14:00:00+01:00,0.0
2026-03-04T14:15:00+01:00,0.0
2026-03-04T14:30:00+01:00,0.0
2026-03-04T14:45:00+01:00,0.24
2026-03-04T15:00:00+01:00,0.0
2026-03-04T15:15:00+01:00,0.0
2026-03-04T15:30:00+01:00,0.0
2026-03-04T15:45:00+01:00,7.04
2026-03-04T16:00:00+01:00,55.68
2026-03-04T16:15:00+01:00,58.8
2026-03-04T16:30:00+01:00,158.96
2026-03-04T16:45:00+01:00,228.16
2026-03-04T17:00:00+01:00,234.64
2026-03-04T17:15:00+01:00,209.2
2026-03-04T17:30:00+01:00,158.16
2026-03-04T17:45:00+01:00,165.04
2026-03-04T18:00:00+01:00,169.6
2026-03-04T18:15:00+01:00,196.64
2026-03-04T18:30:00+01:00,214.16
2026-03-04T18:45:00+01:00,250.0
2026-03-04T19:00:00+01:00,223.84
2026-03-04T19:15:00+01:00,224.88
2026-03-04T19:30:00+01:00,205.2
2026-03-04T19:45:00+01:00,189.52
2026-03-04T20:00:00+01:00,229.84
2026-03-04T20:15:00+01:00,260.16
2026-03-04T20:30:00+01:00,213.6
2026-03-04T20:45:00+01:00,256.8
2026-03-04T21:00:00+01:00,278.24
2026-03-04T21:15:00+01:00,206.0
2026-03-04T21:30:00+01:00,187.28
2026-03-04T21:45:00+01:00,183.76
2026-03-04T22:00:00+01:00,247.76
2026-03-04T22:15:00+01:00,246.88
2026-03-04T22:30:00+01:00,257.68
2026-03-04T22:45:00+01:00,240.24
2026-03-04T23:00:00+01:00,242.16
2026-03-04T23:15:00+01:00,229.36
2026-03-04T23:30:00+01:00,244.96
2026-03-04T23:45:00+01:00,235.2
2026-03-05T00:00:00+01:00,185.28
2026-03-05T00:15:00+01:00,183.76
2026-03-05T00:30:00+01:00,186.48
2026-03-05T00:45:00+01:00,146.72
2026-03-05T01:00:00+01:00,161.84
2026-03-05T01:15:00+01:00,175.6
2026-03-05T01:30:00+01:00,175.68
2026-03-05T01:45:00+01:00,207.04
2026-03-05T02:00:00+01:00,162.8
2026-03-05T02:15:00+01:00,175.12
2026-03-05T02:30:00+01:00,197.28
2026-03-05T02:45:00+01:00,227.68
2026-03-05T03:00:00+01:00,203.52
2026-03-05T03:15:00+01:00,228.0
2026-03-05T03:30:00+01:00,196.56
2026-03-05T03:45:00+01:00,216.4
2026-03-05T04:00:00+01:00,182.72
2026-03-05T04:15:00+01:00,200.4
2026-03-05T04:30:00+01:00,240.8
2026-03-05T04:45:00+01:00,223.36
2026-03-05T05:00:00+01:00,192.16
2026-03-05T05:15:00+01:00,193.52
2026-03-05T05:30:00+01:00,184.08
2026-03-05T05:45:00+01:00,219.28
2026-03-05T06:00:00+01:00,175.04
2026-03-05T06:15:00+01:00,213.6
2026-03-05T06:30:00+01:00,226.24
2026-03-05T06:45:00+01:00,244.96
2026-03-05T07:00:00+01:00,280.72
2026-03-05T07:15:00+01:00,225.92
2026-03-05T07:30:00+01:00,223.12
2026-03-05T07:45:00+01:00,237.28
2026-03-05T08:00:00+01:00,222.32
2026-03-05T08:15:00+01:00,233.28
2026-03-05T08:30:00+01:00,194.08
2026-03-05T08:45:00+01:00,218.32
2026-03-05T09:00:00+01:00,163.84
2026-03-05T09:15:00+01:00,145.04
2026-03-05T09:30:00+01:00,99.68
2026-03-05T09:45:00+01:00,127.52
2026-03-05T10:00:00+01:00,166.16
2026-03-05T10:15:00+01:00,114.88
2026-03-05T10:30:00+01:00,7.76
2026-03-05T10:45:00+01:00,0.0
2026-03-05T11:00:00+01:00,0.0
2026-03-05T11:15:00+01:00,0.0
2026-03-05T11:30:00+01:00,0.0
2026-03-05T11:45:00+01:00,0.0
2026-03-05T12:00:00+01:00,0.0
2026-03-05T12:15:00+01:00,0.0
2026-03-05T12:30:00+01:00,0.0
2026-03-05T12:45:00+01:00,0.0
2026-03-05T13:00:00+01:00,0.0
2026-03-05T13:15:00+01:00,0.0
2026-03-05T13:30:00+01:00,0.0
2026-03-05T13:45:00+01:00,0.0
2026-03-05T14:00:00+01:00,0.0
2026-03-05T14:15:00+01:00,0.0
2026-03-05T14:30:00+01:00,0.0
2026-03-05T14:45:00+01:00,0.0
2026-03-05T15:00:00+01:00,0.0
2026-03-05T15:15:00+01:00,7.12
2026-03-05T15:30:00+01:00,3.6
2026-03-05T15:45:00+01:00,0.0
2026-03-05T16:00:00+01:00,40.0
2026-03-05T16:15:00+01:00,46.48
2026-03-05T16:30:00+01:00,103.04
2026-03-05T16:45:00+01:00,105.44
2026-03-05T17:00:00+01:00,206.88
2026-03-05T17:15:00+01:00,250.72
2026-03-05T17:30:00+01:00,204.16
2026-03-05T17:45:00+01:00,210.0
2026-03-05T18:00:00+01:00,216.72
2026-03-05T18:15:00+01:00,215.84
2026-03-05T18:30:00+01:00,248.72
2026-03-05T18:45:00+01:00,251.28
2026-03-05T19:00:00+01:00,252.0
2026-03-05T19:15:00+01:00,253.36
2026-03-05T19:30:00+01:00,269.84
2026-03-05T19:45:00+01:00,268.48
2026-03-05T20:00:00+01:00,282.96
2026-03-05T20:15:00+01:00,286.8
2026-03-05T20:30:00+01:00,297.76
2026-03-05T20:45:00+01:00,303.6
2026-03-05T21:00:00+01:00,285.12
2026-03-05T21:15:00+01:00,284.4
2026-03-05T21:30:00+01:00,278.48
2026-03-05T21:45:00+01:00,264.88
2026-03-05T22:00:00+01:00,236.08
2026-03-05T22:15:00+01:00,228.24
2026-03-05T22:30:00+01:00,242.32
2026-03-05T22:45:00+01:00,262.88
2026-03-05T23:00:00+01:00,258.56
2026-03-05T23:15:00+01:00,250.4
2026-03-05T23:30:00+01:00,234.8
2026-03-05T23:45:00+01:00,230.24
2026-03-06T00:00:00+01:00,254.48
2026-03-06T00:15:00+01:00,270.56
2026-03-06T00:30:00+01:00,245.28
2026-03-06T00:45:00+01:00,207.76
2026-03-06T01:00:00+01:00,191.04
2026-03-06T01:15:00+01:00,179.6
2026-03-06T01:30:00+01:00,195.2
2026-03-06T01:45:00+01:00,193.12
2026-03-06T02:00:00+01:00,192.8
2026-03-06T02:15:00+01:00,193.68
2026-03-06T02:30:00+01:00,180.8
2026-03-06T02:45:00+01:00,257.36
2026-03-06T03:00:00+01:00,208.96
2026-03-06T03:15:00+01:00,219.44
2026-03-06T03:30:00+01:00,167.12
2026-03-06T03:45:00+01:00,218.64
2026-03-06T04:00:00+01:00,199.12
2026-03-06T04:15:00+01:00,174.16
2026-03-06T04:30:00+01:00,165.12
2026-03-06T04:45:00+01:00,227.6
2026-03-06T05:00:00+01:00,268.56
2026-03-06T05:15:00+01:00,195.52
2026-03-06T05:30:00+01:00,194.64
2026-03-06T05:45:00+01:00,192.0
2026-03-06T06:00:00+01:00,212.08
2026-03-06T06:15:00+01:00,248.4
2026-03-06T06:30:00+01:00,296.8
2026-03-06T06:45:00+01:00,305.28
2026-03-06T07:00:00+01:00,296.96
2026-03-06T07:15:00+01:00,271.92
2026-03-06T07:30:00+01:00,294.48
2026-03-06T07:45:00+01:00,281.2
2026-03-06T08:00:00+01:00,261.52
2026-03-06T08:15:00+01:00,254.96
2026-03-06T08:30:00+01:00,186.48
2026-03-06T08:45:00+01:00,170.96
2026-03-06T09:00:00+01:00,108.72
2026-03-06T09:15:00+01:00,56.88
2026-03-06T09:30:00+01:00,8.72
2026-03-06T09:45:00+01:00,0.96
2026-03-06T10:00:00+01:00,0.16
2026-03-06T10:15:00+01:00,0.0
2026-03-06T10:30:00+01:00,0.0
2026-03-06T10:45:00+01:00,0.0
2026-03-06T11:00:00+01:00,0.0
2026-03-06T11:15:00+01:00,0.0
2026-03-06T11:30:00+01:00,0.0
2026-03-06T11:45:00+01:00,0.0
2026-03-06T12:00:00+01:00,0.0
2026-03-06T12:15:00+01:00,0.0
2026-03-06T12:30:00+01:00,0.0
2026-03-06T12:45:00+01:00,0.0
2026-03-06T13:00:00+01:00,0.0
2026-03-06T13:15:00+01:00,0.0
2026-03-06T13:30:00+01:00,0.0
2026-03-06T13:45:00+01:00,0.0
2026-03-06T14:00:00+01:00,0.0
2026-03-06T14:15:00+01:00,0.0
2026-03-06T14:30:00+01:00,0.0
2026-03-06T14:45:00+01:00,0.0
2026-03-06T15:00:00+01:00,0.0
2026-03-06T15:15:00+01:00,0.0
2026-03-06T15:30:00+01:00,0.0
2026-03-06T15:45:00+01:00,0.0
2026-03-06T16:00:00+01:00,0.0
2026-03-06T16:15:00+01:00,1.12
2026-03-06T16:30:00+01:00,28.96
2026-03-06T16:45:00+01:00,51.28
2026-03-06T17:00:00+01:00,91.2
2026-03-06T17:15:00+01:00,143.52
2026-03-06T17:30:00+01:00,139.92
2026-03-06T17:45:00+01:00,127.36
2026-03-06T18:00:00+01:00,147.92
2026-03-06T18:15:00+01:00,166.24
2026-03-06T18:30:00+01:00,176.0
2026-03-06T18:45:00+01:00,165.44
2026-03-06T19:00:00+01:00,160.24
2026-03-06T19:15:00+01:00,150.64
2026-03-06T19:30:00+01:00,170.96
2026-03-06T19:45:00+01:00,174.4
2026-03-06T20:00:00+01:00,165.28
2026-03-06T20:15:00+01:00,179.12
2026-03-06T20:30:00+01:00,142.0
2026-03-06T20:45:00+01:00,146.08
2026-03-06T21:00:00+01:00,171.2
2026-03-06T21:15:00+01:00,178.16
2026-03-06T21:30:00+01:00,179.44
2026-03-06T21:45:00+01:00,187.52
2026-03-06T22:00:00+01:00,168.24
2026-03-06T22:15:00+01:00,159.44
2026-03-06T22:30:00+01:00,173.2
2026-03-06T22:45:00+01:00,185.12
2026-03-06T23:00:00+01:00,188.72
2026-03-06T23:15:00+01:00,173.36
2026-03-06T23:30:00+01:00,177.6
2026-03-06T23:45:00+01:00,180.56
2026-03-07T00:00:00+01:00,167.52
2026-03-07T00:15:00+01:00,149.12
2026-03-07T00:30:00+01:00,144.64
2026-03-07T00:45:00+01:00,136.8
2026-03-07T01:00:00+01:00,140.32
2026-03-07T01:15:00+01:00,157.68
2026-03-07T01:30:00+01:00,158.56
2026-03-07T01:45:00+01:00,154.72
2026-03-07T02:00:00+01:00,150.56
2026-03-07T02:15:00+01:00,148.64
2026-03-07T02:30:00+01:00,143.28
2026-03-07T02:45:00+01:00,122.48
2026-03-07T03:00:00+01:00,155.84
2026-03-07T03:15:00+01:00,157.28
2026-03-07T03:30:00+01:00,165.28
2026-03-07T03:45:00+01:00,159.36
2026-03-07T04:00:00+01:00,163.12
2026-03-07T04:15:00+01:00,165.28
2026-03-07T04:30:00+01:00,164.56
2026-03-07T04:45:00+01:00,156.72
2026-03-07T05:00:00+01:00,157.36
2026-03-07T05:15:00+01:00,161.36
2026-03-07T05:30:00+01:00,162.16
2026-03-07T05:45:00+01:00,161.76
2026-03-07T06:00:00+01:00,164.08
2026-03-07T06:15:00+01:00,140.32
2026-03-07T06:30:00+01:00,132.88
2026-03-07T06:45:00+01:00,134.24
2026-03-07T07:00:00+01:00,116.4
2026-03-07T07:15:00+01:00,97.28
2026-03-07T07:30:00+01:00,86.32
2026-03-07T07:45:00+01:00,73.44
2026-03-07T08:00:00+01:00,61.6
2026-03-07T08:15:00+01:00,57.6
2026-03-07T08:30:00+01:00,12.4
2026-03-07T08:45:00+01:00,0.64
2026-03-07T09:00:00+01:00,0.0
2026-03-07T09:15:00+01:00,0.0
2026-03-07T09:30:00+01:00,0.0
2026-03-07T09:45:00+01:00,0.0
2026-03-07T10:00:00+01:00,0.0
2026-03-07T10:15:00+01:00,0.0
2026-03-07T10:30:00+01:00,0.0
2026-03-07T10:45:00+01:00,0.0
2026-03-07T11:00:00+01:00,0.0
2026-03-07T11:15:00+01:00,0.0
2026-03-07T11:30:00+01:00,0.0
2026-03-07T11:45:00+01:00,0.0
2026-03-07T12:00:00+01:00,0.0
2026-03-07T12:15:00+01:00,0.0
2026-03-07T12:30:00+01:00,0.0
2026-03-07T12:45:00+01:00,0.0
2026-03-07T13:00:00+01:00,0.0
2026-03-07T13:15:00+01:00,0.0
2026-03-07T13:30:00+01:00,0.0
2026-03-07T13:45:00+01:00,0.0
2026-03-07T14:00:00+01:00,0.0
2026-03-07T14:15:00+01:00,0.0
2026-03-07T14:30:00+01:00,0.0
2026-03-07T14:45:00+01:00,0.0
2026-03-07T15:00:00+01:00,0.0
2026-03-07T15:15:00+01:00,0.0
2026-03-07T15:30:00+01:00,0.0
2026-03-07T15:45:00+01:00,0.0
2026-03-07T16:00:00+01:00,0.0
2026-03-07T16:15:00+01:00,0.0
2026-03-07T16:30:00+01:00,0.0
2026-03-07T16:45:00+01:00,0.0
2026-03-07T17:00:00+01:00,0.0
2026-03-07T17:15:00+01:00,0.64
2026-03-07T17:30:00+01:00,3.28
2026-03-07T17:45:00+01:00,12.72
2026-03-07T18:00:00+01:00,25.44
2026-03-07T18:15:00+01:00,33.44
2026-03-07T18:30:00+01:00,36.88
2026-03-07T18:45:00+01:00,34.16
2026-03-07T19:00:00+01:00,33.12
2026-03-07T19:15:00+01:00,36.56
2026-03-07T19:30:00+01:00,39.44
2026-03-07T19:45:00+01:00,41.36
2026-03-07T20:00:00+01:00,41.04
2026-03-07T20:15:00+01:00,39.52
2026-03-07T20:30:00+01:00,38.0
2026-03-07T20:45:00+01:00,39.68
2026-03-07T21:00:00+01:00,40.0
2026-03-07T21:15:00+01:00,40.72
2026-03-07T21:30:00+01:00,41.12
2026-03-07T21:45:00+01:00,38.96
2026-03-07T22:00:00+01:00,40.32
2026-03-07T22:15:00+01:00,39.28
2026-03-07T22:30:00+01:00,38.72
2026-03-07T22:45:00+01:00,38.56
2026-03-07T23:00:00+01:00,37.84
2026-03-07T23:15:00+01:00,38.88
2026-03-07T23:30:00+01:00,40.8
2026-03-07T23:45:00+01:00,40.88
2026-03-08T00:00:00+01:00,39.68
2026-03-08T00:15:00+01:00,39.36
2026-03-08T00:30:00+01:00,38.32
2026-03-08T00:45:00+01:00,38.48
2026-03-08T01:00:00+01:00,38.8
2026-03-08T01:15:00+01:00,38.88
2026-03-08T01:30:00+01:00,38.64
2026-03-08T01:45:00+01:00,40.24
2026-03-08T02:00:00+01:00,41.28
2026-03-08T02:15:00+01:00,38.08
2026-03-08T02:30:00+01:00,35.68
2026-03-08T02:45:00+01:00,35.84
2026-03-08T03:00:00+01:00,35.44
2026-03-08T03:15:00+01:00,35.28
2026-03-08T03:30:00+01:00,38.16
2026-03-08T03:45:00+01:00,37.36
2026-03-08T04:00:00+01:00,35.44
2026-03-08T04:15:00+01:00,35.84
2026-03-08T04:30:00+01:00,36.4
2026-03-08T04:45:00+01:00,34.96
2026-03-08T05:00:00+01:00,36.32
2026-03-08T05:15:00+01:00,37.04
2026-03-08T05:30:00+01:00,35.84
2026-03-08T05:45:00+01:00,35.76
2026-03-08T06:00:00+01:00,38.4
2026-03-08T06:15:00+01:00,38.08
2026-03-08T06:30:00+01:00,37.28
2026-03-08T06:45:00+01:00,32.88
2026-03-08T07:00:00+01:00,25.44
2026-03-08T07:15:00+01:00,15.68
2026-03-08T07:30:00+01:00,2.8
2026-03-08T07:45:00+01:00,0.0
2026-03-08T08:00:00+01:00,0.0
2026-03-08T08:15:00+01:00,0.0
2026-03-08T08:30:00+01:00,0.0
2026-03-08T08:45:00+01:00,0.0
2026-03-08T09:00:00+01:00,0.0
2026-03-08T09:15:00+01:00,0.0
2026-03-08T09:30:00+01:00,0.0
2026-03-08T09:45:00+01:00,0.0
2026-03-08T10:00:00+01:00,0.0
2026-03-08T10:15:00+01:00,0.0
2026-03-08T10:30:00+01:00,0.0
2026-03-08T10:45:00+01:00,0.0
2026-03-08T11:00:00+01:00,0.0
2026-03-08T11:15:00+01:00,0.0
2026-03-08T11:30:00+01:00,0.0
2026-03-08T11:45:00+01:00,0.0
2026-03-08T12:00:00+01:00,0.0
2026-03-08T12:15:00+01:00,0.0
2026-03-08T12:30:00+01:00,0.0
2026-03-08T12:45:00+01:00,0.0
2026-03-08T13:00:00+01:00,0.0
2026-03-08T13:15:00+01:00,0.0
2026-03-08T13:30:00+01:00,0.0
2026-03-08T13:45:00+01:00,0.0
2026-03-08T14:00:00+01:00,0.0
2026-03-08T14:15:00+01:00,0.0
2026-03-08T14:30:00+01:00,0.0
2026-03-08T14:45:00+01:00,0.0
2026-03-08T15:00:00+01:00,0.0
2026-03-08T15:15:00+01:00,0.0
2026-03-08T15:30:00+01:00,0.0
2026-03-08T15:45:00+01:00,0.0
2026-03-08T16:00:00+01:00,0.0
2026-03-08T16:15:00+01:00,0.0
2026-03-08T16:30:00+01:00,0.0
2026-03-08T16:45:00+01:00,0.0
2026-03-08T17:00:00+01:00,0.0
2026-03-08T17:15:00+01:00,0.32
2026-03-08T17:30:00+01:00,2.4
2026-03-08T17:45:00+01:00,16.96
2026-03-08T18:00:00+01:00,31.84
2026-03-08T18:15:00+01:00,38.32
2026-03-08T18:30:00+01:00,37.04
2026-03-08T18:45:00+01:00,32.88
2026-03-08T19:00:00+01:00,33.76
2026-03-08T19:15:00+01:00,33.6
2026-03-08T19:30:00+01:00,34.08
2026-03-08T19:45:00+01:00,37.12
2026-03-08T20:00:00+01:00,40.96
2026-03-08T20:15:00+01:00,38.88
2026-03-08T20:30:00+01:00,44.32
2026-03-08T20:45:00+01:00,44.72
2026-03-08T21:00:00+01:00,45.6
2026-03-08T21:15:00+01:00,44.72
2026-03-08T21:30:00+01:00,44.24
2026-03-08T21:45:00+01:00,42.96
2026-03-08T22:00:00+01:00,40.72
2026-03-08T22:15:00+01:00,40.48
2026-03-08T22:30:00+01:00,39.84
2026-03-08T22:45:00+01:00,39.04
2026-03-08T23:00:00+01:00,39.04
2026-03-08T23:15:00+01:00,41.6
2026-03-08T23:30:00+01:00,39.44
2026-03-08T23:45:00+01:00,41.84
2026-03-09T00:00:00+01:00,45.12
2026-03-09T00:15:00+01:00,43.92
2026-03-09T00:30:00+01:00,43.28
2026-03-09T00:45:00+01:00,43.28
2026-03-09T01:00:00+01:00,43.76
2026-03-09T01:15:00+01:00,44.16
2026-03-09T01:30:00+01:00,43.52
2026-03-09T01:45:00+01:00,45.28
2026-03-09T02:00:00+01:00,46.4
2026-03-09T02:15:00+01:00,44.24
2026-03-09T02:30:00+01:00,44.72
2026-03-09T02:45:00+01:00,40.56
2026-03-09T03:00:00+01:00,40.24
2026-03-09T03:15:00+01:00,41.76
2026-03-09T03:30:00+01:00,39.2
2026-03-09T03:45:00+01:00,41.04
2026-03-09T04:00:00+01:00,39.6
2026-03-09T04:15:00+01:00,40.0
2026-03-09T04:30:00+01:00,43.84
2026-03-09T04:45:00+01:00,51.12
2026-03-09T05:00:00+01:00,50.8
2026-03-09T05:15:00+01:00,65.28
2026-03-09T05:30:00+01:00,85.44
2026-03-09T05:45:00+01:00,101.04
2026-03-09T06:00:00+01:00,129.44
2026-03-09T06:15:00+01:00,157.28
2026-03-09T06:30:00+01:00,171.68
2026-03-09T06:45:00+01:00,194.24
2026-03-09T07:00:00+01:00,196.88
2026-03-09T07:15:00+01:00,203.44
2026-03-09T07:30:00+01:00,203.12
2026-03-09T07:45:00+01:00,143.76
2026-03-09T08:00:00+01:00,131.12
2026-03-09T08:15:00+01:00,148.32
2026-03-09T08:30:00+01:00,157.36
2026-03-09T08:45:00+01:00,151.92
2026-03-09T09:00:00+01:00,95.52
2026-03-09T09:15:00+01:00,87.36
2026-03-09T09:30:00+01:00,64.88
2026-03-09T09:45:00+01:00,67.6
2026-03-09T10:00:00+01:00,8.88
2026-03-09T10:15:00+01:00,0.48
2026-03-09T10:30:00+01:00,0.0
2026-03-09T10:45:00+01:00,2.0
2026-03-09T11:00:00+01:00,0.0
2026-03-09T11:15:00+01:00,0.4
2026-03-09T11:30:00+01:00,0.32
2026-03-09T11:45:00+01:00,0.0
2026-03-09T12:00:00+01:00,0.0
2026-03-09T12:15:00+01:00,0.0
2026-03-09T12:30:00+01:00,0.0
2026-03-09T12:45:00+01:00,0.0
2026-03-09T13:00:00+01:00,0.32
2026-03-09T13:15:00+01:00,9.44
2026-03-09T13:30:00+01:00,9.52
2026-03-09T13:45:00+01:00,24.72
2026-03-09T14:00:00+01:00,16.16
2026-03-09T14:15:00+01:00,15.36
2026-03-09T14:30:00+01:00,8.56
2026-03-09T14:45:00+01:00,61.84
2026-03-09T15:00:00+01:00,74.88
2026-03-09T15:15:00+01:00,85.68
2026-03-09T15:30:00+01:00,84.88
2026-03-09T15:45:00+01:00,119.84
2026-03-09T16:00:00+01:00,132.4
2026-03-09T16:15:00+01:00,160.48
2026-03-09T16:30:00+01:00,159.12
2026-03-09T16:45:00+01:00,192.0
2026-03-09T17:00:00+01:00,219.04
2026-03-09T17:15:00+01:00,184.24
2026-03-09T17:30:00+01:00,191.52
2026-03-09T17:45:00+01:00,198.72
2026-03-09T18:00:00+01:00,183.68
2026-03-09T18:15:00+01:00,178.16
2026-03-09T18:30:00+01:00,211.04
2026-03-09T18:45:00+01:00,158.16
2026-03-09T19:00:00+01:00,168.8
2026-03-09T19:15:00+01:00,180.4
2026-03-09T19:30:00+01:00,160.08
2026-03-09T19:45:00+01:00,212.72
2026-03-09T20:00:00+01:00,163.6
2026-03-09T20:15:00+01:00,147.6
2026-03-09T20:30:00+01:00,231.84
2026-03-09T20:45:00+01:00,223.2
2026-03-09T21:00:00+01:00,202.96
2026-03-09T21:15:00+01:00,239.84
2026-03-09T21:30:00+01:00,176.56
2026-03-09T21:45:00+01:00,229.36
2026-03-09T22:00:00+01:00,219.52
2026-03-09T22:15:00+01:00,216.32
2026-03-09T22:30:00+01:00,186.96
2026-03-09T22:45:00+01:00,163.28
2026-03-09T23:00:00+01:00,211.52
2026-03-09T23:15:00+01:00,233.44
2026-03-09T23:30:00+01:00,251.6
2026-03-09T23:45:00+01:00,238.96
2026-03-10T00:00:00+01:00,206.16
2026-03-10T00:15:00+01:00,231.92
2026-03-10T00:30:00+01:00,221.6
2026-03-10T00:45:00+01:00,236.24
2026-03-10T01:00:00+01:00,228.16
2026-03-10T01:15:00+01:00,271.12
2026-03-10T01:30:00+01:00,238.16
2026-03-10T01:45:00+01:00,223.68
2026-03-10T02:00:00+01:00,229.6
2026-03-10T02:15:00+01:00,243.2
2026-03-10T02:30:00+01:00,263.84
2026-03-10T02:45:00+01:00,254.64
2026-03-10T03:00:00+01:00,194.48
2026-03-10T03:15:00+01:00,223.12
2026-03-10T03:30:00+01:00,207.44
2026-03-10T03:45:00+01:00,221.36
2026-03-10T04:00:00+01:00,225.84
2026-03-10T04:15:00+01:00,241.28
2026-03-10T04:30:00+01:00,237.04
2026-03-10T04:45:00+01:00,196.72
2026-03-10T05:00:00+01:00,157.84
2026-03-10T05:15:00+01:00,158.72
2026-03-10T05:30:00+01:00,180.08
2026-03-10T05:45:00+01:00,176.4
2026-03-10T06:00:00+01:00,168.16
2026-03-10T06:15:00+01:00,194.72
2026-03-10T06:30:00+01:00,218.72
2026-03-10T06:45:00+01:00,210.8
2026-03-10T07:00:00+01:00,194.08
2026-03-10T07:15:00+01:00,228.8
2026-03-10T07:30:00+01:00,244.08
2026-03-10T07:45:00+01:00,179.44
2026-03-10T08:00:00+01:00,169.04
2026-03-10T08:15:00+01:00,139.44
2026-03-10T08:30:00+01:00,172.64
2026-03-10T08:45:00+01:00,122.8
2026-03-10T09:00:00+01:00,108.0
2026-03-10T09:15:00+01:00,0.88
2026-03-10T09:30:00+01:00,0.0
2026-03-10T09:45:00+01:00,0.0
2026-03-10T10:00:00+01:00,0.0
2026-03-10T10:15:00+01:00,0.0
2026-03-10T10:30:00+01:00,0.0
2026-03-10T10:45:00+01:00,0.0
2026-03-10T11:00:00+01:00,0.0
2026-03-10T11:15:00+01:00,0.0
2026-03-10T11:30:00+01:00,0.0
2026-03-10T11:45:00+01:00,0.0
2026-03-10T12:00:00+01:00,0.0
2026-03-10T12:15:00+01:00,0.0
2026-03-10T12:30:00+01:00,0.0
2026-03-10T12:45:00+01:00,0.0
2026-03-10T13:00:00+01:00,0.0
2026-03-10T13:15:00+01:00,0.0
2026-03-10T13:30:00+01:00,0.0
2026-03-10T13:45:00+01:00,0.0
2026-03-10T14:00:00+01:00,0.0
2026-03-10T14:15:00+01:00,0.0
2026-03-10T14:30:00+01:00,0.0
2026-03-10T14:45:00+01:00,0.0
2026-03-10T15:00:00+01:00,0.0
2026-03-10T15:15:00+01:00,0.0
2026-03-10T15:30:00+01:00,4.24
2026-03-10T15:45:00+01:00,10.56
2026-03-10T16:00:00+01:00,10.56
2026-03-10T16:15:00+01:00,47.68
2026-03-10T16:30:00+01:00,38.72
2026-03-10T16:45:00+01:00,63.6
2026-03-10T17:00:00+01:00,85.36
2026-03-10T17:15:00+01:00,122.24
2026-03-10T17:30:00+01:00,136.88
2026-03-10T17:45:00+01:00,214.24
2026-03-10T18:00:00+01:00,196.96
2026-03-10T18:15:00+01:00,161.2
2026-03-10T18:30:00+01:00,200.24
2026-03-10T18:45:00+01:00,186.0
2026-03-10T19:00:00+01:00,210.32
2026-03-10T19:15:00+01:00,201.44
2026-03-10T19:30:00+01:00,183.84
2026-03-10T19:45:00+01:00,226.72
2026-03-10T20:00:00+01:00,246.88
2026-03-10T20:15:00+01:00,258.32
2026-03-10T20:30:00+01:00,256.72
2026-03-10T20:45:00+01:00,247.44
2026-03-10T21:00:00+01:00,228.32
2026-03-10T21:15:00+01:00,242.4
2026-03-10T21:30:00+01:00,244.88
2026-03-10T21:45:00+01:00,255.04
2026-03-10T22:00:00+01:00,244.96
2026-03-10T22:15:00+01:00,239.04
2026-03-10T22:30:00+01:00,174.64
2026-03-10T22:45:00+01:00,167.76
2026-03-10T23:00:00+01:00,172.16
2026-03-10T23:15:00+01:00,160.96
2026-03-10T23:30:00+01:00,155.28
2026-03-10T23:45:00+01:00,194.8
2026-03-11T00:00:00+01:00,208.8
2026-03-11T00:15:00+01:00,158.48
2026-03-11T00:30:00+01:00,171.36
2026-03-11T00:45:00+01:00,201.92
2026-03-11T01:00:00+01:00,180.8
2026-03-11T01:15:00+01:00,169.04
2026-03-11T01:30:00+01:00,215.76
2026-03-11T01:45:00+01:00,255.2
2026-03-11T02:00:00+01:00,239.68
2026-03-11T02:15:00+01:00,251.84
2026-03-11T02:30:00+01:00,253.12
2026-03-11T02:45:00+01:00,254.8
2026-03-11T03:00:00+01:00,234.4
2026-03-11T03:15:00+01:00,174.88
2026-03-11T03:30:00+01:00,188.64
2026-03-11T03:45:00+01:00,154.96
2026-03-11T04:00:00+01:00,165.52
2026-03-11T04:15:00+01:00,178.56
2026-03-11T04:30:00+01:00,179.52
2026-03-11T04:45:00+01:00,194.24
2026-03-11T05:00:00+01:00,171.44
2026-03-11T05:15:00+01:00,188.72
2026-03-11T05:30:00+01:00,170.64
2026-03-11T05:45:00+01:00,177.92
2026-03-11T06:00:00+01:00,188.0
2026-03-11T06:15:00+01:00,212.64
2026-03-11T06:30:00+01:00,195.76
2026-03-11T06:45:00+01:00,173.68
2026-03-11T07:00:00+01:00,206.56
2026-03-11T07:15:00+01:00,243.04
2026-03-11T07:30:00+01:00,237.6
2026-03-11T07:45:00+01:00,214.0
2026-03-11T08:00:00+01:00,214.64
2026-03-11T08:15:00+01:00,177.92
2026-03-11T08:30:00+01:00,119.92
2026-03-11T08:45:00+01:00,129.84
2026-03-11T09:00:00+01:00,34.88
2026-03-11T09:15:00+01:00,58.48
2026-03-11T09:30:00+01:00,162.56
2026-03-11T09:45:00+01:00,170.16
2026-03-11T10:00:00+01:00,186.48
2026-03-11T10:15:00+01:00,204.4
2026-03-11T10:30:00+01:00,123.76
2026-03-11T10:45:00+01:00,16.08
2026-03-11T11:00:00+01:00,0.0
2026-03-11T11:15:00+01:00,0.0
2026-03-11T11:30:00+01:00,1.36
2026-03-11T11:45:00+01:00,0.0
2026-03-11T12:00:00+01:00,0.0
2026-03-11T12:15:00+01:00,0.0
2026-03-11T12:30:00+01:00,0.0
2026-03-11T12:45:00+01:00,2.24
2026-03-11T13:00:00+01:00,12.16
2026-03-11T13:15:00+01:00,1.04
2026-03-11T13:30:00+01:00,19.28
2026-03-11T13:45:00+01:00,0.56
2026-03-11T14:00:00+01:00,0.0
2026-03-11T14:15:00+01:00,0.0
2026-03-11T14:30:00+01:00,0.0
2026-03-11T14:45:00+01:00,23.84
2026-03-11T15:00:00+01:00,0.08
2026-03-11T15:15:00+01:00,0.32
2026-03-11T15:30:00+01:00,0.48
2026-03-11T15:45:00+01:00,36.8
2026-03-11T16:00:00+01:00,100.0
2026-03-11T16:15:00+01:00,144.64
2026-03-11T16:30:00+01:00,160.72
2026-03-11T16:45:00+01:00,132.0
2026-03-11T17:00:00+01:00,112.16
2026-03-11T17:15:00+01:00,175.28
2026-03-11T17:30:00+01:00,190.08
2026-03-11T17:45:00+01:00,154.48
2026-03-11T18:00:00+01:00,150.16
2026-03-11T18:15:00+01:00,156.88
2026-03-11T18:30:00+01:00,204.8
2026-03-11T18:45:00+01:00,177.36
2026-03-11T19:00:00+01:00,206.96
2026-03-11T19:15:00+01:00,175.84
2026-03-11T19:30:00+01:00,202.88
2026-03-11T19:45:00+01:00,173.44
2026-03-11T20:00:00+01:00,222.64
2026-03-11T20:15:00+01:00,236.24
2026-03-11T20:30:00+01:00,198.64
2026-03-11T20:45:00+01:00,180.4
2026-03-11T21:00:00+01:00,183.04
2026-03-11T21:15:00+01:00,184.16
2026-03-11T21:30:00+01:00,185.12
2026-03-11T21:45:00+01:00,185.28
2026-03-11T22:00:00+01:00,175.6
2026-03-11T22:15:00+01:00,160.08
2026-03-11T22:30:00+01:00,149.6
2026-03-11T22:45:00+01:00,151.76
2026-03-11T23:00:00+01:00,144.32
2026-03-11T23:15:00+01:00,138.56
2026-03-11T23:30:00+01:00,141.76
2026-03-11T23:45:00+01:00,173.04
2026-03-12T00:00:00+01:00,138.8
2026-03-12T00:15:00+01:00,134.32
2026-03-12T00:30:00+01:00,129.2
2026-03-12T00:45:00+01:00,154.96
2026-03-12T01:00:00+01:00,164.8
2026-03-12T01:15:00+01:00,149.12
2026-03-12T01:30:00+01:00,168.48
2026-03-12T01:45:00+01:00,175.04
2026-03-12T02:00:00+01:00,181.68
2026-03-12T02:15:00+01:00,164.08
2026-03-12T02:30:00+01:00,153.92
2026-03-12T02:45:00+01:00,174.08
2026-03-12T03:00:00+01:00,177.52
2026-03-12T03:15:00+01:00,166.48
2026-03-12T03:30:00+01:00,168.32
2026-03-12T03:45:00+01:00,179.44
2026-03-12T04:00:00+01:00,152.48
2026-03-12T04:15:00+01:00,145.44
2026-03-12T04:30:00+01:00,151.28
2026-03-12T04:45:00+01:00,128.64
2026-03-12T05:00:00+01:00,144.32
2026-03-12T05:15:00+01:00,138.48
2026-03-12T05:30:00+01:00,145.36
2026-03-12T05:45:00+01:00,188.4
2026-03-12T06:00:00+01:00,172.88
2026-03-12T06:15:00+01:00,180.32
2026-03-12T06:30:00+01:00,198.4
2026-03-12T06:45:00+01:00,210.32
2026-03-12T07:00:00+01:00,242.32
2026-03-12T07:15:00+01:00,231.44
2026-03-12T07:30:00+01:00,217.2
2026-03-12T07:45:00+01:00,210.56
2026-03-12T08:00:00+01:00,220.64
2026-03-12T08:15:00+01:00,210.64
2026-03-12T08:30:00+01:00,226.8
2026-03-12T08:45:00+01:00,258.32
2026-03-12T09:00:00+01:00,214.72
2026-03-12T09:15:00+01:00,204.72
2026-03-12T09:30:00+01:00,180.32
2026-03-12T09:45:00+01:00,155.44
2026-03-12T10:00:00+01:00,167.6
2026-03-12T10:15:00+01:00,186.4
2026-03-12T10:30:00+01:00,202.48
2026-03-12T10:45:00+01:00,153.12
2026-03-12T11:00:00+01:00,165.04
2026-03-12T11:15:00+01:00,128.4
2026-03-12T11:30:00+01:00,93.04
2026-03-12T11:45:00+01:00,47.6
2026-03-12T12:00:00+01:00,117.68
2026-03-12T12:15:00+01:00,100.96
2026-03-12T12:30:00+01:00,66.88
2026-03-12T12:45:00+01:00,78.4
2026-03-12T13:00:00+01:00,132.56
2026-03-12T13:15:00+01:00,156.96
2026-03-12T13:30:00+01:00,132.24
2026-03-12T13:45:00+01:00,33.04
2026-03-12T14:00:00+01:00,0.0
2026-03-12T14:15:00+01:00,33.44
2026-03-12T14:30:00+01:00,17.92
2026-03-12T14:45:00+01:00,38.72
2026-03-12T15:00:00+01:00,39.6
2026-03-12T15:15:00+01:00,63.76
2026-03-12T15:30:00+01:00,110.4
2026-03-12T15:45:00+01:00,99.84
2026-03-12T16:00:00+01:00,106.08
2026-03-12T16:15:00+01:00,128.0
2026-03-12T16:30:00+01:00,143.92
2026-03-12T16:45:00+01:00,157.6
2026-03-12T17:00:00+01:00,158.4
2026-03-12T17:15:00+01:00,155.04
2026-03-12T17:30:00+01:00,176.72
2026-03-12T17:45:00+01:00,191.2
2026-03-12T18:00:00+01:00,174.4
2026-03-12T18:15:00+01:00,191.84
2026-03-12T18:30:00+01:00,202.96
2026-03-12T18:45:00+01:00,184.16
2026-03-12T19:00:00+01:00,180.48
2026-03-12T19:15:00+01:00,196.8
2026-03-12T19:30:00+01:00,178.08
2026-03-12T19:45:00+01:00,174.88
2026-03-12T20:00:00+01:00,170.0
2026-03-12T20:15:00+01:00,180.32
2026-03-12T20:30:00+01:00,200.96
2026-03-12T20:45:00+01:00,172.16
2026-03-12T21:00:00+01:00,173.52
2026-03-12T21:15:00+01:00,186.48
2026-03-12T21:30:00+01:00,169.28
2026-03-12T21:45:00+01:00,160.4
2026-03-12T22:00:00+01:00,173.6
2026-03-12T22:15:00+01:00,179.44
2026-03-12T22:30:00+01:00,168.16
2026-03-12T22:45:00+01:00,154.8
2026-03-12T23:00:00+01:00,150.48
2026-03-12T23:15:00+01:00,163.92
2026-03-12T23:30:00+01:00,142.48
2026-03-12T23:45:00+01:00,151.44
2026-03-13T00:00:00+01:00,131.68
2026-03-13T00:15:00+01:00,163.76
2026-03-13T00:30:00+01:00,149.28
2026-03-13T00:45:00+01:00,158.08
2026-03-13T01:00:00+01:00,165.28
2026-03-13T01:15:00+01:00,164.48
2026-03-13T01:30:00+01:00,133.2
2026-03-13T01:45:00+01:00,140.56
2026-03-13T02:00:00+01:00,144.48
2026-03-13T02:15:00+01:00,164.48
2026-03-13T02:30:00+01:00,182.72
2026-03-13T02:45:00+01:00,162.16
2026-03-13T03:00:00+01:00,161.12
2026-03-13T03:15:00+01:00,163.04
2026-03-13T03:30:00+01:00,144.8
2026-03-13T03:45:00+01:00,175.04
2026-03-13T04:00:00+01:00,169.2
2026-03-13T04:15:00+01:00,168.72
2026-03-13T04:30:00+01:00,161.04
2026-03-13T04:45:00+01:00,149.92
2026-03-13T05:00:00+01:00,177.52
2026-03-13T05:15:00+01:00,200.24
2026-03-13T05:30:00+01:00,192.72
2026-03-13T05:45:00+01:00,176.88
2026-03-13T06:00:00+01:00,177.76
2026-03-13T06:15:00+01:00,196.96
2026-03-13T06:30:00+01:00,213.6
2026-03-13T06:45:00+01:00,208.16
2026-03-13T07:00:00+01:00,192.08
2026-03-13T07:15:00+01:00,194.08
2026-03-13T07:30:00+01:00,164.0
2026-03-13T07:45:00+01:00,167.76
2026-03-13T08:00:00+01:00,161.28
2026-03-13T08:15:00+01:00,126.16
2026-03-13T08:30:00+01:00,85.28
2026-03-13T08:45:00+01:00,39.76
2026-03-13T09:00:00+01:00,2.08
2026-03-13T09:15:00+01:00,0.88
2026-03-13T09:30:00+01:00,0.0
2026-03-13T09:45:00+01:00,0.0
2026-03-13T10:00:00+01:00,0.0
2026-03-13T10:15:00+01:00,0.0
2026-03-13T10:30:00+01:00,0.0
2026-03-13T10:45:00+01:00,0.0
2026-03-13T11:00:00+01:00,0.0
2026-03-13T11:15:00+01:00,0.0
2026-03-13T11:30:00+01:00,0.0
2026-03-13T11:45:00+01:00,0.0
2026-03-13T12:00:00+01:00,0.0
2026-03-13T12:15:00+01:00,0.0
2026-03-13T12:30:00+01:00,0.0
2026-03-13T12:45:00+01:00,0.0
2026-03-13T13:00:00+01:00,0.0
2026-03-13T13:15:00+01:00,0.0
2026-03-13T13:30:00+01:00,0.0
2026-03-13T13:45:00+01:00,0.0
2026-03-13T14:00:00+01:00,0.0
2026-03-13T14:15:00+01:00,0.0
2026-03-13T14:30:00+01:00,0.0
2026-03-13T14:45:00+01:00,0.0
2026-03-13T15:00:00+01:00,0.0
2026-03-13T15:15:00+01:00,0.0
2026-03-13T15:30:00+01:00,0.0
2026-03-13T15:45:00+01:00,0.0
2026-03-13T16:00:00+01:00,0.0
2026-03-13T16:15:00+01:00,0.0
2026-03-13T16:30:00+01:00,0.08
2026-03-13T16:45:00+01:00,60.72
2026-03-13T17:00:00+01:00,118.88
2026-03-13T17:15:00+01:00,91.76
2026-03-13T17:30:00+01:00,121.12
2026-03-13T17:45:00+01:00,156.88
2026-03-13T18:00:00+01:00,157.28
2026-03-13T18:15:00+01:00,132.32
2026-03-13T18:30:00+01:00,144.4
2026-03-13T18:45:00+01:00,151.68
2026-03-13T19:00:00+01:00,160.64
2026-03-13T19:15:00+01:00,176.8
2026-03-13T19:30:00+01:00,182.16
2026-03-13T19:45:00+01:00,174.4
2026-03-13T20:00:00+01:00,170.72
2026-03-13T20:15:00+01:00,150.8
2026-03-13T20:30:00+01:00,136.24
2026-03-13T20:45:00+01:00,138.64
2026-03-13T21:00:00+01:00,165.92
2026-03-13T21:15:00+01:00,163.92
2026-03-13T21:30:00+01:00,139.04
2026-03-13T21:45:00+01:00,144.16
2026-03-13T22:00:00+01:00,155.6
2026-03-13T22:15:00+01:00,163.68
2026-03-13T22:30:00+01:00,169.6
2026-03-13T22:45:00+01:00,176.0
2026-03-13T23:00:00+01:00,174.48
2026-03-13T23:15:00+01:00,171.6
2026-03-13T23:30:00+01:00,198.72
2026-03-13T23:45:00+01:00,190.72
2026-03-14T00:00:00+01:00,173.84
2026-03-14T00:15:00+01:00,198.24
2026-03-14T00:30:00+01:00,200.96
2026-03-14T00:45:00+01:00,183.52
2026-03-14T01:00:00+01:00,182.96
2026-03-14T01:15:00+01:00,204.08
2026-03-14T01:30:00+01:00,204.56
2026-03-14T01:45:00+01:00,208.32
2026-03-14T02:00:00+01:00,182.08
2026-03-14T02:15:00+01:00,183.76
2026-03-14T02:30:00+01:00,171.44
2026-03-14T02:45:00+01:00,164.32
2026-03-14T03:00:00+01:00,150.4
2026-03-14T03:15:00+01:00,134.08
2026-03-14T03:30:00+01:00,129.92
2026-03-14T03:45:00+01:00,120.56
2026-03-14T04:00:00+01:00,117.6
2026-03-14T04:15:00+01:00,119.2
2026-03-14T04:30:00+01:00,114.96
2026-03-14T04:45:00+01:00,146.48
2026-03-14T05:00:00+01:00,142.96
2026-03-14T05:15:00+01:00,127.6
2026-03-14T05:30:00+01:00,134.08
2026-03-14T05:45:00+01:00,138.48
2026-03-14T06:00:00+01:00,123.52
2026-03-14T06:15:00+01:00,128.0
2026-03-14T06:30:00+01:00,139.76
2026-03-14T06:45:00+01:00,157.12
2026-03-14T07:00:00+01:00,128.0
2026-03-14T07:15:00+01:00,104.88
2026-03-14T07:30:00+01:00,91.52
2026-03-14T07:45:00+01:00,82.96
2026-03-14T08:00:00+01:00,96.4
2026-03-14T08:15:00+01:00,80.4
2026-03-14T08:30:00+01:00,28.88
2026-03-14T08:45:00+01:00,26.32
2026-03-14T09:00:00+01:00,12.4
2026-03-14T09:15:00+01:00,0.0
2026-03-14T09:30:00+01:00,0.0
2026-03-14T09:45:00+01:00,0.0
2026-03-14T10:00:00+01:00,0.0
2026-03-14T10:15:00+01:00,0.0
2026-03-14T10:30:00+01:00,0.0
2026-03-14T10:45:00+01:00,0.0
2026-03-14T11:00:00+01:00,0.0
2026-03-14T11:15:00+01:00,0.0
2026-03-14T11:30:00+01:00,0.0
2026-03-14T11:45:00+01:00,0.0
2026-03-14T12:00:00+01:00,0.0
2026-03-14T12:15:00+01:00,0.0
2026-03-14T12:30:00+01:00,0.0
2026-03-14T12:45:00+01:00,0.0
2026-03-14T13:00:00+01:00,0.0
2026-03-14T13:15:00+01:00,0.0
2026-03-14T13:30:00+01:00,0.0
2026-03-14T13:45:00+01:00,0.0
2026-03-14T14:00:00+01:00,0.0
2026-03-14T14:15:00+01:00,0.0
2026-03-14T14:30:00+01:00,0.0
2026-03-14T14:45:00+01:00,0.0
2026-03-14T15:00:00+01:00,7.12
2026-03-14T15:15:00+01:00,20.8
2026-03-14T15:30:00+01:00,21.12
2026-03-14T15:45:00+01:00,22.0
2026-03-14T16:00:00+01:00,20.48
2026-03-14T16:15:00+01:00,18.64
2026-03-14T16:30:00+01:00,20.48
2026-03-14T16:45:00+01:00,25.36
2026-03-14T17:00:00+01:00,29.12
2026-03-14T17:15:00+01:00,30.4
2026-03-14T17:30:00+01:00,26.32
2026-03-14T17:45:00+01:00,29.84
2026-03-14T18:00:00+01:00,29.76
2026-03-14T18:15:00+01:00,33.76
2026-03-14T18:30:00+01:00,34.56
2026-03-14T18:45:00+01:00,35.12
2026-03-14T19:00:00+01:00,34.64
2026-03-14T19:15:00+01:00,34.56
2026-03-14T19:30:00+01:00,36.4
2026-03-14T19:45:00+01:00,38.0
2026-03-14T20:00:00+01:00,35.76
2026-03-14T20:15:00+01:00,35.04
2026-03-14T20:30:00+01:00,37.28
2026-03-14T20:45:00+01:00,36.48
2026-03-14T21:00:00+01:00,35.28
2026-03-14T21:15:00+01:00,34.4
2026-03-14T21:30:00+01:00,32.8
2026-03-14T21:45:00+01:00,33.28
2026-03-14T22:00:00+01:00,36.24
2026-03-14T22:15:00+01:00,35.2
2026-03-14T22:30:00+01:00,33.92
2026-03-14T22:45:00+01:00,33.6
2026-03-14T23:00:00+01:00,32.96
2026-03-14T23:15:00+01:00,35.76
2026-03-14T23:30:00+01:00,35.68
2026-03-14T23:45:00+01:00,38.0
2026-03-15T00:00:00+01:00,39.52
2026-03-15T00:15:00+01:00,35.12
2026-03-15T00:30:00+01:00,35.44
2026-03-15T00:45:00+01:00,34.72
2026-03-15T01:00:00+01:00,34.88
2026-03-15T01:15:00+01:00,35.12
2026-03-15T01:30:00+01:00,36.24
2026-03-15T01:45:00+01:00,37.2
2026-03-15T02:00:00+01:00,34.48
2026-03-15T02:15:00+01:00,34.08
2026-03-15T02:30:00+01:00,35.12
2026-03-15T02:45:00+01:00,33.84
2026-03-15T03:00:00+01:00,34.96
2026-03-15T03:15:00+01:00,34.88
2026-03-15T03:30:00+01:00,36.32
2026-03-15T03:45:00+01:00,35.04
2026-03-15T04:00:00+01:00,35.76
2026-03-15T04:15:00+01:00,36.24
2026-03-15T04:30:00+01:00,34.88
2026-03-15T04:45:00+01:00,35.2
2026-03-15T05:00:00+01:00,34.16
2026-03-15T05:15:00+01:00,36.0
2026-03-15T05:30:00+01:00,34.64
2026-03-15T05:45:00+01:00,36.56
2026-03-15T06:00:00+01:00,36.88
2026-03-15T06:15:00+01:00,35.04
2026-03-15T06:30:00+01:00,34.96
2026-03-15T06:45:00+01:00,32.32
2026-03-15T07:00:00+01:00,27.52
2026-03-15T07:15:00+01:00,23.68
2026-03-15T07:30:00+01:00,15.44
2026-03-15T07:45:00+01:00,8.64
2026-03-15T08:00:00+01:00,0.24
2026-03-15T08:15:00+01:00,0.0
2026-03-15T08:30:00+01:00,0.0
2026-03-15T08:45:00+01:00,0.0
2026-03-15T09:00:00+01:00,0.0
2026-03-15T09:15:00+01:00,0.0
2026-03-15T09:30:00+01:00,0.0
2026-03-15T09:45:00+01:00,0.0
2026-03-15T10:00:00+01:00,0.0
2026-03-15T10:15:00+01:00,0.0
2026-03-15T10:30:00+01:00,0.0
2026-03-15T10:45:00+01:00,0.0
2026-03-15T11:00:00+01:00,0.0
2026-03-15T11:15:00+01:00,0.0
2026-03-15T11:30:00+01:00,0.0
2026-03-15T11:45:00+01:00,0.0
2026-03-15T12:00:00+01:00,0.0
2026-03-15T12:15:00+01:00,0.0
2026-03-15T12:30:00+01:00,0.0
2026-03-15T12:45:00+01:00,0.0
2026-03-15T13:00:00+01:00,0.0
2026-03-15T13:15:00+01:00,0.0
2026-03-15T13:30:00+01:00,0.0
2026-03-15T13:45:00+01:00,0.0
2026-03-15T14:00:00+01:00,0.0
2026-03-15T14:15:00+01:00,0.0
2026-03-15T14:30:00+01:00,0.0
2026-03-15T14:45:00+01:00,0.0
2026-03-15T15:00:00+01:00,0.0
2026-03-15T15:15:00+01:00,0.0
2026-03-15T15:30:00+01:00,0.0
2026-03-15T15:45:00+01:00,0.0
2026-03-15T16:00:00+01:00,0.0
2026-03-15T16:15:00+01:00,0.0
2026-03-15T16:30:00+01:00,0.0
2026-03-15T16:45:00+01:00,0.08
2026-03-15T17:00:00+01:00,0.24
2026-03-15T17:15:00+01:00,3.76
2026-03-15T17:30:00+01:00,11.04
2026-03-15T17:45:00+01:00,16.96
2026-03-15T18:00:00+01:00,29.36
2026-03-15T18:15:00+01:00,33.04
2026-03-15T18:30:00+01:00,35.28
2026-03-15T18:45:00+01:00,34.88
2026-03-15T19:00:00+01:00,35.68
2026-03-15T19:15:00+01:00,34.08
2026-03-15T19:30:00+01:00,33.6
2026-03-15T19:45:00+01:00,37.12
2026-03-15T20:00:00+01:00,34.96
2026-03-15T20:15:00+01:00,33.6
2026-03-15T20:30:00+01:00,34.24
2026-03-15T20:45:00+01:00,35.52
2026-03-15T21:00:00+01:00,36.32
2026-03-15T21:15:00+01:00,34.48
2026-03-15T21:30:00+01:00,34.16
2026-03-15T21:45:00+01:00,33.84
2026-03-15T22:00:00+01:00,36.72
2026-03-15T22:15:00+01:00,39.04
2026-03-15T22:30:00+01:00,39.2
2026-03-15T22:45:00+01:00,37.6
2026-03-15T23:00:00+01:00,37.2
2026-03-15T23:15:00+01:00,37.6
2026-03-15T23:30:00+01:00,37.04
2026-03-15T23:45:00+01:00,40.72
2026-03-16T00:00:00+01:00,45.04
2026-03-16T00:15:00+01:00,44.4
2026-03-16T00:30:00+01:00,41.76
2026-03-16T00:45:00+01:00,40.96
2026-03-16T01:00:00+01:00,41.04
2026-03-16T01:15:00+01:00,42.8
2026-03-16T01:30:00+01:00,44.72
2026-03-16T01:45:00+01:00,46.64
2026-03-16T02:00:00+01:00,43.52
2026-03-16T02:15:00+01:00,41.44
2026-03-16T02:30:00+01:00,42.32
2026-03-16T02:45:00+01:00,41.12
2026-03-16T03:00:00+01:00,41.68
2026-03-16T03:15:00+01:00,39.68
2026-03-16T03:30:00+01:00,40.0
2026-03-16T03:45:00+01:00,39.92
2026-03-16T04:00:00+01:00,38.96
2026-03-16T04:15:00+01:00,39.44
2026-03-16T04:30:00+01:00,40.96
2026-03-16T04:45:00+01:00,46.24
2026-03-16T05:00:00+01:00,51.76
2026-03-16T05:15:00+01:00,59.28
2026-03-16T05:30:00+01:00,80.56
2026-03-16T05:45:00+01:00,103.84
2026-03-16T06:00:00+01:00,148.48
2026-03-16T06:15:00+01:00,168.48
2026-03-16T06:30:00+01:00,190.0
2026-03-16T06:45:00+01:00,172.0
2026-03-16T07:00:00+01:00,157.76
2026-03-16T07:15:00+01:00,159.04
2026-03-16T07:30:00+01:00,142.24
2026-03-16T07:45:00+01:00,136.24
2026-03-16T08:00:00+01:00,140.4
2026-03-16T08:15:00+01:00,165.68
2026-03-16T08:30:00+01:00,52.48
2026-03-16T08:45:00+01:00,6.08
2026-03-16T09:00:00+01:00,0.0
2026-03-16T09:15:00+01:00,0.0
2026-03-16T09:30:00+01:00,0.64
2026-03-16T09:45:00+01:00,0.0
2026-03-16T10:00:00+01:00,0.0
2026-03-16T10:15:00+01:00,5.2
2026-03-16T10:30:00+01:00,18.24
2026-03-16T10:45:00+01:00,0.0
2026-03-16T11:00:00+01:00,1.36
2026-03-16T11:15:00+01:00,0.0
2026-03-16T11:30:00+01:00,28.72
2026-03-16T11:45:00+01:00,98.8
2026-03-16T12:00:00+01:00,59.44
2026-03-16T12:15:00+01:00,61.04
2026-03-16T12:30:00+01:00,23.36
2026-03-16T12:45:00+01:00,62.64
2026-03-16T13:00:00+01:00,0.0
2026-03-16T13:15:00+01:00,0.0
2026-03-16T13:30:00+01:00,28.0
2026-03-16T13:45:00+01:00,4.88
2026-03-16T14:00:00+01:00,0.0
2026-03-16T14:15:00+01:00,0.0
2026-03-16T14:30:00+01:00,0.0
2026-03-16T14:45:00+01:00,11.04
2026-03-16T15:00:00+01:00,3.52
2026-03-16T15:15:00+01:00,0.0
2026-03-16T15:30:00+01:00,10.64
2026-03-16T15:45:00+01:00,38.0
2026-03-16T16:00:00+01:00,98.72
2026-03-16T16:15:00+01:00,73.52
2026-03-16T16:30:00+01:00,126.72
2026-03-16T16:45:00+01:00,160.8
2026-03-16T17:00:00+01:00,171.92
2026-03-16T17:15:00+01:00,188.64
2026-03-16T17:30:00+01:00,156.88
2026-03-16T17:45:00+01:00,158.32
2026-03-16T18:00:00+01:00,170.32
2026-03-16T18:15:00+01:00,170.32
2026-03-16T18:30:00+01:00,184.16
2026-03-16T18:45:00+01:00,166.88
2026-03-16T19:00:00+01:00,175.76
2026-03-16T19:15:00+01:00,197.12
2026-03-16T19:30:00+01:00,183.52
2026-03-16T19:45:00+01:00,179.6
2026-03-16T20:00:00+01:00,190.72
2026-03-16T20:15:00+01:00,218.4
2026-03-16T20:30:00+01:00,205.04
2026-03-16T20:45:00+01:00,171.44
2026-03-16T21:00:00+01:00,171.36
2026-03-16T21:15:00+01:00,163.84
2026-03-16T21:30:00+01:00,181.52
2026-03-16T21:45:00+01:00,162.16
2026-03-16T22:00:00+01:00,158.0
2026-03-16T22:15:00+01:00,169.44
2026-03-16T22:30:00+01:00,164.96
2026-03-16T22:45:00+01:00,161.12
2026-03-16T23:00:00+01:00,155.6
2026-03-16T23:15:00+01:00,161.92
2026-03-16T23:30:00+01:00,156.72
2026-03-16T23:45:00+01:00,155.76
2026-03-17T00:00:00+01:00,173.68
2026-03-17T00:15:00+01:00,170.24
2026-03-17T00:30:00+01:00,156.72
2026-03-17T00:45:00+01:00,179.76
2026-03-17T01:00:00+01:00,172.56
2026-03-17T01:15:00+01:00,127.76
2026-03-17T01:30:00+01:00,124.16
2026-03-17T01:45:00+01:00,154.48
2026-03-17T02:00:00+01:00,150.24
2026-03-17T02:15:00+01:00,151.12
2026-03-17T02:30:00+01:00,146.0
2026-03-17T02:45:00+01:00,160.4
2026-03-17T03:00:00+01:00,163.12
2026-03-17T03:15:00+01:00,159.12
2026-03-17T03:30:00+01:00,182.0
2026-03-17T03:45:00+01:00,158.48
2026-03-17T04:00:00+01:00,138.8
2026-03-17T04:15:00+01:00,136.16
2026-03-17T04:30:00+01:00,160.48
2026-03-17T04:45:00+01:00,172.56
2026-03-17T05:00:00+01:00,175.12
2026-03-17T05:15:00+01:00,180.48
2026-03-17T05:30:00+01:00,159.6
2026-03-17T05:45:00+01:00,195.68
2026-03-17T06:00:00+01:00,204.96
2026-03-17T06:15:00+01:00,207.92
2026-03-17T06:30:00+01:00,209.68
2026-03-17T06:45:00+01:00,187.52
2026-03-17T07:00:00+01:00,215.12
2026-03-17T07:15:00+01:00,237.52
2026-03-17T07:30:00+01:00,221.36
2026-03-17T07:45:00+01:00,208.72
2026-03-17T08:00:00+01:00,248.4
2026-03-17T08:15:00+01:00,247.2
2026-03-17T08:30:00+01:00,275.92
2026-03-17T08:45:00+01:00,249.2
2026-03-17T09:00:00+01:00,231.12
2026-03-17T09:15:00+01:00,231.92
2026-03-17T09:30:00+01:00,230.08
2026-03-17T09:45:00+01:00,207.68
2026-03-17T10:00:00+01:00,209.44
2026-03-17T10:15:00+01:00,234.88
2026-03-17T10:30:00+01:00,202.0
2026-03-17T10:45:00+01:00,171.04
2026-03-17T11:00:00+01:00,211.2
2026-03-17T11:15:00+01:00,209.52
2026-03-17T11:30:00+01:00,179.68
2026-03-17T11:45:00+01:00,121.12
2026-03-17T12:00:00+01:00,53.04
2026-03-17T12:15:00+01:00,33.44
2026-03-17T12:30:00+01:00,133.68
2026-03-17T12:45:00+01:00,119.92
2026-03-17T13:00:00+01:00,117.76
2026-03-17T13:15:00+01:00,111.28
2026-03-17T13:30:00+01:00,98.88
2026-03-17T13:45:00+01:00,107.92
2026-03-17T14:00:00+01:00,78.32
2026-03-17T14:15:00+01:00,76.64
2026-03-17T14:30:00+01:00,124.0
2026-03-17T14:45:00+01:00,112.16
2026-03-17T15:00:00+01:00,63.28
2026-03-17T15:15:00+01:00,72.08
2026-03-17T15:30:00+01:00,67.6
2026-03-17T15:45:00+01:00,70.08
2026-03-17T16:00:00+01:00,67.2
2026-03-17T16:15:00+01:00,157.6
2026-03-17T16:30:00+01:00,138.0
2026-03-17T16:45:00+01:00,205.04
2026-03-17T17:00:00+01:00,223.2
2026-03-17T17:15:00+01:00,199.44
2026-03-17T17:30:00+01:00,182.72
2026-03-17T17:45:00+01:00,190.32
2026-03-17T18:00:00+01:00,197.52
2026-03-17T18:15:00+01:00,197.28
2026-03-17T18:30:00+01:00,187.84
2026-03-17T18:45:00+01:00,170.88
2026-03-17T19:00:00+01:00,180.64
2026-03-17T19:15:00+01:00,192.88
2026-03-17T19:30:00+01:00,187.92
2026-03-17T19:45:00+01:00,198.24
2026-03-17T20:00:00+01:00,203.12
2026-03-17T20:15:00+01:00,172.24
2026-03-17T20:30:00+01:00,169.52
2026-03-17T20:45:00+01:00,172.4
2026-03-17T21:00:00+01:00,164.4
2026-03-17T21:15:00+01:00,145.92
2026-03-17T21:30:00+01:00,145.2
2026-03-17T21:45:00+01:00,139.36
2026-03-17T22:00:00+01:00,135.84
2026-03-17T22:15:00+01:00,144.24
2026-03-17T22:30:00+01:00,154.8
2026-03-17T22:45:00+01:00,133.12
2026-03-17T23:00:00+01:00,157.76
2026-03-17T23:15:00+01:00,171.28
2026-03-17T23:30:00+01:00,166.48
2026-03-17T23:45:00+01:00,192.96
2026-03-18T00:00:00+01:00,170.56
2026-03-18T00:15:00+01:00,159.04
2026-03-18T00:30:00+01:00,162.96
2026-03-18T00:45:00+01:00,146.64
2026-03-18T01:00:00+01:00,161.04
2026-03-18T01:15:00+01:00,172.48
2026-03-18T01:30:00+01:00,174.64
2026-03-18T01:45:00+01:00,176.48
2026-03-18T02:00:00+01:00,147.84
2026-03-18T02:15:00+01:00,153.76
2026-03-18T02:30:00+01:00,178.72
2026-03-18T02:45:00+01:00,170.48
2026-03-18T03:00:00+01:00,152.16
2026-03-18T03:15:00+01:00,183.28
2026-03-18T03:30:00+01:00,182.96
2026-03-18T03:45:00+01:00,176.08
2026-03-18T04:00:00+01:00,178.32
2026-03-18T04:15:00+01:00,196.96
2026-03-18T04:30:00+01:00,208.64
2026-03-18T04:45:00+01:00,177.2
2026-03-18T05:00:00+01:00,136.16
2026-03-18T05:15:00+01:00,144.24
2026-03-18T05:30:00+01:00,173.12
2026-03-18T05:45:00+01:00,185.92
2026-03-18T06:00:00+01:00,166.8
2026-03-18T06:15:00+01:00,188.16
2026-03-18T06:30:00+01:00,211.6
2026-03-18T06:45:00+01:00,222.96
2026-03-18T07:00:00+01:00,228.0
2026-03-18T07:15:00+01:00,217.84
2026-03-18T07:30:00+01:00,213.92
2026-03-18T07:45:00+01:00,192.32
2026-03-18T08:00:00+01:00,195.92
2026-03-18T08:15:00+01:00,203.92
2026-03-18T08:30:00+01:00,163.2
2026-03-18T08:45:00+01:00,195.44
2026-03-18T09:00:00+01:00,167.44
2026-03-18T09:15:00+01:00,128.64
2026-03-18T09:30:00+01:00,132.72
2026-03-18T09:45:00+01:00,90.16
2026-03-18T10:00:00+01:00,168.8
2026-03-18T10:15:00+01:00,192.56
2026-03-18T10:30:00+01:00,203.92
2026-03-18T10:45:00+01:00,176.48
2026-03-18T11:00:00+01:00,112.8
2026-03-18T11:15:00+01:00,44.72
2026-03-18T11:30:00+01:00,9.52
2026-03-18T11:45:00+01:00,5.28
2026-03-18T12:00:00+01:00,0.0
2026-03-18T12:15:00+01:00,0.0
2026-03-18T12:30:00+01:00,0.0
2026-03-18T12:45:00+01:00,0.0
2026-03-18T13:00:00+01:00,49.36
2026-03-18T13:15:00+01:00,11.68
2026-03-18T13:30:00+01:00,49.68
2026-03-18T13:45:00+01:00,14.08
2026-03-18T14:00:00+01:00,29.84
2026-03-18T14:15:00+01:00,24.0
2026-03-18T14:30:00+01:00,8.24
2026-03-18T14:45:00+01:00,0.0
2026-03-18T15:00:00+01:00,41.12
2026-03-18T15:15:00+01:00,0.0
2026-03-18T15:30:00+01:00,0.0
2026-03-18T15:45:00+01:00,9.52
2026-03-18T16:00:00+01:00,0.88
2026-03-18T16:15:00+01:00,7.44
2026-03-18T16:30:00+01:00,28.96
2026-03-18T16:45:00+01:00,95.2
2026-03-18T17:00:00+01:00,132.08
2026-03-18T17:15:00+01:00,155.52
2026-03-18T17:30:00+01:00,132.24
2026-03-18T17:45:00+01:00,153.52
2026-03-18T18:00:00+01:00,170.56
2026-03-18T18:15:00+01:00,165.12
2026-03-18T18:30:00+01:00,192.32
2026-03-18T18:45:00+01:00,177.44
2026-03-18T19:00:00+01:00,183.76
2026-03-18T19:15:00+01:00,178.96
2026-03-18T19:30:00+01:00,148.24
2026-03-18T19:45:00+01:00,140.24
2026-03-18T20:00:00+01:00,170.96
2026-03-18T20:15:00+01:00,163.92
2026-03-18T20:30:00+01:00,154.96
2026-03-18T20:45:00+01:00,163.52
2026-03-18T21:00:00+01:00,163.92
2026-03-18T21:15:00+01:00,166.64
2026-03-18T21:30:00+01:00,182.24
2026-03-18T21:45:00+01:00,158.88
2026-03-18T22:00:00+01:00,152.48
2026-03-18T22:15:00+01:00,136.64
2026-03-18T22:30:00+01:00,148.96
2026-03-18T22:45:00+01:00,144.48
2026-03-18T23:00:00+01:00,162.56
2026-03-18T23:15:00+01:00,195.28
2026-03-18T23:30:00+01:00,187.2
2026-03-18T23:45:00+01:00,199.28
2026-03-19T00:00:00+01:00,184.8
2026-03-19T00:15:00+01:00,175.84
2026-03-19T00:30:00+01:00,210.8
2026-03-19T00:45:00+01:00,200.8
2026-03-19T01:00:00+01:00,178.4
2026-03-19T01:15:00+01:00,185.92
2026-03-19T01:30:00+01:00,195.76
2026-03-19T01:45:00+01:00,202.72
2026-03-19T02:00:00+01:00,201.36
2026-03-19T02:15:00+01:00,218.0
2026-03-19T02:30:00+01:00,184.4
2026-03-19T02:45:00+01:00,170.72
2026-03-19T03:00:00+01:00,166.72
2026-03-19T03:15:00+01:00,156.24
2026-03-19T03:30:00+01:00,174.56
2026-03-19T03:45:00+01:00,177.52
2026-03-19T04:00:00+01:00,179.36
2026-03-19T04:15:00+01:00,167.6
2026-03-19T04:30:00+01:00,159.52
2026-03-19T04:45:00+01:00,173.04
2026-03-19T05:00:00+01:00,141.92
2026-03-19T05:15:00+01:00,159.92
2026-03-19T05:30:00+01:00,159.44
2026-03-19T05:45:00+01:00,167.12
2026-03-19T06:00:00+01:00,185.52
2026-03-19T06:15:00+01:00,207.52
2026-03-19T06:30:00+01:00,204.32
2026-03-19T06:45:00+01:00,227.36
2026-03-19T07:00:00+01:00,184.64
2026-03-19T07:15:00+01:00,157.68
2026-03-19T07:30:00+01:00,126.4
2026-03-19T07:45:00+01:00,91.12
2026-03-19T08:00:00+01:00,99.92
2026-03-19T08:15:00+01:00,98.08
2026-03-19T08:30:00+01:00,19.04
2026-03-19T08:45:00+01:00,2.08
2026-03-19T09:00:00+01:00,0.0
2026-03-19T09:15:00+01:00,0.0
2026-03-19T09:30:00+01:00,0.0
2026-03-19T09:45:00+01:00,0.32
2026-03-19T10:00:00+01:00,0.0
2026-03-19T10:15:00+01:00,0.0
2026-03-19T10:30:00+01:00,0.0
2026-03-19T10:45:00+01:00,0.0
2026-03-19T11:00:00+01:00,0.0
2026-03-19T11:15:00+01:00,0.0
2026-03-19T11:30:00+01:00,0.0
2026-03-19T11:45:00+01:00,0.0
2026-03-19T12:00:00+01:00,0.0
2026-03-19T12:15:00+01:00,0.0
2026-03-19T12:30:00+01:00,0.0
2026-03-19T12:45:00+01:00,0.0
2026-03-19T13:00:00+01:00,0.0
2026-03-19T13:15:00+01:00,0.0
2026-03-19T13:30:00+01:00,0.0
2026-03-19T13:45:00+01:00,0.0
2026-03-19T14:00:00+01:00,0.0
2026-03-19T14:15:00+01:00,0.0
2026-03-19T14:30:00+01:00,0.0
2026-03-19T14:45:00+01:00,0.0
2026-03-19T15:00:00+01:00,0.0
2026-03-19T15:15:00+01:00,0.0
2026-03-19T15:30:00+01:00,20.56
2026-03-19T15:45:00+01:00,0.0
2026-03-19T16:00:00+01:00,0.0
2026-03-19T16:15:00+01:00,0.0
2026-03-19T16:30:00+01:00,2.88
2026-03-19T16:45:00+01:00,39.76
2026-03-19T17:00:00+01:00,61.68
2026-03-19T17:15:00+01:00,91.68
2026-03-19T17:30:00+01:00,119.36
2026-03-19T17:45:00+01:00,136.88
2026-03-19T18:00:00+01:00,164.0
2026-03-19T18:15:00+01:00,148.56
2026-03-19T18:30:00+01:00,161.2
2026-03-19T18:45:00+01:00,199.52
2026-03-19T19:00:00+01:00,154.4
2026-03-19T19:15:00+01:00,174.24
2026-03-19T19:30:00+01:00,189.52
2026-03-19T19:45:00+01:00,181.36
2026-03-19T20:00:00+01:00,172.08
2026-03-19T20:15:00+01:00,167.2
2026-03-19T20:30:00+01:00,139.2
2026-03-19T20:45:00+01:00,162.56
2026-03-19T21:00:00+01:00,190.16
2026-03-19T21:15:00+01:00,175.84
2026-03-19T21:30:00+01:00,178.96
2026-03-19T21:45:00+01:00,176.72
2026-03-19T22:00:00+01:00,173.36
2026-03-19T22:15:00+01:00,156.0
2026-03-19T22:30:00+01:00,144.8
2026-03-19T22:45:00+01:00,141.44
2026-03-19T23:00:00+01:00,145.04
2026-03-19T23:15:00+01:00,150.08
2026-03-19T23:30:00+01:00,143.92
2026-03-19T23:45:00+01:00,152.64
2026-03-20T00:00:00+01:00,174.08
2026-03-20T00:15:00+01:00,141.44
2026-03-20T00:30:00+01:00,148.24
2026-03-20T00:45:00+01:00,140.08
2026-03-20T01:00:00+01:00,150.16
2026-03-20T01:15:00+01:00,152.08
2026-03-20T01:30:00+01:00,170.72
2026-03-20T01:45:00+01:00,175.28
2026-03-20T02:00:00+01:00,131.12
2026-03-20T02:15:00+01:00,144.24
2026-03-20T02:30:00+01:00,146.72
2026-03-20T02:45:00+01:00,176.08
2026-03-20T03:00:00+01:00,217.84
2026-03-20T03:15:00+01:00,212.88
2026-03-20T03:30:00+01:00,216.16
2026-03-20T03:45:00+01:00,222.08
2026-03-20T04:00:00+01:00,226.8
2026-03-20T04:15:00+01:00,218.48
2026-03-20T04:30:00+01:00,198.64
2026-03-20T04:45:00+01:00,193.6
2026-03-20T05:00:00+01:00,186.48
2026-03-20T05:15:00+01:00,184.24
2026-03-20T05:30:00+01:00,179.92
2026-03-20T05:45:00+01:00,179.76
2026-03-20T06:00:00+01:00,167.2
2026-03-20T06:15:00+01:00,165.84
2026-03-20T06:30:00+01:00,173.28
2026-03-20T06:45:00+01:00,188.64
2026-03-20T07:00:00+01:00,184.48
2026-03-20T07:15:00+01:00,159.84
2026-03-20T07:30:00+01:00,145.76
2026-03-20T07:45:00+01:00,78.88
2026-03-20T08:00:00+01:00,69.84
2026-03-20T08:15:00+01:00,53.52
2026-03-20T08:30:00+01:00,12.16
2026-03-20T08:45:00+01:00,0.08
2026-03-20T09:00:00+01:00,0.0
2026-03-20T09:15:00+01:00,0.0
2026-03-20T09:30:00+01:00,0.0
2026-03-20T09:45:00+01:00,0.0
2026-03-20T10:00:00+01:00,0.0
2026-03-20T10:15:00+01:00,0.0
2026-03-20T10:30:00+01:00,0.0
2026-03-20T10:45:00+01:00,0.0
2026-03-20T11:00:00+01:00,0.0
2026-03-20T11:15:00+01:00,0.0
2026-03-20T11:30:00+01:00,0.0
2026-03-20T11:45:00+01:00,0.0
2026-03-20T12:00:00+01:00,0.0
2026-03-20T12:15:00+01:00,0.0
2026-03-20T12:30:00+01:00,0.0
2026-03-20T12:45:00+01:00,0.0
2026-03-20T13:00:00+01:00,0.0
2026-03-20T13:15:00+01:00,0.0
2026-03-20T13:30:00+01:00,0.0
2026-03-20T13:45:00+01:00,0.0
2026-03-20T14:00:00+01:00,0.0
2026-03-20T14:15:00+01:00,0.0
2026-03-20T14:30:00+01:00,0.0
2026-03-20T14:45:00+01:00,0.0
2026-03-20T15:00:00+01:00,0.0
2026-03-20T15:15:00+01:00,0.0
2026-03-20T15:30:00+01:00,0.0
2026-03-20T15:45:00+01:00,0.0
2026-03-20T16:00:00+01:00,0.0
2026-03-20T16:15:00+01:00,0.0
2026-03-20T16:30:00+01:00,0.0
2026-03-20T16:45:00+01:00,7.2
2026-03-20T17:00:00+01:00,38.48
2026-03-20T17:15:00+01:00,56.4
2026-03-20T17:30:00+01:00,73.68
2026-03-20T17:45:00+01:00,96.96
2026-03-20T18:00:00+01:00,129.68
2026-03-20T18:15:00+01:00,122.64
2026-03-20T18:30:00+01:00,119.52
2026-03-20T18:45:00+01:00,123.92
2026-03-20T19:00:00+01:00,129.2
2026-03-20T19:15:00+01:00,131.68
2026-03-20T19:30:00+01:00,101.44
2026-03-20T19:45:00+01:00,82.16
2026-03-20T20:00:00+01:00,77.36
2026-03-20T20:15:00+01:00,64.0
2026-03-20T20:30:00+01:00,54.32
2026-03-20T20:45:00+01:00,50.96
2026-03-20T21:00:00+01:00,47.68
2026-03-20T21:15:00+01:00,46.08
2026-03-20T21:30:00+01:00,46.56
2026-03-20T21:45:00+01:00,46.16
2026-03-20T22:00:00+01:00,48.56
2026-03-20T22:15:00+01:00,46.24
2026-03-20T22:30:00+01:00,47.44
2026-03-20T22:45:00+01:00,45.44
2026-03-20T23:00:00+01:00,45.6
2026-03-20T23:15:00+01:00,44.88
2026-03-20T23:30:00+01:00,44.72
2026-03-20T23:45:00+01:00,41.76
2026-03-21T00:00:00+01:00,43.44
2026-03-21T00:15:00+01:00,40.24
2026-03-21T00:30:00+01:00,37.6
2026-03-21T00:45:00+01:00,36.56
2026-03-21T01:00:00+01:00,38.64
2026-03-21T01:15:00+01:00,40.08
2026-03-21T01:30:00+01:00,37.84
2026-03-21T01:45:00+01:00,40.0
2026-03-21T02:00:00+01:00,38.72
2026-03-21T02:15:00+01:00,37.36
2026-03-21T02:30:00+01:00,38.96
2026-03-21T02:45:00+01:00,38.88
2026-03-21T03:00:00+01:00,37.68
2026-03-21T03:15:00+01:00,37.28
2026-03-21T03:30:00+01:00,37.84
2026-03-21T03:45:00+01:00,37.44
2026-03-21T04:00:00+01:00,37.76
2026-03-21T04:15:00+01:00,37.52
2026-03-21T04:30:00+01:00,37.76
2026-03-21T04:45:00+01:00,38.24
2026-03-21T05:00:00+01:00,40.88
2026-03-21T05:15:00+01:00,39.6
2026-03-21T05:30:00+01:00,39.2
2026-03-21T05:45:00+01:00,40.4
2026-03-21T06:00:00+01:00,44.56
2026-03-21T06:15:00+01:00,42.16
2026-03-21T06:30:00+01:00,37.6
2026-03-21T06:45:00+01:00,25.2
2026-03-21T07:00:00+01:00,12.88
2026-03-21T07:15:00+01:00,1.76
2026-03-21T07:30:00+01:00,0.0
2026-03-21T07:45:00+01:00,0.0
2026-03-21T08:00:00+01:00,0.0
2026-03-21T08:15:00+01:00,0.0
2026-03-21T08:30:00+01:00,0.0
2026-03-21T08:45:00+01:00,0.0
2026-03-21T09:00:00+01:00,0.0
2026-03-21T09:15:00+01:00,0.0
2026-03-21T09:30:00+01:00,0.0
2026-03-21T09:45:00+01:00,0.0
2026-03-21T10:00:00+01:00,0.0
2026-03-21T10:15:00+01:00,0.0
2026-03-21T10:30:00+01:00,0.0
2026-03-21T10:45:00+01:00,0.0
2026-03-21T11:00:00+01:00,0.0
2026-03-21T11:15:00+01:00,0.0
2026-03-21T11:30:00+01:00,0.0
2026-03-21T11:45:00+01:00,0.0
2026-03-21T12:00:00+01:00,0.0
2026-03-21T12:15:00+01:00,0.0
2026-03-21T12:30:00+01:00,0.0
2026-03-21T12:45:00+01:00,0.0
2026-03-21T13:00:00+01:00,0.0
2026-03-21T13:15:00+01:00,0.0
2026-03-21T13:30:00+01:00,0.0
2026-03-21T13:45:00+01:00,0.0
2026-03-21T14:00:00+01:00,0.0
2026-03-21T14:15:00+01:00,0.0
2026-03-21T14:30:00+01:00,0.0
2026-03-21T14:45:00+01:00,0.0
2026-03-21T15:00:00+01:00,0.0
2026-03-21T15:15:00+01:00,0.0
2026-03-21T15:30:00+01:00,0.0
2026-03-21T15:45:00+01:00,0.0
2026-03-21T16:00:00+01:00,0.0
2026-03-21T16:15:00+01:00,0.0
2026-03-21T16:30:00+01:00,0.0
2026-03-21T16:45:00+01:00,0.0
2026-03-21T17:00:00+01:00,0.0
2026-03-21T17:15:00+01:00,0.0
2026-03-21T17:30:00+01:00,0.56
2026-03-21T17:45:00+01:00,6.08
2026-03-21T18:00:00+01:00,19.52
2026-03-21T18:15:00+01:00,23.92
2026-03-21T18:30:00+01:00,32.24
2026-03-21T18:45:00+01:00,33.68
2026-03-21T19:00:00+01:00,34.32
2026-03-21T19:15:00+01:00,38.24
2026-03-21T19:30:00+01:00,39.52
2026-03-21T19:45:00+01:00,38.0
2026-03-21T20:00:00+01:00,40.08
2026-03-21T20:15:00+01:00,36.8
2026-03-21T20:30:00+01:00,36.08
2026-03-21T20:45:00+01:00,34.88
2026-03-21T21:00:00+01:00,34.72
2026-03-21T21:15:00+01:00,33.28
2026-03-21T21:30:00+01:00,34.0
2026-03-21T21:45:00+01:00,33.6
2026-03-21T22:00:00+01:00,35.68
2026-03-21T22:15:00+01:00,33.92
2026-03-21T22:30:00+01:00,34.64
2026-03-21T22:45:00+01:00,32.4
2026-03-21T23:00:00+01:00,33.76
2026-03-21T23:15:00+01:00,33.28
2026-03-21T23:30:00+01:00,35.12
2026-03-21T23:45:00+01:00,34.48
2026-03-22T00:00:00+01:00,35.6
2026-03-22T00:15:00+01:00,34.96
2026-03-22T00:30:00+01:00,36.08
2026-03-22T00:45:00+01:00,32.64
2026-03-22T01:00:00+01:00,34.8
2026-03-22T01:15:00+01:00,35.52
2026-03-22T01:30:00+01:00,37.44
2026-03-22T01:45:00+01:00,32.96
2026-03-22T02:00:00+01:00,35.92
2026-03-22T02:15:00+01:00,35.12
2026-03-22T02:30:00+01:00,35.52
2026-03-22T02:45:00+01:00,33.36
2026-03-22T03:00:00+01:00,33.12
2026-03-22T03:15:00+01:00,34.08
2026-03-22T03:30:00+01:00,33.92
2026-03-22T03:45:00+01:00,33.6
2026-03-22T04:00:00+01:00,34.88
2026-03-22T04:15:00+01:00,34.64
2026-03-22T04:30:00+01:00,34.16
2026-03-22T04:45:00+01:00,35.04
2026-03-22T05:00:00+01:00,34.08
2026-03-22T05:15:00+01:00,35.28
2026-03-22T05:30:00+01:00,34.4
2026-03-22T05:45:00+01:00,34.96
2026-03-22T06:00:00+01:00,36.16
2026-03-22T06:15:00+01:00,35.2
2026-03-22T06:30:00+01:00,28.16
2026-03-22T06:45:00+01:00,18.08
2026-03-22T07:00:00+01:00,3.28
2026-03-22T07:15:00+01:00,0.0
2026-03-22T07:30:00+01:00,0.0
2026-03-22T07:45:00+01:00,0.0
2026-03-22T08:00:00+01:00,0.0
2026-03-22T08:15:00+01:00,0.0
2026-03-22T08:30:00+01:00,0.0
2026-03-22T08:45:00+01:00,0.0
2026-03-22T09:00:00+01:00,0.0
2026-03-22T09:15:00+01:00,0.0
2026-03-22T09:30:00+01:00,0.0
2026-03-22T09:45:00+01:00,0.0
2026-03-22T10:00:00+01:00,0.0
2026-03-22T10:15:00+01:00,0.0
2026-03-22T10:30:00+01:00,0.0
2026-03-22T10:45:00+01:00,0.0
2026-03-22T11:00:00+01:00,0.0
2026-03-22T11:15:00+01:00,0.0
2026-03-22T11:30:00+01:00,0.0
2026-03-22T11:45:00+01:00,0.0
2026-03-22T12:00:00+01:00,0.0
2026-03-22T12:15:00+01:00,0.0
2026-03-22T12:30:00+01:00,0.0
2026-03-22T12:45:00+01:00,0.0
2026-03-22T13:00:00+01:00,0.0
2026-03-22T13:15:00+01:00,0.0
2026-03-22T13:30:00+01:00,0.0
2026-03-22T13:45:00+01:00,0.0
2026-03-22T14:00:00+01:00,0.0
2026-03-22T14:15:00+01:00,0.0
2026-03-22T14:30:00+01:00,0.0
2026-03-22T14:45:00+01:00,0.0
2026-03-22T15:00:00+01:00,0.0
2026-03-22T15:15:00+01:00,0.0
2026-03-22T15:30:00+01:00,0.0
2026-03-22T15:45:00+01:00,0.0
2026-03-22T16:00:00+01:00,0.0
2026-03-22T16:15:00+01:00,0.0
2026-03-22T16:30:00+01:00,0.0
2026-03-22T16:45:00+01:00,0.0
2026-03-22T17:00:00+01:00,0.0
2026-03-22T17:15:00+01:00,0.0
2026-03-22T17:30:00+01:00,0.08
2026-03-22T17:45:00+01:00,0.4
2026-03-22T18:00:00+01:00,10.32
2026-03-22T18:15:00+01:00,18.08
2026-03-22T18:30:00+01:00,27.6
2026-03-22T18:45:00+01:00,31.28
2026-03-22T19:00:00+01:00,33.04
2026-03-22T19:15:00+01:00,34.24
2026-03-22T19:30:00+01:00,35.12
2026-03-22T19:45:00+01:00,38.4
2026-03-22T20:00:00+01:00,36.96
2026-03-22T20:15:00+01:00,42.96
2026-03-22T20:30:00+01:00,41.6
2026-03-22T20:45:00+01:00,40.88
2026-03-22T21:00:00+01:00,41.44
2026-03-22T21:15:00+01:00,40.08
2026-03-22T21:30:00+01:00,41.12
2026-03-22T21:45:00+01:00,41.28
2026-03-22T22:00:00+01:00,46.72
2026-03-22T22:15:00+01:00,43.36
2026-03-22T22:30:00+01:00,42.8
2026-03-22T22:45:00+01:00,40.16
2026-03-22T23:00:00+01:00,41.2
2026-03-22T23:15:00+01:00,40.64
2026-03-22T23:30:00+01:00,40.56
2026-03-22T23:45:00+01:00,42.96
2026-03-23T00:00:00+01:00,45.36
2026-03-23T00:15:00+01:00,44.8
2026-03-23T00:30:00+01:00,45.68
2026-03-23T00:45:00+01:00,44.24
2026-03-23T01:00:00+01:00,44.64
2026-03-23T01:15:00+01:00,45.28
2026-03-23T01:30:00+01:00,48.8
2026-03-23T01:45:00+01:00,44.08
2026-03-23T02:00:00+01:00,44.4
2026-03-23T02:15:00+01:00,43.68
2026-03-23T02:30:00+01:00,47.36
2026-03-23T02:45:00+01:00,43.76
2026-03-23T03:00:00+01:00,40.96
2026-03-23T03:15:00+01:00,41.92
2026-03-23T03:30:00+01:00,38.56
2026-03-23T03:45:00+01:00,41.28
2026-03-23T04:00:00+01:00,40.72
2026-03-23T04:15:00+01:00,41.28
2026-03-23T04:30:00+01:00,42.72
2026-03-23T04:45:00+01:00,45.84
2026-03-23T05:00:00+01:00,54.4
2026-03-23T05:15:00+01:00,55.52
2026-03-23T05:30:00+01:00,86.4
2026-03-23T05:45:00+01:00,108.4
2026-03-23T06:00:00+01:00,138.56
2026-03-23T06:15:00+01:00,181.2
2026-03-23T06:30:00+01:00,157.12
2026-03-23T06:45:00+01:00,170.24
2026-03-23T07:00:00+01:00,186.96
2026-03-23T07:15:00+01:00,191.36
2026-03-23T07:30:00+01:00,100.48
2026-03-23T07:45:00+01:00,64.08
2026-03-23T08:00:00+01:00,107.92
2026-03-23T08:15:00+01:00,140.0
2026-03-23T08:30:00+01:00,132.88
2026-03-23T08:45:00+01:00,108.56
2026-03-23T09:00:00+01:00,0.0
2026-03-23T09:15:00+01:00,0.0
2026-03-23T09:30:00+01:00,0.0
2026-03-23T09:45:00+01:00,0.0
2026-03-23T10:00:00+01:00,0.0
2026-03-23T10:15:00+01:00,0.0
2026-03-23T10:30:00+01:00,4.4
2026-03-23T10:45:00+01:00,10.96
2026-03-23T11:00:00+01:00,7.92
2026-03-23T11:15:00+01:00,43.36
2026-03-23T11:30:00+01:00,4.96
2026-03-23T11:45:00+01:00,0.0
2026-03-23T12:00:00+01:00,0.0
2026-03-23T12:15:00+01:00,0.0
2026-03-23T12:30:00+01:00,56.96
2026-03-23T12:45:00+01:00,163.44
2026-03-23T13:00:00+01:00,137.44
2026-03-23T13:15:00+01:00,100.0
2026-03-23T13:30:00+01:00,19.28
2026-03-23T13:45:00+01:00,138.72
2026-03-23T14:00:00+01:00,110.72
2026-03-23T14:15:00+01:00,15.44
2026-03-23T14:30:00+01:00,17.2
2026-03-23T14:45:00+01:00,0.0
2026-03-23T15:00:00+01:00,0.16
2026-03-23T15:15:00+01:00,59.6
2026-03-23T15:30:00+01:00,90.16
2026-03-23T15:45:00+01:00,69.76
2026-03-23T16:00:00+01:00,84.24
2026-03-23T16:15:00+01:00,99.52
2026-03-23T16:30:00+01:00,62.0
2026-03-23T16:45:00+01:00,87.2
2026-03-23T17:00:00+01:00,141.44
2026-03-23T17:15:00+01:00,142.48
2026-03-23T17:30:00+01:00,135.76
2026-03-23T17:45:00+01:00,147.44
2026-03-23T18:00:00+01:00,159.76
2026-03-23T18:15:00+01:00,195.44
2026-03-23T18:30:00+01:00,195.68
2026-03-23T18:45:00+01:00,202.24
2026-03-23T19:00:00+01:00,221.36
2026-03-23T19:15:00+01:00,210.32
2026-03-23T19:30:00+01:00,191.36
2026-03-23T19:45:00+01:00,208.96
2026-03-23T20:00:00+01:00,194.56
2026-03-23T20:15:00+01:00,196.56
2026-03-23T20:30:00+01:00,191.92
2026-03-23T20:45:00+01:00,180.64
2026-03-23T21:00:00+01:00,163.28
2026-03-23T21:15:00+01:00,170.72
2026-03-23T21:30:00+01:00,153.04
2026-03-23T21:45:00+01:00,156.32
2026-03-23T22:00:00+01:00,141.36
2026-03-23T22:15:00+01:00,164.4
2026-03-23T22:30:00+01:00,167.12
2026-03-23T22:45:00+01:00,171.68
2026-03-23T23:00:00+01:00,158.56
2026-03-23T23:15:00+01:00,165.84
2026-03-23T23:30:00+01:00,187.28
2026-03-23T23:45:00+01:00,199.52
2026-03-24T00:00:00+01:00,180.56
2026-03-24T00:15:00+01:00,180.72
2026-03-24T00:30:00+01:00,185.76
2026-03-24T00:45:00+01:00,211.76
2026-03-24T01:00:00+01:00,208.64
2026-03-24T01:15:00+01:00,218.96
2026-03-24T01:30:00+01:00,203.76
2026-03-24T01:45:00+01:00,186.4
2026-03-24T02:00:00+01:00,183.68
2026-03-24T02:15:00+01:00,191.68
2026-03-24T02:30:00+01:00,200.8
2026-03-24T02:45:00+01:00,208.88
2026-03-24T03:00:00+01:00,218.48
2026-03-24T03:15:00+01:00,222.4
2026-03-24T03:30:00+01:00,221.44
2026-03-24T03:45:00+01:00,221.84
2026-03-24T04:00:00+01:00,198.24
2026-03-24T04:15:00+01:00,205.2
2026-03-24T04:30:00+01:00,212.64
2026-03-24T04:45:00+01:00,213.84
2026-03-24T05:00:00+01:00,233.2
2026-03-24T05:15:00+01:00,222.16
2026-03-24T05:30:00+01:00,218.24
2026-03-24T05:45:00+01:00,254.0
2026-03-24T06:00:00+01:00,234.8
2026-03-24T06:15:00+01:00,228.08
2026-03-24T06:30:00+01:00,232.88
2026-03-24T06:45:00+01:00,207.6
2026-03-24T07:00:00+01:00,233.76
2026-03-24T07:15:00+01:00,206.48
2026-03-24T07:30:00+01:00,179.04
2026-03-24T07:45:00+01:00,131.04
2026-03-24T08:00:00+01:00,105.6
2026-03-24T08:15:00+01:00,64.8
2026-03-24T08:30:00+01:00,45.76
2026-03-24T08:45:00+01:00,24.96
2026-03-24T09:00:00+01:00,46.56
2026-03-24T09:15:00+01:00,12.56
2026-03-24T09:30:00+01:00,17.2
2026-03-24T09:45:00+01:00,1.36
2026-03-24T10:00:00+01:00,0.0
2026-03-24T10:15:00+01:00,0.0
2026-03-24T10:30:00+01:00,0.0
2026-03-24T10:45:00+01:00,0.0
2026-03-24T11:00:00+01:00,0.0
2026-03-24T11:15:00+01:00,0.0
2026-03-24T11:30:00+01:00,0.0
2026-03-24T11:45:00+01:00,0.0
2026-03-24T12:00:00+01:00,0.0
2026-03-24T12:15:00+01:00,0.0
2026-03-24T12:30:00+01:00,0.0
2026-03-24T12:45:00+01:00,0.0
2026-03-24T13:00:00+01:00,0.0
2026-03-24T13:15:00+01:00,0.0
2026-03-24T13:30:00+01:00,0.0
2026-03-24T13:45:00+01:00,0.0
2026-03-24T14:00:00+01:00,0.0
2026-03-24T14:15:00+01:00,0.0
2026-03-24T14:30:00+01:00,0.0
2026-03-24T14:45:00+01:00,0.0
2026-03-24T15:00:00+01:00,0.0
2026-03-24T15:15:00+01:00,0.0
2026-03-24T15:30:00+01:00,1.2
2026-03-24T15:45:00+01:00,0.08
2026-03-24T16:00:00+01:00,0.0
2026-03-24T16:15:00+01:00,1.36
2026-03-24T16:30:00+01:00,4.96
2026-03-24T16:45:00+01:00,20.32
2026-03-24T17:00:00+01:00,58.72
2026-03-24T17:15:00+01:00,156.56
2026-03-24T17:30:00+01:00,162.08
2026-03-24T17:45:00+01:00,146.72
2026-03-24T18:00:00+01:00,176.24
2026-03-24T18:15:00+01:00,150.56
2026-03-24T18:30:00+01:00,164.32
2026-03-24T18:45:00+01:00,205.36
2026-03-24T19:00:00+01:00,200.88
2026-03-24T19:15:00+01:00,206.64
2026-03-24T19:30:00+01:00,216.32
2026-03-24T19:45:00+01:00,225.04
2026-03-24T20:00:00+01:00,194.8
2026-03-24T20:15:00+01:00,184.8
2026-03-24T20:30:00+01:00,198.24
2026-03-24T20:45:00+01:00,179.04
2026-03-24T21:00:00+01:00,164.96
2026-03-24T21:15:00+01:00,189.36
2026-03-24T21:30:00+01:00,184.88
2026-03-24T21:45:00+01:00,184.08
2026-03-24T22:00:00+01:00,189.28
2026-03-24T22:15:00+01:00,181.2
2026-03-24T22:30:00+01:00,161.6
2026-03-24T22:45:00+01:00,182.48
2026-03-24T23:00:00+01:00,191.84
2026-03-24T23:15:00+01:00,162.64
2026-03-24T23:30:00+01:00,153.92
2026-03-24T23:45:00+01:00,169.92
2026-03-25T00:00:00+01:00,191.6
2026-03-25T00:15:00+01:00,195.04
2026-03-25T00:30:00+01:00,192.08
2026-03-25T00:45:00+01:00,185.44
2026-03-25T01:00:00+01:00,194.16
2026-03-25T01:15:00+01:00,202.08
2026-03-25T01:30:00+01:00,189.76
2026-03-25T01:45:00+01:00,193.36
2026-03-25T02:00:00+01:00,191.04
2026-03-25T02:15:00+01:00,184.4
2026-03-25T02:30:00+01:00,147.84
2026-03-25T02:45:00+01:00,147.36
2026-03-25T03:00:00+01:00,171.44
2026-03-25T03:15:00+01:00,170.24
2026-03-25T03:30:00+01:00,154.4
2026-03-25T03:45:00+01:00,171.68
2026-03-25T04:00:00+01:00,176.16
2026-03-25T04:15:00+01:00,185.76
2026-03-25T04:30:00+01:00,199.36
2026-03-25T04:45:00+01:00,180.24
2026-03-25T05:00:00+01:00,181.92
2026-03-25T05:15:00+01:00,169.84
2026-03-25T05:30:00+01:00,162.32
2026-03-25T05:45:00+01:00,154.48
2026-03-25T06:00:00+01:00,179.04
2026-03-25T06:15:00+01:00,218.32
2026-03-25T06:30:00+01:00,206.96
2026-03-25T06:45:00+01:00,183.68
2026-03-25T07:00:00+01:00,180.64
2026-03-25T07:15:00+01:00,126.16
2026-03-25T07:30:00+01:00,136.48
2026-03-25T07:45:00+01:00,85.28
2026-03-25T08:00:00+01:00,40.24
2026-03-25T08:15:00+01:00,35.36
2026-03-25T08:30:00+01:00,12.08
2026-03-25T08:45:00+01:00,5.76
2026-03-25T09:00:00+01:00,0.56
2026-03-25T09:15:00+01:00,0.0
2026-03-25T09:30:00+01:00,0.0
2026-03-25T09:45:00+01:00,0.0
2026-03-25T10:00:00+01:00,0.0
2026-03-25T10:15:00+01:00,0.0
2026-03-25T10:30:00+01:00,0.0
2026-03-25T10:45:00+01:00,0.0
2026-03-25T11:00:00+01:00,0.0
2026-03-25T11:15:00+01:00,0.0
2026-03-25T11:30:00+01:00,0.0
2026-03-25T11:45:00+01:00,0.0
2026-03-25T12:00:00+01:00,0.0
2026-03-25T12:15:00+01:00,0.0
2026-03-25T12:30:00+01:00,6.48
2026-03-25T12:45:00+01:00,8.8
2026-03-25T13:00:00+01:00,0.0
2026-03-25T13:15:00+01:00,13.12
2026-03-25T13:30:00+01:00,80.8
2026-03-25T13:45:00+01:00,112.56
2026-03-25T14:00:00+01:00,63.84
2026-03-25T14:15:00+01:00,51.92
2026-03-25T14:30:00+01:00,56.16
2026-03-25T14:45:00+01:00,42.56
2026-03-25T15:00:00+01:00,50.32
2026-03-25T15:15:00+01:00,85.92
2026-03-25T15:30:00+01:00,117.6
2026-03-25T15:45:00+01:00,179.2
2026-03-25T16:00:00+01:00,216.72
2026-03-25T16:15:00+01:00,230.24
2026-03-25T16:30:00+01:00,243.52
2026-03-25T16:45:00+01:00,241.28
2026-03-25T17:00:00+01:00,230.0
2026-03-25T17:15:00+01:00,214.32
2026-03-25T17:30:00+01:00,208.8
2026-03-25T17:45:00+01:00,215.12
2026-03-25T18:00:00+01:00,222.32
2026-03-25T18:15:00+01:00,183.36
2026-03-25T18:30:00+01:00,171.84
2026-03-25T18:45:00+01:00,189.6
2026-03-25T19:00:00+01:00,194.64
2026-03-25T19:15:00+01:00,220.4
2026-03-25T19:30:00+01:00,199.2
2026-03-25T19:45:00+01:00,204.48
2026-03-25T20:00:00+01:00,196.48
2026-03-25T20:15:00+01:00,219.68
2026-03-25T20:30:00+01:00,232.88
2026-03-25T20:45:00+01:00,208.64
2026-03-25T21:00:00+01:00,207.28
2026-03-25T21:15:00+01:00,213.76
2026-03-25T21:30:00+01:00,217.12
2026-03-25T21:45:00+01:00,215.04
2026-03-25T22:00:00+01:00,211.44
2026-03-25T22:15:00+01:00,201.04
2026-03-25T22:30:00+01:00,187.44
2026-03-25T22:45:00+01:00,189.04
2026-03-25T23:00:00+01:00,193.92
2026-03-25T23:15:00+01:00,190.4
2026-03-25T23:30:00+01:00,179.68
2026-03-25T23:45:00+01:00,186.72
2026-03-26T00:00:00+01:00,190.64
2026-03-26T00:15:00+01:00,184.8
2026-03-26T00:30:00+01:00,213.68
2026-03-26T00:45:00+01:00,204.72
2026-03-26T01:00:00+01:00,214.88
2026-03-26T01:15:00+01:00,219.44
2026-03-26T01:30:00+01:00,202.16
2026-03-26T01:45:00+01:00,203.44
2026-03-26T02:00:00+01:00,212.8
2026-03-26T02:15:00+01:00,204.0
2026-03-26T02:30:00+01:00,215.36
2026-03-26T02:45:00+01:00,228.32
2026-03-26T03:00:00+01:00,215.12
2026-03-26T03:15:00+01:00,202.24
2026-03-26T03:30:00+01:00,195.52
2026-03-26T03:45:00+01:00,198.4
2026-03-26T04:00:00+01:00,192.72
2026-03-26T04:15:00+01:00,188.48
2026-03-26T04:30:00+01:00,187.68
2026-03-26T04:45:00+01:00,195.76
2026-03-26T05:00:00+01:00,212.08
2026-03-26T05:15:00+01:00,196.96
2026-03-26T05:30:00+01:00,179.84
2026-03-26T05:45:00+01:00,183.52
2026-03-26T06:00:00+01:00,200.8
2026-03-26T06:15:00+01:00,202.72
2026-03-26T06:30:00+01:00,230.64
2026-03-26T06:45:00+01:00,246.64
2026-03-26T07:00:00+01:00,247.28
2026-03-26T07:15:00+01:00,222.48
2026-03-26T07:30:00+01:00,213.28
2026-03-26T07:45:00+01:00,202.8
2026-03-26T08:00:00+01:00,217.28
2026-03-26T08:15:00+01:00,229.84
2026-03-26T08:30:00+01:00,192.24
2026-03-26T08:45:00+01:00,202.72
2026-03-26T09:00:00+01:00,226.96
2026-03-26T09:15:00+01:00,187.12
2026-03-26T09:30:00+01:00,180.88
2026-03-26T09:45:00+01:00,157.44
2026-03-26T10:00:00+01:00,82.72
2026-03-26T10:15:00+01:00,55.68
2026-03-26T10:30:00+01:00,70.96
2026-03-26T10:45:00+01:00,52.96
2026-03-26T11:00:00+01:00,56.56
2026-03-26T11:15:00+01:00,44.56
2026-03-26T11:30:00+01:00,9.92
2026-03-26T11:45:00+01:00,2.96
2026-03-26T12:00:00+01:00,0.0
2026-03-26T12:15:00+01:00,67.36
2026-03-26T12:30:00+01:00,155.36
2026-03-26T12:45:00+01:00,52.24
2026-03-26T13:00:00+01:00,49.92
2026-03-26T13:15:00+01:00,22.08
2026-03-26T13:30:00+01:00,1.76
2026-03-26T13:45:00+01:00,98.08
2026-03-26T14:00:00+01:00,107.52
2026-03-26T14:15:00+01:00,191.2
2026-03-26T14:30:00+01:00,110.32
2026-03-26T14:45:00+01:00,122.4
2026-03-26T15:00:00+01:00,94.4
2026-03-26T15:15:00+01:00,84.48
2026-03-26T15:30:00+01:00,63.92
2026-03-26T15:45:00+01:00,58.24
2026-03-26T16:00:00+01:00,72.08
2026-03-26T16:15:00+01:00,3.36
2026-03-26T16:30:00+01:00,9.92
2026-03-26T16:45:00+01:00,60.56
2026-03-26T17:00:00+01:00,72.4
2026-03-26T17:15:00+01:00,93.52
2026-03-26T17:30:00+01:00,130.24
2026-03-26T17:45:00+01:00,171.76
2026-03-26T18:00:00+01:00,140.72
2026-03-26T18:15:00+01:00,147.2
2026-03-26T18:30:00+01:00,138.0
2026-03-26T18:45:00+01:00,174.0
2026-03-26T19:00:00+01:00,189.04
2026-03-26T19:15:00+01:00,188.88
2026-03-26T19:30:00+01:00,168.64
2026-03-26T19:45:00+01:00,158.16
2026-03-26T20:00:00+01:00,183.68
2026-03-26T20:15:00+01:00,178.64
2026-03-26T20:30:00+01:00,161.92
2026-03-26T20:45:00+01:00,163.12
2026-03-26T21:00:00+01:00,185.44
2026-03-26T21:15:00+01:00,194.0
2026-03-26T21:30:00+01:00,205.44
2026-03-26T21:45:00+01:00,194.56
2026-03-26T22:00:00+01:00,174.56
2026-03-26T22:15:00+01:00,174.64
2026-03-26T22:30:00+01:00,179.76
2026-03-26T22:45:00+01:00,178.8
2026-03-26T23:00:00+01:00,152.96
2026-03-26T23:15:00+01:00,182.24
2026-03-26T23:30:00+01:00,176.48
2026-03-26T23:45:00+01:00,177.36
2026-03-27T00:00:00+01:00,173.76
2026-03-27T00:15:00+01:00,179.6
2026-03-27T00:30:00+01:00,167.44
2026-03-27T00:45:00+01:00,153.92
2026-03-27T01:00:00+01:00,190.56
2026-03-27T01:15:00+01:00,173.36
2026-03-27T01:30:00+01:00,174.64
2026-03-27T01:45:00+01:00,168.96
2026-03-27T02:00:00+01:00,170.16
2026-03-27T02:15:00+01:00,183.52
2026-03-27T02:30:00+01:00,189.44
2026-03-27T02:45:00+01:00,188.4
2026-03-27T03:00:00+01:00,176.8
2026-03-27T03:15:00+01:00,168.88
2026-03-27T03:30:00+01:00,165.84
2026-03-27T03:45:00+01:00,184.32
2026-03-27T04:00:00+01:00,165.12
2026-03-27T04:15:00+01:00,149.36
2026-03-27T04:30:00+01:00,140.48
2026-03-27T04:45:00+01:00,149.12
2026-03-27T05:00:00+01:00,158.16
2026-03-27T05:15:00+01:00,160.64
2026-03-27T05:30:00+01:00,185.6
2026-03-27T05:45:00+01:00,179.12
2026-03-27T06:00:00+01:00,139.6
2026-03-27T06:15:00+01:00,169.52
2026-03-27T06:30:00+01:00,186.16
2026-03-27T06:45:00+01:00,193.28
2026-03-27T07:00:00+01:00,187.6
2026-03-27T07:15:00+01:00,207.36
2026-03-27T07:30:00+01:00,237.44
2026-03-27T07:45:00+01:00,205.44
2026-03-27T08:00:00+01:00,195.92
2026-03-27T08:15:00+01:00,203.84
2026-03-27T08:30:00+01:00,193.92
2026-03-27T08:45:00+01:00,197.12
2026-03-27T09:00:00+01:00,212.72
2026-03-27T09:15:00+01:00,235.92
2026-03-27T09:30:00+01:00,202.0
2026-03-27T09:45:00+01:00,162.24
2026-03-27T10:00:00+01:00,178.08
2026-03-27T10:15:00+01:00,153.76
2026-03-27T10:30:00+01:00,96.48
2026-03-27T10:45:00+01:00,41.04
2026-03-27T11:00:00+01:00,0.0
2026-03-27T11:15:00+01:00,6.56
2026-03-27T11:30:00+01:00,0.48
2026-03-27T11:45:00+01:00,0.48
2026-03-27T12:00:00+01:00,0.0
2026-03-27T12:15:00+01:00,69.36
2026-03-27T12:30:00+01:00,165.68
2026-03-27T12:45:00+01:00,116.96
2026-03-27T13:00:00+01:00,16.56
2026-03-27T13:15:00+01:00,0.0
2026-03-27T13:30:00+01:00,0.0
2026-03-27T13:45:00+01:00,17.04
2026-03-27T14:00:00+01:00,128.24
2026-03-27T14:15:00+01:00,84.72
2026-03-27T14:30:00+01:00,6.96
2026-03-27T14:45:00+01:00,0.0
2026-03-27T15:00:00+01:00,0.0
2026-03-27T15:15:00+01:00,0.0
2026-03-27T15:30:00+01:00,0.0
2026-03-27T15:45:00+01:00,0.0
2026-03-27T16:00:00+01:00,3.2
2026-03-27T16:15:00+01:00,26.24
2026-03-27T16:30:00+01:00,43.04
2026-03-27T16:45:00+01:00,37.28
2026-03-27T17:00:00+01:00,48.8
2026-03-27T17:15:00+01:00,37.6
2026-03-27T17:30:00+01:00,62.72
2026-03-27T17:45:00+01:00,88.96
2026-03-27T18:00:00+01:00,103.6
2026-03-27T18:15:00+01:00,135.76
2026-03-27T18:30:00+01:00,136.08
2026-03-27T18:45:00+01:00,147.28
2026-03-27T19:00:00+01:00,134.32
2026-03-27T19:15:00+01:00,105.92
2026-03-27T19:30:00+01:00,103.28
2026-03-27T19:45:00+01:00,108.96
2026-03-27T20:00:00+01:00,96.08
2026-03-27T20:15:00+01:00,85.12
2026-03-27T20:30:00+01:00,76.24
2026-03-27T20:45:00+01:00,75.6
2026-03-27T21:00:00+01:00,81.36
2026-03-27T21:15:00+01:00,66.24
2026-03-27T21:30:00+01:00,57.52
2026-03-27T21:45:00+01:00,53.6
2026-03-27T22:00:00+01:00,54.56
2026-03-27T22:15:00+01:00,54.16
2026-03-27T22:30:00+01:00,47.76
2026-03-27T22:45:00+01:00,40.4
2026-03-27T23:00:00+01:00,38.64
2026-03-27T23:15:00+01:00,40.4
2026-03-27T23:30:00+01:00,40.4
2026-03-27T23:45:00+01:00,39.84
2026-03-28T00:00:00+01:00,42.32
2026-03-28T00:15:00+01:00,42.16
2026-03-28T00:30:00+01:00,42.72
2026-03-28T00:45:00+01:00,40.88
2026-03-28T01:00:00+01:00,43.84
2026-03-28T01:15:00+01:00,40.8
2026-03-28T01:30:00+01:00,40.32
2026-03-28T01:45:00+01:00,37.92
2026-03-28T02:00:00+01:00,38.48
2026-03-28T02:15:00+01:00,36.0
2026-03-28T02:30:00+01:00,37.2
2026-03-28T02:45:00+01:00,37.28
2026-03-28T03:00:00+01:00,37.92
2026-03-28T03:15:00+01:00,36.88
2026-03-28T03:30:00+01:00,38.48
2026-03-28T03:45:00+01:00,38.8
2026-03-28T04:00:00+01:00,37.36
2026-03-28T04:15:00+01:00,38.24
2026-03-28T04:30:00+01:00,39.44
2026-03-28T04:45:00+01:00,36.96
2026-03-28T05:00:00+01:00,38.16
2026-03-28T05:15:00+01:00,41.76
2026-03-28T05:30:00+01:00,40.0
2026-03-28T05:45:00+01:00,37.12
2026-03-28T06:00:00+01:00,39.76
2026-03-28T06:15:00+01:00,32.16
2026-03-28T06:30:00+01:00,24.0
2026-03-28T06:45:00+01:00,14.88
2026-03-28T07:00:00+01:00,3.28
2026-03-28T07:15:00+01:00,0.0
2026-03-28T07:30:00+01:00,0.0
2026-03-28T07:45:00+01:00,0.0
2026-03-28T08:00:00+01:00,0.0
2026-03-28T08:15:00+01:00,0.0
2026-03-28T08:30:00+01:00,0.0
2026-03-28T08:45:00+01:00,0.0
2026-03-28T09:00:00+01:00,0.0
2026-03-28T09:15:00+01:00,0.0
2026-03-28T09:30:00+01:00,0.0
2026-03-28T09:45:00+01:00,0.0
2026-03-28T10:00:00+01:00,0.0
2026-03-28T10:15:00+01:00,0.0
2026-03-28T10:30:00+01:00,0.0
2026-03-28T10:45:00+01:00,0.0
2026-03-28T11:00:00+01:00,0.0
2026-03-28T11:15:00+01:00,0.0
2026-03-28T11:30:00+01:00,0.0
2026-03-28T11:45:00+01:00,0.0
2026-03-28T12:00:00+01:00,0.0
2026-03-28T12:15:00+01:00,0.0
2026-03-28T12:30:00+01:00,0.0
2026-03-28T12:45:00+01:00,0.0
2026-03-28T13:00:00+01:00,0.0
2026-03-28T13:15:00+01:00,0.0
2026-03-28T13:30:00+01:00,0.0
2026-03-28T13:45:00+01:00,0.0
2026-03-28T14:00:00+01:00,0.0
2026-03-28T14:15:00+01:00,0.0
2026-03-28T14:30:00+01:00,0.0
2026-03-28T14:45:00+01:00,0.0
2026-03-28T15:00:00+01:00,0.0
2026-03-28T15:15:00+01:00,0.0
2026-03-28T15:30:00+01:00,0.0
2026-03-28T15:45:00+01:00,0.0
2026-03-28T16:00:00+01:00,0.0
2026-03-28T16:15:00+01:00,0.0
2026-03-28T16:30:00+01:00,0.0
2026-03-28T16:45:00+01:00,0.0
2026-03-28T17:00:00+01:00,0.0
2026-03-28T17:15:00+01:00,0.0
2026-03-28T17:30:00+01:00,0.0
2026-03-28T17:45:00+01:00,0.08
2026-03-28T18:00:00+01:00,4.4
2026-03-28T18:15:00+01:00,20.56
2026-03-28T18:30:00+01:00,26.8
2026-03-28T18:45:00+01:00,36.24
2026-03-28T19:00:00+01:00,35.36
2026-03-28T19:15:00+01:00,35.36
2026-03-28T19:30:00+01:00,34.0
2026-03-28T19:45:00+01:00,36.24
2026-03-28T20:00:00+01:00,34.88
2026-03-28T20:15:00+01:00,34.64
2026-03-28T20:30:00+01:00,35.68
2026-03-28T20:45:00+01:00,35.28
2026-03-28T21:00:00+01:00,35.2
2026-03-28T21:15:00+01:00,36.48
2026-03-28T21:30:00+01:00,35.12
2026-03-28T21:45:00+01:00,35.76
2026-03-28T22:00:00+01:00,37.2
2026-03-28T22:15:00+01:00,36.48
2026-03-28T22:30:00+01:00,35.84
2026-03-28T22:45:00+01:00,37.28
2026-03-28T23:00:00+01:00,33.52
2026-03-28T23:15:00+01:00,34.8
2026-03-28T23:30:00+01:00,33.76
2026-03-28T23:45:00+01:00,36.0
2026-03-29T00:00:00+01:00,34.8
2026-03-29T00:15:00+01:00,34.4
2026-03-29T00:30:00+01:00,33.84
2026-03-29T00:45:00+01:00,35.92
2026-03-29T01:00:00+01:00,37.28
2026-03-29T01:15:00+01:00,33.36
2026-03-29T01:30:00+01:00,32.56
2026-03-29T01:45:00+01:00,32.4
2026-03-29T03:00:00+02:00,33.36
2026-03-29T03:15:00+02:00,32.96
2026-03-29T03:30:00+02:00,34.08
2026-03-29T03:45:00+02:00,33.92
2026-03-29T04:00:00+02:00,33.2
2026-03-29T04:15:00+02:00,35.6
2026-03-29T04:30:00+02:00,35.04
2026-03-29T04:45:00+02:00,35.84
2026-03-29T05:00:00+02:00,36.24
2026-03-29T05:15:00+02:00,36.16
2026-03-29T05:30:00+02:00,34.88
2026-03-29T05:45:00+02:00,37.36
2026-03-29T06:00:00+02:00,35.84
2026-03-29T06:15:00+02:00,38.08
2026-03-29T06:30:00+02:00,35.52
2026-03-29T06:45:00+02:00,36.56
2026-03-29T07:00:00+02:00,36.0
2026-03-29T07:15:00+02:00,35.36
2026-03-29T07:30:00+02:00,35.92
2026-03-29T07:45:00+02:00,35.92
2026-03-29T08:00:00+02:00,31.6
2026-03-29T08:15:00+02:00,27.44
2026-03-29T08:30:00+02:00,19.12
2026-03-29T08:45:00+02:00,16.4
2026-03-29T09:00:00+02:00,6.24
2026-03-29T09:15:00+02:00,5.04
2026-03-29T09:30:00+02:00,0.0
2026-03-29T09:45:00+02:00,0.0
2026-03-29T10:00:00+02:00,0.0
2026-03-29T10:15:00+02:00,0.0
2026-03-29T10:30:00+02:00,0.0
2026-03-29T10:45:00+02:00,0.0
2026-03-29T11:00:00+02:00,0.0
2026-03-29T11:15:00+02:00,0.0
2026-03-29T11:30:00+02:00,0.0
2026-03-29T11:45:00+02:00,0.0
2026-03-29T12:00:00+02:00,0.0
2026-03-29T12:15:00+02:00,0.16
2026-03-29T12:30:00+02:00,0.4
2026-03-29T12:45:00+02:00,0.0
2026-03-29T13:00:00+02:00,0.0
2026-03-29T13:15:00+02:00,0.0
2026-03-29T13:30:00+02:00,0.0
2026-03-29T13:45:00+02:00,0.0
2026-03-29T14:00:00+02:00,0.0
2026-03-29T14:15:00+02:00,0.0
2026-03-29T14:30:00+02:00,0.0
2026-03-29T14:45:00+02:00,0.0
2026-03-29T15:00:00+02:00,0.0
2026-03-29T15:15:00+02:00,0.0
2026-03-29T15:30:00+02:00,0.0
2026-03-29T15:45:00+02:00,0.0
2026-03-29T16:00:00+02:00,0.0
2026-03-29T16:15:00+02:00,0.0
2026-03-29T16:30:00+02:00,0.0
2026-03-29T16:45:00+02:00,0.0
2026-03-29T17:00:00+02:00,0.0
2026-03-29T17:15:00+02:00,0.48
2026-03-29T17:30:00+02:00,0.4
2026-03-29T17:45:00+02:00,0.16
2026-03-29T18:00:00+02:00,0.08
2026-03-29T18:15:00+02:00,0.0
2026-03-29T18:30:00+02:00,0.0
2026-03-29T18:45:00+02:00,2.4
2026-03-29T19:00:00+02:00,15.76
2026-03-29T19:15:00+02:00,28.16
2026-03-29T19:30:00+02:00,32.72
2026-03-29T19:45:00+02:00,35.52
2026-03-29T20:00:00+02:00,34.72
2026-03-29T20:15:00+02:00,37.12
2026-03-29T20:30:00+02:00,34.8
2026-03-29T20:45:00+02:00,34.48
2026-03-29T21:00:00+02:00,34.4
2026-03-29T21:15:00+02:00,33.6
2026-03-29T21:30:00+02:00,33.44
2026-03-29T21:45:00+02:00,37.84
2026-03-29T22:00:00+02:00,41.6
2026-03-29T22:15:00+02:00,43.6
2026-03-29T22:30:00+02:00,42.16
2026-03-29T22:45:00+02:00,42.24
2026-03-29T23:00:00+02:00,39.76
2026-03-29T23:15:00+02:00,41.44
2026-03-29T23:30:00+02:00,40.0
2026-03-29T23:45:00+02:00,44.4
2026-03-30T00:00:00+02:00,47.12
2026-03-30T00:15:00+02:00,45.68
2026-03-30T00:30:00+02:00,43.92
2026-03-30T00:45:00+02:00,44.96
2026-03-30T01:00:00+02:00,44.64
2026-03-30T01:15:00+02:00,45.36
2026-03-30T01:30:00+02:00,44.64
2026-03-30T01:45:00+02:00,45.68
2026-03-30T02:00:00+02:00,44.96
2026-03-30T02:15:00+02:00,48.32
2026-03-30T02:30:00+02:00,45.12
2026-03-30T02:45:00+02:00,44.56
2026-03-30T03:00:00+02:00,42.4
2026-03-30T03:15:00+02:00,48.08
2026-03-30T03:30:00+02:00,47.36
2026-03-30T03:45:00+02:00,48.88
2026-03-30T04:00:00+02:00,47.2
2026-03-30T04:15:00+02:00,50.08
2026-03-30T04:30:00+02:00,50.72
2026-03-30T04:45:00+02:00,58.08
2026-03-30T05:00:00+02:00,56.8
2026-03-30T05:15:00+02:00,64.08
2026-03-30T05:30:00+02:00,82.8
2026-03-30T05:45:00+02:00,90.48
2026-03-30T06:00:00+02:00,131.92
2026-03-30T06:15:00+02:00,184.96
2026-03-30T06:30:00+02:00,168.8
2026-03-30T06:45:00+02:00,210.08
2026-03-30T07:00:00+02:00,190.24
2026-03-30T07:15:00+02:00,173.6
2026-03-30T07:30:00+02:00,186.96
2026-03-30T07:45:00+02:00,177.44
2026-03-30T08:00:00+02:00,168.48
2026-03-30T08:15:00+02:00,166.8
2026-03-30T08:30:00+02:00,157.2
2026-03-30T08:45:00+02:00,164.48
2026-03-30T09:00:00+02:00,99.12
2026-03-30T09:15:00+02:00,93.84
2026-03-30T09:30:00+02:00,121.68
2026-03-30T09:45:00+02:00,145.44
2026-03-30T10:00:00+02:00,175.76
2026-03-30T10:15:00+02:00,179.44
2026-03-30T10:30:00+02:00,131.92
2026-03-30T10:45:00+02:00,105.12
2026-03-30T11:00:00+02:00,83.28
2026-03-30T11:15:00+02:00,59.2
2026-03-30T11:30:00+02:00,99.76
2026-03-30T11:45:00+02:00,50.96
2026-03-30T12:00:00+02:00,3.76
2026-03-30T12:15:00+02:00,70.32
2026-03-30T12:30:00+02:00,178.4
2026-03-30T12:45:00+02:00,134.24
2026-03-30T13:00:00+02:00,89.28
2026-03-30T13:15:00+02:00,87.84
2026-03-30T13:30:00+02:00,88.48
2026-03-30T13:45:00+02:00,23.84
2026-03-30T14:00:00+02:00,44.72
2026-03-30T14:15:00+02:00,0.0
2026-03-30T14:30:00+02:00,13.76
2026-03-30T14:45:00+02:00,0.96
2026-03-30T15:00:00+02:00,0.0
2026-03-30T15:15:00+02:00,7.76
2026-03-30T15:30:00+02:00,4.56
2026-03-30T15:45:00+02:00,0.0
2026-03-30T16:00:00+02:00,36.96
2026-03-30T16:15:00+02:00,88.72
2026-03-30T16:30:00+02:00,108.72
2026-03-30T16:45:00+02:00,105.84
2026-03-30T17:00:00+02:00,114.88
2026-03-30T17:15:00+02:00,141.92
2026-03-30T17:30:00+02:00,77.52
2026-03-30T17:45:00+02:00,0.96
2026-03-30T18:00:00+02:00,62.0
2026-03-30T18:15:00+02:00,68.8
2026-03-30T18:30:00+02:00,106.24
2026-03-30T18:45:00+02:00,124.64
2026-03-30T19:00:00+02:00,149.12
2026-03-30T19:15:00+02:00,145.92
2026-03-30T19:30:00+02:00,175.76
2026-03-30T19:45:00+02:00,166.96
2026-03-30T20:00:00+02:00,166.0
2026-03-30T20:15:00+02:00,170.24
2026-03-30T20:30:00+02:00,179.04
2026-03-30T20:45:00+02:00,157.12
2026-03-30T21:00:00+02:00,161.84
2026-03-30T21:15:00+02:00,178.88
2026-03-30T21:30:00+02:00,178.4
2026-03-30T21:45:00+02:00,175.2
2026-03-30T22:00:00+02:00,170.56
2026-03-30T22:15:00+02:00,181.76
2026-03-30T22:30:00+02:00,172.4
2026-03-30T22:45:00+02:00,156.56
2026-03-30T23:00:00+02:00,151.44
2026-03-30T23:15:00+02:00,157.68
2026-03-30T23:30:00+02:00,168.88
2026-03-30T23:45:00+02:00,163.6
2026-03-31T00:00:00+02:00,155.52
2026-03-31T00:15:00+02:00,145.84
2026-03-31T00:30:00+02:00,150.32
2026-03-31T00:45:00+02:00,158.56
2026-03-31T01:00:00+02:00,178.32
2026-03-31T01:15:00+02:00,169.76
2026-03-31T01:30:00+02:00,165.6
2026-03-31T01:45:00+02:00,175.76
2026-03-31T02:00:00+02:00,204.08
2026-03-31T02:15:00+02:00,196.0
2026-03-31T02:30:00+02:00,181.04
2026-03-31T02:45:00+02:00,168.24
2026-03-31T03:00:00+02:00,154.16
2026-03-31T03:15:00+02:00,164.48
2026-03-31T03:30:00+02:00,185.92
2026-03-31T03:45:00+02:00,162.32
2026-03-31T04:00:00+02:00,156.48
2026-03-31T04:15:00+02:00,196.0
2026-03-31T04:30:00+02:00,214.56
2026-03-31T04:45:00+02:00,197.04
2026-03-31T05:00:00+02:00,228.96
2026-03-31T05:15:00+02:00,215.92
2026-03-31T05:30:00+02:00,236.72
2026-03-31T05:45:00+02:00,267.52
2026-03-31T06:00:00+02:00,231.68
2026-03-31T06:15:00+02:00,213.92
2026-03-31T06:30:00+02:00,211.28
2026-03-31T06:45:00+02:00,223.76
2026-03-31T07:00:00+02:00,220.72
2026-03-31T07:15:00+02:00,233.04
2026-03-31T07:30:00+02:00,261.92
2026-03-31T07:45:00+02:00,274.24
2026-03-31T08:00:00+02:00,286.08
2026-03-31T08:15:00+02:00,284.56
2026-03-31T08:30:00+02:00,310.32
2026-03-31T08:45:00+02:00,309.28
2026-03-31T09:00:00+02:00,287.44
2026-03-31T09:15:00+02:00,294.8
2026-03-31T09:30:00+02:00,269.6
2026-03-31T09:45:00+02:00,276.8
2026-03-31T10:00:00+02:00,249.44
2026-03-31T10:15:00+02:00,247.6
2026-03-31T10:30:00+02:00,259.04
2026-03-31T10:45:00+02:00,207.36
2026-03-31T11:00:00+02:00,230.0
2026-03-31T11:15:00+02:00,185.92
2026-03-31T11:30:00+02:00,166.48
2026-03-31T11:45:00+02:00,136.48
2026-03-31T12:00:00+02:00,127.84
2026-03-31T12:15:00+02:00,128.64
2026-03-31T12:30:00+02:00,174.0
2026-03-31T12:45:00+02:00,177.36
2026-03-31T13:00:00+02:00,160.08
2026-03-31T13:15:00+02:00,22.16
2026-03-31T13:30:00+02:00,63.44
2026-03-31T13:45:00+02:00,138.72
2026-03-31T14:00:00+02:00,4.96
2026-03-31T14:15:00+02:00,9.36
2026-03-31T14:30:00+02:00,80.48
2026-03-31T14:45:00+02:00,19.52
2026-03-31T15:00:00+02:00,94.08
2026-03-31T15:15:00+02:00,162.0
2026-03-31T15:30:00+02:00,167.28
2026-03-31T15:45:00+02:00,123.2
2026-03-31T16:00:00+02:00,76.0
2026-03-31T16:15:00+02:00,110.72
2026-03-31T16:30:00+02:00,83.2
2026-03-31T16:45:00+02:00,20.56
2026-03-31T17:00:00+02:00,2.96
2026-03-31T17:15:00+02:00,30.08
2026-03-31T17:30:00+02:00,102.24
2026-03-31T17:45:00+02:00,97.6
2026-03-31T18:00:00+02:00,126.0
2026-03-31T18:15:00+02:00,148.56
2026-03-31T18:30:00+02:00,156.72
2026-03-31T18:45:00+02:00,175.6
2026-03-31T19:00:00+02:00,176.08
2026-03-31T19:15:00+02:00,176.4
2026-03-31T19:30:00+02:00,191.84
2026-03-31T19:45:00+02:00,187.92
2026-03-31T20:00:00+02:00,186.64
2026-03-31T20:15:00+02:00,209.36
2026-03-31T20:30:00+02:00,208.88
2026-03-31T20:45:00+02:00,218.08
2026-03-31T21:00:00+02:00,198.24
2026-03-31T21:15:00+02:00,193.6
2026-03-31T21:30:00+02:00,207.84
2026-03-31T21:45:00+02:00,211.76
2026-03-31T22:00:00+02:00,221.36
2026-03-31T22:15:00+02:00,198.96
2026-03-31T22:30:00+02:00,212.08
2026-03-31T22:45:00+02:00,216.72
2026-03-31T23:00:00+02:00,195.68
2026-03-31T23:15:00+02:00,190.24
2026-03-31T23:30:00+02:00,176.0
2026-03-31T23:45:00+02:00,194.4
2026-04-01T00:00:00+02:00,198.24
2026-04-01T00:15:00+02:00,197.12
2026-04-01T00:30:00+02:00,218.72
2026-04-01T00:45:00+02:00,201.84
2026-04-01T01:00:00+02:00,178.24
2026-04-01T01:15:00+02:00,199.28
2026-04-01T01:30:00+02:00,197.28
2026-04-01T01:45:00+02:00,219.2
2026-04-01T02:00:00+02:00,210.56
2026-04-01T02:15:00+02:00,208.72
2026-04-01T02:30:00+02:00,187.76
2026-04-01T02:45:00+02:00,189.92
2026-04-01T03:00:00+02:00,198.56
2026-04-01T03:15:00+02:00,175.68
2026-04-01T03:30:00+02:00,178.96
2026-04-01T03:45:00+02:00,175.76
2026-04-01T04:00:00+02:00,159.2
2026-04-01T04:15:00+02:00,198.48
2026-04-01T04:30:00+02:00,200.72
2026-04-01T04:45:00+02:00,212.8
2026-04-01T05:00:00+02:00,219.44
2026-04-01T05:15:00+02:00,209.68
2026-04-01T05:30:00+02:00,206.48
2026-04-01T05:45:00+02:00,224.64
2026-04-01T06:00:00+02:00,205.12
2026-04-01T06:15:00+02:00,213.76
2026-04-01T06:30:00+02:00,239.84
2026-04-01T06:45:00+02:00,261.28
2026-04-01T07:00:00+02:00,249.36
2026-04-01T07:15:00+02:00,243.12
2026-04-01T07:30:00+02:00,258.88
2026-04-01T07:45:00+02:00,211.76
2026-04-01T08:00:00+02:00,188.72
2026-04-01T08:15:00+02:00,206.08
2026-04-01T08:30:00+02:00,192.24
2026-04-01T08:45:00+02:00,172.08
2026-04-01T09:00:00+02:00,245.84
2026-04-01T09:15:00+02:00,181.84
2026-04-01T09:30:00+02:00,112.16
2026-04-01T09:45:00+02:00,72.48
2026-04-01T10:00:00+02:00,94.16
2026-04-01T10:15:00+02:00,124.24
2026-04-01T10:30:00+02:00,58.16
2026-04-01T10:45:00+02:00,149.6
2026-04-01T11:00:00+02:00,18.24
2026-04-01T11:15:00+02:00,0.08
2026-04-01T11:30:00+02:00,28.96
2026-04-01T11:45:00+02:00,160.72
2026-04-01T12:00:00+02:00,161.68
2026-04-01T12:15:00+02:00,124.32
2026-04-01T12:30:00+02:00,22.8
2026-04-01T12:45:00+02:00,7.36
2026-04-01T13:00:00+02:00,6.72
2026-04-01T13:15:00+02:00,31.28
2026-04-01T13:30:00+02:00,112.8
2026-04-01T13:45:00+02:00,27.12
2026-04-01T14:00:00+02:00,1.36
2026-04-01T14:15:00+02:00,0.0
2026-04-01T14:30:00+02:00,9.04
2026-04-01T14:45:00+02:00,119.12
2026-04-01T15:00:00+02:00,105.04
2026-04-01T15:15:00+02:00,114.8
2026-04-01T15:30:00+02:00,101.68
2026-04-01T15:45:00+02:00,80.0
2026-04-01T16:00:00+02:00,61.36
2026-04-01T16:15:00+02:00,76.32
2026-04-01T16:30:00+02:00,113.2
2026-04-01T16:45:00+02:00,129.6
2026-04-01T17:00:00+02:00,149.12
2026-04-01T17:15:00+02:00,158.56
2026-04-01T17:30:00+02:00,148.8
2026-04-01T17:45:00+02:00,152.32
2026-04-01T18:00:00+02:00,170.48
2026-04-01T18:15:00+02:00,155.28
2026-04-01T18:30:00+02:00,183.84
2026-04-01T18:45:00+02:00,193.76
2026-04-01T19:00:00+02:00,192.4
2026-04-01T19:15:00+02:00,210.64
2026-04-01T19:30:00+02:00,225.28
2026-04-01T19:45:00+02:00,234.0
2026-04-01T20:00:00+02:00,228.72
2026-04-01T20:15:00+02:00,193.44
2026-04-01T20:30:00+02:00,196.56
2026-04-01T20:45:00+02:00,225.12
2026-04-01T21:00:00+02:00,232.4
2026-04-01T21:15:00+02:00,217.84
2026-04-01T21:30:00+02:00,234.08
2026-04-01T21:45:00+02:00,199.52
2026-04-01T22:00:00+02:00,179.04
2026-04-01T22:15:00+02:00,173.76
2026-04-01T22:30:00+02:00,181.12
2026-04-01T22:45:00+02:00,181.04
2026-04-01T23:00:00+02:00,190.0
2026-04-01T23:15:00+02:00,194.48
2026-04-01T23:30:00+02:00,203.04
2026-04-01T23:45:00+02:00,183.6
2026-04-02T00:00:00+02:00,202.96
2026-04-02T00:15:00+02:00,166.64
2026-04-02T00:30:00+02:00,191.84
2026-04-02T00:45:00+02:00,203.28
2026-04-02T01:00:00+02:00,194.24
2026-04-02T01:15:00+02:00,199.2
2026-04-02T01:30:00+02:00,219.84
2026-04-02T01:45:00+02:00,210.72
2026-04-02T02:00:00+02:00,173.84
2026-04-02T02:15:00+02:00,152.0
2026-04-02T02:30:00+02:00,166.64
2026-04-02T02:45:00+02:00,155.92
2026-04-02T03:00:00+02:00,183.52
2026-04-02T03:15:00+02:00,193.52
2026-04-02T03:30:00+02:00,207.6
2026-04-02T03:45:00+02:00,182.4
2026-04-02T04:00:00+02:00,202.4
2026-04-02T04:15:00+02:00,207.36
2026-04-02T04:30:00+02:00,184.48
2026-04-02T04:45:00+02:00,195.36
2026-04-02T05:00:00+02:00,214.8
2026-04-02T05:15:00+02:00,200.64
2026-04-02T05:30:00+02:00,204.64
2026-04-02T05:45:00+02:00,214.72
2026-04-02T06:00:00+02:00,208.16
2026-04-02T06:15:00+02:00,203.12
2026-04-02T06:30:00+02:00,219.76
2026-04-02T06:45:00+02:00,258.48
2026-04-02T07:00:00+02:00,251.52
2026-04-02T07:15:00+02:00,248.48
2026-04-02T07:30:00+02:00,251.44
2026-04-02T07:45:00+02:00,257.36
2026-04-02T08:00:00+02:00,233.2
2026-04-02T08:15:00+02:00,171.6
2026-04-02T08:30:00+02:00,164.0
2026-04-02T08:45:00+02:00,150.48
2026-04-02T09:00:00+02:00,108.48
2026-04-02T09:15:00+02:00,128.48
2026-04-02T09:30:00+02:00,120.48
2026-04-02T09:45:00+02:00,117.52
2026-04-02T10:00:00+02:00,109.44
2026-04-02T10:15:00+02:00,109.6
2026-04-02T10:30:00+02:00,140.56
2026-04-02T10:45:00+02:00,92.0
2026-04-02T11:00:00+02:00,92.56
2026-04-02T11:15:00+02:00,39.04
2026-04-02T11:30:00+02:00,78.24
2026-04-02T11:45:00+02:00,81.12
2026-04-02T12:00:00+02:00,18.64
2026-04-02T12:15:00+02:00,25.92
2026-04-02T12:30:00+02:00,66.24
2026-04-02T12:45:00+02:00,45.92
2026-04-02T13:00:00+02:00,6.0
2026-04-02T13:15:00+02:00,1.04
2026-04-02T13:30:00+02:00,9.12
2026-04-02T13:45:00+02:00,10.96
2026-04-02T14:00:00+02:00,15.28
2026-04-02T14:15:00+02:00,43.28
2026-04-02T14:30:00+02:00,58.64
2026-04-02T14:45:00+02:00,126.56
2026-04-02T15:00:00+02:00,137.12
2026-04-02T15:15:00+02:00,154.64
2026-04-02T15:30:00+02:00,144.32
2026-04-02T15:45:00+02:00,162.24
2026-04-02T16:00:00+02:00,165.2
2026-04-02T16:15:00+02:00,142.64
2026-04-02T16:30:00+02:00,159.68
2026-04-02T16:45:00+02:00,151.2
2026-04-02T17:00:00+02:00,161.28
2026-04-02T17:15:00+02:00,175.36
2026-04-02T17:30:00+02:00,182.0
2026-04-02T17:45:00+02:00,164.88
2026-04-02T18:00:00+02:00,155.28
2026-04-02T18:15:00+02:00,139.52
2026-04-02T18:30:00+02:00,168.4
2026-04-02T18:45:00+02:00,163.76
2026-04-02T19:00:00+02:00,168.64
2026-04-02T19:15:00+02:00,156.72
2026-04-02T19:30:00+02:00,128.0
2026-04-02T19:45:00+02:00,156.16
2026-04-02T20:00:00+02:00,165.76
2026-04-02T20:15:00+02:00,186.16
2026-04-02T20:30:00+02:00,191.92
2026-04-02T20:45:00+02:00,189.84
2026-04-02T21:00:00+02:00,163.68
2026-04-02T21:15:00+02:00,129.36
2026-04-02T21:30:00+02:00,145.6
2026-04-02T21:45:00+02:00,189.28
2026-04-02T22:00:00+02:00,189.84
2026-04-02T22:15:00+02:00,184.32
2026-04-02T22:30:00+02:00,175.28
2026-04-02T22:45:00+02:00,184.96
2026-04-02T23:00:00+02:00,202.16
2026-04-02T23:15:00+02:00,207.12
2026-04-02T23:30:00+02:00,198.56
2026-04-02T23:45:00+02:00,184.88
2026-04-03T00:00:00+02:00,191.12
2026-04-03T00:15:00+02:00,170.88
2026-04-03T00:30:00+02:00,161.6
2026-04-03T00:45:00+02:00,177.92
2026-04-03T01:00:00+02:00,158.4
2026-04-03T01:15:00+02:00,202.16
2026-04-03T01:30:00+02:00,193.52
2026-04-03T01:45:00+02:00,199.36
2026-04-03T02:00:00+02:00,176.64
2026-04-03T02:15:00+02:00,183.52
2026-04-03T02:30:00+02:00,191.92
2026-04-03T02:45:00+02:00,197.44
2026-04-03T03:00:00+02:00,145.6
2026-04-03T03:15:00+02:00,142.32
2026-04-03T03:30:00+02:00,139.28
2026-04-03T03:45:00+02:00,122.32
2026-04-03T04:00:00+02:00,120.16
2026-04-03T04:15:00+02:00,108.96
2026-04-03T04:30:00+02:00,79.36
2026-04-03T04:45:00+02:00,75.92
2026-04-03T05:00:00+02:00,61.04
2026-04-03T05:15:00+02:00,50.0
2026-04-03T05:30:00+02:00,44.96
2026-04-03T05:45:00+02:00,41.36
2026-04-03T06:00:00+02:00,43.52
2026-04-03T06:15:00+02:00,44.96
2026-04-03T06:30:00+02:00,45.68
2026-04-03T06:45:00+02:00,45.04
2026-04-03T07:00:00+02:00,37.68
2026-04-03T07:15:00+02:00,31.84
2026-04-03T07:30:00+02:00,20.24
2026-04-03T07:45:00+02:00,4.56
2026-04-03T08:00:00+02:00,4.16
2026-04-03T08:15:00+02:00,0.0
2026-04-03T08:30:00+02:00,0.0
2026-04-03T08:45:00+02:00,0.0
2026-04-03T09:00:00+02:00,0.0
2026-04-03T09:15:00+02:00,0.0
2026-04-03T09:30:00+02:00,0.0
2026-04-03T09:45:00+02:00,0.0
2026-04-03T10:00:00+02:00,0.0
2026-04-03T10:15:00+02:00,0.0
2026-04-03T10:30:00+02:00,0.0
2026-04-03T10:45:00+02:00,0.0
2026-04-03T11:00:00+02:00,0.0
2026-04-03T11:15:00+02:00,0.0
2026-04-03T11:30:00+02:00,0.0
2026-04-03T11:45:00+02:00,0.0
2026-04-03T12:00:00+02:00,0.0
2026-04-03T12:15:00+02:00,0.0
2026-04-03T12:30:00+02:00,0.0
2026-04-03T12:45:00+02:00,0.0
2026-04-03T13:00:00+02:00,0.0
2026-04-03T13:15:00+02:00,0.0
2026-04-03T13:30:00+02:00,0.0
2026-04-03T13:45:00+02:00,0.0
2026-04-03T14:00:00+02:00,0.0
2026-04-03T14:15:00+02:00,0.0
2026-04-03T14:30:00+02:00,0.0
2026-04-03T14:45:00+02:00,0.0
2026-04-03T15:00:00+02:00,0.0
2026-04-03T15:15:00+02:00,0.0
2026-04-03T15:30:00+02:00,0.0
2026-04-03T15:45:00+02:00,0.0
2026-04-03T16:00:00+02:00,0.0
2026-04-03T16:15:00+02:00,0.0
2026-04-03T16:30:00+02:00,0.0
2026-04-03T16:45:00+02:00,0.0
2026-04-03T17:00:00+02:00,0.0
2026-04-03T17:15:00+02:00,0.0
2026-04-03T17:30:00+02:00,0.0
2026-04-03T17:45:00+02:00,0.0
2026-04-03T18:00:00+02:00,0.0
2026-04-03T18:15:00+02:00,0.0
2026-04-03T18:30:00+02:00,0.0
2026-04-03T18:45:00+02:00,0.16
2026-04-03T19:00:00+02:00,2.56
2026-04-03T19:15:00+02:00,10.32
2026-04-03T19:30:00+02:00,29.2
2026-04-03T19:45:00+02:00,36.4
2026-04-03T20:00:00+02:00,40.64
2026-04-03T20:15:00+02:00,41.28
2026-04-03T20:30:00+02:00,36.96
2026-04-03T20:45:00+02:00,32.16
2026-04-03T21:00:00+02:00,33.84
2026-04-03T21:15:00+02:00,32.56
2026-04-03T21:30:00+02:00,33.52
2026-04-03T21:45:00+02:00,32.24
2026-04-03T22:00:00+02:00,36.56
2026-04-03T22:15:00+02:00,37.04
2026-04-03T22:30:00+02:00,34.88
2026-04-03T22:45:00+02:00,38.32
2026-04-03T23:00:00+02:00,38.64
2026-04-03T23:15:00+02:00,38.88
2026-04-03T23:30:00+02:00,39.84
2026-04-03T23:45:00+02:00,39.44
2026-04-04T00:00:00+02:00,38.08
2026-04-04T00:15:00+02:00,34.16
2026-04-04T00:30:00+02:00,36.08
2026-04-04T00:45:00+02:00,35.04
2026-04-04T01:00:00+02:00,33.92
2026-04-04T01:15:00+02:00,35.28
2026-04-04T01:30:00+02:00,38.56
2026-04-04T01:45:00+02:00,38.32
2026-04-04T02:00:00+02:00,37.76
2026-04-04T02:15:00+02:00,37.44
2026-04-04T02:30:00+02:00,33.6
2026-04-04T02:45:00+02:00,32.72
2026-04-04T03:00:00+02:00,36.24
2026-04-04T03:15:00+02:00,32.0
2026-04-04T03:30:00+02:00,32.56
2026-04-04T03:45:00+02:00,33.6
2026-04-04T04:00:00+02:00,32.48
2026-04-04T04:15:00+02:00,32.48
2026-04-04T04:30:00+02:00,35.84
2026-04-04T04:45:00+02:00,38.96
2026-04-04T05:00:00+02:00,36.96
2026-04-04T05:15:00+02:00,39.6
2026-04-04T05:30:00+02:00,34.8
2026-04-04T05:45:00+02:00,36.08
2026-04-04T06:00:00+02:00,36.24
2026-04-04T06:15:00+02:00,42.32
2026-04-04T06:30:00+02:00,40.56
2026-04-04T06:45:00+02:00,39.12
2026-04-04T07:00:00+02:00,34.88
2026-04-04T07:15:00+02:00,26.88
2026-04-04T07:30:00+02:00,20.16
2026-04-04T07:45:00+02:00,13.76
2026-04-04T08:00:00+02:00,1.6
2026-04-04T08:15:00+02:00,1.04
2026-04-04T08:30:00+02:00,0.0
2026-04-04T08:45:00+02:00,0.0
2026-04-04T09:00:00+02:00,0.0
2026-04-04T09:15:00+02:00,0.0
2026-04-04T09:30:00+02:00,0.0
2026-04-04T09:45:00+02:00,0.0
2026-04-04T10:00:00+02:00,0.0
2026-04-04T10:15:00+02:00,0.0
2026-04-04T10:30:00+02:00,0.0
2026-04-04T10:45:00+02:00,0.0
2026-04-04T11:00:00+02:00,0.0
2026-04-04T11:15:00+02:00,0.0
2026-04-04T11:30:00+02:00,0.0
2026-04-04T11:45:00+02:00,0.0
2026-04-04T12:00:00+02:00,0.0
2026-04-04T12:15:00+02:00,0.0
2026-04-04T12:30:00+02:00,0.0
2026-04-04T12:45:00+02:00,0.0
2026-04-04T13:00:00+02:00,0.0
2026-04-04T13:15:00+02:00,0.0
2026-04-04T13:30:00+02:00,0.0
2026-04-04T13:45:00+02:00,0.0
2026-04-04T14:00:00+02:00,0.0
2026-04-04T14:15:00+02:00,0.0
2026-04-04T14:30:00+02:00,0.0
2026-04-04T14:45:00+02:00,0.0
2026-04-04T15:00:00+02:00,0.0
2026-04-04T15:15:00+02:00,0.0
2026-04-04T15:30:00+02:00,0.0
2026-04-04T15:45:00+02:00,0.0
2026-04-04T16:00:00+02:00,0.0
2026-04-04T16:15:00+02:00,0.0
2026-04-04T16:30:00+02:00,0.0
2026-04-04T16:45:00+02:00,0.0
2026-04-04T17:00:00+02:00,0.0
2026-04-04T17:15:00+02:00,0.0
2026-04-04T17:30:00+02:00,0.0
2026-04-04T17:45:00+02:00,0.0
2026-04-04T18:00:00+02:00,0.0
2026-04-04T18:15:00+02:00,1.04
2026-04-04T18:30:00+02:00,6.08
2026-04-04T18:45:00+02:00,14.96
2026-04-04T19:00:00+02:00,20.96
2026-04-04T19:15:00+02:00,26.64
2026-04-04T19:30:00+02:00,28.64
2026-04-04T19:45:00+02:00,35.12
2026-04-04T20:00:00+02:00,36.64
2026-04-04T20:15:00+02:00,31.92
2026-04-04T20:30:00+02:00,32.4
2026-04-04T20:45:00+02:00,37.44
2026-04-04T21:00:00+02:00,37.36
2026-04-04T21:15:00+02:00,36.16
2026-04-04T21:30:00+02:00,35.76
2026-04-04T21:45:00+02:00,35.04
2026-04-04T22:00:00+02:00,36.0
2026-04-04T22:15:00+02:00,32.24
2026-04-04T22:30:00+02:00,33.36
2026-04-04T22:45:00+02:00,32.32
2026-04-04T23:00:00+02:00,33.44
2026-04-04T23:15:00+02:00,32.48
2026-04-04T23:30:00+02:00,33.68
2026-04-04T23:45:00+02:00,34.48
2026-04-05T00:00:00+02:00,32.08
2026-04-05T00:15:00+02:00,35.68
2026-04-05T00:30:00+02:00,36.48
2026-04-05T00:45:00+02:00,35.76
2026-04-05T01:00:00+02:00,36.88
2026-04-05T01:15:00+02:00,36.0
2026-04-05T01:30:00+02:00,33.28
2026-04-05T01:45:00+02:00,35.36
2026-04-05T02:00:00+02:00,37.52
2026-04-05T02:15:00+02:00,31.28
2026-04-05T02:30:00+02:00,32.72
2026-04-05T02:45:00+02:00,30.96
2026-04-05T03:00:00+02:00,30.96
2026-04-05T03:15:00+02:00,30.4
2026-04-05T03:30:00+02:00,31.92
2026-04-05T03:45:00+02:00,33.44
2026-04-05T04:00:00+02:00,34.96
2026-04-05T04:15:00+02:00,34.24
2026-04-05T04:30:00+02:00,34.72
2026-04-05T04:45:00+02:00,33.6
2026-04-05T05:00:00+02:00,34.24
2026-04-05T05:15:00+02:00,34.0
2026-04-05T05:30:00+02:00,33.68
2026-04-05T05:45:00+02:00,33.12
2026-04-05T06:00:00+02:00,36.32
2026-04-05T06:15:00+02:00,36.32
2026-04-05T06:30:00+02:00,35.76
2026-04-05T06:45:00+02:00,34.16
2026-04-05T07:00:00+02:00,27.84
2026-04-05T07:15:00+02:00,22.0
2026-04-05T07:30:00+02:00,15.68
2026-04-05T07:45:00+02:00,2.88
2026-04-05T08:00:00+02:00,0.0
2026-04-05T08:15:00+02:00,0.0
2026-04-05T08:30:00+02:00,0.0
2026-04-05T08:45:00+02:00,0.0
2026-04-05T09:00:00+02:00,0.0
2026-04-05T09:15:00+02:00,0.0
2026-04-05T09:30:00+02:00,0.0
2026-04-05T09:45:00+02:00,0.0
2026-04-05T10:00:00+02:00,0.0
2026-04-05T10:15:00+02:00,0.0
2026-04-05T10:30:00+02:00,0.0
2026-04-05T10:45:00+02:00,0.0
2026-04-05T11:00:00+02:00,0.0
2026-04-05T11:15:00+02:00,0.0
2026-04-05T11:30:00+02:00,0.0
2026-04-05T11:45:00+02:00,0.0
2026-04-05T12:00:00+02:00,0.0
2026-04-05T12:15:00+02:00,0.0
2026-04-05T12:30:00+02:00,0.0
2026-04-05T12:45:00+02:00,0.0
2026-04-05T13:00:00+02:00,0.0
2026-04-05T13:15:00+02:00,0.0
2026-04-05T13:30:00+02:00,0.0
2026-04-05T13:45:00+02:00,0.0
2026-04-05T14:00:00+02:00,0.0
2026-04-05T14:15:00+02:00,0.0
2026-04-05T14:30:00+02:00,0.0
2026-04-05T14:45:00+02:00,0.0
2026-04-05T15:00:00+02:00,0.0
2026-04-05T15:15:00+02:00,0.0
2026-04-05T15:30:00+02:00,0.0
2026-04-05T15:45:00+02:00,0.0
2026-04-05T16:00:00+02:00,0.0
2026-04-05T16:15:00+02:00,0.0
2026-04-05T16:30:00+02:00,0.0
2026-04-05T16:45:00+02:00,0.0
2026-04-05T17:00:00+02:00,0.0
2026-04-05T17:15:00+02:00,0.0
2026-04-05T17:30:00+02:00,0.0
2026-04-05T17:45:00+02:00,0.0
2026-04-05T18:00:00+02:00,0.0
2026-04-05T18:15:00+02:00,0.0
2026-04-05T18:30:00+02:00,0.0
2026-04-05T18:45:00+02:00,0.0
2026-04-05T19:00:00+02:00,0.0
2026-04-05T19:15:00+02:00,5.6
2026-04-05T19:30:00+02:00,22.0
2026-04-05T19:45:00+02:00,35.12
2026-04-05T20:00:00+02:00,36.64
2026-04-05T20:15:00+02:00,36.88
2026-04-05T20:30:00+02:00,37.28
2026-04-05T20:45:00+02:00,37.84
2026-04-05T21:00:00+02:00,34.8
2026-04-05T21:15:00+02:00,34.8
2026-04-05T21:30:00+02:00,29.36
2026-04-05T21:45:00+02:00,29.76
2026-04-05T22:00:00+02:00,30.64
2026-04-05T22:15:00+02:00,30.96
2026-04-05T22:30:00+02:00,29.76
2026-04-05T22:45:00+02:00,29.6
2026-04-05T23:00:00+02:00,28.56
2026-04-05T23:15:00+02:00,29.6
2026-04-05T23:30:00+02:00,28.88
2026-04-05T23:45:00+02:00,35.2
2026-04-06T00:00:00+02:00,37.84
2026-04-06T00:15:00+02:00,38.24
2026-04-06T00:30:00+02:00,38.72
2026-04-06T00:45:00+02:00,37.92
2026-04-06T01:00:00+02:00,36.8
2026-04-06T01:15:00+02:00,33.6
2026-04-06T01:30:00+02:00,33.28
2026-04-06T01:45:00+02:00,36.48
2026-04-06T02:00:00+02:00,35.68
2026-04-06T02:15:00+02:00,35.68
2026-04-06T02:30:00+02:00,34.4
2026-04-06T02:45:00+02:00,33.44
2026-04-06T03:00:00+02:00,29.76
2026-04-06T03:15:00+02:00,31.6
2026-04-06T03:30:00+02:00,35.44
2026-04-06T03:45:00+02:00,36.96
2026-04-06T04:00:00+02:00,35.2
2026-04-06T04:15:00+02:00,37.04
2026-04-06T04:30:00+02:00,36.08
2026-04-06T04:45:00+02:00,34.08
2026-04-06T05:00:00+02:00,34.24
2026-04-06T05:15:00+02:00,35.76
2026-04-06T05:30:00+02:00,33.76
2026-04-06T05:45:00+02:00,36.56
2026-04-06T06:00:00+02:00,39.04
2026-04-06T06:15:00+02:00,41.12
2026-04-06T06:30:00+02:00,42.24
2026-04-06T06:45:00+02:00,36.72
2026-04-06T07:00:00+02:00,34.56
2026-04-06T07:15:00+02:00,33.2
2026-04-06T07:30:00+02:00,33.28
2026-04-06T07:45:00+02:00,31.28
2026-04-06T08:00:00+02:00,29.12
2026-04-06T08:15:00+02:00,24.72
2026-04-06T08:30:00+02:00,19.6
2026-04-06T08:45:00+02:00,14.48
2026-04-06T09:00:00+02:00,9.92
2026-04-06T09:15:00+02:00,0.96
2026-04-06T09:30:00+02:00,0.0
2026-04-06T09:45:00+02:00,3.6
2026-04-06T10:00:00+02:00,0.08
2026-04-06T10:15:00+02:00,0.0
2026-04-06T10:30:00+02:00,0.0
2026-04-06T10:45:00+02:00,0.0
2026-04-06T11:00:00+02:00,0.0
2026-04-06T11:15:00+02:00,0.0
2026-04-06T11:30:00+02:00,0.0
2026-04-06T11:45:00+02:00,0.0
2026-04-06T12:00:00+02:00,0.0
2026-04-06T12:15:00+02:00,0.0
2026-04-06T12:30:00+02:00,0.0
2026-04-06T12:45:00+02:00,0.0
2026-04-06T13:00:00+02:00,0.0
2026-04-06T13:15:00+02:00,0.0
2026-04-06T13:30:00+02:00,0.0
2026-04-06T13:45:00+02:00,0.0
2026-04-06T14:00:00+02:00,0.0
2026-04-06T14:15:00+02:00,0.0
2026-04-06T14:30:00+02:00,0.0
2026-04-06T14:45:00+02:00,0.0
2026-04-06T15:00:00+02:00,0.0
2026-04-06T15:15:00+02:00,0.0
2026-04-06T15:30:00+02:00,0.0
2026-04-06T15:45:00+02:00,0.0
2026-04-06T16:00:00+02:00,0.0
2026-04-06T16:15:00+02:00,0.0
2026-04-06T16:30:00+02:00,0.0
2026-04-06T16:45:00+02:00,0.0
2026-04-06T17:00:00+02:00,0.0
2026-04-06T17:15:00+02:00,0.0
2026-04-06T17:30:00+02:00,0.0
2026-04-06T17:45:00+02:00,0.0
2026-04-06T18:00:00+02:00,0.0
2026-04-06T18:15:00+02:00,0.0
2026-04-06T18:30:00+02:00,0.0
2026-04-06T18:45:00+02:00,0.8
2026-04-06T19:00:00+02:00,0.16
2026-04-06T19:15:00+02:00,12.0
2026-04-06T19:30:00+02:00,28.88
2026-04-06T19:45:00+02:00,40.72
2026-04-06T20:00:00+02:00,45.92
2026-04-06T20:15:00+02:00,47.68
2026-04-06T20:30:00+02:00,47.76
2026-04-06T20:45:00+02:00,46.32
2026-04-06T21:00:00+02:00,41.12
2026-04-06T21:15:00+02:00,40.72
2026-04-06T21:30:00+02:00,40.88
2026-04-06T21:45:00+02:00,44.32
2026-04-06T22:00:00+02:00,43.12
2026-04-06T22:15:00+02:00,44.0
2026-04-06T22:30:00+02:00,41.76
2026-04-06T22:45:00+02:00,42.32
2026-04-06T23:00:00+02:00,41.36
2026-04-06T23:15:00+02:00,46.48
2026-04-06T23:30:00+02:00,45.04
2026-04-06T23:45:00+02:00,45.84
2026-04-07T00:00:00+02:00,46.32
2026-04-07T00:15:00+02:00,45.84
2026-04-07T00:30:00+02:00,40.24
2026-04-07T00:45:00+02:00,42.0
2026-04-07T01:00:00+02:00,40.72
2026-04-07T01:15:00+02:00,39.44
2026-04-07T01:30:00+02:00,40.56
2026-04-07T01:45:00+02:00,41.36
2026-04-07T02:00:00+02:00,41.44
2026-04-07T02:15:00+02:00,36.88
2026-04-07T02:30:00+02:00,41.28
2026-04-07T02:45:00+02:00,41.92
2026-04-07T03:00:00+02:00,38.0
2026-04-07T03:15:00+02:00,39.28
2026-04-07T03:30:00+02:00,39.52
2026-04-07T03:45:00+02:00,35.92
2026-04-07T04:00:00+02:00,34.8
2026-04-07T04:15:00+02:00,41.28
2026-04-07T04:30:00+02:00,42.88
2026-04-07T04:45:00+02:00,46.0
2026-04-07T05:00:00+02:00,49.92
2026-04-07T05:15:00+02:00,51.6
2026-04-07T05:30:00+02:00,90.24
2026-04-07T05:45:00+02:00,125.84
2026-04-07T06:00:00+02:00,134.64
2026-04-07T06:15:00+02:00,142.08
2026-04-07T06:30:00+02:00,158.8
2026-04-07T06:45:00+02:00,172.64
2026-04-07T07:00:00+02:00,170.16
2026-04-07T07:15:00+02:00,162.64
2026-04-07T07:30:00+02:00,116.0
2026-04-07T07:45:00+02:00,91.68
2026-04-07T08:00:00+02:00,133.76
2026-04-07T08:15:00+02:00,97.28
2026-04-07T08:30:00+02:00,68.88
2026-04-07T08:45:00+02:00,30.08
2026-04-07T09:00:00+02:00,54.0
2026-04-07T09:15:00+02:00,9.12
2026-04-07T09:30:00+02:00,0.0
2026-04-07T09:45:00+02:00,0.0
2026-04-07T10:00:00+02:00,0.0
2026-04-07T10:15:00+02:00,0.0
2026-04-07T10:30:00+02:00,0.0
2026-04-07T10:45:00+02:00,0.0
2026-04-07T11:00:00+02:00,0.0
2026-04-07T11:15:00+02:00,0.0
2026-04-07T11:30:00+02:00,0.0
2026-04-07T11:45:00+02:00,0.0
2026-04-07T12:00:00+02:00,0.0
2026-04-07T12:15:00+02:00,0.0
2026-04-07T12:30:00+02:00,0.0
2026-04-07T12:45:00+02:00,0.0
2026-04-07T13:00:00+02:00,0.0
2026-04-07T13:15:00+02:00,0.0
2026-04-07T13:30:00+02:00,0.0
2026-04-07T13:45:00+02:00,0.0
2026-04-07T14:00:00+02:00,0.0
2026-04-07T14:15:00+02:00,0.0
2026-04-07T14:30:00+02:00,0.0
2026-04-07T14:45:00+02:00,0.0
2026-04-07T15:00:00+02:00,0.0
2026-04-07T15:15:00+02:00,0.0
2026-04-07T15:30:00+02:00,0.0
2026-04-07T15:45:00+02:00,0.0
2026-04-07T16:00:00+02:00,0.0
2026-04-07T16:15:00+02:00,0.0
2026-04-07T16:30:00+02:00,0.0
2026-04-07T16:45:00+02:00,0.0
2026-04-07T17:00:00+02:00,0.0
2026-04-07T17:15:00+02:00,0.0
2026-04-07T17:30:00+02:00,0.0
2026-04-07T17:45:00+02:00,0.88
2026-04-07T18:00:00+02:00,5.84
2026-04-07T18:15:00+02:00,41.36
2026-04-07T18:30:00+02:00,90.96
2026-04-07T18:45:00+02:00,116.16
2026-04-07T19:00:00+02:00,117.04
2026-04-07T19:15:00+02:00,124.64
2026-04-07T19:30:00+02:00,133.12
2026-04-07T19:45:00+02:00,159.92
2026-04-07T20:00:00+02:00,133.2
2026-04-07T20:15:00+02:00,130.0
2026-04-07T20:30:00+02:00,160.8
2026-04-07T20:45:00+02:00,174.32
2026-04-07T21:00:00+02:00,161.04
2026-04-07T21:15:00+02:00,176.08
2026-04-07T21:30:00+02:00,162.96
2026-04-07T21:45:00+02:00,158.56
2026-04-07T22:00:00+02:00,139.52
2026-04-07T22:15:00+02:00,142.56
2026-04-07T22:30:00+02:00,128.64
2026-04-07T22:45:00+02:00,111.2
2026-04-07T23:00:00+02:00,138.32
2026-04-07T23:15:00+02:00,150.24
2026-04-07T23:30:00+02:00,132.24
2026-04-07T23:45:00+02:00,136.64
2026-04-08T00:00:00+02:00,164.64
2026-04-08T00:15:00+02:00,165.04
2026-04-08T00:30:00+02:00,148.56
2026-04-08T00:45:00+02:00,156.24
2026-04-08T01:00:00+02:00,145.04
2026-04-08T01:15:00+02:00,140.4
2026-04-08T01:30:00+02:00,136.56
2026-04-08T01:45:00+02:00,132.0
2026-04-08T02:00:00+02:00,133.28
2026-04-08T02:15:00+02:00,130.08
2026-04-08T02:30:00+02:00,135.12
2026-04-08T02:45:00+02:00,117.2
2026-04-08T03:00:00+02:00,131.52
2026-04-08T03:15:00+02:00,146.48
2026-04-08T03:30:00+02:00,132.24
2026-04-08T03:45:00+02:00,118.4
2026-04-08T04:00:00+02:00,106.64
2026-04-08T04:15:00+02:00,113.6
2026-04-08T04:30:00+02:00,128.64
2026-04-08T04:45:00+02:00,137.76
2026-04-08T05:00:00+02:00,149.52
2026-04-08T05:15:00+02:00,142.56
2026-04-08T05:30:00+02:00,153.52
2026-04-08T05:45:00+02:00,141.44
2026-04-08T06:00:00+02:00,147.12
2026-04-08T06:15:00+02:00,157.68
2026-04-08T06:30:00+02:00,176.96
2026-04-08T06:45:00+02:00,204.56
2026-04-08T07:00:00+02:00,182.96
2026-04-08T07:15:00+02:00,181.2
2026-04-08T07:30:00+02:00,193.36
2026-04-08T07:45:00+02:00,126.08
2026-04-08T08:00:00+02:00,111.28
2026-04-08T08:15:00+02:00,108.4
2026-04-08T08:30:00+02:00,62.0
2026-04-08T08:45:00+02:00,10.0
2026-04-08T09:00:00+02:00,0.24
2026-04-08T09:15:00+02:00,0.0
2026-04-08T09:30:00+02:00,0.0
2026-04-08T09:45:00+02:00,0.0
2026-04-08T10:00:00+02:00,0.0
2026-04-08T10:15:00+02:00,0.0
2026-04-08T10:30:00+02:00,0.0
2026-04-08T10:45:00+02:00,0.0
2026-04-08T11:00:00+02:00,0.0
2026-04-08T11:15:00+02:00,0.0
2026-04-08T11:30:00+02:00,0.0
2026-04-08T11:45:00+02:00,0.0
2026-04-08T12:00:00+02:00,0.0
2026-04-08T12:15:00+02:00,0.0
2026-04-08T12:30:00+02:00,0.0
2026-04-08T12:45:00+02:00,0.0
2026-04-08T13:00:00+02:00,0.0
2026-04-08T13:15:00+02:00,0.0
2026-04-08T13:30:00+02:00,0.0
2026-04-08T13:45:00+02:00,0.0
2026-04-08T14:00:00+02:00,0.0
2026-04-08T14:15:00+02:00,0.0
2026-04-08T14:30:00+02:00,0.0
2026-04-08T14:45:00+02:00,0.0
2026-04-08T15:00:00+02:00,0.0
2026-04-08T15:15:00+02:00,0.0
2026-04-08T15:30:00+02:00,0.0
2026-04-08T15:45:00+02:00,0.0
2026-04-08T16:00:00+02:00,0.0
2026-04-08T16:15:00+02:00,0.0
2026-04-08T16:30:00+02:00,0.0
2026-04-08T16:45:00+02:00,0.0
2026-04-08T17:00:00+02:00,0.0
2026-04-08T17:15:00+02:00,0.0
2026-04-08T17:30:00+02:00,0.0
2026-04-08T17:45:00+02:00,0.0
2026-04-08T18:00:00+02:00,4.16
2026-04-08T18:15:00+02:00,52.32
2026-04-08T18:30:00+02:00,89.04
2026-04-08T18:45:00+02:00,95.92
2026-04-08T19:00:00+02:00,123.76
2026-04-08T19:15:00+02:00,155.52
2026-04-08T19:30:00+02:00,160.24
2026-04-08T19:45:00+02:00,165.44
2026-04-08T20:00:00+02:00,154.4
2026-04-08T20:15:00+02:00,147.2
2026-04-08T20:30:00+02:00,151.6
2026-04-08T20:45:00+02:00,167.44
2026-04-08T21:00:00+02:00,190.24
2026-04-08T21:15:00+02:00,160.72
2026-04-08T21:30:00+02:00,133.28
2026-04-08T21:45:00+02:00,133.6
2026-04-08T22:00:00+02:00,128.32
2026-04-08T22:15:00+02:00,137.6
2026-04-08T22:30:00+02:00,118.4
2026-04-08T22:45:00+02:00,117.28
2026-04-08T23:00:00+02:00,117.04
2026-04-08T23:15:00+02:00,128.8
2026-04-08T23:30:00+02:00,139.6
2026-04-08T23:45:00+02:00,127.44
2026-04-09T00:00:00+02:00,133.12
2026-04-09T00:15:00+02:00,130.4
2026-04-09T00:30:00+02:00,144.56
2026-04-09T00:45:00+02:00,130.4
2026-04-09T01:00:00+02:00,100.0
2026-04-09T01:15:00+02:00,121.52
2026-04-09T01:30:00+02:00,123.44
2026-04-09T01:45:00+02:00,142.0
2026-04-09T02:00:00+02:00,144.4
2026-04-09T02:15:00+02:00,153.76
2026-04-09T02:30:00+02:00,136.72
2026-04-09T02:45:00+02:00,137.28
2026-04-09T03:00:00+02:00,144.56
2026-04-09T03:15:00+02:00,139.68
2026-04-09T03:30:00+02:00,133.76
2026-04-09T03:45:00+02:00,146.56
2026-04-09T04:00:00+02:00,141.36
2026-04-09T04:15:00+02:00,149.44
2026-04-09T04:30:00+02:00,132.16
2026-04-09T04:45:00+02:00,143.84
2026-04-09T05:00:00+02:00,156.72
2026-04-09T05:15:00+02:00,161.84
2026-04-09T05:30:00+02:00,141.68
2026-04-09T05:45:00+02:00,188.88
2026-04-09T06:00:00+02:00,167.68
2026-04-09T06:15:00+02:00,181.2
2026-04-09T06:30:00+02:00,238.0
2026-04-09T06:45:00+02:00,207.52
2026-04-09T07:00:00+02:00,197.52
2026-04-09T07:15:00+02:00,197.84
2026-04-09T07:30:00+02:00,194.8
2026-04-09T07:45:00+02:00,184.48
2026-04-09T08:00:00+02:00,163.92
2026-04-09T08:15:00+02:00,115.2
2026-04-09T08:30:00+02:00,33.2
2026-04-09T08:45:00+02:00,26.64
2026-04-09T09:00:00+02:00,4.08
2026-04-09T09:15:00+02:00,0.32
2026-04-09T09:30:00+02:00,0.0
2026-04-09T09:45:00+02:00,0.0
2026-04-09T10:00:00+02:00,0.0
2026-04-09T10:15:00+02:00,0.0
2026-04-09T10:30:00+02:00,0.0
2026-04-09T10:45:00+02:00,0.0
2026-04-09T11:00:00+02:00,0.0
2026-04-09T11:15:00+02:00,0.0
2026-04-09T11:30:00+02:00,0.0
2026-04-09T11:45:00+02:00,0.0
2026-04-09T12:00:00+02:00,0.0
2026-04-09T12:15:00+02:00,0.0
2026-04-09T12:30:00+02:00,0.0
2026-04-09T12:45:00+02:00,0.0
2026-04-09T13:00:00+02:00,0.0
2026-04-09T13:15:00+02:00,0.0
2026-04-09T13:30:00+02:00,0.0
2026-04-09T13:45:00+02:00,0.0
2026-04-09T14:00:00+02:00,0.0
2026-04-09T14:15:00+02:00,0.0
2026-04-09T14:30:00+02:00,0.0
2026-04-09T14:45:00+02:00,0.0
2026-04-09T15:00:00+02:00,0.0
2026-04-09T15:15:00+02:00,0.0
2026-04-09T15:30:00+02:00,0.0
2026-04-09T15:45:00+02:00,3.36
2026-04-09T16:00:00+02:00,12.0
2026-04-09T16:15:00+02:00,23.52
2026-04-09T16:30:00+02:00,0.08
2026-04-09T16:45:00+02:00,6.64
2026-04-09T17:00:00+02:00,1.12
2026-04-09T17:15:00+02:00,0.0
2026-04-09T17:30:00+02:00,21.36
2026-04-09T17:45:00+02:00,18.32
2026-04-09T18:00:00+02:00,16.56
2026-04-09T18:15:00+02:00,42.8
2026-04-09T18:30:00+02:00,66.16
2026-04-09T18:45:00+02:00,81.68
2026-04-09T19:00:00+02:00,111.6
2026-04-09T19:15:00+02:00,114.16
2026-04-09T19:30:00+02:00,133.76
2026-04-09T19:45:00+02:00,136.32
2026-04-09T20:00:00+02:00,162.56
2026-04-09T20:15:00+02:00,154.8
2026-04-09T20:30:00+02:00,177.28
2026-04-09T20:45:00+02:00,154.72
2026-04-09T21:00:00+02:00,156.08
2026-04-09T21:15:00+02:00,155.68
2026-04-09T21:30:00+02:00,178.32
2026-04-09T21:45:00+02:00,194.08
2026-04-09T22:00:00+02:00,202.24
2026-04-09T22:15:00+02:00,198.72
2026-04-09T22:30:00+02:00,187.68
2026-04-09T22:45:00+02:00,189.36
2026-04-09T23:00:00+02:00,192.24
2026-04-09T23:15:00+02:00,180.4
2026-04-09T23:30:00+02:00,156.96
2026-04-09T23:45:00+02:00,157.68
2026-04-10T00:00:00+02:00,154.56
2026-04-10T00:15:00+02:00,180.48
2026-04-10T00:30:00+02:00,172.08
2026-04-10T00:45:00+02:00,159.44
2026-04-10T01:00:00+02:00,151.44
2026-04-10T01:15:00+02:00,151.28
2026-04-10T01:30:00+02:00,158.64
2026-04-10T01:45:00+02:00,168.8
2026-04-10T02:00:00+02:00,149.76
2026-04-10T02:15:00+02:00,140.16
2026-04-10T02:30:00+02:00,141.68
2026-04-10T02:45:00+02:00,153.12
2026-04-10T03:00:00+02:00,138.56
2026-04-10T03:15:00+02:00,141.12
2026-04-10T03:30:00+02:00,152.64
2026-04-10T03:45:00+02:00,124.56
2026-04-10T04:00:00+02:00,137.76
2026-04-10T04:15:00+02:00,119.52
2026-04-10T04:30:00+02:00,116.96
2026-04-10T04:45:00+02:00,126.8
2026-04-10T05:00:00+02:00,144.96
2026-04-10T05:15:00+02:00,141.36
2026-04-10T05:30:00+02:00,141.84
2026-04-10T05:45:00+02:00,161.6
2026-04-10T06:00:00+02:00,136.56
2026-04-10T06:15:00+02:00,167.76
2026-04-10T06:30:00+02:00,182.16
2026-04-10T06:45:00+02:00,229.44
2026-04-10T07:00:00+02:00,222.08
2026-04-10T07:15:00+02:00,247.04
2026-04-10T07:30:00+02:00,190.88
2026-04-10T07:45:00+02:00,174.32
2026-04-10T08:00:00+02:00,169.28
2026-04-10T08:15:00+02:00,184.88
2026-04-10T08:30:00+02:00,214.96
2026-04-10T08:45:00+02:00,150.4
2026-04-10T09:00:00+02:00,112.08
2026-04-10T09:15:00+02:00,126.8
2026-04-10T09:30:00+02:00,171.52
2026-04-10T09:45:00+02:00,200.16
2026-04-10T10:00:00+02:00,202.8
2026-04-10T10:15:00+02:00,227.68
2026-04-10T10:30:00+02:00,160.56
2026-04-10T10:45:00+02:00,12.24
2026-04-10T11:00:00+02:00,10.4
2026-04-10T11:15:00+02:00,42.32
2026-04-10T11:30:00+02:00,82.08
2026-04-10T11:45:00+02:00,137.84
2026-04-10T12:00:00+02:00,148.08
2026-04-10T12:15:00+02:00,137.68
2026-04-10T12:30:00+02:00,187.76
2026-04-10T12:45:00+02:00,168.08
2026-04-10T13:00:00+02:00,142.48
2026-04-10T13:15:00+02:00,96.0
2026-04-10T13:30:00+02:00,117.84
2026-04-10T13:45:00+02:00,172.72
2026-04-10T14:00:00+02:00,185.76
2026-04-10T14:15:00+02:00,172.88
2026-04-10T14:30:00+02:00,148.08
2026-04-10T14:45:00+02:00,103.04
2026-04-10T15:00:00+02:00,99.12
2026-04-10T15:15:00+02:00,86.64
2026-04-10T15:30:00+02:00,114.16
2026-04-10T15:45:00+02:00,118.4
2026-04-10T16:00:00+02:00,126.4
2026-04-10T16:15:00+02:00,112.64
2026-04-10T16:30:00+02:00,75.12
2026-04-10T16:45:00+02:00,126.56
2026-04-10T17:00:00+02:00,124.08
2026-04-10T17:15:00+02:00,108.0
2026-04-10T17:30:00+02:00,98.88
2026-04-10T17:45:00+02:00,130.72
2026-04-10T18:00:00+02:00,142.56
2026-04-10T18:15:00+02:00,152.24
2026-04-10T18:30:00+02:00,122.56
2026-04-10T18:45:00+02:00,114.64
2026-04-10T19:00:00+02:00,112.88
2026-04-10T19:15:00+02:00,91.04
2026-04-10T19:30:00+02:00,77.68
2026-04-10T19:45:00+02:00,87.84
2026-04-10T20:00:00+02:00,80.24
2026-04-10T20:15:00+02:00,59.68
2026-04-10T20:30:00+02:00,55.6
2026-04-10T20:45:00+02:00,45.6
2026-04-10T21:00:00+02:00,45.6
2026-04-10T21:15:00+02:00,41.04
2026-04-10T21:30:00+02:00,39.68
2026-04-10T21:45:00+02:00,35.76
2026-04-10T22:00:00+02:00,38.0
2026-04-10T22:15:00+02:00,35.68
2026-04-10T22:30:00+02:00,34.4
2026-04-10T22:45:00+02:00,34.72
2026-04-10T23:00:00+02:00,35.2
2026-04-10T23:15:00+02:00,36.96
2026-04-10T23:30:00+02:00,39.36
2026-04-10T23:45:00+02:00,42.48
2026-04-11T00:00:00+02:00,39.28
2026-04-11T00:15:00+02:00,39.44
2026-04-11T00:30:00+02:00,41.92
2026-04-11T00:45:00+02:00,37.68
2026-04-11T01:00:00+02:00,34.16
2026-04-11T01:15:00+02:00,34.32
2026-04-11T01:30:00+02:00,35.84
2026-04-11T01:45:00+02:00,33.52
2026-04-11T02:00:00+02:00,33.12
2026-04-11T02:15:00+02:00,35.36
2026-04-11T02:30:00+02:00,38.96
2026-04-11T02:45:00+02:00,38.64
2026-04-11T03:00:00+02:00,38.32
2026-04-11T03:15:00+02:00,38.32
2026-04-11T03:30:00+02:00,38.4
2026-04-11T03:45:00+02:00,37.76
2026-04-11T04:00:00+02:00,36.0
2026-04-11T04:15:00+02:00,37.2
2026-04-11T04:30:00+02:00,35.52
2026-04-11T04:45:00+02:00,37.04
2026-04-11T05:00:00+02:00,38.8
2026-04-11T05:15:00+02:00,38.0
2026-04-11T05:30:00+02:00,39.12
2026-04-11T05:45:00+02:00,38.32
2026-04-11T06:00:00+02:00,38.96
2026-04-11T06:15:00+02:00,40.48
2026-04-11T06:30:00+02:00,40.48
2026-04-11T06:45:00+02:00,38.48
2026-04-11T07:00:00+02:00,30.4
2026-04-11T07:15:00+02:00,19.6
2026-04-11T07:30:00+02:00,0.32
2026-04-11T07:45:00+02:00,0.08
2026-04-11T08:00:00+02:00,0.0
2026-04-11T08:15:00+02:00,0.0
2026-04-11T08:30:00+02:00,0.0
2026-04-11T08:45:00+02:00,0.0
2026-04-11T09:00:00+02:00,0.0
2026-04-11T09:15:00+02:00,0.0
2026-04-11T09:30:00+02:00,0.0
2026-04-11T09:45:00+02:00,0.0
2026-04-11T10:00:00+02:00,0.0
2026-04-11T10:15:00+02:00,0.0
2026-04-11T10:30:00+02:00,0.0
2026-04-11T10:45:00+02:00,0.0
2026-04-11T11:00:00+02:00,0.0
2026-04-11T11:15:00+02:00,0.0
2026-04-11T11:30:00+02:00,0.0
2026-04-11T11:45:00+02:00,0.0
2026-04-11T12:00:00+02:00,0.0
2026-04-11T12:15:00+02:00,0.0
2026-04-11T12:30:00+02:00,0.0
2026-04-11T12:45:00+02:00,0.0
2026-04-11T13:00:00+02:00,0.0
2026-04-11T13:15:00+02:00,0.0
2026-04-11T13:30:00+02:00,0.32
2026-04-11T13:45:00+02:00,3.76
2026-04-11T14:00:00+02:00,2.8
2026-04-11T14:15:00+02:00,0.08
2026-04-11T14:30:00+02:00,0.16
2026-04-11T14:45:00+02:00,0.16
2026-04-11T15:00:00+02:00,0.08
2026-04-11T15:15:00+02:00,1.6
2026-04-11T15:30:00+02:00,2.96
2026-04-11T15:45:00+02:00,0.0
2026-04-11T16:00:00+02:00,0.0
2026-04-11T16:15:00+02:00,0.0
2026-04-11T16:30:00+02:00,0.0
2026-04-11T16:45:00+02:00,0.0
2026-04-11T17:00:00+02:00,0.0
2026-04-11T17:15:00+02:00,0.0
2026-04-11T17:30:00+02:00,0.0
2026-04-11T17:45:00+02:00,0.0
2026-04-11T18:00:00+02:00,0.0
2026-04-11T18:15:00+02:00,0.0
2026-04-11T18:30:00+02:00,0.0
2026-04-11T18:45:00+02:00,0.0
2026-04-11T19:00:00+02:00,0.96
2026-04-11T19:15:00+02:00,11.28
2026-04-11T19:30:00+02:00,22.64
2026-04-11T19:45:00+02:00,29.84
2026-04-11T20:00:00+02:00,32.8
2026-04-11T20:15:00+02:00,35.6
2026-04-11T20:30:00+02:00,34.96
2026-04-11T20:45:00+02:00,34.88
2026-04-11T21:00:00+02:00,34.48
2026-04-11T21:15:00+02:00,34.16
2026-04-11T21:30:00+02:00,32.16
2026-04-11T21:45:00+02:00,34.96
2026-04-11T22:00:00+02:00,38.96
2026-04-11T22:15:00+02:00,37.68
2026-04-11T22:30:00+02:00,38.96
2026-04-11T22:45:00+02:00,35.44
2026-04-11T23:00:00+02:00,34.64
2026-04-11T23:15:00+02:00,35.44
2026-04-11T23:30:00+02:00,38.0
2026-04-11T23:45:00+02:00,38.48
2026-04-12T00:00:00+02:00,38.88
2026-04-12T00:15:00+02:00,36.72
2026-04-12T00:30:00+02:00,33.52
2026-04-12T00:45:00+02:00,35.12
2026-04-12T01:00:00+02:00,35.92
2026-04-12T01:15:00+02:00,35.2
2026-04-12T01:30:00+02:00,37.12
2026-04-12T01:45:00+02:00,37.12
2026-04-12T02:00:00+02:00,37.2
2026-04-12T02:15:00+02:00,37.28
2026-04-12T02:30:00+02:00,34.88
2026-04-12T02:45:00+02:00,32.48
2026-04-12T03:00:00+02:00,31.76
2026-04-12T03:15:00+02:00,31.6
2026-04-12T03:30:00+02:00,31.84
2026-04-12T03:45:00+02:00,32.48
2026-04-12T04:00:00+02:00,32.24
2026-04-12T04:15:00+02:00,35.2
2026-04-12T04:30:00+02:00,35.44
2026-04-12T04:45:00+02:00,37.68
2026-04-12T05:00:00+02:00,38.88
2026-04-12T05:15:00+02:00,38.96
2026-04-12T05:30:00+02:00,38.64
2026-04-12T05:45:00+02:00,36.08
2026-04-12T06:00:00+02:00,36.88
2026-04-12T06:15:00+02:00,37.6
2026-04-12T06:30:00+02:00,36.56
2026-04-12T06:45:00+02:00,31.28
2026-04-12T07:00:00+02:00,22.48
2026-04-12T07:15:00+02:00,2.96
2026-04-12T07:30:00+02:00,0.08
2026-04-12T07:45:00+02:00,0.0
2026-04-12T08:00:00+02:00,0.0
2026-04-12T08:15:00+02:00,0.0
2026-04-12T08:30:00+02:00,1.76
2026-04-12T08:45:00+02:00,2.32
2026-04-12T09:00:00+02:00,0.0
2026-04-12T09:15:00+02:00,0.0
2026-04-12T09:30:00+02:00,0.0
2026-04-12T09:45:00+02:00,0.0
2026-04-12T10:00:00+02:00,0.0
2026-04-12T10:15:00+02:00,0.0
2026-04-12T10:30:00+02:00,0.0
2026-04-12T10:45:00+02:00,0.0
2026-04-12T11:00:00+02:00,0.4
2026-04-12T11:15:00+02:00,0.48
2026-04-12T11:30:00+02:00,0.0
2026-04-12T11:45:00+02:00,0.0
2026-04-12T12:00:00+02:00,0.0
2026-04-12T12:15:00+02:00,0.0
2026-04-12T12:30:00+02:00,0.0
2026-04-12T12:45:00+02:00,0.0
2026-04-12T13:00:00+02:00,0.0
2026-04-12T13:15:00+02:00,0.0
2026-04-12T13:30:00+02:00,0.0
2026-04-12T13:45:00+02:00,0.0
2026-04-12T14:00:00+02:00,0.0
2026-04-12T14:15:00+02:00,0.0
2026-04-12T14:30:00+02:00,0.0
2026-04-12T14:45:00+02:00,0.0
2026-04-12T15:00:00+02:00,0.0
2026-04-12T15:15:00+02:00,0.0
2026-04-12T15:30:00+02:00,0.0
2026-04-12T15:45:00+02:00,0.0
2026-04-12T16:00:00+02:00,0.0
2026-04-12T16:15:00+02:00,0.0
2026-04-12T16:30:00+02:00,0.0
2026-04-12T16:45:00+02:00,0.0
2026-04-12T17:00:00+02:00,0.0
2026-04-12T17:15:00+02:00,5.6
2026-04-12T17:30:00+02:00,13.12
2026-04-12T17:45:00+02:00,18.0
2026-04-12T18:00:00+02:00,23.28
2026-04-12T18:15:00+02:00,22.08
2026-04-12T18:30:00+02:00,23.92
2026-04-12T18:45:00+02:00,24.72
2026-04-12T19:00:00+02:00,30.32
2026-04-12T19:15:00+02:00,32.64
2026-04-12T19:30:00+02:00,30.32
2026-04-12T19:45:00+02:00,32.8
2026-04-12T20:00:00+02:00,34.88
2026-04-12T20:15:00+02:00,38.0
2026-04-12T20:30:00+02:00,38.32
2026-04-12T20:45:00+02:00,42.0
2026-04-12T21:00:00+02:00,43.68
2026-04-12T21:15:00+02:00,43.28
2026-04-12T21:30:00+02:00,39.04
2026-04-12T21:45:00+02:00,39.12
2026-04-12T22:00:00+02:00,39.68
2026-04-12T22:15:00+02:00,41.04
2026-04-12T22:30:00+02:00,38.8
2026-04-12T22:45:00+02:00,36.64
2026-04-12T23:00:00+02:00,36.48
2026-04-12T23:15:00+02:00,38.56
2026-04-12T23:30:00+02:00,41.6
2026-04-12T23:45:00+02:00,45.2
2026-04-13T00:00:00+02:00,45.2
2026-04-13T00:15:00+02:00,43.92
2026-04-13T00:30:00+02:00,44.88
2026-04-13T00:45:00+02:00,41.52
2026-04-13T01:00:00+02:00,42.96
2026-04-13T01:15:00+02:00,44.16
2026-04-13T01:30:00+02:00,39.76
2026-04-13T01:45:00+02:00,39.12
2026-04-13T02:00:00+02:00,39.36
2026-04-13T02:15:00+02:00,40.08
2026-04-13T02:30:00+02:00,40.8
2026-04-13T02:45:00+02:00,42.24
2026-04-13T03:00:00+02:00,42.96
2026-04-13T03:15:00+02:00,41.44
2026-04-13T03:30:00+02:00,40.32
2026-04-13T03:45:00+02:00,40.72
2026-04-13T04:00:00+02:00,36.0
2026-04-13T04:15:00+02:00,38.4
2026-04-13T04:30:00+02:00,39.52
2026-04-13T04:45:00+02:00,44.16
2026-04-13T05:00:00+02:00,43.44
2026-04-13T05:15:00+02:00,60.56
2026-04-13T05:30:00+02:00,78.0
2026-04-13T05:45:00+02:00,102.72
2026-04-13T06:00:00+02:00,136.08
2026-04-13T06:15:00+02:00,150.8
2026-04-13T06:30:00+02:00,169.76
2026-04-13T06:45:00+02:00,189.2
2026-04-13T07:00:00+02:00,188.96
2026-04-13T07:15:00+02:00,213.68
2026-04-13T07:30:00+02:00,226.48
2026-04-13T07:45:00+02:00,241.92
2026-04-13T08:00:00+02:00,211.44
2026-04-13T08:15:00+02:00,238.08
2026-04-13T08:30:00+02:00,273.52
2026-04-13T08:45:00+02:00,230.24
2026-04-13T09:00:00+02:00,240.8
2026-04-13T09:15:00+02:00,245.84
2026-04-13T09:30:00+02:00,191.04
2026-04-13T09:45:00+02:00,209.36
2026-04-13T10:00:00+02:00,157.52
2026-04-13T10:15:00+02:00,141.84
2026-04-13T10:30:00+02:00,128.32
2026-04-13T10:45:00+02:00,141.84
2026-04-13T11:00:00+02:00,146.64
2026-04-13T11:15:00+02:00,151.12
2026-04-13T11:30:00+02:00,186.64
2026-04-13T11:45:00+02:00,124.8
2026-04-13T12:00:00+02:00,116.16
2026-04-13T12:15:00+02:00,148.16
2026-04-13T12:30:00+02:00,137.12
2026-04-13T12:45:00+02:00,172.16
2026-04-13T13:00:00+02:00,156.96
2026-04-13T13:15:00+02:00,147.36
2026-04-13T13:30:00+02:00,180.8
2026-04-13T13:45:00+02:00,89.92
2026-04-13T14:00:00+02:00,11.76
2026-04-13T14:15:00+02:00,29.92
2026-04-13T14:30:00+02:00,0.0
2026-04-13T14:45:00+02:00,0.0
2026-04-13T15:00:00+02:00,22.56
2026-04-13T15:15:00+02:00,128.24
2026-04-13T15:30:00+02:00,133.04
2026-04-13T15:45:00+02:00,101.52
2026-04-13T16:00:00+02:00,163.36
2026-04-13T16:15:00+02:00,142.4
2026-04-13T16:30:00+02:00,145.6
2026-04-13T16:45:00+02:00,120.32
2026-04-13T17:00:00+02:00,128.0
2026-04-13T17:15:00+02:00,139.12
2026-04-13T17:30:00+02:00,153.2
2026-04-13T17:45:00+02:00,157.04
2026-04-13T18:00:00+02:00,177.28
2026-04-13T18:15:00+02:00,182.8
2026-04-13T18:30:00+02:00,182.48
2026-04-13T18:45:00+02:00,186.16
2026-04-13T19:00:00+02:00,187.12
2026-04-13T19:15:00+02:00,199.2
2026-04-13T19:30:00+02:00,217.04
2026-04-13T19:45:00+02:00,203.84
2026-04-13T20:00:00+02:00,217.44
2026-04-13T20:15:00+02:00,194.88
2026-04-13T20:30:00+02:00,240.64
2026-04-13T20:45:00+02:00,232.56
2026-04-13T21:00:00+02:00,203.28
2026-04-13T21:15:00+02:00,231.84
2026-04-13T21:30:00+02:00,200.08
2026-04-13T21:45:00+02:00,213.36
2026-04-13T22:00:00+02:00,221.44
2026-04-13T22:15:00+02:00,202.4
2026-04-13T22:30:00+02:00,216.88
2026-04-13T22:45:00+02:00,207.36
2026-04-13T23:00:00+02:00,198.0
2026-04-13T23:15:00+02:00,216.0
2026-04-13T23:30:00+02:00,182.48
2026-04-13T23:45:00+02:00,240.08
2026-04-14T00:00:00+02:00,210.32
2026-04-14T00:15:00+02:00,191.12
2026-04-14T00:30:00+02:00,178.8
2026-04-14T00:45:00+02:00,181.68
2026-04-14T01:00:00+02:00,207.04
2026-04-14T01:15:00+02:00,199.44
2026-04-14T01:30:00+02:00,179.76
2026-04-14T01:45:00+02:00,186.0
2026-04-14T02:00:00+02:00,178.8
2026-04-14T02:15:00+02:00,177.2
2026-04-14T02:30:00+02:00,178.32
2026-04-14T02:45:00+02:00,176.16
2026-04-14T03:00:00+02:00,165.92
2026-04-14T03:15:00+02:00,185.04
2026-04-14T03:30:00+02:00,247.76
2026-04-14T03:45:00+02:00,190.64
2026-04-14T04:00:00+02:00,189.76
2026-04-14T04:15:00+02:00,181.04
2026-04-14T04:30:00+02:00,159.04
2026-04-14T04:45:00+02:00,215.44
2026-04-14T05:00:00+02:00,196.4
2026-04-14T05:15:00+02:00,229.44
2026-04-14T05:30:00+02:00,182.96
2026-04-14T05:45:00+02:00,233.76
2026-04-14T06:00:00+02:00,198.96
2026-04-14T06:15:00+02:00,217.84
2026-04-14T06:30:00+02:00,286.16
2026-04-14T06:45:00+02:00,310.16
2026-04-14T07:00:00+02:00,239.44
2026-04-14T07:15:00+02:00,220.24
2026-04-14T07:30:00+02:00,222.56
2026-04-14T07:45:00+02:00,225.2
2026-04-14T08:00:00+02:00,298.88
2026-04-14T08:15:00+02:00,338.8
2026-04-14T08:30:00+02:00,316.96
2026-04-14T08:45:00+02:00,260.72
2026-04-14T09:00:00+02:00,250.72
2026-04-14T09:15:00+02:00,243.84
2026-04-14T09:30:00+02:00,227.36
2026-04-14T09:45:00+02:00,289.28
2026-04-14T10:00:00+02:00,290.4
2026-04-14T10:15:00+02:00,290.8
2026-04-14T10:30:00+02:00,267.12
2026-04-14T10:45:00+02:00,269.76
2026-04-14T11:00:00+02:00,258.96
2026-04-14T11:15:00+02:00,220.72
2026-04-14T11:30:00+02:00,210.08
2026-04-14T11:45:00+02:00,190.32
2026-04-14T12:00:00+02:00,203.76
2026-04-14T12:15:00+02:00,228.88
2026-04-14T12:30:00+02:00,202.72
2026-04-14T12:45:00+02:00,178.32
2026-04-14T13:00:00+02:00,193.84
2026-04-14T13:15:00+02:00,189.12
2026-04-14T13:30:00+02:00,159.92
2026-04-14T13:45:00+02:00,232.32
2026-04-14T14:00:00+02:00,216.0
2026-04-14T14:15:00+02:00,212.24
2026-04-14T14:30:00+02:00,212.0
2026-04-14T14:45:00+02:00,181.76
2026-04-14T15:00:00+02:00,199.04
2026-04-14T15:15:00+02:00,175.2
2026-04-14T15:30:00+02:00,203.36
2026-04-14T15:45:00+02:00,196.56
2026-04-14T16:00:00+02:00,180.08
2026-04-14T16:15:00+02:00,214.8
2026-04-14T16:30:00+02:00,171.04
2026-04-14T16:45:00+02:00,185.36
2026-04-14T17:00:00+02:00,178.72
2026-04-14T17:15:00+02:00,199.68
2026-04-14T17:30:00+02:00,213.44
2026-04-14T17:45:00+02:00,177.52
2026-04-14T18:00:00+02:00,186.4
2026-04-14T18:15:00+02:00,208.64
2026-04-14T18:30:00+02:00,196.08
2026-04-14T18:45:00+02:00,171.76
2026-04-14T19:00:00+02:00,182.8
2026-04-14T19:15:00+02:00,182.32
2026-04-14T19:30:00+02:00,194.96
2026-04-14T19:45:00+02:00,230.0
2026-04-14T20:00:00+02:00,218.0
2026-04-14T20:15:00+02:00,198.64
2026-04-14T20:30:00+02:00,207.6
2026-04-14T20:45:00+02:00,203.92
2026-04-14T21:00:00+02:00,244.08
2026-04-14T21:15:00+02:00,217.04
2026-04-14T21:30:00+02:00,220.72
2026-04-14T21:45:00+02:00,212.24
2026-04-14T22:00:00+02:00,225.04
2026-04-14T22:15:00+02:00,173.04
2026-04-14T22:30:00+02:00,162.96
2026-04-14T22:45:00+02:00,209.36
2026-04-14T23:00:00+02:00,226.08
2026-04-14T23:15:00+02:00,233.76
2026-04-14T23:30:00+02:00,225.92
2026-04-14T23:45:00+02:00,207.04
2026-04-15T00:00:00+02:00,217.2
2026-04-15T00:15:00+02:00,228.32
2026-04-15T00:30:00+02:00,207.36
2026-04-15T00:45:00+02:00,200.16
2026-04-15T01:00:00+02:00,213.52
2026-04-15T01:15:00+02:00,230.32
2026-04-15T01:30:00+02:00,217.92
2026-04-15T01:45:00+02:00,203.6
2026-04-15T02:00:00+02:00,208.4
2026-04-15T02:15:00+02:00,195.68
2026-04-15T02:30:00+02:00,198.4
2026-04-15T02:45:00+02:00,213.28
2026-04-15T03:00:00+02:00,180.72
2026-04-15T03:15:00+02:00,179.28
2026-04-15T03:30:00+02:00,194.64
2026-04-15T03:45:00+02:00,207.76
2026-04-15T04:00:00+02:00,206.0
2026-04-15T04:15:00+02:00,210.32
2026-04-15T04:30:00+02:00,208.88
2026-04-15T04:45:00+02:00,231.44
2026-04-15T05:00:00+02:00,224.72
2026-04-15T05:15:00+02:00,208.64
2026-04-15T05:30:00+02:00,193.12
2026-04-15T05:45:00+02:00,196.96
2026-04-15T06:00:00+02:00,217.6
2026-04-15T06:15:00+02:00,221.28
2026-04-15T06:30:00+02:00,238.64
2026-04-15T06:45:00+02:00,237.52
2026-04-15T07:00:00+02:00,247.28
2026-04-15T07:15:00+02:00,231.04
2026-04-15T07:30:00+02:00,235.52
2026-04-15T07:45:00+02:00,175.04
2026-04-15T08:00:00+02:00,173.44
2026-04-15T08:15:00+02:00,185.36
2026-04-15T08:30:00+02:00,104.4
2026-04-15T08:45:00+02:00,45.36
2026-04-15T09:00:00+02:00,104.8
2026-04-15T09:15:00+02:00,191.2
2026-04-15T09:30:00+02:00,163.84
2026-04-15T09:45:00+02:00,95.36
2026-04-15T10:00:00+02:00,100.32
2026-04-15T10:15:00+02:00,116.48
2026-04-15T10:30:00+02:00,66.88
2026-04-15T10:45:00+02:00,94.64
2026-04-15T11:00:00+02:00,112.0
2026-04-15T11:15:00+02:00,76.48
2026-04-15T11:30:00+02:00,41.6
2026-04-15T11:45:00+02:00,46.72
2026-04-15T12:00:00+02:00,27.36
2026-04-15T12:15:00+02:00,3.2
2026-04-15T12:30:00+02:00,66.96
2026-04-15T12:45:00+02:00,121.2
2026-04-15T13:00:00+02:00,76.0
2026-04-15T13:15:00+02:00,26.56
2026-04-15T13:30:00+02:00,101.76
2026-04-15T13:45:00+02:00,30.96
2026-04-15T14:00:00+02:00,25.92
2026-04-15T14:15:00+02:00,16.8
2026-04-15T14:30:00+02:00,28.72
2026-04-15T14:45:00+02:00,0.0
2026-04-15T15:00:00+02:00,7.6
2026-04-15T15:15:00+02:00,0.0
2026-04-15T15:30:00+02:00,0.24
2026-04-15T15:45:00+02:00,0.0
2026-04-15T16:00:00+02:00,0.0
2026-04-15T16:15:00+02:00,13.2
2026-04-15T16:30:00+02:00,37.28
2026-04-15T16:45:00+02:00,65.68
2026-04-15T17:00:00+02:00,93.84
2026-04-15T17:15:00+02:00,88.24
2026-04-15T17:30:00+02:00,99.68
2026-04-15T17:45:00+02:00,156.0
2026-04-15T18:00:00+02:00,171.04
2026-04-15T18:15:00+02:00,163.2
2026-04-15T18:30:00+02:00,175.44
2026-04-15T18:45:00+02:00,221.76
2026-04-15T19:00:00+02:00,213.04
2026-04-15T19:15:00+02:00,207.12
2026-04-15T19:30:00+02:00,212.48
2026-04-15T19:45:00+02:00,225.2
2026-04-15T20:00:00+02:00,186.64
2026-04-15T20:15:00+02:00,186.88
2026-04-15T20:30:00+02:00,184.48
2026-04-15T20:45:00+02:00,187.68
2026-04-15T21:00:00+02:00,202.0
2026-04-15T21:15:00+02:00,234.96
2026-04-15T21:30:00+02:00,225.28
2026-04-15T21:45:00+02:00,213.28
2026-04-15T22:00:00+02:00,197.36
2026-04-15T22:15:00+02:00,183.04
2026-04-15T22:30:00+02:00,178.16
2026-04-15T22:45:00+02:00,179.04
2026-04-15T23:00:00+02:00,186.88
2026-04-15T23:15:00+02:00,210.64
2026-04-15T23:30:00+02:00,172.88
2026-04-15T23:45:00+02:00,182.8
2026-04-16T00:00:00+02:00,182.0
2026-04-16T00:15:00+02:00,175.84
2026-04-16T00:30:00+02:00,193.44
2026-04-16T00:45:00+02:00,164.64
2026-04-16T01:00:00+02:00,158.56
2026-04-16T01:15:00+02:00,226.72
2026-04-16T01:30:00+02:00,240.56
2026-04-16T01:45:00+02:00,222.16
2026-04-16T02:00:00+02:00,170.48
2026-04-16T02:15:00+02:00,158.24
2026-04-16T02:30:00+02:00,159.12
2026-04-16T02:45:00+02:00,229.76
2026-04-16T03:00:00+02:00,183.6
2026-04-16T03:15:00+02:00,169.76
2026-04-16T03:30:00+02:00,170.48
2026-04-16T03:45:00+02:00,166.24
2026-04-16T04:00:00+02:00,169.92
2026-04-16T04:15:00+02:00,180.48
2026-04-16T04:30:00+02:00,229.28
2026-04-16T04:45:00+02:00,202.64
2026-04-16T05:00:00+02:00,222.16
2026-04-16T05:15:00+02:00,184.32
2026-04-16T05:30:00+02:00,177.76
2026-04-16T05:45:00+02:00,240.8
2026-04-16T06:00:00+02:00,213.92
2026-04-16T06:15:00+02:00,183.84
2026-04-16T06:30:00+02:00,201.2
2026-04-16T06:45:00+02:00,223.68
2026-04-16T07:00:00+02:00,208.72
2026-04-16T07:15:00+02:00,246.0
2026-04-16T07:30:00+02:00,269.12
2026-04-16T07:45:00+02:00,231.68
2026-04-16T08:00:00+02:00,230.8
2026-04-16T08:15:00+02:00,225.04
2026-04-16T08:30:00+02:00,219.84
2026-04-16T08:45:00+02:00,225.52
2026-04-16T09:00:00+02:00,259.84
2026-04-16T09:15:00+02:00,248.8
2026-04-16T09:30:00+02:00,199.52
2026-04-16T09:45:00+02:00,182.4
2026-04-16T10:00:00+02:00,167.28
2026-04-16T10:15:00+02:00,192.4
2026-04-16T10:30:00+02:00,152.96
2026-04-16T10:45:00+02:00,143.36
2026-04-16T11:00:00+02:00,146.64
2026-04-16T11:15:00+02:00,81.12
2026-04-16T11:30:00+02:00,28.16
2026-04-16T11:45:00+02:00,0.0
2026-04-16T12:00:00+02:00,0.16
2026-04-16T12:15:00+02:00,14.08
2026-04-16T12:30:00+02:00,0.0
2026-04-16T12:45:00+02:00,0.0
2026-04-16T13:00:00+02:00,2.48
2026-04-16T13:15:00+02:00,0.0
2026-04-16T13:30:00+02:00,0.0
2026-04-16T13:45:00+02:00,0.0
2026-04-16T14:00:00+02:00,0.0
2026-04-16T14:15:00+02:00,0.48
2026-04-16T14:30:00+02:00,18.88
2026-04-16T14:45:00+02:00,0.32
2026-04-16T15:00:00+02:00,0.0
2026-04-16T15:15:00+02:00,0.0
2026-04-16T15:30:00+02:00,0.0
2026-04-16T15:45:00+02:00,0.8
2026-04-16T16:00:00+02:00,31.92
2026-04-16T16:15:00+02:00,0.0
2026-04-16T16:30:00+02:00,0.0
2026-04-16T16:45:00+02:00,2.08
2026-04-16T17:00:00+02:00,13.2
2026-04-16T17:15:00+02:00,72.32
2026-04-16T17:30:00+02:00,3.52
2026-04-16T17:45:00+02:00,113.28
2026-04-16T18:00:00+02:00,142.32
2026-04-16T18:15:00+02:00,153.84
2026-04-16T18:30:00+02:00,122.32
2026-04-16T18:45:00+02:00,155.04
2026-04-16T19:00:00+02:00,164.96
2026-04-16T19:15:00+02:00,236.88
2026-04-16T19:30:00+02:00,223.2
2026-04-16T19:45:00+02:00,204.72
2026-04-16T20:00:00+02:00,225.2
2026-04-16T20:15:00+02:00,246.32
2026-04-16T20:30:00+02:00,193.52
2026-04-16T20:45:00+02:00,187.52
2026-04-16T21:00:00+02:00,169.6
2026-04-16T21:15:00+02:00,167.44
2026-04-16T21:30:00+02:00,234.0
2026-04-16T21:45:00+02:00,169.6
2026-04-16T22:00:00+02:00,153.68
2026-04-16T22:15:00+02:00,185.12
2026-04-16T22:30:00+02:00,170.16
2026-04-16T22:45:00+02:00,208.48
2026-04-16T23:00:00+02:00,189.44
2026-04-16T23:15:00+02:00,175.92
2026-04-16T23:30:00+02:00,230.08
2026-04-16T23:45:00+02:00,231.92
2026-04-17T00:00:00+02:00,186.0
2026-04-17T00:15:00+02:00,170.0
2026-04-17T00:30:00+02:00,173.76
2026-04-17T00:45:00+02:00,206.48
2026-04-17T01:00:00+02:00,211.12
2026-04-17T01:15:00+02:00,154.8
2026-04-17T01:30:00+02:00,153.68
2026-04-17T01:45:00+02:00,131.52
2026-04-17T02:00:00+02:00,141.36
2026-04-17T02:15:00+02:00,187.2
2026-04-17T02:30:00+02:00,138.48
2026-04-17T02:45:00+02:00,168.96
2026-04-17T03:00:00+02:00,199.68
2026-04-17T03:15:00+02:00,123.76
2026-04-17T03:30:00+02:00,151.52
2026-04-17T03:45:00+02:00,166.32
2026-04-17T04:00:00+02:00,132.32
2026-04-17T04:15:00+02:00,159.52
2026-04-17T04:30:00+02:00,134.08
2026-04-17T04:45:00+02:00,206.48
2026-04-17T05:00:00+02:00,182.8
2026-04-17T05:15:00+02:00,210.24
2026-04-17T05:30:00+02:00,185.76
2026-04-17T05:45:00+02:00,204.96
2026-04-17T06:00:00+02:00,230.0
2026-04-17T06:15:00+02:00,202.32
2026-04-17T06:30:00+02:00,181.68
2026-04-17T06:45:00+02:00,176.4
2026-04-17T07:00:00+02:00,176.32
2026-04-17T07:15:00+02:00,171.84
2026-04-17T07:30:00+02:00,222.56
2026-04-17T07:45:00+02:00,195.28
2026-04-17T08:00:00+02:00,92.32
2026-04-17T08:15:00+02:00,95.04
2026-04-17T08:30:00+02:00,40.8
2026-04-17T08:45:00+02:00,6.96
2026-04-17T09:00:00+02:00,0.0
2026-04-17T09:15:00+02:00,0.0
2026-04-17T09:30:00+02:00,0.0
2026-04-17T09:45:00+02:00,0.0
2026-04-17T10:00:00+02:00,0.0
2026-04-17T10:15:00+02:00,0.0
2026-04-17T10:30:00+02:00,0.0
2026-04-17T10:45:00+02:00,0.0
2026-04-17T11:00:00+02:00,0.0
2026-04-17T11:15:00+02:00,0.0
2026-04-17T11:30:00+02:00,0.0
2026-04-17T11:45:00+02:00,0.0
2026-04-17T12:00:00+02:00,0.0
2026-04-17T12:15:00+02:00,0.0
2026-04-17T12:30:00+02:00,0.0
2026-04-17T12:45:00+02:00,0.0
2026-04-17T13:00:00+02:00,0.0
2026-04-17T13:15:00+02:00,0.0
2026-04-17T13:30:00+02:00,0.0
2026-04-17T13:45:00+02:00,0.0
2026-04-17T14:00:00+02:00,0.0
2026-04-17T14:15:00+02:00,0.0
2026-04-17T14:30:00+02:00,0.0
2026-04-17T14:45:00+02:00,0.0
2026-04-17T15:00:00+02:00,0.0
2026-04-17T15:15:00+02:00,0.0
2026-04-17T15:30:00+02:00,0.0
2026-04-17T15:45:00+02:00,0.0
2026-04-17T16:00:00+02:00,0.0
2026-04-17T16:15:00+02:00,0.0
2026-04-17T16:30:00+02:00,0.0
2026-04-17T16:45:00+02:00,0.0
2026-04-17T17:00:00+02:00,0.0
2026-04-17T17:15:00+02:00,0.0
2026-04-17T17:30:00+02:00,0.0
2026-04-17T17:45:00+02:00,13.68
2026-04-17T18:00:00+02:00,8.8
2026-04-17T18:15:00+02:00,47.68
2026-04-17T18:30:00+02:00,97.76
2026-04-17T18:45:00+02:00,94.8
2026-04-17T19:00:00+02:00,77.68
2026-04-17T19:15:00+02:00,95.36
2026-04-17T19:30:00+02:00,85.28
2026-04-17T19:45:00+02:00,94.4
2026-04-17T20:00:00+02:00,100.88
2026-04-17T20:15:00+02:00,102.72
2026-04-17T20:30:00+02:00,81.36
2026-04-17T20:45:00+02:00,87.6
2026-04-17T21:00:00+02:00,72.96
2026-04-17T21:15:00+02:00,61.04
2026-04-17T21:30:00+02:00,57.2
2026-04-17T21:45:00+02:00,55.68
2026-04-17T22:00:00+02:00,57.76
2026-04-17T22:15:00+02:00,58.4
2026-04-17T22:30:00+02:00,53.76
2026-04-17T22:45:00+02:00,42.8
2026-04-17T23:00:00+02:00,36.64
2026-04-17T23:15:00+02:00,35.84
2026-04-17T23:30:00+02:00,34.88
2026-04-17T23:45:00+02:00,32.72
2026-04-18T00:00:00+02:00,35.76
2026-04-18T00:15:00+02:00,32.48
2026-04-18T00:30:00+02:00,35.12
2026-04-18T00:45:00+02:00,34.4
2026-04-18T01:00:00+02:00,34.96
2026-04-18T01:15:00+02:00,34.72
2026-04-18T01:30:00+02:00,32.08
2026-04-18T01:45:00+02:00,33.44
2026-04-18T02:00:00+02:00,32.24
2026-04-18T02:15:00+02:00,31.36
2026-04-18T02:30:00+02:00,33.44
2026-04-18T02:45:00+02:00,32.16
2026-04-18T03:00:00+02:00,32.56
2026-04-18T03:15:00+02:00,32.96
2026-04-18T03:30:00+02:00,35.92
2026-04-18T03:45:00+02:00,36.24
2026-04-18T04:00:00+02:00,35.68
2026-04-18T04:15:00+02:00,35.76
2026-04-18T04:30:00+02:00,36.32
2026-04-18T04:45:00+02:00,38.0
2026-04-18T05:00:00+02:00,36.48
2026-04-18T05:15:00+02:00,33.36
2026-04-18T05:30:00+02:00,33.36
2026-04-18T05:45:00+02:00,36.24
2026-04-18T06:00:00+02:00,39.6
2026-04-18T06:15:00+02:00,40.24
2026-04-18T06:30:00+02:00,40.32
2026-04-18T06:45:00+02:00,28.96
2026-04-18T07:00:00+02:00,17.44
2026-04-18T07:15:00+02:00,3.04
2026-04-18T07:30:00+02:00,0.0
2026-04-18T07:45:00+02:00,0.0
2026-04-18T08:00:00+02:00,0.0
2026-04-18T08:15:00+02:00,0.0
2026-04-18T08:30:00+02:00,0.0
2026-04-18T08:45:00+02:00,0.0
2026-04-18T09:00:00+02:00,0.0
2026-04-18T09:15:00+02:00,0.0
2026-04-18T09:30:00+02:00,0.0
2026-04-18T09:45:00+02:00,0.0
2026-04-18T10:00:00+02:00,0.0
2026-04-18T10:15:00+02:00,0.0
2026-04-18T10:30:00+02:00,0.0
2026-04-18T10:45:00+02:00,0.0
2026-04-18T11:00:00+02:00,0.0
2026-04-18T11:15:00+02:00,0.0
2026-04-18T11:30:00+02:00,0.0
2026-04-18T11:45:00+02:00,0.0
2026-04-18T12:00:00+02:00,0.0
2026-04-18T12:15:00+02:00,0.0
2026-04-18T12:30:00+02:00,0.0
2026-04-18T12:45:00+02:00,0.0
2026-04-18T13:00:00+02:00,0.0
2026-04-18T13:15:00+02:00,0.0
2026-04-18T13:30:00+02:00,0.0
2026-04-18T13:45:00+02:00,0.0
2026-04-18T14:00:00+02:00,0.0
2026-04-18T14:15:00+02:00,0.0
2026-04-18T14:30:00+02:00,0.0
2026-04-18T14:45:00+02:00,0.0
2026-04-18T15:00:00+02:00,0.0
2026-04-18T15:15:00+02:00,0.0
2026-04-18T15:30:00+02:00,0.0
2026-04-18T15:45:00+02:00,0.0
2026-04-18T16:00:00+02:00,0.0
2026-04-18T16:15:00+02:00,0.0
2026-04-18T16:30:00+02:00,0.0
2026-04-18T16:45:00+02:00,0.0
2026-04-18T17:00:00+02:00,0.0
2026-04-18T17:15:00+02:00,0.0
2026-04-18T17:30:00+02:00,0.0
2026-04-18T17:45:00+02:00,0.0
2026-04-18T18:00:00+02:00,0.0
2026-04-18T18:15:00+02:00,0.0
2026-04-18T18:30:00+02:00,0.0
2026-04-18T18:45:00+02:00,0.0
2026-04-18T19:00:00+02:00,0.08
2026-04-18T19:15:00+02:00,1.2
2026-04-18T19:30:00+02:00,15.2
2026-04-18T19:45:00+02:00,24.16
2026-04-18T20:00:00+02:00,28.08
2026-04-18T20:15:00+02:00,34.96
2026-04-18T20:30:00+02:00,34.32
2026-04-18T20:45:00+02:00,36.24
2026-04-18T21:00:00+02:00,36.48
2026-04-18T21:15:00+02:00,31.28
2026-04-18T21:30:00+02:00,28.32
2026-04-18T21:45:00+02:00,28.88
2026-04-18T22:00:00+02:00,30.08
2026-04-18T22:15:00+02:00,31.04
2026-04-18T22:30:00+02:00,29.84
2026-04-18T22:45:00+02:00,29.6
2026-04-18T23:00:00+02:00,31.6
2026-04-18T23:15:00+02:00,33.84
2026-04-18T23:30:00+02:00,33.2
2026-04-18T23:45:00+02:00,35.6
2026-04-19T00:00:00+02:00,35.6
2026-04-19T00:15:00+02:00,34.56
2026-04-19T00:30:00+02:00,33.12
2026-04-19T00:45:00+02:00,28.0
2026-04-19T01:00:00+02:00,27.76
2026-04-19T01:15:00+02:00,28.32
2026-04-19T01:30:00+02:00,30.08
2026-04-19T01:45:00+02:00,30.88
2026-04-19T02:00:00+02:00,28.0
2026-04-19T02:15:00+02:00,27.84
2026-04-19T02:30:00+02:00,31.76
2026-04-19T02:45:00+02:00,32.24
2026-04-19T03:00:00+02:00,34.72
2026-04-19T03:15:00+02:00,34.8
2026-04-19T03:30:00+02:00,33.36
2026-04-19T03:45:00+02:00,32.72
2026-04-19T04:00:00+02:00,28.56
2026-04-19T04:15:00+02:00,29.68
2026-04-19T04:30:00+02:00,31.04
2026-04-19T04:45:00+02:00,31.44
2026-04-19T05:00:00+02:00,29.92
2026-04-19T05:15:00+02:00,29.12
2026-04-19T05:30:00+02:00,28.48
2026-04-19T05:45:00+02:00,28.88
2026-04-19T06:00:00+02:00,35.52
2026-04-19T06:15:00+02:00,36.72
2026-04-19T06:30:00+02:00,32.32
2026-04-19T06:45:00+02:00,21.68
2026-04-19T07:00:00+02:00,10.08
2026-04-19T07:15:00+02:00,3.6
2026-04-19T07:30:00+02:00,0.08
2026-04-19T07:45:00+02:00,0.0
2026-04-19T08:00:00+02:00,0.0
2026-04-19T08:15:00+02:00,0.0
2026-04-19T08:30:00+02:00,0.0
2026-04-19T08:45:00+02:00,0.0
2026-04-19T09:00:00+02:00,1.44
2026-04-19T09:15:00+02:00,0.0
2026-04-19T09:30:00+02:00,0.0
2026-04-19T09:45:00+02:00,0.0
2026-04-19T10:00:00+02:00,0.0
2026-04-19T10:15:00+02:00,0.0
2026-04-19T10:30:00+02:00,0.0
2026-04-19T10:45:00+02:00,1.2
2026-04-19T11:00:00+02:00,4.32
2026-04-19T11:15:00+02:00,13.6
2026-04-19T11:30:00+02:00,4.32
2026-04-19T11:45:00+02:00,0.0
2026-04-19T12:00:00+02:00,0.0
2026-04-19T12:15:00+02:00,0.0
2026-04-19T12:30:00+02:00,0.0
2026-04-19T12:45:00+02:00,0.0
2026-04-19T13:00:00+02:00,0.0
2026-04-19T13:15:00+02:00,0.0
2026-04-19T13:30:00+02:00,0.0
2026-04-19T13:45:00+02:00,19.6
2026-04-19T14:00:00+02:00,29.28
2026-04-19T14:15:00+02:00,0.0
2026-04-19T14:30:00+02:00,0.0
2026-04-19T14:45:00+02:00,0.0
2026-04-19T15:00:00+02:00,0.0
2026-04-19T15:15:00+02:00,0.32
2026-04-19T15:30:00+02:00,11.44
2026-04-19T15:45:00+02:00,0.08
2026-04-19T16:00:00+02:00,0.0
2026-04-19T16:15:00+02:00,13.6
2026-04-19T16:30:00+02:00,19.84
2026-04-19T16:45:00+02:00,2.64
2026-04-19T17:00:00+02:00,10.88
2026-04-19T17:15:00+02:00,0.0
2026-04-19T17:30:00+02:00,0.0
2026-04-19T17:45:00+02:00,0.0
2026-04-19T18:00:00+02:00,0.0
2026-04-19T18:15:00+02:00,0.08
2026-04-19T18:30:00+02:00,0.08
2026-04-19T18:45:00+02:00,1.12
2026-04-19T19:00:00+02:00,0.24
2026-04-19T19:15:00+02:00,1.6
2026-04-19T19:30:00+02:00,16.16
2026-04-19T19:45:00+02:00,14.56
2026-04-19T20:00:00+02:00,22.88
2026-04-19T20:15:00+02:00,33.6
2026-04-19T20:30:00+02:00,37.52
2026-04-19T20:45:00+02:00,34.72
2026-04-19T21:00:00+02:00,36.08
2026-04-19T21:15:00+02:00,34.16
2026-04-19T21:30:00+02:00,36.16
2026-04-19T21:45:00+02:00,28.8
2026-04-19T22:00:00+02:00,36.24
2026-04-19T22:15:00+02:00,35.52
2026-04-19T22:30:00+02:00,37.92
2026-04-19T22:45:00+02:00,35.12
2026-04-19T23:00:00+02:00,33.84
2026-04-19T23:15:00+02:00,34.0
2026-04-19T23:30:00+02:00,34.64
2026-04-19T23:45:00+02:00,40.96
2026-04-20T00:00:00+02:00,42.96
2026-04-20T00:15:00+02:00,42.96
2026-04-20T00:30:00+02:00,42.32
2026-04-20T00:45:00+02:00,41.92
2026-04-20T01:00:00+02:00,39.12
2026-04-20T01:15:00+02:00,38.0
2026-04-20T01:30:00+02:00,40.32
2026-04-20T01:45:00+02:00,39.84
2026-04-20T02:00:00+02:00,39.84
2026-04-20T02:15:00+02:00,40.64
2026-04-20T02:30:00+02:00,42.56
2026-04-20T02:45:00+02:00,41.04
2026-04-20T03:00:00+02:00,36.96
2026-04-20T03:15:00+02:00,34.48
2026-04-20T03:30:00+02:00,36.64
2026-04-20T03:45:00+02:00,34.8
2026-04-20T04:00:00+02:00,34.48
2026-04-20T04:15:00+02:00,36.88
2026-04-20T04:30:00+02:00,38.48
2026-04-20T04:45:00+02:00,43.12
2026-04-20T05:00:00+02:00,42.96
2026-04-20T05:15:00+02:00,62.24
2026-04-20T05:30:00+02:00,77.36
2026-04-20T05:45:00+02:00,99.28
2026-04-20T06:00:00+02:00,127.28
2026-04-20T06:15:00+02:00,162.32
2026-04-20T06:30:00+02:00,190.56
2026-04-20T06:45:00+02:00,168.64
2026-04-20T07:00:00+02:00,152.72
2026-04-20T07:15:00+02:00,139.76
2026-04-20T07:30:00+02:00,111.52
2026-04-20T07:45:00+02:00,147.2
2026-04-20T08:00:00+02:00,146.24
2026-04-20T08:15:00+02:00,96.96
2026-04-20T08:30:00+02:00,62.64
2026-04-20T08:45:00+02:00,8.24
2026-04-20T09:00:00+02:00,0.4
2026-04-20T09:15:00+02:00,23.84
2026-04-20T09:30:00+02:00,0.0
2026-04-20T09:45:00+02:00,8.08
2026-04-20T10:00:00+02:00,1.52
2026-04-20T10:15:00+02:00,3.2
2026-04-20T10:30:00+02:00,0.96
2026-04-20T10:45:00+02:00,3.6
2026-04-20T11:00:00+02:00,0.0
2026-04-20T11:15:00+02:00,0.0
2026-04-20T11:30:00+02:00,0.16
2026-04-20T11:45:00+02:00,0.0
2026-04-20T12:00:00+02:00,0.0
2026-04-20T12:15:00+02:00,0.4
2026-04-20T12:30:00+02:00,0.0
2026-04-20T12:45:00+02:00,0.0
2026-04-20T13:00:00+02:00,0.0
2026-04-20T13:15:00+02:00,0.56
2026-04-20T13:30:00+02:00,32.64
2026-04-20T13:45:00+02:00,2.32
2026-04-20T14:00:00+02:00,0.0
2026-04-20T14:15:00+02:00,0.0
2026-04-20T14:30:00+02:00,0.0
2026-04-20T14:45:00+02:00,0.0
2026-04-20T15:00:00+02:00,0.0
2026-04-20T15:15:00+02:00,3.84
2026-04-20T15:30:00+02:00,3.6
2026-04-20T15:45:00+02:00,11.44
2026-04-20T16:00:00+02:00,1.04
2026-04-20T16:15:00+02:00,0.0
2026-04-20T16:30:00+02:00,12.08
2026-04-20T16:45:00+02:00,20.48
2026-04-20T17:00:00+02:00,64.96
2026-04-20T17:15:00+02:00,46.08
2026-04-20T17:30:00+02:00,108.64
2026-04-20T17:45:00+02:00,131.84
2026-04-20T18:00:00+02:00,71.84
2026-04-20T18:15:00+02:00,120.64
2026-04-20T18:30:00+02:00,97.52
2026-04-20T18:45:00+02:00,120.32
2026-04-20T19:00:00+02:00,143.36
2026-04-20T19:15:00+02:00,149.44
2026-04-20T19:30:00+02:00,174.08
2026-04-20T19:45:00+02:00,217.68
2026-04-20T20:00:00+02:00,185.92
2026-04-20T20:15:00+02:00,164.4
2026-04-20T20:30:00+02:00,177.36
2026-04-20T20:45:00+02:00,186.88
2026-04-20T21:00:00+02:00,178.16
2026-04-20T21:15:00+02:00,198.32
2026-04-20T21:30:00+02:00,213.2
2026-04-20T21:45:00+02:00,222.56
2026-04-20T22:00:00+02:00,183.92
2026-04-20T22:15:00+02:00,170.96
2026-04-20T22:30:00+02:00,197.44
2026-04-20T22:45:00+02:00,191.52
2026-04-20T23:00:00+02:00,170.24
2026-04-20T23:15:00+02:00,170.4
2026-04-20T23:30:00+02:00,184.0
2026-04-20T23:45:00+02:00,163.44
2026-04-21T00:00:00+02:00,195.84
2026-04-21T00:15:00+02:00,192.56
2026-04-21T00:30:00+02:00,198.56
2026-04-21T00:45:00+02:00,203.52
2026-04-21T01:00:00+02:00,187.84
2026-04-21T01:15:00+02:00,175.84
2026-04-21T01:30:00+02:00,157.12
2026-04-21T01:45:00+02:00,187.12
2026-04-21T02:00:00+02:00,183.84
2026-04-21T02:15:00+02:00,154.56
2026-04-21T02:30:00+02:00,146.64
2026-04-21T02:45:00+02:00,160.64
2026-04-21T03:00:00+02:00,181.36
2026-04-21T03:15:00+02:00,166.8
2026-04-21T03:30:00+02:00,178.8
2026-04-21T03:45:00+02:00,168.32
2026-04-21T04:00:00+02:00,172.48
2026-04-21T04:15:00+02:00,161.2
2026-04-21T04:30:00+02:00,190.8
2026-04-21T04:45:00+02:00,179.28
2026-04-21T05:00:00+02:00,182.64
2026-04-21T05:15:00+02:00,164.72
2026-04-21T05:30:00+02:00,202.96
2026-04-21T05:45:00+02:00,200.64
2026-04-21T06:00:00+02:00,216.0
2026-04-21T06:15:00+02:00,196.72
2026-04-21T06:30:00+02:00,172.48
2026-04-21T06:45:00+02:00,172.0
2026-04-21T07:00:00+02:00,158.64
2026-04-21T07:15:00+02:00,184.88
2026-04-21T07:30:00+02:00,156.56
2026-04-21T07:45:00+02:00,113.04
2026-04-21T08:00:00+02:00,101.68
2026-04-21T08:15:00+02:00,99.28
2026-04-21T08:30:00+02:00,110.16
2026-04-21T08:45:00+02:00,64.8
2026-04-21T09:00:00+02:00,84.88
2026-04-21T09:15:00+02:00,17.44
2026-04-21T09:30:00+02:00,11.52
2026-04-21T09:45:00+02:00,0.0
2026-04-21T10:00:00+02:00,0.4
2026-04-21T10:15:00+02:00,0.0
2026-04-21T10:30:00+02:00,0.0
2026-04-21T10:45:00+02:00,0.0
2026-04-21T11:00:00+02:00,0.0
2026-04-21T11:15:00+02:00,0.0
2026-04-21T11:30:00+02:00,0.0
2026-04-21T11:45:00+02:00,0.0
2026-04-21T12:00:00+02:00,0.0
2026-04-21T12:15:00+02:00,0.4
2026-04-21T12:30:00+02:00,0.0
2026-04-21T12:45:00+02:00,0.0
2026-04-21T13:00:00+02:00,0.0
2026-04-21T13:15:00+02:00,0.0
2026-04-21T13:30:00+02:00,0.0
2026-04-21T13:45:00+02:00,0.0
2026-04-21T14:00:00+02:00,0.0
2026-04-21T14:15:00+02:00,0.0
2026-04-21T14:30:00+02:00,0.16
2026-04-21T14:45:00+02:00,12.48
2026-04-21T15:00:00+02:00,3.04
2026-04-21T15:15:00+02:00,59.2
2026-04-21T15:30:00+02:00,46.4
2026-04-21T15:45:00+02:00,28.88
2026-04-21T16:00:00+02:00,125.84
2026-04-21T16:15:00+02:00,39.76
2026-04-21T16:30:00+02:00,45.28
2026-04-21T16:45:00+02:00,128.72
2026-04-21T17:00:00+02:00,150.8
2026-04-21T17:15:00+02:00,72.8
2026-04-21T17:30:00+02:00,9.68
2026-04-21T17:45:00+02:00,57.36
2026-04-21T18:00:00+02:00,110.4
2026-04-21T18:15:00+02:00,141.84
2026-04-21T18:30:00+02:00,129.76
2026-04-21T18:45:00+02:00,112.16
2026-04-21T19:00:00+02:00,129.04
2026-04-21T19:15:00+02:00,168.96
2026-04-21T19:30:00+02:00,192.24
2026-04-21T19:45:00+02:00,173.68
2026-04-21T20:00:00+02:00,182.0
2026-04-21T20:15:00+02:00,219.36
2026-04-21T20:30:00+02:00,213.92
2026-04-21T20:45:00+02:00,204.72
2026-04-21T21:00:00+02:00,224.96
2026-04-21T21:15:00+02:00,242.4
2026-04-21T21:30:00+02:00,226.8
2026-04-21T21:45:00+02:00,178.24
2026-04-21T22:00:00+02:00,162.32
2026-04-21T22:15:00+02:00,160.32
2026-04-21T22:30:00+02:00,151.12
2026-04-21T22:45:00+02:00,153.28
2026-04-21T23:00:00+02:00,157.92
2026-04-21T23:15:00+02:00,158.72
2026-04-21T23:30:00+02:00,161.36
2026-04-21T23:45:00+02:00,158.8
2026-04-22T00:00:00+02:00,138.0
2026-04-22T00:15:00+02:00,137.6
2026-04-22T00:30:00+02:00,163.44
2026-04-22T00:45:00+02:00,180.4
2026-04-22T01:00:00+02:00,156.96
2026-04-22T01:15:00+02:00,163.84
2026-04-22T01:30:00+02:00,181.84
2026-04-22T01:45:00+02:00,210.16
2026-04-22T02:00:00+02:00,190.72
2026-04-22T02:15:00+02:00,164.24
2026-04-22T02:30:00+02:00,177.04
2026-04-22T02:45:00+02:00,195.52
2026-04-22T03:00:00+02:00,210.4
2026-04-22T03:15:00+02:00,205.28
2026-04-22T03:30:00+02:00,187.76
2026-04-22T03:45:00+02:00,175.76
2026-04-22T04:00:00+02:00,173.44
2026-04-22T04:15:00+02:00,195.36
2026-04-22T04:30:00+02:00,206.32
2026-04-22T04:45:00+02:00,179.44
2026-04-22T05:00:00+02:00,161.12
2026-04-22T05:15:00+02:00,149.36
2026-04-22T05:30:00+02:00,148.32
2026-04-22T05:45:00+02:00,195.36
2026-04-22T06:00:00+02:00,173.68
2026-04-22T06:15:00+02:00,173.44
2026-04-22T06:30:00+02:00,187.92
2026-04-22T06:45:00+02:00,184.08
2026-04-22T07:00:00+02:00,185.6
2026-04-22T07:15:00+02:00,175.6
2026-04-22T07:30:00+02:00,156.8
2026-04-22T07:45:00+02:00,114.8
2026-04-22T08:00:00+02:00,75.12
2026-04-22T08:15:00+02:00,26.72
2026-04-22T08:30:00+02:00,0.32
2026-04-22T08:45:00+02:00,0.0
2026-04-22T09:00:00+02:00,0.0
2026-04-22T09:15:00+02:00,0.0
2026-04-22T09:30:00+02:00,0.0
2026-04-22T09:45:00+02:00,0.0
2026-04-22T10:00:00+02:00,0.0
2026-04-22T10:15:00+02:00,0.0
2026-04-22T10:30:00+02:00,0.0
2026-04-22T10:45:00+02:00,0.0
2026-04-22T11:00:00+02:00,0.0
2026-04-22T11:15:00+02:00,0.0
2026-04-22T11:30:00+02:00,0.0
2026-04-22T11:45:00+02:00,0.0
2026-04-22T12:00:00+02:00,0.0
2026-04-22T12:15:00+02:00,0.0
2026-04-22T12:30:00+02:00,0.0
2026-04-22T12:45:00+02:00,0.0
2026-04-22T13:00:00+02:00,0.0
2026-04-22T13:15:00+02:00,0.0
2026-04-22T13:30:00+02:00,0.0
2026-04-22T13:45:00+02:00,0.0
2026-04-22T14:00:00+02:00,0.0
2026-04-22T14:15:00+02:00,0.0
2026-04-22T14:30:00+02:00,0.0
2026-04-22T14:45:00+02:00,0.0
2026-04-22T15:00:00+02:00,0.0
2026-04-22T15:15:00+02:00,0.0
2026-04-22T15:30:00+02:00,0.0
2026-04-22T15:45:00+02:00,0.0
2026-04-22T16:00:00+02:00,0.0
2026-04-22T16:15:00+02:00,0.0
2026-04-22T16:30:00+02:00,0.0
2026-04-22T16:45:00+02:00,0.0
2026-04-22T17:00:00+02:00,0.0
2026-04-22T17:15:00+02:00,0.0
2026-04-22T17:30:00+02:00,0.0
2026-04-22T17:45:00+02:00,0.0
2026-04-22T18:00:00+02:00,0.8
2026-04-22T18:15:00+02:00,44.16
2026-04-22T18:30:00+02:00,101.2
2026-04-22T18:45:00+02:00,113.52
2026-04-22T19:00:00+02:00,141.84
2026-04-22T19:15:00+02:00,174.16
2026-04-22T19:30:00+02:00,167.44
2026-04-22T19:45:00+02:00,194.48
2026-04-22T20:00:00+02:00,194.4
2026-04-22T20:15:00+02:00,204.72
2026-04-22T20:30:00+02:00,206.72
2026-04-22T20:45:00+02:00,182.72
2026-04-22T21:00:00+02:00,173.84
2026-04-22T21:15:00+02:00,193.6
2026-04-22T21:30:00+02:00,201.76
2026-04-22T21:45:00+02:00,205.68
2026-04-22T22:00:00+02:00,181.52
2026-04-22T22:15:00+02:00,166.8
2026-04-22T22:30:00+02:00,186.4
2026-04-22T22:45:00+02:00,180.24
2026-04-22T23:00:00+02:00,188.96
2026-04-22T23:15:00+02:00,169.52
2026-04-22T23:30:00+02:00,173.28
2026-04-22T23:45:00+02:00,164.0
2026-04-23T00:00:00+02:00,171.04
2026-04-23T00:15:00+02:00,180.4
2026-04-23T00:30:00+02:00,195.92
2026-04-23T00:45:00+02:00,192.32
2026-04-23T01:00:00+02:00,171.2
2026-04-23T01:15:00+02:00,177.52
2026-04-23T01:30:00+02:00,167.68
2026-04-23T01:45:00+02:00,173.84
2026-04-23T02:00:00+02:00,165.6
2026-04-23T02:15:00+02:00,163.2
2026-04-23T02:30:00+02:00,164.8
2026-04-23T02:45:00+02:00,173.2
2026-04-23T03:00:00+02:00,168.48
2026-04-23T03:15:00+02:00,170.32
2026-04-23T03:30:00+02:00,144.56
2026-04-23T03:45:00+02:00,139.28
2026-04-23T04:00:00+02:00,145.68
2026-04-23T04:15:00+02:00,143.44
2026-04-23T04:30:00+02:00,138.48
2026-04-23T04:45:00+02:00,147.12
2026-04-23T05:00:00+02:00,171.28
2026-04-23T05:15:00+02:00,189.12
2026-04-23T05:30:00+02:00,179.36
2026-04-23T05:45:00+02:00,163.76
2026-04-23T06:00:00+02:00,164.24
2026-04-23T06:15:00+02:00,208.16
2026-04-23T06:30:00+02:00,204.56
2026-04-23T06:45:00+02:00,192.72
2026-04-23T07:00:00+02:00,203.12
2026-04-23T07:15:00+02:00,192.08
2026-04-23T07:30:00+02:00,135.44
2026-04-23T07:45:00+02:00,106.88
2026-04-23T08:00:00+02:00,97.76
2026-04-23T08:15:00+02:00,50.08
2026-04-23T08:30:00+02:00,5.76
2026-04-23T08:45:00+02:00,2.32
2026-04-23T09:00:00+02:00,0.0
2026-04-23T09:15:00+02:00,0.0
2026-04-23T09:30:00+02:00,0.0
2026-04-23T09:45:00+02:00,0.0
2026-04-23T10:00:00+02:00,0.0
2026-04-23T10:15:00+02:00,0.0
2026-04-23T10:30:00+02:00,0.0
2026-04-23T10:45:00+02:00,0.0
2026-04-23T11:00:00+02:00,0.0
2026-04-23T11:15:00+02:00,0.0
2026-04-23T11:30:00+02:00,0.0
2026-04-23T11:45:00+02:00,0.0
2026-04-23T12:00:00+02:00,0.0
2026-04-23T12:15:00+02:00,0.0
2026-04-23T12:30:00+02:00,0.0
2026-04-23T12:45:00+02:00,0.0
2026-04-23T13:00:00+02:00,0.0
2026-04-23T13:15:00+02:00,0.0
2026-04-23T13:30:00+02:00,0.0
2026-04-23T13:45:00+02:00,0.0
2026-04-23T14:00:00+02:00,0.0
2026-04-23T14:15:00+02:00,0.0
2026-04-23T14:30:00+02:00,0.0
2026-04-23T14:45:00+02:00,0.0
2026-04-23T15:00:00+02:00,0.0
2026-04-23T15:15:00+02:00,0.0
2026-04-23T15:30:00+02:00,0.0
2026-04-23T15:45:00+02:00,0.0
2026-04-23T16:00:00+02:00,0.0
2026-04-23T16:15:00+02:00,0.0
2026-04-23T16:30:00+02:00,0.0
2026-04-23T16:45:00+02:00,0.0
2026-04-23T17:00:00+02:00,0.0
2026-04-23T17:15:00+02:00,13.44
2026-04-23T17:30:00+02:00,0.0
2026-04-23T17:45:00+02:00,0.4
2026-04-23T18:00:00+02:00,5.2
2026-04-23T18:15:00+02:00,34.0
2026-04-23T18:30:00+02:00,104.4
2026-04-23T18:45:00+02:00,94.0
2026-04-23T19:00:00+02:00,119.12
2026-04-23T19:15:00+02:00,148.0
2026-04-23T19:30:00+02:00,159.36
2026-04-23T19:45:00+02:00,161.68
2026-04-23T20:00:00+02:00,159.28
2026-04-23T20:15:00+02:00,196.32
2026-04-23T20:30:00+02:00,208.96
2026-04-23T20:45:00+02:00,216.0
2026-04-23T21:00:00+02:00,194.4
2026-04-23T21:15:00+02:00,187.36
2026-04-23T21:30:00+02:00,204.72
2026-04-23T21:45:00+02:00,201.36
2026-04-23T22:00:00+02:00,189.2
2026-04-23T22:15:00+02:00,189.04
2026-04-23T22:30:00+02:00,180.24
2026-04-23T22:45:00+02:00,163.04
2026-04-23T23:00:00+02:00,145.36
2026-04-23T23:15:00+02:00,148.48
2026-04-23T23:30:00+02:00,157.36
2026-04-23T23:45:00+02:00,173.04
2026-04-24T00:00:00+02:00,181.44
2026-04-24T00:15:00+02:00,168.96
2026-04-24T00:30:00+02:00,163.28
2026-04-24T00:45:00+02:00,161.76
2026-04-24T01:00:00+02:00,139.2
2026-04-24T01:15:00+02:00,142.56
2026-04-24T01:30:00+02:00,169.6
2026-04-24T01:45:00+02:00,154.56
2026-04-24T02:00:00+02:00,139.92
2026-04-24T02:15:00+02:00,146.8
2026-04-24T02:30:00+02:00,138.16
2026-04-24T02:45:00+02:00,145.84
2026-04-24T03:00:00+02:00,137.2
2026-04-24T03:15:00+02:00,140.4
2026-04-24T03:30:00+02:00,140.8
2026-04-24T03:45:00+02:00,158.0
2026-04-24T04:00:00+02:00,150.24
2026-04-24T04:15:00+02:00,140.08
2026-04-24T04:30:00+02:00,128.88
2026-04-24T04:45:00+02:00,155.84
2026-04-24T05:00:00+02:00,145.76
2026-04-24T05:15:00+02:00,138.64
2026-04-24T05:30:00+02:00,173.76
2026-04-24T05:45:00+02:00,172.72
2026-04-24T06:00:00+02:00,174.56
2026-04-24T06:15:00+02:00,214.56
2026-04-24T06:30:00+02:00,233.52
2026-04-24T06:45:00+02:00,193.92
2026-04-24T07:00:00+02:00,192.88
2026-04-24T07:15:00+02:00,174.48
2026-04-24T07:30:00+02:00,155.2
2026-04-24T07:45:00+02:00,131.76
2026-04-24T08:00:00+02:00,96.88
2026-04-24T08:15:00+02:00,61.2
2026-04-24T08:30:00+02:00,12.32
2026-04-24T08:45:00+02:00,0.0
2026-04-24T09:00:00+02:00,0.0
2026-04-24T09:15:00+02:00,0.0
2026-04-24T09:30:00+02:00,0.0
2026-04-24T09:45:00+02:00,0.0
2026-04-24T10:00:00+02:00,0.0
2026-04-24T10:15:00+02:00,0.0
2026-04-24T10:30:00+02:00,0.0
2026-04-24T10:45:00+02:00,0.0
2026-04-24T11:00:00+02:00,0.0
2026-04-24T11:15:00+02:00,0.0
2026-04-24T11:30:00+02:00,0.0
2026-04-24T11:45:00+02:00,184.48
2026-04-24T12:00:00+02:00,214.64
2026-04-24T12:15:00+02:00,183.68
2026-04-24T12:30:00+02:00,166.88
2026-04-24T12:45:00+02:00,165.92
2026-04-24T13:00:00+02:00,162.56
2026-04-24T13:15:00+02:00,146.56
2026-04-24T13:30:00+02:00,180.16
2026-04-24T13:45:00+02:00,192.32
2026-04-24T14:00:00+02:00,203.04
2026-04-24T14:15:00+02:00,206.64
2026-04-24T14:30:00+02:00,173.6
2026-04-24T14:45:00+02:00,168.64
2026-04-24T15:00:00+02:00,159.68
2026-04-24T15:15:00+02:00,155.92
2026-04-24T15:30:00+02:00,31.28
2026-04-24T15:45:00+02:00,0.0
2026-04-24T16:00:00+02:00,0.0
2026-04-24T16:15:00+02:00,0.0
2026-04-24T16:30:00+02:00,0.0
2026-04-24T16:45:00+02:00,0.0
2026-04-24T17:00:00+02:00,0.0
2026-04-24T17:15:00+02:00,0.0
2026-04-24T17:30:00+02:00,0.0
2026-04-24T17:45:00+02:00,0.0
2026-04-24T18:00:00+02:00,3.12
2026-04-24T18:15:00+02:00,16.96
2026-04-24T18:30:00+02:00,61.12
2026-04-24T18:45:00+02:00,110.32
2026-04-24T19:00:00+02:00,132.16
2026-04-24T19:15:00+02:00,114.16
2026-04-24T19:30:00+02:00,126.48
2026-04-24T19:45:00+02:00,126.08
2026-04-24T20:00:00+02:00,128.16
2026-04-24T20:15:00+02:00,111.12
2026-04-24T20:30:00+02:00,107.6
2026-04-24T20:45:00+02:00,98.16
2026-04-24T21:00:00+02:00,74.64
2026-04-24T21:15:00+02:00,68.48
2026-04-24T21:30:00+02:00,63.92
2026-04-24T21:45:00+02:00,58.16
2026-04-24T22:00:00+02:00,53.92
2026-04-24T22:15:00+02:00,50.56
2026-04-24T22:30:00+02:00,46.16
2026-04-24T22:45:00+02:00,45.28
2026-04-24T23:00:00+02:00,47.68
2026-04-24T23:15:00+02:00,46.96
2026-04-24T23:30:00+02:00,40.56
2026-04-24T23:45:00+02:00,36.32
2026-04-25T00:00:00+02:00,37.2
2026-04-25T00:15:00+02:00,34.64
2026-04-25T00:30:00+02:00,38.24
2026-04-25T00:45:00+02:00,39.6
2026-04-25T01:00:00+02:00,39.92
2026-04-25T01:15:00+02:00,36.8
2026-04-25T01:30:00+02:00,37.68
2026-04-25T01:45:00+02:00,37.44
2026-04-25T02:00:00+02:00,39.12
2026-04-25T02:15:00+02:00,36.4
2026-04-25T02:30:00+02:00,33.68
2026-04-25T02:45:00+02:00,32.88
2026-04-25T03:00:00+02:00,35.28
2026-04-25T03:15:00+02:00,32.96
2026-04-25T03:30:00+02:00,32.56
2026-04-25T03:45:00+02:00,35.12
2026-04-25T04:00:00+02:00,35.84
2026-04-25T04:15:00+02:00,34.32
2026-04-25T04:30:00+02:00,35.36
2026-04-25T04:45:00+02:00,34.72
2026-04-25T05:00:00+02:00,38.88
2026-04-25T05:15:00+02:00,41.92
2026-04-25T05:30:00+02:00,38.48
2026-04-25T05:45:00+02:00,35.44
2026-04-25T06:00:00+02:00,36.08
2026-04-25T06:15:00+02:00,31.2
2026-04-25T06:30:00+02:00,25.28
2026-04-25T06:45:00+02:00,19.92
2026-04-25T07:00:00+02:00,13.44
2026-04-25T07:15:00+02:00,0.16
2026-04-25T07:30:00+02:00,0.0
2026-04-25T07:45:00+02:00,0.0
2026-04-25T08:00:00+02:00,0.0
2026-04-25T08:15:00+02:00,0.0
2026-04-25T08:30:00+02:00,0.0
2026-04-25T08:45:00+02:00,0.0
2026-04-25T09:00:00+02:00,0.0
2026-04-25T09:15:00+02:00,0.0
2026-04-25T09:30:00+02:00,0.0
2026-04-25T09:45:00+02:00,0.0
2026-04-25T10:00:00+02:00,0.0
2026-04-25T10:15:00+02:00,0.0
2026-04-25T10:30:00+02:00,0.0
2026-04-25T10:45:00+02:00,0.0
2026-04-25T11:00:00+02:00,0.0
2026-04-25T11:15:00+02:00,0.0
2026-04-25T11:30:00+02:00,0.0
2026-04-25T11:45:00+02:00,0.0
2026-04-25T12:00:00+02:00,0.0
2026-04-25T12:15:00+02:00,0.0
2026-04-25T12:30:00+02:00,0.0
2026-04-25T12:45:00+02:00,0.0
2026-04-25T13:00:00+02:00,0.0
2026-04-25T13:15:00+02:00,0.0
2026-04-25T13:30:00+02:00,0.0
2026-04-25T13:45:00+02:00,0.0
2026-04-25T14:00:00+02:00,0.0
2026-04-25T14:15:00+02:00,0.0
2026-04-25T14:30:00+02:00,0.0
2026-04-25T14:45:00+02:00,0.0
2026-04-25T15:00:00+02:00,0.0
2026-04-25T15:15:00+02:00,0.0
2026-04-25T15:30:00+02:00,0.0
2026-04-25T15:45:00+02:00,0.0
2026-04-25T16:00:00+02:00,0.0
2026-04-25T16:15:00+02:00,0.0
2026-04-25T16:30:00+02:00,0.0
2026-04-25T16:45:00+02:00,0.0
2026-04-25T17:00:00+02:00,0.0
2026-04-25T17:15:00+02:00,0.0
2026-04-25T17:30:00+02:00,0.0
2026-04-25T17:45:00+02:00,0.0
2026-04-25T18:00:00+02:00,0.0
2026-04-25T18:15:00+02:00,0.0
2026-04-25T18:30:00+02:00,0.0
2026-04-25T18:45:00+02:00,0.0
2026-04-25T19:00:00+02:00,0.0
2026-04-25T19:15:00+02:00,0.48
2026-04-25T19:30:00+02:00,4.48
2026-04-25T19:45:00+02:00,10.0
2026-04-25T20:00:00+02:00,17.04
2026-04-25T20:15:00+02:00,25.68
2026-04-25T20:30:00+02:00,29.92
2026-04-25T20:45:00+02:00,30.0
2026-04-25T21:00:00+02:00,32.24
2026-04-25T21:15:00+02:00,31.76
2026-04-25T21:30:00+02:00,35.68
2026-04-25T21:45:00+02:00,35.12
2026-04-25T22:00:00+02:00,37.28
2026-04-25T22:15:00+02:00,35.12
2026-04-25T22:30:00+02:00,34.8
2026-04-25T22:45:00+02:00,33.52
2026-04-25T23:00:00+02:00,30.56
2026-04-25T23:15:00+02:00,34.32
2026-04-25T23:30:00+02:00,33.2
2026-04-25T23:45:00+02:00,30.8
2026-04-26T00:00:00+02:00,30.4
2026-04-26T00:15:00+02:00,28.32
2026-04-26T00:30:00+02:00,28.64
2026-04-26T00:45:00+02:00,33.92
2026-04-26T01:00:00+02:00,33.92
2026-04-26T01:15:00+02:00,34.48
2026-04-26T01:30:00+02:00,33.28
2026-04-26T01:45:00+02:00,33.2
2026-04-26T02:00:00+02:00,30.48
2026-04-26T02:15:00+02:00,31.44
2026-04-26T02:30:00+02:00,32.56
2026-04-26T02:45:00+02:00,29.84
2026-04-26T03:00:00+02:00,34.4
2026-04-26T03:15:00+02:00,31.28
2026-04-26T03:30:00+02:00,32.16
2026-04-26T03:45:00+02:00,32.4
2026-04-26T04:00:00+02:00,35.2
2026-04-26T04:15:00+02:00,34.32
2026-04-26T04:30:00+02:00,34.48
2026-04-26T04:45:00+02:00,31.36
2026-04-26T05:00:00+02:00,33.52
2026-04-26T05:15:00+02:00,34.0
2026-04-26T05:30:00+02:00,35.36
2026-04-26T05:45:00+02:00,34.48
2026-04-26T06:00:00+02:00,32.4
2026-04-26T06:15:00+02:00,29.2
2026-04-26T06:30:00+02:00,23.04
2026-04-26T06:45:00+02:00,15.12
2026-04-26T07:00:00+02:00,2.16
2026-04-26T07:15:00+02:00,0.0
2026-04-26T07:30:00+02:00,0.0
2026-04-26T07:45:00+02:00,0.0
2026-04-26T08:00:00+02:00,0.0
2026-04-26T08:15:00+02:00,0.0
2026-04-26T08:30:00+02:00,0.0
2026-04-26T08:45:00+02:00,0.0
2026-04-26T09:00:00+02:00,0.0
2026-04-26T09:15:00+02:00,0.0
2026-04-26T09:30:00+02:00,0.0
2026-04-26T09:45:00+02:00,0.0
2026-04-26T10:00:00+02:00,0.0
2026-04-26T10:15:00+02:00,0.0
2026-04-26T10:30:00+02:00,0.0
2026-04-26T10:45:00+02:00,0.0
2026-04-26T11:00:00+02:00,0.0
2026-04-26T11:15:00+02:00,0.0
2026-04-26T11:30:00+02:00,0.0
2026-04-26T11:45:00+02:00,0.0
2026-04-26T12:00:00+02:00,0.0
2026-04-26T12:15:00+02:00,0.0
2026-04-26T12:30:00+02:00,0.0
2026-04-26T12:45:00+02:00,0.0
2026-04-26T13:00:00+02:00,0.0
2026-04-26T13:15:00+02:00,0.0
2026-04-26T13:30:00+02:00,0.0
2026-04-26T13:45:00+02:00,0.0
2026-04-26T14:00:00+02:00,0.0
2026-04-26T14:15:00+02:00,0.0
2026-04-26T14:30:00+02:00,0.0
2026-04-26T14:45:00+02:00,0.0
2026-04-26T15:00:00+02:00,0.0
2026-04-26T15:15:00+02:00,0.0
2026-04-26T15:30:00+02:00,0.0
2026-04-26T15:45:00+02:00,0.0
2026-04-26T16:00:00+02:00,0.0
2026-04-26T16:15:00+02:00,0.0
2026-04-26T16:30:00+02:00,0.0
2026-04-26T16:45:00+02:00,0.0
2026-04-26T17:00:00+02:00,0.0
2026-04-26T17:15:00+02:00,0.0
2026-04-26T17:30:00+02:00,0.0
2026-04-26T17:45:00+02:00,0.0
2026-04-26T18:00:00+02:00,0.0
2026-04-26T18:15:00+02:00,0.0
2026-04-26T18:30:00+02:00,0.0
2026-04-26T18:45:00+02:00,0.0
2026-04-26T19:00:00+02:00,0.0
2026-04-26T19:15:00+02:00,0.0
2026-04-26T19:30:00+02:00,0.0
2026-04-26T19:45:00+02:00,4.0
2026-04-26T20:00:00+02:00,15.2
2026-04-26T20:15:00+02:00,25.36
2026-04-26T20:30:00+02:00,32.8
2026-04-26T20:45:00+02:00,36.0
2026-04-26T21:00:00+02:00,36.32
2026-04-26T21:15:00+02:00,34.96
2026-04-26T21:30:00+02:00,36.24
2026-04-26T21:45:00+02:00,38.08
2026-04-26T22:00:00+02:00,40.64
2026-04-26T22:15:00+02:00,35.6
2026-04-26T22:30:00+02:00,36.64
2026-04-26T22:45:00+02:00,36.32
2026-04-26T23:00:00+02:00,37.84
2026-04-26T23:15:00+02:00,36.48
2026-04-26T23:30:00+02:00,37.04
2026-04-26T23:45:00+02:00,40.56
2026-04-27T00:00:00+02:00,45.04
2026-04-27T00:15:00+02:00,42.4
2026-04-27T00:30:00+02:00,43.44
2026-04-27T00:45:00+02:00,42.48
2026-04-27T01:00:00+02:00,40.32
2026-04-27T01:15:00+02:00,40.88
2026-04-27T01:30:00+02:00,39.92
2026-04-27T01:45:00+02:00,41.68
2026-04-27T02:00:00+02:00,42.88
2026-04-27T02:15:00+02:00,43.28
2026-04-27T02:30:00+02:00,44.32
2026-04-27T02:45:00+02:00,38.56
2026-04-27T03:00:00+02:00,37.52
2026-04-27T03:15:00+02:00,37.12
2026-04-27T03:30:00+02:00,39.04
2026-04-27T03:45:00+02:00,40.0
2026-04-27T04:00:00+02:00,39.04
2026-04-27T04:15:00+02:00,39.28
2026-04-27T04:30:00+02:00,40.72
2026-04-27T04:45:00+02:00,49.28
2026-04-27T05:00:00+02:00,53.28
2026-04-27T05:15:00+02:00,55.68
2026-04-27T05:30:00+02:00,80.8
2026-04-27T05:45:00+02:00,113.92
2026-04-27T06:00:00+02:00,128.16
2026-04-27T06:15:00+02:00,160.08
2026-04-27T06:30:00+02:00,173.44
2026-04-27T06:45:00+02:00,174.24
2026-04-27T07:00:00+02:00,167.28
2026-04-27T07:15:00+02:00,119.52
2026-04-27T07:30:00+02:00,110.64
2026-04-27T07:45:00+02:00,65.76
2026-04-27T08:00:00+02:00,65.84
2026-04-27T08:15:00+02:00,6.4
2026-04-27T08:30:00+02:00,0.0
2026-04-27T08:45:00+02:00,0.0
2026-04-27T09:00:00+02:00,0.0
2026-04-27T09:15:00+02:00,0.0
2026-04-27T09:30:00+02:00,0.0
2026-04-27T09:45:00+02:00,0.0
2026-04-27T10:00:00+02:00,0.0
2026-04-27T10:15:00+02:00,0.0
2026-04-27T10:30:00+02:00,0.0
2026-04-27T10:45:00+02:00,0.0
2026-04-27T11:00:00+02:00,0.0
2026-04-27T11:15:00+02:00,0.0
2026-04-27T11:30:00+02:00,0.0
2026-04-27T11:45:00+02:00,0.0
2026-04-27T12:00:00+02:00,0.08
2026-04-27T12:15:00+02:00,168.16
2026-04-27T12:30:00+02:00,178.56
2026-04-27T12:45:00+02:00,184.8
2026-04-27T13:00:00+02:00,233.52
2026-04-27T13:15:00+02:00,232.48
2026-04-27T13:30:00+02:00,228.0
2026-04-27T13:45:00+02:00,187.92
2026-04-27T14:00:00+02:00,173.44
2026-04-27T14:15:00+02:00,217.44
2026-04-27T14:30:00+02:00,246.72
2026-04-27T14:45:00+02:00,218.08
2026-04-27T15:00:00+02:00,208.0
2026-04-27T15:15:00+02:00,206.96
2026-04-27T15:30:00+02:00,236.8
2026-04-27T15:45:00+02:00,192.72
2026-04-27T16:00:00+02:00,9.04
2026-04-27T16:15:00+02:00,0.0
2026-04-27T16:30:00+02:00,1.44
2026-04-27T16:45:00+02:00,18.56
2026-04-27T17:00:00+02:00,38.88
2026-04-27T17:15:00+02:00,0.0
2026-04-27T17:30:00+02:00,0.0
2026-04-27T17:45:00+02:00,36.48
2026-04-27T18:00:00+02:00,94.96
2026-04-27T18:15:00+02:00,81.28
2026-04-27T18:30:00+02:00,49.92
2026-04-27T18:45:00+02:00,74.24
2026-04-27T19:00:00+02:00,83.68
2026-04-27T19:15:00+02:00,119.28
2026-04-27T19:30:00+02:00,136.88
2026-04-27T19:45:00+02:00,152.0
2026-04-27T20:00:00+02:00,164.56
2026-04-27T20:15:00+02:00,201.76
2026-04-27T20:30:00+02:00,170.08
2026-04-27T20:45:00+02:00,150.48
2026-04-27T21:00:00+02:00,143.12
2026-04-27T21:15:00+02:00,155.28
2026-04-27T21:30:00+02:00,172.24
2026-04-27T21:45:00+02:00,179.92
2026-04-27T22:00:00+02:00,174.24
2026-04-27T22:15:00+02:00,176.4
2026-04-27T22:30:00+02:00,170.4
2026-04-27T22:45:00+02:00,144.16
2026-04-27T23:00:00+02:00,165.36
2026-04-27T23:15:00+02:00,137.36
2026-04-27T23:30:00+02:00,146.56
2026-04-27T23:45:00+02:00,167.04
2026-04-28T00:00:00+02:00,143.6
2026-04-28T00:15:00+02:00,141.6
2026-04-28T00:30:00+02:00,123.76
2026-04-28T00:45:00+02:00,159.44
2026-04-28T01:00:00+02:00,149.84
2026-04-28T01:15:00+02:00,146.4
2026-04-28T01:30:00+02:00,183.36
2026-04-28T01:45:00+02:00,203.44
2026-04-28T02:00:00+02:00,151.12
2026-04-28T02:15:00+02:00,139.92
2026-04-28T02:30:00+02:00,130.96
2026-04-28T02:45:00+02:00,130.56
2026-04-28T03:00:00+02:00,164.72
2026-04-28T03:15:00+02:00,159.04
2026-04-28T03:30:00+02:00,159.12
2026-04-28T03:45:00+02:00,158.8
2026-04-28T04:00:00+02:00,180.88
2026-04-28T04:15:00+02:00,180.08
2026-04-28T04:30:00+02:00,172.08
2026-04-28T04:45:00+02:00,208.64
2026-04-28T05:00:00+02:00,207.6
2026-04-28T05:15:00+02:00,177.36
2026-04-28T05:30:00+02:00,177.44
2026-04-28T05:45:00+02:00,187.92
2026-04-28T06:00:00+02:00,197.92
2026-04-28T06:15:00+02:00,181.28
2026-04-28T06:30:00+02:00,189.84
2026-04-28T06:45:00+02:00,197.6
2026-04-28T07:00:00+02:00,199.2
2026-04-28T07:15:00+02:00,189.12
2026-04-28T07:30:00+02:00,164.96
2026-04-28T07:45:00+02:00,166.4
2026-04-28T08:00:00+02:00,96.72
2026-04-28T08:15:00+02:00,39.84
2026-04-28T08:30:00+02:00,48.08
2026-04-28T08:45:00+02:00,13.04
2026-04-28T09:00:00+02:00,0.4
2026-04-28T09:15:00+02:00,2.72
2026-04-28T09:30:00+02:00,35.36
2026-04-28T09:45:00+02:00,2.64
2026-04-28T10:00:00+02:00,0.0
2026-04-28T10:15:00+02:00,0.0
2026-04-28T10:30:00+02:00,0.56
2026-04-28T10:45:00+02:00,0.0
2026-04-28T11:00:00+02:00,0.0
2026-04-28T11:15:00+02:00,0.0
2026-04-28T11:30:00+02:00,0.0
2026-04-28T11:45:00+02:00,0.0
2026-04-28T12:00:00+02:00,0.0
2026-04-28T12:15:00+02:00,0.0
2026-04-28T12:30:00+02:00,0.0
2026-04-28T12:45:00+02:00,0.0
2026-04-28T13:00:00+02:00,0.0
2026-04-28T13:15:00+02:00,0.0
2026-04-28T13:30:00+02:00,0.0
2026-04-28T13:45:00+02:00,0.0
2026-04-28T14:00:00+02:00,0.0
2026-04-28T14:15:00+02:00,0.0
2026-04-28T14:30:00+02:00,0.0
2026-04-28T14:45:00+02:00,0.0
2026-04-28T15:00:00+02:00,0.0
2026-04-28T15:15:00+02:00,0.0
2026-04-28T15:30:00+02:00,0.0
2026-04-28T15:45:00+02:00,0.0
2026-04-28T16:00:00+02:00,0.0
2026-04-28T16:15:00+02:00,0.0
2026-04-28T16:30:00+02:00,0.0
2026-04-28T16:45:00+02:00,0.0
2026-04-28T17:00:00+02:00,0.0
2026-04-28T17:15:00+02:00,0.0
2026-04-28T17:30:00+02:00,3.68
2026-04-28T17:45:00+02:00,1.68
2026-04-28T18:00:00+02:00,37.84
2026-04-28T18:15:00+02:00,46.88
2026-04-28T18:30:00+02:00,98.88
2026-04-28T18:45:00+02:00,114.32
2026-04-28T19:00:00+02:00,170.08
2026-04-28T19:15:00+02:00,173.6
2026-04-28T19:30:00+02:00,178.32
2026-04-28T19:45:00+02:00,168.48
2026-04-28T20:00:00+02:00,210.48
2026-04-28T20:15:00+02:00,243.92
2026-04-28T20:30:00+02:00,232.88
2026-04-28T20:45:00+02:00,231.76
2026-04-28T21:00:00+02:00,209.44
2026-04-28T21:15:00+02:00,185.12
2026-04-28T21:30:00+02:00,190.4
2026-04-28T21:45:00+02:00,189.28
2026-04-28T22:00:00+02:00,169.28
2026-04-28T22:15:00+02:00,158.16
2026-04-28T22:30:00+02:00,170.96
2026-04-28T22:45:00+02:00,157.84
2026-04-28T23:00:00+02:00,163.28
2026-04-28T23:15:00+02:00,143.76
2026-04-28T23:30:00+02:00,163.76
2026-04-28T23:45:00+02:00,148.8
2026-04-29T00:00:00+02:00,160.32
2026-04-29T00:15:00+02:00,139.12
2026-04-29T00:30:00+02:00,168.08
2026-04-29T00:45:00+02:00,161.28
2026-04-29T01:00:00+02:00,162.64
2026-04-29T01:15:00+02:00,142.08
2026-04-29T01:30:00+02:00,148.88
2026-04-29T01:45:00+02:00,148.88
2026-04-29T02:00:00+02:00,149.6
2026-04-29T02:15:00+02:00,144.0
2026-04-29T02:30:00+02:00,162.24
2026-04-29T02:45:00+02:00,164.72
2026-04-29T03:00:00+02:00,184.4
2026-04-29T03:15:00+02:00,171.92
2026-04-29T03:30:00+02:00,197.52
2026-04-29T03:45:00+02:00,203.6
2026-04-29T04:00:00+02:00,206.24
2026-04-29T04:15:00+02:00,193.12
2026-04-29T04:30:00+02:00,198.16
2026-04-29T04:45:00+02:00,191.6
2026-04-29T05:00:00+02:00,206.4
2026-04-29T05:15:00+02:00,221.36
2026-04-29T05:30:00+02:00,246.24
2026-04-29T05:45:00+02:00,262.64
2026-04-29T06:00:00+02:00,262.88
2026-04-29T06:15:00+02:00,254.16
2026-04-29T06:30:00+02:00,260.64
2026-04-29T06:45:00+02:00,272.96
2026-04-29T07:00:00+02:00,254.48
2026-04-29T07:15:00+02:00,231.84
2026-04-29T07:30:00+02:00,232.0
2026-04-29T07:45:00+02:00,199.28
2026-04-29T08:00:00+02:00,172.96
2026-04-29T08:15:00+02:00,170.08
2026-04-29T08:30:00+02:00,179.76
2026-04-29T08:45:00+02:00,165.04
2026-04-29T09:00:00+02:00,166.16
2026-04-29T09:15:00+02:00,114.72
2026-04-29T09:30:00+02:00,65.76
2026-04-29T09:45:00+02:00,58.08
2026-04-29T10:00:00+02:00,52.64
2026-04-29T10:15:00+02:00,16.56
2026-04-29T10:30:00+02:00,0.0
2026-04-29T10:45:00+02:00,0.0
2026-04-29T11:00:00+02:00,5.52
2026-04-29T11:15:00+02:00,0.24
2026-04-29T11:30:00+02:00,0.08
2026-04-29T11:45:00+02:00,0.0
2026-04-29T12:00:00+02:00,0.0
2026-04-29T12:15:00+02:00,0.64
2026-04-29T12:30:00+02:00,0.16
2026-04-29T12:45:00+02:00,60.08
2026-04-29T13:00:00+02:00,257.6
2026-04-29T13:15:00+02:00,265.76
2026-04-29T13:30:00+02:00,255.2
2026-04-29T13:45:00+02:00,255.2
2026-04-29T14:00:00+02:00,241.6
2026-04-29T14:15:00+02:00,259.52
2026-04-29T14:30:00+02:00,244.88
2026-04-29T14:45:00+02:00,212.16
2026-04-29T15:00:00+02:00,200.64
2026-04-29T15:15:00+02:00,208.32
2026-04-29T15:30:00+02:00,197.44
2026-04-29T15:45:00+02:00,223.36
2026-04-29T16:00:00+02:00,200.24
2026-04-29T16:15:00+02:00,1.36
2026-04-29T16:30:00+02:00,0.0
2026-04-29T16:45:00+02:00,0.0
2026-04-29T17:00:00+02:00,0.0
2026-04-29T17:15:00+02:00,0.0
2026-04-29T17:30:00+02:00,0.0
2026-04-29T17:45:00+02:00,0.0
2026-04-29T18:00:00+02:00,21.36
2026-04-29T18:15:00+02:00,54.08
2026-04-29T18:30:00+02:00,102.88
2026-04-29T18:45:00+02:00,165.68
2026-04-29T19:00:00+02:00,160.56
2026-04-29T19:15:00+02:00,152.4
2026-04-29T19:30:00+02:00,172.72
2026-04-29T19:45:00+02:00,188.72
2026-04-29T20:00:00+02:00,202.0
2026-04-29T20:15:00+02:00,220.32
2026-04-29T20:30:00+02:00,210.48
2026-04-29T20:45:00+02:00,201.92
2026-04-29T21:00:00+02:00,197.68
2026-04-29T21:15:00+02:00,223.36
2026-04-29T21:30:00+02:00,226.88
2026-04-29T21:45:00+02:00,215.92
2026-04-29T22:00:00+02:00,180.4
2026-04-29T22:15:00+02:00,164.48
2026-04-29T22:30:00+02:00,161.92
2026-04-29T22:45:00+02:00,155.28
2026-04-29T23:00:00+02:00,162.08
2026-04-29T23:15:00+02:00,182.16
2026-04-29T23:30:00+02:00,176.08
2026-04-29T23:45:00+02:00,162.16
2026-04-30T00:00:00+02:00,147.6
2026-04-30T00:15:00+02:00,161.04
2026-04-30T00:30:00+02:00,167.6
2026-04-30T00:45:00+02:00,146.0
2026-04-30T01:00:00+02:00,157.84
2026-04-30T01:15:00+02:00,201.76
2026-04-30T01:30:00+02:00,170.72
2026-04-30T01:45:00+02:00,155.92
2026-04-30T02:00:00+02:00,178.72
2026-04-30T02:15:00+02:00,179.04
2026-04-30T02:30:00+02:00,145.84
2026-04-30T02:45:00+02:00,132.72
2026-04-30T03:00:00+02:00,154.56
2026-04-30T03:15:00+02:00,147.68
2026-04-30T03:30:00+02:00,160.64
2026-04-30T03:45:00+02:00,163.36
2026-04-30T04:00:00+02:00,162.48
2026-04-30T04:15:00+02:00,155.04
2026-04-30T04:30:00+02:00,134.8
2026-04-30T04:45:00+02:00,139.2
2026-04-30T05:00:00+02:00,150.24
2026-04-30T05:15:00+02:00,190.64
2026-04-30T05:30:00+02:00,194.88
2026-04-30T05:45:00+02:00,212.96
2026-04-30T06:00:00+02:00,210.96
2026-04-30T06:15:00+02:00,220.16
2026-04-30T06:30:00+02:00,228.56
2026-04-30T06:45:00+02:00,221.6
2026-04-30T07:00:00+02:00,219.28
2026-04-30T07:15:00+02:00,199.92
2026-04-30T07:30:00+02:00,171.2
2026-04-30T07:45:00+02:00,82.16
2026-04-30T08:00:00+02:00,71.68
2026-04-30T08:15:00+02:00,39.36
2026-04-30T08:30:00+02:00,1.44
2026-04-30T08:45:00+02:00,0.24
2026-04-30T09:00:00+02:00,0.0
2026-04-30T09:15:00+02:00,0.0
2026-04-30T09:30:00+02:00,0.0
2026-04-30T09:45:00+02:00,0.0
2026-04-30T10:00:00+02:00,0.0
2026-04-30T10:15:00+02:00,0.0
2026-04-30T10:30:00+02:00,0.0
2026-04-30T10:45:00+02:00,0.0
2026-04-30T11:00:00+02:00,79.52
2026-04-30T11:15:00+02:00,295.84
2026-04-30T11:30:00+02:00,269.6
2026-04-30T11:45:00+02:00,260.08
2026-04-30T12:00:00+02:00,249.84
2026-04-30T12:15:00+02:00,233.52
2026-04-30T12:30:00+02:00,234.88
2026-04-30T12:45:00+02:00,223.28
2026-04-30T13:00:00+02:00,209.36
2026-04-30T13:15:00+02:00,224.0
2026-04-30T13:30:00+02:00,211.44
2026-04-30T13:45:00+02:00,208.96
2026-04-30T14:00:00+02:00,204.96
2026-04-30T14:15:00+02:00,202.8
2026-04-30T14:30:00+02:00,206.64
2026-04-30T14:45:00+02:00,196.56
2026-04-30T15:00:00+02:00,211.84
2026-04-30T15:15:00+02:00,221.76
2026-04-30T15:30:00+02:00,209.36
2026-04-30T15:45:00+02:00,246.8
2026-04-30T16:00:00+02:00,194.96
2026-04-30T16:15:00+02:00,208.08
2026-04-30T16:30:00+02:00,190.08
2026-04-30T16:45:00+02:00,155.92
2026-04-30T17:00:00+02:00,0.0
2026-04-30T17:15:00+02:00,0.0
2026-04-30T17:30:00+02:00,0.0
2026-04-30T17:45:00+02:00,0.0
2026-04-30T18:00:00+02:00,14.16
2026-04-30T18:15:00+02:00,17.36
2026-04-30T18:30:00+02:00,49.92
2026-04-30T18:45:00+02:00,69.44
2026-04-30T19:00:00+02:00,124.16
2026-04-30T19:15:00+02:00,139.68
2026-04-30T19:30:00+02:00,141.04
2026-04-30T19:45:00+02:00,172.24
2026-04-30T20:00:00+02:00,158.56
2026-04-30T20:15:00+02:00,188.24
2026-04-30T20:30:00+02:00,172.88
2026-04-30T20:45:00+02:00,180.64
2026-04-30T21:00:00+02:00,197.28
2026-04-30T21:15:00+02:00,150.72
2026-04-30T21:30:00+02:00,125.6
2026-04-30T21:45:00+02:00,129.76
2026-04-30T22:00:00+02:00,121.84
2026-04-30T22:15:00+02:00,141.44
2026-04-30T22:30:00+02:00,168.24
2026-04-30T22:45:00+02:00,146.24
2026-04-30T23:00:00+02:00,142.64
2026-04-30T23:15:00+02:00,145.76
2026-04-30T23:30:00+02:00,143.04
2026-04-30T23:45:00+02:00,140.72
2026-05-01T00:00:00+02:00,141.44
2026-05-01T00:15:00+02:00,128.16
2026-05-01T00:30:00+02:00,116.88
2026-05-01T00:45:00+02:00,130.16
2026-05-01T01:00:00+02:00,142.08
2026-05-01T01:15:00+02:00,162.64
2026-05-01T01:30:00+02:00,154.8
2026-05-01T01:45:00+02:00,134.0
2026-05-01T02:00:00+02:00,110.88
2026-05-01T02:15:00+02:00,128.72
2026-05-01T02:30:00+02:00,132.0
2026-05-01T02:45:00+02:00,146.48
2026-05-01T03:00:00+02:00,155.68
2026-05-01T03:15:00+02:00,137.28
2026-05-01T03:30:00+02:00,118.24
2026-05-01T03:45:00+02:00,99.6
2026-05-01T04:00:00+02:00,96.32
2026-05-01T04:15:00+02:00,94.8
2026-05-01T04:30:00+02:00,95.6
2026-05-01T04:45:00+02:00,96.72
2026-05-01T05:00:00+02:00,80.16
2026-05-01T05:15:00+02:00,71.84
2026-05-01T05:30:00+02:00,66.0
2026-05-01T05:45:00+02:00,58.08
2026-05-01T06:00:00+02:00,50.16
2026-05-01T06:15:00+02:00,44.08
2026-05-01T06:30:00+02:00,35.28
2026-05-01T06:45:00+02:00,23.6
2026-05-01T07:00:00+02:00,6.4
2026-05-01T07:15:00+02:00,0.08
2026-05-01T07:30:00+02:00,0.0
2026-05-01T07:45:00+02:00,0.0
2026-05-01T08:00:00+02:00,0.0
2026-05-01T08:15:00+02:00,0.0
2026-05-01T08:30:00+02:00,0.0
2026-05-01T08:45:00+02:00,0.0
2026-05-01T09:00:00+02:00,0.0
2026-05-01T09:15:00+02:00,0.0
2026-05-01T09:30:00+02:00,0.0
2026-05-01T09:45:00+02:00,0.0
2026-05-01T10:00:00+02:00,0.0
2026-05-01T10:15:00+02:00,0.0
2026-05-01T10:30:00+02:00,0.0
2026-05-01T10:45:00+02:00,0.0
2026-05-01T11:00:00+02:00,0.0
2026-05-01T11:15:00+02:00,0.0
2026-05-01T11:30:00+02:00,0.0
2026-05-01T11:45:00+02:00,0.0
2026-05-01T12:00:00+02:00,0.0
2026-05-01T12:15:00+02:00,0.0
2026-05-01T12:30:00+02:00,0.0
2026-05-01T12:45:00+02:00,0.0
2026-05-01T13:00:00+02:00,0.0
2026-05-01T13:15:00+02:00,0.0
2026-05-01T13:30:00+02:00,0.0
2026-05-01T13:45:00+02:00,0.0
2026-05-01T14:00:00+02:00,0.0
2026-05-01T14:15:00+02:00,0.0
2026-05-01T14:30:00+02:00,0.0
2026-05-01T14:45:00+02:00,0.0
2026-05-01T15:00:00+02:00,0.0
2026-05-01T15:15:00+02:00,0.0
2026-05-01T15:30:00+02:00,0.0
2026-05-01T15:45:00+02:00,0.0
2026-05-01T16:00:00+02:00,0.0
2026-05-01T16:15:00+02:00,0.0
2026-05-01T16:30:00+02:00,0.0
2026-05-01T16:45:00+02:00,0.0
2026-05-01T17:00:00+02:00,0.0
2026-05-01T17:15:00+02:00,0.0
2026-05-01T17:30:00+02:00,0.0
2026-05-01T17:45:00+02:00,0.0
2026-05-01T18:00:00+02:00,0.0
2026-05-01T18:15:00+02:00,0.0
2026-05-01T18:30:00+02:00,0.0
2026-05-01T18:45:00+02:00,0.0
2026-05-01T19:00:00+02:00,0.0
2026-05-01T19:15:00+02:00,0.08
2026-05-01T19:30:00+02:00,4.32
2026-05-01T19:45:00+02:00,13.2
2026-05-01T20:00:00+02:00,22.88
2026-05-01T20:15:00+02:00,28.96
2026-05-01T20:30:00+02:00,34.56
2026-05-01T20:45:00+02:00,38.24
2026-05-01T21:00:00+02:00,37.84
2026-05-01T21:15:00+02:00,34.64
2026-05-01T21:30:00+02:00,32.4
2026-05-01T21:45:00+02:00,30.96
2026-05-01T22:00:00+02:00,33.04
2026-05-01T22:15:00+02:00,31.68
2026-05-01T22:30:00+02:00,31.44
2026-05-01T22:45:00+02:00,33.76
2026-05-01T23:00:00+02:00,34.48
2026-05-01T23:15:00+02:00,34.8
2026-05-01T23:30:00+02:00,36.72
2026-05-01T23:45:00+02:00,37.6
2026-05-02T00:00:00+02:00,33.04
2026-05-02T00:15:00+02:00,30.48
2026-05-02T00:30:00+02:00,29.84
2026-05-02T00:45:00+02:00,28.64
2026-05-02T01:00:00+02:00,28.8
2026-05-02T01:15:00+02:00,33.28
2026-05-02T01:30:00+02:00,34.24
2026-05-02T01:45:00+02:00,36.24
2026-05-02T02:00:00+02:00,38.0
2026-05-02T02:15:00+02:00,34.24
2026-05-02T02:30:00+02:00,34.32
2026-05-02T02:45:00+02:00,32.96
2026-05-02T03:00:00+02:00,29.92
2026-05-02T03:15:00+02:00,28.96
2026-05-02T03:30:00+02:00,28.8
2026-05-02T03:45:00+02:00,28.8
2026-05-02T04:00:00+02:00,30.4
2026-05-02T04:15:00+02:00,32.56
2026-05-02T04:30:00+02:00,33.6
2026-05-02T04:45:00+02:00,36.64
2026-05-02T05:00:00+02:00,32.8
2026-05-02T05:15:00+02:00,31.52
2026-05-02T05:30:00+02:00,32.4
2026-05-02T05:45:00+02:00,30.32
2026-05-02T06:00:00+02:00,31.84
2026-05-02T06:15:00+02:00,26.08
2026-05-02T06:30:00+02:00,22.24
2026-05-02T06:45:00+02:00,10.96
2026-05-02T07:00:00+02:00,0.08
2026-05-02T07:15:00+02:00,0.0
2026-05-02T07:30:00+02:00,0.0
2026-05-02T07:45:00+02:00,0.0
2026-05-02T08:00:00+02:00,0.0
2026-05-02T08:15:00+02:00,0.0
2026-05-02T08:30:00+02:00,0.0
2026-05-02T08:45:00+02:00,0.0
2026-05-02T09:00:00+02:00,0.0
2026-05-02T09:15:00+02:00,0.0
2026-05-02T09:30:00+02:00,0.0
2026-05-02T09:45:00+02:00,0.0
2026-05-02T10:00:00+02:00,0.0
2026-05-02T10:15:00+02:00,0.0
2026-05-02T10:30:00+02:00,0.0
2026-05-02T10:45:00+02:00,0.0
2026-05-02T11:00:00+02:00,0.0
2026-05-02T11:15:00+02:00,0.0
2026-05-02T11:30:00+02:00,0.0
2026-05-02T11:45:00+02:00,0.0
2026-05-02T12:00:00+02:00,0.0
2026-05-02T12:15:00+02:00,0.0
2026-05-02T12:30:00+02:00,0.0
2026-05-02T12:45:00+02:00,0.0
2026-05-02T13:00:00+02:00,0.0
2026-05-02T13:15:00+02:00,0.0
2026-05-02T13:30:00+02:00,0.0
2026-05-02T13:45:00+02:00,0.0
2026-05-02T14:00:00+02:00,0.0
2026-05-02T14:15:00+02:00,0.0
2026-05-02T14:30:00+02:00,0.0
2026-05-02T14:45:00+02:00,0.0
2026-05-02T15:00:00+02:00,0.0
2026-05-02T15:15:00+02:00,0.0
2026-05-02T15:30:00+02:00,0.0
2026-05-02T15:45:00+02:00,0.0
2026-05-02T16:00:00+02:00,0.0
2026-05-02T16:15:00+02:00,0.0
2026-05-02T16:30:00+02:00,0.0
2026-05-02T16:45:00+02:00,0.0
2026-05-02T17:00:00+02:00,0.0
2026-05-02T17:15:00+02:00,0.0
2026-05-02T17:30:00+02:00,0.0
2026-05-02T17:45:00+02:00,0.0
2026-05-02T18:00:00+02:00,0.0
2026-05-02T18:15:00+02:00,0.0
2026-05-02T18:30:00+02:00,0.0
2026-05-02T18:45:00+02:00,0.0
2026-05-02T19:00:00+02:00,0.0
2026-05-02T19:15:00+02:00,0.0
2026-05-02T19:30:00+02:00,0.0
2026-05-02T19:45:00+02:00,1.76
2026-05-02T20:00:00+02:00,12.08
2026-05-02T20:15:00+02:00,22.96
2026-05-02T20:30:00+02:00,31.2
2026-05-02T20:45:00+02:00,33.2
2026-05-02T21:00:00+02:00,28.8
2026-05-02T21:15:00+02:00,28.64
2026-05-02T21:30:00+02:00,28.88
2026-05-02T21:45:00+02:00,27.52
2026-05-02T22:00:00+02:00,29.76
2026-05-02T22:15:00+02:00,30.88
2026-05-02T22:30:00+02:00,36.16
2026-05-02T22:45:00+02:00,33.76
2026-05-02T23:00:00+02:00,34.08
2026-05-02T23:15:00+02:00,30.64
2026-05-02T23:30:00+02:00,30.32
2026-05-02T23:45:00+02:00,33.04
2026-05-03T00:00:00+02:00,34.8
2026-05-03T00:15:00+02:00,33.28
2026-05-03T00:30:00+02:00,32.72
2026-05-03T00:45:00+02:00,31.36
2026-05-03T01:00:00+02:00,32.08
2026-05-03T01:15:00+02:00,30.4
2026-05-03T01:30:00+02:00,29.76
2026-05-03T01:45:00+02:00,35.04
2026-05-03T02:00:00+02:00,34.56
2026-05-03T02:15:00+02:00,32.4
2026-05-03T02:30:00+02:00,34.4
2026-05-03T02:45:00+02:00,28.96
2026-05-03T03:00:00+02:00,28.4
2026-05-03T03:15:00+02:00,28.8
2026-05-03T03:30:00+02:00,28.4
2026-05-03T03:45:00+02:00,26.8
2026-05-03T04:00:00+02:00,28.56
2026-05-03T04:15:00+02:00,27.68
2026-05-03T04:30:00+02:00,33.52
2026-05-03T04:45:00+02:00,32.8
2026-05-03T05:00:00+02:00,35.44
2026-05-03T05:15:00+02:00,33.2
2026-05-03T05:30:00+02:00,33.2
2026-05-03T05:45:00+02:00,29.04
2026-05-03T06:00:00+02:00,28.64
2026-05-03T06:15:00+02:00,19.28
2026-05-03T06:30:00+02:00,6.72
2026-05-03T06:45:00+02:00,0.24
2026-05-03T07:00:00+02:00,0.0
2026-05-03T07:15:00+02:00,0.0
2026-05-03T07:30:00+02:00,0.0
2026-05-03T07:45:00+02:00,0.0
2026-05-03T08:00:00+02:00,0.0
2026-05-03T08:15:00+02:00,0.0
2026-05-03T08:30:00+02:00,0.0
2026-05-03T08:45:00+02:00,0.0
2026-05-03T09:00:00+02:00,0.0
2026-05-03T09:15:00+02:00,0.0
2026-05-03T09:30:00+02:00,0.0
2026-05-03T09:45:00+02:00,0.0
2026-05-03T10:00:00+02:00,0.0
2026-05-03T10:15:00+02:00,0.0
2026-05-03T10:30:00+02:00,0.0
2026-05-03T10:45:00+02:00,0.0
2026-05-03T11:00:00+02:00,0.0
2026-05-03T11:15:00+02:00,0.0
2026-05-03T11:30:00+02:00,0.0
2026-05-03T11:45:00+02:00,0.0
2026-05-03T12:00:00+02:00,0.0
2026-05-03T12:15:00+02:00,0.0
2026-05-03T12:30:00+02:00,0.0
2026-05-03T12:45:00+02:00,0.0
2026-05-03T13:00:00+02:00,0.0
2026-05-03T13:15:00+02:00,0.0
2026-05-03T13:30:00+02:00,0.0
2026-05-03T13:45:00+02:00,0.0
2026-05-03T14:00:00+02:00,0.0
2026-05-03T14:15:00+02:00,0.0
2026-05-03T14:30:00+02:00,0.0
2026-05-03T14:45:00+02:00,0.0
2026-05-03T15:00:00+02:00,0.0
2026-05-03T15:15:00+02:00,0.0
2026-05-03T15:30:00+02:00,0.0
2026-05-03T15:45:00+02:00,0.0
2026-05-03T16:00:00+02:00,0.0
2026-05-03T16:15:00+02:00,0.0
2026-05-03T16:30:00+02:00,0.0
2026-05-03T16:45:00+02:00,0.0
2026-05-03T17:00:00+02:00,0.0
2026-05-03T17:15:00+02:00,0.0
2026-05-03T17:30:00+02:00,0.0
2026-05-03T17:45:00+02:00,0.0
2026-05-03T18:00:00+02:00,0.0
2026-05-03T18:15:00+02:00,0.0
2026-05-03T18:30:00+02:00,0.0
2026-05-03T18:45:00+02:00,0.0
2026-05-03T19:00:00+02:00,0.0
2026-05-03T19:15:00+02:00,0.0
2026-05-03T19:30:00+02:00,0.56
2026-05-03T19:45:00+02:00,10.32
2026-05-03T20:00:00+02:00,20.48
2026-05-03T20:15:00+02:00,29.84
2026-05-03T20:30:00+02:00,29.6
2026-05-03T20:45:00+02:00,29.52
2026-05-03T21:00:00+02:00,27.84
2026-05-03T21:15:00+02:00,29.12
2026-05-03T21:30:00+02:00,27.68
2026-05-03T21:45:00+02:00,28.64
2026-05-03T22:00:00+02:00,31.76
2026-05-03T22:15:00+02:00,37.28
2026-05-03T22:30:00+02:00,33.84
2026-05-03T22:45:00+02:00,34.48
2026-05-03T23:00:00+02:00,33.2
2026-05-03T23:15:00+02:00,34.48
2026-05-03T23:30:00+02:00,33.44
2026-05-03T23:45:00+02:00,30.24
2026-05-04T00:00:00+02:00,30.88
2026-05-04T00:15:00+02:00,32.24
2026-05-04T00:30:00+02:00,31.2
2026-05-04T00:45:00+02:00,32.24
2026-05-04T01:00:00+02:00,32.96
2026-05-04T01:15:00+02:00,39.6
2026-05-04T01:30:00+02:00,36.4
2026-05-04T01:45:00+02:00,38.16
2026-05-04T02:00:00+02:00,38.72
2026-05-04T02:15:00+02:00,39.92
2026-05-04T02:30:00+02:00,33.2
2026-05-04T02:45:00+02:00,31.68
2026-05-04T03:00:00+02:00,28.96
2026-05-04T03:15:00+02:00,30.32
2026-05-04T03:30:00+02:00,34.88
2026-05-04T03:45:00+02:00,34.32
2026-05-04T04:00:00+02:00,37.36
2026-05-04T04:15:00+02:00,42.32
2026-05-04T04:30:00+02:00,43.44
2026-05-04T04:45:00+02:00,48.48
2026-05-04T05:00:00+02:00,46.4
2026-05-04T05:15:00+02:00,48.96
2026-05-04T05:30:00+02:00,79.2
2026-05-04T05:45:00+02:00,112.24
2026-05-04T06:00:00+02:00,142.8
2026-05-04T06:15:00+02:00,173.28
2026-05-04T06:30:00+02:00,167.44
2026-05-04T06:45:00+02:00,182.96
2026-05-04T07:00:00+02:00,177.92
2026-05-04T07:15:00+02:00,132.16
2026-05-04T07:30:00+02:00,33.76
2026-05-04T07:45:00+02:00,52.48
2026-05-04T08:00:00+02:00,34.64
2026-05-04T08:15:00+02:00,19.76
2026-05-04T08:30:00+02:00,1.6
2026-05-04T08:45:00+02:00,2.72
2026-05-04T09:00:00+02:00,0.0
2026-05-04T09:15:00+02:00,0.0
2026-05-04T09:30:00+02:00,0.0
2026-05-04T09:45:00+02:00,0.0
2026-05-04T10:00:00+02:00,0.0
2026-05-04T10:15:00+02:00,0.0
2026-05-04T10:30:00+02:00,0.0
2026-05-04T10:45:00+02:00,0.0
2026-05-04T11:00:00+02:00,0.0
2026-05-04T11:15:00+02:00,0.0
2026-05-04T11:30:00+02:00,0.0
2026-05-04T11:45:00+02:00,0.0
2026-05-04T12:00:00+02:00,0.0
2026-05-04T12:15:00+02:00,0.0
2026-05-04T12:30:00+02:00,0.0
2026-05-04T12:45:00+02:00,0.0
2026-05-04T13:00:00+02:00,0.0
2026-05-04T13:15:00+02:00,0.0
2026-05-04T13:30:00+02:00,0.0
2026-05-04T13:45:00+02:00,0.0
2026-05-04T14:00:00+02:00,0.0
2026-05-04T14:15:00+02:00,0.08
2026-05-04T14:30:00+02:00,0.0
2026-05-04T14:45:00+02:00,0.0
2026-05-04T15:00:00+02:00,0.0
2026-05-04T15:15:00+02:00,0.0
2026-05-04T15:30:00+02:00,0.56
2026-05-04T15:45:00+02:00,0.0
2026-05-04T16:00:00+02:00,0.0
2026-05-04T16:15:00+02:00,0.0
2026-05-04T16:30:00+02:00,0.0
2026-05-04T16:45:00+02:00,7.84
2026-05-04T17:00:00+02:00,39.28
2026-05-04T17:15:00+02:00,0.0
2026-05-04T17:30:00+02:00,13.2
2026-05-04T17:45:00+02:00,81.36
2026-05-04T18:00:00+02:00,108.4
2026-05-04T18:15:00+02:00,82.24
2026-05-04T18:30:00+02:00,82.32
2026-05-04T18:45:00+02:00,68.16
2026-05-04T19:00:00+02:00,97.28
2026-05-04T19:15:00+02:00,133.36
2026-05-04T19:30:00+02:00,139.44
2026-05-04T19:45:00+02:00,153.44
2026-05-04T20:00:00+02:00,176.32
2026-05-04T20:15:00+02:00,168.48
2026-05-04T20:30:00+02:00,216.72
2026-05-04T20:45:00+02:00,208.32
2026-05-04T21:00:00+02:00,188.0
2026-05-04T21:15:00+02:00,207.28
2026-05-04T21:30:00+02:00,203.12
2026-05-04T21:45:00+02:00,169.04
2026-05-04T22:00:00+02:00,139.28
2026-05-04T22:15:00+02:00,157.52
2026-05-04T22:30:00+02:00,169.76
2026-05-04T22:45:00+02:00,226.8
2026-05-04T23:00:00+02:00,206.88
2026-05-04T23:15:00+02:00,204.56
2026-05-04T23:30:00+02:00,177.04
2026-05-04T23:45:00+02:00,168.16
2026-05-05T00:00:00+02:00,175.76
2026-05-05T00:15:00+02:00,172.08
2026-05-05T00:30:00+02:00,141.12
2026-05-05T00:45:00+02:00,148.72
2026-05-05T01:00:00+02:00,170.56
2026-05-05T01:15:00+02:00,153.36
2026-05-05T01:30:00+02:00,159.84
2026-05-05T01:45:00+02:00,149.6
2026-05-05T02:00:00+02:00,171.36
2026-05-05T02:15:00+02:00,251.04
2026-05-05T02:30:00+02:00,184.32
2026-05-05T02:45:00+02:00,172.32
2026-05-05T03:00:00+02:00,212.88
2026-05-05T03:15:00+02:00,163.2
2026-05-05T03:30:00+02:00,136.16
2026-05-05T03:45:00+02:00,148.24
2026-05-05T04:00:00+02:00,199.44
2026-05-05T04:15:00+02:00,224.4
2026-05-05T04:30:00+02:00,200.24
2026-05-05T04:45:00+02:00,195.36
2026-05-05T05:00:00+02:00,143.6
2026-05-05T05:15:00+02:00,185.2
2026-05-05T05:30:00+02:00,180.8
2026-05-05T05:45:00+02:00,250.48
2026-05-05T06:00:00+02:00,234.72
2026-05-05T06:15:00+02:00,246.08
2026-05-05T06:30:00+02:00,260.48
2026-05-05T06:45:00+02:00,306.08
2026-05-05T07:00:00+02:00,242.88
2026-05-05T07:15:00+02:00,158.32
2026-05-05T07:30:00+02:00,117.52
2026-05-05T07:45:00+02:00,41.76
2026-05-05T08:00:00+02:00,47.12
2026-05-05T08:15:00+02:00,92.64
2026-05-05T08:30:00+02:00,83.44
2026-05-05T08:45:00+02:00,42.16
2026-05-05T09:00:00+02:00,0.08
2026-05-05T09:15:00+02:00,0.0
2026-05-05T09:30:00+02:00,40.72
2026-05-05T09:45:00+02:00,30.08
2026-05-05T10:00:00+02:00,70.96
2026-05-05T10:15:00+02:00,55.2
2026-05-05T10:30:00+02:00,15.6
2026-05-05T10:45:00+02:00,0.0
2026-05-05T11:00:00+02:00,0.0
2026-05-05T11:15:00+02:00,0.0
2026-05-05T11:30:00+02:00,0.0
2026-05-05T11:45:00+02:00,0.0
2026-05-05T12:00:00+02:00,0.0
2026-05-05T12:15:00+02:00,0.0
2026-05-05T12:30:00+02:00,0.0
2026-05-05T12:45:00+02:00,0.0
2026-05-05T13:00:00+02:00,0.0
2026-05-05T13:15:00+02:00,0.0
2026-05-05T13:30:00+02:00,0.0
2026-05-05T13:45:00+02:00,3.2
2026-05-05T14:00:00+02:00,0.0
2026-05-05T14:15:00+02:00,0.0
2026-05-05T14:30:00+02:00,49.84
2026-05-05T14:45:00+02:00,50.48
2026-05-05T15:00:00+02:00,54.72
2026-05-05T15:15:00+02:00,13.84
2026-05-05T15:30:00+02:00,67.44
2026-05-05T15:45:00+02:00,133.92
2026-05-05T16:00:00+02:00,154.96
2026-05-05T16:15:00+02:00,101.36
2026-05-05T16:30:00+02:00,86.16
2026-05-05T16:45:00+02:00,58.96
2026-05-05T17:00:00+02:00,112.48
2026-05-05T17:15:00+02:00,152.16
2026-05-05T17:30:00+02:00,188.64
2026-05-05T17:45:00+02:00,200.0
2026-05-05T18:00:00+02:00,153.04
2026-05-05T18:15:00+02:00,88.08
2026-05-05T18:30:00+02:00,106.8
2026-05-05T18:45:00+02:00,113.44
2026-05-05T19:00:00+02:00,167.04
2026-05-05T19:15:00+02:00,158.64
2026-05-05T19:30:00+02:00,212.08
2026-05-05T19:45:00+02:00,254.48
2026-05-05T20:00:00+02:00,208.08
2026-05-05T20:15:00+02:00,209.76
2026-05-05T20:30:00+02:00,232.24
2026-05-05T20:45:00+02:00,218.56
2026-05-05T21:00:00+02:00,220.32
2026-05-05T21:15:00+02:00,210.56
2026-05-05T21:30:00+02:00,181.6
2026-05-05T21:45:00+02:00,168.4
2026-05-05T22:00:00+02:00,184.4
2026-05-05T22:15:00+02:00,179.44
2026-05-05T22:30:00+02:00,204.8
2026-05-05T22:45:00+02:00,175.36
2026-05-05T23:00:00+02:00,154.08
2026-05-05T23:15:00+02:00,176.72
2026-05-05T23:30:00+02:00,159.28
2026-05-05T23:45:00+02:00,196.8
2026-05-06T00:00:00+02:00,231.92
2026-05-06T00:15:00+02:00,160.88
2026-05-06T00:30:00+02:00,166.64
2026-05-06T00:45:00+02:00,200.64
2026-05-06T01:00:00+02:00,220.64
2026-05-06T01:15:00+02:00,220.56
2026-05-06T01:30:00+02:00,180.48
2026-05-06T01:45:00+02:00,148.16
2026-05-06T02:00:00+02:00,147.6
2026-05-06T02:15:00+02:00,152.72
2026-05-06T02:30:00+02:00,195.36
2026-05-06T02:45:00+02:00,177.76
2026-05-06T03:00:00+02:00,176.96
2026-05-06T03:15:00+02:00,157.44
2026-05-06T03:30:00+02:00,132.72
2026-05-06T03:45:00+02:00,141.84
2026-05-06T04:00:00+02:00,142.4
2026-05-06T04:15:00+02:00,155.44
2026-05-06T04:30:00+02:00,157.52
2026-05-06T04:45:00+02:00,160.0
2026-05-06T05:00:00+02:00,177.92
2026-05-06T05:15:00+02:00,194.72
2026-05-06T05:30:00+02:00,199.28
2026-05-06T05:45:00+02:00,202.64
2026-05-06T06:00:00+02:00,204.64
2026-05-06T06:15:00+02:00,217.2
2026-05-06T06:30:00+02:00,255.04
2026-05-06T06:45:00+02:00,221.76
2026-05-06T07:00:00+02:00,196.56
2026-05-06T07:15:00+02:00,206.16
2026-05-06T07:30:00+02:00,194.16
2026-05-06T07:45:00+02:00,158.64
2026-05-06T08:00:00+02:00,144.0
2026-05-06T08:15:00+02:00,13.92
2026-05-06T08:30:00+02:00,36.32
2026-05-06T08:45:00+02:00,41.28
2026-05-06T09:00:00+02:00,27.6
2026-05-06T09:15:00+02:00,0.0
2026-05-06T09:30:00+02:00,0.0
2026-05-06T09:45:00+02:00,0.8
2026-05-06T10:00:00+02:00,0.0
2026-05-06T10:15:00+02:00,0.0
2026-05-06T10:30:00+02:00,0.0
2026-05-06T10:45:00+02:00,0.0
2026-05-06T11:00:00+02:00,0.0
2026-05-06T11:15:00+02:00,1.12
2026-05-06T11:30:00+02:00,21.6
2026-05-06T11:45:00+02:00,43.44
2026-05-06T12:00:00+02:00,72.72
2026-05-06T12:15:00+02:00,101.92
2026-05-06T12:30:00+02:00,103.6
2026-05-06T12:45:00+02:00,6.88
2026-05-06T13:00:00+02:00,0.8
2026-05-06T13:15:00+02:00,0.0
2026-05-06T13:30:00+02:00,0.0
2026-05-06T13:45:00+02:00,0.0
2026-05-06T14:00:00+02:00,0.0
2026-05-06T14:15:00+02:00,0.0
2026-05-06T14:30:00+02:00,0.0
2026-05-06T14:45:00+02:00,45.28
2026-05-06T15:00:00+02:00,0.16
2026-05-06T15:15:00+02:00,0.32
2026-05-06T15:30:00+02:00,21.92
2026-05-06T15:45:00+02:00,36.4
2026-05-06T16:00:00+02:00,65.36
2026-05-06T16:15:00+02:00,39.12
2026-05-06T16:30:00+02:00,0.0
2026-05-06T16:45:00+02:00,14.24
2026-05-06T17:00:00+02:00,75.12
2026-05-06T17:15:00+02:00,99.44
2026-05-06T17:30:00+02:00,54.72
2026-05-06T17:45:00+02:00,169.12
2026-05-06T18:00:00+02:00,177.68
2026-05-06T18:15:00+02:00,194.24
2026-05-06T18:30:00+02:00,214.56
2026-05-06T18:45:00+02:00,209.92
2026-05-06T19:00:00+02:00,214.96
2026-05-06T19:15:00+02:00,179.04
2026-05-06T19:30:00+02:00,179.76
2026-05-06T19:45:00+02:00,197.28
2026-05-06T20:00:00+02:00,218.56
2026-05-06T20:15:00+02:00,240.56
2026-05-06T20:30:00+02:00,236.8
2026-05-06T20:45:00+02:00,245.44
2026-05-06T21:00:00+02:00,270.0
2026-05-06T21:15:00+02:00,250.96
2026-05-06T21:30:00+02:00,248.32
2026-05-06T21:45:00+02:00,252.56
2026-05-06T22:00:00+02:00,239.52
2026-05-06T22:15:00+02:00,229.28
2026-05-06T22:30:00+02:00,234.0
2026-05-06T22:45:00+02:00,210.96
2026-05-06T23:00:00+02:00,210.64
2026-05-06T23:15:00+02:00,195.68
2026-05-06T23:30:00+02:00,236.24
2026-05-06T23:45:00+02:00,236.08
2026-05-07T00:00:00+02:00,225.44
2026-05-07T00:15:00+02:00,218.08
2026-05-07T00:30:00+02:00,214.32
2026-05-07T00:45:00+02:00,233.44
2026-05-07T01:00:00+02:00,229.92
2026-05-07T01:15:00+02:00,223.12
2026-05-07T01:30:00+02:00,200.24
2026-05-07T01:45:00+02:00,196.0
2026-05-07T02:00:00+02:00,222.32
2026-05-07T02:15:00+02:00,211.2
2026-05-07T02:30:00+02:00,219.28
2026-05-07T02:45:00+02:00,201.6
2026-05-07T03:00:00+02:00,221.28
2026-05-07T03:15:00+02:00,199.84
2026-05-07T03:30:00+02:00,213.76
2026-05-07T03:45:00+02:00,122.48
2026-05-07T04:00:00+02:00,162.56
2026-05-07T04:15:00+02:00,166.88
2026-05-07T04:30:00+02:00,166.88
2026-05-07T04:45:00+02:00,171.36
2026-05-07T05:00:00+02:00,233.36
2026-05-07T05:15:00+02:00,190.32
2026-05-07T05:30:00+02:00,182.0
2026-05-07T05:45:00+02:00,202.96
2026-05-07T06:00:00+02:00,197.84
2026-05-07T06:15:00+02:00,244.08
2026-05-07T06:30:00+02:00,232.24
2026-05-07T06:45:00+02:00,181.76
2026-05-07T07:00:00+02:00,207.2
2026-05-07T07:15:00+02:00,206.4
2026-05-07T07:30:00+02:00,182.64
2026-05-07T07:45:00+02:00,243.68
2026-05-07T08:00:00+02:00,275.6
2026-05-07T08:15:00+02:00,279.68
2026-05-07T08:30:00+02:00,275.76
2026-05-07T08:45:00+02:00,287.52
2026-05-07T09:00:00+02:00,258.8
2026-05-07T09:15:00+02:00,256.96
2026-05-07T09:30:00+02:00,249.84
2026-05-07T09:45:00+02:00,179.04
2026-05-07T10:00:00+02:00,184.8
2026-05-07T10:15:00+02:00,93.52
2026-05-07T10:30:00+02:00,27.68
2026-05-07T10:45:00+02:00,46.16
2026-05-07T11:00:00+02:00,16.88
2026-05-07T11:15:00+02:00,94.32
2026-05-07T11:30:00+02:00,0.0
2026-05-07T11:45:00+02:00,0.08
2026-05-07T12:00:00+02:00,30.32
2026-05-07T12:15:00+02:00,129.36
2026-05-07T12:30:00+02:00,78.24
2026-05-07T12:45:00+02:00,40.0
2026-05-07T13:00:00+02:00,156.96
2026-05-07T13:15:00+02:00,17.92
2026-05-07T13:30:00+02:00,0.0
2026-05-07T13:45:00+02:00,0.0
2026-05-07T14:00:00+02:00,5.52
2026-05-07T14:15:00+02:00,17.36
2026-05-07T14:30:00+02:00,1.28
2026-05-07T14:45:00+02:00,10.08
2026-05-07T15:00:00+02:00,96.16
2026-05-07T15:15:00+02:00,127.52
2026-05-07T15:30:00+02:00,0.0
2026-05-07T15:45:00+02:00,22.8
2026-05-07T16:00:00+02:00,133.92
2026-05-07T16:15:00+02:00,141.44
2026-05-07T16:30:00+02:00,15.2
2026-05-07T16:45:00+02:00,8.08
2026-05-07T17:00:00+02:00,12.8
2026-05-07T17:15:00+02:00,17.76
2026-05-07T17:30:00+02:00,105.28
2026-05-07T17:45:00+02:00,157.92
2026-05-07T18:00:00+02:00,170.88
2026-05-07T18:15:00+02:00,213.76
2026-05-07T18:30:00+02:00,210.88
2026-05-07T18:45:00+02:00,201.2
2026-05-07T19:00:00+02:00,182.72
2026-05-07T19:15:00+02:00,114.16
2026-05-07T19:30:00+02:00,183.76
2026-05-07T19:45:00+02:00,187.12
2026-05-07T20:00:00+02:00,207.92
2026-05-07T20:15:00+02:00,233.2
2026-05-07T20:30:00+02:00,235.28
2026-05-07T20:45:00+02:00,199.28
2026-05-07T21:00:00+02:00,218.24
2026-05-07T21:15:00+02:00,259.52
2026-05-07T21:30:00+02:00,264.24
2026-05-07T21:45:00+02:00,231.84
2026-05-07T22:00:00+02:00,227.76
2026-05-07T22:15:00+02:00,216.8
2026-05-07T22:30:00+02:00,233.2
2026-05-07T22:45:00+02:00,207.76
2026-05-07T23:00:00+02:00,220.32
2026-05-07T23:15:00+02:00,204.64
2026-05-07T23:30:00+02:00,216.08
2026-05-07T23:45:00+02:00,213.28
2026-05-08T00:00:00+02:00,210.16
2026-05-08T00:15:00+02:00,235.6
2026-05-08T00:30:00+02:00,221.6
2026-05-08T00:45:00+02:00,231.68
2026-05-08T01:00:00+02:00,217.92
2026-05-08T01:15:00+02:00,230.96
2026-05-08T01:30:00+02:00,219.04
2026-05-08T01:45:00+02:00,212.96
2026-05-08T02:00:00+02:00,190.16
2026-05-08T02:15:00+02:00,165.76
2026-05-08T02:30:00+02:00,252.8
2026-05-08T02:45:00+02:00,240.64
2026-05-08T03:00:00+02:00,238.24
2026-05-08T03:15:00+02:00,227.44
2026-05-08T03:30:00+02:00,238.0
2026-05-08T03:45:00+02:00,249.36
2026-05-08T04:00:00+02:00,234.32
2026-05-08T04:15:00+02:00,228.8
2026-05-08T04:30:00+02:00,230.24
2026-05-08T04:45:00+02:00,248.08
2026-05-08T05:00:00+02:00,243.28
2026-05-08T05:15:00+02:00,259.36
2026-05-08T05:30:00+02:00,258.8
2026-05-08T05:45:00+02:00,247.6
2026-05-08T06:00:00+02:00,216.88
2026-05-08T06:15:00+02:00,227.2
2026-05-08T06:30:00+02:00,210.8
2026-05-08T06:45:00+02:00,213.68
2026-05-08T07:00:00+02:00,226.88
2026-05-08T07:15:00+02:00,224.64
2026-05-08T07:30:00+02:00,240.64
2026-05-08T07:45:00+02:00,213.36
2026-05-08T08:00:00+02:00,210.4
2026-05-08T08:15:00+02:00,193.28
2026-05-08T08:30:00+02:00,221.04
2026-05-08T08:45:00+02:00,223.76
2026-05-08T09:00:00+02:00,180.72
2026-05-08T09:15:00+02:00,170.96
2026-05-08T09:30:00+02:00,179.68
2026-05-08T09:45:00+02:00,148.24
2026-05-08T10:00:00+02:00,103.36
2026-05-08T10:15:00+02:00,26.64
2026-05-08T10:30:00+02:00,11.84
2026-05-08T10:45:00+02:00,0.16
2026-05-08T11:00:00+02:00,3.52
2026-05-08T11:15:00+02:00,29.84
2026-05-08T11:30:00+02:00,22.72
2026-05-08T11:45:00+02:00,0.0
2026-05-08T12:00:00+02:00,0.0
2026-05-08T12:15:00+02:00,1.28
2026-05-08T12:30:00+02:00,0.0
2026-05-08T12:45:00+02:00,0.0
2026-05-08T13:00:00+02:00,16.08
2026-05-08T13:15:00+02:00,5.76
2026-05-08T13:30:00+02:00,0.0
2026-05-08T13:45:00+02:00,0.0
2026-05-08T14:00:00+02:00,0.0
2026-05-08T14:15:00+02:00,0.0
2026-05-08T14:30:00+02:00,0.0
2026-05-08T14:45:00+02:00,0.0
2026-05-08T15:00:00+02:00,0.0
2026-05-08T15:15:00+02:00,0.0
2026-05-08T15:30:00+02:00,0.0
2026-05-08T15:45:00+02:00,0.0
2026-05-08T16:00:00+02:00,0.0
2026-05-08T16:15:00+02:00,0.0
2026-05-08T16:30:00+02:00,0.16
2026-05-08T16:45:00+02:00,13.92
2026-05-08T17:00:00+02:00,0.0
2026-05-08T17:15:00+02:00,0.0
2026-05-08T17:30:00+02:00,2.08
2026-05-08T17:45:00+02:00,59.04
2026-05-08T18:00:00+02:00,2.0
2026-05-08T18:15:00+02:00,5.2
2026-05-08T18:30:00+02:00,5.28
2026-05-08T18:45:00+02:00,67.2
2026-05-08T19:00:00+02:00,82.48
2026-05-08T19:15:00+02:00,96.48
2026-05-08T19:30:00+02:00,126.8
2026-05-08T19:45:00+02:00,121.44
2026-05-08T20:00:00+02:00,135.44
2026-05-08T20:15:00+02:00,140.8
2026-05-08T20:30:00+02:00,148.56
2026-05-08T20:45:00+02:00,132.16
2026-05-08T21:00:00+02:00,100.8
2026-05-08T21:15:00+02:00,88.88
2026-05-08T21:30:00+02:00,76.56
2026-05-08T21:45:00+02:00,68.48
2026-05-08T22:00:00+02:00,55.76
2026-05-08T22:15:00+02:00,48.08
2026-05-08T22:30:00+02:00,43.6
2026-05-08T22:45:00+02:00,40.96
2026-05-08T23:00:00+02:00,41.68
2026-05-08T23:15:00+02:00,40.88
2026-05-08T23:30:00+02:00,42.8
2026-05-08T23:45:00+02:00,34.56
2026-05-09T00:00:00+02:00,32.16
2026-05-09T00:15:00+02:00,30.56
2026-05-09T00:30:00+02:00,32.64
2026-05-09T00:45:00+02:00,31.36
2026-05-09T01:00:00+02:00,33.36
2026-05-09T01:15:00+02:00,37.76
2026-05-09T01:30:00+02:00,38.32
2026-05-09T01:45:00+02:00,36.48
2026-05-09T02:00:00+02:00,35.84
2026-05-09T02:15:00+02:00,37.84
2026-05-09T02:30:00+02:00,36.16
2026-05-09T02:45:00+02:00,32.48
2026-05-09T03:00:00+02:00,32.96
2026-05-09T03:15:00+02:00,31.52
2026-05-09T03:30:00+02:00,30.48
2026-05-09T03:45:00+02:00,34.48
2026-05-09T04:00:00+02:00,32.24
2026-05-09T04:15:00+02:00,37.36
2026-05-09T04:30:00+02:00,35.84
2026-05-09T04:45:00+02:00,36.56
2026-05-09T05:00:00+02:00,35.68
2026-05-09T05:15:00+02:00,37.04
2026-05-09T05:30:00+02:00,38.0
2026-05-09T05:45:00+02:00,33.52
2026-05-09T06:00:00+02:00,28.16
2026-05-09T06:15:00+02:00,26.32
2026-05-09T06:30:00+02:00,30.08
2026-05-09T06:45:00+02:00,28.96
2026-05-09T07:00:00+02:00,32.32
2026-05-09T07:15:00+02:00,24.8
2026-05-09T07:30:00+02:00,10.32
2026-05-09T07:45:00+02:00,6.16
2026-05-09T08:00:00+02:00,0.48
2026-05-09T08:15:00+02:00,0.0
2026-05-09T08:30:00+02:00,0.0
2026-05-09T08:45:00+02:00,0.0
2026-05-09T09:00:00+02:00,0.0
2026-05-09T09:15:00+02:00,0.0
2026-05-09T09:30:00+02:00,0.0
2026-05-09T09:45:00+02:00,0.0
2026-05-09T10:00:00+02:00,0.0
2026-05-09T10:15:00+02:00,0.0
2026-05-09T10:30:00+02:00,0.0
2026-05-09T10:45:00+02:00,0.0
2026-05-09T11:00:00+02:00,0.0
2026-05-09T11:15:00+02:00,0.0
2026-05-09T11:30:00+02:00,0.0
2026-05-09T11:45:00+02:00,0.0
2026-05-09T12:00:00+02:00,0.0
2026-05-09T12:15:00+02:00,0.0
2026-05-09T12:30:00+02:00,0.0
2026-05-09T12:45:00+02:00,0.0
2026-05-09T13:00:00+02:00,0.0
2026-05-09T13:15:00+02:00,0.0
2026-05-09T13:30:00+02:00,0.48
2026-05-09T13:45:00+02:00,0.64
2026-05-09T14:00:00+02:00,0.4
2026-05-09T14:15:00+02:00,0.64
2026-05-09T14:30:00+02:00,0.96
2026-05-09T14:45:00+02:00,0.8
2026-05-09T15:00:00+02:00,0.32
2026-05-09T15:15:00+02:00,0.56
2026-05-09T15:30:00+02:00,0.16
2026-05-09T15:45:00+02:00,0.0
2026-05-09T16:00:00+02:00,0.0
2026-05-09T16:15:00+02:00,0.0
2026-05-09T16:30:00+02:00,0.0
2026-05-09T16:45:00+02:00,0.0
2026-05-09T17:00:00+02:00,0.0
2026-05-09T17:15:00+02:00,0.0
2026-05-09T17:30:00+02:00,0.0
2026-05-09T17:45:00+02:00,0.0
2026-05-09T18:00:00+02:00,0.0
2026-05-09T18:15:00+02:00,0.0
2026-05-09T18:30:00+02:00,0.0
2026-05-09T18:45:00+02:00,0.0
2026-05-09T19:00:00+02:00,0.0
2026-05-09T19:15:00+02:00,0.0
2026-05-09T19:30:00+02:00,0.8
2026-05-09T19:45:00+02:00,3.2
2026-05-09T20:00:00+02:00,14.64
2026-05-09T20:15:00+02:00,21.92
2026-05-09T20:30:00+02:00,31.84
2026-05-09T20:45:00+02:00,34.16
2026-05-09T21:00:00+02:00,36.32
2026-05-09T21:15:00+02:00,30.96
2026-05-09T21:30:00+02:00,33.2
2026-05-09T21:45:00+02:00,31.36
2026-05-09T22:00:00+02:00,34.8
2026-05-09T22:15:00+02:00,32.24
2026-05-09T22:30:00+02:00,31.52
2026-05-09T22:45:00+02:00,31.44
2026-05-09T23:00:00+02:00,34.4
2026-05-09T23:15:00+02:00,34.48
2026-05-09T23:30:00+02:00,36.16
2026-05-09T23:45:00+02:00,36.64
2026-05-10T00:00:00+02:00,37.04
2026-05-10T00:15:00+02:00,35.2
2026-05-10T00:30:00+02:00,30.24
2026-05-10T00:45:00+02:00,29.12
2026-05-10T01:00:00+02:00,29.76
2026-05-10T01:15:00+02:00,29.2
2026-05-10T01:30:00+02:00,29.92
2026-05-10T01:45:00+02:00,30.16
2026-05-10T02:00:00+02:00,35.36
2026-05-10T02:15:00+02:00,34.56
2026-05-10T02:30:00+02:00,37.68
2026-05-10T02:45:00+02:00,35.2
2026-05-10T03:00:00+02:00,35.44
2026-05-10T03:15:00+02:00,33.04
2026-05-10T03:30:00+02:00,29.44
2026-05-10T03:45:00+02:00,30.88
2026-05-10T04:00:00+02:00,31.76
2026-05-10T04:15:00+02:00,31.6
2026-05-10T04:30:00+02:00,30.72
2026-05-10T04:45:00+02:00,30.48
2026-05-10T05:00:00+02:00,34.88
2026-05-10T05:15:00+02:00,35.04
2026-05-10T05:30:00+02:00,35.6
2026-05-10T05:45:00+02:00,33.44
2026-05-10T06:00:00+02:00,29.6
2026-05-10T06:15:00+02:00,23.76
2026-05-10T06:30:00+02:00,11.6
2026-05-10T06:45:00+02:00,1.2
2026-05-10T07:00:00+02:00,0.0
2026-05-10T07:15:00+02:00,0.0
2026-05-10T07:30:00+02:00,0.0
2026-05-10T07:45:00+02:00,0.0
2026-05-10T08:00:00+02:00,0.0
2026-05-10T08:15:00+02:00,0.0
2026-05-10T08:30:00+02:00,0.0
2026-05-10T08:45:00+02:00,0.0
2026-05-10T09:00:00+02:00,0.0
2026-05-10T09:15:00+02:00,0.0
2026-05-10T09:30:00+02:00,0.0
2026-05-10T09:45:00+02:00,0.0
2026-05-10T10:00:00+02:00,0.0
2026-05-10T10:15:00+02:00,0.0
2026-05-10T10:30:00+02:00,0.0
2026-05-10T10:45:00+02:00,0.0
2026-05-10T11:00:00+02:00,0.0
2026-05-10T11:15:00+02:00,0.0
2026-05-10T11:30:00+02:00,0.0
2026-05-10T11:45:00+02:00,0.0
2026-05-10T12:00:00+02:00,0.0
2026-05-10T12:15:00+02:00,7.6
2026-05-10T12:30:00+02:00,15.2
2026-05-10T12:45:00+02:00,20.08
2026-05-10T13:00:00+02:00,21.84
2026-05-10T13:15:00+02:00,21.04
2026-05-10T13:30:00+02:00,20.4
2026-05-10T13:45:00+02:00,17.2
2026-05-10T14:00:00+02:00,21.44
2026-05-10T14:15:00+02:00,21.44
2026-05-10T14:30:00+02:00,19.84
2026-05-10T14:45:00+02:00,17.84
2026-05-10T15:00:00+02:00,18.88
2026-05-10T15:15:00+02:00,6.4
2026-05-10T15:30:00+02:00,0.0
2026-05-10T15:45:00+02:00,0.0
2026-05-10T16:00:00+02:00,0.0
2026-05-10T16:15:00+02:00,0.0
2026-05-10T16:30:00+02:00,0.0
2026-05-10T16:45:00+02:00,0.0
2026-05-10T17:00:00+02:00,0.0
2026-05-10T17:15:00+02:00,0.0
2026-05-10T17:30:00+02:00,0.0
2026-05-10T17:45:00+02:00,0.0
2026-05-10T18:00:00+02:00,0.0
2026-05-10T18:15:00+02:00,0.0
2026-05-10T18:30:00+02:00,0.0
2026-05-10T18:45:00+02:00,0.0
2026-05-10T19:00:00+02:00,0.0
2026-05-10T19:15:00+02:00,0.0
2026-05-10T19:30:00+02:00,0.0
2026-05-10T19:45:00+02:00,0.0
2026-05-10T20:00:00+02:00,18.88
2026-05-10T20:15:00+02:00,29.44
2026-05-10T20:30:00+02:00,41.68
2026-05-10T20:45:00+02:00,40.0
2026-05-10T21:00:00+02:00,39.28
2026-05-10T21:15:00+02:00,38.32
2026-05-10T21:30:00+02:00,34.4
2026-05-10T21:45:00+02:00,35.76
2026-05-10T22:00:00+02:00,40.4
2026-05-10T22:15:00+02:00,41.76
2026-05-10T22:30:00+02:00,40.16
2026-05-10T22:45:00+02:00,37.84
2026-05-10T23:00:00+02:00,34.8
2026-05-10T23:15:00+02:00,34.48
2026-05-10T23:30:00+02:00,36.72
2026-05-10T23:45:00+02:00,38.08
2026-05-11T00:00:00+02:00,40.72
2026-05-11T00:15:00+02:00,40.16
2026-05-11T00:30:00+02:00,40.72
2026-05-11T00:45:00+02:00,37.28
2026-05-11T01:00:00+02:00,40.0
2026-05-11T01:15:00+02:00,42.08
2026-05-11T01:30:00+02:00,42.48
2026-05-11T01:45:00+02:00,43.04
2026-05-11T02:00:00+02:00,42.16
2026-05-11T02:15:00+02:00,43.36
2026-05-11T02:30:00+02:00,46.96
2026-05-11T02:45:00+02:00,43.76
2026-05-11T03:00:00+02:00,39.68
2026-05-11T03:15:00+02:00,42.0
2026-05-11T03:30:00+02:00,47.76
2026-05-11T03:45:00+02:00,44.4
2026-05-11T04:00:00+02:00,41.36
2026-05-11T04:15:00+02:00,45.76
2026-05-11T04:30:00+02:00,51.04
2026-05-11T04:45:00+02:00,51.28
2026-05-11T05:00:00+02:00,50.08
2026-05-11T05:15:00+02:00,62.72
2026-05-11T05:30:00+02:00,102.0
2026-05-11T05:45:00+02:00,115.76
2026-05-11T06:00:00+02:00,129.84
2026-05-11T06:15:00+02:00,148.64
2026-05-11T06:30:00+02:00,135.12
2026-05-11T06:45:00+02:00,155.76
2026-05-11T07:00:00+02:00,167.44
2026-05-11T07:15:00+02:00,112.32
2026-05-11T07:30:00+02:00,139.76
2026-05-11T07:45:00+02:00,169.6
2026-05-11T08:00:00+02:00,169.68
2026-05-11T08:15:00+02:00,147.28
2026-05-11T08:30:00+02:00,131.12
2026-05-11T08:45:00+02:00,52.48
2026-05-11T09:00:00+02:00,131.28
2026-05-11T09:15:00+02:00,108.8
2026-05-11T09:30:00+02:00,57.04
2026-05-11T09:45:00+02:00,15.84
2026-05-11T10:00:00+02:00,31.92
2026-05-11T10:15:00+02:00,2.16
2026-05-11T10:30:00+02:00,97.28
2026-05-11T10:45:00+02:00,14.32
2026-05-11T11:00:00+02:00,0.0
2026-05-11T11:15:00+02:00,0.32
2026-05-11T11:30:00+02:00,5.12
2026-05-11T11:45:00+02:00,8.64
2026-05-11T12:00:00+02:00,11.04
2026-05-11T12:15:00+02:00,63.12
2026-05-11T12:30:00+02:00,54.96
2026-05-11T12:45:00+02:00,179.92
2026-05-11T13:00:00+02:00,275.68
2026-05-11T13:15:00+02:00,307.84
2026-05-11T13:30:00+02:00,311.76
2026-05-11T13:45:00+02:00,229.76
2026-05-11T14:00:00+02:00,101.68
2026-05-11T14:15:00+02:00,157.2
2026-05-11T14:30:00+02:00,204.08
2026-05-11T14:45:00+02:00,219.92
2026-05-11T15:00:00+02:00,275.36
2026-05-11T15:15:00+02:00,250.24
2026-05-11T15:30:00+02:00,202.48
2026-05-11T15:45:00+02:00,161.44
2026-05-11T16:00:00+02:00,246.96
2026-05-11T16:15:00+02:00,249.04
2026-05-11T16:30:00+02:00,223.44
2026-05-11T16:45:00+02:00,227.68
2026-05-11T17:00:00+02:00,216.72
2026-05-11T17:15:00+02:00,182.4
2026-05-11T17:30:00+02:00,144.56
2026-05-11T17:45:00+02:00,165.84
2026-05-11T18:00:00+02:00,153.44
2026-05-11T18:15:00+02:00,154.56
2026-05-11T18:30:00+02:00,176.56
2026-05-11T18:45:00+02:00,155.84
2026-05-11T19:00:00+02:00,127.28
2026-05-11T19:15:00+02:00,128.56
2026-05-11T19:30:00+02:00,186.88
2026-05-11T19:45:00+02:00,154.64
2026-05-11T20:00:00+02:00,203.84
2026-05-11T20:15:00+02:00,177.2
2026-05-11T20:30:00+02:00,206.64
2026-05-11T20:45:00+02:00,244.4
2026-05-11T21:00:00+02:00,251.92
2026-05-11T21:15:00+02:00,274.72
2026-05-11T21:30:00+02:00,222.96
2026-05-11T21:45:00+02:00,256.48
2026-05-11T22:00:00+02:00,273.04
2026-05-11T22:15:00+02:00,258.96
2026-05-11T22:30:00+02:00,252.72
2026-05-11T22:45:00+02:00,225.04
2026-05-11T23:00:00+02:00,233.76
2026-05-11T23:15:00+02:00,209.68
2026-05-11T23:30:00+02:00,220.56
2026-05-11T23:45:00+02:00,244.56
2026-05-12T00:00:00+02:00,252.8
2026-05-12T00:15:00+02:00,242.48
2026-05-12T00:30:00+02:00,251.36
2026-05-12T00:45:00+02:00,231.28
2026-05-12T01:00:00+02:00,260.88
2026-05-12T01:15:00+02:00,170.56
2026-05-12T01:30:00+02:00,171.68
2026-05-12T01:45:00+02:00,183.2
2026-05-12T02:00:00+02:00,144.16
2026-05-12T02:15:00+02:00,149.12
2026-05-12T02:30:00+02:00,178.32
2026-05-12T02:45:00+02:00,200.64
2026-05-12T03:00:00+02:00,181.84
2026-05-12T03:15:00+02:00,212.4
2026-05-12T03:30:00+02:00,186.4
2026-05-12T03:45:00+02:00,215.52
2026-05-12T04:00:00+02:00,220.88
2026-05-12T04:15:00+02:00,227.28
2026-05-12T04:30:00+02:00,186.64
2026-05-12T04:45:00+02:00,227.76
2026-05-12T05:00:00+02:00,197.84
2026-05-12T05:15:00+02:00,211.76
2026-05-12T05:30:00+02:00,183.36
2026-05-12T05:45:00+02:00,234.56
2026-05-12T06:00:00+02:00,219.92
2026-05-12T06:15:00+02:00,259.36
2026-05-12T06:30:00+02:00,326.0
2026-05-12T06:45:00+02:00,306.48
2026-05-12T07:00:00+02:00,256.16
2026-05-12T07:15:00+02:00,222.4
2026-05-12T07:30:00+02:00,229.52
2026-05-12T07:45:00+02:00,194.48
2026-05-12T08:00:00+02:00,154.56
2026-05-12T08:15:00+02:00,194.48
2026-05-12T08:30:00+02:00,291.2
2026-05-12T08:45:00+02:00,246.88
2026-05-12T09:00:00+02:00,286.72
2026-05-12T09:15:00+02:00,288.4
2026-05-12T09:30:00+02:00,181.36
2026-05-12T09:45:00+02:00,210.96
2026-05-12T10:00:00+02:00,177.2
2026-05-12T10:15:00+02:00,162.08
2026-05-12T10:30:00+02:00,65.52
2026-05-12T10:45:00+02:00,46.08
2026-05-12T11:00:00+02:00,52.48
2026-05-12T11:15:00+02:00,23.92
2026-05-12T11:30:00+02:00,85.84
2026-05-12T11:45:00+02:00,32.08
2026-05-12T12:00:00+02:00,12.64
2026-05-12T12:15:00+02:00,0.0
2026-05-12T12:30:00+02:00,54.16
2026-05-12T12:45:00+02:00,44.88
2026-05-12T13:00:00+02:00,46.56
2026-05-12T13:15:00+02:00,78.08
2026-05-12T13:30:00+02:00,57.92
2026-05-12T13:45:00+02:00,20.64
2026-05-12T14:00:00+02:00,59.28
2026-05-12T14:15:00+02:00,80.24
2026-05-12T14:30:00+02:00,0.0
2026-05-12T14:45:00+02:00,0.0
2026-05-12T15:00:00+02:00,0.0
2026-05-12T15:15:00+02:00,12.24
2026-05-12T15:30:00+02:00,42.4
2026-05-12T15:45:00+02:00,178.32
2026-05-12T16:00:00+02:00,135.68
2026-05-12T16:15:00+02:00,23.92
2026-05-12T16:30:00+02:00,22.72
2026-05-12T16:45:00+02:00,21.12
2026-05-12T17:00:00+02:00,14.08
2026-05-12T17:15:00+02:00,13.04
2026-05-12T17:30:00+02:00,116.72
2026-05-12T17:45:00+02:00,85.04
2026-05-12T18:00:00+02:00,52.48
2026-05-12T18:15:00+02:00,73.12
2026-05-12T18:30:00+02:00,122.72
2026-05-12T18:45:00+02:00,140.56
2026-05-12T19:00:00+02:00,199.76
2026-05-12T19:15:00+02:00,202.72
2026-05-12T19:30:00+02:00,188.56
2026-05-12T19:45:00+02:00,189.68
2026-05-12T20:00:00+02:00,207.84
2026-05-12T20:15:00+02:00,161.84
2026-05-12T20:30:00+02:00,172.56
2026-05-12T20:45:00+02:00,190.8
2026-05-12T21:00:00+02:00,168.0
2026-05-12T21:15:00+02:00,168.08
2026-05-12T21:30:00+02:00,196.96
2026-05-12T21:45:00+02:00,193.92
2026-05-12T22:00:00+02:00,182.96
2026-05-12T22:15:00+02:00,176.08
2026-05-12T22:30:00+02:00,158.72
2026-05-12T22:45:00+02:00,228.64
2026-05-12T23:00:00+02:00,178.72
2026-05-12T23:15:00+02:00,166.16
2026-05-12T23:30:00+02:00,186.48
2026-05-12T23:45:00+02:00,166.24
2026-05-13T00:00:00+02:00,202.88
2026-05-13T00:15:00+02:00,172.88
2026-05-13T00:30:00+02:00,216.16
2026-05-13T00:45:00+02:00,166.32
2026-05-13T01:00:00+02:00,156.48
2026-05-13T01:15:00+02:00,145.04
2026-05-13T01:30:00+02:00,221.52
2026-05-13T01:45:00+02:00,212.56
2026-05-13T02:00:00+02:00,229.52
2026-05-13T02:15:00+02:00,204.08
2026-05-13T02:30:00+02:00,235.44
2026-05-13T02:45:00+02:00,232.4
2026-05-13T03:00:00+02:00,241.52
2026-05-13T03:15:00+02:00,236.4
2026-05-13T03:30:00+02:00,172.8
2026-05-13T03:45:00+02:00,134.56
2026-05-13T04:00:00+02:00,148.16
2026-05-13T04:15:00+02:00,153.68
2026-05-13T04:30:00+02:00,179.52
2026-05-13T04:45:00+02:00,200.08
2026-05-13T05:00:00+02:00,179.44
2026-05-13T05:15:00+02:00,221.68
2026-05-13T05:30:00+02:00,180.16
2026-05-13T05:45:00+02:00,239.04
2026-05-13T06:00:00+02:00,177.28
2026-05-13T06:15:00+02:00,159.36
2026-05-13T06:30:00+02:00,192.72
2026-05-13T06:45:00+02:00,244.16
2026-05-13T07:00:00+02:00,196.96
2026-05-13T07:15:00+02:00,182.96
2026-05-13T07:30:00+02:00,189.04
2026-05-13T07:45:00+02:00,208.0
2026-05-13T08:00:00+02:00,197.36
2026-05-13T08:15:00+02:00,155.84
2026-05-13T08:30:00+02:00,95.52
2026-05-13T08:45:00+02:00,40.88
2026-05-13T09:00:00+02:00,21.04
2026-05-13T09:15:00+02:00,0.0
2026-05-13T09:30:00+02:00,3.76
2026-05-13T09:45:00+02:00,2.8
2026-05-13T10:00:00+02:00,8.48
2026-05-13T10:15:00+02:00,5.6
2026-05-13T10:30:00+02:00,3.68
2026-05-13T10:45:00+02:00,0.08
2026-05-13T11:00:00+02:00,0.72
2026-05-13T11:15:00+02:00,16.96
2026-05-13T11:30:00+02:00,0.0
2026-05-13T11:45:00+02:00,0.0
2026-05-13T12:00:00+02:00,0.0
2026-05-13T12:15:00+02:00,0.0
2026-05-13T12:30:00+02:00,0.24
2026-05-13T12:45:00+02:00,18.4
2026-05-13T13:00:00+02:00,12.16
2026-05-13T13:15:00+02:00,6.24
2026-05-13T13:30:00+02:00,5.2
2026-05-13T13:45:00+02:00,10.8
2026-05-13T14:00:00+02:00,0.0
2026-05-13T14:15:00+02:00,2.0
2026-05-13T14:30:00+02:00,0.0
2026-05-13T14:45:00+02:00,0.0
2026-05-13T15:00:00+02:00,0.0
2026-05-13T15:15:00+02:00,0.16
2026-05-13T15:30:00+02:00,0.16
2026-05-13T15:45:00+02:00,0.0
2026-05-13T16:00:00+02:00,6.0
2026-05-13T16:15:00+02:00,0.0
2026-05-13T16:30:00+02:00,0.0
2026-05-13T16:45:00+02:00,0.0
2026-05-13T17:00:00+02:00,0.0
2026-05-13T17:15:00+02:00,0.0
2026-05-13T17:30:00+02:00,38.32
2026-05-13T17:45:00+02:00,65.6
2026-05-13T18:00:00+02:00,41.68
2026-05-13T18:15:00+02:00,2.16
2026-05-13T18:30:00+02:00,15.12
2026-05-13T18:45:00+02:00,76.48
2026-05-13T19:00:00+02:00,83.28
2026-05-13T19:15:00+02:00,128.24
2026-05-13T19:30:00+02:00,130.72
2026-05-13T19:45:00+02:00,151.52
2026-05-13T20:00:00+02:00,162.8
2026-05-13T20:15:00+02:00,180.88
2026-05-13T20:30:00+02:00,193.12
2026-05-13T20:45:00+02:00,205.68
2026-05-13T21:00:00+02:00,200.24
2026-05-13T21:15:00+02:00,182.24
2026-05-13T21:30:00+02:00,174.96
2026-05-13T21:45:00+02:00,183.04
2026-05-13T22:00:00+02:00,166.72
2026-05-13T22:15:00+02:00,166.48
2026-05-13T22:30:00+02:00,192.32
2026-05-13T22:45:00+02:00,205.36
2026-05-13T23:00:00+02:00,172.56
2026-05-13T23:15:00+02:00,183.44
2026-05-13T23:30:00+02:00,257.44
2026-05-13T23:45:00+02:00,191.76
2026-05-14T00:00:00+02:00,163.6
2026-05-14T00:15:00+02:00,186.8
2026-05-14T00:30:00+02:00,205.84
2026-05-14T00:45:00+02:00,176.72
2026-05-14T01:00:00+02:00,193.36
2026-05-14T01:15:00+02:00,190.88
2026-05-14T01:30:00+02:00,168.64
2026-05-14T01:45:00+02:00,175.28
2026-05-14T02:00:00+02:00,191.92
2026-05-14T02:15:00+02:00,206.72
2026-05-14T02:30:00+02:00,173.92
2026-05-14T02:45:00+02:00,186.0
2026-05-14T03:00:00+02:00,188.96
2026-05-14T03:15:00+02:00,157.36
2026-05-14T03:30:00+02:00,142.24
2026-05-14T03:45:00+02:00,161.04
2026-05-14T04:00:00+02:00,177.68
2026-05-14T04:15:00+02:00,165.12
2026-05-14T04:30:00+02:00,166.32
2026-05-14T04:45:00+02:00,141.36
2026-05-14T05:00:00+02:00,106.4
2026-05-14T05:15:00+02:00,97.84
2026-05-14T05:30:00+02:00,91.12
2026-05-14T05:45:00+02:00,85.92
2026-05-14T06:00:00+02:00,70.56
2026-05-14T06:15:00+02:00,54.88
2026-05-14T06:30:00+02:00,49.28
2026-05-14T06:45:00+02:00,42.56
2026-05-14T07:00:00+02:00,32.08
2026-05-14T07:15:00+02:00,25.04
2026-05-14T07:30:00+02:00,16.56
2026-05-14T07:45:00+02:00,28.4
2026-05-14T08:00:00+02:00,20.08
2026-05-14T08:15:00+02:00,0.72
2026-05-14T08:30:00+02:00,0.56
2026-05-14T08:45:00+02:00,0.0
2026-05-14T09:00:00+02:00,0.0
2026-05-14T09:15:00+02:00,0.0
2026-05-14T09:30:00+02:00,0.0
2026-05-14T09:45:00+02:00,0.0
2026-05-14T10:00:00+02:00,0.0
2026-05-14T10:15:00+02:00,0.0
2026-05-14T10:30:00+02:00,0.0
2026-05-14T10:45:00+02:00,0.0
2026-05-14T11:00:00+02:00,0.0
2026-05-14T11:15:00+02:00,0.0
2026-05-14T11:30:00+02:00,0.0
2026-05-14T11:45:00+02:00,0.0
2026-05-14T12:00:00+02:00,0.0
2026-05-14T12:15:00+02:00,0.0
2026-05-14T12:30:00+02:00,0.0
2026-05-14T12:45:00+02:00,0.0
2026-05-14T13:00:00+02:00,0.0
2026-05-14T13:15:00+02:00,0.0
2026-05-14T13:30:00+02:00,0.0
2026-05-14T13:45:00+02:00,0.0
2026-05-14T14:00:00+02:00,0.0
2026-05-14T14:15:00+02:00,0.0
2026-05-14T14:30:00+02:00,0.0
2026-05-14T14:45:00+02:00,0.0
2026-05-14T15:00:00+02:00,0.0
2026-05-14T15:15:00+02:00,0.0
2026-05-14T15:30:00+02:00,0.0
2026-05-14T15:45:00+02:00,0.0
2026-05-14T16:00:00+02:00,0.0
2026-05-14T16:15:00+02:00,0.0
2026-05-14T16:30:00+02:00,0.0
2026-05-14T16:45:00+02:00,0.0
2026-05-14T17:00:00+02:00,0.0
2026-05-14T17:15:00+02:00,0.0
2026-05-14T17:30:00+02:00,0.0
2026-05-14T17:45:00+02:00,0.08
2026-05-14T18:00:00+02:00,0.8
2026-05-14T18:15:00+02:00,0.4
2026-05-14T18:30:00+02:00,0.72
2026-05-14T18:45:00+02:00,0.56
2026-05-14T19:00:00+02:00,1.36
2026-05-14T19:15:00+02:00,1.04
2026-05-14T19:30:00+02:00,2.88
2026-05-14T19:45:00+02:00,13.52
2026-05-14T20:00:00+02:00,22.4
2026-05-14T20:15:00+02:00,27.76
2026-05-14T20:30:00+02:00,31.68
2026-05-14T20:45:00+02:00,36.72
2026-05-14T21:00:00+02:00,39.6
2026-05-14T21:15:00+02:00,41.04
2026-05-14T21:30:00+02:00,38.32
2026-05-14T21:45:00+02:00,38.08
2026-05-14T22:00:00+02:00,39.52
2026-05-14T22:15:00+02:00,39.84
2026-05-14T22:30:00+02:00,37.52
2026-05-14T22:45:00+02:00,36.64
2026-05-14T23:00:00+02:00,38.0
2026-05-14T23:15:00+02:00,35.92
2026-05-14T23:30:00+02:00,41.28
2026-05-14T23:45:00+02:00,40.8
2026-05-15T00:00:00+02:00,37.92
2026-05-15T00:15:00+02:00,35.36
2026-05-15T00:30:00+02:00,33.04
2026-05-15T00:45:00+02:00,31.12
2026-05-15T01:00:00+02:00,32.16
2026-05-15T01:15:00+02:00,30.4
2026-05-15T01:30:00+02:00,32.64
2026-05-15T01:45:00+02:00,31.28
2026-05-15T02:00:00+02:00,36.88
2026-05-15T02:15:00+02:00,40.32
2026-05-15T02:30:00+02:00,38.08
2026-05-15T02:45:00+02:00,36.4
2026-05-15T03:00:00+02:00,37.12
2026-05-15T03:15:00+02:00,36.08
2026-05-15T03:30:00+02:00,33.76
2026-05-15T03:45:00+02:00,34.72
2026-05-15T04:00:00+02:00,33.2
2026-05-15T04:15:00+02:00,40.16
2026-05-15T04:30:00+02:00,46.24
2026-05-15T04:45:00+02:00,49.36
2026-05-15T05:00:00+02:00,42.56
2026-05-15T05:15:00+02:00,44.8
2026-05-15T05:30:00+02:00,46.4
2026-05-15T05:45:00+02:00,58.0
2026-05-15T06:00:00+02:00,55.2
2026-05-15T06:15:00+02:00,69.52
2026-05-15T06:30:00+02:00,75.68
2026-05-15T06:45:00+02:00,62.96
2026-05-15T07:00:00+02:00,18.08
2026-05-15T07:15:00+02:00,5.44
2026-05-15T07:30:00+02:00,0.08
2026-05-15T07:45:00+02:00,0.0
2026-05-15T08:00:00+02:00,0.0
2026-05-15T08:15:00+02:00,0.0
2026-05-15T08:30:00+02:00,0.0
2026-05-15T08:45:00+02:00,0.0
2026-05-15T09:00:00+02:00,21.28
2026-05-15T09:15:00+02:00,24.88
2026-05-15T09:30:00+02:00,0.0
2026-05-15T09:45:00+02:00,0.0
2026-05-15T10:00:00+02:00,0.0
2026-05-15T10:15:00+02:00,0.0
2026-05-15T10:30:00+02:00,0.0
2026-05-15T10:45:00+02:00,0.0
2026-05-15T11:00:00+02:00,0.0
2026-05-15T11:15:00+02:00,0.0
2026-05-15T11:30:00+02:00,0.0
2026-05-15T11:45:00+02:00,0.0
2026-05-15T12:00:00+02:00,0.0
2026-05-15T12:15:00+02:00,0.0
2026-05-15T12:30:00+02:00,0.0
2026-05-15T12:45:00+02:00,0.0
2026-05-15T13:00:00+02:00,0.0
2026-05-15T13:15:00+02:00,0.0
2026-05-15T13:30:00+02:00,0.0
2026-05-15T13:45:00+02:00,0.0
2026-05-15T14:00:00+02:00,0.0
2026-05-15T14:15:00+02:00,0.0
2026-05-15T14:30:00+02:00,0.0
2026-05-15T14:45:00+02:00,0.0
2026-05-15T15:00:00+02:00,0.0
2026-05-15T15:15:00+02:00,0.0
2026-05-15T15:30:00+02:00,0.0
2026-05-15T15:45:00+02:00,0.0
2026-05-15T16:00:00+02:00,0.0
2026-05-15T16:15:00+02:00,0.0
2026-05-15T16:30:00+02:00,0.0
2026-05-15T16:45:00+02:00,0.0
2026-05-15T17:00:00+02:00,0.0
2026-05-15T17:15:00+02:00,0.0
2026-05-15T17:30:00+02:00,0.0
2026-05-15T17:45:00+02:00,0.0
2026-05-15T18:00:00+02:00,0.0
2026-05-15T18:15:00+02:00,0.0
2026-05-15T18:30:00+02:00,0.0
2026-05-15T18:45:00+02:00,0.0
2026-05-15T19:00:00+02:00,0.0
2026-05-15T19:15:00+02:00,0.0
2026-05-15T19:30:00+02:00,0.0
2026-05-15T19:45:00+02:00,0.64
2026-05-15T20:00:00+02:00,7.68
2026-05-15T20:15:00+02:00,29.28
2026-05-15T20:30:00+02:00,31.84
2026-05-15T20:45:00+02:00,37.68
2026-05-15T21:00:00+02:00,37.04
2026-05-15T21:15:00+02:00,36.56
2026-05-15T21:30:00+02:00,34.8
2026-05-15T21:45:00+02:00,31.84
2026-05-15T22:00:00+02:00,33.84
2026-05-15T22:15:00+02:00,32.8
2026-05-15T22:30:00+02:00,31.6
2026-05-15T22:45:00+02:00,30.32
2026-05-15T23:00:00+02:00,29.44
2026-05-15T23:15:00+02:00,30.0
2026-05-15T23:30:00+02:00,31.44
2026-05-15T23:45:00+02:00,35.6
2026-05-16T00:00:00+02:00,36.64
2026-05-16T00:15:00+02:00,36.08
2026-05-16T00:30:00+02:00,36.56
2026-05-16T00:45:00+02:00,34.88
2026-05-16T01:00:00+02:00,33.52
2026-05-16T01:15:00+02:00,36.0
2026-05-16T01:30:00+02:00,33.6
2026-05-16T01:45:00+02:00,32.64
2026-05-16T02:00:00+02:00,34.16
2026-05-16T02:15:00+02:00,34.32
2026-05-16T02:30:00+02:00,35.52
2026-05-16T02:45:00+02:00,32.0
2026-05-16T03:00:00+02:00,32.64
2026-05-16T03:15:00+02:00,31.04
2026-05-16T03:30:00+02:00,30.64
2026-05-16T03:45:00+02:00,30.48
2026-05-16T04:00:00+02:00,30.88
2026-05-16T04:15:00+02:00,32.88
2026-05-16T04:30:00+02:00,30.96
2026-05-16T04:45:00+02:00,37.52
2026-05-16T05:00:00+02:00,35.04
2026-05-16T05:15:00+02:00,36.72
2026-05-16T05:30:00+02:00,36.88
2026-05-16T05:45:00+02:00,37.44
2026-05-16T06:00:00+02:00,36.4
2026-05-16T06:15:00+02:00,32.48
2026-05-16T06:30:00+02:00,42.88
2026-05-16T06:45:00+02:00,45.12
2026-05-16T07:00:00+02:00,52.24
2026-05-16T07:15:00+02:00,44.56
2026-05-16T07:30:00+02:00,33.2
2026-05-16T07:45:00+02:00,42.4
2026-05-16T08:00:00+02:00,36.96
2026-05-16T08:15:00+02:00,5.76
2026-05-16T08:30:00+02:00,0.0
2026-05-16T08:45:00+02:00,0.08
2026-05-16T09:00:00+02:00,5.2
2026-05-16T09:15:00+02:00,0.64
2026-05-16T09:30:00+02:00,0.08
2026-05-16T09:45:00+02:00,0.0
2026-05-16T10:00:00+02:00,0.0
2026-05-16T10:15:00+02:00,5.84
2026-05-16T10:30:00+02:00,27.6
2026-05-16T10:45:00+02:00,5.12
2026-05-16T11:00:00+02:00,43.36
2026-05-16T11:15:00+02:00,0.24
2026-05-16T11:30:00+02:00,12.48
2026-05-16T11:45:00+02:00,17.36
2026-05-16T12:00:00+02:00,2.72
2026-05-16T12:15:00+02:00,4.16
2026-05-16T12:30:00+02:00,0.0
2026-05-16T12:45:00+02:00,0.0
2026-05-16T13:00:00+02:00,20.96
2026-05-16T13:15:00+02:00,12.4
2026-05-16T13:30:00+02:00,0.08
2026-05-16T13:45:00+02:00,0.0
2026-05-16T14:00:00+02:00,0.0
2026-05-16T14:15:00+02:00,0.0
2026-05-16T14:30:00+02:00,0.0
2026-05-16T14:45:00+02:00,0.0
2026-05-16T15:00:00+02:00,0.0
2026-05-16T15:15:00+02:00,0.0
2026-05-16T15:30:00+02:00,0.0
2026-05-16T15:45:00+02:00,0.0
2026-05-16T16:00:00+02:00,0.0
2026-05-16T16:15:00+02:00,0.0
2026-05-16T16:30:00+02:00,0.0
2026-05-16T16:45:00+02:00,0.0
2026-05-16T17:00:00+02:00,0.0
2026-05-16T17:15:00+02:00,0.0
2026-05-16T17:30:00+02:00,0.08
2026-05-16T17:45:00+02:00,0.08
2026-05-16T18:00:00+02:00,0.0
2026-05-16T18:15:00+02:00,0.0
2026-05-16T18:30:00+02:00,0.0
2026-05-16T18:45:00+02:00,0.0
2026-05-16T19:00:00+02:00,0.56
2026-05-16T19:15:00+02:00,20.96
2026-05-16T19:30:00+02:00,25.52
2026-05-16T19:45:00+02:00,2.48
2026-05-16T20:00:00+02:00,1.36
2026-05-16T20:15:00+02:00,9.68
2026-05-16T20:30:00+02:00,16.24
2026-05-16T20:45:00+02:00,28.16
2026-05-16T21:00:00+02:00,32.0
2026-05-16T21:15:00+02:00,32.56
2026-05-16T21:30:00+02:00,33.44
2026-05-16T21:45:00+02:00,35.44
2026-05-16T22:00:00+02:00,35.92
2026-05-16T22:15:00+02:00,36.72
2026-05-16T22:30:00+02:00,31.84
2026-05-16T22:45:00+02:00,30.4
2026-05-16T23:00:00+02:00,29.2
2026-05-16T23:15:00+02:00,31.6
2026-05-16T23:30:00+02:00,29.84
2026-05-16T23:45:00+02:00,30.88
2026-05-17T00:00:00+02:00,29.6
2026-05-17T00:15:00+02:00,31.04
2026-05-17T00:30:00+02:00,36.48
2026-05-17T00:45:00+02:00,34.48
2026-05-17T01:00:00+02:00,33.28
2026-05-17T01:15:00+02:00,34.88
2026-05-17T01:30:00+02:00,32.56
2026-05-17T01:45:00+02:00,32.0
2026-05-17T02:00:00+02:00,33.52
2026-05-17T02:15:00+02:00,33.84
2026-05-17T02:30:00+02:00,32.8
2026-05-17T02:45:00+02:00,33.92
2026-05-17T03:00:00+02:00,32.8
2026-05-17T03:15:00+02:00,31.04
2026-05-17T03:30:00+02:00,30.8
2026-05-17T03:45:00+02:00,30.4
2026-05-17T04:00:00+02:00,31.36
2026-05-17T04:15:00+02:00,31.12
2026-05-17T04:30:00+02:00,32.4
2026-05-17T04:45:00+02:00,30.88
2026-05-17T05:00:00+02:00,32.08
2026-05-17T05:15:00+02:00,31.36
2026-05-17T05:30:00+02:00,31.28
2026-05-17T05:45:00+02:00,27.84
2026-05-17T06:00:00+02:00,23.92
2026-05-17T06:15:00+02:00,18.32
2026-05-17T06:30:00+02:00,8.24
2026-05-17T06:45:00+02:00,0.72
2026-05-17T07:00:00+02:00,0.0
2026-05-17T07:15:00+02:00,0.0
2026-05-17T07:30:00+02:00,0.0
2026-05-17T07:45:00+02:00,0.0
2026-05-17T08:00:00+02:00,0.0
2026-05-17T08:15:00+02:00,0.0
2026-05-17T08:30:00+02:00,0.0
2026-05-17T08:45:00+02:00,0.0
2026-05-17T09:00:00+02:00,0.0
2026-05-17T09:15:00+02:00,0.0
2026-05-17T09:30:00+02:00,0.0
2026-05-17T09:45:00+02:00,0.0
2026-05-17T10:00:00+02:00,0.0
2026-05-17T10:15:00+02:00,0.0
2026-05-17T10:30:00+02:00,0.0
2026-05-17T10:45:00+02:00,0.0
2026-05-17T11:00:00+02:00,0.0
2026-05-17T11:15:00+02:00,0.0
2026-05-17T11:30:00+02:00,0.0
2026-05-17T11:45:00+02:00,0.0
2026-05-17T12:00:00+02:00,0.0
2026-05-17T12:15:00+02:00,0.0
2026-05-17T12:30:00+02:00,0.0
2026-05-17T12:45:00+02:00,0.0
2026-05-17T13:00:00+02:00,0.0
2026-05-17T13:15:00+02:00,0.0
2026-05-17T13:30:00+02:00,0.0
2026-05-17T13:45:00+02:00,0.0
2026-05-17T14:00:00+02:00,0.0
2026-05-17T14:15:00+02:00,0.0
2026-05-17T14:30:00+02:00,0.0
2026-05-17T14:45:00+02:00,0.0
2026-05-17T15:00:00+02:00,0.0
2026-05-17T15:15:00+02:00,0.0
2026-05-17T15:30:00+02:00,0.0
2026-05-17T15:45:00+02:00,0.0
2026-05-17T16:00:00+02:00,0.0
2026-05-17T16:15:00+02:00,0.0
2026-05-17T16:30:00+02:00,0.0
2026-05-17T16:45:00+02:00,0.0
2026-05-17T17:00:00+02:00,0.0
2026-05-17T17:15:00+02:00,0.0
2026-05-17T17:30:00+02:00,0.0
2026-05-17T17:45:00+02:00,0.0
2026-05-17T18:00:00+02:00,0.0
2026-05-17T18:15:00+02:00,0.0
2026-05-17T18:30:00+02:00,0.0
2026-05-17T18:45:00+02:00,0.0
2026-05-17T19:00:00+02:00,0.0
2026-05-17T19:15:00+02:00,0.56
2026-05-17T19:30:00+02:00,0.48
2026-05-17T19:45:00+02:00,1.76
2026-05-17T20:00:00+02:00,12.48
2026-05-17T20:15:00+02:00,26.08
2026-05-17T20:30:00+02:00,32.32
2026-05-17T20:45:00+02:00,32.16
2026-05-17T21:00:00+02:00,36.96
2026-05-17T21:15:00+02:00,33.28
2026-05-17T21:30:00+02:00,34.72
2026-05-17T21:45:00+02:00,35.12
2026-05-17T22:00:00+02:00,38.96
2026-05-17T22:15:00+02:00,36.96
2026-05-17T22:30:00+02:00,39.12
2026-05-17T22:45:00+02:00,35.84
2026-05-17T23:00:00+02:00,31.68
2026-05-17T23:15:00+02:00,32.16
2026-05-17T23:30:00+02:00,34.32
2026-05-17T23:45:00+02:00,35.04
2026-05-18T00:00:00+02:00,36.08
2026-05-18T00:15:00+02:00,35.12
2026-05-18T00:30:00+02:00,37.68
2026-05-18T00:45:00+02:00,41.84
2026-05-18T01:00:00+02:00,39.68
2026-05-18T01:15:00+02:00,39.2
2026-05-18T01:30:00+02:00,41.68
2026-05-18T01:45:00+02:00,41.52
2026-05-18T02:00:00+02:00,37.36
2026-05-18T02:15:00+02:00,38.24
2026-05-18T02:30:00+02:00,41.76
2026-05-18T02:45:00+02:00,36.8
2026-05-18T03:00:00+02:00,34.08
2026-05-18T03:15:00+02:00,37.04
2026-05-18T03:30:00+02:00,41.76
2026-05-18T03:45:00+02:00,43.52
2026-05-18T04:00:00+02:00,44.08
2026-05-18T04:15:00+02:00,44.8
2026-05-18T04:30:00+02:00,48.16
2026-05-18T04:45:00+02:00,50.0
2026-05-18T05:00:00+02:00,46.32
2026-05-18T05:15:00+02:00,61.52
2026-05-18T05:30:00+02:00,71.84
2026-05-18T05:45:00+02:00,99.92
2026-05-18T06:00:00+02:00,138.08
2026-05-18T06:15:00+02:00,151.2
2026-05-18T06:30:00+02:00,160.24
2026-05-18T06:45:00+02:00,167.28
2026-05-18T07:00:00+02:00,98.48
2026-05-18T07:15:00+02:00,86.56
2026-05-18T07:30:00+02:00,94.24
2026-05-18T07:45:00+02:00,53.6
2026-05-18T08:00:00+02:00,0.0
2026-05-18T08:15:00+02:00,0.0
2026-05-18T08:30:00+02:00,0.0
2026-05-18T08:45:00+02:00,0.0
2026-05-18T09:00:00+02:00,0.0
2026-05-18T09:15:00+02:00,0.0
2026-05-18T09:30:00+02:00,0.0
2026-05-18T09:45:00+02:00,0.0
2026-05-18T10:00:00+02:00,0.0
2026-05-18T10:15:00+02:00,0.0
2026-05-18T10:30:00+02:00,0.0
2026-05-18T10:45:00+02:00,0.0
2026-05-18T11:00:00+02:00,0.0
2026-05-18T11:15:00+02:00,0.0
2026-05-18T11:30:00+02:00,0.0
2026-05-18T11:45:00+02:00,0.0
2026-05-18T12:00:00+02:00,0.0
2026-05-18T12:15:00+02:00,0.0
2026-05-18T12:30:00+02:00,0.0
2026-05-18T12:45:00+02:00,0.0
2026-05-18T13:00:00+02:00,0.0
2026-05-18T13:15:00+02:00,0.0
2026-05-18T13:30:00+02:00,0.0
2026-05-18T13:45:00+02:00,0.0
2026-05-18T14:00:00+02:00,0.0
2026-05-18T14:15:00+02:00,0.0
2026-05-18T14:30:00+02:00,0.0
2026-05-18T14:45:00+02:00,0.0
2026-05-18T15:00:00+02:00,0.0
2026-05-18T15:15:00+02:00,1.2
2026-05-18T15:30:00+02:00,0.0
2026-05-18T15:45:00+02:00,29.76
2026-05-18T16:00:00+02:00,104.64
2026-05-18T16:15:00+02:00,200.08
2026-05-18T16:30:00+02:00,223.68
2026-05-18T16:45:00+02:00,218.72
2026-05-18T17:00:00+02:00,204.88
2026-05-18T17:15:00+02:00,227.52
2026-05-18T17:30:00+02:00,202.64
2026-05-18T17:45:00+02:00,207.44
2026-05-18T18:00:00+02:00,178.24
2026-05-18T18:15:00+02:00,164.24
2026-05-18T18:30:00+02:00,142.08
2026-05-18T18:45:00+02:00,152.8
2026-05-18T19:00:00+02:00,197.04
2026-05-18T19:15:00+02:00,180.16
2026-05-18T19:30:00+02:00,176.4
2026-05-18T19:45:00+02:00,213.68
2026-05-18T20:00:00+02:00,207.44
2026-05-18T20:15:00+02:00,247.12
2026-05-18T20:30:00+02:00,229.04
2026-05-18T20:45:00+02:00,229.12
2026-05-18T21:00:00+02:00,228.32
2026-05-18T21:15:00+02:00,232.48
2026-05-18T21:30:00+02:00,226.4
2026-05-18T21:45:00+02:00,220.48
2026-05-18T22:00:00+02:00,208.16
2026-05-18T22:15:00+02:00,213.04
2026-05-18T22:30:00+02:00,183.12
2026-05-18T22:45:00+02:00,198.48
2026-05-18T23:00:00+02:00,191.28
2026-05-18T23:15:00+02:00,172.48
2026-05-18T23:30:00+02:00,197.52
2026-05-18T23:45:00+02:00,216.4
2026-05-19T00:00:00+02:00,180.8
2026-05-19T00:15:00+02:00,196.88
2026-05-19T00:30:00+02:00,175.84
2026-05-19T00:45:00+02:00,168.0
2026-05-19T01:00:00+02:00,174.48
2026-05-19T01:15:00+02:00,194.56
2026-05-19T01:30:00+02:00,185.28
2026-05-19T01:45:00+02:00,179.68
2026-05-19T02:00:00+02:00,182.16
2026-05-19T02:15:00+02:00,191.6
2026-05-19T02:30:00+02:00,179.92
2026-05-19T02:45:00+02:00,173.6
2026-05-19T03:00:00+02:00,179.04
2026-05-19T03:15:00+02:00,170.4
2026-05-19T03:30:00+02:00,181.52
2026-05-19T03:45:00+02:00,177.12
2026-05-19T04:00:00+02:00,155.36
2026-05-19T04:15:00+02:00,141.28
2026-05-19T04:30:00+02:00,169.36
2026-05-19T04:45:00+02:00,179.2
2026-05-19T05:00:00+02:00,167.28
2026-05-19T05:15:00+02:00,192.48
2026-05-19T05:30:00+02:00,177.76
2026-05-19T05:45:00+02:00,186.32
2026-05-19T06:00:00+02:00,204.96
2026-05-19T06:15:00+02:00,201.2
2026-05-19T06:30:00+02:00,192.48
2026-05-19T06:45:00+02:00,206.0
2026-05-19T07:00:00+02:00,215.2
2026-05-19T07:15:00+02:00,201.04
2026-05-19T07:30:00+02:00,195.12
2026-05-19T07:45:00+02:00,190.56
2026-05-19T08:00:00+02:00,164.96
2026-05-19T08:15:00+02:00,191.52
2026-05-19T08:30:00+02:00,220.56
2026-05-19T08:45:00+02:00,195.12
2026-05-19T09:00:00+02:00,175.68
2026-05-19T09:15:00+02:00,49.12
2026-05-19T09:30:00+02:00,0.0
2026-05-19T09:45:00+02:00,2.64
2026-05-19T10:00:00+02:00,0.0
2026-05-19T10:15:00+02:00,5.84
2026-05-19T10:30:00+02:00,43.76
2026-05-19T10:45:00+02:00,0.0
2026-05-19T11:00:00+02:00,0.0
2026-05-19T11:15:00+02:00,0.0
2026-05-19T11:30:00+02:00,25.44
2026-05-19T11:45:00+02:00,0.16
2026-05-19T12:00:00+02:00,0.0
2026-05-19T12:15:00+02:00,0.0
2026-05-19T12:30:00+02:00,5.2
2026-05-19T12:45:00+02:00,0.0
2026-05-19T13:00:00+02:00,44.16
2026-05-19T13:15:00+02:00,35.92
2026-05-19T13:30:00+02:00,0.0
2026-05-19T13:45:00+02:00,0.08
2026-05-19T14:00:00+02:00,0.0
2026-05-19T14:15:00+02:00,0.0
2026-05-19T14:30:00+02:00,0.0
2026-05-19T14:45:00+02:00,0.0
2026-05-19T15:00:00+02:00,0.0
2026-05-19T15:15:00+02:00,0.0
2026-05-19T15:30:00+02:00,0.0
2026-05-19T15:45:00+02:00,9.6
2026-05-19T16:00:00+02:00,0.0
2026-05-19T16:15:00+02:00,0.0
2026-05-19T16:30:00+02:00,0.0
2026-05-19T16:45:00+02:00,0.0
2026-05-19T17:00:00+02:00,0.0
2026-05-19T17:15:00+02:00,0.0
2026-05-19T17:30:00+02:00,0.0
2026-05-19T17:45:00+02:00,2.24
2026-05-19T18:00:00+02:00,6.0
2026-05-19T18:15:00+02:00,29.84
2026-05-19T18:30:00+02:00,98.96
2026-05-19T18:45:00+02:00,111.36
2026-05-19T19:00:00+02:00,104.08
2026-05-19T19:15:00+02:00,90.24
2026-05-19T19:30:00+02:00,132.16
2026-05-19T19:45:00+02:00,145.6
2026-05-19T20:00:00+02:00,188.24
2026-05-19T20:15:00+02:00,178.24
2026-05-19T20:30:00+02:00,213.84
2026-05-19T20:45:00+02:00,233.84
2026-05-19T21:00:00+02:00,240.8
2026-05-19T21:15:00+02:00,204.32
2026-05-19T21:30:00+02:00,207.84
2026-05-19T21:45:00+02:00,190.0
2026-05-19T22:00:00+02:00,172.72
2026-05-19T22:15:00+02:00,160.48
2026-05-19T22:30:00+02:00,192.08
2026-05-19T22:45:00+02:00,162.56
2026-05-19T23:00:00+02:00,174.8
2026-05-19T23:15:00+02:00,165.44
2026-05-19T23:30:00+02:00,159.52
2026-05-19T23:45:00+02:00,143.76
2026-05-20T00:00:00+02:00,133.2
2026-05-20T00:15:00+02:00,134.96
2026-05-20T00:30:00+02:00,137.44
2026-05-20T00:45:00+02:00,128.4
2026-05-20T01:00:00+02:00,130.32
2026-05-20T01:15:00+02:00,131.84
2026-05-20T01:30:00+02:00,168.16
2026-05-20T01:45:00+02:00,185.92
2026-05-20T02:00:00+02:00,162.8
2026-05-20T02:15:00+02:00,140.32
2026-05-20T02:30:00+02:00,133.92
2026-05-20T02:45:00+02:00,128.64
2026-05-20T03:00:00+02:00,130.72
2026-05-20T03:15:00+02:00,148.64
2026-05-20T03:30:00+02:00,187.04
2026-05-20T03:45:00+02:00,192.4
2026-05-20T04:00:00+02:00,150.24
2026-05-20T04:15:00+02:00,157.52
2026-05-20T04:30:00+02:00,149.76
2026-05-20T04:45:00+02:00,143.84
2026-05-20T05:00:00+02:00,172.08
2026-05-20T05:15:00+02:00,164.4
2026-05-20T05:30:00+02:00,166.48
2026-05-20T05:45:00+02:00,185.68
2026-05-20T06:00:00+02:00,206.08
2026-05-20T06:15:00+02:00,238.32
2026-05-20T06:30:00+02:00,212.56
2026-05-20T06:45:00+02:00,210.56
2026-05-20T07:00:00+02:00,207.36
2026-05-20T07:15:00+02:00,220.8
2026-05-20T07:30:00+02:00,236.56
2026-05-20T07:45:00+02:00,177.68
2026-05-20T08:00:00+02:00,205.68
2026-05-20T08:15:00+02:00,230.08
2026-05-20T08:30:00+02:00,167.28
2026-05-20T08:45:00+02:00,206.4
2026-05-20T09:00:00+02:00,209.2
2026-05-20T09:15:00+02:00,187.6
2026-05-20T09:30:00+02:00,137.76
2026-05-20T09:45:00+02:00,180.4
2026-05-20T10:00:00+02:00,165.92
2026-05-20T10:15:00+02:00,175.68
2026-05-20T10:30:00+02:00,168.96
2026-05-20T10:45:00+02:00,117.52
2026-05-20T11:00:00+02:00,61.92
2026-05-20T11:15:00+02:00,60.32
2026-05-20T11:30:00+02:00,23.84
2026-05-20T11:45:00+02:00,4.64
2026-05-20T12:00:00+02:00,0.0
2026-05-20T12:15:00+02:00,0.0
2026-05-20T12:30:00+02:00,0.0
2026-05-20T12:45:00+02:00,28.72
2026-05-20T13:00:00+02:00,112.08
2026-05-20T13:15:00+02:00,94.8
2026-05-20T13:30:00+02:00,62.72
2026-05-20T13:45:00+02:00,39.12
2026-05-20T14:00:00+02:00,28.4
2026-05-20T14:15:00+02:00,2.08
2026-05-20T14:30:00+02:00,0.0
2026-05-20T14:45:00+02:00,0.0
2026-05-20T15:00:00+02:00,31.92
2026-05-20T15:15:00+02:00,0.0
2026-05-20T15:30:00+02:00,10.0
2026-05-20T15:45:00+02:00,21.44
2026-05-20T16:00:00+02:00,0.0
2026-05-20T16:15:00+02:00,0.08
2026-05-20T16:30:00+02:00,40.56
2026-05-20T16:45:00+02:00,38.96
2026-05-20T17:00:00+02:00,9.52
2026-05-20T17:15:00+02:00,0.16
2026-05-20T17:30:00+02:00,2.32
2026-05-20T17:45:00+02:00,11.28
2026-05-20T18:00:00+02:00,13.28
2026-05-20T18:15:00+02:00,8.64
2026-05-20T18:30:00+02:00,24.24
2026-05-20T18:45:00+02:00,81.76
2026-05-20T19:00:00+02:00,98.48
2026-05-20T19:15:00+02:00,46.96
2026-05-20T19:30:00+02:00,92.4
2026-05-20T19:45:00+02:00,153.28
2026-05-20T20:00:00+02:00,145.44
2026-05-20T20:15:00+02:00,159.6
2026-05-20T20:30:00+02:00,196.56
2026-05-20T20:45:00+02:00,210.96
2026-05-20T21:00:00+02:00,174.88
2026-05-20T21:15:00+02:00,171.92
2026-05-20T21:30:00+02:00,208.88
2026-05-20T21:45:00+02:00,222.0
2026-05-20T22:00:00+02:00,189.76
2026-05-20T22:15:00+02:00,170.0
2026-05-20T22:30:00+02:00,167.28
2026-05-20T22:45:00+02:00,164.8
2026-05-20T23:00:00+02:00,174.16
2026-05-20T23:15:00+02:00,165.52
2026-05-20T23:30:00+02:00,195.92
2026-05-20T23:45:00+02:00,193.76
2026-05-21T00:00:00+02:00,179.76
2026-05-21T00:15:00+02:00,183.36
2026-05-21T00:30:00+02:00,174.8
2026-05-21T00:45:00+02:00,177.68
2026-05-21T01:00:00+02:00,177.28
2026-05-21T01:15:00+02:00,187.76
2026-05-21T01:30:00+02:00,139.92
2026-05-21T01:45:00+02:00,128.8
2026-05-21T02:00:00+02:00,150.88
2026-05-21T02:15:00+02:00,180.32
2026-05-21T02:30:00+02:00,203.6
2026-05-21T02:45:00+02:00,171.36
2026-05-21T03:00:00+02:00,156.16
2026-05-21T03:15:00+02:00,142.08
2026-05-21T03:30:00+02:00,144.48
2026-05-21T03:45:00+02:00,175.36
2026-05-21T04:00:00+02:00,149.44
2026-05-21T04:15:00+02:00,150.16
2026-05-21T04:30:00+02:00,168.48
2026-05-21T04:45:00+02:00,180.8
2026-05-21T05:00:00+02:00,182.96
2026-05-21T05:15:00+02:00,199.76
2026-05-21T05:30:00+02:00,203.36
2026-05-21T05:45:00+02:00,222.32
2026-05-21T06:00:00+02:00,220.8
2026-05-21T06:15:00+02:00,213.2
2026-05-21T06:30:00+02:00,214.48
2026-05-21T06:45:00+02:00,230.32
2026-05-21T07:00:00+02:00,189.84
2026-05-21T07:15:00+02:00,150.4
2026-05-21T07:30:00+02:00,170.0
2026-05-21T07:45:00+02:00,133.44
2026-05-21T08:00:00+02:00,92.0
2026-05-21T08:15:00+02:00,104.0
2026-05-21T08:30:00+02:00,117.2
2026-05-21T08:45:00+02:00,4.72
2026-05-21T09:00:00+02:00,8.0
2026-05-21T09:15:00+02:00,0.64
2026-05-21T09:30:00+02:00,0.0
2026-05-21T09:45:00+02:00,0.88
2026-05-21T10:00:00+02:00,68.72
2026-05-21T10:15:00+02:00,3.12
2026-05-21T10:30:00+02:00,0.0
2026-05-21T10:45:00+02:00,18.16
2026-05-21T11:00:00+02:00,9.68
2026-05-21T11:15:00+02:00,7.12
2026-05-21T11:30:00+02:00,1.76
2026-05-21T11:45:00+02:00,26.48
2026-05-21T12:00:00+02:00,18.64
2026-05-21T12:15:00+02:00,0.08
2026-05-21T12:30:00+02:00,79.12
2026-05-21T12:45:00+02:00,164.24
2026-05-21T13:00:00+02:00,80.8
2026-05-21T13:15:00+02:00,0.0
2026-05-21T13:30:00+02:00,0.0
2026-05-21T13:45:00+02:00,0.16
2026-05-21T14:00:00+02:00,26.64
2026-05-21T14:15:00+02:00,36.88
2026-05-21T14:30:00+02:00,0.96
2026-05-21T14:45:00+02:00,0.0
2026-05-21T15:00:00+02:00,0.0
2026-05-21T15:15:00+02:00,0.0
2026-05-21T15:30:00+02:00,7.12
2026-05-21T15:45:00+02:00,36.4
2026-05-21T16:00:00+02:00,58.24
2026-05-21T16:15:00+02:00,32.96
2026-05-21T16:30:00+02:00,11.28
2026-05-21T16:45:00+02:00,0.0
2026-05-21T17:00:00+02:00,9.68
2026-05-21T17:15:00+02:00,0.0
2026-05-21T17:30:00+02:00,12.56
2026-05-21T17:45:00+02:00,0.08
2026-05-21T18:00:00+02:00,0.72
2026-05-21T18:15:00+02:00,22.32
2026-05-21T18:30:00+02:00,65.52
2026-05-21T18:45:00+02:00,74.96
2026-05-21T19:00:00+02:00,115.04
2026-05-21T19:15:00+02:00,122.8
2026-05-21T19:30:00+02:00,133.76
2026-05-21T19:45:00+02:00,168.24
2026-05-21T20:00:00+02:00,165.84
2026-05-21T20:15:00+02:00,177.52
2026-05-21T20:30:00+02:00,227.6
2026-05-21T20:45:00+02:00,216.88
2026-05-21T21:00:00+02:00,209.44
2026-05-21T21:15:00+02:00,189.92
2026-05-21T21:30:00+02:00,205.28
2026-05-21T21:45:00+02:00,188.0
2026-05-21T22:00:00+02:00,178.56
2026-05-21T22:15:00+02:00,166.4
2026-05-21T22:30:00+02:00,181.52
2026-05-21T22:45:00+02:00,172.24
2026-05-21T23:00:00+02:00,177.2
2026-05-21T23:15:00+02:00,167.92
2026-05-21T23:30:00+02:00,168.32
2026-05-21T23:45:00+02:00,190.48
2026-05-22T00:00:00+02:00,204.96
2026-05-22T00:15:00+02:00,212.08
2026-05-22T00:30:00+02:00,183.36
2026-05-22T00:45:00+02:00,189.68
2026-05-22T01:00:00+02:00,192.48
2026-05-22T01:15:00+02:00,172.64
2026-05-22T01:30:00+02:00,169.2
2026-05-22T01:45:00+02:00,191.36
2026-05-22T02:00:00+02:00,206.24
2026-05-22T02:15:00+02:00,196.88
2026-05-22T02:30:00+02:00,173.04
2026-05-22T02:45:00+02:00,172.56
2026-05-22T03:00:00+02:00,163.84
2026-05-22T03:15:00+02:00,170.88
2026-05-22T03:30:00+02:00,169.68
2026-05-22T03:45:00+02:00,170.56
2026-05-22T04:00:00+02:00,184.64
2026-05-22T04:15:00+02:00,177.92
2026-05-22T04:30:00+02:00,184.24
2026-05-22T04:45:00+02:00,180.24
2026-05-22T05:00:00+02:00,174.24
2026-05-22T05:15:00+02:00,187.12
2026-05-22T05:30:00+02:00,177.28
2026-05-22T05:45:00+02:00,165.76
2026-05-22T06:00:00+02:00,204.56
2026-05-22T06:15:00+02:00,206.08
2026-05-22T06:30:00+02:00,210.08
2026-05-22T06:45:00+02:00,191.76
2026-05-22T07:00:00+02:00,156.0
2026-05-22T07:15:00+02:00,142.0
2026-05-22T07:30:00+02:00,102.24
2026-05-22T07:45:00+02:00,36.24
2026-05-22T08:00:00+02:00,24.32
2026-05-22T08:15:00+02:00,10.48
2026-05-22T08:30:00+02:00,0.0
2026-05-22T08:45:00+02:00,0.0
2026-05-22T09:00:00+02:00,0.0
2026-05-22T09:15:00+02:00,0.0
2026-05-22T09:30:00+02:00,0.0
2026-05-22T09:45:00+02:00,0.0
2026-05-22T10:00:00+02:00,0.0
2026-05-22T10:15:00+02:00,0.0
2026-05-22T10:30:00+02:00,0.0
2026-05-22T10:45:00+02:00,0.0
2026-05-22T11:00:00+02:00,0.0
2026-05-22T11:15:00+02:00,0.0
2026-05-22T11:30:00+02:00,0.0
2026-05-22T11:45:00+02:00,0.0
2026-05-22T12:00:00+02:00,83.36
2026-05-22T12:15:00+02:00,178.0
2026-05-22T12:30:00+02:00,208.24
2026-05-22T12:45:00+02:00,196.0
2026-05-22T13:00:00+02:00,165.52
2026-05-22T13:15:00+02:00,163.52
2026-05-22T13:30:00+02:00,181.28
2026-05-22T13:45:00+02:00,202.8
2026-05-22T14:00:00+02:00,211.44
2026-05-22T14:15:00+02:00,196.16
2026-05-22T14:30:00+02:00,217.28
2026-05-22T14:45:00+02:00,195.92
2026-05-22T15:00:00+02:00,205.6
2026-05-22T15:15:00+02:00,211.6
2026-05-22T15:30:00+02:00,206.56
2026-05-22T15:45:00+02:00,219.2
2026-05-22T16:00:00+02:00,206.24
2026-05-22T16:15:00+02:00,214.24
2026-05-22T16:30:00+02:00,196.88
2026-05-22T16:45:00+02:00,18.08
2026-05-22T17:00:00+02:00,0.0
2026-05-22T17:15:00+02:00,0.0
2026-05-22T17:30:00+02:00,0.0
2026-05-22T17:45:00+02:00,18.16
2026-05-22T18:00:00+02:00,2.72
2026-05-22T18:15:00+02:00,23.92
2026-05-22T18:30:00+02:00,46.32
2026-05-22T18:45:00+02:00,53.2
2026-05-22T19:00:00+02:00,56.72
2026-05-22T19:15:00+02:00,45.52
2026-05-22T19:30:00+02:00,46.16
2026-05-22T19:45:00+02:00,37.28
2026-05-22T20:00:00+02:00,42.88
2026-05-22T20:15:00+02:00,52.16
2026-05-22T20:30:00+02:00,48.88
2026-05-22T20:45:00+02:00,47.76
2026-05-22T21:00:00+02:00,45.6
2026-05-22T21:15:00+02:00,45.6
2026-05-22T21:30:00+02:00,43.6
2026-05-22T21:45:00+02:00,42.0
2026-05-22T22:00:00+02:00,46.24
2026-05-22T22:15:00+02:00,43.6
2026-05-22T22:30:00+02:00,44.8
2026-05-22T22:45:00+02:00,43.52
2026-05-22T23:00:00+02:00,39.68
2026-05-22T23:15:00+02:00,39.6
2026-05-22T23:30:00+02:00,41.28
2026-05-22T23:45:00+02:00,38.24
2026-05-23T00:00:00+02:00,36.72
2026-05-23T00:15:00+02:00,38.56
2026-05-23T00:30:00+02:00,40.48
2026-05-23T00:45:00+02:00,43.04
2026-05-23T01:00:00+02:00,40.96
2026-05-23T01:15:00+02:00,41.12
2026-05-23T01:30:00+02:00,36.16
2026-05-23T01:45:00+02:00,39.2
2026-05-23T02:00:00+02:00,41.52
2026-05-23T02:15:00+02:00,43.44
2026-05-23T02:30:00+02:00,42.56
2026-05-23T02:45:00+02:00,39.52
2026-05-23T03:00:00+02:00,39.36
2026-05-23T03:15:00+02:00,39.68
2026-05-23T03:30:00+02:00,37.04
2026-05-23T03:45:00+02:00,39.2
2026-05-23T04:00:00+02:00,38.0
2026-05-23T04:15:00+02:00,42.4
2026-05-23T04:30:00+02:00,40.56
2026-05-23T04:45:00+02:00,42.56
2026-05-23T05:00:00+02:00,41.36
2026-05-23T05:15:00+02:00,40.8
2026-05-23T05:30:00+02:00,34.08
2026-05-23T05:45:00+02:00,30.32
2026-05-23T06:00:00+02:00,27.84
2026-05-23T06:15:00+02:00,24.48
2026-05-23T06:30:00+02:00,18.72
2026-05-23T06:45:00+02:00,1.76
2026-05-23T07:00:00+02:00,0.0
2026-05-23T07:15:00+02:00,0.0
2026-05-23T07:30:00+02:00,0.0
2026-05-23T07:45:00+02:00,0.0
2026-05-23T08:00:00+02:00,0.0
2026-05-23T08:15:00+02:00,0.0
2026-05-23T08:30:00+02:00,0.0
2026-05-23T08:45:00+02:00,0.0
2026-05-23T09:00:00+02:00,0.0
2026-05-23T09:15:00+02:00,0.0
2026-05-23T09:30:00+02:00,0.0
2026-05-23T09:45:00+02:00,0.0
2026-05-23T10:00:00+02:00,0.0
2026-05-23T10:15:00+02:00,0.0
2026-05-23T10:30:00+02:00,0.0
2026-05-23T10:45:00+02:00,0.0
2026-05-23T11:00:00+02:00,0.0
2026-05-23T11:15:00+02:00,0.0
2026-05-23T11:30:00+02:00,0.08
2026-05-23T11:45:00+02:00,0.32
2026-05-23T12:00:00+02:00,1.04
2026-05-23T12:15:00+02:00,1.6
2026-05-23T12:30:00+02:00,1.92
2026-05-23T12:45:00+02:00,10.32
2026-05-23T13:00:00+02:00,11.44
2026-05-23T13:15:00+02:00,10.08
2026-05-23T13:30:00+02:00,7.44
2026-05-23T13:45:00+02:00,9.44
2026-05-23T14:00:00+02:00,10.4
2026-05-23T14:15:00+02:00,10.48
2026-05-23T14:30:00+02:00,5.52
2026-05-23T14:45:00+02:00,7.36
2026-05-23T15:00:00+02:00,5.68
2026-05-23T15:15:00+02:00,8.64
2026-05-23T15:30:00+02:00,11.92
2026-05-23T15:45:00+02:00,8.72
2026-05-23T16:00:00+02:00,15.92
2026-05-23T16:15:00+02:00,0.0
2026-05-23T16:30:00+02:00,0.0
2026-05-23T16:45:00+02:00,0.0
2026-05-23T17:00:00+02:00,0.0
2026-05-23T17:15:00+02:00,0.0
2026-05-23T17:30:00+02:00,0.0
2026-05-23T17:45:00+02:00,0.0
2026-05-23T18:00:00+02:00,0.0
2026-05-23T18:15:00+02:00,0.0
2026-05-23T18:30:00+02:00,0.0
2026-05-23T18:45:00+02:00,0.0
2026-05-23T19:00:00+02:00,0.0
2026-05-23T19:15:00+02:00,0.32
2026-05-23T19:30:00+02:00,1.6
2026-05-23T19:45:00+02:00,9.68
2026-05-23T20:00:00+02:00,14.32
2026-05-23T20:15:00+02:00,26.96
2026-05-23T20:30:00+02:00,33.04
2026-05-23T20:45:00+02:00,41.76
2026-05-23T21:00:00+02:00,41.12
2026-05-23T21:15:00+02:00,46.08
2026-05-23T21:30:00+02:00,42.16
2026-05-23T21:45:00+02:00,43.6
2026-05-23T22:00:00+02:00,42.32
2026-05-23T22:15:00+02:00,43.12
2026-05-23T22:30:00+02:00,42.24
2026-05-23T22:45:00+02:00,41.12
2026-05-23T23:00:00+02:00,41.12
2026-05-23T23:15:00+02:00,38.4
2026-05-23T23:30:00+02:00,42.8
2026-05-23T23:45:00+02:00,38.72
2026-05-24T00:00:00+02:00,40.16
2026-05-24T00:15:00+02:00,37.76
2026-05-24T00:30:00+02:00,38.4
2026-05-24T00:45:00+02:00,39.44
2026-05-24T01:00:00+02:00,39.12
2026-05-24T01:15:00+02:00,39.92
2026-05-24T01:30:00+02:00,37.76
2026-05-24T01:45:00+02:00,38.64
2026-05-24T02:00:00+02:00,38.08
2026-05-24T02:15:00+02:00,39.84
2026-05-24T02:30:00+02:00,40.0
2026-05-24T02:45:00+02:00,40.4
2026-05-24T03:00:00+02:00,36.32
2026-05-24T03:15:00+02:00,36.72
2026-05-24T03:30:00+02:00,37.28
2026-05-24T03:45:00+02:00,37.28
2026-05-24T04:00:00+02:00,38.24
2026-05-24T04:15:00+02:00,38.16
2026-05-24T04:30:00+02:00,38.56
2026-05-24T04:45:00+02:00,37.44
2026-05-24T05:00:00+02:00,38.08
2026-05-24T05:15:00+02:00,36.16
2026-05-24T05:30:00+02:00,34.0
2026-05-24T05:45:00+02:00,26.8
2026-05-24T06:00:00+02:00,23.6
2026-05-24T06:15:00+02:00,16.96
2026-05-24T06:30:00+02:00,5.04
2026-05-24T06:45:00+02:00,0.16
2026-05-24T07:00:00+02:00,0.0
2026-05-24T07:15:00+02:00,0.0
2026-05-24T07:30:00+02:00,0.0
2026-05-24T07:45:00+02:00,0.0
2026-05-24T08:00:00+02:00,0.0
2026-05-24T08:15:00+02:00,0.0
2026-05-24T08:30:00+02:00,0.0
2026-05-24T08:45:00+02:00,0.0
2026-05-24T09:00:00+02:00,0.0
2026-05-24T09:15:00+02:00,0.0
2026-05-24T09:30:00+02:00,0.0
2026-05-24T09:45:00+02:00,0.0
2026-05-24T10:00:00+02:00,0.0
2026-05-24T10:15:00+02:00,0.0
2026-05-24T10:30:00+02:00,0.0
2026-05-24T10:45:00+02:00,0.0
2026-05-24T11:00:00+02:00,0.0
2026-05-24T11:15:00+02:00,0.0
2026-05-24T11:30:00+02:00,0.0
2026-05-24T11:45:00+02:00,0.0
2026-05-24T12:00:00+02:00,0.0
2026-05-24T12:15:00+02:00,0.0
2026-05-24T12:30:00+02:00,0.0
2026-05-24T12:45:00+02:00,0.0
2026-05-24T13:00:00+02:00,24.8
2026-05-24T13:15:00+02:00,38.56
2026-05-24T13:30:00+02:00,35.44
2026-05-24T13:45:00+02:00,34.8
2026-05-24T14:00:00+02:00,37.36
2026-05-24T14:15:00+02:00,35.84
2026-05-24T14:30:00+02:00,32.72
2026-05-24T14:45:00+02:00,35.28
2026-05-24T15:00:00+02:00,32.72
2026-05-24T15:15:00+02:00,25.36
2026-05-24T15:30:00+02:00,33.52
2026-05-24T15:45:00+02:00,26.88
2026-05-24T16:00:00+02:00,22.32
2026-05-24T16:15:00+02:00,0.0
2026-05-24T16:30:00+02:00,0.0
2026-05-24T16:45:00+02:00,0.0
2026-05-24T17:00:00+02:00,0.0
2026-05-24T17:15:00+02:00,0.0
2026-05-24T17:30:00+02:00,0.0
2026-05-24T17:45:00+02:00,0.0
2026-05-24T18:00:00+02:00,0.0
2026-05-24T18:15:00+02:00,0.0
2026-05-24T18:30:00+02:00,0.0
2026-05-24T18:45:00+02:00,0.0
2026-05-24T19:00:00+02:00,0.0
2026-05-24T19:15:00+02:00,0.0
2026-05-24T19:30:00+02:00,0.56
2026-05-24T19:45:00+02:00,5.92
2026-05-24T20:00:00+02:00,10.56
2026-05-24T20:15:00+02:00,27.12
2026-05-24T20:30:00+02:00,26.88
2026-05-24T20:45:00+02:00,39.68
2026-05-24T21:00:00+02:00,43.76
2026-05-24T21:15:00+02:00,42.48
2026-05-24T21:30:00+02:00,40.16
2026-05-24T21:45:00+02:00,43.04
2026-05-24T22:00:00+02:00,42.56
2026-05-24T22:15:00+02:00,43.28
2026-05-24T22:30:00+02:00,42.08
2026-05-24T22:45:00+02:00,42.32
2026-05-24T23:00:00+02:00,42.08
2026-05-24T23:15:00+02:00,39.12
2026-05-24T23:30:00+02:00,40.96
2026-05-24T23:45:00+02:00,38.88
2026-05-25T00:00:00+02:00,43.92
2026-05-25T00:15:00+02:00,43.28
2026-05-25T00:30:00+02:00,45.12
2026-05-25T00:45:00+02:00,40.32
2026-05-25T01:00:00+02:00,43.52
2026-05-25T01:15:00+02:00,42.64
2026-05-25T01:30:00+02:00,40.16
2026-05-25T01:45:00+02:00,40.08
2026-05-25T02:00:00+02:00,39.44
2026-05-25T02:15:00+02:00,41.36
2026-05-25T02:30:00+02:00,40.24
2026-05-25T02:45:00+02:00,38.64
2026-05-25T03:00:00+02:00,42.08
2026-05-25T03:15:00+02:00,45.44
2026-05-25T03:30:00+02:00,49.04
2026-05-25T03:45:00+02:00,45.92
2026-05-25T04:00:00+02:00,44.72
2026-05-25T04:15:00+02:00,42.24
2026-05-25T04:30:00+02:00,44.08
2026-05-25T04:45:00+02:00,40.16
2026-05-25T05:00:00+02:00,40.8
2026-05-25T05:15:00+02:00,42.88
2026-05-25T05:30:00+02:00,38.64
2026-05-25T05:45:00+02:00,31.76
2026-05-25T06:00:00+02:00,28.88
2026-05-25T06:15:00+02:00,26.96
2026-05-25T06:30:00+02:00,11.92
2026-05-25T06:45:00+02:00,0.64
2026-05-25T07:00:00+02:00,0.0
2026-05-25T07:15:00+02:00,0.0
2026-05-25T07:30:00+02:00,0.0
2026-05-25T07:45:00+02:00,0.0
2026-05-25T08:00:00+02:00,0.0
2026-05-25T08:15:00+02:00,0.0
2026-05-25T08:30:00+02:00,0.0
2026-05-25T08:45:00+02:00,0.0
2026-05-25T09:00:00+02:00,0.0
2026-05-25T09:15:00+02:00,0.0
2026-05-25T09:30:00+02:00,0.0
2026-05-25T09:45:00+02:00,0.0
2026-05-25T10:00:00+02:00,0.0
2026-05-25T10:15:00+02:00,0.0
2026-05-25T10:30:00+02:00,0.0
2026-05-25T10:45:00+02:00,0.0
2026-05-25T11:00:00+02:00,0.0
2026-05-25T11:15:00+02:00,0.0
2026-05-25T11:30:00+02:00,0.0
2026-05-25T11:45:00+02:00,0.0
2026-05-25T12:00:00+02:00,0.0
2026-05-25T12:15:00+02:00,0.0
2026-05-25T12:30:00+02:00,0.0
2026-05-25T12:45:00+02:00,0.0
2026-05-25T13:00:00+02:00,0.0
2026-05-25T13:15:00+02:00,0.0
2026-05-25T13:30:00+02:00,0.0
2026-05-25T13:45:00+02:00,0.0
2026-05-25T14:00:00+02:00,0.0
2026-05-25T14:15:00+02:00,0.0
2026-05-25T14:30:00+02:00,0.0
2026-05-25T14:45:00+02:00,0.0
2026-05-25T15:00:00+02:00,0.0
2026-05-25T15:15:00+02:00,0.0
2026-05-25T15:30:00+02:00,0.0
2026-05-25T15:45:00+02:00,0.0
2026-05-25T16:00:00+02:00,0.0
2026-05-25T16:15:00+02:00,0.0
2026-05-25T16:30:00+02:00,0.0
2026-05-25T16:45:00+02:00,0.0
2026-05-25T17:00:00+02:00,0.0
2026-05-25T17:15:00+02:00,0.0
2026-05-25T17:30:00+02:00,0.0
2026-05-25T17:45:00+02:00,0.0
2026-05-25T18:00:00+02:00,0.0
2026-05-25T18:15:00+02:00,0.0
2026-05-25T18:30:00+02:00,0.0
2026-05-25T18:45:00+02:00,0.0
2026-05-25T19:00:00+02:00,0.0
2026-05-25T19:15:00+02:00,0.0
2026-05-25T19:30:00+02:00,0.24
2026-05-25T19:45:00+02:00,5.76
2026-05-25T20:00:00+02:00,23.28
2026-05-25T20:15:00+02:00,24.88
2026-05-25T20:30:00+02:00,37.6
2026-05-25T20:45:00+02:00,42.16
2026-05-25T21:00:00+02:00,48.72
2026-05-25T21:15:00+02:00,48.72
2026-05-25T21:30:00+02:00,48.48
2026-05-25T21:45:00+02:00,44.64
2026-05-25T22:00:00+02:00,51.04
2026-05-25T22:15:00+02:00,49.44
2026-05-25T22:30:00+02:00,51.52
2026-05-25T22:45:00+02:00,47.36
2026-05-25T23:00:00+02:00,48.8
2026-05-25T23:15:00+02:00,46.56
2026-05-25T23:30:00+02:00,49.12
2026-05-25T23:45:00+02:00,47.2
2026-05-26T00:00:00+02:00,46.72
2026-05-26T00:15:00+02:00,46.16
2026-05-26T00:30:00+02:00,47.28
2026-05-26T00:45:00+02:00,45.92
2026-05-26T01:00:00+02:00,46.32
2026-05-26T01:15:00+02:00,48.88
2026-05-26T01:30:00+02:00,40.72
2026-05-26T01:45:00+02:00,40.64
2026-05-26T02:00:00+02:00,41.52
2026-05-26T02:15:00+02:00,41.28
2026-05-26T02:30:00+02:00,42.96
2026-05-26T02:45:00+02:00,41.68
2026-05-26T03:00:00+02:00,41.36
2026-05-26T03:15:00+02:00,43.28
2026-05-26T03:30:00+02:00,43.04
2026-05-26T03:45:00+02:00,41.92
2026-05-26T04:00:00+02:00,44.88
2026-05-26T04:15:00+02:00,43.6
2026-05-26T04:30:00+02:00,46.4
2026-05-26T04:45:00+02:00,51.04
2026-05-26T05:00:00+02:00,52.4
2026-05-26T05:15:00+02:00,69.2
2026-05-26T05:30:00+02:00,92.64
2026-05-26T05:45:00+02:00,115.2
2026-05-26T06:00:00+02:00,140.96
2026-05-26T06:15:00+02:00,176.56
2026-05-26T06:30:00+02:00,168.8
2026-05-26T06:45:00+02:00,156.08
2026-05-26T07:00:00+02:00,113.68
2026-05-26T07:15:00+02:00,87.04
2026-05-26T07:30:00+02:00,53.84
2026-05-26T07:45:00+02:00,21.36
2026-05-26T08:00:00+02:00,0.16
2026-05-26T08:15:00+02:00,0.16
2026-05-26T08:30:00+02:00,0.24
2026-05-26T08:45:00+02:00,0.0
2026-05-26T09:00:00+02:00,0.0
2026-05-26T09:15:00+02:00,0.0
2026-05-26T09:30:00+02:00,0.0
2026-05-26T09:45:00+02:00,0.0
2026-05-26T10:00:00+02:00,0.0
2026-05-26T10:15:00+02:00,0.0
2026-05-26T10:30:00+02:00,0.0
2026-05-26T10:45:00+02:00,0.0
2026-05-26T11:00:00+02:00,0.0
2026-05-26T11:15:00+02:00,0.0
2026-05-26T11:30:00+02:00,0.0
2026-05-26T11:45:00+02:00,0.0
2026-05-26T12:00:00+02:00,0.0
2026-05-26T12:15:00+02:00,0.0
2026-05-26T12:30:00+02:00,0.0
2026-05-26T12:45:00+02:00,0.0
2026-05-26T13:00:00+02:00,0.0
2026-05-26T13:15:00+02:00,0.0
2026-05-26T13:30:00+02:00,0.0
2026-05-26T13:45:00+02:00,0.0
2026-05-26T14:00:00+02:00,0.0
2026-05-26T14:15:00+02:00,0.0
2026-05-26T14:30:00+02:00,0.0
2026-05-26T14:45:00+02:00,0.0
2026-05-26T15:00:00+02:00,0.0
2026-05-26T15:15:00+02:00,0.0
2026-05-26T15:30:00+02:00,0.0
2026-05-26T15:45:00+02:00,0.0
2026-05-26T16:00:00+02:00,0.0
2026-05-26T16:15:00+02:00,0.0
2026-05-26T16:30:00+02:00,0.0
2026-05-26T16:45:00+02:00,0.0
2026-05-26T17:00:00+02:00,0.0
2026-05-26T17:15:00+02:00,0.0
2026-05-26T17:30:00+02:00,0.0
2026-05-26T17:45:00+02:00,0.0
2026-05-26T18:00:00+02:00,0.08
2026-05-26T18:15:00+02:00,34.16
2026-05-26T18:30:00+02:00,51.28
2026-05-26T18:45:00+02:00,83.52
2026-05-26T19:00:00+02:00,128.64
2026-05-26T19:15:00+02:00,141.76
2026-05-26T19:30:00+02:00,155.44
2026-05-26T19:45:00+02:00,167.68
2026-05-26T20:00:00+02:00,168.16
2026-05-26T20:15:00+02:00,198.4
2026-05-26T20:30:00+02:00,209.2
2026-05-26T20:45:00+02:00,209.84
2026-05-26T21:00:00+02:00,180.72
2026-05-26T21:15:00+02:00,181.04
2026-05-26T21:30:00+02:00,186.0
2026-05-26T21:45:00+02:00,189.04
2026-05-26T22:00:00+02:00,169.92
2026-05-26T22:15:00+02:00,178.56
2026-05-26T22:30:00+02:00,178.4
2026-05-26T22:45:00+02:00,167.2
2026-05-26T23:00:00+02:00,153.36
2026-05-26T23:15:00+02:00,156.48
2026-05-26T23:30:00+02:00,124.88
2026-05-26T23:45:00+02:00,152.8
2026-05-27T00:00:00+02:00,128.88
2026-05-27T00:15:00+02:00,140.72
2026-05-27T00:30:00+02:00,183.04
2026-05-27T00:45:00+02:00,160.08
2026-05-27T01:00:00+02:00,145.44
2026-05-27T01:15:00+02:00,121.68
2026-05-27T01:30:00+02:00,156.72
2026-05-27T01:45:00+02:00,187.76
2026-05-27T02:00:00+02:00,181.84
2026-05-27T02:15:00+02:00,156.88
2026-05-27T02:30:00+02:00,168.08
2026-05-27T02:45:00+02:00,175.44
2026-05-27T03:00:00+02:00,162.8
2026-05-27T03:15:00+02:00,170.64
2026-05-27T03:30:00+02:00,184.88
2026-05-27T03:45:00+02:00,190.56
2026-05-27T04:00:00+02:00,184.24
2026-05-27T04:15:00+02:00,209.36
2026-05-27T04:30:00+02:00,159.44
2026-05-27T04:45:00+02:00,138.16
2026-05-27T05:00:00+02:00,143.12
2026-05-27T05:15:00+02:00,148.72
2026-05-27T05:30:00+02:00,154.0
2026-05-27T05:45:00+02:00,166.48
2026-05-27T06:00:00+02:00,168.24
2026-05-27T06:15:00+02:00,162.16
2026-05-27T06:30:00+02:00,148.32
2026-05-27T06:45:00+02:00,133.12
2026-05-27T07:00:00+02:00,88.64
2026-05-27T07:15:00+02:00,109.44
2026-05-27T07:30:00+02:00,128.56
2026-05-27T07:45:00+02:00,153.36
2026-05-27T08:00:00+02:00,108.0
2026-05-27T08:15:00+02:00,156.08
2026-05-27T08:30:00+02:00,151.52
2026-05-27T08:45:00+02:00,104.72
2026-05-27T09:00:00+02:00,121.36
2026-05-27T09:15:00+02:00,37.76
2026-05-27T09:30:00+02:00,0.0
2026-05-27T09:45:00+02:00,106.0
2026-05-27T10:00:00+02:00,30.72
2026-05-27T10:15:00+02:00,21.04
2026-05-27T10:30:00+02:00,9.6
2026-05-27T10:45:00+02:00,97.92
2026-05-27T11:00:00+02:00,9.44
2026-05-27T11:15:00+02:00,22.08
2026-05-27T11:30:00+02:00,10.64
2026-05-27T11:45:00+02:00,0.0
2026-05-27T12:00:00+02:00,0.0
2026-05-27T12:15:00+02:00,5.92
2026-05-27T12:30:00+02:00,11.6
2026-05-27T12:45:00+02:00,6.24
2026-05-27T13:00:00+02:00,0.32
2026-05-27T13:15:00+02:00,12.24
2026-05-27T13:30:00+02:00,67.68
2026-05-27T13:45:00+02:00,42.32
2026-05-27T14:00:00+02:00,12.0
2026-05-27T14:15:00+02:00,0.0
2026-05-27T14:30:00+02:00,10.24
2026-05-27T14:45:00+02:00,41.44
2026-05-27T15:00:00+02:00,71.84
2026-05-27T15:15:00+02:00,86.0
2026-05-27T15:30:00+02:00,75.84
2026-05-27T15:45:00+02:00,6.48
2026-05-27T16:00:00+02:00,30.0
2026-05-27T16:15:00+02:00,65.76
2026-05-27T16:30:00+02:00,120.16
2026-05-27T16:45:00+02:00,32.88
2026-05-27T17:00:00+02:00,46.96
2026-05-27T17:15:00+02:00,80.08
2026-05-27T17:30:00+02:00,54.72
2026-05-27T17:45:00+02:00,95.04
2026-05-27T18:00:00+02:00,95.12
2026-05-27T18:15:00+02:00,159.84
2026-05-27T18:30:00+02:00,7.28
2026-05-27T18:45:00+02:00,86.72
2026-05-27T19:00:00+02:00,147.6
2026-05-27T19:15:00+02:00,136.48
2026-05-27T19:30:00+02:00,130.64
2026-05-27T19:45:00+02:00,154.4
2026-05-27T20:00:00+02:00,189.44
2026-05-27T20:15:00+02:00,172.08
2026-05-27T20:30:00+02:00,211.76
2026-05-27T20:45:00+02:00,212.4
2026-05-27T21:00:00+02:00,202.32
2026-05-27T21:15:00+02:00,208.24
2026-05-27T21:30:00+02:00,220.16
2026-05-27T21:45:00+02:00,224.08
2026-05-27T22:00:00+02:00,229.12
2026-05-27T22:15:00+02:00,224.56
2026-05-27T22:30:00+02:00,221.36
2026-05-27T22:45:00+02:00,222.24
2026-05-27T23:00:00+02:00,211.84
2026-05-27T23:15:00+02:00,194.4
2026-05-27T23:30:00+02:00,181.36
2026-05-27T23:45:00+02:00,152.88
2026-05-28T00:00:00+02:00,167.92
2026-05-28T00:15:00+02:00,161.36
2026-05-28T00:30:00+02:00,149.84
2026-05-28T00:45:00+02:00,150.0
2026-05-28T01:00:00+02:00,183.76
2026-05-28T01:15:00+02:00,183.44
2026-05-28T01:30:00+02:00,172.4
2026-05-28T01:45:00+02:00,138.24
2026-05-28T02:00:00+02:00,152.08
2026-05-28T02:15:00+02:00,170.8
2026-05-28T02:30:00+02:00,180.72
2026-05-28T02:45:00+02:00,184.56
2026-05-28T03:00:00+02:00,176.08
2026-05-28T03:15:00+02:00,176.32
2026-05-28T03:30:00+02:00,161.84
2026-05-28T03:45:00+02:00,168.16
2026-05-28T04:00:00+02:00,184.88
2026-05-28T04:15:00+02:00,160.72
2026-05-28T04:30:00+02:00,178.96
2026-05-28T04:45:00+02:00,192.96
2026-05-28T05:00:00+02:00,186.4
2026-05-28T05:15:00+02:00,174.96
2026-05-28T05:30:00+02:00,173.68
2026-05-28T05:45:00+02:00,199.2
2026-05-28T06:00:00+02:00,208.8
2026-05-28T06:15:00+02:00,215.6
2026-05-28T06:30:00+02:00,191.12
2026-05-28T06:45:00+02:00,148.08
2026-05-28T07:00:00+02:00,122.56
2026-05-28T07:15:00+02:00,95.36
2026-05-28T07:30:00+02:00,26.48
2026-05-28T07:45:00+02:00,10.24
2026-05-28T08:00:00+02:00,0.08
2026-05-28T08:15:00+02:00,0.0
2026-05-28T08:30:00+02:00,0.32
2026-05-28T08:45:00+02:00,0.0
2026-05-28T09:00:00+02:00,0.0
2026-05-28T09:15:00+02:00,0.0
2026-05-28T09:30:00+02:00,0.0
2026-05-28T09:45:00+02:00,0.0
2026-05-28T10:00:00+02:00,0.0
2026-05-28T10:15:00+02:00,0.0
2026-05-28T10:30:00+02:00,0.0
2026-05-28T10:45:00+02:00,0.0
2026-05-28T11:00:00+02:00,0.0
2026-05-28T11:15:00+02:00,0.0
2026-05-28T11:30:00+02:00,0.0
2026-05-28T11:45:00+02:00,0.0
2026-05-28T12:00:00+02:00,0.0
2026-05-28T12:15:00+02:00,0.0
2026-05-28T12:30:00+02:00,0.0
2026-05-28T12:45:00+02:00,0.0
2026-05-28T13:00:00+02:00,0.0
2026-05-28T13:15:00+02:00,0.0
2026-05-28T13:30:00+02:00,0.0
2026-05-28T13:45:00+02:00,0.0
2026-05-28T14:00:00+02:00,0.0
2026-05-28T14:15:00+02:00,0.0
2026-05-28T14:30:00+02:00,1.44
2026-05-28T14:45:00+02:00,0.0
2026-05-28T15:00:00+02:00,0.0
2026-05-28T15:15:00+02:00,0.0
2026-05-28T15:30:00+02:00,0.0
2026-05-28T15:45:00+02:00,0.0
2026-05-28T16:00:00+02:00,0.0
2026-05-28T16:15:00+02:00,0.0
2026-05-28T16:30:00+02:00,0.0
2026-05-28T16:45:00+02:00,0.0
2026-05-28T17:00:00+02:00,0.0
2026-05-28T17:15:00+02:00,0.0
2026-05-28T17:30:00+02:00,0.0
2026-05-28T17:45:00+02:00,0.56
2026-05-28T18:00:00+02:00,36.32
2026-05-28T18:15:00+02:00,43.2
2026-05-28T18:30:00+02:00,67.92
2026-05-28T18:45:00+02:00,107.28
2026-05-28T19:00:00+02:00,133.68
2026-05-28T19:15:00+02:00,158.56
2026-05-28T19:30:00+02:00,180.8
2026-05-28T19:45:00+02:00,194.0
2026-05-28T20:00:00+02:00,198.8
2026-05-28T20:15:00+02:00,195.28
2026-05-28T20:30:00+02:00,199.68
2026-05-28T20:45:00+02:00,218.16
2026-05-28T21:00:00+02:00,218.96
2026-05-28T21:15:00+02:00,216.24
2026-05-28T21:30:00+02:00,176.72
2026-05-28T21:45:00+02:00,160.56
2026-05-28T22:00:00+02:00,154.8
2026-05-28T22:15:00+02:00,154.48
2026-05-28T22:30:00+02:00,149.28
2026-05-28T22:45:00+02:00,171.92
2026-05-28T23:00:00+02:00,166.4
2026-05-28T23:15:00+02:00,160.64
2026-05-28T23:30:00+02:00,165.68
2026-05-28T23:45:00+02:00,152.0
2026-05-29T00:00:00+02:00,159.68
2026-05-29T00:15:00+02:00,165.28
2026-05-29T00:30:00+02:00,171.84
2026-05-29T00:45:00+02:00,203.84
2026-05-29T01:00:00+02:00,161.92
2026-05-29T01:15:00+02:00,157.84
2026-05-29T01:30:00+02:00,157.28
2026-05-29T01:45:00+02:00,158.4
2026-05-29T02:00:00+02:00,183.6
2026-05-29T02:15:00+02:00,200.72
2026-05-29T02:30:00+02:00,164.72
2026-05-29T02:45:00+02:00,153.52
2026-05-29T03:00:00+02:00,145.28
2026-05-29T03:15:00+02:00,149.28
2026-05-29T03:30:00+02:00,181.6
2026-05-29T03:45:00+02:00,174.0
2026-05-29T04:00:00+02:00,182.16
2026-05-29T04:15:00+02:00,192.4
2026-05-29T04:30:00+02:00,194.16
2026-05-29T04:45:00+02:00,161.92
2026-05-29T05:00:00+02:00,151.36
2026-05-29T05:15:00+02:00,156.56
2026-05-29T05:30:00+02:00,149.28
2026-05-29T05:45:00+02:00,168.8
2026-05-29T06:00:00+02:00,167.36
2026-05-29T06:15:00+02:00,179.44
2026-05-29T06:30:00+02:00,188.88
2026-05-29T06:45:00+02:00,152.64
2026-05-29T07:00:00+02:00,105.6
2026-05-29T07:15:00+02:00,69.68
2026-05-29T07:30:00+02:00,24.0
2026-05-29T07:45:00+02:00,0.24
2026-05-29T08:00:00+02:00,0.0
2026-05-29T08:15:00+02:00,0.0
2026-05-29T08:30:00+02:00,0.0
2026-05-29T08:45:00+02:00,0.0
2026-05-29T09:00:00+02:00,0.0
2026-05-29T09:15:00+02:00,0.0
2026-05-29T09:30:00+02:00,0.0
2026-05-29T09:45:00+02:00,0.0
2026-05-29T10:00:00+02:00,0.0
2026-05-29T10:15:00+02:00,0.0
2026-05-29T10:30:00+02:00,0.0
2026-05-29T10:45:00+02:00,0.0
2026-05-29T11:00:00+02:00,0.0
2026-05-29T11:15:00+02:00,0.0
2026-05-29T11:30:00+02:00,0.0
2026-05-29T11:45:00+02:00,0.0
2026-05-29T12:00:00+02:00,0.0
2026-05-29T12:15:00+02:00,86.08
2026-05-29T12:30:00+02:00,232.48
2026-05-29T12:45:00+02:00,233.84
2026-05-29T13:00:00+02:00,221.2
2026-05-29T13:15:00+02:00,231.6
2026-05-29T13:30:00+02:00,214.16
2026-05-29T13:45:00+02:00,195.92
2026-05-29T14:00:00+02:00,181.12
2026-05-29T14:15:00+02:00,179.36
2026-05-29T14:30:00+02:00,185.2
2026-05-29T14:45:00+02:00,192.72
2026-05-29T15:00:00+02:00,178.16
2026-05-29T15:15:00+02:00,156.96
2026-05-29T15:30:00+02:00,183.44
2026-05-29T15:45:00+02:00,157.76
2026-05-29T16:00:00+02:00,176.88
2026-05-29T16:15:00+02:00,197.52
2026-05-29T16:30:00+02:00,178.16
2026-05-29T16:45:00+02:00,154.72
2026-05-29T17:00:00+02:00,161.84
2026-05-29T17:15:00+02:00,154.88
2026-05-29T17:30:00+02:00,202.56
2026-05-29T17:45:00+02:00,176.8
2026-05-29T18:00:00+02:00,166.32
2026-05-29T18:15:00+02:00,177.2
2026-05-29T18:30:00+02:00,181.6
2026-05-29T18:45:00+02:00,105.2
2026-05-29T19:00:00+02:00,56.72
2026-05-29T19:15:00+02:00,86.08
2026-05-29T19:30:00+02:00,109.6
2026-05-29T19:45:00+02:00,145.36
2026-05-29T20:00:00+02:00,148.4
2026-05-29T20:15:00+02:00,144.88
2026-05-29T20:30:00+02:00,148.08
2026-05-29T20:45:00+02:00,144.88
2026-05-29T21:00:00+02:00,136.88
2026-05-29T21:15:00+02:00,119.68
2026-05-29T21:30:00+02:00,79.68
2026-05-29T21:45:00+02:00,75.68
2026-05-29T22:00:00+02:00,74.8
2026-05-29T22:15:00+02:00,64.88
2026-05-29T22:30:00+02:00,58.56
2026-05-29T22:45:00+02:00,52.8
2026-05-29T23:00:00+02:00,47.04
2026-05-29T23:15:00+02:00,42.88
2026-05-29T23:30:00+02:00,42.72
2026-05-29T23:45:00+02:00,41.04
2026-05-30T00:00:00+02:00,41.04
2026-05-30T00:15:00+02:00,40.48
2026-05-30T00:30:00+02:00,40.72
2026-05-30T00:45:00+02:00,41.36
2026-05-30T01:00:00+02:00,42.08
2026-05-30T01:15:00+02:00,39.28
2026-05-30T01:30:00+02:00,42.48
2026-05-30T01:45:00+02:00,45.28
2026-05-30T02:00:00+02:00,46.16
2026-05-30T02:15:00+02:00,42.64
2026-05-30T02:30:00+02:00,43.52
2026-05-30T02:45:00+02:00,41.76
2026-05-30T03:00:00+02:00,42.48
2026-05-30T03:15:00+02:00,42.24
2026-05-30T03:30:00+02:00,40.88
2026-05-30T03:45:00+02:00,43.04
2026-05-30T04:00:00+02:00,43.28
2026-05-30T04:15:00+02:00,41.2
2026-05-30T04:30:00+02:00,38.56
2026-05-30T04:45:00+02:00,41.6
2026-05-30T05:00:00+02:00,39.04
2026-05-30T05:15:00+02:00,42.64
2026-05-30T05:30:00+02:00,36.08
2026-05-30T05:45:00+02:00,31.52
2026-05-30T06:00:00+02:00,27.44
2026-05-30T06:15:00+02:00,17.84
2026-05-30T06:30:00+02:00,7.76
2026-05-30T06:45:00+02:00,0.56
2026-05-30T07:00:00+02:00,0.0
2026-05-30T07:15:00+02:00,0.0
2026-05-30T07:30:00+02:00,0.0
2026-05-30T07:45:00+02:00,0.0
2026-05-30T08:00:00+02:00,0.0
2026-05-30T08:15:00+02:00,0.0
2026-05-30T08:30:00+02:00,0.0
2026-05-30T08:45:00+02:00,0.0
2026-05-30T09:00:00+02:00,0.0
2026-05-30T09:15:00+02:00,0.0
2026-05-30T09:30:00+02:00,0.0
2026-05-30T09:45:00+02:00,0.0
2026-05-30T10:00:00+02:00,0.0
2026-05-30T10:15:00+02:00,0.0
2026-05-30T10:30:00+02:00,0.0
2026-05-30T10:45:00+02:00,0.0
2026-05-30T11:00:00+02:00,0.0
2026-05-30T11:15:00+02:00,0.0
2026-05-30T11:30:00+02:00,0.0
2026-05-30T11:45:00+02:00,0.0
2026-05-30T12:00:00+02:00,0.0
2026-05-30T12:15:00+02:00,0.0
2026-05-30T12:30:00+02:00,0.0
2026-05-30T12:45:00+02:00,0.0
2026-05-30T13:00:00+02:00,0.0
2026-05-30T13:15:00+02:00,0.0
2026-05-30T13:30:00+02:00,0.0
2026-05-30T13:45:00+02:00,0.0
2026-05-30T14:00:00+02:00,0.0
2026-05-30T14:15:00+02:00,0.0
2026-05-30T14:30:00+02:00,0.0
2026-05-30T14:45:00+02:00,0.0
2026-05-30T15:00:00+02:00,0.0
2026-05-30T15:15:00+02:00,0.0
2026-05-30T15:30:00+02:00,0.0
2026-05-30T15:45:00+02:00,0.0
2026-05-30T16:00:00+02:00,0.0
2026-05-30T16:15:00+02:00,0.0
2026-05-30T16:30:00+02:00,0.0
2026-05-30T16:45:00+02:00,0.0
2026-05-30T17:00:00+02:00,0.0
2026-05-30T17:15:00+02:00,0.0
2026-05-30T17:30:00+02:00,0.0
2026-05-30T17:45:00+02:00,0.0
2026-05-30T18:00:00+02:00,0.0
2026-05-30T18:15:00+02:00,0.0
2026-05-30T18:30:00+02:00,0.0
2026-05-30T18:45:00+02:00,0.0
2026-05-30T19:00:00+02:00,0.0
2026-05-30T19:15:00+02:00,0.0
2026-05-30T19:30:00+02:00,0.56
2026-05-30T19:45:00+02:00,15.36
2026-05-30T20:00:00+02:00,33.44
2026-05-30T20:15:00+02:00,34.8
2026-05-30T20:30:00+02:00,33.76
2026-05-30T20:45:00+02:00,43.2
2026-05-30T21:00:00+02:00,48.08
2026-05-30T21:15:00+02:00,41.28
2026-05-30T21:30:00+02:00,39.04
2026-05-30T21:45:00+02:00,38.08
2026-05-30T22:00:00+02:00,42.32
2026-05-30T22:15:00+02:00,39.2
2026-05-30T22:30:00+02:00,41.12
2026-05-30T22:45:00+02:00,39.92
2026-05-30T23:00:00+02:00,41.6
2026-05-30T23:15:00+02:00,37.84
2026-05-30T23:30:00+02:00,36.96
2026-05-30T23:45:00+02:00,36.48
2026-05-31T00:00:00+02:00,36.32
2026-05-31T00:15:00+02:00,37.68
2026-05-31T00:30:00+02:00,35.28
2026-05-31T00:45:00+02:00,34.32
2026-05-31T01:00:00+02:00,35.04
2026-05-31T01:15:00+02:00,34.64
2026-05-31T01:30:00+02:00,34.8
2026-05-31T01:45:00+02:00,36.24
2026-05-31T02:00:00+02:00,37.36
2026-05-31T02:15:00+02:00,35.52
2026-05-31T02:30:00+02:00,36.56
2026-05-31T02:45:00+02:00,35.2
2026-05-31T03:00:00+02:00,36.4
2026-05-31T03:15:00+02:00,38.32
2026-05-31T03:30:00+02:00,37.04
2026-05-31T03:45:00+02:00,36.8
2026-05-31T04:00:00+02:00,36.48
2026-05-31T04:15:00+02:00,32.88
2026-05-31T04:30:00+02:00,29.6
2026-05-31T04:45:00+02:00,31.52
2026-05-31T05:00:00+02:00,33.44
2026-05-31T05:15:00+02:00,36.48
2026-05-31T05:30:00+02:00,33.76
2026-05-31T05:45:00+02:00,26.16
2026-05-31T06:00:00+02:00,21.12
2026-05-31T06:15:00+02:00,12.4
2026-05-31T06:30:00+02:00,0.56
2026-05-31T06:45:00+02:00,0.0
2026-05-31T07:00:00+02:00,0.0
2026-05-31T07:15:00+02:00,0.0
2026-05-31T07:30:00+02:00,0.0
2026-05-31T07:45:00+02:00,0.0
2026-05-31T08:00:00+02:00,0.0
2026-05-31T08:15:00+02:00,0.0
2026-05-31T08:30:00+02:00,0.0
2026-05-31T08:45:00+02:00,0.0
2026-05-31T09:00:00+02:00,0.0
2026-05-31T09:15:00+02:00,0.0
2026-05-31T09:30:00+02:00,0.0
2026-05-31T09:45:00+02:00,0.0
2026-05-31T10:00:00+02:00,0.0
2026-05-31T10:15:00+02:00,0.0
2026-05-31T10:30:00+02:00,0.0
2026-05-31T10:45:00+02:00,0.0
2026-05-31T11:00:00+02:00,0.0
2026-05-31T11:15:00+02:00,0.0
2026-05-31T11:30:00+02:00,0.0
2026-05-31T11:45:00+02:00,0.0
2026-05-31T12:00:00+02:00,0.0
2026-05-31T12:15:00+02:00,0.0
2026-05-31T12:30:00+02:00,0.0
2026-05-31T12:45:00+02:00,0.0
2026-05-31T13:00:00+02:00,0.0
2026-05-31T13:15:00+02:00,0.0
2026-05-31T13:30:00+02:00,0.0
2026-05-31T13:45:00+02:00,0.0
2026-05-31T14:00:00+02:00,0.0
2026-05-31T14:15:00+02:00,0.0
2026-05-31T14:30:00+02:00,0.0
2026-05-31T14:45:00+02:00,0.0
2026-05-31T15:00:00+02:00,0.0
2026-05-31T15:15:00+02:00,0.0
2026-05-31T15:30:00+02:00,0.0
2026-05-31T15:45:00+02:00,0.0
2026-05-31T16:00:00+02:00,0.0
2026-05-31T16:15:00+02:00,0.0
2026-05-31T16:30:00+02:00,0.0
2026-05-31T16:45:00+02:00,0.0
2026-05-31T17:00:00+02:00,0.0
2026-05-31T17:15:00+02:00,0.0
2026-05-31T17:30:00+02:00,0.0
2026-05-31T17:45:00+02:00,0.0
2026-05-31T18:00:00+02:00,0.0
2026-05-31T18:15:00+02:00,0.0
2026-05-31T18:30:00+02:00,3.92
2026-05-31T18:45:00+02:00,0.0
2026-05-31T19:00:00+02:00,0.0
2026-05-31T19:15:00+02:00,2.16
2026-05-31T19:30:00+02:00,14.72
2026-05-31T19:45:00+02:00,26.56
2026-05-31T20:00:00+02:00,29.6
2026-05-31T20:15:00+02:00,29.04
2026-05-31T20:30:00+02:00,36.96
2026-05-31T20:45:00+02:00,36.88
2026-05-31T21:00:00+02:00,39.52
2026-05-31T21:15:00+02:00,38.48
2026-05-31T21:30:00+02:00,37.12
2026-05-31T21:45:00+02:00,42.56
2026-05-31T22:00:00+02:00,42.4
2026-05-31T22:15:00+02:00,37.6
2026-05-31T22:30:00+02:00,37.92
2026-05-31T22:45:00+02:00,36.0
2026-05-31T23:00:00+02:00,37.84
2026-05-31T23:15:00+02:00,42.48
2026-05-31T23:30:00+02:00,43.28
2026-05-31T23:45:00+02:00,42.64
2026-06-01T00:00:00+02:00,45.52
2026-06-01T00:15:00+02:00,47.6
2026-06-01T00:30:00+02:00,45.2
2026-06-01T00:45:00+02:00,42.32
2026-06-01T01:00:00+02:00,43.04
2026-06-01T01:15:00+02:00,43.68
2026-06-01T01:30:00+02:00,47.68
2026-06-01T01:45:00+02:00,44.08
2026-06-01T02:00:00+02:00,45.92
2026-06-01T02:15:00+02:00,45.28
2026-06-01T02:30:00+02:00,41.84
2026-06-01T02:45:00+02:00,37.44
2026-06-01T03:00:00+02:00,40.56
2026-06-01T03:15:00+02:00,44.8
2026-06-01T03:30:00+02:00,49.6
2026-06-01T03:45:00+02:00,49.84
2026-06-01T04:00:00+02:00,45.12
2026-06-01T04:15:00+02:00,51.76
2026-06-01T04:30:00+02:00,52.32
2026-06-01T04:45:00+02:00,51.52
2026-06-01T05:00:00+02:00,45.92
2026-06-01T05:15:00+02:00,53.12
2026-06-01T05:30:00+02:00,67.76
2026-06-01T05:45:00+02:00,90.56
2026-06-01T06:00:00+02:00,118.48
2026-06-01T06:15:00+02:00,138.4
2026-06-01T06:30:00+02:00,132.64
2026-06-01T06:45:00+02:00,107.36
2026-06-01T07:00:00+02:00,152.8
2026-06-01T07:15:00+02:00,168.48
2026-06-01T07:30:00+02:00,109.68
2026-06-01T07:45:00+02:00,129.04
2026-06-01T08:00:00+02:00,97.2
2026-06-01T08:15:00+02:00,80.24
2026-06-01T08:30:00+02:00,144.24
2026-06-01T08:45:00+02:00,61.04
2026-06-01T09:00:00+02:00,81.36
2026-06-01T09:15:00+02:00,17.6
2026-06-01T09:30:00+02:00,0.08
2026-06-01T09:45:00+02:00,0.0
2026-06-01T10:00:00+02:00,79.84
2026-06-01T10:15:00+02:00,0.0
2026-06-01T10:30:00+02:00,52.72
2026-06-01T10:45:00+02:00,247.52
2026-06-01T11:00:00+02:00,204.08
2026-06-01T11:15:00+02:00,122.32
2026-06-01T11:30:00+02:00,1.84
2026-06-01T11:45:00+02:00,137.52
2026-06-01T12:00:00+02:00,122.08
2026-06-01T12:15:00+02:00,13.6
2026-06-01T12:30:00+02:00,159.04
2026-06-01T12:45:00+02:00,199.84
2026-06-01T13:00:00+02:00,84.4
2026-06-01T13:15:00+02:00,67.36
2026-06-01T13:30:00+02:00,57.92
2026-06-01T13:45:00+02:00,43.68
2026-06-01T14:00:00+02:00,6.0
2026-06-01T14:15:00+02:00,0.0
2026-06-01T14:30:00+02:00,94.16
2026-06-01T14:45:00+02:00,88.0
2026-06-01T15:00:00+02:00,40.72
2026-06-01T15:15:00+02:00,15.36
2026-06-01T15:30:00+02:00,18.88
2026-06-01T15:45:00+02:00,193.44
2026-06-01T16:00:00+02:00,99.2
2026-06-01T16:15:00+02:00,3.44
2026-06-01T16:30:00+02:00,0.0
2026-06-01T16:45:00+02:00,0.72
2026-06-01T17:00:00+02:00,25.36
2026-06-01T17:15:00+02:00,185.52
2026-06-01T17:30:00+02:00,202.88
2026-06-01T17:45:00+02:00,85.04
2026-06-01T18:00:00+02:00,5.28
2026-06-01T18:15:00+02:00,1.68
2026-06-01T18:30:00+02:00,69.92
2026-06-01T18:45:00+02:00,64.88
2026-06-01T19:00:00+02:00,63.36
2026-06-01T19:15:00+02:00,118.24
2026-06-01T19:30:00+02:00,155.84
2026-06-01T19:45:00+02:00,149.44
2026-06-01T20:00:00+02:00,142.56
2026-06-01T20:15:00+02:00,130.08
2026-06-01T20:30:00+02:00,121.44
2026-06-01T20:45:00+02:00,142.4
2026-06-01T21:00:00+02:00,163.68
2026-06-01T21:15:00+02:00,198.4
2026-06-01T21:30:00+02:00,204.48
2026-06-01T21:45:00+02:00,177.52
2026-06-01T22:00:00+02:00,146.8
2026-06-01T22:15:00+02:00,141.84
2026-06-01T22:30:00+02:00,143.76
2026-06-01T22:45:00+02:00,150.88
2026-06-01T23:00:00+02:00,141.76
2026-06-01T23:15:00+02:00,140.32
2026-06-01T23:30:00+02:00,142.4
2026-06-01T23:45:00+02:00,140.4
2026-06-02T00:00:00+02:00,115.12
2026-06-02T00:15:00+02:00,122.56
2026-06-02T00:30:00+02:00,122.8
2026-06-02T00:45:00+02:00,141.68
2026-06-02T01:00:00+02:00,149.68
2026-06-02T01:15:00+02:00,149.52
2026-06-02T01:30:00+02:00,134.08
2026-06-02T01:45:00+02:00,148.48
2026-06-02T02:00:00+02:00,143.12
2026-06-02T02:15:00+02:00,149.04
2026-06-02T02:30:00+02:00,150.4
2026-06-02T02:45:00+02:00,167.92
2026-06-02T03:00:00+02:00,172.72
2026-06-02T03:15:00+02:00,172.48
2026-06-02T03:30:00+02:00,175.12
2026-06-02T03:45:00+02:00,165.44
2026-06-02T04:00:00+02:00,138.08
2026-06-02T04:15:00+02:00,146.24
2026-06-02T04:30:00+02:00,164.32
2026-06-02T04:45:00+02:00,157.2
2026-06-02T05:00:00+02:00,179.6
2026-06-02T05:15:00+02:00,185.44
2026-06-02T05:30:00+02:00,195.28
2026-06-02T05:45:00+02:00,203.76
2026-06-02T06:00:00+02:00,199.6
2026-06-02T06:15:00+02:00,214.56
2026-06-02T06:30:00+02:00,205.44
2026-06-02T06:45:00+02:00,183.04
2026-06-02T07:00:00+02:00,156.96
2026-06-02T07:15:00+02:00,137.36
2026-06-02T07:30:00+02:00,55.12
2026-06-02T07:45:00+02:00,76.48
2026-06-02T08:00:00+02:00,1.12
2026-06-02T08:15:00+02:00,14.96
2026-06-02T08:30:00+02:00,6.32
2026-06-02T08:45:00+02:00,0.0
2026-06-02T09:00:00+02:00,5.12
2026-06-02T09:15:00+02:00,19.12
2026-06-02T09:30:00+02:00,5.04
2026-06-02T09:45:00+02:00,11.04
2026-06-02T10:00:00+02:00,0.08
2026-06-02T10:15:00+02:00,0.0
2026-06-02T10:30:00+02:00,0.0
2026-06-02T10:45:00+02:00,0.0
2026-06-02T11:00:00+02:00,0.0
2026-06-02T11:15:00+02:00,0.0
2026-06-02T11:30:00+02:00,0.08
2026-06-02T11:45:00+02:00,2.16
2026-06-02T12:00:00+02:00,0.0
2026-06-02T12:15:00+02:00,0.0
2026-06-02T12:30:00+02:00,0.0
2026-06-02T12:45:00+02:00,0.0
2026-06-02T13:00:00+02:00,1.84
2026-06-02T13:15:00+02:00,11.2
2026-06-02T13:30:00+02:00,0.16
2026-06-02T13:45:00+02:00,0.0
2026-06-02T14:00:00+02:00,0.0
2026-06-02T14:15:00+02:00,0.0
2026-06-02T14:30:00+02:00,0.0
2026-06-02T14:45:00+02:00,0.0
2026-06-02T15:00:00+02:00,0.0
2026-06-02T15:15:00+02:00,16.32
2026-06-02T15:30:00+02:00,45.04
2026-06-02T15:45:00+02:00,48.32
2026-06-02T16:00:00+02:00,173.2
2026-06-02T16:15:00+02:00,241.68
2026-06-02T16:30:00+02:00,270.64
2026-06-02T16:45:00+02:00,269.44
2026-06-02T17:00:00+02:00,255.52
2026-06-02T17:15:00+02:00,223.04
2026-06-02T17:30:00+02:00,180.96
2026-06-02T17:45:00+02:00,153.44
2026-06-02T18:00:00+02:00,90.8
2026-06-02T18:15:00+02:00,105.92
2026-06-02T18:30:00+02:00,147.92
2026-06-02T18:45:00+02:00,154.4
2026-06-02T19:00:00+02:00,156.72
2026-06-02T19:15:00+02:00,166.88
2026-06-02T19:30:00+02:00,189.52
2026-06-02T19:45:00+02:00,187.76
2026-06-02T20:00:00+02:00,160.32
2026-06-02T20:15:00+02:00,185.92
2026-06-02T20:30:00+02:00,200.08
2026-06-02T20:45:00+02:00,188.88
2026-06-02T21:00:00+02:00,205.6
2026-06-02T21:15:00+02:00,208.8
2026-06-02T21:30:00+02:00,204.8
2026-06-02T21:45:00+02:00,172.72
2026-06-02T22:00:00+02:00,168.72
2026-06-02T22:15:00+02:00,192.72
2026-06-02T22:30:00+02:00,195.84
2026-06-02T22:45:00+02:00,180.4
2026-06-02T23:00:00+02:00,177.04
2026-06-02T23:15:00+02:00,169.92
2026-06-02T23:30:00+02:00,175.12
2026-06-02T23:45:00+02:00,172.4
2026-06-03T00:00:00+02:00,163.04
2026-06-03T00:15:00+02:00,175.28
2026-06-03T00:30:00+02:00,170.48
2026-06-03T00:45:00+02:00,148.88
2026-06-03T01:00:00+02:00,153.84
2026-06-03T01:15:00+02:00,151.92
2026-06-03T01:30:00+02:00,137.92
2026-06-03T01:45:00+02:00,144.8
2026-06-03T02:00:00+02:00,161.92
2026-06-03T02:15:00+02:00,158.96
2026-06-03T02:30:00+02:00,158.72
2026-06-03T02:45:00+02:00,159.68
2026-06-03T03:00:00+02:00,162.16
2026-06-03T03:15:00+02:00,152.4
2026-06-03T03:30:00+02:00,148.4
2026-06-03T03:45:00+02:00,144.0
2026-06-03T04:00:00+02:00,139.12
2026-06-03T04:15:00+02:00,137.6
2026-06-03T04:30:00+02:00,144.08
2026-06-03T04:45:00+02:00,172.0
2026-06-03T05:00:00+02:00,169.36
2026-06-03T05:15:00+02:00,160.96
2026-06-03T05:30:00+02:00,165.84
2026-06-03T05:45:00+02:00,182.16
2026-06-03T06:00:00+02:00,193.04
2026-06-03T06:15:00+02:00,190.0
2026-06-03T06:30:00+02:00,211.36
2026-06-03T06:45:00+02:00,218.16
2026-06-03T07:00:00+02:00,212.96
2026-06-03T07:15:00+02:00,232.56
2026-06-03T07:30:00+02:00,256.56
2026-06-03T07:45:00+02:00,210.8
2026-06-03T08:00:00+02:00,177.04
2026-06-03T08:15:00+02:00,217.12
2026-06-03T08:30:00+02:00,210.08
2026-06-03T08:45:00+02:00,193.12
2026-06-03T09:00:00+02:00,192.8
2026-06-03T09:15:00+02:00,152.96
2026-06-03T09:30:00+02:00,155.12
2026-06-03T09:45:00+02:00,111.04
2026-06-03T10:00:00+02:00,131.36
2026-06-03T10:15:00+02:00,174.88
2026-06-03T10:30:00+02:00,162.16
2026-06-03T10:45:00+02:00,86.48
2026-06-03T11:00:00+02:00,18.64
2026-06-03T11:15:00+02:00,28.08
2026-06-03T11:30:00+02:00,1.52
2026-06-03T11:45:00+02:00,12.88
2026-06-03T12:00:00+02:00,113.12
2026-06-03T12:15:00+02:00,0.0
2026-06-03T12:30:00+02:00,0.0
2026-06-03T12:45:00+02:00,0.0
2026-06-03T13:00:00+02:00,0.0
2026-06-03T13:15:00+02:00,0.0
2026-06-03T13:30:00+02:00,0.0
2026-06-03T13:45:00+02:00,48.8
2026-06-03T14:00:00+02:00,187.12
2026-06-03T14:15:00+02:00,155.68
2026-06-03T14:30:00+02:00,54.4
2026-06-03T14:45:00+02:00,68.64
2026-06-03T15:00:00+02:00,9.84
2026-06-03T15:15:00+02:00,0.0
2026-06-03T15:30:00+02:00,0.0
2026-06-03T15:45:00+02:00,0.0
2026-06-03T16:00:00+02:00,0.0
2026-06-03T16:15:00+02:00,18.16
2026-06-03T16:30:00+02:00,90.72
2026-06-03T16:45:00+02:00,106.24
2026-06-03T17:00:00+02:00,26.64
2026-06-03T17:15:00+02:00,0.24
2026-06-03T17:30:00+02:00,6.08
2026-06-03T17:45:00+02:00,69.28
2026-06-03T18:00:00+02:00,131.12
2026-06-03T18:15:00+02:00,196.4
2026-06-03T18:30:00+02:00,176.96
2026-06-03T18:45:00+02:00,170.32
2026-06-03T19:00:00+02:00,139.68
2026-06-03T19:15:00+02:00,99.28
2026-06-03T19:30:00+02:00,104.08
2026-06-03T19:45:00+02:00,94.8
2026-06-03T20:00:00+02:00,126.4
2026-06-03T20:15:00+02:00,126.8
2026-06-03T20:30:00+02:00,140.88
2026-06-03T20:45:00+02:00,154.16
2026-06-03T21:00:00+02:00,148.64
2026-06-03T21:15:00+02:00,166.4
2026-06-03T21:30:00+02:00,187.68
2026-06-03T21:45:00+02:00,158.0
2026-06-03T22:00:00+02:00,145.28
2026-06-03T22:15:00+02:00,163.28
2026-06-03T22:30:00+02:00,171.84
2026-06-03T22:45:00+02:00,153.84
2026-06-03T23:00:00+02:00,161.92
2026-06-03T23:15:00+02:00,169.76
2026-06-03T23:30:00+02:00,164.88
2026-06-03T23:45:00+02:00,145.12
2026-06-04T00:00:00+02:00,165.76
2026-06-04T00:15:00+02:00,171.52
2026-06-04T00:30:00+02:00,167.04
2026-06-04T00:45:00+02:00,156.72
2026-06-04T01:00:00+02:00,142.8
2026-06-04T01:15:00+02:00,142.08
2026-06-04T01:30:00+02:00,133.6
2026-06-04T01:45:00+02:00,112.16
2026-06-04T02:00:00+02:00,137.92
2026-06-04T02:15:00+02:00,133.76
2026-06-04T02:30:00+02:00,130.32
2026-06-04T02:45:00+02:00,158.16
2026-06-04T03:00:00+02:00,150.0
2026-06-04T03:15:00+02:00,125.84
2026-06-04T03:30:00+02:00,146.96
2026-06-04T03:45:00+02:00,143.76
2026-06-04T04:00:00+02:00,138.48
2026-06-04T04:15:00+02:00,137.04
2026-06-04T04:30:00+02:00,129.28
2026-06-04T04:45:00+02:00,114.8
2026-06-04T05:00:00+02:00,109.44
2026-06-04T05:15:00+02:00,94.4
2026-06-04T05:30:00+02:00,76.32
2026-06-04T05:45:00+02:00,59.6
2026-06-04T06:00:00+02:00,48.0
2026-06-04T06:15:00+02:00,40.8
2026-06-04T06:30:00+02:00,17.84
2026-06-04T06:45:00+02:00,0.16
2026-06-04T07:00:00+02:00,0.0
2026-06-04T07:15:00+02:00,0.0
2026-06-04T07:30:00+02:00,0.0
2026-06-04T07:45:00+02:00,0.0
2026-06-04T08:00:00+02:00,0.0
2026-06-04T08:15:00+02:00,0.0
2026-06-04T08:30:00+02:00,0.0
2026-06-04T08:45:00+02:00,0.0
2026-06-04T09:00:00+02:00,0.0
2026-06-04T09:15:00+02:00,0.0
2026-06-04T09:30:00+02:00,0.0
2026-06-04T09:45:00+02:00,0.0
2026-06-04T10:00:00+02:00,0.0
2026-06-04T10:15:00+02:00,0.0
2026-06-04T10:30:00+02:00,0.0
2026-06-04T10:45:00+02:00,0.0
2026-06-04T11:00:00+02:00,0.0
2026-06-04T11:15:00+02:00,0.0
2026-06-04T11:30:00+02:00,0.0
2026-06-04T11:45:00+02:00,0.0
2026-06-04T12:00:00+02:00,0.0
2026-06-04T12:15:00+02:00,0.0
2026-06-04T12:30:00+02:00,0.0
2026-06-04T12:45:00+02:00,0.0
2026-06-04T13:00:00+02:00,0.0
2026-06-04T13:15:00+02:00,0.0
2026-06-04T13:30:00+02:00,0.0
2026-06-04T13:45:00+02:00,0.0
2026-06-04T14:00:00+02:00,0.0
2026-06-04T14:15:00+02:00,0.0
2026-06-04T14:30:00+02:00,0.0
2026-06-04T14:45:00+02:00,0.0
2026-06-04T15:00:00+02:00,0.0
2026-06-04T15:15:00+02:00,0.0
2026-06-04T15:30:00+02:00,0.0
2026-06-04T15:45:00+02:00,0.0
2026-06-04T16:00:00+02:00,0.0
2026-06-04T16:15:00+02:00,0.0
2026-06-04T16:30:00+02:00,0.0
2026-06-04T16:45:00+02:00,0.0
2026-06-04T17:00:00+02:00,0.0
2026-06-04T17:15:00+02:00,0.0
2026-06-04T17:30:00+02:00,0.0
2026-06-04T17:45:00+02:00,0.0
2026-06-04T18:00:00+02:00,0.0
2026-06-04T18:15:00+02:00,0.0
2026-06-04T18:30:00+02:00,0.0
2026-06-04T18:45:00+02:00,0.0
2026-06-04T19:00:00+02:00,0.0
2026-06-04T19:15:00+02:00,0.0
2026-06-04T19:30:00+02:00,0.0
2026-06-04T19:45:00+02:00,5.92
2026-06-04T20:00:00+02:00,37.28
2026-06-04T20:15:00+02:00,43.12
2026-06-04T20:30:00+02:00,41.04
2026-06-04T20:45:00+02:00,45.76
2026-06-04T21:00:00+02:00,46.64
2026-06-04T21:15:00+02:00,46.64
2026-06-04T21:30:00+02:00,43.76
2026-06-04T21:45:00+02:00,43.12
2026-06-04T22:00:00+02:00,43.68
2026-06-04T22:15:00+02:00,42.4
2026-06-04T22:30:00+02:00,40.4
2026-06-04T22:45:00+02:00,45.6
2026-06-04T23:00:00+02:00,42.08
2026-06-04T23:15:00+02:00,39.36
2026-06-04T23:30:00+02:00,35.52
2026-06-04T23:45:00+02:00,39.52
2026-06-05T00:00:00+02:00,41.92
2026-06-05T00:15:00+02:00,42.96
2026-06-05T00:30:00+02:00,40.64
2026-06-05T00:45:00+02:00,40.4
2026-06-05T01:00:00+02:00,37.84
2026-06-05T01:15:00+02:00,36.88
2026-06-05T01:30:00+02:00,36.96
2026-06-05T01:45:00+02:00,36.24
2026-06-05T02:00:00+02:00,38.56
2026-06-05T02:15:00+02:00,44.56
2026-06-05T02:30:00+02:00,43.28
2026-06-05T02:45:00+02:00,40.24
2026-06-05T03:00:00+02:00,38.88
2026-06-05T03:15:00+02:00,40.56
2026-06-05T03:30:00+02:00,39.68
2026-06-05T03:45:00+02:00,41.28
2026-06-05T04:00:00+02:00,40.48
2026-06-05T04:15:00+02:00,42.0
2026-06-05T04:30:00+02:00,44.64
2026-06-05T04:45:00+02:00,43.44
2026-06-05T05:00:00+02:00,47.04
2026-06-05T05:15:00+02:00,50.4
2026-06-05T05:30:00+02:00,47.92
2026-06-05T05:45:00+02:00,50.16
2026-06-05T06:00:00+02:00,57.2
2026-06-05T06:15:00+02:00,71.36
2026-06-05T06:30:00+02:00,66.96
2026-06-05T06:45:00+02:00,60.48
2026-06-05T07:00:00+02:00,65.84
2026-06-05T07:15:00+02:00,61.84
2026-06-05T07:30:00+02:00,40.88
2026-06-05T07:45:00+02:00,40.24
2026-06-05T08:00:00+02:00,32.88
2026-06-05T08:15:00+02:00,52.16
2026-06-05T08:30:00+02:00,51.52
2026-06-05T08:45:00+02:00,53.92
2026-06-05T09:00:00+02:00,35.6
2026-06-05T09:15:00+02:00,10.88
2026-06-05T09:30:00+02:00,0.64
2026-06-05T09:45:00+02:00,2.8
2026-06-05T10:00:00+02:00,0.0
2026-06-05T10:15:00+02:00,0.0
2026-06-05T10:30:00+02:00,0.0
2026-06-05T10:45:00+02:00,0.0
2026-06-05T11:00:00+02:00,0.0
2026-06-05T11:15:00+02:00,0.0
2026-06-05T11:30:00+02:00,0.0
2026-06-05T11:45:00+02:00,0.0
2026-06-05T12:00:00+02:00,0.0
2026-06-05T12:15:00+02:00,0.0
2026-06-05T12:30:00+02:00,0.0
2026-06-05T12:45:00+02:00,0.0
2026-06-05T13:00:00+02:00,0.0
2026-06-05T13:15:00+02:00,0.0
2026-06-05T13:30:00+02:00,0.0
2026-06-05T13:45:00+02:00,0.0
2026-06-05T14:00:00+02:00,0.0
2026-06-05T14:15:00+02:00,0.0
2026-06-05T14:30:00+02:00,0.0
2026-06-05T14:45:00+02:00,0.0
2026-06-05T15:00:00+02:00,0.0
2026-06-05T15:15:00+02:00,0.0
2026-06-05T15:30:00+02:00,0.0
2026-06-05T15:45:00+02:00,0.0
2026-06-05T16:00:00+02:00,0.0
2026-06-05T16:15:00+02:00,0.0
2026-06-05T16:30:00+02:00,0.0
2026-06-05T16:45:00+02:00,0.0
2026-06-05T17:00:00+02:00,0.0
2026-06-05T17:15:00+02:00,0.0
2026-06-05T17:30:00+02:00,0.0
2026-06-05T17:45:00+02:00,0.0
2026-06-05T18:00:00+02:00,0.0
2026-06-05T18:15:00+02:00,0.0
2026-06-05T18:30:00+02:00,0.0
2026-06-05T18:45:00+02:00,0.0
2026-06-05T19:00:00+02:00,0.0
2026-06-05T19:15:00+02:00,0.0
2026-06-05T19:30:00+02:00,0.0
2026-06-05T19:45:00+02:00,2.16
2026-06-05T20:00:00+02:00,0.16
2026-06-05T20:15:00+02:00,7.84
2026-06-05T20:30:00+02:00,24.8
2026-06-05T20:45:00+02:00,29.36
2026-06-05T21:00:00+02:00,37.84
2026-06-05T21:15:00+02:00,40.72
2026-06-05T21:30:00+02:00,42.72
2026-06-05T21:45:00+02:00,40.16
2026-06-05T22:00:00+02:00,41.36
2026-06-05T22:15:00+02:00,37.36
2026-06-05T22:30:00+02:00,35.28
2026-06-05T22:45:00+02:00,34.32
2026-06-05T23:00:00+02:00,37.28
2026-06-05T23:15:00+02:00,38.0
2026-06-05T23:30:00+02:00,38.48
2026-06-05T23:45:00+02:00,37.12
2026-06-06T00:00:00+02:00,34.72
2026-06-06T00:15:00+02:00,35.84
2026-06-06T00:30:00+02:00,37.76
2026-06-06T00:45:00+02:00,39.92
2026-06-06T01:00:00+02:00,38.96
2026-06-06T01:15:00+02:00,37.28
2026-06-06T01:30:00+02:00,35.44
2026-06-06T01:45:00+02:00,34.24
2026-06-06T02:00:00+02:00,35.92
2026-06-06T02:15:00+02:00,36.08
2026-06-06T02:30:00+02:00,36.16
2026-06-06T02:45:00+02:00,35.68
2026-06-06T03:00:00+02:00,37.2
2026-06-06T03:15:00+02:00,39.2
2026-06-06T03:30:00+02:00,34.56
2026-06-06T03:45:00+02:00,32.88
2026-06-06T04:00:00+02:00,36.8
2026-06-06T04:15:00+02:00,39.84
2026-06-06T04:30:00+02:00,37.36
2026-06-06T04:45:00+02:00,35.36
2026-06-06T05:00:00+02:00,32.0
2026-06-06T05:15:00+02:00,32.0
2026-06-06T05:30:00+02:00,28.8
2026-06-06T05:45:00+02:00,29.04
2026-06-06T06:00:00+02:00,15.28
2026-06-06T06:15:00+02:00,1.52
2026-06-06T06:30:00+02:00,0.0
2026-06-06T06:45:00+02:00,0.0
2026-06-06T07:00:00+02:00,0.0
2026-06-06T07:15:00+02:00,0.0
2026-06-06T07:30:00+02:00,0.0
2026-06-06T07:45:00+02:00,0.0
2026-06-06T08:00:00+02:00,0.0
2026-06-06T08:15:00+02:00,0.0
2026-06-06T08:30:00+02:00,0.0
2026-06-06T08:45:00+02:00,0.0
2026-06-06T09:00:00+02:00,0.0
2026-06-06T09:15:00+02:00,0.0
2026-06-06T09:30:00+02:00,0.0
2026-06-06T09:45:00+02:00,0.0
2026-06-06T10:00:00+02:00,0.0
2026-06-06T10:15:00+02:00,0.0
2026-06-06T10:30:00+02:00,0.0
2026-06-06T10:45:00+02:00,0.0
2026-06-06T11:00:00+02:00,0.0
2026-06-06T11:15:00+02:00,0.0
2026-06-06T11:30:00+02:00,0.0
2026-06-06T11:45:00+02:00,0.0
2026-06-06T12:00:00+02:00,0.0
2026-06-06T12:15:00+02:00,0.0
2026-06-06T12:30:00+02:00,0.0
2026-06-06T12:45:00+02:00,0.0
2026-06-06T13:00:00+02:00,0.0
2026-06-06T13:15:00+02:00,0.0
2026-06-06T13:30:00+02:00,0.0
2026-06-06T13:45:00+02:00,0.0
2026-06-06T14:00:00+02:00,0.0
2026-06-06T14:15:00+02:00,0.0
2026-06-06T14:30:00+02:00,0.0
2026-06-06T14:45:00+02:00,0.0
2026-06-06T15:00:00+02:00,0.0
2026-06-06T15:15:00+02:00,0.0
2026-06-06T15:30:00+02:00,0.0
2026-06-06T15:45:00+02:00,0.0
2026-06-06T16:00:00+02:00,0.0
2026-06-06T16:15:00+02:00,0.0
2026-06-06T16:30:00+02:00,0.0
2026-06-06T16:45:00+02:00,0.0
2026-06-06T17:00:00+02:00,0.0
2026-06-06T17:15:00+02:00,0.0
2026-06-06T17:30:00+02:00,0.0
2026-06-06T17:45:00+02:00,0.0
2026-06-06T18:00:00+02:00,0.0
2026-06-06T18:15:00+02:00,0.0
2026-06-06T18:30:00+02:00,0.0
2026-06-06T18:45:00+02:00,0.0
2026-06-06T19:00:00+02:00,0.0
2026-06-06T19:15:00+02:00,0.0
2026-06-06T19:30:00+02:00,0.0
2026-06-06T19:45:00+02:00,0.0
2026-06-06T20:00:00+02:00,0.0
2026-06-06T20:15:00+02:00,5.04
2026-06-06T20:30:00+02:00,15.68
2026-06-06T20:45:00+02:00,29.2
2026-06-06T21:00:00+02:00,37.12
2026-06-06T21:15:00+02:00,39.36
2026-06-06T21:30:00+02:00,41.92
2026-06-06T21:45:00+02:00,37.68
2026-06-06T22:00:00+02:00,37.44
2026-06-06T22:15:00+02:00,35.36
2026-06-06T22:30:00+02:00,37.52
2026-06-06T22:45:00+02:00,39.12
2026-06-06T23:00:00+02:00,38.88
2026-06-06T23:15:00+02:00,38.32
2026-06-06T23:30:00+02:00,39.92
2026-06-06T23:45:00+02:00,34.32
2026-06-07T00:00:00+02:00,34.0
2026-06-07T00:15:00+02:00,37.28
2026-06-07T00:30:00+02:00,39.76
2026-06-07T00:45:00+02:00,40.96
2026-06-07T01:00:00+02:00,39.2
2026-06-07T01:15:00+02:00,41.2
2026-06-07T01:30:00+02:00,39.2
2026-06-07T01:45:00+02:00,34.8
2026-06-07T02:00:00+02:00,38.56
2026-06-07T02:15:00+02:00,38.0
2026-06-07T02:30:00+02:00,36.64
2026-06-07T02:45:00+02:00,36.8
2026-06-07T03:00:00+02:00,36.88
2026-06-07T03:15:00+02:00,36.16
2026-06-07T03:30:00+02:00,33.28
2026-06-07T03:45:00+02:00,36.08
2026-06-07T04:00:00+02:00,37.76
2026-06-07T04:15:00+02:00,36.96
2026-06-07T04:30:00+02:00,37.68
2026-06-07T04:45:00+02:00,34.72
2026-06-07T05:00:00+02:00,33.2
2026-06-07T05:15:00+02:00,32.48
2026-06-07T05:30:00+02:00,34.96
2026-06-07T05:45:00+02:00,38.16
2026-06-07T06:00:00+02:00,35.92
2026-06-07T06:15:00+02:00,33.76
2026-06-07T06:30:00+02:00,25.28
2026-06-07T06:45:00+02:00,11.2
2026-06-07T07:00:00+02:00,0.24
2026-06-07T07:15:00+02:00,0.0
2026-06-07T07:30:00+02:00,2.64
2026-06-07T07:45:00+02:00,0.0
2026-06-07T08:00:00+02:00,0.0
2026-06-07T08:15:00+02:00,0.0
2026-06-07T08:30:00+02:00,0.0
2026-06-07T08:45:00+02:00,0.0
2026-06-07T09:00:00+02:00,0.0
2026-06-07T09:15:00+02:00,0.0
2026-06-07T09:30:00+02:00,0.0
2026-06-07T09:45:00+02:00,0.0
2026-06-07T10:00:00+02:00,0.0
2026-06-07T10:15:00+02:00,0.0
2026-06-07T10:30:00+02:00,0.0
2026-06-07T10:45:00+02:00,0.0
2026-06-07T11:00:00+02:00,0.0
2026-06-07T11:15:00+02:00,0.0
2026-06-07T11:30:00+02:00,0.0
2026-06-07T11:45:00+02:00,0.0
2026-06-07T12:00:00+02:00,0.0
2026-06-07T12:15:00+02:00,0.0
2026-06-07T12:30:00+02:00,0.0
2026-06-07T12:45:00+02:00,0.0
2026-06-07T13:00:00+02:00,0.0
2026-06-07T13:15:00+02:00,0.0
2026-06-07T13:30:00+02:00,0.0
2026-06-07T13:45:00+02:00,0.0
2026-06-07T14:00:00+02:00,0.0
2026-06-07T14:15:00+02:00,0.0
2026-06-07T14:30:00+02:00,0.0
2026-06-07T14:45:00+02:00,0.0
2026-06-07T15:00:00+02:00,0.0
2026-06-07T15:15:00+02:00,0.0
2026-06-07T15:30:00+02:00,0.0
2026-06-07T15:45:00+02:00,0.0
2026-06-07T16:00:00+02:00,0.0
2026-06-07T16:15:00+02:00,0.0
2026-06-07T16:30:00+02:00,0.0
2026-06-07T16:45:00+02:00,0.0
2026-06-07T17:00:00+02:00,0.0
2026-06-07T17:15:00+02:00,0.0
2026-06-07T17:30:00+02:00,0.0
2026-06-07T17:45:00+02:00,0.0
2026-06-07T18:00:00+02:00,0.0
2026-06-07T18:15:00+02:00,0.0
2026-06-07T18:30:00+02:00,0.0
2026-06-07T18:45:00+02:00,0.0
2026-06-07T19:00:00+02:00,0.0
2026-06-07T19:15:00+02:00,0.0
2026-06-07T19:30:00+02:00,0.0
2026-06-07T19:45:00+02:00,6.16
2026-06-07T20:00:00+02:00,17.28
2026-06-07T20:15:00+02:00,13.84
2026-06-07T20:30:00+02:00,22.88
2026-06-07T20:45:00+02:00,27.36
2026-06-07T21:00:00+02:00,33.28
2026-06-07T21:15:00+02:00,38.32
2026-06-07T21:30:00+02:00,37.92
2026-06-07T21:45:00+02:00,38.72
2026-06-07T22:00:00+02:00,40.08
2026-06-07T22:15:00+02:00,41.6
2026-06-07T22:30:00+02:00,41.52
2026-06-07T22:45:00+02:00,41.52
2026-06-07T23:00:00+02:00,42.8
2026-06-07T23:15:00+02:00,42.8
2026-06-07T23:30:00+02:00,42.24
2026-06-07T23:45:00+02:00,41.2
2026-06-08T00:00:00+02:00,41.84
2026-06-08T00:15:00+02:00,44.24
2026-06-08T00:30:00+02:00,45.92
2026-06-08T00:45:00+02:00,42.96
2026-06-08T01:00:00+02:00,44.48
2026-06-08T01:15:00+02:00,43.76
2026-06-08T01:30:00+02:00,42.88
2026-06-08T01:45:00+02:00,44.32
2026-06-08T02:00:00+02:00,43.92
2026-06-08T02:15:00+02:00,45.12
2026-06-08T02:30:00+02:00,44.16
2026-06-08T02:45:00+02:00,42.72
2026-06-08T03:00:00+02:00,41.6
2026-06-08T03:15:00+02:00,43.28
2026-06-08T03:30:00+02:00,45.76
2026-06-08T03:45:00+02:00,46.72
2026-06-08T04:00:00+02:00,45.12
2026-06-08T04:15:00+02:00,45.52
2026-06-08T04:30:00+02:00,48.08
2026-06-08T04:45:00+02:00,51.52
2026-06-08T05:00:00+02:00,48.4
2026-06-08T05:15:00+02:00,51.6
2026-06-08T05:30:00+02:00,83.76
2026-06-08T05:45:00+02:00,111.44
2026-06-08T06:00:00+02:00,134.64
2026-06-08T06:15:00+02:00,153.36
2026-06-08T06:30:00+02:00,125.92
2026-06-08T06:45:00+02:00,134.24
2026-06-08T07:00:00+02:00,124.08
2026-06-08T07:15:00+02:00,42.64
2026-06-08T07:30:00+02:00,10.16
2026-06-08T07:45:00+02:00,1.36
2026-06-08T08:00:00+02:00,0.0
2026-06-08T08:15:00+02:00,0.0
2026-06-08T08:30:00+02:00,0.0
2026-06-08T08:45:00+02:00,0.0
2026-06-08T09:00:00+02:00,0.0
2026-06-08T09:15:00+02:00,0.0
2026-06-08T09:30:00+02:00,0.0
2026-06-08T09:45:00+02:00,0.0
2026-06-08T10:00:00+02:00,0.0
2026-06-08T10:15:00+02:00,0.0
2026-06-08T10:30:00+02:00,0.0
2026-06-08T10:45:00+02:00,0.0
2026-06-08T11:00:00+02:00,0.0
2026-06-08T11:15:00+02:00,0.0
2026-06-08T11:30:00+02:00,0.0
2026-06-08T11:45:00+02:00,0.0
2026-06-08T12:00:00+02:00,0.0
2026-06-08T12:15:00+02:00,0.0
2026-06-08T12:30:00+02:00,0.0
2026-06-08T12:45:00+02:00,0.0
2026-06-08T13:00:00+02:00,0.0
2026-06-08T13:15:00+02:00,0.0
2026-06-08T13:30:00+02:00,6.48
2026-06-08T13:45:00+02:00,0.0
2026-06-08T14:00:00+02:00,0.0
2026-06-08T14:15:00+02:00,0.0
2026-06-08T14:30:00+02:00,0.0
2026-06-08T14:45:00+02:00,0.0
2026-06-08T15:00:00+02:00,0.0
2026-06-08T15:15:00+02:00,0.0
2026-06-08T15:30:00+02:00,0.0
2026-06-08T15:45:00+02:00,0.0
2026-06-08T16:00:00+02:00,0.0
2026-06-08T16:15:00+02:00,0.0
2026-06-08T16:30:00+02:00,0.0
2026-06-08T16:45:00+02:00,0.0
2026-06-08T17:00:00+02:00,0.0
2026-06-08T17:15:00+02:00,55.92
2026-06-08T17:30:00+02:00,95.2
2026-06-08T17:45:00+02:00,106.8
2026-06-08T18:00:00+02:00,109.84
2026-06-08T18:15:00+02:00,100.72
2026-06-08T18:30:00+02:00,151.52
2026-06-08T18:45:00+02:00,179.36
2026-06-08T19:00:00+02:00,158.32
2026-06-08T19:15:00+02:00,157.44
2026-06-08T19:30:00+02:00,180.24
2026-06-08T19:45:00+02:00,245.68
2026-06-08T20:00:00+02:00,232.0
2026-06-08T20:15:00+02:00,267.04
2026-06-08T20:30:00+02:00,244.4
2026-06-08T20:45:00+02:00,231.68
2026-06-08T21:00:00+02:00,248.16
2026-06-08T21:15:00+02:00,251.52
2026-06-08T21:30:00+02:00,231.6
2026-06-08T21:45:00+02:00,235.84
2026-06-08T22:00:00+02:00,218.4
2026-06-08T22:15:00+02:00,167.12
2026-06-08T22:30:00+02:00,180.64
2026-06-08T22:45:00+02:00,167.52
2026-06-08T23:00:00+02:00,179.52
2026-06-08T23:15:00+02:00,187.52
2026-06-08T23:30:00+02:00,185.84
2026-06-08T23:45:00+02:00,177.92
2026-06-09T00:00:00+02:00,148.24
2026-06-09T00:15:00+02:00,153.52
2026-06-09T00:30:00+02:00,205.76
2026-06-09T00:45:00+02:00,168.32
2026-06-09T01:00:00+02:00,193.04
2026-06-09T01:15:00+02:00,179.92
2026-06-09T01:30:00+02:00,155.28
2026-06-09T01:45:00+02:00,205.12
2026-06-09T02:00:00+02:00,151.68
2026-06-09T02:15:00+02:00,154.88
2026-06-09T02:30:00+02:00,229.2
2026-06-09T02:45:00+02:00,212.48
2026-06-09T03:00:00+02:00,216.32
2026-06-09T03:15:00+02:00,193.28
2026-06-09T03:30:00+02:00,151.6
2026-06-09T03:45:00+02:00,144.96
2026-06-09T04:00:00+02:00,133.44
2026-06-09T04:15:00+02:00,137.52
2026-06-09T04:30:00+02:00,203.6
2026-06-09T04:45:00+02:00,231.76
2026-06-09T05:00:00+02:00,253.6
2026-06-09T05:15:00+02:00,236.16
2026-06-09T05:30:00+02:00,233.36
2026-06-09T05:45:00+02:00,286.64
2026-06-09T06:00:00+02:00,278.32
2026-06-09T06:15:00+02:00,272.72
2026-06-09T06:30:00+02:00,256.16
2026-06-09T06:45:00+02:00,243.2
2026-06-09T07:00:00+02:00,176.96
2026-06-09T07:15:00+02:00,191.6
2026-06-09T07:30:00+02:00,86.16
2026-06-09T07:45:00+02:00,135.44
2026-06-09T08:00:00+02:00,149.76
2026-06-09T08:15:00+02:00,210.24
2026-06-09T08:30:00+02:00,188.88
2026-06-09T08:45:00+02:00,210.56
2026-06-09T09:00:00+02:00,261.52
2026-06-09T09:15:00+02:00,268.16
2026-06-09T09:30:00+02:00,309.2
2026-06-09T09:45:00+02:00,257.04
2026-06-09T10:00:00+02:00,267.2
2026-06-09T10:15:00+02:00,307.12
2026-06-09T10:30:00+02:00,325.28
2026-06-09T10:45:00+02:00,311.44
2026-06-09T11:00:00+02:00,303.2
2026-06-09T11:15:00+02:00,282.8
2026-06-09T11:30:00+02:00,241.92
2026-06-09T11:45:00+02:00,234.56
2026-06-09T12:00:00+02:00,191.6
2026-06-09T12:15:00+02:00,166.08
2026-06-09T12:30:00+02:00,196.88
2026-06-09T12:45:00+02:00,176.88
2026-06-09T13:00:00+02:00,176.24
2026-06-09T13:15:00+02:00,219.92
2026-06-09T13:30:00+02:00,165.68
2026-06-09T13:45:00+02:00,129.44
2026-06-09T14:00:00+02:00,79.36
2026-06-09T14:15:00+02:00,81.84
2026-06-09T14:30:00+02:00,143.68
2026-06-09T14:45:00+02:00,153.36
2026-06-09T15:00:00+02:00,160.64
2026-06-09T15:15:00+02:00,160.4
2026-06-09T15:30:00+02:00,167.2
2026-06-09T15:45:00+02:00,215.52
2026-06-09T16:00:00+02:00,130.88
2026-06-09T16:15:00+02:00,145.36
2026-06-09T16:30:00+02:00,129.52
2026-06-09T16:45:00+02:00,145.44
2026-06-09T17:00:00+02:00,172.88
2026-06-09T17:15:00+02:00,194.64
2026-06-09T17:30:00+02:00,230.64
2026-06-09T17:45:00+02:00,170.24
2026-06-09T18:00:00+02:00,203.76
2026-06-09T18:15:00+02:00,173.6
2026-06-09T18:30:00+02:00,159.04
2026-06-09T18:45:00+02:00,124.96
2026-06-09T19:00:00+02:00,202.0
2026-06-09T19:15:00+02:00,247.2
2026-06-09T19:30:00+02:00,230.88
2026-06-09T19:45:00+02:00,193.04
2026-06-09T20:00:00+02:00,203.04
2026-06-09T20:15:00+02:00,261.36
2026-06-09T20:30:00+02:00,257.76
2026-06-09T20:45:00+02:00,241.76
2026-06-09T21:00:00+02:00,279.36
2026-06-09T21:15:00+02:00,268.48
2026-06-09T21:30:00+02:00,271.36
2026-06-09T21:45:00+02:00,277.92
2026-06-09T22:00:00+02:00,255.52
2026-06-09T22:15:00+02:00,235.68
2026-06-09T22:30:00+02:00,245.2
2026-06-09T22:45:00+02:00,232.48
2026-06-09T23:00:00+02:00,241.04
2026-06-09T23:15:00+02:00,208.16
2026-06-09T23:30:00+02:00,210.96
2026-06-09T23:45:00+02:00,210.4
2026-06-10T00:00:00+02:00,206.8
2026-06-10T00:15:00+02:00,217.04
2026-06-10T00:30:00+02:00,236.48
2026-06-10T00:45:00+02:00,232.08
2026-06-10T01:00:00+02:00,214.64
2026-06-10T01:15:00+02:00,201.76
2026-06-10T01:30:00+02:00,218.16
2026-06-10T01:45:00+02:00,233.84
2026-06-10T02:00:00+02:00,216.96
2026-06-10T02:15:00+02:00,225.6
2026-06-10T02:30:00+02:00,237.68
2026-06-10T02:45:00+02:00,218.96
2026-06-10T03:00:00+02:00,218.0
2026-06-10T03:15:00+02:00,224.08
2026-06-10T03:30:00+02:00,225.44
2026-06-10T03:45:00+02:00,223.6
2026-06-10T04:00:00+02:00,183.12
2026-06-10T04:15:00+02:00,188.96
2026-06-10T04:30:00+02:00,184.8
2026-06-10T04:45:00+02:00,186.56
2026-06-10T05:00:00+02:00,180.88
2026-06-10T05:15:00+02:00,190.64
2026-06-10T05:30:00+02:00,199.84
2026-06-10T05:45:00+02:00,195.36
2026-06-10T06:00:00+02:00,211.92
2026-06-10T06:15:00+02:00,232.24
2026-06-10T06:30:00+02:00,247.12
2026-06-10T06:45:00+02:00,238.72
2026-06-10T07:00:00+02:00,265.68
2026-06-10T07:15:00+02:00,248.0
2026-06-10T07:30:00+02:00,269.2
2026-06-10T07:45:00+02:00,218.16
2026-06-10T08:00:00+02:00,229.52
2026-06-10T08:15:00+02:00,235.2
2026-06-10T08:30:00+02:00,290.64
2026-06-10T08:45:00+02:00,254.4
2026-06-10T09:00:00+02:00,217.28
2026-06-10T09:15:00+02:00,248.8
2026-06-10T09:30:00+02:00,241.92
2026-06-10T09:45:00+02:00,306.0
2026-06-10T10:00:00+02:00,310.48
2026-06-10T10:15:00+02:00,202.96
2026-06-10T10:30:00+02:00,242.0
2026-06-10T10:45:00+02:00,193.6
2026-06-10T11:00:00+02:00,285.52
2026-06-10T11:15:00+02:00,237.52
2026-06-10T11:30:00+02:00,236.08
2026-06-10T11:45:00+02:00,235.6
2026-06-10T12:00:00+02:00,206.4
2026-06-10T12:15:00+02:00,148.0
2026-06-10T12:30:00+02:00,195.44
2026-06-10T12:45:00+02:00,201.2
2026-06-10T13:00:00+02:00,126.16
2026-06-10T13:15:00+02:00,143.76
2026-06-10T13:30:00+02:00,140.72
2026-06-10T13:45:00+02:00,106.16
2026-06-10T14:00:00+02:00,96.56
2026-06-10T14:15:00+02:00,171.36
2026-06-10T14:30:00+02:00,240.96
2026-06-10T14:45:00+02:00,252.4
2026-06-10T15:00:00+02:00,263.6
2026-06-10T15:15:00+02:00,223.92
2026-06-10T15:30:00+02:00,200.64
2026-06-10T15:45:00+02:00,209.36
2026-06-10T16:00:00+02:00,151.04
2026-06-10T16:15:00+02:00,85.36
2026-06-10T16:30:00+02:00,64.4
2026-06-10T16:45:00+02:00,104.0
2026-06-10T17:00:00+02:00,188.64
2026-06-10T17:15:00+02:00,222.56
2026-06-10T17:30:00+02:00,192.88
2026-06-10T17:45:00+02:00,223.04
2026-06-10T18:00:00+02:00,230.16
2026-06-10T18:15:00+02:00,206.48
2026-06-10T18:30:00+02:00,200.96
2026-06-10T18:45:00+02:00,172.8
2026-06-10T19:00:00+02:00,240.24
2026-06-10T19:15:00+02:00,208.16
2026-06-10T19:30:00+02:00,144.72
2026-06-10T19:45:00+02:00,164.48
2026-06-10T20:00:00+02:00,194.48
2026-06-10T20:15:00+02:00,184.64
2026-06-10T20:30:00+02:00,187.52
2026-06-10T20:45:00+02:00,192.08
2026-06-10T21:00:00+02:00,220.32
2026-06-10T21:15:00+02:00,208.0
2026-06-10T21:30:00+02:00,198.72
2026-06-10T21:45:00+02:00,191.2
2026-06-10T22:00:00+02:00,179.12
2026-06-10T22:15:00+02:00,186.8
2026-06-10T22:30:00+02:00,213.36
2026-06-10T22:45:00+02:00,187.68
2026-06-10T23:00:00+02:00,178.0
2026-06-10T23:15:00+02:00,181.92
2026-06-10T23:30:00+02:00,167.68
2026-06-10T23:45:00+02:00,154.72
2026-06-11T00:00:00+02:00,184.88
2026-06-11T00:15:00+02:00,164.96
2026-06-11T00:30:00+02:00,183.84
2026-06-11T00:45:00+02:00,157.12
2026-06-11T01:00:00+02:00,145.6
2026-06-11T01:15:00+02:00,177.12
2026-06-11T01:30:00+02:00,181.04
2026-06-11T01:45:00+02:00,187.68
2026-06-11T02:00:00+02:00,206.4
2026-06-11T02:15:00+02:00,242.32
2026-06-11T02:30:00+02:00,235.6
2026-06-11T02:45:00+02:00,214.32
2026-06-11T03:00:00+02:00,214.0
2026-06-11T03:15:00+02:00,215.44
2026-06-11T03:30:00+02:00,219.68
2026-06-11T03:45:00+02:00,223.36
2026-06-11T04:00:00+02:00,233.36
2026-06-11T04:15:00+02:00,233.36
2026-06-11T04:30:00+02:00,195.12
2026-06-11T04:45:00+02:00,204.24
2026-06-11T05:00:00+02:00,178.32
2026-06-11T05:15:00+02:00,148.0
2026-06-11T05:30:00+02:00,141.04
2026-06-11T05:45:00+02:00,199.2
2026-06-11T06:00:00+02:00,171.52
2026-06-11T06:15:00+02:00,219.52
2026-06-11T06:30:00+02:00,250.96
2026-06-11T06:45:00+02:00,207.2
2026-06-11T07:00:00+02:00,214.0
2026-06-11T07:15:00+02:00,212.48
2026-06-11T07:30:00+02:00,168.16
2026-06-11T07:45:00+02:00,121.52
2026-06-11T08:00:00+02:00,219.52
2026-06-11T08:15:00+02:00,243.28
2026-06-11T08:30:00+02:00,232.72
2026-06-11T08:45:00+02:00,120.72
2026-06-11T09:00:00+02:00,2.8
2026-06-11T09:15:00+02:00,17.44
2026-06-11T09:30:00+02:00,32.08
2026-06-11T09:45:00+02:00,128.08
2026-06-11T10:00:00+02:00,7.44
2026-06-11T10:15:00+02:00,39.44
2026-06-11T10:30:00+02:00,88.72
2026-06-11T10:45:00+02:00,86.64
2026-06-11T11:00:00+02:00,315.76
2026-06-11T11:15:00+02:00,183.04
2026-06-11T11:30:00+02:00,148.88
2026-06-11T11:45:00+02:00,20.72
2026-06-11T12:00:00+02:00,107.6
2026-06-11T12:15:00+02:00,152.32
2026-06-11T12:30:00+02:00,63.52
2026-06-11T12:45:00+02:00,0.0
2026-06-11T13:00:00+02:00,0.0
2026-06-11T13:15:00+02:00,0.0
2026-06-11T13:30:00+02:00,64.8
2026-06-11T13:45:00+02:00,64.0
2026-06-11T14:00:00+02:00,0.0
2026-06-11T14:15:00+02:00,0.0
2026-06-11T14:30:00+02:00,0.0
2026-06-11T14:45:00+02:00,3.28
2026-06-11T15:00:00+02:00,2.16
2026-06-11T15:15:00+02:00,16.32
2026-06-11T15:30:00+02:00,21.36
2026-06-11T15:45:00+02:00,12.72
2026-06-11T16:00:00+02:00,98.0
2026-06-11T16:15:00+02:00,56.08
2026-06-11T16:30:00+02:00,0.16
2026-06-11T16:45:00+02:00,0.0
2026-06-11T17:00:00+02:00,77.84
2026-06-11T17:15:00+02:00,206.8
2026-06-11T17:30:00+02:00,258.64
2026-06-11T17:45:00+02:00,165.2
2026-06-11T18:00:00+02:00,197.44
2026-06-11T18:15:00+02:00,172.4
2026-06-11T18:30:00+02:00,122.32
2026-06-11T18:45:00+02:00,224.4
2026-06-11T19:00:00+02:00,266.8
2026-06-11T19:15:00+02:00,213.92
2026-06-11T19:30:00+02:00,209.6
2026-06-11T19:45:00+02:00,216.48
2026-06-11T20:00:00+02:00,206.8
2026-06-11T20:15:00+02:00,203.36
2026-06-11T20:30:00+02:00,188.72
2026-06-11T20:45:00+02:00,176.4
2026-06-11T21:00:00+02:00,197.92
2026-06-11T21:15:00+02:00,249.84
2026-06-11T21:30:00+02:00,205.04
2026-06-11T21:45:00+02:00,217.28
2026-06-11T22:00:00+02:00,175.52
2026-06-11T22:15:00+02:00,154.24
2026-06-11T22:30:00+02:00,202.24
2026-06-11T22:45:00+02:00,152.24
2026-06-11T23:00:00+02:00,159.28
2026-06-11T23:15:00+02:00,180.72
2026-06-11T23:30:00+02:00,126.96
2026-06-11T23:45:00+02:00,159.2
2026-06-12T00:00:00+02:00,146.4
2026-06-12T00:15:00+02:00,148.08
2026-06-12T00:30:00+02:00,166.32
2026-06-12T00:45:00+02:00,176.32
2026-06-12T01:00:00+02:00,141.04
2026-06-12T01:15:00+02:00,160.32
2026-06-12T01:30:00+02:00,196.32
2026-06-12T01:45:00+02:00,206.48
2026-06-12T02:00:00+02:00,189.6
2026-06-12T02:15:00+02:00,189.2
2026-06-12T02:30:00+02:00,202.8
2026-06-12T02:45:00+02:00,220.56
2026-06-12T03:00:00+02:00,149.12
2026-06-12T03:15:00+02:00,190.08
2026-06-12T03:30:00+02:00,218.56
2026-06-12T03:45:00+02:00,189.12
2026-06-12T04:00:00+02:00,158.16
2026-06-12T04:15:00+02:00,192.4
2026-06-12T04:30:00+02:00,226.16
2026-06-12T04:45:00+02:00,246.56
2026-06-12T05:00:00+02:00,235.12
2026-06-12T05:15:00+02:00,184.24
2026-06-12T05:30:00+02:00,209.6
2026-06-12T05:45:00+02:00,257.76
2026-06-12T06:00:00+02:00,232.24
2026-06-12T06:15:00+02:00,276.64
2026-06-12T06:30:00+02:00,267.52
2026-06-12T06:45:00+02:00,268.16
2026-06-12T07:00:00+02:00,270.72
2026-06-12T07:15:00+02:00,260.0
2026-06-12T07:30:00+02:00,261.04
2026-06-12T07:45:00+02:00,247.2
2026-06-12T08:00:00+02:00,216.16
2026-06-12T08:15:00+02:00,214.8
2026-06-12T08:30:00+02:00,209.2
2026-06-12T08:45:00+02:00,220.16
2026-06-12T09:00:00+02:00,244.4
2026-06-12T09:15:00+02:00,232.64
2026-06-12T09:30:00+02:00,173.04
2026-06-12T09:45:00+02:00,187.92
2026-06-12T10:00:00+02:00,210.24
2026-06-12T10:15:00+02:00,200.4
2026-06-12T10:30:00+02:00,178.96
2026-06-12T10:45:00+02:00,188.32
2026-06-12T11:00:00+02:00,163.04
2026-06-12T11:15:00+02:00,127.6
2026-06-12T11:30:00+02:00,134.4
2026-06-12T11:45:00+02:00,153.12
2026-06-12T12:00:00+02:00,139.76
2026-06-12T12:15:00+02:00,115.12
2026-06-12T12:30:00+02:00,68.08
2026-06-12T12:45:00+02:00,71.84
2026-06-12T13:00:00+02:00,122.64
2026-06-12T13:15:00+02:00,103.2
2026-06-12T13:30:00+02:00,103.6
2026-06-12T13:45:00+02:00,147.92
2026-06-12T14:00:00+02:00,127.92
2026-06-12T14:15:00+02:00,112.72
2026-06-12T14:30:00+02:00,149.44
2026-06-12T14:45:00+02:00,164.16
2026-06-12T15:00:00+02:00,136.08
2026-06-12T15:15:00+02:00,160.16
2026-06-12T15:30:00+02:00,191.6
2026-06-12T15:45:00+02:00,174.08
2026-06-12T16:00:00+02:00,180.16
2026-06-12T16:15:00+02:00,201.36
2026-06-12T16:30:00+02:00,168.72
2026-06-12T16:45:00+02:00,174.56
2026-06-12T17:00:00+02:00,147.76
2026-06-12T17:15:00+02:00,149.04
2026-06-12T17:30:00+02:00,162.88
2026-06-12T17:45:00+02:00,167.36
2026-06-12T18:00:00+02:00,199.36
2026-06-12T18:15:00+02:00,201.2
2026-06-12T18:30:00+02:00,200.8
2026-06-12T18:45:00+02:00,220.88
2026-06-12T19:00:00+02:00,202.0
2026-06-12T19:15:00+02:00,183.2
2026-06-12T19:30:00+02:00,175.28
2026-06-12T19:45:00+02:00,172.48
2026-06-12T20:00:00+02:00,169.36
2026-06-12T20:15:00+02:00,208.0
2026-06-12T20:30:00+02:00,186.56
2026-06-12T20:45:00+02:00,160.16
2026-06-12T21:00:00+02:00,169.68
2026-06-12T21:15:00+02:00,193.6
2026-06-12T21:30:00+02:00,218.56
2026-06-12T21:45:00+02:00,193.12
2026-06-12T22:00:00+02:00,167.68
2026-06-12T22:15:00+02:00,187.76
2026-06-12T22:30:00+02:00,167.52
2026-06-12T22:45:00+02:00,169.44
2026-06-12T23:00:00+02:00,182.4
2026-06-12T23:15:00+02:00,162.72
2026-06-12T23:30:00+02:00,186.72
2026-06-12T23:45:00+02:00,134.88
2026-06-13T00:00:00+02:00,151.52
2026-06-13T00:15:00+02:00,189.76
2026-06-13T00:30:00+02:00,184.96
2026-06-13T00:45:00+02:00,197.92
2026-06-13T01:00:00+02:00,142.4
2026-06-13T01:15:00+02:00,152.24
2026-06-13T01:30:00+02:00,179.6
2026-06-13T01:45:00+02:00,155.76
2026-06-13T02:00:00+02:00,162.64
2026-06-13T02:15:00+02:00,195.92
2026-06-13T02:30:00+02:00,189.68
2026-06-13T02:45:00+02:00,171.44
2026-06-13T03:00:00+02:00,190.72
2026-06-13T03:15:00+02:00,171.04
2026-06-13T03:30:00+02:00,150.16
2026-06-13T03:45:00+02:00,150.08
2026-06-13T04:00:00+02:00,164.72
2026-06-13T04:15:00+02:00,165.92
2026-06-13T04:30:00+02:00,170.64
2026-06-13T04:45:00+02:00,147.36
2026-06-13T05:00:00+02:00,152.88
2026-06-13T05:15:00+02:00,146.96
2026-06-13T05:30:00+02:00,115.68
2026-06-13T05:45:00+02:00,109.52
2026-06-13T06:00:00+02:00,112.56
2026-06-13T06:15:00+02:00,130.48
2026-06-13T06:30:00+02:00,146.88
2026-06-13T06:45:00+02:00,119.28
2026-06-13T07:00:00+02:00,129.12
2026-06-13T07:15:00+02:00,73.28
2026-06-13T07:30:00+02:00,90.4
2026-06-13T07:45:00+02:00,42.08
2026-06-13T08:00:00+02:00,32.32
2026-06-13T08:15:00+02:00,20.16
2026-06-13T08:30:00+02:00,20.24
2026-06-13T08:45:00+02:00,0.08
2026-06-13T09:00:00+02:00,0.08
2026-06-13T09:15:00+02:00,0.08
2026-06-13T09:30:00+02:00,0.0
2026-06-13T09:45:00+02:00,0.0
2026-06-13T10:00:00+02:00,0.0
2026-06-13T10:15:00+02:00,0.08
2026-06-13T10:30:00+02:00,0.0
2026-06-13T10:45:00+02:00,0.0
2026-06-13T11:00:00+02:00,0.0
2026-06-13T11:15:00+02:00,0.88
2026-06-13T11:30:00+02:00,1.36
2026-06-13T11:45:00+02:00,2.0
2026-06-13T12:00:00+02:00,0.8
2026-06-13T12:15:00+02:00,0.8
2026-06-13T12:30:00+02:00,0.08
2026-06-13T12:45:00+02:00,0.0
2026-06-13T13:00:00+02:00,0.0
2026-06-13T13:15:00+02:00,0.0
2026-06-13T13:30:00+02:00,0.0
2026-06-13T13:45:00+02:00,0.0
2026-06-13T14:00:00+02:00,0.0
2026-06-13T14:15:00+02:00,0.0
2026-06-13T14:30:00+02:00,0.0
2026-06-13T14:45:00+02:00,0.0
2026-06-13T15:00:00+02:00,0.0
2026-06-13T15:15:00+02:00,0.0
2026-06-13T15:30:00+02:00,0.0
2026-06-13T15:45:00+02:00,0.0
2026-06-13T16:00:00+02:00,0.0
2026-06-13T16:15:00+02:00,0.0
2026-06-13T16:30:00+02:00,0.0
2026-06-13T16:45:00+02:00,0.0
2026-06-13T17:00:00+02:00,0.0
2026-06-13T17:15:00+02:00,0.0
2026-06-13T17:30:00+02:00,0.0
2026-06-13T17:45:00+02:00,0.0
2026-06-13T18:00:00+02:00,0.0
2026-06-13T18:15:00+02:00,0.0
2026-06-13T18:30:00+02:00,0.0
2026-06-13T18:45:00+02:00,0.0
2026-06-13T19:00:00+02:00,0.0
2026-06-13T19:15:00+02:00,0.0
2026-06-13T19:30:00+02:00,0.16
2026-06-13T19:45:00+02:00,3.76
2026-06-13T20:00:00+02:00,15.92
2026-06-13T20:15:00+02:00,25.04
2026-06-13T20:30:00+02:00,34.4
2026-06-13T20:45:00+02:00,44.64
2026-06-13T21:00:00+02:00,41.28
2026-06-13T21:15:00+02:00,45.04
2026-06-13T21:30:00+02:00,47.44
2026-06-13T21:45:00+02:00,50.72
2026-06-13T22:00:00+02:00,46.96
2026-06-13T22:15:00+02:00,47.6
2026-06-13T22:30:00+02:00,46.8
2026-06-13T22:45:00+02:00,47.2
2026-06-13T23:00:00+02:00,47.36
2026-06-13T23:15:00+02:00,46.88
2026-06-13T23:30:00+02:00,45.76
2026-06-13T23:45:00+02:00,43.28
2026-06-14T00:00:00+02:00,48.72
2026-06-14T00:15:00+02:00,45.44
2026-06-14T00:30:00+02:00,43.44
2026-06-14T00:45:00+02:00,44.56
2026-06-14T01:00:00+02:00,43.52
2026-06-14T01:15:00+02:00,41.44
2026-06-14T01:30:00+02:00,41.6
2026-06-14T01:45:00+02:00,45.2
2026-06-14T02:00:00+02:00,40.48
2026-06-14T02:15:00+02:00,36.56
2026-06-14T02:30:00+02:00,36.4
2026-06-14T02:45:00+02:00,38.88
2026-06-14T03:00:00+02:00,38.24
2026-06-14T03:15:00+02:00,38.8
2026-06-14T03:30:00+02:00,40.0
2026-06-14T03:45:00+02:00,40.96
2026-06-14T04:00:00+02:00,37.12
2026-06-14T04:15:00+02:00,36.64
2026-06-14T04:30:00+02:00,35.12
2026-06-14T04:45:00+02:00,36.0
2026-06-14T05:00:00+02:00,37.84
2026-06-14T05:15:00+02:00,40.32
2026-06-14T05:30:00+02:00,36.24
2026-06-14T05:45:00+02:00,32.88
2026-06-14T06:00:00+02:00,20.56
2026-06-14T06:15:00+02:00,4.4
2026-06-14T06:30:00+02:00,0.64
2026-06-14T06:45:00+02:00,1.28
2026-06-14T07:00:00+02:00,0.0
2026-06-14T07:15:00+02:00,0.0
2026-06-14T07:30:00+02:00,0.0
2026-06-14T07:45:00+02:00,0.0
2026-06-14T08:00:00+02:00,0.0
2026-06-14T08:15:00+02:00,0.0
2026-06-14T08:30:00+02:00,0.0
2026-06-14T08:45:00+02:00,0.0
2026-06-14T09:00:00+02:00,0.0
2026-06-14T09:15:00+02:00,0.0
2026-06-14T09:30:00+02:00,0.0
2026-06-14T09:45:00+02:00,0.0
2026-06-14T10:00:00+02:00,0.0
2026-06-14T10:15:00+02:00,0.0
2026-06-14T10:30:00+02:00,0.0
2026-06-14T10:45:00+02:00,0.0
2026-06-14T11:00:00+02:00,0.0
2026-06-14T11:15:00+02:00,0.0
2026-06-14T11:30:00+02:00,0.0
2026-06-14T11:45:00+02:00,0.0
2026-06-14T12:00:00+02:00,0.0
2026-06-14T12:15:00+02:00,0.0
2026-06-14T12:30:00+02:00,0.0
2026-06-14T12:45:00+02:00,0.0
2026-06-14T13:00:00+02:00,0.0
2026-06-14T13:15:00+02:00,0.0
2026-06-14T13:30:00+02:00,0.0
2026-06-14T13:45:00+02:00,0.0
2026-06-14T14:00:00+02:00,0.0
2026-06-14T14:15:00+02:00,0.0
2026-06-14T14:30:00+02:00,0.0
2026-06-14T14:45:00+02:00,0.0
2026-06-14T15:00:00+02:00,0.0
2026-06-14T15:15:00+02:00,0.0
2026-06-14T15:30:00+02:00,0.0
2026-06-14T15:45:00+02:00,0.0
2026-06-14T16:00:00+02:00,0.0
2026-06-14T16:15:00+02:00,0.0
2026-06-14T16:30:00+02:00,0.0
2026-06-14T16:45:00+02:00,0.0
2026-06-14T17:00:00+02:00,0.0
2026-06-14T17:15:00+02:00,0.0
2026-06-14T17:30:00+02:00,0.0
2026-06-14T17:45:00+02:00,0.0
2026-06-14T18:00:00+02:00,0.0
2026-06-14T18:15:00+02:00,0.0
2026-06-14T18:30:00+02:00,0.0
2026-06-14T18:45:00+02:00,0.0
2026-06-14T19:00:00+02:00,0.0
2026-06-14T19:15:00+02:00,0.0
2026-06-14T19:30:00+02:00,0.0
2026-06-14T19:45:00+02:00,5.6
2026-06-14T20:00:00+02:00,15.2
2026-06-14T20:15:00+02:00,24.72
2026-06-14T20:30:00+02:00,26.4
2026-06-14T20:45:00+02:00,29.36
2026-06-14T21:00:00+02:00,32.24
2026-06-14T21:15:00+02:00,35.68
2026-06-14T21:30:00+02:00,43.76
2026-06-14T21:45:00+02:00,43.28
2026-06-14T22:00:00+02:00,43.6
2026-06-14T22:15:00+02:00,41.76
2026-06-14T22:30:00+02:00,43.04
2026-06-14T22:45:00+02:00,42.72
2026-06-14T23:00:00+02:00,41.76
2026-06-14T23:15:00+02:00,39.44
2026-06-14T23:30:00+02:00,45.04
2026-06-14T23:45:00+02:00,47.92
2026-06-15T00:00:00+02:00,48.24
2026-06-15T00:15:00+02:00,46.32
2026-06-15T00:30:00+02:00,44.8
2026-06-15T00:45:00+02:00,44.4
2026-06-15T01:00:00+02:00,41.52
2026-06-15T01:15:00+02:00,40.24
2026-06-15T01:30:00+02:00,44.88
2026-06-15T01:45:00+02:00,45.84
2026-06-15T02:00:00+02:00,45.52
2026-06-15T02:15:00+02:00,44.4
2026-06-15T02:30:00+02:00,43.52
2026-06-15T02:45:00+02:00,41.04
2026-06-15T03:00:00+02:00,42.72
2026-06-15T03:15:00+02:00,46.64
2026-06-15T03:30:00+02:00,50.48
2026-06-15T03:45:00+02:00,48.24
2026-06-15T04:00:00+02:00,46.32
2026-06-15T04:15:00+02:00,46.24
2026-06-15T04:30:00+02:00,47.2
2026-06-15T04:45:00+02:00,54.16
2026-06-15T05:00:00+02:00,54.72
2026-06-15T05:15:00+02:00,61.04
2026-06-15T05:30:00+02:00,88.56
2026-06-15T05:45:00+02:00,117.44
2026-06-15T06:00:00+02:00,116.72
2026-06-15T06:15:00+02:00,148.64
2026-06-15T06:30:00+02:00,158.32
2026-06-15T06:45:00+02:00,123.36
2026-06-15T07:00:00+02:00,135.68
2026-06-15T07:15:00+02:00,174.88
2026-06-15T07:30:00+02:00,151.44
2026-06-15T07:45:00+02:00,77.92
2026-06-15T08:00:00+02:00,61.92
2026-06-15T08:15:00+02:00,124.56
2026-06-15T08:30:00+02:00,71.36
2026-06-15T08:45:00+02:00,97.44
2026-06-15T09:00:00+02:00,45.76
2026-06-15T09:15:00+02:00,15.44
2026-06-15T09:30:00+02:00,4.64
2026-06-15T09:45:00+02:00,10.96
2026-06-15T10:00:00+02:00,4.8
2026-06-15T10:15:00+02:00,0.08
2026-06-15T10:30:00+02:00,0.0
2026-06-15T10:45:00+02:00,4.08
2026-06-15T11:00:00+02:00,0.0
2026-06-15T11:15:00+02:00,0.0
2026-06-15T11:30:00+02:00,38.48
2026-06-15T11:45:00+02:00,71.28
2026-06-15T12:00:00+02:00,1.28
2026-06-15T12:15:00+02:00,0.0
2026-06-15T12:30:00+02:00,0.0
2026-06-15T12:45:00+02:00,0.0
2026-06-15T13:00:00+02:00,0.0
2026-06-15T13:15:00+02:00,0.0
2026-06-15T13:30:00+02:00,0.16
2026-06-15T13:45:00+02:00,0.0
2026-06-15T14:00:00+02:00,0.0
2026-06-15T14:15:00+02:00,0.0
2026-06-15T14:30:00+02:00,0.0
2026-06-15T14:45:00+02:00,0.0
2026-06-15T15:00:00+02:00,0.0
2026-06-15T15:15:00+02:00,0.0
2026-06-15T15:30:00+02:00,0.0
2026-06-15T15:45:00+02:00,0.0
2026-06-15T16:00:00+02:00,0.0
2026-06-15T16:15:00+02:00,0.0
2026-06-15T16:30:00+02:00,0.0
2026-06-15T16:45:00+02:00,0.0
2026-06-15T17:00:00+02:00,0.64
2026-06-15T17:15:00+02:00,0.0
2026-06-15T17:30:00+02:00,0.0
2026-06-15T17:45:00+02:00,0.4
2026-06-15T18:00:00+02:00,0.0
2026-06-15T18:15:00+02:00,17.2
2026-06-15T18:30:00+02:00,13.6
2026-06-15T18:45:00+02:00,67.12
2026-06-15T19:00:00+02:00,158.56
2026-06-15T19:15:00+02:00,150.16
2026-06-15T19:30:00+02:00,140.88
2026-06-15T19:45:00+02:00,139.92
2026-06-15T20:00:00+02:00,143.92
2026-06-15T20:15:00+02:00,152.72
2026-06-15T20:30:00+02:00,216.08
2026-06-15T20:45:00+02:00,241.84
2026-06-15T21:00:00+02:00,249.36
2026-06-15T21:15:00+02:00,250.4
2026-06-15T21:30:00+02:00,226.4
2026-06-15T21:45:00+02:00,216.56
2026-06-15T22:00:00+02:00,196.64
2026-06-15T22:15:00+02:00,171.2
2026-06-15T22:30:00+02:00,157.52
2026-06-15T22:45:00+02:00,166.64
2026-06-15T23:00:00+02:00,169.36
2026-06-15T23:15:00+02:00,142.08
2026-06-15T23:30:00+02:00,146.88
2026-06-15T23:45:00+02:00,155.12
2026-06-16T00:00:00+02:00,158.88
2026-06-16T00:15:00+02:00,148.8
2026-06-16T00:30:00+02:00,165.52
2026-06-16T00:45:00+02:00,168.24
2026-06-16T01:00:00+02:00,163.2
2026-06-16T01:15:00+02:00,154.08
2026-06-16T01:30:00+02:00,141.68
2026-06-16T01:45:00+02:00,148.24
2026-06-16T02:00:00+02:00,159.04
2026-06-16T02:15:00+02:00,162.32
2026-06-16T02:30:00+02:00,197.68
2026-06-16T02:45:00+02:00,177.36
2026-06-16T03:00:00+02:00,195.12
2026-06-16T03:15:00+02:00,178.56
2026-06-16T03:30:00+02:00,154.08
2026-06-16T03:45:00+02:00,155.44
2026-06-16T04:00:00+02:00,154.0
2026-06-16T04:15:00+02:00,155.04
2026-06-16T04:30:00+02:00,142.32
2026-06-16T04:45:00+02:00,162.08
2026-06-16T05:00:00+02:00,194.88
2026-06-16T05:15:00+02:00,186.4
2026-06-16T05:30:00+02:00,184.24
2026-06-16T05:45:00+02:00,156.8
2026-06-16T06:00:00+02:00,166.64
2026-06-16T06:15:00+02:00,161.68
2026-06-16T06:30:00+02:00,163.6
2026-06-16T06:45:00+02:00,130.4
2026-06-16T07:00:00+02:00,108.24
2026-06-16T07:15:00+02:00,66.4
2026-06-16T07:30:00+02:00,38.16
2026-06-16T07:45:00+02:00,70.88
2026-06-16T08:00:00+02:00,37.76
2026-06-16T08:15:00+02:00,80.8
2026-06-16T08:30:00+02:00,49.68
2026-06-16T08:45:00+02:00,6.88
2026-06-16T09:00:00+02:00,120.4
2026-06-16T09:15:00+02:00,118.08
2026-06-16T09:30:00+02:00,123.6
2026-06-16T09:45:00+02:00,116.16
2026-06-16T10:00:00+02:00,25.2
2026-06-16T10:15:00+02:00,0.0
2026-06-16T10:30:00+02:00,0.0
2026-06-16T10:45:00+02:00,0.0
2026-06-16T11:00:00+02:00,0.0
2026-06-16T11:15:00+02:00,0.0
2026-06-16T11:30:00+02:00,0.08
2026-06-16T11:45:00+02:00,5.76
2026-06-16T12:00:00+02:00,18.72
2026-06-16T12:15:00+02:00,88.08
2026-06-16T12:30:00+02:00,37.12
2026-06-16T12:45:00+02:00,75.2
2026-06-16T13:00:00+02:00,10.24
2026-06-16T13:15:00+02:00,0.0
2026-06-16T13:30:00+02:00,27.52
2026-06-16T13:45:00+02:00,78.24
2026-06-16T14:00:00+02:00,152.48
2026-06-16T14:15:00+02:00,90.16
2026-06-16T14:30:00+02:00,0.96
2026-06-16T14:45:00+02:00,65.52
2026-06-16T15:00:00+02:00,138.24
2026-06-16T15:15:00+02:00,130.48
2026-06-16T15:30:00+02:00,84.88
2026-06-16T15:45:00+02:00,148.24
2026-06-16T16:00:00+02:00,228.0
2026-06-16T16:15:00+02:00,131.76
2026-06-16T16:30:00+02:00,75.84
2026-06-16T16:45:00+02:00,23.92
2026-06-16T17:00:00+02:00,4.96
2026-06-16T17:15:00+02:00,55.76
2026-06-16T17:30:00+02:00,111.76
2026-06-16T17:45:00+02:00,147.04
2026-06-16T18:00:00+02:00,158.72
2026-06-16T18:15:00+02:00,118.48
2026-06-16T18:30:00+02:00,110.16
2026-06-16T18:45:00+02:00,134.96
2026-06-16T19:00:00+02:00,156.88
2026-06-16T19:15:00+02:00,154.8
2026-06-16T19:30:00+02:00,158.96
2026-06-16T19:45:00+02:00,177.52
2026-06-16T20:00:00+02:00,170.64
2026-06-16T20:15:00+02:00,168.64
2026-06-16T20:30:00+02:00,148.48
2026-06-16T20:45:00+02:00,154.16
2026-06-16T21:00:00+02:00,184.64
2026-06-16T21:15:00+02:00,189.28
2026-06-16T21:30:00+02:00,191.36
2026-06-16T21:45:00+02:00,166.56
2026-06-16T22:00:00+02:00,158.24
2026-06-16T22:15:00+02:00,162.48
2026-06-16T22:30:00+02:00,159.2
2026-06-16T22:45:00+02:00,192.0
2026-06-16T23:00:00+02:00,192.48
2026-06-16T23:15:00+02:00,186.24
2026-06-16T23:30:00+02:00,198.96
2026-06-16T23:45:00+02:00,189.2
2026-06-17T00:00:00+02:00,173.92
2026-06-17T00:15:00+02:00,232.32
2026-06-17T00:30:00+02:00,209.12
2026-06-17T00:45:00+02:00,179.84
2026-06-17T01:00:00+02:00,181.36
2026-06-17T01:15:00+02:00,183.28
2026-06-17T01:30:00+02:00,195.12
2026-06-17T01:45:00+02:00,217.52
2026-06-17T02:00:00+02:00,200.64
2026-06-17T02:15:00+02:00,167.28
2026-06-17T02:30:00+02:00,187.28
2026-06-17T02:45:00+02:00,174.72
2026-06-17T03:00:00+02:00,159.52
2026-06-17T03:15:00+02:00,178.72
2026-06-17T03:30:00+02:00,174.4
2026-06-17T03:45:00+02:00,168.48
2026-06-17T04:00:00+02:00,170.64
2026-06-17T04:15:00+02:00,193.92
2026-06-17T04:30:00+02:00,190.4
2026-06-17T04:45:00+02:00,179.84
2026-06-17T05:00:00+02:00,188.88
2026-06-17T05:15:00+02:00,188.72
2026-06-17T05:30:00+02:00,197.76
2026-06-17T05:45:00+02:00,177.28
2026-06-17T06:00:00+02:00,161.52
2026-06-17T06:15:00+02:00,180.96
2026-06-17T06:30:00+02:00,187.44
2026-06-17T06:45:00+02:00,190.4
2026-06-17T07:00:00+02:00,227.04
2026-06-17T07:15:00+02:00,193.6
2026-06-17T07:30:00+02:00,196.72
2026-06-17T07:45:00+02:00,183.36
2026-06-17T08:00:00+02:00,168.8
2026-06-17T08:15:00+02:00,169.36
2026-06-17T08:30:00+02:00,127.6
2026-06-17T08:45:00+02:00,121.52
2026-06-17T09:00:00+02:00,100.48
2026-06-17T09:15:00+02:00,80.8
2026-06-17T09:30:00+02:00,147.2
2026-06-17T09:45:00+02:00,67.92
2026-06-17T10:00:00+02:00,4.4
2026-06-17T10:15:00+02:00,0.16
2026-06-17T10:30:00+02:00,0.08
2026-06-17T10:45:00+02:00,14.24
2026-06-17T11:00:00+02:00,21.36
2026-06-17T11:15:00+02:00,9.2
2026-06-17T11:30:00+02:00,0.56
2026-06-17T11:45:00+02:00,0.0
2026-06-17T12:00:00+02:00,0.0
2026-06-17T12:15:00+02:00,13.04
2026-06-17T12:30:00+02:00,72.48
2026-06-17T12:45:00+02:00,0.08
2026-06-17T13:00:00+02:00,13.92
2026-06-17T13:15:00+02:00,6.56
2026-06-17T13:30:00+02:00,1.04
2026-06-17T13:45:00+02:00,0.0
2026-06-17T14:00:00+02:00,155.28
2026-06-17T14:15:00+02:00,18.32
2026-06-17T14:30:00+02:00,11.76
2026-06-17T14:45:00+02:00,45.68
2026-06-17T15:00:00+02:00,112.16
2026-06-17T15:15:00+02:00,106.96
2026-06-17T15:30:00+02:00,98.64
2026-06-17T15:45:00+02:00,80.24
2026-06-17T16:00:00+02:00,0.0
2026-06-17T16:15:00+02:00,1.36
2026-06-17T16:30:00+02:00,0.8
2026-06-17T16:45:00+02:00,0.0
2026-06-17T17:00:00+02:00,2.64
2026-06-17T17:15:00+02:00,0.0
2026-06-17T17:30:00+02:00,38.72
2026-06-17T17:45:00+02:00,24.0
2026-06-17T18:00:00+02:00,19.44
2026-06-17T18:15:00+02:00,30.0
2026-06-17T18:30:00+02:00,66.56
2026-06-17T18:45:00+02:00,112.88
2026-06-17T19:00:00+02:00,155.44
2026-06-17T19:15:00+02:00,185.12
2026-06-17T19:30:00+02:00,218.32
2026-06-17T19:45:00+02:00,201.52
2026-06-17T20:00:00+02:00,206.72
2026-06-17T20:15:00+02:00,214.0
2026-06-17T20:30:00+02:00,232.24
2026-06-17T20:45:00+02:00,231.12
2026-06-17T21:00:00+02:00,211.84
2026-06-17T21:15:00+02:00,187.6
2026-06-17T21:30:00+02:00,207.28
2026-06-17T21:45:00+02:00,195.68
2026-06-17T22:00:00+02:00,168.32
2026-06-17T22:15:00+02:00,191.2
2026-06-17T22:30:00+02:00,189.12
2026-06-17T22:45:00+02:00,194.32
2026-06-17T23:00:00+02:00,182.8
2026-06-17T23:15:00+02:00,161.28
2026-06-17T23:30:00+02:00,185.68
2026-06-17T23:45:00+02:00,191.44
2026-06-18T00:00:00+02:00,177.44
2026-06-18T00:15:00+02:00,144.72
2026-06-18T00:30:00+02:00,159.36
2026-06-18T00:45:00+02:00,173.92
2026-06-18T01:00:00+02:00,163.68
2026-06-18T01:15:00+02:00,164.64
2026-06-18T01:30:00+02:00,171.52
2026-06-18T01:45:00+02:00,166.8
2026-06-18T02:00:00+02:00,168.24
2026-06-18T02:15:00+02:00,155.2
2026-06-18T02:30:00+02:00,152.0
2026-06-18T02:45:00+02:00,173.6
2026-06-18T03:00:00+02:00,170.56
2026-06-18T03:15:00+02:00,173.12
2026-06-18T03:30:00+02:00,187.28
2026-06-18T03:45:00+02:00,152.0
2026-06-18T04:00:00+02:00,159.76
2026-06-18T04:15:00+02:00,156.08
2026-06-18T04:30:00+02:00,176.4
2026-06-18T04:45:00+02:00,177.36
2026-06-18T05:00:00+02:00,166.96
2026-06-18T05:15:00+02:00,178.16
2026-06-18T05:30:00+02:00,169.6
2026-06-18T05:45:00+02:00,216.4
2026-06-18T06:00:00+02:00,220.32
2026-06-18T06:15:00+02:00,224.4
2026-06-18T06:30:00+02:00,235.76
2026-06-18T06:45:00+02:00,207.52
2026-06-18T07:00:00+02:00,168.08
2026-06-18T07:15:00+02:00,161.36
2026-06-18T07:30:00+02:00,75.68
2026-06-18T07:45:00+02:00,65.6
2026-06-18T08:00:00+02:00,68.4
2026-06-18T08:15:00+02:00,17.2
2026-06-18T08:30:00+02:00,6.56
2026-06-18T08:45:00+02:00,57.84
2026-06-18T09:00:00+02:00,0.0
2026-06-18T09:15:00+02:00,0.0
2026-06-18T09:30:00+02:00,0.0
2026-06-18T09:45:00+02:00,0.0
2026-06-18T10:00:00+02:00,0.0
2026-06-18T10:15:00+02:00,0.0
2026-06-18T10:30:00+02:00,0.0
2026-06-18T10:45:00+02:00,0.0
2026-06-18T11:00:00+02:00,0.0
2026-06-18T11:15:00+02:00,0.0
2026-06-18T11:30:00+02:00,0.0
2026-06-18T11:45:00+02:00,0.0
2026-06-18T12:00:00+02:00,0.0
2026-06-18T12:15:00+02:00,0.0
2026-06-18T12:30:00+02:00,0.0
2026-06-18T12:45:00+02:00,0.0
2026-06-18T13:00:00+02:00,0.0
2026-06-18T13:15:00+02:00,0.0
2026-06-18T13:30:00+02:00,0.0
2026-06-18T13:45:00+02:00,0.0
2026-06-18T14:00:00+02:00,0.0
2026-06-18T14:15:00+02:00,0.0
2026-06-18T14:30:00+02:00,0.0
2026-06-18T14:45:00+02:00,0.0
2026-06-18T15:00:00+02:00,0.0
2026-06-18T15:15:00+02:00,0.0
2026-06-18T15:30:00+02:00,0.0
2026-06-18T15:45:00+02:00,0.0
2026-06-18T16:00:00+02:00,0.0
2026-06-18T16:15:00+02:00,0.0
2026-06-18T16:30:00+02:00,0.0
2026-06-18T16:45:00+02:00,0.0
2026-06-18T17:00:00+02:00,0.0
2026-06-18T17:15:00+02:00,0.0
2026-06-18T17:30:00+02:00,0.0
2026-06-18T17:45:00+02:00,0.08
2026-06-18T18:00:00+02:00,28.56
2026-06-18T18:15:00+02:00,43.12
2026-06-18T18:30:00+02:00,51.04
2026-06-18T18:45:00+02:00,94.8
2026-06-18T19:00:00+02:00,130.32
2026-06-18T19:15:00+02:00,155.12
2026-06-18T19:30:00+02:00,192.32
2026-06-18T19:45:00+02:00,199.36
2026-06-18T20:00:00+02:00,229.04
2026-06-18T20:15:00+02:00,231.84
2026-06-18T20:30:00+02:00,220.24
2026-06-18T20:45:00+02:00,205.44
2026-06-18T21:00:00+02:00,225.04
2026-06-18T21:15:00+02:00,241.84
2026-06-18T21:30:00+02:00,231.68
2026-06-18T21:45:00+02:00,238.88
2026-06-18T22:00:00+02:00,240.64
2026-06-18T22:15:00+02:00,259.92
2026-06-18T22:30:00+02:00,275.68
2026-06-18T22:45:00+02:00,232.48
2026-06-18T23:00:00+02:00,203.52
2026-06-18T23:15:00+02:00,210.24
2026-06-18T23:30:00+02:00,213.2
2026-06-18T23:45:00+02:00,223.28
2026-06-19T00:00:00+02:00,215.6
2026-06-19T00:15:00+02:00,225.6
2026-06-19T00:30:00+02:00,205.12
2026-06-19T00:45:00+02:00,183.76
2026-06-19T01:00:00+02:00,185.68
2026-06-19T01:15:00+02:00,172.72
2026-06-19T01:30:00+02:00,171.36
2026-06-19T01:45:00+02:00,173.44
2026-06-19T02:00:00+02:00,182.4
2026-06-19T02:15:00+02:00,177.68
2026-06-19T02:30:00+02:00,176.8
2026-06-19T02:45:00+02:00,170.88
2026-06-19T03:00:00+02:00,166.72
2026-06-19T03:15:00+02:00,156.32
2026-06-19T03:30:00+02:00,143.6
2026-06-19T03:45:00+02:00,157.68
2026-06-19T04:00:00+02:00,182.56
2026-06-19T04:15:00+02:00,162.48
2026-06-19T04:30:00+02:00,168.24
2026-06-19T04:45:00+02:00,173.36
2026-06-19T05:00:00+02:00,192.72
2026-06-19T05:15:00+02:00,221.12
2026-06-19T05:30:00+02:00,187.12
2026-06-19T05:45:00+02:00,163.36
2026-06-19T06:00:00+02:00,152.8
2026-06-19T06:15:00+02:00,158.08
2026-06-19T06:30:00+02:00,171.04
2026-06-19T06:45:00+02:00,165.44
2026-06-19T07:00:00+02:00,115.36
2026-06-19T07:15:00+02:00,76.4
2026-06-19T07:30:00+02:00,49.04
2026-06-19T07:45:00+02:00,21.28
2026-06-19T08:00:00+02:00,5.84
2026-06-19T08:15:00+02:00,0.48
2026-06-19T08:30:00+02:00,0.0
2026-06-19T08:45:00+02:00,0.0
2026-06-19T09:00:00+02:00,0.0
2026-06-19T09:15:00+02:00,0.0
2026-06-19T09:30:00+02:00,0.0
2026-06-19T09:45:00+02:00,0.0
2026-06-19T10:00:00+02:00,0.0
2026-06-19T10:15:00+02:00,0.0
2026-06-19T10:30:00+02:00,0.0
2026-06-19T10:45:00+02:00,0.0
2026-06-19T11:00:00+02:00,0.0
2026-06-19T11:15:00+02:00,0.0
2026-06-19T11:30:00+02:00,0.0
2026-06-19T11:45:00+02:00,0.0
2026-06-19T12:00:00+02:00,0.0
2026-06-19T12:15:00+02:00,0.0
2026-06-19T12:30:00+02:00,0.0
2026-06-19T12:45:00+02:00,0.0
2026-06-19T13:00:00+02:00,0.0
2026-06-19T13:15:00+02:00,0.0
2026-06-19T13:30:00+02:00,0.0
2026-06-19T13:45:00+02:00,0.0
2026-06-19T14:00:00+02:00,0.0
2026-06-19T14:15:00+02:00,0.0
2026-06-19T14:30:00+02:00,0.0
2026-06-19T14:45:00+02:00,0.0
2026-06-19T15:00:00+02:00,0.0
2026-06-19T15:15:00+02:00,0.0
2026-06-19T15:30:00+02:00,0.0
2026-06-19T15:45:00+02:00,0.0
2026-06-19T16:00:00+02:00,0.0
2026-06-19T16:15:00+02:00,0.0
2026-06-19T16:30:00+02:00,0.0
2026-06-19T16:45:00+02:00,0.0
2026-06-19T17:00:00+02:00,0.0
2026-06-19T17:15:00+02:00,0.0
2026-06-19T17:30:00+02:00,0.0
2026-06-19T17:45:00+02:00,0.0
2026-06-19T18:00:00+02:00,0.0
2026-06-19T18:15:00+02:00,10.64
2026-06-19T18:30:00+02:00,44.88
2026-06-19T18:45:00+02:00,100.88
2026-06-19T19:00:00+02:00,107.2
2026-06-19T19:15:00+02:00,133.76
2026-06-19T19:30:00+02:00,193.36
2026-06-19T19:45:00+02:00,210.0
2026-06-19T20:00:00+02:00,209.76
2026-06-19T20:15:00+02:00,203.28
2026-06-19T20:30:00+02:00,204.24
2026-06-19T20:45:00+02:00,166.0
2026-06-19T21:00:00+02:00,164.72
2026-06-19T21:15:00+02:00,192.48
2026-06-19T21:30:00+02:00,182.96
2026-06-19T21:45:00+02:00,151.76
2026-06-19T22:00:00+02:00,146.24
2026-06-19T22:15:00+02:00,135.12
2026-06-19T22:30:00+02:00,138.4
2026-06-19T22:45:00+02:00,145.6
2026-06-19T23:00:00+02:00,171.28
2026-06-19T23:15:00+02:00,179.52
2026-06-19T23:30:00+02:00,169.28
2026-06-19T23:45:00+02:00,161.76
2026-06-20T00:00:00+02:00,158.08
2026-06-20T00:15:00+02:00,169.2
2026-06-20T00:30:00+02:00,186.96
2026-06-20T00:45:00+02:00,187.84
2026-06-20T01:00:00+02:00,171.36
2026-06-20T01:15:00+02:00,153.44
2026-06-20T01:30:00+02:00,155.2
2026-06-20T01:45:00+02:00,166.32
2026-06-20T02:00:00+02:00,159.92
2026-06-20T02:15:00+02:00,144.64
2026-06-20T02:30:00+02:00,149.68
2026-06-20T02:45:00+02:00,145.28
2026-06-20T03:00:00+02:00,138.56
2026-06-20T03:15:00+02:00,135.2
2026-06-20T03:30:00+02:00,128.08
2026-06-20T03:45:00+02:00,139.76
2026-06-20T04:00:00+02:00,154.64
2026-06-20T04:15:00+02:00,143.12
2026-06-20T04:30:00+02:00,131.52
2026-06-20T04:45:00+02:00,118.4
2026-06-20T05:00:00+02:00,126.48
2026-06-20T05:15:00+02:00,125.6
2026-06-20T05:30:00+02:00,108.8
2026-06-20T05:45:00+02:00,98.32
2026-06-20T06:00:00+02:00,85.92
2026-06-20T06:15:00+02:00,78.32
2026-06-20T06:30:00+02:00,46.48
2026-06-20T06:45:00+02:00,33.6
2026-06-20T07:00:00+02:00,11.6
2026-06-20T07:15:00+02:00,0.0
2026-06-20T07:30:00+02:00,0.0
2026-06-20T07:45:00+02:00,0.0
2026-06-20T08:00:00+02:00,0.0
2026-06-20T08:15:00+02:00,0.0
2026-06-20T08:30:00+02:00,0.0
2026-06-20T08:45:00+02:00,0.0
2026-06-20T09:00:00+02:00,0.0
2026-06-20T09:15:00+02:00,0.0
2026-06-20T09:30:00+02:00,0.0
2026-06-20T09:45:00+02:00,0.0
2026-06-20T10:00:00+02:00,0.0
2026-06-20T10:15:00+02:00,0.0
2026-06-20T10:30:00+02:00,0.0
2026-06-20T10:45:00+02:00,0.0
2026-06-20T11:00:00+02:00,0.0
2026-06-20T11:15:00+02:00,0.0
2026-06-20T11:30:00+02:00,0.0
2026-06-20T11:45:00+02:00,0.0
2026-06-20T12:00:00+02:00,0.0
2026-06-20T12:15:00+02:00,0.0
2026-06-20T12:30:00+02:00,55.92
2026-06-20T12:45:00+02:00,113.04
2026-06-20T13:00:00+02:00,107.76
2026-06-20T13:15:00+02:00,99.68
2026-06-20T13:30:00+02:00,121.28
2026-06-20T13:45:00+02:00,117.76
2026-06-20T14:00:00+02:00,52.48
2026-06-20T14:15:00+02:00,13.84
2026-06-20T14:30:00+02:00,15.92
2026-06-20T14:45:00+02:00,7.36
2026-06-20T15:00:00+02:00,5.28
2026-06-20T15:15:00+02:00,1.84
2026-06-20T15:30:00+02:00,0.0
2026-06-20T15:45:00+02:00,0.0
2026-06-20T16:00:00+02:00,0.0
2026-06-20T16:15:00+02:00,0.0
2026-06-20T16:30:00+02:00,0.0
2026-06-20T16:45:00+02:00,0.0
2026-06-20T17:00:00+02:00,0.0
2026-06-20T17:15:00+02:00,0.0
2026-06-20T17:30:00+02:00,0.0
2026-06-20T17:45:00+02:00,0.0
2026-06-20T18:00:00+02:00,0.0
2026-06-20T18:15:00+02:00,0.0
2026-06-20T18:30:00+02:00,0.0
2026-06-20T18:45:00+02:00,0.0
2026-06-20T19:00:00+02:00,0.0
2026-06-20T19:15:00+02:00,0.0
2026-06-20T19:30:00+02:00,0.0
2026-06-20T19:45:00+02:00,0.0
2026-06-20T20:00:00+02:00,0.4
2026-06-20T20:15:00+02:00,1.44
2026-06-20T20:30:00+02:00,6.0
2026-06-20T20:45:00+02:00,14.4
2026-06-20T21:00:00+02:00,26.56
2026-06-20T21:15:00+02:00,33.92
2026-06-20T21:30:00+02:00,37.04
2026-06-20T21:45:00+02:00,40.4
2026-06-20T22:00:00+02:00,39.6
2026-06-20T22:15:00+02:00,40.96
2026-06-20T22:30:00+02:00,39.6
2026-06-20T22:45:00+02:00,38.96
2026-06-20T23:00:00+02:00,37.68
2026-06-20T23:15:00+02:00,39.68
2026-06-20T23:30:00+02:00,39.6
2026-06-20T23:45:00+02:00,41.6
2026-06-21T00:00:00+02:00,39.28
2026-06-21T00:15:00+02:00,37.52
2026-06-21T00:30:00+02:00,37.44
2026-06-21T00:45:00+02:00,38.64
2026-06-21T01:00:00+02:00,36.88
2026-06-21T01:15:00+02:00,38.4
2026-06-21T01:30:00+02:00,38.4
2026-06-21T01:45:00+02:00,36.96
2026-06-21T02:00:00+02:00,36.8
2026-06-21T02:15:00+02:00,35.92
2026-06-21T02:30:00+02:00,37.2
2026-06-21T02:45:00+02:00,36.16
2026-06-21T03:00:00+02:00,36.08
2026-06-21T03:15:00+02:00,35.52
2026-06-21T03:30:00+02:00,36.4
2026-06-21T03:45:00+02:00,38.72
2026-06-21T04:00:00+02:00,37.52
2026-06-21T04:15:00+02:00,39.52
2026-06-21T04:30:00+02:00,37.52
2026-06-21T04:45:00+02:00,37.6
2026-06-21T05:00:00+02:00,36.08
2026-06-21T05:15:00+02:00,34.08
2026-06-21T05:30:00+02:00,29.76
2026-06-21T05:45:00+02:00,24.24
2026-06-21T06:00:00+02:00,16.64
2026-06-21T06:15:00+02:00,6.64
2026-06-21T06:30:00+02:00,0.16
2026-06-21T06:45:00+02:00,0.0
2026-06-21T07:00:00+02:00,0.0
2026-06-21T07:15:00+02:00,0.0
2026-06-21T07:30:00+02:00,0.0
2026-06-21T07:45:00+02:00,0.0
2026-06-21T08:00:00+02:00,0.0
2026-06-21T08:15:00+02:00,0.0
2026-06-21T08:30:00+02:00,0.0
2026-06-21T08:45:00+02:00,0.0
2026-06-21T09:00:00+02:00,0.0
2026-06-21T09:15:00+02:00,0.0
2026-06-21T09:30:00+02:00,0.0
2026-06-21T09:45:00+02:00,0.0
2026-06-21T10:00:00+02:00,0.0
2026-06-21T10:15:00+02:00,0.0
2026-06-21T10:30:00+02:00,0.0
2026-06-21T10:45:00+02:00,0.0
2026-06-21T11:00:00+02:00,0.0
2026-06-21T11:15:00+02:00,0.0
2026-06-21T11:30:00+02:00,0.0
2026-06-21T11:45:00+02:00,0.0
2026-06-21T12:00:00+02:00,0.0
2026-06-21T12:15:00+02:00,0.0
2026-06-21T12:30:00+02:00,0.0
2026-06-21T12:45:00+02:00,0.0
2026-06-21T13:00:00+02:00,0.0
2026-06-21T13:15:00+02:00,0.0
2026-06-21T13:30:00+02:00,0.0
2026-06-21T13:45:00+02:00,0.0
2026-06-21T14:00:00+02:00,0.0
2026-06-21T14:15:00+02:00,0.0
2026-06-21T14:30:00+02:00,0.0
2026-06-21T14:45:00+02:00,0.0
2026-06-21T15:00:00+02:00,0.0
2026-06-21T15:15:00+02:00,0.0
2026-06-21T15:30:00+02:00,0.0
2026-06-21T15:45:00+02:00,0.0
2026-06-21T16:00:00+02:00,0.0
2026-06-21T16:15:00+02:00,0.0
2026-06-21T16:30:00+02:00,0.0
2026-06-21T16:45:00+02:00,0.0
2026-06-21T17:00:00+02:00,0.0
2026-06-21T17:15:00+02:00,0.0
2026-06-21T17:30:00+02:00,0.0
2026-06-21T17:45:00+02:00,0.0
2026-06-21T18:00:00+02:00,0.0
2026-06-21T18:15:00+02:00,0.0
2026-06-21T18:30:00+02:00,0.0
2026-06-21T18:45:00+02:00,0.0
2026-06-21T19:00:00+02:00,0.0
2026-06-21T19:15:00+02:00,0.0
2026-06-21T19:30:00+02:00,0.0
2026-06-21T19:45:00+02:00,7.28
2026-06-21T20:00:00+02:00,20.8
2026-06-21T20:15:00+02:00,27.76
2026-06-21T20:30:00+02:00,31.28
2026-06-21T20:45:00+02:00,31.6
2026-06-21T21:00:00+02:00,32.4
2026-06-21T21:15:00+02:00,35.04
2026-06-21T21:30:00+02:00,41.2
2026-06-21T21:45:00+02:00,43.6
2026-06-21T22:00:00+02:00,43.36
2026-06-21T22:15:00+02:00,44.72
2026-06-21T22:30:00+02:00,45.2
2026-06-21T22:45:00+02:00,44.56
2026-06-21T23:00:00+02:00,42.8
2026-06-21T23:15:00+02:00,42.48
2026-06-21T23:30:00+02:00,44.64
2026-06-21T23:45:00+02:00,44.64
2026-06-22T00:00:00+02:00,46.16
2026-06-22T00:15:00+02:00,50.56
2026-06-22T00:30:00+02:00,44.96
2026-06-22T00:45:00+02:00,44.32
2026-06-22T01:00:00+02:00,43.04
2026-06-22T01:15:00+02:00,45.2
2026-06-22T01:30:00+02:00,44.4
2026-06-22T01:45:00+02:00,44.64
2026-06-22T02:00:00+02:00,42.4
2026-06-22T02:15:00+02:00,44.32
2026-06-22T02:30:00+02:00,43.92
2026-06-22T02:45:00+02:00,44.88
2026-06-22T03:00:00+02:00,41.44
2026-06-22T03:15:00+02:00,44.56
2026-06-22T03:30:00+02:00,47.68
2026-06-22T03:45:00+02:00,47.12
2026-06-22T04:00:00+02:00,44.8
2026-06-22T04:15:00+02:00,48.32
2026-06-22T04:30:00+02:00,52.88
2026-06-22T04:45:00+02:00,50.48
2026-06-22T05:00:00+02:00,49.04
2026-06-22T05:15:00+02:00,49.84
2026-06-22T05:30:00+02:00,76.48
2026-06-22T05:45:00+02:00,100.08
2026-06-22T06:00:00+02:00,119.6
2026-06-22T06:15:00+02:00,164.0
2026-06-22T06:30:00+02:00,148.96
2026-06-22T06:45:00+02:00,127.92
2026-06-22T07:00:00+02:00,121.2
2026-06-22T07:15:00+02:00,112.24
2026-06-22T07:30:00+02:00,74.32
2026-06-22T07:45:00+02:00,31.68
2026-06-22T08:00:00+02:00,2.8
2026-06-22T08:15:00+02:00,2.64
2026-06-22T08:30:00+02:00,1.28
2026-06-22T08:45:00+02:00,0.24
2026-06-22T09:00:00+02:00,0.0
2026-06-22T09:15:00+02:00,0.0
2026-06-22T09:30:00+02:00,0.0
2026-06-22T09:45:00+02:00,0.0
2026-06-22T10:00:00+02:00,0.0
2026-06-22T10:15:00+02:00,0.0
2026-06-22T10:30:00+02:00,0.0
2026-06-22T10:45:00+02:00,0.0
2026-06-22T11:00:00+02:00,0.0
2026-06-22T11:15:00+02:00,0.0
2026-06-22T11:30:00+02:00,0.0
2026-06-22T11:45:00+02:00,0.0
2026-06-22T12:00:00+02:00,0.0
2026-06-22T12:15:00+02:00,0.0
2026-06-22T12:30:00+02:00,0.0
2026-06-22T12:45:00+02:00,0.0
2026-06-22T13:00:00+02:00,0.0
2026-06-22T13:15:00+02:00,0.0
2026-06-22T13:30:00+02:00,0.0
2026-06-22T13:45:00+02:00,0.0
2026-06-22T14:00:00+02:00,0.0
2026-06-22T14:15:00+02:00,0.0
2026-06-22T14:30:00+02:00,0.0
2026-06-22T14:45:00+02:00,0.0
2026-06-22T15:00:00+02:00,0.32
2026-06-22T15:15:00+02:00,0.48
2026-06-22T15:30:00+02:00,0.0
2026-06-22T15:45:00+02:00,12.4
2026-06-22T16:00:00+02:00,0.0
2026-06-22T16:15:00+02:00,0.0
2026-06-22T16:30:00+02:00,0.0
2026-06-22T16:45:00+02:00,2.0
2026-06-22T17:00:00+02:00,0.0
2026-06-22T17:15:00+02:00,0.0
2026-06-22T17:30:00+02:00,0.0
2026-06-22T17:45:00+02:00,0.8
2026-06-22T18:00:00+02:00,15.44
2026-06-22T18:15:00+02:00,36.72
2026-06-22T18:30:00+02:00,82.72
2026-06-22T18:45:00+02:00,106.56
2026-06-22T19:00:00+02:00,165.36
2026-06-22T19:15:00+02:00,170.96
2026-06-22T19:30:00+02:00,185.84
2026-06-22T19:45:00+02:00,209.04
2026-06-22T20:00:00+02:00,228.72
2026-06-22T20:15:00+02:00,279.36
2026-06-22T20:30:00+02:00,267.6
2026-06-22T20:45:00+02:00,258.32
2026-06-22T21:00:00+02:00,289.44
2026-06-22T21:15:00+02:00,288.24
2026-06-22T21:30:00+02:00,264.4
2026-06-22T21:45:00+02:00,267.36
2026-06-22T22:00:00+02:00,255.76
2026-06-22T22:15:00+02:00,240.88
2026-06-22T22:30:00+02:00,249.12
2026-06-22T22:45:00+02:00,252.88
2026-06-22T23:00:00+02:00,234.48
2026-06-22T23:15:00+02:00,237.44
2026-06-22T23:30:00+02:00,245.28
2026-06-22T23:45:00+02:00,212.96
2026-06-23T00:00:00+02:00,222.4
2026-06-23T00:15:00+02:00,221.84
2026-06-23T00:30:00+02:00,235.2
2026-06-23T00:45:00+02:00,255.6
2026-06-23T01:00:00+02:00,236.96
2026-06-23T01:15:00+02:00,252.72
2026-06-23T01:30:00+02:00,242.48
2026-06-23T01:45:00+02:00,226.16
2026-06-23T02:00:00+02:00,235.6
2026-06-23T02:15:00+02:00,240.08
2026-06-23T02:30:00+02:00,228.16
2026-06-23T02:45:00+02:00,222.16
2026-06-23T03:00:00+02:00,230.16
2026-06-23T03:15:00+02:00,239.68
2026-06-23T03:30:00+02:00,221.28
2026-06-23T03:45:00+02:00,210.32
2026-06-23T04:00:00+02:00,207.04
2026-06-23T04:15:00+02:00,186.96
2026-06-23T04:30:00+02:00,187.28
2026-06-23T04:45:00+02:00,161.28
2026-06-23T05:00:00+02:00,185.44
2026-06-23T05:15:00+02:00,192.72
2026-06-23T05:30:00+02:00,178.0
2026-06-23T05:45:00+02:00,219.36
2026-06-23T06:00:00+02:00,201.28
2026-06-23T06:15:00+02:00,207.36
2026-06-23T06:30:00+02:00,189.84
2026-06-23T06:45:00+02:00,156.16
2026-06-23T07:00:00+02:00,178.0
2026-06-23T07:15:00+02:00,141.44
2026-06-23T07:30:00+02:00,85.52
2026-06-23T07:45:00+02:00,102.24
2026-06-23T08:00:00+02:00,117.76
2026-06-23T08:15:00+02:00,9.6
2026-06-23T08:30:00+02:00,105.68
2026-06-23T08:45:00+02:00,11.6
2026-06-23T09:00:00+02:00,0.0
2026-06-23T09:15:00+02:00,0.0
2026-06-23T09:30:00+02:00,0.0
2026-06-23T09:45:00+02:00,0.0
2026-06-23T10:00:00+02:00,0.0
2026-06-23T10:15:00+02:00,2.4
2026-06-23T10:30:00+02:00,0.0
2026-06-23T10:45:00+02:00,0.0
2026-06-23T11:00:00+02:00,0.0
2026-06-23T11:15:00+02:00,0.0
2026-06-23T11:30:00+02:00,0.0
2026-06-23T11:45:00+02:00,0.0
2026-06-23T12:00:00+02:00,0.0
2026-06-23T12:15:00+02:00,0.0
2026-06-23T12:30:00+02:00,0.0
2026-06-23T12:45:00+02:00,0.0
2026-06-23T13:00:00+02:00,0.0
2026-06-23T13:15:00+02:00,0.0
2026-06-23T13:30:00+02:00,0.0
2026-06-23T13:45:00+02:00,0.0
2026-06-23T14:00:00+02:00,0.0
2026-06-23T14:15:00+02:00,84.56
2026-06-23T14:30:00+02:00,49.52
2026-06-23T14:45:00+02:00,180.32
2026-06-23T15:00:00+02:00,184.64
2026-06-23T15:15:00+02:00,191.36
2026-06-23T15:30:00+02:00,199.2
2026-06-23T15:45:00+02:00,112.16
2026-06-23T16:00:00+02:00,34.0
2026-06-23T16:15:00+02:00,0.0
2026-06-23T16:30:00+02:00,0.0
2026-06-23T16:45:00+02:00,3.36
2026-06-23T17:00:00+02:00,116.8
2026-06-23T17:15:00+02:00,73.04
2026-06-23T17:30:00+02:00,0.0
2026-06-23T17:45:00+02:00,50.88
2026-06-23T18:00:00+02:00,102.0
2026-06-23T18:15:00+02:00,179.52
2026-06-23T18:30:00+02:00,144.08
2026-06-23T18:45:00+02:00,125.6
2026-06-23T19:00:00+02:00,187.76
2026-06-23T19:15:00+02:00,208.0
2026-06-23T19:30:00+02:00,250.0
2026-06-23T19:45:00+02:00,263.68
2026-06-23T20:00:00+02:00,249.92
2026-06-23T20:15:00+02:00,272.96
2026-06-23T20:30:00+02:00,285.36
2026-06-23T20:45:00+02:00,309.44
2026-06-23T21:00:00+02:00,301.28
2026-06-23T21:15:00+02:00,294.08
2026-06-23T21:30:00+02:00,297.84
2026-06-23T21:45:00+02:00,294.96
2026-06-23T22:00:00+02:00,283.44
2026-06-23T22:15:00+02:00,252.48
2026-06-23T22:30:00+02:00,239.84
2026-06-23T22:45:00+02:00,245.44
2026-06-23T23:00:00+02:00,244.56
2026-06-23T23:15:00+02:00,250.72
2026-06-23T23:30:00+02:00,275.36
2026-06-23T23:45:00+02:00,264.48
2026-06-24T00:00:00+02:00,243.92
2026-06-24T00:15:00+02:00,255.76
2026-06-24T00:30:00+02:00,262.24
2026-06-24T00:45:00+02:00,257.36
2026-06-24T01:00:00+02:00,244.48
2026-06-24T01:15:00+02:00,237.52
2026-06-24T01:30:00+02:00,264.48
2026-06-24T01:45:00+02:00,269.84
2026-06-24T02:00:00+02:00,216.08
2026-06-24T02:15:00+02:00,222.08
2026-06-24T02:30:00+02:00,233.44
2026-06-24T02:45:00+02:00,238.88
2026-06-24T03:00:00+02:00,247.2
2026-06-24T03:15:00+02:00,278.0
2026-06-24T03:30:00+02:00,255.84
2026-06-24T03:45:00+02:00,252.48
2026-06-24T04:00:00+02:00,249.12
2026-06-24T04:15:00+02:00,234.64
2026-06-24T04:30:00+02:00,222.8
2026-06-24T04:45:00+02:00,227.84
2026-06-24T05:00:00+02:00,228.48
2026-06-24T05:15:00+02:00,246.96
2026-06-24T05:30:00+02:00,239.12
2026-06-24T05:45:00+02:00,249.52
2026-06-24T06:00:00+02:00,261.28
2026-06-24T06:15:00+02:00,234.64
2026-06-24T06:30:00+02:00,218.24
2026-06-24T06:45:00+02:00,210.24
2026-06-24T07:00:00+02:00,187.28
2026-06-24T07:15:00+02:00,124.72
2026-06-24T07:30:00+02:00,87.76
2026-06-24T07:45:00+02:00,75.92
2026-06-24T08:00:00+02:00,62.64
2026-06-24T08:15:00+02:00,90.16
2026-06-24T08:30:00+02:00,135.04
2026-06-24T08:45:00+02:00,22.56
2026-06-24T09:00:00+02:00,40.32
2026-06-24T09:15:00+02:00,3.6
2026-06-24T09:30:00+02:00,3.76
2026-06-24T09:45:00+02:00,0.0
2026-06-24T10:00:00+02:00,0.0
2026-06-24T10:15:00+02:00,0.0
2026-06-24T10:30:00+02:00,0.0
2026-06-24T10:45:00+02:00,0.0
2026-06-24T11:00:00+02:00,0.0
2026-06-24T11:15:00+02:00,0.0
2026-06-24T11:30:00+02:00,0.0
2026-06-24T11:45:00+02:00,0.0
2026-06-24T12:00:00+02:00,0.0
2026-06-24T12:15:00+02:00,0.0
2026-06-24T12:30:00+02:00,0.0
2026-06-24T12:45:00+02:00,0.0
2026-06-24T13:00:00+02:00,0.0
2026-06-24T13:15:00+02:00,0.0
2026-06-24T13:30:00+02:00,0.0
2026-06-24T13:45:00+02:00,0.0
2026-06-24T14:00:00+02:00,0.0
2026-06-24T14:15:00+02:00,22.4
2026-06-24T14:30:00+02:00,11.6
2026-06-24T14:45:00+02:00,0.0
2026-06-24T15:00:00+02:00,0.0
2026-06-24T15:15:00+02:00,0.0
2026-06-24T15:30:00+02:00,0.0
2026-06-24T15:45:00+02:00,0.0
2026-06-24T16:00:00+02:00,0.0
2026-06-24T16:15:00+02:00,0.0
2026-06-24T16:30:00+02:00,0.0
2026-06-24T16:45:00+02:00,0.8
2026-06-24T17:00:00+02:00,60.32
2026-06-24T17:15:00+02:00,0.0
2026-06-24T17:30:00+02:00,43.36
2026-06-24T17:45:00+02:00,14.08
2026-06-24T18:00:00+02:00,54.16
2026-06-24T18:15:00+02:00,59.68
2026-06-24T18:30:00+02:00,152.96
2026-06-24T18:45:00+02:00,166.88
2026-06-24T19:00:00+02:00,199.68
2026-06-24T19:15:00+02:00,221.68
2026-06-24T19:30:00+02:00,225.36
2026-06-24T19:45:00+02:00,221.6
2026-06-24T20:00:00+02:00,254.48
2026-06-24T20:15:00+02:00,263.36
2026-06-24T20:30:00+02:00,262.16
2026-06-24T20:45:00+02:00,251.68
2026-06-24T21:00:00+02:00,257.68
2026-06-24T21:15:00+02:00,254.4
2026-06-24T21:30:00+02:00,258.64
2026-06-24T21:45:00+02:00,250.4
2026-06-24T22:00:00+02:00,252.96
2026-06-24T22:15:00+02:00,230.32
2026-06-24T22:30:00+02:00,239.92
2026-06-24T22:45:00+02:00,236.72
2026-06-24T23:00:00+02:00,250.72
2026-06-24T23:15:00+02:00,247.36
2026-06-24T23:30:00+02:00,266.48
2026-06-24T23:45:00+02:00,251.68
2026-06-25T00:00:00+02:00,242.8
2026-06-25T00:15:00+02:00,244.48
2026-06-25T00:30:00+02:00,232.72
2026-06-25T00:45:00+02:00,226.48
2026-06-25T01:00:00+02:00,208.0
2026-06-25T01:15:00+02:00,210.56
2026-06-25T01:30:00+02:00,219.6
2026-06-25T01:45:00+02:00,224.24
2026-06-25T02:00:00+02:00,239.68
2026-06-25T02:15:00+02:00,221.76
2026-06-25T02:30:00+02:00,229.76
2026-06-25T02:45:00+02:00,223.68
2026-06-25T03:00:00+02:00,224.0
2026-06-25T03:15:00+02:00,231.28
2026-06-25T03:30:00+02:00,229.44
2026-06-25T03:45:00+02:00,221.04
2026-06-25T04:00:00+02:00,246.16
2026-06-25T04:15:00+02:00,245.2
2026-06-25T04:30:00+02:00,218.08
2026-06-25T04:45:00+02:00,227.2
2026-06-25T05:00:00+02:00,234.32
2026-06-25T05:15:00+02:00,243.44
2026-06-25T05:30:00+02:00,231.84
2026-06-25T05:45:00+02:00,229.28
2026-06-25T06:00:00+02:00,212.56
2026-06-25T06:15:00+02:00,214.4
2026-06-25T06:30:00+02:00,210.72
2026-06-25T06:45:00+02:00,223.76
2026-06-25T07:00:00+02:00,197.92
2026-06-25T07:15:00+02:00,170.64
2026-06-25T07:30:00+02:00,150.08
2026-06-25T07:45:00+02:00,99.2
2026-06-25T08:00:00+02:00,74.56
2026-06-25T08:15:00+02:00,49.52
2026-06-25T08:30:00+02:00,26.56
2026-06-25T08:45:00+02:00,13.12
2026-06-25T09:00:00+02:00,0.0
2026-06-25T09:15:00+02:00,0.0
2026-06-25T09:30:00+02:00,0.0
2026-06-25T09:45:00+02:00,0.0
2026-06-25T10:00:00+02:00,0.0
2026-06-25T10:15:00+02:00,0.0
2026-06-25T10:30:00+02:00,0.0
2026-06-25T10:45:00+02:00,0.0
2026-06-25T11:00:00+02:00,0.0
2026-06-25T11:15:00+02:00,0.0
2026-06-25T11:30:00+02:00,0.0
2026-06-25T11:45:00+02:00,0.0
2026-06-25T12:00:00+02:00,0.0
2026-06-25T12:15:00+02:00,0.0
2026-06-25T12:30:00+02:00,0.0
2026-06-25T12:45:00+02:00,0.0
2026-06-25T13:00:00+02:00,0.0
2026-06-25T13:15:00+02:00,0.0
2026-06-25T13:30:00+02:00,0.0
2026-06-25T13:45:00+02:00,0.0
2026-06-25T14:00:00+02:00,0.0
2026-06-25T14:15:00+02:00,0.0
2026-06-25T14:30:00+02:00,0.0
2026-06-25T14:45:00+02:00,0.0
2026-06-25T15:00:00+02:00,0.0
2026-06-25T15:15:00+02:00,0.0
2026-06-25T15:30:00+02:00,0.0
2026-06-25T15:45:00+02:00,0.0
2026-06-25T16:00:00+02:00,0.0
2026-06-25T16:15:00+02:00,0.0
2026-06-25T16:30:00+02:00,0.0
2026-06-25T16:45:00+02:00,0.0
2026-06-25T17:00:00+02:00,0.0
2026-06-25T17:15:00+02:00,0.0
2026-06-25T17:30:00+02:00,0.08
2026-06-25T17:45:00+02:00,14.16
2026-06-25T18:00:00+02:00,46.72
2026-06-25T18:15:00+02:00,65.92
2026-06-25T18:30:00+02:00,91.36
2026-06-25T18:45:00+02:00,104.72
2026-06-25T19:00:00+02:00,135.44
2026-06-25T19:15:00+02:00,172.32
2026-06-25T19:30:00+02:00,215.76
2026-06-25T19:45:00+02:00,251.36
2026-06-25T20:00:00+02:00,250.32
2026-06-25T20:15:00+02:00,259.04
2026-06-25T20:30:00+02:00,258.4
2026-06-25T20:45:00+02:00,286.96
2026-06-25T21:00:00+02:00,308.56
2026-06-25T21:15:00+02:00,283.68
2026-06-25T21:30:00+02:00,274.4
2026-06-25T21:45:00+02:00,267.84
2026-06-25T22:00:00+02:00,251.44
2026-06-25T22:15:00+02:00,265.04
2026-06-25T22:30:00+02:00,250.8
2026-06-25T22:45:00+02:00,218.72
2026-06-25T23:00:00+02:00,234.16
2026-06-25T23:15:00+02:00,250.16
2026-06-25T23:30:00+02:00,252.08
2026-06-25T23:45:00+02:00,269.68
2026-06-26T00:00:00+02:00,256.8
2026-06-26T00:15:00+02:00,261.04
2026-06-26T00:30:00+02:00,234.8
2026-06-26T00:45:00+02:00,216.72
2026-06-26T01:00:00+02:00,197.28
2026-06-26T01:15:00+02:00,212.32
2026-06-26T01:30:00+02:00,245.68
2026-06-26T01:45:00+02:00,269.44
2026-06-26T02:00:00+02:00,256.48
2026-06-26T02:15:00+02:00,243.12
2026-06-26T02:30:00+02:00,233.04
2026-06-26T02:45:00+02:00,221.2
2026-06-26T03:00:00+02:00,207.36
2026-06-26T03:15:00+02:00,212.32
2026-06-26T03:30:00+02:00,215.04
2026-06-26T03:45:00+02:00,201.12
2026-06-26T04:00:00+02:00,227.52
2026-06-26T04:15:00+02:00,220.8
2026-06-26T04:30:00+02:00,219.68
2026-06-26T04:45:00+02:00,226.48
2026-06-26T05:00:00+02:00,220.72
2026-06-26T05:15:00+02:00,219.04
2026-06-26T05:30:00+02:00,190.8
2026-06-26T05:45:00+02:00,121.84
2026-06-26T06:00:00+02:00,115.2
2026-06-26T06:15:00+02:00,140.64
2026-06-26T06:30:00+02:00,131.68
2026-06-26T06:45:00+02:00,122.08
2026-06-26T07:00:00+02:00,117.52
2026-06-26T07:15:00+02:00,108.72
2026-06-26T07:30:00+02:00,75.44
2026-06-26T07:45:00+02:00,30.8
2026-06-26T08:00:00+02:00,25.84
2026-06-26T08:15:00+02:00,7.92
2026-06-26T08:30:00+02:00,0.24
2026-06-26T08:45:00+02:00,0.0
2026-06-26T09:00:00+02:00,0.0
2026-06-26T09:15:00+02:00,0.0
2026-06-26T09:30:00+02:00,0.0
2026-06-26T09:45:00+02:00,0.0
2026-06-26T10:00:00+02:00,0.0
2026-06-26T10:15:00+02:00,0.0
2026-06-26T10:30:00+02:00,0.0
2026-06-26T10:45:00+02:00,0.0
2026-06-26T11:00:00+02:00,0.0
2026-06-26T11:15:00+02:00,0.0
2026-06-26T11:30:00+02:00,0.0
2026-06-26T11:45:00+02:00,0.0
2026-06-26T12:00:00+02:00,0.0
2026-06-26T12:15:00+02:00,0.0
2026-06-26T12:30:00+02:00,0.0
2026-06-26T12:45:00+02:00,0.0
2026-06-26T13:00:00+02:00,0.0
2026-06-26T13:15:00+02:00,0.0
2026-06-26T13:30:00+02:00,0.0
2026-06-26T13:45:00+02:00,0.0
2026-06-26T14:00:00+02:00,0.0
2026-06-26T14:15:00+02:00,0.0
2026-06-26T14:30:00+02:00,0.0
2026-06-26T14:45:00+02:00,0.0
2026-06-26T15:00:00+02:00,0.0
2026-06-26T15:15:00+02:00,0.0
2026-06-26T15:30:00+02:00,0.0
2026-06-26T15:45:00+02:00,0.0
2026-06-26T16:00:00+02:00,0.0
2026-06-26T16:15:00+02:00,0.0
2026-06-26T16:30:00+02:00,0.0
2026-06-26T16:45:00+02:00,0.0
2026-06-26T17:00:00+02:00,0.0
2026-06-26T17:15:00+02:00,0.0
2026-06-26T17:30:00+02:00,0.0
2026-06-26T17:45:00+02:00,1.6
2026-06-26T18:00:00+02:00,18.4
2026-06-26T18:15:00+02:00,53.92
2026-06-26T18:30:00+02:00,118.8
2026-06-26T18:45:00+02:00,132.16
2026-06-26T19:00:00+02:00,159.52
2026-06-26T19:15:00+02:00,215.2
2026-06-26T19:30:00+02:00,243.04
2026-06-26T19:45:00+02:00,271.52
2026-06-26T20:00:00+02:00,248.0
2026-06-26T20:15:00+02:00,267.2
2026-06-26T20:30:00+02:00,265.28
2026-06-26T20:45:00+02:00,284.8
2026-06-26T21:00:00+02:00,272.96
2026-06-26T21:15:00+02:00,248.8
2026-06-26T21:30:00+02:00,247.12
2026-06-26T21:45:00+02:00,237.68
2026-06-26T22:00:00+02:00,233.28
2026-06-26T22:15:00+02:00,214.8
2026-06-26T22:30:00+02:00,232.0
2026-06-26T22:45:00+02:00,249.04
2026-06-26T23:00:00+02:00,234.24
2026-06-26T23:15:00+02:00,220.88
2026-06-26T23:30:00+02:00,228.88
2026-06-26T23:45:00+02:00,221.84
2026-06-27T00:00:00+02:00,189.28
2026-06-27T00:15:00+02:00,192.56
2026-06-27T00:30:00+02:00,202.08
2026-06-27T00:45:00+02:00,210.64
2026-06-27T01:00:00+02:00,216.32
2026-06-27T01:15:00+02:00,216.56
2026-06-27T01:30:00+02:00,231.2
2026-06-27T01:45:00+02:00,217.52
2026-06-27T02:00:00+02:00,204.72
2026-06-27T02:15:00+02:00,207.92
2026-06-27T02:30:00+02:00,215.76
2026-06-27T02:45:00+02:00,202.88
2026-06-27T03:00:00+02:00,196.08
2026-06-27T03:15:00+02:00,192.0
2026-06-27T03:30:00+02:00,186.24
2026-06-27T03:45:00+02:00,154.0
2026-06-27T04:00:00+02:00,164.32
2026-06-27T04:15:00+02:00,158.96
2026-06-27T04:30:00+02:00,155.12
2026-06-27T04:45:00+02:00,159.76
2026-06-27T05:00:00+02:00,154.96
2026-06-27T05:15:00+02:00,150.08
2026-06-27T05:30:00+02:00,147.52
2026-06-27T05:45:00+02:00,111.36
2026-06-27T06:00:00+02:00,103.44
2026-06-27T06:15:00+02:00,109.6
2026-06-27T06:30:00+02:00,113.84
2026-06-27T06:45:00+02:00,71.92
2026-06-27T07:00:00+02:00,52.64
2026-06-27T07:15:00+02:00,24.08
2026-06-27T07:30:00+02:00,18.08
2026-06-27T07:45:00+02:00,0.0
2026-06-27T08:00:00+02:00,0.0
2026-06-27T08:15:00+02:00,0.0
2026-06-27T08:30:00+02:00,0.0
2026-06-27T08:45:00+02:00,0.0
2026-06-27T09:00:00+02:00,0.0
2026-06-27T09:15:00+02:00,0.0
2026-06-27T09:30:00+02:00,0.0
2026-06-27T09:45:00+02:00,0.0
2026-06-27T10:00:00+02:00,0.0
2026-06-27T10:15:00+02:00,0.0
2026-06-27T10:30:00+02:00,0.0
2026-06-27T10:45:00+02:00,0.0
2026-06-27T11:00:00+02:00,0.0
2026-06-27T11:15:00+02:00,0.0
2026-06-27T11:30:00+02:00,0.0
2026-06-27T11:45:00+02:00,0.0
2026-06-27T12:00:00+02:00,0.0
2026-06-27T12:15:00+02:00,0.0
2026-06-27T12:30:00+02:00,0.0
2026-06-27T12:45:00+02:00,0.0
2026-06-27T13:00:00+02:00,0.0
2026-06-27T13:15:00+02:00,0.0
2026-06-27T13:30:00+02:00,0.0
2026-06-27T13:45:00+02:00,0.0
2026-06-27T14:00:00+02:00,0.0
2026-06-27T14:15:00+02:00,0.0
2026-06-27T14:30:00+02:00,0.0
2026-06-27T14:45:00+02:00,0.0
2026-06-27T15:00:00+02:00,0.0
2026-06-27T15:15:00+02:00,0.0
2026-06-27T15:30:00+02:00,0.0
2026-06-27T15:45:00+02:00,0.0
2026-06-27T16:00:00+02:00,0.0
2026-06-27T16:15:00+02:00,0.0
2026-06-27T16:30:00+02:00,0.0
2026-06-27T16:45:00+02:00,0.0
2026-06-27T17:00:00+02:00,0.0
2026-06-27T17:15:00+02:00,0.0
2026-06-27T17:30:00+02:00,0.0
2026-06-27T17:45:00+02:00,0.0
2026-06-27T18:00:00+02:00,0.0
2026-06-27T18:15:00+02:00,0.0
2026-06-27T18:30:00+02:00,0.0
2026-06-27T18:45:00+02:00,0.0
2026-06-27T19:00:00+02:00,0.0
2026-06-27T19:15:00+02:00,0.0
2026-06-27T19:30:00+02:00,0.32
2026-06-27T19:45:00+02:00,7.28
2026-06-27T20:00:00+02:00,21.2
2026-06-27T20:15:00+02:00,34.4
2026-06-27T20:30:00+02:00,42.08
2026-06-27T20:45:00+02:00,47.36
2026-06-27T21:00:00+02:00,50.64
2026-06-27T21:15:00+02:00,56.48
2026-06-27T21:30:00+02:00,55.52
2026-06-27T21:45:00+02:00,49.84
2026-06-27T22:00:00+02:00,49.52
2026-06-27T22:15:00+02:00,57.52
2026-06-27T22:30:00+02:00,48.56
2026-06-27T22:45:00+02:00,46.48
2026-06-27T23:00:00+02:00,48.96
2026-06-27T23:15:00+02:00,44.32
2026-06-27T23:30:00+02:00,44.24
2026-06-27T23:45:00+02:00,48.8
2026-06-28T00:00:00+02:00,46.72
2026-06-28T00:15:00+02:00,42.0
2026-06-28T00:30:00+02:00,43.76
2026-06-28T00:45:00+02:00,42.0
2026-06-28T01:00:00+02:00,41.04
2026-06-28T01:15:00+02:00,40.4
2026-06-28T01:30:00+02:00,41.44
2026-06-28T01:45:00+02:00,41.04
2026-06-28T02:00:00+02:00,40.64
2026-06-28T02:15:00+02:00,42.4
2026-06-28T02:30:00+02:00,40.88
2026-06-28T02:45:00+02:00,40.48
2026-06-28T03:00:00+02:00,41.76
2026-06-28T03:15:00+02:00,39.36
2026-06-28T03:30:00+02:00,39.76
2026-06-28T03:45:00+02:00,39.84
2026-06-28T04:00:00+02:00,39.28
2026-06-28T04:15:00+02:00,38.88
2026-06-28T04:30:00+02:00,42.16
2026-06-28T04:45:00+02:00,41.2
2026-06-28T05:00:00+02:00,41.28
2026-06-28T05:15:00+02:00,39.36
2026-06-28T05:30:00+02:00,38.24
2026-06-28T05:45:00+02:00,31.84
2026-06-28T06:00:00+02:00,31.2
2026-06-28T06:15:00+02:00,16.56
2026-06-28T06:30:00+02:00,4.88
2026-06-28T06:45:00+02:00,0.0
2026-06-28T07:00:00+02:00,0.0
2026-06-28T07:15:00+02:00,0.0
2026-06-28T07:30:00+02:00,0.0
2026-06-28T07:45:00+02:00,0.0
2026-06-28T08:00:00+02:00,0.0
2026-06-28T08:15:00+02:00,0.0
2026-06-28T08:30:00+02:00,0.0
2026-06-28T08:45:00+02:00,0.0
2026-06-28T09:00:00+02:00,0.0
2026-06-28T09:15:00+02:00,0.0
2026-06-28T09:30:00+02:00,0.0
2026-06-28T09:45:00+02:00,0.0
2026-06-28T10:00:00+02:00,0.0
2026-06-28T10:15:00+02:00,0.0
2026-06-28T10:30:00+02:00,0.0
2026-06-28T10:45:00+02:00,0.0
2026-06-28T11:00:00+02:00,0.0
2026-06-28T11:15:00+02:00,0.0
2026-06-28T11:30:00+02:00,0.0
2026-06-28T11:45:00+02:00,0.0
2026-06-28T12:00:00+02:00,0.0
2026-06-28T12:15:00+02:00,0.0
2026-06-28T12:30:00+02:00,0.0
2026-06-28T12:45:00+02:00,0.0
2026-06-28T13:00:00+02:00,0.0
2026-06-28T13:15:00+02:00,0.0
2026-06-28T13:30:00+02:00,0.0
2026-06-28T13:45:00+02:00,38.56
2026-06-28T14:00:00+02:00,43.2
2026-06-28T14:15:00+02:00,48.32
2026-06-28T14:30:00+02:00,52.64
2026-06-28T14:45:00+02:00,47.68
2026-06-28T15:00:00+02:00,44.0
2026-06-28T15:15:00+02:00,45.6
2026-06-28T15:30:00+02:00,45.52
2026-06-28T15:45:00+02:00,46.24
2026-06-28T16:00:00+02:00,43.2
2026-06-28T16:15:00+02:00,6.88
2026-06-28T16:30:00+02:00,0.0
2026-06-28T16:45:00+02:00,0.0
2026-06-28T17:00:00+02:00,0.0
2026-06-28T17:15:00+02:00,0.0
2026-06-28T17:30:00+02:00,0.0
2026-06-28T17:45:00+02:00,0.0
2026-06-28T18:00:00+02:00,0.0
2026-06-28T18:15:00+02:00,0.0
2026-06-28T18:30:00+02:00,0.0
2026-06-28T18:45:00+02:00,0.0
2026-06-28T19:00:00+02:00,0.0
2026-06-28T19:15:00+02:00,0.0
2026-06-28T19:30:00+02:00,0.56
2026-06-28T19:45:00+02:00,20.88
2026-06-28T20:00:00+02:00,27.36
2026-06-28T20:15:00+02:00,34.0
2026-06-28T20:30:00+02:00,40.32
2026-06-28T20:45:00+02:00,45.28
2026-06-28T21:00:00+02:00,47.68
2026-06-28T21:15:00+02:00,49.44
2026-06-28T21:30:00+02:00,49.36
2026-06-28T21:45:00+02:00,50.32
2026-06-28T22:00:00+02:00,50.0
2026-06-28T22:15:00+02:00,52.88
2026-06-28T22:30:00+02:00,55.84
2026-06-28T22:45:00+02:00,48.48
2026-06-28T23:00:00+02:00,51.2
2026-06-28T23:15:00+02:00,46.32
2026-06-28T23:30:00+02:00,48.88
2026-06-28T23:45:00+02:00,49.36
2026-06-29T00:00:00+02:00,54.32
2026-06-29T00:15:00+02:00,57.92
2026-06-29T00:30:00+02:00,50.96
2026-06-29T00:45:00+02:00,50.8
2026-06-29T01:00:00+02:00,50.88
2026-06-29T01:15:00+02:00,53.28
2026-06-29T01:30:00+02:00,52.56
2026-06-29T01:45:00+02:00,52.0
2026-06-29T02:00:00+02:00,51.04
2026-06-29T02:15:00+02:00,51.44
2026-06-29T02:30:00+02:00,51.2
2026-06-29T02:45:00+02:00,48.32
2026-06-29T03:00:00+02:00,46.08
2026-06-29T03:15:00+02:00,57.84
2026-06-29T03:30:00+02:00,64.32
2026-06-29T03:45:00+02:00,66.48
2026-06-29T04:00:00+02:00,63.76
2026-06-29T04:15:00+02:00,69.92
2026-06-29T04:30:00+02:00,69.84
2026-06-29T04:45:00+02:00,67.12
2026-06-29T05:00:00+02:00,61.92
2026-06-29T05:15:00+02:00,113.92
2026-06-29T05:30:00+02:00,153.52
2026-06-29T05:45:00+02:00,170.08
2026-06-29T06:00:00+02:00,189.84
2026-06-29T06:15:00+02:00,219.44
2026-06-29T06:30:00+02:00,231.04
2026-06-29T06:45:00+02:00,230.96
2026-06-29T07:00:00+02:00,218.56
2026-06-29T07:15:00+02:00,210.88
2026-06-29T07:30:00+02:00,242.72
2026-06-29T07:45:00+02:00,171.28
2026-06-29T08:00:00+02:00,88.24
2026-06-29T08:15:00+02:00,71.52
2026-06-29T08:30:00+02:00,26.72
2026-06-29T08:45:00+02:00,9.36
2026-06-29T09:00:00+02:00,0.0
2026-06-29T09:15:00+02:00,0.0
2026-06-29T09:30:00+02:00,0.0
2026-06-29T09:45:00+02:00,0.0
2026-06-29T10:00:00+02:00,0.0
2026-06-29T10:15:00+02:00,0.0
2026-06-29T10:30:00+02:00,0.0
2026-06-29T10:45:00+02:00,0.0
2026-06-29T11:00:00+02:00,0.0
2026-06-29T11:15:00+02:00,0.0
2026-06-29T11:30:00+02:00,0.0
2026-06-29T11:45:00+02:00,0.0
2026-06-29T12:00:00+02:00,0.0
2026-06-29T12:15:00+02:00,0.0
2026-06-29T12:30:00+02:00,0.0
2026-06-29T12:45:00+02:00,15.92
2026-06-29T13:00:00+02:00,0.0
2026-06-29T13:15:00+02:00,0.0
2026-06-29T13:30:00+02:00,0.0
2026-06-29T13:45:00+02:00,50.48
2026-06-29T14:00:00+02:00,4.0
2026-06-29T14:15:00+02:00,0.0
2026-06-29T14:30:00+02:00,0.0
2026-06-29T14:45:00+02:00,0.0
2026-06-29T15:00:00+02:00,0.0
2026-06-29T15:15:00+02:00,0.0
2026-06-29T15:30:00+02:00,79.92
2026-06-29T15:45:00+02:00,14.8
2026-06-29T16:00:00+02:00,0.48
2026-06-29T16:15:00+02:00,105.52
2026-06-29T16:30:00+02:00,133.28
2026-06-29T16:45:00+02:00,26.08
2026-06-29T17:00:00+02:00,0.16
2026-06-29T17:15:00+02:00,0.0
2026-06-29T17:30:00+02:00,220.08
2026-06-29T17:45:00+02:00,325.04
2026-06-29T18:00:00+02:00,313.2
2026-06-29T18:15:00+02:00,288.32
2026-06-29T18:30:00+02:00,277.92
2026-06-29T18:45:00+02:00,279.28
2026-06-29T19:00:00+02:00,256.96
2026-06-29T19:15:00+02:00,243.28
2026-06-29T19:30:00+02:00,268.64
2026-06-29T19:45:00+02:00,281.36
2026-06-29T20:00:00+02:00,291.36
2026-06-29T20:15:00+02:00,302.16
2026-06-29T20:30:00+02:00,316.32
2026-06-29T20:45:00+02:00,284.16
2026-06-29T21:00:00+02:00,260.08
2026-06-29T21:15:00+02:00,255.6
2026-06-29T21:30:00+02:00,260.8
2026-06-29T21:45:00+02:00,272.96
2026-06-29T22:00:00+02:00,264.56
2026-06-29T22:15:00+02:00,231.68
2026-06-29T22:30:00+02:00,247.12
2026-06-29T22:45:00+02:00,254.08
2026-06-29T23:00:00+02:00,239.76
2026-06-29T23:15:00+02:00,236.16
2026-06-29T23:30:00+02:00,234.08
2026-06-29T23:45:00+02:00,234.64
2026-06-30T00:00:00+02:00,244.56
2026-06-30T00:15:00+02:00,244.0
2026-06-30T00:30:00+02:00,255.6
2026-06-30T00:45:00+02:00,241.84
2026-06-30T01:00:00+02:00,238.56
2026-06-30T01:15:00+02:00,247.52
2026-06-30T01:30:00+02:00,244.72
2026-06-30T01:45:00+02:00,246.4
2026-06-30T02:00:00+02:00,260.56
2026-06-30T02:15:00+02:00,255.52
2026-06-30T02:30:00+02:00,275.36
2026-06-30T02:45:00+02:00,266.16
2026-06-30T03:00:00+02:00,258.32
2026-06-30T03:15:00+02:00,235.52
2026-06-30T03:30:00+02:00,234.56
2026-06-30T03:45:00+02:00,227.6
2026-06-30T04:00:00+02:00,241.28
2026-06-30T04:15:00+02:00,250.24
2026-06-30T04:30:00+02:00,228.88
2026-06-30T04:45:00+02:00,232.24
2026-06-30T05:00:00+02:00,256.4
2026-06-30T05:15:00+02:00,241.44
2026-06-30T05:30:00+02:00,212.08
2026-06-30T05:45:00+02:00,237.12
2026-06-30T06:00:00+02:00,236.08
2026-06-30T06:15:00+02:00,230.88
2026-06-30T06:30:00+02:00,213.68
2026-06-30T06:45:00+02:00,183.76
2026-06-30T07:00:00+02:00,179.76
2026-06-30T07:15:00+02:00,154.88
2026-06-30T07:30:00+02:00,204.16
2026-06-30T07:45:00+02:00,175.92
2026-06-30T08:00:00+02:00,139.04
2026-06-30T08:15:00+02:00,37.92
2026-06-30T08:30:00+02:00,1.52
2026-06-30T08:45:00+02:00,11.52
2026-06-30T09:00:00+02:00,17.6
2026-06-30T09:15:00+02:00,2.32
2026-06-30T09:30:00+02:00,75.6
2026-06-30T09:45:00+02:00,56.4
2026-06-30T10:00:00+02:00,0.8
2026-06-30T10:15:00+02:00,28.48
2026-06-30T10:30:00+02:00,2.56
2026-06-30T10:45:00+02:00,26.4
2026-06-30T11:00:00+02:00,17.12
2026-06-30T11:15:00+02:00,9.76
2026-06-30T11:30:00+02:00,0.0
2026-06-30T11:45:00+02:00,0.0
2026-06-30T12:00:00+02:00,0.0
2026-06-30T12:15:00+02:00,0.0
2026-06-30T12:30:00+02:00,0.0
2026-06-30T12:45:00+02:00,0.0
2026-06-30T13:00:00+02:00,0.0
2026-06-30T13:15:00+02:00,0.0
2026-06-30T13:30:00+02:00,0.0
2026-06-30T13:45:00+02:00,0.0
2026-06-30T14:00:00+02:00,0.0
2026-06-30T14:15:00+02:00,0.0
2026-06-30T14:30:00+02:00,0.0
2026-06-30T14:45:00+02:00,0.0
2026-06-30T15:00:00+02:00,0.0
2026-06-30T15:15:00+02:00,0.0
2026-06-30T15:30:00+02:00,34.8
2026-06-30T15:45:00+02:00,9.92
2026-06-30T16:00:00+02:00,0.0
2026-06-30T16:15:00+02:00,0.0
2026-06-30T16:30:00+02:00,0.0
2026-06-30T16:45:00+02:00,5.44
2026-06-30T17:00:00+02:00,0.32
2026-06-30T17:15:00+02:00,12.24
2026-06-30T17:30:00+02:00,7.6
2026-06-30T17:45:00+02:00,155.44
2026-06-30T18:00:00+02:00,221.36
2026-06-30T18:15:00+02:00,189.44
2026-06-30T18:30:00+02:00,182.16
2026-06-30T18:45:00+02:00,178.32
2026-06-30T19:00:00+02:00,190.0
2026-06-30T19:15:00+02:00,206.48
2026-06-30T19:30:00+02:00,218.48
2026-06-30T19:45:00+02:00,262.48
2026-06-30T20:00:00+02:00,242.64
2026-06-30T20:15:00+02:00,258.48
2026-06-30T20:30:00+02:00,278.72
2026-06-30T20:45:00+02:00,241.36
2026-06-30T21:00:00+02:00,242.8
2026-06-30T21:15:00+02:00,247.04
2026-06-30T21:30:00+02:00,245.36
2026-06-30T21:45:00+02:00,258.72
2026-06-30T22:00:00+02:00,224.8
2026-06-30T22:15:00+02:00,224.88
2026-06-30T22:30:00+02:00,228.32
2026-06-30T22:45:00+02:00,241.2
2026-06-30T23:00:00+02:00,222.72
2026-06-30T23:15:00+02:00,224.48
2026-06-30T23:30:00+02:00,209.44
2026-06-30T23:45:00+02:00,232.32
2026-07-01T00:00:00+02:00,219.04
2026-07-01T00:15:00+02:00,230.72
2026-07-01T00:30:00+02:00,266.72
2026-07-01T00:45:00+02:00,230.48
2026-07-01T01:00:00+02:00,220.0
2026-07-01T01:15:00+02:00,227.04
2026-07-01T01:30:00+02:00,198.24
2026-07-01T01:45:00+02:00,210.0
2026-07-01T02:00:00+02:00,226.56
2026-07-01T02:15:00+02:00,236.64
2026-07-01T02:30:00+02:00,246.8
2026-07-01T02:45:00+02:00,268.8
2026-07-01T03:00:00+02:00,258.64
2026-07-01T03:15:00+02:00,261.52
2026-07-01T03:30:00+02:00,237.04
2026-07-01T03:45:00+02:00,256.72
2026-07-01T04:00:00+02:00,256.88
2026-07-01T04:15:00+02:00,252.64
2026-07-01T04:30:00+02:00,221.12
2026-07-01T04:45:00+02:00,241.44
2026-07-01T05:00:00+02:00,238.96
2026-07-01T05:15:00+02:00,229.84
2026-07-01T05:30:00+02:00,229.68
2026-07-01T05:45:00+02:00,285.2
2026-07-01T06:00:00+02:00,278.0
2026-07-01T06:15:00+02:00,279.04
2026-07-01T06:30:00+02:00,293.44
2026-07-01T06:45:00+02:00,283.76
2026-07-01T07:00:00+02:00,297.92
2026-07-01T07:15:00+02:00,301.92
2026-07-01T07:30:00+02:00,317.2
2026-07-01T07:45:00+02:00,305.52
2026-07-01T08:00:00+02:00,325.12
2026-07-01T08:15:00+02:00,286.24
2026-07-01T08:30:00+02:00,291.76
2026-07-01T08:45:00+02:00,260.72
2026-07-01T09:00:00+02:00,263.84
2026-07-01T09:15:00+02:00,325.92
2026-07-01T09:30:00+02:00,336.32
2026-07-01T09:45:00+02:00,346.88
2026-07-01T10:00:00+02:00,266.16
2026-07-01T10:15:00+02:00,231.2
2026-07-01T10:30:00+02:00,170.72
2026-07-01T10:45:00+02:00,265.2
2026-07-01T11:00:00+02:00,331.76
2026-07-01T11:15:00+02:00,315.44
2026-07-01T11:30:00+02:00,274.48
2026-07-01T11:45:00+02:00,264.72
2026-07-01T12:00:00+02:00,253.04
2026-07-01T12:15:00+02:00,217.04
2026-07-01T12:30:00+02:00,211.2
2026-07-01T12:45:00+02:00,280.88
2026-07-01T13:00:00+02:00,280.08
2026-07-01T13:15:00+02:00,261.6
2026-07-01T13:30:00+02:00,295.2
2026-07-01T13:45:00+02:00,295.04
2026-07-01T14:00:00+02:00,260.72
2026-07-01T14:15:00+02:00,253.12
2026-07-01T14:30:00+02:00,245.92
2026-07-01T14:45:00+02:00,249.44
2026-07-01T15:00:00+02:00,227.36
2026-07-01T15:15:00+02:00,164.48
2026-07-01T15:30:00+02:00,212.4
2026-07-01T15:45:00+02:00,205.84
2026-07-01T16:00:00+02:00,230.48
2026-07-01T16:15:00+02:00,235.92
2026-07-01T16:30:00+02:00,201.68
2026-07-01T16:45:00+02:00,209.2
2026-07-01T17:00:00+02:00,212.48
2026-07-01T17:15:00+02:00,200.16
2026-07-01T17:30:00+02:00,183.28
2026-07-01T17:45:00+02:00,161.28
2026-07-01T18:00:00+02:00,138.08
2026-07-01T18:15:00+02:00,124.48
2026-07-01T18:30:00+02:00,125.28
2026-07-01T18:45:00+02:00,127.28
2026-07-01T19:00:00+02:00,143.28
2026-07-01T19:15:00+02:00,139.04
2026-07-01T19:30:00+02:00,132.64
2026-07-01T19:45:00+02:00,125.52
2026-07-01T20:00:00+02:00,155.52
2026-07-01T20:15:00+02:00,154.72
2026-07-01T20:30:00+02:00,154.8
2026-07-01T20:45:00+02:00,163.12
2026-07-01T21:00:00+02:00,188.4
2026-07-01T21:15:00+02:00,206.4
2026-07-01T21:30:00+02:00,219.12
2026-07-01T21:45:00+02:00,194.08
2026-07-01T22:00:00+02:00,146.8
2026-07-01T22:15:00+02:00,155.04
2026-07-01T22:30:00+02:00,151.2
2026-07-01T22:45:00+02:00,181.12
2026-07-01T23:00:00+02:00,187.12
2026-07-01T23:15:00+02:00,187.28
2026-07-01T23:30:00+02:00,195.6
2026-07-01T23:45:00+02:00,177.76
2026-07-02T00:00:00+02:00,146.08
2026-07-02T00:15:00+02:00,151.12
2026-07-02T00:30:00+02:00,164.8
2026-07-02T00:45:00+02:00,191.12
2026-07-02T01:00:00+02:00,180.4
2026-07-02T01:15:00+02:00,177.44
2026-07-02T01:30:00+02:00,159.28
2026-07-02T01:45:00+02:00,186.4
2026-07-02T02:00:00+02:00,190.96
2026-07-02T02:15:00+02:00,190.4
2026-07-02T02:30:00+02:00,187.52
2026-07-02T02:45:00+02:00,175.28
2026-07-02T03:00:00+02:00,186.96
2026-07-02T03:15:00+02:00,182.64
2026-07-02T03:30:00+02:00,167.92
2026-07-02T03:45:00+02:00,156.64
2026-07-02T04:00:00+02:00,146.72
2026-07-02T04:15:00+02:00,134.72
2026-07-02T04:30:00+02:00,165.52
2026-07-02T04:45:00+02:00,140.0
2026-07-02T05:00:00+02:00,175.92
2026-07-02T05:15:00+02:00,185.92
2026-07-02T05:30:00+02:00,221.92
2026-07-02T05:45:00+02:00,199.76
2026-07-02T06:00:00+02:00,198.24
2026-07-02T06:15:00+02:00,205.6
2026-07-02T06:30:00+02:00,198.64
2026-07-02T06:45:00+02:00,202.88
2026-07-02T07:00:00+02:00,181.84
2026-07-02T07:15:00+02:00,150.4
2026-07-02T07:30:00+02:00,89.52
2026-07-02T07:45:00+02:00,62.32
2026-07-02T08:00:00+02:00,11.2
2026-07-02T08:15:00+02:00,1.68
2026-07-02T08:30:00+02:00,0.0
2026-07-02T08:45:00+02:00,0.0
2026-07-02T09:00:00+02:00,0.0
2026-07-02T09:15:00+02:00,0.0
2026-07-02T09:30:00+02:00,0.0
2026-07-02T09:45:00+02:00,0.0
2026-07-02T10:00:00+02:00,0.0
2026-07-02T10:15:00+02:00,0.0
2026-07-02T10:30:00+02:00,0.0
2026-07-02T10:45:00+02:00,0.0
2026-07-02T11:00:00+02:00,0.0
2026-07-02T11:15:00+02:00,0.0
2026-07-02T11:30:00+02:00,0.0
2026-07-02T11:45:00+02:00,0.0
2026-07-02T12:00:00+02:00,0.0
2026-07-02T12:15:00+02:00,0.0
2026-07-02T12:30:00+02:00,0.0
2026-07-02T12:45:00+02:00,0.0
2026-07-02T13:00:00+02:00,0.0
2026-07-02T13:15:00+02:00,0.0
2026-07-02T13:30:00+02:00,9.52
2026-07-02T13:45:00+02:00,28.24
2026-07-02T14:00:00+02:00,0.0
2026-07-02T14:15:00+02:00,0.0
2026-07-02T14:30:00+02:00,0.0
2026-07-02T14:45:00+02:00,0.0
2026-07-02T15:00:00+02:00,53.04
2026-07-02T15:15:00+02:00,0.24
2026-07-02T15:30:00+02:00,0.0
2026-07-02T15:45:00+02:00,0.0
2026-07-02T16:00:00+02:00,9.2
2026-07-02T16:15:00+02:00,52.64
2026-07-02T16:30:00+02:00,0.0
2026-07-02T16:45:00+02:00,0.0
2026-07-02T17:00:00+02:00,0.0
2026-07-02T17:15:00+02:00,0.0
2026-07-02T17:30:00+02:00,80.64
2026-07-02T17:45:00+02:00,12.8
2026-07-02T18:00:00+02:00,38.96
2026-07-02T18:15:00+02:00,57.44
2026-07-02T18:30:00+02:00,111.6
2026-07-02T18:45:00+02:00,143.28
2026-07-02T19:00:00+02:00,180.64
2026-07-02T19:15:00+02:00,186.96
2026-07-02T19:30:00+02:00,189.84
2026-07-02T19:45:00+02:00,216.8
2026-07-02T20:00:00+02:00,265.28
2026-07-02T20:15:00+02:00,272.08
2026-07-02T20:30:00+02:00,290.56
2026-07-02T20:45:00+02:00,288.96
2026-07-02T21:00:00+02:00,259.44
2026-07-02T21:15:00+02:00,250.56
2026-07-02T21:30:00+02:00,244.56
2026-07-02T21:45:00+02:00,216.96
2026-07-02T22:00:00+02:00,216.0
2026-07-02T22:15:00+02:00,205.28
2026-07-02T22:30:00+02:00,212.32
2026-07-02T22:45:00+02:00,274.4
2026-07-02T23:00:00+02:00,249.52
2026-07-02T23:15:00+02:00,232.88
2026-07-02T23:30:00+02:00,201.28
2026-07-02T23:45:00+02:00,205.68
2026-07-03T00:00:00+02:00,192.56
2026-07-03T00:15:00+02:00,183.52
2026-07-03T00:30:00+02:00,207.92
2026-07-03T00:45:00+02:00,214.48
2026-07-03T01:00:00+02:00,212.16
2026-07-03T01:15:00+02:00,200.96
2026-07-03T01:30:00+02:00,231.2
2026-07-03T01:45:00+02:00,243.12
2026-07-03T02:00:00+02:00,222.24
2026-07-03T02:15:00+02:00,217.52
2026-07-03T02:30:00+02:00,221.6
2026-07-03T02:45:00+02:00,222.16
2026-07-03T03:00:00+02:00,211.2
2026-07-03T03:15:00+02:00,207.76
2026-07-03T03:30:00+02:00,217.2
2026-07-03T03:45:00+02:00,201.52
2026-07-03T04:00:00+02:00,220.96
2026-07-03T04:15:00+02:00,225.12
2026-07-03T04:30:00+02:00,221.44
2026-07-03T04:45:00+02:00,245.76
2026-07-03T05:00:00+02:00,240.24
2026-07-03T05:15:00+02:00,238.96
2026-07-03T05:30:00+02:00,243.52
2026-07-03T05:45:00+02:00,235.44
2026-07-03T06:00:00+02:00,231.52
2026-07-03T06:15:00+02:00,273.52
2026-07-03T06:30:00+02:00,268.8
2026-07-03T06:45:00+02:00,254.88
2026-07-03T07:00:00+02:00,238.8
2026-07-03T07:15:00+02:00,215.6
2026-07-03T07:30:00+02:00,187.36
2026-07-03T07:45:00+02:00,153.6
2026-07-03T08:00:00+02:00,184.08
2026-07-03T08:15:00+02:00,169.2
2026-07-03T08:30:00+02:00,127.52
2026-07-03T08:45:00+02:00,76.88
2026-07-03T09:00:00+02:00,67.6
2026-07-03T09:15:00+02:00,55.68
2026-07-03T09:30:00+02:00,104.16
2026-07-03T09:45:00+02:00,99.44
2026-07-03T10:00:00+02:00,80.72
2026-07-03T10:15:00+02:00,126.4
2026-07-03T10:30:00+02:00,54.32
2026-07-03T10:45:00+02:00,24.24
2026-07-03T11:00:00+02:00,84.4
2026-07-03T11:15:00+02:00,10.56
2026-07-03T11:30:00+02:00,0.32
2026-07-03T11:45:00+02:00,26.48
2026-07-03T12:00:00+02:00,100.24
2026-07-03T12:15:00+02:00,30.48
2026-07-03T12:30:00+02:00,31.04
2026-07-03T12:45:00+02:00,0.0
2026-07-03T13:00:00+02:00,76.24
2026-07-03T13:15:00+02:00,1.84
2026-07-03T13:30:00+02:00,36.72
2026-07-03T13:45:00+02:00,52.32
2026-07-03T14:00:00+02:00,22.48
2026-07-03T14:15:00+02:00,34.48
2026-07-03T14:30:00+02:00,0.0
2026-07-03T14:45:00+02:00,0.0
2026-07-03T15:00:00+02:00,0.0
2026-07-03T15:15:00+02:00,9.28
2026-07-03T15:30:00+02:00,94.72
2026-07-03T15:45:00+02:00,6.16
2026-07-03T16:00:00+02:00,7.6
2026-07-03T16:15:00+02:00,15.28
2026-07-03T16:30:00+02:00,0.0
2026-07-03T16:45:00+02:00,0.0
2026-07-03T17:00:00+02:00,9.6
2026-07-03T17:15:00+02:00,0.0
2026-07-03T17:30:00+02:00,0.0
2026-07-03T17:45:00+02:00,22.24
2026-07-03T18:00:00+02:00,28.8
2026-07-03T18:15:00+02:00,96.64
2026-07-03T18:30:00+02:00,55.92
2026-07-03T18:45:00+02:00,83.52
2026-07-03T19:00:00+02:00,119.84
2026-07-03T19:15:00+02:00,155.2
2026-07-03T19:30:00+02:00,178.8
2026-07-03T19:45:00+02:00,187.36
2026-07-03T20:00:00+02:00,187.2
2026-07-03T20:15:00+02:00,190.08
2026-07-03T20:30:00+02:00,192.88
2026-07-03T20:45:00+02:00,165.6
2026-07-03T21:00:00+02:00,143.84
2026-07-03T21:15:00+02:00,117.68
2026-07-03T21:30:00+02:00,74.08
2026-07-03T21:45:00+02:00,68.56
2026-07-03T22:00:00+02:00,68.08
2026-07-03T22:15:00+02:00,60.0
2026-07-03T22:30:00+02:00,52.0
2026-07-03T22:45:00+02:00,48.72
2026-07-03T23:00:00+02:00,49.44
2026-07-03T23:15:00+02:00,47.6
2026-07-03T23:30:00+02:00,50.32
2026-07-03T23:45:00+02:00,46.96
2026-07-04T00:00:00+02:00,49.6
2026-07-04T00:15:00+02:00,46.16
2026-07-04T00:30:00+02:00,44.56
2026-07-04T00:45:00+02:00,45.84
2026-07-04T01:00:00+02:00,42.72
2026-07-04T01:15:00+02:00,44.56
2026-07-04T01:30:00+02:00,46.64
2026-07-04T01:45:00+02:00,42.72
2026-07-04T02:00:00+02:00,40.24
2026-07-04T02:15:00+02:00,41.2
2026-07-04T02:30:00+02:00,42.64
2026-07-04T02:45:00+02:00,42.32
2026-07-04T03:00:00+02:00,42.48
2026-07-04T03:15:00+02:00,39.52
2026-07-04T03:30:00+02:00,39.68
2026-07-04T03:45:00+02:00,42.8
2026-07-04T04:00:00+02:00,39.76
2026-07-04T04:15:00+02:00,43.6
2026-07-04T04:30:00+02:00,43.6
2026-07-04T04:45:00+02:00,40.88
2026-07-04T05:00:00+02:00,42.32
2026-07-04T05:15:00+02:00,40.64
2026-07-04T05:30:00+02:00,39.36
2026-07-04T05:45:00+02:00,36.48
2026-07-04T06:00:00+02:00,32.08
2026-07-04T06:15:00+02:00,25.68
2026-07-04T06:30:00+02:00,15.36
2026-07-04T06:45:00+02:00,0.56
2026-07-04T07:00:00+02:00,0.0
2026-07-04T07:15:00+02:00,0.0
2026-07-04T07:30:00+02:00,0.0
2026-07-04T07:45:00+02:00,0.0
2026-07-04T08:00:00+02:00,0.0
2026-07-04T08:15:00+02:00,0.0
2026-07-04T08:30:00+02:00,0.0
2026-07-04T08:45:00+02:00,0.0
2026-07-04T09:00:00+02:00,0.0
2026-07-04T09:15:00+02:00,0.0
2026-07-04T09:30:00+02:00,0.0
2026-07-04T09:45:00+02:00,0.0
2026-07-04T10:00:00+02:00,0.0
2026-07-04T10:15:00+02:00,0.0
2026-07-04T10:30:00+02:00,0.0
2026-07-04T10:45:00+02:00,0.0
2026-07-04T11:00:00+02:00,0.0
2026-07-04T11:15:00+02:00,0.0
2026-07-04T11:30:00+02:00,0.0
2026-07-04T11:45:00+02:00,0.0
2026-07-04T12:00:00+02:00,0.0
2026-07-04T12:15:00+02:00,0.0
2026-07-04T12:30:00+02:00,0.0
2026-07-04T12:45:00+02:00,0.0
2026-07-04T13:00:00+02:00,0.0
2026-07-04T13:15:00+02:00,0.0
2026-07-04T13:30:00+02:00,0.0
2026-07-04T13:45:00+02:00,0.0
2026-07-04T14:00:00+02:00,0.0
2026-07-04T14:15:00+02:00,0.0
2026-07-04T14:30:00+02:00,0.0
2026-07-04T14:45:00+02:00,0.0
2026-07-04T15:00:00+02:00,0.0
2026-07-04T15:15:00+02:00,0.0
2026-07-04T15:30:00+02:00,0.0
2026-07-04T15:45:00+02:00,0.0
2026-07-04T16:00:00+02:00,0.0
2026-07-04T16:15:00+02:00,0.0
2026-07-04T16:30:00+02:00,0.0
2026-07-04T16:45:00+02:00,0.0
2026-07-04T17:00:00+02:00,0.0
2026-07-04T17:15:00+02:00,0.0
2026-07-04T17:30:00+02:00,0.0
2026-07-04T17:45:00+02:00,0.0
2026-07-04T18:00:00+02:00,0.0
2026-07-04T18:15:00+02:00,0.0
2026-07-04T18:30:00+02:00,0.0
2026-07-04T18:45:00+02:00,0.0
2026-07-04T19:00:00+02:00,0.0
2026-07-04T19:15:00+02:00,0.0
2026-07-04T19:30:00+02:00,0.0
2026-07-04T19:45:00+02:00,0.72
2026-07-04T20:00:00+02:00,15.6
2026-07-04T20:15:00+02:00,23.68
2026-07-04T20:30:00+02:00,28.8
2026-07-04T20:45:00+02:00,37.44
2026-07-04T21:00:00+02:00,44.32
2026-07-04T21:15:00+02:00,40.8
2026-07-04T21:30:00+02:00,43.36
2026-07-04T21:45:00+02:00,40.48
2026-07-04T22:00:00+02:00,44.4
2026-07-04T22:15:00+02:00,44.16
2026-07-04T22:30:00+02:00,48.72
2026-07-04T22:45:00+02:00,42.4
2026-07-04T23:00:00+02:00,41.28
2026-07-04T23:15:00+02:00,41.44
2026-07-04T23:30:00+02:00,41.44
2026-07-04T23:45:00+02:00,42.96
2026-07-05T00:00:00+02:00,41.28
2026-07-05T00:15:00+02:00,42.16
2026-07-05T00:30:00+02:00,39.12
2026-07-05T00:45:00+02:00,41.84
2026-07-05T01:00:00+02:00,38.96
2026-07-05T01:15:00+02:00,39.52
2026-07-05T01:30:00+02:00,40.8
2026-07-05T01:45:00+02:00,38.8
2026-07-05T02:00:00+02:00,38.64
2026-07-05T02:15:00+02:00,39.2
2026-07-05T02:30:00+02:00,40.24
2026-07-05T02:45:00+02:00,39.28
2026-07-05T03:00:00+02:00,38.56
2026-07-05T03:15:00+02:00,38.64
2026-07-05T03:30:00+02:00,40.0
2026-07-05T03:45:00+02:00,40.4
2026-07-05T04:00:00+02:00,38.32
2026-07-05T04:15:00+02:00,39.28
2026-07-05T04:30:00+02:00,40.88
2026-07-05T04:45:00+02:00,43.6
2026-07-05T05:00:00+02:00,44.0
2026-07-05T05:15:00+02:00,37.12
2026-07-05T05:30:00+02:00,35.04
2026-07-05T05:45:00+02:00,32.08
2026-07-05T06:00:00+02:00,29.28
2026-07-05T06:15:00+02:00,30.72
2026-07-05T06:30:00+02:00,11.68
2026-07-05T06:45:00+02:00,0.0
2026-07-05T07:00:00+02:00,0.0
2026-07-05T07:15:00+02:00,0.0
2026-07-05T07:30:00+02:00,0.0
2026-07-05T07:45:00+02:00,0.0
2026-07-05T08:00:00+02:00,0.0
2026-07-05T08:15:00+02:00,0.0
2026-07-05T08:30:00+02:00,0.0
2026-07-05T08:45:00+02:00,0.0
2026-07-05T09:00:00+02:00,0.0
2026-07-05T09:15:00+02:00,0.0
2026-07-05T09:30:00+02:00,0.0
2026-07-05T09:45:00+02:00,0.0
2026-07-05T10:00:00+02:00,0.0
2026-07-05T10:15:00+02:00,0.0
2026-07-05T10:30:00+02:00,0.0
2026-07-05T10:45:00+02:00,0.0
2026-07-05T11:00:00+02:00,0.0
2026-07-05T11:15:00+02:00,0.0
2026-07-05T11:30:00+02:00,0.0
2026-07-05T11:45:00+02:00,0.0
2026-07-05T12:00:00+02:00,0.0
2026-07-05T12:15:00+02:00,0.0
2026-07-05T12:30:00+02:00,0.0
2026-07-05T12:45:00+02:00,0.0
2026-07-05T13:00:00+02:00,0.0
2026-07-05T13:15:00+02:00,0.0
2026-07-05T13:30:00+02:00,0.0
2026-07-05T13:45:00+02:00,0.0
2026-07-05T14:00:00+02:00,0.0
2026-07-05T14:15:00+02:00,0.08
2026-07-05T14:30:00+02:00,0.0
2026-07-05T14:45:00+02:00,0.0
2026-07-05T15:00:00+02:00,0.0
2026-07-05T15:15:00+02:00,0.0
2026-07-05T15:30:00+02:00,0.0
2026-07-05T15:45:00+02:00,0.0
2026-07-05T16:00:00+02:00,0.0
2026-07-05T16:15:00+02:00,0.0
2026-07-05T16:30:00+02:00,0.0
2026-07-05T16:45:00+02:00,0.0
2026-07-05T17:00:00+02:00,1.92
2026-07-05T17:15:00+02:00,0.0
2026-07-05T17:30:00+02:00,0.0
2026-07-05T17:45:00+02:00,0.0
2026-07-05T18:00:00+02:00,0.0
2026-07-05T18:15:00+02:00,0.0
2026-07-05T18:30:00+02:00,0.0
2026-07-05T18:45:00+02:00,0.0
2026-07-05T19:00:00+02:00,0.0
2026-07-05T19:15:00+02:00,0.0
2026-07-05T19:30:00+02:00,2.16
2026-07-05T19:45:00+02:00,24.4
2026-07-05T20:00:00+02:00,34.8
2026-07-05T20:15:00+02:00,41.52
2026-07-05T20:30:00+02:00,42.72
2026-07-05T20:45:00+02:00,45.6
2026-07-05T21:00:00+02:00,42.88
2026-07-05T21:15:00+02:00,40.48
2026-07-05T21:30:00+02:00,42.08
2026-07-05T21:45:00+02:00,44.16
2026-07-05T22:00:00+02:00,42.64
2026-07-05T22:15:00+02:00,45.84
2026-07-05T22:30:00+02:00,45.52
2026-07-05T22:45:00+02:00,47.28
2026-07-05T23:00:00+02:00,46.16
2026-07-05T23:15:00+02:00,45.44
2026-07-05T23:30:00+02:00,44.4
2026-07-05T23:45:00+02:00,45.52
2026-07-06T00:00:00+02:00,49.2
2026-07-06T00:15:00+02:00,48.56
2026-07-06T00:30:00+02:00,49.12
2026-07-06T00:45:00+02:00,49.04
2026-07-06T01:00:00+02:00,48.0
2026-07-06T01:15:00+02:00,47.04
2026-07-06T01:30:00+02:00,46.4
2026-07-06T01:45:00+02:00,44.48
2026-07-06T02:00:00+02:00,44.88
2026-07-06T02:15:00+02:00,47.28
2026-07-06T02:30:00+02:00,45.68
2026-07-06T02:45:00+02:00,44.72
2026-07-06T03:00:00+02:00,44.88
2026-07-06T03:15:00+02:00,48.48
2026-07-06T03:30:00+02:00,52.08
2026-07-06T03:45:00+02:00,50.72
2026-07-06T04:00:00+02:00,48.0
2026-07-06T04:15:00+02:00,51.84
2026-07-06T04:30:00+02:00,54.8
2026-07-06T04:45:00+02:00,55.76
2026-07-06T05:00:00+02:00,56.8
2026-07-06T05:15:00+02:00,73.68
2026-07-06T05:30:00+02:00,95.28
2026-07-06T05:45:00+02:00,119.76
2026-07-06T06:00:00+02:00,157.44
2026-07-06T06:15:00+02:00,194.4
2026-07-06T06:30:00+02:00,194.56
2026-07-06T06:45:00+02:00,219.04
2026-07-06T07:00:00+02:00,195.2
2026-07-06T07:15:00+02:00,170.56
2026-07-06T07:30:00+02:00,141.84
2026-07-06T07:45:00+02:00,113.44
2026-07-06T08:00:00+02:00,74.56
2026-07-06T08:15:00+02:00,148.0
2026-07-06T08:30:00+02:00,187.28
2026-07-06T08:45:00+02:00,166.32
2026-07-06T09:00:00+02:00,115.28
2026-07-06T09:15:00+02:00,212.08
2026-07-06T09:30:00+02:00,172.64
2026-07-06T09:45:00+02:00,125.92
2026-07-06T10:00:00+02:00,75.68
2026-07-06T10:15:00+02:00,9.44
2026-07-06T10:30:00+02:00,1.12
2026-07-06T10:45:00+02:00,23.68
2026-07-06T11:00:00+02:00,31.68
2026-07-06T11:15:00+02:00,266.56
2026-07-06T11:30:00+02:00,265.44
2026-07-06T11:45:00+02:00,53.76
2026-07-06T12:00:00+02:00,136.8
2026-07-06T12:15:00+02:00,29.76
2026-07-06T12:30:00+02:00,97.6
2026-07-06T12:45:00+02:00,37.84
2026-07-06T13:00:00+02:00,0.24
2026-07-06T13:15:00+02:00,2.96
2026-07-06T13:30:00+02:00,0.4
2026-07-06T13:45:00+02:00,0.0
2026-07-06T14:00:00+02:00,0.0
2026-07-06T14:15:00+02:00,0.0
2026-07-06T14:30:00+02:00,0.0
2026-07-06T14:45:00+02:00,0.0
2026-07-06T15:00:00+02:00,23.52
2026-07-06T15:15:00+02:00,0.24
2026-07-06T15:30:00+02:00,3.12
2026-07-06T15:45:00+02:00,11.12
2026-07-06T16:00:00+02:00,0.08
2026-07-06T16:15:00+02:00,7.92
2026-07-06T16:30:00+02:00,43.12
2026-07-06T16:45:00+02:00,21.76
2026-07-06T17:00:00+02:00,16.32
2026-07-06T17:15:00+02:00,9.52
2026-07-06T17:30:00+02:00,90.48
2026-07-06T17:45:00+02:00,9.44
2026-07-06T18:00:00+02:00,91.52
2026-07-06T18:15:00+02:00,64.16
2026-07-06T18:30:00+02:00,14.32
2026-07-06T18:45:00+02:00,100.88
2026-07-06T19:00:00+02:00,119.92
2026-07-06T19:15:00+02:00,217.6
2026-07-06T19:30:00+02:00,231.76
2026-07-06T19:45:00+02:00,169.44
2026-07-06T20:00:00+02:00,198.88
2026-07-06T20:15:00+02:00,198.96
2026-07-06T20:30:00+02:00,229.28
2026-07-06T20:45:00+02:00,238.72
2026-07-06T21:00:00+02:00,283.04
2026-07-06T21:15:00+02:00,275.52
2026-07-06T21:30:00+02:00,266.24
2026-07-06T21:45:00+02:00,285.12
2026-07-06T22:00:00+02:00,265.68
2026-07-06T22:15:00+02:00,251.2
2026-07-06T22:30:00+02:00,271.84
2026-07-06T22:45:00+02:00,251.52
2026-07-06T23:00:00+02:00,251.92
2026-07-06T23:15:00+02:00,260.96
2026-07-06T23:30:00+02:00,251.04
2026-07-06T23:45:00+02:00,228.64
2026-07-07T00:00:00+02:00,244.16
2026-07-07T00:15:00+02:00,242.64
2026-07-07T00:30:00+02:00,221.76
2026-07-07T00:45:00+02:00,213.52
2026-07-07T01:00:00+02:00,195.52
2026-07-07T01:15:00+02:00,198.56
2026-07-07T01:30:00+02:00,244.08
2026-07-07T01:45:00+02:00,261.04
2026-07-07T02:00:00+02:00,226.0
2026-07-07T02:15:00+02:00,189.84
2026-07-07T02:30:00+02:00,182.64
2026-07-07T02:45:00+02:00,237.44
2026-07-07T03:00:00+02:00,209.76
2026-07-07T03:15:00+02:00,191.92
2026-07-07T03:30:00+02:00,214.16
2026-07-07T03:45:00+02:00,215.2
2026-07-07T04:00:00+02:00,192.16
2026-07-07T04:15:00+02:00,213.04
2026-07-07T04:30:00+02:00,263.6
2026-07-07T04:45:00+02:00,241.36
2026-07-07T05:00:00+02:00,208.0
2026-07-07T05:15:00+02:00,225.12
2026-07-07T05:30:00+02:00,255.28
2026-07-07T05:45:00+02:00,264.24
2026-07-07T06:00:00+02:00,214.08
2026-07-07T06:15:00+02:00,197.12
2026-07-07T06:30:00+02:00,212.72
2026-07-07T06:45:00+02:00,231.28
2026-07-07T07:00:00+02:00,186.64
2026-07-07T07:15:00+02:00,135.36
2026-07-07T07:30:00+02:00,141.68
2026-07-07T07:45:00+02:00,80.32
2026-07-07T08:00:00+02:00,58.56
2026-07-07T08:15:00+02:00,111.28
2026-07-07T08:30:00+02:00,142.56
2026-07-07T08:45:00+02:00,90.08
2026-07-07T09:00:00+02:00,2.32
2026-07-07T09:15:00+02:00,0.0
2026-07-07T09:30:00+02:00,0.0
2026-07-07T09:45:00+02:00,0.0
2026-07-07T10:00:00+02:00,0.0
2026-07-07T10:15:00+02:00,0.08
2026-07-07T10:30:00+02:00,0.0
2026-07-07T10:45:00+02:00,0.0
2026-07-07T11:00:00+02:00,0.0
2026-07-07T11:15:00+02:00,0.0
2026-07-07T11:30:00+02:00,0.0
2026-07-07T11:45:00+02:00,0.0
2026-07-07T12:00:00+02:00,0.0
2026-07-07T12:15:00+02:00,0.0
2026-07-07T12:30:00+02:00,6.24
2026-07-07T12:45:00+02:00,22.8
2026-07-07T13:00:00+02:00,1.76
2026-07-07T13:15:00+02:00,11.28
2026-07-07T13:30:00+02:00,20.08
2026-07-07T13:45:00+02:00,64.08
2026-07-07T14:00:00+02:00,50.4
2026-07-07T14:15:00+02:00,52.16
2026-07-07T14:30:00+02:00,7.36
2026-07-07T14:45:00+02:00,174.08
2026-07-07T15:00:00+02:00,266.4
2026-07-07T15:15:00+02:00,270.16
2026-07-07T15:30:00+02:00,19.04
2026-07-07T15:45:00+02:00,0.0
2026-07-07T16:00:00+02:00,0.0
2026-07-07T16:15:00+02:00,0.88
2026-07-07T16:30:00+02:00,4.56
2026-07-07T16:45:00+02:00,3.28
2026-07-07T17:00:00+02:00,16.48
2026-07-07T17:15:00+02:00,28.24
2026-07-07T17:30:00+02:00,94.72
2026-07-07T17:45:00+02:00,47.12
2026-07-07T18:00:00+02:00,101.36
2026-07-07T18:15:00+02:00,135.44
2026-07-07T18:30:00+02:00,136.64
2026-07-07T18:45:00+02:00,178.0
2026-07-07T19:00:00+02:00,211.6
2026-07-07T19:15:00+02:00,148.0
2026-07-07T19:30:00+02:00,160.16
2026-07-07T19:45:00+02:00,233.04
2026-07-07T20:00:00+02:00,230.0
2026-07-07T20:15:00+02:00,323.84
2026-07-07T20:30:00+02:00,283.52
2026-07-07T20:45:00+02:00,273.28
2026-07-07T21:00:00+02:00,275.6
2026-07-07T21:15:00+02:00,295.36
2026-07-07T21:30:00+02:00,257.44
2026-07-07T21:45:00+02:00,277.44
2026-07-07T22:00:00+02:00,279.04
2026-07-07T22:15:00+02:00,288.48
2026-07-07T22:30:00+02:00,293.36
2026-07-07T22:45:00+02:00,286.64
2026-07-07T23:00:00+02:00,255.12
2026-07-07T23:15:00+02:00,252.24
2026-07-07T23:30:00+02:00,264.16
2026-07-07T23:45:00+02:00,240.96
2026-07-08T00:00:00+02:00,229.68
2026-07-08T00:15:00+02:00,244.4
2026-07-08T00:30:00+02:00,230.56
2026-07-08T00:45:00+02:00,247.52
2026-07-08T01:00:00+02:00,230.64
2026-07-08T01:15:00+02:00,199.36
2026-07-08T01:30:00+02:00,224.32
2026-07-08T01:45:00+02:00,236.08
2026-07-08T02:00:00+02:00,219.6
2026-07-08T02:15:00+02:00,256.48
2026-07-08T02:30:00+02:00,241.92
2026-07-08T02:45:00+02:00,198.0
2026-07-08T03:00:00+02:00,242.0
2026-07-08T03:15:00+02:00,233.12
2026-07-08T03:30:00+02:00,223.68
2026-07-08T03:45:00+02:00,243.92
2026-07-08T04:00:00+02:00,228.16
2026-07-08T04:15:00+02:00,253.44
2026-07-08T04:30:00+02:00,257.2
2026-07-08T04:45:00+02:00,236.96
2026-07-08T05:00:00+02:00,236.56
2026-07-08T05:15:00+02:00,233.68
2026-07-08T05:30:00+02:00,242.56
2026-07-08T05:45:00+02:00,270.56
2026-07-08T06:00:00+02:00,246.8
2026-07-08T06:15:00+02:00,269.84
2026-07-08T06:30:00+02:00,296.32
2026-07-08T06:45:00+02:00,285.68
2026-07-08T07:00:00+02:00,264.32
2026-07-08T07:15:00+02:00,271.76
2026-07-08T07:30:00+02:00,275.28
2026-07-08T07:45:00+02:00,272.96
2026-07-08T08:00:00+02:00,267.44
2026-07-08T08:15:00+02:00,240.88
2026-07-08T08:30:00+02:00,287.6
2026-07-08T08:45:00+02:00,281.44
2026-07-08T09:00:00+02:00,301.92
2026-07-08T09:15:00+02:00,305.6
2026-07-08T09:30:00+02:00,296.4
2026-07-08T09:45:00+02:00,283.04
2026-07-08T10:00:00+02:00,251.84
2026-07-08T10:15:00+02:00,287.6
2026-07-08T10:30:00+02:00,297.28
2026-07-08T10:45:00+02:00,254.64
2026-07-08T11:00:00+02:00,234.56
2026-07-08T11:15:00+02:00,225.36
2026-07-08T11:30:00+02:00,238.4
2026-07-08T11:45:00+02:00,239.92
2026-07-08T12:00:00+02:00,252.96
2026-07-08T12:15:00+02:00,246.56
2026-07-08T12:30:00+02:00,240.96
2026-07-08T12:45:00+02:00,264.48
2026-07-08T13:00:00+02:00,239.84
2026-07-08T13:15:00+02:00,218.72
2026-07-08T13:30:00+02:00,227.12
2026-07-08T13:45:00+02:00,243.68
2026-07-08T14:00:00+02:00,203.84
2026-07-08T14:15:00+02:00,218.08
2026-07-08T14:30:00+02:00,243.2
2026-07-08T14:45:00+02:00,242.72
2026-07-08T15:00:00+02:00,196.4
2026-07-08T15:15:00+02:00,112.96
2026-07-08T15:30:00+02:00,2.56
2026-07-08T15:45:00+02:00,0.0
2026-07-08T16:00:00+02:00,19.6
2026-07-08T16:15:00+02:00,44.48
2026-07-08T16:30:00+02:00,57.04
2026-07-08T16:45:00+02:00,63.28
2026-07-08T17:00:00+02:00,122.16
2026-07-08T17:15:00+02:00,149.84
2026-07-08T17:30:00+02:00,94.8
2026-07-08T17:45:00+02:00,185.28
2026-07-08T18:00:00+02:00,112.16
2026-07-08T18:15:00+02:00,79.44
2026-07-08T18:30:00+02:00,49.36
2026-07-08T18:45:00+02:00,106.0
2026-07-08T19:00:00+02:00,136.32
2026-07-08T19:15:00+02:00,189.2
2026-07-08T19:30:00+02:00,190.64
2026-07-08T19:45:00+02:00,203.2
2026-07-08T20:00:00+02:00,175.44
2026-07-08T20:15:00+02:00,207.92
2026-07-08T20:30:00+02:00,207.68
2026-07-08T20:45:00+02:00,202.16
2026-07-08T21:00:00+02:00,216.48
2026-07-08T21:15:00+02:00,216.48
2026-07-08T21:30:00+02:00,191.84
2026-07-08T21:45:00+02:00,217.44
2026-07-08T22:00:00+02:00,197.6
2026-07-08T22:15:00+02:00,176.24
2026-07-08T22:30:00+02:00,170.24
2026-07-08T22:45:00+02:00,184.0
2026-07-08T23:00:00+02:00,178.96
2026-07-08T23:15:00+02:00,224.4
2026-07-08T23:30:00+02:00,187.36
2026-07-08T23:45:00+02:00,202.56
2026-07-09T00:00:00+02:00,200.0
2026-07-09T00:15:00+02:00,219.92
2026-07-09T00:30:00+02:00,222.48
2026-07-09T00:45:00+02:00,215.92
2026-07-09T01:00:00+02:00,213.6
2026-07-09T01:15:00+02:00,204.16
2026-07-09T01:30:00+02:00,216.72
2026-07-09T01:45:00+02:00,231.28
2026-07-09T02:00:00+02:00,248.16
2026-07-09T02:15:00+02:00,222.4
2026-07-09T02:30:00+02:00,226.8
2026-07-09T02:45:00+02:00,246.8
2026-07-09T03:00:00+02:00,250.08
2026-07-09T03:15:00+02:00,235.36
2026-07-09T03:30:00+02:00,200.0
2026-07-09T03:45:00+02:00,218.08
2026-07-09T04:00:00+02:00,195.28
2026-07-09T04:15:00+02:00,185.28
2026-07-09T04:30:00+02:00,188.24
2026-07-09T04:45:00+02:00,214.32
2026-07-09T05:00:00+02:00,211.36
2026-07-09T05:15:00+02:00,177.44
2026-07-09T05:30:00+02:00,186.0
2026-07-09T05:45:00+02:00,201.76
2026-07-09T06:00:00+02:00,174.64
2026-07-09T06:15:00+02:00,172.24
2026-07-09T06:30:00+02:00,185.28
2026-07-09T06:45:00+02:00,209.6
2026-07-09T07:00:00+02:00,151.04
2026-07-09T07:15:00+02:00,158.56
2026-07-09T07:30:00+02:00,154.72
2026-07-09T07:45:00+02:00,159.44
2026-07-09T08:00:00+02:00,166.88
2026-07-09T08:15:00+02:00,194.16
2026-07-09T08:30:00+02:00,141.2
2026-07-09T08:45:00+02:00,152.96
2026-07-09T09:00:00+02:00,70.4
2026-07-09T09:15:00+02:00,36.0
2026-07-09T09:30:00+02:00,45.6
2026-07-09T09:45:00+02:00,15.84
2026-07-09T10:00:00+02:00,0.64
2026-07-09T10:15:00+02:00,0.0
2026-07-09T10:30:00+02:00,0.0
2026-07-09T10:45:00+02:00,0.0
2026-07-09T11:00:00+02:00,0.0
2026-07-09T11:15:00+02:00,8.96
2026-07-09T11:30:00+02:00,1.6
2026-07-09T11:45:00+02:00,2.56
2026-07-09T12:00:00+02:00,6.16
2026-07-09T12:15:00+02:00,3.92
2026-07-09T12:30:00+02:00,11.36
2026-07-09T12:45:00+02:00,13.36
2026-07-09T13:00:00+02:00,6.72
2026-07-09T13:15:00+02:00,50.48
2026-07-09T13:30:00+02:00,0.0
2026-07-09T13:45:00+02:00,8.72
2026-07-09T14:00:00+02:00,8.64
2026-07-09T14:15:00+02:00,0.0
2026-07-09T14:30:00+02:00,14.8
2026-07-09T14:45:00+02:00,2.16
2026-07-09T15:00:00+02:00,54.72
2026-07-09T15:15:00+02:00,0.32
2026-07-09T15:30:00+02:00,4.64
2026-07-09T15:45:00+02:00,1.2
2026-07-09T16:00:00+02:00,0.0
2026-07-09T16:15:00+02:00,0.0
2026-07-09T16:30:00+02:00,47.84
2026-07-09T16:45:00+02:00,8.32
2026-07-09T17:00:00+02:00,0.88
2026-07-09T17:15:00+02:00,10.96
2026-07-09T17:30:00+02:00,0.24
2026-07-09T17:45:00+02:00,10.16
2026-07-09T18:00:00+02:00,2.64
2026-07-09T18:15:00+02:00,24.08
2026-07-09T18:30:00+02:00,43.36
2026-07-09T18:45:00+02:00,101.2
2026-07-09T19:00:00+02:00,121.92
2026-07-09T19:15:00+02:00,120.88
2026-07-09T19:30:00+02:00,162.32
2026-07-09T19:45:00+02:00,190.8
2026-07-09T20:00:00+02:00,203.2
2026-07-09T20:15:00+02:00,207.2
2026-07-09T20:30:00+02:00,209.04
2026-07-09T20:45:00+02:00,215.36
2026-07-09T21:00:00+02:00,231.76
2026-07-09T21:15:00+02:00,225.84
2026-07-09T21:30:00+02:00,218.48
2026-07-09T21:45:00+02:00,186.88
2026-07-09T22:00:00+02:00,199.2
2026-07-09T22:15:00+02:00,211.12
2026-07-09T22:30:00+02:00,235.76
2026-07-09T22:45:00+02:00,213.44
2026-07-09T23:00:00+02:00,215.28
2026-07-09T23:15:00+02:00,232.0
2026-07-09T23:30:00+02:00,198.64
2026-07-09T23:45:00+02:00,211.68
2026-07-10T00:00:00+02:00,178.24
2026-07-10T00:15:00+02:00,175.92
2026-07-10T00:30:00+02:00,193.28
2026-07-10T00:45:00+02:00,166.88
2026-07-10T01:00:00+02:00,174.48
2026-07-10T01:15:00+02:00,199.68
2026-07-10T01:30:00+02:00,188.16
2026-07-10T01:45:00+02:00,184.96
2026-07-10T02:00:00+02:00,211.44
2026-07-10T02:15:00+02:00,253.12
2026-07-10T02:30:00+02:00,224.0
2026-07-10T02:45:00+02:00,178.0
2026-07-10T03:00:00+02:00,185.92
2026-07-10T03:15:00+02:00,165.04
2026-07-10T03:30:00+02:00,148.8
2026-07-10T03:45:00+02:00,179.44
2026-07-10T04:00:00+02:00,205.52
2026-07-10T04:15:00+02:00,199.28
2026-07-10T04:30:00+02:00,192.88
2026-07-10T04:45:00+02:00,181.12
2026-07-10T05:00:00+02:00,177.28
2026-07-10T05:15:00+02:00,186.72
2026-07-10T05:30:00+02:00,201.84
2026-07-10T05:45:00+02:00,194.32
2026-07-10T06:00:00+02:00,181.68
2026-07-10T06:15:00+02:00,175.52
2026-07-10T06:30:00+02:00,166.32
2026-07-10T06:45:00+02:00,166.48
2026-07-10T07:00:00+02:00,152.32
2026-07-10T07:15:00+02:00,121.6
2026-07-10T07:30:00+02:00,68.4
2026-07-10T07:45:00+02:00,23.2
2026-07-10T08:00:00+02:00,8.72
2026-07-10T08:15:00+02:00,4.88
2026-07-10T08:30:00+02:00,0.0
2026-07-10T08:45:00+02:00,0.0
2026-07-10T09:00:00+02:00,0.0
2026-07-10T09:15:00+02:00,0.0
2026-07-10T09:30:00+02:00,0.0
2026-07-10T09:45:00+02:00,0.0
2026-07-10T10:00:00+02:00,0.0
2026-07-10T10:15:00+02:00,0.0
2026-07-10T10:30:00+02:00,0.0
2026-07-10T10:45:00+02:00,0.0
2026-07-10T11:00:00+02:00,0.0
2026-07-10T11:15:00+02:00,0.0
2026-07-10T11:30:00+02:00,0.0
2026-07-10T11:45:00+02:00,0.0
2026-07-10T12:00:00+02:00,0.0
2026-07-10T12:15:00+02:00,0.0
2026-07-10T12:30:00+02:00,0.0
2026-07-10T12:45:00+02:00,0.0
2026-07-10T13:00:00+02:00,0.0
2026-07-10T13:15:00+02:00,0.0
2026-07-10T13:30:00+02:00,0.0
2026-07-10T13:45:00+02:00,0.0
2026-07-10T14:00:00+02:00,0.0
2026-07-10T14:15:00+02:00,0.0
2026-07-10T14:30:00+02:00,0.0
2026-07-10T14:45:00+02:00,0.0
2026-07-10T15:00:00+02:00,0.0
2026-07-10T15:15:00+02:00,0.0
2026-07-10T15:30:00+02:00,0.0
2026-07-10T15:45:00+02:00,0.0
2026-07-10T16:00:00+02:00,0.0
2026-07-10T16:15:00+02:00,0.0
2026-07-10T16:30:00+02:00,0.0
2026-07-10T16:45:00+02:00,0.0
2026-07-10T17:00:00+02:00,0.0
2026-07-10T17:15:00+02:00,0.0
2026-07-10T17:30:00+02:00,0.0
2026-07-10T17:45:00+02:00,0.0
2026-07-10T18:00:00+02:00,0.0
2026-07-10T18:15:00+02:00,4.0
2026-07-10T18:30:00+02:00,19.76
2026-07-10T18:45:00+02:00,74.16
2026-07-10T19:00:00+02:00,107.12
2026-07-10T19:15:00+02:00,122.72
2026-07-10T19:30:00+02:00,128.4
2026-07-10T19:45:00+02:00,157.36
2026-07-10T20:00:00+02:00,164.72
2026-07-10T20:15:00+02:00,136.64
2026-07-10T20:30:00+02:00,116.4
2026-07-10T20:45:00+02:00,86.96
2026-07-10T21:00:00+02:00,82.16
2026-07-10T21:15:00+02:00,58.88
2026-07-10T21:30:00+02:00,64.56
2026-07-10T21:45:00+02:00,64.4
2026-07-10T22:00:00+02:00,61.36
2026-07-10T22:15:00+02:00,54.0
2026-07-10T22:30:00+02:00,47.44
2026-07-10T22:45:00+02:00,42.32
2026-07-10T23:00:00+02:00,43.12
2026-07-10T23:15:00+02:00,40.08
2026-07-10T23:30:00+02:00,41.2
2026-07-10T23:45:00+02:00,38.96
2026-07-11T00:00:00+02:00,41.12
2026-07-11T00:15:00+02:00,39.36
2026-07-11T00:30:00+02:00,42.16
2026-07-11T00:45:00+02:00,38.4
2026-07-11T01:00:00+02:00,39.68
2026-07-11T01:15:00+02:00,38.56
2026-07-11T01:30:00+02:00,40.56
2026-07-11T01:45:00+02:00,36.16
2026-07-11T02:00:00+02:00,40.08
2026-07-11T02:15:00+02:00,39.2
2026-07-11T02:30:00+02:00,37.68
2026-07-11T02:45:00+02:00,41.36
2026-07-11T03:00:00+02:00,38.0
2026-07-11T03:15:00+02:00,36.08
2026-07-11T03:30:00+02:00,36.96
2026-07-11T03:45:00+02:00,37.36
2026-07-11T04:00:00+02:00,36.72
2026-07-11T04:15:00+02:00,40.08
2026-07-11T04:30:00+02:00,37.12
2026-07-11T04:45:00+02:00,39.36
2026-07-11T05:00:00+02:00,36.8
2026-07-11T05:15:00+02:00,38.96
2026-07-11T05:30:00+02:00,36.88
2026-07-11T05:45:00+02:00,34.64
2026-07-11T06:00:00+02:00,31.36
2026-07-11T06:15:00+02:00,23.68
2026-07-11T06:30:00+02:00,13.68
2026-07-11T06:45:00+02:00,0.72
2026-07-11T07:00:00+02:00,0.0
2026-07-11T07:15:00+02:00,0.0
2026-07-11T07:30:00+02:00,0.0
2026-07-11T07:45:00+02:00,0.0
2026-07-11T08:00:00+02:00,0.0
2026-07-11T08:15:00+02:00,0.0
2026-07-11T08:30:00+02:00,0.0
2026-07-11T08:45:00+02:00,0.0
2026-07-11T09:00:00+02:00,0.0
2026-07-11T09:15:00+02:00,0.0
2026-07-11T09:30:00+02:00,0.0
2026-07-11T09:45:00+02:00,0.0
2026-07-11T10:00:00+02:00,0.0
2026-07-11T10:15:00+02:00,0.0
2026-07-11T10:30:00+02:00,0.0
2026-07-11T10:45:00+02:00,0.0
2026-07-11T11:00:00+02:00,0.0
2026-07-11T11:15:00+02:00,0.0
2026-07-11T11:30:00+02:00,0.0
2026-07-11T11:45:00+02:00,0.0
2026-07-11T12:00:00+02:00,0.0
2026-07-11T12:15:00+02:00,0.0
2026-07-11T12:30:00+02:00,0.0
2026-07-11T12:45:00+02:00,0.0
2026-07-11T13:00:00+02:00,0.0
2026-07-11T13:15:00+02:00,0.0
2026-07-11T13:30:00+02:00,0.0
2026-07-11T13:45:00+02:00,0.0
2026-07-11T14:00:00+02:00,0.0
2026-07-11T14:15:00+02:00,0.0
2026-07-11T14:30:00+02:00,0.0
2026-07-11T14:45:00+02:00,0.0
2026-07-11T15:00:00+02:00,0.0
2026-07-11T15:15:00+02:00,0.0
2026-07-11T15:30:00+02:00,0.0
2026-07-11T15:45:00+02:00,0.0
2026-07-11T16:00:00+02:00,0.0
2026-07-11T16:15:00+02:00,0.0
2026-07-11T16:30:00+02:00,0.0
2026-07-11T16:45:00+02:00,0.0
2026-07-11T17:00:00+02:00,0.0
2026-07-11T17:15:00+02:00,0.0
2026-07-11T17:30:00+02:00,0.0
2026-07-11T17:45:00+02:00,0.0
2026-07-11T18:00:00+02:00,0.0
2026-07-11T18:15:00+02:00,0.0
2026-07-11T18:30:00+02:00,0.0
2026-07-11T18:45:00+02:00,0.0
2026-07-11T19:00:00+02:00,0.0
2026-07-11T19:15:00+02:00,0.0
2026-07-11T19:30:00+02:00,0.0
2026-07-11T19:45:00+02:00,2.64
2026-07-11T20:00:00+02:00,14.08
2026-07-11T20:15:00+02:00,25.6
2026-07-11T20:30:00+02:00,30.96
2026-07-11T20:45:00+02:00,30.32
2026-07-11T21:00:00+02:00,40.8
2026-07-11T21:15:00+02:00,41.12
2026-07-11T21:30:00+02:00,39.04
2026-07-11T21:45:00+02:00,41.36
2026-07-11T22:00:00+02:00,42.4
2026-07-11T22:15:00+02:00,42.8
2026-07-11T22:30:00+02:00,38.16
2026-07-11T22:45:00+02:00,40.32
2026-07-11T23:00:00+02:00,36.32
2026-07-11T23:15:00+02:00,39.12
2026-07-11T23:30:00+02:00,38.16
2026-07-11T23:45:00+02:00,38.16
2026-07-12T00:00:00+02:00,37.76
2026-07-12T00:15:00+02:00,36.64
2026-07-12T00:30:00+02:00,38.16
2026-07-12T00:45:00+02:00,37.68
2026-07-12T01:00:00+02:00,39.36
2026-07-12T01:15:00+02:00,35.52
2026-07-12T01:30:00+02:00,37.52
2026-07-12T01:45:00+02:00,36.08
2026-07-12T02:00:00+02:00,36.96
2026-07-12T02:15:00+02:00,35.6
2026-07-12T02:30:00+02:00,38.4
2026-07-12T02:45:00+02:00,36.24
2026-07-12T03:00:00+02:00,36.32
2026-07-12T03:15:00+02:00,37.12
2026-07-12T03:30:00+02:00,36.48
2026-07-12T03:45:00+02:00,35.2
2026-07-12T04:00:00+02:00,38.0
2026-07-12T04:15:00+02:00,39.36
2026-07-12T04:30:00+02:00,36.88
2026-07-12T04:45:00+02:00,36.48
2026-07-12T05:00:00+02:00,36.72
2026-07-12T05:15:00+02:00,34.72
2026-07-12T05:30:00+02:00,33.52
2026-07-12T05:45:00+02:00,28.72
2026-07-12T06:00:00+02:00,23.04
2026-07-12T06:15:00+02:00,18.72
2026-07-12T06:30:00+02:00,7.76
2026-07-12T06:45:00+02:00,0.0
2026-07-12T07:00:00+02:00,0.0
2026-07-12T07:15:00+02:00,0.0
2026-07-12T07:30:00+02:00,0.0
2026-07-12T07:45:00+02:00,0.0
2026-07-12T08:00:00+02:00,0.0
2026-07-12T08:15:00+02:00,0.0
2026-07-12T08:30:00+02:00,0.0
2026-07-12T08:45:00+02:00,0.0
2026-07-12T09:00:00+02:00,0.0
2026-07-12T09:15:00+02:00,0.0
2026-07-12T09:30:00+02:00,0.0
2026-07-12T09:45:00+02:00,0.0
2026-07-12T10:00:00+02:00,0.0
2026-07-12T10:15:00+02:00,0.0
2026-07-12T10:30:00+02:00,0.0
2026-07-12T10:45:00+02:00,0.0
2026-07-12T11:00:00+02:00,0.0
2026-07-12T11:15:00+02:00,0.0
2026-07-12T11:30:00+02:00,0.0
2026-07-12T11:45:00+02:00,0.0
2026-07-12T12:00:00+02:00,0.0
2026-07-12T12:15:00+02:00,0.0
2026-07-12T12:30:00+02:00,0.0
2026-07-12T12:45:00+02:00,0.0
2026-07-12T13:00:00+02:00,0.0
2026-07-12T13:15:00+02:00,0.0
2026-07-12T13:30:00+02:00,0.0
2026-07-12T13:45:00+02:00,0.0
2026-07-12T14:00:00+02:00,0.0
2026-07-12T14:15:00+02:00,0.0
2026-07-12T14:30:00+02:00,0.0
2026-07-12T14:45:00+02:00,0.0
2026-07-12T15:00:00+02:00,0.0
2026-07-12T15:15:00+02:00,0.0
2026-07-12T15:30:00+02:00,0.0
2026-07-12T15:45:00+02:00,0.0
2026-07-12T16:00:00+02:00,0.0
2026-07-12T16:15:00+02:00,0.0
2026-07-12T16:30:00+02:00,0.0
2026-07-12T16:45:00+02:00,0.0
2026-07-12T17:00:00+02:00,0.0
2026-07-12T17:15:00+02:00,0.0
2026-07-12T17:30:00+02:00,0.0
2026-07-12T17:45:00+02:00,0.0
2026-07-12T18:00:00+02:00,0.0
2026-07-12T18:15:00+02:00,0.0
2026-07-12T18:30:00+02:00,0.0
2026-07-12T18:45:00+02:00,0.0
2026-07-12T19:00:00+02:00,0.0
2026-07-12T19:15:00+02:00,0.0
2026-07-12T19:30:00+02:00,0.0
2026-07-12T19:45:00+02:00,0.8
2026-07-12T20:00:00+02:00,13.68
2026-07-12T20:15:00+02:00,24.0
2026-07-12T20:30:00+02:00,29.92
2026-07-12T20:45:00+02:00,32.08
2026-07-12T21:00:00+02:00,36.56
2026-07-12T21:15:00+02:00,42.48
2026-07-12T21:30:00+02:00,41.92
2026-07-12T21:45:00+02:00,43.36
2026-07-12T22:00:00+02:00,42.96
2026-07-12T22:15:00+02:00,46.24
2026-07-12T22:30:00+02:00,42.4
2026-07-12T22:45:00+02:00,44.24
2026-07-12T23:00:00+02:00,40.72
2026-07-12T23:15:00+02:00,45.92
2026-07-12T23:30:00+02:00,44.08
2026-07-12T23:45:00+02:00,44.4
2026-07-13T00:00:00+02:00,44.56
2026-07-13T00:15:00+02:00,45.6
2026-07-13T00:30:00+02:00,45.2
2026-07-13T00:45:00+02:00,43.84
2026-07-13T01:00:00+02:00,45.28
2026-07-13T01:15:00+02:00,46.4
2026-07-13T01:30:00+02:00,44.64
2026-07-13T01:45:00+02:00,45.12
2026-07-13T02:00:00+02:00,42.72
2026-07-13T02:15:00+02:00,43.76
2026-07-13T02:30:00+02:00,42.4
2026-07-13T02:45:00+02:00,40.56
2026-07-13T03:00:00+02:00,40.16
2026-07-13T03:15:00+02:00,45.68
2026-07-13T03:30:00+02:00,49.12
2026-07-13T03:45:00+02:00,50.32
2026-07-13T04:00:00+02:00,47.28
2026-07-13T04:15:00+02:00,52.96
2026-07-13T04:30:00+02:00,53.68
2026-07-13T04:45:00+02:00,51.52
2026-07-13T05:00:00+02:00,47.52
2026-07-13T05:15:00+02:00,66.24
2026-07-13T05:30:00+02:00,91.2
2026-07-13T05:45:00+02:00,125.2
2026-07-13T06:00:00+02:00,129.44
2026-07-13T06:15:00+02:00,137.52
2026-07-13T06:30:00+02:00,172.8
2026-07-13T06:45:00+02:00,154.72
2026-07-13T07:00:00+02:00,151.36
2026-07-13T07:15:00+02:00,121.76
2026-07-13T07:30:00+02:00,43.6
2026-07-13T07:45:00+02:00,5.52
2026-07-13T08:00:00+02:00,0.64
2026-07-13T08:15:00+02:00,0.0
2026-07-13T08:30:00+02:00,0.0
2026-07-13T08:45:00+02:00,0.0
2026-07-13T09:00:00+02:00,0.0
2026-07-13T09:15:00+02:00,0.0
2026-07-13T09:30:00+02:00,0.0
2026-07-13T09:45:00+02:00,0.0
2026-07-13T10:00:00+02:00,0.0
2026-07-13T10:15:00+02:00,0.0
2026-07-13T10:30:00+02:00,0.0
2026-07-13T10:45:00+02:00,0.0
2026-07-13T11:00:00+02:00,0.0
2026-07-13T11:15:00+02:00,0.0
2026-07-13T11:30:00+02:00,0.0
2026-07-13T11:45:00+02:00,0.0
2026-07-13T12:00:00+02:00,0.0
2026-07-13T12:15:00+02:00,0.0
2026-07-13T12:30:00+02:00,0.0
2026-07-13T12:45:00+02:00,0.0
2026-07-13T13:00:00+02:00,0.0
2026-07-13T13:15:00+02:00,0.0
2026-07-13T13:30:00+02:00,0.0
2026-07-13T13:45:00+02:00,0.0
2026-07-13T14:00:00+02:00,0.0
2026-07-13T14:15:00+02:00,0.0
2026-07-13T14:30:00+02:00,0.0
2026-07-13T14:45:00+02:00,0.0
2026-07-13T15:00:00+02:00,0.0
2026-07-13T15:15:00+02:00,0.0
2026-07-13T15:30:00+02:00,0.0
2026-07-13T15:45:00+02:00,0.0
2026-07-13T16:00:00+02:00,0.0
2026-07-13T16:15:00+02:00,0.0
2026-07-13T16:30:00+02:00,0.0
2026-07-13T16:45:00+02:00,0.0
2026-07-13T17:00:00+02:00,0.0
2026-07-13T17:15:00+02:00,52.48
2026-07-13T17:30:00+02:00,6.08
2026-07-13T17:45:00+02:00,1.44
2026-07-13T18:00:00+02:00,9.04
2026-07-13T18:15:00+02:00,55.04
2026-07-13T18:30:00+02:00,78.88
2026-07-13T18:45:00+02:00,163.84
2026-07-13T19:00:00+02:00,204.24
2026-07-13T19:15:00+02:00,215.52
2026-07-13T19:30:00+02:00,213.6
2026-07-13T19:45:00+02:00,214.56
2026-07-13T20:00:00+02:00,211.04
2026-07-13T20:15:00+02:00,203.36
2026-07-13T20:30:00+02:00,216.8
2026-07-13T20:45:00+02:00,224.8
2026-07-13T21:00:00+02:00,246.4
2026-07-13T21:15:00+02:00,275.28
2026-07-13T21:30:00+02:00,292.08
2026-07-13T21:45:00+02:00,264.8
2026-07-13T22:00:00+02:00,263.52
2026-07-13T22:15:00+02:00,242.4
2026-07-13T22:30:00+02:00,217.2
2026-07-13T22:45:00+02:00,202.48
2026-07-13T23:00:00+02:00,205.2
2026-07-13T23:15:00+02:00,229.6
2026-07-13T23:30:00+02:00,225.52
2026-07-13T23:45:00+02:00,232.72
2026-07-14T00:00:00+02:00,211.76
2026-07-14T00:15:00+02:00,198.08
2026-07-14T00:30:00+02:00,179.84
2026-07-14T00:45:00+02:00,196.56
2026-07-14T01:00:00+02:00,180.72
2026-07-14T01:15:00+02:00,193.6
2026-07-14T01:30:00+02:00,191.68
2026-07-14T01:45:00+02:00,188.56
2026-07-14T02:00:00+02:00,199.6
2026-07-14T02:15:00+02:00,176.08
2026-07-14T02:30:00+02:00,199.28
2026-07-14T02:45:00+02:00,218.56
2026-07-14T03:00:00+02:00,193.44
2026-07-14T03:15:00+02:00,169.92
2026-07-14T03:30:00+02:00,198.0
2026-07-14T03:45:00+02:00,195.36
2026-07-14T04:00:00+02:00,191.68
2026-07-14T04:15:00+02:00,176.8
2026-07-14T04:30:00+02:00,191.12
2026-07-14T04:45:00+02:00,187.76
2026-07-14T05:00:00+02:00,197.44
2026-07-14T05:15:00+02:00,175.44
2026-07-14T05:30:00+02:00,220.24
2026-07-14T05:45:00+02:00,216.24
2026-07-14T06:00:00+02:00,205.68
2026-07-14T06:15:00+02:00,191.52
2026-07-14T06:30:00+02:00,194.48
2026-07-14T06:45:00+02:00,170.8
2026-07-14T07:00:00+02:00,155.36
2026-07-14T07:15:00+02:00,152.32
2026-07-14T07:30:00+02:00,111.04
2026-07-14T07:45:00+02:00,77.92
2026-07-14T08:00:00+02:00,69.28
2026-07-14T08:15:00+02:00,125.36
2026-07-14T08:30:00+02:00,6.48
2026-07-14T08:45:00+02:00,18.88
2026-07-14T09:00:00+02:00,16.56
2026-07-14T09:15:00+02:00,0.0
2026-07-14T09:30:00+02:00,14.8
2026-07-14T09:45:00+02:00,3.12
2026-07-14T10:00:00+02:00,0.0
2026-07-14T10:15:00+02:00,0.24
2026-07-14T10:30:00+02:00,53.36
2026-07-14T10:45:00+02:00,0.0
2026-07-14T11:00:00+02:00,67.28
2026-07-14T11:15:00+02:00,311.92
2026-07-14T11:30:00+02:00,383.84
2026-07-14T11:45:00+02:00,319.36
2026-07-14T12:00:00+02:00,312.56
2026-07-14T12:15:00+02:00,333.52
2026-07-14T12:30:00+02:00,321.12
2026-07-14T12:45:00+02:00,251.36
2026-07-14T13:00:00+02:00,98.64
2026-07-14T13:15:00+02:00,40.08
2026-07-14T13:30:00+02:00,0.0
2026-07-14T13:45:00+02:00,0.0
2026-07-14T14:00:00+02:00,0.0
2026-07-14T14:15:00+02:00,0.0
2026-07-14T14:30:00+02:00,20.32
2026-07-14T14:45:00+02:00,7.28
2026-07-14T15:00:00+02:00,0.0
2026-07-14T15:15:00+02:00,0.0
2026-07-14T15:30:00+02:00,0.0
2026-07-14T15:45:00+02:00,0.0
2026-07-14T16:00:00+02:00,0.0
2026-07-14T16:15:00+02:00,0.0
2026-07-14T16:30:00+02:00,0.0
2026-07-14T16:45:00+02:00,0.0
2026-07-14T17:00:00+02:00,0.0
2026-07-14T17:15:00+02:00,0.64
2026-07-14T17:30:00+02:00,7.44
2026-07-14T17:45:00+02:00,54.24
2026-07-14T18:00:00+02:00,50.0
2026-07-14T18:15:00+02:00,82.72
2026-07-14T18:30:00+02:00,90.64
2026-07-14T18:45:00+02:00,149.76
2026-07-14T19:00:00+02:00,182.4
2026-07-14T19:15:00+02:00,222.4
2026-07-14T19:30:00+02:00,198.56
2026-07-14T19:45:00+02:00,186.96
2026-07-14T20:00:00+02:00,202.64
2026-07-14T20:15:00+02:00,283.52
2026-07-14T20:30:00+02:00,280.08
2026-07-14T20:45:00+02:00,267.68
2026-07-14T21:00:00+02:00,274.72
2026-07-14T21:15:00+02:00,287.28
2026-07-14T21:30:00+02:00,294.24
2026-07-14T21:45:00+02:00,246.32
2026-07-14T22:00:00+02:00,224.8
2026-07-14T22:15:00+02:00,248.8
2026-07-14T22:30:00+02:00,256.8
2026-07-14T22:45:00+02:00,239.28
2026-07-14T23:00:00+02:00,234.88
2026-07-14T23:15:00+02:00,216.24
2026-07-14T23:30:00+02:00,242.72
2026-07-14T23:45:00+02:00,243.76
2026-07-15T00:00:00+02:00,226.72
2026-07-15T00:15:00+02:00,231.52
2026-07-15T00:30:00+02:00,216.0
2026-07-15T00:45:00+02:00,244.4
2026-07-15T01:00:00+02:00,247.2
2026-07-15T01:15:00+02:00,210.0
2026-07-15T01:30:00+02:00,195.52
2026-07-15T01:45:00+02:00,191.76
2026-07-15T02:00:00+02:00,199.44
2026-07-15T02:15:00+02:00,219.36
2026-07-15T02:30:00+02:00,202.96
2026-07-15T02:45:00+02:00,201.68
2026-07-15T03:00:00+02:00,208.8
2026-07-15T03:15:00+02:00,201.44
2026-07-15T03:30:00+02:00,212.8
2026-07-15T03:45:00+02:00,207.52
2026-07-15T04:00:00+02:00,204.0
2026-07-15T04:15:00+02:00,197.36
2026-07-15T04:30:00+02:00,179.12
2026-07-15T04:45:00+02:00,187.12
2026-07-15T05:00:00+02:00,185.76
2026-07-15T05:15:00+02:00,198.16
2026-07-15T05:30:00+02:00,203.68
2026-07-15T05:45:00+02:00,216.64
2026-07-15T06:00:00+02:00,205.04
2026-07-15T06:15:00+02:00,216.72
2026-07-15T06:30:00+02:00,221.2
2026-07-15T06:45:00+02:00,194.72
2026-07-15T07:00:00+02:00,193.28
2026-07-15T07:15:00+02:00,208.8
2026-07-15T07:30:00+02:00,188.08
2026-07-15T07:45:00+02:00,145.44
2026-07-15T08:00:00+02:00,134.0
2026-07-15T08:15:00+02:00,186.56
2026-07-15T08:30:00+02:00,238.8
2026-07-15T08:45:00+02:00,235.92
2026-07-15T09:00:00+02:00,169.36
2026-07-15T09:15:00+02:00,191.76
2026-07-15T09:30:00+02:00,193.36
2026-07-15T09:45:00+02:00,118.0
2026-07-15T10:00:00+02:00,75.2
2026-07-15T10:15:00+02:00,6.32
2026-07-15T10:30:00+02:00,158.56
2026-07-15T10:45:00+02:00,161.6
2026-07-15T11:00:00+02:00,172.88
2026-07-15T11:15:00+02:00,86.16
2026-07-15T11:30:00+02:00,126.4
2026-07-15T11:45:00+02:00,21.04
2026-07-15T12:00:00+02:00,2.4
2026-07-15T12:15:00+02:00,0.0
2026-07-15T12:30:00+02:00,0.0
2026-07-15T12:45:00+02:00,0.0
2026-07-15T13:00:00+02:00,4.64
2026-07-15T13:15:00+02:00,0.0
2026-07-15T13:30:00+02:00,0.0
2026-07-15T13:45:00+02:00,0.0
2026-07-15T14:00:00+02:00,0.0
2026-07-15T14:15:00+02:00,0.0
2026-07-15T14:30:00+02:00,0.08
2026-07-15T14:45:00+02:00,0.4
2026-07-15T15:00:00+02:00,2.64
2026-07-15T15:15:00+02:00,0.0
2026-07-15T15:30:00+02:00,0.0
2026-07-15T15:45:00+02:00,10.24
2026-07-15T16:00:00+02:00,46.0
2026-07-15T16:15:00+02:00,168.0
2026-07-15T16:30:00+02:00,116.72
2026-07-15T16:45:00+02:00,135.2
2026-07-15T17:00:00+02:00,161.28
2026-07-15T17:15:00+02:00,191.76
2026-07-15T17:30:00+02:00,212.48
2026-07-15T17:45:00+02:00,228.96
2026-07-15T18:00:00+02:00,241.28
2026-07-15T18:15:00+02:00,287.84
2026-07-15T18:30:00+02:00,283.12
2026-07-15T18:45:00+02:00,236.08
2026-07-15T19:00:00+02:00,223.2
2026-07-15T19:15:00+02:00,200.0
2026-07-15T19:30:00+02:00,226.56
2026-07-15T19:45:00+02:00,219.52
2026-07-15T20:00:00+02:00,240.56
2026-07-15T20:15:00+02:00,245.12
2026-07-15T20:30:00+02:00,248.8
2026-07-15T20:45:00+02:00,269.04
2026-07-15T21:00:00+02:00,241.6
2026-07-15T21:15:00+02:00,261.68
2026-07-15T21:30:00+02:00,268.24
2026-07-15T21:45:00+02:00,263.76
2026-07-15T22:00:00+02:00,233.04
2026-07-15T22:15:00+02:00,233.52
2026-07-15T22:30:00+02:00,194.56
2026-07-15T22:45:00+02:00,203.36
2026-07-15T23:00:00+02:00,179.68
2026-07-15T23:15:00+02:00,190.0
2026-07-15T23:30:00+02:00,184.72
2026-07-15T23:45:00+02:00,184.16
2026-07-16T00:00:00+02:00,200.88
2026-07-16T00:15:00+02:00,185.36
2026-07-16T00:30:00+02:00,189.76
2026-07-16T00:45:00+02:00,176.32
2026-07-16T01:00:00+02:00,175.04
2026-07-16T01:15:00+02:00,191.76
2026-07-16T01:30:00+02:00,174.96
2026-07-16T01:45:00+02:00,157.52
2026-07-16T02:00:00+02:00,161.04
2026-07-16T02:15:00+02:00,176.48
2026-07-16T02:30:00+02:00,188.32
2026-07-16T02:45:00+02:00,205.76
2026-07-16T03:00:00+02:00,199.76
2026-07-16T03:15:00+02:00,186.72
2026-07-16T03:30:00+02:00,163.36
2026-07-16T03:45:00+02:00,168.48
2026-07-16T04:00:00+02:00,204.64
2026-07-16T04:15:00+02:00,213.76
2026-07-16T04:30:00+02:00,217.36
2026-07-16T04:45:00+02:00,215.36
2026-07-16T05:00:00+02:00,200.4
2026-07-16T05:15:00+02:00,237.36
2026-07-16T05:30:00+02:00,244.24
2026-07-16T05:45:00+02:00,256.8
2026-07-16T06:00:00+02:00,262.8
2026-07-16T06:15:00+02:00,287.28
2026-07-16T06:30:00+02:00,296.56
2026-07-16T06:45:00+02:00,303.12
2026-07-16T07:00:00+02:00,273.2
2026-07-16T07:15:00+02:00,241.36
2026-07-16T07:30:00+02:00,158.32
2026-07-16T07:45:00+02:00,80.0
2026-07-16T08:00:00+02:00,32.4
2026-07-16T08:15:00+02:00,47.36
2026-07-16T08:30:00+02:00,34.96
2026-07-16T08:45:00+02:00,29.44
2026-07-16T09:00:00+02:00,0.08
2026-07-16T09:15:00+02:00,0.0
2026-07-16T09:30:00+02:00,0.0
2026-07-16T09:45:00+02:00,0.0
2026-07-16T10:00:00+02:00,0.16
2026-07-16T10:15:00+02:00,0.24
2026-07-16T10:30:00+02:00,0.0
2026-07-16T10:45:00+02:00,0.0
2026-07-16T11:00:00+02:00,0.0
2026-07-16T11:15:00+02:00,0.0
2026-07-16T11:30:00+02:00,0.0
2026-07-16T11:45:00+02:00,0.0
2026-07-16T12:00:00+02:00,0.0
2026-07-16T12:15:00+02:00,0.0
2026-07-16T12:30:00+02:00,0.0
2026-07-16T12:45:00+02:00,0.0
2026-07-16T13:00:00+02:00,0.0
2026-07-16T13:15:00+02:00,0.0
2026-07-16T13:30:00+02:00,0.0
2026-07-16T13:45:00+02:00,0.0
2026-07-16T14:00:00+02:00,0.0
2026-07-16T14:15:00+02:00,0.0
2026-07-16T14:30:00+02:00,0.0
2026-07-16T14:45:00+02:00,0.0
2026-07-16T15:00:00+02:00,6.4
2026-07-16T15:15:00+02:00,0.72
2026-07-16T15:30:00+02:00,0.0
2026-07-16T15:45:00+02:00,0.0
2026-07-16T16:00:00+02:00,0.0
2026-07-16T16:15:00+02:00,0.0
2026-07-16T16:30:00+02:00,0.0
2026-07-16T16:45:00+02:00,0.0
2026-07-16T17:00:00+02:00,2.48
2026-07-16T17:15:00+02:00,6.64
2026-07-16T17:30:00+02:00,0.4
2026-07-16T17:45:00+02:00,14.32
2026-07-16T18:00:00+02:00,60.4
2026-07-16T18:15:00+02:00,79.68
2026-07-16T18:30:00+02:00,115.84
2026-07-16T18:45:00+02:00,181.68
2026-07-16T19:00:00+02:00,210.0
2026-07-16T19:15:00+02:00,268.4
2026-07-16T19:30:00+02:00,266.8
2026-07-16T19:45:00+02:00,259.92
2026-07-16T20:00:00+02:00,233.68
2026-07-16T20:15:00+02:00,225.44
2026-07-16T20:30:00+02:00,239.52
2026-07-16T20:45:00+02:00,246.4
2026-07-16T21:00:00+02:00,267.28
2026-07-16T21:15:00+02:00,266.8
2026-07-16T21:30:00+02:00,277.76
2026-07-16T21:45:00+02:00,276.96
2026-07-16T22:00:00+02:00,284.08
2026-07-16T22:15:00+02:00,297.6
2026-07-16T22:30:00+02:00,273.44
2026-07-16T22:45:00+02:00,266.32
2026-07-16T23:00:00+02:00,239.36
2026-07-16T23:15:00+02:00,230.0
2026-07-16T23:30:00+02:00,251.76
2026-07-16T23:45:00+02:00,242.0
2026-07-17T00:00:00+02:00,231.44
2026-07-17T00:15:00+02:00,226.4
2026-07-17T00:30:00+02:00,232.64
2026-07-17T00:45:00+02:00,228.24
2026-07-17T01:00:00+02:00,216.48
2026-07-17T01:15:00+02:00,209.44
2026-07-17T01:30:00+02:00,208.24
2026-07-17T01:45:00+02:00,197.84
2026-07-17T02:00:00+02:00,214.08
2026-07-17T02:15:00+02:00,201.84
2026-07-17T02:30:00+02:00,189.68
2026-07-17T02:45:00+02:00,189.68
2026-07-17T03:00:00+02:00,175.28
2026-07-17T03:15:00+02:00,181.84
2026-07-17T03:30:00+02:00,163.76
2026-07-17T03:45:00+02:00,170.08
2026-07-17T04:00:00+02:00,164.88
2026-07-17T04:15:00+02:00,172.48
2026-07-17T04:30:00+02:00,186.8
2026-07-17T04:45:00+02:00,203.84
2026-07-17T05:00:00+02:00,192.56
2026-07-17T05:15:00+02:00,189.2
2026-07-17T05:30:00+02:00,186.56
2026-07-17T05:45:00+02:00,215.28
2026-07-17T06:00:00+02:00,205.76
2026-07-17T06:15:00+02:00,213.52
2026-07-17T06:30:00+02:00,212.48
2026-07-17T06:45:00+02:00,155.84
2026-07-17T07:00:00+02:00,153.28
2026-07-17T07:15:00+02:00,201.6
2026-07-17T07:30:00+02:00,197.52
2026-07-17T07:45:00+02:00,224.24
2026-07-17T08:00:00+02:00,233.68
2026-07-17T08:15:00+02:00,154.88
2026-07-17T08:30:00+02:00,188.48
2026-07-17T08:45:00+02:00,149.44
2026-07-17T09:00:00+02:00,111.2
2026-07-17T09:15:00+02:00,132.32
2026-07-17T09:30:00+02:00,139.68
2026-07-17T09:45:00+02:00,141.44
2026-07-17T10:00:00+02:00,95.12
2026-07-17T10:15:00+02:00,55.44
2026-07-17T10:30:00+02:00,0.0
2026-07-17T10:45:00+02:00,60.8
2026-07-17T11:00:00+02:00,79.44
2026-07-17T11:15:00+02:00,110.96
2026-07-17T11:30:00+02:00,70.56
2026-07-17T11:45:00+02:00,6.88
2026-07-17T12:00:00+02:00,0.0
2026-07-17T12:15:00+02:00,0.0
2026-07-17T12:30:00+02:00,0.0
2026-07-17T12:45:00+02:00,1.28
2026-07-17T13:00:00+02:00,0.0
2026-07-17T13:15:00+02:00,0.0
2026-07-17T13:30:00+02:00,0.08
2026-07-17T13:45:00+02:00,0.0
2026-07-17T14:00:00+02:00,1.36
2026-07-17T14:15:00+02:00,0.0
2026-07-17T14:30:00+02:00,0.0
2026-07-17T14:45:00+02:00,0.0
2026-07-17T15:00:00+02:00,0.0
2026-07-17T15:15:00+02:00,0.0
2026-07-17T15:30:00+02:00,0.0
2026-07-17T15:45:00+02:00,0.0
2026-07-17T16:00:00+02:00,0.0
2026-07-17T16:15:00+02:00,0.0
2026-07-17T16:30:00+02:00,0.0
2026-07-17T16:45:00+02:00,0.0
2026-07-17T17:00:00+02:00,2.16
2026-07-17T17:15:00+02:00,66.32
2026-07-17T17:30:00+02:00,121.36
2026-07-17T17:45:00+02:00,132.96
2026-07-17T18:00:00+02:00,17.44
2026-07-17T18:15:00+02:00,91.36
2026-07-17T18:30:00+02:00,121.68
2026-07-17T18:45:00+02:00,121.04
2026-07-17T19:00:00+02:00,139.44
2026-07-17T19:15:00+02:00,186.72
2026-07-17T19:30:00+02:00,236.48
2026-07-17T19:45:00+02:00,219.84
2026-07-17T20:00:00+02:00,193.6
2026-07-17T20:15:00+02:00,173.6
2026-07-17T20:30:00+02:00,160.08
2026-07-17T20:45:00+02:00,128.96
2026-07-17T21:00:00+02:00,109.12
2026-07-17T21:15:00+02:00,97.92
2026-07-17T21:30:00+02:00,81.2
2026-07-17T21:45:00+02:00,65.84
2026-07-17T22:00:00+02:00,60.0
2026-07-17T22:15:00+02:00,52.48
2026-07-17T22:30:00+02:00,51.04
2026-07-17T22:45:00+02:00,46.96
2026-07-17T23:00:00+02:00,44.56
2026-07-17T23:15:00+02:00,41.52
2026-07-17T23:30:00+02:00,43.68
2026-07-17T23:45:00+02:00,41.68
2026-07-18T00:00:00+02:00,44.0
2026-07-18T00:15:00+02:00,40.08
2026-07-18T00:30:00+02:00,45.92
2026-07-18T00:45:00+02:00,40.88
2026-07-18T01:00:00+02:00,43.28
2026-07-18T01:15:00+02:00,40.8
2026-07-18T01:30:00+02:00,43.2
2026-07-18T01:45:00+02:00,42.4
2026-07-18T02:00:00+02:00,41.12
2026-07-18T02:15:00+02:00,40.72
2026-07-18T02:30:00+02:00,41.12
2026-07-18T02:45:00+02:00,43.76
2026-07-18T03:00:00+02:00,41.36
2026-07-18T03:15:00+02:00,42.08
2026-07-18T03:30:00+02:00,41.44
2026-07-18T03:45:00+02:00,44.48
2026-07-18T04:00:00+02:00,40.24
2026-07-18T04:15:00+02:00,41.2
2026-07-18T04:30:00+02:00,42.96
2026-07-18T04:45:00+02:00,42.8
2026-07-18T05:00:00+02:00,43.2
2026-07-18T05:15:00+02:00,42.32
2026-07-18T05:30:00+02:00,45.52
2026-07-18T05:45:00+02:00,45.04
2026-07-18T06:00:00+02:00,41.12
2026-07-18T06:15:00+02:00,30.96
2026-07-18T06:30:00+02:00,24.16
2026-07-18T06:45:00+02:00,8.64
2026-07-18T07:00:00+02:00,0.0
2026-07-18T07:15:00+02:00,2.64
2026-07-18T07:30:00+02:00,0.0
2026-07-18T07:45:00+02:00,0.0
2026-07-18T08:00:00+02:00,0.0
2026-07-18T08:15:00+02:00,0.0
2026-07-18T08:30:00+02:00,0.0
2026-07-18T08:45:00+02:00,0.0
2026-07-18T09:00:00+02:00,0.0
2026-07-18T09:15:00+02:00,0.0
2026-07-18T09:30:00+02:00,0.0
2026-07-18T09:45:00+02:00,0.0
2026-07-18T10:00:00+02:00,0.0
2026-07-18T10:15:00+02:00,0.0
2026-07-18T10:30:00+02:00,0.0
2026-07-18T10:45:00+02:00,0.0
2026-07-18T11:00:00+02:00,0.0
2026-07-18T11:15:00+02:00,0.0
2026-07-18T11:30:00+02:00,0.0
2026-07-18T11:45:00+02:00,0.0
2026-07-18T12:00:00+02:00,0.0
2026-07-18T12:15:00+02:00,0.0
2026-07-18T12:30:00+02:00,0.0
2026-07-18T12:45:00+02:00,0.0
2026-07-18T13:00:00+02:00,0.0
2026-07-18T13:15:00+02:00,0.0
2026-07-18T13:30:00+02:00,0.08
2026-07-18T13:45:00+02:00,1.04
2026-07-18T14:00:00+02:00,0.0
2026-07-18T14:15:00+02:00,1.6
2026-07-18T14:30:00+02:00,6.72
2026-07-18T14:45:00+02:00,0.0
2026-07-18T15:00:00+02:00,0.0
2026-07-18T15:15:00+02:00,0.0
2026-07-18T15:30:00+02:00,0.0
2026-07-18T15:45:00+02:00,0.0
2026-07-18T16:00:00+02:00,0.0
2026-07-18T16:15:00+02:00,0.0
2026-07-18T16:30:00+02:00,0.0
2026-07-18T16:45:00+02:00,0.0
2026-07-18T17:00:00+02:00,0.0
2026-07-18T17:15:00+02:00,0.0
2026-07-18T17:30:00+02:00,0.0
2026-07-18T17:45:00+02:00,0.0
2026-07-18T18:00:00+02:00,0.0
2026-07-18T18:15:00+02:00,0.0
2026-07-18T18:30:00+02:00,0.08
2026-07-18T18:45:00+02:00,0.0
2026-07-18T19:00:00+02:00,0.0
2026-07-18T19:15:00+02:00,0.0
2026-07-18T19:30:00+02:00,0.08
2026-07-18T19:45:00+02:00,0.0
2026-07-18T20:00:00+02:00,0.0
2026-07-18T20:15:00+02:00,9.84
2026-07-18T20:30:00+02:00,21.92
2026-07-18T20:45:00+02:00,33.44
2026-07-18T21:00:00+02:00,37.52
2026-07-18T21:15:00+02:00,42.32
2026-07-18T21:30:00+02:00,42.56
2026-07-18T21:45:00+02:00,44.64
2026-07-18T22:00:00+02:00,41.84
2026-07-18T22:15:00+02:00,45.12
2026-07-18T22:30:00+02:00,44.72
2026-07-18T22:45:00+02:00,42.96
2026-07-18T23:00:00+02:00,42.96
2026-07-18T23:15:00+02:00,41.04
2026-07-18T23:30:00+02:00,44.96
2026-07-18T23:45:00+02:00,45.28
2026-07-19T00:00:00+02:00,45.04
2026-07-19T00:15:00+02:00,40.48
2026-07-19T00:30:00+02:00,43.2
2026-07-19T00:45:00+02:00,40.96
2026-07-19T01:00:00+02:00,42.08
2026-07-19T01:15:00+02:00,40.64
2026-07-19T01:30:00+02:00,39.92
2026-07-19T01:45:00+02:00,42.56
2026-07-19T02:00:00+02:00,40.48
2026-07-19T02:15:00+02:00,43.76
2026-07-19T02:30:00+02:00,39.12
2026-07-19T02:45:00+02:00,40.72
2026-07-19T03:00:00+02:00,38.16
2026-07-19T03:15:00+02:00,42.8
2026-07-19T03:30:00+02:00,37.6
2026-07-19T03:45:00+02:00,38.64
2026-07-19T04:00:00+02:00,36.16
2026-07-19T04:15:00+02:00,40.4
2026-07-19T04:30:00+02:00,37.36
2026-07-19T04:45:00+02:00,38.48
2026-07-19T05:00:00+02:00,38.72
2026-07-19T05:15:00+02:00,39.68
2026-07-19T05:30:00+02:00,38.32
2026-07-19T05:45:00+02:00,38.64
2026-07-19T06:00:00+02:00,34.16
2026-07-19T06:15:00+02:00,19.76
2026-07-19T06:30:00+02:00,0.16
2026-07-19T06:45:00+02:00,29.04
2026-07-19T07:00:00+02:00,30.16
2026-07-19T07:15:00+02:00,6.56
2026-07-19T07:30:00+02:00,1.68
2026-07-19T07:45:00+02:00,34.96
2026-07-19T08:00:00+02:00,37.2
2026-07-19T08:15:00+02:00,30.08
2026-07-19T08:30:00+02:00,17.44
2026-07-19T08:45:00+02:00,2.4
2026-07-19T09:00:00+02:00,1.36
2026-07-19T09:15:00+02:00,7.68
2026-07-19T09:30:00+02:00,15.76
2026-07-19T09:45:00+02:00,1.2
2026-07-19T10:00:00+02:00,4.64
2026-07-19T10:15:00+02:00,17.84
2026-07-19T10:30:00+02:00,36.88
2026-07-19T10:45:00+02:00,32.56
2026-07-19T11:00:00+02:00,31.2
2026-07-19T11:15:00+02:00,23.76
2026-07-19T11:30:00+02:00,0.8
2026-07-19T11:45:00+02:00,0.0
2026-07-19T12:00:00+02:00,0.0
2026-07-19T12:15:00+02:00,0.0
2026-07-19T12:30:00+02:00,0.0
2026-07-19T12:45:00+02:00,0.0
2026-07-19T13:00:00+02:00,0.0
2026-07-19T13:15:00+02:00,0.0
2026-07-19T13:30:00+02:00,0.0
2026-07-19T13:45:00+02:00,0.0
2026-07-19T14:00:00+02:00,0.0
2026-07-19T14:15:00+02:00,0.0
2026-07-19T14:30:00+02:00,0.0
2026-07-19T14:45:00+02:00,0.0
2026-07-19T15:00:00+02:00,0.0
2026-07-19T15:15:00+02:00,0.0
2026-07-19T15:30:00+02:00,0.0
2026-07-19T15:45:00+02:00,0.0
2026-07-19T16:00:00+02:00,0.0
2026-07-19T16:15:00+02:00,0.0
2026-07-19T16:30:00+02:00,0.0
2026-07-19T16:45:00+02:00,0.0
2026-07-19T17:00:00+02:00,0.0
2026-07-19T17:15:00+02:00,2.56
2026-07-19T17:30:00+02:00,0.0
2026-07-19T17:45:00+02:00,0.0
2026-07-19T18:00:00+02:00,0.0
2026-07-19T18:15:00+02:00,0.0
2026-07-19T18:30:00+02:00,0.0
2026-07-19T18:45:00+02:00,0.0
2026-07-19T19:00:00+02:00,0.0
2026-07-19T19:15:00+02:00,0.0
2026-07-19T19:30:00+02:00,0.0
2026-07-19T19:45:00+02:00,0.0
2026-07-19T20:00:00+02:00,4.0
2026-07-19T20:15:00+02:00,14.64
2026-07-19T20:30:00+02:00,24.8
2026-07-19T20:45:00+02:00,33.2
2026-07-19T21:00:00+02:00,42.16
2026-07-19T21:15:00+02:00,44.72
2026-07-19T21:30:00+02:00,46.4
2026-07-19T21:45:00+02:00,44.72
2026-07-19T22:00:00+02:00,43.92
2026-07-19T22:15:00+02:00,46.08
2026-07-19T22:30:00+02:00,43.92
2026-07-19T22:45:00+02:00,42.4
2026-07-19T23:00:00+02:00,39.52
2026-07-19T23:15:00+02:00,43.28
2026-07-19T23:30:00+02:00,44.56
2026-07-19T23:45:00+02:00,44.56
2026-07-20T00:00:00+02:00,47.52
2026-07-20T00:15:00+02:00,46.72
2026-07-20T00:30:00+02:00,44.96
2026-07-20T00:45:00+02:00,48.0
2026-07-20T01:00:00+02:00,45.12
2026-07-20T01:15:00+02:00,45.68
2026-07-20T01:30:00+02:00,42.96
2026-07-20T01:45:00+02:00,43.68
2026-07-20T02:00:00+02:00,46.32
2026-07-20T02:15:00+02:00,45.2
2026-07-20T02:30:00+02:00,44.48
2026-07-20T02:45:00+02:00,42.48
2026-07-20T03:00:00+02:00,43.36
2026-07-20T03:15:00+02:00,49.44
2026-07-20T03:30:00+02:00,53.44
2026-07-20T03:45:00+02:00,50.48
2026-07-20T04:00:00+02:00,47.76
2026-07-20T04:15:00+02:00,51.36
2026-07-20T04:30:00+02:00,56.64
2026-07-20T04:45:00+02:00,52.0
2026-07-20T05:00:00+02:00,52.16
2026-07-20T05:15:00+02:00,68.24
2026-07-20T05:30:00+02:00,93.92
2026-07-20T05:45:00+02:00,121.28
2026-07-20T06:00:00+02:00,151.84
2026-07-20T06:15:00+02:00,218.08
2026-07-20T06:30:00+02:00,210.32
2026-07-20T06:45:00+02:00,201.2
2026-07-20T07:00:00+02:00,182.88
2026-07-20T07:15:00+02:00,192.16
2026-07-20T07:30:00+02:00,168.48
2026-07-20T07:45:00+02:00,167.28
2026-07-20T08:00:00+02:00,159.92
2026-07-20T08:15:00+02:00,163.36
2026-07-20T08:30:00+02:00,138.24
2026-07-20T08:45:00+02:00,7.76
2026-07-20T09:00:00+02:00,0.0
2026-07-20T09:15:00+02:00,0.0
2026-07-20T09:30:00+02:00,0.0
2026-07-20T09:45:00+02:00,0.0
2026-07-20T10:00:00+02:00,0.0
2026-07-20T10:15:00+02:00,0.0
2026-07-20T10:30:00+02:00,0.0
2026-07-20T10:45:00+02:00,0.0
2026-07-20T11:00:00+02:00,0.0
2026-07-20T11:15:00+02:00,0.0
2026-07-20T11:30:00+02:00,0.0
2026-07-20T11:45:00+02:00,0.0
2026-07-20T12:00:00+02:00,0.0
2026-07-20T12:15:00+02:00,0.0
2026-07-20T12:30:00+02:00,0.0
2026-07-20T12:45:00+02:00,0.0
2026-07-20T13:00:00+02:00,0.0
2026-07-20T13:15:00+02:00,0.0
2026-07-20T13:30:00+02:00,0.0
2026-07-20T13:45:00+02:00,0.0
2026-07-20T14:00:00+02:00,0.0
2026-07-20T14:15:00+02:00,0.0
2026-07-20T14:30:00+02:00,0.0
2026-07-20T14:45:00+02:00,0.0
2026-07-20T15:00:00+02:00,0.0
2026-07-20T15:15:00+02:00,0.0
2026-07-20T15:30:00+02:00,0.0
2026-07-20T15:45:00+02:00,0.0
2026-07-20T16:00:00+02:00,11.12
2026-07-20T16:15:00+02:00,0.0
2026-07-20T16:30:00+02:00,20.16
2026-07-20T16:45:00+02:00,98.8
2026-07-20T17:00:00+02:00,84.8
2026-07-20T17:15:00+02:00,33.84
2026-07-20T17:30:00+02:00,89.2
2026-07-20T17:45:00+02:00,50.72
2026-07-20T18:00:00+02:00,1.28
2026-07-20T18:15:00+02:00,40.24
2026-07-20T18:30:00+02:00,49.12
2026-07-20T18:45:00+02:00,98.32
2026-07-20T19:00:00+02:00,128.48
2026-07-20T19:15:00+02:00,142.64
2026-07-20T19:30:00+02:00,170.48
2026-07-20T19:45:00+02:00,188.08
2026-07-20T20:00:00+02:00,184.0
2026-07-20T20:15:00+02:00,210.56
2026-07-20T20:30:00+02:00,240.72
2026-07-20T20:45:00+02:00,231.36
2026-07-20T21:00:00+02:00,237.76
2026-07-20T21:15:00+02:00,216.64
2026-07-20T21:30:00+02:00,225.92
2026-07-20T21:45:00+02:00,244.32
2026-07-20T22:00:00+02:00,217.84
2026-07-20T22:15:00+02:00,204.4
2026-07-20T22:30:00+02:00,184.64
2026-07-20T22:45:00+02:00,175.68
2026-07-20T23:00:00+02:00,174.56
2026-07-20T23:15:00+02:00,207.84
2026-07-20T23:30:00+02:00,198.24
2026-07-20T23:45:00+02:00,204.16
2026-07-21T00:00:00+02:00,207.44
2026-07-21T00:15:00+02:00,200.08
2026-07-21T00:30:00+02:00,189.36
2026-07-21T00:45:00+02:00,187.6
2026-07-21T01:00:00+02:00,206.48
2026-07-21T01:15:00+02:00,212.0
2026-07-21T01:30:00+02:00,173.36
2026-07-21T01:45:00+02:00,170.16
2026-07-21T02:00:00+02:00,172.96
2026-07-21T02:15:00+02:00,171.68
2026-07-21T02:30:00+02:00,174.48
2026-07-21T02:45:00+02:00,170.56
2026-07-21T03:00:00+02:00,183.52
2026-07-21T03:15:00+02:00,173.52
2026-07-21T03:30:00+02:00,163.28
2026-07-21T03:45:00+02:00,166.56
2026-07-21T04:00:00+02:00,177.2
2026-07-21T04:15:00+02:00,198.64
2026-07-21T04:30:00+02:00,166.96
2026-07-21T04:45:00+02:00,182.08
2026-07-21T05:00:00+02:00,190.8
2026-07-21T05:15:00+02:00,182.96
2026-07-21T05:30:00+02:00,188.16
2026-07-21T05:45:00+02:00,226.24
2026-07-21T06:00:00+02:00,221.52
2026-07-21T06:15:00+02:00,214.32
2026-07-21T06:30:00+02:00,215.92
2026-07-21T06:45:00+02:00,201.04
2026-07-21T07:00:00+02:00,172.32
2026-07-21T07:15:00+02:00,148.56
2026-07-21T07:30:00+02:00,121.76
2026-07-21T07:45:00+02:00,67.76
2026-07-21T08:00:00+02:00,51.12
2026-07-21T08:15:00+02:00,20.56
2026-07-21T08:30:00+02:00,38.56
2026-07-21T08:45:00+02:00,54.4
2026-07-21T09:00:00+02:00,48.08
2026-07-21T09:15:00+02:00,63.44
2026-07-21T09:30:00+02:00,3.36
2026-07-21T09:45:00+02:00,0.0
2026-07-21T10:00:00+02:00,0.0
2026-07-21T10:15:00+02:00,0.0
2026-07-21T10:30:00+02:00,0.0
2026-07-21T10:45:00+02:00,0.0
2026-07-21T11:00:00+02:00,0.0
2026-07-21T11:15:00+02:00,0.0
2026-07-21T11:30:00+02:00,0.0
2026-07-21T11:45:00+02:00,0.0
2026-07-21T12:00:00+02:00,3.52
2026-07-21T12:15:00+02:00,0.0
2026-07-21T12:30:00+02:00,0.0
2026-07-21T12:45:00+02:00,0.0
2026-07-21T13:00:00+02:00,0.0
2026-07-21T13:15:00+02:00,0.0
2026-07-21T13:30:00+02:00,0.0
2026-07-21T13:45:00+02:00,0.0
2026-07-21T14:00:00+02:00,0.0
2026-07-21T14:15:00+02:00,0.0
2026-07-21T14:30:00+02:00,0.0
2026-07-21T14:45:00+02:00,0.0
2026-07-21T15:00:00+02:00,0.0
2026-07-21T15:15:00+02:00,0.0
2026-07-21T15:30:00+02:00,26.96
2026-07-21T15:45:00+02:00,9.92
2026-07-21T16:00:00+02:00,2.32
2026-07-21T16:15:00+02:00,88.4
2026-07-21T16:30:00+02:00,0.0
2026-07-21T16:45:00+02:00,29.68
2026-07-21T17:00:00+02:00,19.68
2026-07-21T17:15:00+02:00,10.08
2026-07-21T17:30:00+02:00,41.44
2026-07-21T17:45:00+02:00,33.92
2026-07-21T18:00:00+02:00,76.08
2026-07-21T18:15:00+02:00,80.08
2026-07-21T18:30:00+02:00,125.6
2026-07-21T18:45:00+02:00,125.36
2026-07-21T19:00:00+02:00,135.44
2026-07-21T19:15:00+02:00,181.12
2026-07-21T19:30:00+02:00,190.96
2026-07-21T19:45:00+02:00,160.56
2026-07-21T20:00:00+02:00,163.28
2026-07-21T20:15:00+02:00,191.04
2026-07-21T20:30:00+02:00,207.92
2026-07-21T20:45:00+02:00,218.96
2026-07-21T21:00:00+02:00,243.2
2026-07-21T21:15:00+02:00,227.6
2026-07-21T21:30:00+02:00,221.44
2026-07-21T21:45:00+02:00,214.08
2026-07-21T22:00:00+02:00,196.48
2026-07-21T22:15:00+02:00,225.84
2026-07-21T22:30:00+02:00,216.0
2026-07-21T22:45:00+02:00,210.0
2026-07-21T23:00:00+02:00,221.84
2026-07-21T23:15:00+02:00,187.12
2026-07-21T23:30:00+02:00,198.8
2026-07-21T23:45:00+02:00,185.76
2026-07-22T00:00:00+02:00,201.12
2026-07-22T00:15:00+02:00,201.28
2026-07-22T00:30:00+02:00,201.36
2026-07-22T00:45:00+02:00,197.76
2026-07-22T01:00:00+02:00,193.76
2026-07-22T01:15:00+02:00,153.28
2026-07-22T01:30:00+02:00,145.76
2026-07-22T01:45:00+02:00,139.76
2026-07-22T02:00:00+02:00,164.88
2026-07-22T02:15:00+02:00,187.44
2026-07-22T02:30:00+02:00,197.84
2026-07-22T02:45:00+02:00,191.76
2026-07-22T03:00:00+02:00,187.84
2026-07-22T03:15:00+02:00,195.52
2026-07-22T03:30:00+02:00,165.6
2026-07-22T03:45:00+02:00,173.68
2026-07-22T04:00:00+02:00,189.84
2026-07-22T04:15:00+02:00,168.32
2026-07-22T04:30:00+02:00,169.92
2026-07-22T04:45:00+02:00,195.68
2026-07-22T05:00:00+02:00,182.56
2026-07-22T05:15:00+02:00,182.64
2026-07-22T05:30:00+02:00,227.76
2026-07-22T05:45:00+02:00,216.24
2026-07-22T06:00:00+02:00,232.0
2026-07-22T06:15:00+02:00,239.6
2026-07-22T06:30:00+02:00,202.4
2026-07-22T06:45:00+02:00,160.48
2026-07-22T07:00:00+02:00,162.32
2026-07-22T07:15:00+02:00,131.28
2026-07-22T07:30:00+02:00,108.88
2026-07-22T07:45:00+02:00,61.68
2026-07-22T08:00:00+02:00,44.56
2026-07-22T08:15:00+02:00,1.76
2026-07-22T08:30:00+02:00,2.96
2026-07-22T08:45:00+02:00,0.0
2026-07-22T09:00:00+02:00,0.0
2026-07-22T09:15:00+02:00,0.0
2026-07-22T09:30:00+02:00,0.0
2026-07-22T09:45:00+02:00,0.0
2026-07-22T10:00:00+02:00,0.0
2026-07-22T10:15:00+02:00,0.0
2026-07-22T10:30:00+02:00,0.0
2026-07-22T10:45:00+02:00,0.0
2026-07-22T11:00:00+02:00,0.0
2026-07-22T11:15:00+02:00,0.0
2026-07-22T11:30:00+02:00,0.0
2026-07-22T11:45:00+02:00,0.0
2026-07-22T12:00:00+02:00,0.0
2026-07-22T12:15:00+02:00,0.0
2026-07-22T12:30:00+02:00,0.0
2026-07-22T12:45:00+02:00,0.0
2026-07-22T13:00:00+02:00,0.0
2026-07-22T13:15:00+02:00,0.0
2026-07-22T13:30:00+02:00,37.2
2026-07-22T13:45:00+02:00,15.68
2026-07-22T14:00:00+02:00,39.92
2026-07-22T14:15:00+02:00,0.0
2026-07-22T14:30:00+02:00,9.12
2026-07-22T14:45:00+02:00,29.76
2026-07-22T15:00:00+02:00,0.0
2026-07-22T15:15:00+02:00,0.0
2026-07-22T15:30:00+02:00,2.0
2026-07-22T15:45:00+02:00,0.0
2026-07-22T16:00:00+02:00,0.0
2026-07-22T16:15:00+02:00,0.0
2026-07-22T16:30:00+02:00,0.0
2026-07-22T16:45:00+02:00,0.0
2026-07-22T17:00:00+02:00,0.0
2026-07-22T17:15:00+02:00,0.0
2026-07-22T17:30:00+02:00,0.0
2026-07-22T17:45:00+02:00,6.64
2026-07-22T18:00:00+02:00,7.12
2026-07-22T18:15:00+02:00,16.48
2026-07-22T18:30:00+02:00,103.12
2026-07-22T18:45:00+02:00,105.52
2026-07-22T19:00:00+02:00,157.76
2026-07-22T19:15:00+02:00,228.48
2026-07-22T19:30:00+02:00,189.6
2026-07-22T19:45:00+02:00,193.28
2026-07-22T20:00:00+02:00,224.96
2026-07-22T20:15:00+02:00,276.88
2026-07-22T20:30:00+02:00,266.56
2026-07-22T20:45:00+02:00,237.04
2026-07-22T21:00:00+02:00,229.36
2026-07-22T21:15:00+02:00,227.68
2026-07-22T21:30:00+02:00,226.16
2026-07-22T21:45:00+02:00,212.8
2026-07-22T22:00:00+02:00,209.92
2026-07-22T22:15:00+02:00,190.72
2026-07-22T22:30:00+02:00,212.4
2026-07-22T22:45:00+02:00,196.08
2026-07-22T23:00:00+02:00,189.28
2026-07-22T23:15:00+02:00,183.76
2026-07-22T23:30:00+02:00,171.84
2026-07-22T23:45:00+02:00,166.32
2026-07-23T00:00:00+02:00,190.48
2026-07-23T00:15:00+02:00,224.24
2026-07-23T00:30:00+02:00,186.16
2026-07-23T00:45:00+02:00,165.6
2026-07-23T01:00:00+02:00,170.24
2026-07-23T01:15:00+02:00,167.04
2026-07-23T01:30:00+02:00,144.88
2026-07-23T01:45:00+02:00,175.68
2026-07-23T02:00:00+02:00,183.68
2026-07-23T02:15:00+02:00,207.92
2026-07-23T02:30:00+02:00,204.32
2026-07-23T02:45:00+02:00,164.88
2026-07-23T03:00:00+02:00,180.16
2026-07-23T03:15:00+02:00,180.8
2026-07-23T03:30:00+02:00,172.48
2026-07-23T03:45:00+02:00,203.04
2026-07-23T04:00:00+02:00,185.2
2026-07-23T04:15:00+02:00,177.68
2026-07-23T04:30:00+02:00,194.08
2026-07-23T04:45:00+02:00,190.16
2026-07-23T05:00:00+02:00,195.12
2026-07-23T05:15:00+02:00,176.96
2026-07-23T05:30:00+02:00,176.16
2026-07-23T05:45:00+02:00,202.56
2026-07-23T06:00:00+02:00,185.68
2026-07-23T06:15:00+02:00,207.36
2026-07-23T06:30:00+02:00,208.56
2026-07-23T06:45:00+02:00,209.12
2026-07-23T07:00:00+02:00,216.48
2026-07-23T07:15:00+02:00,265.84
2026-07-23T07:30:00+02:00,247.76
2026-07-23T07:45:00+02:00,162.32
2026-07-23T08:00:00+02:00,174.24
2026-07-23T08:15:00+02:00,166.72
2026-07-23T08:30:00+02:00,188.4
2026-07-23T08:45:00+02:00,184.0
2026-07-23T09:00:00+02:00,90.32
2026-07-23T09:15:00+02:00,29.04
2026-07-23T09:30:00+02:00,82.48
2026-07-23T09:45:00+02:00,54.0
2026-07-23T10:00:00+02:00,97.92
2026-07-23T10:15:00+02:00,109.68
2026-07-23T10:30:00+02:00,76.0
2026-07-23T10:45:00+02:00,41.28
2026-07-23T11:00:00+02:00,47.76
2026-07-23T11:15:00+02:00,40.0
2026-07-23T11:30:00+02:00,48.32
2026-07-23T11:45:00+02:00,37.52
2026-07-23T12:00:00+02:00,4.88
2026-07-23T12:15:00+02:00,0.0
2026-07-23T12:30:00+02:00,0.0
2026-07-23T12:45:00+02:00,2.08
2026-07-23T13:00:00+02:00,15.68
2026-07-23T13:15:00+02:00,1.2
2026-07-23T13:30:00+02:00,8.32
2026-07-23T13:45:00+02:00,1.28
2026-07-23T14:00:00+02:00,44.08
2026-07-23T14:15:00+02:00,25.84
2026-07-23T14:30:00+02:00,3.52
2026-07-23T14:45:00+02:00,0.0
2026-07-23T15:00:00+02:00,5.36
2026-07-23T15:15:00+02:00,0.0
2026-07-23T15:30:00+02:00,0.0
2026-07-23T15:45:00+02:00,2.0
2026-07-23T16:00:00+02:00,0.24
2026-07-23T16:15:00+02:00,2.72
2026-07-23T16:30:00+02:00,3.36
2026-07-23T16:45:00+02:00,16.4
2026-07-23T17:00:00+02:00,9.2
2026-07-23T17:15:00+02:00,0.0
2026-07-23T17:30:00+02:00,2.16
2026-07-23T17:45:00+02:00,26.56
2026-07-23T18:00:00+02:00,16.08
2026-07-23T18:15:00+02:00,44.56
2026-07-23T18:30:00+02:00,56.88
2026-07-23T18:45:00+02:00,111.52
2026-07-23T19:00:00+02:00,161.36
2026-07-23T19:15:00+02:00,155.92
2026-07-23T19:30:00+02:00,146.64
2026-07-23T19:45:00+02:00,152.72
2026-07-23T20:00:00+02:00,166.08
2026-07-23T20:15:00+02:00,187.84
2026-07-23T20:30:00+02:00,183.12
2026-07-23T20:45:00+02:00,204.72
2026-07-23T21:00:00+02:00,224.24
2026-07-23T21:15:00+02:00,224.88
2026-07-23T21:30:00+02:00,220.24
2026-07-23T21:45:00+02:00,206.24
2026-07-23T22:00:00+02:00,165.92
2026-07-23T22:15:00+02:00,183.44
2026-07-23T22:30:00+02:00,207.84
2026-07-23T22:45:00+02:00,199.12
2026-07-23T23:00:00+02:00,200.96
2026-07-23T23:15:00+02:00,189.84
2026-07-23T23:30:00+02:00,208.56
2026-07-23T23:45:00+02:00,184.24
2026-07-24T00:00:00+02:00,204.4
2026-07-24T00:15:00+02:00,215.6
2026-07-24T00:30:00+02:00,195.92
2026-07-24T00:45:00+02:00,189.36
2026-07-24T01:00:00+02:00,199.36
2026-07-24T01:15:00+02:00,201.84
2026-07-24T01:30:00+02:00,179.84
2026-07-24T01:45:00+02:00,198.8
2026-07-24T02:00:00+02:00,191.6
2026-07-24T02:15:00+02:00,207.84
2026-07-24T02:30:00+02:00,190.24
2026-07-24T02:45:00+02:00,197.2
2026-07-24T03:00:00+02:00,206.64
2026-07-24T03:15:00+02:00,172.88
2026-07-24T03:30:00+02:00,154.16
2026-07-24T03:45:00+02:00,170.24
2026-07-24T04:00:00+02:00,172.24
2026-07-24T04:15:00+02:00,163.04
2026-07-24T04:30:00+02:00,185.04
2026-07-24T04:45:00+02:00,197.36
2026-07-24T05:00:00+02:00,229.28
2026-07-24T05:15:00+02:00,205.12
2026-07-24T05:30:00+02:00,202.56
2026-07-24T05:45:00+02:00,216.16
2026-07-24T06:00:00+02:00,215.12
2026-07-24T06:15:00+02:00,199.68
2026-07-24T06:30:00+02:00,177.84
2026-07-24T06:45:00+02:00,196.32
2026-07-24T07:00:00+02:00,195.28
2026-07-24T07:15:00+02:00,205.36
2026-07-24T07:30:00+02:00,135.92
2026-07-24T07:45:00+02:00,75.2
2026-07-24T08:00:00+02:00,52.32
2026-07-24T08:15:00+02:00,17.52
2026-07-24T08:30:00+02:00,0.0
2026-07-24T08:45:00+02:00,0.0
2026-07-24T09:00:00+02:00,0.0
2026-07-24T09:15:00+02:00,0.0
2026-07-24T09:30:00+02:00,0.0
2026-07-24T09:45:00+02:00,0.0
2026-07-24T10:00:00+02:00,0.0
2026-07-24T10:15:00+02:00,0.0
2026-07-24T10:30:00+02:00,0.0
2026-07-24T10:45:00+02:00,0.0
2026-07-24T11:00:00+02:00,0.0
2026-07-24T11:15:00+02:00,0.0
2026-07-24T11:30:00+02:00,0.0
2026-07-24T11:45:00+02:00,0.0
2026-07-24T12:00:00+02:00,0.0
2026-07-24T12:15:00+02:00,0.0
2026-07-24T12:30:00+02:00,0.0
2026-07-24T12:45:00+02:00,0.0
2026-07-24T13:00:00+02:00,0.0
2026-07-24T13:15:00+02:00,0.0
2026-07-24T13:30:00+02:00,0.0
2026-07-24T13:45:00+02:00,0.0
2026-07-24T14:00:00+02:00,0.08
2026-07-24T14:15:00+02:00,0.0
2026-07-24T14:30:00+02:00,0.0
2026-07-24T14:45:00+02:00,0.0
2026-07-24T15:00:00+02:00,0.0
2026-07-24T15:15:00+02:00,0.0
2026-07-24T15:30:00+02:00,0.0
2026-07-24T15:45:00+02:00,0.0
2026-07-24T16:00:00+02:00,0.0
2026-07-24T16:15:00+02:00,0.0
2026-07-24T16:30:00+02:00,0.0
2026-07-24T16:45:00+02:00,0.0
2026-07-24T17:00:00+02:00,0.0
2026-07-24T17:15:00+02:00,0.0
2026-07-24T17:30:00+02:00,0.0
2026-07-24T17:45:00+02:00,0.0
2026-07-24T18:00:00+02:00,0.0
2026-07-24T18:15:00+02:00,1.36
2026-07-24T18:30:00+02:00,40.16
2026-07-24T18:45:00+02:00,88.72
2026-07-24T19:00:00+02:00,123.84
2026-07-24T19:15:00+02:00,154.56
2026-07-24T19:30:00+02:00,177.68
2026-07-24T19:45:00+02:00,192.4
2026-07-24T20:00:00+02:00,202.88
2026-07-24T20:15:00+02:00,207.2
2026-07-24T20:30:00+02:00,220.88
2026-07-24T20:45:00+02:00,212.24
2026-07-24T21:00:00+02:00,196.56
2026-07-24T21:15:00+02:00,145.84
2026-07-24T21:30:00+02:00,124.24
2026-07-24T21:45:00+02:00,115.44
2026-07-24T22:00:00+02:00,95.44
2026-07-24T22:15:00+02:00,77.6
2026-07-24T22:30:00+02:00,75.12
2026-07-24T22:45:00+02:00,70.24
2026-07-24T23:00:00+02:00,64.48
2026-07-24T23:15:00+02:00,66.64
2026-07-24T23:30:00+02:00,58.48
2026-07-24T23:45:00+02:00,59.28
2026-07-25T00:00:00+02:00,54.4
2026-07-25T00:15:00+02:00,57.44
2026-07-25T00:30:00+02:00,56.24
2026-07-25T00:45:00+02:00,53.84
2026-07-25T01:00:00+02:00,52.48
2026-07-25T01:15:00+02:00,47.2
2026-07-25T01:30:00+02:00,40.72
2026-07-25T01:45:00+02:00,43.6
2026-07-25T02:00:00+02:00,41.6
2026-07-25T02:15:00+02:00,44.8
2026-07-25T02:30:00+02:00,43.44
2026-07-25T02:45:00+02:00,43.84
2026-07-25T03:00:00+02:00,42.96
2026-07-25T03:15:00+02:00,43.12
2026-07-25T03:30:00+02:00,40.08
2026-07-25T03:45:00+02:00,40.56
2026-07-25T04:00:00+02:00,40.24
2026-07-25T04:15:00+02:00,44.8
2026-07-25T04:30:00+02:00,43.04
2026-07-25T04:45:00+02:00,41.36
2026-07-25T05:00:00+02:00,42.16
2026-07-25T05:15:00+02:00,41.84
2026-07-25T05:30:00+02:00,38.96
2026-07-25T05:45:00+02:00,41.12
2026-07-25T06:00:00+02:00,35.52
2026-07-25T06:15:00+02:00,23.04
2026-07-25T06:30:00+02:00,7.92
2026-07-25T06:45:00+02:00,0.0
2026-07-25T07:00:00+02:00,0.0
2026-07-25T07:15:00+02:00,0.0
2026-07-25T07:30:00+02:00,0.0
2026-07-25T07:45:00+02:00,0.0
2026-07-25T08:00:00+02:00,0.0
2026-07-25T08:15:00+02:00,0.0
2026-07-25T08:30:00+02:00,0.0
2026-07-25T08:45:00+02:00,0.0
2026-07-25T09:00:00+02:00,0.0
2026-07-25T09:15:00+02:00,0.0
2026-07-25T09:30:00+02:00,0.0
2026-07-25T09:45:00+02:00,0.0
2026-07-25T10:00:00+02:00,0.0
2026-07-25T10:15:00+02:00,0.0
2026-07-25T10:30:00+02:00,0.0
2026-07-25T10:45:00+02:00,0.0
2026-07-25T11:00:00+02:00,0.0
2026-07-25T11:15:00+02:00,0.0
2026-07-25T11:30:00+02:00,0.0
2026-07-25T11:45:00+02:00,0.0
2026-07-25T12:00:00+02:00,0.0
2026-07-25T12:15:00+02:00,0.0
2026-07-25T12:30:00+02:00,0.0
2026-07-25T12:45:00+02:00,0.0
2026-07-25T13:00:00+02:00,0.0
2026-07-25T13:15:00+02:00,0.0
2026-07-25T13:30:00+02:00,0.0
2026-07-25T13:45:00+02:00,0.0
2026-07-25T14:00:00+02:00,0.0
2026-07-25T14:15:00+02:00,0.0
2026-07-25T14:30:00+02:00,0.0
2026-07-25T14:45:00+02:00,0.0
2026-07-25T15:00:00+02:00,0.0
2026-07-25T15:15:00+02:00,0.0
2026-07-25T15:30:00+02:00,0.0
2026-07-25T15:45:00+02:00,0.0
2026-07-25T16:00:00+02:00,0.0
2026-07-25T16:15:00+02:00,0.0
2026-07-25T16:30:00+02:00,0.0
2026-07-25T16:45:00+02:00,0.0
2026-07-25T17:00:00+02:00,0.0
2026-07-25T17:15:00+02:00,0.0
2026-07-25T17:30:00+02:00,0.0
2026-07-25T17:45:00+02:00,0.0
2026-07-25T18:00:00+02:00,0.0
2026-07-25T18:15:00+02:00,0.0
2026-07-25T18:30:00+02:00,0.0
2026-07-25T18:45:00+02:00,0.0
2026-07-25T19:00:00+02:00,0.0
2026-07-25T19:15:00+02:00,0.0
2026-07-25T19:30:00+02:00,0.56
2026-07-25T19:45:00+02:00,12.32
2026-07-25T20:00:00+02:00,28.88
2026-07-25T20:15:00+02:00,34.48
2026-07-25T20:30:00+02:00,42.0
2026-07-25T20:45:00+02:00,53.36
2026-07-25T21:00:00+02:00,54.16
2026-07-25T21:15:00+02:00,48.32
2026-07-25T21:30:00+02:00,46.56
2026-07-25T21:45:00+02:00,44.72
2026-07-25T22:00:00+02:00,49.28
2026-07-25T22:15:00+02:00,46.96
2026-07-25T22:30:00+02:00,46.64
2026-07-25T22:45:00+02:00,45.6
2026-07-25T23:00:00+02:00,46.48
2026-07-25T23:15:00+02:00,45.84
2026-07-25T23:30:00+02:00,47.52
2026-07-25T23:45:00+02:00,44.88
2026-07-26T00:00:00+02:00,44.56
2026-07-26T00:15:00+02:00,42.0
2026-07-26T00:30:00+02:00,41.36
2026-07-26T00:45:00+02:00,40.96
2026-07-26T01:00:00+02:00,40.4
2026-07-26T01:15:00+02:00,40.0
2026-07-26T01:30:00+02:00,41.04
2026-07-26T01:45:00+02:00,38.96
2026-07-26T02:00:00+02:00,38.0
2026-07-26T02:15:00+02:00,38.8
2026-07-26T02:30:00+02:00,42.4
2026-07-26T02:45:00+02:00,40.0
2026-07-26T03:00:00+02:00,41.44
2026-07-26T03:15:00+02:00,40.48
2026-07-26T03:30:00+02:00,38.8
2026-07-26T03:45:00+02:00,41.44
2026-07-26T04:00:00+02:00,37.52
2026-07-26T04:15:00+02:00,42.64
2026-07-26T04:30:00+02:00,39.04
2026-07-26T04:45:00+02:00,37.76
2026-07-26T05:00:00+02:00,35.76
2026-07-26T05:15:00+02:00,38.88
2026-07-26T05:30:00+02:00,43.12
2026-07-26T05:45:00+02:00,39.36
2026-07-26T06:00:00+02:00,35.28
2026-07-26T06:15:00+02:00,22.48
2026-07-26T06:30:00+02:00,15.04
2026-07-26T06:45:00+02:00,4.0
2026-07-26T07:00:00+02:00,0.08
2026-07-26T07:15:00+02:00,0.0
2026-07-26T07:30:00+02:00,0.0
2026-07-26T07:45:00+02:00,0.0
2026-07-26T08:00:00+02:00,0.0
2026-07-26T08:15:00+02:00,0.0
2026-07-26T08:30:00+02:00,0.0
2026-07-26T08:45:00+02:00,0.0
2026-07-26T09:00:00+02:00,0.0
2026-07-26T09:15:00+02:00,0.0
2026-07-26T09:30:00+02:00,0.0
2026-07-26T09:45:00+02:00,0.0
2026-07-26T10:00:00+02:00,0.0
2026-07-26T10:15:00+02:00,0.0
2026-07-26T10:30:00+02:00,0.0
2026-07-26T10:45:00+02:00,0.0
2026-07-26T11:00:00+02:00,0.0
2026-07-26T11:15:00+02:00,0.0
2026-07-26T11:30:00+02:00,0.0
2026-07-26T11:45:00+02:00,0.0
2026-07-26T12:00:00+02:00,0.0
2026-07-26T12:15:00+02:00,0.0
2026-07-26T12:30:00+02:00,0.0
2026-07-26T12:45:00+02:00,0.0
2026-07-26T13:00:00+02:00,0.0
2026-07-26T13:15:00+02:00,0.0
2026-07-26T13:30:00+02:00,0.0
2026-07-26T13:45:00+02:00,0.0
2026-07-26T14:00:00+02:00,0.0
2026-07-26T14:15:00+02:00,0.0
2026-07-26T14:30:00+02:00,0.0
2026-07-26T14:45:00+02:00,0.0
2026-07-26T15:00:00+02:00,0.0
2026-07-26T15:15:00+02:00,0.0
2026-07-26T15:30:00+02:00,0.0
2026-07-26T15:45:00+02:00,0.0
2026-07-26T16:00:00+02:00,0.0
2026-07-26T16:15:00+02:00,0.0
2026-07-26T16:30:00+02:00,0.0
2026-07-26T16:45:00+02:00,0.0
2026-07-26T17:00:00+02:00,0.0
2026-07-26T17:15:00+02:00,0.0
2026-07-26T17:30:00+02:00,0.0
2026-07-26T17:45:00+02:00,0.0
2026-07-26T18:00:00+02:00,0.0
2026-07-26T18:15:00+02:00,0.0
2026-07-26T18:30:00+02:00,0.0
2026-07-26T18:45:00+02:00,0.0
2026-07-26T19:00:00+02:00,0.0
2026-07-26T19:15:00+02:00,0.0
2026-07-26T19:30:00+02:00,0.0
2026-07-26T19:45:00+02:00,0.0
2026-07-26T20:00:00+02:00,7.68
2026-07-26T20:15:00+02:00,17.68
2026-07-26T20:30:00+02:00,31.52
2026-07-26T20:45:00+02:00,42.08
2026-07-26T21:00:00+02:00,44.24
2026-07-26T21:15:00+02:00,42.96
2026-07-26T21:30:00+02:00,39.84
2026-07-26T21:45:00+02:00,47.92
2026-07-26T22:00:00+02:00,44.72
2026-07-26T22:15:00+02:00,46.72
2026-07-26T22:30:00+02:00,42.64
2026-07-26T22:45:00+02:00,39.76
2026-07-26T23:00:00+02:00,41.52
2026-07-26T23:15:00+02:00,43.04
2026-07-26T23:30:00+02:00,44.56
2026-07-26T23:45:00+02:00,46.8
2026-07-27T00:00:00+02:00,46.4
2026-07-27T00:15:00+02:00,49.44
2026-07-27T00:30:00+02:00,45.28
2026-07-27T00:45:00+02:00,47.6
2026-07-27T01:00:00+02:00,47.04
2026-07-27T01:15:00+02:00,47.76
2026-07-27T01:30:00+02:00,48.72
2026-07-27T01:45:00+02:00,44.48
2026-07-27T02:00:00+02:00,41.76
2026-07-27T02:15:00+02:00,44.4
2026-07-27T02:30:00+02:00,45.76
2026-07-27T02:45:00+02:00,43.84
2026-07-27T03:00:00+02:00,45.28
2026-07-27T03:15:00+02:00,56.96
2026-07-27T03:30:00+02:00,65.84
2026-07-27T03:45:00+02:00,64.48
2026-07-27T04:00:00+02:00,63.36
2026-07-27T04:15:00+02:00,72.72
2026-07-27T04:30:00+02:00,71.04
2026-07-27T04:45:00+02:00,60.24
2026-07-27T05:00:00+02:00,55.84
2026-07-27T05:15:00+02:00,71.68
2026-07-27T05:30:00+02:00,118.64
2026-07-27T05:45:00+02:00,162.0
2026-07-27T06:00:00+02:00,166.96
2026-07-27T06:15:00+02:00,153.52
2026-07-27T06:30:00+02:00,162.24
2026-07-27T06:45:00+02:00,160.64
2026-07-27T07:00:00+02:00,177.84
2026-07-27T07:15:00+02:00,213.2
2026-07-27T07:30:00+02:00,164.24
2026-07-27T07:45:00+02:00,109.04
2026-07-27T08:00:00+02:00,165.36
2026-07-27T08:15:00+02:00,70.72
2026-07-27T08:30:00+02:00,181.2
2026-07-27T08:45:00+02:00,203.28
2026-07-27T09:00:00+02:00,163.04
2026-07-27T09:15:00+02:00,246.08
2026-07-27T09:30:00+02:00,273.04
2026-07-27T09:45:00+02:00,233.92
2026-07-27T10:00:00+02:00,279.68
2026-07-27T10:15:00+02:00,222.0
2026-07-27T10:30:00+02:00,126.56
2026-07-27T10:45:00+02:00,146.8
2026-07-27T11:00:00+02:00,298.64
2026-07-27T11:15:00+02:00,260.16
2026-07-27T11:30:00+02:00,197.12
2026-07-27T11:45:00+02:00,222.64
2026-07-27T12:00:00+02:00,237.28
2026-07-27T12:15:00+02:00,312.32
2026-07-27T12:30:00+02:00,298.32
2026-07-27T12:45:00+02:00,309.44
2026-07-27T13:00:00+02:00,320.24
2026-07-27T13:15:00+02:00,195.12
2026-07-27T13:30:00+02:00,172.56
2026-07-27T13:45:00+02:00,246.88
2026-07-27T14:00:00+02:00,76.56
2026-07-27T14:15:00+02:00,33.44
2026-07-27T14:30:00+02:00,20.32
2026-07-27T14:45:00+02:00,0.0
2026-07-27T15:00:00+02:00,7.28
2026-07-27T15:15:00+02:00,1.76
2026-07-27T15:30:00+02:00,15.2
2026-07-27T15:45:00+02:00,3.12
2026-07-27T16:00:00+02:00,1.92
2026-07-27T16:15:00+02:00,8.64
2026-07-27T16:30:00+02:00,75.04
2026-07-27T16:45:00+02:00,26.48
2026-07-27T17:00:00+02:00,65.76
2026-07-27T17:15:00+02:00,140.64
2026-07-27T17:30:00+02:00,48.96
2026-07-27T17:45:00+02:00,53.52
2026-07-27T18:00:00+02:00,100.96
2026-07-27T18:15:00+02:00,156.88
2026-07-27T18:30:00+02:00,143.2
2026-07-27T18:45:00+02:00,141.76
2026-07-27T19:00:00+02:00,206.32
2026-07-27T19:15:00+02:00,213.92
2026-07-27T19:30:00+02:00,176.32
2026-07-27T19:45:00+02:00,170.88
2026-07-27T20:00:00+02:00,209.28
2026-07-27T20:15:00+02:00,258.72
2026-07-27T20:30:00+02:00,257.28
2026-07-27T20:45:00+02:00,282.64
2026-07-27T21:00:00+02:00,315.36
2026-07-27T21:15:00+02:00,314.48
2026-07-27T21:30:00+02:00,272.4
2026-07-27T21:45:00+02:00,220.96
2026-07-27T22:00:00+02:00,203.52
2026-07-27T22:15:00+02:00,220.24
2026-07-27T22:30:00+02:00,237.68
2026-07-27T22:45:00+02:00,221.68
2026-07-27T23:00:00+02:00,229.2
2026-07-27T23:15:00+02:00,218.72
2026-07-27T23:30:00+02:00,247.28
2026-07-27T23:45:00+02:00,248.24
2026-07-28T00:00:00+02:00,281.6
2026-07-28T00:15:00+02:00,269.6
2026-07-28T00:30:00+02:00,261.84
2026-07-28T00:45:00+02:00,262.4
2026-07-28T01:00:00+02:00,278.88
2026-07-28T01:15:00+02:00,288.32
2026-07-28T01:30:00+02:00,266.72
2026-07-28T01:45:00+02:00,250.16
2026-07-28T02:00:00+02:00,249.2
2026-07-28T02:15:00+02:00,238.64
2026-07-28T02:30:00+02:00,264.24
2026-07-28T02:45:00+02:00,270.08
2026-07-28T03:00:00+02:00,247.04
2026-07-28T03:15:00+02:00,226.72
2026-07-28T03:30:00+02:00,224.56
2026-07-28T03:45:00+02:00,227.44
2026-07-28T04:00:00+02:00,254.8
2026-07-28T04:15:00+02:00,256.64
2026-07-28T04:30:00+02:00,201.76
2026-07-28T04:45:00+02:00,209.68
2026-07-28T05:00:00+02:00,232.4
2026-07-28T05:15:00+02:00,220.4
2026-07-28T05:30:00+02:00,239.76
2026-07-28T05:45:00+02:00,277.36
2026-07-28T06:00:00+02:00,234.32
2026-07-28T06:15:00+02:00,236.08
2026-07-28T06:30:00+02:00,269.68
2026-07-28T06:45:00+02:00,213.68
2026-07-28T07:00:00+02:00,222.4
2026-07-28T07:15:00+02:00,212.72
2026-07-28T07:30:00+02:00,163.84
2026-07-28T07:45:00+02:00,118.48
2026-07-28T08:00:00+02:00,152.48
2026-07-28T08:15:00+02:00,67.44
2026-07-28T08:30:00+02:00,63.6
2026-07-28T08:45:00+02:00,8.48
2026-07-28T09:00:00+02:00,1.6
2026-07-28T09:15:00+02:00,0.0
2026-07-28T09:30:00+02:00,0.0
2026-07-28T09:45:00+02:00,0.0
2026-07-28T10:00:00+02:00,0.0
2026-07-28T10:15:00+02:00,0.0
2026-07-28T10:30:00+02:00,0.0
2026-07-28T10:45:00+02:00,0.0
2026-07-28T11:00:00+02:00,0.0
2026-07-28T11:15:00+02:00,0.0
2026-07-28T11:30:00+02:00,0.0
2026-07-28T11:45:00+02:00,0.0
2026-07-28T12:00:00+02:00,0.0
2026-07-28T12:15:00+02:00,0.0
2026-07-28T12:30:00+02:00,0.0
2026-07-28T12:45:00+02:00,0.0
2026-07-28T13:00:00+02:00,0.0
2026-07-28T13:15:00+02:00,0.0
2026-07-28T13:30:00+02:00,0.0
2026-07-28T13:45:00+02:00,0.0
2026-07-28T14:00:00+02:00,0.0
2026-07-28T14:15:00+02:00,0.0
2026-07-28T14:30:00+02:00,0.0
2026-07-28T14:45:00+02:00,0.0
2026-07-28T15:00:00+02:00,0.0
2026-07-28T15:15:00+02:00,0.0
2026-07-28T15:30:00+02:00,0.0
2026-07-28T15:45:00+02:00,0.0
2026-07-28T16:00:00+02:00,84.0
2026-07-28T16:15:00+02:00,51.92
2026-07-28T16:30:00+02:00,0.0
2026-07-28T16:45:00+02:00,0.0
2026-07-28T17:00:00+02:00,0.0
2026-07-28T17:15:00+02:00,0.0
2026-07-28T17:30:00+02:00,0.0
2026-07-28T17:45:00+02:00,3.28
2026-07-28T18:00:00+02:00,24.16
2026-07-28T18:15:00+02:00,67.36
2026-07-28T18:30:00+02:00,69.84
2026-07-28T18:45:00+02:00,103.76
2026-07-28T19:00:00+02:00,157.28
2026-07-28T19:15:00+02:00,260.4
2026-07-28T19:30:00+02:00,275.76
2026-07-28T19:45:00+02:00,214.8
2026-07-28T20:00:00+02:00,239.36
2026-07-28T20:15:00+02:00,249.2
2026-07-28T20:30:00+02:00,269.6
2026-07-28T20:45:00+02:00,296.08
2026-07-28T21:00:00+02:00,315.52
2026-07-28T21:15:00+02:00,303.36
2026-07-28T21:30:00+02:00,308.56
2026-07-28T21:45:00+02:00,295.76
2026-07-28T22:00:00+02:00,275.28
2026-07-28T22:15:00+02:00,273.2
2026-07-28T22:30:00+02:00,252.0
2026-07-28T22:45:00+02:00,224.56
2026-07-28T23:00:00+02:00,236.96
2026-07-28T23:15:00+02:00,214.64
2026-07-28T23:30:00+02:00,221.76
2026-07-28T23:45:00+02:00,232.72
2026-07-29T00:00:00+02:00,253.84
2026-07-29T00:15:00+02:00,226.72
2026-07-29T00:30:00+02:00,222.96
2026-07-29T00:45:00+02:00,247.6
2026-07-29T01:00:00+02:00,212.72
2026-07-29T01:15:00+02:00,228.96
2026-07-29T01:30:00+02:00,221.28
2026-07-29T01:45:00+02:00,244.16
2026-07-29T02:00:00+02:00,264.64
2026-07-29T02:15:00+02:00,171.2
2026-07-29T02:30:00+02:00,162.08
2026-07-29T02:45:00+02:00,157.04
2026-07-29T03:00:00+02:00,166.24
2026-07-29T03:15:00+02:00,226.64
2026-07-29T03:30:00+02:00,201.84
2026-07-29T03:45:00+02:00,219.04
2026-07-29T04:00:00+02:00,200.48
2026-07-29T04:15:00+02:00,221.2
2026-07-29T04:30:00+02:00,229.44
2026-07-29T04:45:00+02:00,226.4
2026-07-29T05:00:00+02:00,204.72
2026-07-29T05:15:00+02:00,232.0
2026-07-29T05:30:00+02:00,274.08
2026-07-29T05:45:00+02:00,273.12
2026-07-29T06:00:00+02:00,306.72
2026-07-29T06:15:00+02:00,258.88
2026-07-29T06:30:00+02:00,240.72
2026-07-29T06:45:00+02:00,223.76
2026-07-29T07:00:00+02:00,274.96
2026-07-29T07:15:00+02:00,266.32
2026-07-29T07:30:00+02:00,216.48
2026-07-29T07:45:00+02:00,165.92
2026-07-29T08:00:00+02:00,120.56
2026-07-29T08:15:00+02:00,103.68
2026-07-29T08:30:00+02:00,94.0
2026-07-29T08:45:00+02:00,48.88
2026-07-29T09:00:00+02:00,6.56
2026-07-29T09:15:00+02:00,8.88
2026-07-29T09:30:00+02:00,0.0
2026-07-29T09:45:00+02:00,0.0
2026-07-29T10:00:00+02:00,0.0
2026-07-29T10:15:00+02:00,0.0
2026-07-29T10:30:00+02:00,0.0
2026-07-29T10:45:00+02:00,0.0
2026-07-29T11:00:00+02:00,0.0
2026-07-29T11:15:00+02:00,0.0
2026-07-29T11:30:00+02:00,0.0
2026-07-29T11:45:00+02:00,0.0
2026-07-29T12:00:00+02:00,0.0
2026-07-29T12:15:00+02:00,0.0
2026-07-29T12:30:00+02:00,0.0
2026-07-29T12:45:00+02:00,0.0
2026-07-29T13:00:00+02:00,45.28
2026-07-29T13:15:00+02:00,5.28
2026-07-29T13:30:00+02:00,23.84
2026-07-29T13:45:00+02:00,1.44
2026-07-29T14:00:00+02:00,0.0
2026-07-29T14:15:00+02:00,0.0
2026-07-29T14:30:00+02:00,0.0
2026-07-29T14:45:00+02:00,0.0
2026-07-29T15:00:00+02:00,0.0
2026-07-29T15:15:00+02:00,0.0
2026-07-29T15:30:00+02:00,0.0
2026-07-29T15:45:00+02:00,0.0
2026-07-29T16:00:00+02:00,0.0
2026-07-29T16:15:00+02:00,2.56
2026-07-29T16:30:00+02:00,0.0
2026-07-29T16:45:00+02:00,0.0
2026-07-29T17:00:00+02:00,0.0
2026-07-29T17:15:00+02:00,4.72
2026-07-29T17:30:00+02:00,17.92
2026-07-29T17:45:00+02:00,108.32
2026-07-29T18:00:00+02:00,135.2
2026-07-29T18:15:00+02:00,190.32
2026-07-29T18:30:00+02:00,204.08
2026-07-29T18:45:00+02:00,239.28
2026-07-29T19:00:00+02:00,296.72
2026-07-29T19:15:00+02:00,296.8
2026-07-29T19:30:00+02:00,310.32
2026-07-29T19:45:00+02:00,331.04
2026-07-29T20:00:00+02:00,329.76
2026-07-29T20:15:00+02:00,344.16
2026-07-29T20:30:00+02:00,352.08
2026-07-29T20:45:00+02:00,373.28
2026-07-29T21:00:00+02:00,388.48
2026-07-29T21:15:00+02:00,331.12
2026-07-29T21:30:00+02:00,274.64
2026-07-29T21:45:00+02:00,312.72
2026-07-29T22:00:00+02:00,305.76
2026-07-29T22:15:00+02:00,288.8
2026-07-29T22:30:00+02:00,276.56
2026-07-29T22:45:00+02:00,266.72
2026-07-29T23:00:00+02:00,269.84
2026-07-29T23:15:00+02:00,256.48
2026-07-29T23:30:00+02:00,266.08
2026-07-29T23:45:00+02:00,272.08
2026-07-30T00:00:00+02:00,250.88
2026-07-30T00:15:00+02:00,282.16
2026-07-30T00:30:00+02:00,268.32
2026-07-30T00:45:00+02:00,253.36
2026-07-30T01:00:00+02:00,243.6
2026-07-30T01:15:00+02:00,231.84
2026-07-30T01:30:00+02:00,238.4
2026-07-30T01:45:00+02:00,231.12
2026-07-30T02:00:00+02:00,214.4
2026-07-30T02:15:00+02:00,198.8
2026-07-30T02:30:00+02:00,200.48
2026-07-30T02:45:00+02:00,180.32
2026-07-30T03:00:00+02:00,188.16
2026-07-30T03:15:00+02:00,199.12
2026-07-30T03:30:00+02:00,223.12
2026-07-30T03:45:00+02:00,200.4
2026-07-30T04:00:00+02:00,188.32
2026-07-30T04:15:00+02:00,219.36
2026-07-30T04:30:00+02:00,241.52
2026-07-30T04:45:00+02:00,208.32
2026-07-30T05:00:00+02:00,203.76
2026-07-30T05:15:00+02:00,228.56
2026-07-30T05:30:00+02:00,223.28
2026-07-30T05:45:00+02:00,222.08
2026-07-30T06:00:00+02:00,226.96
2026-07-30T06:15:00+02:00,215.44
2026-07-30T06:30:00+02:00,265.76
2026-07-30T06:45:00+02:00,270.48
2026-07-30T07:00:00+02:00,258.88
2026-07-30T07:15:00+02:00,274.24
2026-07-30T07:30:00+02:00,235.12
2026-07-30T07:45:00+02:00,201.52
2026-07-30T08:00:00+02:00,114.96
2026-07-30T08:15:00+02:00,149.68
2026-07-30T08:30:00+02:00,171.68
2026-07-30T08:45:00+02:00,165.76
2026-07-30T09:00:00+02:00,100.56
2026-07-30T09:15:00+02:00,40.0
2026-07-30T09:30:00+02:00,118.08
2026-07-30T09:45:00+02:00,174.96
2026-07-30T10:00:00+02:00,6.0
2026-07-30T10:15:00+02:00,121.52
2026-07-30T10:30:00+02:00,0.0
2026-07-30T10:45:00+02:00,0.0
2026-07-30T11:00:00+02:00,0.0
2026-07-30T11:15:00+02:00,0.0
2026-07-30T11:30:00+02:00,0.0
2026-07-30T11:45:00+02:00,0.0
2026-07-30T12:00:00+02:00,0.0
2026-07-30T12:15:00+02:00,0.0
2026-07-30T12:30:00+02:00,0.0
2026-07-30T12:45:00+02:00,0.0
2026-07-30T13:00:00+02:00,0.0
2026-07-30T13:15:00+02:00,0.0
2026-07-30T13:30:00+02:00,0.0
2026-07-30T13:45:00+02:00,0.0
2026-07-30T14:00:00+02:00,0.0
2026-07-30T14:15:00+02:00,0.0
2026-07-30T14:30:00+02:00,0.0
2026-07-30T14:45:00+02:00,0.0
2026-07-30T15:00:00+02:00,0.0
2026-07-30T15:15:00+02:00,0.0
2026-07-30T15:30:00+02:00,0.0
2026-07-30T15:45:00+02:00,0.0
2026-07-30T16:00:00+02:00,0.0
2026-07-30T16:15:00+02:00,0.0
2026-07-30T16:30:00+02:00,0.0
2026-07-30T16:45:00+02:00,0.0
2026-07-30T17:00:00+02:00,0.0
2026-07-30T17:15:00+02:00,0.0
2026-07-30T17:30:00+02:00,11.68
2026-07-30T17:45:00+02:00,63.12
2026-07-30T18:00:00+02:00,93.04
2026-07-30T18:15:00+02:00,107.92
2026-07-30T18:30:00+02:00,136.72
2026-07-30T18:45:00+02:00,180.56
2026-07-30T19:00:00+02:00,231.84
2026-07-30T19:15:00+02:00,231.28
2026-07-30T19:30:00+02:00,271.68
2026-07-30T19:45:00+02:00,290.48
2026-07-30T20:00:00+02:00,317.68
2026-07-30T20:15:00+02:00,346.4
2026-07-30T20:30:00+02:00,341.6
2026-07-30T20:45:00+02:00,332.64
2026-07-30T21:00:00+02:00,332.32
2026-07-30T21:15:00+02:00,307.28
2026-07-30T21:30:00+02:00,296.24
2026-07-30T21:45:00+02:00,282.48
2026-07-30T22:00:00+02:00,274.4
2026-07-30T22:15:00+02:00,279.76
2026-07-30T22:30:00+02:00,272.4
2026-07-30T22:45:00+02:00,243.68
2026-07-30T23:00:00+02:00,242.08
2026-07-30T23:15:00+02:00,250.88
2026-07-30T23:30:00+02:00,240.08
2026-07-30T23:45:00+02:00,231.44
2026-07-31T00:00:00+02:00,253.12
2026-07-31T00:15:00+02:00,226.0
2026-07-31T00:30:00+02:00,215.68
2026-07-31T00:45:00+02:00,256.32
2026-07-31T01:00:00+02:00,233.04
2026-07-31T01:15:00+02:00,242.64
2026-07-31T01:30:00+02:00,278.48
2026-07-31T01:45:00+02:00,269.28
2026-07-31T02:00:00+02:00,206.48
2026-07-31T02:15:00+02:00,205.68
2026-07-31T02:30:00+02:00,194.64
2026-07-31T02:45:00+02:00,214.32
2026-07-31T03:00:00+02:00,225.52
2026-07-31T03:15:00+02:00,223.68
2026-07-31T03:30:00+02:00,196.48
2026-07-31T03:45:00+02:00,192.08
2026-07-31T04:00:00+02:00,194.4
2026-07-31T04:15:00+02:00,175.52
2026-07-31T04:30:00+02:00,181.28
2026-07-31T04:45:00+02:00,201.12
2026-07-31T05:00:00+02:00,193.2
2026-07-31T05:15:00+02:00,173.76
2026-07-31T05:30:00+02:00,211.28
2026-07-31T05:45:00+02:00,215.76
2026-07-31T06:00:00+02:00,203.28
2026-07-31T06:15:00+02:00,218.24
2026-07-31T06:30:00+02:00,195.92
2026-07-31T06:45:00+02:00,200.32
2026-07-31T07:00:00+02:00,200.16
2026-07-31T07:15:00+02:00,163.36
2026-07-31T07:30:00+02:00,158.4
2026-07-31T07:45:00+02:00,135.84
2026-07-31T08:00:00+02:00,87.44
2026-07-31T08:15:00+02:00,90.96
2026-07-31T08:30:00+02:00,82.08
2026-07-31T08:45:00+02:00,32.48
2026-07-31T09:00:00+02:00,0.72
2026-07-31T09:15:00+02:00,0.0
2026-07-31T09:30:00+02:00,0.0
2026-07-31T09:45:00+02:00,14.72
2026-07-31T10:00:00+02:00,56.8
2026-07-31T10:15:00+02:00,77.68
2026-07-31T10:30:00+02:00,79.12
2026-07-31T10:45:00+02:00,29.92
2026-07-31T11:00:00+02:00,10.08
2026-07-31T11:15:00+02:00,0.0
2026-07-31T11:30:00+02:00,0.0
2026-07-31T11:45:00+02:00,0.0
2026-07-31T12:00:00+02:00,0.0
2026-07-31T12:15:00+02:00,0.0
2026-07-31T12:30:00+02:00,0.0
2026-07-31T12:45:00+02:00,0.0
2026-07-31T13:00:00+02:00,0.0
2026-07-31T13:15:00+02:00,0.0
2026-07-31T13:30:00+02:00,0.0
2026-07-31T13:45:00+02:00,0.0
2026-07-31T14:00:00+02:00,0.0
2026-07-31T14:15:00+02:00,0.0
2026-07-31T14:30:00+02:00,0.0
2026-07-31T14:45:00+02:00,0.0
2026-07-31T15:00:00+02:00,0.0
2026-07-31T15:15:00+02:00,0.0
2026-07-31T15:30:00+02:00,0.0
2026-07-31T15:45:00+02:00,0.0
2026-07-31T16:00:00+02:00,0.0
2026-07-31T16:15:00+02:00,0.0
2026-07-31T16:30:00+02:00,0.0
2026-07-31T16:45:00+02:00,0.0
2026-07-31T17:00:00+02:00,0.0
2026-07-31T17:15:00+02:00,0.32
2026-07-31T17:30:00+02:00,35.92
2026-07-31T17:45:00+02:00,64.24
2026-07-31T18:00:00+02:00,158.88
2026-07-31T18:15:00+02:00,228.24
2026-07-31T18:30:00+02:00,249.2
2026-07-31T18:45:00+02:00,239.04
2026-07-31T19:00:00+02:00,202.56
2026-07-31T19:15:00+02:00,191.28
2026-07-31T19:30:00+02:00,177.92
2026-07-31T19:45:00+02:00,178.8
2026-07-31T20:00:00+02:00,132.88
2026-07-31T20:15:00+02:00,113.92
2026-07-31T20:30:00+02:00,111.68
2026-07-31T20:45:00+02:00,85.04
2026-07-31T21:00:00+02:00,60.48
2026-07-31T21:15:00+02:00,52.24
2026-07-31T21:30:00+02:00,48.0
2026-07-31T21:45:00+02:00,45.92
2026-07-31T22:00:00+02:00,49.52
2026-07-31T22:15:00+02:00,46.96
2026-07-31T22:30:00+02:00,45.44
2026-07-31T22:45:00+02:00,44.0
2026-07-31T23:00:00+02:00,43.76
2026-07-31T23:15:00+02:00,44.08
2026-07-31T23:30:00+02:00,42.48
2026-07-31T23:45:00+02:00,45.84
2026-08-01T00:00:00+02:00,43.76
2026-08-01T00:15:00+02:00,46.72
2026-08-01T00:30:00+02:00,44.4
2026-08-01T00:45:00+02:00,44.72
2026-08-01T01:00:00+02:00,41.6
2026-08-01T01:15:00+02:00,45.2
2026-08-01T01:30:00+02:00,44.48
2026-08-01T01:45:00+02:00,45.36
2026-08-01T02:00:00+02:00,42.08
2026-08-01T02:15:00+02:00,42.16
2026-08-01T02:30:00+02:00,43.76
2026-08-01T02:45:00+02:00,41.84
2026-08-01T03:00:00+02:00,46.16
2026-08-01T03:15:00+02:00,42.56
2026-08-01T03:30:00+02:00,44.24
2026-08-01T03:45:00+02:00,44.32
2026-08-01T04:00:00+02:00,41.84
2026-08-01T04:15:00+02:00,46.56
2026-08-01T04:30:00+02:00,42.72
2026-08-01T04:45:00+02:00,46.08
2026-08-01T05:00:00+02:00,42.0
2026-08-01T05:15:00+02:00,42.88
2026-08-01T05:30:00+02:00,42.88
2026-08-01T05:45:00+02:00,45.28
2026-08-01T06:00:00+02:00,47.52
2026-08-01T06:15:00+02:00,45.84
2026-08-01T06:30:00+02:00,38.8
2026-08-01T06:45:00+02:00,23.92
2026-08-01T07:00:00+02:00,18.88
2026-08-01T07:15:00+02:00,29.84
2026-08-01T07:30:00+02:00,34.64
2026-08-01T07:45:00+02:00,34.4
2026-08-01T08:00:00+02:00,30.8
2026-08-01T08:15:00+02:00,34.08
2026-08-01T08:30:00+02:00,35.52
2026-08-01T08:45:00+02:00,20.96
2026-08-01T09:00:00+02:00,0.0
2026-08-01T09:15:00+02:00,0.0
2026-08-01T09:30:00+02:00,0.0
2026-08-01T09:45:00+02:00,0.0
2026-08-01T10:00:00+02:00,0.0
2026-08-01T10:15:00+02:00,0.0
2026-08-01T10:30:00+02:00,0.0
2026-08-01T10:45:00+02:00,0.0
2026-08-01T11:00:00+02:00,0.0
2026-08-01T11:15:00+02:00,0.0
2026-08-01T11:30:00+02:00,0.0
2026-08-01T11:45:00+02:00,0.0
2026-08-01T12:00:00+02:00,0.0
2026-08-01T12:15:00+02:00,0.0
2026-08-01T12:30:00+02:00,0.0
2026-08-01T12:45:00+02:00,0.0
2026-08-01T13:00:00+02:00,0.0
2026-08-01T13:15:00+02:00,0.0
2026-08-01T13:30:00+02:00,0.0
2026-08-01T13:45:00+02:00,0.0
2026-08-01T14:00:00+02:00,0.0
2026-08-01T14:15:00+02:00,0.0
2026-08-01T14:30:00+02:00,0.0
2026-08-01T14:45:00+02:00,0.0
2026-08-01T15:00:00+02:00,0.0
2026-08-01T15:15:00+02:00,0.0
2026-08-01T15:30:00+02:00,0.0
2026-08-01T15:45:00+02:00,0.0
2026-08-01T16:00:00+02:00,0.0
2026-08-01T16:15:00+02:00,0.0
2026-08-01T16:30:00+02:00,0.0
2026-08-01T16:45:00+02:00,0.0
2026-08-01T17:00:00+02:00,0.0
2026-08-01T17:15:00+02:00,0.0
2026-08-01T17:30:00+02:00,0.0
2026-08-01T17:45:00+02:00,0.0
2026-08-01T18:00:00+02:00,0.0
2026-08-01T18:15:00+02:00,0.0
2026-08-01T18:30:00+02:00,0.0
2026-08-01T18:45:00+02:00,5.92
2026-08-01T19:00:00+02:00,36.64
2026-08-01T19:15:00+02:00,33.6
2026-08-01T19:30:00+02:00,28.96
2026-08-01T19:45:00+02:00,26.24
2026-08-01T20:00:00+02:00,30.24
2026-08-01T20:15:00+02:00,39.76
2026-08-01T20:30:00+02:00,45.76
2026-08-01T20:45:00+02:00,44.72
2026-08-01T21:00:00+02:00,46.0
2026-08-01T21:15:00+02:00,41.36
2026-08-01T21:30:00+02:00,42.08
2026-08-01T21:45:00+02:00,37.68
2026-08-01T22:00:00+02:00,44.0
2026-08-01T22:15:00+02:00,39.52
2026-08-01T22:30:00+02:00,44.0
2026-08-01T22:45:00+02:00,38.32
2026-08-01T23:00:00+02:00,41.2
2026-08-01T23:15:00+02:00,39.04
2026-08-01T23:30:00+02:00,40.48
2026-08-01T23:45:00+02:00,38.96
2026-08-02T00:00:00+02:00,38.72
2026-08-02T00:15:00+02:00,40.72
2026-08-02T00:30:00+02:00,37.84
2026-08-02T00:45:00+02:00,40.8
2026-08-02T01:00:00+02:00,37.76
2026-08-02T01:15:00+02:00,39.68
2026-08-02T01:30:00+02:00,38.8
2026-08-02T01:45:00+02:00,41.36
2026-08-02T02:00:00+02:00,39.84
2026-08-02T02:15:00+02:00,38.0
2026-08-02T02:30:00+02:00,42.8
2026-08-02T02:45:00+02:00,40.4
2026-08-02T03:00:00+02:00,37.84
2026-08-02T03:15:00+02:00,39.68
2026-08-02T03:30:00+02:00,37.6
2026-08-02T03:45:00+02:00,40.72
2026-08-02T04:00:00+02:00,38.16
2026-08-02T04:15:00+02:00,39.28
2026-08-02T04:30:00+02:00,40.48
2026-08-02T04:45:00+02:00,38.32
2026-08-02T05:00:00+02:00,40.72
2026-08-02T05:15:00+02:00,38.0
2026-08-02T05:30:00+02:00,38.8
2026-08-02T05:45:00+02:00,39.28
2026-08-02T06:00:00+02:00,37.6
2026-08-02T06:15:00+02:00,36.4
2026-08-02T06:30:00+02:00,24.8
2026-08-02T06:45:00+02:00,10.88
2026-08-02T07:00:00+02:00,4.4
2026-08-02T07:15:00+02:00,0.0
2026-08-02T07:30:00+02:00,0.0
2026-08-02T07:45:00+02:00,0.0
2026-08-02T08:00:00+02:00,0.0
2026-08-02T08:15:00+02:00,0.0
2026-08-02T08:30:00+02:00,0.0
2026-08-02T08:45:00+02:00,0.0
2026-08-02T09:00:00+02:00,0.0
2026-08-02T09:15:00+02:00,0.0
2026-08-02T09:30:00+02:00,0.0
2026-08-02T09:45:00+02:00,0.0
2026-08-02T10:00:00+02:00,0.0
2026-08-02T10:15:00+02:00,0.0
2026-08-02T10:30:00+02:00,0.0
2026-08-02T10:45:00+02:00,0.0
2026-08-02T11:00:00+02:00,0.0
2026-08-02T11:15:00+02:00,0.0
2026-08-02T11:30:00+02:00,0.0
2026-08-02T11:45:00+02:00,0.0
2026-08-02T12:00:00+02:00,0.0
2026-08-02T12:15:00+02:00,0.0
2026-08-02T12:30:00+02:00,0.0
2026-08-02T12:45:00+02:00,0.0
2026-08-02T13:00:00+02:00,0.0
2026-08-02T13:15:00+02:00,0.0
2026-08-02T13:30:00+02:00,0.0
2026-08-02T13:45:00+02:00,0.0
2026-08-02T14:00:00+02:00,0.0
2026-08-02T14:15:00+02:00,0.0
2026-08-02T14:30:00+02:00,0.0
2026-08-02T14:45:00+02:00,0.0
2026-08-02T15:00:00+02:00,0.0
2026-08-02T15:15:00+02:00,0.0
2026-08-02T15:30:00+02:00,0.0
2026-08-02T15:45:00+02:00,0.0
2026-08-02T16:00:00+02:00,0.0
2026-08-02T16:15:00+02:00,0.0
2026-08-02T16:30:00+02:00,0.0
2026-08-02T16:45:00+02:00,0.0
2026-08-02T17:00:00+02:00,0.0
2026-08-02T17:15:00+02:00,0.0
2026-08-02T17:30:00+02:00,0.0
2026-08-02T17:45:00+02:00,0.0
2026-08-02T18:00:00+02:00,0.0
2026-08-02T18:15:00+02:00,1.04
2026-08-02T18:30:00+02:00,31.44
2026-08-02T18:45:00+02:00,46.96
2026-08-02T19:00:00+02:00,55.52
2026-08-02T19:15:00+02:00,58.56
2026-08-02T19:30:00+02:00,54.08
2026-08-02T19:45:00+02:00,45.28
2026-08-02T20:00:00+02:00,47.52
2026-08-02T20:15:00+02:00,42.08
2026-08-02T20:30:00+02:00,35.12
2026-08-02T20:45:00+02:00,36.32
2026-08-02T21:00:00+02:00,44.0
2026-08-02T21:15:00+02:00,44.64
2026-08-02T21:30:00+02:00,41.68
2026-08-02T21:45:00+02:00,42.88
2026-08-02T22:00:00+02:00,44.32
2026-08-02T22:15:00+02:00,45.6
2026-08-02T22:30:00+02:00,45.92
2026-08-02T22:45:00+02:00,46.32
2026-08-02T23:00:00+02:00,40.64
2026-08-02T23:15:00+02:00,45.2
2026-08-02T23:30:00+02:00,41.76
2026-08-02T23:45:00+02:00,46.8
2026-08-03T00:00:00+02:00,45.2
2026-08-03T00:15:00+02:00,47.36
2026-08-03T00:30:00+02:00,46.48
2026-08-03T00:45:00+02:00,45.84
2026-08-03T01:00:00+02:00,46.56
2026-08-03T01:15:00+02:00,45.36
2026-08-03T01:30:00+02:00,48.4
2026-08-03T01:45:00+02:00,44.96
2026-08-03T02:00:00+02:00,48.88
2026-08-03T02:15:00+02:00,49.2
2026-08-03T02:30:00+02:00,44.16
2026-08-03T02:45:00+02:00,44.08
2026-08-03T03:00:00+02:00,41.6
2026-08-03T03:15:00+02:00,49.68
2026-08-03T03:30:00+02:00,50.32
2026-08-03T03:45:00+02:00,51.44
2026-08-03T04:00:00+02:00,52.24
2026-08-03T04:15:00+02:00,56.0
2026-08-03T04:30:00+02:00,61.84
2026-08-03T04:45:00+02:00,58.64
2026-08-03T05:00:00+02:00,59.52
2026-08-03T05:15:00+02:00,76.64
2026-08-03T05:30:00+02:00,83.52
2026-08-03T05:45:00+02:00,98.8
2026-08-03T06:00:00+02:00,134.96
2026-08-03T06:15:00+02:00,181.76
2026-08-03T06:30:00+02:00,186.0
2026-08-03T06:45:00+02:00,179.68
2026-08-03T07:00:00+02:00,155.36
2026-08-03T07:15:00+02:00,149.92
2026-08-03T07:30:00+02:00,167.76
2026-08-03T07:45:00+02:00,84.0
2026-08-03T08:00:00+02:00,44.32
2026-08-03T08:15:00+02:00,33.68
2026-08-03T08:30:00+02:00,17.92
2026-08-03T08:45:00+02:00,3.52
2026-08-03T09:00:00+02:00,44.56
2026-08-03T09:15:00+02:00,160.24
2026-08-03T09:30:00+02:00,108.4
2026-08-03T09:45:00+02:00,32.88
2026-08-03T10:00:00+02:00,3.92
2026-08-03T10:15:00+02:00,0.0
2026-08-03T10:30:00+02:00,0.0
2026-08-03T10:45:00+02:00,0.0
2026-08-03T11:00:00+02:00,0.0
2026-08-03T11:15:00+02:00,0.0
2026-08-03T11:30:00+02:00,0.16
2026-08-03T11:45:00+02:00,0.0
2026-08-03T12:00:00+02:00,0.0
2026-08-03T12:15:00+02:00,0.0
2026-08-03T12:30:00+02:00,0.0
2026-08-03T12:45:00+02:00,0.0
2026-08-03T13:00:00+02:00,0.0
2026-08-03T13:15:00+02:00,0.0
2026-08-03T13:30:00+02:00,0.0
2026-08-03T13:45:00+02:00,0.0
2026-08-03T14:00:00+02:00,0.0
2026-08-03T14:15:00+02:00,0.0
2026-08-03T14:30:00+02:00,0.0
2026-08-03T14:45:00+02:00,0.0
2026-08-03T15:00:00+02:00,0.0
2026-08-03T15:15:00+02:00,0.0
2026-08-03T15:30:00+02:00,0.0
2026-08-03T15:45:00+02:00,0.0
2026-08-03T16:00:00+02:00,0.0
2026-08-03T16:15:00+02:00,0.0
2026-08-03T16:30:00+02:00,0.0
2026-08-03T16:45:00+02:00,0.0
2026-08-03T17:00:00+02:00,0.0
2026-08-03T17:15:00+02:00,0.0
2026-08-03T17:30:00+02:00,19.92
2026-08-03T17:45:00+02:00,30.56
2026-08-03T18:00:00+02:00,68.48
2026-08-03T18:15:00+02:00,101.36
2026-08-03T18:30:00+02:00,177.92
2026-08-03T18:45:00+02:00,313.76
2026-08-03T19:00:00+02:00,292.72
2026-08-03T19:15:00+02:00,274.96
2026-08-03T19:30:00+02:00,273.6
2026-08-03T19:45:00+02:00,291.6
2026-08-03T20:00:00+02:00,302.88
2026-08-03T20:15:00+02:00,283.04
2026-08-03T20:30:00+02:00,303.92
2026-08-03T20:45:00+02:00,330.72
2026-08-03T21:00:00+02:00,318.72
2026-08-03T21:15:00+02:00,298.08
2026-08-03T21:30:00+02:00,298.48
2026-08-03T21:45:00+02:00,304.48
2026-08-03T22:00:00+02:00,306.0
2026-08-03T22:15:00+02:00,282.88
2026-08-03T22:30:00+02:00,267.28
2026-08-03T22:45:00+02:00,244.8
2026-08-03T23:00:00+02:00,216.4
2026-08-03T23:15:00+02:00,229.84
2026-08-03T23:30:00+02:00,208.64
2026-08-03T23:45:00+02:00,226.48
2026-08-04T00:00:00+02:00,211.04
2026-08-04T00:15:00+02:00,222.24
2026-08-04T00:30:00+02:00,209.36
2026-08-04T00:45:00+02:00,227.36
2026-08-04T01:00:00+02:00,221.84
2026-08-04T01:15:00+02:00,227.36
2026-08-04T01:30:00+02:00,245.92
2026-08-04T01:45:00+02:00,222.96
2026-08-04T02:00:00+02:00,216.0
2026-08-04T02:15:00+02:00,245.28
2026-08-04T02:30:00+02:00,220.88
2026-08-04T02:45:00+02:00,191.84
2026-08-04T03:00:00+02:00,223.12
2026-08-04T03:15:00+02:00,210.8
2026-08-04T03:30:00+02:00,196.8
2026-08-04T03:45:00+02:00,220.56
2026-08-04T04:00:00+02:00,223.2
2026-08-04T04:15:00+02:00,222.08
2026-08-04T04:30:00+02:00,211.76
2026-08-04T04:45:00+02:00,205.92
2026-08-04T05:00:00+02:00,192.4
2026-08-04T05:15:00+02:00,191.36
2026-08-04T05:30:00+02:00,196.88
2026-08-04T05:45:00+02:00,204.16
2026-08-04T06:00:00+02:00,187.44
2026-08-04T06:15:00+02:00,189.68
2026-08-04T06:30:00+02:00,212.16
2026-08-04T06:45:00+02:00,245.68
2026-08-04T07:00:00+02:00,226.16
2026-08-04T07:15:00+02:00,173.44
2026-08-04T07:30:00+02:00,158.8
2026-08-04T07:45:00+02:00,113.2
2026-08-04T08:00:00+02:00,81.12
2026-08-04T08:15:00+02:00,79.2
2026-08-04T08:30:00+02:00,46.96
2026-08-04T08:45:00+02:00,16.4
2026-08-04T09:00:00+02:00,0.56
2026-08-04T09:15:00+02:00,0.0
2026-08-04T09:30:00+02:00,0.0
2026-08-04T09:45:00+02:00,0.0
2026-08-04T10:00:00+02:00,0.0
2026-08-04T10:15:00+02:00,0.0
2026-08-04T10:30:00+02:00,0.0
2026-08-04T10:45:00+02:00,0.0
2026-08-04T11:00:00+02:00,0.0
2026-08-04T11:15:00+02:00,0.0
2026-08-04T11:30:00+02:00,0.0
2026-08-04T11:45:00+02:00,0.0
2026-08-04T12:00:00+02:00,0.0
2026-08-04T12:15:00+02:00,0.0
2026-08-04T12:30:00+02:00,0.0
2026-08-04T12:45:00+02:00,0.0
2026-08-04T13:00:00+02:00,0.0
2026-08-04T13:15:00+02:00,0.0
2026-08-04T13:30:00+02:00,0.0
2026-08-04T13:45:00+02:00,0.0
2026-08-04T14:00:00+02:00,0.0
2026-08-04T14:15:00+02:00,0.0
2026-08-04T14:30:00+02:00,0.0
2026-08-04T14:45:00+02:00,0.0
2026-08-04T15:00:00+02:00,0.0
2026-08-04T15:15:00+02:00,0.0
2026-08-04T15:30:00+02:00,0.0
2026-08-04T15:45:00+02:00,0.0
2026-08-04T16:00:00+02:00,0.0
2026-08-04T16:15:00+02:00,0.0
2026-08-04T16:30:00+02:00,0.0
2026-08-04T16:45:00+02:00,0.0
2026-08-04T17:00:00+02:00,0.0
2026-08-04T17:15:00+02:00,4.08
2026-08-04T17:30:00+02:00,8.64
2026-08-04T17:45:00+02:00,33.04
2026-08-04T18:00:00+02:00,70.96
2026-08-04T18:15:00+02:00,108.4
2026-08-04T18:30:00+02:00,164.32
2026-08-04T18:45:00+02:00,182.96
2026-08-04T19:00:00+02:00,204.0
2026-08-04T19:15:00+02:00,233.2
2026-08-04T19:30:00+02:00,274.16
2026-08-04T19:45:00+02:00,284.48
2026-08-04T20:00:00+02:00,298.72
2026-08-04T20:15:00+02:00,304.32
2026-08-04T20:30:00+02:00,297.12
2026-08-04T20:45:00+02:00,318.64
2026-08-04T21:00:00+02:00,311.84
2026-08-04T21:15:00+02:00,298.48
2026-08-04T21:30:00+02:00,297.92
2026-08-04T21:45:00+02:00,275.52
2026-08-04T22:00:00+02:00,286.96
2026-08-04T22:15:00+02:00,275.68
2026-08-04T22:30:00+02:00,254.72
2026-08-04T22:45:00+02:00,247.92
2026-08-04T23:00:00+02:00,233.92
2026-08-04T23:15:00+02:00,251.84
2026-08-04T23:30:00+02:00,257.36
2026-08-04T23:45:00+02:00,272.4
2026-08-05T00:00:00+02:00,254.32
2026-08-05T00:15:00+02:00,251.84
2026-08-05T00:30:00+02:00,236.4
2026-08-05T00:45:00+02:00,236.64
2026-08-05T01:00:00+02:00,237.12
2026-08-05T01:15:00+02:00,215.44
2026-08-05T01:30:00+02:00,221.2
2026-08-05T01:45:00+02:00,253.52
2026-08-05T02:00:00+02:00,241.52
2026-08-05T02:15:00+02:00,256.16
2026-08-05T02:30:00+02:00,247.28
2026-08-05T02:45:00+02:00,239.52
2026-08-05T03:00:00+02:00,256.88
2026-08-05T03:15:00+02:00,232.0
2026-08-05T03:30:00+02:00,229.36
2026-08-05T03:45:00+02:00,242.16
2026-08-05T04:00:00+02:00,257.68
2026-08-05T04:15:00+02:00,241.84
2026-08-05T04:30:00+02:00,248.64
2026-08-05T04:45:00+02:00,237.28
2026-08-05T05:00:00+02:00,238.08
2026-08-05T05:15:00+02:00,226.16
2026-08-05T05:30:00+02:00,245.6
2026-08-05T05:45:00+02:00,255.2
2026-08-05T06:00:00+02:00,243.04
2026-08-05T06:15:00+02:00,288.88
2026-08-05T06:30:00+02:00,286.88
2026-08-05T06:45:00+02:00,249.92
2026-08-05T07:00:00+02:00,232.56
2026-08-05T07:15:00+02:00,224.0
2026-08-05T07:30:00+02:00,181.84
2026-08-05T07:45:00+02:00,159.28
2026-08-05T08:00:00+02:00,124.64
2026-08-05T08:15:00+02:00,95.04
2026-08-05T08:30:00+02:00,66.72
2026-08-05T08:45:00+02:00,47.28
2026-08-05T09:00:00+02:00,3.44
2026-08-05T09:15:00+02:00,0.08
2026-08-05T09:30:00+02:00,0.0
2026-08-05T09:45:00+02:00,0.0
2026-08-05T10:00:00+02:00,0.0
2026-08-05T10:15:00+02:00,0.0
2026-08-05T10:30:00+02:00,0.0
2026-08-05T10:45:00+02:00,0.0
2026-08-05T11:00:00+02:00,0.0
2026-08-05T11:15:00+02:00,0.0
2026-08-05T11:30:00+02:00,0.0
2026-08-05T11:45:00+02:00,0.0
2026-08-05T12:00:00+02:00,0.0
2026-08-05T12:15:00+02:00,0.0
2026-08-05T12:30:00+02:00,0.0
2026-08-05T12:45:00+02:00,0.0
2026-08-05T13:00:00+02:00,0.0
2026-08-05T13:15:00+02:00,0.0
2026-08-05T13:30:00+02:00,0.0
2026-08-05T13:45:00+02:00,0.0
2026-08-05T14:00:00+02:00,0.0
2026-08-05T14:15:00+02:00,0.0
2026-08-05T14:30:00+02:00,0.0
2026-08-05T14:45:00+02:00,0.0
2026-08-05T15:00:00+02:00,0.0
2026-08-05T15:15:00+02:00,0.0
2026-08-05T15:30:00+02:00,0.0
2026-08-05T15:45:00+02:00,0.0
2026-08-05T16:00:00+02:00,0.0
2026-08-05T16:15:00+02:00,0.0
2026-08-05T16:30:00+02:00,0.0
2026-08-05T16:45:00+02:00,0.0
2026-08-05T17:00:00+02:00,0.0
2026-08-05T17:15:00+02:00,1.6
2026-08-05T17:30:00+02:00,13.92
2026-08-05T17:45:00+02:00,79.2
2026-08-05T18:00:00+02:00,62.56
2026-08-05T18:15:00+02:00,201.52
2026-08-05T18:30:00+02:00,243.12
2026-08-05T18:45:00+02:00,222.72
2026-08-05T19:00:00+02:00,215.92
2026-08-05T19:15:00+02:00,246.4
2026-08-05T19:30:00+02:00,245.84
2026-08-05T19:45:00+02:00,235.76
2026-08-05T20:00:00+02:00,177.2
2026-08-05T20:15:00+02:00,207.92
2026-08-05T20:30:00+02:00,228.72
2026-08-05T20:45:00+02:00,281.2
2026-08-05T21:00:00+02:00,289.68
2026-08-05T21:15:00+02:00,246.08
2026-08-05T21:30:00+02:00,257.6
2026-08-05T21:45:00+02:00,258.88
2026-08-05T22:00:00+02:00,261.12
2026-08-05T22:15:00+02:00,275.04
2026-08-05T22:30:00+02:00,246.64
2026-08-05T22:45:00+02:00,220.48
2026-08-05T23:00:00+02:00,258.16
2026-08-05T23:15:00+02:00,272.48
2026-08-05T23:30:00+02:00,284.96
2026-08-05T23:45:00+02:00,254.8
2026-08-06T00:00:00+02:00,242.48
2026-08-06T00:15:00+02:00,259.44
2026-08-06T00:30:00+02:00,251.36
2026-08-06T00:45:00+02:00,270.4
2026-08-06T01:00:00+02:00,244.8
2026-08-06T01:15:00+02:00,237.28
2026-08-06T01:30:00+02:00,233.92
2026-08-06T01:45:00+02:00,219.28
2026-08-06T02:00:00+02:00,228.48
2026-08-06T02:15:00+02:00,218.8
2026-08-06T02:30:00+02:00,238.96
2026-08-06T02:45:00+02:00,263.28
2026-08-06T03:00:00+02:00,264.48
2026-08-06T03:15:00+02:00,233.36
2026-08-06T03:30:00+02:00,236.08
2026-08-06T03:45:00+02:00,221.76
2026-08-06T04:00:00+02:00,225.6
2026-08-06T04:15:00+02:00,243.28
2026-08-06T04:30:00+02:00,266.88
2026-08-06T04:45:00+02:00,256.4
2026-08-06T05:00:00+02:00,240.72
2026-08-06T05:15:00+02:00,255.36
2026-08-06T05:30:00+02:00,253.2
2026-08-06T05:45:00+02:00,257.92
2026-08-06T06:00:00+02:00,243.76
2026-08-06T06:15:00+02:00,265.28
2026-08-06T06:30:00+02:00,274.32
2026-08-06T06:45:00+02:00,272.64
2026-08-06T07:00:00+02:00,247.04
2026-08-06T07:15:00+02:00,210.56
2026-08-06T07:30:00+02:00,177.12
2026-08-06T07:45:00+02:00,131.12
2026-08-06T08:00:00+02:00,88.8
2026-08-06T08:15:00+02:00,50.8
2026-08-06T08:30:00+02:00,9.12
2026-08-06T08:45:00+02:00,34.56
2026-08-06T09:00:00+02:00,10.32
2026-08-06T09:15:00+02:00,1.52
2026-08-06T09:30:00+02:00,7.68
2026-08-06T09:45:00+02:00,25.92
2026-08-06T10:00:00+02:00,0.0
2026-08-06T10:15:00+02:00,0.0
2026-08-06T10:30:00+02:00,0.0
2026-08-06T10:45:00+02:00,0.0
2026-08-06T11:00:00+02:00,1.44
2026-08-06T11:15:00+02:00,0.0
2026-08-06T11:30:00+02:00,0.0
2026-08-06T11:45:00+02:00,0.0
2026-08-06T12:00:00+02:00,16.8
2026-08-06T12:15:00+02:00,8.64
2026-08-06T12:30:00+02:00,42.32
2026-08-06T12:45:00+02:00,118.8
2026-08-06T13:00:00+02:00,61.28
2026-08-06T13:15:00+02:00,18.64
2026-08-06T13:30:00+02:00,140.72
2026-08-06T13:45:00+02:00,163.52
2026-08-06T14:00:00+02:00,82.88
2026-08-06T14:15:00+02:00,81.92
2026-08-06T14:30:00+02:00,70.8
2026-08-06T14:45:00+02:00,17.28
2026-08-06T15:00:00+02:00,29.92
2026-08-06T15:15:00+02:00,3.04
2026-08-06T15:30:00+02:00,0.0
2026-08-06T15:45:00+02:00,49.6
2026-08-06T16:00:00+02:00,185.2
2026-08-06T16:15:00+02:00,195.84
2026-08-06T16:30:00+02:00,222.8
2026-08-06T16:45:00+02:00,203.44
2026-08-06T17:00:00+02:00,205.68
2026-08-06T17:15:00+02:00,222.32
2026-08-06T17:30:00+02:00,205.12
2026-08-06T17:45:00+02:00,219.28
2026-08-06T18:00:00+02:00,258.72
2026-08-06T18:15:00+02:00,212.32
2026-08-06T18:30:00+02:00,205.44
2026-08-06T18:45:00+02:00,195.6
2026-08-06T19:00:00+02:00,180.72
2026-08-06T19:15:00+02:00,215.84
2026-08-06T19:30:00+02:00,216.72
2026-08-06T19:45:00+02:00,240.88
2026-08-06T20:00:00+02:00,232.32
2026-08-06T20:15:00+02:00,259.92
2026-08-06T20:30:00+02:00,266.32
2026-08-06T20:45:00+02:00,253.36
2026-08-06T21:00:00+02:00,225.2
2026-08-06T21:15:00+02:00,223.2
2026-08-06T21:30:00+02:00,234.64
2026-08-06T21:45:00+02:00,238.16
2026-08-06T22:00:00+02:00,220.88
2026-08-06T22:15:00+02:00,224.8
2026-08-06T22:30:00+02:00,245.76
2026-08-06T22:45:00+02:00,227.68
2026-08-06T23:00:00+02:00,251.76
2026-08-06T23:15:00+02:00,218.8
2026-08-06T23:30:00+02:00,195.2
2026-08-06T23:45:00+02:00,182.4
2026-08-07T00:00:00+02:00,205.68
2026-08-07T00:15:00+02:00,206.72
2026-08-07T00:30:00+02:00,216.56
2026-08-07T00:45:00+02:00,191.76
2026-08-07T01:00:00+02:00,162.24
2026-08-07T01:15:00+02:00,175.2
2026-08-07T01:30:00+02:00,160.48
2026-08-07T01:45:00+02:00,150.64
2026-08-07T02:00:00+02:00,168.56
2026-08-07T02:15:00+02:00,144.16
2026-08-07T02:30:00+02:00,145.04
2026-08-07T02:45:00+02:00,182.48
2026-08-07T03:00:00+02:00,176.0
2026-08-07T03:15:00+02:00,173.84
2026-08-07T03:30:00+02:00,196.88
2026-08-07T03:45:00+02:00,186.32
2026-08-07T04:00:00+02:00,158.24
2026-08-07T04:15:00+02:00,181.84
2026-08-07T04:30:00+02:00,184.32
2026-08-07T04:45:00+02:00,216.56
2026-08-07T05:00:00+02:00,226.4
2026-08-07T05:15:00+02:00,179.2
2026-08-07T05:30:00+02:00,167.52
2026-08-07T05:45:00+02:00,144.8
2026-08-07T06:00:00+02:00,129.36
2026-08-07T06:15:00+02:00,160.4
2026-08-07T06:30:00+02:00,175.04
2026-08-07T06:45:00+02:00,164.88
2026-08-07T07:00:00+02:00,198.24
2026-08-07T07:15:00+02:00,196.96
2026-08-07T07:30:00+02:00,192.8
2026-08-07T07:45:00+02:00,107.36
2026-08-07T08:00:00+02:00,64.64
2026-08-07T08:15:00+02:00,79.28
2026-08-07T08:30:00+02:00,76.32
2026-08-07T08:45:00+02:00,94.32
2026-08-07T09:00:00+02:00,112.08
2026-08-07T09:15:00+02:00,148.24
2026-08-07T09:30:00+02:00,156.4
2026-08-07T09:45:00+02:00,124.32
2026-08-07T10:00:00+02:00,71.12
2026-08-07T10:15:00+02:00,60.88
2026-08-07T10:30:00+02:00,42.96
2026-08-07T10:45:00+02:00,0.0
2026-08-07T11:00:00+02:00,0.0
2026-08-07T11:15:00+02:00,0.0
2026-08-07T11:30:00+02:00,0.0
2026-08-07T11:45:00+02:00,0.0
2026-08-07T12:00:00+02:00,0.0
2026-08-07T12:15:00+02:00,0.0
2026-08-07T12:30:00+02:00,0.0
2026-08-07T12:45:00+02:00,0.0
2026-08-07T13:00:00+02:00,0.0
2026-08-07T13:15:00+02:00,0.0
2026-08-07T13:30:00+02:00,0.0
2026-08-07T13:45:00+02:00,0.0
2026-08-07T14:00:00+02:00,0.0
2026-08-07T14:15:00+02:00,0.0
2026-08-07T14:30:00+02:00,0.0
2026-08-07T14:45:00+02:00,0.0
2026-08-07T15:00:00+02:00,0.0
2026-08-07T15:15:00+02:00,0.0
2026-08-07T15:30:00+02:00,0.0
2026-08-07T15:45:00+02:00,52.48
2026-08-07T16:00:00+02:00,0.4
2026-08-07T16:15:00+02:00,0.0
2026-08-07T16:30:00+02:00,0.0
2026-08-07T16:45:00+02:00,0.0
2026-08-07T17:00:00+02:00,0.0
2026-08-07T17:15:00+02:00,0.64
2026-08-07T17:30:00+02:00,26.08
2026-08-07T17:45:00+02:00,40.88
2026-08-07T18:00:00+02:00,110.08
2026-08-07T18:15:00+02:00,114.08
2026-08-07T18:30:00+02:00,97.76
2026-08-07T18:45:00+02:00,29.52
2026-08-07T19:00:00+02:00,29.68
2026-08-07T19:15:00+02:00,35.6
2026-08-07T19:30:00+02:00,65.52
2026-08-07T19:45:00+02:00,82.08
2026-08-07T20:00:00+02:00,87.2
2026-08-07T20:15:00+02:00,62.0
2026-08-07T20:30:00+02:00,60.32
2026-08-07T20:45:00+02:00,62.56
2026-08-07T21:00:00+02:00,64.0
2026-08-07T21:15:00+02:00,55.12
2026-08-07T21:30:00+02:00,51.12
2026-08-07T21:45:00+02:00,51.12
2026-08-07T22:00:00+02:00,51.6
2026-08-07T22:15:00+02:00,48.24
2026-08-07T22:30:00+02:00,48.24
2026-08-07T22:45:00+02:00,45.12
2026-08-07T23:00:00+02:00,46.4
2026-08-07T23:15:00+02:00,46.16
2026-08-07T23:30:00+02:00,42.64
2026-08-07T23:45:00+02:00,42.32
2026-08-08T00:00:00+02:00,40.16
2026-08-08T00:15:00+02:00,41.36
2026-08-08T00:30:00+02:00,43.04
2026-08-08T00:45:00+02:00,42.8
2026-08-08T01:00:00+02:00,40.64
2026-08-08T01:15:00+02:00,41.12
2026-08-08T01:30:00+02:00,39.84
2026-08-08T01:45:00+02:00,41.6
2026-08-08T02:00:00+02:00,38.48
2026-08-08T02:15:00+02:00,45.04
2026-08-08T02:30:00+02:00,42.48
2026-08-08T02:45:00+02:00,43.52
2026-08-08T03:00:00+02:00,41.6
2026-08-08T03:15:00+02:00,41.92
2026-08-08T03:30:00+02:00,42.8
2026-08-08T03:45:00+02:00,47.36
2026-08-08T04:00:00+02:00,45.2
2026-08-08T04:15:00+02:00,40.96
2026-08-08T04:30:00+02:00,40.88
2026-08-08T04:45:00+02:00,40.8
2026-08-08T05:00:00+02:00,40.08
2026-08-08T05:15:00+02:00,43.68
2026-08-08T05:30:00+02:00,45.2
2026-08-08T05:45:00+02:00,43.68
2026-08-08T06:00:00+02:00,45.6
2026-08-08T06:15:00+02:00,39.36
2026-08-08T06:30:00+02:00,33.6
2026-08-08T06:45:00+02:00,28.16
2026-08-08T07:00:00+02:00,16.88
2026-08-08T07:15:00+02:00,0.64
2026-08-08T07:30:00+02:00,0.0
2026-08-08T07:45:00+02:00,0.0
2026-08-08T08:00:00+02:00,0.0
2026-08-08T08:15:00+02:00,0.0
2026-08-08T08:30:00+02:00,0.0
2026-08-08T08:45:00+02:00,0.0
2026-08-08T09:00:00+02:00,0.0
2026-08-08T09:15:00+02:00,0.0
2026-08-08T09:30:00+02:00,0.0
2026-08-08T09:45:00+02:00,0.0
2026-08-08T10:00:00+02:00,0.0
2026-08-08T10:15:00+02:00,0.0
2026-08-08T10:30:00+02:00,0.0
2026-08-08T10:45:00+02:00,0.0
2026-08-08T11:00:00+02:00,0.0
2026-08-08T11:15:00+02:00,0.0
2026-08-08T11:30:00+02:00,0.0
2026-08-08T11:45:00+02:00,0.0
2026-08-08T12:00:00+02:00,0.0
2026-08-08T12:15:00+02:00,0.0
2026-08-08T12:30:00+02:00,0.0
2026-08-08T12:45:00+02:00,0.0
2026-08-08T13:00:00+02:00,0.0
2026-08-08T13:15:00+02:00,0.0
2026-08-08T13:30:00+02:00,0.0
2026-08-08T13:45:00+02:00,0.0
2026-08-08T14:00:00+02:00,0.0
2026-08-08T14:15:00+02:00,0.0
2026-08-08T14:30:00+02:00,0.0
2026-08-08T14:45:00+02:00,0.0
2026-08-08T15:00:00+02:00,0.0
2026-08-08T15:15:00+02:00,0.0
2026-08-08T15:30:00+02:00,0.0
2026-08-08T15:45:00+02:00,0.0
2026-08-08T16:00:00+02:00,0.0
2026-08-08T16:15:00+02:00,0.0
2026-08-08T16:30:00+02:00,0.0
2026-08-08T16:45:00+02:00,0.0
2026-08-08T17:00:00+02:00,0.0
2026-08-08T17:15:00+02:00,0.0
2026-08-08T17:30:00+02:00,0.0
2026-08-08T17:45:00+02:00,0.0
2026-08-08T18:00:00+02:00,0.0
2026-08-08T18:15:00+02:00,0.0
2026-08-08T18:30:00+02:00,0.0
2026-08-08T18:45:00+02:00,0.0
2026-08-08T19:00:00+02:00,0.0
2026-08-08T19:15:00+02:00,2.0
2026-08-08T19:30:00+02:00,13.68
2026-08-08T19:45:00+02:00,24.88
2026-08-08T20:00:00+02:00,32.96
2026-08-08T20:15:00+02:00,42.88
2026-08-08T20:30:00+02:00,50.32
2026-08-08T20:45:00+02:00,51.6
2026-08-08T21:00:00+02:00,52.64
2026-08-08T21:15:00+02:00,40.72
2026-08-08T21:30:00+02:00,42.48
2026-08-08T21:45:00+02:00,40.0
2026-08-08T22:00:00+02:00,44.24
2026-08-08T22:15:00+02:00,41.12
2026-08-08T22:30:00+02:00,44.72
2026-08-08T22:45:00+02:00,39.44
2026-08-08T23:00:00+02:00,41.84
2026-08-08T23:15:00+02:00,38.96
2026-08-08T23:30:00+02:00,41.68
2026-08-08T23:45:00+02:00,42.64
2026-08-09T00:00:00+02:00,43.92
2026-08-09T00:15:00+02:00,40.16
2026-08-09T00:30:00+02:00,41.2
2026-08-09T00:45:00+02:00,41.44
2026-08-09T01:00:00+02:00,39.76
2026-08-09T01:15:00+02:00,40.96
2026-08-09T01:30:00+02:00,36.96
2026-08-09T01:45:00+02:00,42.0
2026-08-09T02:00:00+02:00,38.08
2026-08-09T02:15:00+02:00,40.48
2026-08-09T02:30:00+02:00,38.56
2026-08-09T02:45:00+02:00,41.04
2026-08-09T03:00:00+02:00,37.76
2026-08-09T03:15:00+02:00,40.56
2026-08-09T03:30:00+02:00,38.32
2026-08-09T03:45:00+02:00,40.56
2026-08-09T04:00:00+02:00,38.88
2026-08-09T04:15:00+02:00,41.28
2026-08-09T04:30:00+02:00,39.2
2026-08-09T04:45:00+02:00,38.32
2026-08-09T05:00:00+02:00,39.68
2026-08-09T05:15:00+02:00,37.84
2026-08-09T05:30:00+02:00,35.44
2026-08-09T05:45:00+02:00,37.28
2026-08-09T06:00:00+02:00,35.44
2026-08-09T06:15:00+02:00,41.04
2026-08-09T06:30:00+02:00,39.6
2026-08-09T06:45:00+02:00,23.52
2026-08-09T07:00:00+02:00,6.96
2026-08-09T07:15:00+02:00,0.24
2026-08-09T07:30:00+02:00,0.0
2026-08-09T07:45:00+02:00,0.0
2026-08-09T08:00:00+02:00,0.0
2026-08-09T08:15:00+02:00,0.0
2026-08-09T08:30:00+02:00,0.0
2026-08-09T08:45:00+02:00,0.0
2026-08-09T09:00:00+02:00,0.0
2026-08-09T09:15:00+02:00,0.0
2026-08-09T09:30:00+02:00,0.0
2026-08-09T09:45:00+02:00,0.0
2026-08-09T10:00:00+02:00,0.0
2026-08-09T10:15:00+02:00,0.0
2026-08-09T10:30:00+02:00,0.0
2026-08-09T10:45:00+02:00,0.0
2026-08-09T11:00:00+02:00,0.0
2026-08-09T11:15:00+02:00,0.0
2026-08-09T11:30:00+02:00,0.0
2026-08-09T11:45:00+02:00,0.0
2026-08-09T12:00:00+02:00,0.0
2026-08-09T12:15:00+02:00,0.0
2026-08-09T12:30:00+02:00,0.0
2026-08-09T12:45:00+02:00,0.0
2026-08-09T13:00:00+02:00,0.0
2026-08-09T13:15:00+02:00,0.0
2026-08-09T13:30:00+02:00,0.0
2026-08-09T13:45:00+02:00,0.0
2026-08-09T14:00:00+02:00,0.0
2026-08-09T14:15:00+02:00,0.0
2026-08-09T14:30:00+02:00,0.0
2026-08-09T14:45:00+02:00,0.0
2026-08-09T15:00:00+02:00,0.0
2026-08-09T15:15:00+02:00,0.0
2026-08-09T15:30:00+02:00,0.0
2026-08-09T15:45:00+02:00,0.0
2026-08-09T16:00:00+02:00,0.0
2026-08-09T16:15:00+02:00,0.0
2026-08-09T16:30:00+02:00,0.0
2026-08-09T16:45:00+02:00,0.0
2026-08-09T17:00:00+02:00,0.0
2026-08-09T17:15:00+02:00,0.0
2026-08-09T17:30:00+02:00,0.0
2026-08-09T17:45:00+02:00,0.0
2026-08-09T18:00:00+02:00,0.0
2026-08-09T18:15:00+02:00,0.0
2026-08-09T18:30:00+02:00,0.0
2026-08-09T18:45:00+02:00,0.0
2026-08-09T19:00:00+02:00,0.0
2026-08-09T19:15:00+02:00,3.44
2026-08-09T19:30:00+02:00,20.32
2026-08-09T19:45:00+02:00,48.16
2026-08-09T20:00:00+02:00,51.12
2026-08-09T20:15:00+02:00,50.48
2026-08-09T20:30:00+02:00,53.68
2026-08-09T20:45:00+02:00,58.56
2026-08-09T21:00:00+02:00,57.2
2026-08-09T21:15:00+02:00,56.64
2026-08-09T21:30:00+02:00,46.16
2026-08-09T21:45:00+02:00,48.8
2026-08-09T22:00:00+02:00,52.8
2026-08-09T22:15:00+02:00,51.84
2026-08-09T22:30:00+02:00,54.48
2026-08-09T22:45:00+02:00,44.8
2026-08-09T23:00:00+02:00,49.04
2026-08-09T23:15:00+02:00,47.28
2026-08-09T23:30:00+02:00,48.56
2026-08-09T23:45:00+02:00,49.6
2026-08-10T00:00:00+02:00,49.6
2026-08-10T00:15:00+02:00,48.4
2026-08-10T00:30:00+02:00,50.96
2026-08-10T00:45:00+02:00,48.72
2026-08-10T01:00:00+02:00,49.36
2026-08-10T01:15:00+02:00,47.84
2026-08-10T01:30:00+02:00,47.76
2026-08-10T01:45:00+02:00,48.88
2026-08-10T02:00:00+02:00,47.04
2026-08-10T02:15:00+02:00,49.28
2026-08-10T02:30:00+02:00,47.04
2026-08-10T02:45:00+02:00,52.08
2026-08-10T03:00:00+02:00,44.64
2026-08-10T03:15:00+02:00,63.36
2026-08-10T03:30:00+02:00,65.68
2026-08-10T03:45:00+02:00,68.08
2026-08-10T04:00:00+02:00,62.8
2026-08-10T04:15:00+02:00,69.84
2026-08-10T04:30:00+02:00,76.0
2026-08-10T04:45:00+02:00,61.92
2026-08-10T05:00:00+02:00,63.04
2026-08-10T05:15:00+02:00,67.04
2026-08-10T05:30:00+02:00,159.36
2026-08-10T05:45:00+02:00,178.48
2026-08-10T06:00:00+02:00,187.52
2026-08-10T06:15:00+02:00,225.6
2026-08-10T06:30:00+02:00,219.68
2026-08-10T06:45:00+02:00,212.64
2026-08-10T07:00:00+02:00,191.2
2026-08-10T07:15:00+02:00,193.68
2026-08-10T07:30:00+02:00,196.88
2026-08-10T07:45:00+02:00,180.64
2026-08-10T08:00:00+02:00,167.6
2026-08-10T08:15:00+02:00,135.44
2026-08-10T08:30:00+02:00,66.08
2026-08-10T08:45:00+02:00,166.8
2026-08-10T09:00:00+02:00,186.0
2026-08-10T09:15:00+02:00,242.48
2026-08-10T09:30:00+02:00,205.6
2026-08-10T09:45:00+02:00,162.4
2026-08-10T10:00:00+02:00,46.0
2026-08-10T10:15:00+02:00,0.0
2026-08-10T10:30:00+02:00,0.0
2026-08-10T10:45:00+02:00,0.0
2026-08-10T11:00:00+02:00,0.0
2026-08-10T11:15:00+02:00,0.0
2026-08-10T11:30:00+02:00,0.0
2026-08-10T11:45:00+02:00,0.0
2026-08-10T12:00:00+02:00,0.0
2026-08-10T12:15:00+02:00,0.0
2026-08-10T12:30:00+02:00,0.0
2026-08-10T12:45:00+02:00,0.0
2026-08-10T13:00:00+02:00,0.0
2026-08-10T13:15:00+02:00,0.0
2026-08-10T13:30:00+02:00,0.0
2026-08-10T13:45:00+02:00,0.0
2026-08-10T14:00:00+02:00,0.0
2026-08-10T14:15:00+02:00,0.0
2026-08-10T14:30:00+02:00,0.0
2026-08-10T14:45:00+02:00,15.52
2026-08-10T15:00:00+02:00,0.0
2026-08-10T15:15:00+02:00,0.0
2026-08-10T15:30:00+02:00,0.0
2026-08-10T15:45:00+02:00,0.0
2026-08-10T16:00:00+02:00,0.0
2026-08-10T16:15:00+02:00,70.32
2026-08-10T16:30:00+02:00,47.52
2026-08-10T16:45:00+02:00,85.12
2026-08-10T17:00:00+02:00,137.28
2026-08-10T17:15:00+02:00,113.12
2026-08-10T17:30:00+02:00,126.72
2026-08-10T17:45:00+02:00,157.2
2026-08-10T18:00:00+02:00,199.6
2026-08-10T18:15:00+02:00,221.76
2026-08-10T18:30:00+02:00,224.88
2026-08-10T18:45:00+02:00,219.2
2026-08-10T19:00:00+02:00,206.8
2026-08-10T19:15:00+02:00,220.64
2026-08-10T19:30:00+02:00,229.92
2026-08-10T19:45:00+02:00,248.08
2026-08-10T20:00:00+02:00,268.64
2026-08-10T20:15:00+02:00,261.52
2026-08-10T20:30:00+02:00,241.28
2026-08-10T20:45:00+02:00,216.88
2026-08-10T21:00:00+02:00,207.36
2026-08-10T21:15:00+02:00,219.52
2026-08-10T21:30:00+02:00,228.96
2026-08-10T21:45:00+02:00,212.16
2026-08-10T22:00:00+02:00,195.28
2026-08-10T22:15:00+02:00,191.68
2026-08-10T22:30:00+02:00,206.16
2026-08-10T22:45:00+02:00,202.48
2026-08-10T23:00:00+02:00,188.88
2026-08-10T23:15:00+02:00,193.36
2026-08-10T23:30:00+02:00,193.36
2026-08-10T23:45:00+02:00,191.76
2026-08-11T00:00:00+02:00,204.56
2026-08-11T00:15:00+02:00,163.6
2026-08-11T00:30:00+02:00,166.88
2026-08-11T00:45:00+02:00,154.08
2026-08-11T01:00:00+02:00,176.88
2026-08-11T01:15:00+02:00,173.92
2026-08-11T01:30:00+02:00,182.8
2026-08-11T01:45:00+02:00,192.32
2026-08-11T02:00:00+02:00,204.96
2026-08-11T02:15:00+02:00,183.92
2026-08-11T02:30:00+02:00,176.24
2026-08-11T02:45:00+02:00,171.44
2026-08-11T03:00:00+02:00,173.12
2026-08-11T03:15:00+02:00,177.12
2026-08-11T03:30:00+02:00,162.4
2026-08-11T03:45:00+02:00,190.64
2026-08-11T04:00:00+02:00,193.12
2026-08-11T04:15:00+02:00,199.52
2026-08-11T04:30:00+02:00,195.76
2026-08-11T04:45:00+02:00,168.16
2026-08-11T05:00:00+02:00,188.24
2026-08-11T05:15:00+02:00,204.32
2026-08-11T05:30:00+02:00,199.36
2026-08-11T05:45:00+02:00,217.12
2026-08-11T06:00:00+02:00,245.28
2026-08-11T06:15:00+02:00,265.28
2026-08-11T06:30:00+02:00,259.52
2026-08-11T06:45:00+02:00,254.96
2026-08-11T07:00:00+02:00,254.8
2026-08-11T07:15:00+02:00,198.56
2026-08-11T07:30:00+02:00,172.0
2026-08-11T07:45:00+02:00,187.04
2026-08-11T08:00:00+02:00,218.0
2026-08-11T08:15:00+02:00,103.52
2026-08-11T08:30:00+02:00,15.36
2026-08-11T08:45:00+02:00,72.16
2026-08-11T09:00:00+02:00,72.32
2026-08-11T09:15:00+02:00,16.4
2026-08-11T09:30:00+02:00,0.0
2026-08-11T09:45:00+02:00,0.0
2026-08-11T10:00:00+02:00,0.0
2026-08-11T10:15:00+02:00,0.0
2026-08-11T10:30:00+02:00,0.0
2026-08-11T10:45:00+02:00,2.0
2026-08-11T11:00:00+02:00,1.52
2026-08-11T11:15:00+02:00,30.8
2026-08-11T11:30:00+02:00,5.2
2026-08-11T11:45:00+02:00,0.0
2026-08-11T12:00:00+02:00,0.0
2026-08-11T12:15:00+02:00,0.0
2026-08-11T12:30:00+02:00,0.0
2026-08-11T12:45:00+02:00,0.0
2026-08-11T13:00:00+02:00,0.0
2026-08-11T13:15:00+02:00,0.0
2026-08-11T13:30:00+02:00,0.0
2026-08-11T13:45:00+02:00,0.0
2026-08-11T14:00:00+02:00,0.0
2026-08-11T14:15:00+02:00,0.0
2026-08-11T14:30:00+02:00,0.0
2026-08-11T14:45:00+02:00,0.0
2026-08-11T15:00:00+02:00,0.0
2026-08-11T15:15:00+02:00,0.0
2026-08-11T15:30:00+02:00,0.0
2026-08-11T15:45:00+02:00,0.0
2026-08-11T16:00:00+02:00,0.0
2026-08-11T16:15:00+02:00,0.0
2026-08-11T16:30:00+02:00,0.0
2026-08-11T16:45:00+02:00,0.0
2026-08-11T17:00:00+02:00,0.0
2026-08-11T17:15:00+02:00,1.28
2026-08-11T17:30:00+02:00,59.52
2026-08-11T17:45:00+02:00,92.16
2026-08-11T18:00:00+02:00,122.96
2026-08-11T18:15:00+02:00,159.36
2026-08-11T18:30:00+02:00,182.48
2026-08-11T18:45:00+02:00,203.04
2026-08-11T19:00:00+02:00,225.28
2026-08-11T19:15:00+02:00,250.0
2026-08-11T19:30:00+02:00,275.6
2026-08-11T19:45:00+02:00,275.04
2026-08-11T20:00:00+02:00,283.04
2026-08-11T20:15:00+02:00,280.8
2026-08-11T20:30:00+02:00,264.16
2026-08-11T20:45:00+02:00,251.04
2026-08-11T21:00:00+02:00,266.24
2026-08-11T21:15:00+02:00,232.24
2026-08-11T21:30:00+02:00,231.44
2026-08-11T21:45:00+02:00,236.56
2026-08-11T22:00:00+02:00,210.64
2026-08-11T22:15:00+02:00,215.84
2026-08-11T22:30:00+02:00,202.8
2026-08-11T22:45:00+02:00,208.4
2026-08-11T23:00:00+02:00,230.16
2026-08-11T23:15:00+02:00,203.44
2026-08-11T23:30:00+02:00,173.6
2026-08-11T23:45:00+02:00,198.96
2026-08-12T00:00:00+02:00,204.8
2026-08-12T00:15:00+02:00,182.16
2026-08-12T00:30:00+02:00,178.96
2026-08-12T00:45:00+02:00,161.68
2026-08-12T01:00:00+02:00,145.76
2026-08-12T01:15:00+02:00,160.8
2026-08-12T01:30:00+02:00,145.52
2026-08-12T01:45:00+02:00,145.6
2026-08-12T02:00:00+02:00,154.0
2026-08-12T02:15:00+02:00,175.28
2026-08-12T02:30:00+02:00,175.52
2026-08-12T02:45:00+02:00,176.08
2026-08-12T03:00:00+02:00,178.64
2026-08-12T03:15:00+02:00,151.28
2026-08-12T03:30:00+02:00,151.76
2026-08-12T03:45:00+02:00,153.04
2026-08-12T04:00:00+02:00,145.68
2026-08-12T04:15:00+02:00,129.04
2026-08-12T04:30:00+02:00,149.04
2026-08-12T04:45:00+02:00,178.64
2026-08-12T05:00:00+02:00,177.04
2026-08-12T05:15:00+02:00,152.88
2026-08-12T05:30:00+02:00,145.44
2026-08-12T05:45:00+02:00,180.64
2026-08-12T06:00:00+02:00,189.6
2026-08-12T06:15:00+02:00,211.12
2026-08-12T06:30:00+02:00,225.2
2026-08-12T06:45:00+02:00,220.64
2026-08-12T07:00:00+02:00,217.84
2026-08-12T07:15:00+02:00,220.08
2026-08-12T07:30:00+02:00,178.4
2026-08-12T07:45:00+02:00,155.28
2026-08-12T08:00:00+02:00,125.44
2026-08-12T08:15:00+02:00,110.08
2026-08-12T08:30:00+02:00,51.04
2026-08-12T08:45:00+02:00,6.32
2026-08-12T09:00:00+02:00,0.08
2026-08-12T09:15:00+02:00,0.0
2026-08-12T09:30:00+02:00,0.0
2026-08-12T09:45:00+02:00,0.0
2026-08-12T10:00:00+02:00,0.0
2026-08-12T10:15:00+02:00,0.0
2026-08-12T10:30:00+02:00,0.0
2026-08-12T10:45:00+02:00,0.0
2026-08-12T11:00:00+02:00,0.0
2026-08-12T11:15:00+02:00,0.0
2026-08-12T11:30:00+02:00,0.0
2026-08-12T11:45:00+02:00,0.0
2026-08-12T12:00:00+02:00,0.0
2026-08-12T12:15:00+02:00,0.0
2026-08-12T12:30:00+02:00,0.0
2026-08-12T12:45:00+02:00,0.0
2026-08-12T13:00:00+02:00,0.0
2026-08-12T13:15:00+02:00,0.0
2026-08-12T13:30:00+02:00,0.0
2026-08-12T13:45:00+02:00,0.0
2026-08-12T14:00:00+02:00,0.0
2026-08-12T14:15:00+02:00,0.0
2026-08-12T14:30:00+02:00,0.0
2026-08-12T14:45:00+02:00,0.0
2026-08-12T15:00:00+02:00,0.0
2026-08-12T15:15:00+02:00,0.0
2026-08-12T15:30:00+02:00,0.0
2026-08-12T15:45:00+02:00,0.0
2026-08-12T16:00:00+02:00,0.0
2026-08-12T16:15:00+02:00,0.0
2026-08-12T16:30:00+02:00,0.0
2026-08-12T16:45:00+02:00,0.0
2026-08-12T17:00:00+02:00,0.0
2026-08-12T17:15:00+02:00,1.12
2026-08-12T17:30:00+02:00,10.0
2026-08-12T17:45:00+02:00,46.56
2026-08-12T18:00:00+02:00,69.84
2026-08-12T18:15:00+02:00,88.72
2026-08-12T18:30:00+02:00,113.12
2026-08-12T18:45:00+02:00,134.4
2026-08-12T19:00:00+02:00,182.88
2026-08-12T19:15:00+02:00,185.52
2026-08-12T19:30:00+02:00,195.84
2026-08-12T19:45:00+02:00,211.2
2026-08-12T20:00:00+02:00,229.36
2026-08-12T20:15:00+02:00,236.88
2026-08-12T20:30:00+02:00,222.96
2026-08-12T20:45:00+02:00,210.24
2026-08-12T21:00:00+02:00,214.48
2026-08-12T21:15:00+02:00,204.56
2026-08-12T21:30:00+02:00,206.32
2026-08-12T21:45:00+02:00,221.04
2026-08-12T22:00:00+02:00,208.24
2026-08-12T22:15:00+02:00,200.4
2026-08-12T22:30:00+02:00,172.8
2026-08-12T22:45:00+02:00,164.24
2026-08-12T23:00:00+02:00,155.04
2026-08-12T23:15:00+02:00,159.76
2026-08-12T23:30:00+02:00,167.12
2026-08-12T23:45:00+02:00,160.0
2026-08-13T00:00:00+02:00,160.48
2026-08-13T00:15:00+02:00,165.68
2026-08-13T00:30:00+02:00,166.16
2026-08-13T00:45:00+02:00,178.72
2026-08-13T01:00:00+02:00,154.16
2026-08-13T01:15:00+02:00,151.68
2026-08-13T01:30:00+02:00,174.88
2026-08-13T01:45:00+02:00,179.76
2026-08-13T02:00:00+02:00,172.24
2026-08-13T02:15:00+02:00,172.0
2026-08-13T02:30:00+02:00,185.76
2026-08-13T02:45:00+02:00,190.88
2026-08-13T03:00:00+02:00,180.88
2026-08-13T03:15:00+02:00,172.96
2026-08-13T03:30:00+02:00,169.92
2026-08-13T03:45:00+02:00,160.0
2026-08-13T04:00:00+02:00,150.96
2026-08-13T04:15:00+02:00,143.92
2026-08-13T04:30:00+02:00,121.84
2026-08-13T04:45:00+02:00,129.92
2026-08-13T05:00:00+02:00,130.56
2026-08-13T05:15:00+02:00,129.04
2026-08-13T05:30:00+02:00,152.96
2026-08-13T05:45:00+02:00,180.48
2026-08-13T06:00:00+02:00,178.8
2026-08-13T06:15:00+02:00,181.76
2026-08-13T06:30:00+02:00,190.24
2026-08-13T06:45:00+02:00,203.44
2026-08-13T07:00:00+02:00,203.84
2026-08-13T07:15:00+02:00,218.0
2026-08-13T07:30:00+02:00,174.24
2026-08-13T07:45:00+02:00,141.04
2026-08-13T08:00:00+02:00,119.36
2026-08-13T08:15:00+02:00,58.64
2026-08-13T08:30:00+02:00,19.6
2026-08-13T08:45:00+02:00,3.6
2026-08-13T09:00:00+02:00,0.8
2026-08-13T09:15:00+02:00,191.44
2026-08-13T09:30:00+02:00,168.32
2026-08-13T09:45:00+02:00,41.84
2026-08-13T10:00:00+02:00,0.0
2026-08-13T10:15:00+02:00,0.0
2026-08-13T10:30:00+02:00,0.0
2026-08-13T10:45:00+02:00,0.0
2026-08-13T11:00:00+02:00,0.0
2026-08-13T11:15:00+02:00,0.0
2026-08-13T11:30:00+02:00,0.0
2026-08-13T11:45:00+02:00,0.0
2026-08-13T12:00:00+02:00,0.0
2026-08-13T12:15:00+02:00,0.0
2026-08-13T12:30:00+02:00,0.0
2026-08-13T12:45:00+02:00,0.0
2026-08-13T13:00:00+02:00,0.0
2026-08-13T13:15:00+02:00,0.0
2026-08-13T13:30:00+02:00,0.0
2026-08-13T13:45:00+02:00,0.0
2026-08-13T14:00:00+02:00,0.0
2026-08-13T14:15:00+02:00,0.0
2026-08-13T14:30:00+02:00,0.0
2026-08-13T14:45:00+02:00,0.0
2026-08-13T15:00:00+02:00,0.0
2026-08-13T15:15:00+02:00,0.0
2026-08-13T15:30:00+02:00,0.0
2026-08-13T15:45:00+02:00,0.0
2026-08-13T16:00:00+02:00,0.0
2026-08-13T16:15:00+02:00,0.0
2026-08-13T16:30:00+02:00,0.0
2026-08-13T16:45:00+02:00,0.0
2026-08-13T17:00:00+02:00,0.0
2026-08-13T17:15:00+02:00,0.0
2026-08-13T17:30:00+02:00,2.24
2026-08-13T17:45:00+02:00,31.6
2026-08-13T18:00:00+02:00,38.08
2026-08-13T18:15:00+02:00,72.64
2026-08-13T18:30:00+02:00,125.12
2026-08-13T18:45:00+02:00,178.32
2026-08-13T19:00:00+02:00,201.92
2026-08-13T19:15:00+02:00,224.8
2026-08-13T19:30:00+02:00,222.64
2026-08-13T19:45:00+02:00,221.36
2026-08-13T20:00:00+02:00,232.0
2026-08-13T20:15:00+02:00,233.92
2026-08-13T20:30:00+02:00,208.56
2026-08-13T20:45:00+02:00,208.64
2026-08-13T21:00:00+02:00,201.6
2026-08-13T21:15:00+02:00,198.4
2026-08-13T21:30:00+02:00,185.2
2026-08-13T21:45:00+02:00,170.64
2026-08-13T22:00:00+02:00,158.8
2026-08-13T22:15:00+02:00,170.08
2026-08-13T22:30:00+02:00,174.72
2026-08-13T22:45:00+02:00,165.68
2026-08-13T23:00:00+02:00,154.0
2026-08-13T23:15:00+02:00,133.04
2026-08-13T23:30:00+02:00,140.48
2026-08-13T23:45:00+02:00,157.68
2026-08-14T00:00:00+02:00,135.12
2026-08-14T00:15:00+02:00,152.16
2026-08-14T00:30:00+02:00,160.4
2026-08-14T00:45:00+02:00,121.2
2026-08-14T01:00:00+02:00,129.44
2026-08-14T01:15:00+02:00,150.56
2026-08-14T01:30:00+02:00,153.04
2026-08-14T01:45:00+02:00,120.88
2026-08-14T02:00:00+02:00,142.72
2026-08-14T02:15:00+02:00,158.4
2026-08-14T02:30:00+02:00,138.96
2026-08-14T02:45:00+02:00,125.12
2026-08-14T03:00:00+02:00,113.92
2026-08-14T03:15:00+02:00,152.88
2026-08-14T03:30:00+02:00,156.0
2026-08-14T03:45:00+02:00,138.0
2026-08-14T04:00:00+02:00,156.16
2026-08-14T04:15:00+02:00,127.68
2026-08-14T04:30:00+02:00,128.48
2026-08-14T04:45:00+02:00,146.08
2026-08-14T05:00:00+02:00,166.08
2026-08-14T05:15:00+02:00,150.16
2026-08-14T05:30:00+02:00,161.6
2026-08-14T05:45:00+02:00,178.32
2026-08-14T06:00:00+02:00,180.08
2026-08-14T06:15:00+02:00,182.64
2026-08-14T06:30:00+02:00,178.16
2026-08-14T06:45:00+02:00,168.56
2026-08-14T07:00:00+02:00,166.32
2026-08-14T07:15:00+02:00,164.64
2026-08-14T07:30:00+02:00,161.68
2026-08-14T07:45:00+02:00,131.76
2026-08-14T08:00:00+02:00,127.44
2026-08-14T08:15:00+02:00,45.84
2026-08-14T08:30:00+02:00,6.72
2026-08-14T08:45:00+02:00,0.0
2026-08-14T09:00:00+02:00,0.0
2026-08-14T09:15:00+02:00,0.0
2026-08-14T09:30:00+02:00,0.0
2026-08-14T09:45:00+02:00,0.0
2026-08-14T10:00:00+02:00,0.0
2026-08-14T10:15:00+02:00,0.0
2026-08-14T10:30:00+02:00,0.0
2026-08-14T10:45:00+02:00,0.0
2026-08-14T11:00:00+02:00,0.0
2026-08-14T11:15:00+02:00,0.0
2026-08-14T11:30:00+02:00,0.0
2026-08-14T11:45:00+02:00,0.0
2026-08-14T12:00:00+02:00,0.0
2026-08-14T12:15:00+02:00,0.0
2026-08-14T12:30:00+02:00,0.0
2026-08-14T12:45:00+02:00,0.0
2026-08-14T13:00:00+02:00,0.0
2026-08-14T13:15:00+02:00,0.0
2026-08-14T13:30:00+02:00,0.0
2026-08-14T13:45:00+02:00,0.0
2026-08-14T14:00:00+02:00,0.0
2026-08-14T14:15:00+02:00,0.0
2026-08-14T14:30:00+02:00,0.0
2026-08-14T14:45:00+02:00,0.0
2026-08-14T15:00:00+02:00,0.0
2026-08-14T15:15:00+02:00,0.0
2026-08-14T15:30:00+02:00,0.0
2026-08-14T15:45:00+02:00,0.0
2026-08-14T16:00:00+02:00,0.0
2026-08-14T16:15:00+02:00,0.0
2026-08-14T16:30:00+02:00,0.0
2026-08-14T16:45:00+02:00,0.0
2026-08-14T17:00:00+02:00,0.0
2026-08-14T17:15:00+02:00,0.0
2026-08-14T17:30:00+02:00,0.0
2026-08-14T17:45:00+02:00,0.0
2026-08-14T18:00:00+02:00,22.8
2026-08-14T18:15:00+02:00,51.36
2026-08-14T18:30:00+02:00,70.0
2026-08-14T18:45:00+02:00,100.64
2026-08-14T19:00:00+02:00,139.92
2026-08-14T19:15:00+02:00,144.88
2026-08-14T19:30:00+02:00,148.4
2026-08-14T19:45:00+02:00,150.64
2026-08-14T20:00:00+02:00,152.24
2026-08-14T20:15:00+02:00,139.12
2026-08-14T20:30:00+02:00,136.56
2026-08-14T20:45:00+02:00,115.68
2026-08-14T21:00:00+02:00,95.28
2026-08-14T21:15:00+02:00,82.24
2026-08-14T21:30:00+02:00,60.56
2026-08-14T21:45:00+02:00,46.8
2026-08-14T22:00:00+02:00,46.32
2026-08-14T22:15:00+02:00,43.28
2026-08-14T22:30:00+02:00,44.08
2026-08-14T22:45:00+02:00,43.28
2026-08-14T23:00:00+02:00,40.48
2026-08-14T23:15:00+02:00,40.64
2026-08-14T23:30:00+02:00,40.48
2026-08-14T23:45:00+02:00,39.92
2026-08-15T00:00:00+02:00,45.92
2026-08-15T00:15:00+02:00,40.96
2026-08-15T00:30:00+02:00,39.76
2026-08-15T00:45:00+02:00,41.12
2026-08-15T01:00:00+02:00,40.72
2026-08-15T01:15:00+02:00,39.44
2026-08-15T01:30:00+02:00,38.0
2026-08-15T01:45:00+02:00,38.96
2026-08-15T02:00:00+02:00,39.6
2026-08-15T02:15:00+02:00,38.8
2026-08-15T02:30:00+02:00,39.92
2026-08-15T02:45:00+02:00,41.04
2026-08-15T03:00:00+02:00,40.32
2026-08-15T03:15:00+02:00,40.96
2026-08-15T03:30:00+02:00,43.04
2026-08-15T03:45:00+02:00,40.24
2026-08-15T04:00:00+02:00,39.84
2026-08-15T04:15:00+02:00,40.64
2026-08-15T04:30:00+02:00,36.72
2026-08-15T04:45:00+02:00,40.16
2026-08-15T05:00:00+02:00,37.92
2026-08-15T05:15:00+02:00,37.04
2026-08-15T05:30:00+02:00,38.08
2026-08-15T05:45:00+02:00,38.32
2026-08-15T06:00:00+02:00,41.04
2026-08-15T06:15:00+02:00,41.44
2026-08-15T06:30:00+02:00,33.92
2026-08-15T06:45:00+02:00,26.64
2026-08-15T07:00:00+02:00,17.44
2026-08-15T07:15:00+02:00,3.12
2026-08-15T07:30:00+02:00,0.0
2026-08-15T07:45:00+02:00,0.0
2026-08-15T08:00:00+02:00,0.0
2026-08-15T08:15:00+02:00,0.0
2026-08-15T08:30:00+02:00,0.0
2026-08-15T08:45:00+02:00,0.0
2026-08-15T09:00:00+02:00,0.0
2026-08-15T09:15:00+02:00,0.0
2026-08-15T09:30:00+02:00,0.0
2026-08-15T09:45:00+02:00,0.0
2026-08-15T10:00:00+02:00,0.0
2026-08-15T10:15:00+02:00,0.0
2026-08-15T10:30:00+02:00,0.0
2026-08-15T10:45:00+02:00,0.0
2026-08-15T11:00:00+02:00,0.0
2026-08-15T11:15:00+02:00,0.0
2026-08-15T11:30:00+02:00,0.0
2026-08-15T11:45:00+02:00,0.0
2026-08-15T12:00:00+02:00,0.0
2026-08-15T12:15:00+02:00,0.0
2026-08-15T12:30:00+02:00,0.0
2026-08-15T12:45:00+02:00,0.0
2026-08-15T13:00:00+02:00,0.0
2026-08-15T13:15:00+02:00,0.0
2026-08-15T13:30:00+02:00,0.0
2026-08-15T13:45:00+02:00,0.0
2026-08-15T14:00:00+02:00,0.0
2026-08-15T14:15:00+02:00,0.0
2026-08-15T14:30:00+02:00,0.0
2026-08-15T14:45:00+02:00,0.0
2026-08-15T15:00:00+02:00,0.0
2026-08-15T15:15:00+02:00,0.0
2026-08-15T15:30:00+02:00,0.0
2026-08-15T15:45:00+02:00,0.0
2026-08-15T16:00:00+02:00,0.0
2026-08-15T16:15:00+02:00,0.0
2026-08-15T16:30:00+02:00,0.0
2026-08-15T16:45:00+02:00,0.0
2026-08-15T17:00:00+02:00,0.0
2026-08-15T17:15:00+02:00,0.0
2026-08-15T17:30:00+02:00,0.0
2026-08-15T17:45:00+02:00,0.0
2026-08-15T18:00:00+02:00,0.0
2026-08-15T18:15:00+02:00,0.0
2026-08-15T18:30:00+02:00,0.0
2026-08-15T18:45:00+02:00,0.0
2026-08-15T19:00:00+02:00,0.0
2026-08-15T19:15:00+02:00,6.56
2026-08-15T19:30:00+02:00,19.92
2026-08-15T19:45:00+02:00,31.12
2026-08-15T20:00:00+02:00,38.48
2026-08-15T20:15:00+02:00,50.0
2026-08-15T20:30:00+02:00,53.76
2026-08-15T20:45:00+02:00,53.68
2026-08-15T21:00:00+02:00,54.16
2026-08-15T21:15:00+02:00,46.56
2026-08-15T21:30:00+02:00,43.84
2026-08-15T21:45:00+02:00,41.52
2026-08-15T22:00:00+02:00,43.52
2026-08-15T22:15:00+02:00,42.48
2026-08-15T22:30:00+02:00,43.2
2026-08-15T22:45:00+02:00,44.8
2026-08-15T23:00:00+02:00,41.2
2026-08-15T23:15:00+02:00,40.48
2026-08-15T23:30:00+02:00,42.0
2026-08-15T23:45:00+02:00,41.04
2026-08-16T00:00:00+02:00,40.88
2026-08-16T00:15:00+02:00,41.52
2026-08-16T00:30:00+02:00,40.64
2026-08-16T00:45:00+02:00,41.2
2026-08-16T01:00:00+02:00,37.04
2026-08-16T01:15:00+02:00,41.76
2026-08-16T01:30:00+02:00,38.24
2026-08-16T01:45:00+02:00,41.04
2026-08-16T02:00:00+02:00,38.08
2026-08-16T02:15:00+02:00,39.84
2026-08-16T02:30:00+02:00,39.52
2026-08-16T02:45:00+02:00,38.24
2026-08-16T03:00:00+02:00,40.72
2026-08-16T03:15:00+02:00,38.4
2026-08-16T03:30:00+02:00,38.16
2026-08-16T03:45:00+02:00,40.08
2026-08-16T04:00:00+02:00,38.0
2026-08-16T04:15:00+02:00,40.0
2026-08-16T04:30:00+02:00,38.96
2026-08-16T04:45:00+02:00,39.2
2026-08-16T05:00:00+02:00,40.4
2026-08-16T05:15:00+02:00,40.96
2026-08-16T05:30:00+02:00,43.12
2026-08-16T05:45:00+02:00,39.36
2026-08-16T06:00:00+02:00,39.76
2026-08-16T06:15:00+02:00,45.04
2026-08-16T06:30:00+02:00,40.0
2026-08-16T06:45:00+02:00,34.56
2026-08-16T07:00:00+02:00,23.76
2026-08-16T07:15:00+02:00,16.32
2026-08-16T07:30:00+02:00,0.48
2026-08-16T07:45:00+02:00,0.0
2026-08-16T08:00:00+02:00,0.0
2026-08-16T08:15:00+02:00,0.0
2026-08-16T08:30:00+02:00,0.0
2026-08-16T08:45:00+02:00,0.0
2026-08-16T09:00:00+02:00,0.0
2026-08-16T09:15:00+02:00,0.0
2026-08-16T09:30:00+02:00,0.0
2026-08-16T09:45:00+02:00,0.0
2026-08-16T10:00:00+02:00,0.0
2026-08-16T10:15:00+02:00,0.0
2026-08-16T10:30:00+02:00,0.0
2026-08-16T10:45:00+02:00,0.0
2026-08-16T11:00:00+02:00,0.0
2026-08-16T11:15:00+02:00,0.0
2026-08-16T11:30:00+02:00,0.0
2026-08-16T11:45:00+02:00,0.0
2026-08-16T12:00:00+02:00,0.0
2026-08-16T12:15:00+02:00,0.0
2026-08-16T12:30:00+02:00,0.0
2026-08-16T12:45:00+02:00,0.0
2026-08-16T13:00:00+02:00,0.0
2026-08-16T13:15:00+02:00,0.0
2026-08-16T13:30:00+02:00,0.0
2026-08-16T13:45:00+02:00,0.0
2026-08-16T14:00:00+02:00,0.0
2026-08-16T14:15:00+02:00,0.0
2026-08-16T14:30:00+02:00,0.0
2026-08-16T14:45:00+02:00,0.0
2026-08-16T15:00:00+02:00,0.0
2026-08-16T15:15:00+02:00,0.0
2026-08-16T15:30:00+02:00,0.0
2026-08-16T15:45:00+02:00,0.0
2026-08-16T16:00:00+02:00,0.0
2026-08-16T16:15:00+02:00,0.0
2026-08-16T16:30:00+02:00,0.0
2026-08-16T16:45:00+02:00,0.0
2026-08-16T17:00:00+02:00,0.0
2026-08-16T17:15:00+02:00,0.0
2026-08-16T17:30:00+02:00,0.0
2026-08-16T17:45:00+02:00,0.0
2026-08-16T18:00:00+02:00,0.0
2026-08-16T18:15:00+02:00,0.0
2026-08-16T18:30:00+02:00,0.0
2026-08-16T18:45:00+02:00,0.0
2026-08-16T19:00:00+02:00,0.0
2026-08-16T19:15:00+02:00,7.84
2026-08-16T19:30:00+02:00,16.48
2026-08-16T19:45:00+02:00,34.24
2026-08-16T20:00:00+02:00,47.36
2026-08-16T20:15:00+02:00,54.0
2026-08-16T20:30:00+02:00,56.48
2026-08-16T20:45:00+02:00,56.0
2026-08-16T21:00:00+02:00,51.28
2026-08-16T21:15:00+02:00,48.64
2026-08-16T21:30:00+02:00,45.04
2026-08-16T21:45:00+02:00,46.72
2026-08-16T22:00:00+02:00,45.28
2026-08-16T22:15:00+02:00,49.84
2026-08-16T22:30:00+02:00,44.32
2026-08-16T22:45:00+02:00,48.16
2026-08-16T23:00:00+02:00,43.92
2026-08-16T23:15:00+02:00,45.76
2026-08-16T23:30:00+02:00,44.24
2026-08-16T23:45:00+02:00,46.08
2026-08-17T00:00:00+02:00,49.44
2026-08-17T00:15:00+02:00,49.12
2026-08-17T00:30:00+02:00,49.2
2026-08-17T00:45:00+02:00,47.28
2026-08-17T01:00:00+02:00,49.28
2026-08-17T01:15:00+02:00,48.32
2026-08-17T01:30:00+02:00,48.08
2026-08-17T01:45:00+02:00,46.8
2026-08-17T02:00:00+02:00,45.12
2026-08-17T02:15:00+02:00,50.0
2026-08-17T02:30:00+02:00,45.12
2026-08-17T02:45:00+02:00,43.6
2026-08-17T03:00:00+02:00,42.4
2026-08-17T03:15:00+02:00,57.2
2026-08-17T03:30:00+02:00,64.4
2026-08-17T03:45:00+02:00,63.36
2026-08-17T04:00:00+02:00,64.96
2026-08-17T04:15:00+02:00,66.08
2026-08-17T04:30:00+02:00,71.12
2026-08-17T04:45:00+02:00,57.6
2026-08-17T05:00:00+02:00,56.24
2026-08-17T05:15:00+02:00,66.0
2026-08-17T05:30:00+02:00,108.8
2026-08-17T05:45:00+02:00,128.32
2026-08-17T06:00:00+02:00,155.76
2026-08-17T06:15:00+02:00,164.96
2026-08-17T06:30:00+02:00,180.56
2026-08-17T06:45:00+02:00,197.68
2026-08-17T07:00:00+02:00,205.68
2026-08-17T07:15:00+02:00,217.04
2026-08-17T07:30:00+02:00,180.8
2026-08-17T07:45:00+02:00,147.12
2026-08-17T08:00:00+02:00,162.24
2026-08-17T08:15:00+02:00,181.52
2026-08-17T08:30:00+02:00,58.4
2026-08-17T08:45:00+02:00,30.0
2026-08-17T09:00:00+02:00,33.36
2026-08-17T09:15:00+02:00,51.44
2026-08-17T09:30:00+02:00,114.32
2026-08-17T09:45:00+02:00,185.2
2026-08-17T10:00:00+02:00,243.44
2026-08-17T10:15:00+02:00,297.6
2026-08-17T10:30:00+02:00,246.88
2026-08-17T10:45:00+02:00,173.44
2026-08-17T11:00:00+02:00,204.8
2026-08-17T11:15:00+02:00,218.88
2026-08-17T11:30:00+02:00,125.36
2026-08-17T11:45:00+02:00,73.92
2026-08-17T12:00:00+02:00,1.2
2026-08-17T12:15:00+02:00,40.32
2026-08-17T12:30:00+02:00,48.64
2026-08-17T12:45:00+02:00,60.08
2026-08-17T13:00:00+02:00,90.48
2026-08-17T13:15:00+02:00,126.08
2026-08-17T13:30:00+02:00,245.2
2026-08-17T13:45:00+02:00,280.88
2026-08-17T14:00:00+02:00,287.2
2026-08-17T14:15:00+02:00,258.32
2026-08-17T14:30:00+02:00,224.0
2026-08-17T14:45:00+02:00,182.56
2026-08-17T15:00:00+02:00,157.76
2026-08-17T15:15:00+02:00,137.68
2026-08-17T15:30:00+02:00,148.32
2026-08-17T15:45:00+02:00,121.52
2026-08-17T16:00:00+02:00,109.2
2026-08-17T16:15:00+02:00,75.92
2026-08-17T16:30:00+02:00,148.4
2026-08-17T16:45:00+02:00,191.92
2026-08-17T17:00:00+02:00,185.84
2026-08-17T17:15:00+02:00,212.96
2026-08-17T17:30:00+02:00,196.8
2026-08-17T17:45:00+02:00,108.8
2026-08-17T18:00:00+02:00,74.88
2026-08-17T18:15:00+02:00,140.8
2026-08-17T18:30:00+02:00,121.6
2026-08-17T18:45:00+02:00,100.88
2026-08-17T19:00:00+02:00,94.32
2026-08-17T19:15:00+02:00,158.8
2026-08-17T19:30:00+02:00,180.56
2026-08-17T19:45:00+02:00,188.72
2026-08-17T20:00:00+02:00,195.2
2026-08-17T20:15:00+02:00,211.68
2026-08-17T20:30:00+02:00,208.56
2026-08-17T20:45:00+02:00,201.76
2026-08-17T21:00:00+02:00,180.56
2026-08-17T21:15:00+02:00,106.96
2026-08-17T21:30:00+02:00,127.6
2026-08-17T21:45:00+02:00,134.96
2026-08-17T22:00:00+02:00,150.08
2026-08-17T22:15:00+02:00,172.32
2026-08-17T22:30:00+02:00,170.56
2026-08-17T22:45:00+02:00,157.44
2026-08-17T23:00:00+02:00,137.68
2026-08-17T23:15:00+02:00,151.36
2026-08-17T23:30:00+02:00,158.64
2026-08-17T23:45:00+02:00,153.6
2026-08-18T00:00:00+02:00,149.6
2026-08-18T00:15:00+02:00,138.24
2026-08-18T00:30:00+02:00,150.88
2026-08-18T00:45:00+02:00,142.16
2026-08-18T01:00:00+02:00,161.52
2026-08-18T01:15:00+02:00,159.68
2026-08-18T01:30:00+02:00,156.88
2026-08-18T01:45:00+02:00,165.28
2026-08-18T02:00:00+02:00,190.0
2026-08-18T02:15:00+02:00,170.8
2026-08-18T02:30:00+02:00,161.04
2026-08-18T02:45:00+02:00,174.4
2026-08-18T03:00:00+02:00,170.32
2026-08-18T03:15:00+02:00,176.4
2026-08-18T03:30:00+02:00,178.64
2026-08-18T03:45:00+02:00,193.36
2026-08-18T04:00:00+02:00,171.28
2026-08-18T04:15:00+02:00,156.56
2026-08-18T04:30:00+02:00,178.56
2026-08-18T04:45:00+02:00,171.44
2026-08-18T05:00:00+02:00,168.96
2026-08-18T05:15:00+02:00,169.2
2026-08-18T05:30:00+02:00,147.12
2026-08-18T05:45:00+02:00,163.84
2026-08-18T06:00:00+02:00,164.96
2026-08-18T06:15:00+02:00,187.12
2026-08-18T06:30:00+02:00,191.04
2026-08-18T06:45:00+02:00,207.2
2026-08-18T07:00:00+02:00,217.36
2026-08-18T07:15:00+02:00,236.56
2026-08-18T07:30:00+02:00,244.32
2026-08-18T07:45:00+02:00,254.48
2026-08-18T08:00:00+02:00,261.76
2026-08-18T08:15:00+02:00,289.2
2026-08-18T08:30:00+02:00,276.8
2026-08-18T08:45:00+02:00,249.28
2026-08-18T09:00:00+02:00,247.2
2026-08-18T09:15:00+02:00,265.84
2026-08-18T09:30:00+02:00,260.96
2026-08-18T09:45:00+02:00,248.24
2026-08-18T10:00:00+02:00,247.44
2026-08-18T10:15:00+02:00,268.88
2026-08-18T10:30:00+02:00,262.32
2026-08-18T10:45:00+02:00,242.88
2026-08-18T11:00:00+02:00,252.96
2026-08-18T11:15:00+02:00,234.8
2026-08-18T11:30:00+02:00,255.28
2026-08-18T11:45:00+02:00,238.0
2026-08-18T12:00:00+02:00,246.72
2026-08-18T12:15:00+02:00,247.12
2026-08-18T12:30:00+02:00,255.44
2026-08-18T12:45:00+02:00,272.16
2026-08-18T13:00:00+02:00,272.64
2026-08-18T13:15:00+02:00,260.32
2026-08-18T13:30:00+02:00,256.56
2026-08-18T13:45:00+02:00,278.72
2026-08-18T14:00:00+02:00,246.8
2026-08-18T14:15:00+02:00,228.0
2026-08-18T14:30:00+02:00,238.0
2026-08-18T14:45:00+02:00,243.28
2026-08-18T15:00:00+02:00,220.96
2026-08-18T15:15:00+02:00,190.24
2026-08-18T15:30:00+02:00,181.68
2026-08-18T15:45:00+02:00,197.28
2026-08-18T16:00:00+02:00,209.36
2026-08-18T16:15:00+02:00,188.32
2026-08-18T16:30:00+02:00,209.68
2026-08-18T16:45:00+02:00,189.28
2026-08-18T17:00:00+02:00,197.12
2026-08-18T17:15:00+02:00,224.56
2026-08-18T17:30:00+02:00,194.56
2026-08-18T17:45:00+02:00,177.84
2026-08-18T18:00:00+02:00,203.04
2026-08-18T18:15:00+02:00,188.8
2026-08-18T18:30:00+02:00,208.32
2026-08-18T18:45:00+02:00,192.48
2026-08-18T19:00:00+02:00,185.68
2026-08-18T19:15:00+02:00,177.92
2026-08-18T19:30:00+02:00,212.4
2026-08-18T19:45:00+02:00,188.56
2026-08-18T20:00:00+02:00,182.16
2026-08-18T20:15:00+02:00,183.28
2026-08-18T20:30:00+02:00,163.12
2026-08-18T20:45:00+02:00,204.24
2026-08-18T21:00:00+02:00,204.8
2026-08-18T21:15:00+02:00,204.64
2026-08-18T21:30:00+02:00,208.4
2026-08-18T21:45:00+02:00,201.28
2026-08-18T22:00:00+02:00,191.6
2026-08-18T22:15:00+02:00,196.0
2026-08-18T22:30:00+02:00,219.28
2026-08-18T22:45:00+02:00,207.12
2026-08-18T23:00:00+02:00,203.12
2026-08-18T23:15:00+02:00,181.6
2026-08-18T23:30:00+02:00,171.84
2026-08-18T23:45:00+02:00,159.2
2026-08-19T00:00:00+02:00,140.32
2026-08-19T00:15:00+02:00,158.64
2026-08-19T00:30:00+02:00,155.76
2026-08-19T00:45:00+02:00,170.88
2026-08-19T01:00:00+02:00,162.16
2026-08-19T01:15:00+02:00,189.36
2026-08-19T01:30:00+02:00,181.76
2026-08-19T01:45:00+02:00,159.28
2026-08-19T02:00:00+02:00,173.36
2026-08-19T02:15:00+02:00,211.36
2026-08-19T02:30:00+02:00,178.24
2026-08-19T02:45:00+02:00,172.32
2026-08-19T03:00:00+02:00,161.76
2026-08-19T03:15:00+02:00,181.84
2026-08-19T03:30:00+02:00,173.76
2026-08-19T03:45:00+02:00,133.6
2026-08-19T04:00:00+02:00,138.16
2026-08-19T04:15:00+02:00,190.16
2026-08-19T04:30:00+02:00,190.16
2026-08-19T04:45:00+02:00,195.36
2026-08-19T05:00:00+02:00,210.8
2026-08-19T05:15:00+02:00,199.2
2026-08-19T05:30:00+02:00,170.32
2026-08-19T05:45:00+02:00,197.84
2026-08-19T06:00:00+02:00,222.08
2026-08-19T06:15:00+02:00,246.4
2026-08-19T06:30:00+02:00,257.12
2026-08-19T06:45:00+02:00,234.72
2026-08-19T07:00:00+02:00,254.48
2026-08-19T07:15:00+02:00,249.2
2026-08-19T07:30:00+02:00,234.56
2026-08-19T07:45:00+02:00,231.68
2026-08-19T08:00:00+02:00,246.32
2026-08-19T08:15:00+02:00,252.96
2026-08-19T08:30:00+02:00,274.16
2026-08-19T08:45:00+02:00,270.48
2026-08-19T09:00:00+02:00,271.76
2026-08-19T09:15:00+02:00,266.88
2026-08-19T09:30:00+02:00,239.04
2026-08-19T09:45:00+02:00,273.36
2026-08-19T10:00:00+02:00,314.88
2026-08-19T10:15:00+02:00,312.32
2026-08-19T10:30:00+02:00,301.52
2026-08-19T10:45:00+02:00,301.12
2026-08-19T11:00:00+02:00,307.44
2026-08-19T11:15:00+02:00,316.0
2026-08-19T11:30:00+02:00,326.4
2026-08-19T11:45:00+02:00,334.88
2026-08-19T12:00:00+02:00,334.08
2026-08-19T12:15:00+02:00,322.8
2026-08-19T12:30:00+02:00,321.36
2026-08-19T12:45:00+02:00,308.48
2026-08-19T13:00:00+02:00,250.4
2026-08-19T13:15:00+02:00,162.0
2026-08-19T13:30:00+02:00,151.2
2026-08-19T13:45:00+02:00,143.6
2026-08-19T14:00:00+02:00,125.04
2026-08-19T14:15:00+02:00,112.32
2026-08-19T14:30:00+02:00,111.04
2026-08-19T14:45:00+02:00,122.8
2026-08-19T15:00:00+02:00,133.76
2026-08-19T15:15:00+02:00,121.12
2026-08-19T15:30:00+02:00,155.28
2026-08-19T15:45:00+02:00,61.04
2026-08-19T16:00:00+02:00,0.0
2026-08-19T16:15:00+02:00,0.0
2026-08-19T16:30:00+02:00,0.0
2026-08-19T16:45:00+02:00,0.0
2026-08-19T17:00:00+02:00,0.0
2026-08-19T17:15:00+02:00,0.48
2026-08-19T17:30:00+02:00,5.44
2026-08-19T17:45:00+02:00,27.36
2026-08-19T18:00:00+02:00,86.0
2026-08-19T18:15:00+02:00,121.2
2026-08-19T18:30:00+02:00,160.72
2026-08-19T18:45:00+02:00,196.72
2026-08-19T19:00:00+02:00,241.76
2026-08-19T19:15:00+02:00,257.92
2026-08-19T19:30:00+02:00,240.24
2026-08-19T19:45:00+02:00,244.16
2026-08-19T20:00:00+02:00,268.48
2026-08-19T20:15:00+02:00,275.04
2026-08-19T20:30:00+02:00,253.76
2026-08-19T20:45:00+02:00,267.84
2026-08-19T21:00:00+02:00,272.72
2026-08-19T21:15:00+02:00,278.08
2026-08-19T21:30:00+02:00,278.56
2026-08-19T21:45:00+02:00,264.96
2026-08-19T22:00:00+02:00,253.68
2026-08-19T22:15:00+02:00,253.12
2026-08-19T22:30:00+02:00,226.72
2026-08-19T22:45:00+02:00,236.88
2026-08-19T23:00:00+02:00,232.32
2026-08-19T23:15:00+02:00,215.52
2026-08-19T23:30:00+02:00,211.04
2026-08-19T23:45:00+02:00,229.2
2026-08-20T00:00:00+02:00,239.84
2026-08-20T00:15:00+02:00,240.72
2026-08-20T00:30:00+02:00,232.64
2026-08-20T00:45:00+02:00,248.0
2026-08-20T01:00:00+02:00,225.44
2026-08-20T01:15:00+02:00,213.04
2026-08-20T01:30:00+02:00,236.4
2026-08-20T01:45:00+02:00,222.56
2026-08-20T02:00:00+02:00,220.32
2026-08-20T02:15:00+02:00,197.92
2026-08-20T02:30:00+02:00,211.12
2026-08-20T02:45:00+02:00,203.28
2026-08-20T03:00:00+02:00,201.76
2026-08-20T03:15:00+02:00,192.64
2026-08-20T03:30:00+02:00,216.64
2026-08-20T03:45:00+02:00,234.08
2026-08-20T04:00:00+02:00,218.64
2026-08-20T04:15:00+02:00,217.28
2026-08-20T04:30:00+02:00,199.68
2026-08-20T04:45:00+02:00,207.52
2026-08-20T05:00:00+02:00,222.08
2026-08-20T05:15:00+02:00,230.24
2026-08-20T05:30:00+02:00,186.08
2026-08-20T05:45:00+02:00,117.92
2026-08-20T06:00:00+02:00,142.64
2026-08-20T06:15:00+02:00,155.28
2026-08-20T06:30:00+02:00,156.88
2026-08-20T06:45:00+02:00,155.52
2026-08-20T07:00:00+02:00,197.44
2026-08-20T07:15:00+02:00,134.48
2026-08-20T07:30:00+02:00,142.72
2026-08-20T07:45:00+02:00,124.88
2026-08-20T08:00:00+02:00,108.08
2026-08-20T08:15:00+02:00,168.8
2026-08-20T08:30:00+02:00,56.96
2026-08-20T08:45:00+02:00,11.52
2026-08-20T09:00:00+02:00,0.0
2026-08-20T09:15:00+02:00,37.04
2026-08-20T09:30:00+02:00,30.8
2026-08-20T09:45:00+02:00,59.52
2026-08-20T10:00:00+02:00,28.88
2026-08-20T10:15:00+02:00,0.0
2026-08-20T10:30:00+02:00,0.0
2026-08-20T10:45:00+02:00,0.0
2026-08-20T11:00:00+02:00,0.4
2026-08-20T11:15:00+02:00,40.96
2026-08-20T11:30:00+02:00,78.96
2026-08-20T11:45:00+02:00,35.36
2026-08-20T12:00:00+02:00,3.28
2026-08-20T12:15:00+02:00,80.0
2026-08-20T12:30:00+02:00,151.68
2026-08-20T12:45:00+02:00,172.24
2026-08-20T13:00:00+02:00,192.8
2026-08-20T13:15:00+02:00,131.12
2026-08-20T13:30:00+02:00,156.72
2026-08-20T13:45:00+02:00,176.72
2026-08-20T14:00:00+02:00,186.72
2026-08-20T14:15:00+02:00,222.48
2026-08-20T14:30:00+02:00,239.12
2026-08-20T14:45:00+02:00,203.6
2026-08-20T15:00:00+02:00,220.0
2026-08-20T15:15:00+02:00,125.12
2026-08-20T15:30:00+02:00,15.28
2026-08-20T15:45:00+02:00,103.92
2026-08-20T16:00:00+02:00,152.96
2026-08-20T16:15:00+02:00,174.88
2026-08-20T16:30:00+02:00,134.88
2026-08-20T16:45:00+02:00,126.96
2026-08-20T17:00:00+02:00,109.2
2026-08-20T17:15:00+02:00,90.16
2026-08-20T17:30:00+02:00,113.04
2026-08-20T17:45:00+02:00,163.28
2026-08-20T18:00:00+02:00,169.36
2026-08-20T18:15:00+02:00,207.84
2026-08-20T18:30:00+02:00,240.24
2026-08-20T18:45:00+02:00,194.88
2026-08-20T19:00:00+02:00,201.68
2026-08-20T19:15:00+02:00,207.84
2026-08-20T19:30:00+02:00,217.68
2026-08-20T19:45:00+02:00,231.28
2026-08-20T20:00:00+02:00,251.68
2026-08-20T20:15:00+02:00,239.2
2026-08-20T20:30:00+02:00,207.92
2026-08-20T20:45:00+02:00,212.64
2026-08-20T21:00:00+02:00,234.32
2026-08-20T21:15:00+02:00,230.4
2026-08-20T21:30:00+02:00,229.84
2026-08-20T21:45:00+02:00,245.6
2026-08-20T22:00:00+02:00,222.48
2026-08-20T22:15:00+02:00,209.84
2026-08-20T22:30:00+02:00,213.2
2026-08-20T22:45:00+02:00,202.08
2026-08-20T23:00:00+02:00,193.04
2026-08-20T23:15:00+02:00,201.68
2026-08-20T23:30:00+02:00,214.88
2026-08-20T23:45:00+02:00,205.68
2026-08-21T00:00:00+02:00,179.68
2026-08-21T00:15:00+02:00,160.16
2026-08-21T00:30:00+02:00,195.6
2026-08-21T00:45:00+02:00,212.32
2026-08-21T01:00:00+02:00,200.96
2026-08-21T01:15:00+02:00,183.12
2026-08-21T01:30:00+02:00,185.84
2026-08-21T01:45:00+02:00,185.04
2026-08-21T02:00:00+02:00,193.52
2026-08-21T02:15:00+02:00,205.76
2026-08-21T02:30:00+02:00,213.68
2026-08-21T02:45:00+02:00,161.6
2026-08-21T03:00:00+02:00,158.24
2026-08-21T03:15:00+02:00,168.08
2026-08-21T03:30:00+02:00,186.88
2026-08-21T03:45:00+02:00,197.2
2026-08-21T04:00:00+02:00,166.0
2026-08-21T04:15:00+02:00,167.92
2026-08-21T04:30:00+02:00,189.04
2026-08-21T04:45:00+02:00,176.0
2026-08-21T05:00:00+02:00,200.96
2026-08-21T05:15:00+02:00,200.48
2026-08-21T05:30:00+02:00,185.44
2026-08-21T05:45:00+02:00,225.04
2026-08-21T06:00:00+02:00,195.6
2026-08-21T06:15:00+02:00,214.72
2026-08-21T06:30:00+02:00,214.56
2026-08-21T06:45:00+02:00,211.36
2026-08-21T07:00:00+02:00,214.16
2026-08-21T07:15:00+02:00,208.8
2026-08-21T07:30:00+02:00,196.72
2026-08-21T07:45:00+02:00,174.48
2026-08-21T08:00:00+02:00,134.56
2026-08-21T08:15:00+02:00,96.56
2026-08-21T08:30:00+02:00,86.32
2026-08-21T08:45:00+02:00,75.12
2026-08-21T09:00:00+02:00,7.92
2026-08-21T09:15:00+02:00,1.36
2026-08-21T09:30:00+02:00,34.48
2026-08-21T09:45:00+02:00,59.44
2026-08-21T10:00:00+02:00,33.84
2026-08-21T10:15:00+02:00,67.12
2026-08-21T10:30:00+02:00,57.92
2026-08-21T10:45:00+02:00,95.04
2026-08-21T11:00:00+02:00,104.16
2026-08-21T11:15:00+02:00,116.08
2026-08-21T11:30:00+02:00,97.2
2026-08-21T11:45:00+02:00,156.8
2026-08-21T12:00:00+02:00,107.6
2026-08-21T12:15:00+02:00,60.96
2026-08-21T12:30:00+02:00,68.88
2026-08-21T12:45:00+02:00,96.08
2026-08-21T13:00:00+02:00,101.28
2026-08-21T13:15:00+02:00,95.92
2026-08-21T13:30:00+02:00,84.0
2026-08-21T13:45:00+02:00,81.76
2026-08-21T14:00:00+02:00,84.72
2026-08-21T14:15:00+02:00,64.88
2026-08-21T14:30:00+02:00,92.08
2026-08-21T14:45:00+02:00,126.64
2026-08-21T15:00:00+02:00,101.2
2026-08-21T15:15:00+02:00,73.6
2026-08-21T15:30:00+02:00,84.16
2026-08-21T15:45:00+02:00,103.76
2026-08-21T16:00:00+02:00,128.88
2026-08-21T16:15:00+02:00,115.36
2026-08-21T16:30:00+02:00,122.72
2026-08-21T16:45:00+02:00,143.84
2026-08-21T17:00:00+02:00,158.32
2026-08-21T17:15:00+02:00,131.84
2026-08-21T17:30:00+02:00,99.04
2026-08-21T17:45:00+02:00,131.36
2026-08-21T18:00:00+02:00,123.92
2026-08-21T18:15:00+02:00,106.4
2026-08-21T18:30:00+02:00,107.2
2026-08-21T18:45:00+02:00,87.76
2026-08-21T19:00:00+02:00,87.04
2026-08-21T19:15:00+02:00,62.0
2026-08-21T19:30:00+02:00,67.12
2026-08-21T19:45:00+02:00,77.36
2026-08-21T20:00:00+02:00,62.72
2026-08-21T20:15:00+02:00,65.52
2026-08-21T20:30:00+02:00,64.8
2026-08-21T20:45:00+02:00,62.72
2026-08-21T21:00:00+02:00,46.8
2026-08-21T21:15:00+02:00,42.48
2026-08-21T21:30:00+02:00,39.52
2026-08-21T21:45:00+02:00,40.48
2026-08-21T22:00:00+02:00,40.32
2026-08-21T22:15:00+02:00,40.8
2026-08-21T22:30:00+02:00,41.44
2026-08-21T22:45:00+02:00,38.16
2026-08-21T23:00:00+02:00,38.48
2026-08-21T23:15:00+02:00,38.56
2026-08-21T23:30:00+02:00,37.12
2026-08-21T23:45:00+02:00,36.96
2026-08-22T00:00:00+02:00,37.44
2026-08-22T00:15:00+02:00,40.48
2026-08-22T00:30:00+02:00,38.56
2026-08-22T00:45:00+02:00,37.04
2026-08-22T01:00:00+02:00,37.36
2026-08-22T01:15:00+02:00,39.12
2026-08-22T01:30:00+02:00,41.12
2026-08-22T01:45:00+02:00,38.24
2026-08-22T02:00:00+02:00,37.36
2026-08-22T02:15:00+02:00,37.84
2026-08-22T02:30:00+02:00,39.68
2026-08-22T02:45:00+02:00,36.48
2026-08-22T03:00:00+02:00,33.44
2026-08-22T03:15:00+02:00,36.88
2026-08-22T03:30:00+02:00,39.84
2026-08-22T03:45:00+02:00,40.24
2026-08-22T04:00:00+02:00,40.88
2026-08-22T04:15:00+02:00,40.8
2026-08-22T04:30:00+02:00,39.68
2026-08-22T04:45:00+02:00,38.72
2026-08-22T05:00:00+02:00,38.48
2026-08-22T05:15:00+02:00,37.36
2026-08-22T05:30:00+02:00,34.0
2026-08-22T05:45:00+02:00,34.8
2026-08-22T06:00:00+02:00,38.32
2026-08-22T06:15:00+02:00,39.12
2026-08-22T06:30:00+02:00,34.08
2026-08-22T06:45:00+02:00,22.24
2026-08-22T07:00:00+02:00,9.52
2026-08-22T07:15:00+02:00,0.0
2026-08-22T07:30:00+02:00,0.0
2026-08-22T07:45:00+02:00,0.0
2026-08-22T08:00:00+02:00,0.0
2026-08-22T08:15:00+02:00,0.0
2026-08-22T08:30:00+02:00,0.0
2026-08-22T08:45:00+02:00,0.0
2026-08-22T09:00:00+02:00,0.0
2026-08-22T09:15:00+02:00,0.0
2026-08-22T09:30:00+02:00,0.0
2026-08-22T09:45:00+02:00,0.0
2026-08-22T10:00:00+02:00,0.0
2026-08-22T10:15:00+02:00,0.0
2026-08-22T10:30:00+02:00,0.0
2026-08-22T10:45:00+02:00,0.0
2026-08-22T11:00:00+02:00,0.0
2026-08-22T11:15:00+02:00,0.0
2026-08-22T11:30:00+02:00,0.0
2026-08-22T11:45:00+02:00,0.0
2026-08-22T12:00:00+02:00,0.0
2026-08-22T12:15:00+02:00,0.0
2026-08-22T12:30:00+02:00,0.0
2026-08-22T12:45:00+02:00,0.0
2026-08-22T13:00:00+02:00,0.0
2026-08-22T13:15:00+02:00,0.0
2026-08-22T13:30:00+02:00,0.0
2026-08-22T13:45:00+02:00,0.0
2026-08-22T14:00:00+02:00,0.0
2026-08-22T14:15:00+02:00,0.0
2026-08-22T14:30:00+02:00,0.0
2026-08-22T14:45:00+02:00,0.0
2026-08-22T15:00:00+02:00,0.0
2026-08-22T15:15:00+02:00,0.0
2026-08-22T15:30:00+02:00,0.0
2026-08-22T15:45:00+02:00,0.0
2026-08-22T16:00:00+02:00,0.0
2026-08-22T16:15:00+02:00,0.0
2026-08-22T16:30:00+02:00,0.0
2026-08-22T16:45:00+02:00,0.0
2026-08-22T17:00:00+02:00,0.0
2026-08-22T17:15:00+02:00,0.0
2026-08-22T17:30:00+02:00,0.0
2026-08-22T17:45:00+02:00,0.0
2026-08-22T18:00:00+02:00,0.0
2026-08-22T18:15:00+02:00,0.0
2026-08-22T18:30:00+02:00,0.32
2026-08-22T18:45:00+02:00,0.0
2026-08-22T19:00:00+02:00,0.0
2026-08-22T19:15:00+02:00,0.32
2026-08-22T19:30:00+02:00,15.76
2026-08-22T19:45:00+02:00,23.28
2026-08-22T20:00:00+02:00,28.0
2026-08-22T20:15:00+02:00,32.24
2026-08-22T20:30:00+02:00,42.24
2026-08-22T20:45:00+02:00,41.04
2026-08-22T21:00:00+02:00,37.92
2026-08-22T21:15:00+02:00,35.28
2026-08-22T21:30:00+02:00,34.56
2026-08-22T21:45:00+02:00,35.92
2026-08-22T22:00:00+02:00,38.32
2026-08-22T22:15:00+02:00,36.64
2026-08-22T22:30:00+02:00,37.84
2026-08-22T22:45:00+02:00,36.96
2026-08-22T23:00:00+02:00,31.52
2026-08-22T23:15:00+02:00,32.32
2026-08-22T23:30:00+02:00,36.48
2026-08-22T23:45:00+02:00,37.52
2026-08-23T00:00:00+02:00,36.0
2026-08-23T00:15:00+02:00,35.04
2026-08-23T00:30:00+02:00,35.76
2026-08-23T00:45:00+02:00,37.2
2026-08-23T01:00:00+02:00,34.88
2026-08-23T01:15:00+02:00,33.36
2026-08-23T01:30:00+02:00,31.68
2026-08-23T01:45:00+02:00,33.2
2026-08-23T02:00:00+02:00,35.04
2026-08-23T02:15:00+02:00,34.96
2026-08-23T02:30:00+02:00,35.28
2026-08-23T02:45:00+02:00,36.88
2026-08-23T03:00:00+02:00,31.52
2026-08-23T03:15:00+02:00,32.72
2026-08-23T03:30:00+02:00,37.36
2026-08-23T03:45:00+02:00,38.48
2026-08-23T04:00:00+02:00,35.52
2026-08-23T04:15:00+02:00,36.16
2026-08-23T04:30:00+02:00,37.2
2026-08-23T04:45:00+02:00,34.88
2026-08-23T05:00:00+02:00,31.76
2026-08-23T05:15:00+02:00,32.56
2026-08-23T05:30:00+02:00,34.88
2026-08-23T05:45:00+02:00,35.6
2026-08-23T06:00:00+02:00,36.8
2026-08-23T06:15:00+02:00,38.32
2026-08-23T06:30:00+02:00,31.44
2026-08-23T06:45:00+02:00,20.16
2026-08-23T07:00:00+02:00,9.92
2026-08-23T07:15:00+02:00,0.16
2026-08-23T07:30:00+02:00,0.0
2026-08-23T07:45:00+02:00,0.0
2026-08-23T08:00:00+02:00,0.0
2026-08-23T08:15:00+02:00,0.0
2026-08-23T08:30:00+02:00,0.0
2026-08-23T08:45:00+02:00,0.0
2026-08-23T09:00:00+02:00,0.0
2026-08-23T09:15:00+02:00,0.0
2026-08-23T09:30:00+02:00,0.0
2026-08-23T09:45:00+02:00,0.0
2026-08-23T10:00:00+02:00,0.0
2026-08-23T10:15:00+02:00,0.0
2026-08-23T10:30:00+02:00,0.0
2026-08-23T10:45:00+02:00,0.0
2026-08-23T11:00:00+02:00,0.0
2026-08-23T11:15:00+02:00,0.0
2026-08-23T11:30:00+02:00,0.0
2026-08-23T11:45:00+02:00,0.0
2026-08-23T12:00:00+02:00,0.0
2026-08-23T12:15:00+02:00,0.0
2026-08-23T12:30:00+02:00,0.0
2026-08-23T12:45:00+02:00,0.0
2026-08-23T13:00:00+02:00,0.0
2026-08-23T13:15:00+02:00,0.0
2026-08-23T13:30:00+02:00,0.0
2026-08-23T13:45:00+02:00,0.0
2026-08-23T14:00:00+02:00,0.0
2026-08-23T14:15:00+02:00,0.0
2026-08-23T14:30:00+02:00,0.0
2026-08-23T14:45:00+02:00,0.0
2026-08-23T15:00:00+02:00,0.0
2026-08-23T15:15:00+02:00,0.0
2026-08-23T15:30:00+02:00,0.0
2026-08-23T15:45:00+02:00,0.0
2026-08-23T16:00:00+02:00,0.0
2026-08-23T16:15:00+02:00,0.0
2026-08-23T16:30:00+02:00,0.0
2026-08-23T16:45:00+02:00,0.0
2026-08-23T17:00:00+02:00,0.0
2026-08-23T17:15:00+02:00,0.0
2026-08-23T17:30:00+02:00,0.0
2026-08-23T17:45:00+02:00,0.0
2026-08-23T18:00:00+02:00,0.0
2026-08-23T18:15:00+02:00,0.0
2026-08-23T18:30:00+02:00,0.0
2026-08-23T18:45:00+02:00,0.08
2026-08-23T19:00:00+02:00,5.36
2026-08-23T19:15:00+02:00,11.2
2026-08-23T19:30:00+02:00,11.6
2026-08-23T19:45:00+02:00,18.08
2026-08-23T20:00:00+02:00,31.04
2026-08-23T20:15:00+02:00,34.08
2026-08-23T20:30:00+02:00,38.8
2026-08-23T20:45:00+02:00,37.28
2026-08-23T21:00:00+02:00,43.36
2026-08-23T21:15:00+02:00,40.56
2026-08-23T21:30:00+02:00,37.76
2026-08-23T21:45:00+02:00,37.2
2026-08-23T22:00:00+02:00,36.32
2026-08-23T22:15:00+02:00,41.68
2026-08-23T22:30:00+02:00,42.8
2026-08-23T22:45:00+02:00,44.16
2026-08-23T23:00:00+02:00,39.6
2026-08-23T23:15:00+02:00,41.52
2026-08-23T23:30:00+02:00,38.32
2026-08-23T23:45:00+02:00,38.32
2026-08-24T00:00:00+02:00,38.56
2026-08-24T00:15:00+02:00,42.08
2026-08-24T00:30:00+02:00,42.64
2026-08-24T00:45:00+02:00,41.84
2026-08-24T01:00:00+02:00,40.96
2026-08-24T01:15:00+02:00,42.4
2026-08-24T01:30:00+02:00,41.76
2026-08-24T01:45:00+02:00,39.84
2026-08-24T02:00:00+02:00,38.4
2026-08-24T02:15:00+02:00,42.64
2026-08-24T02:30:00+02:00,44.16
2026-08-24T02:45:00+02:00,38.72
2026-08-24T03:00:00+02:00,42.88
2026-08-24T03:15:00+02:00,47.28
2026-08-24T03:30:00+02:00,47.28
2026-08-24T03:45:00+02:00,45.04
2026-08-24T04:00:00+02:00,46.24
2026-08-24T04:15:00+02:00,49.44
2026-08-24T04:30:00+02:00,52.0
2026-08-24T04:45:00+02:00,52.32
2026-08-24T05:00:00+02:00,54.0
2026-08-24T05:15:00+02:00,53.04
2026-08-24T05:30:00+02:00,89.76
2026-08-24T05:45:00+02:00,116.72
2026-08-24T06:00:00+02:00,131.76
2026-08-24T06:15:00+02:00,160.8
2026-08-24T06:30:00+02:00,182.32
2026-08-24T06:45:00+02:00,169.76
2026-08-24T07:00:00+02:00,164.0
2026-08-24T07:15:00+02:00,207.12
2026-08-24T07:30:00+02:00,162.88
2026-08-24T07:45:00+02:00,121.68
2026-08-24T08:00:00+02:00,144.16
2026-08-24T08:15:00+02:00,102.96
2026-08-24T08:30:00+02:00,69.92
2026-08-24T08:45:00+02:00,60.96
2026-08-24T09:00:00+02:00,2.08
2026-08-24T09:15:00+02:00,0.64
2026-08-24T09:30:00+02:00,0.0
2026-08-24T09:45:00+02:00,0.0
2026-08-24T10:00:00+02:00,0.0
2026-08-24T10:15:00+02:00,0.0
2026-08-24T10:30:00+02:00,0.0
2026-08-24T10:45:00+02:00,0.0
2026-08-24T11:00:00+02:00,0.0
2026-08-24T11:15:00+02:00,0.0
2026-08-24T11:30:00+02:00,0.0
2026-08-24T11:45:00+02:00,0.0
2026-08-24T12:00:00+02:00,0.0
2026-08-24T12:15:00+02:00,0.0
2026-08-24T12:30:00+02:00,0.0
2026-08-24T12:45:00+02:00,0.0
2026-08-24T13:00:00+02:00,0.0
2026-08-24T13:15:00+02:00,0.0
2026-08-24T13:30:00+02:00,0.0
2026-08-24T13:45:00+02:00,0.0
2026-08-24T14:00:00+02:00,0.0
2026-08-24T14:15:00+02:00,0.0
2026-08-24T14:30:00+02:00,0.0
2026-08-24T14:45:00+02:00,0.0
2026-08-24T15:00:00+02:00,0.0
2026-08-24T15:15:00+02:00,0.0
2026-08-24T15:30:00+02:00,0.0
2026-08-24T15:45:00+02:00,0.0
2026-08-24T16:00:00+02:00,0.0
2026-08-24T16:15:00+02:00,0.0
2026-08-24T16:30:00+02:00,0.0
2026-08-24T16:45:00+02:00,24.32
2026-08-24T17:00:00+02:00,0.0
2026-08-24T17:15:00+02:00,0.0
2026-08-24T17:30:00+02:00,64.16
2026-08-24T17:45:00+02:00,34.72
2026-08-24T18:00:00+02:00,44.56
2026-08-24T18:15:00+02:00,37.2
2026-08-24T18:30:00+02:00,102.24
2026-08-24T18:45:00+02:00,166.72
2026-08-24T19:00:00+02:00,188.8
2026-08-24T19:15:00+02:00,199.12
2026-08-24T19:30:00+02:00,229.52
2026-08-24T19:45:00+02:00,250.56
2026-08-24T20:00:00+02:00,237.84
2026-08-24T20:15:00+02:00,273.04
2026-08-24T20:30:00+02:00,282.16
2026-08-24T20:45:00+02:00,265.28
2026-08-24T21:00:00+02:00,212.96
2026-08-24T21:15:00+02:00,216.32
2026-08-24T21:30:00+02:00,254.24
2026-08-24T21:45:00+02:00,221.2
2026-08-24T22:00:00+02:00,179.6
2026-08-24T22:15:00+02:00,192.48
2026-08-24T22:30:00+02:00,167.6
2026-08-24T22:45:00+02:00,188.0
2026-08-24T23:00:00+02:00,147.6
2026-08-24T23:15:00+02:00,191.76
2026-08-24T23:30:00+02:00,239.68
2026-08-24T23:45:00+02:00,167.76
2026-08-25T00:00:00+02:00,153.44
2026-08-25T00:15:00+02:00,147.44
2026-08-25T00:30:00+02:00,170.56
2026-08-25T00:45:00+02:00,241.92
2026-08-25T01:00:00+02:00,216.32
2026-08-25T01:15:00+02:00,191.6
2026-08-25T01:30:00+02:00,201.44
2026-08-25T01:45:00+02:00,192.48
2026-08-25T02:00:00+02:00,192.88
2026-08-25T02:15:00+02:00,159.76
2026-08-25T02:30:00+02:00,133.52
2026-08-25T02:45:00+02:00,182.32
2026-08-25T03:00:00+02:00,158.32
2026-08-25T03:15:00+02:00,219.92
2026-08-25T03:30:00+02:00,197.12
2026-08-25T03:45:00+02:00,153.84
2026-08-25T04:00:00+02:00,181.68
2026-08-25T04:15:00+02:00,190.96
2026-08-25T04:30:00+02:00,144.4
2026-08-25T04:45:00+02:00,139.6
2026-08-25T05:00:00+02:00,133.2
2026-08-25T05:15:00+02:00,144.32
2026-08-25T05:30:00+02:00,178.32
2026-08-25T05:45:00+02:00,181.84
2026-08-25T06:00:00+02:00,183.04
2026-08-25T06:15:00+02:00,192.4
2026-08-25T06:30:00+02:00,243.92
2026-08-25T06:45:00+02:00,238.08
2026-08-25T07:00:00+02:00,233.6
2026-08-25T07:15:00+02:00,279.6
2026-08-25T07:30:00+02:00,219.28
2026-08-25T07:45:00+02:00,229.28
2026-08-25T08:00:00+02:00,212.56
2026-08-25T08:15:00+02:00,236.8
2026-08-25T08:30:00+02:00,231.84
2026-08-25T08:45:00+02:00,303.76
2026-08-25T09:00:00+02:00,278.88
2026-08-25T09:15:00+02:00,223.2
2026-08-25T09:30:00+02:00,185.12
2026-08-25T09:45:00+02:00,81.92
2026-08-25T10:00:00+02:00,47.6
2026-08-25T10:15:00+02:00,124.0
2026-08-25T10:30:00+02:00,176.24
2026-08-25T10:45:00+02:00,231.6
2026-08-25T11:00:00+02:00,200.24
2026-08-25T11:15:00+02:00,210.64
2026-08-25T11:30:00+02:00,258.4
2026-08-25T11:45:00+02:00,232.16
2026-08-25T12:00:00+02:00,238.72
2026-08-25T12:15:00+02:00,213.04
2026-08-25T12:30:00+02:00,242.32
2026-08-25T12:45:00+02:00,197.36
2026-08-25T13:00:00+02:00,175.84
2026-08-25T13:15:00+02:00,234.08
2026-08-25T13:30:00+02:00,183.76
2026-08-25T13:45:00+02:00,203.76
2026-08-25T14:00:00+02:00,273.6
2026-08-25T14:15:00+02:00,264.56
2026-08-25T14:30:00+02:00,188.64
2026-08-25T14:45:00+02:00,162.0
2026-08-25T15:00:00+02:00,205.36
2026-08-25T15:15:00+02:00,192.0
2026-08-25T15:30:00+02:00,263.52
2026-08-25T15:45:00+02:00,268.16
2026-08-25T16:00:00+02:00,270.48
2026-08-25T16:15:00+02:00,206.88
2026-08-25T16:30:00+02:00,135.52
2026-08-25T16:45:00+02:00,87.36
2026-08-25T17:00:00+02:00,69.44
2026-08-25T17:15:00+02:00,76.24
2026-08-25T17:30:00+02:00,112.8
2026-08-25T17:45:00+02:00,117.76
2026-08-25T18:00:00+02:00,156.0
2026-08-25T18:15:00+02:00,107.76
2026-08-25T18:30:00+02:00,169.68
2026-08-25T18:45:00+02:00,200.72
2026-08-25T19:00:00+02:00,227.68
2026-08-25T19:15:00+02:00,259.92
2026-08-25T19:30:00+02:00,206.48
2026-08-25T19:45:00+02:00,198.16
2026-08-25T20:00:00+02:00,201.44
2026-08-25T20:15:00+02:00,283.76
2026-08-25T20:30:00+02:00,266.16
2026-08-25T20:45:00+02:00,269.92
2026-08-25T21:00:00+02:00,251.44
2026-08-25T21:15:00+02:00,233.84
2026-08-25T21:30:00+02:00,256.24
2026-08-25T21:45:00+02:00,258.96
2026-08-25T22:00:00+02:00,266.24
2026-08-25T22:15:00+02:00,255.44
2026-08-25T22:30:00+02:00,240.32
2026-08-25T22:45:00+02:00,237.04
2026-08-25T23:00:00+02:00,239.76
2026-08-25T23:15:00+02:00,243.44
2026-08-25T23:30:00+02:00,233.6
2026-08-25T23:45:00+02:00,165.44
2026-08-26T00:00:00+02:00,184.24
2026-08-26T00:15:00+02:00,217.2
2026-08-26T00:30:00+02:00,197.52
2026-08-26T00:45:00+02:00,193.76
2026-08-26T01:00:00+02:00,217.12
2026-08-26T01:15:00+02:00,227.28
2026-08-26T01:30:00+02:00,242.08
2026-08-26T01:45:00+02:00,224.24
2026-08-26T02:00:00+02:00,236.64
2026-08-26T02:15:00+02:00,213.28
2026-08-26T02:30:00+02:00,200.08
2026-08-26T02:45:00+02:00,136.08
2026-08-26T03:00:00+02:00,118.0
2026-08-26T03:15:00+02:00,135.68
2026-08-26T03:30:00+02:00,152.4
2026-08-26T03:45:00+02:00,170.8
2026-08-26T04:00:00+02:00,187.2
2026-08-26T04:15:00+02:00,158.72
2026-08-26T04:30:00+02:00,143.12
2026-08-26T04:45:00+02:00,206.08
2026-08-26T05:00:00+02:00,173.52
2026-08-26T05:15:00+02:00,191.52
2026-08-26T05:30:00+02:00,172.24
2026-08-26T05:45:00+02:00,239.28
2026-08-26T06:00:00+02:00,260.16
2026-08-26T06:15:00+02:00,262.64
2026-08-26T06:30:00+02:00,241.12
2026-08-26T06:45:00+02:00,219.76
2026-08-26T07:00:00+02:00,255.2
2026-08-26T07:15:00+02:00,212.08
2026-08-26T07:30:00+02:00,191.68
2026-08-26T07:45:00+02:00,153.28
2026-08-26T08:00:00+02:00,172.96
2026-08-26T08:15:00+02:00,163.76
2026-08-26T08:30:00+02:00,199.2
2026-08-26T08:45:00+02:00,197.84
2026-08-26T09:00:00+02:00,147.36
2026-08-26T09:15:00+02:00,130.24
2026-08-26T09:30:00+02:00,99.04
2026-08-26T09:45:00+02:00,17.36
2026-08-26T10:00:00+02:00,23.92
2026-08-26T10:15:00+02:00,43.44
2026-08-26T10:30:00+02:00,2.16
2026-08-26T10:45:00+02:00,0.0
2026-08-26T11:00:00+02:00,49.76
2026-08-26T11:15:00+02:00,216.32
2026-08-26T11:30:00+02:00,161.12
2026-08-26T11:45:00+02:00,149.12
2026-08-26T12:00:00+02:00,89.92
2026-08-26T12:15:00+02:00,193.28
2026-08-26T12:30:00+02:00,160.32
2026-08-26T12:45:00+02:00,36.72
2026-08-26T13:00:00+02:00,85.44
2026-08-26T13:15:00+02:00,0.0
2026-08-26T13:30:00+02:00,0.0
2026-08-26T13:45:00+02:00,0.0
2026-08-26T14:00:00+02:00,0.0
2026-08-26T14:15:00+02:00,0.0
2026-08-26T14:30:00+02:00,0.0
2026-08-26T14:45:00+02:00,0.0
2026-08-26T15:00:00+02:00,0.0
2026-08-26T15:15:00+02:00,0.0
2026-08-26T15:30:00+02:00,0.0
2026-08-26T15:45:00+02:00,0.0
2026-08-26T16:00:00+02:00,0.0
2026-08-26T16:15:00+02:00,0.0
2026-08-26T16:30:00+02:00,0.0
2026-08-26T16:45:00+02:00,62.72
2026-08-26T17:00:00+02:00,62.0
2026-08-26T17:15:00+02:00,48.56
2026-08-26T17:30:00+02:00,3.52
2026-08-26T17:45:00+02:00,117.36
2026-08-26T18:00:00+02:00,103.2
2026-08-26T18:15:00+02:00,152.72
2026-08-26T18:30:00+02:00,145.6
2026-08-26T18:45:00+02:00,210.8
2026-08-26T19:00:00+02:00,165.28
2026-08-26T19:15:00+02:00,177.84
2026-08-26T19:30:00+02:00,202.08
2026-08-26T19:45:00+02:00,226.64
2026-08-26T20:00:00+02:00,216.72
2026-08-26T20:15:00+02:00,265.76
2026-08-26T20:30:00+02:00,231.44
2026-08-26T20:45:00+02:00,230.8
2026-08-26T21:00:00+02:00,214.0
2026-08-26T21:15:00+02:00,230.96
2026-08-26T21:30:00+02:00,237.12
2026-08-26T21:45:00+02:00,187.52
2026-08-26T22:00:00+02:00,188.4
2026-08-26T22:15:00+02:00,184.8
2026-08-26T22:30:00+02:00,222.64
2026-08-26T22:45:00+02:00,176.48
2026-08-26T23:00:00+02:00,192.0
2026-08-26T23:15:00+02:00,151.44
2026-08-26T23:30:00+02:00,181.84
2026-08-26T23:45:00+02:00,185.12
2026-08-27T00:00:00+02:00,136.48
2026-08-27T00:15:00+02:00,158.32
2026-08-27T00:30:00+02:00,151.04
2026-08-27T00:45:00+02:00,153.76
2026-08-27T01:00:00+02:00,180.4
2026-08-27T01:15:00+02:00,181.84
2026-08-27T01:30:00+02:00,138.96
2026-08-27T01:45:00+02:00,167.12
2026-08-27T02:00:00+02:00,159.52
2026-08-27T02:15:00+02:00,179.2
2026-08-27T02:30:00+02:00,216.32
2026-08-27T02:45:00+02:00,197.28
2026-08-27T03:00:00+02:00,141.2
2026-08-27T03:15:00+02:00,145.04
2026-08-27T03:30:00+02:00,201.84
2026-08-27T03:45:00+02:00,215.44
2026-08-27T04:00:00+02:00,203.12
2026-08-27T04:15:00+02:00,162.72
2026-08-27T04:30:00+02:00,171.44
2026-08-27T04:45:00+02:00,206.24
2026-08-27T05:00:00+02:00,202.4
2026-08-27T05:15:00+02:00,156.08
2026-08-27T05:30:00+02:00,184.96
2026-08-27T05:45:00+02:00,235.2
2026-08-27T06:00:00+02:00,155.28
2026-08-27T06:15:00+02:00,179.52
2026-08-27T06:30:00+02:00,211.36
2026-08-27T06:45:00+02:00,213.28
2026-08-27T07:00:00+02:00,190.16
2026-08-27T07:15:00+02:00,232.48
2026-08-27T07:30:00+02:00,263.44
2026-08-27T07:45:00+02:00,220.4
2026-08-27T08:00:00+02:00,124.48
2026-08-27T08:15:00+02:00,90.56
2026-08-27T08:30:00+02:00,66.24
2026-08-27T08:45:00+02:00,65.84
2026-08-27T09:00:00+02:00,55.12
2026-08-27T09:15:00+02:00,11.52
2026-08-27T09:30:00+02:00,0.0
2026-08-27T09:45:00+02:00,6.4
2026-08-27T10:00:00+02:00,0.0
2026-08-27T10:15:00+02:00,0.0
2026-08-27T10:30:00+02:00,0.0
2026-08-27T10:45:00+02:00,0.64
2026-08-27T11:00:00+02:00,16.8
2026-08-27T11:15:00+02:00,23.68
2026-08-27T11:30:00+02:00,0.0
2026-08-27T11:45:00+02:00,3.68
2026-08-27T12:00:00+02:00,0.0
2026-08-27T12:15:00+02:00,0.0
2026-08-27T12:30:00+02:00,0.0
2026-08-27T12:45:00+02:00,0.0
2026-08-27T13:00:00+02:00,0.0
2026-08-27T13:15:00+02:00,0.0
2026-08-27T13:30:00+02:00,0.0
2026-08-27T13:45:00+02:00,0.0
2026-08-27T14:00:00+02:00,0.0
2026-08-27T14:15:00+02:00,0.0
2026-08-27T14:30:00+02:00,0.0
2026-08-27T14:45:00+02:00,0.0
2026-08-27T15:00:00+02:00,0.0
2026-08-27T15:15:00+02:00,0.0
2026-08-27T15:30:00+02:00,0.0
2026-08-27T15:45:00+02:00,0.0
2026-08-27T16:00:00+02:00,0.0
2026-08-27T16:15:00+02:00,52.48
2026-08-27T16:30:00+02:00,74.72
2026-08-27T16:45:00+02:00,110.88
2026-08-27T17:00:00+02:00,106.56
2026-08-27T17:15:00+02:00,119.52
2026-08-27T17:30:00+02:00,114.8
2026-08-27T17:45:00+02:00,192.16
2026-08-27T18:00:00+02:00,189.04
2026-08-27T18:15:00+02:00,198.48
2026-08-27T18:30:00+02:00,230.16
2026-08-27T18:45:00+02:00,219.28
2026-08-27T19:00:00+02:00,274.08
2026-08-27T19:15:00+02:00,253.76
2026-08-27T19:30:00+02:00,281.28
2026-08-27T19:45:00+02:00,261.12
2026-08-27T20:00:00+02:00,268.64
2026-08-27T20:15:00+02:00,323.04
2026-08-27T20:30:00+02:00,282.24
2026-08-27T20:45:00+02:00,297.52
2026-08-27T21:00:00+02:00,310.64
2026-08-27T21:15:00+02:00,290.64
2026-08-27T21:30:00+02:00,264.24
2026-08-27T21:45:00+02:00,217.2
2026-08-27T22:00:00+02:00,205.28
2026-08-27T22:15:00+02:00,236.56
2026-08-27T22:30:00+02:00,272.16
2026-08-27T22:45:00+02:00,246.72
2026-08-27T23:00:00+02:00,229.44
2026-08-27T23:15:00+02:00,242.08
2026-08-27T23:30:00+02:00,250.0
2026-08-27T23:45:00+02:00,234.88
2026-08-28T00:00:00+02:00,238.4
2026-08-28T00:15:00+02:00,235.2
2026-08-28T00:30:00+02:00,214.72
2026-08-28T00:45:00+02:00,227.76
2026-08-28T01:00:00+02:00,212.32
2026-08-28T01:15:00+02:00,208.24
2026-08-28T01:30:00+02:00,220.72
2026-08-28T01:45:00+02:00,211.04
2026-08-28T02:00:00+02:00,216.24
2026-08-28T02:15:00+02:00,240.72
2026-08-28T02:30:00+02:00,200.96
2026-08-28T02:45:00+02:00,223.12
2026-08-28T03:00:00+02:00,219.84
2026-08-28T03:15:00+02:00,225.68
2026-08-28T03:30:00+02:00,211.6
2026-08-28T03:45:00+02:00,231.28
2026-08-28T04:00:00+02:00,200.0
2026-08-28T04:15:00+02:00,199.84
2026-08-28T04:30:00+02:00,162.72
2026-08-28T04:45:00+02:00,164.32
2026-08-28T05:00:00+02:00,193.68
2026-08-28T05:15:00+02:00,188.64
2026-08-28T05:30:00+02:00,184.0
2026-08-28T05:45:00+02:00,174.48
2026-08-28T06:00:00+02:00,177.12
2026-08-28T06:15:00+02:00,249.68
2026-08-28T06:30:00+02:00,212.88
2026-08-28T06:45:00+02:00,203.76
2026-08-28T07:00:00+02:00,186.0
2026-08-28T07:15:00+02:00,191.28
2026-08-28T07:30:00+02:00,128.4
2026-08-28T07:45:00+02:00,115.76
2026-08-28T08:00:00+02:00,153.76
2026-08-28T08:15:00+02:00,109.6
2026-08-28T08:30:00+02:00,81.44
2026-08-28T08:45:00+02:00,69.28
2026-08-28T09:00:00+02:00,8.64
2026-08-28T09:15:00+02:00,20.16
2026-08-28T09:30:00+02:00,0.0
2026-08-28T09:45:00+02:00,15.44
2026-08-28T10:00:00+02:00,16.48
2026-08-28T10:15:00+02:00,19.44
2026-08-28T10:30:00+02:00,125.28
2026-08-28T10:45:00+02:00,23.28
2026-08-28T11:00:00+02:00,0.0
2026-08-28T11:15:00+02:00,0.0
2026-08-28T11:30:00+02:00,0.0
2026-08-28T11:45:00+02:00,0.0
2026-08-28T12:00:00+02:00,0.0
2026-08-28T12:15:00+02:00,3.52
2026-08-28T12:30:00+02:00,16.88
2026-08-28T12:45:00+02:00,49.76
2026-08-28T13:00:00+02:00,0.0
2026-08-28T13:15:00+02:00,0.0
2026-08-28T13:30:00+02:00,112.96
2026-08-28T13:45:00+02:00,251.28
2026-08-28T14:00:00+02:00,188.72
2026-08-28T14:15:00+02:00,144.72
2026-08-28T14:30:00+02:00,144.56
2026-08-28T14:45:00+02:00,229.04
2026-08-28T15:00:00+02:00,93.6
2026-08-28T15:15:00+02:00,156.32
2026-08-28T15:30:00+02:00,129.84
2026-08-28T15:45:00+02:00,216.72
2026-08-28T16:00:00+02:00,242.72
2026-08-28T16:15:00+02:00,275.92
2026-08-28T16:30:00+02:00,264.24
2026-08-28T16:45:00+02:00,258.32
2026-08-28T17:00:00+02:00,226.32
2026-08-28T17:15:00+02:00,109.76
2026-08-28T17:30:00+02:00,225.52
2026-08-28T17:45:00+02:00,101.52
2026-08-28T18:00:00+02:00,64.96
2026-08-28T18:15:00+02:00,63.76
2026-08-28T18:30:00+02:00,127.68
2026-08-28T18:45:00+02:00,155.12
2026-08-28T19:00:00+02:00,162.88
2026-08-28T19:15:00+02:00,125.52
2026-08-28T19:30:00+02:00,163.12
2026-08-28T19:45:00+02:00,155.6
2026-08-28T20:00:00+02:00,134.8
2026-08-28T20:15:00+02:00,117.04
2026-08-28T20:30:00+02:00,100.48
2026-08-28T20:45:00+02:00,90.72
2026-08-28T21:00:00+02:00,71.36
2026-08-28T21:15:00+02:00,54.56
2026-08-28T21:30:00+02:00,49.2
2026-08-28T21:45:00+02:00,51.12
2026-08-28T22:00:00+02:00,47.36
2026-08-28T22:15:00+02:00,46.24
2026-08-28T22:30:00+02:00,46.24
2026-08-28T22:45:00+02:00,42.64
2026-08-28T23:00:00+02:00,42.32
2026-08-28T23:15:00+02:00,41.04
2026-08-28T23:30:00+02:00,43.92
2026-08-28T23:45:00+02:00,43.2
2026-08-29T00:00:00+02:00,43.04
2026-08-29T00:15:00+02:00,43.92
2026-08-29T00:30:00+02:00,39.92
2026-08-29T00:45:00+02:00,40.64
2026-08-29T01:00:00+02:00,37.84
2026-08-29T01:15:00+02:00,40.96
2026-08-29T01:30:00+02:00,38.24
2026-08-29T01:45:00+02:00,40.56
2026-08-29T02:00:00+02:00,40.16
2026-08-29T02:15:00+02:00,40.56
2026-08-29T02:30:00+02:00,41.84
2026-08-29T02:45:00+02:00,40.88
2026-08-29T03:00:00+02:00,38.8
2026-08-29T03:15:00+02:00,40.64
2026-08-29T03:30:00+02:00,39.04
2026-08-29T03:45:00+02:00,41.28
2026-08-29T04:00:00+02:00,38.96
2026-08-29T04:15:00+02:00,39.68
2026-08-29T04:30:00+02:00,39.84
2026-08-29T04:45:00+02:00,40.08
2026-08-29T05:00:00+02:00,36.24
2026-08-29T05:15:00+02:00,38.0
2026-08-29T05:30:00+02:00,40.8
2026-08-29T05:45:00+02:00,40.08
2026-08-29T06:00:00+02:00,40.8
2026-08-29T06:15:00+02:00,46.64
2026-08-29T06:30:00+02:00,54.48
2026-08-29T06:45:00+02:00,47.52
2026-08-29T07:00:00+02:00,41.28
2026-08-29T07:15:00+02:00,32.56
2026-08-29T07:30:00+02:00,11.2
2026-08-29T07:45:00+02:00,13.12
2026-08-29T08:00:00+02:00,4.8
2026-08-29T08:15:00+02:00,0.0
2026-08-29T08:30:00+02:00,0.0
2026-08-29T08:45:00+02:00,0.0
2026-08-29T09:00:00+02:00,0.0
2026-08-29T09:15:00+02:00,0.0
2026-08-29T09:30:00+02:00,0.0
2026-08-29T09:45:00+02:00,0.0
2026-08-29T10:00:00+02:00,0.0
2026-08-29T10:15:00+02:00,0.0
2026-08-29T10:30:00+02:00,0.0
2026-08-29T10:45:00+02:00,0.0
2026-08-29T11:00:00+02:00,0.0
2026-08-29T11:15:00+02:00,0.0
2026-08-29T11:30:00+02:00,0.0
2026-08-29T11:45:00+02:00,0.0
2026-08-29T12:00:00+02:00,0.0
2026-08-29T12:15:00+02:00,0.0
2026-08-29T12:30:00+02:00,0.0
2026-08-29T12:45:00+02:00,0.0
2026-08-29T13:00:00+02:00,0.0
2026-08-29T13:15:00+02:00,0.0
2026-08-29T13:30:00+02:00,0.0
2026-08-29T13:45:00+02:00,0.0
2026-08-29T14:00:00+02:00,0.0
2026-08-29T14:15:00+02:00,0.0
2026-08-29T14:30:00+02:00,0.0
2026-08-29T14:45:00+02:00,0.0
2026-08-29T15:00:00+02:00,0.0
2026-08-29T15:15:00+02:00,0.0
2026-08-29T15:30:00+02:00,0.0
2026-08-29T15:45:00+02:00,0.0
2026-08-29T16:00:00+02:00,0.0
2026-08-29T16:15:00+02:00,0.0
2026-08-29T16:30:00+02:00,0.0
2026-08-29T16:45:00+02:00,0.0
2026-08-29T17:00:00+02:00,0.0
2026-08-29T17:15:00+02:00,0.0
2026-08-29T17:30:00+02:00,0.0
2026-08-29T17:45:00+02:00,0.0
2026-08-29T18:00:00+02:00,0.0
2026-08-29T18:15:00+02:00,0.0
2026-08-29T18:30:00+02:00,0.0
2026-08-29T18:45:00+02:00,0.0
2026-08-29T19:00:00+02:00,0.0
2026-08-29T19:15:00+02:00,1.36
2026-08-29T19:30:00+02:00,14.16
2026-08-29T19:45:00+02:00,30.0
2026-08-29T20:00:00+02:00,36.4
2026-08-29T20:15:00+02:00,40.8
2026-08-29T20:30:00+02:00,40.32
2026-08-29T20:45:00+02:00,40.96
2026-08-29T21:00:00+02:00,38.96
2026-08-29T21:15:00+02:00,40.0
2026-08-29T21:30:00+02:00,37.92
2026-08-29T21:45:00+02:00,40.64
2026-08-29T22:00:00+02:00,39.36
2026-08-29T22:15:00+02:00,42.24
2026-08-29T22:30:00+02:00,39.04
2026-08-29T22:45:00+02:00,37.2
2026-08-29T23:00:00+02:00,35.6
2026-08-29T23:15:00+02:00,38.56
2026-08-29T23:30:00+02:00,38.16
2026-08-29T23:45:00+02:00,37.04
2026-08-30T00:00:00+02:00,37.04
2026-08-30T00:15:00+02:00,37.68
2026-08-30T00:30:00+02:00,36.56
2026-08-30T00:45:00+02:00,38.08
2026-08-30T01:00:00+02:00,37.52
2026-08-30T01:15:00+02:00,37.76
2026-08-30T01:30:00+02:00,33.6
2026-08-30T01:45:00+02:00,35.28
2026-08-30T02:00:00+02:00,33.92
2026-08-30T02:15:00+02:00,38.0
2026-08-30T02:30:00+02:00,37.52
2026-08-30T02:45:00+02:00,36.48
2026-08-30T03:00:00+02:00,36.24
2026-08-30T03:15:00+02:00,36.64
2026-08-30T03:30:00+02:00,36.72
2026-08-30T03:45:00+02:00,35.2
2026-08-30T04:00:00+02:00,34.4
2026-08-30T04:15:00+02:00,35.2
2026-08-30T04:30:00+02:00,39.2
2026-08-30T04:45:00+02:00,40.32
2026-08-30T05:00:00+02:00,39.52
2026-08-30T05:15:00+02:00,37.44
2026-08-30T05:30:00+02:00,36.48
2026-08-30T05:45:00+02:00,38.64
2026-08-30T06:00:00+02:00,34.72
2026-08-30T06:15:00+02:00,36.48
2026-08-30T06:30:00+02:00,35.28
2026-08-30T06:45:00+02:00,30.32
2026-08-30T07:00:00+02:00,20.0
2026-08-30T07:15:00+02:00,10.8
2026-08-30T07:30:00+02:00,0.24
2026-08-30T07:45:00+02:00,0.0
2026-08-30T08:00:00+02:00,0.0
2026-08-30T08:15:00+02:00,0.0
2026-08-30T08:30:00+02:00,0.0
2026-08-30T08:45:00+02:00,0.0
2026-08-30T09:00:00+02:00,0.0
2026-08-30T09:15:00+02:00,0.0
2026-08-30T09:30:00+02:00,0.0
2026-08-30T09:45:00+02:00,0.0
2026-08-30T10:00:00+02:00,0.0
2026-08-30T10:15:00+02:00,0.0
2026-08-30T10:30:00+02:00,0.0
2026-08-30T10:45:00+02:00,0.0
2026-08-30T11:00:00+02:00,0.0
2026-08-30T11:15:00+02:00,0.0
2026-08-30T11:30:00+02:00,0.0
2026-08-30T11:45:00+02:00,0.0
2026-08-30T12:00:00+02:00,0.0
2026-08-30T12:15:00+02:00,0.0
2026-08-30T12:30:00+02:00,0.0
2026-08-30T12:45:00+02:00,0.0
2026-08-30T13:00:00+02:00,0.0
2026-08-30T13:15:00+02:00,0.0
2026-08-30T13:30:00+02:00,0.0
2026-08-30T13:45:00+02:00,0.0
2026-08-30T14:00:00+02:00,0.0
2026-08-30T14:15:00+02:00,0.0
2026-08-30T14:30:00+02:00,0.0
2026-08-30T14:45:00+02:00,0.0
2026-08-30T15:00:00+02:00,0.0
2026-08-30T15:15:00+02:00,0.0
2026-08-30T15:30:00+02:00,0.0
2026-08-30T15:45:00+02:00,0.0
2026-08-30T16:00:00+02:00,0.0
2026-08-30T16:15:00+02:00,0.0
2026-08-30T16:30:00+02:00,0.0
2026-08-30T16:45:00+02:00,0.0
2026-08-30T17:00:00+02:00,0.0
2026-08-30T17:15:00+02:00,0.0
2026-08-30T17:30:00+02:00,0.0
2026-08-30T17:45:00+02:00,0.0
2026-08-30T18:00:00+02:00,0.0
2026-08-30T18:15:00+02:00,0.0
2026-08-30T18:30:00+02:00,0.0
2026-08-30T18:45:00+02:00,0.0
2026-08-30T19:00:00+02:00,0.0
2026-08-30T19:15:00+02:00,0.0
2026-08-30T19:30:00+02:00,9.04
2026-08-30T19:45:00+02:00,29.6
2026-08-30T20:00:00+02:00,39.12
2026-08-30T20:15:00+02:00,42.96
2026-08-30T20:30:00+02:00,42.96
2026-08-30T20:45:00+02:00,44.08
2026-08-30T21:00:00+02:00,46.16
2026-08-30T21:15:00+02:00,43.76
2026-08-30T21:30:00+02:00,42.4
2026-08-30T21:45:00+02:00,42.0
2026-08-30T22:00:00+02:00,44.8
2026-08-30T22:15:00+02:00,43.92
2026-08-30T22:30:00+02:00,44.0
2026-08-30T22:45:00+02:00,43.04
2026-08-30T23:00:00+02:00,41.76
2026-08-30T23:15:00+02:00,41.92
2026-08-30T23:30:00+02:00,38.8
2026-08-30T23:45:00+02:00,43.92
2026-08-31T00:00:00+02:00,46.88
2026-08-31T00:15:00+02:00,47.2
2026-08-31T00:30:00+02:00,44.48
2026-08-31T00:45:00+02:00,45.52
2026-08-31T01:00:00+02:00,44.72
2026-08-31T01:15:00+02:00,45.28
2026-08-31T01:30:00+02:00,44.24
2026-08-31T01:45:00+02:00,44.88
2026-08-31T02:00:00+02:00,41.84
2026-08-31T02:15:00+02:00,43.6
2026-08-31T02:30:00+02:00,41.6
2026-08-31T02:45:00+02:00,41.2
2026-08-31T03:00:00+02:00,41.28
2026-08-31T03:15:00+02:00,48.64
2026-08-31T03:30:00+02:00,48.88
2026-08-31T03:45:00+02:00,50.56
2026-08-31T04:00:00+02:00,48.8
2026-08-31T04:15:00+02:00,52.48
2026-08-31T04:30:00+02:00,54.8
2026-08-31T04:45:00+02:00,59.2
2026-08-31T05:00:00+02:00,59.76
2026-08-31T05:15:00+02:00,62.56
2026-08-31T05:30:00+02:00,92.08
2026-08-31T05:45:00+02:00,127.04
2026-08-31T06:00:00+02:00,156.4
2026-08-31T06:15:00+02:00,213.36
2026-08-31T06:30:00+02:00,216.4
2026-08-31T06:45:00+02:00,199.44
2026-08-31T07:00:00+02:00,220.72
2026-08-31T07:15:00+02:00,210.4
2026-08-31T07:30:00+02:00,191.04
2026-08-31T07:45:00+02:00,134.24
2026-08-31T08:00:00+02:00,184.96
2026-08-31T08:15:00+02:00,180.72
2026-08-31T08:30:00+02:00,225.68
2026-08-31T08:45:00+02:00,199.2
2026-08-31T09:00:00+02:00,246.8
2026-08-31T09:15:00+02:00,205.2
2026-08-31T09:30:00+02:00,192.8
2026-08-31T09:45:00+02:00,119.44
2026-08-31T10:00:00+02:00,141.12
2026-08-31T10:15:00+02:00,136.48
2026-08-31T10:30:00+02:00,0.88
2026-08-31T10:45:00+02:00,75.12
2026-08-31T11:00:00+02:00,66.16
2026-08-31T11:15:00+02:00,4.24
2026-08-31T11:30:00+02:00,0.0
2026-08-31T11:45:00+02:00,0.0
2026-08-31T12:00:00+02:00,0.0
2026-08-31T12:15:00+02:00,8.72
2026-08-31T12:30:00+02:00,56.88
2026-08-31T12:45:00+02:00,178.0
2026-08-31T13:00:00+02:00,68.32
2026-08-31T13:15:00+02:00,113.12
2026-08-31T13:30:00+02:00,31.52
2026-08-31T13:45:00+02:00,83.36
2026-08-31T14:00:00+02:00,80.0
2026-08-31T14:15:00+02:00,2.08
2026-08-31T14:30:00+02:00,2.8
2026-08-31T14:45:00+02:00,83.2
2026-08-31T15:00:00+02:00,8.88
2026-08-31T15:15:00+02:00,0.0
2026-08-31T15:30:00+02:00,15.92
2026-08-31T15:45:00+02:00,59.04
2026-08-31T16:00:00+02:00,153.36
2026-08-31T16:15:00+02:00,111.04
2026-08-31T16:30:00+02:00,119.36
2026-08-31T16:45:00+02:00,181.92
2026-08-31T17:00:00+02:00,226.4
2026-08-31T17:15:00+02:00,248.16
2026-08-31T17:30:00+02:00,252.4
2026-08-31T17:45:00+02:00,205.68
2026-08-31T18:00:00+02:00,199.36
2026-08-31T18:15:00+02:00,202.4
2026-08-31T18:30:00+02:00,203.6
2026-08-31T18:45:00+02:00,201.44
2026-08-31T19:00:00+02:00,266.32
2026-08-31T19:15:00+02:00,231.2
2026-08-31T19:30:00+02:00,201.84
2026-08-31T19:45:00+02:00,200.64
2026-08-31T20:00:00+02:00,218.56
2026-08-31T20:15:00+02:00,233.92
2026-08-31T20:30:00+02:00,229.28
2026-08-31T20:45:00+02:00,239.04
2026-08-31T21:00:00+02:00,231.52
2026-08-31T21:15:00+02:00,212.24
2026-08-31T21:30:00+02:00,235.52
2026-08-31T21:45:00+02:00,244.16
2026-08-31T22:00:00+02:00,212.96
2026-08-31T22:15:00+02:00,243.76
2026-08-31T22:30:00+02:00,204.56
2026-08-31T22:45:00+02:00,246.72
2026-08-31T23:00:00+02:00,208.32
2026-08-31T23:15:00+02:00,224.08
2026-08-31T23:30:00+02:00,217.04
2026-08-31T23:45:00+02:00,244.64
2026-09-01T00:00:00+02:00,234.24
