timestamp,value_kwh
2025-12-01T00:15:00+01:00,2.40296
2025-12-01T00:30:00+01:00,1.941
2025-12-01T00:45:00+01:00,1.690242
2025-12-01T01:00:00+01:00,1.719078
2025-12-01T01:15:00+01:00,1.85388
2025-12-01T01:30:00+01:00,2.22196
2025-12-01T01:45:00+01:00,2.20836
2025-12-01T02:00:00+01:00,2.291
2025-12-01T02:15:00+01:00,1.89712
2025-12-01T02:30:00+01:00,1.87836
2025-12-01T02:45:00+01:00,1.77812
2025-12-01T03:00:00+01:00,2.293777
2025-12-01T03:15:00+01:00,2.230495
2025-12-01T03:30:00+01:00,2.753768
2025-12-01T03:45:00+01:00,2.63136
2025-12-01T04:00:00+01:00,2.82532
2025-12-01T04:15:00+01:00,3.04688
2025-12-01T04:30:00+01:00,3.170621
2025-12-01T04:45:00+01:00,3.201819
2025-12-01T05:00:00+01:00,3.15116
2025-12-01T05:15:00+01:00,3.07328
2025-12-01T05:30:00+01:00,2.51984
2025-12-01T05:45:00+01:00,4.28952
2025-12-01T06:00:00+01:00,5.96836
2025-12-01T06:15:00+01:00,5.97136
2025-12-01T06:30:00+01:00,4.2424
2025-12-01T06:45:00+01:00,3.02544
2025-12-01T07:00:00+01:00,3.57012
2025-12-01T07:15:00+01:00,4.02216
2025-12-01T07:30:00+01:00,3.278084
2025-12-01T07:45:00+01:00,3.868236
2025-12-01T08:00:00+01:00,5.20112
2025-12-01T08:15:00+01:00,5.5622
2025-12-01T08:30:00+01:00,5.9536
2025-12-01T08:45:00+01:00,5.92032
2025-12-01T09:00:00+01:00,5.825393
2025-12-01T09:15:00+01:00,5.725527
2025-12-01T09:30:00+01:00,5.569865
2025-12-01T09:45:00+01:00,4.29509
2025-12-01T10:00:00+01:00,2.694107
2025-12-01T10:15:00+01:00,3.213698
2025-12-01T10:30:00+01:00,3.841165
2025-12-01T10:45:00+01:00,4.947715
2025-12-01T11:00:00+01:00,5.604269
2025-12-01T11:15:00+01:00,5.9341
2025-12-01T11:30:00+01:00,5.954558
2025-12-01T11:45:00+01:00,5.860714
2025-12-01T12:00:00+01:00,5.89424
2025-12-01T12:15:00+01:00,5.9094
2025-12-01T12:30:00+01:00,6.06596
2025-12-01T12:45:00+01:00,6.04112
2025-12-01T13:00:00+01:00,5.92908
2025-12-01T13:15:00+01:00,6.02908
2025-12-01T13:30:00+01:00,6.00956
2025-12-01T13:45:00+01:00,5.851315
2025-12-01T14:00:00+01:00,6.023498
2025-12-01T14:15:00+01:00,6.071626
2025-12-01T14:30:00+01:00,6.033123
2025-12-01T14:45:00+01:00,6.041757
2025-12-01T15:00:00+01:00,6.02712
2025-12-01T15:15:00+01:00,6.05724
2025-12-01T15:30:00+01:00,6.025944
2025-12-01T15:45:00+01:00,6.02608
2025-12-01T16:00:00+01:00,6.053816
2025-12-01T16:15:00+01:00,5.085679
2025-12-01T16:30:00+01:00,4.283521
2025-12-01T16:45:00+01:00,3.694326
2025-12-01T17:00:00+01:00,2.831395
2025-12-01T17:15:00+01:00,4.869548
2025-12-01T17:30:00+01:00,5.387342
2025-12-01T17:45:00+01:00,5.572789
2025-12-01T18:00:00+01:00,3.7554
2025-12-01T18:15:00+01:00,3.477499
2025-12-01T18:30:00+01:00,1.157741
2025-12-01T18:45:00+01:00,0.0
2025-12-01T19:00:00+01:00,0.0
2025-12-01T19:15:00+01:00,0.65596
2025-12-01T19:30:00+01:00,3.46188
2025-12-01T19:45:00+01:00,2.97288
2025-12-01T20:00:00+01:00,3.888622
2025-12-01T20:15:00+01:00,3.718917
2025-12-01T20:30:00+01:00,4.172221
2025-12-01T20:45:00+01:00,5.193719
2025-12-01T21:00:00+01:00,4.267801
2025-12-01T21:15:00+01:00,4.828
2025-12-01T21:30:00+01:00,4.28176
2025-12-01T21:45:00+01:00,1.25624
2025-12-01T22:00:00+01:00,0.0
2025-12-01T22:15:00+01:00,0.0
2025-12-01T22:30:00+01:00,0.0
2025-12-01T22:45:00+01:00,0.0
2025-12-01T23:00:00+01:00,0.0
2025-12-01T23:15:00+01:00,0.0
2025-12-01T23:30:00+01:00,0.0
2025-12-01T23:45:00+01:00,0.0
2025-12-02T00:00:00+01:00,0.0
2025-12-02T00:15:00+01:00,0.0
2025-12-02T00:30:00+01:00,0.0
2025-12-02T00:45:00+01:00,0.0
2025-12-02T01:00:00+01:00,0.0
2025-12-02T01:15:00+01:00,0.0
2025-12-02T01:30:00+01:00,0.0
2025-12-02T01:45:00+01:00,0.0
2025-12-02T02:00:00+01:00,0.0
2025-12-02T02:15:00+01:00,0.0
2025-12-02T02:30:00+01:00,0.0
2025-12-02T02:45:00+01:00,0.0
2025-12-02T03:00:00+01:00,0.0
2025-12-02T03:15:00+01:00,0.0
2025-12-02T03:30:00+01:00,0.0
2025-12-02T03:45:00+01:00,0.0
2025-12-02T04:00:00+01:00,0.0
2025-12-02T04:15:00+01:00,0.0
2025-12-02T04:30:00+01:00,0.0
2025-12-02T04:45:00+01:00,0.0
2025-12-02T05:00:00+01:00,0.0
2025-12-02T05:15:00+01:00,0.0
2025-12-02T05:30:00+01:00,0.0
2025-12-02T05:45:00+01:00,0.7544
2025-12-02T06:00:00+01:00,5.6562
2025-12-02T06:15:00+01:00,5.9974
2025-12-02T06:30:00+01:00,5.85908
2025-12-02T06:45:00+01:00,6.00324
2025-12-02T07:00:00+01:00,6.0026
2025-12-02T07:15:00+01:00,6.013548
2025-12-02T07:30:00+01:00,5.957292
2025-12-02T07:45:00+01:00,4.268006
2025-12-02T08:00:00+01:00,5.852834
2025-12-02T08:15:00+01:00,6.00726
2025-12-02T08:30:00+01:00,6.00182
2025-12-02T08:45:00+01:00,6.01232
2025-12-02T09:00:00+01:00,5.98586
2025-12-02T09:15:00+01:00,6.00274
2025-12-02T09:30:00+01:00,5.398
2025-12-02T09:45:00+01:00,4.356729
2025-12-02T10:00:00+01:00,5.300351
2025-12-02T10:15:00+01:00,6.02784
2025-12-02T10:30:00+01:00,5.9954
2025-12-02T10:45:00+01:00,5.826608
2025-12-02T11:00:00+01:00,5.998498
2025-12-02T11:15:00+01:00,5.984498
2025-12-02T11:30:00+01:00,5.989755
2025-12-02T11:45:00+01:00,5.997328
2025-12-02T12:00:00+01:00,5.978837
2025-12-02T12:15:00+01:00,5.93821
2025-12-02T12:30:00+01:00,5.360522
2025-12-02T12:45:00+01:00,4.482183
2025-12-02T13:00:00+01:00,4.87136
2025-12-02T13:15:00+01:00,5.843805
2025-12-02T13:30:00+01:00,5.909195
2025-12-02T13:45:00+01:00,5.925057
2025-12-02T14:00:00+01:00,5.685263
2025-12-02T14:15:00+01:00,4.89236
2025-12-02T14:30:00+01:00,5.67754
2025-12-02T14:45:00+01:00,4.348585
2025-12-02T15:00:00+01:00,0.829475
2025-12-02T15:15:00+01:00,2.44888
2025-12-02T15:30:00+01:00,1.71312
2025-12-02T15:45:00+01:00,0.0
2025-12-02T16:00:00+01:00,0.56896
2025-12-02T16:15:00+01:00,1.02728
2025-12-02T16:30:00+01:00,2.40472
2025-12-02T16:45:00+01:00,2.97516
2025-12-02T17:00:00+01:00,2.08696
2025-12-02T17:15:00+01:00,1.6786
2025-12-02T17:30:00+01:00,2.14828
2025-12-02T17:45:00+01:00,2.30024
2025-12-02T18:00:00+01:00,4.755599
2025-12-02T18:15:00+01:00,4.219458
2025-12-02T18:30:00+01:00,5.188822
2025-12-02T18:45:00+01:00,2.48432
2025-12-02T19:00:00+01:00,2.745279
2025-12-02T19:15:00+01:00,5.332641
2025-12-02T19:30:00+01:00,5.81532
2025-12-02T19:45:00+01:00,5.08236
2025-12-02T20:00:00+01:00,6.0394
2025-12-02T20:15:00+01:00,5.362348
2025-12-02T20:30:00+01:00,5.68285
2025-12-02T20:45:00+01:00,5.817282
2025-12-02T21:00:00+01:00,5.866984
2025-12-02T21:15:00+01:00,6.013329
2025-12-02T21:30:00+01:00,5.809967
2025-12-02T21:45:00+01:00,4.41968
2025-12-02T22:00:00+01:00,0.00216
2025-12-02T22:15:00+01:00,0.0
2025-12-02T22:30:00+01:00,0.0
2025-12-02T22:45:00+01:00,0.0
2025-12-02T23:00:00+01:00,0.0
2025-12-02T23:15:00+01:00,0.0
2025-12-02T23:30:00+01:00,0.0
2025-12-02T23:45:00+01:00,0.0
2025-12-03T00:00:00+01:00,0.0
2025-12-03T00:15:00+01:00,0.0
2025-12-03T00:30:00+01:00,0.0
2025-12-03T00:45:00+01:00,0.0
2025-12-03T01:00:00+01:00,0.0
2025-12-03T01:15:00+01:00,0.0
2025-12-03T01:30:00+01:00,0.0
2025-12-03T01:45:00+01:00,0.0
2025-12-03T02:00:00+01:00,0.0
2025-12-03T02:15:00+01:00,0.0
2025-12-03T02:30:00+01:00,0.0
2025-12-03T02:45:00+01:00,0.0
2025-12-03T03:00:00+01:00,0.0
2025-12-03T03:15:00+01:00,0.0
2025-12-03T03:30:00+01:00,0.0
2025-12-03T03:45:00+01:00,0.0
2025-12-03T04:00:00+01:00,0.0
2025-12-03T04:15:00+01:00,0.0
2025-12-03T04:30:00+01:00,0.0
2025-12-03T04:45:00+01:00,0.0
2025-12-03T05:00:00+01:00,0.0
2025-12-03T05:15:00+01:00,0.0
2025-12-03T05:30:00+01:00,0.0
2025-12-03T05:45:00+01:00,2.02112
2025-12-03T06:00:00+01:00,5.937139
2025-12-03T06:15:00+01:00,5.707017
2025-12-03T06:30:00+01:00,5.986751
2025-12-03T06:45:00+01:00,6.024917
2025-12-03T07:00:00+01:00,6.000576
2025-12-03T07:15:00+01:00,6.0294
2025-12-03T07:30:00+01:00,6.04476
2025-12-03T07:45:00+01:00,5.98464
2025-12-03T08:00:00+01:00,5.99676
2025-12-03T08:15:00+01:00,6.00568
2025-12-03T08:30:00+01:00,6.01216
2025-12-03T08:45:00+01:00,6.009468
2025-12-03T09:00:00+01:00,6.017833
2025-12-03T09:15:00+01:00,6.009084
2025-12-03T09:30:00+01:00,6.022216
2025-12-03T09:45:00+01:00,6.004
2025-12-03T10:00:00+01:00,6.013257
2025-12-03T10:15:00+01:00,6.027834
2025-12-03T10:30:00+01:00,6.028309
2025-12-03T10:45:00+01:00,6.00676
2025-12-03T11:00:00+01:00,6.01908
2025-12-03T11:15:00+01:00,6.004
2025-12-03T11:30:00+01:00,6.004855
2025-12-03T11:45:00+01:00,5.790472
2025-12-03T12:00:00+01:00,5.916074
2025-12-03T12:15:00+01:00,5.97016
2025-12-03T12:30:00+01:00,5.86012
2025-12-03T12:45:00+01:00,4.80972
2025-12-03T13:00:00+01:00,5.87552
2025-12-03T13:15:00+01:00,6.0112
2025-12-03T13:30:00+01:00,5.78296
2025-12-03T13:45:00+01:00,6.03708
2025-12-03T14:00:00+01:00,5.9306
2025-12-03T14:15:00+01:00,5.95172
2025-12-03T14:30:00+01:00,5.67492
2025-12-03T14:45:00+01:00,6.040556
2025-12-03T15:00:00+01:00,5.917084
2025-12-03T15:15:00+01:00,6.044421
2025-12-03T15:30:00+01:00,6.019833
2025-12-03T15:45:00+01:00,5.992266
2025-12-03T16:00:00+01:00,6.015707
2025-12-03T16:15:00+01:00,5.766066
2025-12-03T16:30:00+01:00,5.977427
2025-12-03T16:45:00+01:00,4.10452
2025-12-03T17:00:00+01:00,4.97524
2025-12-03T17:15:00+01:00,5.962667
2025-12-03T17:30:00+01:00,5.196246
2025-12-03T17:45:00+01:00,5.998
2025-12-03T18:00:00+01:00,5.500327
2025-12-03T18:15:00+01:00,5.1095
2025-12-03T18:30:00+01:00,5.705575
2025-12-03T18:45:00+01:00,2.682085
2025-12-03T19:00:00+01:00,2.27908
2025-12-03T19:15:00+01:00,4.30708
2025-12-03T19:30:00+01:00,1.757775
2025-12-03T19:45:00+01:00,5.402047
2025-12-03T20:00:00+01:00,4.709176
2025-12-03T20:15:00+01:00,4.808683
2025-12-03T20:30:00+01:00,4.890945
2025-12-03T20:45:00+01:00,2.755196
2025-12-03T21:00:00+01:00,2.325459
2025-12-03T21:15:00+01:00,3.91692
2025-12-03T21:30:00+01:00,4.52911
2025-12-03T21:45:00+01:00,4.216605
2025-12-03T22:00:00+01:00,0.016246
2025-12-03T22:15:00+01:00,0.0
2025-12-03T22:30:00+01:00,0.0
2025-12-03T22:45:00+01:00,0.0
2025-12-03T23:00:00+01:00,0.0
2025-12-03T23:15:00+01:00,0.0
2025-12-03T23:30:00+01:00,0.0
2025-12-03T23:45:00+01:00,0.0
2025-12-04T00:00:00+01:00,0.0
2025-12-04T00:15:00+01:00,0.0
2025-12-04T00:30:00+01:00,0.0
2025-12-04T00:45:00+01:00,0.0
2025-12-04T01:00:00+01:00,0.0
2025-12-04T01:15:00+01:00,0.0
2025-12-04T01:30:00+01:00,0.0
2025-12-04T01:45:00+01:00,0.0
2025-12-04T02:00:00+01:00,0.0
2025-12-04T02:15:00+01:00,0.0
2025-12-04T02:30:00+01:00,0.0
2025-12-04T02:45:00+01:00,0.0
2025-12-04T03:00:00+01:00,0.0
2025-12-04T03:15:00+01:00,0.0
2025-12-04T03:30:00+01:00,0.0
2025-12-04T03:45:00+01:00,0.0
2025-12-04T04:00:00+01:00,0.0
2025-12-04T04:15:00+01:00,0.0
2025-12-04T04:30:00+01:00,0.0
2025-12-04T04:45:00+01:00,0.0
2025-12-04T05:00:00+01:00,0.0
2025-12-04T05:15:00+01:00,0.0
2025-12-04T05:30:00+01:00,0.0
2025-12-04T05:45:00+01:00,0.0
2025-12-04T06:00:00+01:00,0.0
2025-12-04T06:15:00+01:00,0.41032
2025-12-04T06:30:00+01:00,1.84236
2025-12-04T06:45:00+01:00,4.937989
2025-12-04T07:00:00+01:00,4.471137
2025-12-04T07:15:00+01:00,4.147594
2025-12-04T07:30:00+01:00,2.74996
2025-12-04T07:45:00+01:00,0.544393
2025-12-04T08:00:00+01:00,3.02994
2025-12-04T08:15:00+01:00,2.400668
2025-12-04T08:30:00+01:00,3.843546
2025-12-04T08:45:00+01:00,4.487134
2025-12-04T09:00:00+01:00,5.385153
2025-12-04T09:15:00+01:00,5.874917
2025-12-04T09:30:00+01:00,5.14841
2025-12-04T09:45:00+01:00,2.03148
2025-12-04T10:00:00+01:00,3.7428
2025-12-04T10:15:00+01:00,3.429
2025-12-04T10:30:00+01:00,5.15028
2025-12-04T10:45:00+01:00,5.04324
2025-12-04T11:00:00+01:00,4.4946
2025-12-04T11:15:00+01:00,4.27168
2025-12-04T11:30:00+01:00,2.71004
2025-12-04T11:45:00+01:00,5.70328
2025-12-04T12:00:00+01:00,5.871465
2025-12-04T12:15:00+01:00,5.802836
2025-12-04T12:30:00+01:00,5.289211
2025-12-04T12:45:00+01:00,3.013209
2025-12-04T13:00:00+01:00,3.711347
2025-12-04T13:15:00+01:00,5.860013
2025-12-04T13:30:00+01:00,5.998193
2025-12-04T13:45:00+01:00,5.998028
2025-12-04T14:00:00+01:00,5.991459
2025-12-04T14:15:00+01:00,5.733457
2025-12-04T14:30:00+01:00,5.739223
2025-12-04T14:45:00+01:00,5.860362
2025-12-04T15:00:00+01:00,5.527878
2025-12-04T15:15:00+01:00,5.683039
2025-12-04T15:30:00+01:00,6.002334
2025-12-04T15:45:00+01:00,5.996347
2025-12-04T16:00:00+01:00,5.95124
2025-12-04T16:15:00+01:00,5.952079
2025-12-04T16:30:00+01:00,5.978749
2025-12-04T16:45:00+01:00,5.981172
2025-12-04T17:00:00+01:00,5.762494
2025-12-04T17:15:00+01:00,5.849418
2025-12-04T17:30:00+01:00,6.051128
2025-12-04T17:45:00+01:00,6.00064
2025-12-04T18:00:00+01:00,5.833066
2025-12-04T18:15:00+01:00,4.814654
2025-12-04T18:30:00+01:00,4.92772
2025-12-04T18:45:00+01:00,4.37864
2025-12-04T19:00:00+01:00,3.41612
2025-12-04T19:15:00+01:00,2.78208
2025-12-04T19:30:00+01:00,5.02464
2025-12-04T19:45:00+01:00,5.50912
2025-12-04T20:00:00+01:00,4.70568
2025-12-04T20:15:00+01:00,4.162578
2025-12-04T20:30:00+01:00,5.617382
2025-12-04T20:45:00+01:00,5.777829
2025-12-04T21:00:00+01:00,5.821331
2025-12-04T21:15:00+01:00,5.913057
2025-12-04T21:30:00+01:00,6.031783
2025-12-04T21:45:00+01:00,4.91068
2025-12-04T22:00:00+01:00,0.2484
2025-12-04T22:15:00+01:00,0.0
2025-12-04T22:30:00+01:00,0.0
2025-12-04T22:45:00+01:00,0.0
2025-12-04T23:00:00+01:00,0.0
2025-12-04T23:15:00+01:00,0.0
2025-12-04T23:30:00+01:00,0.0
2025-12-04T23:45:00+01:00,0.0
2025-12-05T00:00:00+01:00,0.0
2025-12-05T00:15:00+01:00,0.0
2025-12-05T00:30:00+01:00,0.0
2025-12-05T00:45:00+01:00,0.0
2025-12-05T01:00:00+01:00,0.0
2025-12-05T01:15:00+01:00,0.0
2025-12-05T01:30:00+01:00,0.0
2025-12-05T01:45:00+01:00,0.0
2025-12-05T02:00:00+01:00,0.0
2025-12-05T02:15:00+01:00,0.0
2025-12-05T02:30:00+01:00,0.0
2025-12-05T02:45:00+01:00,0.0
2025-12-05T03:00:00+01:00,0.0
2025-12-05T03:15:00+01:00,0.0
2025-12-05T03:30:00+01:00,0.0
2025-12-05T03:45:00+01:00,0.0
2025-12-05T04:00:00+01:00,0.0
2025-12-05T04:15:00+01:00,0.0
2025-12-05T04:30:00+01:00,0.0
2025-12-05T04:45:00+01:00,0.0
2025-12-05T05:00:00+01:00,0.0
2025-12-05T05:15:00+01:00,0.0
2025-12-05T05:30:00+01:00,0.0
2025-12-05T05:45:00+01:00,0.25392
2025-12-05T06:00:00+01:00,1.458818
2025-12-05T06:15:00+01:00,3.746625
2025-12-05T06:30:00+01:00,4.352718
2025-12-05T06:45:00+01:00,4.57616
2025-12-05T07:00:00+01:00,4.530498
2025-12-05T07:15:00+01:00,5.200492
2025-12-05T07:30:00+01:00,5.049651
2025-12-05T07:45:00+01:00,5.61516
2025-12-05T08:00:00+01:00,5.86596
2025-12-05T08:15:00+01:00,5.87692
2025-12-05T08:30:00+01:00,5.95932
2025-12-05T08:45:00+01:00,5.00936
2025-12-05T09:00:00+01:00,4.56888
2025-12-05T09:15:00+01:00,5.82892
2025-12-05T09:30:00+01:00,5.880734
2025-12-05T09:45:00+01:00,5.850087
2025-12-05T10:00:00+01:00,6.017179
2025-12-05T10:15:00+01:00,5.969904
2025-12-05T10:30:00+01:00,5.994256
2025-12-05T10:45:00+01:00,6.0152
2025-12-05T11:00:00+01:00,6.020768
2025-12-05T11:15:00+01:00,5.779027
2025-12-05T11:30:00+01:00,6.003913
2025-12-05T11:45:00+01:00,5.930522
2025-12-05T12:00:00+01:00,5.86645
2025-12-05T12:15:00+01:00,4.705862
2025-12-05T12:30:00+01:00,4.528778
2025-12-05T12:45:00+01:00,4.578133
2025-12-05T13:00:00+01:00,5.289648
2025-12-05T13:15:00+01:00,5.97954
2025-12-05T13:30:00+01:00,5.964
2025-12-05T13:45:00+01:00,5.897185
2025-12-05T14:00:00+01:00,4.820935
2025-12-05T14:15:00+01:00,5.9988
2025-12-05T14:30:00+01:00,6.0006
2025-12-05T14:45:00+01:00,6.012
2025-12-05T15:00:00+01:00,5.97784
2025-12-05T15:15:00+01:00,5.9994
2025-12-05T15:30:00+01:00,5.99584
2025-12-05T15:45:00+01:00,5.99076
2025-12-05T16:00:00+01:00,5.989795
2025-12-05T16:15:00+01:00,5.988845
2025-12-05T16:30:00+01:00,6.00349
2025-12-05T16:45:00+01:00,5.996916
2025-12-05T17:00:00+01:00,5.987594
2025-12-05T17:15:00+01:00,5.992294
2025-12-05T17:30:00+01:00,5.986332
2025-12-05T17:45:00+01:00,5.979249
2025-12-05T18:00:00+01:00,5.983083
2025-12-05T18:15:00+01:00,6.009336
2025-12-05T18:30:00+01:00,5.589026
2025-12-05T18:45:00+01:00,2.619466
2025-12-05T19:00:00+01:00,3.312574
2025-12-05T19:15:00+01:00,4.82944
2025-12-05T19:30:00+01:00,4.7534
2025-12-05T19:45:00+01:00,4.7892
2025-12-05T20:00:00+01:00,5.83628
2025-12-05T20:15:00+01:00,5.85816
2025-12-05T20:30:00+01:00,6.02416
2025-12-05T20:45:00+01:00,6.02444
2025-12-05T21:00:00+01:00,5.89636
2025-12-05T21:15:00+01:00,4.38572
2025-12-05T21:30:00+01:00,1.98204
2025-12-05T21:45:00+01:00,2.20604
2025-12-05T22:00:00+01:00,0.0
2025-12-05T22:15:00+01:00,0.0
2025-12-05T22:30:00+01:00,0.0
2025-12-05T22:45:00+01:00,0.0
2025-12-05T23:00:00+01:00,0.0
2025-12-05T23:15:00+01:00,0.0
2025-12-05T23:30:00+01:00,0.0
2025-12-05T23:45:00+01:00,0.0
2025-12-06T00:00:00+01:00,0.0
2025-12-06T00:15:00+01:00,0.0
2025-12-06T00:30:00+01:00,0.0
2025-12-06T00:45:00+01:00,0.0
2025-12-06T01:00:00+01:00,0.0
2025-12-06T01:15:00+01:00,0.0
2025-12-06T01:30:00+01:00,0.0
2025-12-06T01:45:00+01:00,0.0
2025-12-06T02:00:00+01:00,0.0
2025-12-06T02:15:00+01:00,0.0
2025-12-06T02:30:00+01:00,0.0
2025-12-06T02:45:00+01:00,0.0
2025-12-06T03:00:00+01:00,0.0
2025-12-06T03:15:00+01:00,0.0
2025-12-06T03:30:00+01:00,0.0
2025-12-06T03:45:00+01:00,0.0
2025-12-06T04:00:00+01:00,0.0
2025-12-06T04:15:00+01:00,0.0
2025-12-06T04:30:00+01:00,0.0
2025-12-06T04:45:00+01:00,0.0
2025-12-06T05:00:00+01:00,0.0
2025-12-06T05:15:00+01:00,0.0
2025-12-06T05:30:00+01:00,0.0
2025-12-06T05:45:00+01:00,0.0
2025-12-06T06:00:00+01:00,0.0
2025-12-06T06:15:00+01:00,0.0
2025-12-06T06:30:00+01:00,0.0
2025-12-06T06:45:00+01:00,0.0
2025-12-06T07:00:00+01:00,0.0
2025-12-06T07:15:00+01:00,0.0
2025-12-06T07:30:00+01:00,0.0
2025-12-06T07:45:00+01:00,0.0
2025-12-06T08:00:00+01:00,0.0
2025-12-06T08:15:00+01:00,0.0
2025-12-06T08:30:00+01:00,0.0
2025-12-06T08:45:00+01:00,0.0
2025-12-06T09:00:00+01:00,0.0
2025-12-06T09:15:00+01:00,0.0
2025-12-06T09:30:00+01:00,0.0
2025-12-06T09:45:00+01:00,0.0
2025-12-06T10:00:00+01:00,0.0
2025-12-06T10:15:00+01:00,0.0
2025-12-06T10:30:00+01:00,0.0
2025-12-06T10:45:00+01:00,0.0
2025-12-06T11:00:00+01:00,0.0
2025-12-06T11:15:00+01:00,0.0
2025-12-06T11:30:00+01:00,0.0
2025-12-06T11:45:00+01:00,0.0
2025-12-06T12:00:00+01:00,0.0
2025-12-06T12:15:00+01:00,0.0
2025-12-06T12:30:00+01:00,0.0
2025-12-06T12:45:00+01:00,0.0
2025-12-06T13:00:00+01:00,0.0
2025-12-06T13:15:00+01:00,0.0
2025-12-06T13:30:00+01:00,0.0
2025-12-06T13:45:00+01:00,0.0
2025-12-06T14:00:00+01:00,0.0
2025-12-06T14:15:00+01:00,0.0
2025-12-06T14:30:00+01:00,0.0
2025-12-06T14:45:00+01:00,0.0
2025-12-06T15:00:00+01:00,0.0
2025-12-06T15:15:00+01:00,0.0
2025-12-06T15:30:00+01:00,0.0
2025-12-06T15:45:00+01:00,0.0
2025-12-06T16:00:00+01:00,0.0
2025-12-06T16:15:00+01:00,0.0
2025-12-06T16:30:00+01:00,0.0
2025-12-06T16:45:00+01:00,0.0
2025-12-06T17:00:00+01:00,0.0
2025-12-06T17:15:00+01:00,0.0
2025-12-06T17:30:00+01:00,0.0
2025-12-06T17:45:00+01:00,0.0
2025-12-06T18:00:00+01:00,0.0
2025-12-06T18:15:00+01:00,0.0
2025-12-06T18:30:00+01:00,0.0
2025-12-06T18:45:00+01:00,0.0
2025-12-06T19:00:00+01:00,0.0
2025-12-06T19:15:00+01:00,0.0
2025-12-06T19:30:00+01:00,0.0
2025-12-06T19:45:00+01:00,0.0
2025-12-06T20:00:00+01:00,0.0
2025-12-06T20:15:00+01:00,0.0
2025-12-06T20:30:00+01:00,0.0
2025-12-06T20:45:00+01:00,0.0
2025-12-06T21:00:00+01:00,0.0
2025-12-06T21:15:00+01:00,0.0
2025-12-06T21:30:00+01:00,0.0
2025-12-06T21:45:00+01:00,0.0
2025-12-06T22:00:00+01:00,0.0
2025-12-06T22:15:00+01:00,0.0
2025-12-06T22:30:00+01:00,0.0
2025-12-06T22:45:00+01:00,0.0
2025-12-06T23:00:00+01:00,0.0
2025-12-06T23:15:00+01:00,0.0
2025-12-06T23:30:00+01:00,0.0
2025-12-06T23:45:00+01:00,0.0
2025-12-07T00:00:00+01:00,0.0
2025-12-07T00:15:00+01:00,0.0
2025-12-07T00:30:00+01:00,0.0
2025-12-07T00:45:00+01:00,0.0
2025-12-07T01:00:00+01:00,0.0
2025-12-07T01:15:00+01:00,0.0
2025-12-07T01:30:00+01:00,0.0
2025-12-07T01:45:00+01:00,0.0
2025-12-07T02:00:00+01:00,0.0
2025-12-07T02:15:00+01:00,0.0
2025-12-07T02:30:00+01:00,0.0
2025-12-07T02:45:00+01:00,0.0
2025-12-07T03:00:00+01:00,0.0
2025-12-07T03:15:00+01:00,0.0
2025-12-07T03:30:00+01:00,0.0
2025-12-07T03:45:00+01:00,0.0
2025-12-07T04:00:00+01:00,0.0
2025-12-07T04:15:00+01:00,0.0
2025-12-07T04:30:00+01:00,0.0
2025-12-07T04:45:00+01:00,0.0
2025-12-07T05:00:00+01:00,0.0
2025-12-07T05:15:00+01:00,0.0
2025-12-07T05:30:00+01:00,0.0
2025-12-07T05:45:00+01:00,0.0
2025-12-07T06:00:00+01:00,0.0
2025-12-07T06:15:00+01:00,0.0
2025-12-07T06:30:00+01:00,0.0
2025-12-07T06:45:00+01:00,0.0
2025-12-07T07:00:00+01:00,0.0
2025-12-07T07:15:00+01:00,0.0
2025-12-07T07:30:00+01:00,0.0
2025-12-07T07:45:00+01:00,0.0
2025-12-07T08:00:00+01:00,0.0
2025-12-07T08:15:00+01:00,0.0
2025-12-07T08:30:00+01:00,0.0
2025-12-07T08:45:00+01:00,0.0
2025-12-07T09:00:00+01:00,0.0
2025-12-07T09:15:00+01:00,0.0
2025-12-07T09:30:00+01:00,0.0
2025-12-07T09:45:00+01:00,0.0
2025-12-07T10:00:00+01:00,0.0
2025-12-07T10:15:00+01:00,0.0
2025-12-07T10:30:00+01:00,0.0
2025-12-07T10:45:00+01:00,0.0
2025-12-07T11:00:00+01:00,0.0
2025-12-07T11:15:00+01:00,0.0
2025-12-07T11:30:00+01:00,0.0
2025-12-07T11:45:00+01:00,0.0
2025-12-07T12:00:00+01:00,0.0
2025-12-07T12:15:00+01:00,0.0
2025-12-07T12:30:00+01:00,0.0
2025-12-07T12:45:00+01:00,0.0
2025-12-07T13:00:00+01:00,0.0
2025-12-07T13:15:00+01:00,0.0
2025-12-07T13:30:00+01:00,0.0
2025-12-07T13:45:00+01:00,0.0
2025-12-07T14:00:00+01:00,0.0
2025-12-07T14:15:00+01:00,0.0
2025-12-07T14:30:00+01:00,0.0
2025-12-07T14:45:00+01:00,0.0
2025-12-07T15:00:00+01:00,0.0
2025-12-07T15:15:00+01:00,0.0
2025-12-07T15:30:00+01:00,0.0
2025-12-07T15:45:00+01:00,0.0
2025-12-07T16:00:00+01:00,0.0
2025-12-07T16:15:00+01:00,0.0
2025-12-07T16:30:00+01:00,0.0
2025-12-07T16:45:00+01:00,0.0
2025-12-07T17:00:00+01:00,0.0
2025-12-07T17:15:00+01:00,0.0
2025-12-07T17:30:00+01:00,0.0
2025-12-07T17:45:00+01:00,0.0
2025-12-07T18:00:00+01:00,0.0
2025-12-07T18:15:00+01:00,0.0
2025-12-07T18:30:00+01:00,0.0
2025-12-07T18:45:00+01:00,0.0
2025-12-07T19:00:00+01:00,0.0
2025-12-07T19:15:00+01:00,0.0
2025-12-07T19:30:00+01:00,0.0
2025-12-07T19:45:00+01:00,0.0
2025-12-07T20:00:00+01:00,0.0
2025-12-07T20:15:00+01:00,0.0
2025-12-07T20:30:00+01:00,0.0
2025-12-07T20:45:00+01:00,0.0
2025-12-07T21:00:00+01:00,0.0
2025-12-07T21:15:00+01:00,0.0
2025-12-07T21:30:00+01:00,0.0
2025-12-07T21:45:00+01:00,0.0
2025-12-07T22:00:00+01:00,0.0
2025-12-07T22:15:00+01:00,0.0
2025-12-07T22:30:00+01:00,0.0
2025-12-07T22:45:00+01:00,0.0
2025-12-07T23:00:00+01:00,0.0
2025-12-07T23:15:00+01:00,0.0
2025-12-07T23:30:00+01:00,0.0
2025-12-07T23:45:00+01:00,0.0
2025-12-08T00:00:00+01:00,1.469568
2025-12-08T00:15:00+01:00,1.166072
2025-12-08T00:30:00+01:00,1.988
2025-12-08T00:45:00+01:00,2.36716
2025-12-08T01:00:00+01:00,1.9252
2025-12-08T01:15:00+01:00,0.17848
2025-12-08T01:30:00+01:00,1.06952
2025-12-08T01:45:00+01:00,0.0
2025-12-08T02:00:00+01:00,0.0
2025-12-08T02:15:00+01:00,0.0
2025-12-08T02:30:00+01:00,0.0
2025-12-08T02:45:00+01:00,0.0
2025-12-08T03:00:00+01:00,0.0
2025-12-08T03:15:00+01:00,0.0
2025-12-08T03:30:00+01:00,0.0
2025-12-08T03:45:00+01:00,0.0
2025-12-08T04:00:00+01:00,0.0
2025-12-08T04:15:00+01:00,0.0
2025-12-08T04:30:00+01:00,0.0
2025-12-08T04:45:00+01:00,0.0
2025-12-08T05:00:00+01:00,0.0
2025-12-08T05:15:00+01:00,0.0
2025-12-08T05:30:00+01:00,0.0
2025-12-08T05:45:00+01:00,0.0
2025-12-08T06:00:00+01:00,0.0
2025-12-08T06:15:00+01:00,0.0
2025-12-08T06:30:00+01:00,0.7284
2025-12-08T06:45:00+01:00,1.53552
2025-12-08T07:00:00+01:00,3.83648
2025-12-08T07:15:00+01:00,2.77564
2025-12-08T07:30:00+01:00,4.27108
2025-12-08T07:45:00+01:00,5.56024
2025-12-08T08:00:00+01:00,5.20512
2025-12-08T08:15:00+01:00,5.7448
2025-12-08T08:30:00+01:00,5.83844
2025-12-08T08:45:00+01:00,5.99184
2025-12-08T09:00:00+01:00,5.98348
2025-12-08T09:15:00+01:00,5.98868
2025-12-08T09:30:00+01:00,5.05544
2025-12-08T09:45:00+01:00,2.96464
2025-12-08T10:00:00+01:00,4.57284
2025-12-08T10:15:00+01:00,5.98033
2025-12-08T10:30:00+01:00,4.527237
2025-12-08T10:45:00+01:00,5.600673
2025-12-08T11:00:00+01:00,6.0054
2025-12-08T11:15:00+01:00,5.98544
2025-12-08T11:30:00+01:00,6.02552
2025-12-08T11:45:00+01:00,5.83784
2025-12-08T12:00:00+01:00,5.95664
2025-12-08T12:15:00+01:00,5.8374
2025-12-08T12:30:00+01:00,5.76752
2025-12-08T12:45:00+01:00,5.23568
2025-12-08T13:00:00+01:00,5.689861
2025-12-08T13:15:00+01:00,5.820459
2025-12-08T13:30:00+01:00,5.95908
2025-12-08T13:45:00+01:00,5.95092
2025-12-08T14:00:00+01:00,5.95784
2025-12-08T14:15:00+01:00,5.95708
2025-12-08T14:30:00+01:00,5.939463
2025-12-08T14:45:00+01:00,5.932857
2025-12-08T15:00:00+01:00,5.94444
2025-12-08T15:15:00+01:00,5.95524
2025-12-08T15:30:00+01:00,5.96292
2025-12-08T15:45:00+01:00,5.956
2025-12-08T16:00:00+01:00,5.96508
2025-12-08T16:15:00+01:00,5.96216
2025-12-08T16:30:00+01:00,5.955504
2025-12-08T16:45:00+01:00,5.960496
2025-12-08T17:00:00+01:00,5.958915
2025-12-08T17:15:00+01:00,5.960421
2025-12-08T17:30:00+01:00,5.965263
2025-12-08T17:45:00+01:00,5.3782
2025-12-08T18:00:00+01:00,5.8378
2025-12-08T18:15:00+01:00,5.973486
2025-12-08T18:30:00+01:00,5.145124
2025-12-08T18:45:00+01:00,1.89415
2025-12-08T19:00:00+01:00,0.226222
2025-12-08T19:15:00+01:00,3.816504
2025-12-08T19:30:00+01:00,5.965594
2025-12-08T19:45:00+01:00,5.60236
2025-12-08T20:00:00+01:00,5.84164
2025-12-08T20:15:00+01:00,5.853876
2025-12-08T20:30:00+01:00,5.970671
2025-12-08T20:45:00+01:00,5.676533
2025-12-08T21:00:00+01:00,5.353613
2025-12-08T21:15:00+01:00,5.389767
2025-12-08T21:30:00+01:00,4.773076
2025-12-08T21:45:00+01:00,1.986113
2025-12-08T22:00:00+01:00,2.31703
2025-12-08T22:15:00+01:00,3.8024
2025-12-08T22:30:00+01:00,3.90804
2025-12-08T22:45:00+01:00,4.55832
2025-12-08T23:00:00+01:00,4.32656
2025-12-08T23:15:00+01:00,4.11504
2025-12-08T23:30:00+01:00,4.92988
2025-12-08T23:45:00+01:00,4.7912
2025-12-09T00:00:00+01:00,1.88848
2025-12-09T00:15:00+01:00,0.0
2025-12-09T00:30:00+01:00,0.332
2025-12-09T00:45:00+01:00,0.0
2025-12-09T01:00:00+01:00,0.0
2025-12-09T01:15:00+01:00,0.0
2025-12-09T01:30:00+01:00,0.0
2025-12-09T01:45:00+01:00,0.0
2025-12-09T02:00:00+01:00,0.0
2025-12-09T02:15:00+01:00,0.0
2025-12-09T02:30:00+01:00,0.0
2025-12-09T02:45:00+01:00,0.0
2025-12-09T03:00:00+01:00,0.296173
2025-12-09T03:15:00+01:00,1.03588
2025-12-09T03:30:00+01:00,0.734587
2025-12-09T03:45:00+01:00,0.63736
2025-12-09T04:00:00+01:00,0.398
2025-12-09T04:15:00+01:00,1.30768
2025-12-09T04:30:00+01:00,0.98092
2025-12-09T04:45:00+01:00,0.8714
2025-12-09T05:00:00+01:00,0.478
2025-12-09T05:15:00+01:00,0.18584
2025-12-09T05:30:00+01:00,0.27428
2025-12-09T05:45:00+01:00,4.11736
2025-12-09T06:00:00+01:00,5.86516
2025-12-09T06:15:00+01:00,5.94584
2025-12-09T06:30:00+01:00,5.97428
2025-12-09T06:45:00+01:00,5.97956
2025-12-09T07:00:00+01:00,5.9614
2025-12-09T07:15:00+01:00,5.96952
2025-12-09T07:30:00+01:00,5.96616
2025-12-09T07:45:00+01:00,5.98012
2025-12-09T08:00:00+01:00,5.83804
2025-12-09T08:15:00+01:00,4.952721
2025-12-09T08:30:00+01:00,5.472039
2025-12-09T08:45:00+01:00,5.96324
2025-12-09T09:00:00+01:00,5.962413
2025-12-09T09:15:00+01:00,5.976
2025-12-09T09:30:00+01:00,4.573947
2025-12-09T09:45:00+01:00,0.58176
2025-12-09T10:00:00+01:00,4.647792
2025-12-09T10:15:00+01:00,5.971768
2025-12-09T10:30:00+01:00,5.961285
2025-12-09T10:45:00+01:00,5.977035
2025-12-09T11:00:00+01:00,5.966799
2025-12-09T11:15:00+01:00,5.971041
2025-12-09T11:30:00+01:00,5.97724
2025-12-09T11:45:00+01:00,5.9646
2025-12-09T12:00:00+01:00,5.98416
2025-12-09T12:15:00+01:00,5.986
2025-12-09T12:30:00+01:00,5.7308
2025-12-09T12:45:00+01:00,3.98196
2025-12-09T13:00:00+01:00,4.42752
2025-12-09T13:15:00+01:00,5.760293
2025-12-09T13:30:00+01:00,5.960507
2025-12-09T13:45:00+01:00,5.964
2025-12-09T14:00:00+01:00,5.959828
2025-12-09T14:15:00+01:00,5.971092
2025-12-09T14:30:00+01:00,5.74812
2025-12-09T14:45:00+01:00,4.411811
2025-12-09T15:00:00+01:00,5.917973
2025-12-09T15:15:00+01:00,5.964576
2025-12-09T15:30:00+01:00,5.954645
2025-12-09T15:45:00+01:00,5.566439
2025-12-09T16:00:00+01:00,4.681477
2025-12-09T16:15:00+01:00,5.62296
2025-12-09T16:30:00+01:00,5.9574
2025-12-09T16:45:00+01:00,5.89264
2025-12-09T17:00:00+01:00,5.38044
2025-12-09T17:15:00+01:00,5.581
2025-12-09T17:30:00+01:00,5.55076
2025-12-09T17:45:00+01:00,5.89084
2025-12-09T18:00:00+01:00,5.96216
2025-12-09T18:15:00+01:00,5.95876
2025-12-09T18:30:00+01:00,4.23064
2025-12-09T18:45:00+01:00,0.14796
2025-12-09T19:00:00+01:00,1.72848
2025-12-09T19:15:00+01:00,5.63108
2025-12-09T19:30:00+01:00,5.959882
2025-12-09T19:45:00+01:00,5.964118
2025-12-09T20:00:00+01:00,5.96076
2025-12-09T20:15:00+01:00,5.70764
2025-12-09T20:30:00+01:00,5.55436
2025-12-09T20:45:00+01:00,4.60148
2025-12-09T21:00:00+01:00,2.70336
2025-12-09T21:15:00+01:00,2.31256
2025-12-09T21:30:00+01:00,4.569317
2025-12-09T21:45:00+01:00,1.899203
2025-12-09T22:00:00+01:00,0.23976
2025-12-09T22:15:00+01:00,0.0
2025-12-09T22:30:00+01:00,0.0
2025-12-09T22:45:00+01:00,0.0
2025-12-09T23:00:00+01:00,0.0
2025-12-09T23:15:00+01:00,0.0
2025-12-09T23:30:00+01:00,0.0
2025-12-09T23:45:00+01:00,0.0
2025-12-10T00:00:00+01:00,0.0
2025-12-10T00:15:00+01:00,0.0
2025-12-10T00:30:00+01:00,0.0
2025-12-10T00:45:00+01:00,0.0
2025-12-10T01:00:00+01:00,0.0
2025-12-10T01:15:00+01:00,0.0
2025-12-10T01:30:00+01:00,0.0
2025-12-10T01:45:00+01:00,0.0
2025-12-10T02:00:00+01:00,0.0
2025-12-10T02:15:00+01:00,0.0
2025-12-10T02:30:00+01:00,0.0
2025-12-10T02:45:00+01:00,0.0
2025-12-10T03:00:00+01:00,0.0
2025-12-10T03:15:00+01:00,0.0
2025-12-10T03:30:00+01:00,0.0
2025-12-10T03:45:00+01:00,0.0
2025-12-10T04:00:00+01:00,0.0
2025-12-10T04:15:00+01:00,0.0
2025-12-10T04:30:00+01:00,0.0
2025-12-10T04:45:00+01:00,0.0
2025-12-10T05:00:00+01:00,0.0
2025-12-10T05:15:00+01:00,0.0
2025-12-10T05:30:00+01:00,0.0
2025-12-10T05:45:00+01:00,2.85524
2025-12-10T06:00:00+01:00,5.97508
2025-12-10T06:15:00+01:00,5.95724
2025-12-10T06:30:00+01:00,5.964
2025-12-10T06:45:00+01:00,5.96416
2025-12-10T07:00:00+01:00,5.993337
2025-12-10T07:15:00+01:00,5.953766
2025-12-10T07:30:00+01:00,5.358297
2025-12-10T07:45:00+01:00,5.6828
2025-12-10T08:00:00+01:00,5.814803
2025-12-10T08:15:00+01:00,5.988678
2025-12-10T08:30:00+01:00,5.984627
2025-12-10T08:45:00+01:00,6.012419
2025-12-10T09:00:00+01:00,5.996498
2025-12-10T09:15:00+01:00,5.936731
2025-12-10T09:30:00+01:00,5.384206
2025-12-10T09:45:00+01:00,4.21544
2025-12-10T10:00:00+01:00,5.51548
2025-12-10T10:15:00+01:00,5.05056
2025-12-10T10:30:00+01:00,5.79224
2025-12-10T10:45:00+01:00,6.000008
2025-12-10T11:00:00+01:00,5.985632
2025-12-10T11:15:00+01:00,5.976
2025-12-10T11:30:00+01:00,5.970454
2025-12-10T11:45:00+01:00,5.498066
2025-12-10T12:00:00+01:00,5.69364
2025-12-10T12:15:00+01:00,5.81016
2025-12-10T12:30:00+01:00,5.97092
2025-12-10T12:45:00+01:00,5.96584
2025-12-10T13:00:00+01:00,5.97384
2025-12-10T13:15:00+01:00,5.98028
2025-12-10T13:30:00+01:00,5.60156
2025-12-10T13:45:00+01:00,2.37804
2025-12-10T14:00:00+01:00,0.03996
2025-12-10T14:15:00+01:00,0.0
2025-12-10T14:30:00+01:00,0.0
2025-12-10T14:45:00+01:00,0.0
2025-12-10T15:00:00+01:00,0.0
2025-12-10T15:15:00+01:00,0.0
2025-12-10T15:30:00+01:00,0.0
2025-12-10T15:45:00+01:00,0.0
2025-12-10T16:00:00+01:00,0.0
2025-12-10T16:15:00+01:00,0.0
2025-12-10T16:30:00+01:00,0.0
2025-12-10T16:45:00+01:00,0.0
2025-12-10T17:00:00+01:00,0.0
2025-12-10T17:15:00+01:00,0.0
2025-12-10T17:30:00+01:00,0.0
2025-12-10T17:45:00+01:00,0.0
2025-12-10T18:00:00+01:00,0.0
2025-12-10T18:15:00+01:00,0.0
2025-12-10T18:30:00+01:00,0.0
2025-12-10T18:45:00+01:00,0.0
2025-12-10T19:00:00+01:00,0.0
2025-12-10T19:15:00+01:00,0.0
2025-12-10T19:30:00+01:00,0.0
2025-12-10T19:45:00+01:00,0.0
2025-12-10T20:00:00+01:00,0.0
2025-12-10T20:15:00+01:00,0.0
2025-12-10T20:30:00+01:00,0.0
2025-12-10T20:45:00+01:00,0.0
2025-12-10T21:00:00+01:00,0.0
2025-12-10T21:15:00+01:00,0.0
2025-12-10T21:30:00+01:00,0.0
2025-12-10T21:45:00+01:00,0.0
2025-12-10T22:00:00+01:00,0.0
2025-12-10T22:15:00+01:00,0.0
2025-12-10T22:30:00+01:00,0.0
2025-12-10T22:45:00+01:00,0.0
2025-12-10T23:00:00+01:00,0.0
2025-12-10T23:15:00+01:00,0.0
2025-12-10T23:30:00+01:00,0.0
2025-12-10T23:45:00+01:00,0.0
2025-12-11T00:00:00+01:00,0.0
2025-12-11T00:15:00+01:00,0.0
2025-12-11T00:30:00+01:00,0.0
2025-12-11T00:45:00+01:00,0.0
2025-12-11T01:00:00+01:00,0.0
2025-12-11T01:15:00+01:00,0.0
2025-12-11T01:30:00+01:00,0.0
2025-12-11T01:45:00+01:00,0.0
2025-12-11T02:00:00+01:00,0.0
2025-12-11T02:15:00+01:00,0.0
2025-12-11T02:30:00+01:00,0.0
2025-12-11T02:45:00+01:00,0.0
2025-12-11T03:00:00+01:00,0.0
2025-12-11T03:15:00+01:00,0.0
2025-12-11T03:30:00+01:00,0.0
2025-12-11T03:45:00+01:00,0.0
2025-12-11T04:00:00+01:00,0.0
2025-12-11T04:15:00+01:00,0.0
2025-12-11T04:30:00+01:00,0.0
2025-12-11T04:45:00+01:00,0.0
2025-12-11T05:00:00+01:00,0.0
2025-12-11T05:15:00+01:00,0.0
2025-12-11T05:30:00+01:00,0.0
2025-12-11T05:45:00+01:00,0.99284
2025-12-11T06:00:00+01:00,3.82648
2025-12-11T06:15:00+01:00,3.524653
2025-12-11T06:30:00+01:00,3.430571
2025-12-11T06:45:00+01:00,2.916495
2025-12-11T07:00:00+01:00,3.11583
2025-12-11T07:15:00+01:00,3.38565
2025-12-11T07:30:00+01:00,4.689
2025-12-11T07:45:00+01:00,4.1462
2025-12-11T08:00:00+01:00,1.449881
2025-12-11T08:15:00+01:00,3.134559
2025-12-11T08:30:00+01:00,4.888679
2025-12-11T08:45:00+01:00,5.128892
2025-12-11T09:00:00+01:00,4.510708
2025-12-11T09:15:00+01:00,4.21504
2025-12-11T09:30:00+01:00,4.36496
2025-12-11T09:45:00+01:00,3.270424
2025-12-11T10:00:00+01:00,4.297616
2025-12-11T10:15:00+01:00,5.2726
2025-12-11T10:30:00+01:00,5.104741
2025-12-11T10:45:00+01:00,5.494884
2025-12-11T11:00:00+01:00,5.205496
2025-12-11T11:15:00+01:00,5.07016
2025-12-11T11:30:00+01:00,5.18264
2025-12-11T11:45:00+01:00,4.0896
2025-12-11T12:00:00+01:00,4.69112
2025-12-11T12:15:00+01:00,3.82332
2025-12-11T12:30:00+01:00,3.558278
2025-12-11T12:45:00+01:00,0.060682
2025-12-11T13:00:00+01:00,0.024742
2025-12-11T13:15:00+01:00,3.463138
2025-12-11T13:30:00+01:00,5.090625
2025-12-11T13:45:00+01:00,5.496415
2025-12-11T14:00:00+01:00,4.99724
2025-12-11T14:15:00+01:00,5.662617
2025-12-11T14:30:00+01:00,5.877823
2025-12-11T14:45:00+01:00,6.0094
2025-12-11T15:00:00+01:00,6.00768
2025-12-11T15:15:00+01:00,6.02368
2025-12-11T15:30:00+01:00,6.01648
2025-12-11T15:45:00+01:00,6.00892
2025-12-11T16:00:00+01:00,6.02584
2025-12-11T16:15:00+01:00,6.022537
2025-12-11T16:30:00+01:00,6.031783
2025-12-11T16:45:00+01:00,6.008552
2025-12-11T17:00:00+01:00,6.025128
2025-12-11T17:15:00+01:00,6.021094
2025-12-11T17:30:00+01:00,6.036906
2025-12-11T17:45:00+01:00,6.033845
2025-12-11T18:00:00+01:00,6.043083
2025-12-11T18:15:00+01:00,6.033512
2025-12-11T18:30:00+01:00,5.23316
2025-12-11T18:45:00+01:00,1.06584
2025-12-11T19:00:00+01:00,0.72368
2025-12-11T19:15:00+01:00,3.571974
2025-12-11T19:30:00+01:00,5.620585
2025-12-11T19:45:00+01:00,5.927249
2025-12-11T20:00:00+01:00,6.035834
2025-12-11T20:15:00+01:00,6.035238
2025-12-11T20:30:00+01:00,6.030928
2025-12-11T20:45:00+01:00,5.983654
2025-12-11T21:00:00+01:00,5.824497
2025-12-11T21:15:00+01:00,5.56928
2025-12-11T21:30:00+01:00,5.013658
2025-12-11T21:45:00+01:00,2.543542
2025-12-11T22:00:00+01:00,0.21384
2025-12-11T22:15:00+01:00,0.46736
2025-12-11T22:30:00+01:00,1.39448
2025-12-11T22:45:00+01:00,1.18216
2025-12-11T23:00:00+01:00,0.0
2025-12-11T23:15:00+01:00,0.0
2025-12-11T23:30:00+01:00,0.0
2025-12-11T23:45:00+01:00,0.0
2025-12-12T00:00:00+01:00,0.0
2025-12-12T00:15:00+01:00,0.0
2025-12-12T00:30:00+01:00,0.0
2025-12-12T00:45:00+01:00,0.0
2025-12-12T01:00:00+01:00,0.0
2025-12-12T01:15:00+01:00,0.0
2025-12-12T01:30:00+01:00,0.0
2025-12-12T01:45:00+01:00,0.0
2025-12-12T02:00:00+01:00,0.0
2025-12-12T02:15:00+01:00,0.0
2025-12-12T02:30:00+01:00,0.0
2025-12-12T02:45:00+01:00,0.0
2025-12-12T03:00:00+01:00,0.0
2025-12-12T03:15:00+01:00,0.0
2025-12-12T03:30:00+01:00,0.0
2025-12-12T03:45:00+01:00,0.0
2025-12-12T04:00:00+01:00,0.0
2025-12-12T04:15:00+01:00,0.0
2025-12-12T04:30:00+01:00,0.0
2025-12-12T04:45:00+01:00,0.078857
2025-12-12T05:00:00+01:00,1.698863
2025-12-12T05:15:00+01:00,1.40828
2025-12-12T05:30:00+01:00,0.0
2025-12-12T05:45:00+01:00,1.05148
2025-12-12T06:00:00+01:00,4.08492
2025-12-12T06:15:00+01:00,5.09684
2025-12-12T06:30:00+01:00,6.02796
2025-12-12T06:45:00+01:00,6.038854
2025-12-12T07:00:00+01:00,6.033666
2025-12-12T07:15:00+01:00,6.051084
2025-12-12T07:30:00+01:00,5.885877
2025-12-12T07:45:00+01:00,5.777
2025-12-12T08:00:00+01:00,5.949705
2025-12-12T08:15:00+01:00,6.055418
2025-12-12T08:30:00+01:00,6.002437
2025-12-12T08:45:00+01:00,5.271061
2025-12-12T09:00:00+01:00,6.059979
2025-12-12T09:15:00+01:00,6.053774
2025-12-12T09:30:00+01:00,5.830226
2025-12-12T09:45:00+01:00,4.466529
2025-12-12T10:00:00+01:00,5.727311
2025-12-12T10:15:00+01:00,6.045827
2025-12-12T10:30:00+01:00,6.047093
2025-12-12T10:45:00+01:00,6.04496
2025-12-12T11:00:00+01:00,5.770635
2025-12-12T11:15:00+01:00,6.033418
2025-12-12T11:30:00+01:00,5.588066
2025-12-12T11:45:00+01:00,4.28248
2025-12-12T12:00:00+01:00,4.557221
2025-12-12T12:15:00+01:00,4.477196
2025-12-12T12:30:00+01:00,3.778983
2025-12-12T12:45:00+01:00,0.0
2025-12-12T13:00:00+01:00,0.0
2025-12-12T13:15:00+01:00,4.072803
2025-12-12T13:30:00+01:00,6.001197
2025-12-12T13:45:00+01:00,6.00276
2025-12-12T14:00:00+01:00,4.920377
2025-12-12T14:15:00+01:00,6.022543
2025-12-12T14:30:00+01:00,6.01832
2025-12-12T14:45:00+01:00,6.011472
2025-12-12T15:00:00+01:00,6.026208
2025-12-12T15:15:00+01:00,6.011097
2025-12-12T15:30:00+01:00,5.866983
2025-12-12T15:45:00+01:00,5.343855
2025-12-12T16:00:00+01:00,6.08008
2025-12-12T16:15:00+01:00,6.027986
2025-12-12T16:30:00+01:00,6.03568
2025-12-12T16:45:00+01:00,6.064
2025-12-12T17:00:00+01:00,6.0514
2025-12-12T17:15:00+01:00,6.01648
2025-12-12T17:30:00+01:00,6.02028
2025-12-12T17:45:00+01:00,6.05076
2025-12-12T18:00:00+01:00,5.99248
2025-12-12T18:15:00+01:00,5.89692
2025-12-12T18:30:00+01:00,5.89584
2025-12-12T18:45:00+01:00,4.29012
2025-12-12T19:00:00+01:00,3.6042
2025-12-12T19:15:00+01:00,3.86896
2025-12-12T19:30:00+01:00,4.002622
2025-12-12T19:45:00+01:00,5.964138
2025-12-12T20:00:00+01:00,5.97196
2025-12-12T20:15:00+01:00,6.0314
2025-12-12T20:30:00+01:00,5.6452
2025-12-12T20:45:00+01:00,5.39588
2025-12-12T21:00:00+01:00,3.82664
2025-12-12T21:15:00+01:00,0.31536
2025-12-12T21:30:00+01:00,0.0
2025-12-12T21:45:00+01:00,0.0
2025-12-12T22:00:00+01:00,0.0
2025-12-12T22:15:00+01:00,0.0
2025-12-12T22:30:00+01:00,0.0
2025-12-12T22:45:00+01:00,0.0
2025-12-12T23:00:00+01:00,0.0
2025-12-12T23:15:00+01:00,0.0
2025-12-12T23:30:00+01:00,0.0
2025-12-12T23:45:00+01:00,0.0
2025-12-13T00:00:00+01:00,0.0
2025-12-13T00:15:00+01:00,0.0
2025-12-13T00:30:00+01:00,0.0
2025-12-13T00:45:00+01:00,0.0
2025-12-13T01:00:00+01:00,0.0
2025-12-13T01:15:00+01:00,0.0
2025-12-13T01:30:00+01:00,0.0
2025-12-13T01:45:00+01:00,0.0
2025-12-13T02:00:00+01:00,0.0
2025-12-13T02:15:00+01:00,0.0
2025-12-13T02:30:00+01:00,0.0
2025-12-13T02:45:00+01:00,0.0
2025-12-13T03:00:00+01:00,0.0
2025-12-13T03:15:00+01:00,0.0
2025-12-13T03:30:00+01:00,0.0
2025-12-13T03:45:00+01:00,0.0
2025-12-13T04:00:00+01:00,0.0
2025-12-13T04:15:00+01:00,0.0
2025-12-13T04:30:00+01:00,0.0
2025-12-13T04:45:00+01:00,0.0
2025-12-13T05:00:00+01:00,0.0
2025-12-13T05:15:00+01:00,0.0
2025-12-13T05:30:00+01:00,0.0
2025-12-13T05:45:00+01:00,0.0
2025-12-13T06:00:00+01:00,0.0
2025-12-13T06:15:00+01:00,0.0
2025-12-13T06:30:00+01:00,0.0
2025-12-13T06:45:00+01:00,0.0
2025-12-13T07:00:00+01:00,0.0
2025-12-13T07:15:00+01:00,0.0
2025-12-13T07:30:00+01:00,0.0
2025-12-13T07:45:00+01:00,0.0
2025-12-13T08:00:00+01:00,0.0
2025-12-13T08:15:00+01:00,0.0
2025-12-13T08:30:00+01:00,0.0
2025-12-13T08:45:00+01:00,0.0
2025-12-13T09:00:00+01:00,0.0
2025-12-13T09:15:00+01:00,0.0
2025-12-13T09:30:00+01:00,0.0
2025-12-13T09:45:00+01:00,0.0
2025-12-13T10:00:00+01:00,0.0
2025-12-13T10:15:00+01:00,0.0
2025-12-13T10:30:00+01:00,0.0
2025-12-13T10:45:00+01:00,0.0
2025-12-13T11:00:00+01:00,0.0
2025-12-13T11:15:00+01:00,0.0
2025-12-13T11:30:00+01:00,0.0
2025-12-13T11:45:00+01:00,0.0
2025-12-13T12:00:00+01:00,0.0
2025-12-13T12:15:00+01:00,0.0
2025-12-13T12:30:00+01:00,0.0
2025-12-13T12:45:00+01:00,0.0
2025-12-13T13:00:00+01:00,0.0
2025-12-13T13:15:00+01:00,0.0
2025-12-13T13:30:00+01:00,0.0
2025-12-13T13:45:00+01:00,0.0
2025-12-13T14:00:00+01:00,0.0
2025-12-13T14:15:00+01:00,0.0
2025-12-13T14:30:00+01:00,0.0
2025-12-13T14:45:00+01:00,0.0
2025-12-13T15:00:00+01:00,0.0
2025-12-13T15:15:00+01:00,0.0
2025-12-13T15:30:00+01:00,0.0
2025-12-13T15:45:00+01:00,0.0
2025-12-13T16:00:00+01:00,0.0
2025-12-13T16:15:00+01:00,0.0
2025-12-13T16:30:00+01:00,0.0
2025-12-13T16:45:00+01:00,0.0
2025-12-13T17:00:00+01:00,0.0
2025-12-13T17:15:00+01:00,0.0
2025-12-13T17:30:00+01:00,0.0
2025-12-13T17:45:00+01:00,0.0
2025-12-13T18:00:00+01:00,0.0
2025-12-13T18:15:00+01:00,0.0
2025-12-13T18:30:00+01:00,0.0
2025-12-13T18:45:00+01:00,0.0
2025-12-13T19:00:00+01:00,0.0
2025-12-13T19:15:00+01:00,0.0
2025-12-13T19:30:00+01:00,0.0
2025-12-13T19:45:00+01:00,0.0
2025-12-13T20:00:00+01:00,0.0
2025-12-13T20:15:00+01:00,0.0
2025-12-13T20:30:00+01:00,0.0
2025-12-13T20:45:00+01:00,0.0
2025-12-13T21:00:00+01:00,0.0
2025-12-13T21:15:00+01:00,0.0
2025-12-13T21:30:00+01:00,0.0
2025-12-13T21:45:00+01:00,0.0
2025-12-13T22:00:00+01:00,0.0
2025-12-13T22:15:00+01:00,0.0
2025-12-13T22:30:00+01:00,0.0
2025-12-13T22:45:00+01:00,0.0
2025-12-13T23:00:00+01:00,0.0
2025-12-13T23:15:00+01:00,0.0
2025-12-13T23:30:00+01:00,0.0
2025-12-13T23:45:00+01:00,0.0
2025-12-14T00:00:00+01:00,0.0
2025-12-14T00:15:00+01:00,0.0
2025-12-14T00:30:00+01:00,0.0
2025-12-14T00:45:00+01:00,0.0
2025-12-14T01:00:00+01:00,0.0
2025-12-14T01:15:00+01:00,0.0
2025-12-14T01:30:00+01:00,0.0
2025-12-14T01:45:00+01:00,0.0
2025-12-14T02:00:00+01:00,0.0
2025-12-14T02:15:00+01:00,0.0
2025-12-14T02:30:00+01:00,0.0
2025-12-14T02:45:00+01:00,0.0
2025-12-14T03:00:00+01:00,0.0
2025-12-14T03:15:00+01:00,0.0
2025-12-14T03:30:00+01:00,0.0
2025-12-14T03:45:00+01:00,0.0
2025-12-14T04:00:00+01:00,0.0
2025-12-14T04:15:00+01:00,0.0
2025-12-14T04:30:00+01:00,0.0
2025-12-14T04:45:00+01:00,0.0
2025-12-14T05:00:00+01:00,0.0
2025-12-14T05:15:00+01:00,0.0
2025-12-14T05:30:00+01:00,0.0
2025-12-14T05:45:00+01:00,0.0
2025-12-14T06:00:00+01:00,0.0
2025-12-14T06:15:00+01:00,0.0
2025-12-14T06:30:00+01:00,0.0
2025-12-14T06:45:00+01:00,0.0
2025-12-14T07:00:00+01:00,0.0
2025-12-14T07:15:00+01:00,0.0
2025-12-14T07:30:00+01:00,0.0
2025-12-14T07:45:00+01:00,0.0
2025-12-14T08:00:00+01:00,0.0
2025-12-14T08:15:00+01:00,0.0
2025-12-14T08:30:00+01:00,0.0
2025-12-14T08:45:00+01:00,0.0
2025-12-14T09:00:00+01:00,0.0
2025-12-14T09:15:00+01:00,0.0
2025-12-14T09:30:00+01:00,0.0
2025-12-14T09:45:00+01:00,0.0
2025-12-14T10:00:00+01:00,0.0
2025-12-14T10:15:00+01:00,0.0
2025-12-14T10:30:00+01:00,0.0
2025-12-14T10:45:00+01:00,0.0
2025-12-14T11:00:00+01:00,0.0
2025-12-14T11:15:00+01:00,0.0
2025-12-14T11:30:00+01:00,0.0
2025-12-14T11:45:00+01:00,0.0
2025-12-14T12:00:00+01:00,0.0
2025-12-14T12:15:00+01:00,0.0
2025-12-14T12:30:00+01:00,0.0
2025-12-14T12:45:00+01:00,0.0
2025-12-14T13:00:00+01:00,0.0
2025-12-14T13:15:00+01:00,0.0
2025-12-14T13:30:00+01:00,0.0
2025-12-14T13:45:00+01:00,0.0
2025-12-14T14:00:00+01:00,0.0
2025-12-14T14:15:00+01:00,0.0
2025-12-14T14:30:00+01:00,0.0
2025-12-14T14:45:00+01:00,0.0
2025-12-14T15:00:00+01:00,0.0
2025-12-14T15:15:00+01:00,0.0
2025-12-14T15:30:00+01:00,0.0
2025-12-14T15:45:00+01:00,0.0
2025-12-14T16:00:00+01:00,0.0
2025-12-14T16:15:00+01:00,0.0
2025-12-14T16:30:00+01:00,0.0
2025-12-14T16:45:00+01:00,0.0
2025-12-14T17:00:00+01:00,0.0
2025-12-14T17:15:00+01:00,0.0
2025-12-14T17:30:00+01:00,0.0
2025-12-14T17:45:00+01:00,0.0
2025-12-14T18:00:00+01:00,0.0
2025-12-14T18:15:00+01:00,0.0
2025-12-14T18:30:00+01:00,0.0
2025-12-14T18:45:00+01:00,0.0
2025-12-14T19:00:00+01:00,0.0
2025-12-14T19:15:00+01:00,0.0
2025-12-14T19:30:00+01:00,0.0
2025-12-14T19:45:00+01:00,0.0
2025-12-14T20:00:00+01:00,0.0
2025-12-14T20:15:00+01:00,0.0
2025-12-14T20:30:00+01:00,0.0
2025-12-14T20:45:00+01:00,0.0
2025-12-14T21:00:00+01:00,0.0
2025-12-14T21:15:00+01:00,0.0
2025-12-14T21:30:00+01:00,0.0
2025-12-14T21:45:00+01:00,0.0
2025-12-14T22:00:00+01:00,0.0
2025-12-14T22:15:00+01:00,0.0
2025-12-14T22:30:00+01:00,0.0
2025-12-14T22:45:00+01:00,0.0
2025-12-14T23:00:00+01:00,0.0
2025-12-14T23:15:00+01:00,0.0
2025-12-14T23:30:00+01:00,0.0
2025-12-14T23:45:00+01:00,0.0
2025-12-15T00:00:00+01:00,0.0
2025-12-15T00:15:00+01:00,0.0
2025-12-15T00:30:00+01:00,0.0
2025-12-15T00:45:00+01:00,0.0
2025-12-15T01:00:00+01:00,0.0
2025-12-15T01:15:00+01:00,0.0
2025-12-15T01:30:00+01:00,0.0
2025-12-15T01:45:00+01:00,0.0
2025-12-15T02:00:00+01:00,0.0
2025-12-15T02:15:00+01:00,0.0
2025-12-15T02:30:00+01:00,0.0
2025-12-15T02:45:00+01:00,0.0
2025-12-15T03:00:00+01:00,0.0
2025-12-15T03:15:00+01:00,0.0
2025-12-15T03:30:00+01:00,0.0
2025-12-15T03:45:00+01:00,0.0
2025-12-15T04:00:00+01:00,0.0
2025-12-15T04:15:00+01:00,0.0
2025-12-15T04:30:00+01:00,0.0
2025-12-15T04:45:00+01:00,0.0
2025-12-15T05:00:00+01:00,0.0
2025-12-15T05:15:00+01:00,0.0
2025-12-15T05:30:00+01:00,0.0
2025-12-15T05:45:00+01:00,0.0
2025-12-15T06:00:00+01:00,4.05596
2025-12-15T06:15:00+01:00,5.4842
2025-12-15T06:30:00+01:00,5.82693
2025-12-15T06:45:00+01:00,4.14091
2025-12-15T07:00:00+01:00,5.23284
2025-12-15T07:15:00+01:00,5.441782
2025-12-15T07:30:00+01:00,5.624298
2025-12-15T07:45:00+01:00,5.982719
2025-12-15T08:00:00+01:00,5.070521
2025-12-15T08:15:00+01:00,5.619574
2025-12-15T08:30:00+01:00,5.10305
2025-12-15T08:45:00+01:00,5.151376
2025-12-15T09:00:00+01:00,4.122318
2025-12-15T09:15:00+01:00,4.274372
2025-12-15T09:30:00+01:00,4.66215
2025-12-15T09:45:00+01:00,4.021
2025-12-15T10:00:00+01:00,5.79986
2025-12-15T10:15:00+01:00,6.00646
2025-12-15T10:30:00+01:00,6.00996
2025-12-15T10:45:00+01:00,6.01524
2025-12-15T11:00:00+01:00,6.04216
2025-12-15T11:15:00+01:00,6.01416
2025-12-15T11:30:00+01:00,6.00908
2025-12-15T11:45:00+01:00,6.0346
2025-12-15T12:00:00+01:00,6.00924
2025-12-15T12:15:00+01:00,6.01616
2025-12-15T12:30:00+01:00,5.866
2025-12-15T12:45:00+01:00,5.468
2025-12-15T13:00:00+01:00,5.858217
2025-12-15T13:15:00+01:00,6.026863
2025-12-15T13:30:00+01:00,5.599799
2025-12-15T13:45:00+01:00,6.039338
2025-12-15T14:00:00+01:00,5.989418
2025-12-15T14:15:00+01:00,6.006415
2025-12-15T14:30:00+01:00,6.012334
2025-12-15T14:45:00+01:00,5.992167
2025-12-15T15:00:00+01:00,6.001666
2025-12-15T15:15:00+01:00,5.918749
2025-12-15T15:30:00+01:00,6.018114
2025-12-15T15:45:00+01:00,5.874983
2025-12-15T16:00:00+01:00,5.851457
2025-12-15T16:15:00+01:00,6.036504
2025-12-15T16:30:00+01:00,6.062528
2025-12-15T16:45:00+01:00,6.014648
2025-12-15T17:00:00+01:00,5.605993
2025-12-15T17:15:00+01:00,5.694807
2025-12-15T17:30:00+01:00,5.946024
2025-12-15T17:45:00+01:00,6.003056
2025-12-15T18:00:00+01:00,6.01168
2025-12-15T18:15:00+01:00,6.00216
2025-12-15T18:30:00+01:00,6.0098
2025-12-15T18:45:00+01:00,5.16916
2025-12-15T19:00:00+01:00,5.60452
2025-12-15T19:15:00+01:00,5.6576
2025-12-15T19:30:00+01:00,6.01584
2025-12-15T19:45:00+01:00,6.0034
2025-12-15T20:00:00+01:00,6.0084
2025-12-15T20:15:00+01:00,5.455012
2025-12-15T20:30:00+01:00,4.862314
2025-12-15T20:45:00+01:00,4.233994
2025-12-15T21:00:00+01:00,3.687786
2025-12-15T21:15:00+01:00,3.958494
2025-12-15T21:30:00+01:00,3.33604
2025-12-15T21:45:00+01:00,0.8798
2025-12-15T22:00:00+01:00,0.0
2025-12-15T22:15:00+01:00,0.0
2025-12-15T22:30:00+01:00,0.0
2025-12-15T22:45:00+01:00,0.0
2025-12-15T23:00:00+01:00,0.0
2025-12-15T23:15:00+01:00,0.0
2025-12-15T23:30:00+01:00,0.0
2025-12-15T23:45:00+01:00,0.0
2025-12-16T00:00:00+01:00,0.0
2025-12-16T00:15:00+01:00,0.0
2025-12-16T00:30:00+01:00,0.0
2025-12-16T00:45:00+01:00,0.0
2025-12-16T01:00:00+01:00,0.0
2025-12-16T01:15:00+01:00,0.0
2025-12-16T01:30:00+01:00,0.0
2025-12-16T01:45:00+01:00,0.0
2025-12-16T02:00:00+01:00,0.0
2025-12-16T02:15:00+01:00,0.0
2025-12-16T02:30:00+01:00,0.0
2025-12-16T02:45:00+01:00,0.0
2025-12-16T03:00:00+01:00,0.0
2025-12-16T03:15:00+01:00,0.0
2025-12-16T03:30:00+01:00,0.0
2025-12-16T03:45:00+01:00,0.0
2025-12-16T04:00:00+01:00,0.0
2025-12-16T04:15:00+01:00,0.0
2025-12-16T04:30:00+01:00,0.0
2025-12-16T04:45:00+01:00,0.0
2025-12-16T05:00:00+01:00,0.0
2025-12-16T05:15:00+01:00,0.0
2025-12-16T05:30:00+01:00,0.0
2025-12-16T05:45:00+01:00,0.0
2025-12-16T06:00:00+01:00,3.59956
2025-12-16T06:15:00+01:00,4.56044
2025-12-16T06:30:00+01:00,5.313719
2025-12-16T06:45:00+01:00,4.258521
2025-12-16T07:00:00+01:00,5.3516
2025-12-16T07:15:00+01:00,5.399424
2025-12-16T07:30:00+01:00,4.290096
2025-12-16T07:45:00+01:00,4.338961
2025-12-16T08:00:00+01:00,4.004439
2025-12-16T08:15:00+01:00,4.89632
2025-12-16T08:30:00+01:00,5.86924
2025-12-16T08:45:00+01:00,4.882991
2025-12-16T09:00:00+01:00,4.347489
2025-12-16T09:15:00+01:00,5.76964
2025-12-16T09:30:00+01:00,5.71204
2025-12-16T09:45:00+01:00,5.73212
2025-12-16T10:00:00+01:00,5.83184
2025-12-16T10:15:00+01:00,5.90724
2025-12-16T10:30:00+01:00,6.024
2025-12-16T10:45:00+01:00,6.0234
2025-12-16T11:00:00+01:00,6.01768
2025-12-16T11:15:00+01:00,6.028
2025-12-16T11:30:00+01:00,5.83272
2025-12-16T11:45:00+01:00,5.74236
2025-12-16T12:00:00+01:00,6.02136
2025-12-16T12:15:00+01:00,5.83012
2025-12-16T12:30:00+01:00,5.985817
2025-12-16T12:45:00+01:00,4.656829
2025-12-16T13:00:00+01:00,3.142993
2025-12-16T13:15:00+01:00,5.61396
2025-12-16T13:30:00+01:00,5.976
2025-12-16T13:45:00+01:00,5.990886
2025-12-16T14:00:00+01:00,5.991114
2025-12-16T14:15:00+01:00,6.01856
2025-12-16T14:30:00+01:00,6.0376
2025-12-16T14:45:00+01:00,5.9986
2025-12-16T15:00:00+01:00,5.71329
2025-12-16T15:15:00+01:00,6.009251
2025-12-16T15:30:00+01:00,6.012749
2025-12-16T15:45:00+01:00,6.001084
2025-12-16T16:00:00+01:00,6.012706
2025-12-16T16:15:00+01:00,6.002017
2025-12-16T16:30:00+01:00,6.001223
2025-12-16T16:45:00+01:00,6.026864
2025-12-16T17:00:00+01:00,6.033668
2025-12-16T17:15:00+01:00,6.065148
2025-12-16T17:30:00+01:00,5.8406
2025-12-16T17:45:00+01:00,6.01883
2025-12-16T18:00:00+01:00,6.00949
2025-12-16T18:15:00+01:00,6.02508
2025-12-16T18:30:00+01:00,5.70768
2025-12-16T18:45:00+01:00,4.7678
2025-12-16T19:00:00+01:00,5.0674
2025-12-16T19:15:00+01:00,5.94096
2025-12-16T19:30:00+01:00,6.01216
2025-12-16T19:45:00+01:00,5.3726
2025-12-16T20:00:00+01:00,4.667519
2025-12-16T20:15:00+01:00,4.435761
2025-12-16T20:30:00+01:00,4.84349
2025-12-16T20:45:00+01:00,5.333358
2025-12-16T21:00:00+01:00,4.461324
2025-12-16T21:15:00+01:00,4.557388
2025-12-16T21:30:00+01:00,4.210158
2025-12-16T21:45:00+01:00,1.386722
2025-12-16T22:00:00+01:00,0.0
2025-12-16T22:15:00+01:00,0.0
2025-12-16T22:30:00+01:00,0.0
2025-12-16T22:45:00+01:00,0.0
2025-12-16T23:00:00+01:00,0.0
2025-12-16T23:15:00+01:00,0.0
2025-12-16T23:30:00+01:00,0.0
2025-12-16T23:45:00+01:00,0.0
2025-12-17T00:00:00+01:00,0.0
2025-12-17T00:15:00+01:00,0.0
2025-12-17T00:30:00+01:00,0.0
2025-12-17T00:45:00+01:00,0.0
2025-12-17T01:00:00+01:00,0.0
2025-12-17T01:15:00+01:00,0.0
2025-12-17T01:30:00+01:00,0.0
2025-12-17T01:45:00+01:00,0.0
2025-12-17T02:00:00+01:00,0.0
2025-12-17T02:15:00+01:00,0.0
2025-12-17T02:30:00+01:00,0.0
2025-12-17T02:45:00+01:00,0.0
2025-12-17T03:00:00+01:00,0.0
2025-12-17T03:15:00+01:00,0.0
2025-12-17T03:30:00+01:00,0.0
2025-12-17T03:45:00+01:00,0.0
2025-12-17T04:00:00+01:00,0.0
2025-12-17T04:15:00+01:00,0.0
2025-12-17T04:30:00+01:00,0.0
2025-12-17T04:45:00+01:00,0.0
2025-12-17T05:00:00+01:00,0.0
2025-12-17T05:15:00+01:00,0.0
2025-12-17T05:30:00+01:00,0.0
2025-12-17T05:45:00+01:00,0.195309
2025-12-17T06:00:00+01:00,4.599931
2025-12-17T06:15:00+01:00,5.99184
2025-12-17T06:30:00+01:00,5.994196
2025-12-17T06:45:00+01:00,5.84592
2025-12-17T07:00:00+01:00,6.028644
2025-12-17T07:15:00+01:00,6.013436
2025-12-17T07:30:00+01:00,6.011484
2025-12-17T07:45:00+01:00,6.001267
2025-12-17T08:00:00+01:00,5.985243
2025-12-17T08:15:00+01:00,6.002851
2025-12-17T08:30:00+01:00,6.04924
2025-12-17T08:45:00+01:00,6.01832
2025-12-17T09:00:00+01:00,6.02308
2025-12-17T09:15:00+01:00,6.02984
2025-12-17T09:30:00+01:00,6.0206
2025-12-17T09:45:00+01:00,5.67832
2025-12-17T10:00:00+01:00,6.03124
2025-12-17T10:15:00+01:00,6.01416
2025-12-17T10:30:00+01:00,6.028966
2025-12-17T10:45:00+01:00,6.018502
2025-12-17T11:00:00+01:00,6.027292
2025-12-17T11:15:00+01:00,6.015457
2025-12-17T11:30:00+01:00,6.020383
2025-12-17T11:45:00+01:00,6.00848
2025-12-17T12:00:00+01:00,6.01584
2025-12-17T12:15:00+01:00,6.02184
2025-12-17T12:30:00+01:00,5.832712
2025-12-17T12:45:00+01:00,5.269136
2025-12-17T13:00:00+01:00,5.997792
2025-12-17T13:15:00+01:00,5.50432
2025-12-17T13:30:00+01:00,4.7656
2025-12-17T13:45:00+01:00,4.92424
2025-12-17T14:00:00+01:00,3.6558
2025-12-17T14:15:00+01:00,2.7596
2025-12-17T14:30:00+01:00,1.56672
2025-12-17T14:45:00+01:00,3.09628
2025-12-17T15:00:00+01:00,4.40644
2025-12-17T15:15:00+01:00,5.34072
2025-12-17T15:30:00+01:00,5.920599
2025-12-17T15:45:00+01:00,6.000582
2025-12-17T16:00:00+01:00,5.066459
2025-12-17T16:15:00+01:00,2.744397
2025-12-17T16:30:00+01:00,3.404483
2025-12-17T16:45:00+01:00,4.061
2025-12-17T17:00:00+01:00,2.06784
2025-12-17T17:15:00+01:00,1.57772
2025-12-17T17:30:00+01:00,2.392697
2025-12-17T17:45:00+01:00,5.719783
2025-12-17T18:00:00+01:00,5.994596
2025-12-17T18:15:00+01:00,5.913804
2025-12-17T18:30:00+01:00,5.668721
2025-12-17T18:45:00+01:00,3.490239
2025-12-17T19:00:00+01:00,2.8624
2025-12-17T19:15:00+01:00,5.597667
2025-12-17T19:30:00+01:00,6.005973
2025-12-17T19:45:00+01:00,6.00584
2025-12-17T20:00:00+01:00,6.005104
2025-12-17T20:15:00+01:00,5.994896
2025-12-17T20:30:00+01:00,5.87892
2025-12-17T20:45:00+01:00,6.014
2025-12-17T21:00:00+01:00,6.00924
2025-12-17T21:15:00+01:00,5.99876
2025-12-17T21:30:00+01:00,5.99984
2025-12-17T21:45:00+01:00,4.66848
2025-12-17T22:00:00+01:00,0.10692
2025-12-17T22:15:00+01:00,0.0
2025-12-17T22:30:00+01:00,0.0
2025-12-17T22:45:00+01:00,0.0
2025-12-17T23:00:00+01:00,0.0
2025-12-17T23:15:00+01:00,0.0
2025-12-17T23:30:00+01:00,0.0
2025-12-17T23:45:00+01:00,0.0
2025-12-18T00:00:00+01:00,0.0
2025-12-18T00:15:00+01:00,0.0
2025-12-18T00:30:00+01:00,0.0
2025-12-18T00:45:00+01:00,0.0
2025-12-18T01:00:00+01:00,0.0
2025-12-18T01:15:00+01:00,0.0
2025-12-18T01:30:00+01:00,0.0
2025-12-18T01:45:00+01:00,0.0
2025-12-18T02:00:00+01:00,0.0
2025-12-18T02:15:00+01:00,0.0
2025-12-18T02:30:00+01:00,0.0
2025-12-18T02:45:00+01:00,0.0
2025-12-18T03:00:00+01:00,0.0
2025-12-18T03:15:00+01:00,0.0
2025-12-18T03:30:00+01:00,0.0
2025-12-18T03:45:00+01:00,0.0
2025-12-18T04:00:00+01:00,0.0
2025-12-18T04:15:00+01:00,0.0
2025-12-18T04:30:00+01:00,0.0
2025-12-18T04:45:00+01:00,0.0
2025-12-18T05:00:00+01:00,0.0
2025-12-18T05:15:00+01:00,0.0
2025-12-18T05:30:00+01:00,0.0
2025-12-18T05:45:00+01:00,0.0
2025-12-18T06:00:00+01:00,1.601
2025-12-18T06:15:00+01:00,4.369
2025-12-18T06:30:00+01:00,5.04336
2025-12-18T06:45:00+01:00,5.0142
2025-12-18T07:00:00+01:00,5.91884
2025-12-18T07:15:00+01:00,4.54612
2025-12-18T07:30:00+01:00,5.698283
2025-12-18T07:45:00+01:00,6.033251
2025-12-18T08:00:00+01:00,6.002334
2025-12-18T08:15:00+01:00,6.040212
2025-12-18T08:30:00+01:00,6.02432
2025-12-18T08:45:00+01:00,6.022442
2025-12-18T09:00:00+01:00,6.034318
2025-12-18T09:15:00+01:00,5.98716
2025-12-18T09:30:00+01:00,5.580522
2025-12-18T09:45:00+01:00,5.835078
2025-12-18T10:00:00+01:00,6.00816
2025-12-18T10:15:00+01:00,6.00232
2025-12-18T10:30:00+01:00,6.01596
2025-12-18T10:45:00+01:00,6.030482
2025-12-18T11:00:00+01:00,6.025998
2025-12-18T11:15:00+01:00,6.05432
2025-12-18T11:30:00+01:00,6.0114
2025-12-18T11:45:00+01:00,6.04676
2025-12-18T12:00:00+01:00,6.02596
2025-12-18T12:15:00+01:00,5.7616
2025-12-18T12:30:00+01:00,4.7698
2025-12-18T12:45:00+01:00,3.8496
2025-12-18T13:00:00+01:00,4.35272
2025-12-18T13:15:00+01:00,5.59772
2025-12-18T13:30:00+01:00,5.834981
2025-12-18T13:45:00+01:00,5.536819
2025-12-18T14:00:00+01:00,1.690686
2025-12-18T14:15:00+01:00,5.273954
2025-12-18T14:30:00+01:00,5.57604
2025-12-18T14:45:00+01:00,2.55028
2025-12-18T15:00:00+01:00,2.377163
2025-12-18T15:15:00+01:00,5.516113
2025-12-18T15:30:00+01:00,5.970244
2025-12-18T15:45:00+01:00,4.2508
2025-12-18T16:00:00+01:00,4.61188
2025-12-18T16:15:00+01:00,4.50544
2025-12-18T16:30:00+01:00,2.89048
2025-12-18T16:45:00+01:00,5.20496
2025-12-18T17:00:00+01:00,5.984947
2025-12-18T17:15:00+01:00,5.325053
2025-12-18T17:30:00+01:00,5.6978
2025-12-18T17:45:00+01:00,2.739459
2025-12-18T18:00:00+01:00,3.867495
2025-12-18T18:15:00+01:00,5.315806
2025-12-18T18:30:00+01:00,5.83904
2025-12-18T18:45:00+01:00,3.38904
2025-12-18T19:00:00+01:00,3.64712
2025-12-18T19:15:00+01:00,5.14268
2025-12-18T19:30:00+01:00,6.00756
2025-12-18T19:45:00+01:00,4.89992
2025-12-18T20:00:00+01:00,4.94216
2025-12-18T20:15:00+01:00,5.7234
2025-12-18T20:30:00+01:00,6.01344
2025-12-18T20:45:00+01:00,5.99708
2025-12-18T21:00:00+01:00,6.00092
2025-12-18T21:15:00+01:00,5.98648
2025-12-18T21:30:00+01:00,5.85676
2025-12-18T21:45:00+01:00,5.12476
2025-12-18T22:00:00+01:00,0.54
2025-12-18T22:15:00+01:00,0.0
2025-12-18T22:30:00+01:00,0.0
2025-12-18T22:45:00+01:00,0.0
2025-12-18T23:00:00+01:00,0.0
2025-12-18T23:15:00+01:00,0.0
2025-12-18T23:30:00+01:00,0.0
2025-12-18T23:45:00+01:00,0.0
2025-12-19T00:00:00+01:00,0.0
2025-12-19T00:15:00+01:00,0.0
2025-12-19T00:30:00+01:00,0.0
2025-12-19T00:45:00+01:00,0.0
2025-12-19T01:00:00+01:00,0.0
2025-12-19T01:15:00+01:00,0.0
2025-12-19T01:30:00+01:00,0.0
2025-12-19T01:45:00+01:00,0.0
2025-12-19T02:00:00+01:00,0.0
2025-12-19T02:15:00+01:00,0.0
2025-12-19T02:30:00+01:00,0.0
2025-12-19T02:45:00+01:00,0.0
2025-12-19T03:00:00+01:00,0.0
2025-12-19T03:15:00+01:00,0.0
2025-12-19T03:30:00+01:00,0.0
2025-12-19T03:45:00+01:00,0.0
2025-12-19T04:00:00+01:00,0.0
2025-12-19T04:15:00+01:00,0.0
2025-12-19T04:30:00+01:00,0.0
2025-12-19T04:45:00+01:00,0.0
2025-12-19T05:00:00+01:00,0.0
2025-12-19T05:15:00+01:00,0.0
2025-12-19T05:30:00+01:00,0.0
2025-12-19T05:45:00+01:00,0.090777
2025-12-19T06:00:00+01:00,3.407863
2025-12-19T06:15:00+01:00,5.692868
2025-12-19T06:30:00+01:00,4.737052
2025-12-19T06:45:00+01:00,4.981885
2025-12-19T07:00:00+01:00,5.869755
2025-12-19T07:15:00+01:00,5.84228
2025-12-19T07:30:00+01:00,5.621567
2025-12-19T07:45:00+01:00,5.604433
2025-12-19T08:00:00+01:00,5.955828
2025-12-19T08:15:00+01:00,5.972662
2025-12-19T08:30:00+01:00,5.978254
2025-12-19T08:45:00+01:00,5.626475
2025-12-19T09:00:00+01:00,5.463821
2025-12-19T09:15:00+01:00,5.81172
2025-12-19T09:30:00+01:00,4.68436
2025-12-19T09:45:00+01:00,0.2484
2025-12-19T10:00:00+01:00,3.41976
2025-12-19T10:15:00+01:00,4.492486
2025-12-19T10:30:00+01:00,4.174714
2025-12-19T10:45:00+01:00,4.565259
2025-12-19T11:00:00+01:00,5.264061
2025-12-19T11:15:00+01:00,5.92152
2025-12-19T11:30:00+01:00,5.88544
2025-12-19T11:45:00+01:00,5.87492
2025-12-19T12:00:00+01:00,5.72612
2025-12-19T12:15:00+01:00,5.45892
2025-12-19T12:30:00+01:00,5.45772
2025-12-19T12:45:00+01:00,2.62364
2025-12-19T13:00:00+01:00,2.88588
2025-12-19T13:15:00+01:00,5.45416
2025-12-19T13:30:00+01:00,5.1882
2025-12-19T13:45:00+01:00,4.83704
2025-12-19T14:00:00+01:00,5.97424
2025-12-19T14:15:00+01:00,5.50716
2025-12-19T14:30:00+01:00,6.00044
2025-12-19T14:45:00+01:00,5.72192
2025-12-19T15:00:00+01:00,4.4816
2025-12-19T15:15:00+01:00,4.67504
2025-12-19T15:30:00+01:00,4.905894
2025-12-19T15:45:00+01:00,5.246946
2025-12-19T16:00:00+01:00,4.5688
2025-12-19T16:15:00+01:00,3.285391
2025-12-19T16:30:00+01:00,3.509289
2025-12-19T16:45:00+01:00,3.66328
2025-12-19T17:00:00+01:00,5.677163
2025-12-19T17:15:00+01:00,5.316157
2025-12-19T17:30:00+01:00,4.07973
2025-12-19T17:45:00+01:00,2.61608
2025-12-19T18:00:00+01:00,4.266246
2025-12-19T18:15:00+01:00,5.540104
2025-12-19T18:30:00+01:00,4.45736
2025-12-19T18:45:00+01:00,0.03132
2025-12-19T19:00:00+01:00,0.0
2025-12-19T19:15:00+01:00,1.418312
2025-12-19T19:30:00+01:00,4.701408
2025-12-19T19:45:00+01:00,4.78844
2025-12-19T20:00:00+01:00,4.423441
2025-12-19T20:15:00+01:00,2.012119
2025-12-19T20:30:00+01:00,3.70396
2025-12-19T20:45:00+01:00,2.47668
2025-12-19T21:00:00+01:00,0.679035
2025-12-19T21:15:00+01:00,3.569827
2025-12-19T21:30:00+01:00,1.488777
2025-12-19T21:45:00+01:00,0.0
2025-12-19T22:00:00+01:00,0.0
2025-12-19T22:15:00+01:00,0.0
2025-12-19T22:30:00+01:00,0.0
2025-12-19T22:45:00+01:00,0.0
2025-12-19T23:00:00+01:00,0.0
2025-12-19T23:15:00+01:00,0.0
2025-12-19T23:30:00+01:00,0.0
2025-12-19T23:45:00+01:00,0.0
2025-12-20T00:00:00+01:00,0.0
2025-12-20T00:15:00+01:00,0.0
2025-12-20T00:30:00+01:00,0.0
2025-12-20T00:45:00+01:00,0.0
2025-12-20T01:00:00+01:00,0.0
2025-12-20T01:15:00+01:00,0.0
2025-12-20T01:30:00+01:00,0.0
2025-12-20T01:45:00+01:00,0.0
2025-12-20T02:00:00+01:00,0.0
2025-12-20T02:15:00+01:00,0.0
2025-12-20T02:30:00+01:00,0.0
2025-12-20T02:45:00+01:00,0.0
2025-12-20T03:00:00+01:00,0.0
2025-12-20T03:15:00+01:00,0.0
2025-12-20T03:30:00+01:00,0.0
2025-12-20T03:45:00+01:00,0.0
2025-12-20T04:00:00+01:00,0.0
2025-12-20T04:15:00+01:00,0.0
2025-12-20T04:30:00+01:00,0.0
2025-12-20T04:45:00+01:00,0.0
2025-12-20T05:00:00+01:00,0.0
2025-12-20T05:15:00+01:00,0.0
2025-12-20T05:30:00+01:00,0.0
2025-12-20T05:45:00+01:00,0.0
2025-12-20T06:00:00+01:00,0.0
2025-12-20T06:15:00+01:00,0.0
2025-12-20T06:30:00+01:00,0.0
2025-12-20T06:45:00+01:00,0.0
2025-12-20T07:00:00+01:00,0.0
2025-12-20T07:15:00+01:00,0.0
2025-12-20T07:30:00+01:00,0.0
2025-12-20T07:45:00+01:00,0.0
2025-12-20T08:00:00+01:00,0.0
2025-12-20T08:15:00+01:00,0.0
2025-12-20T08:30:00+01:00,0.0
2025-12-20T08:45:00+01:00,0.0
2025-12-20T09:00:00+01:00,0.0
2025-12-20T09:15:00+01:00,0.0
2025-12-20T09:30:00+01:00,0.0
2025-12-20T09:45:00+01:00,0.0
2025-12-20T10:00:00+01:00,0.0
2025-12-20T10:15:00+01:00,0.0
2025-12-20T10:30:00+01:00,0.0
2025-12-20T10:45:00+01:00,0.0
2025-12-20T11:00:00+01:00,0.0
2025-12-20T11:15:00+01:00,0.0
2025-12-20T11:30:00+01:00,0.0
2025-12-20T11:45:00+01:00,0.0
2025-12-20T12:00:00+01:00,0.0
2025-12-20T12:15:00+01:00,0.0
2025-12-20T12:30:00+01:00,0.0
2025-12-20T12:45:00+01:00,0.0
2025-12-20T13:00:00+01:00,0.0
2025-12-20T13:15:00+01:00,0.50968
2025-12-20T13:30:00+01:00,0.59832
2025-12-20T13:45:00+01:00,0.0
2025-12-20T14:00:00+01:00,0.0
2025-12-20T14:15:00+01:00,0.0
2025-12-20T14:30:00+01:00,0.0
2025-12-20T14:45:00+01:00,0.0
2025-12-20T15:00:00+01:00,0.0
2025-12-20T15:15:00+01:00,0.0
2025-12-20T15:30:00+01:00,0.0
2025-12-20T15:45:00+01:00,0.0
2025-12-20T16:00:00+01:00,0.0
2025-12-20T16:15:00+01:00,0.0
2025-12-20T16:30:00+01:00,0.0
2025-12-20T16:45:00+01:00,0.0
2025-12-20T17:00:00+01:00,0.0
2025-12-20T17:15:00+01:00,0.0
2025-12-20T17:30:00+01:00,0.0
2025-12-20T17:45:00+01:00,0.0
2025-12-20T18:00:00+01:00,0.0
2025-12-20T18:15:00+01:00,0.0
2025-12-20T18:30:00+01:00,0.0
2025-12-20T18:45:00+01:00,0.0
2025-12-20T19:00:00+01:00,0.0
2025-12-20T19:15:00+01:00,0.0
2025-12-20T19:30:00+01:00,0.0
2025-12-20T19:45:00+01:00,0.0
2025-12-20T20:00:00+01:00,0.0
2025-12-20T20:15:00+01:00,0.0
2025-12-20T20:30:00+01:00,0.0
2025-12-20T20:45:00+01:00,0.0
2025-12-20T21:00:00+01:00,0.0
2025-12-20T21:15:00+01:00,0.0
2025-12-20T21:30:00+01:00,0.0
2025-12-20T21:45:00+01:00,0.0
2025-12-20T22:00:00+01:00,0.0
2025-12-20T22:15:00+01:00,0.0
2025-12-20T22:30:00+01:00,0.0
2025-12-20T22:45:00+01:00,0.0
2025-12-20T23:00:00+01:00,0.0
2025-12-20T23:15:00+01:00,0.0
2025-12-20T23:30:00+01:00,0.0
2025-12-20T23:45:00+01:00,0.0
2025-12-21T00:00:00+01:00,0.0
2025-12-21T00:15:00+01:00,0.0
2025-12-21T00:30:00+01:00,0.0
2025-12-21T00:45:00+01:00,0.0
2025-12-21T01:00:00+01:00,0.0
2025-12-21T01:15:00+01:00,0.0
2025-12-21T01:30:00+01:00,0.0
2025-12-21T01:45:00+01:00,0.0
2025-12-21T02:00:00+01:00,0.0
2025-12-21T02:15:00+01:00,0.0
2025-12-21T02:30:00+01:00,0.0
2025-12-21T02:45:00+01:00,0.0
2025-12-21T03:00:00+01:00,0.0
2025-12-21T03:15:00+01:00,0.0
2025-12-21T03:30:00+01:00,0.0
2025-12-21T03:45:00+01:00,0.0
2025-12-21T04:00:00+01:00,0.0
2025-12-21T04:15:00+01:00,0.0
2025-12-21T04:30:00+01:00,0.0
2025-12-21T04:45:00+01:00,0.0
2025-12-21T05:00:00+01:00,0.0
2025-12-21T05:15:00+01:00,0.0
2025-12-21T05:30:00+01:00,0.0
2025-12-21T05:45:00+01:00,0.0
2025-12-21T06:00:00+01:00,0.0
2025-12-21T06:15:00+01:00,0.0
2025-12-21T06:30:00+01:00,0.0
2025-12-21T06:45:00+01:00,0.0
2025-12-21T07:00:00+01:00,0.0
2025-12-21T07:15:00+01:00,0.0
2025-12-21T07:30:00+01:00,0.0
2025-12-21T07:45:00+01:00,0.0
2025-12-21T08:00:00+01:00,0.0
2025-12-21T08:15:00+01:00,0.0
2025-12-21T08:30:00+01:00,0.0
2025-12-21T08:45:00+01:00,0.0
2025-12-21T09:00:00+01:00,0.0
2025-12-21T09:15:00+01:00,0.0
2025-12-21T09:30:00+01:00,0.0
2025-12-21T09:45:00+01:00,0.0
2025-12-21T10:00:00+01:00,0.0
2025-12-21T10:15:00+01:00,0.0
2025-12-21T10:30:00+01:00,0.0
2025-12-21T10:45:00+01:00,0.0
2025-12-21T11:00:00+01:00,0.0
2025-12-21T11:15:00+01:00,0.0
2025-12-21T11:30:00+01:00,0.0
2025-12-21T11:45:00+01:00,0.0
2025-12-21T12:00:00+01:00,0.0
2025-12-21T12:15:00+01:00,0.0
2025-12-21T12:30:00+01:00,0.0
2025-12-21T12:45:00+01:00,0.0
2025-12-21T13:00:00+01:00,0.0
2025-12-21T13:15:00+01:00,0.0
2025-12-21T13:30:00+01:00,0.0
2025-12-21T13:45:00+01:00,0.0
2025-12-21T14:00:00+01:00,0.0
2025-12-21T14:15:00+01:00,0.0
2025-12-21T14:30:00+01:00,0.0
2025-12-21T14:45:00+01:00,0.0
2025-12-21T15:00:00+01:00,0.0
2025-12-21T15:15:00+01:00,0.0
2025-12-21T15:30:00+01:00,0.0
2025-12-21T15:45:00+01:00,0.0
2025-12-21T16:00:00+01:00,0.0
2025-12-21T16:15:00+01:00,0.0
2025-12-21T16:30:00+01:00,0.0
2025-12-21T16:45:00+01:00,0.0
2025-12-21T17:00:00+01:00,0.0
2025-12-21T17:15:00+01:00,0.0
2025-12-21T17:30:00+01:00,0.0
2025-12-21T17:45:00+01:00,0.0
2025-12-21T18:00:00+01:00,0.0
2025-12-21T18:15:00+01:00,0.0
2025-12-21T18:30:00+01:00,0.0
2025-12-21T18:45:00+01:00,0.0
2025-12-21T19:00:00+01:00,0.0
2025-12-21T19:15:00+01:00,0.0
2025-12-21T19:30:00+01:00,0.0
2025-12-21T19:45:00+01:00,0.0
2025-12-21T20:00:00+01:00,0.0
2025-12-21T20:15:00+01:00,0.0
2025-12-21T20:30:00+01:00,0.0
2025-12-21T20:45:00+01:00,0.0
2025-12-21T21:00:00+01:00,0.0
2025-12-21T21:15:00+01:00,0.0
2025-12-21T21:30:00+01:00,0.0
2025-12-21T21:45:00+01:00,0.0
2025-12-21T22:00:00+01:00,0.0
2025-12-21T22:15:00+01:00,0.0
2025-12-21T22:30:00+01:00,0.0
2025-12-21T22:45:00+01:00,0.0
2025-12-21T23:00:00+01:00,0.0
2025-12-21T23:15:00+01:00,0.0
2025-12-21T23:30:00+01:00,0.0
2025-12-21T23:45:00+01:00,0.0
2025-12-22T00:00:00+01:00,0.0
2025-12-22T00:15:00+01:00,0.0
2025-12-22T00:30:00+01:00,0.0
2025-12-22T00:45:00+01:00,0.0
2025-12-22T01:00:00+01:00,0.0
2025-12-22T01:15:00+01:00,0.0
2025-12-22T01:30:00+01:00,0.0
2025-12-22T01:45:00+01:00,0.0
2025-12-22T02:00:00+01:00,0.0
2025-12-22T02:15:00+01:00,0.0
2025-12-22T02:30:00+01:00,0.0
2025-12-22T02:45:00+01:00,0.0
2025-12-22T03:00:00+01:00,0.0
2025-12-22T03:15:00+01:00,0.0
2025-12-22T03:30:00+01:00,0.0
2025-12-22T03:45:00+01:00,0.0
2025-12-22T04:00:00+01:00,0.0
2025-12-22T04:15:00+01:00,0.0
2025-12-22T04:30:00+01:00,0.0
2025-12-22T04:45:00+01:00,0.0
2025-12-22T05:00:00+01:00,0.0
2025-12-22T05:15:00+01:00,0.0
2025-12-22T05:30:00+01:00,0.0
2025-12-22T05:45:00+01:00,0.0
2025-12-22T06:00:00+01:00,0.65504
2025-12-22T06:15:00+01:00,4.4668
2025-12-22T06:30:00+01:00,4.4286
2025-12-22T06:45:00+01:00,5.24168
2025-12-22T07:00:00+01:00,5.9928
2025-12-22T07:15:00+01:00,4.231047
2025-12-22T07:30:00+01:00,5.916153
2025-12-22T07:45:00+01:00,6.04712
2025-12-22T08:00:00+01:00,5.993148
2025-12-22T08:15:00+01:00,6.012372
2025-12-22T08:30:00+01:00,6.00308
2025-12-22T08:45:00+01:00,6.02816
2025-12-22T09:00:00+01:00,5.999528
2025-12-22T09:15:00+01:00,6.010332
2025-12-22T09:30:00+01:00,6.00042
2025-12-22T09:45:00+01:00,5.859248
2025-12-22T10:00:00+01:00,5.998032
2025-12-22T10:15:00+01:00,5.96136
2025-12-22T10:30:00+01:00,5.8588
2025-12-22T10:45:00+01:00,5.87468
2025-12-22T11:00:00+01:00,5.899
2025-12-22T11:15:00+01:00,5.88252
2025-12-22T11:30:00+01:00,4.69484
2025-12-22T11:45:00+01:00,5.719514
2025-12-22T12:00:00+01:00,4.166566
2025-12-22T12:15:00+01:00,5.065795
2025-12-22T12:30:00+01:00,5.494605
2025-12-22T12:45:00+01:00,5.63052
2025-12-22T13:00:00+01:00,5.246067
2025-12-22T13:15:00+01:00,5.607173
2025-12-22T13:30:00+01:00,5.50492
2025-12-22T13:45:00+01:00,5.10656
2025-12-22T14:00:00+01:00,4.963234
2025-12-22T14:15:00+01:00,3.308286
2025-12-22T14:30:00+01:00,2.58948
2025-12-22T14:45:00+01:00,1.464587
2025-12-22T15:00:00+01:00,3.780522
2025-12-22T15:15:00+01:00,3.613531
2025-12-22T15:30:00+01:00,5.843693
2025-12-22T15:45:00+01:00,5.148241
2025-12-22T16:00:00+01:00,5.075946
2025-12-22T16:15:00+01:00,4.535973
2025-12-22T16:30:00+01:00,3.529587
2025-12-22T16:45:00+01:00,3.65656
2025-12-22T17:00:00+01:00,4.712704
2025-12-22T17:15:00+01:00,5.661776
2025-12-22T17:30:00+01:00,6.02524
2025-12-22T17:45:00+01:00,5.443952
2025-12-22T18:00:00+01:00,5.3256
2025-12-22T18:15:00+01:00,5.3256
2025-12-22T18:30:00+01:00,4.532928
2025-12-22T18:45:00+01:00,0.02808
2025-12-22T19:00:00+01:00,0.0
2025-12-22T19:15:00+01:00,3.44476
2025-12-22T19:30:00+01:00,5.89656
2025-12-22T19:45:00+01:00,5.37468
2025-12-22T20:00:00+01:00,5.6034
2025-12-22T20:15:00+01:00,4.46072
2025-12-22T20:30:00+01:00,5.6914
2025-12-22T20:45:00+01:00,5.94544
2025-12-22T21:00:00+01:00,4.69368
2025-12-22T21:15:00+01:00,5.00924
2025-12-22T21:30:00+01:00,4.410374
2025-12-22T21:45:00+01:00,0.721746
2025-12-22T22:00:00+01:00,0.0
2025-12-22T22:15:00+01:00,0.0
2025-12-22T22:30:00+01:00,0.0
2025-12-22T22:45:00+01:00,0.0
2025-12-22T23:00:00+01:00,0.0
2025-12-22T23:15:00+01:00,0.0
2025-12-22T23:30:00+01:00,0.0
2025-12-22T23:45:00+01:00,0.0
2025-12-23T00:00:00+01:00,0.0
2025-12-23T00:15:00+01:00,0.0
2025-12-23T00:30:00+01:00,0.0
2025-12-23T00:45:00+01:00,0.0
2025-12-23T01:00:00+01:00,0.0
2025-12-23T01:15:00+01:00,0.0
2025-12-23T01:30:00+01:00,0.0
2025-12-23T01:45:00+01:00,0.0
2025-12-23T02:00:00+01:00,0.0
2025-12-23T02:15:00+01:00,0.0
2025-12-23T02:30:00+01:00,0.0
2025-12-23T02:45:00+01:00,0.0
2025-12-23T03:00:00+01:00,0.0
2025-12-23T03:15:00+01:00,0.0
2025-12-23T03:30:00+01:00,0.0
2025-12-23T03:45:00+01:00,0.0
2025-12-23T04:00:00+01:00,0.0
2025-12-23T04:15:00+01:00,0.0
2025-12-23T04:30:00+01:00,0.0
2025-12-23T04:45:00+01:00,0.0
2025-12-23T05:00:00+01:00,0.0
2025-12-23T05:15:00+01:00,0.0
2025-12-23T05:30:00+01:00,0.0
2025-12-23T05:45:00+01:00,0.51428
2025-12-23T06:00:00+01:00,5.11908
2025-12-23T06:15:00+01:00,4.403012
2025-12-23T06:30:00+01:00,5.629148
2025-12-23T06:45:00+01:00,4.68634
2025-12-23T07:00:00+01:00,4.31838
2025-12-23T07:15:00+01:00,5.243534
2025-12-23T07:30:00+01:00,6.001146
2025-12-23T07:45:00+01:00,5.999107
2025-12-23T08:00:00+01:00,6.004
2025-12-23T08:15:00+01:00,6.006585
2025-12-23T08:30:00+01:00,5.956069
2025-12-23T08:45:00+01:00,5.94116
2025-12-23T09:00:00+01:00,6.02692
2025-12-23T09:15:00+01:00,6.024
2025-12-23T09:30:00+01:00,5.94624
2025-12-23T09:45:00+01:00,3.05628
2025-12-23T10:00:00+01:00,4.3964
2025-12-23T10:15:00+01:00,5.99232
2025-12-23T10:30:00+01:00,5.95308
2025-12-23T10:45:00+01:00,6.00876
2025-12-23T11:00:00+01:00,6.015297
2025-12-23T11:15:00+01:00,6.023498
2025-12-23T11:30:00+01:00,6.035965
2025-12-23T11:45:00+01:00,5.88784
2025-12-23T12:00:00+01:00,6.024697
2025-12-23T12:15:00+01:00,6.034703
2025-12-23T12:30:00+01:00,6.00464
2025-12-23T12:45:00+01:00,5.28152
2025-12-23T13:00:00+01:00,5.646425
2025-12-23T13:15:00+01:00,5.717615
2025-12-23T13:30:00+01:00,5.765
2025-12-23T13:45:00+01:00,5.856654
2025-12-23T14:00:00+01:00,6.032446
2025-12-23T14:15:00+01:00,6.02408
2025-12-23T14:30:00+01:00,6.019923
2025-12-23T14:45:00+01:00,6.03394
2025-12-23T15:00:00+01:00,6.047437
2025-12-23T15:15:00+01:00,5.89876
2025-12-23T15:30:00+01:00,5.991537
2025-12-23T15:45:00+01:00,5.697542
2025-12-23T16:00:00+01:00,5.663841
2025-12-23T16:15:00+01:00,4.22934
2025-12-23T16:30:00+01:00,5.06136
2025-12-23T16:45:00+01:00,4.79498
2025-12-23T17:00:00+01:00,4.65856
2025-12-23T17:15:00+01:00,4.97524
2025-12-23T17:30:00+01:00,5.230879
2025-12-23T17:45:00+01:00,4.833021
2025-12-23T18:00:00+01:00,5.127186
2025-12-23T18:15:00+01:00,5.478814
2025-12-23T18:30:00+01:00,4.07306
2025-12-23T18:45:00+01:00,0.05236
2025-12-23T19:00:00+01:00,0.0
2025-12-23T19:15:00+01:00,1.69506
2025-12-23T19:30:00+01:00,4.61632
2025-12-23T19:45:00+01:00,4.43892
2025-12-23T20:00:00+01:00,2.5357
2025-12-23T20:15:00+01:00,0.0
2025-12-23T20:30:00+01:00,0.0
2025-12-23T20:45:00+01:00,0.0
2025-12-23T21:00:00+01:00,0.0
2025-12-23T21:15:00+01:00,0.0
2025-12-23T21:30:00+01:00,0.0
2025-12-23T21:45:00+01:00,0.0
2025-12-23T22:00:00+01:00,0.0
2025-12-23T22:15:00+01:00,0.0
2025-12-23T22:30:00+01:00,0.0
2025-12-23T22:45:00+01:00,0.0
2025-12-23T23:00:00+01:00,0.0
2025-12-23T23:15:00+01:00,0.0
2025-12-23T23:30:00+01:00,0.0
2025-12-23T23:45:00+01:00,0.0
2025-12-24T00:00:00+01:00,0.0
2025-12-24T00:15:00+01:00,0.0
2025-12-24T00:30:00+01:00,0.0
2025-12-24T00:45:00+01:00,0.0
2025-12-24T01:00:00+01:00,0.0
2025-12-24T01:15:00+01:00,0.0
2025-12-24T01:30:00+01:00,0.0
2025-12-24T01:45:00+01:00,0.0
2025-12-24T02:00:00+01:00,0.0
2025-12-24T02:15:00+01:00,0.0
2025-12-24T02:30:00+01:00,0.0
2025-12-24T02:45:00+01:00,0.0
2025-12-24T03:00:00+01:00,0.0
2025-12-24T03:15:00+01:00,0.0
2025-12-24T03:30:00+01:00,0.0
2025-12-24T03:45:00+01:00,0.0
2025-12-24T04:00:00+01:00,0.0
2025-12-24T04:15:00+01:00,0.0
2025-12-24T04:30:00+01:00,0.0
2025-12-24T04:45:00+01:00,0.0
2025-12-24T05:00:00+01:00,0.0
2025-12-24T05:15:00+01:00,0.0
2025-12-24T05:30:00+01:00,0.0
2025-12-24T05:45:00+01:00,0.0
2025-12-24T06:00:00+01:00,0.0
2025-12-24T06:15:00+01:00,0.0
2025-12-24T06:30:00+01:00,0.0
2025-12-24T06:45:00+01:00,0.0
2025-12-24T07:00:00+01:00,0.0
2025-12-24T07:15:00+01:00,0.0
2025-12-24T07:30:00+01:00,0.0
2025-12-24T07:45:00+01:00,0.0
2025-12-24T08:00:00+01:00,0.0
2025-12-24T08:15:00+01:00,0.0
2025-12-24T08:30:00+01:00,0.0
2025-12-24T08:45:00+01:00,0.0
2025-12-24T09:00:00+01:00,0.0
2025-12-24T09:15:00+01:00,0.0
2025-12-24T09:30:00+01:00,0.0
2025-12-24T09:45:00+01:00,0.0
2025-12-24T10:00:00+01:00,0.0
2025-12-24T10:15:00+01:00,0.0
2025-12-24T10:30:00+01:00,0.0
2025-12-24T10:45:00+01:00,0.0
2025-12-24T11:00:00+01:00,0.0
2025-12-24T11:15:00+01:00,0.0
2025-12-24T11:30:00+01:00,0.0
2025-12-24T11:45:00+01:00,0.0
2025-12-24T12:00:00+01:00,0.0
2025-12-24T12:15:00+01:00,0.0
2025-12-24T12:30:00+01:00,0.0
2025-12-24T12:45:00+01:00,0.0
2025-12-24T13:00:00+01:00,0.0
2025-12-24T13:15:00+01:00,0.0
2025-12-24T13:30:00+01:00,0.0
2025-12-24T13:45:00+01:00,0.0
2025-12-24T14:00:00+01:00,0.0
2025-12-24T14:15:00+01:00,0.0
2025-12-24T14:30:00+01:00,0.0
2025-12-24T14:45:00+01:00,0.0
2025-12-24T15:00:00+01:00,0.0
2025-12-24T15:15:00+01:00,0.0
2025-12-24T15:30:00+01:00,0.0
2025-12-24T15:45:00+01:00,0.0
2025-12-24T16:00:00+01:00,0.0
2025-12-24T16:15:00+01:00,0.0
2025-12-24T16:30:00+01:00,0.0
2025-12-24T16:45:00+01:00,0.0
2025-12-24T17:00:00+01:00,0.0
2025-12-24T17:15:00+01:00,0.0
2025-12-24T17:30:00+01:00,0.0
2025-12-24T17:45:00+01:00,0.0
2025-12-24T18:00:00+01:00,0.0
2025-12-24T18:15:00+01:00,0.0
2025-12-24T18:30:00+01:00,0.0
2025-12-24T18:45:00+01:00,0.0
2025-12-24T19:00:00+01:00,0.0
2025-12-24T19:15:00+01:00,0.0
2025-12-24T19:30:00+01:00,0.0
2025-12-24T19:45:00+01:00,0.0
2025-12-24T20:00:00+01:00,0.0
2025-12-24T20:15:00+01:00,0.0
2025-12-24T20:30:00+01:00,0.0
2025-12-24T20:45:00+01:00,0.0
2025-12-24T21:00:00+01:00,0.0
2025-12-24T21:15:00+01:00,0.0
2025-12-24T21:30:00+01:00,0.0
2025-12-24T21:45:00+01:00,0.0
2025-12-24T22:00:00+01:00,0.0
2025-12-24T22:15:00+01:00,0.0
2025-12-24T22:30:00+01:00,0.0
2025-12-24T22:45:00+01:00,0.0
2025-12-24T23:00:00+01:00,0.0
2025-12-24T23:15:00+01:00,0.0
2025-12-24T23:30:00+01:00,0.0
2025-12-24T23:45:00+01:00,0.0
2025-12-25T00:00:00+01:00,0.0
2025-12-25T00:15:00+01:00,0.0
2025-12-25T00:30:00+01:00,0.0
2025-12-25T00:45:00+01:00,0.0
2025-12-25T01:00:00+01:00,0.0
2025-12-25T01:15:00+01:00,0.0
2025-12-25T01:30:00+01:00,0.0
2025-12-25T01:45:00+01:00,0.0
2025-12-25T02:00:00+01:00,0.0
2025-12-25T02:15:00+01:00,0.0
2025-12-25T02:30:00+01:00,0.0
2025-12-25T02:45:00+01:00,0.0
2025-12-25T03:00:00+01:00,0.0
2025-12-25T03:15:00+01:00,0.0
2025-12-25T03:30:00+01:00,0.0
2025-12-25T03:45:00+01:00,0.0
2025-12-25T04:00:00+01:00,0.0
2025-12-25T04:15:00+01:00,0.0
2025-12-25T04:30:00+01:00,0.0
2025-12-25T04:45:00+01:00,0.0
2025-12-25T05:00:00+01:00,0.0
2025-12-25T05:15:00+01:00,0.0
2025-12-25T05:30:00+01:00,0.0
2025-12-25T05:45:00+01:00,0.0
2025-12-25T06:00:00+01:00,0.0
2025-12-25T06:15:00+01:00,0.0
2025-12-25T06:30:00+01:00,0.0
2025-12-25T06:45:00+01:00,0.0
2025-12-25T07:00:00+01:00,0.0
2025-12-25T07:15:00+01:00,0.0
2025-12-25T07:30:00+01:00,0.0
2025-12-25T07:45:00+01:00,0.0
2025-12-25T08:00:00+01:00,0.0
2025-12-25T08:15:00+01:00,0.0
2025-12-25T08:30:00+01:00,0.0
2025-12-25T08:45:00+01:00,0.0
2025-12-25T09:00:00+01:00,0.0
2025-12-25T09:15:00+01:00,0.0
2025-12-25T09:30:00+01:00,0.0
2025-12-25T09:45:00+01:00,0.0
2025-12-25T10:00:00+01:00,0.0
2025-12-25T10:15:00+01:00,0.0
2025-12-25T10:30:00+01:00,0.0
2025-12-25T10:45:00+01:00,0.0
2025-12-25T11:00:00+01:00,0.0
2025-12-25T11:15:00+01:00,0.0
2025-12-25T11:30:00+01:00,0.0
2025-12-25T11:45:00+01:00,0.0
2025-12-25T12:00:00+01:00,0.0
2025-12-25T12:15:00+01:00,0.0
2025-12-25T12:30:00+01:00,0.0
2025-12-25T12:45:00+01:00,0.0
2025-12-25T13:00:00+01:00,0.0
2025-12-25T13:15:00+01:00,0.0
2025-12-25T13:30:00+01:00,0.0
2025-12-25T13:45:00+01:00,0.0
2025-12-25T14:00:00+01:00,0.0
2025-12-25T14:15:00+01:00,0.0
2025-12-25T14:30:00+01:00,0.0
2025-12-25T14:45:00+01:00,0.0
2025-12-25T15:00:00+01:00,0.0
2025-12-25T15:15:00+01:00,0.0
2025-12-25T15:30:00+01:00,0.0
2025-12-25T15:45:00+01:00,0.0
2025-12-25T16:00:00+01:00,0.0
2025-12-25T16:15:00+01:00,0.0
2025-12-25T16:30:00+01:00,0.0
2025-12-25T16:45:00+01:00,0.0
2025-12-25T17:00:00+01:00,0.0
2025-12-25T17:15:00+01:00,0.0
2025-12-25T17:30:00+01:00,0.0
2025-12-25T17:45:00+01:00,0.0
2025-12-25T18:00:00+01:00,0.0
2025-12-25T18:15:00+01:00,0.0
2025-12-25T18:30:00+01:00,0.0
2025-12-25T18:45:00+01:00,0.0
2025-12-25T19:00:00+01:00,0.0
2025-12-25T19:15:00+01:00,0.0
2025-12-25T19:30:00+01:00,0.0
2025-12-25T19:45:00+01:00,0.0
2025-12-25T20:00:00+01:00,0.0
2025-12-25T20:15:00+01:00,0.0
2025-12-25T20:30:00+01:00,0.0
2025-12-25T20:45:00+01:00,0.0
2025-12-25T21:00:00+01:00,0.0
2025-12-25T21:15:00+01:00,0.0
2025-12-25T21:30:00+01:00,0.0
2025-12-25T21:45:00+01:00,0.0
2025-12-25T22:00:00+01:00,0.0
2025-12-25T22:15:00+01:00,0.0
2025-12-25T22:30:00+01:00,0.0
2025-12-25T22:45:00+01:00,0.0
2025-12-25T23:00:00+01:00,0.0
2025-12-25T23:15:00+01:00,0.0
2025-12-25T23:30:00+01:00,0.0
2025-12-25T23:45:00+01:00,0.0
2025-12-26T00:00:00+01:00,0.0
2025-12-26T00:15:00+01:00,0.0
2025-12-26T00:30:00+01:00,0.0
2025-12-26T00:45:00+01:00,0.0
2025-12-26T01:00:00+01:00,0.0
2025-12-26T01:15:00+01:00,0.0
2025-12-26T01:30:00+01:00,0.0
2025-12-26T01:45:00+01:00,0.0
2025-12-26T02:00:00+01:00,0.0
2025-12-26T02:15:00+01:00,0.0
2025-12-26T02:30:00+01:00,0.0
2025-12-26T02:45:00+01:00,0.0
2025-12-26T03:00:00+01:00,0.0
2025-12-26T03:15:00+01:00,0.0
2025-12-26T03:30:00+01:00,0.0
2025-12-26T03:45:00+01:00,0.0
2025-12-26T04:00:00+01:00,0.0
2025-12-26T04:15:00+01:00,0.0
2025-12-26T04:30:00+01:00,0.0
2025-12-26T04:45:00+01:00,0.0
2025-12-26T05:00:00+01:00,0.0
2025-12-26T05:15:00+01:00,0.0
2025-12-26T05:30:00+01:00,0.0
2025-12-26T05:45:00+01:00,0.0
2025-12-26T06:00:00+01:00,0.0
2025-12-26T06:15:00+01:00,0.0
2025-12-26T06:30:00+01:00,0.0
2025-12-26T06:45:00+01:00,0.0
2025-12-26T07:00:00+01:00,0.0
2025-12-26T07:15:00+01:00,0.0
2025-12-26T07:30:00+01:00,0.0
2025-12-26T07:45:00+01:00,0.0
2025-12-26T08:00:00+01:00,0.0
2025-12-26T08:15:00+01:00,0.0
2025-12-26T08:30:00+01:00,0.0
2025-12-26T08:45:00+01:00,0.0
2025-12-26T09:00:00+01:00,0.0
2025-12-26T09:15:00+01:00,0.0
2025-12-26T09:30:00+01:00,0.0
2025-12-26T09:45:00+01:00,0.0
2025-12-26T10:00:00+01:00,0.0
2025-12-26T10:15:00+01:00,0.0
2025-12-26T10:30:00+01:00,0.0
2025-12-26T10:45:00+01:00,0.0
2025-12-26T11:00:00+01:00,0.0
2025-12-26T11:15:00+01:00,0.0
2025-12-26T11:30:00+01:00,0.0
2025-12-26T11:45:00+01:00,0.0
2025-12-26T12:00:00+01:00,0.0
2025-12-26T12:15:00+01:00,0.0
2025-12-26T12:30:00+01:00,0.0
2025-12-26T12:45:00+01:00,0.0
2025-12-26T13:00:00+01:00,0.0
2025-12-26T13:15:00+01:00,0.0
2025-12-26T13:30:00+01:00,0.0
2025-12-26T13:45:00+01:00,0.0
2025-12-26T14:00:00+01:00,0.0
2025-12-26T14:15:00+01:00,0.0
2025-12-26T14:30:00+01:00,0.0
2025-12-26T14:45:00+01:00,0.0
2025-12-26T15:00:00+01:00,0.0
2025-12-26T15:15:00+01:00,0.0
2025-12-26T15:30:00+01:00,0.0
2025-12-26T15:45:00+01:00,0.0
2025-12-26T16:00:00+01:00,0.0
2025-12-26T16:15:00+01:00,0.0
2025-12-26T16:30:00+01:00,0.0
2025-12-26T16:45:00+01:00,0.0
2025-12-26T17:00:00+01:00,0.0
2025-12-26T17:15:00+01:00,0.0
2025-12-26T17:30:00+01:00,0.0
2025-12-26T17:45:00+01:00,0.0
2025-12-26T18:00:00+01:00,0.0
2025-12-26T18:15:00+01:00,0.0
2025-12-26T18:30:00+01:00,0.0
2025-12-26T18:45:00+01:00,0.0
2025-12-26T19:00:00+01:00,0.0
2025-12-26T19:15:00+01:00,0.0
2025-12-26T19:30:00+01:00,0.0
2025-12-26T19:45:00+01:00,0.0
2025-12-26T20:00:00+01:00,0.0
2025-12-26T20:15:00+01:00,0.0
2025-12-26T20:30:00+01:00,0.0
2025-12-26T20:45:00+01:00,0.0
2025-12-26T21:00:00+01:00,0.0
2025-12-26T21:15:00+01:00,0.0
2025-12-26T21:30:00+01:00,0.0
2025-12-26T21:45:00+01:00,0.0
2025-12-26T22:00:00+01:00,0.0
2025-12-26T22:15:00+01:00,0.0
2025-12-26T22:30:00+01:00,0.0
2025-12-26T22:45:00+01:00,0.0
2025-12-26T23:00:00+01:00,0.0
2025-12-26T23:15:00+01:00,0.0
2025-12-26T23:30:00+01:00,0.0
2025-12-26T23:45:00+01:00,0.0
2025-12-27T00:00:00+01:00,0.0
2025-12-27T00:15:00+01:00,0.0
2025-12-27T00:30:00+01:00,0.0
2025-12-27T00:45:00+01:00,0.0
2025-12-27T01:00:00+01:00,0.0
2025-12-27T01:15:00+01:00,0.0
2025-12-27T01:30:00+01:00,0.0
2025-12-27T01:45:00+01:00,0.0
2025-12-27T02:00:00+01:00,0.0
2025-12-27T02:15:00+01:00,0.0
2025-12-27T02:30:00+01:00,0.0
2025-12-27T02:45:00+01:00,0.0
2025-12-27T03:00:00+01:00,0.0
2025-12-27T03:15:00+01:00,0.0
2025-12-27T03:30:00+01:00,0.0
2025-12-27T03:45:00+01:00,0.0
2025-12-27T04:00:00+01:00,0.0
2025-12-27T04:15:00+01:00,0.0
2025-12-27T04:30:00+01:00,0.0
2025-12-27T04:45:00+01:00,0.0
2025-12-27T05:00:00+01:00,0.0
2025-12-27T05:15:00+01:00,0.0
2025-12-27T05:30:00+01:00,0.0
2025-12-27T05:45:00+01:00,0.0
2025-12-27T06:00:00+01:00,0.0
2025-12-27T06:15:00+01:00,0.0
2025-12-27T06:30:00+01:00,0.0
2025-12-27T06:45:00+01:00,0.0
2025-12-27T07:00:00+01:00,0.0
2025-12-27T07:15:00+01:00,0.0
2025-12-27T07:30:00+01:00,0.0
2025-12-27T07:45:00+01:00,0.0
2025-12-27T08:00:00+01:00,0.0
2025-12-27T08:15:00+01:00,0.0
2025-12-27T08:30:00+01:00,0.0
2025-12-27T08:45:00+01:00,0.0
2025-12-27T09:00:00+01:00,0.0
2025-12-27T09:15:00+01:00,0.0
2025-12-27T09:30:00+01:00,0.0
2025-12-27T09:45:00+01:00,0.0
2025-12-27T10:00:00+01:00,0.0
2025-12-27T10:15:00+01:00,0.0
2025-12-27T10:30:00+01:00,0.0
2025-12-27T10:45:00+01:00,0.0
2025-12-27T11:00:00+01:00,0.0
2025-12-27T11:15:00+01:00,0.0
2025-12-27T11:30:00+01:00,0.0
2025-12-27T11:45:00+01:00,0.0
2025-12-27T12:00:00+01:00,0.0
2025-12-27T12:15:00+01:00,0.0
2025-12-27T12:30:00+01:00,0.0
2025-12-27T12:45:00+01:00,0.0
2025-12-27T13:00:00+01:00,0.0
2025-12-27T13:15:00+01:00,0.0
2025-12-27T13:30:00+01:00,0.0
2025-12-27T13:45:00+01:00,0.0
2025-12-27T14:00:00+01:00,0.0
2025-12-27T14:15:00+01:00,0.0
2025-12-27T14:30:00+01:00,0.0
2025-12-27T14:45:00+01:00,0.0
2025-12-27T15:00:00+01:00,0.0
2025-12-27T15:15:00+01:00,0.0
2025-12-27T15:30:00+01:00,0.0
2025-12-27T15:45:00+01:00,0.0
2025-12-27T16:00:00+01:00,0.0
2025-12-27T16:15:00+01:00,0.0
2025-12-27T16:30:00+01:00,0.0
2025-12-27T16:45:00+01:00,0.0
2025-12-27T17:00:00+01:00,0.0
2025-12-27T17:15:00+01:00,0.0
2025-12-27T17:30:00+01:00,0.0
2025-12-27T17:45:00+01:00,0.0
2025-12-27T18:00:00+01:00,0.0
2025-12-27T18:15:00+01:00,0.0
2025-12-27T18:30:00+01:00,0.0
2025-12-27T18:45:00+01:00,0.0
2025-12-27T19:00:00+01:00,0.0
2025-12-27T19:15:00+01:00,0.0
2025-12-27T19:30:00+01:00,0.0
2025-12-27T19:45:00+01:00,0.0
2025-12-27T20:00:00+01:00,0.0
2025-12-27T20:15:00+01:00,0.0
2025-12-27T20:30:00+01:00,0.0
2025-12-27T20:45:00+01:00,0.0
2025-12-27T21:00:00+01:00,0.0
2025-12-27T21:15:00+01:00,0.0
2025-12-27T21:30:00+01:00,0.0
2025-12-27T21:45:00+01:00,0.0
2025-12-27T22:00:00+01:00,0.0
2025-12-27T22:15:00+01:00,0.0
2025-12-27T22:30:00+01:00,0.0
2025-12-27T22:45:00+01:00,0.0
2025-12-27T23:00:00+01:00,0.0
2025-12-27T23:15:00+01:00,0.0
2025-12-27T23:30:00+01:00,0.0
2025-12-27T23:45:00+01:00,0.0
2025-12-28T00:00:00+01:00,0.0
2025-12-28T00:15:00+01:00,0.0
2025-12-28T00:30:00+01:00,0.0
2025-12-28T00:45:00+01:00,0.0
2025-12-28T01:00:00+01:00,0.0
2025-12-28T01:15:00+01:00,0.0
2025-12-28T01:30:00+01:00,0.0
2025-12-28T01:45:00+01:00,0.0
2025-12-28T02:00:00+01:00,0.0
2025-12-28T02:15:00+01:00,0.0
2025-12-28T02:30:00+01:00,0.0
2025-12-28T02:45:00+01:00,0.0
2025-12-28T03:00:00+01:00,0.0
2025-12-28T03:15:00+01:00,0.0
2025-12-28T03:30:00+01:00,0.0
2025-12-28T03:45:00+01:00,0.0
2025-12-28T04:00:00+01:00,0.0
2025-12-28T04:15:00+01:00,0.0
2025-12-28T04:30:00+01:00,0.0
2025-12-28T04:45:00+01:00,0.0
2025-12-28T05:00:00+01:00,0.0
2025-12-28T05:15:00+01:00,0.0
2025-12-28T05:30:00+01:00,0.0
2025-12-28T05:45:00+01:00,0.0
2025-12-28T06:00:00+01:00,0.0
2025-12-28T06:15:00+01:00,0.0
2025-12-28T06:30:00+01:00,0.0
2025-12-28T06:45:00+01:00,0.0
2025-12-28T07:00:00+01:00,0.0
2025-12-28T07:15:00+01:00,0.0
2025-12-28T07:30:00+01:00,0.0
2025-12-28T07:45:00+01:00,0.0
2025-12-28T08:00:00+01:00,0.0
2025-12-28T08:15:00+01:00,0.0
2025-12-28T08:30:00+01:00,0.0
2025-12-28T08:45:00+01:00,0.0
2025-12-28T09:00:00+01:00,0.0
2025-12-28T09:15:00+01:00,0.0
2025-12-28T09:30:00+01:00,0.0
2025-12-28T09:45:00+01:00,0.0
2025-12-28T10:00:00+01:00,0.0
2025-12-28T10:15:00+01:00,0.0
2025-12-28T10:30:00+01:00,0.0
2025-12-28T10:45:00+01:00,0.0
2025-12-28T11:00:00+01:00,0.0
2025-12-28T11:15:00+01:00,0.0
2025-12-28T11:30:00+01:00,0.0
2025-12-28T11:45:00+01:00,0.0
2025-12-28T12:00:00+01:00,0.0
2025-12-28T12:15:00+01:00,0.0
2025-12-28T12:30:00+01:00,0.0
2025-12-28T12:45:00+01:00,0.0
2025-12-28T13:00:00+01:00,0.0
2025-12-28T13:15:00+01:00,0.0
2025-12-28T13:30:00+01:00,0.0
2025-12-28T13:45:00+01:00,0.0
2025-12-28T14:00:00+01:00,0.0
2025-12-28T14:15:00+01:00,0.0
2025-12-28T14:30:00+01:00,0.0
2025-12-28T14:45:00+01:00,0.0
2025-12-28T15:00:00+01:00,0.0
2025-12-28T15:15:00+01:00,0.0
2025-12-28T15:30:00+01:00,0.0
2025-12-28T15:45:00+01:00,0.0
2025-12-28T16:00:00+01:00,0.0
2025-12-28T16:15:00+01:00,0.0
2025-12-28T16:30:00+01:00,0.0
2025-12-28T16:45:00+01:00,0.0
2025-12-28T17:00:00+01:00,0.0
2025-12-28T17:15:00+01:00,0.0
2025-12-28T17:30:00+01:00,0.0
2025-12-28T17:45:00+01:00,0.0
2025-12-28T18:00:00+01:00,0.0
2025-12-28T18:15:00+01:00,0.0
2025-12-28T18:30:00+01:00,0.0
2025-12-28T18:45:00+01:00,0.0
2025-12-28T19:00:00+01:00,0.0
2025-12-28T19:15:00+01:00,0.0
2025-12-28T19:30:00+01:00,0.0
2025-12-28T19:45:00+01:00,0.0
2025-12-28T20:00:00+01:00,0.0
2025-12-28T20:15:00+01:00,0.0
2025-12-28T20:30:00+01:00,0.0
2025-12-28T20:45:00+01:00,0.0
2025-12-28T21:00:00+01:00,0.0
2025-12-28T21:15:00+01:00,0.0
2025-12-28T21:30:00+01:00,0.0
2025-12-28T21:45:00+01:00,0.0
2025-12-28T22:00:00+01:00,0.0
2025-12-28T22:15:00+01:00,0.0
2025-12-28T22:30:00+01:00,0.0
2025-12-28T22:45:00+01:00,0.0
2025-12-28T23:00:00+01:00,0.0
2025-12-28T23:15:00+01:00,0.0
2025-12-28T23:30:00+01:00,0.0
2025-12-28T23:45:00+01:00,0.0
2025-12-29T00:00:00+01:00,0.0
2025-12-29T00:15:00+01:00,0.0
2025-12-29T00:30:00+01:00,0.0
2025-12-29T00:45:00+01:00,0.0
2025-12-29T01:00:00+01:00,0.0
2025-12-29T01:15:00+01:00,0.0
2025-12-29T01:30:00+01:00,0.0
2025-12-29T01:45:00+01:00,0.0
2025-12-29T02:00:00+01:00,0.0
2025-12-29T02:15:00+01:00,0.0
2025-12-29T02:30:00+01:00,0.0
2025-12-29T02:45:00+01:00,0.0
2025-12-29T03:00:00+01:00,0.0
2025-12-29T03:15:00+01:00,0.0
2025-12-29T03:30:00+01:00,0.0
2025-12-29T03:45:00+01:00,0.0
2025-12-29T04:00:00+01:00,0.0
2025-12-29T04:15:00+01:00,0.0
2025-12-29T04:30:00+01:00,0.0
2025-12-29T04:45:00+01:00,0.0
2025-12-29T05:00:00+01:00,0.0
2025-12-29T05:15:00+01:00,0.0
2025-12-29T05:30:00+01:00,0.0
2025-12-29T05:45:00+01:00,0.0
2025-12-29T06:00:00+01:00,0.0
2025-12-29T06:15:00+01:00,0.0
2025-12-29T06:30:00+01:00,0.0
2025-12-29T06:45:00+01:00,0.0
2025-12-29T07:00:00+01:00,0.0
2025-12-29T07:15:00+01:00,0.0
2025-12-29T07:30:00+01:00,0.0
2025-12-29T07:45:00+01:00,0.0
2025-12-29T08:00:00+01:00,0.0
2025-12-29T08:15:00+01:00,0.0
2025-12-29T08:30:00+01:00,0.0
2025-12-29T08:45:00+01:00,0.0
2025-12-29T09:00:00+01:00,0.0
2025-12-29T09:15:00+01:00,0.0
2025-12-29T09:30:00+01:00,0.0
2025-12-29T09:45:00+01:00,0.0
2025-12-29T10:00:00+01:00,0.0
2025-12-29T10:15:00+01:00,0.0
2025-12-29T10:30:00+01:00,0.0
2025-12-29T10:45:00+01:00,0.0
2025-12-29T11:00:00+01:00,0.0
2025-12-29T11:15:00+01:00,0.0
2025-12-29T11:30:00+01:00,0.0
2025-12-29T11:45:00+01:00,0.0
2025-12-29T12:00:00+01:00,0.0
2025-12-29T12:15:00+01:00,0.0
2025-12-29T12:30:00+01:00,0.0
2025-12-29T12:45:00+01:00,0.0
2025-12-29T13:00:00+01:00,0.0
2025-12-29T13:15:00+01:00,0.0
2025-12-29T13:30:00+01:00,0.0
2025-12-29T13:45:00+01:00,0.0
2025-12-29T14:00:00+01:00,0.0
2025-12-29T14:15:00+01:00,0.0
2025-12-29T14:30:00+01:00,0.0
2025-12-29T14:45:00+01:00,0.0
2025-12-29T15:00:00+01:00,0.0
2025-12-29T15:15:00+01:00,0.0
2025-12-29T15:30:00+01:00,0.0
2025-12-29T15:45:00+01:00,0.0
2025-12-29T16:00:00+01:00,0.0
2025-12-29T16:15:00+01:00,0.0
2025-12-29T16:30:00+01:00,0.0
2025-12-29T16:45:00+01:00,0.0
2025-12-29T17:00:00+01:00,0.0
2025-12-29T17:15:00+01:00,0.0
2025-12-29T17:30:00+01:00,0.0
2025-12-29T17:45:00+01:00,0.0
2025-12-29T18:00:00+01:00,0.0
2025-12-29T18:15:00+01:00,0.0
2025-12-29T18:30:00+01:00,0.0
2025-12-29T18:45:00+01:00,0.0
2025-12-29T19:00:00+01:00,0.0
2025-12-29T19:15:00+01:00,0.0
2025-12-29T19:30:00+01:00,0.0
2025-12-29T19:45:00+01:00,0.0
2025-12-29T20:00:00+01:00,0.0
2025-12-29T20:15:00+01:00,0.0
2025-12-29T20:30:00+01:00,0.0
2025-12-29T20:45:00+01:00,0.0
2025-12-29T21:00:00+01:00,0.0
2025-12-29T21:15:00+01:00,0.0
2025-12-29T21:30:00+01:00,0.0
2025-12-29T21:45:00+01:00,0.0
2025-12-29T22:00:00+01:00,0.0
2025-12-29T22:15:00+01:00,0.0
2025-12-29T22:30:00+01:00,0.0
2025-12-29T22:45:00+01:00,0.0
2025-12-29T23:00:00+01:00,0.0
2025-12-29T23:15:00+01:00,0.0
2025-12-29T23:30:00+01:00,0.0
2025-12-29T23:45:00+01:00,0.0
2025-12-30T00:00:00+01:00,0.0
2025-12-30T00:15:00+01:00,0.0
2025-12-30T00:30:00+01:00,0.0
2025-12-30T00:45:00+01:00,0.0
2025-12-30T01:00:00+01:00,0.0
2025-12-30T01:15:00+01:00,0.0
2025-12-30T01:30:00+01:00,0.0
2025-12-30T01:45:00+01:00,0.0
2025-12-30T02:00:00+01:00,0.0
2025-12-30T02:15:00+01:00,0.0
2025-12-30T02:30:00+01:00,0.0
2025-12-30T02:45:00+01:00,0.0
2025-12-30T03:00:00+01:00,0.0
2025-12-30T03:15:00+01:00,0.0
2025-12-30T03:30:00+01:00,0.0
2025-12-30T03:45:00+01:00,0.0
2025-12-30T04:00:00+01:00,0.0
2025-12-30T04:15:00+01:00,0.0
2025-12-30T04:30:00+01:00,0.0
2025-12-30T04:45:00+01:00,0.0
2025-12-30T05:00:00+01:00,0.0
2025-12-30T05:15:00+01:00,0.0
2025-12-30T05:30:00+01:00,0.0
2025-12-30T05:45:00+01:00,0.0
2025-12-30T06:00:00+01:00,0.0
2025-12-30T06:15:00+01:00,0.0
2025-12-30T06:30:00+01:00,0.0
2025-12-30T06:45:00+01:00,0.0
2025-12-30T07:00:00+01:00,0.0
2025-12-30T07:15:00+01:00,0.0
2025-12-30T07:30:00+01:00,0.0
2025-12-30T07:45:00+01:00,0.0
2025-12-30T08:00:00+01:00,0.0
2025-12-30T08:15:00+01:00,0.0
2025-12-30T08:30:00+01:00,0.0
2025-12-30T08:45:00+01:00,0.0
2025-12-30T09:00:00+01:00,0.0
2025-12-30T09:15:00+01:00,0.0
2025-12-30T09:30:00+01:00,0.0
2025-12-30T09:45:00+01:00,0.0
2025-12-30T10:00:00+01:00,0.0
2025-12-30T10:15:00+01:00,0.0
2025-12-30T10:30:00+01:00,0.0
2025-12-30T10:45:00+01:00,0.0
2025-12-30T11:00:00+01:00,0.0
2025-12-30T11:15:00+01:00,0.0
2025-12-30T11:30:00+01:00,0.0
2025-12-30T11:45:00+01:00,0.0
2025-12-30T12:00:00+01:00,0.0
2025-12-30T12:15:00+01:00,0.0
2025-12-30T12:30:00+01:00,0.0
2025-12-30T12:45:00+01:00,0.0
2025-12-30T13:00:00+01:00,0.0
2025-12-30T13:15:00+01:00,0.0
2025-12-30T13:30:00+01:00,0.0
2025-12-30T13:45:00+01:00,0.0
2025-12-30T14:00:00+01:00,0.0
2025-12-30T14:15:00+01:00,0.0
2025-12-30T14:30:00+01:00,0.0
2025-12-30T14:45:00+01:00,0.0
2025-12-30T15:00:00+01:00,0.0
2025-12-30T15:15:00+01:00,0.0
2025-12-30T15:30:00+01:00,0.0
2025-12-30T15:45:00+01:00,0.0
2025-12-30T16:00:00+01:00,0.0
2025-12-30T16:15:00+01:00,0.0
2025-12-30T16:30:00+01:00,0.0
2025-12-30T16:45:00+01:00,0.0
2025-12-30T17:00:00+01:00,0.0
2025-12-30T17:15:00+01:00,0.0
2025-12-30T17:30:00+01:00,0.0
2025-12-30T17:45:00+01:00,0.0
2025-12-30T18:00:00+01:00,0.0
2025-12-30T18:15:00+01:00,0.0
2025-12-30T18:30:00+01:00,0.0
2025-12-30T18:45:00+01:00,0.0
2025-12-30T19:00:00+01:00,0.0
2025-12-30T19:15:00+01:00,0.0
2025-12-30T19:30:00+01:00,0.0
2025-12-30T19:45:00+01:00,0.0
2025-12-30T20:00:00+01:00,0.0
2025-12-30T20:15:00+01:00,0.0
2025-12-30T20:30:00+01:00,0.0
2025-12-30T20:45:00+01:00,0.0
2025-12-30T21:00:00+01:00,0.0
2025-12-30T21:15:00+01:00,0.0
2025-12-30T21:30:00+01:00,0.0
2025-12-30T21:45:00+01:00,0.0
2025-12-30T22:00:00+01:00,0.0
2025-12-30T22:15:00+01:00,0.0
2025-12-30T22:30:00+01:00,0.0
2025-12-30T22:45:00+01:00,0.0
2025-12-30T23:00:00+01:00,0.0
2025-12-30T23:15:00+01:00,0.0
2025-12-30T23:30:00+01:00,0.0
2025-12-30T23:45:00+01:00,0.0
2025-12-31T00:00:00+01:00,0.0
2025-12-31T00:15:00+01:00,0.0
2025-12-31T00:30:00+01:00,0.0
2025-12-31T00:45:00+01:00,0.0
2025-12-31T01:00:00+01:00,0.0
2025-12-31T01:15:00+01:00,0.0
2025-12-31T01:30:00+01:00,0.0
2025-12-31T01:45:00+01:00,0.0
2025-12-31T02:00:00+01:00,0.0
2025-12-31T02:15:00+01:00,0.0
2025-12-31T02:30:00+01:00,0.0
2025-12-31T02:45:00+01:00,0.0
2025-12-31T03:00:00+01:00,0.0
2025-12-31T03:15:00+01:00,0.0
2025-12-31T03:30:00+01:00,0.0
2025-12-31T03:45:00+01:00,0.0
2025-12-31T04:00:00+01:00,0.0
2025-12-31T04:15:00+01:00,0.0
2025-12-31T04:30:00+01:00,0.0
2025-12-31T04:45:00+01:00,0.0
2025-12-31T05:00:00+01:00,0.0
2025-12-31T05:15:00+01:00,0.0
2025-12-31T05:30:00+01:00,0.0
2025-12-31T05:45:00+01:00,0.0
2025-12-31T06:00:00+01:00,0.0
2025-12-31T06:15:00+01:00,0.0
2025-12-31T06:30:00+01:00,0.0
2025-12-31T06:45:00+01:00,0.0
2025-12-31T07:00:00+01:00,0.0
2025-12-31T07:15:00+01:00,0.0
2025-12-31T07:30:00+01:00,0.0
2025-12-31T07:45:00+01:00,0.0
2025-12-31T08:00:00+01:00,0.0
2025-12-31T08:15:00+01:00,0.0
2025-12-31T08:30:00+01:00,0.0
2025-12-31T08:45:00+01:00,0.0
2025-12-31T09:00:00+01:00,0.0
2025-12-31T09:15:00+01:00,0.0
2025-12-31T09:30:00+01:00,0.0
2025-12-31T09:45:00+01:00,0.0
2025-12-31T10:00:00+01:00,0.0
2025-12-31T10:15:00+01:00,0.0
2025-12-31T10:30:00+01:00,0.0
2025-12-31T10:45:00+01:00,0.0
2025-12-31T11:00:00+01:00,0.0
2025-12-31T11:15:00+01:00,0.0
2025-12-31T11:30:00+01:00,0.0
2025-12-31T11:45:00+01:00,0.0
2025-12-31T12:00:00+01:00,0.0
2025-12-31T12:15:00+01:00,0.0
2025-12-31T12:30:00+01:00,0.0
2025-12-31T12:45:00+01:00,0.0
2025-12-31T13:00:00+01:00,0.0
2025-12-31T13:15:00+01:00,0.0
2025-12-31T13:30:00+01:00,0.0
2025-12-31T13:45:00+01:00,0.0
2025-12-31T14:00:00+01:00,0.0
2025-12-31T14:15:00+01:00,0.0
2025-12-31T14:30:00+01:00,0.0
2025-12-31T14:45:00+01:00,0.0
2025-12-31T15:00:00+01:00,0.0
2025-12-31T15:15:00+01:00,0.0
2025-12-31T15:30:00+01:00,0.0
2025-12-31T15:45:00+01:00,0.0
2025-12-31T16:00:00+01:00,0.0
2025-12-31T16:15:00+01:00,0.0
2025-12-31T16:30:00+01:00,0.0
2025-12-31T16:45:00+01:00,0.0
2025-12-31T17:00:00+01:00,0.0
2025-12-31T17:15:00+01:00,0.0
2025-12-31T17:30:00+01:00,0.0
2025-12-31T17:45:00+01:00,0.0
2025-12-31T18:00:00+01:00,0.0
2025-12-31T18:15:00+01:00,0.0
2025-12-31T18:30:00+01:00,0.0
2025-12-31T18:45:00+01:00,0.0
2025-12-31T19:00:00+01:00,0.0
2025-12-31T19:15:00+01:00,0.0
2025-12-31T19:30:00+01:00,0.0
2025-12-31T19:45:00+01:00,0.0
2025-12-31T20:00:00+01:00,0.0
2025-12-31T20:15:00+01:00,0.0
2025-12-31T20:30:00+01:00,0.0
2025-12-31T20:45:00+01:00,0.0
2025-12-31T21:00:00+01:00,0.0
2025-12-31T21:15:00+01:00,0.0
2025-12-31T21:30:00+01:00,0.0
2025-12-31T21:45:00+01:00,0.0
2025-12-31T22:00:00+01:00,0.0
2025-12-31T22:15:00+01:00,0.0
2025-12-31T22:30:00+01:00,0.0
2025-12-31T22:45:00+01:00,0.0
2025-12-31T23:00:00+01:00,0.0
2025-12-31T23:15:00+01:00,0.0
2025-12-31T23:30:00+01:00,0.0
2025-12-31T23:45:00+01:00,0.0
2026-01-01T00:00:00+01:00,0.0
2026-01-01T00:15:00+01:00,0.0
2026-01-01T00:30:00+01:00,0.0
2026-01-01T00:45:00+01:00,0.0
2026-01-01T01:00:00+01:00,0.0
2026-01-01T01:15:00+01:00,0.0
2026-01-01T01:30:00+01:00,0.0
2026-01-01T01:45:00+01:00,0.0
2026-01-01T02:00:00+01:00,0.0
2026-01-01T02:15:00+01:00,0.0
2026-01-01T02:30:00+01:00,0.0
2026-01-01T02:45:00+01:00,0.0
2026-01-01T03:00:00+01:00,0.0
2026-01-01T03:15:00+01:00,0.0
2026-01-01T03:30:00+01:00,0.0
2026-01-01T03:45:00+01:00,0.0
2026-01-01T04:00:00+01:00,0.0
2026-01-01T04:15:00+01:00,0.0
2026-01-01T04:30:00+01:00,0.0
2026-01-01T04:45:00+01:00,0.0
2026-01-01T05:00:00+01:00,0.0
2026-01-01T05:15:00+01:00,0.0
2026-01-01T05:30:00+01:00,0.0
2026-01-01T05:45:00+01:00,0.0
2026-01-01T06:00:00+01:00,0.0
2026-01-01T06:15:00+01:00,0.0
2026-01-01T06:30:00+01:00,0.0
2026-01-01T06:45:00+01:00,0.0
2026-01-01T07:00:00+01:00,0.0
2026-01-01T07:15:00+01:00,0.0
2026-01-01T07:30:00+01:00,0.0
2026-01-01T07:45:00+01:00,0.0
2026-01-01T08:00:00+01:00,0.0
2026-01-01T08:15:00+01:00,0.0
2026-01-01T08:30:00+01:00,0.0
2026-01-01T08:45:00+01:00,0.0
2026-01-01T09:00:00+01:00,0.0
2026-01-01T09:15:00+01:00,0.0
2026-01-01T09:30:00+01:00,0.0
2026-01-01T09:45:00+01:00,0.0
2026-01-01T10:00:00+01:00,0.0
2026-01-01T10:15:00+01:00,0.0
2026-01-01T10:30:00+01:00,0.0
2026-01-01T10:45:00+01:00,0.0
2026-01-01T11:00:00+01:00,0.0
2026-01-01T11:15:00+01:00,0.0
2026-01-01T11:30:00+01:00,0.0
2026-01-01T11:45:00+01:00,0.0
2026-01-01T12:00:00+01:00,0.0
2026-01-01T12:15:00+01:00,0.0
2026-01-01T12:30:00+01:00,0.0
2026-01-01T12:45:00+01:00,0.0
2026-01-01T13:00:00+01:00,0.0
2026-01-01T13:15:00+01:00,0.0
2026-01-01T13:30:00+01:00,0.0
2026-01-01T13:45:00+01:00,0.0
2026-01-01T14:00:00+01:00,0.0
2026-01-01T14:15:00+01:00,0.0
2026-01-01T14:30:00+01:00,0.0
2026-01-01T14:45:00+01:00,0.0
2026-01-01T15:00:00+01:00,0.0
2026-01-01T15:15:00+01:00,0.0
2026-01-01T15:30:00+01:00,0.0
2026-01-01T15:45:00+01:00,0.0
2026-01-01T16:00:00+01:00,0.0
2026-01-01T16:15:00+01:00,0.0
2026-01-01T16:30:00+01:00,0.0
2026-01-01T16:45:00+01:00,0.0
2026-01-01T17:00:00+01:00,0.0
2026-01-01T17:15:00+01:00,0.0
2026-01-01T17:30:00+01:00,0.0
2026-01-01T17:45:00+01:00,0.0
2026-01-01T18:00:00+01:00,0.0
2026-01-01T18:15:00+01:00,0.0
2026-01-01T18:30:00+01:00,0.0
2026-01-01T18:45:00+01:00,0.0
2026-01-01T19:00:00+01:00,0.0
2026-01-01T19:15:00+01:00,0.0
2026-01-01T19:30:00+01:00,0.0
2026-01-01T19:45:00+01:00,0.0
2026-01-01T20:00:00+01:00,0.0
2026-01-01T20:15:00+01:00,0.0
2026-01-01T20:30:00+01:00,0.0
2026-01-01T20:45:00+01:00,0.0
2026-01-01T21:00:00+01:00,0.0
2026-01-01T21:15:00+01:00,0.0
2026-01-01T21:30:00+01:00,0.0
2026-01-01T21:45:00+01:00,0.0
2026-01-01T22:00:00+01:00,0.0
2026-01-01T22:15:00+01:00,0.0
2026-01-01T22:30:00+01:00,0.0
2026-01-01T22:45:00+01:00,0.0
2026-01-01T23:00:00+01:00,0.0
2026-01-01T23:15:00+01:00,0.0
2026-01-01T23:30:00+01:00,0.0
2026-01-01T23:45:00+01:00,0.0
2026-01-02T00:00:00+01:00,0.0
2026-01-02T00:15:00+01:00,0.0
2026-01-02T00:30:00+01:00,0.0
2026-01-02T00:45:00+01:00,0.0
2026-01-02T01:00:00+01:00,0.0
2026-01-02T01:15:00+01:00,0.0
2026-01-02T01:30:00+01:00,0.0
2026-01-02T01:45:00+01:00,0.0
2026-01-02T02:00:00+01:00,0.0
2026-01-02T02:15:00+01:00,0.0
2026-01-02T02:30:00+01:00,0.0
2026-01-02T02:45:00+01:00,0.0
2026-01-02T03:00:00+01:00,0.0
2026-01-02T03:15:00+01:00,0.0
2026-01-02T03:30:00+01:00,0.0
2026-01-02T03:45:00+01:00,0.0
2026-01-02T04:00:00+01:00,0.0
2026-01-02T04:15:00+01:00,0.0
2026-01-02T04:30:00+01:00,0.0
2026-01-02T04:45:00+01:00,0.0
2026-01-02T05:00:00+01:00,0.0
2026-01-02T05:15:00+01:00,0.0
2026-01-02T05:30:00+01:00,0.0
2026-01-02T05:45:00+01:00,0.0
2026-01-02T06:00:00+01:00,0.0
2026-01-02T06:15:00+01:00,0.0
2026-01-02T06:30:00+01:00,0.0
2026-01-02T06:45:00+01:00,0.0
2026-01-02T07:00:00+01:00,0.0
2026-01-02T07:15:00+01:00,0.0
2026-01-02T07:30:00+01:00,0.0
2026-01-02T07:45:00+01:00,0.0
2026-01-02T08:00:00+01:00,0.0
2026-01-02T08:15:00+01:00,0.0
2026-01-02T08:30:00+01:00,0.0
2026-01-02T08:45:00+01:00,0.0
2026-01-02T09:00:00+01:00,0.0
2026-01-02T09:15:00+01:00,0.0
2026-01-02T09:30:00+01:00,0.0
2026-01-02T09:45:00+01:00,0.0
2026-01-02T10:00:00+01:00,0.0
2026-01-02T10:15:00+01:00,0.0
2026-01-02T10:30:00+01:00,0.0
2026-01-02T10:45:00+01:00,0.0
2026-01-02T11:00:00+01:00,0.0
2026-01-02T11:15:00+01:00,0.0
2026-01-02T11:30:00+01:00,0.0
2026-01-02T11:45:00+01:00,0.0
2026-01-02T12:00:00+01:00,0.0
2026-01-02T12:15:00+01:00,0.0
2026-01-02T12:30:00+01:00,0.0
2026-01-02T12:45:00+01:00,0.0
2026-01-02T13:00:00+01:00,0.0
2026-01-02T13:15:00+01:00,0.0
2026-01-02T13:30:00+01:00,0.0
2026-01-02T13:45:00+01:00,0.0
2026-01-02T14:00:00+01:00,0.0
2026-01-02T14:15:00+01:00,0.0
2026-01-02T14:30:00+01:00,0.0
2026-01-02T14:45:00+01:00,0.0
2026-01-02T15:00:00+01:00,0.0
2026-01-02T15:15:00+01:00,0.0
2026-01-02T15:30:00+01:00,0.0
2026-01-02T15:45:00+01:00,0.0
2026-01-02T16:00:00+01:00,0.0
2026-01-02T16:15:00+01:00,0.0
2026-01-02T16:30:00+01:00,0.0
2026-01-02T16:45:00+01:00,0.0
2026-01-02T17:00:00+01:00,0.0
2026-01-02T17:15:00+01:00,0.0
2026-01-02T17:30:00+01:00,0.0
2026-01-02T17:45:00+01:00,0.0
2026-01-02T18:00:00+01:00,0.0
2026-01-02T18:15:00+01:00,0.0
2026-01-02T18:30:00+01:00,0.0
2026-01-02T18:45:00+01:00,0.0
2026-01-02T19:00:00+01:00,0.0
2026-01-02T19:15:00+01:00,0.0
2026-01-02T19:30:00+01:00,0.0
2026-01-02T19:45:00+01:00,0.0
2026-01-02T20:00:00+01:00,0.0
2026-01-02T20:15:00+01:00,0.0
2026-01-02T20:30:00+01:00,0.0
2026-01-02T20:45:00+01:00,0.0
2026-01-02T21:00:00+01:00,0.0
2026-01-02T21:15:00+01:00,0.0
2026-01-02T21:30:00+01:00,0.0
2026-01-02T21:45:00+01:00,0.0
2026-01-02T22:00:00+01:00,0.0
2026-01-02T22:15:00+01:00,0.0
2026-01-02T22:30:00+01:00,0.0
2026-01-02T22:45:00+01:00,0.0
2026-01-02T23:00:00+01:00,0.0
2026-01-02T23:15:00+01:00,0.0
2026-01-02T23:30:00+01:00,0.0
2026-01-02T23:45:00+01:00,0.0
2026-01-03T00:00:00+01:00,0.0
2026-01-03T00:15:00+01:00,0.0
2026-01-03T00:30:00+01:00,0.0
2026-01-03T00:45:00+01:00,0.0
2026-01-03T01:00:00+01:00,0.0
2026-01-03T01:15:00+01:00,0.0
2026-01-03T01:30:00+01:00,0.0
2026-01-03T01:45:00+01:00,0.0
2026-01-03T02:00:00+01:00,0.0
2026-01-03T02:15:00+01:00,0.0
2026-01-03T02:30:00+01:00,0.0
2026-01-03T02:45:00+01:00,0.0
2026-01-03T03:00:00+01:00,0.0
2026-01-03T03:15:00+01:00,0.0
2026-01-03T03:30:00+01:00,0.0
2026-01-03T03:45:00+01:00,0.0
2026-01-03T04:00:00+01:00,0.0
2026-01-03T04:15:00+01:00,0.0
2026-01-03T04:30:00+01:00,0.0
2026-01-03T04:45:00+01:00,0.0
2026-01-03T05:00:00+01:00,0.0
2026-01-03T05:15:00+01:00,0.0
2026-01-03T05:30:00+01:00,0.0
2026-01-03T05:45:00+01:00,0.0
2026-01-03T06:00:00+01:00,0.0
2026-01-03T06:15:00+01:00,0.0
2026-01-03T06:30:00+01:00,0.0
2026-01-03T06:45:00+01:00,0.0
2026-01-03T07:00:00+01:00,0.0
2026-01-03T07:15:00+01:00,0.0
2026-01-03T07:30:00+01:00,0.0
2026-01-03T07:45:00+01:00,0.0
2026-01-03T08:00:00+01:00,0.0
2026-01-03T08:15:00+01:00,0.0
2026-01-03T08:30:00+01:00,0.0
2026-01-03T08:45:00+01:00,0.0
2026-01-03T09:00:00+01:00,0.0
2026-01-03T09:15:00+01:00,0.0
2026-01-03T09:30:00+01:00,0.0
2026-01-03T09:45:00+01:00,0.0
2026-01-03T10:00:00+01:00,0.0
2026-01-03T10:15:00+01:00,0.0
2026-01-03T10:30:00+01:00,0.0
2026-01-03T10:45:00+01:00,0.0
2026-01-03T11:00:00+01:00,0.0
2026-01-03T11:15:00+01:00,0.0
2026-01-03T11:30:00+01:00,0.0
2026-01-03T11:45:00+01:00,0.0
2026-01-03T12:00:00+01:00,0.0
2026-01-03T12:15:00+01:00,0.0
2026-01-03T12:30:00+01:00,0.0
2026-01-03T12:45:00+01:00,0.0
2026-01-03T13:00:00+01:00,0.0
2026-01-03T13:15:00+01:00,0.0
2026-01-03T13:30:00+01:00,0.0
2026-01-03T13:45:00+01:00,0.0
2026-01-03T14:00:00+01:00,0.0
2026-01-03T14:15:00+01:00,0.0
2026-01-03T14:30:00+01:00,0.0
2026-01-03T14:45:00+01:00,0.0
2026-01-03T15:00:00+01:00,0.0
2026-01-03T15:15:00+01:00,0.0
2026-01-03T15:30:00+01:00,0.0
2026-01-03T15:45:00+01:00,0.0
2026-01-03T16:00:00+01:00,0.0
2026-01-03T16:15:00+01:00,0.0
2026-01-03T16:30:00+01:00,0.0
2026-01-03T16:45:00+01:00,0.0
2026-01-03T17:00:00+01:00,0.0
2026-01-03T17:15:00+01:00,0.0
2026-01-03T17:30:00+01:00,0.0
2026-01-03T17:45:00+01:00,0.0
2026-01-03T18:00:00+01:00,0.0
2026-01-03T18:15:00+01:00,0.0
2026-01-03T18:30:00+01:00,0.0
2026-01-03T18:45:00+01:00,0.0
2026-01-03T19:00:00+01:00,0.0
2026-01-03T19:15:00+01:00,0.0
2026-01-03T19:30:00+01:00,0.0
2026-01-03T19:45:00+01:00,0.0
2026-01-03T20:00:00+01:00,0.0
2026-01-03T20:15:00+01:00,0.0
2026-01-03T20:30:00+01:00,0.0
2026-01-03T20:45:00+01:00,0.0
2026-01-03T21:00:00+01:00,0.0
2026-01-03T21:15:00+01:00,0.0
2026-01-03T21:30:00+01:00,0.0
2026-01-03T21:45:00+01:00,0.0
2026-01-03T22:00:00+01:00,0.0
2026-01-03T22:15:00+01:00,0.0
2026-01-03T22:30:00+01:00,0.0
2026-01-03T22:45:00+01:00,0.0
2026-01-03T23:00:00+01:00,0.0
2026-01-03T23:15:00+01:00,0.0
2026-01-03T23:30:00+01:00,0.0
2026-01-03T23:45:00+01:00,0.0
2026-01-04T00:00:00+01:00,0.0
2026-01-04T00:15:00+01:00,0.0
2026-01-04T00:30:00+01:00,0.0
2026-01-04T00:45:00+01:00,0.0
2026-01-04T01:00:00+01:00,0.0
2026-01-04T01:15:00+01:00,0.0
2026-01-04T01:30:00+01:00,0.0
2026-01-04T01:45:00+01:00,0.0
2026-01-04T02:00:00+01:00,0.0
2026-01-04T02:15:00+01:00,0.0
2026-01-04T02:30:00+01:00,0.0
2026-01-04T02:45:00+01:00,0.0
2026-01-04T03:00:00+01:00,0.0
2026-01-04T03:15:00+01:00,0.0
2026-01-04T03:30:00+01:00,0.0
2026-01-04T03:45:00+01:00,0.0
2026-01-04T04:00:00+01:00,0.0
2026-01-04T04:15:00+01:00,0.0
2026-01-04T04:30:00+01:00,0.0
2026-01-04T04:45:00+01:00,0.0
2026-01-04T05:00:00+01:00,0.0
2026-01-04T05:15:00+01:00,0.0
2026-01-04T05:30:00+01:00,0.0
2026-01-04T05:45:00+01:00,0.0
2026-01-04T06:00:00+01:00,0.0
2026-01-04T06:15:00+01:00,0.0
2026-01-04T06:30:00+01:00,0.0
2026-01-04T06:45:00+01:00,0.0
2026-01-04T07:00:00+01:00,0.0
2026-01-04T07:15:00+01:00,0.0
2026-01-04T07:30:00+01:00,0.0
2026-01-04T07:45:00+01:00,0.0
2026-01-04T08:00:00+01:00,0.0
2026-01-04T08:15:00+01:00,0.0
2026-01-04T08:30:00+01:00,0.0
2026-01-04T08:45:00+01:00,0.0
2026-01-04T09:00:00+01:00,0.0
2026-01-04T09:15:00+01:00,0.0
2026-01-04T09:30:00+01:00,0.0
2026-01-04T09:45:00+01:00,0.0
2026-01-04T10:00:00+01:00,0.0
2026-01-04T10:15:00+01:00,0.0
2026-01-04T10:30:00+01:00,0.0
2026-01-04T10:45:00+01:00,0.0
2026-01-04T11:00:00+01:00,0.0
2026-01-04T11:15:00+01:00,0.0
2026-01-04T11:30:00+01:00,0.0
2026-01-04T11:45:00+01:00,0.0
2026-01-04T12:00:00+01:00,0.0
2026-01-04T12:15:00+01:00,0.0
2026-01-04T12:30:00+01:00,0.0
2026-01-04T12:45:00+01:00,0.0
2026-01-04T13:00:00+01:00,0.0
2026-01-04T13:15:00+01:00,0.0
2026-01-04T13:30:00+01:00,0.0
2026-01-04T13:45:00+01:00,0.0
2026-01-04T14:00:00+01:00,0.0
2026-01-04T14:15:00+01:00,0.0
2026-01-04T14:30:00+01:00,0.0
2026-01-04T14:45:00+01:00,0.0
2026-01-04T15:00:00+01:00,0.0
2026-01-04T15:15:00+01:00,0.0
2026-01-04T15:30:00+01:00,0.0
2026-01-04T15:45:00+01:00,0.0
2026-01-04T16:00:00+01:00,0.0
2026-01-04T16:15:00+01:00,0.0
2026-01-04T16:30:00+01:00,0.0
2026-01-04T16:45:00+01:00,0.0
2026-01-04T17:00:00+01:00,0.0
2026-01-04T17:15:00+01:00,0.0
2026-01-04T17:30:00+01:00,0.0
2026-01-04T17:45:00+01:00,0.0
2026-01-04T18:00:00+01:00,0.0
2026-01-04T18:15:00+01:00,0.0
2026-01-04T18:30:00+01:00,0.0
2026-01-04T18:45:00+01:00,0.0
2026-01-04T19:00:00+01:00,0.0
2026-01-04T19:15:00+01:00,0.0
2026-01-04T19:30:00+01:00,0.0
2026-01-04T19:45:00+01:00,0.0
2026-01-04T20:00:00+01:00,0.0
2026-01-04T20:15:00+01:00,0.0
2026-01-04T20:30:00+01:00,0.0
2026-01-04T20:45:00+01:00,0.0
2026-01-04T21:00:00+01:00,0.0
2026-01-04T21:15:00+01:00,0.0
2026-01-04T21:30:00+01:00,0.0
2026-01-04T21:45:00+01:00,0.0
2026-01-04T22:00:00+01:00,0.0
2026-01-04T22:15:00+01:00,0.0
2026-01-04T22:30:00+01:00,0.0
2026-01-04T22:45:00+01:00,0.0
2026-01-04T23:00:00+01:00,0.0
2026-01-04T23:15:00+01:00,0.0
2026-01-04T23:30:00+01:00,0.0
2026-01-04T23:45:00+01:00,0.0
2026-01-05T00:00:00+01:00,0.0
2026-01-05T00:15:00+01:00,0.0
2026-01-05T00:30:00+01:00,0.0
2026-01-05T00:45:00+01:00,0.0
2026-01-05T01:00:00+01:00,0.0
2026-01-05T01:15:00+01:00,0.0
2026-01-05T01:30:00+01:00,0.0
2026-01-05T01:45:00+01:00,0.0
2026-01-05T02:00:00+01:00,0.0
2026-01-05T02:15:00+01:00,0.0
2026-01-05T02:30:00+01:00,0.0
2026-01-05T02:45:00+01:00,0.0
2026-01-05T03:00:00+01:00,0.0
2026-01-05T03:15:00+01:00,0.0
2026-01-05T03:30:00+01:00,0.0
2026-01-05T03:45:00+01:00,0.0
2026-01-05T04:00:00+01:00,0.0
2026-01-05T04:15:00+01:00,0.0
2026-01-05T04:30:00+01:00,0.0
2026-01-05T04:45:00+01:00,0.0
2026-01-05T05:00:00+01:00,0.0
2026-01-05T05:15:00+01:00,0.0
2026-01-05T05:30:00+01:00,0.0
2026-01-05T05:45:00+01:00,0.0
2026-01-05T06:00:00+01:00,0.0
2026-01-05T06:15:00+01:00,0.0
2026-01-05T06:30:00+01:00,0.0
2026-01-05T06:45:00+01:00,0.0
2026-01-05T07:00:00+01:00,0.0
2026-01-05T07:15:00+01:00,0.0
2026-01-05T07:30:00+01:00,0.0
2026-01-05T07:45:00+01:00,0.62634
2026-01-05T08:00:00+01:00,3.07382
2026-01-05T08:15:00+01:00,4.90918
2026-01-05T08:30:00+01:00,3.78574
2026-01-05T08:45:00+01:00,2.442171
2026-01-05T09:00:00+01:00,3.819889
2026-01-05T09:15:00+01:00,3.617026
2026-01-05T09:30:00+01:00,2.939514
2026-01-05T09:45:00+01:00,2.30428
2026-01-05T10:00:00+01:00,4.13884
2026-01-05T10:15:00+01:00,5.470225
2026-01-05T10:30:00+01:00,5.375255
2026-01-05T10:45:00+01:00,5.849913
2026-01-05T11:00:00+01:00,6.009207
2026-01-05T11:15:00+01:00,5.24584
2026-01-05T11:30:00+01:00,5.414444
2026-01-05T11:45:00+01:00,5.107331
2026-01-05T12:00:00+01:00,4.913645
2026-01-05T12:15:00+01:00,5.31516
2026-01-05T12:30:00+01:00,5.34552
2026-01-05T12:45:00+01:00,4.33378
2026-01-05T13:00:00+01:00,5.083668
2026-01-05T13:15:00+01:00,5.634512
2026-01-05T13:30:00+01:00,6.06642
2026-01-05T13:45:00+01:00,5.97572
2026-01-05T14:00:00+01:00,6.021365
2026-01-05T14:15:00+01:00,6.028115
2026-01-05T14:30:00+01:00,5.79774
2026-01-05T14:45:00+01:00,5.52178
2026-01-05T15:00:00+01:00,5.23244
2026-01-05T15:15:00+01:00,5.59788
2026-01-05T15:30:00+01:00,5.37724
2026-01-05T15:45:00+01:00,4.776
2026-01-05T16:00:00+01:00,5.960765
2026-01-05T16:15:00+01:00,5.244323
2026-01-05T16:30:00+01:00,4.631451
2026-01-05T16:45:00+01:00,4.819137
2026-01-05T17:00:00+01:00,5.792004
2026-01-05T17:15:00+01:00,5.88676
2026-01-05T17:30:00+01:00,5.92628
2026-01-05T17:45:00+01:00,5.594082
2026-01-05T18:00:00+01:00,6.017338
2026-01-05T18:15:00+01:00,5.902599
2026-01-05T18:30:00+01:00,5.581401
2026-01-05T18:45:00+01:00,3.37004
2026-01-05T19:00:00+01:00,3.316785
2026-01-05T19:15:00+01:00,4.639232
2026-01-05T19:30:00+01:00,6.001191
2026-01-05T19:45:00+01:00,6.013023
2026-01-05T20:00:00+01:00,5.848509
2026-01-05T20:15:00+01:00,5.91402
2026-01-05T20:30:00+01:00,5.980744
2026-01-05T20:45:00+01:00,6.022186
2026-01-05T21:00:00+01:00,5.94013
2026-01-05T21:15:00+01:00,5.57958
2026-01-05T21:30:00+01:00,5.536463
2026-01-05T21:45:00+01:00,3.006017
2026-01-05T22:00:00+01:00,0.11394
2026-01-05T22:15:00+01:00,0.0
2026-01-05T22:30:00+01:00,0.0
2026-01-05T22:45:00+01:00,0.0
2026-01-05T23:00:00+01:00,0.0
2026-01-05T23:15:00+01:00,0.0
2026-01-05T23:30:00+01:00,0.0
2026-01-05T23:45:00+01:00,0.0
2026-01-06T00:00:00+01:00,0.0
2026-01-06T00:15:00+01:00,0.0
2026-01-06T00:30:00+01:00,0.0
2026-01-06T00:45:00+01:00,0.0
2026-01-06T01:00:00+01:00,0.0
2026-01-06T01:15:00+01:00,0.0
2026-01-06T01:30:00+01:00,0.0
2026-01-06T01:45:00+01:00,0.0
2026-01-06T02:00:00+01:00,0.0
2026-01-06T02:15:00+01:00,0.0
2026-01-06T02:30:00+01:00,0.0
2026-01-06T02:45:00+01:00,0.0
2026-01-06T03:00:00+01:00,0.0
2026-01-06T03:15:00+01:00,0.0
2026-01-06T03:30:00+01:00,0.0
2026-01-06T03:45:00+01:00,0.0
2026-01-06T04:00:00+01:00,0.0
2026-01-06T04:15:00+01:00,0.0
2026-01-06T04:30:00+01:00,0.0
2026-01-06T04:45:00+01:00,0.0
2026-01-06T05:00:00+01:00,0.0
2026-01-06T05:15:00+01:00,0.0
2026-01-06T05:30:00+01:00,0.0
2026-01-06T05:45:00+01:00,0.835188
2026-01-06T06:00:00+01:00,4.148312
2026-01-06T06:15:00+01:00,4.66546
2026-01-06T06:30:00+01:00,5.04642
2026-01-06T06:45:00+01:00,5.89658
2026-01-06T07:00:00+01:00,5.40074
2026-01-06T07:15:00+01:00,5.020368
2026-01-06T07:30:00+01:00,5.584392
2026-01-06T07:45:00+01:00,5.158879
2026-01-06T08:00:00+01:00,5.310061
2026-01-06T08:15:00+01:00,5.08422
2026-01-06T08:30:00+01:00,5.76482
2026-01-06T08:45:00+01:00,5.6803
2026-01-06T09:00:00+01:00,4.704646
2026-01-06T09:15:00+01:00,3.791283
2026-01-06T09:30:00+01:00,4.810891
2026-01-06T09:45:00+01:00,2.75614
2026-01-06T10:00:00+01:00,4.26678
2026-01-06T10:15:00+01:00,5.03302
2026-01-06T10:30:00+01:00,5.072285
2026-01-06T10:45:00+01:00,4.101155
2026-01-06T11:00:00+01:00,4.60178
2026-01-06T11:15:00+01:00,6.0044
2026-01-06T11:30:00+01:00,6.01142
2026-01-06T11:45:00+01:00,5.75456
2026-01-06T12:00:00+01:00,4.99686
2026-01-06T12:15:00+01:00,4.692155
2026-01-06T12:30:00+01:00,4.784945
2026-01-06T12:45:00+01:00,2.77134
2026-01-06T13:00:00+01:00,3.18056
2026-01-06T13:15:00+01:00,4.7956
2026-01-06T13:30:00+01:00,4.80272
2026-01-06T13:45:00+01:00,4.83888
2026-01-06T14:00:00+01:00,4.097725
2026-01-06T14:15:00+01:00,5.276155
2026-01-06T14:30:00+01:00,5.51002
2026-01-06T14:45:00+01:00,6.04468
2026-01-06T15:00:00+01:00,5.70252
2026-01-06T15:15:00+01:00,5.925321
2026-01-06T15:30:00+01:00,5.971199
2026-01-06T15:45:00+01:00,5.84252
2026-01-06T16:00:00+01:00,5.94688
2026-01-06T16:15:00+01:00,5.539481
2026-01-06T16:30:00+01:00,5.854079
2026-01-06T16:45:00+01:00,5.83184
2026-01-06T17:00:00+01:00,5.923348
2026-01-06T17:15:00+01:00,6.018778
2026-01-06T17:30:00+01:00,5.14854
2026-01-06T17:45:00+01:00,4.216769
2026-01-06T18:00:00+01:00,3.275505
2026-01-06T18:15:00+01:00,3.69116
2026-01-06T18:30:00+01:00,3.73166
2026-01-06T18:45:00+01:00,1.48772
2026-01-06T19:00:00+01:00,1.506666
2026-01-06T19:15:00+01:00,4.213294
2026-01-06T19:30:00+01:00,5.890309
2026-01-06T19:45:00+01:00,5.685991
2026-01-06T20:00:00+01:00,6.01312
2026-01-06T20:15:00+01:00,6.0639
2026-01-06T20:30:00+01:00,5.751543
2026-01-06T20:45:00+01:00,5.555477
2026-01-06T21:00:00+01:00,5.80436
2026-01-06T21:15:00+01:00,5.8852
2026-01-06T21:30:00+01:00,5.70948
2026-01-06T21:45:00+01:00,3.24564
2026-01-06T22:00:00+01:00,0.26796
2026-01-06T22:15:00+01:00,0.0
2026-01-06T22:30:00+01:00,0.0
2026-01-06T22:45:00+01:00,0.0
2026-01-06T23:00:00+01:00,0.0
2026-01-06T23:15:00+01:00,0.0
2026-01-06T23:30:00+01:00,0.0
2026-01-06T23:45:00+01:00,0.0
2026-01-07T00:00:00+01:00,0.0
2026-01-07T00:15:00+01:00,0.0
2026-01-07T00:30:00+01:00,0.0
2026-01-07T00:45:00+01:00,0.0
2026-01-07T01:00:00+01:00,0.0
2026-01-07T01:15:00+01:00,0.0
2026-01-07T01:30:00+01:00,0.0
2026-01-07T01:45:00+01:00,0.0
2026-01-07T02:00:00+01:00,0.0
2026-01-07T02:15:00+01:00,0.0
2026-01-07T02:30:00+01:00,0.0
2026-01-07T02:45:00+01:00,0.0
2026-01-07T03:00:00+01:00,0.0
2026-01-07T03:15:00+01:00,0.0
2026-01-07T03:30:00+01:00,0.0
2026-01-07T03:45:00+01:00,0.0
2026-01-07T04:00:00+01:00,0.0
2026-01-07T04:15:00+01:00,0.0
2026-01-07T04:30:00+01:00,0.0
2026-01-07T04:45:00+01:00,0.0
2026-01-07T05:00:00+01:00,0.0
2026-01-07T05:15:00+01:00,0.0
2026-01-07T05:30:00+01:00,0.0
2026-01-07T05:45:00+01:00,1.37094
2026-01-07T06:00:00+01:00,5.04293
2026-01-07T06:15:00+01:00,5.059943
2026-01-07T06:30:00+01:00,4.808827
2026-01-07T06:45:00+01:00,5.47248
2026-01-07T07:00:00+01:00,5.466903
2026-01-07T07:15:00+01:00,4.992541
2026-01-07T07:30:00+01:00,5.796248
2026-01-07T07:45:00+01:00,5.883599
2026-01-07T08:00:00+01:00,6.006977
2026-01-07T08:15:00+01:00,6.011564
2026-01-07T08:30:00+01:00,5.962088
2026-01-07T08:45:00+01:00,5.67932
2026-01-07T09:00:00+01:00,6.00553
2026-01-07T09:15:00+01:00,6.03817
2026-01-07T09:30:00+01:00,6.03114
2026-01-07T09:45:00+01:00,6.00744
2026-01-07T10:00:00+01:00,6.05856
2026-01-07T10:15:00+01:00,6.0308
2026-01-07T10:30:00+01:00,6.01036
2026-01-07T10:45:00+01:00,5.74032
2026-01-07T11:00:00+01:00,5.93121
2026-01-07T11:15:00+01:00,6.03233
2026-01-07T11:30:00+01:00,6.031
2026-01-07T11:45:00+01:00,6.01954
2026-01-07T12:00:00+01:00,5.86378
2026-01-07T12:15:00+01:00,5.834977
2026-01-07T12:30:00+01:00,4.417743
2026-01-07T12:45:00+01:00,3.422068
2026-01-07T13:00:00+01:00,2.452452
2026-01-07T13:15:00+01:00,3.88966
2026-01-07T13:30:00+01:00,4.984077
2026-01-07T13:45:00+01:00,5.046255
2026-01-07T14:00:00+01:00,5.806829
2026-01-07T14:15:00+01:00,5.829748
2026-01-07T14:30:00+01:00,5.939329
2026-01-07T14:45:00+01:00,6.00648
2026-01-07T15:00:00+01:00,5.9984
2026-01-07T15:15:00+01:00,5.9175
2026-01-07T15:30:00+01:00,6.022868
2026-01-07T15:45:00+01:00,5.99835
2026-01-07T16:00:00+01:00,6.022081
2026-01-07T16:15:00+01:00,6.03048
2026-01-07T16:30:00+01:00,5.76108
2026-01-07T16:45:00+01:00,5.86368
2026-01-07T17:00:00+01:00,6.002258
2026-01-07T17:15:00+01:00,5.997842
2026-01-07T17:30:00+01:00,5.860732
2026-01-07T17:45:00+01:00,6.030788
2026-01-07T18:00:00+01:00,6.049
2026-01-07T18:15:00+01:00,5.9407
2026-01-07T18:30:00+01:00,5.6648
2026-01-07T18:45:00+01:00,4.84122
2026-01-07T19:00:00+01:00,2.1432
2026-01-07T19:15:00+01:00,3.69758
2026-01-07T19:30:00+01:00,5.778372
2026-01-07T19:45:00+01:00,5.981808
2026-01-07T20:00:00+01:00,5.531561
2026-01-07T20:15:00+01:00,5.174319
2026-01-07T20:30:00+01:00,5.73058
2026-01-07T20:45:00+01:00,6.021239
2026-01-07T21:00:00+01:00,5.508781
2026-01-07T21:15:00+01:00,6.005592
2026-01-07T21:30:00+01:00,5.867368
2026-01-07T21:45:00+01:00,3.36092
2026-01-07T22:00:00+01:00,0.28674
2026-01-07T22:15:00+01:00,0.0
2026-01-07T22:30:00+01:00,0.0
2026-01-07T22:45:00+01:00,0.0
2026-01-07T23:00:00+01:00,0.0
2026-01-07T23:15:00+01:00,0.0
2026-01-07T23:30:00+01:00,0.0
2026-01-07T23:45:00+01:00,0.0
2026-01-08T00:00:00+01:00,0.0
2026-01-08T00:15:00+01:00,0.0
2026-01-08T00:30:00+01:00,0.0
2026-01-08T00:45:00+01:00,0.0
2026-01-08T01:00:00+01:00,0.0
2026-01-08T01:15:00+01:00,0.0
2026-01-08T01:30:00+01:00,0.0
2026-01-08T01:45:00+01:00,0.0
2026-01-08T02:00:00+01:00,0.0
2026-01-08T02:15:00+01:00,0.0
2026-01-08T02:30:00+01:00,0.0
2026-01-08T02:45:00+01:00,0.0
2026-01-08T03:00:00+01:00,0.0
2026-01-08T03:15:00+01:00,0.0
2026-01-08T03:30:00+01:00,0.0
2026-01-08T03:45:00+01:00,0.0
2026-01-08T04:00:00+01:00,0.0
2026-01-08T04:15:00+01:00,0.0
2026-01-08T04:30:00+01:00,0.0
2026-01-08T04:45:00+01:00,0.0
2026-01-08T05:00:00+01:00,0.0
2026-01-08T05:15:00+01:00,0.0
2026-01-08T05:30:00+01:00,0.0
2026-01-08T05:45:00+01:00,0.52268
2026-01-08T06:00:00+01:00,4.56208
2026-01-08T06:15:00+01:00,5.683263
2026-01-08T06:30:00+01:00,5.278517
2026-01-08T06:45:00+01:00,5.948668
2026-01-08T07:00:00+01:00,5.933812
2026-01-08T07:15:00+01:00,5.74606
2026-01-08T07:30:00+01:00,5.12998
2026-01-08T07:45:00+01:00,5.89214
2026-01-08T08:00:00+01:00,5.981892
2026-01-08T08:15:00+01:00,5.990728
2026-01-08T08:30:00+01:00,5.951335
2026-01-08T08:45:00+01:00,5.230521
2026-01-08T09:00:00+01:00,5.223944
2026-01-08T09:15:00+01:00,3.30376
2026-01-08T09:30:00+01:00,2.76484
2026-01-08T09:45:00+01:00,0.08778
2026-01-08T10:00:00+01:00,0.087369
2026-01-08T10:15:00+01:00,0.674231
2026-01-08T10:30:00+01:00,2.70718
2026-01-08T10:45:00+01:00,4.23822
2026-01-08T11:00:00+01:00,5.59072
2026-01-08T11:15:00+01:00,5.94746
2026-01-08T11:30:00+01:00,5.95976
2026-01-08T11:45:00+01:00,5.96846
2026-01-08T12:00:00+01:00,5.55634
2026-01-08T12:15:00+01:00,3.61054
2026-01-08T12:30:00+01:00,3.74372
2026-01-08T12:45:00+01:00,3.584972
2026-01-08T13:00:00+01:00,4.595748
2026-01-08T13:15:00+01:00,5.42592
2026-01-08T13:30:00+01:00,5.50984
2026-01-08T13:45:00+01:00,5.51368
2026-01-08T14:00:00+01:00,4.395379
2026-01-08T14:15:00+01:00,4.163121
2026-01-08T14:30:00+01:00,5.619914
2026-01-08T14:45:00+01:00,5.580406
2026-01-08T15:00:00+01:00,5.88782
2026-01-08T15:15:00+01:00,5.4794
2026-01-08T15:30:00+01:00,5.53362
2026-01-08T15:45:00+01:00,5.86196
2026-01-08T16:00:00+01:00,5.78124
2026-01-08T16:15:00+01:00,5.324844
2026-01-08T16:30:00+01:00,5.873516
2026-01-08T16:45:00+01:00,5.56954
2026-01-08T17:00:00+01:00,3.83992
2026-01-08T17:15:00+01:00,2.409796
2026-01-08T17:30:00+01:00,2.641384
2026-01-08T17:45:00+01:00,3.34206
2026-01-08T18:00:00+01:00,5.22792
2026-01-08T18:15:00+01:00,5.580739
2026-01-08T18:30:00+01:00,4.321261
2026-01-08T18:45:00+01:00,0.0
2026-01-08T19:00:00+01:00,0.16422
2026-01-08T19:15:00+01:00,3.16464
2026-01-08T19:30:00+01:00,5.87312
2026-01-08T19:45:00+01:00,6.05214
2026-01-08T20:00:00+01:00,5.992379
2026-01-08T20:15:00+01:00,5.973861
2026-01-08T20:30:00+01:00,5.989499
2026-01-08T20:45:00+01:00,5.97008
2026-01-08T21:00:00+01:00,5.99606
2026-01-08T21:15:00+01:00,5.89488
2026-01-08T21:30:00+01:00,5.757284
2026-01-08T21:45:00+01:00,2.421836
2026-01-08T22:00:00+01:00,0.0
2026-01-08T22:15:00+01:00,0.0
2026-01-08T22:30:00+01:00,0.0
2026-01-08T22:45:00+01:00,0.0
2026-01-08T23:00:00+01:00,0.0
2026-01-08T23:15:00+01:00,0.0
2026-01-08T23:30:00+01:00,0.0
2026-01-08T23:45:00+01:00,0.0
2026-01-09T00:00:00+01:00,0.0
2026-01-09T00:15:00+01:00,0.0
2026-01-09T00:30:00+01:00,0.0
2026-01-09T00:45:00+01:00,0.0
2026-01-09T01:00:00+01:00,0.0
2026-01-09T01:15:00+01:00,0.0
2026-01-09T01:30:00+01:00,0.0
2026-01-09T01:45:00+01:00,0.0
2026-01-09T02:00:00+01:00,0.0
2026-01-09T02:15:00+01:00,0.0
2026-01-09T02:30:00+01:00,0.0
2026-01-09T02:45:00+01:00,0.0
2026-01-09T03:00:00+01:00,0.0
2026-01-09T03:15:00+01:00,0.0
2026-01-09T03:30:00+01:00,0.0
2026-01-09T03:45:00+01:00,0.0
2026-01-09T04:00:00+01:00,0.0
2026-01-09T04:15:00+01:00,0.0
2026-01-09T04:30:00+01:00,0.0
2026-01-09T04:45:00+01:00,0.0
2026-01-09T05:00:00+01:00,0.0
2026-01-09T05:15:00+01:00,0.0
2026-01-09T05:30:00+01:00,0.0
2026-01-09T05:45:00+01:00,0.99426
2026-01-09T06:00:00+01:00,4.4893
2026-01-09T06:15:00+01:00,5.9726
2026-01-09T06:30:00+01:00,5.9637
2026-01-09T06:45:00+01:00,5.87372
2026-01-09T07:00:00+01:00,5.74798
2026-01-09T07:15:00+01:00,5.9507
2026-01-09T07:30:00+01:00,5.960376
2026-01-09T07:45:00+01:00,5.362423
2026-01-09T08:00:00+01:00,5.828502
2026-01-09T08:15:00+01:00,5.7974
2026-01-09T08:30:00+01:00,3.639439
2026-01-09T08:45:00+01:00,3.940716
2026-01-09T09:00:00+01:00,4.697985
2026-01-09T09:15:00+01:00,5.955
2026-01-09T09:30:00+01:00,5.32096
2026-01-09T09:45:00+01:00,0.94094
2026-01-09T10:00:00+01:00,1.429299
2026-01-09T10:15:00+01:00,3.442241
2026-01-09T10:30:00+01:00,2.24468
2026-01-09T10:45:00+01:00,1.71912
2026-01-09T11:00:00+01:00,3.109238
2026-01-09T11:15:00+01:00,3.348782
2026-01-09T11:30:00+01:00,3.36928
2026-01-09T11:45:00+01:00,3.50896
2026-01-09T12:00:00+01:00,3.339378
2026-01-09T12:15:00+01:00,3.803462
2026-01-09T12:30:00+01:00,3.09406
2026-01-09T12:45:00+01:00,0.2695
2026-01-09T13:00:00+01:00,0.0
2026-01-09T13:15:00+01:00,0.30806
2026-01-09T13:30:00+01:00,2.12124
2026-01-09T13:45:00+01:00,3.038041
2026-01-09T14:00:00+01:00,0.960859
2026-01-09T14:15:00+01:00,3.602402
2026-01-09T14:30:00+01:00,4.019178
2026-01-09T14:45:00+01:00,4.56844
2026-01-09T15:00:00+01:00,5.13686
2026-01-09T15:15:00+01:00,4.74214
2026-01-09T15:30:00+01:00,4.55594
2026-01-09T15:45:00+01:00,4.88912
2026-01-09T16:00:00+01:00,5.751643
2026-01-09T16:15:00+01:00,5.762677
2026-01-09T16:30:00+01:00,5.75464
2026-01-09T16:45:00+01:00,5.90754
2026-01-09T17:00:00+01:00,5.60452
2026-01-09T17:15:00+01:00,5.19346
2026-01-09T17:30:00+01:00,5.22156
2026-01-09T17:45:00+01:00,3.89754
2026-01-09T18:00:00+01:00,2.91078
2026-01-09T18:15:00+01:00,3.996095
2026-01-09T18:30:00+01:00,4.240585
2026-01-09T18:45:00+01:00,2.24936
2026-01-09T19:00:00+01:00,1.156974
2026-01-09T19:15:00+01:00,1.984586
2026-01-09T19:30:00+01:00,3.37484
2026-01-09T19:45:00+01:00,2.069888
2026-01-09T20:00:00+01:00,0.141032
2026-01-09T20:15:00+01:00,0.0
2026-01-09T20:30:00+01:00,0.0
2026-01-09T20:45:00+01:00,0.0
2026-01-09T21:00:00+01:00,0.0
2026-01-09T21:15:00+01:00,0.0
2026-01-09T21:30:00+01:00,0.0
2026-01-09T21:45:00+01:00,0.0
2026-01-09T22:00:00+01:00,0.0
2026-01-09T22:15:00+01:00,0.0
2026-01-09T22:30:00+01:00,0.0
2026-01-09T22:45:00+01:00,0.0
2026-01-09T23:00:00+01:00,0.0
2026-01-09T23:15:00+01:00,0.0
2026-01-09T23:30:00+01:00,0.0
2026-01-09T23:45:00+01:00,0.0
2026-01-10T00:00:00+01:00,0.0
2026-01-10T00:15:00+01:00,0.0
2026-01-10T00:30:00+01:00,0.0
2026-01-10T00:45:00+01:00,0.0
2026-01-10T01:00:00+01:00,0.0
2026-01-10T01:15:00+01:00,0.0
2026-01-10T01:30:00+01:00,0.0
2026-01-10T01:45:00+01:00,0.0
2026-01-10T02:00:00+01:00,0.0
2026-01-10T02:15:00+01:00,0.0
2026-01-10T02:30:00+01:00,0.0
2026-01-10T02:45:00+01:00,0.0
2026-01-10T03:00:00+01:00,0.0
2026-01-10T03:15:00+01:00,0.0
2026-01-10T03:30:00+01:00,0.0
2026-01-10T03:45:00+01:00,0.0
2026-01-10T04:00:00+01:00,0.0
2026-01-10T04:15:00+01:00,0.0
2026-01-10T04:30:00+01:00,0.0
2026-01-10T04:45:00+01:00,0.0
2026-01-10T05:00:00+01:00,0.0
2026-01-10T05:15:00+01:00,0.0
2026-01-10T05:30:00+01:00,0.0
2026-01-10T05:45:00+01:00,0.0
2026-01-10T06:00:00+01:00,0.0
2026-01-10T06:15:00+01:00,0.0
2026-01-10T06:30:00+01:00,0.0
2026-01-10T06:45:00+01:00,0.0
2026-01-10T07:00:00+01:00,0.0
2026-01-10T07:15:00+01:00,0.0
2026-01-10T07:30:00+01:00,0.0
2026-01-10T07:45:00+01:00,0.0
2026-01-10T08:00:00+01:00,0.0
2026-01-10T08:15:00+01:00,0.0
2026-01-10T08:30:00+01:00,0.0
2026-01-10T08:45:00+01:00,0.0
2026-01-10T09:00:00+01:00,0.0
2026-01-10T09:15:00+01:00,0.0
2026-01-10T09:30:00+01:00,0.0
2026-01-10T09:45:00+01:00,0.0
2026-01-10T10:00:00+01:00,0.0
2026-01-10T10:15:00+01:00,0.0
2026-01-10T10:30:00+01:00,0.0
2026-01-10T10:45:00+01:00,0.0
2026-01-10T11:00:00+01:00,0.0
2026-01-10T11:15:00+01:00,0.0
2026-01-10T11:30:00+01:00,0.0
2026-01-10T11:45:00+01:00,0.0
2026-01-10T12:00:00+01:00,0.0
2026-01-10T12:15:00+01:00,0.0
2026-01-10T12:30:00+01:00,0.0
2026-01-10T12:45:00+01:00,0.0
2026-01-10T13:00:00+01:00,0.0
2026-01-10T13:15:00+01:00,0.0
2026-01-10T13:30:00+01:00,0.0
2026-01-10T13:45:00+01:00,0.0
2026-01-10T14:00:00+01:00,0.0
2026-01-10T14:15:00+01:00,0.0
2026-01-10T14:30:00+01:00,0.0
2026-01-10T14:45:00+01:00,0.0
2026-01-10T15:00:00+01:00,0.0
2026-01-10T15:15:00+01:00,0.0
2026-01-10T15:30:00+01:00,0.0
2026-01-10T15:45:00+01:00,0.0
2026-01-10T16:00:00+01:00,0.0
2026-01-10T16:15:00+01:00,0.0
2026-01-10T16:30:00+01:00,0.0
2026-01-10T16:45:00+01:00,0.0
2026-01-10T17:00:00+01:00,0.0
2026-01-10T17:15:00+01:00,0.0
2026-01-10T17:30:00+01:00,0.0
2026-01-10T17:45:00+01:00,0.0
2026-01-10T18:00:00+01:00,0.0
2026-01-10T18:15:00+01:00,0.0
2026-01-10T18:30:00+01:00,0.0
2026-01-10T18:45:00+01:00,0.0
2026-01-10T19:00:00+01:00,0.0
2026-01-10T19:15:00+01:00,0.0
2026-01-10T19:30:00+01:00,0.0
2026-01-10T19:45:00+01:00,0.0
2026-01-10T20:00:00+01:00,0.0
2026-01-10T20:15:00+01:00,0.0
2026-01-10T20:30:00+01:00,0.0
2026-01-10T20:45:00+01:00,0.0
2026-01-10T21:00:00+01:00,0.0
2026-01-10T21:15:00+01:00,0.0
2026-01-10T21:30:00+01:00,0.0
2026-01-10T21:45:00+01:00,0.0
2026-01-10T22:00:00+01:00,0.0
2026-01-10T22:15:00+01:00,0.0
2026-01-10T22:30:00+01:00,0.0
2026-01-10T22:45:00+01:00,0.0
2026-01-10T23:00:00+01:00,0.0
2026-01-10T23:15:00+01:00,0.0
2026-01-10T23:30:00+01:00,0.0
2026-01-10T23:45:00+01:00,0.0
2026-01-11T00:00:00+01:00,0.0
2026-01-11T00:15:00+01:00,0.0
2026-01-11T00:30:00+01:00,0.0
2026-01-11T00:45:00+01:00,0.0
2026-01-11T01:00:00+01:00,0.0
2026-01-11T01:15:00+01:00,0.0
2026-01-11T01:30:00+01:00,0.0
2026-01-11T01:45:00+01:00,0.0
2026-01-11T02:00:00+01:00,0.0
2026-01-11T02:15:00+01:00,0.0
2026-01-11T02:30:00+01:00,0.0
2026-01-11T02:45:00+01:00,0.0
2026-01-11T03:00:00+01:00,0.0
2026-01-11T03:15:00+01:00,0.0
2026-01-11T03:30:00+01:00,0.0
2026-01-11T03:45:00+01:00,0.0
2026-01-11T04:00:00+01:00,0.0
2026-01-11T04:15:00+01:00,0.0
2026-01-11T04:30:00+01:00,0.0
2026-01-11T04:45:00+01:00,0.0
2026-01-11T05:00:00+01:00,0.0
2026-01-11T05:15:00+01:00,0.0
2026-01-11T05:30:00+01:00,0.0
2026-01-11T05:45:00+01:00,0.0
2026-01-11T06:00:00+01:00,0.0
2026-01-11T06:15:00+01:00,0.0
2026-01-11T06:30:00+01:00,0.0
2026-01-11T06:45:00+01:00,0.0
2026-01-11T07:00:00+01:00,0.0
2026-01-11T07:15:00+01:00,0.0
2026-01-11T07:30:00+01:00,0.0
2026-01-11T07:45:00+01:00,0.0
2026-01-11T08:00:00+01:00,0.0
2026-01-11T08:15:00+01:00,0.0
2026-01-11T08:30:00+01:00,0.0
2026-01-11T08:45:00+01:00,0.0
2026-01-11T09:00:00+01:00,0.0
2026-01-11T09:15:00+01:00,0.0
2026-01-11T09:30:00+01:00,0.0
2026-01-11T09:45:00+01:00,0.0
2026-01-11T10:00:00+01:00,0.0
2026-01-11T10:15:00+01:00,0.0
2026-01-11T10:30:00+01:00,0.0
2026-01-11T10:45:00+01:00,0.0
2026-01-11T11:00:00+01:00,0.0
2026-01-11T11:15:00+01:00,0.0
2026-01-11T11:30:00+01:00,0.0
2026-01-11T11:45:00+01:00,0.0
2026-01-11T12:00:00+01:00,0.0
2026-01-11T12:15:00+01:00,0.0
2026-01-11T12:30:00+01:00,0.0
2026-01-11T12:45:00+01:00,0.0
2026-01-11T13:00:00+01:00,0.0
2026-01-11T13:15:00+01:00,0.0
2026-01-11T13:30:00+01:00,0.0
2026-01-11T13:45:00+01:00,0.0
2026-01-11T14:00:00+01:00,0.0
2026-01-11T14:15:00+01:00,0.0
2026-01-11T14:30:00+01:00,0.0
2026-01-11T14:45:00+01:00,0.0
2026-01-11T15:00:00+01:00,0.0
2026-01-11T15:15:00+01:00,0.0
2026-01-11T15:30:00+01:00,0.0
2026-01-11T15:45:00+01:00,0.0
2026-01-11T16:00:00+01:00,0.0
2026-01-11T16:15:00+01:00,0.0
2026-01-11T16:30:00+01:00,0.0
2026-01-11T16:45:00+01:00,0.0
2026-01-11T17:00:00+01:00,0.0
2026-01-11T17:15:00+01:00,0.0
2026-01-11T17:30:00+01:00,0.0
2026-01-11T17:45:00+01:00,0.0
2026-01-11T18:00:00+01:00,0.0
2026-01-11T18:15:00+01:00,0.0
2026-01-11T18:30:00+01:00,0.0
2026-01-11T18:45:00+01:00,0.0
2026-01-11T19:00:00+01:00,0.0
2026-01-11T19:15:00+01:00,0.0
2026-01-11T19:30:00+01:00,0.0
2026-01-11T19:45:00+01:00,0.0
2026-01-11T20:00:00+01:00,0.0
2026-01-11T20:15:00+01:00,0.0
2026-01-11T20:30:00+01:00,0.0
2026-01-11T20:45:00+01:00,0.0
2026-01-11T21:00:00+01:00,0.0
2026-01-11T21:15:00+01:00,0.0
2026-01-11T21:30:00+01:00,0.0
2026-01-11T21:45:00+01:00,0.0
2026-01-11T22:00:00+01:00,0.0
2026-01-11T22:15:00+01:00,0.0
2026-01-11T22:30:00+01:00,0.0
2026-01-11T22:45:00+01:00,0.0
2026-01-11T23:00:00+01:00,0.0
2026-01-11T23:15:00+01:00,0.0
2026-01-11T23:30:00+01:00,0.0
2026-01-11T23:45:00+01:00,0.0
2026-01-12T00:00:00+01:00,0.0
2026-01-12T00:15:00+01:00,0.0
2026-01-12T00:30:00+01:00,0.0
2026-01-12T00:45:00+01:00,0.0
2026-01-12T01:00:00+01:00,0.0
2026-01-12T01:15:00+01:00,0.0
2026-01-12T01:30:00+01:00,0.0
2026-01-12T01:45:00+01:00,0.0
2026-01-12T02:00:00+01:00,0.0
2026-01-12T02:15:00+01:00,0.0
2026-01-12T02:30:00+01:00,0.0
2026-01-12T02:45:00+01:00,0.0
2026-01-12T03:00:00+01:00,0.0
2026-01-12T03:15:00+01:00,0.0
2026-01-12T03:30:00+01:00,0.0
2026-01-12T03:45:00+01:00,0.0
2026-01-12T04:00:00+01:00,0.0
2026-01-12T04:15:00+01:00,0.0
2026-01-12T04:30:00+01:00,0.0
2026-01-12T04:45:00+01:00,0.0
2026-01-12T05:00:00+01:00,0.0
2026-01-12T05:15:00+01:00,0.0
2026-01-12T05:30:00+01:00,0.0
2026-01-12T05:45:00+01:00,0.0
2026-01-12T06:00:00+01:00,0.229629
2026-01-12T06:15:00+01:00,2.789171
2026-01-12T06:30:00+01:00,4.603464
2026-01-12T06:45:00+01:00,4.535796
2026-01-12T07:00:00+01:00,4.678845
2026-01-12T07:15:00+01:00,5.230835
2026-01-12T07:30:00+01:00,5.07838
2026-01-12T07:45:00+01:00,5.65212
2026-01-12T08:00:00+01:00,5.5996
2026-01-12T08:15:00+01:00,6.02368
2026-01-12T08:30:00+01:00,6.02448
2026-01-12T08:45:00+01:00,6.00438
2026-01-12T09:00:00+01:00,5.99362
2026-01-12T09:15:00+01:00,6.0073
2026-01-12T09:30:00+01:00,6.005
2026-01-12T09:45:00+01:00,6.02084
2026-01-12T10:00:00+01:00,6.014707
2026-01-12T10:15:00+01:00,6.008727
2026-01-12T10:30:00+01:00,6.020191
2026-01-12T10:45:00+01:00,6.003054
2026-01-12T11:00:00+01:00,6.003864
2026-01-12T11:15:00+01:00,6.017809
2026-01-12T11:30:00+01:00,6.02111
2026-01-12T11:45:00+01:00,6.019431
2026-01-12T12:00:00+01:00,5.928687
2026-01-12T12:15:00+01:00,4.74118
2026-01-12T12:30:00+01:00,4.221564
2026-01-12T12:45:00+01:00,1.333878
2026-01-12T13:00:00+01:00,0.373418
2026-01-12T13:15:00+01:00,2.12898
2026-01-12T13:30:00+01:00,1.65262
2026-01-12T13:45:00+01:00,2.30238
2026-01-12T14:00:00+01:00,1.968238
2026-01-12T14:15:00+01:00,1.980102
2026-01-12T14:30:00+01:00,2.945882
2026-01-12T14:45:00+01:00,3.119318
2026-01-12T15:00:00+01:00,3.57852
2026-01-12T15:15:00+01:00,3.612475
2026-01-12T15:30:00+01:00,4.574985
2026-01-12T15:45:00+01:00,5.09886
2026-01-12T16:00:00+01:00,5.6267
2026-01-12T16:15:00+01:00,5.56704
2026-01-12T16:30:00+01:00,5.86454
2026-01-12T16:45:00+01:00,5.97438
2026-01-12T17:00:00+01:00,5.904852
2026-01-12T17:15:00+01:00,5.987728
2026-01-12T17:30:00+01:00,5.988099
2026-01-12T17:45:00+01:00,5.98986
2026-01-12T18:00:00+01:00,5.970081
2026-01-12T18:15:00+01:00,5.993379
2026-01-12T18:30:00+01:00,5.731809
2026-01-12T18:45:00+01:00,4.264991
2026-01-12T19:00:00+01:00,4.39272
2026-01-12T19:15:00+01:00,5.60664
2026-01-12T19:30:00+01:00,5.96868
2026-01-12T19:45:00+01:00,5.975946
2026-01-12T20:00:00+01:00,5.989754
2026-01-12T20:15:00+01:00,5.97892
2026-01-12T20:30:00+01:00,5.98738
2026-01-12T20:45:00+01:00,5.983234
2026-01-12T21:00:00+01:00,5.977686
2026-01-12T21:15:00+01:00,5.990686
2026-01-12T21:30:00+01:00,5.990714
2026-01-12T21:45:00+01:00,5.8283
2026-01-12T22:00:00+01:00,1.45276
2026-01-12T22:15:00+01:00,0.0
2026-01-12T22:30:00+01:00,0.0
2026-01-12T22:45:00+01:00,0.0
2026-01-12T23:00:00+01:00,0.0
2026-01-12T23:15:00+01:00,0.0
2026-01-12T23:30:00+01:00,0.0
2026-01-12T23:45:00+01:00,0.0
2026-01-13T00:00:00+01:00,0.0
2026-01-13T00:15:00+01:00,0.0
2026-01-13T00:30:00+01:00,0.0
2026-01-13T00:45:00+01:00,0.0
2026-01-13T01:00:00+01:00,0.0
2026-01-13T01:15:00+01:00,0.0
2026-01-13T01:30:00+01:00,0.0
2026-01-13T01:45:00+01:00,0.0
2026-01-13T02:00:00+01:00,0.0
2026-01-13T02:15:00+01:00,0.0
2026-01-13T02:30:00+01:00,0.0
2026-01-13T02:45:00+01:00,0.0
2026-01-13T03:00:00+01:00,0.0
2026-01-13T03:15:00+01:00,0.0
2026-01-13T03:30:00+01:00,0.0
2026-01-13T03:45:00+01:00,0.0
2026-01-13T04:00:00+01:00,0.0
2026-01-13T04:15:00+01:00,0.0
2026-01-13T04:30:00+01:00,0.0
2026-01-13T04:45:00+01:00,0.0
2026-01-13T05:00:00+01:00,0.0
2026-01-13T05:15:00+01:00,0.0
2026-01-13T05:30:00+01:00,0.0
2026-01-13T05:45:00+01:00,2.18124
2026-01-13T06:00:00+01:00,5.70816
2026-01-13T06:15:00+01:00,5.97292
2026-01-13T06:30:00+01:00,5.99646
2026-01-13T06:45:00+01:00,5.968328
2026-01-13T07:00:00+01:00,5.996572
2026-01-13T07:15:00+01:00,5.9948
2026-01-13T07:30:00+01:00,5.98706
2026-01-13T07:45:00+01:00,5.99408
2026-01-13T08:00:00+01:00,5.990094
2026-01-13T08:15:00+01:00,5.979793
2026-01-13T08:30:00+01:00,6.009573
2026-01-13T08:45:00+01:00,5.994977
2026-01-13T09:00:00+01:00,5.939503
2026-01-13T09:15:00+01:00,5.8327
2026-01-13T09:30:00+01:00,5.29442
2026-01-13T09:45:00+01:00,1.98136
2026-01-13T10:00:00+01:00,4.8255
2026-01-13T10:15:00+01:00,5.99408
2026-01-13T10:30:00+01:00,6.000849
2026-01-13T10:45:00+01:00,5.992432
2026-01-13T11:00:00+01:00,5.981108
2026-01-13T11:15:00+01:00,5.989432
2026-01-13T11:30:00+01:00,5.979498
2026-01-13T11:45:00+01:00,5.86334
2026-01-13T12:00:00+01:00,5.928461
2026-01-13T12:15:00+01:00,5.889059
2026-01-13T12:30:00+01:00,4.05502
2026-01-13T12:45:00+01:00,2.59236
2026-01-13T13:00:00+01:00,4.326126
2026-01-13T13:15:00+01:00,5.035994
2026-01-13T13:30:00+01:00,5.86594
2026-01-13T13:45:00+01:00,5.98492
2026-01-13T14:00:00+01:00,5.97816
2026-01-13T14:15:00+01:00,5.979906
2026-01-13T14:30:00+01:00,5.973634
2026-01-13T14:45:00+01:00,5.963791
2026-01-13T15:00:00+01:00,5.991889
2026-01-13T15:15:00+01:00,5.987771
2026-01-13T15:30:00+01:00,5.997469
2026-01-13T15:45:00+01:00,5.963955
2026-01-13T16:00:00+01:00,5.802485
2026-01-13T16:15:00+01:00,4.936617
2026-01-13T16:30:00+01:00,4.691703
2026-01-13T16:45:00+01:00,3.721398
2026-01-13T17:00:00+01:00,4.797922
2026-01-13T17:15:00+01:00,5.395589
2026-01-13T17:30:00+01:00,5.466911
2026-01-13T17:45:00+01:00,4.687612
2026-01-13T18:00:00+01:00,3.130508
2026-01-13T18:15:00+01:00,4.98344
2026-01-13T18:30:00+01:00,3.793819
2026-01-13T18:45:00+01:00,2.12028
2026-01-13T19:00:00+01:00,2.499742
2026-01-13T19:15:00+01:00,5.10378
2026-01-13T19:30:00+01:00,5.2981
2026-01-13T19:45:00+01:00,4.7941
2026-01-13T20:00:00+01:00,0.64526
2026-01-13T20:15:00+01:00,0.07176
2026-01-13T20:30:00+01:00,1.015668
2026-01-13T20:45:00+01:00,2.747272
2026-01-13T21:00:00+01:00,5.249207
2026-01-13T21:15:00+01:00,4.940293
2026-01-13T21:30:00+01:00,3.72748
2026-01-13T21:45:00+01:00,3.002423
2026-01-13T22:00:00+01:00,0.033897
2026-01-13T22:15:00+01:00,0.0
2026-01-13T22:30:00+01:00,0.0
2026-01-13T22:45:00+01:00,0.0
2026-01-13T23:00:00+01:00,0.0
2026-01-13T23:15:00+01:00,0.0
2026-01-13T23:30:00+01:00,0.0
2026-01-13T23:45:00+01:00,0.0
2026-01-14T00:00:00+01:00,0.0
2026-01-14T00:15:00+01:00,0.0
2026-01-14T00:30:00+01:00,0.0
2026-01-14T00:45:00+01:00,0.0
2026-01-14T01:00:00+01:00,0.0
2026-01-14T01:15:00+01:00,0.0
2026-01-14T01:30:00+01:00,0.0
2026-01-14T01:45:00+01:00,0.0
2026-01-14T02:00:00+01:00,0.0
2026-01-14T02:15:00+01:00,0.0
2026-01-14T02:30:00+01:00,0.0
2026-01-14T02:45:00+01:00,0.0
2026-01-14T03:00:00+01:00,0.0
2026-01-14T03:15:00+01:00,0.0
2026-01-14T03:30:00+01:00,0.0
2026-01-14T03:45:00+01:00,0.0
2026-01-14T04:00:00+01:00,0.0
2026-01-14T04:15:00+01:00,0.0
2026-01-14T04:30:00+01:00,0.0
2026-01-14T04:45:00+01:00,0.0
2026-01-14T05:00:00+01:00,0.0
2026-01-14T05:15:00+01:00,0.0
2026-01-14T05:30:00+01:00,0.0
2026-01-14T05:45:00+01:00,0.0
2026-01-14T06:00:00+01:00,2.782602
2026-01-14T06:15:00+01:00,5.102186
2026-01-14T06:30:00+01:00,5.730112
2026-01-14T06:45:00+01:00,5.67638
2026-01-14T07:00:00+01:00,5.88812
2026-01-14T07:15:00+01:00,5.98606
2026-01-14T07:30:00+01:00,5.98116
2026-01-14T07:45:00+01:00,5.98224
2026-01-14T08:00:00+01:00,5.63126
2026-01-14T08:15:00+01:00,6.015903
2026-01-14T08:30:00+01:00,6.016577
2026-01-14T08:45:00+01:00,6.0008
2026-01-14T09:00:00+01:00,5.792936
2026-01-14T09:15:00+01:00,5.994107
2026-01-14T09:30:00+01:00,4.452637
2026-01-14T09:45:00+01:00,2.10562
2026-01-14T10:00:00+01:00,3.99246
2026-01-14T10:15:00+01:00,5.54752
2026-01-14T10:30:00+01:00,5.968115
2026-01-14T10:45:00+01:00,5.977188
2026-01-14T11:00:00+01:00,5.969567
2026-01-14T11:15:00+01:00,5.984973
2026-01-14T11:30:00+01:00,5.97273
2026-01-14T11:45:00+01:00,5.988942
2026-01-14T12:00:00+01:00,5.999963
2026-01-14T12:15:00+01:00,5.99092
2026-01-14T12:30:00+01:00,4.8397
2026-01-14T12:45:00+01:00,0.72716
2026-01-14T13:00:00+01:00,2.718316
2026-01-14T13:15:00+01:00,5.432154
2026-01-14T13:30:00+01:00,5.989749
2026-01-14T13:45:00+01:00,5.54708
2026-01-14T14:00:00+01:00,5.789618
2026-01-14T14:15:00+01:00,5.720442
2026-01-14T14:30:00+01:00,5.919845
2026-01-14T14:45:00+01:00,6.002635
2026-01-14T15:00:00+01:00,5.975
2026-01-14T15:15:00+01:00,5.98776
2026-01-14T15:30:00+01:00,5.939874
2026-01-14T15:45:00+01:00,5.244906
2026-01-14T16:00:00+01:00,5.221488
2026-01-14T16:15:00+01:00,5.048992
2026-01-14T16:30:00+01:00,5.04636
2026-01-14T16:45:00+01:00,4.56182
2026-01-14T17:00:00+01:00,5.227336
2026-01-14T17:15:00+01:00,5.849004
2026-01-14T17:30:00+01:00,5.45878
2026-01-14T17:45:00+01:00,5.4353
2026-01-14T18:00:00+01:00,5.68512
2026-01-14T18:15:00+01:00,5.854746
2026-01-14T18:30:00+01:00,5.822814
2026-01-14T18:45:00+01:00,4.9115
2026-01-14T19:00:00+01:00,4.8792
2026-01-14T19:15:00+01:00,5.30498
2026-01-14T19:30:00+01:00,6.037546
2026-01-14T19:45:00+01:00,6.016105
2026-01-14T20:00:00+01:00,6.032192
2026-01-14T20:15:00+01:00,6.023808
2026-01-14T20:30:00+01:00,6.045569
2026-01-14T20:45:00+01:00,6.032808
2026-01-14T21:00:00+01:00,6.046272
2026-01-14T21:15:00+01:00,6.0184
2026-01-14T21:30:00+01:00,6.01672
2026-01-14T21:45:00+01:00,3.75024
2026-01-14T22:00:00+01:00,0.25758
2026-01-14T22:15:00+01:00,0.0
2026-01-14T22:30:00+01:00,0.0
2026-01-14T22:45:00+01:00,0.0
2026-01-14T23:00:00+01:00,0.0
2026-01-14T23:15:00+01:00,0.0
2026-01-14T23:30:00+01:00,0.0
2026-01-14T23:45:00+01:00,0.0
2026-01-15T00:00:00+01:00,0.0
2026-01-15T00:15:00+01:00,0.0
2026-01-15T00:30:00+01:00,0.0
2026-01-15T00:45:00+01:00,0.0
2026-01-15T01:00:00+01:00,0.0
2026-01-15T01:15:00+01:00,0.0
2026-01-15T01:30:00+01:00,0.0
2026-01-15T01:45:00+01:00,0.0
2026-01-15T02:00:00+01:00,0.0
2026-01-15T02:15:00+01:00,0.0
2026-01-15T02:30:00+01:00,0.0
2026-01-15T02:45:00+01:00,0.0
2026-01-15T03:00:00+01:00,0.0
2026-01-15T03:15:00+01:00,0.0
2026-01-15T03:30:00+01:00,0.0
2026-01-15T03:45:00+01:00,0.0
2026-01-15T04:00:00+01:00,0.0
2026-01-15T04:15:00+01:00,0.0
2026-01-15T04:30:00+01:00,0.0
2026-01-15T04:45:00+01:00,0.0
2026-01-15T05:00:00+01:00,0.0
2026-01-15T05:15:00+01:00,0.0
2026-01-15T05:30:00+01:00,0.0
2026-01-15T05:45:00+01:00,2.56668
2026-01-15T06:00:00+01:00,5.8627
2026-01-15T06:15:00+01:00,5.985186
2026-01-15T06:30:00+01:00,5.990974
2026-01-15T06:45:00+01:00,6.00284
2026-01-15T07:00:00+01:00,6.00392
2026-01-15T07:15:00+01:00,6.00624
2026-01-15T07:30:00+01:00,5.987011
2026-01-15T07:45:00+01:00,5.998105
2026-01-15T08:00:00+01:00,6.000344
2026-01-15T08:15:00+01:00,5.99854
2026-01-15T08:30:00+01:00,5.979403
2026-01-15T08:45:00+01:00,5.996217
2026-01-15T09:00:00+01:00,5.984
2026-01-15T09:15:00+01:00,5.99092
2026-01-15T09:30:00+01:00,5.83072
2026-01-15T09:45:00+01:00,4.233
2026-01-15T10:00:00+01:00,5.1992
2026-01-15T10:15:00+01:00,6.01314
2026-01-15T10:30:00+01:00,6.0507
2026-01-15T10:45:00+01:00,5.9974
2026-01-15T11:00:00+01:00,5.38
2026-01-15T11:15:00+01:00,5.98784
2026-01-15T11:30:00+01:00,5.98892
2026-01-15T11:45:00+01:00,5.99124
2026-01-15T12:00:00+01:00,6.000309
2026-01-15T12:15:00+01:00,5.948311
2026-01-15T12:30:00+01:00,5.945626
2026-01-15T12:45:00+01:00,5.994674
2026-01-15T13:00:00+01:00,6.00692
2026-01-15T13:15:00+01:00,5.978943
2026-01-15T13:30:00+01:00,5.976617
2026-01-15T13:45:00+01:00,5.958841
2026-01-15T14:00:00+01:00,5.987139
2026-01-15T14:15:00+01:00,5.97786
2026-01-15T14:30:00+01:00,5.96738
2026-01-15T14:45:00+01:00,5.97008
2026-01-15T15:00:00+01:00,5.971315
2026-01-15T15:15:00+01:00,5.967056
2026-01-15T15:30:00+01:00,5.980009
2026-01-15T15:45:00+01:00,5.97454
2026-01-15T16:00:00+01:00,5.971
2026-01-15T16:15:00+01:00,5.97738
2026-01-15T16:30:00+01:00,5.99482
2026-01-15T16:45:00+01:00,5.99842
2026-01-15T17:00:00+01:00,5.97384
2026-01-15T17:15:00+01:00,5.976
2026-01-15T17:30:00+01:00,5.97676
2026-01-15T17:45:00+01:00,5.616008
2026-01-15T18:00:00+01:00,4.915212
2026-01-15T18:15:00+01:00,6.008672
2026-01-15T18:30:00+01:00,5.789588
2026-01-15T18:45:00+01:00,4.90292
2026-01-15T19:00:00+01:00,5.343255
2026-01-15T19:15:00+01:00,6.026002
2026-01-15T19:30:00+01:00,5.994191
2026-01-15T19:45:00+01:00,5.999809
2026-01-15T20:00:00+01:00,5.977122
2026-01-15T20:15:00+01:00,5.98176
2026-01-15T20:30:00+01:00,5.981238
2026-01-15T20:45:00+01:00,5.577362
2026-01-15T21:00:00+01:00,5.551269
2026-01-15T21:15:00+01:00,5.260831
2026-01-15T21:30:00+01:00,5.76188
2026-01-15T21:45:00+01:00,3.094565
2026-01-15T22:00:00+01:00,0.137235
2026-01-15T22:15:00+01:00,0.0
2026-01-15T22:30:00+01:00,0.0
2026-01-15T22:45:00+01:00,0.0
2026-01-15T23:00:00+01:00,0.0
2026-01-15T23:15:00+01:00,0.0
2026-01-15T23:30:00+01:00,0.0
2026-01-15T23:45:00+01:00,0.0
2026-01-16T00:00:00+01:00,0.0
2026-01-16T00:15:00+01:00,0.0
2026-01-16T00:30:00+01:00,0.0
2026-01-16T00:45:00+01:00,0.0
2026-01-16T01:00:00+01:00,0.0
2026-01-16T01:15:00+01:00,0.0
2026-01-16T01:30:00+01:00,0.0
2026-01-16T01:45:00+01:00,0.0
2026-01-16T02:00:00+01:00,0.0
2026-01-16T02:15:00+01:00,0.0
2026-01-16T02:30:00+01:00,0.0
2026-01-16T02:45:00+01:00,0.0
2026-01-16T03:00:00+01:00,0.0
2026-01-16T03:15:00+01:00,0.0
2026-01-16T03:30:00+01:00,0.0
2026-01-16T03:45:00+01:00,0.0
2026-01-16T04:00:00+01:00,0.0
2026-01-16T04:15:00+01:00,0.722254
2026-01-16T04:30:00+01:00,2.912246
2026-01-16T04:45:00+01:00,4.01468
2026-01-16T05:00:00+01:00,3.300366
2026-01-16T05:15:00+01:00,1.880754
2026-01-16T05:30:00+01:00,1.825329
2026-01-16T05:45:00+01:00,3.298711
2026-01-16T06:00:00+01:00,5.39969
2026-01-16T06:15:00+01:00,5.70797
2026-01-16T06:30:00+01:00,5.92756
2026-01-16T06:45:00+01:00,5.92442
2026-01-16T07:00:00+01:00,4.402845
2026-01-16T07:15:00+01:00,4.601815
2026-01-16T07:30:00+01:00,4.502599
2026-01-16T07:45:00+01:00,3.691901
2026-01-16T08:00:00+01:00,2.849491
2026-01-16T08:15:00+01:00,1.495149
2026-01-16T08:30:00+01:00,4.43816
2026-01-16T08:45:00+01:00,5.92574
2026-01-16T09:00:00+01:00,5.385211
2026-01-16T09:15:00+01:00,5.910689
2026-01-16T09:30:00+01:00,5.80076
2026-01-16T09:45:00+01:00,3.96834
2026-01-16T10:00:00+01:00,4.8453
2026-01-16T10:15:00+01:00,5.88792
2026-01-16T10:30:00+01:00,5.9484
2026-01-16T10:45:00+01:00,5.87268
2026-01-16T11:00:00+01:00,5.99364
2026-01-16T11:15:00+01:00,5.974488
2026-01-16T11:30:00+01:00,5.97992
2026-01-16T11:45:00+01:00,6.006272
2026-01-16T12:00:00+01:00,5.94942
2026-01-16T12:15:00+01:00,4.8324
2026-01-16T12:30:00+01:00,3.34338
2026-01-16T12:45:00+01:00,3.13378
2026-01-16T13:00:00+01:00,4.3894
2026-01-16T13:15:00+01:00,5.533801
2026-01-16T13:30:00+01:00,5.963619
2026-01-16T13:45:00+01:00,5.590158
2026-01-16T14:00:00+01:00,3.273942
2026-01-16T14:15:00+01:00,5.25204
2026-01-16T14:30:00+01:00,5.972311
2026-01-16T14:45:00+01:00,5.825932
2026-01-16T15:00:00+01:00,5.60481
2026-01-16T15:15:00+01:00,5.90315
2026-01-16T15:30:00+01:00,5.991958
2026-01-16T15:45:00+01:00,5.3276
2026-01-16T16:00:00+01:00,3.88442
2026-01-16T16:15:00+01:00,5.4916
2026-01-16T16:30:00+01:00,5.9782
2026-01-16T16:45:00+01:00,5.99618
2026-01-16T17:00:00+01:00,5.973288
2026-01-16T17:15:00+01:00,5.995252
2026-01-16T17:30:00+01:00,5.946441
2026-01-16T17:45:00+01:00,5.023999
2026-01-16T18:00:00+01:00,5.32328
2026-01-16T18:15:00+01:00,5.13526
2026-01-16T18:30:00+01:00,4.819911
2026-01-16T18:45:00+01:00,1.157469
2026-01-16T19:00:00+01:00,1.189366
2026-01-16T19:15:00+01:00,4.121494
2026-01-16T19:30:00+01:00,5.91298
2026-01-16T19:45:00+01:00,5.84672
2026-01-16T20:00:00+01:00,6.007998
2026-01-16T20:15:00+01:00,5.999302
2026-01-16T20:30:00+01:00,6.001039
2026-01-16T20:45:00+01:00,6.003021
2026-01-16T21:00:00+01:00,4.398882
2026-01-16T21:15:00+01:00,1.400658
2026-01-16T21:30:00+01:00,0.03024
2026-01-16T21:45:00+01:00,0.0
2026-01-16T22:00:00+01:00,0.0
2026-01-16T22:15:00+01:00,0.0
2026-01-16T22:30:00+01:00,0.0
2026-01-16T22:45:00+01:00,0.0
2026-01-16T23:00:00+01:00,0.0
2026-01-16T23:15:00+01:00,0.0
2026-01-16T23:30:00+01:00,0.0
2026-01-16T23:45:00+01:00,0.0
2026-01-17T00:00:00+01:00,0.0
2026-01-17T00:15:00+01:00,0.0
2026-01-17T00:30:00+01:00,0.0
2026-01-17T00:45:00+01:00,0.0
2026-01-17T01:00:00+01:00,0.0
2026-01-17T01:15:00+01:00,0.0
2026-01-17T01:30:00+01:00,0.0
2026-01-17T01:45:00+01:00,0.0
2026-01-17T02:00:00+01:00,0.0
2026-01-17T02:15:00+01:00,0.0
2026-01-17T02:30:00+01:00,0.0
2026-01-17T02:45:00+01:00,0.0
2026-01-17T03:00:00+01:00,0.0
2026-01-17T03:15:00+01:00,0.0
2026-01-17T03:30:00+01:00,0.0
2026-01-17T03:45:00+01:00,0.0
2026-01-17T04:00:00+01:00,0.0
2026-01-17T04:15:00+01:00,0.0
2026-01-17T04:30:00+01:00,0.0
2026-01-17T04:45:00+01:00,0.0
2026-01-17T05:00:00+01:00,0.0
2026-01-17T05:15:00+01:00,0.0
2026-01-17T05:30:00+01:00,0.0
2026-01-17T05:45:00+01:00,0.0
2026-01-17T06:00:00+01:00,0.0
2026-01-17T06:15:00+01:00,0.0
2026-01-17T06:30:00+01:00,0.0
2026-01-17T06:45:00+01:00,0.0
2026-01-17T07:00:00+01:00,0.0
2026-01-17T07:15:00+01:00,0.0
2026-01-17T07:30:00+01:00,0.0
2026-01-17T07:45:00+01:00,0.0
2026-01-17T08:00:00+01:00,0.0
2026-01-17T08:15:00+01:00,0.0
2026-01-17T08:30:00+01:00,0.0
2026-01-17T08:45:00+01:00,0.0
2026-01-17T09:00:00+01:00,0.0
2026-01-17T09:15:00+01:00,0.0
2026-01-17T09:30:00+01:00,0.0
2026-01-17T09:45:00+01:00,0.0
2026-01-17T10:00:00+01:00,0.0
2026-01-17T10:15:00+01:00,0.0
2026-01-17T10:30:00+01:00,0.0
2026-01-17T10:45:00+01:00,0.0
2026-01-17T11:00:00+01:00,0.0
2026-01-17T11:15:00+01:00,0.0
2026-01-17T11:30:00+01:00,0.0
2026-01-17T11:45:00+01:00,0.0
2026-01-17T12:00:00+01:00,0.0
2026-01-17T12:15:00+01:00,0.0
2026-01-17T12:30:00+01:00,0.0
2026-01-17T12:45:00+01:00,0.0
2026-01-17T13:00:00+01:00,0.0
2026-01-17T13:15:00+01:00,0.0
2026-01-17T13:30:00+01:00,0.0
2026-01-17T13:45:00+01:00,0.0
2026-01-17T14:00:00+01:00,0.0
2026-01-17T14:15:00+01:00,0.0
2026-01-17T14:30:00+01:00,0.0
2026-01-17T14:45:00+01:00,0.0
2026-01-17T15:00:00+01:00,0.0
2026-01-17T15:15:00+01:00,0.0
2026-01-17T15:30:00+01:00,0.0
2026-01-17T15:45:00+01:00,0.0
2026-01-17T16:00:00+01:00,0.0
2026-01-17T16:15:00+01:00,0.0
2026-01-17T16:30:00+01:00,0.0
2026-01-17T16:45:00+01:00,0.0
2026-01-17T17:00:00+01:00,0.0
2026-01-17T17:15:00+01:00,0.0
2026-01-17T17:30:00+01:00,0.0
2026-01-17T17:45:00+01:00,0.0
2026-01-17T18:00:00+01:00,0.0
2026-01-17T18:15:00+01:00,0.0
2026-01-17T18:30:00+01:00,0.0
2026-01-17T18:45:00+01:00,0.0
2026-01-17T19:00:00+01:00,0.0
2026-01-17T19:15:00+01:00,0.0
2026-01-17T19:30:00+01:00,0.0
2026-01-17T19:45:00+01:00,0.0
2026-01-17T20:00:00+01:00,0.0
2026-01-17T20:15:00+01:00,0.0
2026-01-17T20:30:00+01:00,0.0
2026-01-17T20:45:00+01:00,0.0
2026-01-17T21:00:00+01:00,0.0
2026-01-17T21:15:00+01:00,0.0
2026-01-17T21:30:00+01:00,0.0
2026-01-17T21:45:00+01:00,0.0
2026-01-17T22:00:00+01:00,0.0
2026-01-17T22:15:00+01:00,0.0
2026-01-17T22:30:00+01:00,0.0
2026-01-17T22:45:00+01:00,0.0
2026-01-17T23:00:00+01:00,0.0
2026-01-17T23:15:00+01:00,0.0
2026-01-17T23:30:00+01:00,0.0
2026-01-17T23:45:00+01:00,0.0
2026-01-18T00:00:00+01:00,0.0
2026-01-18T00:15:00+01:00,0.0
2026-01-18T00:30:00+01:00,0.0
2026-01-18T00:45:00+01:00,0.0
2026-01-18T01:00:00+01:00,0.0
2026-01-18T01:15:00+01:00,0.0
2026-01-18T01:30:00+01:00,0.0
2026-01-18T01:45:00+01:00,0.0
2026-01-18T02:00:00+01:00,0.0
2026-01-18T02:15:00+01:00,0.0
2026-01-18T02:30:00+01:00,0.0
2026-01-18T02:45:00+01:00,0.0
2026-01-18T03:00:00+01:00,0.0
2026-01-18T03:15:00+01:00,0.0
2026-01-18T03:30:00+01:00,0.0
2026-01-18T03:45:00+01:00,0.0
2026-01-18T04:00:00+01:00,0.0
2026-01-18T04:15:00+01:00,0.0
2026-01-18T04:30:00+01:00,0.0
2026-01-18T04:45:00+01:00,0.0
2026-01-18T05:00:00+01:00,0.0
2026-01-18T05:15:00+01:00,0.0
2026-01-18T05:30:00+01:00,0.0
2026-01-18T05:45:00+01:00,0.0
2026-01-18T06:00:00+01:00,0.0
2026-01-18T06:15:00+01:00,0.0
2026-01-18T06:30:00+01:00,0.0
2026-01-18T06:45:00+01:00,0.0
2026-01-18T07:00:00+01:00,0.0
2026-01-18T07:15:00+01:00,0.0
2026-01-18T07:30:00+01:00,0.0
2026-01-18T07:45:00+01:00,0.0
2026-01-18T08:00:00+01:00,0.0
2026-01-18T08:15:00+01:00,0.0
2026-01-18T08:30:00+01:00,0.0
2026-01-18T08:45:00+01:00,0.0
2026-01-18T09:00:00+01:00,0.0
2026-01-18T09:15:00+01:00,0.0
2026-01-18T09:30:00+01:00,0.0
2026-01-18T09:45:00+01:00,0.0
2026-01-18T10:00:00+01:00,0.0
2026-01-18T10:15:00+01:00,0.0
2026-01-18T10:30:00+01:00,0.0
2026-01-18T10:45:00+01:00,0.0
2026-01-18T11:00:00+01:00,0.0
2026-01-18T11:15:00+01:00,0.0
2026-01-18T11:30:00+01:00,0.0
2026-01-18T11:45:00+01:00,0.0
2026-01-18T12:00:00+01:00,0.0
2026-01-18T12:15:00+01:00,0.0
2026-01-18T12:30:00+01:00,0.0
2026-01-18T12:45:00+01:00,0.0
2026-01-18T13:00:00+01:00,0.0
2026-01-18T13:15:00+01:00,0.0
2026-01-18T13:30:00+01:00,0.0
2026-01-18T13:45:00+01:00,0.0
2026-01-18T14:00:00+01:00,0.0
2026-01-18T14:15:00+01:00,0.0
2026-01-18T14:30:00+01:00,0.0
2026-01-18T14:45:00+01:00,0.0
2026-01-18T15:00:00+01:00,0.0
2026-01-18T15:15:00+01:00,0.0
2026-01-18T15:30:00+01:00,0.0
2026-01-18T15:45:00+01:00,0.0
2026-01-18T16:00:00+01:00,0.0
2026-01-18T16:15:00+01:00,0.0
2026-01-18T16:30:00+01:00,0.0
2026-01-18T16:45:00+01:00,0.0
2026-01-18T17:00:00+01:00,0.0
2026-01-18T17:15:00+01:00,0.0
2026-01-18T17:30:00+01:00,0.0
2026-01-18T17:45:00+01:00,0.0
2026-01-18T18:00:00+01:00,0.0
2026-01-18T18:15:00+01:00,0.0
2026-01-18T18:30:00+01:00,0.0
2026-01-18T18:45:00+01:00,0.0
2026-01-18T19:00:00+01:00,0.0
2026-01-18T19:15:00+01:00,0.0
2026-01-18T19:30:00+01:00,0.0
2026-01-18T19:45:00+01:00,0.0
2026-01-18T20:00:00+01:00,0.0
2026-01-18T20:15:00+01:00,0.0
2026-01-18T20:30:00+01:00,0.0
2026-01-18T20:45:00+01:00,0.0
2026-01-18T21:00:00+01:00,0.0
2026-01-18T21:15:00+01:00,0.0
2026-01-18T21:30:00+01:00,0.0
2026-01-18T21:45:00+01:00,0.0
2026-01-18T22:00:00+01:00,0.0
2026-01-18T22:15:00+01:00,0.0
2026-01-18T22:30:00+01:00,0.0
2026-01-18T22:45:00+01:00,0.0
2026-01-18T23:00:00+01:00,0.0
2026-01-18T23:15:00+01:00,0.0
2026-01-18T23:30:00+01:00,0.0
2026-01-18T23:45:00+01:00,0.0
2026-01-19T00:00:00+01:00,0.0
2026-01-19T00:15:00+01:00,0.0
2026-01-19T00:30:00+01:00,0.0
2026-01-19T00:45:00+01:00,0.0
2026-01-19T01:00:00+01:00,0.0
2026-01-19T01:15:00+01:00,0.0
2026-01-19T01:30:00+01:00,0.0
2026-01-19T01:45:00+01:00,0.0
2026-01-19T02:00:00+01:00,0.0
2026-01-19T02:15:00+01:00,0.0
2026-01-19T02:30:00+01:00,0.0
2026-01-19T02:45:00+01:00,0.0
2026-01-19T03:00:00+01:00,0.0
2026-01-19T03:15:00+01:00,0.0
2026-01-19T03:30:00+01:00,0.394
2026-01-19T03:45:00+01:00,0.0
2026-01-19T04:00:00+01:00,0.185531
2026-01-19T04:15:00+01:00,0.622469
2026-01-19T04:30:00+01:00,0.0
2026-01-19T04:45:00+01:00,0.0
2026-01-19T05:00:00+01:00,0.41
2026-01-19T05:15:00+01:00,0.29784
2026-01-19T05:30:00+01:00,0.163679
2026-01-19T05:45:00+01:00,0.951361
2026-01-19T06:00:00+01:00,2.571234
2026-01-19T06:15:00+01:00,4.842666
2026-01-19T06:30:00+01:00,5.720445
2026-01-19T06:45:00+01:00,6.030859
2026-01-19T07:00:00+01:00,6.038217
2026-01-19T07:15:00+01:00,6.02522
2026-01-19T07:30:00+01:00,6.0362
2026-01-19T07:45:00+01:00,6.0458
2026-01-19T08:00:00+01:00,6.04037
2026-01-19T08:15:00+01:00,6.04693
2026-01-19T08:30:00+01:00,5.77684
2026-01-19T08:45:00+01:00,5.891927
2026-01-19T09:00:00+01:00,5.728193
2026-01-19T09:15:00+01:00,4.836097
2026-01-19T09:30:00+01:00,4.875523
2026-01-19T09:45:00+01:00,3.55032
2026-01-19T10:00:00+01:00,5.222822
2026-01-19T10:15:00+01:00,6.075541
2026-01-19T10:30:00+01:00,6.053557
2026-01-19T10:45:00+01:00,6.08448
2026-01-19T11:00:00+01:00,6.047401
2026-01-19T11:15:00+01:00,6.035644
2026-01-19T11:30:00+01:00,6.023755
2026-01-19T11:45:00+01:00,6.027519
2026-01-19T12:00:00+01:00,6.037267
2026-01-19T12:15:00+01:00,6.034434
2026-01-19T12:30:00+01:00,6.04306
2026-01-19T12:45:00+01:00,5.44076
2026-01-19T13:00:00+01:00,4.07068
2026-01-19T13:15:00+01:00,5.294335
2026-01-19T13:30:00+01:00,6.027785
2026-01-19T13:45:00+01:00,5.66486
2026-01-19T14:00:00+01:00,2.78254
2026-01-19T14:15:00+01:00,3.85588
2026-01-19T14:30:00+01:00,5.91762
2026-01-19T14:45:00+01:00,6.01214
2026-01-19T15:00:00+01:00,6.12212
2026-01-19T15:15:00+01:00,6.06404
2026-01-19T15:30:00+01:00,5.46918
2026-01-19T15:45:00+01:00,5.46632
2026-01-19T16:00:00+01:00,5.0639
2026-01-19T16:15:00+01:00,4.85812
2026-01-19T16:30:00+01:00,5.13808
2026-01-19T16:45:00+01:00,5.519947
2026-01-19T17:00:00+01:00,5.988349
2026-01-19T17:15:00+01:00,6.041824
2026-01-19T17:30:00+01:00,6.0094
2026-01-19T17:45:00+01:00,5.26636
2026-01-19T18:00:00+01:00,5.9577
2026-01-19T18:15:00+01:00,4.856039
2026-01-19T18:30:00+01:00,4.131361
2026-01-19T18:45:00+01:00,1.97592
2026-01-19T19:00:00+01:00,0.61754
2026-01-19T19:15:00+01:00,2.31524
2026-01-19T19:30:00+01:00,5.567126
2026-01-19T19:45:00+01:00,3.995454
2026-01-19T20:00:00+01:00,4.96278
2026-01-19T20:15:00+01:00,6.01638
2026-01-19T20:30:00+01:00,5.961483
2026-01-19T20:45:00+01:00,6.041217
2026-01-19T21:00:00+01:00,5.651814
2026-01-19T21:15:00+01:00,5.904626
2026-01-19T21:30:00+01:00,5.896382
2026-01-19T21:45:00+01:00,3.773498
2026-01-19T22:00:00+01:00,0.308
2026-01-19T22:15:00+01:00,0.0
2026-01-19T22:30:00+01:00,0.0
2026-01-19T22:45:00+01:00,0.0
2026-01-19T23:00:00+01:00,0.0
2026-01-19T23:15:00+01:00,0.0
2026-01-19T23:30:00+01:00,0.0
2026-01-19T23:45:00+01:00,0.0
2026-01-20T00:00:00+01:00,0.0
2026-01-20T00:15:00+01:00,0.0
2026-01-20T00:30:00+01:00,0.629737
2026-01-20T00:45:00+01:00,0.690263
2026-01-20T01:00:00+01:00,0.0
2026-01-20T01:15:00+01:00,0.0
2026-01-20T01:30:00+01:00,0.469
2026-01-20T01:45:00+01:00,0.6033
2026-01-20T02:00:00+01:00,0.1377
2026-01-20T02:15:00+01:00,0.0
2026-01-20T02:30:00+01:00,0.0
2026-01-20T02:45:00+01:00,0.0
2026-01-20T03:00:00+01:00,0.0
2026-01-20T03:15:00+01:00,0.0
2026-01-20T03:30:00+01:00,0.0
2026-01-20T03:45:00+01:00,0.0
2026-01-20T04:00:00+01:00,0.406
2026-01-20T04:15:00+01:00,0.89352
2026-01-20T04:30:00+01:00,1.13048
2026-01-20T04:45:00+01:00,0.0
2026-01-20T05:00:00+01:00,0.41536
2026-01-20T05:15:00+01:00,0.76486
2026-01-20T05:30:00+01:00,1.60354
2026-01-20T05:45:00+01:00,3.001282
2026-01-20T06:00:00+01:00,5.515618
2026-01-20T06:15:00+01:00,4.732505
2026-01-20T06:30:00+01:00,4.013575
2026-01-20T06:45:00+01:00,4.48552
2026-01-20T07:00:00+01:00,3.89828
2026-01-20T07:15:00+01:00,3.02168
2026-01-20T07:30:00+01:00,5.448692
2026-01-20T07:45:00+01:00,4.487459
2026-01-20T08:00:00+01:00,5.149329
2026-01-20T08:15:00+01:00,4.91126
2026-01-20T08:30:00+01:00,5.84316
2026-01-20T08:45:00+01:00,6.05724
2026-01-20T09:00:00+01:00,5.865902
2026-01-20T09:15:00+01:00,6.047178
2026-01-20T09:30:00+01:00,5.98342
2026-01-20T09:45:00+01:00,5.69928
2026-01-20T10:00:00+01:00,5.56668
2026-01-20T10:15:00+01:00,6.05976
2026-01-20T10:30:00+01:00,6.04614
2026-01-20T10:45:00+01:00,6.04288
2026-01-20T11:00:00+01:00,5.983654
2026-01-20T11:15:00+01:00,5.332806
2026-01-20T11:30:00+01:00,5.76322
2026-01-20T11:45:00+01:00,5.896053
2026-01-20T12:00:00+01:00,5.949167
2026-01-20T12:15:00+01:00,5.556061
2026-01-20T12:30:00+01:00,3.421499
2026-01-20T12:45:00+01:00,0.32494
2026-01-20T13:00:00+01:00,0.269111
2026-01-20T13:15:00+01:00,3.170328
2026-01-20T13:30:00+01:00,4.694395
2026-01-20T13:45:00+01:00,5.742567
2026-01-20T14:00:00+01:00,5.923699
2026-01-20T14:15:00+01:00,5.91742
2026-01-20T14:30:00+01:00,6.002786
2026-01-20T14:45:00+01:00,5.997136
2026-01-20T15:00:00+01:00,5.887778
2026-01-20T15:15:00+01:00,6.04436
2026-01-20T15:30:00+01:00,6.012743
2026-01-20T15:45:00+01:00,5.813083
2026-01-20T16:00:00+01:00,6.049334
2026-01-20T16:15:00+01:00,6.03364
2026-01-20T16:30:00+01:00,6.00162
2026-01-20T16:45:00+01:00,5.9051
2026-01-20T17:00:00+01:00,5.81404
2026-01-20T17:15:00+01:00,5.78064
2026-01-20T17:30:00+01:00,5.039599
2026-01-20T17:45:00+01:00,4.859481
2026-01-20T18:00:00+01:00,2.95296
2026-01-20T18:15:00+01:00,3.50798
2026-01-20T18:30:00+01:00,5.13502
2026-01-20T18:45:00+01:00,3.32656
2026-01-20T19:00:00+01:00,3.95736
2026-01-20T19:15:00+01:00,5.2724
2026-01-20T19:30:00+01:00,5.994248
2026-01-20T19:45:00+01:00,6.005728
2026-01-20T20:00:00+01:00,6.024265
2026-01-20T20:15:00+01:00,6.01922
2026-01-20T20:30:00+01:00,6.019839
2026-01-20T20:45:00+01:00,6.018299
2026-01-20T21:00:00+01:00,6.010162
2026-01-20T21:15:00+01:00,6.04792
2026-01-20T21:30:00+01:00,6.021027
2026-01-20T21:45:00+01:00,5.057395
2026-01-20T22:00:00+01:00,0.730758
2026-01-20T22:15:00+01:00,0.0
2026-01-20T22:30:00+01:00,0.0
2026-01-20T22:45:00+01:00,0.0
2026-01-20T23:00:00+01:00,0.0
2026-01-20T23:15:00+01:00,0.0
2026-01-20T23:30:00+01:00,0.0
2026-01-20T23:45:00+01:00,0.0
2026-01-21T00:00:00+01:00,0.0
2026-01-21T00:15:00+01:00,0.0
2026-01-21T00:30:00+01:00,0.0
2026-01-21T00:45:00+01:00,0.0
2026-01-21T01:00:00+01:00,0.0
2026-01-21T01:15:00+01:00,0.0
2026-01-21T01:30:00+01:00,0.0
2026-01-21T01:45:00+01:00,0.0
2026-01-21T02:00:00+01:00,0.0
2026-01-21T02:15:00+01:00,0.0
2026-01-21T02:30:00+01:00,0.0
2026-01-21T02:45:00+01:00,0.0
2026-01-21T03:00:00+01:00,0.0
2026-01-21T03:15:00+01:00,0.0
2026-01-21T03:30:00+01:00,0.0
2026-01-21T03:45:00+01:00,0.0
2026-01-21T04:00:00+01:00,0.0
2026-01-21T04:15:00+01:00,0.0
2026-01-21T04:30:00+01:00,0.49892
2026-01-21T04:45:00+01:00,0.31108
2026-01-21T05:00:00+01:00,0.0
2026-01-21T05:15:00+01:00,0.0
2026-01-21T05:30:00+01:00,0.002287
2026-01-21T05:45:00+01:00,1.689633
2026-01-21T06:00:00+01:00,5.34562
2026-01-21T06:15:00+01:00,5.99408
2026-01-21T06:30:00+01:00,6.013983
2026-01-21T06:45:00+01:00,6.021697
2026-01-21T07:00:00+01:00,6.02284
2026-01-21T07:15:00+01:00,6.046898
2026-01-21T07:30:00+01:00,6.012922
2026-01-21T07:45:00+01:00,5.8875
2026-01-21T08:00:00+01:00,5.75906
2026-01-21T08:15:00+01:00,5.167074
2026-01-21T08:30:00+01:00,5.904386
2026-01-21T08:45:00+01:00,6.016619
2026-01-21T09:00:00+01:00,5.768061
2026-01-21T09:15:00+01:00,5.49258
2026-01-21T09:30:00+01:00,5.683302
2026-01-21T09:45:00+01:00,4.609675
2026-01-21T10:00:00+01:00,5.825171
2026-01-21T10:15:00+01:00,6.002316
2026-01-21T10:30:00+01:00,5.980697
2026-01-21T10:45:00+01:00,5.82
2026-01-21T11:00:00+01:00,5.98498
2026-01-21T11:15:00+01:00,6.00754
2026-01-21T11:30:00+01:00,5.98816
2026-01-21T11:45:00+01:00,5.984774
2026-01-21T12:00:00+01:00,5.984766
2026-01-21T12:15:00+01:00,5.99538
2026-01-21T12:30:00+01:00,5.559161
2026-01-21T12:45:00+01:00,3.274234
2026-01-21T13:00:00+01:00,3.455004
2026-01-21T13:15:00+01:00,4.98652
2026-01-21T13:30:00+01:00,6.00568
2026-01-21T13:45:00+01:00,5.93364
2026-01-21T14:00:00+01:00,2.9305
2026-01-21T14:15:00+01:00,5.41472
2026-01-21T14:30:00+01:00,5.95448
2026-01-21T14:45:00+01:00,5.62428
2026-01-21T15:00:00+01:00,5.195494
2026-01-21T15:15:00+01:00,4.717218
2026-01-21T15:30:00+01:00,5.832028
2026-01-21T15:45:00+01:00,5.70392
2026-01-21T16:00:00+01:00,5.928095
2026-01-21T16:15:00+01:00,5.77384
2026-01-21T16:30:00+01:00,5.487818
2026-01-21T16:45:00+01:00,5.978974
2026-01-21T17:00:00+01:00,5.598867
2026-01-21T17:15:00+01:00,5.778593
2026-01-21T17:30:00+01:00,5.979715
2026-01-21T17:45:00+01:00,5.97754
2026-01-21T18:00:00+01:00,5.96784
2026-01-21T18:15:00+01:00,5.72812
2026-01-21T18:30:00+01:00,5.26496
2026-01-21T18:45:00+01:00,3.41562
2026-01-21T19:00:00+01:00,4.626894
2026-01-21T19:15:00+01:00,5.346443
2026-01-21T19:30:00+01:00,5.985517
2026-01-21T19:45:00+01:00,5.981729
2026-01-21T20:00:00+01:00,5.978878
2026-01-21T20:15:00+01:00,5.9906
2026-01-21T20:30:00+01:00,6.000498
2026-01-21T20:45:00+01:00,5.976943
2026-01-21T21:00:00+01:00,5.989179
2026-01-21T21:15:00+01:00,5.997
2026-01-21T21:30:00+01:00,5.35558
2026-01-21T21:45:00+01:00,2.45356
2026-01-21T22:00:00+01:00,1.20432
2026-01-21T22:15:00+01:00,0.0
2026-01-21T22:30:00+01:00,0.0
2026-01-21T22:45:00+01:00,0.0
2026-01-21T23:00:00+01:00,0.0
2026-01-21T23:15:00+01:00,0.0
2026-01-21T23:30:00+01:00,0.0
2026-01-21T23:45:00+01:00,0.0
2026-01-22T00:00:00+01:00,0.0
2026-01-22T00:15:00+01:00,0.0
2026-01-22T00:30:00+01:00,0.0
2026-01-22T00:45:00+01:00,0.0
2026-01-22T01:00:00+01:00,0.0
2026-01-22T01:15:00+01:00,0.0
2026-01-22T01:30:00+01:00,0.0
2026-01-22T01:45:00+01:00,0.0
2026-01-22T02:00:00+01:00,0.0
2026-01-22T02:15:00+01:00,0.0
2026-01-22T02:30:00+01:00,0.0
2026-01-22T02:45:00+01:00,0.0
2026-01-22T03:00:00+01:00,0.05106
2026-01-22T03:15:00+01:00,0.2673
2026-01-22T03:30:00+01:00,0.03564
2026-01-22T03:45:00+01:00,0.0
2026-01-22T04:00:00+01:00,0.0
2026-01-22T04:15:00+01:00,0.0
2026-01-22T04:30:00+01:00,0.0
2026-01-22T04:45:00+01:00,0.0
2026-01-22T05:00:00+01:00,0.0
2026-01-22T05:15:00+01:00,0.0
2026-01-22T05:30:00+01:00,0.12466
2026-01-22T05:45:00+01:00,1.20574
2026-01-22T06:00:00+01:00,4.815494
2026-01-22T06:15:00+01:00,4.733666
2026-01-22T06:30:00+01:00,4.222078
2026-01-22T06:45:00+01:00,4.303705
2026-01-22T07:00:00+01:00,5.255167
2026-01-22T07:15:00+01:00,4.754539
2026-01-22T07:30:00+01:00,5.422932
2026-01-22T07:45:00+01:00,4.49876
2026-01-22T08:00:00+01:00,4.557044
2026-01-22T08:15:00+01:00,5.938707
2026-01-22T08:30:00+01:00,5.870749
2026-01-22T08:45:00+01:00,5.97616
2026-01-22T09:00:00+01:00,5.986314
2026-01-22T09:15:00+01:00,5.888346
2026-01-22T09:30:00+01:00,5.74365
2026-01-22T09:45:00+01:00,5.969408
2026-01-22T10:00:00+01:00,5.958421
2026-01-22T10:15:00+01:00,5.99116
2026-01-22T10:30:00+01:00,5.97562
2026-01-22T10:45:00+01:00,5.98184
2026-01-22T11:00:00+01:00,5.98216
2026-01-22T11:15:00+01:00,5.96578
2026-01-22T11:30:00+01:00,5.957726
2026-01-22T11:45:00+01:00,5.967734
2026-01-22T12:00:00+01:00,5.9763
2026-01-22T12:15:00+01:00,5.96424
2026-01-22T12:30:00+01:00,5.48402
2026-01-22T12:45:00+01:00,2.72366
2026-01-22T13:00:00+01:00,2.73754
2026-01-22T13:15:00+01:00,4.2874
2026-01-22T13:30:00+01:00,5.55972
2026-01-22T13:45:00+01:00,5.86464
2026-01-22T14:00:00+01:00,5.078352
2026-01-22T14:15:00+01:00,4.991448
2026-01-22T14:30:00+01:00,6.014773
2026-01-22T14:45:00+01:00,5.967527
2026-01-22T15:00:00+01:00,5.8258
2026-01-22T15:15:00+01:00,6.108697
2026-01-22T15:30:00+01:00,5.640163
2026-01-22T15:45:00+01:00,6.27824
2026-01-22T16:00:00+01:00,5.98132
2026-01-22T16:15:00+01:00,5.58316
2026-01-22T16:30:00+01:00,5.45288
2026-01-22T16:45:00+01:00,5.32628
2026-01-22T17:00:00+01:00,5.0382
2026-01-22T17:15:00+01:00,4.43186
2026-01-22T17:30:00+01:00,5.366393
2026-01-22T17:45:00+01:00,5.983269
2026-01-22T18:00:00+01:00,6.070251
2026-01-22T18:15:00+01:00,6.025061
2026-01-22T18:30:00+01:00,5.757905
2026-01-22T18:45:00+01:00,5.20122
2026-01-22T19:00:00+01:00,4.145824
2026-01-22T19:15:00+01:00,5.393755
2026-01-22T19:30:00+01:00,5.883781
2026-01-22T19:45:00+01:00,5.98054
2026-01-22T20:00:00+01:00,6.077781
2026-01-22T20:15:00+01:00,6.288423
2026-01-22T20:30:00+01:00,5.596797
2026-01-22T20:45:00+01:00,6.27246
2026-01-22T21:00:00+01:00,6.00754
2026-01-22T21:15:00+01:00,5.68414
2026-01-22T21:30:00+01:00,5.9894
2026-01-22T21:45:00+01:00,4.762835
2026-01-22T22:00:00+01:00,0.630845
2026-01-22T22:15:00+01:00,0.0
2026-01-22T22:30:00+01:00,0.0
2026-01-22T22:45:00+01:00,0.0
2026-01-22T23:00:00+01:00,0.30794
2026-01-22T23:15:00+01:00,0.06006
2026-01-22T23:30:00+01:00,0.496439
2026-01-22T23:45:00+01:00,0.323561
2026-01-23T00:00:00+01:00,0.0
2026-01-23T00:15:00+01:00,0.0
2026-01-23T00:30:00+01:00,0.0
2026-01-23T00:45:00+01:00,0.0
2026-01-23T01:00:00+01:00,0.0
2026-01-23T01:15:00+01:00,0.0
2026-01-23T01:30:00+01:00,0.0
2026-01-23T01:45:00+01:00,0.0
2026-01-23T02:00:00+01:00,0.0
2026-01-23T02:15:00+01:00,0.0
2026-01-23T02:30:00+01:00,0.0
2026-01-23T02:45:00+01:00,0.0
2026-01-23T03:00:00+01:00,0.0
2026-01-23T03:15:00+01:00,0.0
2026-01-23T03:30:00+01:00,0.0
2026-01-23T03:45:00+01:00,0.0
2026-01-23T04:00:00+01:00,0.0
2026-01-23T04:15:00+01:00,0.0
2026-01-23T04:30:00+01:00,0.0
2026-01-23T04:45:00+01:00,0.0
2026-01-23T05:00:00+01:00,0.0
2026-01-23T05:15:00+01:00,0.0
2026-01-23T05:30:00+01:00,0.0
2026-01-23T05:45:00+01:00,1.53884
2026-01-23T06:00:00+01:00,5.6966
2026-01-23T06:15:00+01:00,4.59558
2026-01-23T06:30:00+01:00,4.615661
2026-01-23T06:45:00+01:00,5.284799
2026-01-23T07:00:00+01:00,5.610477
2026-01-23T07:15:00+01:00,5.650703
2026-01-23T07:30:00+01:00,6.26304
2026-01-23T07:45:00+01:00,5.66386
2026-01-23T08:00:00+01:00,6.37076
2026-01-23T08:15:00+01:00,5.97746
2026-01-23T08:30:00+01:00,5.990791
2026-01-23T08:45:00+01:00,5.979909
2026-01-23T09:00:00+01:00,5.593193
2026-01-23T09:15:00+01:00,5.452267
2026-01-23T09:30:00+01:00,5.97622
2026-01-23T09:45:00+01:00,5.0171
2026-01-23T10:00:00+01:00,4.138507
2026-01-23T10:15:00+01:00,5.075655
2026-01-23T10:30:00+01:00,4.734258
2026-01-23T10:45:00+01:00,4.63928
2026-01-23T11:00:00+01:00,4.41514
2026-01-23T11:15:00+01:00,5.74438
2026-01-23T11:30:00+01:00,6.258548
2026-01-23T11:45:00+01:00,5.680692
2026-01-23T12:00:00+01:00,6.2583
2026-01-23T12:15:00+01:00,5.6763
2026-01-23T12:30:00+01:00,6.04992
2026-01-23T12:45:00+01:00,4.89188
2026-01-23T13:00:00+01:00,5.749292
2026-01-23T13:15:00+01:00,5.617668
2026-01-23T13:30:00+01:00,5.95356
2026-01-23T13:45:00+01:00,6.25708
2026-01-23T14:00:00+01:00,5.947649
2026-01-23T14:15:00+01:00,5.685871
2026-01-23T14:30:00+01:00,6.255527
2026-01-23T14:45:00+01:00,5.971921
2026-01-23T15:00:00+01:00,5.985781
2026-01-23T15:15:00+01:00,5.990973
2026-01-23T15:30:00+01:00,5.682578
2026-01-23T15:45:00+01:00,6.291422
2026-01-23T16:00:00+01:00,5.984138
2026-01-23T16:15:00+01:00,5.963484
2026-01-23T16:30:00+01:00,5.97173
2026-01-23T16:45:00+01:00,5.975729
2026-01-23T17:00:00+01:00,5.645482
2026-01-23T17:15:00+01:00,6.07779
2026-01-23T17:30:00+01:00,5.569704
2026-01-23T17:45:00+01:00,5.93046
2026-01-23T18:00:00+01:00,5.797015
2026-01-23T18:15:00+01:00,5.713885
2026-01-23T18:30:00+01:00,5.2594
2026-01-23T18:45:00+01:00,2.53896
2026-01-23T19:00:00+01:00,2.796863
2026-01-23T19:15:00+01:00,2.877777
2026-01-23T19:30:00+01:00,5.456771
2026-01-23T19:45:00+01:00,5.433869
2026-01-23T20:00:00+01:00,5.952312
2026-01-23T20:15:00+01:00,5.775625
2026-01-23T20:30:00+01:00,5.107843
2026-01-23T20:45:00+01:00,5.46644
2026-01-23T21:00:00+01:00,5.7359
2026-01-23T21:15:00+01:00,3.90326
2026-01-23T21:30:00+01:00,0.42012
2026-01-23T21:45:00+01:00,0.0
2026-01-23T22:00:00+01:00,0.0
2026-01-23T22:15:00+01:00,0.0
2026-01-23T22:30:00+01:00,0.0
2026-01-23T22:45:00+01:00,0.0
2026-01-23T23:00:00+01:00,0.0
2026-01-23T23:15:00+01:00,0.0
2026-01-23T23:30:00+01:00,0.0
2026-01-23T23:45:00+01:00,0.0
2026-01-24T00:00:00+01:00,0.0
2026-01-24T00:15:00+01:00,0.0
2026-01-24T00:30:00+01:00,0.0
2026-01-24T00:45:00+01:00,0.0
2026-01-24T01:00:00+01:00,0.0
2026-01-24T01:15:00+01:00,0.0
2026-01-24T01:30:00+01:00,0.0
2026-01-24T01:45:00+01:00,0.0
2026-01-24T02:00:00+01:00,0.0
2026-01-24T02:15:00+01:00,0.0
2026-01-24T02:30:00+01:00,0.0
2026-01-24T02:45:00+01:00,0.0
2026-01-24T03:00:00+01:00,0.0
2026-01-24T03:15:00+01:00,0.0
2026-01-24T03:30:00+01:00,0.0
2026-01-24T03:45:00+01:00,0.0
2026-01-24T04:00:00+01:00,0.0
2026-01-24T04:15:00+01:00,0.0
2026-01-24T04:30:00+01:00,0.0
2026-01-24T04:45:00+01:00,0.0
2026-01-24T05:00:00+01:00,0.0
2026-01-24T05:15:00+01:00,0.0
2026-01-24T05:30:00+01:00,0.0
2026-01-24T05:45:00+01:00,0.0
2026-01-24T06:00:00+01:00,0.0
2026-01-24T06:15:00+01:00,0.0
2026-01-24T06:30:00+01:00,0.0
2026-01-24T06:45:00+01:00,0.0
2026-01-24T07:00:00+01:00,0.0
2026-01-24T07:15:00+01:00,0.0
2026-01-24T07:30:00+01:00,0.0
2026-01-24T07:45:00+01:00,0.0
2026-01-24T08:00:00+01:00,0.0
2026-01-24T08:15:00+01:00,0.0
2026-01-24T08:30:00+01:00,0.0
2026-01-24T08:45:00+01:00,0.0
2026-01-24T09:00:00+01:00,0.0
2026-01-24T09:15:00+01:00,0.0
2026-01-24T09:30:00+01:00,0.0
2026-01-24T09:45:00+01:00,0.0
2026-01-24T10:00:00+01:00,0.0
2026-01-24T10:15:00+01:00,0.0
2026-01-24T10:30:00+01:00,0.0
2026-01-24T10:45:00+01:00,0.0
2026-01-24T11:00:00+01:00,0.0
2026-01-24T11:15:00+01:00,0.0
2026-01-24T11:30:00+01:00,0.0
2026-01-24T11:45:00+01:00,0.0
2026-01-24T12:00:00+01:00,0.0
2026-01-24T12:15:00+01:00,0.0
2026-01-24T12:30:00+01:00,0.0
2026-01-24T12:45:00+01:00,0.0
2026-01-24T13:00:00+01:00,0.0
2026-01-24T13:15:00+01:00,0.0
2026-01-24T13:30:00+01:00,0.0
2026-01-24T13:45:00+01:00,0.0
2026-01-24T14:00:00+01:00,0.0
2026-01-24T14:15:00+01:00,0.0
2026-01-24T14:30:00+01:00,0.0
2026-01-24T14:45:00+01:00,0.0
2026-01-24T15:00:00+01:00,0.0
2026-01-24T15:15:00+01:00,0.0
2026-01-24T15:30:00+01:00,0.0
2026-01-24T15:45:00+01:00,0.0
2026-01-24T16:00:00+01:00,0.0
2026-01-24T16:15:00+01:00,0.0
2026-01-24T16:30:00+01:00,0.0
2026-01-24T16:45:00+01:00,0.0
2026-01-24T17:00:00+01:00,0.0
2026-01-24T17:15:00+01:00,0.0
2026-01-24T17:30:00+01:00,0.0
2026-01-24T17:45:00+01:00,0.0
2026-01-24T18:00:00+01:00,0.0
2026-01-24T18:15:00+01:00,0.0
2026-01-24T18:30:00+01:00,0.0
2026-01-24T18:45:00+01:00,0.0
2026-01-24T19:00:00+01:00,0.0
2026-01-24T19:15:00+01:00,0.0
2026-01-24T19:30:00+01:00,0.0
2026-01-24T19:45:00+01:00,0.0
2026-01-24T20:00:00+01:00,0.0
2026-01-24T20:15:00+01:00,0.0
2026-01-24T20:30:00+01:00,0.0
2026-01-24T20:45:00+01:00,0.0
2026-01-24T21:00:00+01:00,0.0
2026-01-24T21:15:00+01:00,0.0
2026-01-24T21:30:00+01:00,0.0
2026-01-24T21:45:00+01:00,0.0
2026-01-24T22:00:00+01:00,0.0
2026-01-24T22:15:00+01:00,0.0
2026-01-24T22:30:00+01:00,0.0
2026-01-24T22:45:00+01:00,0.0
2026-01-24T23:00:00+01:00,0.0
2026-01-24T23:15:00+01:00,0.0
2026-01-24T23:30:00+01:00,0.0
2026-01-24T23:45:00+01:00,0.0
2026-01-25T00:00:00+01:00,0.0
2026-01-25T00:15:00+01:00,0.0
2026-01-25T00:30:00+01:00,0.0
2026-01-25T00:45:00+01:00,0.0
2026-01-25T01:00:00+01:00,0.0
2026-01-25T01:15:00+01:00,0.0
2026-01-25T01:30:00+01:00,0.0
2026-01-25T01:45:00+01:00,0.0
2026-01-25T02:00:00+01:00,0.0
2026-01-25T02:15:00+01:00,0.0
2026-01-25T02:30:00+01:00,0.0
2026-01-25T02:45:00+01:00,0.0
2026-01-25T03:00:00+01:00,0.0
2026-01-25T03:15:00+01:00,0.0
2026-01-25T03:30:00+01:00,0.0
2026-01-25T03:45:00+01:00,0.0
2026-01-25T04:00:00+01:00,0.0
2026-01-25T04:15:00+01:00,0.0
2026-01-25T04:30:00+01:00,0.0
2026-01-25T04:45:00+01:00,0.0
2026-01-25T05:00:00+01:00,0.0
2026-01-25T05:15:00+01:00,0.0
2026-01-25T05:30:00+01:00,0.0
2026-01-25T05:45:00+01:00,0.0
2026-01-25T06:00:00+01:00,0.0
2026-01-25T06:15:00+01:00,0.0
2026-01-25T06:30:00+01:00,0.0
2026-01-25T06:45:00+01:00,0.0
2026-01-25T07:00:00+01:00,0.0
2026-01-25T07:15:00+01:00,0.0
2026-01-25T07:30:00+01:00,0.0
2026-01-25T07:45:00+01:00,0.0
2026-01-25T08:00:00+01:00,0.0
2026-01-25T08:15:00+01:00,0.0
2026-01-25T08:30:00+01:00,0.0
2026-01-25T08:45:00+01:00,0.0
2026-01-25T09:00:00+01:00,0.0
2026-01-25T09:15:00+01:00,0.0
2026-01-25T09:30:00+01:00,0.0
2026-01-25T09:45:00+01:00,0.0
2026-01-25T10:00:00+01:00,0.0
2026-01-25T10:15:00+01:00,0.0
2026-01-25T10:30:00+01:00,0.0
2026-01-25T10:45:00+01:00,0.0
2026-01-25T11:00:00+01:00,0.0
2026-01-25T11:15:00+01:00,0.0
2026-01-25T11:30:00+01:00,0.0
2026-01-25T11:45:00+01:00,0.0
2026-01-25T12:00:00+01:00,0.0
2026-01-25T12:15:00+01:00,0.0
2026-01-25T12:30:00+01:00,0.0
2026-01-25T12:45:00+01:00,0.0
2026-01-25T13:00:00+01:00,0.0
2026-01-25T13:15:00+01:00,0.0
2026-01-25T13:30:00+01:00,0.0
2026-01-25T13:45:00+01:00,0.0
2026-01-25T14:00:00+01:00,0.0
2026-01-25T14:15:00+01:00,0.0
2026-01-25T14:30:00+01:00,0.0
2026-01-25T14:45:00+01:00,0.0
2026-01-25T15:00:00+01:00,0.0
2026-01-25T15:15:00+01:00,0.0
2026-01-25T15:30:00+01:00,0.0
2026-01-25T15:45:00+01:00,0.0
2026-01-25T16:00:00+01:00,0.0
2026-01-25T16:15:00+01:00,0.0
2026-01-25T16:30:00+01:00,0.0
2026-01-25T16:45:00+01:00,0.0
2026-01-25T17:00:00+01:00,0.0
2026-01-25T17:15:00+01:00,0.0
2026-01-25T17:30:00+01:00,0.0
2026-01-25T17:45:00+01:00,0.0
2026-01-25T18:00:00+01:00,0.0
2026-01-25T18:15:00+01:00,0.0
2026-01-25T18:30:00+01:00,0.0
2026-01-25T18:45:00+01:00,0.0
2026-01-25T19:00:00+01:00,0.0
2026-01-25T19:15:00+01:00,0.0
2026-01-25T19:30:00+01:00,0.0
2026-01-25T19:45:00+01:00,0.0
2026-01-25T20:00:00+01:00,0.0
2026-01-25T20:15:00+01:00,0.0
2026-01-25T20:30:00+01:00,0.0
2026-01-25T20:45:00+01:00,0.0
2026-01-25T21:00:00+01:00,0.0
2026-01-25T21:15:00+01:00,0.0
2026-01-25T21:30:00+01:00,0.0
2026-01-25T21:45:00+01:00,0.0
2026-01-25T22:00:00+01:00,0.0
2026-01-25T22:15:00+01:00,0.0
2026-01-25T22:30:00+01:00,0.0
2026-01-25T22:45:00+01:00,0.0
2026-01-25T23:00:00+01:00,0.0
2026-01-25T23:15:00+01:00,0.0
2026-01-25T23:30:00+01:00,0.0
2026-01-25T23:45:00+01:00,0.0
2026-01-26T00:00:00+01:00,0.0
2026-01-26T00:15:00+01:00,0.0
2026-01-26T00:30:00+01:00,0.0
2026-01-26T00:45:00+01:00,0.0
2026-01-26T01:00:00+01:00,0.0
2026-01-26T01:15:00+01:00,0.0
2026-01-26T01:30:00+01:00,0.0
2026-01-26T01:45:00+01:00,0.0
2026-01-26T02:00:00+01:00,0.0
2026-01-26T02:15:00+01:00,0.0
2026-01-26T02:30:00+01:00,0.0
2026-01-26T02:45:00+01:00,0.0
2026-01-26T03:00:00+01:00,0.0
2026-01-26T03:15:00+01:00,0.0
2026-01-26T03:30:00+01:00,0.0
2026-01-26T03:45:00+01:00,0.0
2026-01-26T04:00:00+01:00,0.0
2026-01-26T04:15:00+01:00,0.0
2026-01-26T04:30:00+01:00,0.0
2026-01-26T04:45:00+01:00,0.0
2026-01-26T05:00:00+01:00,0.0
2026-01-26T05:15:00+01:00,0.0
2026-01-26T05:30:00+01:00,0.0
2026-01-26T05:45:00+01:00,0.0
2026-01-26T06:00:00+01:00,2.624725
2026-01-26T06:15:00+01:00,4.126827
2026-01-26T06:30:00+01:00,5.223349
2026-01-26T06:45:00+01:00,5.787031
2026-01-26T07:00:00+01:00,5.871447
2026-01-26T07:15:00+01:00,5.70246
2026-01-26T07:30:00+01:00,5.968327
2026-01-26T07:45:00+01:00,5.968533
2026-01-26T08:00:00+01:00,5.982616
2026-01-26T08:15:00+01:00,6.013984
2026-01-26T08:30:00+01:00,5.96293
2026-01-26T08:45:00+01:00,6.04919
2026-01-26T09:00:00+01:00,6.0189
2026-01-26T09:15:00+01:00,5.97308
2026-01-26T09:30:00+01:00,5.903929
2026-01-26T09:45:00+01:00,5.268431
2026-01-26T10:00:00+01:00,5.353726
2026-01-26T10:15:00+01:00,5.987374
2026-01-26T10:30:00+01:00,5.92734
2026-01-26T10:45:00+01:00,5.84926
2026-01-26T11:00:00+01:00,5.99624
2026-01-26T11:15:00+01:00,5.7441
2026-01-26T11:30:00+01:00,5.67174
2026-01-26T11:45:00+01:00,5.299345
2026-01-26T12:00:00+01:00,5.838655
2026-01-26T12:15:00+01:00,5.783711
2026-01-26T12:30:00+01:00,5.860409
2026-01-26T12:45:00+01:00,5.74624
2026-01-26T13:00:00+01:00,4.91844
2026-01-26T13:15:00+01:00,5.800056
2026-01-26T13:30:00+01:00,5.973164
2026-01-26T13:45:00+01:00,5.961921
2026-01-26T14:00:00+01:00,5.977459
2026-01-26T14:15:00+01:00,5.96262
2026-01-26T14:30:00+01:00,5.988776
2026-01-26T14:45:00+01:00,5.966893
2026-01-26T15:00:00+01:00,5.831374
2026-01-26T15:15:00+01:00,6.00484
2026-01-26T15:30:00+01:00,4.540138
2026-01-26T15:45:00+01:00,2.9395
2026-01-26T16:00:00+01:00,4.327096
2026-01-26T16:15:00+01:00,5.2675
2026-01-26T16:30:00+01:00,4.458764
2026-01-26T16:45:00+01:00,4.08076
2026-01-26T17:00:00+01:00,4.065579
2026-01-26T17:15:00+01:00,4.469215
2026-01-26T17:30:00+01:00,4.941904
2026-01-26T17:45:00+01:00,4.197893
2026-01-26T18:00:00+01:00,4.89491
2026-01-26T18:15:00+01:00,3.6415
2026-01-26T18:30:00+01:00,4.61804
2026-01-26T18:45:00+01:00,3.0034
2026-01-26T19:00:00+01:00,0.28836
2026-01-26T19:15:00+01:00,0.34748
2026-01-26T19:30:00+01:00,0.934427
2026-01-26T19:45:00+01:00,1.433273
2026-01-26T20:00:00+01:00,1.042767
2026-01-26T20:15:00+01:00,0.935255
2026-01-26T20:30:00+01:00,1.400658
2026-01-26T20:45:00+01:00,1.68482
2026-01-26T21:00:00+01:00,3.17488
2026-01-26T21:15:00+01:00,5.51498
2026-01-26T21:30:00+01:00,5.525513
2026-01-26T21:45:00+01:00,3.879067
2026-01-26T22:00:00+01:00,0.41688
2026-01-26T22:15:00+01:00,0.0
2026-01-26T22:30:00+01:00,0.0
2026-01-26T22:45:00+01:00,0.0
2026-01-26T23:00:00+01:00,0.0
2026-01-26T23:15:00+01:00,0.0
2026-01-26T23:30:00+01:00,0.0
2026-01-26T23:45:00+01:00,0.0
2026-01-27T00:00:00+01:00,0.0
2026-01-27T00:15:00+01:00,0.0
2026-01-27T00:30:00+01:00,0.0
2026-01-27T00:45:00+01:00,0.0
2026-01-27T01:00:00+01:00,0.0
2026-01-27T01:15:00+01:00,0.0
2026-01-27T01:30:00+01:00,0.0
2026-01-27T01:45:00+01:00,0.0
2026-01-27T02:00:00+01:00,0.0
2026-01-27T02:15:00+01:00,0.0
2026-01-27T02:30:00+01:00,0.0
2026-01-27T02:45:00+01:00,0.0
2026-01-27T03:00:00+01:00,0.0
2026-01-27T03:15:00+01:00,0.0
2026-01-27T03:30:00+01:00,0.0
2026-01-27T03:45:00+01:00,0.0
2026-01-27T04:00:00+01:00,0.0
2026-01-27T04:15:00+01:00,0.0
2026-01-27T04:30:00+01:00,0.0
2026-01-27T04:45:00+01:00,0.0
2026-01-27T05:00:00+01:00,0.0
2026-01-27T05:15:00+01:00,0.0
2026-01-27T05:30:00+01:00,0.0
2026-01-27T05:45:00+01:00,1.251359
2026-01-27T06:00:00+01:00,2.792541
2026-01-27T06:15:00+01:00,3.02176
2026-01-27T06:30:00+01:00,2.898277
2026-01-27T06:45:00+01:00,1.602743
2026-01-27T07:00:00+01:00,0.39732
2026-01-27T07:15:00+01:00,0.09476
2026-01-27T07:30:00+01:00,0.94504
2026-01-27T07:45:00+01:00,4.34152
2026-01-27T08:00:00+01:00,4.620294
2026-01-27T08:15:00+01:00,4.974946
2026-01-27T08:30:00+01:00,5.91604
2026-01-27T08:45:00+01:00,5.991277
2026-01-27T09:00:00+01:00,5.971188
2026-01-27T09:15:00+01:00,5.577695
2026-01-27T09:30:00+01:00,3.94556
2026-01-27T09:45:00+01:00,1.80568
2026-01-27T10:00:00+01:00,4.19504
2026-01-27T10:15:00+01:00,5.94772
2026-01-27T10:30:00+01:00,5.99902
2026-01-27T10:45:00+01:00,5.53452
2026-01-27T11:00:00+01:00,5.059627
2026-01-27T11:15:00+01:00,5.851238
2026-01-27T11:30:00+01:00,5.812658
2026-01-27T11:45:00+01:00,5.914646
2026-01-27T12:00:00+01:00,5.992432
2026-01-27T12:15:00+01:00,5.991894
2026-01-27T12:30:00+01:00,4.738413
2026-01-27T12:45:00+01:00,2.338552
2026-01-27T13:00:00+01:00,3.617248
2026-01-27T13:15:00+01:00,4.924705
2026-01-27T13:30:00+01:00,5.989024
2026-01-27T13:45:00+01:00,5.973882
2026-01-27T14:00:00+01:00,5.98662
2026-01-27T14:15:00+01:00,5.97354
2026-01-27T14:30:00+01:00,5.98192
2026-01-27T14:45:00+01:00,5.960669
2026-01-27T15:00:00+01:00,5.977871
2026-01-27T15:15:00+01:00,5.991107
2026-01-27T15:30:00+01:00,5.953573
2026-01-27T15:45:00+01:00,5.943906
2026-01-27T16:00:00+01:00,5.845094
2026-01-27T16:15:00+01:00,5.8325
2026-01-27T16:30:00+01:00,5.3967
2026-01-27T16:45:00+01:00,5.66728
2026-01-27T17:00:00+01:00,5.96508
2026-01-27T17:15:00+01:00,5.986864
2026-01-27T17:30:00+01:00,5.949176
2026-01-27T17:45:00+01:00,5.770961
2026-01-27T18:00:00+01:00,5.974079
2026-01-27T18:15:00+01:00,5.96346
2026-01-27T18:30:00+01:00,5.612195
2026-01-27T18:45:00+01:00,1.862785
2026-01-27T19:00:00+01:00,0.61194
2026-01-27T19:15:00+01:00,3.0989
2026-01-27T19:30:00+01:00,5.1162
2026-01-27T19:45:00+01:00,5.240188
2026-01-27T20:00:00+01:00,5.029712
2026-01-27T20:15:00+01:00,5.960711
2026-01-27T20:30:00+01:00,5.978209
2026-01-27T20:45:00+01:00,5.853015
2026-01-27T21:00:00+01:00,5.964065
2026-01-27T21:15:00+01:00,5.967
2026-01-27T21:30:00+01:00,5.92606
2026-01-27T21:45:00+01:00,5.14666
2026-01-27T22:00:00+01:00,2.16838
2026-01-27T22:15:00+01:00,2.73048
2026-01-27T22:30:00+01:00,3.14148
2026-01-27T22:45:00+01:00,3.1806
2026-01-27T23:00:00+01:00,1.705917
2026-01-27T23:15:00+01:00,1.92484
2026-01-27T23:30:00+01:00,1.067643
2026-01-27T23:45:00+01:00,0.0
2026-01-28T00:00:00+01:00,0.0
2026-01-28T00:15:00+01:00,0.0
2026-01-28T00:30:00+01:00,0.0
2026-01-28T00:45:00+01:00,0.0
2026-01-28T01:00:00+01:00,0.0
2026-01-28T01:15:00+01:00,0.0
2026-01-28T01:30:00+01:00,0.0
2026-01-28T01:45:00+01:00,0.0
2026-01-28T02:00:00+01:00,0.0
2026-01-28T02:15:00+01:00,0.0
2026-01-28T02:30:00+01:00,0.0
2026-01-28T02:45:00+01:00,0.0
2026-01-28T03:00:00+01:00,0.0
2026-01-28T03:15:00+01:00,0.0
2026-01-28T03:30:00+01:00,0.0
2026-01-28T03:45:00+01:00,0.0
2026-01-28T04:00:00+01:00,0.0
2026-01-28T04:15:00+01:00,0.0
2026-01-28T04:30:00+01:00,0.0
2026-01-28T04:45:00+01:00,0.0
2026-01-28T05:00:00+01:00,0.0
2026-01-28T05:15:00+01:00,0.0
2026-01-28T05:30:00+01:00,0.0
2026-01-28T05:45:00+01:00,1.0731
2026-01-28T06:00:00+01:00,5.13396
2026-01-28T06:15:00+01:00,5.8206
2026-01-28T06:30:00+01:00,5.93032
2026-01-28T06:45:00+01:00,5.77404
2026-01-28T07:00:00+01:00,5.937349
2026-01-28T07:15:00+01:00,5.764711
2026-01-28T07:30:00+01:00,5.19546
2026-01-28T07:45:00+01:00,5.22116
2026-01-28T08:00:00+01:00,5.97038
2026-01-28T08:15:00+01:00,5.99108
2026-01-28T08:30:00+01:00,5.9792
2026-01-28T08:45:00+01:00,6.0115
2026-01-28T09:00:00+01:00,5.971639
2026-01-28T09:15:00+01:00,5.963648
2026-01-28T09:30:00+01:00,5.949094
2026-01-28T09:45:00+01:00,5.88766
2026-01-28T10:00:00+01:00,5.986038
2026-01-28T10:15:00+01:00,5.98014
2026-01-28T10:30:00+01:00,5.96986
2026-01-28T10:45:00+01:00,5.96554
2026-01-28T11:00:00+01:00,5.9823
2026-01-28T11:15:00+01:00,5.98776
2026-01-28T11:30:00+01:00,5.968031
2026-01-28T11:45:00+01:00,5.974069
2026-01-28T12:00:00+01:00,5.951527
2026-01-28T12:15:00+01:00,5.953933
2026-01-28T12:30:00+01:00,4.45136
2026-01-28T12:45:00+01:00,0.79079
2026-01-28T13:00:00+01:00,2.70365
2026-01-28T13:15:00+01:00,5.064839
2026-01-28T13:30:00+01:00,5.919141
2026-01-28T13:45:00+01:00,4.92352
2026-01-28T14:00:00+01:00,1.202217
2026-01-28T14:15:00+01:00,4.583939
2026-01-28T14:30:00+01:00,5.949239
2026-01-28T14:45:00+01:00,5.985943
2026-01-28T15:00:00+01:00,5.962682
2026-01-28T15:15:00+01:00,5.93976
2026-01-28T15:30:00+01:00,5.944987
2026-01-28T15:45:00+01:00,5.948093
2026-01-28T16:00:00+01:00,5.944652
2026-01-28T16:15:00+01:00,5.954428
2026-01-28T16:30:00+01:00,5.91076
2026-01-28T16:45:00+01:00,5.417461
2026-01-28T17:00:00+01:00,5.851181
2026-01-28T17:15:00+01:00,5.972279
2026-01-28T17:30:00+01:00,5.95054
2026-01-28T17:45:00+01:00,5.958
2026-01-28T18:00:00+01:00,5.877337
2026-01-28T18:15:00+01:00,5.740168
2026-01-28T18:30:00+01:00,5.672555
2026-01-28T18:45:00+01:00,4.50382
2026-01-28T19:00:00+01:00,3.564941
2026-01-28T19:15:00+01:00,4.958479
2026-01-28T19:30:00+01:00,5.992987
2026-01-28T19:45:00+01:00,5.981004
2026-01-28T20:00:00+01:00,5.951169
2026-01-28T20:15:00+01:00,5.96684
2026-01-28T20:30:00+01:00,5.685384
2026-01-28T20:45:00+01:00,3.763336
2026-01-28T21:00:00+01:00,4.94366
2026-01-28T21:15:00+01:00,5.98638
2026-01-28T21:30:00+01:00,5.97042
2026-01-28T21:45:00+01:00,3.748655
2026-01-28T22:00:00+01:00,0.255306
2026-01-28T22:15:00+01:00,0.0
2026-01-28T22:30:00+01:00,0.0
2026-01-28T22:45:00+01:00,0.0
2026-01-28T23:00:00+01:00,0.0
2026-01-28T23:15:00+01:00,0.0
2026-01-28T23:30:00+01:00,0.0
2026-01-28T23:45:00+01:00,0.0
2026-01-29T00:00:00+01:00,0.0
2026-01-29T00:15:00+01:00,0.0
2026-01-29T00:30:00+01:00,0.0
2026-01-29T00:45:00+01:00,0.0
2026-01-29T01:00:00+01:00,0.0
2026-01-29T01:15:00+01:00,0.0
2026-01-29T01:30:00+01:00,0.0
2026-01-29T01:45:00+01:00,0.0
2026-01-29T02:00:00+01:00,0.0
2026-01-29T02:15:00+01:00,0.0
2026-01-29T02:30:00+01:00,0.0
2026-01-29T02:45:00+01:00,0.0
2026-01-29T03:00:00+01:00,0.0
2026-01-29T03:15:00+01:00,0.0
2026-01-29T03:30:00+01:00,0.0
2026-01-29T03:45:00+01:00,0.0
2026-01-29T04:00:00+01:00,0.0
2026-01-29T04:15:00+01:00,0.0
2026-01-29T04:30:00+01:00,0.0
2026-01-29T04:45:00+01:00,0.0
2026-01-29T05:00:00+01:00,0.0
2026-01-29T05:15:00+01:00,0.0
2026-01-29T05:30:00+01:00,0.0
2026-01-29T05:45:00+01:00,1.19428
2026-01-29T06:00:00+01:00,5.27112
2026-01-29T06:15:00+01:00,5.965166
2026-01-29T06:30:00+01:00,5.967594
2026-01-29T06:45:00+01:00,5.97486
2026-01-29T07:00:00+01:00,5.97376
2026-01-29T07:15:00+01:00,5.9717
2026-01-29T07:30:00+01:00,5.972
2026-01-29T07:45:00+01:00,5.97276
2026-01-29T08:00:00+01:00,5.98846
2026-01-29T08:15:00+01:00,5.996187
2026-01-29T08:30:00+01:00,5.823133
2026-01-29T08:45:00+01:00,6.053579
2026-01-29T09:00:00+01:00,5.835621
2026-01-29T09:15:00+01:00,4.92212
2026-01-29T09:30:00+01:00,5.3414
2026-01-29T09:45:00+01:00,5.39174
2026-01-29T10:00:00+01:00,5.645315
2026-01-29T10:15:00+01:00,5.984483
2026-01-29T10:30:00+01:00,5.978894
2026-01-29T10:45:00+01:00,5.990565
2026-01-29T11:00:00+01:00,5.656282
2026-01-29T11:15:00+01:00,4.65842
2026-01-29T11:30:00+01:00,4.92908
2026-01-29T11:45:00+01:00,5.32326
2026-01-29T12:00:00+01:00,5.759399
2026-01-29T12:15:00+01:00,5.854161
2026-01-29T12:30:00+01:00,5.523981
2026-01-29T12:45:00+01:00,5.100983
2026-01-29T13:00:00+01:00,4.216704
2026-01-29T13:15:00+01:00,4.049299
2026-01-29T13:30:00+01:00,4.815493
2026-01-29T13:45:00+01:00,4.82224
2026-01-29T14:00:00+01:00,4.54756
2026-01-29T14:15:00+01:00,4.846684
2026-01-29T14:30:00+01:00,5.805756
2026-01-29T14:45:00+01:00,5.625159
2026-01-29T15:00:00+01:00,5.998641
2026-01-29T15:15:00+01:00,5.456454
2026-01-29T15:30:00+01:00,5.899166
2026-01-29T15:45:00+01:00,5.3488
2026-01-29T16:00:00+01:00,3.23462
2026-01-29T16:15:00+01:00,4.333947
2026-01-29T16:30:00+01:00,5.183925
2026-01-29T16:45:00+01:00,5.740949
2026-01-29T17:00:00+01:00,5.15724
2026-01-29T17:15:00+01:00,4.679909
2026-01-29T17:30:00+01:00,5.109051
2026-01-29T17:45:00+01:00,5.8497
2026-01-29T18:00:00+01:00,5.37122
2026-01-29T18:15:00+01:00,5.74301
2026-01-29T18:30:00+01:00,4.40169
2026-01-29T18:45:00+01:00,5.42764
2026-01-29T19:00:00+01:00,5.246374
2026-01-29T19:15:00+01:00,3.199486
2026-01-29T19:30:00+01:00,5.564338
2026-01-29T19:45:00+01:00,5.763622
2026-01-29T20:00:00+01:00,5.518884
2026-01-29T20:15:00+01:00,5.894296
2026-01-29T20:30:00+01:00,5.977321
2026-01-29T20:45:00+01:00,5.984219
2026-01-29T21:00:00+01:00,5.639082
2026-01-29T21:15:00+01:00,3.174118
2026-01-29T21:30:00+01:00,4.67418
2026-01-29T21:45:00+01:00,3.39754
2026-01-29T22:00:00+01:00,0.30338
2026-01-29T22:15:00+01:00,0.0
2026-01-29T22:30:00+01:00,0.0
2026-01-29T22:45:00+01:00,0.0
2026-01-29T23:00:00+01:00,0.0
2026-01-29T23:15:00+01:00,0.0
2026-01-29T23:30:00+01:00,0.0
2026-01-29T23:45:00+01:00,0.0
2026-01-30T00:00:00+01:00,0.0
2026-01-30T00:15:00+01:00,0.0
2026-01-30T00:30:00+01:00,0.0
2026-01-30T00:45:00+01:00,0.0
2026-01-30T01:00:00+01:00,0.0
2026-01-30T01:15:00+01:00,0.0
2026-01-30T01:30:00+01:00,0.0
2026-01-30T01:45:00+01:00,0.0
2026-01-30T02:00:00+01:00,0.0
2026-01-30T02:15:00+01:00,0.0
2026-01-30T02:30:00+01:00,0.0
2026-01-30T02:45:00+01:00,0.0
2026-01-30T03:00:00+01:00,0.0
2026-01-30T03:15:00+01:00,0.0
2026-01-30T03:30:00+01:00,0.0
2026-01-30T03:45:00+01:00,0.0
2026-01-30T04:00:00+01:00,0.0
2026-01-30T04:15:00+01:00,0.0
2026-01-30T04:30:00+01:00,0.0
2026-01-30T04:45:00+01:00,0.0
2026-01-30T05:00:00+01:00,0.0
2026-01-30T05:15:00+01:00,0.0
2026-01-30T05:30:00+01:00,0.0
2026-01-30T05:45:00+01:00,1.3578
2026-01-30T06:00:00+01:00,4.010677
2026-01-30T06:15:00+01:00,3.572283
2026-01-30T06:30:00+01:00,2.47924
2026-01-30T06:45:00+01:00,1.05558
2026-01-30T07:00:00+01:00,3.96852
2026-01-30T07:15:00+01:00,3.367311
2026-01-30T07:30:00+01:00,5.195649
2026-01-30T07:45:00+01:00,5.805106
2026-01-30T08:00:00+01:00,5.282334
2026-01-30T08:15:00+01:00,5.78122
2026-01-30T08:30:00+01:00,5.99876
2026-01-30T08:45:00+01:00,5.966458
2026-01-30T09:00:00+01:00,5.951682
2026-01-30T09:15:00+01:00,3.89358
2026-01-30T09:30:00+01:00,4.2443
2026-01-30T09:45:00+01:00,5.3674
2026-01-30T10:00:00+01:00,5.499434
2026-01-30T10:15:00+01:00,5.642913
2026-01-30T10:30:00+01:00,5.997171
2026-01-30T10:45:00+01:00,5.978402
2026-01-30T11:00:00+01:00,5.9319
2026-01-30T11:15:00+01:00,5.44598
2026-01-30T11:30:00+01:00,5.35054
2026-01-30T11:45:00+01:00,5.64226
2026-01-30T12:00:00+01:00,5.34582
2026-01-30T12:15:00+01:00,3.79202
2026-01-30T12:30:00+01:00,3.836889
2026-01-30T12:45:00+01:00,4.878911
2026-01-30T13:00:00+01:00,5.1256
2026-01-30T13:15:00+01:00,4.2874
2026-01-30T13:30:00+01:00,5.6973
2026-01-30T13:45:00+01:00,5.90114
2026-01-30T14:00:00+01:00,5.812363
2026-01-30T14:15:00+01:00,5.828317
2026-01-30T14:30:00+01:00,5.78636
2026-01-30T14:45:00+01:00,6.00122
2026-01-30T15:00:00+01:00,5.708945
2026-01-30T15:15:00+01:00,5.511335
2026-01-30T15:30:00+01:00,5.244578
2026-01-30T15:45:00+01:00,5.919302
2026-01-30T16:00:00+01:00,5.92908
2026-01-30T16:15:00+01:00,5.967283
2026-01-30T16:30:00+01:00,5.958417
2026-01-30T16:45:00+01:00,5.977074
2026-01-30T17:00:00+01:00,5.985846
2026-01-30T17:15:00+01:00,5.99084
2026-01-30T17:30:00+01:00,5.98256
2026-01-30T17:45:00+01:00,5.76374
2026-01-30T18:00:00+01:00,5.9124
2026-01-30T18:15:00+01:00,5.98492
2026-01-30T18:30:00+01:00,5.884
2026-01-30T18:45:00+01:00,3.66666
2026-01-30T19:00:00+01:00,3.43012
2026-01-30T19:15:00+01:00,5.63558
2026-01-30T19:30:00+01:00,5.100705
2026-01-30T19:45:00+01:00,6.006054
2026-01-30T20:00:00+01:00,5.979961
2026-01-30T20:15:00+01:00,5.97324
2026-01-30T20:30:00+01:00,5.973693
2026-01-30T20:45:00+01:00,5.986188
2026-01-30T21:00:00+01:00,5.970419
2026-01-30T21:15:00+01:00,5.98046
2026-01-30T21:30:00+01:00,5.383409
2026-01-30T21:45:00+01:00,2.324253
2026-01-30T22:00:00+01:00,0.107098
2026-01-30T22:15:00+01:00,0.0
2026-01-30T22:30:00+01:00,0.0
2026-01-30T22:45:00+01:00,0.0
2026-01-30T23:00:00+01:00,0.0
2026-01-30T23:15:00+01:00,0.0
2026-01-30T23:30:00+01:00,0.0
2026-01-30T23:45:00+01:00,0.0
2026-01-31T00:00:00+01:00,0.0
2026-01-31T00:15:00+01:00,0.0
2026-01-31T00:30:00+01:00,0.0
2026-01-31T00:45:00+01:00,0.0
2026-01-31T01:00:00+01:00,0.0
2026-01-31T01:15:00+01:00,0.0
2026-01-31T01:30:00+01:00,0.0
2026-01-31T01:45:00+01:00,0.0
2026-01-31T02:00:00+01:00,0.0
2026-01-31T02:15:00+01:00,0.0
2026-01-31T02:30:00+01:00,0.0
2026-01-31T02:45:00+01:00,0.0
2026-01-31T03:00:00+01:00,0.0
2026-01-31T03:15:00+01:00,0.0
2026-01-31T03:30:00+01:00,0.0
2026-01-31T03:45:00+01:00,0.0
2026-01-31T04:00:00+01:00,0.0
2026-01-31T04:15:00+01:00,0.0
2026-01-31T04:30:00+01:00,0.0
2026-01-31T04:45:00+01:00,0.0
2026-01-31T05:00:00+01:00,0.0
2026-01-31T05:15:00+01:00,0.0
2026-01-31T05:30:00+01:00,0.0
2026-01-31T05:45:00+01:00,0.0
2026-01-31T06:00:00+01:00,0.0
2026-01-31T06:15:00+01:00,0.0
2026-01-31T06:30:00+01:00,0.0
2026-01-31T06:45:00+01:00,0.0
2026-01-31T07:00:00+01:00,0.0
2026-01-31T07:15:00+01:00,0.0
2026-01-31T07:30:00+01:00,0.0
2026-01-31T07:45:00+01:00,0.0
2026-01-31T08:00:00+01:00,0.0
2026-01-31T08:15:00+01:00,0.0
2026-01-31T08:30:00+01:00,0.0
2026-01-31T08:45:00+01:00,0.0
2026-01-31T09:00:00+01:00,0.0
2026-01-31T09:15:00+01:00,0.0
2026-01-31T09:30:00+01:00,0.0
2026-01-31T09:45:00+01:00,0.0
2026-01-31T10:00:00+01:00,0.0
2026-01-31T10:15:00+01:00,0.0
2026-01-31T10:30:00+01:00,0.0
2026-01-31T10:45:00+01:00,0.0
2026-01-31T11:00:00+01:00,0.0
2026-01-31T11:15:00+01:00,0.0
2026-01-31T11:30:00+01:00,0.0
2026-01-31T11:45:00+01:00,0.0
2026-01-31T12:00:00+01:00,0.0
2026-01-31T12:15:00+01:00,0.0
2026-01-31T12:30:00+01:00,0.0
2026-01-31T12:45:00+01:00,0.0
2026-01-31T13:00:00+01:00,0.0
2026-01-31T13:15:00+01:00,0.0
2026-01-31T13:30:00+01:00,0.0
2026-01-31T13:45:00+01:00,0.0
2026-01-31T14:00:00+01:00,0.0
2026-01-31T14:15:00+01:00,0.0
2026-01-31T14:30:00+01:00,0.0
2026-01-31T14:45:00+01:00,0.0
2026-01-31T15:00:00+01:00,0.0
2026-01-31T15:15:00+01:00,0.0
2026-01-31T15:30:00+01:00,0.0
2026-01-31T15:45:00+01:00,0.0
2026-01-31T16:00:00+01:00,0.0
2026-01-31T16:15:00+01:00,0.0
2026-01-31T16:30:00+01:00,0.0
2026-01-31T16:45:00+01:00,0.0
2026-01-31T17:00:00+01:00,0.0
2026-01-31T17:15:00+01:00,0.0
2026-01-31T17:30:00+01:00,0.0
2026-01-31T17:45:00+01:00,0.0
2026-01-31T18:00:00+01:00,0.0
2026-01-31T18:15:00+01:00,0.0
2026-01-31T18:30:00+01:00,0.0
2026-01-31T18:45:00+01:00,0.0
2026-01-31T19:00:00+01:00,0.0
2026-01-31T19:15:00+01:00,0.0
2026-01-31T19:30:00+01:00,0.0
2026-01-31T19:45:00+01:00,0.0
2026-01-31T20:00:00+01:00,0.0
2026-01-31T20:15:00+01:00,0.0
2026-01-31T20:30:00+01:00,0.0
2026-01-31T20:45:00+01:00,0.0
2026-01-31T21:00:00+01:00,0.0
2026-01-31T21:15:00+01:00,0.0
2026-01-31T21:30:00+01:00,0.0
2026-01-31T21:45:00+01:00,0.0
2026-01-31T22:00:00+01:00,0.0
2026-01-31T22:15:00+01:00,0.0
2026-01-31T22:30:00+01:00,0.0
2026-01-31T22:45:00+01:00,0.0
2026-01-31T23:00:00+01:00,0.0
2026-01-31T23:15:00+01:00,0.0
2026-01-31T23:30:00+01:00,0.0
2026-01-31T23:45:00+01:00,0.0
2026-02-01T00:00:00+01:00,0.0
2026-02-01T00:15:00+01:00,0.0
2026-02-01T00:30:00+01:00,0.0
2026-02-01T00:45:00+01:00,0.0
2026-02-01T01:00:00+01:00,0.0
2026-02-01T01:15:00+01:00,0.0
2026-02-01T01:30:00+01:00,0.0
2026-02-01T01:45:00+01:00,0.0
2026-02-01T02:00:00+01:00,0.0
2026-02-01T02:15:00+01:00,0.0
2026-02-01T02:30:00+01:00,0.0
2026-02-01T02:45:00+01:00,0.0
2026-02-01T03:00:00+01:00,0.0
2026-02-01T03:15:00+01:00,0.0
2026-02-01T03:30:00+01:00,0.0
2026-02-01T03:45:00+01:00,0.0
2026-02-01T04:00:00+01:00,0.0
2026-02-01T04:15:00+01:00,0.0
2026-02-01T04:30:00+01:00,0.0
2026-02-01T04:45:00+01:00,0.0
2026-02-01T05:00:00+01:00,0.0
2026-02-01T05:15:00+01:00,0.0
2026-02-01T05:30:00+01:00,0.0
2026-02-01T05:45:00+01:00,0.0
2026-02-01T06:00:00+01:00,0.0
2026-02-01T06:15:00+01:00,0.0
2026-02-01T06:30:00+01:00,0.0
2026-02-01T06:45:00+01:00,0.0
2026-02-01T07:00:00+01:00,0.0
2026-02-01T07:15:00+01:00,0.0
2026-02-01T07:30:00+01:00,0.0
2026-02-01T07:45:00+01:00,0.0
2026-02-01T08:00:00+01:00,0.0
2026-02-01T08:15:00+01:00,0.0
2026-02-01T08:30:00+01:00,0.0
2026-02-01T08:45:00+01:00,0.0
2026-02-01T09:00:00+01:00,0.0
2026-02-01T09:15:00+01:00,0.0
2026-02-01T09:30:00+01:00,0.0
2026-02-01T09:45:00+01:00,0.0
2026-02-01T10:00:00+01:00,0.0
2026-02-01T10:15:00+01:00,0.0
2026-02-01T10:30:00+01:00,0.0
2026-02-01T10:45:00+01:00,0.0
2026-02-01T11:00:00+01:00,0.0
2026-02-01T11:15:00+01:00,0.0
2026-02-01T11:30:00+01:00,0.0
2026-02-01T11:45:00+01:00,0.0
2026-02-01T12:00:00+01:00,0.0
2026-02-01T12:15:00+01:00,0.0
2026-02-01T12:30:00+01:00,0.0
2026-02-01T12:45:00+01:00,0.0
2026-02-01T13:00:00+01:00,0.0
2026-02-01T13:15:00+01:00,0.0
2026-02-01T13:30:00+01:00,0.0
2026-02-01T13:45:00+01:00,0.0
2026-02-01T14:00:00+01:00,0.0
2026-02-01T14:15:00+01:00,0.0
2026-02-01T14:30:00+01:00,0.0
2026-02-01T14:45:00+01:00,0.0
2026-02-01T15:00:00+01:00,0.0
2026-02-01T15:15:00+01:00,0.0
2026-02-01T15:30:00+01:00,0.0
2026-02-01T15:45:00+01:00,0.0
2026-02-01T16:00:00+01:00,0.0
2026-02-01T16:15:00+01:00,0.0
2026-02-01T16:30:00+01:00,0.0
2026-02-01T16:45:00+01:00,0.0
2026-02-01T17:00:00+01:00,0.0
2026-02-01T17:15:00+01:00,0.0
2026-02-01T17:30:00+01:00,0.0
2026-02-01T17:45:00+01:00,0.0
2026-02-01T18:00:00+01:00,0.0
2026-02-01T18:15:00+01:00,0.0
2026-02-01T18:30:00+01:00,0.0
2026-02-01T18:45:00+01:00,0.0
2026-02-01T19:00:00+01:00,0.0
2026-02-01T19:15:00+01:00,0.0
2026-02-01T19:30:00+01:00,0.0
2026-02-01T19:45:00+01:00,0.0
2026-02-01T20:00:00+01:00,0.0
2026-02-01T20:15:00+01:00,0.0
2026-02-01T20:30:00+01:00,0.0
2026-02-01T20:45:00+01:00,0.0
2026-02-01T21:00:00+01:00,0.0
2026-02-01T21:15:00+01:00,0.0
2026-02-01T21:30:00+01:00,0.0
2026-02-01T21:45:00+01:00,0.0
2026-02-01T22:00:00+01:00,0.0
2026-02-01T22:15:00+01:00,0.0
2026-02-01T22:30:00+01:00,0.0
2026-02-01T22:45:00+01:00,0.0
2026-02-01T23:00:00+01:00,0.0
2026-02-01T23:15:00+01:00,0.0
2026-02-01T23:30:00+01:00,0.0
2026-02-01T23:45:00+01:00,0.0
2026-02-02T00:00:00+01:00,0.0
2026-02-02T00:15:00+01:00,0.0
2026-02-02T00:30:00+01:00,0.0
2026-02-02T00:45:00+01:00,0.0
2026-02-02T01:00:00+01:00,0.0
2026-02-02T01:15:00+01:00,0.0
2026-02-02T01:30:00+01:00,0.0
2026-02-02T01:45:00+01:00,0.0
2026-02-02T02:00:00+01:00,0.0
2026-02-02T02:15:00+01:00,0.0
2026-02-02T02:30:00+01:00,0.0
2026-02-02T02:45:00+01:00,0.0
2026-02-02T03:00:00+01:00,0.0
2026-02-02T03:15:00+01:00,0.0
2026-02-02T03:30:00+01:00,0.0
2026-02-02T03:45:00+01:00,0.0
2026-02-02T04:00:00+01:00,0.0
2026-02-02T04:15:00+01:00,0.0
2026-02-02T04:30:00+01:00,0.0
2026-02-02T04:45:00+01:00,0.0
2026-02-02T05:00:00+01:00,0.0
2026-02-02T05:15:00+01:00,0.0
2026-02-02T05:30:00+01:00,0.0
2026-02-02T05:45:00+01:00,0.0
2026-02-02T06:00:00+01:00,0.82932
2026-02-02T06:15:00+01:00,3.67064
2026-02-02T06:30:00+01:00,5.76374
2026-02-02T06:45:00+01:00,5.97624
2026-02-02T07:00:00+01:00,5.80952
2026-02-02T07:15:00+01:00,5.77346
2026-02-02T07:30:00+01:00,5.98078
2026-02-02T07:45:00+01:00,5.97332
2026-02-02T08:00:00+01:00,5.97914
2026-02-02T08:15:00+01:00,5.9953
2026-02-02T08:30:00+01:00,5.83208
2026-02-02T08:45:00+01:00,5.99116
2026-02-02T09:00:00+01:00,6.006555
2026-02-02T09:15:00+01:00,5.985535
2026-02-02T09:30:00+01:00,5.97989
2026-02-02T09:45:00+01:00,5.93094
2026-02-02T10:00:00+01:00,6.05038
2026-02-02T10:15:00+01:00,5.9927
2026-02-02T10:30:00+01:00,5.88606
2026-02-02T10:45:00+01:00,6.00486
2026-02-02T11:00:00+01:00,5.99562
2026-02-02T11:15:00+01:00,5.98492
2026-02-02T11:30:00+01:00,5.99446
2026-02-02T11:45:00+01:00,5.9691
2026-02-02T12:00:00+01:00,5.64844
2026-02-02T12:15:00+01:00,5.99676
2026-02-02T12:30:00+01:00,5.998108
2026-02-02T12:45:00+01:00,5.981452
2026-02-02T13:00:00+01:00,5.37998
2026-02-02T13:15:00+01:00,5.99716
2026-02-02T13:30:00+01:00,5.98994
2026-02-02T13:45:00+01:00,5.96092
2026-02-02T14:00:00+01:00,5.97768
2026-02-02T14:15:00+01:00,5.98508
2026-02-02T14:30:00+01:00,5.9794
2026-02-02T14:45:00+01:00,5.95346
2026-02-02T15:00:00+01:00,5.970641
2026-02-02T15:15:00+01:00,5.979579
2026-02-02T15:30:00+01:00,5.942308
2026-02-02T15:45:00+01:00,5.681532
2026-02-02T16:00:00+01:00,5.90116
2026-02-02T16:15:00+01:00,5.252377
2026-02-02T16:30:00+01:00,5.762203
2026-02-02T16:45:00+01:00,5.416063
2026-02-02T17:00:00+01:00,4.970957
2026-02-02T17:15:00+01:00,5.16516
2026-02-02T17:30:00+01:00,5.29694
2026-02-02T17:45:00+01:00,5.5694
2026-02-02T18:00:00+01:00,5.7431
2026-02-02T18:15:00+01:00,6.0214
2026-02-02T18:30:00+01:00,5.9579
2026-02-02T18:45:00+01:00,5.48712
2026-02-02T19:00:00+01:00,5.23334
2026-02-02T19:15:00+01:00,5.8018
2026-02-02T19:30:00+01:00,5.962767
2026-02-02T19:45:00+01:00,5.937232
2026-02-02T20:00:00+01:00,5.910922
2026-02-02T20:15:00+01:00,5.9927
2026-02-02T20:30:00+01:00,6.004392
2026-02-02T20:45:00+01:00,6.012615
2026-02-02T21:00:00+01:00,5.999994
2026-02-02T21:15:00+01:00,5.99522
2026-02-02T21:30:00+01:00,5.89107
2026-02-02T21:45:00+01:00,4.69193
2026-02-02T22:00:00+01:00,1.4101
2026-02-02T22:15:00+01:00,1.69168
2026-02-02T22:30:00+01:00,1.56176
2026-02-02T22:45:00+01:00,0.07854
2026-02-02T23:00:00+01:00,1.0116
2026-02-02T23:15:00+01:00,1.017907
2026-02-02T23:30:00+01:00,1.859913
2026-02-02T23:45:00+01:00,1.20464
2026-02-03T00:00:00+01:00,0.39394
2026-02-03T00:15:00+01:00,0.0
2026-02-03T00:30:00+01:00,0.0
2026-02-03T00:45:00+01:00,0.0
2026-02-03T01:00:00+01:00,0.0
2026-02-03T01:15:00+01:00,0.0
2026-02-03T01:30:00+01:00,0.0
2026-02-03T01:45:00+01:00,0.0
2026-02-03T02:00:00+01:00,0.0
2026-02-03T02:15:00+01:00,0.0
2026-02-03T02:30:00+01:00,0.0
2026-02-03T02:45:00+01:00,0.0
2026-02-03T03:00:00+01:00,0.49708
2026-02-03T03:15:00+01:00,0.59108
2026-02-03T03:30:00+01:00,0.49584
2026-02-03T03:45:00+01:00,0.0
2026-02-03T04:00:00+01:00,0.0
2026-02-03T04:15:00+01:00,0.294738
2026-02-03T04:30:00+01:00,0.602942
2026-02-03T04:45:00+01:00,0.61378
2026-02-03T05:00:00+01:00,1.050164
2026-02-03T05:15:00+01:00,1.572723
2026-02-03T05:30:00+01:00,2.568173
2026-02-03T05:45:00+01:00,5.60574
2026-02-03T06:00:00+01:00,5.952024
2026-02-03T06:15:00+01:00,5.989716
2026-02-03T06:30:00+01:00,5.973826
2026-02-03T06:45:00+01:00,5.973574
2026-02-03T07:00:00+01:00,5.98883
2026-02-03T07:15:00+01:00,5.86377
2026-02-03T07:30:00+01:00,5.82064
2026-02-03T07:45:00+01:00,4.88042
2026-02-03T08:00:00+01:00,5.360426
2026-02-03T08:15:00+01:00,5.997594
2026-02-03T08:30:00+01:00,5.801381
2026-02-03T08:45:00+01:00,5.375799
2026-02-03T09:00:00+01:00,5.961513
2026-02-03T09:15:00+01:00,6.006767
2026-02-03T09:30:00+01:00,5.680702
2026-02-03T09:45:00+01:00,3.387298
2026-02-03T10:00:00+01:00,5.24252
2026-02-03T10:15:00+01:00,5.91766
2026-02-03T10:30:00+01:00,5.93992
2026-02-03T10:45:00+01:00,5.958841
2026-02-03T11:00:00+01:00,5.966079
2026-02-03T11:15:00+01:00,5.67622
2026-02-03T11:30:00+01:00,5.88038
2026-02-03T11:45:00+01:00,5.98078
2026-02-03T12:00:00+01:00,5.967
2026-02-03T12:15:00+01:00,5.795085
2026-02-03T12:30:00+01:00,5.519455
2026-02-03T12:45:00+01:00,4.01096
2026-02-03T13:00:00+01:00,4.67584
2026-02-03T13:15:00+01:00,5.97892
2026-02-03T13:30:00+01:00,5.45196
2026-02-03T13:45:00+01:00,5.978
2026-02-03T14:00:00+01:00,5.90552
2026-02-03T14:15:00+01:00,5.041678
2026-02-03T14:30:00+01:00,5.613585
2026-02-03T14:45:00+01:00,5.784777
2026-02-03T15:00:00+01:00,6.007002
2026-02-03T15:15:00+01:00,5.803878
2026-02-03T15:30:00+01:00,4.45304
2026-02-03T15:45:00+01:00,3.908154
2026-02-03T16:00:00+01:00,3.086606
2026-02-03T16:15:00+01:00,1.954783
2026-02-03T16:30:00+01:00,3.282137
2026-02-03T16:45:00+01:00,5.4086
2026-02-03T17:00:00+01:00,5.00788
2026-02-03T17:15:00+01:00,6.00528
2026-02-03T17:30:00+01:00,5.71884
2026-02-03T17:45:00+01:00,5.9144
2026-02-03T18:00:00+01:00,4.63876
2026-02-03T18:15:00+01:00,4.805
2026-02-03T18:30:00+01:00,5.45884
2026-02-03T18:45:00+01:00,2.74708
2026-02-03T19:00:00+01:00,1.7616
2026-02-03T19:15:00+01:00,5.12664
2026-02-03T19:30:00+01:00,5.511018
2026-02-03T19:45:00+01:00,3.647782
2026-02-03T20:00:00+01:00,3.62086
2026-02-03T20:15:00+01:00,4.00614
2026-02-03T20:30:00+01:00,5.106073
2026-02-03T20:45:00+01:00,5.217607
2026-02-03T21:00:00+01:00,5.86872
2026-02-03T21:15:00+01:00,4.472138
2026-02-03T21:30:00+01:00,5.826262
2026-02-03T21:45:00+01:00,2.94516
2026-02-03T22:00:00+01:00,0.0
2026-02-03T22:15:00+01:00,0.0
2026-02-03T22:30:00+01:00,0.0
2026-02-03T22:45:00+01:00,0.0
2026-02-03T23:00:00+01:00,0.0
2026-02-03T23:15:00+01:00,0.0
2026-02-03T23:30:00+01:00,0.0
2026-02-03T23:45:00+01:00,0.0
2026-02-04T00:00:00+01:00,0.0
2026-02-04T00:15:00+01:00,0.0
2026-02-04T00:30:00+01:00,0.0
2026-02-04T00:45:00+01:00,0.0
2026-02-04T01:00:00+01:00,0.0
2026-02-04T01:15:00+01:00,0.0
2026-02-04T01:30:00+01:00,0.0
2026-02-04T01:45:00+01:00,0.0
2026-02-04T02:00:00+01:00,0.0
2026-02-04T02:15:00+01:00,0.0
2026-02-04T02:30:00+01:00,0.0
2026-02-04T02:45:00+01:00,0.0
2026-02-04T03:00:00+01:00,0.0
2026-02-04T03:15:00+01:00,0.0
2026-02-04T03:30:00+01:00,0.0
2026-02-04T03:45:00+01:00,0.0
2026-02-04T04:00:00+01:00,0.0
2026-02-04T04:15:00+01:00,0.0
2026-02-04T04:30:00+01:00,0.0
2026-02-04T04:45:00+01:00,0.0
2026-02-04T05:00:00+01:00,0.0
2026-02-04T05:15:00+01:00,0.0
2026-02-04T05:30:00+01:00,0.0
2026-02-04T05:45:00+01:00,1.13348
2026-02-04T06:00:00+01:00,5.599323
2026-02-04T06:15:00+01:00,5.095637
2026-02-04T06:30:00+01:00,5.35788
2026-02-04T06:45:00+01:00,5.87892
2026-02-04T07:00:00+01:00,5.86816
2026-02-04T07:15:00+01:00,5.977155
2026-02-04T07:30:00+01:00,5.989285
2026-02-04T07:45:00+01:00,6.01232
2026-02-04T08:00:00+01:00,6.00568
2026-02-04T08:15:00+01:00,5.994
2026-02-04T08:30:00+01:00,5.96972
2026-02-04T08:45:00+01:00,5.97444
2026-02-04T09:00:00+01:00,5.979224
2026-02-04T09:15:00+01:00,5.948496
2026-02-04T09:30:00+01:00,5.964996
2026-02-04T09:45:00+01:00,6.01509
2026-02-04T10:00:00+01:00,5.996354
2026-02-04T10:15:00+01:00,5.95248
2026-02-04T10:30:00+01:00,5.9652
2026-02-04T10:45:00+01:00,5.96588
2026-02-04T11:00:00+01:00,5.958805
2026-02-04T11:15:00+01:00,5.960715
2026-02-04T11:30:00+01:00,6.007039
2026-02-04T11:45:00+01:00,5.851721
2026-02-04T12:00:00+01:00,6.00448
2026-02-04T12:15:00+01:00,5.971547
2026-02-04T12:30:00+01:00,5.997834
2026-02-04T12:45:00+01:00,5.803249
2026-02-04T13:00:00+01:00,5.222419
2026-02-04T13:15:00+01:00,6.007072
2026-02-04T13:30:00+01:00,5.91076
2026-02-04T13:45:00+01:00,5.069
2026-02-04T14:00:00+01:00,0.81251
2026-02-04T14:15:00+01:00,2.61489
2026-02-04T14:30:00+01:00,3.450732
2026-02-04T14:45:00+01:00,5.912784
2026-02-04T15:00:00+01:00,5.871336
2026-02-04T15:15:00+01:00,6.021109
2026-02-04T15:30:00+01:00,5.9866
2026-02-04T15:45:00+01:00,6.00596
2026-02-04T16:00:00+01:00,5.97972
2026-02-04T16:15:00+01:00,5.98968
2026-02-04T16:30:00+01:00,5.9582
2026-02-04T16:45:00+01:00,5.94676
2026-02-04T17:00:00+01:00,5.95924
2026-02-04T17:15:00+01:00,5.93806
2026-02-04T17:30:00+01:00,5.953754
2026-02-04T17:45:00+01:00,5.885506
2026-02-04T18:00:00+01:00,5.119006
2026-02-04T18:15:00+01:00,4.633674
2026-02-04T18:30:00+01:00,3.638771
2026-02-04T18:45:00+01:00,2.095349
2026-02-04T19:00:00+01:00,0.0
2026-02-04T19:15:00+01:00,2.20856
2026-02-04T19:30:00+01:00,4.801008
2026-02-04T19:45:00+01:00,1.078432
2026-02-04T20:00:00+01:00,0.758266
2026-02-04T20:15:00+01:00,1.137534
2026-02-04T20:30:00+01:00,3.01832
2026-02-04T20:45:00+01:00,4.54196
2026-02-04T21:00:00+01:00,5.17692
2026-02-04T21:15:00+01:00,5.42132
2026-02-04T21:30:00+01:00,4.94484
2026-02-04T21:45:00+01:00,1.62084
2026-02-04T22:00:00+01:00,0.0
2026-02-04T22:15:00+01:00,0.0
2026-02-04T22:30:00+01:00,0.0
2026-02-04T22:45:00+01:00,1.55704
2026-02-04T23:00:00+01:00,2.43348
2026-02-04T23:15:00+01:00,3.48956
2026-02-04T23:30:00+01:00,2.857
2026-02-04T23:45:00+01:00,0.21492
2026-02-05T00:00:00+01:00,0.0
2026-02-05T00:15:00+01:00,0.0
2026-02-05T00:30:00+01:00,0.0
2026-02-05T00:45:00+01:00,0.0
2026-02-05T01:00:00+01:00,0.0
2026-02-05T01:15:00+01:00,0.0
2026-02-05T01:30:00+01:00,0.0
2026-02-05T01:45:00+01:00,0.0
2026-02-05T02:00:00+01:00,0.0
2026-02-05T02:15:00+01:00,0.0
2026-02-05T02:30:00+01:00,0.0
2026-02-05T02:45:00+01:00,0.0
2026-02-05T03:00:00+01:00,0.0
2026-02-05T03:15:00+01:00,0.0
2026-02-05T03:30:00+01:00,0.0
2026-02-05T03:45:00+01:00,0.0
2026-02-05T04:00:00+01:00,0.0
2026-02-05T04:15:00+01:00,0.0
2026-02-05T04:30:00+01:00,0.0
2026-02-05T04:45:00+01:00,0.0
2026-02-05T05:00:00+01:00,0.0
2026-02-05T05:15:00+01:00,0.191641
2026-02-05T05:30:00+01:00,0.226359
2026-02-05T05:45:00+01:00,2.765429
2026-02-05T06:00:00+01:00,5.923847
2026-02-05T06:15:00+01:00,5.977044
2026-02-05T06:30:00+01:00,5.98432
2026-02-05T06:45:00+01:00,5.96708
2026-02-05T07:00:00+01:00,5.97152
2026-02-05T07:15:00+01:00,5.97216
2026-02-05T07:30:00+01:00,5.99584
2026-02-05T07:45:00+01:00,5.99784
2026-02-05T08:00:00+01:00,5.976726
2026-02-05T08:15:00+01:00,5.982514
2026-02-05T08:30:00+01:00,5.973319
2026-02-05T08:45:00+01:00,5.973921
2026-02-05T09:00:00+01:00,5.9946
2026-02-05T09:15:00+01:00,6.013312
2026-02-05T09:30:00+01:00,5.990368
2026-02-05T09:45:00+01:00,5.96632
2026-02-05T10:00:00+01:00,5.99476
2026-02-05T10:15:00+01:00,5.996719
2026-02-05T10:30:00+01:00,5.983601
2026-02-05T10:45:00+01:00,5.96692
2026-02-05T11:00:00+01:00,3.17184
2026-02-05T11:15:00+01:00,0.0
2026-02-05T11:30:00+01:00,0.0
2026-02-05T11:45:00+01:00,0.0
2026-02-05T12:00:00+01:00,0.0
2026-02-05T12:15:00+01:00,0.0
2026-02-05T12:30:00+01:00,0.0
2026-02-05T12:45:00+01:00,0.0
2026-02-05T13:00:00+01:00,0.0
2026-02-05T13:15:00+01:00,0.0
2026-02-05T13:30:00+01:00,0.0
2026-02-05T13:45:00+01:00,0.0
2026-02-05T14:00:00+01:00,0.0
2026-02-05T14:15:00+01:00,0.0
2026-02-05T14:30:00+01:00,0.0
2026-02-05T14:45:00+01:00,0.0
2026-02-05T15:00:00+01:00,0.0
2026-02-05T15:15:00+01:00,0.0
2026-02-05T15:30:00+01:00,0.0
2026-02-05T15:45:00+01:00,0.0
2026-02-05T16:00:00+01:00,0.0
2026-02-05T16:15:00+01:00,0.0
2026-02-05T16:30:00+01:00,0.0
2026-02-05T16:45:00+01:00,0.0
2026-02-05T17:00:00+01:00,0.0
2026-02-05T17:15:00+01:00,0.0
2026-02-05T17:30:00+01:00,0.0
2026-02-05T17:45:00+01:00,0.0
2026-02-05T18:00:00+01:00,0.0
2026-02-05T18:15:00+01:00,0.0
2026-02-05T18:30:00+01:00,0.0
2026-02-05T18:45:00+01:00,0.0
2026-02-05T19:00:00+01:00,0.0
2026-02-05T19:15:00+01:00,0.0
2026-02-05T19:30:00+01:00,0.0
2026-02-05T19:45:00+01:00,0.0
2026-02-05T20:00:00+01:00,0.0
2026-02-05T20:15:00+01:00,0.0
2026-02-05T20:30:00+01:00,0.0
2026-02-05T20:45:00+01:00,0.0
2026-02-05T21:00:00+01:00,0.0
2026-02-05T21:15:00+01:00,0.0
2026-02-05T21:30:00+01:00,0.0
2026-02-05T21:45:00+01:00,0.0
2026-02-05T22:00:00+01:00,0.0
2026-02-05T22:15:00+01:00,0.0
2026-02-05T22:30:00+01:00,0.0
2026-02-05T22:45:00+01:00,0.0
2026-02-05T23:00:00+01:00,0.0
2026-02-05T23:15:00+01:00,0.0
2026-02-05T23:30:00+01:00,0.0
2026-02-05T23:45:00+01:00,0.0
2026-02-06T00:00:00+01:00,0.0
2026-02-06T00:15:00+01:00,0.0
2026-02-06T00:30:00+01:00,0.0
2026-02-06T00:45:00+01:00,0.0
2026-02-06T01:00:00+01:00,0.0
2026-02-06T01:15:00+01:00,0.0
2026-02-06T01:30:00+01:00,0.0
2026-02-06T01:45:00+01:00,0.0
2026-02-06T02:00:00+01:00,0.0
2026-02-06T02:15:00+01:00,0.0
2026-02-06T02:30:00+01:00,0.0
2026-02-06T02:45:00+01:00,0.0
2026-02-06T03:00:00+01:00,0.0
2026-02-06T03:15:00+01:00,0.0
2026-02-06T03:30:00+01:00,0.0
2026-02-06T03:45:00+01:00,0.0
2026-02-06T04:00:00+01:00,0.0
2026-02-06T04:15:00+01:00,0.0
2026-02-06T04:30:00+01:00,0.0
2026-02-06T04:45:00+01:00,0.0
2026-02-06T05:00:00+01:00,0.0
2026-02-06T05:15:00+01:00,0.0
2026-02-06T05:30:00+01:00,0.0
2026-02-06T05:45:00+01:00,0.0
2026-02-06T06:00:00+01:00,0.0
2026-02-06T06:15:00+01:00,0.0
2026-02-06T06:30:00+01:00,0.2254
2026-02-06T06:45:00+01:00,4.982208
2026-02-06T07:00:00+01:00,5.968112
2026-02-06T07:15:00+01:00,5.95184
2026-02-06T07:30:00+01:00,5.96476
2026-02-06T07:45:00+01:00,5.96324
2026-02-06T08:00:00+01:00,5.97488
2026-02-06T08:15:00+01:00,5.9842
2026-02-06T08:30:00+01:00,5.94448
2026-02-06T08:45:00+01:00,5.93692
2026-02-06T09:00:00+01:00,5.96244
2026-02-06T09:15:00+01:00,5.94708
2026-02-06T09:30:00+01:00,5.945297
2026-02-06T09:45:00+01:00,5.941834
2026-02-06T10:00:00+01:00,5.961115
2026-02-06T10:15:00+01:00,5.962674
2026-02-06T10:30:00+01:00,5.935828
2026-02-06T10:45:00+01:00,5.934492
2026-02-06T11:00:00+01:00,5.95168
2026-02-06T11:15:00+01:00,5.95384
2026-02-06T11:30:00+01:00,5.954
2026-02-06T11:45:00+01:00,5.937786
2026-02-06T12:00:00+01:00,5.950419
2026-02-06T12:15:00+01:00,5.928
2026-02-06T12:30:00+01:00,5.952
2026-02-06T12:45:00+01:00,5.883063
2026-02-06T13:00:00+01:00,4.778332
2026-02-06T13:15:00+01:00,5.88304
2026-02-06T13:30:00+01:00,5.93276
2026-02-06T13:45:00+01:00,5.94848
2026-02-06T14:00:00+01:00,5.92444
2026-02-06T14:15:00+01:00,5.96476
2026-02-06T14:30:00+01:00,5.39984
2026-02-06T14:45:00+01:00,5.84436
2026-02-06T15:00:00+01:00,5.908708
2026-02-06T15:15:00+01:00,5.929331
2026-02-06T15:30:00+01:00,5.942401
2026-02-06T15:45:00+01:00,5.922817
2026-02-06T16:00:00+01:00,5.172503
2026-02-06T16:15:00+01:00,2.93208
2026-02-06T16:30:00+01:00,1.623783
2026-02-06T16:45:00+01:00,3.958817
2026-02-06T17:00:00+01:00,5.00968
2026-02-06T17:15:00+01:00,4.74137
2026-02-06T17:30:00+01:00,4.13715
2026-02-06T17:45:00+01:00,5.68416
2026-02-06T18:00:00+01:00,5.88588
2026-02-06T18:15:00+01:00,5.88488
2026-02-06T18:30:00+01:00,4.30816
2026-02-06T18:45:00+01:00,1.39468
2026-02-06T19:00:00+01:00,1.59508
2026-02-06T19:15:00+01:00,1.35906
2026-02-06T19:30:00+01:00,2.195271
2026-02-06T19:45:00+01:00,3.629509
2026-02-06T20:00:00+01:00,4.28011
2026-02-06T20:15:00+01:00,4.268749
2026-02-06T20:30:00+01:00,2.282033
2026-02-06T20:45:00+01:00,1.352187
2026-02-06T21:00:00+01:00,1.324
2026-02-06T21:15:00+01:00,1.322415
2026-02-06T21:30:00+01:00,0.007585
2026-02-06T21:45:00+01:00,0.0
2026-02-06T22:00:00+01:00,0.0
2026-02-06T22:15:00+01:00,0.0
2026-02-06T22:30:00+01:00,0.0
2026-02-06T22:45:00+01:00,0.0
2026-02-06T23:00:00+01:00,0.0
2026-02-06T23:15:00+01:00,0.0
2026-02-06T23:30:00+01:00,0.0
2026-02-06T23:45:00+01:00,0.0
2026-02-07T00:00:00+01:00,0.0
2026-02-07T00:15:00+01:00,0.0
2026-02-07T00:30:00+01:00,0.0
2026-02-07T00:45:00+01:00,0.0
2026-02-07T01:00:00+01:00,0.0
2026-02-07T01:15:00+01:00,0.0
2026-02-07T01:30:00+01:00,0.0
2026-02-07T01:45:00+01:00,0.0
2026-02-07T02:00:00+01:00,0.0
2026-02-07T02:15:00+01:00,0.0
2026-02-07T02:30:00+01:00,0.0
2026-02-07T02:45:00+01:00,0.0
2026-02-07T03:00:00+01:00,0.0
2026-02-07T03:15:00+01:00,0.0
2026-02-07T03:30:00+01:00,0.0
2026-02-07T03:45:00+01:00,0.0
2026-02-07T04:00:00+01:00,0.0
2026-02-07T04:15:00+01:00,0.0
2026-02-07T04:30:00+01:00,0.0
2026-02-07T04:45:00+01:00,0.0
2026-02-07T05:00:00+01:00,0.0
2026-02-07T05:15:00+01:00,0.0
2026-02-07T05:30:00+01:00,0.0
2026-02-07T05:45:00+01:00,0.0
2026-02-07T06:00:00+01:00,0.0
2026-02-07T06:15:00+01:00,0.0
2026-02-07T06:30:00+01:00,0.0
2026-02-07T06:45:00+01:00,0.0
2026-02-07T07:00:00+01:00,0.0
2026-02-07T07:15:00+01:00,0.0
2026-02-07T07:30:00+01:00,0.0
2026-02-07T07:45:00+01:00,0.0
2026-02-07T08:00:00+01:00,0.0
2026-02-07T08:15:00+01:00,0.0
2026-02-07T08:30:00+01:00,0.0
2026-02-07T08:45:00+01:00,0.0
2026-02-07T09:00:00+01:00,0.0
2026-02-07T09:15:00+01:00,0.0
2026-02-07T09:30:00+01:00,0.0
2026-02-07T09:45:00+01:00,0.0
2026-02-07T10:00:00+01:00,0.0
2026-02-07T10:15:00+01:00,0.0
2026-02-07T10:30:00+01:00,0.0
2026-02-07T10:45:00+01:00,0.0
2026-02-07T11:00:00+01:00,0.0
2026-02-07T11:15:00+01:00,0.0
2026-02-07T11:30:00+01:00,0.0
2026-02-07T11:45:00+01:00,0.0
2026-02-07T12:00:00+01:00,0.0
2026-02-07T12:15:00+01:00,0.0
2026-02-07T12:30:00+01:00,0.0
2026-02-07T12:45:00+01:00,0.0
2026-02-07T13:00:00+01:00,0.0
2026-02-07T13:15:00+01:00,0.0
2026-02-07T13:30:00+01:00,0.0
2026-02-07T13:45:00+01:00,0.0
2026-02-07T14:00:00+01:00,0.0
2026-02-07T14:15:00+01:00,0.0
2026-02-07T14:30:00+01:00,0.0
2026-02-07T14:45:00+01:00,0.0
2026-02-07T15:00:00+01:00,0.0
2026-02-07T15:15:00+01:00,0.0
2026-02-07T15:30:00+01:00,0.0
2026-02-07T15:45:00+01:00,0.0
2026-02-07T16:00:00+01:00,0.0
2026-02-07T16:15:00+01:00,0.0
2026-02-07T16:30:00+01:00,0.0
2026-02-07T16:45:00+01:00,0.0
2026-02-07T17:00:00+01:00,0.0
2026-02-07T17:15:00+01:00,0.0
2026-02-07T17:30:00+01:00,0.0
2026-02-07T17:45:00+01:00,0.0
2026-02-07T18:00:00+01:00,0.0
2026-02-07T18:15:00+01:00,0.0
2026-02-07T18:30:00+01:00,0.0
2026-02-07T18:45:00+01:00,0.0
2026-02-07T19:00:00+01:00,0.0
2026-02-07T19:15:00+01:00,0.0
2026-02-07T19:30:00+01:00,0.0
2026-02-07T19:45:00+01:00,0.0
2026-02-07T20:00:00+01:00,0.0
2026-02-07T20:15:00+01:00,0.0
2026-02-07T20:30:00+01:00,0.0
2026-02-07T20:45:00+01:00,0.0
2026-02-07T21:00:00+01:00,0.0
2026-02-07T21:15:00+01:00,0.0
2026-02-07T21:30:00+01:00,0.0
2026-02-07T21:45:00+01:00,0.0
2026-02-07T22:00:00+01:00,0.0
2026-02-07T22:15:00+01:00,0.0
2026-02-07T22:30:00+01:00,0.0
2026-02-07T22:45:00+01:00,0.0
2026-02-07T23:00:00+01:00,0.0
2026-02-07T23:15:00+01:00,0.0
2026-02-07T23:30:00+01:00,0.0
2026-02-07T23:45:00+01:00,0.0
2026-02-08T00:00:00+01:00,0.0
2026-02-08T00:15:00+01:00,0.0
2026-02-08T00:30:00+01:00,0.0
2026-02-08T00:45:00+01:00,0.0
2026-02-08T01:00:00+01:00,0.0
2026-02-08T01:15:00+01:00,0.0
2026-02-08T01:30:00+01:00,0.0
2026-02-08T01:45:00+01:00,0.0
2026-02-08T02:00:00+01:00,0.0
2026-02-08T02:15:00+01:00,0.0
2026-02-08T02:30:00+01:00,0.0
2026-02-08T02:45:00+01:00,0.0
2026-02-08T03:00:00+01:00,0.0
2026-02-08T03:15:00+01:00,0.0
2026-02-08T03:30:00+01:00,0.0
2026-02-08T03:45:00+01:00,0.0
2026-02-08T04:00:00+01:00,0.0
2026-02-08T04:15:00+01:00,0.0
2026-02-08T04:30:00+01:00,0.0
2026-02-08T04:45:00+01:00,0.0
2026-02-08T05:00:00+01:00,0.0
2026-02-08T05:15:00+01:00,0.0
2026-02-08T05:30:00+01:00,0.0
2026-02-08T05:45:00+01:00,0.0
2026-02-08T06:00:00+01:00,0.0
2026-02-08T06:15:00+01:00,0.0
2026-02-08T06:30:00+01:00,0.0
2026-02-08T06:45:00+01:00,0.0
2026-02-08T07:00:00+01:00,0.0
2026-02-08T07:15:00+01:00,0.0
2026-02-08T07:30:00+01:00,0.0
2026-02-08T07:45:00+01:00,0.0
2026-02-08T08:00:00+01:00,0.0
2026-02-08T08:15:00+01:00,0.0
2026-02-08T08:30:00+01:00,0.0
2026-02-08T08:45:00+01:00,0.0
2026-02-08T09:00:00+01:00,0.0
2026-02-08T09:15:00+01:00,0.0
2026-02-08T09:30:00+01:00,0.0
2026-02-08T09:45:00+01:00,0.0
2026-02-08T10:00:00+01:00,0.0
2026-02-08T10:15:00+01:00,0.0
2026-02-08T10:30:00+01:00,0.0
2026-02-08T10:45:00+01:00,0.0
2026-02-08T11:00:00+01:00,0.0
2026-02-08T11:15:00+01:00,0.0
2026-02-08T11:30:00+01:00,0.0
2026-02-08T11:45:00+01:00,0.0
2026-02-08T12:00:00+01:00,0.0
2026-02-08T12:15:00+01:00,0.0
2026-02-08T12:30:00+01:00,0.0
2026-02-08T12:45:00+01:00,0.0
2026-02-08T13:00:00+01:00,0.0
2026-02-08T13:15:00+01:00,0.0
2026-02-08T13:30:00+01:00,0.0
2026-02-08T13:45:00+01:00,0.0
2026-02-08T14:00:00+01:00,0.0
2026-02-08T14:15:00+01:00,0.0
2026-02-08T14:30:00+01:00,0.0
2026-02-08T14:45:00+01:00,0.0
2026-02-08T15:00:00+01:00,0.0
2026-02-08T15:15:00+01:00,0.0
2026-02-08T15:30:00+01:00,0.0
2026-02-08T15:45:00+01:00,0.0
2026-02-08T16:00:00+01:00,0.0
2026-02-08T16:15:00+01:00,0.0
2026-02-08T16:30:00+01:00,0.0
2026-02-08T16:45:00+01:00,0.0
2026-02-08T17:00:00+01:00,0.0
2026-02-08T17:15:00+01:00,0.0
2026-02-08T17:30:00+01:00,0.0
2026-02-08T17:45:00+01:00,0.0
2026-02-08T18:00:00+01:00,0.0
2026-02-08T18:15:00+01:00,0.0
2026-02-08T18:30:00+01:00,0.0
2026-02-08T18:45:00+01:00,0.0
2026-02-08T19:00:00+01:00,0.0
2026-02-08T19:15:00+01:00,0.0
2026-02-08T19:30:00+01:00,0.0
2026-02-08T19:45:00+01:00,0.0
2026-02-08T20:00:00+01:00,0.0
2026-02-08T20:15:00+01:00,0.0
2026-02-08T20:30:00+01:00,0.0
2026-02-08T20:45:00+01:00,0.0
2026-02-08T21:00:00+01:00,0.0
2026-02-08T21:15:00+01:00,0.0
2026-02-08T21:30:00+01:00,0.0
2026-02-08T21:45:00+01:00,0.0
2026-02-08T22:00:00+01:00,0.0
2026-02-08T22:15:00+01:00,0.0
2026-02-08T22:30:00+01:00,0.0
2026-02-08T22:45:00+01:00,0.0
2026-02-08T23:00:00+01:00,0.0
2026-02-08T23:15:00+01:00,0.0
2026-02-08T23:30:00+01:00,0.0
2026-02-08T23:45:00+01:00,0.0
2026-02-09T00:00:00+01:00,0.0
2026-02-09T00:15:00+01:00,0.0
2026-02-09T00:30:00+01:00,0.0
2026-02-09T00:45:00+01:00,0.0
2026-02-09T01:00:00+01:00,0.0
2026-02-09T01:15:00+01:00,0.0
2026-02-09T01:30:00+01:00,0.0
2026-02-09T01:45:00+01:00,0.0
2026-02-09T02:00:00+01:00,0.0
2026-02-09T02:15:00+01:00,0.0
2026-02-09T02:30:00+01:00,0.0
2026-02-09T02:45:00+01:00,0.0
2026-02-09T03:00:00+01:00,0.0
2026-02-09T03:15:00+01:00,0.0
2026-02-09T03:30:00+01:00,0.0
2026-02-09T03:45:00+01:00,0.0
2026-02-09T04:00:00+01:00,0.0
2026-02-09T04:15:00+01:00,0.0
2026-02-09T04:30:00+01:00,0.0
2026-02-09T04:45:00+01:00,0.0
2026-02-09T05:00:00+01:00,0.0
2026-02-09T05:15:00+01:00,0.0
2026-02-09T05:30:00+01:00,0.0
2026-02-09T05:45:00+01:00,0.0
2026-02-09T06:00:00+01:00,0.0
2026-02-09T06:15:00+01:00,1.05064
2026-02-09T06:30:00+01:00,0.77368
2026-02-09T06:45:00+01:00,2.53968
2026-02-09T07:00:00+01:00,5.12044
2026-02-09T07:15:00+01:00,5.82172
2026-02-09T07:30:00+01:00,6.00092
2026-02-09T07:45:00+01:00,6.00308
2026-02-09T08:00:00+01:00,6.00504
2026-02-09T08:15:00+01:00,6.04832
2026-02-09T08:30:00+01:00,6.03956
2026-02-09T08:45:00+01:00,6.02216
2026-02-09T09:00:00+01:00,6.00844
2026-02-09T09:15:00+01:00,6.01692
2026-02-09T09:30:00+01:00,5.11984
2026-02-09T09:45:00+01:00,4.90144
2026-02-09T10:00:00+01:00,5.78072
2026-02-09T10:15:00+01:00,6.00924
2026-02-09T10:30:00+01:00,6.00692
2026-02-09T10:45:00+01:00,6.00816
2026-02-09T11:00:00+01:00,5.99324
2026-02-09T11:15:00+01:00,5.98984
2026-02-09T11:30:00+01:00,6.01476
2026-02-09T11:45:00+01:00,5.98924
2026-02-09T12:00:00+01:00,5.988388
2026-02-09T12:15:00+01:00,6.000916
2026-02-09T12:30:00+01:00,6.001251
2026-02-09T12:45:00+01:00,6.005085
2026-02-09T13:00:00+01:00,4.608
2026-02-09T13:15:00+01:00,5.280581
2026-02-09T13:30:00+01:00,5.989019
2026-02-09T13:45:00+01:00,5.98184
2026-02-09T14:00:00+01:00,5.997475
2026-02-09T14:15:00+01:00,5.996685
2026-02-09T14:30:00+01:00,5.967817
2026-02-09T14:45:00+01:00,5.985263
2026-02-09T15:00:00+01:00,5.99
2026-02-09T15:15:00+01:00,5.98276
2026-02-09T15:30:00+01:00,5.99508
2026-02-09T15:45:00+01:00,5.978395
2026-02-09T16:00:00+01:00,5.99
2026-02-09T16:15:00+01:00,5.917525
2026-02-09T16:30:00+01:00,5.906308
2026-02-09T16:45:00+01:00,5.973585
2026-02-09T17:00:00+01:00,5.987267
2026-02-09T17:15:00+01:00,5.98768
2026-02-09T17:30:00+01:00,5.987635
2026-02-09T17:45:00+01:00,6.002365
2026-02-09T18:00:00+01:00,5.99494
2026-02-09T18:15:00+01:00,5.9889
2026-02-09T18:30:00+01:00,5.823546
2026-02-09T18:45:00+01:00,4.606745
2026-02-09T19:00:00+01:00,5.472923
2026-02-09T19:15:00+01:00,5.997867
2026-02-09T19:30:00+01:00,6.00727
2026-02-09T19:45:00+01:00,5.99921
2026-02-09T20:00:00+01:00,6.021707
2026-02-09T20:15:00+01:00,6.020573
2026-02-09T20:30:00+01:00,6.01064
2026-02-09T20:45:00+01:00,5.99568
2026-02-09T21:00:00+01:00,6.00816
2026-02-09T21:15:00+01:00,6.02676
2026-02-09T21:30:00+01:00,5.96388
2026-02-09T21:45:00+01:00,4.70956
2026-02-09T22:00:00+01:00,0.84272
2026-02-09T22:15:00+01:00,0.0
2026-02-09T22:30:00+01:00,0.0
2026-02-09T22:45:00+01:00,0.0
2026-02-09T23:00:00+01:00,0.0
2026-02-09T23:15:00+01:00,0.0
2026-02-09T23:30:00+01:00,0.0
2026-02-09T23:45:00+01:00,0.0
2026-02-10T00:00:00+01:00,0.0
2026-02-10T00:15:00+01:00,0.0
2026-02-10T00:30:00+01:00,0.0
2026-02-10T00:45:00+01:00,0.0
2026-02-10T01:00:00+01:00,0.0
2026-02-10T01:15:00+01:00,0.0
2026-02-10T01:30:00+01:00,0.0
2026-02-10T01:45:00+01:00,0.0
2026-02-10T02:00:00+01:00,0.0
2026-02-10T02:15:00+01:00,0.0
2026-02-10T02:30:00+01:00,0.0
2026-02-10T02:45:00+01:00,0.0
2026-02-10T03:00:00+01:00,0.0
2026-02-10T03:15:00+01:00,0.0
2026-02-10T03:30:00+01:00,0.0
2026-02-10T03:45:00+01:00,0.0
2026-02-10T04:00:00+01:00,0.0
2026-02-10T04:15:00+01:00,0.0
2026-02-10T04:30:00+01:00,0.0
2026-02-10T04:45:00+01:00,0.0
2026-02-10T05:00:00+01:00,0.0
2026-02-10T05:15:00+01:00,0.0
2026-02-10T05:30:00+01:00,0.0
2026-02-10T05:45:00+01:00,0.391
2026-02-10T06:00:00+01:00,4.90616
2026-02-10T06:15:00+01:00,5.48556
2026-02-10T06:30:00+01:00,6.03284
2026-02-10T06:45:00+01:00,5.974828
2026-02-10T07:00:00+01:00,5.982252
2026-02-10T07:15:00+01:00,5.4255
2026-02-10T07:30:00+01:00,5.49058
2026-02-10T07:45:00+01:00,5.99344
2026-02-10T08:00:00+01:00,6.004199
2026-02-10T08:15:00+01:00,5.987961
2026-02-10T08:30:00+01:00,5.987873
2026-02-10T08:45:00+01:00,5.974917
2026-02-10T09:00:00+01:00,5.98029
2026-02-10T09:15:00+01:00,5.910022
2026-02-10T09:30:00+01:00,5.912138
2026-02-10T09:45:00+01:00,5.98444
2026-02-10T10:00:00+01:00,6.00384
2026-02-10T10:15:00+01:00,5.99448
2026-02-10T10:30:00+01:00,5.9866
2026-02-10T10:45:00+01:00,5.99156
2026-02-10T11:00:00+01:00,5.97676
2026-02-10T11:15:00+01:00,5.98276
2026-02-10T11:30:00+01:00,5.98388
2026-02-10T11:45:00+01:00,5.95476
2026-02-10T12:00:00+01:00,5.95692
2026-02-10T12:15:00+01:00,5.96092
2026-02-10T12:30:00+01:00,5.94441
2026-02-10T12:45:00+01:00,5.792923
2026-02-10T13:00:00+01:00,4.583227
2026-02-10T13:15:00+01:00,5.530734
2026-02-10T13:30:00+01:00,5.946
2026-02-10T13:45:00+01:00,5.947026
2026-02-10T14:00:00+01:00,5.94216
2026-02-10T14:15:00+01:00,5.9426
2026-02-10T14:30:00+01:00,5.93416
2026-02-10T14:45:00+01:00,5.94984
2026-02-10T15:00:00+01:00,5.93708
2026-02-10T15:15:00+01:00,5.93692
2026-02-10T15:30:00+01:00,5.9634
2026-02-10T15:45:00+01:00,5.932
2026-02-10T16:00:00+01:00,5.95276
2026-02-10T16:15:00+01:00,5.962835
2026-02-10T16:30:00+01:00,5.948669
2026-02-10T16:45:00+01:00,5.947331
2026-02-10T17:00:00+01:00,5.563833
2026-02-10T17:15:00+01:00,5.964412
2026-02-10T17:30:00+01:00,5.84568
2026-02-10T17:45:00+01:00,5.36396
2026-02-10T18:00:00+01:00,5.229219
2026-02-10T18:15:00+01:00,5.825061
2026-02-10T18:30:00+01:00,5.875253
2026-02-10T18:45:00+01:00,4.022507
2026-02-10T19:00:00+01:00,5.671294
2026-02-10T19:15:00+01:00,5.958266
2026-02-10T19:30:00+01:00,5.94244
2026-02-10T19:45:00+01:00,5.926577
2026-02-10T20:00:00+01:00,5.953903
2026-02-10T20:15:00+01:00,5.924264
2026-02-10T20:30:00+01:00,5.963256
2026-02-10T20:45:00+01:00,5.946744
2026-02-10T21:00:00+01:00,5.955416
2026-02-10T21:15:00+01:00,5.95724
2026-02-10T21:30:00+01:00,5.738811
2026-02-10T21:45:00+01:00,4.683661
2026-02-10T22:00:00+01:00,0.073648
2026-02-10T22:15:00+01:00,0.0
2026-02-10T22:30:00+01:00,0.0
2026-02-10T22:45:00+01:00,0.0
2026-02-10T23:00:00+01:00,0.0
2026-02-10T23:15:00+01:00,0.0
2026-02-10T23:30:00+01:00,0.0
2026-02-10T23:45:00+01:00,0.0
2026-02-11T00:00:00+01:00,0.0
2026-02-11T00:15:00+01:00,0.0
2026-02-11T00:30:00+01:00,0.0
2026-02-11T00:45:00+01:00,0.0
2026-02-11T01:00:00+01:00,0.0
2026-02-11T01:15:00+01:00,0.0
2026-02-11T01:30:00+01:00,0.0
2026-02-11T01:45:00+01:00,0.0
2026-02-11T02:00:00+01:00,0.0
2026-02-11T02:15:00+01:00,0.0
2026-02-11T02:30:00+01:00,0.0
2026-02-11T02:45:00+01:00,0.0
2026-02-11T03:00:00+01:00,0.0
2026-02-11T03:15:00+01:00,0.0
2026-02-11T03:30:00+01:00,0.0
2026-02-11T03:45:00+01:00,0.0
2026-02-11T04:00:00+01:00,0.0
2026-02-11T04:15:00+01:00,0.0
2026-02-11T04:30:00+01:00,0.0
2026-02-11T04:45:00+01:00,0.0
2026-02-11T05:00:00+01:00,0.0
2026-02-11T05:15:00+01:00,0.0
2026-02-11T05:30:00+01:00,0.0
2026-02-11T05:45:00+01:00,1.723648
2026-02-11T06:00:00+01:00,5.78796
2026-02-11T06:15:00+01:00,5.912272
2026-02-11T06:30:00+01:00,5.9188
2026-02-11T06:45:00+01:00,5.89138
2026-02-11T07:00:00+01:00,5.91122
2026-02-11T07:15:00+01:00,5.908992
2026-02-11T07:30:00+01:00,5.934283
2026-02-11T07:45:00+01:00,5.928254
2026-02-11T08:00:00+01:00,5.838911
2026-02-11T08:15:00+01:00,5.931303
2026-02-11T08:30:00+01:00,5.943083
2026-02-11T08:45:00+01:00,5.926854
2026-02-11T09:00:00+01:00,5.936229
2026-02-11T09:15:00+01:00,5.925611
2026-02-11T09:30:00+01:00,5.55852
2026-02-11T09:45:00+01:00,4.2236
2026-02-11T10:00:00+01:00,4.6932
2026-02-11T10:15:00+01:00,5.75104
2026-02-11T10:30:00+01:00,5.55088
2026-02-11T10:45:00+01:00,5.92908
2026-02-11T11:00:00+01:00,5.9194
2026-02-11T11:15:00+01:00,5.64132
2026-02-11T11:30:00+01:00,3.93356
2026-02-11T11:45:00+01:00,3.08344
2026-02-11T12:00:00+01:00,2.94436
2026-02-11T12:15:00+01:00,2.959969
2026-02-11T12:30:00+01:00,3.241431
2026-02-11T12:45:00+01:00,0.390217
2026-02-11T13:00:00+01:00,1.566663
2026-02-11T13:15:00+01:00,4.12796
2026-02-11T13:30:00+01:00,5.09596
2026-02-11T13:45:00+01:00,5.02996
2026-02-11T14:00:00+01:00,1.80604
2026-02-11T14:15:00+01:00,4.61976
2026-02-11T14:30:00+01:00,5.472733
2026-02-11T14:45:00+01:00,5.678027
2026-02-11T15:00:00+01:00,5.41364
2026-02-11T15:15:00+01:00,6.00292
2026-02-11T15:30:00+01:00,5.9228
2026-02-11T15:45:00+01:00,5.888947
2026-02-11T16:00:00+01:00,5.014613
2026-02-11T16:15:00+01:00,5.18388
2026-02-11T16:30:00+01:00,4.88788
2026-02-11T16:45:00+01:00,5.757975
2026-02-11T17:00:00+01:00,5.126809
2026-02-11T17:15:00+01:00,4.895679
2026-02-11T17:30:00+01:00,5.118936
2026-02-11T17:45:00+01:00,4.57668
2026-02-11T18:00:00+01:00,3.86024
2026-02-11T18:15:00+01:00,5.258216
2026-02-11T18:30:00+01:00,5.034264
2026-02-11T18:45:00+01:00,2.8018
2026-02-11T19:00:00+01:00,0.97472
2026-02-11T19:15:00+01:00,5.326332
2026-02-11T19:30:00+01:00,5.803428
2026-02-11T19:45:00+01:00,4.576949
2026-02-11T20:00:00+01:00,4.428803
2026-02-11T20:15:00+01:00,5.134969
2026-02-11T20:30:00+01:00,4.203122
2026-02-11T20:45:00+01:00,5.13309
2026-02-11T21:00:00+01:00,5.027069
2026-02-11T21:15:00+01:00,4.808214
2026-02-11T21:30:00+01:00,3.729435
2026-02-11T21:45:00+01:00,4.010591
2026-02-11T22:00:00+01:00,0.63608
2026-02-11T22:15:00+01:00,0.0
2026-02-11T22:30:00+01:00,0.0
2026-02-11T22:45:00+01:00,0.0
2026-02-11T23:00:00+01:00,0.0
2026-02-11T23:15:00+01:00,0.0
2026-02-11T23:30:00+01:00,0.0
2026-02-11T23:45:00+01:00,0.0
2026-02-12T00:00:00+01:00,0.0
2026-02-12T00:15:00+01:00,0.0
2026-02-12T00:30:00+01:00,0.0
2026-02-12T00:45:00+01:00,0.0
2026-02-12T01:00:00+01:00,0.0
2026-02-12T01:15:00+01:00,0.0
2026-02-12T01:30:00+01:00,0.0
2026-02-12T01:45:00+01:00,0.0
2026-02-12T02:00:00+01:00,0.0
2026-02-12T02:15:00+01:00,0.0
2026-02-12T02:30:00+01:00,0.0
2026-02-12T02:45:00+01:00,0.0
2026-02-12T03:00:00+01:00,0.0
2026-02-12T03:15:00+01:00,0.0
2026-02-12T03:30:00+01:00,0.0
2026-02-12T03:45:00+01:00,0.0
2026-02-12T04:00:00+01:00,0.0
2026-02-12T04:15:00+01:00,0.0
2026-02-12T04:30:00+01:00,0.0
2026-02-12T04:45:00+01:00,0.0
2026-02-12T05:00:00+01:00,0.0
2026-02-12T05:15:00+01:00,0.0
2026-02-12T05:30:00+01:00,0.0
2026-02-12T05:45:00+01:00,0.355774
2026-02-12T06:00:00+01:00,3.709595
2026-02-12T06:15:00+01:00,4.728071
2026-02-12T06:30:00+01:00,5.84048
2026-02-12T06:45:00+01:00,5.873017
2026-02-12T07:00:00+01:00,5.864
2026-02-12T07:15:00+01:00,5.874663
2026-02-12T07:30:00+01:00,5.89784
2026-02-12T07:45:00+01:00,5.90552
2026-02-12T08:00:00+01:00,4.45264
2026-02-12T08:15:00+01:00,3.078
2026-02-12T08:30:00+01:00,4.2568
2026-02-12T08:45:00+01:00,4.64144
2026-02-12T09:00:00+01:00,4.71256
2026-02-12T09:15:00+01:00,4.99792
2026-02-12T09:30:00+01:00,5.09192
2026-02-12T09:45:00+01:00,3.90896
2026-02-12T10:00:00+01:00,5.58224
2026-02-12T10:15:00+01:00,5.89384
2026-02-12T10:30:00+01:00,5.93936
2026-02-12T10:45:00+01:00,5.8908
2026-02-12T11:00:00+01:00,5.64632
2026-02-12T11:15:00+01:00,5.13832
2026-02-12T11:30:00+01:00,5.66998
2026-02-12T11:45:00+01:00,5.8777
2026-02-12T12:00:00+01:00,5.8783
2026-02-12T12:15:00+01:00,5.679666
2026-02-12T12:30:00+01:00,5.910594
2026-02-12T12:45:00+01:00,4.974275
2026-02-12T13:00:00+01:00,5.563465
2026-02-12T13:15:00+01:00,5.86786
2026-02-12T13:30:00+01:00,5.876352
2026-02-12T13:45:00+01:00,5.890166
2026-02-12T14:00:00+01:00,5.883001
2026-02-12T14:15:00+01:00,5.895165
2026-02-12T14:30:00+01:00,5.886995
2026-02-12T14:45:00+01:00,5.881959
2026-02-12T15:00:00+01:00,5.634601
2026-02-12T15:15:00+01:00,5.15264
2026-02-12T15:30:00+01:00,5.59408
2026-02-12T15:45:00+01:00,5.703347
2026-02-12T16:00:00+01:00,5.671133
2026-02-12T16:15:00+01:00,5.166567
2026-02-12T16:30:00+01:00,5.361169
2026-02-12T16:45:00+01:00,4.488344
2026-02-12T17:00:00+01:00,2.23256
2026-02-12T17:15:00+01:00,3.60504
2026-02-12T17:30:00+01:00,4.8568
2026-02-12T17:45:00+01:00,5.0732
2026-02-12T18:00:00+01:00,5.41024
2026-02-12T18:15:00+01:00,5.85616
2026-02-12T18:30:00+01:00,5.75768
2026-02-12T18:45:00+01:00,4.38528
2026-02-12T19:00:00+01:00,4.11392
2026-02-12T19:15:00+01:00,4.83976
2026-02-12T19:30:00+01:00,4.908515
2026-02-12T19:45:00+01:00,5.774685
2026-02-12T20:00:00+01:00,5.903159
2026-02-12T20:15:00+01:00,5.911001
2026-02-12T20:30:00+01:00,5.835975
2026-02-12T20:45:00+01:00,5.812691
2026-02-12T21:00:00+01:00,5.911334
2026-02-12T21:15:00+01:00,5.63816
2026-02-12T21:30:00+01:00,5.51128
2026-02-12T21:45:00+01:00,4.69112
2026-02-12T22:00:00+01:00,0.804
2026-02-12T22:15:00+01:00,0.0
2026-02-12T22:30:00+01:00,0.0
2026-02-12T22:45:00+01:00,0.0
2026-02-12T23:00:00+01:00,0.0
2026-02-12T23:15:00+01:00,0.0
2026-02-12T23:30:00+01:00,0.0
2026-02-12T23:45:00+01:00,0.0
2026-02-13T00:00:00+01:00,0.0
2026-02-13T00:15:00+01:00,0.0
2026-02-13T00:30:00+01:00,0.0
2026-02-13T00:45:00+01:00,0.0
2026-02-13T01:00:00+01:00,0.0
2026-02-13T01:15:00+01:00,0.0
2026-02-13T01:30:00+01:00,0.0
2026-02-13T01:45:00+01:00,0.0
2026-02-13T02:00:00+01:00,0.0
2026-02-13T02:15:00+01:00,0.0
2026-02-13T02:30:00+01:00,0.0
2026-02-13T02:45:00+01:00,0.0
2026-02-13T03:00:00+01:00,0.0
2026-02-13T03:15:00+01:00,0.0
2026-02-13T03:30:00+01:00,0.0
2026-02-13T03:45:00+01:00,0.0
2026-02-13T04:00:00+01:00,0.0
2026-02-13T04:15:00+01:00,0.0
2026-02-13T04:30:00+01:00,0.0
2026-02-13T04:45:00+01:00,0.0
2026-02-13T05:00:00+01:00,0.0
2026-02-13T05:15:00+01:00,0.0
2026-02-13T05:30:00+01:00,0.0
2026-02-13T05:45:00+01:00,0.271415
2026-02-13T06:00:00+01:00,4.790665
2026-02-13T06:15:00+01:00,5.849694
2026-02-13T06:30:00+01:00,5.915026
2026-02-13T06:45:00+01:00,5.924
2026-02-13T07:00:00+01:00,5.91232
2026-02-13T07:15:00+01:00,5.92184
2026-02-13T07:30:00+01:00,5.97072
2026-02-13T07:45:00+01:00,5.94896
2026-02-13T08:00:00+01:00,5.74184
2026-02-13T08:15:00+01:00,5.94216
2026-02-13T08:30:00+01:00,5.94616
2026-02-13T08:45:00+01:00,5.9732
2026-02-13T09:00:00+01:00,5.94832
2026-02-13T09:15:00+01:00,5.60032
2026-02-13T09:30:00+01:00,5.73528
2026-02-13T09:45:00+01:00,3.38816
2026-02-13T10:00:00+01:00,2.52752
2026-02-13T10:15:00+01:00,4.6328
2026-02-13T10:30:00+01:00,4.423573
2026-02-13T10:45:00+01:00,5.692749
2026-02-13T11:00:00+01:00,5.885998
2026-02-13T11:15:00+01:00,5.038885
2026-02-13T11:30:00+01:00,4.798502
2026-02-13T11:45:00+01:00,4.061271
2026-02-13T12:00:00+01:00,4.035866
2026-02-13T12:15:00+01:00,5.324375
2026-02-13T12:30:00+01:00,4.292301
2026-02-13T12:45:00+01:00,4.002856
2026-02-13T13:00:00+01:00,4.561784
2026-02-13T13:15:00+01:00,3.1848
2026-02-13T13:30:00+01:00,5.8656
2026-02-13T13:45:00+01:00,5.948097
2026-02-13T14:00:00+01:00,4.878143
2026-02-13T14:15:00+01:00,3.885241
2026-02-13T14:30:00+01:00,5.590039
2026-02-13T14:45:00+01:00,5.32656
2026-02-13T15:00:00+01:00,4.843896
2026-02-13T15:15:00+01:00,4.702528
2026-02-13T15:30:00+01:00,5.416215
2026-02-13T15:45:00+01:00,5.3032
2026-02-13T16:00:00+01:00,4.666781
2026-02-13T16:15:00+01:00,4.521699
2026-02-13T16:30:00+01:00,6.025251
2026-02-13T16:45:00+01:00,5.847163
2026-02-13T17:00:00+01:00,5.643746
2026-02-13T17:15:00+01:00,4.94296
2026-02-13T17:30:00+01:00,5.88888
2026-02-13T17:45:00+01:00,5.382354
2026-02-13T18:00:00+01:00,3.691176
2026-02-13T18:15:00+01:00,4.954658
2026-02-13T18:30:00+01:00,5.217332
2026-02-13T18:45:00+01:00,4.07536
2026-02-13T19:00:00+01:00,2.65824
2026-02-13T19:15:00+01:00,3.64448
2026-02-13T19:30:00+01:00,4.04336
2026-02-13T19:45:00+01:00,4.25376
2026-02-13T20:00:00+01:00,5.279163
2026-02-13T20:15:00+01:00,5.494117
2026-02-13T20:30:00+01:00,4.93752
2026-02-13T20:45:00+01:00,5.077771
2026-02-13T21:00:00+01:00,3.436319
2026-02-13T21:15:00+01:00,2.69711
2026-02-13T21:30:00+01:00,2.934119
2026-02-13T21:45:00+01:00,0.411801
2026-02-13T22:00:00+01:00,0.0
2026-02-13T22:15:00+01:00,0.0
2026-02-13T22:30:00+01:00,0.0
2026-02-13T22:45:00+01:00,0.0
2026-02-13T23:00:00+01:00,0.0
2026-02-13T23:15:00+01:00,0.0
2026-02-13T23:30:00+01:00,0.0
2026-02-13T23:45:00+01:00,0.0
2026-02-14T00:00:00+01:00,0.0
2026-02-14T00:15:00+01:00,0.0
2026-02-14T00:30:00+01:00,0.0
2026-02-14T00:45:00+01:00,0.0
2026-02-14T01:00:00+01:00,0.0
2026-02-14T01:15:00+01:00,0.0
2026-02-14T01:30:00+01:00,0.0
2026-02-14T01:45:00+01:00,0.0
2026-02-14T02:00:00+01:00,0.0
2026-02-14T02:15:00+01:00,0.0
2026-02-14T02:30:00+01:00,0.0
2026-02-14T02:45:00+01:00,0.0
2026-02-14T03:00:00+01:00,0.0
2026-02-14T03:15:00+01:00,0.0
2026-02-14T03:30:00+01:00,0.0
2026-02-14T03:45:00+01:00,0.0
2026-02-14T04:00:00+01:00,0.0
2026-02-14T04:15:00+01:00,0.0
2026-02-14T04:30:00+01:00,0.0
2026-02-14T04:45:00+01:00,0.0
2026-02-14T05:00:00+01:00,0.0
2026-02-14T05:15:00+01:00,0.0
2026-02-14T05:30:00+01:00,0.0
2026-02-14T05:45:00+01:00,0.0
2026-02-14T06:00:00+01:00,0.0
2026-02-14T06:15:00+01:00,0.0
2026-02-14T06:30:00+01:00,0.0
2026-02-14T06:45:00+01:00,0.0
2026-02-14T07:00:00+01:00,0.0
2026-02-14T07:15:00+01:00,0.0
2026-02-14T07:30:00+01:00,0.0
2026-02-14T07:45:00+01:00,0.0
2026-02-14T08:00:00+01:00,0.0
2026-02-14T08:15:00+01:00,0.0
2026-02-14T08:30:00+01:00,0.0
2026-02-14T08:45:00+01:00,0.0
2026-02-14T09:00:00+01:00,0.0
2026-02-14T09:15:00+01:00,0.0
2026-02-14T09:30:00+01:00,0.0
2026-02-14T09:45:00+01:00,0.0
2026-02-14T10:00:00+01:00,0.0
2026-02-14T10:15:00+01:00,0.0
2026-02-14T10:30:00+01:00,0.0
2026-02-14T10:45:00+01:00,0.0
2026-02-14T11:00:00+01:00,0.0
2026-02-14T11:15:00+01:00,0.0
2026-02-14T11:30:00+01:00,0.0
2026-02-14T11:45:00+01:00,0.0
2026-02-14T12:00:00+01:00,0.0
2026-02-14T12:15:00+01:00,0.0
2026-02-14T12:30:00+01:00,0.0
2026-02-14T12:45:00+01:00,0.0
2026-02-14T13:00:00+01:00,0.0
2026-02-14T13:15:00+01:00,0.0
2026-02-14T13:30:00+01:00,0.0
2026-02-14T13:45:00+01:00,0.0
2026-02-14T14:00:00+01:00,0.0
2026-02-14T14:15:00+01:00,0.0
2026-02-14T14:30:00+01:00,0.0
2026-02-14T14:45:00+01:00,0.0
2026-02-14T15:00:00+01:00,0.0
2026-02-14T15:15:00+01:00,0.0
2026-02-14T15:30:00+01:00,0.0
2026-02-14T15:45:00+01:00,0.0
2026-02-14T16:00:00+01:00,0.0
2026-02-14T16:15:00+01:00,0.0
2026-02-14T16:30:00+01:00,0.0
2026-02-14T16:45:00+01:00,0.0
2026-02-14T17:00:00+01:00,0.0
2026-02-14T17:15:00+01:00,0.0
2026-02-14T17:30:00+01:00,0.0
2026-02-14T17:45:00+01:00,0.0
2026-02-14T18:00:00+01:00,0.0
2026-02-14T18:15:00+01:00,0.0
2026-02-14T18:30:00+01:00,0.0
2026-02-14T18:45:00+01:00,0.0
2026-02-14T19:00:00+01:00,0.0
2026-02-14T19:15:00+01:00,0.0
2026-02-14T19:30:00+01:00,0.0
2026-02-14T19:45:00+01:00,0.0
2026-02-14T20:00:00+01:00,0.0
2026-02-14T20:15:00+01:00,0.0
2026-02-14T20:30:00+01:00,0.0
2026-02-14T20:45:00+01:00,0.0
2026-02-14T21:00:00+01:00,0.0
2026-02-14T21:15:00+01:00,0.0
2026-02-14T21:30:00+01:00,0.0
2026-02-14T21:45:00+01:00,0.0
2026-02-14T22:00:00+01:00,0.0
2026-02-14T22:15:00+01:00,0.0
2026-02-14T22:30:00+01:00,0.0
2026-02-14T22:45:00+01:00,0.0
2026-02-14T23:00:00+01:00,0.0
2026-02-14T23:15:00+01:00,0.0
2026-02-14T23:30:00+01:00,0.0
2026-02-14T23:45:00+01:00,0.0
2026-02-15T00:00:00+01:00,0.0
2026-02-15T00:15:00+01:00,0.0
2026-02-15T00:30:00+01:00,0.0
2026-02-15T00:45:00+01:00,0.0
2026-02-15T01:00:00+01:00,0.0
2026-02-15T01:15:00+01:00,0.0
2026-02-15T01:30:00+01:00,0.0
2026-02-15T01:45:00+01:00,0.0
2026-02-15T02:00:00+01:00,0.0
2026-02-15T02:15:00+01:00,0.0
2026-02-15T02:30:00+01:00,0.0
2026-02-15T02:45:00+01:00,0.0
2026-02-15T03:00:00+01:00,0.0
2026-02-15T03:15:00+01:00,0.0
2026-02-15T03:30:00+01:00,0.0
2026-02-15T03:45:00+01:00,0.0
2026-02-15T04:00:00+01:00,0.0
2026-02-15T04:15:00+01:00,0.0
2026-02-15T04:30:00+01:00,0.0
2026-02-15T04:45:00+01:00,0.0
2026-02-15T05:00:00+01:00,0.0
2026-02-15T05:15:00+01:00,0.0
2026-02-15T05:30:00+01:00,0.0
2026-02-15T05:45:00+01:00,0.0
2026-02-15T06:00:00+01:00,0.0
2026-02-15T06:15:00+01:00,0.0
2026-02-15T06:30:00+01:00,0.0
2026-02-15T06:45:00+01:00,0.0
2026-02-15T07:00:00+01:00,0.0
2026-02-15T07:15:00+01:00,0.0
2026-02-15T07:30:00+01:00,0.0
2026-02-15T07:45:00+01:00,0.0
2026-02-15T08:00:00+01:00,0.0
2026-02-15T08:15:00+01:00,0.0
2026-02-15T08:30:00+01:00,0.0
2026-02-15T08:45:00+01:00,0.0
2026-02-15T09:00:00+01:00,0.0
2026-02-15T09:15:00+01:00,0.0
2026-02-15T09:30:00+01:00,0.0
2026-02-15T09:45:00+01:00,0.0
2026-02-15T10:00:00+01:00,0.0
2026-02-15T10:15:00+01:00,0.0
2026-02-15T10:30:00+01:00,0.0
2026-02-15T10:45:00+01:00,0.0
2026-02-15T11:00:00+01:00,0.0
2026-02-15T11:15:00+01:00,0.0
2026-02-15T11:30:00+01:00,0.0
2026-02-15T11:45:00+01:00,0.0
2026-02-15T12:00:00+01:00,0.0
2026-02-15T12:15:00+01:00,0.0
2026-02-15T12:30:00+01:00,0.0
2026-02-15T12:45:00+01:00,0.0
2026-02-15T13:00:00+01:00,0.0
2026-02-15T13:15:00+01:00,0.0
2026-02-15T13:30:00+01:00,0.0
2026-02-15T13:45:00+01:00,0.0
2026-02-15T14:00:00+01:00,0.0
2026-02-15T14:15:00+01:00,0.0
2026-02-15T14:30:00+01:00,0.0
2026-02-15T14:45:00+01:00,0.0
2026-02-15T15:00:00+01:00,0.0
2026-02-15T15:15:00+01:00,0.0
2026-02-15T15:30:00+01:00,0.0
2026-02-15T15:45:00+01:00,0.0
2026-02-15T16:00:00+01:00,0.0
2026-02-15T16:15:00+01:00,0.0
2026-02-15T16:30:00+01:00,0.0
2026-02-15T16:45:00+01:00,0.0
2026-02-15T17:00:00+01:00,0.0
2026-02-15T17:15:00+01:00,0.0
2026-02-15T17:30:00+01:00,0.0
2026-02-15T17:45:00+01:00,0.0
2026-02-15T18:00:00+01:00,0.0
2026-02-15T18:15:00+01:00,0.0
2026-02-15T18:30:00+01:00,0.0
2026-02-15T18:45:00+01:00,0.0
2026-02-15T19:00:00+01:00,0.0
2026-02-15T19:15:00+01:00,0.0
2026-02-15T19:30:00+01:00,0.0
2026-02-15T19:45:00+01:00,0.0
2026-02-15T20:00:00+01:00,0.0
2026-02-15T20:15:00+01:00,0.0
2026-02-15T20:30:00+01:00,0.0
2026-02-15T20:45:00+01:00,0.0
2026-02-15T21:00:00+01:00,0.0
2026-02-15T21:15:00+01:00,0.0
2026-02-15T21:30:00+01:00,0.0
2026-02-15T21:45:00+01:00,0.0
2026-02-15T22:00:00+01:00,0.0
2026-02-15T22:15:00+01:00,0.0
2026-02-15T22:30:00+01:00,0.0
2026-02-15T22:45:00+01:00,0.2208
2026-02-15T23:00:00+01:00,1.90728
2026-02-15T23:15:00+01:00,1.78368
2026-02-15T23:30:00+01:00,1.36935
2026-02-15T23:45:00+01:00,0.21889
2026-02-16T00:00:00+01:00,0.0
2026-02-16T00:15:00+01:00,0.0
2026-02-16T00:30:00+01:00,0.0
2026-02-16T00:45:00+01:00,0.0
2026-02-16T01:00:00+01:00,0.0
2026-02-16T01:15:00+01:00,0.0
2026-02-16T01:30:00+01:00,0.25024
2026-02-16T01:45:00+01:00,1.64808
2026-02-16T02:00:00+01:00,2.80336
2026-02-16T02:15:00+01:00,0.05832
2026-02-16T02:30:00+01:00,0.0
2026-02-16T02:45:00+01:00,1.12168
2026-02-16T03:00:00+01:00,0.42632
2026-02-16T03:15:00+01:00,0.0
2026-02-16T03:30:00+01:00,0.0
2026-02-16T03:45:00+01:00,0.0
2026-02-16T04:00:00+01:00,0.0
2026-02-16T04:15:00+01:00,0.0
2026-02-16T04:30:00+01:00,0.0
2026-02-16T04:45:00+01:00,0.0
2026-02-16T05:00:00+01:00,0.0
2026-02-16T05:15:00+01:00,0.0
2026-02-16T05:30:00+01:00,0.0
2026-02-16T05:45:00+01:00,0.0
2026-02-16T06:00:00+01:00,0.0
2026-02-16T06:15:00+01:00,0.0
2026-02-16T06:30:00+01:00,0.0
2026-02-16T06:45:00+01:00,3.092134
2026-02-16T07:00:00+01:00,4.344986
2026-02-16T07:15:00+01:00,3.477957
2026-02-16T07:30:00+01:00,4.698542
2026-02-16T07:45:00+01:00,4.101581
2026-02-16T08:00:00+01:00,2.56776
2026-02-16T08:15:00+01:00,1.894209
2026-02-16T08:30:00+01:00,4.859243
2026-02-16T08:45:00+01:00,4.295348
2026-02-16T09:00:00+01:00,3.38168
2026-02-16T09:15:00+01:00,3.65912
2026-02-16T09:30:00+01:00,3.42552
2026-02-16T09:45:00+01:00,0.376221
2026-02-16T10:00:00+01:00,2.546819
2026-02-16T10:15:00+01:00,5.00504
2026-02-16T10:30:00+01:00,5.93592
2026-02-16T10:45:00+01:00,5.501184
2026-02-16T11:00:00+01:00,4.430496
2026-02-16T11:15:00+01:00,3.67792
2026-02-16T11:30:00+01:00,5.21784
2026-02-16T11:45:00+01:00,5.840901
2026-02-16T12:00:00+01:00,5.606299
2026-02-16T12:15:00+01:00,5.546665
2026-02-16T12:30:00+01:00,4.589575
2026-02-16T12:45:00+01:00,0.488927
2026-02-16T13:00:00+01:00,1.66105
2026-02-16T13:15:00+01:00,4.722503
2026-02-16T13:30:00+01:00,5.309337
2026-02-16T13:45:00+01:00,5.838183
2026-02-16T14:00:00+01:00,5.11416
2026-02-16T14:15:00+01:00,5.92952
2026-02-16T14:30:00+01:00,5.94216
2026-02-16T14:45:00+01:00,5.94984
2026-02-16T15:00:00+01:00,5.95416
2026-02-16T15:15:00+01:00,5.77168
2026-02-16T15:30:00+01:00,5.77168
2026-02-16T15:45:00+01:00,5.78464
2026-02-16T16:00:00+01:00,5.95968
2026-02-16T16:15:00+01:00,5.81064
2026-02-16T16:30:00+01:00,3.291134
2026-02-16T16:45:00+01:00,5.441266
2026-02-16T17:00:00+01:00,5.39448
2026-02-16T17:15:00+01:00,5.279237
2026-02-16T17:30:00+01:00,5.898923
2026-02-16T17:45:00+01:00,5.625056
2026-02-16T18:00:00+01:00,5.501344
2026-02-16T18:15:00+01:00,4.005513
2026-02-16T18:30:00+01:00,0.285927
2026-02-16T18:45:00+01:00,0.0
2026-02-16T19:00:00+01:00,0.01288
2026-02-16T19:15:00+01:00,0.8068
2026-02-16T19:30:00+01:00,2.51832
2026-02-16T19:45:00+01:00,1.92536
2026-02-16T20:00:00+01:00,2.39744
2026-02-16T20:15:00+01:00,4.28552
2026-02-16T20:30:00+01:00,5.820457
2026-02-16T20:45:00+01:00,5.571063
2026-02-16T21:00:00+01:00,5.36496
2026-02-16T21:15:00+01:00,4.036
2026-02-16T21:30:00+01:00,5.18
2026-02-16T21:45:00+01:00,4.86328
2026-02-16T22:00:00+01:00,3.69608
2026-02-16T22:15:00+01:00,0.87784
2026-02-16T22:30:00+01:00,2.62032
2026-02-16T22:45:00+01:00,1.07568
2026-02-16T23:00:00+01:00,0.0
2026-02-16T23:15:00+01:00,0.0
2026-02-16T23:30:00+01:00,0.0
2026-02-16T23:45:00+01:00,0.042154
2026-02-17T00:00:00+01:00,0.767759
2026-02-17T00:15:00+01:00,1.054087
2026-02-17T00:30:00+01:00,1.1048
2026-02-17T00:45:00+01:00,2.772056
2026-02-17T01:00:00+01:00,3.068584
2026-02-17T01:15:00+01:00,3.242467
2026-02-17T01:30:00+01:00,1.741293
2026-02-17T01:45:00+01:00,4.004647
2026-02-17T02:00:00+01:00,0.714153
2026-02-17T02:15:00+01:00,0.0
2026-02-17T02:30:00+01:00,0.0
2026-02-17T02:45:00+01:00,1.3048
2026-02-17T03:00:00+01:00,1.44864
2026-02-17T03:15:00+01:00,2.417731
2026-02-17T03:30:00+01:00,3.839652
2026-02-17T03:45:00+01:00,3.505284
2026-02-17T04:00:00+01:00,0.271893
2026-02-17T04:15:00+01:00,0.0
2026-02-17T04:30:00+01:00,0.0
2026-02-17T04:45:00+01:00,0.174114
2026-02-17T05:00:00+01:00,0.205886
2026-02-17T05:15:00+01:00,0.0
2026-02-17T05:30:00+01:00,0.42
2026-02-17T05:45:00+01:00,0.0
2026-02-17T06:00:00+01:00,0.0
2026-02-17T06:15:00+01:00,0.0
2026-02-17T06:30:00+01:00,0.561209
2026-02-17T06:45:00+01:00,2.357271
2026-02-17T07:00:00+01:00,4.4932
2026-02-17T07:15:00+01:00,4.342778
2026-02-17T07:30:00+01:00,3.472982
2026-02-17T07:45:00+01:00,5.36304
2026-02-17T08:00:00+01:00,5.72192
2026-02-17T08:15:00+01:00,5.86264
2026-02-17T08:30:00+01:00,5.92432
2026-02-17T08:45:00+01:00,5.885225
2026-02-17T09:00:00+01:00,5.903803
2026-02-17T09:15:00+01:00,5.987666
2026-02-17T09:30:00+01:00,5.285866
2026-02-17T09:45:00+01:00,3.82152
2026-02-17T10:00:00+01:00,5.235337
2026-02-17T10:15:00+01:00,5.189863
2026-02-17T10:30:00+01:00,4.39443
2026-02-17T10:45:00+01:00,5.732372
2026-02-17T11:00:00+01:00,5.948158
2026-02-17T11:15:00+01:00,5.20472
2026-02-17T11:30:00+01:00,4.97936
2026-02-17T11:45:00+01:00,5.63032
2026-02-17T12:00:00+01:00,4.66704
2026-02-17T12:15:00+01:00,4.1568
2026-02-17T12:30:00+01:00,2.0428
2026-02-17T12:45:00+01:00,2.42792
2026-02-17T13:00:00+01:00,2.67736
2026-02-17T13:15:00+01:00,3.320381
2026-02-17T13:30:00+01:00,3.830579
2026-02-17T13:45:00+01:00,2.931468
2026-02-17T14:00:00+01:00,3.774261
2026-02-17T14:15:00+01:00,5.835551
2026-02-17T14:30:00+01:00,5.986784
2026-02-17T14:45:00+01:00,5.976332
2026-02-17T15:00:00+01:00,6.0
2026-02-17T15:15:00+01:00,5.98
2026-02-17T15:30:00+01:00,5.714339
2026-02-17T15:45:00+01:00,6.026545
2026-02-17T16:00:00+01:00,5.99016
2026-02-17T16:15:00+01:00,6.000956
2026-02-17T16:30:00+01:00,5.978166
2026-02-17T16:45:00+01:00,5.976
2026-02-17T17:00:00+01:00,5.980558
2026-02-17T17:15:00+01:00,5.720611
2026-02-17T17:30:00+01:00,5.913229
2026-02-17T17:45:00+01:00,5.35327
2026-02-17T18:00:00+01:00,5.99905
2026-02-17T18:15:00+01:00,5.89424
2026-02-17T18:30:00+01:00,5.6484
2026-02-17T18:45:00+01:00,4.34088
2026-02-17T19:00:00+01:00,1.04
2026-02-17T19:15:00+01:00,3.73032
2026-02-17T19:30:00+01:00,5.828
2026-02-17T19:45:00+01:00,5.83691
2026-02-17T20:00:00+01:00,5.89357
2026-02-17T20:15:00+01:00,5.96952
2026-02-17T20:30:00+01:00,6.01384
2026-02-17T20:45:00+01:00,6.000715
2026-02-17T21:00:00+01:00,6.003605
2026-02-17T21:15:00+01:00,5.99784
2026-02-17T21:30:00+01:00,5.7808
2026-02-17T21:45:00+01:00,4.852832
2026-02-17T22:00:00+01:00,0.782368
2026-02-17T22:15:00+01:00,0.0
2026-02-17T22:30:00+01:00,0.0
2026-02-17T22:45:00+01:00,0.0
2026-02-17T23:00:00+01:00,0.34776
2026-02-17T23:15:00+01:00,2.043429
2026-02-17T23:30:00+01:00,2.1955
2026-02-17T23:45:00+01:00,1.310991
2026-02-18T00:00:00+01:00,2.72208
2026-02-18T00:15:00+01:00,1.056506
2026-02-18T00:30:00+01:00,2.025254
2026-02-18T00:45:00+01:00,0.73848
2026-02-18T01:00:00+01:00,0.0
2026-02-18T01:15:00+01:00,0.0
2026-02-18T01:30:00+01:00,1.0044
2026-02-18T01:45:00+01:00,0.93032
2026-02-18T02:00:00+01:00,1.40128
2026-02-18T02:15:00+01:00,0.0
2026-02-18T02:30:00+01:00,0.0
2026-02-18T02:45:00+01:00,1.58024
2026-02-18T03:00:00+01:00,1.73432
2026-02-18T03:15:00+01:00,1.95016
2026-02-18T03:30:00+01:00,2.22008
2026-02-18T03:45:00+01:00,2.76944
2026-02-18T04:00:00+01:00,1.93464
2026-02-18T04:15:00+01:00,2.002
2026-02-18T04:30:00+01:00,1.71832
2026-02-18T04:45:00+01:00,0.9348
2026-02-18T05:00:00+01:00,0.656
2026-02-18T05:15:00+01:00,1.67168
2026-02-18T05:30:00+01:00,0.59632
2026-02-18T05:45:00+01:00,0.85224
2026-02-18T06:00:00+01:00,4.38344
2026-02-18T06:15:00+01:00,6.014541
2026-02-18T06:30:00+01:00,6.003666
2026-02-18T06:45:00+01:00,6.028
2026-02-18T07:00:00+01:00,6.031666
2026-02-18T07:15:00+01:00,6.047968
2026-02-18T07:30:00+01:00,6.036925
2026-02-18T07:45:00+01:00,6.000664
2026-02-18T08:00:00+01:00,6.035003
2026-02-18T08:15:00+01:00,5.981167
2026-02-18T08:30:00+01:00,5.51312
2026-02-18T08:45:00+01:00,4.79576
2026-02-18T09:00:00+01:00,5.01464
2026-02-18T09:15:00+01:00,5.6984
2026-02-18T09:30:00+01:00,5.8488
2026-02-18T09:45:00+01:00,2.88168
2026-02-18T10:00:00+01:00,4.96568
2026-02-18T10:15:00+01:00,4.20256
2026-02-18T10:30:00+01:00,5.36576
2026-02-18T10:45:00+01:00,4.69016
2026-02-18T11:00:00+01:00,5.5376
2026-02-18T11:15:00+01:00,5.59208
2026-02-18T11:30:00+01:00,6.04064
2026-02-18T11:45:00+01:00,5.94056
2026-02-18T12:00:00+01:00,6.06096
2026-02-18T12:15:00+01:00,5.92768
2026-02-18T12:30:00+01:00,5.79968
2026-02-18T12:45:00+01:00,4.922244
2026-02-18T13:00:00+01:00,4.846236
2026-02-18T13:15:00+01:00,5.87768
2026-02-18T13:30:00+01:00,6.028686
2026-02-18T13:45:00+01:00,5.344843
2026-02-18T14:00:00+01:00,2.327831
2026-02-18T14:15:00+01:00,2.763393
2026-02-18T14:30:00+01:00,5.425407
2026-02-18T14:45:00+01:00,5.958553
2026-02-18T15:00:00+01:00,5.732167
2026-02-18T15:15:00+01:00,4.88687
2026-02-18T15:30:00+01:00,5.33089
2026-02-18T15:45:00+01:00,5.64384
2026-02-18T16:00:00+01:00,5.87143
2026-02-18T16:15:00+01:00,6.01841
2026-02-18T16:30:00+01:00,6.023091
2026-02-18T16:45:00+01:00,6.023069
2026-02-18T17:00:00+01:00,6.01416
2026-02-18T17:15:00+01:00,6.00984
2026-02-18T17:30:00+01:00,5.97032
2026-02-18T17:45:00+01:00,5.98568
2026-02-18T18:00:00+01:00,6.03416
2026-02-18T18:15:00+01:00,6.03168
2026-02-18T18:30:00+01:00,5.74832
2026-02-18T18:45:00+01:00,4.91808
2026-02-18T19:00:00+01:00,4.08024
2026-02-18T19:15:00+01:00,5.2592
2026-02-18T19:30:00+01:00,6.04432
2026-02-18T19:45:00+01:00,5.929872
2026-02-18T20:00:00+01:00,6.118997
2026-02-18T20:15:00+01:00,5.415292
2026-02-18T20:30:00+01:00,5.19856
2026-02-18T20:45:00+01:00,6.086148
2026-02-18T21:00:00+01:00,6.055132
2026-02-18T21:15:00+01:00,5.953537
2026-02-18T21:30:00+01:00,6.048303
2026-02-18T21:45:00+01:00,4.10024
2026-02-18T22:00:00+01:00,0.75024
2026-02-18T22:15:00+01:00,0.0
2026-02-18T22:30:00+01:00,0.0
2026-02-18T22:45:00+01:00,0.0
2026-02-18T23:00:00+01:00,0.0
2026-02-18T23:15:00+01:00,0.0
2026-02-18T23:30:00+01:00,0.0
2026-02-18T23:45:00+01:00,0.0
2026-02-19T00:00:00+01:00,0.0
2026-02-19T00:15:00+01:00,0.0
2026-02-19T00:30:00+01:00,0.0
2026-02-19T00:45:00+01:00,0.0
2026-02-19T01:00:00+01:00,0.0
2026-02-19T01:15:00+01:00,0.0
2026-02-19T01:30:00+01:00,0.0
2026-02-19T01:45:00+01:00,0.0
2026-02-19T02:00:00+01:00,0.0
2026-02-19T02:15:00+01:00,0.0
2026-02-19T02:30:00+01:00,0.0
2026-02-19T02:45:00+01:00,0.0
2026-02-19T03:00:00+01:00,0.0
2026-02-19T03:15:00+01:00,0.0
2026-02-19T03:30:00+01:00,0.0
2026-02-19T03:45:00+01:00,0.0
2026-02-19T04:00:00+01:00,0.0
2026-02-19T04:15:00+01:00,0.0
2026-02-19T04:30:00+01:00,0.0
2026-02-19T04:45:00+01:00,0.0
2026-02-19T05:00:00+01:00,0.0
2026-02-19T05:15:00+01:00,0.01656
2026-02-19T05:30:00+01:00,1.158988
2026-02-19T05:45:00+01:00,2.630612
2026-02-19T06:00:00+01:00,4.966106
2026-02-19T06:15:00+01:00,5.617894
2026-02-19T06:30:00+01:00,6.01752
2026-02-19T06:45:00+01:00,5.8544
2026-02-19T07:00:00+01:00,5.6976
2026-02-19T07:15:00+01:00,5.44616
2026-02-19T07:30:00+01:00,6.00832
2026-02-19T07:45:00+01:00,6.01568
2026-02-19T08:00:00+01:00,6.01448
2026-02-19T08:15:00+01:00,6.0252
2026-02-19T08:30:00+01:00,6.04152
2026-02-19T08:45:00+01:00,6.03848
2026-02-19T09:00:00+01:00,6.04184
2026-02-19T09:15:00+01:00,6.0108
2026-02-19T09:30:00+01:00,6.005559
2026-02-19T09:45:00+01:00,5.593498
2026-02-19T10:00:00+01:00,6.023171
2026-02-19T10:15:00+01:00,6.019612
2026-02-19T10:30:00+01:00,6.00584
2026-02-19T10:45:00+01:00,5.99232
2026-02-19T11:00:00+01:00,5.988
2026-02-19T11:15:00+01:00,5.988395
2026-02-19T11:30:00+01:00,5.997445
2026-02-19T11:45:00+01:00,5.886777
2026-02-19T12:00:00+01:00,6.007063
2026-02-19T12:15:00+01:00,5.987104
2026-02-19T12:30:00+01:00,4.560016
2026-02-19T12:45:00+01:00,0.86544
2026-02-19T13:00:00+01:00,0.6976
2026-02-19T13:15:00+01:00,3.80736
2026-02-19T13:30:00+01:00,5.7972
2026-02-19T13:45:00+01:00,4.83944
2026-02-19T14:00:00+01:00,1.256
2026-02-19T14:15:00+01:00,1.72376
2026-02-19T14:30:00+01:00,5.390499
2026-02-19T14:45:00+01:00,5.576781
2026-02-19T15:00:00+01:00,5.87848
2026-02-19T15:15:00+01:00,5.82216
2026-02-19T15:30:00+01:00,6.01632
2026-02-19T15:45:00+01:00,6.01568
2026-02-19T16:00:00+01:00,6.006541
2026-02-19T16:15:00+01:00,6.021459
2026-02-19T16:30:00+01:00,5.89416
2026-02-19T16:45:00+01:00,5.992937
2026-02-19T17:00:00+01:00,4.768743
2026-02-19T17:15:00+01:00,4.17288
2026-02-19T17:30:00+01:00,5.016544
2026-02-19T17:45:00+01:00,6.018736
2026-02-19T18:00:00+01:00,6.00064
2026-02-19T18:15:00+01:00,6.03136
2026-02-19T18:30:00+01:00,5.427616
2026-02-19T18:45:00+01:00,2.225104
2026-02-19T19:00:00+01:00,3.18776
2026-02-19T19:15:00+01:00,5.696119
2026-02-19T19:30:00+01:00,6.038166
2026-02-19T19:45:00+01:00,6.031668
2026-02-19T20:00:00+01:00,6.048
2026-02-19T20:15:00+01:00,6.072837
2026-02-19T20:30:00+01:00,6.06625
2026-02-19T20:45:00+01:00,6.05784
2026-02-19T21:00:00+01:00,5.96832
2026-02-19T21:15:00+01:00,6.045251
2026-02-19T21:30:00+01:00,5.895309
2026-02-19T21:45:00+01:00,4.550764
2026-02-19T22:00:00+01:00,1.569316
2026-02-19T22:15:00+01:00,0.17296
2026-02-19T22:30:00+01:00,1.41368
2026-02-19T22:45:00+01:00,1.01336
2026-02-19T23:00:00+01:00,0.576
2026-02-19T23:15:00+01:00,1.112
2026-02-19T23:30:00+01:00,0.0
2026-02-19T23:45:00+01:00,0.0
2026-02-20T00:00:00+01:00,0.0
2026-02-20T00:15:00+01:00,0.0
2026-02-20T00:30:00+01:00,0.30885
2026-02-20T00:45:00+01:00,0.885223
2026-02-20T01:00:00+01:00,1.605447
2026-02-20T01:15:00+01:00,0.58848
2026-02-20T01:30:00+01:00,0.0
2026-02-20T01:45:00+01:00,0.0
2026-02-20T02:00:00+01:00,0.0
2026-02-20T02:15:00+01:00,0.0
2026-02-20T02:30:00+01:00,0.0
2026-02-20T02:45:00+01:00,1.38272
2026-02-20T03:00:00+01:00,1.21328
2026-02-20T03:15:00+01:00,0.9112
2026-02-20T03:30:00+01:00,0.2808
2026-02-20T03:45:00+01:00,0.0
2026-02-20T04:00:00+01:00,2.08112
2026-02-20T04:15:00+01:00,2.441796
2026-02-20T04:30:00+01:00,1.769644
2026-02-20T04:45:00+01:00,3.149128
2026-02-20T05:00:00+01:00,2.412279
2026-02-20T05:15:00+01:00,3.498033
2026-02-20T05:30:00+01:00,0.0
2026-02-20T05:45:00+01:00,2.954113
2026-02-20T06:00:00+01:00,6.068607
2026-02-20T06:15:00+01:00,6.06648
2026-02-20T06:30:00+01:00,6.08368
2026-02-20T06:45:00+01:00,6.084
2026-02-20T07:00:00+01:00,6.08648
2026-02-20T07:15:00+01:00,6.07968
2026-02-20T07:30:00+01:00,6.08952
2026-02-20T07:45:00+01:00,6.09448
2026-02-20T08:00:00+01:00,6.08768
2026-02-20T08:15:00+01:00,6.08616
2026-02-20T08:30:00+01:00,6.08584
2026-02-20T08:45:00+01:00,6.072665
2026-02-20T09:00:00+01:00,6.083335
2026-02-20T09:15:00+01:00,6.08064
2026-02-20T09:30:00+01:00,6.087356
2026-02-20T09:45:00+01:00,5.849498
2026-02-20T10:00:00+01:00,6.105003
2026-02-20T10:15:00+01:00,6.103663
2026-02-20T10:30:00+01:00,6.072337
2026-02-20T10:45:00+01:00,6.066167
2026-02-20T11:00:00+01:00,6.067655
2026-02-20T11:15:00+01:00,4.72088
2026-02-20T11:30:00+01:00,5.00528
2026-02-20T11:45:00+01:00,5.126388
2026-02-20T12:00:00+01:00,4.277532
2026-02-20T12:15:00+01:00,5.50224
2026-02-20T12:30:00+01:00,6.031085
2026-02-20T12:45:00+01:00,6.048915
2026-02-20T13:00:00+01:00,6.0612
2026-02-20T13:15:00+01:00,6.06096
2026-02-20T13:30:00+01:00,6.05384
2026-02-20T13:45:00+01:00,6.04584
2026-02-20T14:00:00+01:00,6.05016
2026-02-20T14:15:00+01:00,6.068
2026-02-20T14:30:00+01:00,6.03632
2026-02-20T14:45:00+01:00,6.04952
2026-02-20T15:00:00+01:00,6.04432
2026-02-20T15:15:00+01:00,6.05168
2026-02-20T15:30:00+01:00,6.05016
2026-02-20T15:45:00+01:00,6.05168
2026-02-20T16:00:00+01:00,6.04832
2026-02-20T16:15:00+01:00,6.044
2026-02-20T16:30:00+01:00,6.05168
2026-02-20T16:45:00+01:00,6.03448
2026-02-20T17:00:00+01:00,6.048366
2026-02-20T17:15:00+01:00,6.069833
2026-02-20T17:30:00+01:00,6.061481
2026-02-20T17:45:00+01:00,6.052352
2026-02-20T18:00:00+01:00,6.043648
2026-02-20T18:15:00+01:00,6.06616
2026-02-20T18:30:00+01:00,5.5492
2026-02-20T18:45:00+01:00,3.047815
2026-02-20T19:00:00+01:00,2.918154
2026-02-20T19:15:00+01:00,4.736054
2026-02-20T19:30:00+01:00,4.975498
2026-02-20T19:45:00+01:00,5.19768
2026-02-20T20:00:00+01:00,2.44912
2026-02-20T20:15:00+01:00,3.016117
2026-02-20T20:30:00+01:00,2.826923
2026-02-20T20:45:00+01:00,4.81328
2026-02-20T21:00:00+01:00,3.217803
2026-02-20T21:15:00+01:00,0.012997
2026-02-20T21:30:00+01:00,0.0
2026-02-20T21:45:00+01:00,0.0
2026-02-20T22:00:00+01:00,0.0
2026-02-20T22:15:00+01:00,0.0
2026-02-20T22:30:00+01:00,0.0
2026-02-20T22:45:00+01:00,0.0
2026-02-20T23:00:00+01:00,0.0
2026-02-20T23:15:00+01:00,0.0
2026-02-20T23:30:00+01:00,0.0
2026-02-20T23:45:00+01:00,0.0
2026-02-21T00:00:00+01:00,0.0
2026-02-21T00:15:00+01:00,0.0
2026-02-21T00:30:00+01:00,0.0
2026-02-21T00:45:00+01:00,0.0
2026-02-21T01:00:00+01:00,0.0
2026-02-21T01:15:00+01:00,0.0
2026-02-21T01:30:00+01:00,0.0
2026-02-21T01:45:00+01:00,0.0
2026-02-21T02:00:00+01:00,0.0
2026-02-21T02:15:00+01:00,0.0
2026-02-21T02:30:00+01:00,0.0
2026-02-21T02:45:00+01:00,0.0
2026-02-21T03:00:00+01:00,0.0
2026-02-21T03:15:00+01:00,0.0
2026-02-21T03:30:00+01:00,0.0
2026-02-21T03:45:00+01:00,0.0
2026-02-21T04:00:00+01:00,0.0
2026-02-21T04:15:00+01:00,0.0
2026-02-21T04:30:00+01:00,0.0
2026-02-21T04:45:00+01:00,0.0
2026-02-21T05:00:00+01:00,0.0
2026-02-21T05:15:00+01:00,0.0
2026-02-21T05:30:00+01:00,0.0
2026-02-21T05:45:00+01:00,0.0
2026-02-21T06:00:00+01:00,0.0
2026-02-21T06:15:00+01:00,0.0
2026-02-21T06:30:00+01:00,0.0
2026-02-21T06:45:00+01:00,0.0
2026-02-21T07:00:00+01:00,0.0
2026-02-21T07:15:00+01:00,0.0
2026-02-21T07:30:00+01:00,0.0
2026-02-21T07:45:00+01:00,0.0
2026-02-21T08:00:00+01:00,0.0
2026-02-21T08:15:00+01:00,0.0
2026-02-21T08:30:00+01:00,0.0
2026-02-21T08:45:00+01:00,0.0
2026-02-21T09:00:00+01:00,0.0
2026-02-21T09:15:00+01:00,0.0
2026-02-21T09:30:00+01:00,0.0
2026-02-21T09:45:00+01:00,0.0
2026-02-21T10:00:00+01:00,0.0
2026-02-21T10:15:00+01:00,0.0
2026-02-21T10:30:00+01:00,0.0
2026-02-21T10:45:00+01:00,0.0
2026-02-21T11:00:00+01:00,0.0
2026-02-21T11:15:00+01:00,0.0
2026-02-21T11:30:00+01:00,0.0
2026-02-21T11:45:00+01:00,0.0
2026-02-21T12:00:00+01:00,0.0
2026-02-21T12:15:00+01:00,0.0
2026-02-21T12:30:00+01:00,0.0
2026-02-21T12:45:00+01:00,0.0
2026-02-21T13:00:00+01:00,0.0
2026-02-21T13:15:00+01:00,0.0
2026-02-21T13:30:00+01:00,0.0
2026-02-21T13:45:00+01:00,0.0
2026-02-21T14:00:00+01:00,0.0
2026-02-21T14:15:00+01:00,0.0
2026-02-21T14:30:00+01:00,0.0
2026-02-21T14:45:00+01:00,0.0
2026-02-21T15:00:00+01:00,0.0
2026-02-21T15:15:00+01:00,0.0
2026-02-21T15:30:00+01:00,0.0
2026-02-21T15:45:00+01:00,0.0
2026-02-21T16:00:00+01:00,0.0
2026-02-21T16:15:00+01:00,0.0
2026-02-21T16:30:00+01:00,0.0
2026-02-21T16:45:00+01:00,0.0
2026-02-21T17:00:00+01:00,0.0
2026-02-21T17:15:00+01:00,0.0
2026-02-21T17:30:00+01:00,0.0
2026-02-21T17:45:00+01:00,0.0
2026-02-21T18:00:00+01:00,0.0
2026-02-21T18:15:00+01:00,0.0
2026-02-21T18:30:00+01:00,0.0
2026-02-21T18:45:00+01:00,0.0
2026-02-21T19:00:00+01:00,0.0
2026-02-21T19:15:00+01:00,0.0
2026-02-21T19:30:00+01:00,0.0
2026-02-21T19:45:00+01:00,0.0
2026-02-21T20:00:00+01:00,0.0
2026-02-21T20:15:00+01:00,0.0
2026-02-21T20:30:00+01:00,0.0
2026-02-21T20:45:00+01:00,0.0
2026-02-21T21:00:00+01:00,0.0
2026-02-21T21:15:00+01:00,0.0
2026-02-21T21:30:00+01:00,0.0
2026-02-21T21:45:00+01:00,0.0
2026-02-21T22:00:00+01:00,0.0
2026-02-21T22:15:00+01:00,0.0
2026-02-21T22:30:00+01:00,0.0
2026-02-21T22:45:00+01:00,0.0
2026-02-21T23:00:00+01:00,0.0
2026-02-21T23:15:00+01:00,0.0
2026-02-21T23:30:00+01:00,0.0
2026-02-21T23:45:00+01:00,0.0
2026-02-22T00:00:00+01:00,0.0
2026-02-22T00:15:00+01:00,0.0
2026-02-22T00:30:00+01:00,0.0
2026-02-22T00:45:00+01:00,0.0
2026-02-22T01:00:00+01:00,0.0
2026-02-22T01:15:00+01:00,0.0
2026-02-22T01:30:00+01:00,0.0
2026-02-22T01:45:00+01:00,0.0
2026-02-22T02:00:00+01:00,0.0
2026-02-22T02:15:00+01:00,0.0
2026-02-22T02:30:00+01:00,0.0
2026-02-22T02:45:00+01:00,0.0
2026-02-22T03:00:00+01:00,0.0
2026-02-22T03:15:00+01:00,0.0
2026-02-22T03:30:00+01:00,0.0
2026-02-22T03:45:00+01:00,0.0
2026-02-22T04:00:00+01:00,0.0
2026-02-22T04:15:00+01:00,0.0
2026-02-22T04:30:00+01:00,0.0
2026-02-22T04:45:00+01:00,0.0
2026-02-22T05:00:00+01:00,0.0
2026-02-22T05:15:00+01:00,0.0
2026-02-22T05:30:00+01:00,0.0
2026-02-22T05:45:00+01:00,0.0
2026-02-22T06:00:00+01:00,0.0
2026-02-22T06:15:00+01:00,0.0
2026-02-22T06:30:00+01:00,0.0
2026-02-22T06:45:00+01:00,0.0
2026-02-22T07:00:00+01:00,0.0
2026-02-22T07:15:00+01:00,0.0
2026-02-22T07:30:00+01:00,0.0
2026-02-22T07:45:00+01:00,0.0
2026-02-22T08:00:00+01:00,0.0
2026-02-22T08:15:00+01:00,0.0
2026-02-22T08:30:00+01:00,0.0
2026-02-22T08:45:00+01:00,0.0
2026-02-22T09:00:00+01:00,0.0
2026-02-22T09:15:00+01:00,0.0
2026-02-22T09:30:00+01:00,0.0
2026-02-22T09:45:00+01:00,0.0
2026-02-22T10:00:00+01:00,0.0
2026-02-22T10:15:00+01:00,0.0
2026-02-22T10:30:00+01:00,0.0
2026-02-22T10:45:00+01:00,0.0
2026-02-22T11:00:00+01:00,0.0
2026-02-22T11:15:00+01:00,0.0
2026-02-22T11:30:00+01:00,0.0
2026-02-22T11:45:00+01:00,0.0
2026-02-22T12:00:00+01:00,0.0
2026-02-22T12:15:00+01:00,0.0
2026-02-22T12:30:00+01:00,0.0
2026-02-22T12:45:00+01:00,0.0
2026-02-22T13:00:00+01:00,0.0
2026-02-22T13:15:00+01:00,0.0
2026-02-22T13:30:00+01:00,0.0
2026-02-22T13:45:00+01:00,0.0
2026-02-22T14:00:00+01:00,0.0
2026-02-22T14:15:00+01:00,0.0
2026-02-22T14:30:00+01:00,0.0
2026-02-22T14:45:00+01:00,0.0
2026-02-22T15:00:00+01:00,0.0
2026-02-22T15:15:00+01:00,0.0
2026-02-22T15:30:00+01:00,0.0
2026-02-22T15:45:00+01:00,0.0
2026-02-22T16:00:00+01:00,0.0
2026-02-22T16:15:00+01:00,0.0
2026-02-22T16:30:00+01:00,0.0
2026-02-22T16:45:00+01:00,0.0
2026-02-22T17:00:00+01:00,0.0
2026-02-22T17:15:00+01:00,0.0
2026-02-22T17:30:00+01:00,0.0
2026-02-22T17:45:00+01:00,0.0
2026-02-22T18:00:00+01:00,0.0
2026-02-22T18:15:00+01:00,0.0
2026-02-22T18:30:00+01:00,0.0
2026-02-22T18:45:00+01:00,0.0
2026-02-22T19:00:00+01:00,0.0
2026-02-22T19:15:00+01:00,0.0
2026-02-22T19:30:00+01:00,0.0
2026-02-22T19:45:00+01:00,0.0
2026-02-22T20:00:00+01:00,0.0
2026-02-22T20:15:00+01:00,0.0
2026-02-22T20:30:00+01:00,0.0
2026-02-22T20:45:00+01:00,0.0
2026-02-22T21:00:00+01:00,0.0
2026-02-22T21:15:00+01:00,0.0
2026-02-22T21:30:00+01:00,0.0
2026-02-22T21:45:00+01:00,0.0
2026-02-22T22:00:00+01:00,0.0
2026-02-22T22:15:00+01:00,0.0
2026-02-22T22:30:00+01:00,0.515331
2026-02-22T22:45:00+01:00,3.088349
2026-02-22T23:00:00+01:00,2.906499
2026-02-22T23:15:00+01:00,3.853459
2026-02-22T23:30:00+01:00,5.489244
2026-02-22T23:45:00+01:00,5.172237
2026-02-23T00:00:00+01:00,4.71192
2026-02-23T00:15:00+01:00,5.04992
2026-02-23T00:30:00+01:00,3.00809
2026-02-23T00:45:00+01:00,2.967492
2026-02-23T01:00:00+01:00,4.858738
2026-02-23T01:15:00+01:00,4.685497
2026-02-23T01:30:00+01:00,5.337422
2026-02-23T01:45:00+01:00,4.292478
2026-02-23T02:00:00+01:00,2.394202
2026-02-23T02:15:00+01:00,1.0568
2026-02-23T02:30:00+01:00,0.44432
2026-02-23T02:45:00+01:00,3.14696
2026-02-23T03:00:00+01:00,2.56488
2026-02-23T03:15:00+01:00,2.48704
2026-02-23T03:30:00+01:00,3.89392
2026-02-23T03:45:00+01:00,4.88448
2026-02-23T04:00:00+01:00,5.18608
2026-02-23T04:15:00+01:00,5.383112
2026-02-23T04:30:00+01:00,4.155056
2026-02-23T04:45:00+01:00,1.362472
2026-02-23T05:00:00+01:00,1.43712
2026-02-23T05:15:00+01:00,2.60528
2026-02-23T05:30:00+01:00,0.8736
2026-02-23T05:45:00+01:00,0.0
2026-02-23T06:00:00+01:00,0.83664
2026-02-23T06:15:00+01:00,1.4216
2026-02-23T06:30:00+01:00,4.73096
2026-02-23T06:45:00+01:00,5.77632
2026-02-23T07:00:00+01:00,5.9288
2026-02-23T07:15:00+01:00,5.91648
2026-02-23T07:30:00+01:00,5.462
2026-02-23T07:45:00+01:00,5.4364
2026-02-23T08:00:00+01:00,5.98928
2026-02-23T08:15:00+01:00,5.96368
2026-02-23T08:30:00+01:00,4.99704
2026-02-23T08:45:00+01:00,5.7248
2026-02-23T09:00:00+01:00,5.796
2026-02-23T09:15:00+01:00,5.99048
2026-02-23T09:30:00+01:00,6.00896
2026-02-23T09:45:00+01:00,4.549416
2026-02-23T10:00:00+01:00,4.60289
2026-02-23T10:15:00+01:00,4.893934
2026-02-23T10:30:00+01:00,3.79344
2026-02-23T10:45:00+01:00,3.820867
2026-02-23T11:00:00+01:00,2.993231
2026-02-23T11:15:00+01:00,3.118543
2026-02-23T11:30:00+01:00,2.733123
2026-02-23T11:45:00+01:00,1.042477
2026-02-23T12:00:00+01:00,2.381265
2026-02-23T12:15:00+01:00,2.897701
2026-02-23T12:30:00+01:00,2.742432
2026-02-23T12:45:00+01:00,2.248603
2026-02-23T13:00:00+01:00,2.04576
2026-02-23T13:15:00+01:00,1.92744
2026-02-23T13:30:00+01:00,3.20096
2026-02-23T13:45:00+01:00,4.94104
2026-02-23T14:00:00+01:00,4.73552
2026-02-23T14:15:00+01:00,4.24904
2026-02-23T14:30:00+01:00,5.79656
2026-02-23T14:45:00+01:00,5.77816
2026-02-23T15:00:00+01:00,5.83105
2026-02-23T15:15:00+01:00,5.98143
2026-02-23T15:30:00+01:00,5.986235
2026-02-23T15:45:00+01:00,5.91386
2026-02-23T16:00:00+01:00,5.897745
2026-02-23T16:15:00+01:00,5.996395
2026-02-23T16:30:00+01:00,5.999666
2026-02-23T16:45:00+01:00,6.008334
2026-02-23T17:00:00+01:00,6.005164
2026-02-23T17:15:00+01:00,5.773081
2026-02-23T17:30:00+01:00,3.726652
2026-02-23T17:45:00+01:00,5.783908
2026-02-23T18:00:00+01:00,6.005028
2026-02-23T18:15:00+01:00,6.013772
2026-02-23T18:30:00+01:00,5.16944
2026-02-23T18:45:00+01:00,1.950955
2026-02-23T19:00:00+01:00,2.135765
2026-02-23T19:15:00+01:00,5.44968
2026-02-23T19:30:00+01:00,6.012611
2026-02-23T19:45:00+01:00,6.036909
2026-02-23T20:00:00+01:00,6.012
2026-02-23T20:15:00+01:00,5.79048
2026-02-23T20:30:00+01:00,6.0172
2026-02-23T20:45:00+01:00,6.064
2026-02-23T21:00:00+01:00,6.00864
2026-02-23T21:15:00+01:00,6.02184
2026-02-23T21:30:00+01:00,6.01264
2026-02-23T21:45:00+01:00,6.01136
2026-02-23T22:00:00+01:00,4.01752
2026-02-23T22:15:00+01:00,3.502854
2026-02-23T22:30:00+01:00,5.974906
2026-02-23T22:45:00+01:00,4.93816
2026-02-23T23:00:00+01:00,4.37752
2026-02-23T23:15:00+01:00,4.48808
2026-02-23T23:30:00+01:00,5.497574
2026-02-23T23:45:00+01:00,2.965066
2026-02-24T00:00:00+01:00,0.06264
2026-02-24T00:15:00+01:00,0.0
2026-02-24T00:30:00+01:00,0.0
2026-02-24T00:45:00+01:00,0.0
2026-02-24T01:00:00+01:00,0.0
2026-02-24T01:15:00+01:00,0.0
2026-02-24T01:30:00+01:00,0.19136
2026-02-24T01:45:00+01:00,0.62864
2026-02-24T02:00:00+01:00,0.412
2026-02-24T02:15:00+01:00,0.58911
2026-02-24T02:30:00+01:00,0.21889
2026-02-24T02:45:00+01:00,0.35696
2026-02-24T03:00:00+01:00,1.922652
2026-02-24T03:15:00+01:00,1.821619
2026-02-24T03:30:00+01:00,2.62111
2026-02-24T03:45:00+01:00,2.406087
2026-02-24T04:00:00+01:00,1.344372
2026-02-24T04:15:00+01:00,1.63384
2026-02-24T04:30:00+01:00,2.30496
2026-02-24T04:45:00+01:00,2.68288
2026-02-24T05:00:00+01:00,4.028377
2026-02-24T05:15:00+01:00,4.731623
2026-02-24T05:30:00+01:00,5.822969
2026-02-24T05:45:00+01:00,5.55814
2026-02-24T06:00:00+01:00,4.978812
2026-02-24T06:15:00+01:00,5.03544
2026-02-24T06:30:00+01:00,6.035104
2026-02-24T06:45:00+01:00,5.469475
2026-02-24T07:00:00+01:00,5.773901
2026-02-24T07:15:00+01:00,5.88952
2026-02-24T07:30:00+01:00,6.010439
2026-02-24T07:45:00+01:00,6.117801
2026-02-24T08:00:00+01:00,5.9708
2026-02-24T08:15:00+01:00,5.951399
2026-02-24T08:30:00+01:00,6.035721
2026-02-24T08:45:00+01:00,6.01568
2026-02-24T09:00:00+01:00,6.04032
2026-02-24T09:15:00+01:00,6.02368
2026-02-24T09:30:00+01:00,5.73952
2026-02-24T09:45:00+01:00,2.16104
2026-02-24T10:00:00+01:00,4.45296
2026-02-24T10:15:00+01:00,6.036
2026-02-24T10:30:00+01:00,6.034519
2026-02-24T10:45:00+01:00,6.033801
2026-02-24T11:00:00+01:00,6.042199
2026-02-24T11:15:00+01:00,6.034167
2026-02-24T11:30:00+01:00,6.035666
2026-02-24T11:45:00+01:00,6.036
2026-02-24T12:00:00+01:00,6.051648
2026-02-24T12:15:00+01:00,6.054519
2026-02-24T12:30:00+01:00,5.925881
2026-02-24T12:45:00+01:00,4.929718
2026-02-24T13:00:00+01:00,4.704642
2026-02-24T13:15:00+01:00,5.7914
2026-02-24T13:30:00+01:00,6.052694
2026-02-24T13:45:00+01:00,6.031626
2026-02-24T14:00:00+01:00,6.028039
2026-02-24T14:15:00+01:00,6.036
2026-02-24T14:30:00+01:00,6.032334
2026-02-24T14:45:00+01:00,5.741866
2026-02-24T15:00:00+01:00,5.666691
2026-02-24T15:15:00+01:00,6.031069
2026-02-24T15:30:00+01:00,6.01416
2026-02-24T15:45:00+01:00,6.028937
2026-02-24T16:00:00+01:00,6.052903
2026-02-24T16:15:00+01:00,6.044
2026-02-24T16:30:00+01:00,6.01016
2026-02-24T16:45:00+01:00,5.129668
2026-02-24T17:00:00+01:00,4.108412
2026-02-24T17:15:00+01:00,5.223509
2026-02-24T17:30:00+01:00,5.967017
2026-02-24T17:45:00+01:00,6.037475
2026-02-24T18:00:00+01:00,5.74728
2026-02-24T18:15:00+01:00,5.7792
2026-02-24T18:30:00+01:00,4.319314
2026-02-24T18:45:00+01:00,2.198618
2026-02-24T19:00:00+01:00,3.841268
2026-02-24T19:15:00+01:00,5.816845
2026-02-24T19:30:00+01:00,6.030166
2026-02-24T19:45:00+01:00,6.075069
2026-02-24T20:00:00+01:00,6.02552
2026-02-24T20:15:00+01:00,6.02832
2026-02-24T20:30:00+01:00,6.048
2026-02-24T20:45:00+01:00,6.04
2026-02-24T21:00:00+01:00,6.044
2026-02-24T21:15:00+01:00,6.04984
2026-02-24T21:30:00+01:00,6.050192
2026-02-24T21:45:00+01:00,5.989408
2026-02-24T22:00:00+01:00,3.900839
2026-02-24T22:15:00+01:00,3.305793
2026-02-24T22:30:00+01:00,3.624888
2026-02-24T22:45:00+01:00,2.716723
2026-02-24T23:00:00+01:00,3.561277
2026-02-24T23:15:00+01:00,3.15392
2026-02-24T23:30:00+01:00,3.36728
2026-02-24T23:45:00+01:00,4.93456
2026-02-25T00:00:00+01:00,5.50976
2026-02-25T00:15:00+01:00,5.072233
2026-02-25T00:30:00+01:00,5.43002
2026-02-25T00:45:00+01:00,5.695348
2026-02-25T01:00:00+01:00,5.23664
2026-02-25T01:15:00+01:00,5.01366
2026-02-25T01:30:00+01:00,4.8437
2026-02-25T01:45:00+01:00,4.91216
2026-02-25T02:00:00+01:00,4.71048
2026-02-25T02:15:00+01:00,3.5092
2026-02-25T02:30:00+01:00,3.81816
2026-02-25T02:45:00+01:00,4.30016
2026-02-25T03:00:00+01:00,4.72912
2026-02-25T03:15:00+01:00,5.47184
2026-02-25T03:30:00+01:00,5.57872
2026-02-25T03:45:00+01:00,5.541443
2026-02-25T04:00:00+01:00,3.720797
2026-02-25T04:15:00+01:00,2.762654
2026-02-25T04:30:00+01:00,4.954226
2026-02-25T04:45:00+01:00,5.87368
2026-02-25T05:00:00+01:00,5.34384
2026-02-25T05:15:00+01:00,5.6928
2026-02-25T05:30:00+01:00,5.46522
2026-02-25T05:45:00+01:00,5.75174
2026-02-25T06:00:00+01:00,6.03752
2026-02-25T06:15:00+01:00,6.052025
2026-02-25T06:30:00+01:00,6.063975
2026-02-25T06:45:00+01:00,6.03416
2026-02-25T07:00:00+01:00,6.042759
2026-02-25T07:15:00+01:00,6.076601
2026-02-25T07:30:00+01:00,6.04432
2026-02-25T07:45:00+01:00,6.061245
2026-02-25T08:00:00+01:00,6.062755
2026-02-25T08:15:00+01:00,6.076913
2026-02-25T08:30:00+01:00,6.066498
2026-02-25T08:45:00+01:00,6.043668
2026-02-25T09:00:00+01:00,6.053834
2026-02-25T09:15:00+01:00,6.059087
2026-02-25T09:30:00+01:00,6.04616
2026-02-25T09:45:00+01:00,6.05784
2026-02-25T10:00:00+01:00,6.06648
2026-02-25T10:15:00+01:00,6.04184
2026-02-25T10:30:00+01:00,6.034759
2026-02-25T10:45:00+01:00,6.035081
2026-02-25T11:00:00+01:00,6.01816
2026-02-25T11:15:00+01:00,6.032
2026-02-25T11:30:00+01:00,6.03384
2026-02-25T11:45:00+01:00,6.04248
2026-02-25T12:00:00+01:00,6.01784
2026-02-25T12:15:00+01:00,6.01016
2026-02-25T12:30:00+01:00,6.02184
2026-02-25T12:45:00+01:00,6.00616
2026-02-25T13:00:00+01:00,6.02304
2026-02-25T13:15:00+01:00,6.01328
2026-02-25T13:30:00+01:00,6.00552
2026-02-25T13:45:00+01:00,5.24208
2026-02-25T14:00:00+01:00,2.79544
2026-02-25T14:15:00+01:00,6.00896
2026-02-25T14:30:00+01:00,5.992
2026-02-25T14:45:00+01:00,5.990228
2026-02-25T15:00:00+01:00,5.975932
2026-02-25T15:15:00+01:00,5.980068
2026-02-25T15:30:00+01:00,6.008
2026-02-25T15:45:00+01:00,5.993772
2026-02-25T16:00:00+01:00,5.998784
2026-02-25T16:15:00+01:00,5.996
2026-02-25T16:30:00+01:00,5.997216
2026-02-25T16:45:00+01:00,5.998784
2026-02-25T17:00:00+01:00,5.985216
2026-02-25T17:15:00+01:00,5.99416
2026-02-25T17:30:00+01:00,5.99384
2026-02-25T17:45:00+01:00,5.8208
2026-02-25T18:00:00+01:00,5.99912
2026-02-25T18:15:00+01:00,6.05176
2026-02-25T18:30:00+01:00,5.42568
2026-02-25T18:45:00+01:00,1.42528
2026-02-25T19:00:00+01:00,0.366
2026-02-25T19:15:00+01:00,4.8452
2026-02-25T19:30:00+01:00,6.051385
2026-02-25T19:45:00+01:00,6.008615
2026-02-25T20:00:00+01:00,6.02
2026-02-25T20:15:00+01:00,6.03168
2026-02-25T20:30:00+01:00,6.01416
2026-02-25T20:45:00+01:00,6.012937
2026-02-25T21:00:00+01:00,6.027063
2026-02-25T21:15:00+01:00,6.01968
2026-02-25T21:30:00+01:00,6.028
2026-02-25T21:45:00+01:00,5.85968
2026-02-25T22:00:00+01:00,5.41048
2026-02-25T22:15:00+01:00,5.91352
2026-02-25T22:30:00+01:00,6.04184
2026-02-25T22:45:00+01:00,6.04464
2026-02-25T23:00:00+01:00,6.02216
2026-02-25T23:15:00+01:00,6.07568
2026-02-25T23:30:00+01:00,5.87448
2026-02-25T23:45:00+01:00,5.8692
2026-02-26T00:00:00+01:00,5.75256
2026-02-26T00:15:00+01:00,5.87168
2026-02-26T00:30:00+01:00,5.55344
2026-02-26T00:45:00+01:00,5.03816
2026-02-26T01:00:00+01:00,4.163214
2026-02-26T01:15:00+01:00,4.284626
2026-02-26T01:30:00+01:00,2.863388
2026-02-26T01:45:00+01:00,2.402261
2026-02-26T02:00:00+01:00,2.567712
2026-02-26T02:15:00+01:00,2.64312
2026-02-26T02:30:00+01:00,2.44184
2026-02-26T02:45:00+01:00,2.752096
2026-02-26T03:00:00+01:00,3.363584
2026-02-26T03:15:00+01:00,4.53544
2026-02-26T03:30:00+01:00,5.15578
2026-02-26T03:45:00+01:00,5.622498
2026-02-26T04:00:00+01:00,5.462602
2026-02-26T04:15:00+01:00,3.996561
2026-02-26T04:30:00+01:00,5.253679
2026-02-26T04:45:00+01:00,5.881803
2026-02-26T05:00:00+01:00,5.715797
2026-02-26T05:15:00+01:00,5.203737
2026-02-26T05:30:00+01:00,5.951003
2026-02-26T05:45:00+01:00,6.108059
2026-02-26T06:00:00+01:00,5.582771
2026-02-26T06:15:00+01:00,6.028
2026-02-26T06:30:00+01:00,6.040269
2026-02-26T06:45:00+01:00,6.0428
2026-02-26T07:00:00+01:00,6.03384
2026-02-26T07:15:00+01:00,5.881244
2026-02-26T07:30:00+01:00,6.043017
2026-02-26T07:45:00+01:00,6.046619
2026-02-26T08:00:00+01:00,5.49144
2026-02-26T08:15:00+01:00,5.2924
2026-02-26T08:30:00+01:00,5.92632
2026-02-26T08:45:00+01:00,6.00632
2026-02-26T09:00:00+01:00,4.76912
2026-02-26T09:15:00+01:00,5.43704
2026-02-26T09:30:00+01:00,5.88184
2026-02-26T09:45:00+01:00,5.4868
2026-02-26T10:00:00+01:00,5.98456
2026-02-26T10:15:00+01:00,5.931479
2026-02-26T10:30:00+01:00,6.038441
2026-02-26T10:45:00+01:00,6.00152
2026-02-26T11:00:00+01:00,6.012374
2026-02-26T11:15:00+01:00,5.089466
2026-02-26T11:30:00+01:00,5.991756
2026-02-26T11:45:00+01:00,5.837044
2026-02-26T12:00:00+01:00,4.68232
2026-02-26T12:15:00+01:00,5.0284
2026-02-26T12:30:00+01:00,4.36576
2026-02-26T12:45:00+01:00,2.25632
2026-02-26T13:00:00+01:00,3.96192
2026-02-26T13:15:00+01:00,5.1768
2026-02-26T13:30:00+01:00,5.97664
2026-02-26T13:45:00+01:00,5.983128
2026-02-26T14:00:00+01:00,5.822072
2026-02-26T14:15:00+01:00,6.01416
2026-02-26T14:30:00+01:00,5.989602
2026-02-26T14:45:00+01:00,5.956
2026-02-26T15:00:00+01:00,5.954166
2026-02-26T15:15:00+01:00,5.968872
2026-02-26T15:30:00+01:00,5.95784
2026-02-26T15:45:00+01:00,6.020563
2026-02-26T16:00:00+01:00,4.259357
2026-02-26T16:15:00+01:00,2.9158
2026-02-26T16:30:00+01:00,4.51692
2026-02-26T16:45:00+01:00,5.71736
2026-02-26T17:00:00+01:00,5.745252
2026-02-26T17:15:00+01:00,5.550108
2026-02-26T17:30:00+01:00,5.726745
2026-02-26T17:45:00+01:00,5.746684
2026-02-26T18:00:00+01:00,4.41937
2026-02-26T18:15:00+01:00,5.33504
2026-02-26T18:30:00+01:00,5.72304
2026-02-26T18:45:00+01:00,4.12664
2026-02-26T19:00:00+01:00,0.8916
2026-02-26T19:15:00+01:00,4.70768
2026-02-26T19:30:00+01:00,5.95816
2026-02-26T19:45:00+01:00,5.956
2026-02-26T20:00:00+01:00,5.96368
2026-02-26T20:15:00+01:00,5.964
2026-02-26T20:30:00+01:00,5.95457
2026-02-26T20:45:00+01:00,5.98175
2026-02-26T21:00:00+01:00,5.964751
2026-02-26T21:15:00+01:00,5.888689
2026-02-26T21:30:00+01:00,5.7772
2026-02-26T21:45:00+01:00,4.747577
2026-02-26T22:00:00+01:00,5.209063
2026-02-26T22:15:00+01:00,5.70232
2026-02-26T22:30:00+01:00,5.94887
2026-02-26T22:45:00+01:00,5.57649
2026-02-26T23:00:00+01:00,4.92256
2026-02-26T23:15:00+01:00,5.846897
2026-02-26T23:30:00+01:00,5.948
2026-02-26T23:45:00+01:00,5.956
2026-02-27T00:00:00+01:00,5.713164
2026-02-27T00:15:00+01:00,5.250849
2026-02-27T00:30:00+01:00,5.173204
2026-02-27T00:45:00+01:00,5.380482
2026-02-27T01:00:00+01:00,5.663404
2026-02-27T01:15:00+01:00,5.969282
2026-02-27T01:30:00+01:00,5.744878
2026-02-27T01:45:00+01:00,5.98056
2026-02-27T02:00:00+01:00,5.404382
2026-02-27T02:15:00+01:00,2.219641
2026-02-27T02:30:00+01:00,3.293656
2026-02-27T02:45:00+01:00,5.546889
2026-02-27T03:00:00+01:00,6.037271
2026-02-27T03:15:00+01:00,5.3984
2026-02-27T03:30:00+01:00,5.4104
2026-02-27T03:45:00+01:00,3.9896
2026-02-27T04:00:00+01:00,4.223651
2026-02-27T04:15:00+01:00,5.373309
2026-02-27T04:30:00+01:00,4.62456
2026-02-27T04:45:00+01:00,5.1604
2026-02-27T05:00:00+01:00,4.90952
2026-02-27T05:15:00+01:00,3.11544
2026-02-27T05:30:00+01:00,0.0
2026-02-27T05:45:00+01:00,0.0
2026-02-27T06:00:00+01:00,1.99352
2026-02-27T06:15:00+01:00,3.29016
2026-02-27T06:30:00+01:00,2.2588
2026-02-27T06:45:00+01:00,5.56
2026-02-27T07:00:00+01:00,5.84432
2026-02-27T07:15:00+01:00,5.94984
2026-02-27T07:30:00+01:00,5.95232
2026-02-27T07:45:00+01:00,5.95352
2026-02-27T08:00:00+01:00,5.96184
2026-02-27T08:15:00+01:00,5.95664
2026-02-27T08:30:00+01:00,5.96152
2026-02-27T08:45:00+01:00,5.954242
2026-02-27T09:00:00+01:00,5.986958
2026-02-27T09:15:00+01:00,5.812
2026-02-27T09:30:00+01:00,5.96128
2026-02-27T09:45:00+01:00,5.201836
2026-02-27T10:00:00+01:00,5.690261
2026-02-27T10:15:00+01:00,5.957423
2026-02-27T10:30:00+01:00,5.944744
2026-02-27T10:45:00+01:00,5.945833
2026-02-27T11:00:00+01:00,5.956
2026-02-27T11:15:00+01:00,5.760543
2026-02-27T11:30:00+01:00,5.72529
2026-02-27T11:45:00+01:00,5.944669
2026-02-27T12:00:00+01:00,5.937081
2026-02-27T12:15:00+01:00,5.71368
2026-02-27T12:30:00+01:00,5.357011
2026-02-27T12:45:00+01:00,5.050829
2026-02-27T13:00:00+01:00,5.71271
2026-02-27T13:15:00+01:00,5.47441
2026-02-27T13:30:00+01:00,5.74856
2026-02-27T13:45:00+01:00,4.271994
2026-02-27T14:00:00+01:00,1.551926
2026-02-27T14:15:00+01:00,3.419489
2026-02-27T14:30:00+01:00,3.684351
2026-02-27T14:45:00+01:00,3.28256
2026-02-27T15:00:00+01:00,4.934
2026-02-27T15:15:00+01:00,4.41296
2026-02-27T15:30:00+01:00,3.99168
2026-02-27T15:45:00+01:00,4.35264
2026-02-27T16:00:00+01:00,1.69256
2026-02-27T16:15:00+01:00,0.0
2026-02-27T16:30:00+01:00,0.0
2026-02-27T16:45:00+01:00,1.07984
2026-02-27T17:00:00+01:00,3.50648
2026-02-27T17:15:00+01:00,3.8984
2026-02-27T17:30:00+01:00,4.81296
2026-02-27T17:45:00+01:00,4.1872
2026-02-27T18:00:00+01:00,5.1724
2026-02-27T18:15:00+01:00,3.787255
2026-02-27T18:30:00+01:00,3.99311
2026-02-27T18:45:00+01:00,3.468883
2026-02-27T19:00:00+01:00,3.141833
2026-02-27T19:15:00+01:00,4.797719
2026-02-27T19:30:00+01:00,3.73792
2026-02-27T19:45:00+01:00,3.45904
2026-02-27T20:00:00+01:00,3.469789
2026-02-27T20:15:00+01:00,4.874691
2026-02-27T20:30:00+01:00,3.637291
2026-02-27T20:45:00+01:00,1.940549
2026-02-27T21:00:00+01:00,2.53056
2026-02-27T21:15:00+01:00,2.360293
2026-02-27T21:30:00+01:00,0.179787
2026-02-27T21:45:00+01:00,0.0
2026-02-27T22:00:00+01:00,0.0
2026-02-27T22:15:00+01:00,0.0
2026-02-27T22:30:00+01:00,0.0
2026-02-27T22:45:00+01:00,0.0
2026-02-27T23:00:00+01:00,0.0
2026-02-27T23:15:00+01:00,0.0
2026-02-27T23:30:00+01:00,0.0
2026-02-27T23:45:00+01:00,0.0
2026-02-28T00:00:00+01:00,0.0
2026-02-28T00:15:00+01:00,0.0
2026-02-28T00:30:00+01:00,0.0
2026-02-28T00:45:00+01:00,0.0
2026-02-28T01:00:00+01:00,0.0
2026-02-28T01:15:00+01:00,0.0
2026-02-28T01:30:00+01:00,0.0
2026-02-28T01:45:00+01:00,0.0
2026-02-28T02:00:00+01:00,0.0
2026-02-28T02:15:00+01:00,0.0
2026-02-28T02:30:00+01:00,0.0
2026-02-28T02:45:00+01:00,0.0
2026-02-28T03:00:00+01:00,0.0
2026-02-28T03:15:00+01:00,0.0
2026-02-28T03:30:00+01:00,0.0
2026-02-28T03:45:00+01:00,0.0
2026-02-28T04:00:00+01:00,0.0
2026-02-28T04:15:00+01:00,0.0
2026-02-28T04:30:00+01:00,0.0
2026-02-28T04:45:00+01:00,0.0
2026-02-28T05:00:00+01:00,0.0
2026-02-28T05:15:00+01:00,0.0
2026-02-28T05:30:00+01:00,0.0
2026-02-28T05:45:00+01:00,0.0
2026-02-28T06:00:00+01:00,0.0
2026-02-28T06:15:00+01:00,0.0
2026-02-28T06:30:00+01:00,0.0
2026-02-28T06:45:00+01:00,0.0
2026-02-28T07:00:00+01:00,0.0
2026-02-28T07:15:00+01:00,0.0
2026-02-28T07:30:00+01:00,0.0
2026-02-28T07:45:00+01:00,0.0
2026-02-28T08:00:00+01:00,0.0
2026-02-28T08:15:00+01:00,0.0
2026-02-28T08:30:00+01:00,0.0
2026-02-28T08:45:00+01:00,0.0
2026-02-28T09:00:00+01:00,0.0
2026-02-28T09:15:00+01:00,0.0
2026-02-28T09:30:00+01:00,0.0
2026-02-28T09:45:00+01:00,0.0
2026-02-28T10:00:00+01:00,0.0
2026-02-28T10:15:00+01:00,0.0
2026-02-28T10:30:00+01:00,0.0
2026-02-28T10:45:00+01:00,0.0
2026-02-28T11:00:00+01:00,0.0
2026-02-28T11:15:00+01:00,0.0
2026-02-28T11:30:00+01:00,0.0
2026-02-28T11:45:00+01:00,0.0
2026-02-28T12:00:00+01:00,0.0
2026-02-28T12:15:00+01:00,0.0
2026-02-28T12:30:00+01:00,0.0
2026-02-28T12:45:00+01:00,0.0
2026-02-28T13:00:00+01:00,0.0
2026-02-28T13:15:00+01:00,0.0
2026-02-28T13:30:00+01:00,0.0
2026-02-28T13:45:00+01:00,0.0
2026-02-28T14:00:00+01:00,0.0
2026-02-28T14:15:00+01:00,0.0
2026-02-28T14:30:00+01:00,0.0
2026-02-28T14:45:00+01:00,0.0
2026-02-28T15:00:00+01:00,0.0
2026-02-28T15:15:00+01:00,0.0
2026-02-28T15:30:00+01:00,0.0
2026-02-28T15:45:00+01:00,0.0
2026-02-28T16:00:00+01:00,0.0
2026-02-28T16:15:00+01:00,0.0
2026-02-28T16:30:00+01:00,0.0
2026-02-28T16:45:00+01:00,0.0
2026-02-28T17:00:00+01:00,0.0
2026-02-28T17:15:00+01:00,0.0
2026-02-28T17:30:00+01:00,0.0
2026-02-28T17:45:00+01:00,0.0
2026-02-28T18:00:00+01:00,0.0
2026-02-28T18:15:00+01:00,0.0
2026-02-28T18:30:00+01:00,0.0
2026-02-28T18:45:00+01:00,0.0
2026-02-28T19:00:00+01:00,0.0
2026-02-28T19:15:00+01:00,0.0
2026-02-28T19:30:00+01:00,0.0
2026-02-28T19:45:00+01:00,0.0
2026-02-28T20:00:00+01:00,0.0
2026-02-28T20:15:00+01:00,0.0
2026-02-28T20:30:00+01:00,0.0
2026-02-28T20:45:00+01:00,0.0
2026-02-28T21:00:00+01:00,0.0
2026-02-28T21:15:00+01:00,0.0
2026-02-28T21:30:00+01:00,0.0
2026-02-28T21:45:00+01:00,0.0
2026-02-28T22:00:00+01:00,0.0
2026-02-28T22:15:00+01:00,0.0
2026-02-28T22:30:00+01:00,0.0
2026-02-28T22:45:00+01:00,0.0
2026-02-28T23:00:00+01:00,0.0
2026-02-28T23:15:00+01:00,0.0
2026-02-28T23:30:00+01:00,0.0
2026-02-28T23:45:00+01:00,0.0
2026-03-01T00:00:00+01:00,0.0
2026-03-01T00:15:00+01:00,0.0
2026-03-01T00:30:00+01:00,0.0
2026-03-01T00:45:00+01:00,0.0
2026-03-01T01:00:00+01:00,0.0
2026-03-01T01:15:00+01:00,0.0
2026-03-01T01:30:00+01:00,0.0
2026-03-01T01:45:00+01:00,0.0
2026-03-01T02:00:00+01:00,0.0
2026-03-01T02:15:00+01:00,0.0
2026-03-01T02:30:00+01:00,0.0
2026-03-01T02:45:00+01:00,0.0
2026-03-01T03:00:00+01:00,0.0
2026-03-01T03:15:00+01:00,0.0
2026-03-01T03:30:00+01:00,0.0
2026-03-01T03:45:00+01:00,0.0
2026-03-01T04:00:00+01:00,0.0
2026-03-01T04:15:00+01:00,0.0
2026-03-01T04:30:00+01:00,0.0
2026-03-01T04:45:00+01:00,0.0
2026-03-01T05:00:00+01:00,0.0
2026-03-01T05:15:00+01:00,0.0
2026-03-01T05:30:00+01:00,0.0
2026-03-01T05:45:00+01:00,0.0
2026-03-01T06:00:00+01:00,0.0
2026-03-01T06:15:00+01:00,0.0
2026-03-01T06:30:00+01:00,0.0
2026-03-01T06:45:00+01:00,0.0
2026-03-01T07:00:00+01:00,0.0
2026-03-01T07:15:00+01:00,0.0
2026-03-01T07:30:00+01:00,0.0
2026-03-01T07:45:00+01:00,0.0
2026-03-01T08:00:00+01:00,0.0
2026-03-01T08:15:00+01:00,0.0
2026-03-01T08:30:00+01:00,0.0
2026-03-01T08:45:00+01:00,0.0
2026-03-01T09:00:00+01:00,0.0
2026-03-01T09:15:00+01:00,0.0
2026-03-01T09:30:00+01:00,0.0
2026-03-01T09:45:00+01:00,0.0
2026-03-01T10:00:00+01:00,0.0
2026-03-01T10:15:00+01:00,0.0
2026-03-01T10:30:00+01:00,0.0
2026-03-01T10:45:00+01:00,0.0
2026-03-01T11:00:00+01:00,0.0
2026-03-01T11:15:00+01:00,0.0
2026-03-01T11:30:00+01:00,0.0
2026-03-01T11:45:00+01:00,0.0
2026-03-01T12:00:00+01:00,0.0
2026-03-01T12:15:00+01:00,0.0
2026-03-01T12:30:00+01:00,0.0
2026-03-01T12:45:00+01:00,0.0
2026-03-01T13:00:00+01:00,0.0
2026-03-01T13:15:00+01:00,0.0
2026-03-01T13:30:00+01:00,0.0
2026-03-01T13:45:00+01:00,0.0
2026-03-01T14:00:00+01:00,0.0
2026-03-01T14:15:00+01:00,0.0
2026-03-01T14:30:00+01:00,0.0
2026-03-01T14:45:00+01:00,0.0
2026-03-01T15:00:00+01:00,0.0
2026-03-01T15:15:00+01:00,0.0
2026-03-01T15:30:00+01:00,0.0
2026-03-01T15:45:00+01:00,0.0
2026-03-01T16:00:00+01:00,0.0
2026-03-01T16:15:00+01:00,0.0
2026-03-01T16:30:00+01:00,0.0
2026-03-01T16:45:00+01:00,0.0
2026-03-01T17:00:00+01:00,0.0
2026-03-01T17:15:00+01:00,0.0
2026-03-01T17:30:00+01:00,0.0
2026-03-01T17:45:00+01:00,0.0
2026-03-01T18:00:00+01:00,0.0
2026-03-01T18:15:00+01:00,0.0
2026-03-01T18:30:00+01:00,0.0
2026-03-01T18:45:00+01:00,0.0
2026-03-01T19:00:00+01:00,0.0
2026-03-01T19:15:00+01:00,0.0
2026-03-01T19:30:00+01:00,0.0
2026-03-01T19:45:00+01:00,0.0
2026-03-01T20:00:00+01:00,0.0
2026-03-01T20:15:00+01:00,0.0
2026-03-01T20:30:00+01:00,0.0
2026-03-01T20:45:00+01:00,0.0
2026-03-01T21:00:00+01:00,0.0
2026-03-01T21:15:00+01:00,0.0
2026-03-01T21:30:00+01:00,0.0
2026-03-01T21:45:00+01:00,0.0
2026-03-01T22:00:00+01:00,0.0
2026-03-01T22:15:00+01:00,0.0
2026-03-01T22:30:00+01:00,0.81624
2026-03-01T22:45:00+01:00,2.74104
2026-03-01T23:00:00+01:00,3.63488
2026-03-01T23:15:00+01:00,3.8208
2026-03-01T23:30:00+01:00,4.1228
2026-03-01T23:45:00+01:00,2.57552
2026-03-02T00:00:00+01:00,2.79136
2026-03-02T00:15:00+01:00,3.3492
2026-03-02T00:30:00+01:00,3.23864
2026-03-02T00:45:00+01:00,3.08464
2026-03-02T01:00:00+01:00,3.98408
2026-03-02T01:15:00+01:00,3.59528
2026-03-02T01:30:00+01:00,4.03728
2026-03-02T01:45:00+01:00,4.07968
2026-03-02T02:00:00+01:00,2.93264
2026-03-02T02:15:00+01:00,2.5558
2026-03-02T02:30:00+01:00,1.686007
2026-03-02T02:45:00+01:00,2.093154
2026-03-02T03:00:00+01:00,2.50144
2026-03-02T03:15:00+01:00,2.48824
2026-03-02T03:30:00+01:00,3.80048
2026-03-02T03:45:00+01:00,3.83992
2026-03-02T04:00:00+01:00,2.21088
2026-03-02T04:15:00+01:00,0.0
2026-03-02T04:30:00+01:00,0.0
2026-03-02T04:45:00+01:00,0.0
2026-03-02T05:00:00+01:00,0.0
2026-03-02T05:15:00+01:00,0.0
2026-03-02T05:30:00+01:00,1.14648
2026-03-02T05:45:00+01:00,5.09445
2026-03-02T06:00:00+01:00,5.85659
2026-03-02T06:15:00+01:00,6.01048
2026-03-02T06:30:00+01:00,5.99352
2026-03-02T06:45:00+01:00,5.85632
2026-03-02T07:00:00+01:00,6.01416
2026-03-02T07:15:00+01:00,6.02488
2026-03-02T07:30:00+01:00,6.09168
2026-03-02T07:45:00+01:00,6.02048
2026-03-02T08:00:00+01:00,5.98264
2026-03-02T08:15:00+01:00,6.06552
2026-03-02T08:30:00+01:00,6.03632
2026-03-02T08:45:00+01:00,6.02832
2026-03-02T09:00:00+01:00,6.012
2026-03-02T09:15:00+01:00,6.01416
2026-03-02T09:30:00+01:00,5.71336
2026-03-02T09:45:00+01:00,3.7888
2026-03-02T10:00:00+01:00,5.339726
2026-03-02T10:15:00+01:00,6.043954
2026-03-02T10:30:00+01:00,6.004381
2026-03-02T10:45:00+01:00,6.02
2026-03-02T11:00:00+01:00,6.015619
2026-03-02T11:15:00+01:00,6.002548
2026-03-02T11:30:00+01:00,5.999932
2026-03-02T11:45:00+01:00,5.990235
2026-03-02T12:00:00+01:00,5.997125
2026-03-02T12:15:00+01:00,6.00832
2026-03-02T12:30:00+01:00,5.986555
2026-03-02T12:45:00+01:00,5.973765
2026-03-02T13:00:00+01:00,5.972956
2026-03-02T13:15:00+01:00,5.993834
2026-03-02T13:30:00+01:00,6.02089
2026-03-02T13:45:00+01:00,5.99232
2026-03-02T14:00:00+01:00,5.972956
2026-03-02T14:15:00+01:00,5.440558
2026-03-02T14:30:00+01:00,4.425395
2026-03-02T14:45:00+01:00,5.036385
2026-03-02T15:00:00+01:00,5.927641
2026-03-02T15:15:00+01:00,5.881384
2026-03-02T15:30:00+01:00,5.78768
2026-03-02T15:45:00+01:00,5.957288
2026-03-02T16:00:00+01:00,4.924957
2026-03-02T16:15:00+01:00,5.374831
2026-03-02T16:30:00+01:00,4.202285
2026-03-02T16:45:00+01:00,5.29064
2026-03-02T17:00:00+01:00,4.39808
2026-03-02T17:15:00+01:00,3.91352
2026-03-02T17:30:00+01:00,4.51672
2026-03-02T17:45:00+01:00,5.63488
2026-03-02T18:00:00+01:00,5.6828
2026-03-02T18:15:00+01:00,5.98584
2026-03-02T18:30:00+01:00,4.73872
2026-03-02T18:45:00+01:00,0.01512
2026-03-02T19:00:00+01:00,0.0
2026-03-02T19:15:00+01:00,3.88392
2026-03-02T19:30:00+01:00,5.804802
2026-03-02T19:45:00+01:00,5.993833
2026-03-02T20:00:00+01:00,6.0
2026-03-02T20:15:00+01:00,6.006167
2026-03-02T20:30:00+01:00,5.985438
2026-03-02T20:45:00+01:00,6.011116
2026-03-02T21:00:00+01:00,5.982724
2026-03-02T21:15:00+01:00,5.988
2026-03-02T21:30:00+01:00,6.038777
2026-03-02T21:45:00+01:00,5.402583
2026-03-02T22:00:00+01:00,3.676275
2026-03-02T22:15:00+01:00,3.443535
2026-03-02T22:30:00+01:00,2.358166
2026-03-02T22:45:00+01:00,4.037196
2026-03-02T23:00:00+01:00,4.097754
2026-03-02T23:15:00+01:00,4.162219
2026-03-02T23:30:00+01:00,2.871789
2026-03-02T23:45:00+01:00,4.217786
2026-03-03T00:00:00+01:00,4.68896
2026-03-03T00:15:00+01:00,4.92985
2026-03-03T00:30:00+01:00,4.751203
2026-03-03T00:45:00+01:00,5.273338
2026-03-03T01:00:00+01:00,5.147799
2026-03-03T01:15:00+01:00,5.086609
2026-03-03T01:30:00+01:00,5.19
2026-03-03T01:45:00+01:00,5.888446
2026-03-03T02:00:00+01:00,5.491641
2026-03-03T02:15:00+01:00,5.017673
2026-03-03T02:30:00+01:00,4.973157
2026-03-03T02:45:00+01:00,4.841483
2026-03-03T03:00:00+01:00,4.210969
2026-03-03T03:15:00+01:00,4.313993
2026-03-03T03:30:00+01:00,4.338077
2026-03-03T03:45:00+01:00,3.177949
2026-03-03T04:00:00+01:00,1.264931
2026-03-03T04:15:00+01:00,2.128106
2026-03-03T04:30:00+01:00,0.495734
2026-03-03T04:45:00+01:00,0.0
2026-03-03T05:00:00+01:00,0.58704
2026-03-03T05:15:00+01:00,1.17496
2026-03-03T05:30:00+01:00,1.09
2026-03-03T05:45:00+01:00,1.6088
2026-03-03T06:00:00+01:00,4.07536
2026-03-03T06:15:00+01:00,5.10472
2026-03-03T06:30:00+01:00,4.77504
2026-03-03T06:45:00+01:00,5.700468
2026-03-03T07:00:00+01:00,5.493692
2026-03-03T07:15:00+01:00,6.05297
2026-03-03T07:30:00+01:00,5.92063
2026-03-03T07:45:00+01:00,6.01816
2026-03-03T08:00:00+01:00,5.85208
2026-03-03T08:15:00+01:00,5.32608
2026-03-03T08:30:00+01:00,5.12152
2026-03-03T08:45:00+01:00,6.036925
2026-03-03T09:00:00+01:00,6.043075
2026-03-03T09:15:00+01:00,6.091091
2026-03-03T09:30:00+01:00,5.239789
2026-03-03T09:45:00+01:00,0.2916
2026-03-03T10:00:00+01:00,4.53136
2026-03-03T10:15:00+01:00,5.964228
2026-03-03T10:30:00+01:00,5.333852
2026-03-03T10:45:00+01:00,5.970839
2026-03-03T11:00:00+01:00,6.027401
2026-03-03T11:15:00+01:00,6.01232
2026-03-03T11:30:00+01:00,5.44424
2026-03-03T11:45:00+01:00,5.74032
2026-03-03T12:00:00+01:00,6.05544
2026-03-03T12:15:00+01:00,6.02
2026-03-03T12:30:00+01:00,4.89248
2026-03-03T12:45:00+01:00,0.26352
2026-03-03T13:00:00+01:00,0.71176
2026-03-03T13:15:00+01:00,4.94424
2026-03-03T13:30:00+01:00,5.99384
2026-03-03T13:45:00+01:00,5.99016
2026-03-03T14:00:00+01:00,5.80216
2026-03-03T14:15:00+01:00,4.79224
2026-03-03T14:30:00+01:00,3.03672
2026-03-03T14:45:00+01:00,5.38504
2026-03-03T15:00:00+01:00,5.16048
2026-03-03T15:15:00+01:00,5.17704
2026-03-03T15:30:00+01:00,5.70168
2026-03-03T15:45:00+01:00,5.58928
2026-03-03T16:00:00+01:00,5.92056
2026-03-03T16:15:00+01:00,5.5628
2026-03-03T16:30:00+01:00,5.940548
2026-03-03T16:45:00+01:00,5.912972
2026-03-03T17:00:00+01:00,6.08
2026-03-03T17:15:00+01:00,5.91737
2026-03-03T17:30:00+01:00,5.966167
2026-03-03T17:45:00+01:00,6.012783
2026-03-03T18:00:00+01:00,4.70344
2026-03-03T18:15:00+01:00,5.392994
2026-03-03T18:30:00+01:00,4.779646
2026-03-03T18:45:00+01:00,0.707204
2026-03-03T19:00:00+01:00,0.409659
2026-03-03T19:15:00+01:00,2.843297
2026-03-03T19:30:00+01:00,4.94184
2026-03-03T19:45:00+01:00,4.839482
2026-03-03T20:00:00+01:00,4.832278
2026-03-03T20:15:00+01:00,4.870367
2026-03-03T20:30:00+01:00,5.436593
2026-03-03T20:45:00+01:00,5.9952
2026-03-03T21:00:00+01:00,6.01016
2026-03-03T21:15:00+01:00,6.018445
2026-03-03T21:30:00+01:00,6.016915
2026-03-03T21:45:00+01:00,4.82008
2026-03-03T22:00:00+01:00,3.25728
2026-03-03T22:15:00+01:00,0.17928
2026-03-03T22:30:00+01:00,0.14536
2026-03-03T22:45:00+01:00,0.17064
2026-03-03T23:00:00+01:00,1.35544
2026-03-03T23:15:00+01:00,2.65928
2026-03-03T23:30:00+01:00,1.53344
2026-03-03T23:45:00+01:00,0.43984
2026-03-04T00:00:00+01:00,0.0
2026-03-04T00:15:00+01:00,0.0
2026-03-04T00:30:00+01:00,0.0
2026-03-04T00:45:00+01:00,0.0
2026-03-04T01:00:00+01:00,0.0
2026-03-04T01:15:00+01:00,0.20608
2026-03-04T01:30:00+01:00,2.1064
2026-03-04T01:45:00+01:00,2.55232
2026-03-04T02:00:00+01:00,3.67696
2026-03-04T02:15:00+01:00,4.427551
2026-03-04T02:30:00+01:00,1.963569
2026-03-04T02:45:00+01:00,2.45208
2026-03-04T03:00:00+01:00,4.38344
2026-03-04T03:15:00+01:00,3.14984
2026-03-04T03:30:00+01:00,1.74696
2026-03-04T03:45:00+01:00,2.70712
2026-03-04T04:00:00+01:00,4.28128
2026-03-04T04:15:00+01:00,2.63616
2026-03-04T04:30:00+01:00,2.69448
2026-03-04T04:45:00+01:00,2.504
2026-03-04T05:00:00+01:00,2.7008
2026-03-04T05:15:00+01:00,1.60696
2026-03-04T05:30:00+01:00,0.0
2026-03-04T05:45:00+01:00,3.081217
2026-03-04T06:00:00+01:00,6.032303
2026-03-04T06:15:00+01:00,6.032701
2026-03-04T06:30:00+01:00,6.053139
2026-03-04T06:45:00+01:00,6.05352
2026-03-04T07:00:00+01:00,6.059067
2026-03-04T07:15:00+01:00,6.068933
2026-03-04T07:30:00+01:00,6.05816
2026-03-04T07:45:00+01:00,6.056907
2026-03-04T08:00:00+01:00,6.067413
2026-03-04T08:15:00+01:00,6.056
2026-03-04T08:30:00+01:00,6.069424
2026-03-04T08:45:00+01:00,5.818256
2026-03-04T09:00:00+01:00,6.06648
2026-03-04T09:15:00+01:00,6.04152
2026-03-04T09:30:00+01:00,6.02104
2026-03-04T09:45:00+01:00,4.95024
2026-03-04T10:00:00+01:00,5.91456
2026-03-04T10:15:00+01:00,6.05448
2026-03-04T10:30:00+01:00,6.057857
2026-03-04T10:45:00+01:00,6.058167
2026-03-04T11:00:00+01:00,6.065175
2026-03-04T11:15:00+01:00,6.048992
2026-03-04T11:30:00+01:00,6.059328
2026-03-04T11:45:00+01:00,6.05848
2026-03-04T12:00:00+01:00,6.068
2026-03-04T12:15:00+01:00,6.056
2026-03-04T12:30:00+01:00,6.05448
2026-03-04T12:45:00+01:00,4.110976
2026-03-04T13:00:00+01:00,4.589584
2026-03-04T13:15:00+01:00,5.712985
2026-03-04T13:30:00+01:00,6.040669
2026-03-04T13:45:00+01:00,5.991146
2026-03-04T14:00:00+01:00,2.842913
2026-03-04T14:15:00+01:00,6.041502
2026-03-04T14:30:00+01:00,5.108106
2026-03-04T14:45:00+01:00,3.544919
2026-03-04T15:00:00+01:00,5.1452
2026-03-04T15:15:00+01:00,4.95712
2026-03-04T15:30:00+01:00,3.12712
2026-03-04T15:45:00+01:00,2.44088
2026-03-04T16:00:00+01:00,2.4708
2026-03-04T16:15:00+01:00,5.9128
2026-03-04T16:30:00+01:00,5.867995
2026-03-04T16:45:00+01:00,5.997833
2026-03-04T17:00:00+01:00,5.839772
2026-03-04T17:15:00+01:00,5.94384
2026-03-04T17:30:00+01:00,6.02952
2026-03-04T17:45:00+01:00,5.98896
2026-03-04T18:00:00+01:00,5.7852
2026-03-04T18:15:00+01:00,6.02216
2026-03-04T18:30:00+01:00,5.45504
2026-03-04T18:45:00+01:00,3.19208
2026-03-04T19:00:00+01:00,2.8148
2026-03-04T19:15:00+01:00,4.66976
2026-03-04T19:30:00+01:00,6.02432
2026-03-04T19:45:00+01:00,6.0132
2026-03-04T20:00:00+01:00,6.02064
2026-03-04T20:15:00+01:00,6.02152
2026-03-04T20:30:00+01:00,6.09288
2026-03-04T20:45:00+01:00,4.56648
2026-03-04T21:00:00+01:00,4.80184
2026-03-04T21:15:00+01:00,5.091754
2026-03-04T21:30:00+01:00,4.346326
2026-03-04T21:45:00+01:00,5.34064
2026-03-04T22:00:00+01:00,5.511442
2026-03-04T22:15:00+01:00,5.824883
2026-03-04T22:30:00+01:00,5.824075
2026-03-04T22:45:00+01:00,6.022759
2026-03-04T23:00:00+01:00,5.536841
2026-03-04T23:15:00+01:00,5.095159
2026-03-04T23:30:00+01:00,5.987881
2026-03-04T23:45:00+01:00,5.81576
2026-03-05T00:00:00+01:00,5.700146
2026-03-05T00:15:00+01:00,4.742894
2026-03-05T00:30:00+01:00,2.1448
2026-03-05T00:45:00+01:00,2.46024
2026-03-05T01:00:00+01:00,1.304
2026-03-05T01:15:00+01:00,0.0
2026-03-05T01:30:00+01:00,1.75848
2026-03-05T01:45:00+01:00,1.38304
2026-03-05T02:00:00+01:00,0.22248
2026-03-05T02:15:00+01:00,0.404
2026-03-05T02:30:00+01:00,0.0
2026-03-05T02:45:00+01:00,0.0
2026-03-05T03:00:00+01:00,0.0
2026-03-05T03:15:00+01:00,0.042154
2026-03-05T03:30:00+01:00,1.571906
2026-03-05T03:45:00+01:00,0.65474
2026-03-05T04:00:00+01:00,3.6856
2026-03-05T04:15:00+01:00,1.90904
2026-03-05T04:30:00+01:00,3.002739
2026-03-05T04:45:00+01:00,4.319261
2026-03-05T05:00:00+01:00,4.364912
2026-03-05T05:15:00+01:00,4.694368
2026-03-05T05:30:00+01:00,2.73528
2026-03-05T05:45:00+01:00,3.38552
2026-03-05T06:00:00+01:00,6.05568
2026-03-05T06:15:00+01:00,6.044
2026-03-05T06:30:00+01:00,6.05816
2026-03-05T06:45:00+01:00,6.046526
2026-03-05T07:00:00+01:00,6.061474
2026-03-05T07:15:00+01:00,6.0732
2026-03-05T07:30:00+01:00,6.048657
2026-03-05T07:45:00+01:00,6.067983
2026-03-05T08:00:00+01:00,5.87832
2026-03-05T08:15:00+01:00,6.016694
2026-03-05T08:30:00+01:00,6.061672
2026-03-05T08:45:00+01:00,6.147874
2026-03-05T09:00:00+01:00,5.72776
2026-03-05T09:15:00+01:00,6.07624
2026-03-05T09:30:00+01:00,5.92992
2026-03-05T09:45:00+01:00,3.93304
2026-03-05T10:00:00+01:00,4.60296
2026-03-05T10:15:00+01:00,5.92
2026-03-05T10:30:00+01:00,6.02952
2026-03-05T10:45:00+01:00,6.028686
2026-03-05T11:00:00+01:00,6.026502
2026-03-05T11:15:00+01:00,6.015292
2026-03-05T11:30:00+01:00,6.016374
2026-03-05T11:45:00+01:00,5.998426
2026-03-05T12:00:00+01:00,6.000297
2026-03-05T12:15:00+01:00,6.005223
2026-03-05T12:30:00+01:00,5.998221
2026-03-05T12:45:00+01:00,5.499619
2026-03-05T13:00:00+01:00,3.67912
2026-03-05T13:15:00+01:00,4.8172
2026-03-05T13:30:00+01:00,5.782956
2026-03-05T13:45:00+01:00,5.991924
2026-03-05T14:00:00+01:00,3.98016
2026-03-05T14:15:00+01:00,0.696581
2026-03-05T14:30:00+01:00,1.935659
2026-03-05T14:45:00+01:00,3.000301
2026-03-05T15:00:00+01:00,4.678352
2026-03-05T15:15:00+01:00,5.615187
2026-03-05T15:30:00+01:00,5.09352
2026-03-05T15:45:00+01:00,4.3092
2026-03-05T16:00:00+01:00,4.31056
2026-03-05T16:15:00+01:00,5.68104
2026-03-05T16:30:00+01:00,5.24656
2026-03-05T16:45:00+01:00,5.06648
2026-03-05T17:00:00+01:00,4.819581
2026-03-05T17:15:00+01:00,4.734555
2026-03-05T17:30:00+01:00,5.664984
2026-03-05T17:45:00+01:00,5.571832
2026-03-05T18:00:00+01:00,5.883048
2026-03-05T18:15:00+01:00,5.964636
2026-03-05T18:30:00+01:00,5.519364
2026-03-05T18:45:00+01:00,3.31568
2026-03-05T19:00:00+01:00,3.175999
2026-03-05T19:15:00+01:00,4.592292
2026-03-05T19:30:00+01:00,5.223149
2026-03-05T19:45:00+01:00,5.248997
2026-03-05T20:00:00+01:00,6.003563
2026-03-05T20:15:00+01:00,6.00736
2026-03-05T20:30:00+01:00,6.00616
2026-03-05T20:45:00+01:00,5.99048
2026-03-05T21:00:00+01:00,6.02088
2026-03-05T21:15:00+01:00,5.96184
2026-03-05T21:30:00+01:00,5.5412
2026-03-05T21:45:00+01:00,5.177178
2026-03-05T22:00:00+01:00,3.54602
2026-03-05T22:15:00+01:00,0.310482
2026-03-05T22:30:00+01:00,3.041291
2026-03-05T22:45:00+01:00,1.672187
2026-03-05T23:00:00+01:00,1.918602
2026-03-05T23:15:00+01:00,1.65416
2026-03-05T23:30:00+01:00,0.6752
2026-03-05T23:45:00+01:00,3.0772
2026-03-06T00:00:00+01:00,2.50464
2026-03-06T00:15:00+01:00,1.16416
2026-03-06T00:30:00+01:00,2.32312
2026-03-06T00:45:00+01:00,0.04752
2026-03-06T01:00:00+01:00,0.0
2026-03-06T01:15:00+01:00,0.0
2026-03-06T01:30:00+01:00,0.0
2026-03-06T01:45:00+01:00,0.412
2026-03-06T02:00:00+01:00,2.2856
2026-03-06T02:15:00+01:00,0.6784
2026-03-06T02:30:00+01:00,0.0
2026-03-06T02:45:00+01:00,0.0
2026-03-06T03:00:00+01:00,0.0
2026-03-06T03:15:00+01:00,0.996629
2026-03-06T03:30:00+01:00,3.875131
2026-03-06T03:45:00+01:00,4.28224
2026-03-06T04:00:00+01:00,3.746346
2026-03-06T04:15:00+01:00,3.618054
2026-03-06T04:30:00+01:00,3.837427
2026-03-06T04:45:00+01:00,3.898093
2026-03-06T05:00:00+01:00,3.24888
2026-03-06T05:15:00+01:00,3.73784
2026-03-06T05:30:00+01:00,3.90192
2026-03-06T05:45:00+01:00,5.27704
2026-03-06T06:00:00+01:00,5.96808
2026-03-06T06:15:00+01:00,6.011097
2026-03-06T06:30:00+01:00,6.050423
2026-03-06T06:45:00+01:00,6.035079
2026-03-06T07:00:00+01:00,6.047081
2026-03-06T07:15:00+01:00,6.036919
2026-03-06T07:30:00+01:00,6.084281
2026-03-06T07:45:00+01:00,6.06648
2026-03-06T08:00:00+01:00,6.058512
2026-03-06T08:15:00+01:00,6.059648
2026-03-06T08:30:00+01:00,6.057245
2026-03-06T08:45:00+01:00,6.053235
2026-03-06T09:00:00+01:00,6.03168
2026-03-06T09:15:00+01:00,6.047085
2026-03-06T09:30:00+01:00,5.990035
2026-03-06T09:45:00+01:00,5.53344
2026-03-06T10:00:00+01:00,5.98176
2026-03-06T10:15:00+01:00,6.024
2026-03-06T10:30:00+01:00,6.01016
2026-03-06T10:45:00+01:00,6.008
2026-03-06T11:00:00+01:00,6.01016
2026-03-06T11:15:00+01:00,5.71584
2026-03-06T11:30:00+01:00,5.45384
2026-03-06T11:45:00+01:00,5.98656
2026-03-06T12:00:00+01:00,5.72032
2026-03-06T12:15:00+01:00,5.63904
2026-03-06T12:30:00+01:00,5.14376
2026-03-06T12:45:00+01:00,2.95264
2026-03-06T13:00:00+01:00,1.48872
2026-03-06T13:15:00+01:00,5.101849
2026-03-06T13:30:00+01:00,5.798368
2026-03-06T13:45:00+01:00,5.793544
2026-03-06T14:00:00+01:00,5.98552
2026-03-06T14:15:00+01:00,5.968
2026-03-06T14:30:00+01:00,5.97048
2026-03-06T14:45:00+01:00,5.976962
2026-03-06T15:00:00+01:00,5.975038
2026-03-06T15:15:00+01:00,5.98
2026-03-06T15:30:00+01:00,5.955128
2026-03-06T15:45:00+01:00,5.984552
2026-03-06T16:00:00+01:00,5.97816
2026-03-06T16:15:00+01:00,5.99416
2026-03-06T16:30:00+01:00,5.769281
2026-03-06T16:45:00+01:00,5.917515
2026-03-06T17:00:00+01:00,5.979044
2026-03-06T17:15:00+01:00,5.98584
2026-03-06T17:30:00+01:00,6.00832
2026-03-06T17:45:00+01:00,6.01352
2026-03-06T18:00:00+01:00,5.98616
2026-03-06T18:15:00+01:00,5.98768
2026-03-06T18:30:00+01:00,4.8428
2026-03-06T18:45:00+01:00,1.481648
2026-03-06T19:00:00+01:00,1.539759
2026-03-06T19:15:00+01:00,4.336334
2026-03-06T19:30:00+01:00,5.78388
2026-03-06T19:45:00+01:00,4.442459
2026-03-06T20:00:00+01:00,5.594562
2026-03-06T20:15:00+01:00,5.821598
2026-03-06T20:30:00+01:00,6.024569
2026-03-06T20:45:00+01:00,6.034231
2026-03-06T21:00:00+01:00,5.7328
2026-03-06T21:15:00+01:00,1.324025
2026-03-06T21:30:00+01:00,0.019495
2026-03-06T21:45:00+01:00,0.0
2026-03-06T22:00:00+01:00,0.0
2026-03-06T22:15:00+01:00,0.0
2026-03-06T22:30:00+01:00,0.0
2026-03-06T22:45:00+01:00,0.0
2026-03-06T23:00:00+01:00,0.0
2026-03-06T23:15:00+01:00,0.0
2026-03-06T23:30:00+01:00,0.0
2026-03-06T23:45:00+01:00,0.0
2026-03-07T00:00:00+01:00,0.0
2026-03-07T00:15:00+01:00,0.0
2026-03-07T00:30:00+01:00,0.0
2026-03-07T00:45:00+01:00,0.0
2026-03-07T01:00:00+01:00,0.0
2026-03-07T01:15:00+01:00,0.0
2026-03-07T01:30:00+01:00,0.0
2026-03-07T01:45:00+01:00,0.0
2026-03-07T02:00:00+01:00,0.0
2026-03-07T02:15:00+01:00,0.0
2026-03-07T02:30:00+01:00,0.0
2026-03-07T02:45:00+01:00,0.0
2026-03-07T03:00:00+01:00,0.0
2026-03-07T03:15:00+01:00,0.0
2026-03-07T03:30:00+01:00,0.0
2026-03-07T03:45:00+01:00,0.0
2026-03-07T04:00:00+01:00,0.0
2026-03-07T04:15:00+01:00,0.0
2026-03-07T04:30:00+01:00,0.0
2026-03-07T04:45:00+01:00,0.0
2026-03-07T05:00:00+01:00,0.0
2026-03-07T05:15:00+01:00,0.0
2026-03-07T05:30:00+01:00,0.0
2026-03-07T05:45:00+01:00,0.0
2026-03-07T06:00:00+01:00,0.0
2026-03-07T06:15:00+01:00,0.0
2026-03-07T06:30:00+01:00,0.0
2026-03-07T06:45:00+01:00,0.0
2026-03-07T07:00:00+01:00,0.0
2026-03-07T07:15:00+01:00,0.0
2026-03-07T07:30:00+01:00,0.0
2026-03-07T07:45:00+01:00,0.0
2026-03-07T08:00:00+01:00,0.0
2026-03-07T08:15:00+01:00,0.0
2026-03-07T08:30:00+01:00,0.0
2026-03-07T08:45:00+01:00,0.0
2026-03-07T09:00:00+01:00,0.0
2026-03-07T09:15:00+01:00,0.0
2026-03-07T09:30:00+01:00,0.0
2026-03-07T09:45:00+01:00,0.0
2026-03-07T10:00:00+01:00,0.0
2026-03-07T10:15:00+01:00,0.0
2026-03-07T10:30:00+01:00,0.0
2026-03-07T10:45:00+01:00,0.0
2026-03-07T11:00:00+01:00,0.0
2026-03-07T11:15:00+01:00,0.0
2026-03-07T11:30:00+01:00,0.0
2026-03-07T11:45:00+01:00,0.0
2026-03-07T12:00:00+01:00,0.0
2026-03-07T12:15:00+01:00,0.0
2026-03-07T12:30:00+01:00,0.0
2026-03-07T12:45:00+01:00,0.0
2026-03-07T13:00:00+01:00,0.0
2026-03-07T13:15:00+01:00,0.0
2026-03-07T13:30:00+01:00,0.0
2026-03-07T13:45:00+01:00,0.0
2026-03-07T14:00:00+01:00,0.0
2026-03-07T14:15:00+01:00,0.0
2026-03-07T14:30:00+01:00,0.0
2026-03-07T14:45:00+01:00,0.0
2026-03-07T15:00:00+01:00,0.0
2026-03-07T15:15:00+01:00,0.0
2026-03-07T15:30:00+01:00,0.0
2026-03-07T15:45:00+01:00,0.0
2026-03-07T16:00:00+01:00,0.0
2026-03-07T16:15:00+01:00,0.0
2026-03-07T16:30:00+01:00,0.0
2026-03-07T16:45:00+01:00,0.0
2026-03-07T17:00:00+01:00,0.0
2026-03-07T17:15:00+01:00,0.0
2026-03-07T17:30:00+01:00,0.0
2026-03-07T17:45:00+01:00,0.0
2026-03-07T18:00:00+01:00,0.0
2026-03-07T18:15:00+01:00,0.0
2026-03-07T18:30:00+01:00,0.0
2026-03-07T18:45:00+01:00,0.0
2026-03-07T19:00:00+01:00,0.0
2026-03-07T19:15:00+01:00,0.0
2026-03-07T19:30:00+01:00,0.0
2026-03-07T19:45:00+01:00,0.0
2026-03-07T20:00:00+01:00,0.0
2026-03-07T20:15:00+01:00,0.0
2026-03-07T20:30:00+01:00,0.0
2026-03-07T20:45:00+01:00,0.0
2026-03-07T21:00:00+01:00,0.0
2026-03-07T21:15:00+01:00,0.0
2026-03-07T21:30:00+01:00,0.0
2026-03-07T21:45:00+01:00,0.0
2026-03-07T22:00:00+01:00,0.0
2026-03-07T22:15:00+01:00,0.0
2026-03-07T22:30:00+01:00,0.0
2026-03-07T22:45:00+01:00,0.0
2026-03-07T23:00:00+01:00,0.0
2026-03-07T23:15:00+01:00,0.0
2026-03-07T23:30:00+01:00,0.0
2026-03-07T23:45:00+01:00,0.0
2026-03-08T00:00:00+01:00,0.0
2026-03-08T00:15:00+01:00,0.0
2026-03-08T00:30:00+01:00,0.0
2026-03-08T00:45:00+01:00,0.0
2026-03-08T01:00:00+01:00,0.0
2026-03-08T01:15:00+01:00,0.0
2026-03-08T01:30:00+01:00,0.0
2026-03-08T01:45:00+01:00,0.0
2026-03-08T02:00:00+01:00,0.0
2026-03-08T02:15:00+01:00,0.0
2026-03-08T02:30:00+01:00,0.0
2026-03-08T02:45:00+01:00,0.0
2026-03-08T03:00:00+01:00,0.0
2026-03-08T03:15:00+01:00,0.0
2026-03-08T03:30:00+01:00,0.0
2026-03-08T03:45:00+01:00,0.0
2026-03-08T04:00:00+01:00,0.0
2026-03-08T04:15:00+01:00,0.0
2026-03-08T04:30:00+01:00,0.0
2026-03-08T04:45:00+01:00,0.0
2026-03-08T05:00:00+01:00,0.0
2026-03-08T05:15:00+01:00,0.0
2026-03-08T05:30:00+01:00,0.0
2026-03-08T05:45:00+01:00,0.0
2026-03-08T06:00:00+01:00,0.0
2026-03-08T06:15:00+01:00,0.0
2026-03-08T06:30:00+01:00,0.0
2026-03-08T06:45:00+01:00,0.0
2026-03-08T07:00:00+01:00,0.0
2026-03-08T07:15:00+01:00,0.0
2026-03-08T07:30:00+01:00,0.0
2026-03-08T07:45:00+01:00,0.0
2026-03-08T08:00:00+01:00,0.0
2026-03-08T08:15:00+01:00,0.0
2026-03-08T08:30:00+01:00,0.0
2026-03-08T08:45:00+01:00,0.0
2026-03-08T09:00:00+01:00,0.0
2026-03-08T09:15:00+01:00,0.0
2026-03-08T09:30:00+01:00,0.0
2026-03-08T09:45:00+01:00,0.0
2026-03-08T10:00:00+01:00,0.0
2026-03-08T10:15:00+01:00,0.0
2026-03-08T10:30:00+01:00,0.0
2026-03-08T10:45:00+01:00,0.0
2026-03-08T11:00:00+01:00,0.0
2026-03-08T11:15:00+01:00,0.0
2026-03-08T11:30:00+01:00,0.0
2026-03-08T11:45:00+01:00,0.0
2026-03-08T12:00:00+01:00,0.0
2026-03-08T12:15:00+01:00,0.0
2026-03-08T12:30:00+01:00,0.0
2026-03-08T12:45:00+01:00,0.0
2026-03-08T13:00:00+01:00,0.0
2026-03-08T13:15:00+01:00,0.0
2026-03-08T13:30:00+01:00,0.0
2026-03-08T13:45:00+01:00,0.0
2026-03-08T14:00:00+01:00,0.0
2026-03-08T14:15:00+01:00,0.0
2026-03-08T14:30:00+01:00,0.0
2026-03-08T14:45:00+01:00,0.0
2026-03-08T15:00:00+01:00,0.0
2026-03-08T15:15:00+01:00,0.0
2026-03-08T15:30:00+01:00,0.0
2026-03-08T15:45:00+01:00,0.0
2026-03-08T16:00:00+01:00,0.0
2026-03-08T16:15:00+01:00,0.0
2026-03-08T16:30:00+01:00,0.0
2026-03-08T16:45:00+01:00,0.0
2026-03-08T17:00:00+01:00,0.0
2026-03-08T17:15:00+01:00,0.0
2026-03-08T17:30:00+01:00,0.0
2026-03-08T17:45:00+01:00,0.0
2026-03-08T18:00:00+01:00,0.0
2026-03-08T18:15:00+01:00,0.0
2026-03-08T18:30:00+01:00,0.0
2026-03-08T18:45:00+01:00,0.0
2026-03-08T19:00:00+01:00,0.0
2026-03-08T19:15:00+01:00,0.0
2026-03-08T19:30:00+01:00,0.0
2026-03-08T19:45:00+01:00,0.0
2026-03-08T20:00:00+01:00,0.0
2026-03-08T20:15:00+01:00,0.0
2026-03-08T20:30:00+01:00,0.0
2026-03-08T20:45:00+01:00,0.0
2026-03-08T21:00:00+01:00,0.0
2026-03-08T21:15:00+01:00,0.0
2026-03-08T21:30:00+01:00,0.0
2026-03-08T21:45:00+01:00,0.0
2026-03-08T22:00:00+01:00,0.0
2026-03-08T22:15:00+01:00,2.60208
2026-03-08T22:30:00+01:00,4.04888
2026-03-08T22:45:00+01:00,3.94168
2026-03-08T23:00:00+01:00,4.44344
2026-03-08T23:15:00+01:00,3.581017
2026-03-08T23:30:00+01:00,4.979987
2026-03-08T23:45:00+01:00,3.835876
2026-03-09T00:00:00+01:00,4.591535
2026-03-09T00:15:00+01:00,4.131304
2026-03-09T00:30:00+01:00,3.929081
2026-03-09T00:45:00+01:00,1.4651
2026-03-09T01:00:00+01:00,4.7933
2026-03-09T01:15:00+01:00,4.52666
2026-03-09T01:30:00+01:00,4.71654
2026-03-09T01:45:00+01:00,4.377961
2026-03-09T02:00:00+01:00,4.161258
2026-03-09T02:15:00+01:00,2.529686
2026-03-09T02:30:00+01:00,2.705175
2026-03-09T02:45:00+01:00,3.808055
2026-03-09T03:00:00+01:00,4.737217
2026-03-09T03:15:00+01:00,4.320567
2026-03-09T03:30:00+01:00,3.704249
2026-03-09T03:45:00+01:00,3.321993
2026-03-09T04:00:00+01:00,3.690809
2026-03-09T04:15:00+01:00,3.791508
2026-03-09T04:30:00+01:00,3.896893
2026-03-09T04:45:00+01:00,3.133827
2026-03-09T05:00:00+01:00,3.721656
2026-03-09T05:15:00+01:00,1.380664
2026-03-09T05:30:00+01:00,0.0
2026-03-09T05:45:00+01:00,0.0
2026-03-09T06:00:00+01:00,0.0
2026-03-09T06:15:00+01:00,0.170551
2026-03-09T06:30:00+01:00,2.036489
2026-03-09T06:45:00+01:00,3.22064
2026-03-09T07:00:00+01:00,3.66696
2026-03-09T07:15:00+01:00,4.84072
2026-03-09T07:30:00+01:00,4.73384
2026-03-09T07:45:00+01:00,5.43752
2026-03-09T08:00:00+01:00,6.00928
2026-03-09T08:15:00+01:00,5.9259
2026-03-09T08:30:00+01:00,5.66698
2026-03-09T08:45:00+01:00,5.46024
2026-03-09T09:00:00+01:00,4.17144
2026-03-09T09:15:00+01:00,4.01184
2026-03-09T09:30:00+01:00,2.4596
2026-03-09T09:45:00+01:00,0.42
2026-03-09T10:00:00+01:00,1.48416
2026-03-09T10:15:00+01:00,2.871399
2026-03-09T10:30:00+01:00,2.628308
2026-03-09T10:45:00+01:00,4.079291
2026-03-09T11:00:00+01:00,3.710843
2026-03-09T11:15:00+01:00,4.692033
2026-03-09T11:30:00+01:00,5.318127
2026-03-09T11:45:00+01:00,4.64352
2026-03-09T12:00:00+01:00,4.99176
2026-03-09T12:15:00+01:00,4.99536
2026-03-09T12:30:00+01:00,3.8252
2026-03-09T12:45:00+01:00,0.0
2026-03-09T13:00:00+01:00,0.0
2026-03-09T13:15:00+01:00,2.897886
2026-03-09T13:30:00+01:00,5.942994
2026-03-09T13:45:00+01:00,5.90623
2026-03-09T14:00:00+01:00,5.41507
2026-03-09T14:15:00+01:00,5.128861
2026-03-09T14:30:00+01:00,3.843073
2026-03-09T14:45:00+01:00,3.936173
2026-03-09T15:00:00+01:00,3.980674
2026-03-09T15:15:00+01:00,4.39856
2026-03-09T15:30:00+01:00,5.237396
2026-03-09T15:45:00+01:00,3.546044
2026-03-09T16:00:00+01:00,0.51104
2026-03-09T16:15:00+01:00,2.69115
2026-03-09T16:30:00+01:00,4.39709
2026-03-09T16:45:00+01:00,4.687375
2026-03-09T17:00:00+01:00,4.092505
2026-03-09T17:15:00+01:00,2.362684
2026-03-09T17:30:00+01:00,3.949036
2026-03-09T17:45:00+01:00,3.59272
2026-03-09T18:00:00+01:00,4.36592
2026-03-09T18:15:00+01:00,3.8388
2026-03-09T18:30:00+01:00,5.41288
2026-03-09T18:45:00+01:00,4.21624
2026-03-09T19:00:00+01:00,3.53152
2026-03-09T19:15:00+01:00,4.63808
2026-03-09T19:30:00+01:00,5.990555
2026-03-09T19:45:00+01:00,5.855925
2026-03-09T20:00:00+01:00,5.999406
2026-03-09T20:15:00+01:00,6.014434
2026-03-09T20:30:00+01:00,4.541098
2026-03-09T20:45:00+01:00,5.327706
2026-03-09T21:00:00+01:00,4.029196
2026-03-09T21:15:00+01:00,5.81856
2026-03-09T21:30:00+01:00,6.05112
2026-03-09T21:45:00+01:00,5.34128
2026-03-09T22:00:00+01:00,1.34672
2026-03-09T22:15:00+01:00,2.72136
2026-03-09T22:30:00+01:00,4.1868
2026-03-09T22:45:00+01:00,5.38928
2026-03-09T23:00:00+01:00,4.47712
2026-03-09T23:15:00+01:00,4.27208
2026-03-09T23:30:00+01:00,2.81464
2026-03-09T23:45:00+01:00,4.02016
2026-03-10T00:00:00+01:00,1.12656
2026-03-10T00:15:00+01:00,2.00288
2026-03-10T00:30:00+01:00,1.44568
2026-03-10T00:45:00+01:00,1.68648
2026-03-10T01:00:00+01:00,1.45288
2026-03-10T01:15:00+01:00,0.02808
2026-03-10T01:30:00+01:00,0.95528
2026-03-10T01:45:00+01:00,1.20808
2026-03-10T02:00:00+01:00,0.577924
2026-03-10T02:15:00+01:00,1.318154
2026-03-10T02:30:00+01:00,1.618242
2026-03-10T02:45:00+01:00,0.6644
2026-03-10T03:00:00+01:00,1.447124
2026-03-10T03:15:00+01:00,3.728876
2026-03-10T03:30:00+01:00,4.5084
2026-03-10T03:45:00+01:00,4.47344
2026-03-10T04:00:00+01:00,4.933338
2026-03-10T04:15:00+01:00,4.475462
2026-03-10T04:30:00+01:00,4.44344
2026-03-10T04:45:00+01:00,4.464398
2026-03-10T05:00:00+01:00,2.131442
2026-03-10T05:15:00+01:00,1.050897
2026-03-10T05:30:00+01:00,0.249103
2026-03-10T05:45:00+01:00,0.16928
2026-03-10T06:00:00+01:00,4.09024
2026-03-10T06:15:00+01:00,4.67944
2026-03-10T06:30:00+01:00,5.7376
2026-03-10T06:45:00+01:00,6.05512
2026-03-10T07:00:00+01:00,6.04032
2026-03-10T07:15:00+01:00,6.01752
2026-03-10T07:30:00+01:00,6.03848
2026-03-10T07:45:00+01:00,6.02336
2026-03-10T08:00:00+01:00,6.034526
2026-03-10T08:15:00+01:00,6.037833
2026-03-10T08:30:00+01:00,6.034167
2026-03-10T08:45:00+01:00,6.035634
2026-03-10T09:00:00+01:00,6.02464
2026-03-10T09:15:00+01:00,5.384797
2026-03-10T09:30:00+01:00,4.610323
2026-03-10T09:45:00+01:00,3.007978
2026-03-10T10:00:00+01:00,3.019702
2026-03-10T10:15:00+01:00,5.40888
2026-03-10T10:30:00+01:00,5.8936
2026-03-10T10:45:00+01:00,4.66496
2026-03-10T11:00:00+01:00,5.42248
2026-03-10T11:15:00+01:00,5.80936
2026-03-10T11:30:00+01:00,5.80968
2026-03-10T11:45:00+01:00,5.628154
2026-03-10T12:00:00+01:00,4.556201
2026-03-10T12:15:00+01:00,4.132361
2026-03-10T12:30:00+01:00,2.277365
2026-03-10T12:45:00+01:00,0.0
2026-03-10T13:00:00+01:00,0.0
2026-03-10T13:15:00+01:00,2.379251
2026-03-10T13:30:00+01:00,5.643789
2026-03-10T13:45:00+01:00,5.98344
2026-03-10T14:00:00+01:00,5.714911
2026-03-10T14:15:00+01:00,5.973833
2026-03-10T14:30:00+01:00,4.531496
2026-03-10T14:45:00+01:00,3.998457
2026-03-10T15:00:00+01:00,3.164903
2026-03-10T15:15:00+01:00,1.975076
2026-03-10T15:30:00+01:00,3.660532
2026-03-10T15:45:00+01:00,2.99887
2026-03-10T16:00:00+01:00,5.784718
2026-03-10T16:15:00+01:00,4.999801
2026-03-10T16:30:00+01:00,5.606604
2026-03-10T16:45:00+01:00,5.63448
2026-03-10T17:00:00+01:00,5.89352
2026-03-10T17:15:00+01:00,5.86496
2026-03-10T17:30:00+01:00,6.01624
2026-03-10T17:45:00+01:00,5.94712
2026-03-10T18:00:00+01:00,5.85456
2026-03-10T18:15:00+01:00,5.55512
2026-03-10T18:30:00+01:00,3.95512
2026-03-10T18:45:00+01:00,0.0432
2026-03-10T19:00:00+01:00,0.0
2026-03-10T19:15:00+01:00,1.07976
2026-03-10T19:30:00+01:00,2.68464
2026-03-10T19:45:00+01:00,0.72096
2026-03-10T20:00:00+01:00,0.44976
2026-03-10T20:15:00+01:00,2.023352
2026-03-10T20:30:00+01:00,2.661368
2026-03-10T20:45:00+01:00,2.26488
2026-03-10T21:00:00+01:00,3.12672
2026-03-10T21:15:00+01:00,2.510128
2026-03-10T21:30:00+01:00,3.411442
2026-03-10T21:45:00+01:00,3.64107
2026-03-10T22:00:00+01:00,0.428976
2026-03-10T22:15:00+01:00,0.652944
2026-03-10T22:30:00+01:00,0.0
2026-03-10T22:45:00+01:00,0.0
2026-03-10T23:00:00+01:00,0.0
2026-03-10T23:15:00+01:00,0.0
2026-03-10T23:30:00+01:00,0.0
2026-03-10T23:45:00+01:00,0.0
2026-03-11T00:00:00+01:00,0.0
2026-03-11T00:15:00+01:00,0.0
2026-03-11T00:30:00+01:00,0.0
2026-03-11T00:45:00+01:00,0.0
2026-03-11T01:00:00+01:00,0.0
2026-03-11T01:15:00+01:00,0.0
2026-03-11T01:30:00+01:00,0.0
2026-03-11T01:45:00+01:00,0.0
2026-03-11T02:00:00+01:00,0.0
2026-03-11T02:15:00+01:00,0.0
2026-03-11T02:30:00+01:00,0.0
2026-03-11T02:45:00+01:00,0.0
2026-03-11T03:00:00+01:00,0.315237
2026-03-11T03:15:00+01:00,0.853403
2026-03-11T03:30:00+01:00,0.48336
2026-03-11T03:45:00+01:00,0.0
2026-03-11T04:00:00+01:00,0.0
2026-03-11T04:15:00+01:00,0.0
2026-03-11T04:30:00+01:00,0.0
2026-03-11T04:45:00+01:00,0.33856
2026-03-11T05:00:00+01:00,0.44144
2026-03-11T05:15:00+01:00,0.0
2026-03-11T05:30:00+01:00,0.36616
2026-03-11T05:45:00+01:00,1.61472
2026-03-11T06:00:00+01:00,3.8712
2026-03-11T06:15:00+01:00,3.5688
2026-03-11T06:30:00+01:00,3.64928
2026-03-11T06:45:00+01:00,5.04144
2026-03-11T07:00:00+01:00,4.73632
2026-03-11T07:15:00+01:00,4.61568
2026-03-11T07:30:00+01:00,4.11448
2026-03-11T07:45:00+01:00,4.26744
2026-03-11T08:00:00+01:00,5.29032
2026-03-11T08:15:00+01:00,5.51152
2026-03-11T08:30:00+01:00,5.97144
2026-03-11T08:45:00+01:00,4.12168
2026-03-11T09:00:00+01:00,3.47672
2026-03-11T09:15:00+01:00,5.31448
2026-03-11T09:30:00+01:00,5.40272
2026-03-11T09:45:00+01:00,1.1816
2026-03-11T10:00:00+01:00,1.490836
2026-03-11T10:15:00+01:00,4.092284
2026-03-11T10:30:00+01:00,2.39936
2026-03-11T10:45:00+01:00,4.475072
2026-03-11T11:00:00+01:00,5.928535
2026-03-11T11:15:00+01:00,4.262153
2026-03-11T11:30:00+01:00,4.376242
2026-03-11T11:45:00+01:00,4.294798
2026-03-11T12:00:00+01:00,2.14472
2026-03-11T12:15:00+01:00,0.0
2026-03-11T12:30:00+01:00,0.0
2026-03-11T12:45:00+01:00,0.6992
2026-03-11T13:00:00+01:00,4.790913
2026-03-11T13:15:00+01:00,5.954047
2026-03-11T13:30:00+01:00,5.601116
2026-03-11T13:45:00+01:00,4.197608
2026-03-11T14:00:00+01:00,0.197116
2026-03-11T14:15:00+01:00,3.557568
2026-03-11T14:30:00+01:00,5.351472
2026-03-11T14:45:00+01:00,5.74728
2026-03-11T15:00:00+01:00,5.898936
2026-03-11T15:15:00+01:00,5.788186
2026-03-11T15:30:00+01:00,5.834166
2026-03-11T15:45:00+01:00,5.682072
2026-03-11T16:00:00+01:00,6.00743
2026-03-11T16:15:00+01:00,5.98489
2026-03-11T16:30:00+01:00,6.003947
2026-03-11T16:45:00+01:00,4.777813
2026-03-11T17:00:00+01:00,5.38552
2026-03-11T17:15:00+01:00,5.26688
2026-03-11T17:30:00+01:00,5.984
2026-03-11T17:45:00+01:00,5.4968
2026-03-11T18:00:00+01:00,4.04424
2026-03-11T18:15:00+01:00,5.15032
2026-03-11T18:30:00+01:00,5.46776
2026-03-11T18:45:00+01:00,3.19496
2026-03-11T19:00:00+01:00,3.2152
2026-03-11T19:15:00+01:00,5.01064
2026-03-11T19:30:00+01:00,4.85705
2026-03-11T19:45:00+01:00,3.91191
2026-03-11T20:00:00+01:00,4.79589
2026-03-11T20:15:00+01:00,5.415318
2026-03-11T20:30:00+01:00,4.864793
2026-03-11T20:45:00+01:00,5.466204
2026-03-11T21:00:00+01:00,4.418769
2026-03-11T21:15:00+01:00,2.836787
2026-03-11T21:30:00+01:00,2.3748
2026-03-11T21:45:00+01:00,3.29176
2026-03-11T22:00:00+01:00,0.22464
2026-03-11T22:15:00+01:00,0.364
2026-03-11T22:30:00+01:00,0.476
2026-03-11T22:45:00+01:00,0.18511
2026-03-11T23:00:00+01:00,1.34689
2026-03-11T23:15:00+01:00,0.436
2026-03-11T23:30:00+01:00,0.0
2026-03-11T23:45:00+01:00,0.0
2026-03-12T00:00:00+01:00,0.0
2026-03-12T00:15:00+01:00,0.012837
2026-03-12T00:30:00+01:00,0.427163
2026-03-12T00:45:00+01:00,0.0
2026-03-12T01:00:00+01:00,0.0
2026-03-12T01:15:00+01:00,0.0
2026-03-12T01:30:00+01:00,0.0
2026-03-12T01:45:00+01:00,0.0
2026-03-12T02:00:00+01:00,0.0
2026-03-12T02:15:00+01:00,0.0
2026-03-12T02:30:00+01:00,0.0
2026-03-12T02:45:00+01:00,0.0
2026-03-12T03:00:00+01:00,0.0
2026-03-12T03:15:00+01:00,0.0
2026-03-12T03:30:00+01:00,0.412
2026-03-12T03:45:00+01:00,0.0
2026-03-12T04:00:00+01:00,0.0
2026-03-12T04:15:00+01:00,0.0
2026-03-12T04:30:00+01:00,0.52992
2026-03-12T04:45:00+01:00,3.35304
2026-03-12T05:00:00+01:00,2.39736
2026-03-12T05:15:00+01:00,0.31968
2026-03-12T05:30:00+01:00,0.0
2026-03-12T05:45:00+01:00,0.20608
2026-03-12T06:00:00+01:00,2.25792
2026-03-12T06:15:00+01:00,3.16624
2026-03-12T06:30:00+01:00,4.016971
2026-03-12T06:45:00+01:00,5.952069
2026-03-12T07:00:00+01:00,6.06776
2026-03-12T07:15:00+01:00,6.04432
2026-03-12T07:30:00+01:00,5.792
2026-03-12T07:45:00+01:00,5.9048
2026-03-12T08:00:00+01:00,5.9112
2026-03-12T08:15:00+01:00,6.04
2026-03-12T08:30:00+01:00,6.04368
2026-03-12T08:45:00+01:00,5.88405
2026-03-12T09:00:00+01:00,4.35019
2026-03-12T09:15:00+01:00,5.52664
2026-03-12T09:30:00+01:00,5.147037
2026-03-12T09:45:00+01:00,5.581923
2026-03-12T10:00:00+01:00,5.0368
2026-03-12T10:15:00+01:00,5.66384
2026-03-12T10:30:00+01:00,5.83448
2026-03-12T10:45:00+01:00,5.05752
2026-03-12T11:00:00+01:00,5.906759
2026-03-12T11:15:00+01:00,5.964133
2026-03-12T11:30:00+01:00,5.450628
2026-03-12T11:45:00+01:00,4.206555
2026-03-12T12:00:00+01:00,4.083285
2026-03-12T12:15:00+01:00,4.5644
2026-03-12T12:30:00+01:00,2.49072
2026-03-12T12:45:00+01:00,0.0
2026-03-12T13:00:00+01:00,0.0
2026-03-12T13:15:00+01:00,0.0
2026-03-12T13:30:00+01:00,0.0
2026-03-12T13:45:00+01:00,0.0
2026-03-12T14:00:00+01:00,1.56304
2026-03-12T14:15:00+01:00,5.8556
2026-03-12T14:30:00+01:00,5.826
2026-03-12T14:45:00+01:00,5.97536
2026-03-12T15:00:00+01:00,6.00368
2026-03-12T15:15:00+01:00,6.01232
2026-03-12T15:30:00+01:00,6.00984
2026-03-12T15:45:00+01:00,6.01416
2026-03-12T16:00:00+01:00,6.01168
2026-03-12T16:15:00+01:00,6.008
2026-03-12T16:30:00+01:00,6.00216
2026-03-12T16:45:00+01:00,6.00032
2026-03-12T17:00:00+01:00,5.98832
2026-03-12T17:15:00+01:00,5.99384
2026-03-12T17:30:00+01:00,5.98184
2026-03-12T17:45:00+01:00,5.98984
2026-03-12T18:00:00+01:00,6.016
2026-03-12T18:15:00+01:00,6.00368
2026-03-12T18:30:00+01:00,6.012374
2026-03-12T18:45:00+01:00,6.028826
2026-03-12T19:00:00+01:00,5.1712
2026-03-12T19:15:00+01:00,5.7836
2026-03-12T19:30:00+01:00,6.016
2026-03-12T19:45:00+01:00,6.027705
2026-03-12T20:00:00+01:00,6.050455
2026-03-12T20:15:00+01:00,6.024046
2026-03-12T20:30:00+01:00,6.033474
2026-03-12T20:45:00+01:00,6.03632
2026-03-12T21:00:00+01:00,6.034765
2026-03-12T21:15:00+01:00,6.029235
2026-03-12T21:30:00+01:00,6.026101
2026-03-12T21:45:00+01:00,3.826432
2026-03-12T22:00:00+01:00,0.474827
2026-03-12T22:15:00+01:00,0.22896
2026-03-12T22:30:00+01:00,0.424
2026-03-12T22:45:00+01:00,0.424
2026-03-12T23:00:00+01:00,0.0
2026-03-12T23:15:00+01:00,0.0
2026-03-12T23:30:00+01:00,0.0
2026-03-12T23:45:00+01:00,0.0
2026-03-13T00:00:00+01:00,0.0
2026-03-13T00:15:00+01:00,0.0
2026-03-13T00:30:00+01:00,0.0
2026-03-13T00:45:00+01:00,0.0
2026-03-13T01:00:00+01:00,0.0
2026-03-13T01:15:00+01:00,0.0
2026-03-13T01:30:00+01:00,0.0
2026-03-13T01:45:00+01:00,0.0
2026-03-13T02:00:00+01:00,0.0
2026-03-13T02:15:00+01:00,0.0
2026-03-13T02:30:00+01:00,0.0
2026-03-13T02:45:00+01:00,0.0
2026-03-13T03:00:00+01:00,0.0
2026-03-13T03:15:00+01:00,0.0
2026-03-13T03:30:00+01:00,0.0
2026-03-13T03:45:00+01:00,0.0
2026-03-13T04:00:00+01:00,0.0
2026-03-13T04:15:00+01:00,0.0
2026-03-13T04:30:00+01:00,0.412
2026-03-13T04:45:00+01:00,0.0
2026-03-13T05:00:00+01:00,0.0
2026-03-13T05:15:00+01:00,0.0
2026-03-13T05:30:00+01:00,0.0
2026-03-13T05:45:00+01:00,1.41904
2026-03-13T06:00:00+01:00,2.408136
2026-03-13T06:15:00+01:00,4.245927
2026-03-13T06:30:00+01:00,5.053537
2026-03-13T06:45:00+01:00,5.91768
2026-03-13T07:00:00+01:00,5.85712
2026-03-13T07:15:00+01:00,5.65088
2026-03-13T07:30:00+01:00,5.98952
2026-03-13T07:45:00+01:00,5.76032
2026-03-13T08:00:00+01:00,5.99048
2026-03-13T08:15:00+01:00,5.96064
2026-03-13T08:30:00+01:00,5.8452
2026-03-13T08:45:00+01:00,5.99472
2026-03-13T09:00:00+01:00,5.68096
2026-03-13T09:15:00+01:00,5.97673
2026-03-13T09:30:00+01:00,5.96791
2026-03-13T09:45:00+01:00,5.51808
2026-03-13T10:00:00+01:00,5.790344
2026-03-13T10:15:00+01:00,5.963256
2026-03-13T10:30:00+01:00,5.69912
2026-03-13T10:45:00+01:00,3.89024
2026-03-13T11:00:00+01:00,4.932771
2026-03-13T11:15:00+01:00,5.640997
2026-03-13T11:30:00+01:00,6.016232
2026-03-13T11:45:00+01:00,5.807383
2026-03-13T12:00:00+01:00,5.099721
2026-03-13T12:15:00+01:00,3.833616
2026-03-13T12:30:00+01:00,2.16488
2026-03-13T12:45:00+01:00,0.33144
2026-03-13T13:00:00+01:00,2.9376
2026-03-13T13:15:00+01:00,5.4048
2026-03-13T13:30:00+01:00,5.83136
2026-03-13T13:45:00+01:00,6.00584
2026-03-13T14:00:00+01:00,5.55528
2026-03-13T14:15:00+01:00,5.59272
2026-03-13T14:30:00+01:00,5.7572
2026-03-13T14:45:00+01:00,4.244
2026-03-13T15:00:00+01:00,0.65232
2026-03-13T15:15:00+01:00,1.030528
2026-03-13T15:30:00+01:00,4.756512
2026-03-13T15:45:00+01:00,5.85576
2026-03-13T16:00:00+01:00,5.269414
2026-03-13T16:15:00+01:00,5.246506
2026-03-13T16:30:00+01:00,3.10928
2026-03-13T16:45:00+01:00,0.0
2026-03-13T17:00:00+01:00,0.0
2026-03-13T17:15:00+01:00,1.616053
2026-03-13T17:30:00+01:00,4.308587
2026-03-13T17:45:00+01:00,1.8148
2026-03-13T18:00:00+01:00,4.704
2026-03-13T18:15:00+01:00,4.941344
2026-03-13T18:30:00+01:00,4.037696
2026-03-13T18:45:00+01:00,0.20952
2026-03-13T19:00:00+01:00,0.0
2026-03-13T19:15:00+01:00,2.419734
2026-03-13T19:30:00+01:00,5.263066
2026-03-13T19:45:00+01:00,5.1384
2026-03-13T20:00:00+01:00,5.2732
2026-03-13T20:15:00+01:00,5.90592
2026-03-13T20:30:00+01:00,4.83416
2026-03-13T20:45:00+01:00,1.27312
2026-03-13T21:00:00+01:00,1.30896
2026-03-13T21:15:00+01:00,2.1884
2026-03-13T21:30:00+01:00,0.97104
2026-03-13T21:45:00+01:00,0.0
2026-03-13T22:00:00+01:00,0.0
2026-03-13T22:15:00+01:00,0.0
2026-03-13T22:30:00+01:00,0.0
2026-03-13T22:45:00+01:00,0.0
2026-03-13T23:00:00+01:00,0.0
2026-03-13T23:15:00+01:00,0.0
2026-03-13T23:30:00+01:00,0.0
2026-03-13T23:45:00+01:00,0.0
2026-03-14T00:00:00+01:00,0.0
2026-03-14T00:15:00+01:00,0.0
2026-03-14T00:30:00+01:00,0.0
2026-03-14T00:45:00+01:00,0.0
2026-03-14T01:00:00+01:00,0.0
2026-03-14T01:15:00+01:00,0.0
2026-03-14T01:30:00+01:00,0.0
2026-03-14T01:45:00+01:00,0.0
2026-03-14T02:00:00+01:00,0.0
2026-03-14T02:15:00+01:00,0.0
2026-03-14T02:30:00+01:00,0.0
2026-03-14T02:45:00+01:00,0.0
2026-03-14T03:00:00+01:00,0.0
2026-03-14T03:15:00+01:00,0.0
2026-03-14T03:30:00+01:00,0.0
2026-03-14T03:45:00+01:00,0.0
2026-03-14T04:00:00+01:00,0.0
2026-03-14T04:15:00+01:00,0.0
2026-03-14T04:30:00+01:00,0.0
2026-03-14T04:45:00+01:00,0.0
2026-03-14T05:00:00+01:00,0.0
2026-03-14T05:15:00+01:00,0.0
2026-03-14T05:30:00+01:00,0.0
2026-03-14T05:45:00+01:00,0.0
2026-03-14T06:00:00+01:00,0.0
2026-03-14T06:15:00+01:00,0.0
2026-03-14T06:30:00+01:00,0.0
2026-03-14T06:45:00+01:00,0.0
2026-03-14T07:00:00+01:00,0.0
2026-03-14T07:15:00+01:00,0.0
2026-03-14T07:30:00+01:00,0.0
2026-03-14T07:45:00+01:00,0.0
2026-03-14T08:00:00+01:00,0.0
2026-03-14T08:15:00+01:00,0.0
2026-03-14T08:30:00+01:00,0.0
2026-03-14T08:45:00+01:00,0.0
2026-03-14T09:00:00+01:00,0.0
2026-03-14T09:15:00+01:00,0.0
2026-03-14T09:30:00+01:00,0.0
2026-03-14T09:45:00+01:00,0.0
2026-03-14T10:00:00+01:00,0.0
2026-03-14T10:15:00+01:00,0.0
2026-03-14T10:30:00+01:00,0.0
2026-03-14T10:45:00+01:00,0.0
2026-03-14T11:00:00+01:00,0.0
2026-03-14T11:15:00+01:00,0.0
2026-03-14T11:30:00+01:00,0.0
2026-03-14T11:45:00+01:00,0.0
2026-03-14T12:00:00+01:00,0.0
2026-03-14T12:15:00+01:00,0.0
2026-03-14T12:30:00+01:00,0.0
2026-03-14T12:45:00+01:00,0.0
2026-03-14T13:00:00+01:00,0.0
2026-03-14T13:15:00+01:00,0.0
2026-03-14T13:30:00+01:00,0.0
2026-03-14T13:45:00+01:00,0.0
2026-03-14T14:00:00+01:00,0.0
2026-03-14T14:15:00+01:00,0.0
2026-03-14T14:30:00+01:00,0.0
2026-03-14T14:45:00+01:00,0.0
2026-03-14T15:00:00+01:00,0.0
2026-03-14T15:15:00+01:00,0.0
2026-03-14T15:30:00+01:00,0.0
2026-03-14T15:45:00+01:00,0.0
2026-03-14T16:00:00+01:00,0.0
2026-03-14T16:15:00+01:00,0.0
2026-03-14T16:30:00+01:00,0.0
2026-03-14T16:45:00+01:00,0.0
2026-03-14T17:00:00+01:00,0.0
2026-03-14T17:15:00+01:00,0.0
2026-03-14T17:30:00+01:00,0.0
2026-03-14T17:45:00+01:00,0.0
2026-03-14T18:00:00+01:00,0.0
2026-03-14T18:15:00+01:00,0.0
2026-03-14T18:30:00+01:00,0.0
2026-03-14T18:45:00+01:00,0.0
2026-03-14T19:00:00+01:00,0.0
2026-03-14T19:15:00+01:00,0.0
2026-03-14T19:30:00+01:00,0.0
2026-03-14T19:45:00+01:00,0.0
2026-03-14T20:00:00+01:00,0.0
2026-03-14T20:15:00+01:00,0.0
2026-03-14T20:30:00+01:00,0.0
2026-03-14T20:45:00+01:00,0.0
2026-03-14T21:00:00+01:00,0.0
2026-03-14T21:15:00+01:00,0.0
2026-03-14T21:30:00+01:00,0.0
2026-03-14T21:45:00+01:00,0.0
2026-03-14T22:00:00+01:00,0.0
2026-03-14T22:15:00+01:00,0.0
2026-03-14T22:30:00+01:00,0.0
2026-03-14T22:45:00+01:00,0.0
2026-03-14T23:00:00+01:00,0.0
2026-03-14T23:15:00+01:00,0.0
2026-03-14T23:30:00+01:00,0.0
2026-03-14T23:45:00+01:00,0.0
2026-03-15T00:00:00+01:00,0.0
2026-03-15T00:15:00+01:00,0.0
2026-03-15T00:30:00+01:00,0.0
2026-03-15T00:45:00+01:00,0.0
2026-03-15T01:00:00+01:00,0.0
2026-03-15T01:15:00+01:00,0.0
2026-03-15T01:30:00+01:00,0.0
2026-03-15T01:45:00+01:00,0.0
2026-03-15T02:00:00+01:00,0.0
2026-03-15T02:15:00+01:00,0.0
2026-03-15T02:30:00+01:00,0.0
2026-03-15T02:45:00+01:00,0.0
2026-03-15T03:00:00+01:00,0.0
2026-03-15T03:15:00+01:00,0.0
2026-03-15T03:30:00+01:00,0.0
2026-03-15T03:45:00+01:00,0.0
2026-03-15T04:00:00+01:00,0.0
2026-03-15T04:15:00+01:00,0.0
2026-03-15T04:30:00+01:00,0.0
2026-03-15T04:45:00+01:00,0.0
2026-03-15T05:00:00+01:00,0.0
2026-03-15T05:15:00+01:00,0.0
2026-03-15T05:30:00+01:00,0.0
2026-03-15T05:45:00+01:00,0.0
2026-03-15T06:00:00+01:00,0.0
2026-03-15T06:15:00+01:00,0.0
2026-03-15T06:30:00+01:00,0.0
2026-03-15T06:45:00+01:00,0.0
2026-03-15T07:00:00+01:00,0.0
2026-03-15T07:15:00+01:00,0.0
2026-03-15T07:30:00+01:00,0.0
2026-03-15T07:45:00+01:00,0.0
2026-03-15T08:00:00+01:00,0.0
2026-03-15T08:15:00+01:00,0.0
2026-03-15T08:30:00+01:00,0.0
2026-03-15T08:45:00+01:00,0.0
2026-03-15T09:00:00+01:00,0.0
2026-03-15T09:15:00+01:00,0.0
2026-03-15T09:30:00+01:00,0.0
2026-03-15T09:45:00+01:00,0.0
2026-03-15T10:00:00+01:00,0.0
2026-03-15T10:15:00+01:00,0.0
2026-03-15T10:30:00+01:00,0.0
2026-03-15T10:45:00+01:00,0.0
2026-03-15T11:00:00+01:00,0.0
2026-03-15T11:15:00+01:00,0.0
2026-03-15T11:30:00+01:00,0.0
2026-03-15T11:45:00+01:00,0.0
2026-03-15T12:00:00+01:00,0.0
2026-03-15T12:15:00+01:00,0.0
2026-03-15T12:30:00+01:00,0.0
2026-03-15T12:45:00+01:00,0.0
2026-03-15T13:00:00+01:00,0.0
2026-03-15T13:15:00+01:00,0.0
2026-03-15T13:30:00+01:00,0.0
2026-03-15T13:45:00+01:00,0.0
2026-03-15T14:00:00+01:00,0.0
2026-03-15T14:15:00+01:00,0.0
2026-03-15T14:30:00+01:00,0.0
2026-03-15T14:45:00+01:00,0.0
2026-03-15T15:00:00+01:00,0.0
2026-03-15T15:15:00+01:00,0.0
2026-03-15T15:30:00+01:00,0.0
2026-03-15T15:45:00+01:00,0.0
2026-03-15T16:00:00+01:00,0.0
2026-03-15T16:15:00+01:00,0.0
2026-03-15T16:30:00+01:00,0.0
2026-03-15T16:45:00+01:00,0.0
2026-03-15T17:00:00+01:00,0.0
2026-03-15T17:15:00+01:00,0.0
2026-03-15T17:30:00+01:00,0.0
2026-03-15T17:45:00+01:00,0.0
2026-03-15T18:00:00+01:00,0.0
2026-03-15T18:15:00+01:00,0.0
2026-03-15T18:30:00+01:00,0.0
2026-03-15T18:45:00+01:00,0.0
2026-03-15T19:00:00+01:00,0.0
2026-03-15T19:15:00+01:00,0.0
2026-03-15T19:30:00+01:00,0.0
2026-03-15T19:45:00+01:00,0.0
2026-03-15T20:00:00+01:00,0.0
2026-03-15T20:15:00+01:00,0.0
2026-03-15T20:30:00+01:00,0.0
2026-03-15T20:45:00+01:00,0.0
2026-03-15T21:00:00+01:00,0.0
2026-03-15T21:15:00+01:00,0.0
2026-03-15T21:30:00+01:00,0.0
2026-03-15T21:45:00+01:00,0.0
2026-03-15T22:00:00+01:00,0.0
2026-03-15T22:15:00+01:00,0.0
2026-03-15T22:30:00+01:00,0.0
2026-03-15T22:45:00+01:00,0.0
2026-03-15T23:00:00+01:00,0.0
2026-03-15T23:15:00+01:00,0.0
2026-03-15T23:30:00+01:00,0.0
2026-03-15T23:45:00+01:00,0.0
2026-03-16T00:00:00+01:00,0.0
2026-03-16T00:15:00+01:00,0.0
2026-03-16T00:30:00+01:00,0.0
2026-03-16T00:45:00+01:00,0.0
2026-03-16T01:00:00+01:00,0.0
2026-03-16T01:15:00+01:00,0.0
2026-03-16T01:30:00+01:00,0.0
2026-03-16T01:45:00+01:00,0.0
2026-03-16T02:00:00+01:00,0.0
2026-03-16T02:15:00+01:00,0.0
2026-03-16T02:30:00+01:00,0.0
2026-03-16T02:45:00+01:00,0.0
2026-03-16T03:00:00+01:00,0.0
2026-03-16T03:15:00+01:00,0.0
2026-03-16T03:30:00+01:00,0.0
2026-03-16T03:45:00+01:00,0.0
2026-03-16T04:00:00+01:00,0.0
2026-03-16T04:15:00+01:00,0.0
2026-03-16T04:30:00+01:00,0.0
2026-03-16T04:45:00+01:00,0.0
2026-03-16T05:00:00+01:00,0.0
2026-03-16T05:15:00+01:00,0.0
2026-03-16T05:30:00+01:00,0.0
2026-03-16T05:45:00+01:00,0.0
2026-03-16T06:00:00+01:00,1.36168
2026-03-16T06:15:00+01:00,3.9732
2026-03-16T06:30:00+01:00,5.98696
2026-03-16T06:45:00+01:00,5.75705
2026-03-16T07:00:00+01:00,5.755666
2026-03-16T07:15:00+01:00,5.730645
2026-03-16T07:30:00+01:00,5.335482
2026-03-16T07:45:00+01:00,5.009753
2026-03-16T08:00:00+01:00,5.395725
2026-03-16T08:15:00+01:00,5.875726
2026-03-16T08:30:00+01:00,5.416434
2026-03-16T08:45:00+01:00,3.43024
2026-03-16T09:00:00+01:00,2.732038
2026-03-16T09:15:00+01:00,3.002193
2026-03-16T09:30:00+01:00,0.917209
2026-03-16T09:45:00+01:00,0.0
2026-03-16T10:00:00+01:00,1.407826
2026-03-16T10:15:00+01:00,5.673054
2026-03-16T10:30:00+01:00,5.809539
2026-03-16T10:45:00+01:00,5.747421
2026-03-16T11:00:00+01:00,5.063329
2026-03-16T11:15:00+01:00,3.413631
2026-03-16T11:30:00+01:00,4.93832
2026-03-16T11:45:00+01:00,4.77792
2026-03-16T12:00:00+01:00,4.53664
2026-03-16T12:15:00+01:00,5.296
2026-03-16T12:30:00+01:00,5.12168
2026-03-16T12:45:00+01:00,4.47656
2026-03-16T13:00:00+01:00,2.51712
2026-03-16T13:15:00+01:00,3.72704
2026-03-16T13:30:00+01:00,4.47112
2026-03-16T13:45:00+01:00,3.98704
2026-03-16T14:00:00+01:00,4.143693
2026-03-16T14:15:00+01:00,5.560947
2026-03-16T14:30:00+01:00,5.84656
2026-03-16T14:45:00+01:00,4.67728
2026-03-16T15:00:00+01:00,5.581661
2026-03-16T15:15:00+01:00,5.132508
2026-03-16T15:30:00+01:00,5.109017
2026-03-16T15:45:00+01:00,5.092414
2026-03-16T16:00:00+01:00,4.708121
2026-03-16T16:15:00+01:00,3.832119
2026-03-16T16:30:00+01:00,3.0396
2026-03-16T16:45:00+01:00,2.82368
2026-03-16T17:00:00+01:00,2.673765
2026-03-16T17:15:00+01:00,3.193595
2026-03-16T17:30:00+01:00,3.416278
2026-03-16T17:45:00+01:00,4.769322
2026-03-16T18:00:00+01:00,5.119936
2026-03-16T18:15:00+01:00,5.412144
2026-03-16T18:30:00+01:00,4.59184
2026-03-16T18:45:00+01:00,1.82633
2026-03-16T19:00:00+01:00,2.564508
2026-03-16T19:15:00+01:00,3.203906
2026-03-16T19:30:00+01:00,4.278154
2026-03-16T19:45:00+01:00,4.131501
2026-03-16T20:00:00+01:00,4.70328
2026-03-16T20:15:00+01:00,5.614324
2026-03-16T20:30:00+01:00,4.818512
2026-03-16T20:45:00+01:00,5.697355
2026-03-16T21:00:00+01:00,4.837969
2026-03-16T21:15:00+01:00,4.37376
2026-03-16T21:30:00+01:00,4.20968
2026-03-16T21:45:00+01:00,4.61832
2026-03-16T22:00:00+01:00,4.24312
2026-03-16T22:15:00+01:00,2.62224
2026-03-16T22:30:00+01:00,3.34936
2026-03-16T22:45:00+01:00,2.84168
2026-03-16T23:00:00+01:00,3.03232
2026-03-16T23:15:00+01:00,4.0448
2026-03-16T23:30:00+01:00,4.271558
2026-03-16T23:45:00+01:00,1.899162
2026-03-17T00:00:00+01:00,3.30544
2026-03-17T00:15:00+01:00,0.0
2026-03-17T00:30:00+01:00,0.0
2026-03-17T00:45:00+01:00,0.0
2026-03-17T01:00:00+01:00,0.0
2026-03-17T01:15:00+01:00,0.0
2026-03-17T01:30:00+01:00,0.59536
2026-03-17T01:45:00+01:00,0.66064
2026-03-17T02:00:00+01:00,0.0
2026-03-17T02:15:00+01:00,0.0
2026-03-17T02:30:00+01:00,0.0
2026-03-17T02:45:00+01:00,0.0
2026-03-17T03:00:00+01:00,0.62248
2026-03-17T03:15:00+01:00,1.01752
2026-03-17T03:30:00+01:00,0.54784
2026-03-17T03:45:00+01:00,1.6452
2026-03-17T04:00:00+01:00,1.12696
2026-03-17T04:15:00+01:00,0.448
2026-03-17T04:30:00+01:00,0.0
2026-03-17T04:45:00+01:00,0.59536
2026-03-17T05:00:00+01:00,0.22464
2026-03-17T05:15:00+01:00,0.25544
2026-03-17T05:30:00+01:00,0.19656
2026-03-17T05:45:00+01:00,2.62152
2026-03-17T06:00:00+01:00,5.98488
2026-03-17T06:15:00+01:00,5.16776
2026-03-17T06:30:00+01:00,4.90952
2026-03-17T06:45:00+01:00,5.37456
2026-03-17T07:00:00+01:00,5.66808
2026-03-17T07:15:00+01:00,5.88992
2026-03-17T07:30:00+01:00,6.07512
2026-03-17T07:45:00+01:00,6.07168
2026-03-17T08:00:00+01:00,5.724345
2026-03-17T08:15:00+01:00,5.874569
2026-03-17T08:30:00+01:00,5.331567
2026-03-17T08:45:00+01:00,5.43872
2026-03-17T09:00:00+01:00,4.64032
2026-03-17T09:15:00+01:00,5.999201
2026-03-17T09:30:00+01:00,5.733839
2026-03-17T09:45:00+01:00,5.62328
2026-03-17T10:00:00+01:00,6.0
2026-03-17T10:15:00+01:00,5.24304
2026-03-17T10:30:00+01:00,5.55416
2026-03-17T10:45:00+01:00,6.0708
2026-03-17T11:00:00+01:00,5.3932
2026-03-17T11:15:00+01:00,3.0228
2026-03-17T11:30:00+01:00,3.75896
2026-03-17T11:45:00+01:00,3.78376
2026-03-17T12:00:00+01:00,3.88184
2026-03-17T12:15:00+01:00,4.123496
2026-03-17T12:30:00+01:00,5.338184
2026-03-17T12:45:00+01:00,5.12144
2026-03-17T13:00:00+01:00,3.88232
2026-03-17T13:15:00+01:00,4.5648
2026-03-17T13:30:00+01:00,5.836266
2026-03-17T13:45:00+01:00,4.034534
2026-03-17T14:00:00+01:00,3.70448
2026-03-17T14:15:00+01:00,5.619756
2026-03-17T14:30:00+01:00,5.837844
2026-03-17T14:45:00+01:00,5.15784
2026-03-17T15:00:00+01:00,5.846211
2026-03-17T15:15:00+01:00,5.011787
2026-03-17T15:30:00+01:00,5.692721
2026-03-17T15:45:00+01:00,5.09728
2026-03-17T16:00:00+01:00,5.38784
2026-03-17T16:15:00+01:00,5.43704
2026-03-17T16:30:00+01:00,3.67728
2026-03-17T16:45:00+01:00,3.70544
2026-03-17T17:00:00+01:00,4.38464
2026-03-17T17:15:00+01:00,3.2932
2026-03-17T17:30:00+01:00,0.48816
2026-03-17T17:45:00+01:00,0.0
2026-03-17T18:00:00+01:00,0.15088
2026-03-17T18:15:00+01:00,2.97064
2026-03-17T18:30:00+01:00,3.02648
2026-03-17T18:45:00+01:00,0.17296
2026-03-17T19:00:00+01:00,1.890083
2026-03-17T19:15:00+01:00,3.760797
2026-03-17T19:30:00+01:00,5.0752
2026-03-17T19:45:00+01:00,5.62032
2026-03-17T20:00:00+01:00,4.66832
2026-03-17T20:15:00+01:00,3.19048
2026-03-17T20:30:00+01:00,2.00656
2026-03-17T20:45:00+01:00,3.25408
2026-03-17T21:00:00+01:00,5.52936
2026-03-17T21:15:00+01:00,5.529887
2026-03-17T21:30:00+01:00,5.275233
2026-03-17T21:45:00+01:00,1.67872
2026-03-17T22:00:00+01:00,0.4
2026-03-17T22:15:00+01:00,0.0
2026-03-17T22:30:00+01:00,0.0
2026-03-17T22:45:00+01:00,0.0
2026-03-17T23:00:00+01:00,0.0
2026-03-17T23:15:00+01:00,0.0
2026-03-17T23:30:00+01:00,0.0
2026-03-17T23:45:00+01:00,0.0
2026-03-18T00:00:00+01:00,0.0
2026-03-18T00:15:00+01:00,0.0
2026-03-18T00:30:00+01:00,0.0
2026-03-18T00:45:00+01:00,0.0
2026-03-18T01:00:00+01:00,0.0
2026-03-18T01:15:00+01:00,0.0
2026-03-18T01:30:00+01:00,0.0
2026-03-18T01:45:00+01:00,0.0
2026-03-18T02:00:00+01:00,0.0
2026-03-18T02:15:00+01:00,0.0
2026-03-18T02:30:00+01:00,0.0
2026-03-18T02:45:00+01:00,0.0
2026-03-18T03:00:00+01:00,0.0
2026-03-18T03:15:00+01:00,0.0
2026-03-18T03:30:00+01:00,0.0
2026-03-18T03:45:00+01:00,0.0
2026-03-18T04:00:00+01:00,0.0
2026-03-18T04:15:00+01:00,0.0
2026-03-18T04:30:00+01:00,0.0
2026-03-18T04:45:00+01:00,0.0
2026-03-18T05:00:00+01:00,0.0
2026-03-18T05:15:00+01:00,0.0
2026-03-18T05:30:00+01:00,0.716147
2026-03-18T05:45:00+01:00,1.110849
2026-03-18T06:00:00+01:00,4.82111
2026-03-18T06:15:00+01:00,3.193653
2026-03-18T06:30:00+01:00,3.93408
2026-03-18T06:45:00+01:00,2.846
2026-03-18T07:00:00+01:00,4.7724
2026-03-18T07:15:00+01:00,4.468046
2026-03-18T07:30:00+01:00,6.089661
2026-03-18T07:45:00+01:00,5.153093
2026-03-18T08:00:00+01:00,5.522575
2026-03-18T08:15:00+01:00,5.954305
2026-03-18T08:30:00+01:00,5.952033
2026-03-18T08:45:00+01:00,6.141329
2026-03-18T09:00:00+01:00,6.094498
2026-03-18T09:15:00+01:00,5.971668
2026-03-18T09:30:00+01:00,6.103431
2026-03-18T09:45:00+01:00,5.80184
2026-03-18T10:00:00+01:00,6.08216
2026-03-18T10:15:00+01:00,6.07632
2026-03-18T10:30:00+01:00,6.06184
2026-03-18T10:45:00+01:00,6.10984
2026-03-18T11:00:00+01:00,6.06432
2026-03-18T11:15:00+01:00,5.41712
2026-03-18T11:30:00+01:00,5.148
2026-03-18T11:45:00+01:00,5.26696
2026-03-18T12:00:00+01:00,5.97224
2026-03-18T12:15:00+01:00,6.06152
2026-03-18T12:30:00+01:00,6.04248
2026-03-18T12:45:00+01:00,6.03784
2026-03-18T13:00:00+01:00,6.05632
2026-03-18T13:15:00+01:00,5.868
2026-03-18T13:30:00+01:00,6.09072
2026-03-18T13:45:00+01:00,5.591125
2026-03-18T14:00:00+01:00,1.261592
2026-03-18T14:15:00+01:00,5.71596
2026-03-18T14:30:00+01:00,5.756283
2026-03-18T14:45:00+01:00,6.0532
2026-03-18T15:00:00+01:00,5.568477
2026-03-18T15:15:00+01:00,5.505683
2026-03-18T15:30:00+01:00,4.891061
2026-03-18T15:45:00+01:00,5.422299
2026-03-18T16:00:00+01:00,4.460651
2026-03-18T16:15:00+01:00,5.546047
2026-03-18T16:30:00+01:00,4.786711
2026-03-18T16:45:00+01:00,4.476112
2026-03-18T17:00:00+01:00,4.681988
2026-03-18T17:15:00+01:00,4.718092
2026-03-18T17:30:00+01:00,3.85016
2026-03-18T17:45:00+01:00,1.051004
2026-03-18T18:00:00+01:00,4.914436
2026-03-18T18:15:00+01:00,5.37224
2026-03-18T18:30:00+01:00,5.11616
2026-03-18T18:45:00+01:00,0.45032
2026-03-18T19:00:00+01:00,0.0
2026-03-18T19:15:00+01:00,2.66424
2026-03-18T19:30:00+01:00,3.28536
2026-03-18T19:45:00+01:00,3.0344
2026-03-18T20:00:00+01:00,2.92608
2026-03-18T20:15:00+01:00,5.57112
2026-03-18T20:30:00+01:00,6.064
2026-03-18T20:45:00+01:00,6.064
2026-03-18T21:00:00+01:00,5.67808
2026-03-18T21:15:00+01:00,5.613937
2026-03-18T21:30:00+01:00,4.648143
2026-03-18T21:45:00+01:00,1.41464
2026-03-18T22:00:00+01:00,0.0
2026-03-18T22:15:00+01:00,0.0
2026-03-18T22:30:00+01:00,0.0
2026-03-18T22:45:00+01:00,0.0
2026-03-18T23:00:00+01:00,0.0
2026-03-18T23:15:00+01:00,0.0
2026-03-18T23:30:00+01:00,0.0
2026-03-18T23:45:00+01:00,0.0
2026-03-19T00:00:00+01:00,0.0
2026-03-19T00:15:00+01:00,0.0
2026-03-19T00:30:00+01:00,0.0
2026-03-19T00:45:00+01:00,0.0
2026-03-19T01:00:00+01:00,0.0
2026-03-19T01:15:00+01:00,0.0
2026-03-19T01:30:00+01:00,0.0
2026-03-19T01:45:00+01:00,0.0
2026-03-19T02:00:00+01:00,0.0
2026-03-19T02:15:00+01:00,0.0
2026-03-19T02:30:00+01:00,0.0
2026-03-19T02:45:00+01:00,0.0
2026-03-19T03:00:00+01:00,0.0
2026-03-19T03:15:00+01:00,0.0
2026-03-19T03:30:00+01:00,0.0
2026-03-19T03:45:00+01:00,0.0
2026-03-19T04:00:00+01:00,0.0
2026-03-19T04:15:00+01:00,0.0
2026-03-19T04:30:00+01:00,0.0
2026-03-19T04:45:00+01:00,0.0
2026-03-19T05:00:00+01:00,0.0
2026-03-19T05:15:00+01:00,0.0
2026-03-19T05:30:00+01:00,0.0
2026-03-19T05:45:00+01:00,0.0
2026-03-19T06:00:00+01:00,0.814167
2026-03-19T06:15:00+01:00,4.091513
2026-03-19T06:30:00+01:00,4.091064
2026-03-19T06:45:00+01:00,5.125416
2026-03-19T07:00:00+01:00,3.78883
2026-03-19T07:15:00+01:00,5.168106
2026-03-19T07:30:00+01:00,5.928186
2026-03-19T07:45:00+01:00,6.101918
2026-03-19T08:00:00+01:00,6.09136
2026-03-19T08:15:00+01:00,5.17064
2026-03-19T08:30:00+01:00,4.72376
2026-03-19T08:45:00+01:00,3.95888
2026-03-19T09:00:00+01:00,3.93744
2026-03-19T09:15:00+01:00,1.98184
2026-03-19T09:30:00+01:00,0.70288
2026-03-19T09:45:00+01:00,0.0
2026-03-19T10:00:00+01:00,0.75512
2026-03-19T10:15:00+01:00,2.3112
2026-03-19T10:30:00+01:00,5.54008
2026-03-19T10:45:00+01:00,5.48872
2026-03-19T11:00:00+01:00,4.74136
2026-03-19T11:15:00+01:00,3.87312
2026-03-19T11:30:00+01:00,5.40488
2026-03-19T11:45:00+01:00,5.02912
2026-03-19T12:00:00+01:00,4.95096
2026-03-19T12:15:00+01:00,5.1504
2026-03-19T12:30:00+01:00,5.40984
2026-03-19T12:45:00+01:00,4.16734
2026-03-19T13:00:00+01:00,3.836656
2026-03-19T13:15:00+01:00,5.049524
2026-03-19T13:30:00+01:00,3.96864
2026-03-19T13:45:00+01:00,4.48848
2026-03-19T14:00:00+01:00,4.035898
2026-03-19T14:15:00+01:00,4.278822
2026-03-19T14:30:00+01:00,5.625726
2026-03-19T14:45:00+01:00,6.025794
2026-03-19T15:00:00+01:00,5.62728
2026-03-19T15:15:00+01:00,5.45832
2026-03-19T15:30:00+01:00,5.69184
2026-03-19T15:45:00+01:00,4.9376
2026-03-19T16:00:00+01:00,5.951194
2026-03-19T16:15:00+01:00,5.809648
2026-03-19T16:30:00+01:00,5.547479
2026-03-19T16:45:00+01:00,6.070741
2026-03-19T17:00:00+01:00,6.154459
2026-03-19T17:15:00+01:00,6.04208
2026-03-19T17:30:00+01:00,5.9992
2026-03-19T17:45:00+01:00,5.97072
2026-03-19T18:00:00+01:00,5.623029
2026-03-19T18:15:00+01:00,6.018251
2026-03-19T18:30:00+01:00,5.49312
2026-03-19T18:45:00+01:00,3.34352
2026-03-19T19:00:00+01:00,3.27408
2026-03-19T19:15:00+01:00,4.544
2026-03-19T19:30:00+01:00,5.60312
2026-03-19T19:45:00+01:00,5.75968
2026-03-19T20:00:00+01:00,5.91632
2026-03-19T20:15:00+01:00,5.99656
2026-03-19T20:30:00+01:00,5.95328
2026-03-19T20:45:00+01:00,6.00648
2026-03-19T21:00:00+01:00,5.21016
2026-03-19T21:15:00+01:00,5.588876
2026-03-19T21:30:00+01:00,5.444244
2026-03-19T21:45:00+01:00,5.64492
2026-03-19T22:00:00+01:00,3.887
2026-03-19T22:15:00+01:00,3.137997
2026-03-19T22:30:00+01:00,0.171123
2026-03-19T22:45:00+01:00,1.696
2026-03-19T23:00:00+01:00,0.0
2026-03-19T23:15:00+01:00,0.802751
2026-03-19T23:30:00+01:00,1.108209
2026-03-19T23:45:00+01:00,0.930289
2026-03-20T00:00:00+01:00,0.338751
2026-03-20T00:15:00+01:00,0.0
2026-03-20T00:30:00+01:00,0.0
2026-03-20T00:45:00+01:00,0.0
2026-03-20T01:00:00+01:00,0.0
2026-03-20T01:15:00+01:00,0.0
2026-03-20T01:30:00+01:00,0.0
2026-03-20T01:45:00+01:00,0.0
2026-03-20T02:00:00+01:00,0.0
2026-03-20T02:15:00+01:00,0.0
2026-03-20T02:30:00+01:00,0.0
2026-03-20T02:45:00+01:00,0.0
2026-03-20T03:00:00+01:00,0.0
2026-03-20T03:15:00+01:00,0.0
2026-03-20T03:30:00+01:00,0.0
2026-03-20T03:45:00+01:00,0.0
2026-03-20T04:00:00+01:00,0.0
2026-03-20T04:15:00+01:00,0.0
2026-03-20T04:30:00+01:00,0.0
2026-03-20T04:45:00+01:00,0.0
2026-03-20T05:00:00+01:00,0.0
2026-03-20T05:15:00+01:00,0.0
2026-03-20T05:30:00+01:00,0.0
2026-03-20T05:45:00+01:00,0.91515
2026-03-20T06:00:00+01:00,4.170738
2026-03-20T06:15:00+01:00,5.853153
2026-03-20T06:30:00+01:00,6.06464
2026-03-20T06:45:00+01:00,6.04952
2026-03-20T07:00:00+01:00,5.48624
2026-03-20T07:15:00+01:00,5.0588
2026-03-20T07:30:00+01:00,3.72632
2026-03-20T07:45:00+01:00,3.595801
2026-03-20T08:00:00+01:00,4.688562
2026-03-20T08:15:00+01:00,5.155877
2026-03-20T08:30:00+01:00,5.83608
2026-03-20T08:45:00+01:00,5.716337
2026-03-20T09:00:00+01:00,6.075983
2026-03-20T09:15:00+01:00,6.058519
2026-03-20T09:30:00+01:00,5.734769
2026-03-20T09:45:00+01:00,1.638769
2026-03-20T10:00:00+01:00,4.72412
2026-03-20T10:15:00+01:00,6.079839
2026-03-20T10:30:00+01:00,6.088223
2026-03-20T10:45:00+01:00,5.977945
2026-03-20T11:00:00+01:00,6.061815
2026-03-20T11:15:00+01:00,6.056249
2026-03-20T11:30:00+01:00,6.092664
2026-03-20T11:45:00+01:00,6.065247
2026-03-20T12:00:00+01:00,6.066753
2026-03-20T12:15:00+01:00,6.065834
2026-03-20T12:30:00+01:00,5.825927
2026-03-20T12:45:00+01:00,3.605166
2026-03-20T13:00:00+01:00,4.376043
2026-03-20T13:15:00+01:00,5.863362
2026-03-20T13:30:00+01:00,6.050755
2026-03-20T13:45:00+01:00,6.06368
2026-03-20T14:00:00+01:00,6.06064
2026-03-20T14:15:00+01:00,6.04184
2026-03-20T14:30:00+01:00,5.90368
2026-03-20T14:45:00+01:00,5.90616
2026-03-20T15:00:00+01:00,6.07504
2026-03-20T15:15:00+01:00,6.07544
2026-03-20T15:30:00+01:00,5.99528
2026-03-20T15:45:00+01:00,5.24064
2026-03-20T16:00:00+01:00,5.50208
2026-03-20T16:15:00+01:00,5.696
2026-03-20T16:30:00+01:00,4.04176
2026-03-20T16:45:00+01:00,4.25392
2026-03-20T17:00:00+01:00,5.02168
2026-03-20T17:15:00+01:00,5.87232
2026-03-20T17:30:00+01:00,6.03816
2026-03-20T17:45:00+01:00,6.048
2026-03-20T18:00:00+01:00,6.04184
2026-03-20T18:15:00+01:00,5.529148
2026-03-20T18:30:00+01:00,2.487492
2026-03-20T18:45:00+01:00,0.0
2026-03-20T19:00:00+01:00,0.0
2026-03-20T19:15:00+01:00,0.85968
2026-03-20T19:30:00+01:00,3.13192
2026-03-20T19:45:00+01:00,0.60336
2026-03-20T20:00:00+01:00,1.85048
2026-03-20T20:15:00+01:00,2.45088
2026-03-20T20:30:00+01:00,2.15256
2026-03-20T20:45:00+01:00,1.21984
2026-03-20T21:00:00+01:00,1.084423
2026-03-20T21:15:00+01:00,1.074857
2026-03-20T21:30:00+01:00,0.0
2026-03-20T21:45:00+01:00,0.0
2026-03-20T22:00:00+01:00,0.0
2026-03-20T22:15:00+01:00,0.0
2026-03-20T22:30:00+01:00,0.0
2026-03-20T22:45:00+01:00,0.0
2026-03-20T23:00:00+01:00,0.0
2026-03-20T23:15:00+01:00,0.0
2026-03-20T23:30:00+01:00,0.0
2026-03-20T23:45:00+01:00,0.0
2026-03-21T00:00:00+01:00,0.0
2026-03-21T00:15:00+01:00,0.0
2026-03-21T00:30:00+01:00,0.0
2026-03-21T00:45:00+01:00,0.0
2026-03-21T01:00:00+01:00,0.0
2026-03-21T01:15:00+01:00,0.0
2026-03-21T01:30:00+01:00,0.0
2026-03-21T01:45:00+01:00,0.0
2026-03-21T02:00:00+01:00,0.0
2026-03-21T02:15:00+01:00,0.0
2026-03-21T02:30:00+01:00,0.0
2026-03-21T02:45:00+01:00,0.0
2026-03-21T03:00:00+01:00,0.0
2026-03-21T03:15:00+01:00,0.0
2026-03-21T03:30:00+01:00,0.0
2026-03-21T03:45:00+01:00,0.0
2026-03-21T04:00:00+01:00,0.0
2026-03-21T04:15:00+01:00,0.0
2026-03-21T04:30:00+01:00,0.0
2026-03-21T04:45:00+01:00,0.0
2026-03-21T05:00:00+01:00,0.0
2026-03-21T05:15:00+01:00,0.0
2026-03-21T05:30:00+01:00,0.0
2026-03-21T05:45:00+01:00,0.0
2026-03-21T06:00:00+01:00,0.0
2026-03-21T06:15:00+01:00,0.0
2026-03-21T06:30:00+01:00,0.0
2026-03-21T06:45:00+01:00,0.0
2026-03-21T07:00:00+01:00,0.0
2026-03-21T07:15:00+01:00,0.0
2026-03-21T07:30:00+01:00,0.0
2026-03-21T07:45:00+01:00,0.0
2026-03-21T08:00:00+01:00,0.0
2026-03-21T08:15:00+01:00,0.0
2026-03-21T08:30:00+01:00,0.0
2026-03-21T08:45:00+01:00,0.0
2026-03-21T09:00:00+01:00,0.0
2026-03-21T09:15:00+01:00,0.0
2026-03-21T09:30:00+01:00,0.0
2026-03-21T09:45:00+01:00,0.0
2026-03-21T10:00:00+01:00,0.0
2026-03-21T10:15:00+01:00,0.0
2026-03-21T10:30:00+01:00,0.0
2026-03-21T10:45:00+01:00,0.0
2026-03-21T11:00:00+01:00,0.0
2026-03-21T11:15:00+01:00,0.0
2026-03-21T11:30:00+01:00,0.0
2026-03-21T11:45:00+01:00,0.0
2026-03-21T12:00:00+01:00,0.0
2026-03-21T12:15:00+01:00,0.0
2026-03-21T12:30:00+01:00,0.0
2026-03-21T12:45:00+01:00,0.0
2026-03-21T13:00:00+01:00,0.0
2026-03-21T13:15:00+01:00,0.0
2026-03-21T13:30:00+01:00,0.0
2026-03-21T13:45:00+01:00,0.0
2026-03-21T14:00:00+01:00,0.0
2026-03-21T14:15:00+01:00,0.0
2026-03-21T14:30:00+01:00,0.0
2026-03-21T14:45:00+01:00,0.0
2026-03-21T15:00:00+01:00,0.0
2026-03-21T15:15:00+01:00,0.0
2026-03-21T15:30:00+01:00,0.0
2026-03-21T15:45:00+01:00,0.0
2026-03-21T16:00:00+01:00,0.0
2026-03-21T16:15:00+01:00,0.0
2026-03-21T16:30:00+01:00,0.0
2026-03-21T16:45:00+01:00,0.0
2026-03-21T17:00:00+01:00,0.0
2026-03-21T17:15:00+01:00,0.0
2026-03-21T17:30:00+01:00,0.0
2026-03-21T17:45:00+01:00,0.0
2026-03-21T18:00:00+01:00,0.0
2026-03-21T18:15:00+01:00,0.0
2026-03-21T18:30:00+01:00,0.0
2026-03-21T18:45:00+01:00,0.0
2026-03-21T19:00:00+01:00,0.0
2026-03-21T19:15:00+01:00,0.0
2026-03-21T19:30:00+01:00,0.0
2026-03-21T19:45:00+01:00,0.0
2026-03-21T20:00:00+01:00,0.0
2026-03-21T20:15:00+01:00,0.0
2026-03-21T20:30:00+01:00,0.0
2026-03-21T20:45:00+01:00,0.0
2026-03-21T21:00:00+01:00,0.0
2026-03-21T21:15:00+01:00,0.0
2026-03-21T21:30:00+01:00,0.0
2026-03-21T21:45:00+01:00,0.0
2026-03-21T22:00:00+01:00,0.0
2026-03-21T22:15:00+01:00,0.0
2026-03-21T22:30:00+01:00,0.0
2026-03-21T22:45:00+01:00,0.0
2026-03-21T23:00:00+01:00,0.0
2026-03-21T23:15:00+01:00,0.0
2026-03-21T23:30:00+01:00,0.0
2026-03-21T23:45:00+01:00,0.0
2026-03-22T00:00:00+01:00,0.0
2026-03-22T00:15:00+01:00,0.0
2026-03-22T00:30:00+01:00,0.0
2026-03-22T00:45:00+01:00,0.0
2026-03-22T01:00:00+01:00,0.0
2026-03-22T01:15:00+01:00,0.0
2026-03-22T01:30:00+01:00,0.0
2026-03-22T01:45:00+01:00,0.0
2026-03-22T02:00:00+01:00,0.0
2026-03-22T02:15:00+01:00,0.0
2026-03-22T02:30:00+01:00,0.0
2026-03-22T02:45:00+01:00,0.0
2026-03-22T03:00:00+01:00,0.0
2026-03-22T03:15:00+01:00,0.0
2026-03-22T03:30:00+01:00,0.0
2026-03-22T03:45:00+01:00,0.0
2026-03-22T04:00:00+01:00,0.0
2026-03-22T04:15:00+01:00,0.0
2026-03-22T04:30:00+01:00,0.0
2026-03-22T04:45:00+01:00,0.0
2026-03-22T05:00:00+01:00,0.0
2026-03-22T05:15:00+01:00,0.0
2026-03-22T05:30:00+01:00,0.0
2026-03-22T05:45:00+01:00,0.0
2026-03-22T06:00:00+01:00,0.0
2026-03-22T06:15:00+01:00,0.0
2026-03-22T06:30:00+01:00,0.0
2026-03-22T06:45:00+01:00,0.0
2026-03-22T07:00:00+01:00,0.0
2026-03-22T07:15:00+01:00,0.0
2026-03-22T07:30:00+01:00,0.0
2026-03-22T07:45:00+01:00,0.0
2026-03-22T08:00:00+01:00,0.0
2026-03-22T08:15:00+01:00,0.0
2026-03-22T08:30:00+01:00,0.0
2026-03-22T08:45:00+01:00,0.0
2026-03-22T09:00:00+01:00,0.0
2026-03-22T09:15:00+01:00,0.0
2026-03-22T09:30:00+01:00,0.0
2026-03-22T09:45:00+01:00,0.0
2026-03-22T10:00:00+01:00,0.0
2026-03-22T10:15:00+01:00,0.0
2026-03-22T10:30:00+01:00,0.0
2026-03-22T10:45:00+01:00,0.0
2026-03-22T11:00:00+01:00,0.0
2026-03-22T11:15:00+01:00,0.0
2026-03-22T11:30:00+01:00,0.0
2026-03-22T11:45:00+01:00,0.0
2026-03-22T12:00:00+01:00,0.0
2026-03-22T12:15:00+01:00,0.0
2026-03-22T12:30:00+01:00,0.0
2026-03-22T12:45:00+01:00,0.0
2026-03-22T13:00:00+01:00,0.0
2026-03-22T13:15:00+01:00,0.0
2026-03-22T13:30:00+01:00,0.0
2026-03-22T13:45:00+01:00,0.0
2026-03-22T14:00:00+01:00,0.0
2026-03-22T14:15:00+01:00,0.0
2026-03-22T14:30:00+01:00,0.0
2026-03-22T14:45:00+01:00,0.0
2026-03-22T15:00:00+01:00,0.0
2026-03-22T15:15:00+01:00,0.0
2026-03-22T15:30:00+01:00,0.0
2026-03-22T15:45:00+01:00,0.0
2026-03-22T16:00:00+01:00,0.0
2026-03-22T16:15:00+01:00,0.0
2026-03-22T16:30:00+01:00,0.0
2026-03-22T16:45:00+01:00,0.0
2026-03-22T17:00:00+01:00,0.0
2026-03-22T17:15:00+01:00,0.0
2026-03-22T17:30:00+01:00,0.0
2026-03-22T17:45:00+01:00,0.0
2026-03-22T18:00:00+01:00,0.0
2026-03-22T18:15:00+01:00,0.0
2026-03-22T18:30:00+01:00,0.0
2026-03-22T18:45:00+01:00,0.0
2026-03-22T19:00:00+01:00,0.0
2026-03-22T19:15:00+01:00,0.0
2026-03-22T19:30:00+01:00,0.0
2026-03-22T19:45:00+01:00,0.0
2026-03-22T20:00:00+01:00,0.0
2026-03-22T20:15:00+01:00,0.0
2026-03-22T20:30:00+01:00,0.0
2026-03-22T20:45:00+01:00,0.0
2026-03-22T21:00:00+01:00,0.0
2026-03-22T21:15:00+01:00,0.0
2026-03-22T21:30:00+01:00,0.0
2026-03-22T21:45:00+01:00,0.0
2026-03-22T22:00:00+01:00,0.0
2026-03-22T22:15:00+01:00,0.0
2026-03-22T22:30:00+01:00,0.0
2026-03-22T22:45:00+01:00,0.0
2026-03-22T23:00:00+01:00,0.0
2026-03-22T23:15:00+01:00,0.0
2026-03-22T23:30:00+01:00,0.0
2026-03-22T23:45:00+01:00,0.0
2026-03-23T00:00:00+01:00,0.0
2026-03-23T00:15:00+01:00,0.0
2026-03-23T00:30:00+01:00,0.0
2026-03-23T00:45:00+01:00,0.0
2026-03-23T01:00:00+01:00,0.0
2026-03-23T01:15:00+01:00,0.0
2026-03-23T01:30:00+01:00,0.0
2026-03-23T01:45:00+01:00,0.0
2026-03-23T02:00:00+01:00,0.0
2026-03-23T02:15:00+01:00,0.0
2026-03-23T02:30:00+01:00,0.0
2026-03-23T02:45:00+01:00,0.0
2026-03-23T03:00:00+01:00,0.0
2026-03-23T03:15:00+01:00,0.0
2026-03-23T03:30:00+01:00,0.0
2026-03-23T03:45:00+01:00,0.0
2026-03-23T04:00:00+01:00,0.0
2026-03-23T04:15:00+01:00,0.0
2026-03-23T04:30:00+01:00,0.0
2026-03-23T04:45:00+01:00,0.0
2026-03-23T05:00:00+01:00,0.0
2026-03-23T05:15:00+01:00,0.0
2026-03-23T05:30:00+01:00,0.0
2026-03-23T05:45:00+01:00,0.0
2026-03-23T06:00:00+01:00,3.255282
2026-03-23T06:15:00+01:00,6.068332
2026-03-23T06:30:00+01:00,6.077585
2026-03-23T06:45:00+01:00,6.07384
2026-03-23T07:00:00+01:00,6.09104
2026-03-23T07:15:00+01:00,6.06312
2026-03-23T07:30:00+01:00,6.15136
2026-03-23T07:45:00+01:00,6.11168
2026-03-23T08:00:00+01:00,6.12864
2026-03-23T08:15:00+01:00,5.58384
2026-03-23T08:30:00+01:00,5.9292
2026-03-23T08:45:00+01:00,5.83248
2026-03-23T09:00:00+01:00,5.95784
2026-03-23T09:15:00+01:00,6.08712
2026-03-23T09:30:00+01:00,4.52552
2026-03-23T09:45:00+01:00,1.34312
2026-03-23T10:00:00+01:00,4.45912
2026-03-23T10:15:00+01:00,5.053757
2026-03-23T10:30:00+01:00,3.535523
2026-03-23T10:45:00+01:00,3.73608
2026-03-23T11:00:00+01:00,5.682271
2026-03-23T11:15:00+01:00,5.945409
2026-03-23T11:30:00+01:00,4.56008
2026-03-23T11:45:00+01:00,3.96128
2026-03-23T12:00:00+01:00,5.81784
2026-03-23T12:15:00+01:00,5.686
2026-03-23T12:30:00+01:00,4.70304
2026-03-23T12:45:00+01:00,0.66848
2026-03-23T13:00:00+01:00,0.6556
2026-03-23T13:15:00+01:00,3.45808
2026-03-23T13:30:00+01:00,5.01792
2026-03-23T13:45:00+01:00,5.56152
2026-03-23T14:00:00+01:00,3.99608
2026-03-23T14:15:00+01:00,4.311953
2026-03-23T14:30:00+01:00,4.204607
2026-03-23T14:45:00+01:00,5.272905
2026-03-23T15:00:00+01:00,5.286935
2026-03-23T15:15:00+01:00,2.91432
2026-03-23T15:30:00+01:00,4.28056
2026-03-23T15:45:00+01:00,5.183863
2026-03-23T16:00:00+01:00,5.161542
2026-03-23T16:15:00+01:00,4.685236
2026-03-23T16:30:00+01:00,4.85464
2026-03-23T16:45:00+01:00,6.090636
2026-03-23T17:00:00+01:00,5.720084
2026-03-23T17:15:00+01:00,5.87856
2026-03-23T17:30:00+01:00,5.33336
2026-03-23T17:45:00+01:00,3.40032
2026-03-23T18:00:00+01:00,5.25048
2026-03-23T18:15:00+01:00,5.0844
2026-03-23T18:30:00+01:00,4.67632
2026-03-23T18:45:00+01:00,3.936
2026-03-23T19:00:00+01:00,3.751427
2026-03-23T19:15:00+01:00,4.457672
2026-03-23T19:30:00+01:00,3.918154
2026-03-23T19:45:00+01:00,1.676401
2026-03-23T20:00:00+01:00,2.442355
2026-03-23T20:15:00+01:00,4.477485
2026-03-23T20:30:00+01:00,5.063706
2026-03-23T20:45:00+01:00,4.950943
2026-03-23T21:00:00+01:00,5.359457
2026-03-23T21:15:00+01:00,5.95665
2026-03-23T21:30:00+01:00,5.80687
2026-03-23T21:45:00+01:00,1.67008
2026-03-23T22:00:00+01:00,0.0
2026-03-23T22:15:00+01:00,0.0
2026-03-23T22:30:00+01:00,0.0
2026-03-23T22:45:00+01:00,0.0
2026-03-23T23:00:00+01:00,0.0
2026-03-23T23:15:00+01:00,0.0
2026-03-23T23:30:00+01:00,0.0
2026-03-23T23:45:00+01:00,0.0
2026-03-24T00:00:00+01:00,0.0
2026-03-24T00:15:00+01:00,0.0
2026-03-24T00:30:00+01:00,0.0
2026-03-24T00:45:00+01:00,0.0
2026-03-24T01:00:00+01:00,0.0
2026-03-24T01:15:00+01:00,0.0
2026-03-24T01:30:00+01:00,0.0
2026-03-24T01:45:00+01:00,0.0
2026-03-24T02:00:00+01:00,0.0
2026-03-24T02:15:00+01:00,0.0
2026-03-24T02:30:00+01:00,0.0
2026-03-24T02:45:00+01:00,0.0
2026-03-24T03:00:00+01:00,0.0
2026-03-24T03:15:00+01:00,0.0
2026-03-24T03:30:00+01:00,0.0
2026-03-24T03:45:00+01:00,0.0
2026-03-24T04:00:00+01:00,0.0
2026-03-24T04:15:00+01:00,0.0
2026-03-24T04:30:00+01:00,0.0
2026-03-24T04:45:00+01:00,0.0
2026-03-24T05:00:00+01:00,0.0
2026-03-24T05:15:00+01:00,0.0
2026-03-24T05:30:00+01:00,0.0
2026-03-24T05:45:00+01:00,1.19136
2026-03-24T06:00:00+01:00,4.82632
2026-03-24T06:15:00+01:00,6.03144
2026-03-24T06:30:00+01:00,5.6624
2026-03-24T06:45:00+01:00,4.90984
2026-03-24T07:00:00+01:00,6.01088
2026-03-24T07:15:00+01:00,6.09504
2026-03-24T07:30:00+01:00,5.52792
2026-03-24T07:45:00+01:00,5.86016
2026-03-24T08:00:00+01:00,6.07288
2026-03-24T08:15:00+01:00,6.049646
2026-03-24T08:30:00+01:00,5.620514
2026-03-24T08:45:00+01:00,5.0464
2026-03-24T09:00:00+01:00,5.795922
2026-03-24T09:15:00+01:00,5.910662
2026-03-24T09:30:00+01:00,4.856375
2026-03-24T09:45:00+01:00,2.166433
2026-03-24T10:00:00+01:00,5.110419
2026-03-24T10:15:00+01:00,4.93515
2026-03-24T10:30:00+01:00,5.733359
2026-03-24T10:45:00+01:00,4.58624
2026-03-24T11:00:00+01:00,5.23384
2026-03-24T11:15:00+01:00,5.82312
2026-03-24T11:30:00+01:00,5.34624
2026-03-24T11:45:00+01:00,4.67624
2026-03-24T12:00:00+01:00,5.804268
2026-03-24T12:15:00+01:00,5.607883
2026-03-24T12:30:00+01:00,5.646568
2026-03-24T12:45:00+01:00,4.85936
2026-03-24T13:00:00+01:00,4.030075
2026-03-24T13:15:00+01:00,3.261359
2026-03-24T13:30:00+01:00,2.750215
2026-03-24T13:45:00+01:00,3.115481
2026-03-24T14:00:00+01:00,3.88251
2026-03-24T14:15:00+01:00,2.54652
2026-03-24T14:30:00+01:00,4.12456
2026-03-24T14:45:00+01:00,5.21512
2026-03-24T15:00:00+01:00,4.5156
2026-03-24T15:15:00+01:00,2.21032
2026-03-24T15:30:00+01:00,3.867687
2026-03-24T15:45:00+01:00,5.965313
2026-03-24T16:00:00+01:00,5.657
2026-03-24T16:15:00+01:00,4.9074
2026-03-24T16:30:00+01:00,3.60576
2026-03-24T16:45:00+01:00,1.710143
2026-03-24T17:00:00+01:00,4.449137
2026-03-24T17:15:00+01:00,5.805492
2026-03-24T17:30:00+01:00,4.677148
2026-03-24T17:45:00+01:00,3.87812
2026-03-24T18:00:00+01:00,3.51228
2026-03-24T18:15:00+01:00,3.6302
2026-03-24T18:30:00+01:00,2.84268
2026-03-24T18:45:00+01:00,2.39156
2026-03-24T19:00:00+01:00,2.57616
2026-03-24T19:15:00+01:00,2.29236
2026-03-24T19:30:00+01:00,2.17088
2026-03-24T19:45:00+01:00,3.6488
2026-03-24T20:00:00+01:00,1.05524
2026-03-24T20:15:00+01:00,0.0
2026-03-24T20:30:00+01:00,2.6572
2026-03-24T20:45:00+01:00,4.14028
2026-03-24T21:00:00+01:00,2.40984
2026-03-24T21:15:00+01:00,1.3406
2026-03-24T21:30:00+01:00,1.443241
2026-03-24T21:45:00+01:00,0.560839
2026-03-24T22:00:00+01:00,0.0
2026-03-24T22:15:00+01:00,0.0
2026-03-24T22:30:00+01:00,0.0
2026-03-24T22:45:00+01:00,0.0
2026-03-24T23:00:00+01:00,0.0
2026-03-24T23:15:00+01:00,0.0
2026-03-24T23:30:00+01:00,0.0
2026-03-24T23:45:00+01:00,0.0
2026-03-25T00:00:00+01:00,0.0
2026-03-25T00:15:00+01:00,0.0
2026-03-25T00:30:00+01:00,0.0
2026-03-25T00:45:00+01:00,0.0
2026-03-25T01:00:00+01:00,0.0
2026-03-25T01:15:00+01:00,0.0
2026-03-25T01:30:00+01:00,0.0
2026-03-25T01:45:00+01:00,0.0
2026-03-25T02:00:00+01:00,0.0
2026-03-25T02:15:00+01:00,0.0
2026-03-25T02:30:00+01:00,0.0
2026-03-25T02:45:00+01:00,0.0
2026-03-25T03:00:00+01:00,0.0
2026-03-25T03:15:00+01:00,0.0
2026-03-25T03:30:00+01:00,0.0
2026-03-25T03:45:00+01:00,0.0
2026-03-25T04:00:00+01:00,0.0
2026-03-25T04:15:00+01:00,0.0
2026-03-25T04:30:00+01:00,0.0
2026-03-25T04:45:00+01:00,0.0
2026-03-25T05:00:00+01:00,0.0
2026-03-25T05:15:00+01:00,0.0
2026-03-25T05:30:00+01:00,0.0
2026-03-25T05:45:00+01:00,0.0
2026-03-25T06:00:00+01:00,0.0
2026-03-25T06:15:00+01:00,0.0
2026-03-25T06:30:00+01:00,0.009185
2026-03-25T06:45:00+01:00,0.707837
2026-03-25T07:00:00+01:00,1.991338
2026-03-25T07:15:00+01:00,2.52716
2026-03-25T07:30:00+01:00,2.554583
2026-03-25T07:45:00+01:00,1.920915
2026-03-25T08:00:00+01:00,0.012982
2026-03-25T08:15:00+01:00,0.892968
2026-03-25T08:30:00+01:00,1.339032
2026-03-25T08:45:00+01:00,0.0
2026-03-25T09:00:00+01:00,0.251586
2026-03-25T09:15:00+01:00,2.060214
2026-03-25T09:30:00+01:00,2.0402
2026-03-25T09:45:00+01:00,0.0
2026-03-25T10:00:00+01:00,1.0732
2026-03-25T10:15:00+01:00,3.38552
2026-03-25T10:30:00+01:00,1.83232
2026-03-25T10:45:00+01:00,2.7626
2026-03-25T11:00:00+01:00,1.25436
2026-03-25T11:15:00+01:00,0.0
2026-03-25T11:30:00+01:00,0.0
2026-03-25T11:45:00+01:00,0.0
2026-03-25T12:00:00+01:00,0.0
2026-03-25T12:15:00+01:00,0.0
2026-03-25T12:30:00+01:00,0.0
2026-03-25T12:45:00+01:00,0.0
2026-03-25T13:00:00+01:00,0.0
2026-03-25T13:15:00+01:00,0.48472
2026-03-25T13:30:00+01:00,2.01276
2026-03-25T13:45:00+01:00,2.10368
2026-03-25T14:00:00+01:00,0.43732
2026-03-25T14:15:00+01:00,0.59752
2026-03-25T14:30:00+01:00,0.12512
2026-03-25T14:45:00+01:00,0.695818
2026-03-25T15:00:00+01:00,0.368942
2026-03-25T15:15:00+01:00,1.52084
2026-03-25T15:30:00+01:00,1.62272
2026-03-25T15:45:00+01:00,2.46847
2026-03-25T16:00:00+01:00,2.77657
2026-03-25T16:15:00+01:00,2.51432
2026-03-25T16:30:00+01:00,1.62208
2026-03-25T16:45:00+01:00,1.501093
2026-03-25T17:00:00+01:00,1.912027
2026-03-25T17:15:00+01:00,2.70076
2026-03-25T17:30:00+01:00,2.32892
2026-03-25T17:45:00+01:00,2.75028
2026-03-25T18:00:00+01:00,2.687
2026-03-25T18:15:00+01:00,0.73304
2026-03-25T18:30:00+01:00,0.0
2026-03-25T18:45:00+01:00,0.0
2026-03-25T19:00:00+01:00,0.0
2026-03-25T19:15:00+01:00,0.0
2026-03-25T19:30:00+01:00,0.23276
2026-03-25T19:45:00+01:00,1.9852
2026-03-25T20:00:00+01:00,1.53544
2026-03-25T20:15:00+01:00,1.9956
2026-03-25T20:30:00+01:00,2.3352
2026-03-25T20:45:00+01:00,1.41444
2026-03-25T21:00:00+01:00,1.47952
2026-03-25T21:15:00+01:00,0.30184
2026-03-25T21:30:00+01:00,0.0
2026-03-25T21:45:00+01:00,0.0
2026-03-25T22:00:00+01:00,0.0
2026-03-25T22:15:00+01:00,0.0
2026-03-25T22:30:00+01:00,0.0
2026-03-25T22:45:00+01:00,0.0
2026-03-25T23:00:00+01:00,0.0
2026-03-25T23:15:00+01:00,0.0
2026-03-25T23:30:00+01:00,0.0
2026-03-25T23:45:00+01:00,0.0
2026-03-26T00:00:00+01:00,0.0
2026-03-26T00:15:00+01:00,0.0
2026-03-26T00:30:00+01:00,0.0
2026-03-26T00:45:00+01:00,0.0
2026-03-26T01:00:00+01:00,0.0
2026-03-26T01:15:00+01:00,0.0
2026-03-26T01:30:00+01:00,0.0
2026-03-26T01:45:00+01:00,0.0
2026-03-26T02:00:00+01:00,0.0
2026-03-26T02:15:00+01:00,0.0
2026-03-26T02:30:00+01:00,0.0
2026-03-26T02:45:00+01:00,0.0
2026-03-26T03:00:00+01:00,0.0
2026-03-26T03:15:00+01:00,0.0
2026-03-26T03:30:00+01:00,0.0
2026-03-26T03:45:00+01:00,0.0
2026-03-26T04:00:00+01:00,0.0
2026-03-26T04:15:00+01:00,0.0
2026-03-26T04:30:00+01:00,0.0
2026-03-26T04:45:00+01:00,0.0
2026-03-26T05:00:00+01:00,0.0
2026-03-26T05:15:00+01:00,0.0
2026-03-26T05:30:00+01:00,0.0
2026-03-26T05:45:00+01:00,0.0
2026-03-26T06:00:00+01:00,1.20016
2026-03-26T06:15:00+01:00,2.6004
2026-03-26T06:30:00+01:00,1.759927
2026-03-26T06:45:00+01:00,2.037793
2026-03-26T07:00:00+01:00,2.11956
2026-03-26T07:15:00+01:00,4.141541
2026-03-26T07:30:00+01:00,5.139419
2026-03-26T07:45:00+01:00,5.250132
2026-03-26T08:00:00+01:00,5.455908
2026-03-26T08:15:00+01:00,3.4992
2026-03-26T08:30:00+01:00,3.10248
2026-03-26T08:45:00+01:00,3.87576
2026-03-26T09:00:00+01:00,3.431856
2026-03-26T09:15:00+01:00,3.020662
2026-03-26T09:30:00+01:00,3.523242
2026-03-26T09:45:00+01:00,2.87604
2026-03-26T10:00:00+01:00,3.404809
2026-03-26T10:15:00+01:00,5.658026
2026-03-26T10:30:00+01:00,5.454805
2026-03-26T10:45:00+01:00,5.37672
2026-03-26T11:00:00+01:00,6.038622
2026-03-26T11:15:00+01:00,6.047236
2026-03-26T11:30:00+01:00,6.064112
2026-03-26T11:45:00+01:00,6.080642
2026-03-26T12:00:00+01:00,6.086748
2026-03-26T12:15:00+01:00,6.07248
2026-03-26T12:30:00+01:00,5.42676
2026-03-26T12:45:00+01:00,3.16176
2026-03-26T13:00:00+01:00,2.96316
2026-03-26T13:15:00+01:00,4.7066
2026-03-26T13:30:00+01:00,5.930191
2026-03-26T13:45:00+01:00,6.068609
2026-03-26T14:00:00+01:00,6.043732
2026-03-26T14:15:00+01:00,5.340868
2026-03-26T14:30:00+01:00,5.784962
2026-03-26T14:45:00+01:00,6.059518
2026-03-26T15:00:00+01:00,6.009356
2026-03-26T15:15:00+01:00,5.896284
2026-03-26T15:30:00+01:00,4.09304
2026-03-26T15:45:00+01:00,4.98908
2026-03-26T16:00:00+01:00,5.84872
2026-03-26T16:15:00+01:00,5.73888
2026-03-26T16:30:00+01:00,5.93648
2026-03-26T16:45:00+01:00,5.673044
2026-03-26T17:00:00+01:00,5.244876
2026-03-26T17:15:00+01:00,5.02244
2026-03-26T17:30:00+01:00,5.98332
2026-03-26T17:45:00+01:00,6.06632
2026-03-26T18:00:00+01:00,6.0826
2026-03-26T18:15:00+01:00,5.953722
2026-03-26T18:30:00+01:00,5.540958
2026-03-26T18:45:00+01:00,3.28428
2026-03-26T19:00:00+01:00,2.38332
2026-03-26T19:15:00+01:00,4.7374
2026-03-26T19:30:00+01:00,6.109197
2026-03-26T19:45:00+01:00,5.98273
2026-03-26T20:00:00+01:00,5.603473
2026-03-26T20:15:00+01:00,6.08384
2026-03-26T20:30:00+01:00,6.083292
2026-03-26T20:45:00+01:00,5.872308
2026-03-26T21:00:00+01:00,4.847926
2026-03-26T21:15:00+01:00,6.145354
2026-03-26T21:30:00+01:00,5.94416
2026-03-26T21:45:00+01:00,4.57644
2026-03-26T22:00:00+01:00,0.52272
2026-03-26T22:15:00+01:00,0.0
2026-03-26T22:30:00+01:00,0.0
2026-03-26T22:45:00+01:00,0.0
2026-03-26T23:00:00+01:00,0.0
2026-03-26T23:15:00+01:00,0.0
2026-03-26T23:30:00+01:00,0.0
2026-03-26T23:45:00+01:00,0.0
2026-03-27T00:00:00+01:00,0.0
2026-03-27T00:15:00+01:00,0.0
2026-03-27T00:30:00+01:00,0.0
2026-03-27T00:45:00+01:00,0.0
2026-03-27T01:00:00+01:00,0.0
2026-03-27T01:15:00+01:00,0.0
2026-03-27T01:30:00+01:00,0.0
2026-03-27T01:45:00+01:00,0.0
2026-03-27T02:00:00+01:00,0.0
2026-03-27T02:15:00+01:00,0.0
2026-03-27T02:30:00+01:00,0.0
2026-03-27T02:45:00+01:00,0.0
2026-03-27T03:00:00+01:00,0.0
2026-03-27T03:15:00+01:00,0.0
2026-03-27T03:30:00+01:00,0.0
2026-03-27T03:45:00+01:00,0.0
2026-03-27T04:00:00+01:00,0.0
2026-03-27T04:15:00+01:00,0.0
2026-03-27T04:30:00+01:00,0.0
2026-03-27T04:45:00+01:00,0.0
2026-03-27T05:00:00+01:00,0.0
2026-03-27T05:15:00+01:00,0.0
2026-03-27T05:30:00+01:00,0.0
2026-03-27T05:45:00+01:00,1.89508
2026-03-27T06:00:00+01:00,4.65452
2026-03-27T06:15:00+01:00,5.427312
2026-03-27T06:30:00+01:00,4.874728
2026-03-27T06:45:00+01:00,6.13704
2026-03-27T07:00:00+01:00,6.112425
2026-03-27T07:15:00+01:00,6.144538
2026-03-27T07:30:00+01:00,6.118917
2026-03-27T07:45:00+01:00,6.06128
2026-03-27T08:00:00+01:00,5.53604
2026-03-27T08:15:00+01:00,5.15244
2026-03-27T08:30:00+01:00,5.80448
2026-03-27T08:45:00+01:00,6.13896
2026-03-27T09:00:00+01:00,6.1388
2026-03-27T09:15:00+01:00,5.34228
2026-03-27T09:30:00+01:00,6.000095
2026-03-27T09:45:00+01:00,6.129385
2026-03-27T10:00:00+01:00,6.03148
2026-03-27T10:15:00+01:00,6.118611
2026-03-27T10:30:00+01:00,6.101389
2026-03-27T10:45:00+01:00,6.06908
2026-03-27T11:00:00+01:00,6.08984
2026-03-27T11:15:00+01:00,6.08832
2026-03-27T11:30:00+01:00,6.08368
2026-03-27T11:45:00+01:00,6.07908
2026-03-27T12:00:00+01:00,5.994699
2026-03-27T12:15:00+01:00,6.076341
2026-03-27T12:30:00+01:00,6.034574
2026-03-27T12:45:00+01:00,4.283946
2026-03-27T13:00:00+01:00,4.40568
2026-03-27T13:15:00+01:00,4.90376
2026-03-27T13:30:00+01:00,5.08088
2026-03-27T13:45:00+01:00,4.455844
2026-03-27T14:00:00+01:00,4.901114
2026-03-27T14:15:00+01:00,4.901202
2026-03-27T14:30:00+01:00,4.89604
2026-03-27T14:45:00+01:00,5.070771
2026-03-27T15:00:00+01:00,5.274669
2026-03-27T15:15:00+01:00,5.42008
2026-03-27T15:30:00+01:00,5.76928
2026-03-27T15:45:00+01:00,5.7554
2026-03-27T16:00:00+01:00,5.00684
2026-03-27T16:15:00+01:00,5.967641
2026-03-27T16:30:00+01:00,5.520039
2026-03-27T16:45:00+01:00,4.1094
2026-03-27T17:00:00+01:00,3.54019
2026-03-27T17:15:00+01:00,3.08085
2026-03-27T17:30:00+01:00,3.47204
2026-03-27T17:45:00+01:00,2.81204
2026-03-27T18:00:00+01:00,0.88088
2026-03-27T18:15:00+01:00,0.0
2026-03-27T18:30:00+01:00,0.0
2026-03-27T18:45:00+01:00,0.0
2026-03-27T19:00:00+01:00,0.25696
2026-03-27T19:15:00+01:00,1.585356
2026-03-27T19:30:00+01:00,3.32362
2026-03-27T19:45:00+01:00,3.249623
2026-03-27T20:00:00+01:00,4.681771
2026-03-27T20:15:00+01:00,4.223549
2026-03-27T20:30:00+01:00,3.214594
2026-03-27T20:45:00+01:00,1.437646
2026-03-27T21:00:00+01:00,3.062813
2026-03-27T21:15:00+01:00,2.916587
2026-03-27T21:30:00+01:00,1.32748
2026-03-27T21:45:00+01:00,0.0
2026-03-27T22:00:00+01:00,0.0
2026-03-27T22:15:00+01:00,0.0
2026-03-27T22:30:00+01:00,0.0
2026-03-27T22:45:00+01:00,0.0
2026-03-27T23:00:00+01:00,0.0
2026-03-27T23:15:00+01:00,0.0
2026-03-27T23:30:00+01:00,0.0
2026-03-27T23:45:00+01:00,0.0
2026-03-28T00:00:00+01:00,0.0
2026-03-28T00:15:00+01:00,0.0
2026-03-28T00:30:00+01:00,0.0
2026-03-28T00:45:00+01:00,0.0
2026-03-28T01:00:00+01:00,0.0
2026-03-28T01:15:00+01:00,0.0
2026-03-28T01:30:00+01:00,0.0
2026-03-28T01:45:00+01:00,0.0
2026-03-28T02:00:00+01:00,0.0
2026-03-28T02:15:00+01:00,0.0
2026-03-28T02:30:00+01:00,0.0
2026-03-28T02:45:00+01:00,0.0
2026-03-28T03:00:00+01:00,0.0
2026-03-28T03:15:00+01:00,0.0
2026-03-28T03:30:00+01:00,0.0
2026-03-28T03:45:00+01:00,0.0
2026-03-28T04:00:00+01:00,0.0
2026-03-28T04:15:00+01:00,0.0
2026-03-28T04:30:00+01:00,0.0
2026-03-28T04:45:00+01:00,0.0
2026-03-28T05:00:00+01:00,0.0
2026-03-28T05:15:00+01:00,0.0
2026-03-28T05:30:00+01:00,0.0
2026-03-28T05:45:00+01:00,0.0
2026-03-28T06:00:00+01:00,0.0
2026-03-28T06:15:00+01:00,0.0
2026-03-28T06:30:00+01:00,0.0
2026-03-28T06:45:00+01:00,0.0
2026-03-28T07:00:00+01:00,0.0
2026-03-28T07:15:00+01:00,0.0
2026-03-28T07:30:00+01:00,0.0
2026-03-28T07:45:00+01:00,0.0
2026-03-28T08:00:00+01:00,0.0
2026-03-28T08:15:00+01:00,0.0
2026-03-28T08:30:00+01:00,0.0
2026-03-28T08:45:00+01:00,0.0
2026-03-28T09:00:00+01:00,0.0
2026-03-28T09:15:00+01:00,0.0
2026-03-28T09:30:00+01:00,0.0
2026-03-28T09:45:00+01:00,0.0
2026-03-28T10:00:00+01:00,0.0
2026-03-28T10:15:00+01:00,0.0
2026-03-28T10:30:00+01:00,0.0
2026-03-28T10:45:00+01:00,0.0
2026-03-28T11:00:00+01:00,0.0
2026-03-28T11:15:00+01:00,0.0
2026-03-28T11:30:00+01:00,0.0
2026-03-28T11:45:00+01:00,0.0
2026-03-28T12:00:00+01:00,0.0
2026-03-28T12:15:00+01:00,0.0
2026-03-28T12:30:00+01:00,0.0
2026-03-28T12:45:00+01:00,0.0
2026-03-28T13:00:00+01:00,0.0
2026-03-28T13:15:00+01:00,0.0
2026-03-28T13:30:00+01:00,0.0
2026-03-28T13:45:00+01:00,0.0
2026-03-28T14:00:00+01:00,0.0
2026-03-28T14:15:00+01:00,0.0
2026-03-28T14:30:00+01:00,0.0
2026-03-28T14:45:00+01:00,0.0
2026-03-28T15:00:00+01:00,0.0
2026-03-28T15:15:00+01:00,0.0
2026-03-28T15:30:00+01:00,0.0
2026-03-28T15:45:00+01:00,0.0
2026-03-28T16:00:00+01:00,0.0
2026-03-28T16:15:00+01:00,0.0
2026-03-28T16:30:00+01:00,0.0
2026-03-28T16:45:00+01:00,0.0
2026-03-28T17:00:00+01:00,0.0
2026-03-28T17:15:00+01:00,0.0
2026-03-28T17:30:00+01:00,0.0
2026-03-28T17:45:00+01:00,0.0
2026-03-28T18:00:00+01:00,0.0
2026-03-28T18:15:00+01:00,0.0
2026-03-28T18:30:00+01:00,0.0
2026-03-28T18:45:00+01:00,0.0
2026-03-28T19:00:00+01:00,0.0
2026-03-28T19:15:00+01:00,0.0
2026-03-28T19:30:00+01:00,0.0
2026-03-28T19:45:00+01:00,0.0
2026-03-28T20:00:00+01:00,0.0
2026-03-28T20:15:00+01:00,0.0
2026-03-28T20:30:00+01:00,0.0
2026-03-28T20:45:00+01:00,0.0
2026-03-28T21:00:00+01:00,0.0
2026-03-28T21:15:00+01:00,0.0
2026-03-28T21:30:00+01:00,0.0
2026-03-28T21:45:00+01:00,0.0
2026-03-28T22:00:00+01:00,0.0
2026-03-28T22:15:00+01:00,0.0
2026-03-28T22:30:00+01:00,0.0
2026-03-28T22:45:00+01:00,0.0
2026-03-28T23:00:00+01:00,0.0
2026-03-28T23:15:00+01:00,0.0
2026-03-28T23:30:00+01:00,0.0
2026-03-28T23:45:00+01:00,0.0
2026-03-29T00:00:00+01:00,0.0
2026-03-29T00:15:00+01:00,0.0
2026-03-29T00:30:00+01:00,0.0
2026-03-29T00:45:00+01:00,0.0
2026-03-29T01:00:00+01:00,0.0
2026-03-29T01:15:00+01:00,0.0
2026-03-29T01:30:00+01:00,0.0
2026-03-29T01:45:00+01:00,0.0
2026-03-29T03:00:00+02:00,0.0
2026-03-29T03:15:00+02:00,0.0
2026-03-29T03:30:00+02:00,0.0
2026-03-29T03:45:00+02:00,0.0
2026-03-29T04:00:00+02:00,0.0
2026-03-29T04:15:00+02:00,0.0
2026-03-29T04:30:00+02:00,0.0
2026-03-29T04:45:00+02:00,0.0
2026-03-29T05:00:00+02:00,0.0
2026-03-29T05:15:00+02:00,0.0
2026-03-29T05:30:00+02:00,0.0
2026-03-29T05:45:00+02:00,0.0
2026-03-29T06:00:00+02:00,0.0
2026-03-29T06:15:00+02:00,0.0
2026-03-29T06:30:00+02:00,0.0
2026-03-29T06:45:00+02:00,0.0
2026-03-29T07:00:00+02:00,0.0
2026-03-29T07:15:00+02:00,0.0
2026-03-29T07:30:00+02:00,0.0
2026-03-29T07:45:00+02:00,0.0
2026-03-29T08:00:00+02:00,0.0
2026-03-29T08:15:00+02:00,0.0
2026-03-29T08:30:00+02:00,0.0
2026-03-29T08:45:00+02:00,0.0
2026-03-29T09:00:00+02:00,0.0
2026-03-29T09:15:00+02:00,0.0
2026-03-29T09:30:00+02:00,0.0
2026-03-29T09:45:00+02:00,0.0
2026-03-29T10:00:00+02:00,0.0
2026-03-29T10:15:00+02:00,0.0
2026-03-29T10:30:00+02:00,0.0
2026-03-29T10:45:00+02:00,0.0
2026-03-29T11:00:00+02:00,0.0
2026-03-29T11:15:00+02:00,0.0
2026-03-29T11:30:00+02:00,0.0
2026-03-29T11:45:00+02:00,0.0
2026-03-29T12:00:00+02:00,0.0
2026-03-29T12:15:00+02:00,0.0
2026-03-29T12:30:00+02:00,0.0
2026-03-29T12:45:00+02:00,0.0
2026-03-29T13:00:00+02:00,0.0
2026-03-29T13:15:00+02:00,0.0
2026-03-29T13:30:00+02:00,0.0
2026-03-29T13:45:00+02:00,0.0
2026-03-29T14:00:00+02:00,0.0
2026-03-29T14:15:00+02:00,0.0
2026-03-29T14:30:00+02:00,0.0
2026-03-29T14:45:00+02:00,0.0
2026-03-29T15:00:00+02:00,0.0
2026-03-29T15:15:00+02:00,0.0
2026-03-29T15:30:00+02:00,0.0
2026-03-29T15:45:00+02:00,0.0
2026-03-29T16:00:00+02:00,0.0
2026-03-29T16:15:00+02:00,0.0
2026-03-29T16:30:00+02:00,0.0
2026-03-29T16:45:00+02:00,0.0
2026-03-29T17:00:00+02:00,0.0
2026-03-29T17:15:00+02:00,0.0
2026-03-29T17:30:00+02:00,0.0
2026-03-29T17:45:00+02:00,0.0
2026-03-29T18:00:00+02:00,0.0
2026-03-29T18:15:00+02:00,0.0
2026-03-29T18:30:00+02:00,0.0
2026-03-29T18:45:00+02:00,0.0
2026-03-29T19:00:00+02:00,0.0
2026-03-29T19:15:00+02:00,0.0
2026-03-29T19:30:00+02:00,0.0
2026-03-29T19:45:00+02:00,0.0
2026-03-29T20:00:00+02:00,0.0
2026-03-29T20:15:00+02:00,0.0
2026-03-29T20:30:00+02:00,0.0
2026-03-29T20:45:00+02:00,0.0
2026-03-29T21:00:00+02:00,0.0
2026-03-29T21:15:00+02:00,0.0
2026-03-29T21:30:00+02:00,0.0
2026-03-29T21:45:00+02:00,0.0
2026-03-29T22:00:00+02:00,0.0
2026-03-29T22:15:00+02:00,0.0
2026-03-29T22:30:00+02:00,0.0
2026-03-29T22:45:00+02:00,0.0
2026-03-29T23:00:00+02:00,0.0
2026-03-29T23:15:00+02:00,0.0
2026-03-29T23:30:00+02:00,0.0
2026-03-29T23:45:00+02:00,0.0
2026-03-30T00:00:00+02:00,0.0
2026-03-30T00:15:00+02:00,0.0
2026-03-30T00:30:00+02:00,0.0
2026-03-30T00:45:00+02:00,0.0
2026-03-30T01:00:00+02:00,0.0
2026-03-30T01:15:00+02:00,0.0
2026-03-30T01:30:00+02:00,0.0
2026-03-30T01:45:00+02:00,0.0
2026-03-30T02:00:00+02:00,0.0
2026-03-30T02:15:00+02:00,0.0
2026-03-30T02:30:00+02:00,0.0
2026-03-30T02:45:00+02:00,0.0
2026-03-30T03:00:00+02:00,0.0
2026-03-30T03:15:00+02:00,0.0
2026-03-30T03:30:00+02:00,0.0
2026-03-30T03:45:00+02:00,0.0
2026-03-30T04:00:00+02:00,0.0
2026-03-30T04:15:00+02:00,0.0
2026-03-30T04:30:00+02:00,0.0
2026-03-30T04:45:00+02:00,0.0
2026-03-30T05:00:00+02:00,0.0
2026-03-30T05:15:00+02:00,0.0
2026-03-30T05:30:00+02:00,0.0
2026-03-30T05:45:00+02:00,0.0
2026-03-30T06:00:00+02:00,0.0
2026-03-30T06:15:00+02:00,0.0
2026-03-30T06:30:00+02:00,1.017235
2026-03-30T06:45:00+02:00,2.641805
2026-03-30T07:00:00+02:00,2.38644
2026-03-30T07:15:00+02:00,2.5724
2026-03-30T07:30:00+02:00,4.063903
2026-03-30T07:45:00+02:00,3.459217
2026-03-30T08:00:00+02:00,2.707781
2026-03-30T08:15:00+02:00,3.630499
2026-03-30T08:30:00+02:00,0.46872
2026-03-30T08:45:00+02:00,0.0
2026-03-30T09:00:00+02:00,0.0
2026-03-30T09:15:00+02:00,0.0
2026-03-30T09:30:00+02:00,0.0
2026-03-30T09:45:00+02:00,1.177717
2026-03-30T10:00:00+02:00,4.899323
2026-03-30T10:15:00+02:00,4.660677
2026-03-30T10:30:00+02:00,5.719803
2026-03-30T10:45:00+02:00,6.042773
2026-03-30T11:00:00+02:00,5.998307
2026-03-30T11:15:00+02:00,5.868202
2026-03-30T11:30:00+02:00,6.050798
2026-03-30T11:45:00+02:00,5.55588
2026-03-30T12:00:00+02:00,4.61496
2026-03-30T12:15:00+02:00,3.20032
2026-03-30T12:30:00+02:00,4.44612
2026-03-30T12:45:00+02:00,3.24676
2026-03-30T13:00:00+02:00,2.77192
2026-03-30T13:15:00+02:00,4.26324
2026-03-30T13:30:00+02:00,5.89608
2026-03-30T13:45:00+02:00,5.77308
2026-03-30T14:00:00+02:00,3.206426
2026-03-30T14:15:00+02:00,4.516455
2026-03-30T14:30:00+02:00,4.378199
2026-03-30T14:45:00+02:00,5.26912
2026-03-30T15:00:00+02:00,5.58548
2026-03-30T15:15:00+02:00,4.89388
2026-03-30T15:30:00+02:00,5.70568
2026-03-30T15:45:00+02:00,6.06
2026-03-30T16:00:00+02:00,5.597812
2026-03-30T16:15:00+02:00,5.376148
2026-03-30T16:30:00+02:00,5.6558
2026-03-30T16:45:00+02:00,5.26452
2026-03-30T17:00:00+02:00,5.657101
2026-03-30T17:15:00+02:00,6.074779
2026-03-30T17:30:00+02:00,6.072647
2026-03-30T17:45:00+02:00,4.923473
2026-03-30T18:00:00+02:00,4.42472
2026-03-30T18:15:00+02:00,4.47728
2026-03-30T18:30:00+02:00,3.3174
2026-03-30T18:45:00+02:00,0.19712
2026-03-30T19:00:00+02:00,0.09476
2026-03-30T19:15:00+02:00,1.894332
2026-03-30T19:30:00+02:00,2.996508
2026-03-30T19:45:00+02:00,3.4084
2026-03-30T20:00:00+02:00,3.3944
2026-03-30T20:15:00+02:00,3.300625
2026-03-30T20:30:00+02:00,2.777735
2026-03-30T20:45:00+02:00,2.155689
2026-03-30T21:00:00+02:00,2.016591
2026-03-30T21:15:00+02:00,2.08711
2026-03-30T21:30:00+02:00,2.57773
2026-03-30T21:45:00+02:00,1.04412
2026-03-30T22:00:00+02:00,0.0
2026-03-30T22:15:00+02:00,0.0
2026-03-30T22:30:00+02:00,0.0
2026-03-30T22:45:00+02:00,0.0
2026-03-30T23:00:00+02:00,0.0
2026-03-30T23:15:00+02:00,0.0
2026-03-30T23:30:00+02:00,0.0
2026-03-30T23:45:00+02:00,0.0
2026-03-31T00:00:00+02:00,0.0
2026-03-31T00:15:00+02:00,0.0
2026-03-31T00:30:00+02:00,0.0
2026-03-31T00:45:00+02:00,0.0
2026-03-31T01:00:00+02:00,0.0
2026-03-31T01:15:00+02:00,0.0
2026-03-31T01:30:00+02:00,0.0
2026-03-31T01:45:00+02:00,0.0
2026-03-31T02:00:00+02:00,0.0
2026-03-31T02:15:00+02:00,0.0
2026-03-31T02:30:00+02:00,0.0
2026-03-31T02:45:00+02:00,0.0
2026-03-31T03:00:00+02:00,0.0
2026-03-31T03:15:00+02:00,0.0
2026-03-31T03:30:00+02:00,0.0
2026-03-31T03:45:00+02:00,0.0
2026-03-31T04:00:00+02:00,0.0
2026-03-31T04:15:00+02:00,0.0
2026-03-31T04:30:00+02:00,0.0
2026-03-31T04:45:00+02:00,0.0
2026-03-31T05:00:00+02:00,0.0
2026-03-31T05:15:00+02:00,0.0
2026-03-31T05:30:00+02:00,0.0
2026-03-31T05:45:00+02:00,0.10028
2026-03-31T06:00:00+02:00,2.51696
2026-03-31T06:15:00+02:00,4.64676
2026-03-31T06:30:00+02:00,5.18836
2026-03-31T06:45:00+02:00,5.1674
2026-03-31T07:00:00+02:00,5.979854
2026-03-31T07:15:00+02:00,6.089986
2026-03-31T07:30:00+02:00,5.369
2026-03-31T07:45:00+02:00,4.59304
2026-03-31T08:00:00+02:00,4.76172
2026-03-31T08:15:00+02:00,3.195
2026-03-31T08:30:00+02:00,4.0076
2026-03-31T08:45:00+02:00,5.60232
2026-03-31T09:00:00+02:00,5.8562
2026-03-31T09:15:00+02:00,5.911929
2026-03-31T09:30:00+02:00,5.015501
2026-03-31T09:45:00+02:00,0.82261
2026-03-31T10:00:00+02:00,3.14828
2026-03-31T10:15:00+02:00,5.038295
2026-03-31T10:30:00+02:00,5.836712
2026-03-31T10:45:00+02:00,5.833114
2026-03-31T11:00:00+02:00,5.47316
2026-03-31T11:15:00+02:00,5.9942
2026-03-31T11:30:00+02:00,6.0102
2026-03-31T11:45:00+02:00,5.860699
2026-03-31T12:00:00+02:00,5.794301
2026-03-31T12:15:00+02:00,5.992103
2026-03-31T12:30:00+02:00,4.992457
2026-03-31T12:45:00+02:00,0.76996
2026-03-31T13:00:00+02:00,0.0
2026-03-31T13:15:00+02:00,3.308007
2026-03-31T13:30:00+02:00,5.875393
2026-03-31T13:45:00+02:00,5.94548
2026-03-31T14:00:00+02:00,6.08108
2026-03-31T14:15:00+02:00,5.779329
2026-03-31T14:30:00+02:00,4.979471
2026-03-31T14:45:00+02:00,4.623874
2026-03-31T15:00:00+02:00,4.427006
2026-03-31T15:15:00+02:00,4.519135
2026-03-31T15:30:00+02:00,5.097438
2026-03-31T15:45:00+02:00,5.639354
2026-03-31T16:00:00+02:00,5.771738
2026-03-31T16:15:00+02:00,4.902454
2026-03-31T16:30:00+02:00,4.55056
2026-03-31T16:45:00+02:00,5.0626
2026-03-31T17:00:00+02:00,4.41992
2026-03-31T17:15:00+02:00,5.04384
2026-03-31T17:30:00+02:00,4.81936
2026-03-31T17:45:00+02:00,5.781467
2026-03-31T18:00:00+02:00,5.80888
2026-03-31T18:15:00+02:00,5.233616
2026-03-31T18:30:00+02:00,3.675993
2026-03-31T18:45:00+02:00,0.687843
2026-03-31T19:00:00+02:00,0.93016
2026-03-31T19:15:00+02:00,1.982611
2026-03-31T19:30:00+02:00,4.994469
2026-03-31T19:45:00+02:00,5.225424
2026-03-31T20:00:00+02:00,5.408336
2026-03-31T20:15:00+02:00,5.19692
2026-03-31T20:30:00+02:00,4.128839
2026-03-31T20:45:00+02:00,3.035121
2026-03-31T21:00:00+02:00,3.58688
2026-03-31T21:15:00+02:00,2.58244
2026-03-31T21:30:00+02:00,3.23908
2026-03-31T21:45:00+02:00,2.41156
2026-03-31T22:00:00+02:00,1.55968
2026-03-31T22:15:00+02:00,0.61972
2026-03-31T22:30:00+02:00,1.06704
2026-03-31T22:45:00+02:00,0.82188
2026-03-31T23:00:00+02:00,0.0
2026-03-31T23:15:00+02:00,0.0
2026-03-31T23:30:00+02:00,0.0
2026-03-31T23:45:00+02:00,0.0
2026-04-01T00:00:00+02:00,0.0
2026-04-01T00:15:00+02:00,0.0
2026-04-01T00:30:00+02:00,0.0
2026-04-01T00:45:00+02:00,0.0
2026-04-01T01:00:00+02:00,0.0
2026-04-01T01:15:00+02:00,0.0
2026-04-01T01:30:00+02:00,0.0
2026-04-01T01:45:00+02:00,0.0
2026-04-01T02:00:00+02:00,0.0
2026-04-01T02:15:00+02:00,0.0
2026-04-01T02:30:00+02:00,0.0
2026-04-01T02:45:00+02:00,0.0
2026-04-01T03:00:00+02:00,0.0
2026-04-01T03:15:00+02:00,0.0
2026-04-01T03:30:00+02:00,0.0
2026-04-01T03:45:00+02:00,0.0
2026-04-01T04:00:00+02:00,0.0
2026-04-01T04:15:00+02:00,0.0
2026-04-01T04:30:00+02:00,0.0
2026-04-01T04:45:00+02:00,0.0
2026-04-01T05:00:00+02:00,0.0
2026-04-01T05:15:00+02:00,0.0
2026-04-01T05:30:00+02:00,0.0
2026-04-01T05:45:00+02:00,0.183886
2026-04-01T06:00:00+02:00,2.357514
2026-04-01T06:15:00+02:00,4.56688
2026-04-01T06:30:00+02:00,4.47592
2026-04-01T06:45:00+02:00,5.08812
2026-04-01T07:00:00+02:00,2.938708
2026-04-01T07:15:00+02:00,3.758052
2026-04-01T07:30:00+02:00,3.93348
2026-04-01T07:45:00+02:00,4.41608
2026-04-01T08:00:00+02:00,3.98772
2026-04-01T08:15:00+02:00,3.78976
2026-04-01T08:30:00+02:00,4.3384
2026-04-01T08:45:00+02:00,3.03112
2026-04-01T09:00:00+02:00,2.58908
2026-04-01T09:15:00+02:00,4.05004
2026-04-01T09:30:00+02:00,4.3748
2026-04-01T09:45:00+02:00,1.4432
2026-04-01T10:00:00+02:00,3.83408
2026-04-01T10:15:00+02:00,4.0966
2026-04-01T10:30:00+02:00,3.538227
2026-04-01T10:45:00+02:00,4.121213
2026-04-01T11:00:00+02:00,5.70884
2026-04-01T11:15:00+02:00,5.99292
2026-04-01T11:30:00+02:00,5.551224
2026-04-01T11:45:00+02:00,5.750976
2026-04-01T12:00:00+02:00,5.90504
2026-04-01T12:15:00+02:00,5.596
2026-04-01T12:30:00+02:00,5.430706
2026-04-01T12:45:00+02:00,4.214214
2026-04-01T13:00:00+02:00,3.924847
2026-04-01T13:15:00+02:00,4.143393
2026-04-01T13:30:00+02:00,6.01068
2026-04-01T13:45:00+02:00,5.17596
2026-04-01T14:00:00+02:00,4.947857
2026-04-01T14:15:00+02:00,4.685183
2026-04-01T14:30:00+02:00,5.17924
2026-04-01T14:45:00+02:00,5.267804
2026-04-01T15:00:00+02:00,5.15234
2026-04-01T15:15:00+02:00,5.385471
2026-04-01T15:30:00+02:00,5.285695
2026-04-01T15:45:00+02:00,5.238371
2026-04-01T16:00:00+02:00,5.99104
2026-04-01T16:15:00+02:00,5.75008
2026-04-01T16:30:00+02:00,5.37204
2026-04-01T16:45:00+02:00,5.645316
2026-04-01T17:00:00+02:00,4.954458
2026-04-01T17:15:00+02:00,4.984364
2026-04-01T17:30:00+02:00,4.601018
2026-04-01T17:45:00+02:00,5.353083
2026-04-01T18:00:00+02:00,5.60048
2026-04-01T18:15:00+02:00,4.96669
2026-04-01T18:30:00+02:00,5.307941
2026-04-01T18:45:00+02:00,4.018435
2026-04-01T19:00:00+02:00,3.576176
2026-04-01T19:15:00+02:00,3.099479
2026-04-01T19:30:00+02:00,3.37728
2026-04-01T19:45:00+02:00,4.629138
2026-04-01T20:00:00+02:00,4.072702
2026-04-01T20:15:00+02:00,5.121795
2026-04-01T20:30:00+02:00,4.738245
2026-04-01T20:45:00+02:00,4.04144
2026-04-01T21:00:00+02:00,5.19128
2026-04-01T21:15:00+02:00,3.91024
2026-04-01T21:30:00+02:00,4.67832
2026-04-01T21:45:00+02:00,3.57372
2026-04-01T22:00:00+02:00,0.6776
2026-04-01T22:15:00+02:00,0.0
2026-04-01T22:30:00+02:00,0.0
2026-04-01T22:45:00+02:00,0.0
2026-04-01T23:00:00+02:00,0.0
2026-04-01T23:15:00+02:00,0.0
2026-04-01T23:30:00+02:00,0.0
2026-04-01T23:45:00+02:00,0.0
2026-04-02T00:00:00+02:00,0.0
2026-04-02T00:15:00+02:00,0.0
2026-04-02T00:30:00+02:00,0.0
2026-04-02T00:45:00+02:00,0.0
2026-04-02T01:00:00+02:00,0.0
2026-04-02T01:15:00+02:00,0.0
2026-04-02T01:30:00+02:00,0.0
2026-04-02T01:45:00+02:00,0.0
2026-04-02T02:00:00+02:00,0.0
2026-04-02T02:15:00+02:00,0.0
2026-04-02T02:30:00+02:00,0.0
2026-04-02T02:45:00+02:00,0.0
2026-04-02T03:00:00+02:00,0.0
2026-04-02T03:15:00+02:00,0.0
2026-04-02T03:30:00+02:00,0.0
2026-04-02T03:45:00+02:00,0.0
2026-04-02T04:00:00+02:00,0.0
2026-04-02T04:15:00+02:00,0.0
2026-04-02T04:30:00+02:00,0.0
2026-04-02T04:45:00+02:00,0.0
2026-04-02T05:00:00+02:00,0.0
2026-04-02T05:15:00+02:00,0.0
2026-04-02T05:30:00+02:00,0.0
2026-04-02T05:45:00+02:00,0.0
2026-04-02T06:00:00+02:00,0.60628
2026-04-02T06:15:00+02:00,3.087916
2026-04-02T06:30:00+02:00,3.954484
2026-04-02T06:45:00+02:00,4.131919
2026-04-02T07:00:00+02:00,4.969361
2026-04-02T07:15:00+02:00,4.72108
2026-04-02T07:30:00+02:00,4.80486
2026-04-02T07:45:00+02:00,5.235432
2026-04-02T08:00:00+02:00,5.686788
2026-04-02T08:15:00+02:00,6.07184
2026-04-02T08:30:00+02:00,6.07
2026-04-02T08:45:00+02:00,6.07508
2026-04-02T09:00:00+02:00,6.068614
2026-04-02T09:15:00+02:00,6.059725
2026-04-02T09:30:00+02:00,5.728461
2026-04-02T09:45:00+02:00,4.63756
2026-04-02T10:00:00+02:00,5.366846
2026-04-02T10:15:00+02:00,6.080969
2026-04-02T10:30:00+02:00,6.030265
2026-04-02T10:45:00+02:00,5.94248
2026-04-02T11:00:00+02:00,6.068775
2026-04-02T11:15:00+02:00,6.056644
2026-04-02T11:30:00+02:00,6.063981
2026-04-02T11:45:00+02:00,5.84944
2026-04-02T12:00:00+02:00,5.9078
2026-04-02T12:15:00+02:00,6.02708
2026-04-02T12:30:00+02:00,5.6952
2026-04-02T12:45:00+02:00,4.292
2026-04-02T13:00:00+02:00,4.487416
2026-04-02T13:15:00+02:00,5.62511
2026-04-02T13:30:00+02:00,5.774154
2026-04-02T13:45:00+02:00,2.75044
2026-04-02T14:00:00+02:00,0.735546
2026-04-02T14:15:00+02:00,4.317134
2026-04-02T14:30:00+02:00,4.03744
2026-04-02T14:45:00+02:00,4.91996
2026-04-02T15:00:00+02:00,3.623202
2026-04-02T15:15:00+02:00,3.343558
2026-04-02T15:30:00+02:00,5.394218
2026-04-02T15:45:00+02:00,5.263222
2026-04-02T16:00:00+02:00,5.89492
2026-04-02T16:15:00+02:00,6.063838
2026-04-02T16:30:00+02:00,5.754322
2026-04-02T16:45:00+02:00,6.046018
2026-04-02T17:00:00+02:00,6.076102
2026-04-02T17:15:00+02:00,4.76204
2026-04-02T17:30:00+02:00,5.152913
2026-04-02T17:45:00+02:00,4.829824
2026-04-02T18:00:00+02:00,5.789723
2026-04-02T18:15:00+02:00,6.041563
2026-04-02T18:30:00+02:00,5.959982
2026-04-02T18:45:00+02:00,5.616072
2026-04-02T19:00:00+02:00,4.069004
2026-04-02T19:15:00+02:00,3.67748
2026-04-02T19:30:00+02:00,5.510809
2026-04-02T19:45:00+02:00,5.760163
2026-04-02T20:00:00+02:00,4.525607
2026-04-02T20:15:00+02:00,2.855849
2026-04-02T20:30:00+02:00,2.113252
2026-04-02T20:45:00+02:00,1.70368
2026-04-02T21:00:00+02:00,0.14256
2026-04-02T21:15:00+02:00,0.0
2026-04-02T21:30:00+02:00,0.0
2026-04-02T21:45:00+02:00,0.0
2026-04-02T22:00:00+02:00,0.0
2026-04-02T22:15:00+02:00,0.0
2026-04-02T22:30:00+02:00,0.0
2026-04-02T22:45:00+02:00,0.0
2026-04-02T23:00:00+02:00,0.0
2026-04-02T23:15:00+02:00,0.0
2026-04-02T23:30:00+02:00,0.0
2026-04-02T23:45:00+02:00,0.0
2026-04-03T00:00:00+02:00,0.0
2026-04-03T00:15:00+02:00,0.0
2026-04-03T00:30:00+02:00,0.0
2026-04-03T00:45:00+02:00,0.0
2026-04-03T01:00:00+02:00,0.0
2026-04-03T01:15:00+02:00,0.0
2026-04-03T01:30:00+02:00,0.0
2026-04-03T01:45:00+02:00,0.0
2026-04-03T02:00:00+02:00,0.0
2026-04-03T02:15:00+02:00,0.0
2026-04-03T02:30:00+02:00,0.0
2026-04-03T02:45:00+02:00,0.0
2026-04-03T03:00:00+02:00,0.0
2026-04-03T03:15:00+02:00,0.0
2026-04-03T03:30:00+02:00,0.0
2026-04-03T03:45:00+02:00,0.0
2026-04-03T04:00:00+02:00,0.0
2026-04-03T04:15:00+02:00,0.0
2026-04-03T04:30:00+02:00,0.0
2026-04-03T04:45:00+02:00,0.0
2026-04-03T05:00:00+02:00,0.0
2026-04-03T05:15:00+02:00,0.0
2026-04-03T05:30:00+02:00,0.0
2026-04-03T05:45:00+02:00,0.0
2026-04-03T06:00:00+02:00,0.0
2026-04-03T06:15:00+02:00,0.0
2026-04-03T06:30:00+02:00,0.0
2026-04-03T06:45:00+02:00,0.0
2026-04-03T07:00:00+02:00,0.0
2026-04-03T07:15:00+02:00,0.0
2026-04-03T07:30:00+02:00,0.0
2026-04-03T07:45:00+02:00,0.0
2026-04-03T08:00:00+02:00,0.0
2026-04-03T08:15:00+02:00,0.0
2026-04-03T08:30:00+02:00,0.0
2026-04-03T08:45:00+02:00,0.0
2026-04-03T09:00:00+02:00,0.0
2026-04-03T09:15:00+02:00,0.0
2026-04-03T09:30:00+02:00,0.0
2026-04-03T09:45:00+02:00,0.0
2026-04-03T10:00:00+02:00,0.0
2026-04-03T10:15:00+02:00,0.0
2026-04-03T10:30:00+02:00,0.0
2026-04-03T10:45:00+02:00,0.0
2026-04-03T11:00:00+02:00,0.0
2026-04-03T11:15:00+02:00,0.0
2026-04-03T11:30:00+02:00,0.0
2026-04-03T11:45:00+02:00,0.0
2026-04-03T12:00:00+02:00,0.0
2026-04-03T12:15:00+02:00,0.0
2026-04-03T12:30:00+02:00,0.0
2026-04-03T12:45:00+02:00,0.0
2026-04-03T13:00:00+02:00,0.0
2026-04-03T13:15:00+02:00,0.0
2026-04-03T13:30:00+02:00,0.0
2026-04-03T13:45:00+02:00,0.0
2026-04-03T14:00:00+02:00,0.0
2026-04-03T14:15:00+02:00,0.0
2026-04-03T14:30:00+02:00,0.0
2026-04-03T14:45:00+02:00,0.0
2026-04-03T15:00:00+02:00,0.0
2026-04-03T15:15:00+02:00,0.0
2026-04-03T15:30:00+02:00,0.0
2026-04-03T15:45:00+02:00,0.0
2026-04-03T16:00:00+02:00,0.0
2026-04-03T16:15:00+02:00,0.0
2026-04-03T16:30:00+02:00,0.0
2026-04-03T16:45:00+02:00,0.0
2026-04-03T17:00:00+02:00,0.0
2026-04-03T17:15:00+02:00,0.0
2026-04-03T17:30:00+02:00,0.0
2026-04-03T17:45:00+02:00,0.0
2026-04-03T18:00:00+02:00,0.0
2026-04-03T18:15:00+02:00,0.0
2026-04-03T18:30:00+02:00,0.0
2026-04-03T18:45:00+02:00,0.0
2026-04-03T19:00:00+02:00,0.0
2026-04-03T19:15:00+02:00,0.0
2026-04-03T19:30:00+02:00,0.0
2026-04-03T19:45:00+02:00,0.0
2026-04-03T20:00:00+02:00,0.0
2026-04-03T20:15:00+02:00,0.0
2026-04-03T20:30:00+02:00,0.0
2026-04-03T20:45:00+02:00,0.0
2026-04-03T21:00:00+02:00,0.0
2026-04-03T21:15:00+02:00,0.0
2026-04-03T21:30:00+02:00,0.0
2026-04-03T21:45:00+02:00,0.0
2026-04-03T22:00:00+02:00,0.0
2026-04-03T22:15:00+02:00,0.0
2026-04-03T22:30:00+02:00,0.0
2026-04-03T22:45:00+02:00,0.0
2026-04-03T23:00:00+02:00,0.0
2026-04-03T23:15:00+02:00,0.0
2026-04-03T23:30:00+02:00,0.0
2026-04-03T23:45:00+02:00,0.0
2026-04-04T00:00:00+02:00,0.0
2026-04-04T00:15:00+02:00,0.0
2026-04-04T00:30:00+02:00,0.0
2026-04-04T00:45:00+02:00,0.0
2026-04-04T01:00:00+02:00,0.0
2026-04-04T01:15:00+02:00,0.0
2026-04-04T01:30:00+02:00,0.0
2026-04-04T01:45:00+02:00,0.0
2026-04-04T02:00:00+02:00,0.0
2026-04-04T02:15:00+02:00,0.0
2026-04-04T02:30:00+02:00,0.0
2026-04-04T02:45:00+02:00,0.0
2026-04-04T03:00:00+02:00,0.0
2026-04-04T03:15:00+02:00,0.0
2026-04-04T03:30:00+02:00,0.0
2026-04-04T03:45:00+02:00,0.0
2026-04-04T04:00:00+02:00,0.0
2026-04-04T04:15:00+02:00,0.0
2026-04-04T04:30:00+02:00,0.0
2026-04-04T04:45:00+02:00,0.0
2026-04-04T05:00:00+02:00,0.0
2026-04-04T05:15:00+02:00,0.0
2026-04-04T05:30:00+02:00,0.0
2026-04-04T05:45:00+02:00,0.0
2026-04-04T06:00:00+02:00,0.0
2026-04-04T06:15:00+02:00,0.0
2026-04-04T06:30:00+02:00,0.0
2026-04-04T06:45:00+02:00,0.0
2026-04-04T07:00:00+02:00,0.0
2026-04-04T07:15:00+02:00,0.0
2026-04-04T07:30:00+02:00,0.0
2026-04-04T07:45:00+02:00,0.0
2026-04-04T08:00:00+02:00,0.0
2026-04-04T08:15:00+02:00,0.0
2026-04-04T08:30:00+02:00,0.0
2026-04-04T08:45:00+02:00,0.0
2026-04-04T09:00:00+02:00,0.0
2026-04-04T09:15:00+02:00,0.0
2026-04-04T09:30:00+02:00,0.0
2026-04-04T09:45:00+02:00,0.0
2026-04-04T10:00:00+02:00,0.0
2026-04-04T10:15:00+02:00,0.0
2026-04-04T10:30:00+02:00,0.0
2026-04-04T10:45:00+02:00,0.0
2026-04-04T11:00:00+02:00,0.0
2026-04-04T11:15:00+02:00,0.0
2026-04-04T11:30:00+02:00,0.0
2026-04-04T11:45:00+02:00,0.0
2026-04-04T12:00:00+02:00,0.0
2026-04-04T12:15:00+02:00,0.0
2026-04-04T12:30:00+02:00,0.0
2026-04-04T12:45:00+02:00,0.0
2026-04-04T13:00:00+02:00,0.0
2026-04-04T13:15:00+02:00,0.0
2026-04-04T13:30:00+02:00,0.0
2026-04-04T13:45:00+02:00,0.0
2026-04-04T14:00:00+02:00,0.0
2026-04-04T14:15:00+02:00,0.0
2026-04-04T14:30:00+02:00,0.0
2026-04-04T14:45:00+02:00,0.0
2026-04-04T15:00:00+02:00,0.0
2026-04-04T15:15:00+02:00,0.0
2026-04-04T15:30:00+02:00,0.0
2026-04-04T15:45:00+02:00,0.0
2026-04-04T16:00:00+02:00,0.0
2026-04-04T16:15:00+02:00,0.0
2026-04-04T16:30:00+02:00,0.0
2026-04-04T16:45:00+02:00,0.0
2026-04-04T17:00:00+02:00,0.0
2026-04-04T17:15:00+02:00,0.0
2026-04-04T17:30:00+02:00,0.0
2026-04-04T17:45:00+02:00,0.0
2026-04-04T18:00:00+02:00,0.0
2026-04-04T18:15:00+02:00,0.0
2026-04-04T18:30:00+02:00,0.0
2026-04-04T18:45:00+02:00,0.0
2026-04-04T19:00:00+02:00,0.0
2026-04-04T19:15:00+02:00,0.0
2026-04-04T19:30:00+02:00,0.0
2026-04-04T19:45:00+02:00,0.0
2026-04-04T20:00:00+02:00,0.0
2026-04-04T20:15:00+02:00,0.0
2026-04-04T20:30:00+02:00,0.0
2026-04-04T20:45:00+02:00,0.0
2026-04-04T21:00:00+02:00,0.0
2026-04-04T21:15:00+02:00,0.0
2026-04-04T21:30:00+02:00,0.0
2026-04-04T21:45:00+02:00,0.0
2026-04-04T22:00:00+02:00,0.0
2026-04-04T22:15:00+02:00,0.0
2026-04-04T22:30:00+02:00,0.0
2026-04-04T22:45:00+02:00,0.0
2026-04-04T23:00:00+02:00,0.0
2026-04-04T23:15:00+02:00,0.0
2026-04-04T23:30:00+02:00,0.0
2026-04-04T23:45:00+02:00,0.0
2026-04-05T00:00:00+02:00,0.0
2026-04-05T00:15:00+02:00,0.0
2026-04-05T00:30:00+02:00,0.0
2026-04-05T00:45:00+02:00,0.0
2026-04-05T01:00:00+02:00,0.0
2026-04-05T01:15:00+02:00,0.0
2026-04-05T01:30:00+02:00,0.0
2026-04-05T01:45:00+02:00,0.0
2026-04-05T02:00:00+02:00,0.0
2026-04-05T02:15:00+02:00,0.0
2026-04-05T02:30:00+02:00,0.0
2026-04-05T02:45:00+02:00,0.0
2026-04-05T03:00:00+02:00,0.0
2026-04-05T03:15:00+02:00,0.0
2026-04-05T03:30:00+02:00,0.0
2026-04-05T03:45:00+02:00,0.0
2026-04-05T04:00:00+02:00,0.0
2026-04-05T04:15:00+02:00,0.0
2026-04-05T04:30:00+02:00,0.0
2026-04-05T04:45:00+02:00,0.0
2026-04-05T05:00:00+02:00,0.0
2026-04-05T05:15:00+02:00,0.0
2026-04-05T05:30:00+02:00,0.0
2026-04-05T05:45:00+02:00,0.0
2026-04-05T06:00:00+02:00,0.0
2026-04-05T06:15:00+02:00,0.0
2026-04-05T06:30:00+02:00,0.0
2026-04-05T06:45:00+02:00,0.0
2026-04-05T07:00:00+02:00,0.0
2026-04-05T07:15:00+02:00,0.0
2026-04-05T07:30:00+02:00,0.0
2026-04-05T07:45:00+02:00,0.0
2026-04-05T08:00:00+02:00,0.0
2026-04-05T08:15:00+02:00,0.0
2026-04-05T08:30:00+02:00,0.0
2026-04-05T08:45:00+02:00,0.0
2026-04-05T09:00:00+02:00,0.0
2026-04-05T09:15:00+02:00,0.0
2026-04-05T09:30:00+02:00,0.0
2026-04-05T09:45:00+02:00,0.0
2026-04-05T10:00:00+02:00,0.0
2026-04-05T10:15:00+02:00,0.0
2026-04-05T10:30:00+02:00,0.0
2026-04-05T10:45:00+02:00,0.0
2026-04-05T11:00:00+02:00,0.0
2026-04-05T11:15:00+02:00,0.0
2026-04-05T11:30:00+02:00,0.0
2026-04-05T11:45:00+02:00,0.0
2026-04-05T12:00:00+02:00,0.0
2026-04-05T12:15:00+02:00,0.0
2026-04-05T12:30:00+02:00,0.0
2026-04-05T12:45:00+02:00,0.0
2026-04-05T13:00:00+02:00,0.0
2026-04-05T13:15:00+02:00,0.0
2026-04-05T13:30:00+02:00,0.0
2026-04-05T13:45:00+02:00,0.0
2026-04-05T14:00:00+02:00,0.0
2026-04-05T14:15:00+02:00,0.0
2026-04-05T14:30:00+02:00,0.0
2026-04-05T14:45:00+02:00,0.0
2026-04-05T15:00:00+02:00,0.0
2026-04-05T15:15:00+02:00,0.0
2026-04-05T15:30:00+02:00,0.0
2026-04-05T15:45:00+02:00,0.0
2026-04-05T16:00:00+02:00,0.0
2026-04-05T16:15:00+02:00,0.0
2026-04-05T16:30:00+02:00,0.0
2026-04-05T16:45:00+02:00,0.0
2026-04-05T17:00:00+02:00,0.0
2026-04-05T17:15:00+02:00,0.0
2026-04-05T17:30:00+02:00,0.0
2026-04-05T17:45:00+02:00,0.0
2026-04-05T18:00:00+02:00,0.0
2026-04-05T18:15:00+02:00,0.0
2026-04-05T18:30:00+02:00,0.0
2026-04-05T18:45:00+02:00,0.0
2026-04-05T19:00:00+02:00,0.0
2026-04-05T19:15:00+02:00,0.0
2026-04-05T19:30:00+02:00,0.0
2026-04-05T19:45:00+02:00,0.0
2026-04-05T20:00:00+02:00,0.0
2026-04-05T20:15:00+02:00,0.0
2026-04-05T20:30:00+02:00,0.0
2026-04-05T20:45:00+02:00,0.0
2026-04-05T21:00:00+02:00,0.0
2026-04-05T21:15:00+02:00,0.0
2026-04-05T21:30:00+02:00,0.0
2026-04-05T21:45:00+02:00,0.0
2026-04-05T22:00:00+02:00,0.0
2026-04-05T22:15:00+02:00,0.0
2026-04-05T22:30:00+02:00,0.0
2026-04-05T22:45:00+02:00,0.0
2026-04-05T23:00:00+02:00,0.0
2026-04-05T23:15:00+02:00,0.0
2026-04-05T23:30:00+02:00,0.0
2026-04-05T23:45:00+02:00,0.0
2026-04-06T00:00:00+02:00,0.0
2026-04-06T00:15:00+02:00,0.0
2026-04-06T00:30:00+02:00,0.0
2026-04-06T00:45:00+02:00,0.0
2026-04-06T01:00:00+02:00,0.0
2026-04-06T01:15:00+02:00,0.0
2026-04-06T01:30:00+02:00,0.0
2026-04-06T01:45:00+02:00,0.0
2026-04-06T02:00:00+02:00,0.0
2026-04-06T02:15:00+02:00,0.0
2026-04-06T02:30:00+02:00,0.0
2026-04-06T02:45:00+02:00,0.0
2026-04-06T03:00:00+02:00,0.0
2026-04-06T03:15:00+02:00,0.0
2026-04-06T03:30:00+02:00,0.0
2026-04-06T03:45:00+02:00,0.0
2026-04-06T04:00:00+02:00,0.0
2026-04-06T04:15:00+02:00,0.0
2026-04-06T04:30:00+02:00,0.0
2026-04-06T04:45:00+02:00,0.0
2026-04-06T05:00:00+02:00,0.0
2026-04-06T05:15:00+02:00,0.0
2026-04-06T05:30:00+02:00,0.0
2026-04-06T05:45:00+02:00,0.0
2026-04-06T06:00:00+02:00,0.0
2026-04-06T06:15:00+02:00,0.0
2026-04-06T06:30:00+02:00,0.0
2026-04-06T06:45:00+02:00,0.0
2026-04-06T07:00:00+02:00,0.0
2026-04-06T07:15:00+02:00,0.0
2026-04-06T07:30:00+02:00,0.0
2026-04-06T07:45:00+02:00,0.0
2026-04-06T08:00:00+02:00,0.0
2026-04-06T08:15:00+02:00,0.0
2026-04-06T08:30:00+02:00,0.0
2026-04-06T08:45:00+02:00,0.0
2026-04-06T09:00:00+02:00,0.0
2026-04-06T09:15:00+02:00,0.0
2026-04-06T09:30:00+02:00,0.0
2026-04-06T09:45:00+02:00,0.0
2026-04-06T10:00:00+02:00,0.0
2026-04-06T10:15:00+02:00,0.0
2026-04-06T10:30:00+02:00,0.0
2026-04-06T10:45:00+02:00,0.0
2026-04-06T11:00:00+02:00,0.0
2026-04-06T11:15:00+02:00,0.0
2026-04-06T11:30:00+02:00,0.0
2026-04-06T11:45:00+02:00,0.0
2026-04-06T12:00:00+02:00,0.0
2026-04-06T12:15:00+02:00,0.0
2026-04-06T12:30:00+02:00,0.0
2026-04-06T12:45:00+02:00,0.0
2026-04-06T13:00:00+02:00,0.0
2026-04-06T13:15:00+02:00,0.0
2026-04-06T13:30:00+02:00,0.0
2026-04-06T13:45:00+02:00,0.0
2026-04-06T14:00:00+02:00,0.0
2026-04-06T14:15:00+02:00,0.0
2026-04-06T14:30:00+02:00,0.0
2026-04-06T14:45:00+02:00,0.0
2026-04-06T15:00:00+02:00,0.0
2026-04-06T15:15:00+02:00,0.0
2026-04-06T15:30:00+02:00,0.0
2026-04-06T15:45:00+02:00,0.0
2026-04-06T16:00:00+02:00,0.0
2026-04-06T16:15:00+02:00,0.0
2026-04-06T16:30:00+02:00,0.0
2026-04-06T16:45:00+02:00,0.0
2026-04-06T17:00:00+02:00,0.0
2026-04-06T17:15:00+02:00,0.0
2026-04-06T17:30:00+02:00,0.0
2026-04-06T17:45:00+02:00,0.0
2026-04-06T18:00:00+02:00,0.0
2026-04-06T18:15:00+02:00,0.0
2026-04-06T18:30:00+02:00,0.0
2026-04-06T18:45:00+02:00,0.0
2026-04-06T19:00:00+02:00,0.0
2026-04-06T19:15:00+02:00,0.0
2026-04-06T19:30:00+02:00,0.0
2026-04-06T19:45:00+02:00,0.0
2026-04-06T20:00:00+02:00,0.0
2026-04-06T20:15:00+02:00,0.0
2026-04-06T20:30:00+02:00,0.0
2026-04-06T20:45:00+02:00,0.0
2026-04-06T21:00:00+02:00,0.0
2026-04-06T21:15:00+02:00,0.0
2026-04-06T21:30:00+02:00,0.0
2026-04-06T21:45:00+02:00,0.0
2026-04-06T22:00:00+02:00,0.0
2026-04-06T22:15:00+02:00,0.0
2026-04-06T22:30:00+02:00,0.0
2026-04-06T22:45:00+02:00,0.0
2026-04-06T23:00:00+02:00,0.0
2026-04-06T23:15:00+02:00,0.0
2026-04-06T23:30:00+02:00,0.0
2026-04-06T23:45:00+02:00,0.0
2026-04-07T00:00:00+02:00,0.0
2026-04-07T00:15:00+02:00,0.0
2026-04-07T00:30:00+02:00,0.0
2026-04-07T00:45:00+02:00,0.0
2026-04-07T01:00:00+02:00,0.0
2026-04-07T01:15:00+02:00,0.0
2026-04-07T01:30:00+02:00,0.0
2026-04-07T01:45:00+02:00,0.0
2026-04-07T02:00:00+02:00,0.0
2026-04-07T02:15:00+02:00,0.0
2026-04-07T02:30:00+02:00,0.0
2026-04-07T02:45:00+02:00,0.0
2026-04-07T03:00:00+02:00,0.0
2026-04-07T03:15:00+02:00,0.0
2026-04-07T03:30:00+02:00,0.0
2026-04-07T03:45:00+02:00,0.0
2026-04-07T04:00:00+02:00,0.0
2026-04-07T04:15:00+02:00,0.0
2026-04-07T04:30:00+02:00,0.0
2026-04-07T04:45:00+02:00,0.0
2026-04-07T05:00:00+02:00,0.0
2026-04-07T05:15:00+02:00,0.0
2026-04-07T05:30:00+02:00,0.0
2026-04-07T05:45:00+02:00,0.0
2026-04-07T06:00:00+02:00,0.0
2026-04-07T06:15:00+02:00,0.0
2026-04-07T06:30:00+02:00,0.0
2026-04-07T06:45:00+02:00,0.0
2026-04-07T07:00:00+02:00,0.797616
2026-04-07T07:15:00+02:00,0.100984
2026-04-07T07:30:00+02:00,3.69264
2026-04-07T07:45:00+02:00,3.94636
2026-04-07T08:00:00+02:00,5.51816
2026-04-07T08:15:00+02:00,6.01984
2026-04-07T08:30:00+02:00,5.27592
2026-04-07T08:45:00+02:00,2.743435
2026-04-07T09:00:00+02:00,4.674525
2026-04-07T09:15:00+02:00,5.86288
2026-04-07T09:30:00+02:00,2.6534
2026-04-07T09:45:00+02:00,0.82932
2026-04-07T10:00:00+02:00,2.91288
2026-04-07T10:15:00+02:00,6.08676
2026-04-07T10:30:00+02:00,6.13016
2026-04-07T10:45:00+02:00,5.61972
2026-04-07T11:00:00+02:00,4.761797
2026-04-07T11:15:00+02:00,5.217763
2026-04-07T11:30:00+02:00,5.41508
2026-04-07T11:45:00+02:00,5.5784
2026-04-07T12:00:00+02:00,5.991796
2026-04-07T12:15:00+02:00,5.131964
2026-04-07T12:30:00+02:00,4.55732
2026-04-07T12:45:00+02:00,1.83188
2026-04-07T13:00:00+02:00,3.601347
2026-04-07T13:15:00+02:00,5.510573
2026-04-07T13:30:00+02:00,5.991891
2026-04-07T13:45:00+02:00,6.095549
2026-04-07T14:00:00+02:00,6.07984
2026-04-07T14:15:00+02:00,6.08708
2026-04-07T14:30:00+02:00,6.08708
2026-04-07T14:45:00+02:00,6.08968
2026-04-07T15:00:00+02:00,5.864929
2026-04-07T15:15:00+02:00,4.702807
2026-04-07T15:30:00+02:00,5.118545
2026-04-07T15:45:00+02:00,6.090377
2026-04-07T16:00:00+02:00,6.076112
2026-04-07T16:15:00+02:00,6.077724
2026-04-07T16:30:00+02:00,6.036866
2026-04-07T16:45:00+02:00,5.96972
2026-04-07T17:00:00+02:00,6.069526
2026-04-07T17:15:00+02:00,6.075133
2026-04-07T17:30:00+02:00,6.061193
2026-04-07T17:45:00+02:00,6.068643
2026-04-07T18:00:00+02:00,6.071031
2026-04-07T18:15:00+02:00,6.078051
2026-04-07T18:30:00+02:00,6.017183
2026-04-07T18:45:00+02:00,5.93956
2026-04-07T19:00:00+02:00,5.934631
2026-04-07T19:15:00+02:00,5.948627
2026-04-07T19:30:00+02:00,6.071823
2026-04-07T19:45:00+02:00,6.06892
2026-04-07T20:00:00+02:00,6.06892
2026-04-07T20:15:00+02:00,6.07508
2026-04-07T20:30:00+02:00,6.065882
2026-04-07T20:45:00+02:00,6.082878
2026-04-07T21:00:00+02:00,6.10416
2026-04-07T21:15:00+02:00,5.97872
2026-04-07T21:30:00+02:00,6.04004
2026-04-07T21:45:00+02:00,6.0522
2026-04-07T22:00:00+02:00,3.36788
2026-04-07T22:15:00+02:00,2.11668
2026-04-07T22:30:00+02:00,2.36756
2026-04-07T22:45:00+02:00,0.03696
2026-04-07T23:00:00+02:00,0.768
2026-04-07T23:15:00+02:00,0.0
2026-04-07T23:30:00+02:00,0.0
2026-04-07T23:45:00+02:00,0.0
2026-04-08T00:00:00+02:00,0.0
2026-04-08T00:15:00+02:00,0.0
2026-04-08T00:30:00+02:00,0.0
2026-04-08T00:45:00+02:00,0.0
2026-04-08T01:00:00+02:00,0.0
2026-04-08T01:15:00+02:00,0.0
2026-04-08T01:30:00+02:00,0.0
2026-04-08T01:45:00+02:00,0.0
2026-04-08T02:00:00+02:00,0.0
2026-04-08T02:15:00+02:00,0.0
2026-04-08T02:30:00+02:00,0.0
2026-04-08T02:45:00+02:00,0.0
2026-04-08T03:00:00+02:00,0.0
2026-04-08T03:15:00+02:00,0.0
2026-04-08T03:30:00+02:00,0.0
2026-04-08T03:45:00+02:00,0.0
2026-04-08T04:00:00+02:00,0.0
2026-04-08T04:15:00+02:00,0.0
2026-04-08T04:30:00+02:00,0.0
2026-04-08T04:45:00+02:00,0.0
2026-04-08T05:00:00+02:00,0.0
2026-04-08T05:15:00+02:00,0.0
2026-04-08T05:30:00+02:00,0.0
2026-04-08T05:45:00+02:00,0.0
2026-04-08T06:00:00+02:00,0.0
2026-04-08T06:15:00+02:00,0.0
2026-04-08T06:30:00+02:00,1.45036
2026-04-08T06:45:00+02:00,2.67112
2026-04-08T07:00:00+02:00,4.23964
2026-04-08T07:15:00+02:00,5.4978
2026-04-08T07:30:00+02:00,6.021952
2026-04-08T07:45:00+02:00,5.751616
2026-04-08T08:00:00+02:00,5.995732
2026-04-08T08:15:00+02:00,5.86965
2026-04-08T08:30:00+02:00,4.667568
2026-04-08T08:45:00+02:00,5.520686
2026-04-08T09:00:00+02:00,4.152756
2026-04-08T09:15:00+02:00,4.3768
2026-04-08T09:30:00+02:00,4.89012
2026-04-08T09:45:00+02:00,1.23884
2026-04-08T10:00:00+02:00,4.206688
2026-04-08T10:15:00+02:00,5.829841
2026-04-08T10:30:00+02:00,5.995711
2026-04-08T10:45:00+02:00,6.03728
2026-04-08T11:00:00+02:00,5.607065
2026-04-08T11:15:00+02:00,6.046909
2026-04-08T11:30:00+02:00,6.092746
2026-04-08T11:45:00+02:00,6.09276
2026-04-08T12:00:00+02:00,6.075851
2026-04-08T12:15:00+02:00,5.718623
2026-04-08T12:30:00+02:00,5.377086
2026-04-08T12:45:00+02:00,6.07752
2026-04-08T13:00:00+02:00,6.065526
2026-04-08T13:15:00+02:00,6.101396
2026-04-08T13:30:00+02:00,6.071877
2026-04-08T13:45:00+02:00,6.04768
2026-04-08T14:00:00+02:00,6.057535
2026-04-08T14:15:00+02:00,6.097498
2026-04-08T14:30:00+02:00,6.072605
2026-04-08T14:45:00+02:00,5.997158
2026-04-08T15:00:00+02:00,4.870123
2026-04-08T15:15:00+02:00,4.08712
2026-04-08T15:30:00+02:00,3.51564
2026-04-08T15:45:00+02:00,3.58548
2026-04-08T16:00:00+02:00,2.92308
2026-04-08T16:15:00+02:00,1.43504
2026-04-08T16:30:00+02:00,2.35424
2026-04-08T16:45:00+02:00,3.9376
2026-04-08T17:00:00+02:00,4.122508
2026-04-08T17:15:00+02:00,3.987692
2026-04-08T17:30:00+02:00,3.7944
2026-04-08T17:45:00+02:00,3.30752
2026-04-08T18:00:00+02:00,4.056365
2026-04-08T18:15:00+02:00,4.289435
2026-04-08T18:30:00+02:00,4.13756
2026-04-08T18:45:00+02:00,3.38632
2026-04-08T19:00:00+02:00,2.934331
2026-04-08T19:15:00+02:00,2.977229
2026-04-08T19:30:00+02:00,3.789716
2026-04-08T19:45:00+02:00,5.073684
2026-04-08T20:00:00+02:00,4.91096
2026-04-08T20:15:00+02:00,5.8556
2026-04-08T20:30:00+02:00,5.8264
2026-04-08T20:45:00+02:00,6.03004
2026-04-08T21:00:00+02:00,5.88456
2026-04-08T21:15:00+02:00,5.37168
2026-04-08T21:30:00+02:00,5.25516
2026-04-08T21:45:00+02:00,3.757535
2026-04-08T22:00:00+02:00,0.344985
2026-04-08T22:15:00+02:00,0.0
2026-04-08T22:30:00+02:00,0.0
2026-04-08T22:45:00+02:00,0.0
2026-04-08T23:00:00+02:00,0.0
2026-04-08T23:15:00+02:00,0.0
2026-04-08T23:30:00+02:00,0.0
2026-04-08T23:45:00+02:00,0.0
2026-04-09T00:00:00+02:00,0.0
2026-04-09T00:15:00+02:00,0.0
2026-04-09T00:30:00+02:00,0.0
2026-04-09T00:45:00+02:00,0.0
2026-04-09T01:00:00+02:00,0.0
2026-04-09T01:15:00+02:00,0.0
2026-04-09T01:30:00+02:00,0.0
2026-04-09T01:45:00+02:00,0.0
2026-04-09T02:00:00+02:00,0.0
2026-04-09T02:15:00+02:00,0.0
2026-04-09T02:30:00+02:00,0.0
2026-04-09T02:45:00+02:00,0.0
2026-04-09T03:00:00+02:00,0.0
2026-04-09T03:15:00+02:00,0.0
2026-04-09T03:30:00+02:00,0.0
2026-04-09T03:45:00+02:00,0.0
2026-04-09T04:00:00+02:00,0.0
2026-04-09T04:15:00+02:00,0.0
2026-04-09T04:30:00+02:00,0.0
2026-04-09T04:45:00+02:00,0.0
2026-04-09T05:00:00+02:00,0.0
2026-04-09T05:15:00+02:00,0.0
2026-04-09T05:30:00+02:00,0.0
2026-04-09T05:45:00+02:00,0.0
2026-04-09T06:00:00+02:00,0.46736
2026-04-09T06:15:00+02:00,3.485718
2026-04-09T06:30:00+02:00,2.647762
2026-04-09T06:45:00+02:00,4.634401
2026-04-09T07:00:00+02:00,4.801719
2026-04-09T07:15:00+02:00,4.95132
2026-04-09T07:30:00+02:00,5.20124
2026-04-09T07:45:00+02:00,3.92508
2026-04-09T08:00:00+02:00,5.209506
2026-04-09T08:15:00+02:00,4.996815
2026-04-09T08:30:00+02:00,5.301158
2026-04-09T08:45:00+02:00,5.65496
2026-04-09T09:00:00+02:00,4.96896
2026-04-09T09:15:00+02:00,4.58328
2026-04-09T09:30:00+02:00,3.74512
2026-04-09T09:45:00+02:00,2.02512
2026-04-09T10:00:00+02:00,3.3454
2026-04-09T10:15:00+02:00,5.85416
2026-04-09T10:30:00+02:00,5.6694
2026-04-09T10:45:00+02:00,4.809197
2026-04-09T11:00:00+02:00,5.536883
2026-04-09T11:15:00+02:00,4.74372
2026-04-09T11:30:00+02:00,5.04176
2026-04-09T11:45:00+02:00,5.794769
2026-04-09T12:00:00+02:00,5.817871
2026-04-09T12:15:00+02:00,3.69872
2026-04-09T12:30:00+02:00,2.778157
2026-04-09T12:45:00+02:00,2.386269
2026-04-09T13:00:00+02:00,3.554044
2026-04-09T13:15:00+02:00,4.466617
2026-04-09T13:30:00+02:00,5.906273
2026-04-09T13:45:00+02:00,5.46028
2026-04-09T14:00:00+02:00,2.279638
2026-04-09T14:15:00+02:00,4.992442
2026-04-09T14:30:00+02:00,5.9938
2026-04-09T14:45:00+02:00,6.006
2026-04-09T15:00:00+02:00,6.014305
2026-04-09T15:15:00+02:00,6.020645
2026-04-09T15:30:00+02:00,6.033192
2026-04-09T15:45:00+02:00,5.948017
2026-04-09T16:00:00+02:00,5.991682
2026-04-09T16:15:00+02:00,6.018
2026-04-09T16:30:00+02:00,6.009383
2026-04-09T16:45:00+02:00,6.01789
2026-04-09T17:00:00+02:00,6.020567
2026-04-09T17:15:00+02:00,6.01832
2026-04-09T17:30:00+02:00,5.995598
2026-04-09T17:45:00+02:00,6.035002
2026-04-09T18:00:00+02:00,6.02308
2026-04-09T18:15:00+02:00,6.03
2026-04-09T18:30:00+02:00,5.37412
2026-04-09T18:45:00+02:00,4.9916
2026-04-09T19:00:00+02:00,4.569076
2026-04-09T19:15:00+02:00,5.552564
2026-04-09T19:30:00+02:00,6.04972
2026-04-09T19:45:00+02:00,6.04152
2026-04-09T20:00:00+02:00,6.033318
2026-04-09T20:15:00+02:00,6.037922
2026-04-09T20:30:00+02:00,6.03832
2026-04-09T20:45:00+02:00,6.02676
2026-04-09T21:00:00+02:00,6.054827
2026-04-09T21:15:00+02:00,6.052853
2026-04-09T21:30:00+02:00,6.0152
2026-04-09T21:45:00+02:00,4.63448
2026-04-09T22:00:00+02:00,0.60912
2026-04-09T22:15:00+02:00,0.0
2026-04-09T22:30:00+02:00,0.0
2026-04-09T22:45:00+02:00,0.0
2026-04-09T23:00:00+02:00,0.0
2026-04-09T23:15:00+02:00,0.0
2026-04-09T23:30:00+02:00,0.0
2026-04-09T23:45:00+02:00,0.0
2026-04-10T00:00:00+02:00,0.0
2026-04-10T00:15:00+02:00,0.0
2026-04-10T00:30:00+02:00,0.0
2026-04-10T00:45:00+02:00,0.0
2026-04-10T01:00:00+02:00,0.0
2026-04-10T01:15:00+02:00,0.0
2026-04-10T01:30:00+02:00,0.0
2026-04-10T01:45:00+02:00,0.0
2026-04-10T02:00:00+02:00,0.0
2026-04-10T02:15:00+02:00,0.0
2026-04-10T02:30:00+02:00,0.0
2026-04-10T02:45:00+02:00,0.0
2026-04-10T03:00:00+02:00,0.0
2026-04-10T03:15:00+02:00,0.0
2026-04-10T03:30:00+02:00,0.0
2026-04-10T03:45:00+02:00,0.0
2026-04-10T04:00:00+02:00,0.0
2026-04-10T04:15:00+02:00,0.0
2026-04-10T04:30:00+02:00,0.0
2026-04-10T04:45:00+02:00,0.0
2026-04-10T05:00:00+02:00,0.0
2026-04-10T05:15:00+02:00,0.0
2026-04-10T05:30:00+02:00,0.0
2026-04-10T05:45:00+02:00,0.86432
2026-04-10T06:00:00+02:00,4.3158
2026-04-10T06:15:00+02:00,5.57772
2026-04-10T06:30:00+02:00,6.01968
2026-04-10T06:45:00+02:00,6.039858
2026-04-10T07:00:00+02:00,6.041062
2026-04-10T07:15:00+02:00,6.042938
2026-04-10T07:30:00+02:00,5.087542
2026-04-10T07:45:00+02:00,3.856697
2026-04-10T08:00:00+02:00,5.508223
2026-04-10T08:15:00+02:00,4.45424
2026-04-10T08:30:00+02:00,4.14352
2026-04-10T08:45:00+02:00,3.883794
2026-04-10T09:00:00+02:00,2.454286
2026-04-10T09:15:00+02:00,2.78836
2026-04-10T09:30:00+02:00,2.66248
2026-04-10T09:45:00+02:00,0.09548
2026-04-10T10:00:00+02:00,1.45356
2026-04-10T10:15:00+02:00,4.320796
2026-04-10T10:30:00+02:00,5.626844
2026-04-10T10:45:00+02:00,6.04248
2026-04-10T11:00:00+02:00,6.04092
2026-04-10T11:15:00+02:00,6.03
2026-04-10T11:30:00+02:00,6.055217
2026-04-10T11:45:00+02:00,6.062317
2026-04-10T12:00:00+02:00,6.044506
2026-04-10T12:15:00+02:00,5.7476
2026-04-10T12:30:00+02:00,5.4038
2026-04-10T12:45:00+02:00,1.6796
2026-04-10T13:00:00+02:00,1.577722
2026-04-10T13:15:00+02:00,3.614878
2026-04-10T13:30:00+02:00,5.25196
2026-04-10T13:45:00+02:00,5.04644
2026-04-10T14:00:00+02:00,4.871837
2026-04-10T14:15:00+02:00,5.643843
2026-04-10T14:30:00+02:00,5.87192
2026-04-10T14:45:00+02:00,5.9342
2026-04-10T15:00:00+02:00,6.036482
2026-04-10T15:15:00+02:00,6.068278
2026-04-10T15:30:00+02:00,6.05632
2026-04-10T15:45:00+02:00,6.036943
2026-04-10T16:00:00+02:00,6.049497
2026-04-10T16:15:00+02:00,6.06048
2026-04-10T16:30:00+02:00,6.05768
2026-04-10T16:45:00+02:00,6.049427
2026-04-10T17:00:00+02:00,6.066853
2026-04-10T17:15:00+02:00,6.08204
2026-04-10T17:30:00+02:00,5.964421
2026-04-10T17:45:00+02:00,5.630459
2026-04-10T18:00:00+02:00,6.0188
2026-04-10T18:15:00+02:00,6.052343
2026-04-10T18:30:00+02:00,6.04897
2026-04-10T18:45:00+02:00,6.046848
2026-04-10T19:00:00+02:00,5.70416
2026-04-10T19:15:00+02:00,5.734938
2026-04-10T19:30:00+02:00,6.045062
2026-04-10T19:45:00+02:00,5.800981
2026-04-10T20:00:00+02:00,5.590659
2026-04-10T20:15:00+02:00,6.0564
2026-04-10T20:30:00+02:00,6.107929
2026-04-10T20:45:00+02:00,6.016442
2026-04-10T21:00:00+02:00,5.789349
2026-04-10T21:15:00+02:00,5.829
2026-04-10T21:30:00+02:00,4.78632
2026-04-10T21:45:00+02:00,0.78848
2026-04-10T22:00:00+02:00,0.0
2026-04-10T22:15:00+02:00,0.0
2026-04-10T22:30:00+02:00,0.0
2026-04-10T22:45:00+02:00,0.0
2026-04-10T23:00:00+02:00,0.0
2026-04-10T23:15:00+02:00,0.0
2026-04-10T23:30:00+02:00,0.0
2026-04-10T23:45:00+02:00,0.0
2026-04-11T00:00:00+02:00,0.0
2026-04-11T00:15:00+02:00,0.0
2026-04-11T00:30:00+02:00,0.0
2026-04-11T00:45:00+02:00,0.0
2026-04-11T01:00:00+02:00,0.0
2026-04-11T01:15:00+02:00,0.0
2026-04-11T01:30:00+02:00,0.0
2026-04-11T01:45:00+02:00,0.0
2026-04-11T02:00:00+02:00,0.0
2026-04-11T02:15:00+02:00,0.0
2026-04-11T02:30:00+02:00,0.0
2026-04-11T02:45:00+02:00,0.0
2026-04-11T03:00:00+02:00,0.0
2026-04-11T03:15:00+02:00,0.0
2026-04-11T03:30:00+02:00,0.0
2026-04-11T03:45:00+02:00,0.0
2026-04-11T04:00:00+02:00,0.0
2026-04-11T04:15:00+02:00,0.0
2026-04-11T04:30:00+02:00,0.0
2026-04-11T04:45:00+02:00,0.0
2026-04-11T05:00:00+02:00,0.0
2026-04-11T05:15:00+02:00,0.0
2026-04-11T05:30:00+02:00,0.0
2026-04-11T05:45:00+02:00,0.0
2026-04-11T06:00:00+02:00,0.0
2026-04-11T06:15:00+02:00,0.0
2026-04-11T06:30:00+02:00,0.0
2026-04-11T06:45:00+02:00,0.0
2026-04-11T07:00:00+02:00,0.0
2026-04-11T07:15:00+02:00,0.0
2026-04-11T07:30:00+02:00,0.0
2026-04-11T07:45:00+02:00,0.0
2026-04-11T08:00:00+02:00,0.0
2026-04-11T08:15:00+02:00,0.0
2026-04-11T08:30:00+02:00,0.0
2026-04-11T08:45:00+02:00,0.0
2026-04-11T09:00:00+02:00,0.0
2026-04-11T09:15:00+02:00,0.0
2026-04-11T09:30:00+02:00,0.0
2026-04-11T09:45:00+02:00,0.0
2026-04-11T10:00:00+02:00,0.0
2026-04-11T10:15:00+02:00,0.0
2026-04-11T10:30:00+02:00,0.0
2026-04-11T10:45:00+02:00,0.0
2026-04-11T11:00:00+02:00,0.0
2026-04-11T11:15:00+02:00,0.0
2026-04-11T11:30:00+02:00,0.0
2026-04-11T11:45:00+02:00,0.0
2026-04-11T12:00:00+02:00,0.0
2026-04-11T12:15:00+02:00,0.0
2026-04-11T12:30:00+02:00,0.0
2026-04-11T12:45:00+02:00,0.0
2026-04-11T13:00:00+02:00,0.0
2026-04-11T13:15:00+02:00,0.0
2026-04-11T13:30:00+02:00,0.0
2026-04-11T13:45:00+02:00,0.0
2026-04-11T14:00:00+02:00,0.0
2026-04-11T14:15:00+02:00,0.0
2026-04-11T14:30:00+02:00,0.0
2026-04-11T14:45:00+02:00,0.0
2026-04-11T15:00:00+02:00,0.0
2026-04-11T15:15:00+02:00,0.0
2026-04-11T15:30:00+02:00,0.0
2026-04-11T15:45:00+02:00,0.0
2026-04-11T16:00:00+02:00,0.0
2026-04-11T16:15:00+02:00,0.0
2026-04-11T16:30:00+02:00,0.0
2026-04-11T16:45:00+02:00,0.0
2026-04-11T17:00:00+02:00,0.0
2026-04-11T17:15:00+02:00,0.0
2026-04-11T17:30:00+02:00,0.0
2026-04-11T17:45:00+02:00,0.0
2026-04-11T18:00:00+02:00,0.0
2026-04-11T18:15:00+02:00,0.0
2026-04-11T18:30:00+02:00,0.0
2026-04-11T18:45:00+02:00,0.0
2026-04-11T19:00:00+02:00,0.0
2026-04-11T19:15:00+02:00,0.0
2026-04-11T19:30:00+02:00,0.0
2026-04-11T19:45:00+02:00,0.0
2026-04-11T20:00:00+02:00,0.0
2026-04-11T20:15:00+02:00,0.0
2026-04-11T20:30:00+02:00,0.0
2026-04-11T20:45:00+02:00,0.0
2026-04-11T21:00:00+02:00,0.0
2026-04-11T21:15:00+02:00,0.0
2026-04-11T21:30:00+02:00,0.0
2026-04-11T21:45:00+02:00,0.0
2026-04-11T22:00:00+02:00,0.0
2026-04-11T22:15:00+02:00,0.0
2026-04-11T22:30:00+02:00,0.0
2026-04-11T22:45:00+02:00,0.0
2026-04-11T23:00:00+02:00,0.0
2026-04-11T23:15:00+02:00,0.0
2026-04-11T23:30:00+02:00,0.0
2026-04-11T23:45:00+02:00,0.0
2026-04-12T00:00:00+02:00,0.0
2026-04-12T00:15:00+02:00,0.0
2026-04-12T00:30:00+02:00,0.0
2026-04-12T00:45:00+02:00,0.0
2026-04-12T01:00:00+02:00,0.0
2026-04-12T01:15:00+02:00,0.0
2026-04-12T01:30:00+02:00,0.0
2026-04-12T01:45:00+02:00,0.0
2026-04-12T02:00:00+02:00,0.0
2026-04-12T02:15:00+02:00,0.0
2026-04-12T02:30:00+02:00,0.0
2026-04-12T02:45:00+02:00,0.0
2026-04-12T03:00:00+02:00,0.0
2026-04-12T03:15:00+02:00,0.0
2026-04-12T03:30:00+02:00,0.0
2026-04-12T03:45:00+02:00,0.0
2026-04-12T04:00:00+02:00,0.0
2026-04-12T04:15:00+02:00,0.0
2026-04-12T04:30:00+02:00,0.0
2026-04-12T04:45:00+02:00,0.0
2026-04-12T05:00:00+02:00,0.0
2026-04-12T05:15:00+02:00,0.0
2026-04-12T05:30:00+02:00,0.0
2026-04-12T05:45:00+02:00,0.0
2026-04-12T06:00:00+02:00,0.0
2026-04-12T06:15:00+02:00,0.0
2026-04-12T06:30:00+02:00,0.0
2026-04-12T06:45:00+02:00,0.0
2026-04-12T07:00:00+02:00,0.0
2026-04-12T07:15:00+02:00,0.0
2026-04-12T07:30:00+02:00,0.0
2026-04-12T07:45:00+02:00,0.0
2026-04-12T08:00:00+02:00,0.0
2026-04-12T08:15:00+02:00,0.0
2026-04-12T08:30:00+02:00,0.0
2026-04-12T08:45:00+02:00,0.0
2026-04-12T09:00:00+02:00,0.0
2026-04-12T09:15:00+02:00,0.0
2026-04-12T09:30:00+02:00,0.0
2026-04-12T09:45:00+02:00,0.0
2026-04-12T10:00:00+02:00,0.0
2026-04-12T10:15:00+02:00,0.0
2026-04-12T10:30:00+02:00,0.0
2026-04-12T10:45:00+02:00,0.0
2026-04-12T11:00:00+02:00,0.0
2026-04-12T11:15:00+02:00,0.0
2026-04-12T11:30:00+02:00,0.0
2026-04-12T11:45:00+02:00,0.0
2026-04-12T12:00:00+02:00,0.0
2026-04-12T12:15:00+02:00,0.0
2026-04-12T12:30:00+02:00,0.0
2026-04-12T12:45:00+02:00,0.0
2026-04-12T13:00:00+02:00,0.0
2026-04-12T13:15:00+02:00,0.0
2026-04-12T13:30:00+02:00,0.0
2026-04-12T13:45:00+02:00,0.0
2026-04-12T14:00:00+02:00,0.0
2026-04-12T14:15:00+02:00,0.0
2026-04-12T14:30:00+02:00,0.0
2026-04-12T14:45:00+02:00,0.0
2026-04-12T15:00:00+02:00,0.0
2026-04-12T15:15:00+02:00,0.0
2026-04-12T15:30:00+02:00,0.0
2026-04-12T15:45:00+02:00,0.0
2026-04-12T16:00:00+02:00,0.0
2026-04-12T16:15:00+02:00,0.0
2026-04-12T16:30:00+02:00,0.0
2026-04-12T16:45:00+02:00,0.0
2026-04-12T17:00:00+02:00,0.0
2026-04-12T17:15:00+02:00,0.0
2026-04-12T17:30:00+02:00,0.0
2026-04-12T17:45:00+02:00,0.0
2026-04-12T18:00:00+02:00,0.0
2026-04-12T18:15:00+02:00,0.0
2026-04-12T18:30:00+02:00,0.0
2026-04-12T18:45:00+02:00,0.0
2026-04-12T19:00:00+02:00,0.0
2026-04-12T19:15:00+02:00,0.0
2026-04-12T19:30:00+02:00,0.0
2026-04-12T19:45:00+02:00,0.0
2026-04-12T20:00:00+02:00,0.0
2026-04-12T20:15:00+02:00,0.0
2026-04-12T20:30:00+02:00,0.0
2026-04-12T20:45:00+02:00,0.0
2026-04-12T21:00:00+02:00,0.0
2026-04-12T21:15:00+02:00,0.0
2026-04-12T21:30:00+02:00,0.0
2026-04-12T21:45:00+02:00,0.0
2026-04-12T22:00:00+02:00,0.0
2026-04-12T22:15:00+02:00,0.0
2026-04-12T22:30:00+02:00,0.0
2026-04-12T22:45:00+02:00,0.0
2026-04-12T23:00:00+02:00,0.0
2026-04-12T23:15:00+02:00,0.0
2026-04-12T23:30:00+02:00,0.17388
2026-04-12T23:45:00+02:00,1.5428
2026-04-13T00:00:00+02:00,2.71184
2026-04-13T00:15:00+02:00,3.03556
2026-04-13T00:30:00+02:00,2.57992
2026-04-13T00:45:00+02:00,2.854
2026-04-13T01:00:00+02:00,1.78608
2026-04-13T01:15:00+02:00,2.879594
2026-04-13T01:30:00+02:00,3.360886
2026-04-13T01:45:00+02:00,3.45244
2026-04-13T02:00:00+02:00,2.823
2026-04-13T02:15:00+02:00,0.0
2026-04-13T02:30:00+02:00,0.0
2026-04-13T02:45:00+02:00,1.34904
2026-04-13T03:00:00+02:00,3.5886
2026-04-13T03:15:00+02:00,2.79464
2026-04-13T03:30:00+02:00,3.441863
2026-04-13T03:45:00+02:00,2.683446
2026-04-13T04:00:00+02:00,3.122264
2026-04-13T04:15:00+02:00,2.914343
2026-04-13T04:30:00+02:00,1.842595
2026-04-13T04:45:00+02:00,4.029171
2026-04-13T05:00:00+02:00,1.536197
2026-04-13T05:15:00+02:00,0.584609
2026-04-13T05:30:00+02:00,0.580911
2026-04-13T05:45:00+02:00,0.92768
2026-04-13T06:00:00+02:00,5.07416
2026-04-13T06:15:00+02:00,6.03892
2026-04-13T06:30:00+02:00,6.057051
2026-04-13T06:45:00+02:00,6.060052
2026-04-13T07:00:00+02:00,6.065497
2026-04-13T07:15:00+02:00,6.06032
2026-04-13T07:30:00+02:00,5.6358
2026-04-13T07:45:00+02:00,5.9986
2026-04-13T08:00:00+02:00,4.648357
2026-04-13T08:15:00+02:00,5.475203
2026-04-13T08:30:00+02:00,5.67404
2026-04-13T08:45:00+02:00,5.97208
2026-04-13T09:00:00+02:00,5.87468
2026-04-13T09:15:00+02:00,5.99987
2026-04-13T09:30:00+02:00,5.83501
2026-04-13T09:45:00+02:00,3.261542
2026-04-13T10:00:00+02:00,4.478578
2026-04-13T10:15:00+02:00,5.405482
2026-04-13T10:30:00+02:00,5.858398
2026-04-13T10:45:00+02:00,5.9522
2026-04-13T11:00:00+02:00,5.9166
2026-04-13T11:15:00+02:00,6.06956
2026-04-13T11:30:00+02:00,5.186697
2026-04-13T11:45:00+02:00,4.789183
2026-04-13T12:00:00+02:00,5.32295
2026-04-13T12:15:00+02:00,4.61869
2026-04-13T12:30:00+02:00,5.31992
2026-04-13T12:45:00+02:00,1.31292
2026-04-13T13:00:00+02:00,1.74044
2026-04-13T13:15:00+02:00,4.37932
2026-04-13T13:30:00+02:00,5.893708
2026-04-13T13:45:00+02:00,6.117293
2026-04-13T14:00:00+02:00,5.867345
2026-04-13T14:15:00+02:00,5.802734
2026-04-13T14:30:00+02:00,6.05054
2026-04-13T14:45:00+02:00,6.03382
2026-04-13T15:00:00+02:00,6.02836
2026-04-13T15:15:00+02:00,6.03164
2026-04-13T15:30:00+02:00,5.90312
2026-04-13T15:45:00+02:00,5.8758
2026-04-13T16:00:00+02:00,6.0469
2026-04-13T16:15:00+02:00,6.03054
2026-04-13T16:30:00+02:00,6.04946
2026-04-13T16:45:00+02:00,6.042
2026-04-13T17:00:00+02:00,6.03436
2026-04-13T17:15:00+02:00,6.04528
2026-04-13T17:30:00+02:00,6.04636
2026-04-13T17:45:00+02:00,6.042
2026-04-13T18:00:00+02:00,6.04564
2026-04-13T18:15:00+02:00,6.04636
2026-04-13T18:30:00+02:00,6.06492
2026-04-13T18:45:00+02:00,5.94048
2026-04-13T19:00:00+02:00,5.24294
2026-04-13T19:15:00+02:00,5.81094
2026-04-13T19:30:00+02:00,6.06636
2026-04-13T19:45:00+02:00,6.054
2026-04-13T20:00:00+02:00,6.0642
2026-04-13T20:15:00+02:00,5.81604
2026-04-13T20:30:00+02:00,6.039071
2026-04-13T20:45:00+02:00,6.052386
2026-04-13T21:00:00+02:00,6.048483
2026-04-13T21:15:00+02:00,6.048
2026-04-13T21:30:00+02:00,6.055964
2026-04-13T21:45:00+02:00,5.551796
2026-04-13T22:00:00+02:00,3.67878
2026-04-13T22:15:00+02:00,3.69494
2026-04-13T22:30:00+02:00,2.692895
2026-04-13T22:45:00+02:00,3.129505
2026-04-13T23:00:00+02:00,3.19894
2026-04-13T23:15:00+02:00,2.58266
2026-04-13T23:30:00+02:00,2.35116
2026-04-13T23:45:00+02:00,0.3488
2026-04-14T00:00:00+02:00,0.0
2026-04-14T00:15:00+02:00,1.53924
2026-04-14T00:30:00+02:00,1.21424
2026-04-14T00:45:00+02:00,1.18869
2026-04-14T01:00:00+02:00,1.28641
2026-04-14T01:15:00+02:00,0.29092
2026-04-14T01:30:00+02:00,0.64686
2026-04-14T01:45:00+02:00,0.60142
2026-04-14T02:00:00+02:00,0.17222
2026-04-14T02:15:00+02:00,0.0
2026-04-14T02:30:00+02:00,0.0
2026-04-14T02:45:00+02:00,0.0
2026-04-14T03:00:00+02:00,0.0
2026-04-14T03:15:00+02:00,0.0
2026-04-14T03:30:00+02:00,0.0
2026-04-14T03:45:00+02:00,0.0
2026-04-14T04:00:00+02:00,0.0
2026-04-14T04:15:00+02:00,0.0
2026-04-14T04:30:00+02:00,0.0
2026-04-14T04:45:00+02:00,0.0
2026-04-14T05:00:00+02:00,0.0
2026-04-14T05:15:00+02:00,0.172612
2026-04-14T05:30:00+02:00,0.207388
2026-04-14T05:45:00+02:00,2.05574
2026-04-14T06:00:00+02:00,4.99632
2026-04-14T06:15:00+02:00,5.899199
2026-04-14T06:30:00+02:00,6.035841
2026-04-14T06:45:00+02:00,6.043424
2026-04-14T07:00:00+02:00,6.063676
2026-04-14T07:15:00+02:00,6.062141
2026-04-14T07:30:00+02:00,6.073499
2026-04-14T07:45:00+02:00,6.068
2026-04-14T08:00:00+02:00,6.06436
2026-04-14T08:15:00+02:00,6.05964
2026-04-14T08:30:00+02:00,6.065568
2026-04-14T08:45:00+02:00,6.072612
2026-04-14T09:00:00+02:00,6.06218
2026-04-14T09:15:00+02:00,6.05854
2026-04-14T09:30:00+02:00,6.0611
2026-04-14T09:45:00+02:00,5.07954
2026-04-14T10:00:00+02:00,5.95264
2026-04-14T10:15:00+02:00,6.07182
2026-04-14T10:30:00+02:00,6.06818
2026-04-14T10:45:00+02:00,6.076137
2026-04-14T11:00:00+02:00,6.068043
2026-04-14T11:15:00+02:00,6.0691
2026-04-14T11:30:00+02:00,6.06448
2026-04-14T11:45:00+02:00,5.29042
2026-04-14T12:00:00+02:00,6.049767
2026-04-14T12:15:00+02:00,5.377993
2026-04-14T12:30:00+02:00,5.4972
2026-04-14T12:45:00+02:00,4.499882
2026-04-14T13:00:00+02:00,4.215583
2026-04-14T13:15:00+02:00,5.501756
2026-04-14T13:30:00+02:00,6.05782
2026-04-14T13:45:00+02:00,4.670448
2026-04-14T14:00:00+02:00,4.642192
2026-04-14T14:15:00+02:00,6.030602
2026-04-14T14:30:00+02:00,6.056578
2026-04-14T14:45:00+02:00,6.077933
2026-04-14T15:00:00+02:00,6.098067
2026-04-14T15:15:00+02:00,6.00164
2026-04-14T15:30:00+02:00,6.063934
2026-04-14T15:45:00+02:00,5.962966
2026-04-14T16:00:00+02:00,6.07856
2026-04-14T16:15:00+02:00,6.052204
2026-04-14T16:30:00+02:00,5.888686
2026-04-14T16:45:00+02:00,5.78103
2026-04-14T17:00:00+02:00,5.7668
2026-04-14T17:15:00+02:00,5.95558
2026-04-14T17:30:00+02:00,6.02352
2026-04-14T17:45:00+02:00,6.07146
2026-04-14T18:00:00+02:00,6.07416
2026-04-14T18:15:00+02:00,5.47148
2026-04-14T18:30:00+02:00,3.66784
2026-04-14T18:45:00+02:00,0.07812
2026-04-14T19:00:00+02:00,0.0
2026-04-14T19:15:00+02:00,2.365458
2026-04-14T19:30:00+02:00,5.766963
2026-04-14T19:45:00+02:00,5.966419
2026-04-14T20:00:00+02:00,5.95154
2026-04-14T20:15:00+02:00,5.374749
2026-04-14T20:30:00+02:00,5.434831
2026-04-14T20:45:00+02:00,6.04624
2026-04-14T21:00:00+02:00,6.057394
2026-04-14T21:15:00+02:00,6.082246
2026-04-14T21:30:00+02:00,6.065568
2026-04-14T21:45:00+02:00,5.854612
2026-04-14T22:00:00+02:00,4.41168
2026-04-14T22:15:00+02:00,2.81098
2026-04-14T22:30:00+02:00,2.11794
2026-04-14T22:45:00+02:00,2.545959
2026-04-14T23:00:00+02:00,3.581932
2026-04-14T23:15:00+02:00,3.436509
2026-04-14T23:30:00+02:00,4.539
2026-04-14T23:45:00+02:00,2.92932
2026-04-15T00:00:00+02:00,2.72844
2026-04-15T00:15:00+02:00,2.367539
2026-04-15T00:30:00+02:00,2.218621
2026-04-15T00:45:00+02:00,2.18246
2026-04-15T01:00:00+02:00,2.40922
2026-04-15T01:15:00+02:00,4.82192
2026-04-15T01:30:00+02:00,4.54694
2026-04-15T01:45:00+02:00,2.07428
2026-04-15T02:00:00+02:00,1.56012
2026-04-15T02:15:00+02:00,0.59717
2026-04-15T02:30:00+02:00,0.845282
2026-04-15T02:45:00+02:00,0.697928
2026-04-15T03:00:00+02:00,1.39076
2026-04-15T03:15:00+02:00,1.583192
2026-04-15T03:30:00+02:00,1.715908
2026-04-15T03:45:00+02:00,2.33648
2026-04-15T04:00:00+02:00,1.905092
2026-04-15T04:15:00+02:00,0.216948
2026-04-15T04:30:00+02:00,0.92142
2026-04-15T04:45:00+02:00,3.587283
2026-04-15T05:00:00+02:00,3.951367
2026-04-15T05:15:00+02:00,4.40569
2026-04-15T05:30:00+02:00,3.42408
2026-04-15T05:45:00+02:00,4.977922
2026-04-15T06:00:00+02:00,5.821938
2026-04-15T06:15:00+02:00,5.93232
2026-04-15T06:30:00+02:00,6.08564
2026-04-15T06:45:00+02:00,6.07436
2026-04-15T07:00:00+02:00,6.128766
2026-04-15T07:15:00+02:00,6.084674
2026-04-15T07:30:00+02:00,6.019799
2026-04-15T07:45:00+02:00,6.056141
2026-04-15T08:00:00+02:00,5.82436
2026-04-15T08:15:00+02:00,5.409156
2026-04-15T08:30:00+02:00,3.595735
2026-04-15T08:45:00+02:00,3.60171
2026-04-15T09:00:00+02:00,4.92606
2026-04-15T09:15:00+02:00,5.88373
2026-04-15T09:30:00+02:00,6.08387
2026-04-15T09:45:00+02:00,6.0132
2026-04-15T10:00:00+02:00,5.984361
2026-04-15T10:15:00+02:00,6.023299
2026-04-15T10:30:00+02:00,5.71354
2026-04-15T10:45:00+02:00,4.78952
2026-04-15T11:00:00+02:00,3.944916
2026-04-15T11:15:00+02:00,4.521104
2026-04-15T11:30:00+02:00,4.01098
2026-04-15T11:45:00+02:00,5.604615
2026-04-15T12:00:00+02:00,5.813914
2026-04-15T12:15:00+02:00,6.024351
2026-04-15T12:30:00+02:00,4.60842
2026-04-15T12:45:00+02:00,3.462768
2026-04-15T13:00:00+02:00,3.457992
2026-04-15T13:15:00+02:00,5.85228
2026-04-15T13:30:00+02:00,5.34315
2026-04-15T13:45:00+02:00,4.36905
2026-04-15T14:00:00+02:00,1.260927
2026-04-15T14:15:00+02:00,5.805313
2026-04-15T14:30:00+02:00,5.67272
2026-04-15T14:45:00+02:00,5.998526
2026-04-15T15:00:00+02:00,5.861945
2026-04-15T15:15:00+02:00,6.016729
2026-04-15T15:30:00+02:00,6.02782
2026-04-15T15:45:00+02:00,6.1304
2026-04-15T16:00:00+02:00,4.18652
2026-04-15T16:15:00+02:00,3.98838
2026-04-15T16:30:00+02:00,4.6335
2026-04-15T16:45:00+02:00,5.07205
2026-04-15T17:00:00+02:00,5.00165
2026-04-15T17:15:00+02:00,4.9042
2026-04-15T17:30:00+02:00,4.81666
2026-04-15T17:45:00+02:00,5.38344
2026-04-15T18:00:00+02:00,5.732639
2026-04-15T18:15:00+02:00,6.017281
2026-04-15T18:30:00+02:00,4.86382
2026-04-15T18:45:00+02:00,0.12636
2026-04-15T19:00:00+02:00,0.0
2026-04-15T19:15:00+02:00,2.54634
2026-04-15T19:30:00+02:00,5.7804
2026-04-15T19:45:00+02:00,5.950763
2026-04-15T20:00:00+02:00,4.777397
2026-04-15T20:15:00+02:00,4.14686
2026-04-15T20:30:00+02:00,5.95316
2026-04-15T20:45:00+02:00,6.03928
2026-04-15T21:00:00+02:00,5.65126
2026-04-15T21:15:00+02:00,1.6027
2026-04-15T21:30:00+02:00,0.19184
2026-04-15T21:45:00+02:00,0.0
2026-04-15T22:00:00+02:00,0.0
2026-04-15T22:15:00+02:00,0.961444
2026-04-15T22:30:00+02:00,1.747891
2026-04-15T22:45:00+02:00,0.664524
2026-04-15T23:00:00+02:00,1.8728
2026-04-15T23:15:00+02:00,3.127203
2026-04-15T23:30:00+02:00,0.382137
2026-04-15T23:45:00+02:00,0.0
2026-04-16T00:00:00+02:00,0.0
2026-04-16T00:15:00+02:00,0.16926
2026-04-16T00:30:00+02:00,0.57328
2026-04-16T00:45:00+02:00,2.76946
2026-04-16T01:00:00+02:00,2.061857
2026-04-16T01:15:00+02:00,2.712823
2026-04-16T01:30:00+02:00,2.026
2026-04-16T01:45:00+02:00,2.694761
2026-04-16T02:00:00+02:00,2.207945
2026-04-16T02:15:00+02:00,0.056614
2026-04-16T02:30:00+02:00,0.0
2026-04-16T02:45:00+02:00,0.0
2026-04-16T03:00:00+02:00,0.0
2026-04-16T03:15:00+02:00,0.0
2026-04-16T03:30:00+02:00,0.0
2026-04-16T03:45:00+02:00,2.9116
2026-04-16T04:00:00+02:00,1.71082
2026-04-16T04:15:00+02:00,2.392149
2026-04-16T04:30:00+02:00,2.213885
2026-04-16T04:45:00+02:00,1.167546
2026-04-16T05:00:00+02:00,0.355232
2026-04-16T05:15:00+02:00,0.185746
2026-04-16T05:30:00+02:00,1.173225
2026-04-16T05:45:00+02:00,2.168536
2026-04-16T06:00:00+02:00,3.69574
2026-04-16T06:15:00+02:00,3.02727
2026-04-16T06:30:00+02:00,3.26153
2026-04-16T06:45:00+02:00,4.8512
2026-04-16T07:00:00+02:00,5.941859
2026-04-16T07:15:00+02:00,4.317641
2026-04-16T07:30:00+02:00,5.65106
2026-04-16T07:45:00+02:00,6.051186
2026-04-16T08:00:00+02:00,5.007974
2026-04-16T08:15:00+02:00,4.54398
2026-04-16T08:30:00+02:00,5.72252
2026-04-16T08:45:00+02:00,5.58096
2026-04-16T09:00:00+02:00,5.94812
2026-04-16T09:15:00+02:00,5.47435
2026-04-16T09:30:00+02:00,5.35083
2026-04-16T09:45:00+02:00,3.03758
2026-04-16T10:00:00+02:00,5.1482
2026-04-16T10:15:00+02:00,6.026702
2026-04-16T10:30:00+02:00,6.048938
2026-04-16T10:45:00+02:00,5.8554
2026-04-16T11:00:00+02:00,5.021148
2026-04-16T11:15:00+02:00,3.876632
2026-04-16T11:30:00+02:00,5.13628
2026-04-16T11:45:00+02:00,5.944087
2026-04-16T12:00:00+02:00,5.583639
2026-04-16T12:15:00+02:00,5.950214
2026-04-16T12:30:00+02:00,5.92748
2026-04-16T12:45:00+02:00,1.63474
2026-04-16T13:00:00+02:00,0.0
2026-04-16T13:15:00+02:00,3.88978
2026-04-16T13:30:00+02:00,3.305009
2026-04-16T13:45:00+02:00,0.057211
2026-04-16T14:00:00+02:00,0.0
2026-04-16T14:15:00+02:00,0.0
2026-04-16T14:30:00+02:00,0.457637
2026-04-16T14:45:00+02:00,4.574183
2026-04-16T15:00:00+02:00,3.70176
2026-04-16T15:15:00+02:00,3.862047
2026-04-16T15:30:00+02:00,5.307511
2026-04-16T15:45:00+02:00,5.607181
2026-04-16T16:00:00+02:00,5.61126
2026-04-16T16:15:00+02:00,5.815923
2026-04-16T16:30:00+02:00,5.461177
2026-04-16T16:45:00+02:00,5.75692
2026-04-16T17:00:00+02:00,5.164433
2026-04-16T17:15:00+02:00,5.058907
2026-04-16T17:30:00+02:00,5.57688
2026-04-16T17:45:00+02:00,4.0669
2026-04-16T18:00:00+02:00,4.14544
2026-04-16T18:15:00+02:00,4.801258
2026-04-16T18:30:00+02:00,3.310362
2026-04-16T18:45:00+02:00,1.19226
2026-04-16T19:00:00+02:00,1.68344
2026-04-16T19:15:00+02:00,3.400107
2026-04-16T19:30:00+02:00,5.64311
2026-04-16T19:45:00+02:00,4.483362
2026-04-16T20:00:00+02:00,4.30302
2026-04-16T20:15:00+02:00,4.968296
2026-04-16T20:30:00+02:00,4.875524
2026-04-16T20:45:00+02:00,5.61812
2026-04-16T21:00:00+02:00,5.000354
2026-04-16T21:15:00+02:00,5.473186
2026-04-16T21:30:00+02:00,4.71404
2026-04-16T21:45:00+02:00,4.425214
2026-04-16T22:00:00+02:00,2.396847
2026-04-16T22:15:00+02:00,2.472799
2026-04-16T22:30:00+02:00,1.83354
2026-04-16T22:45:00+02:00,0.045
2026-04-16T23:00:00+02:00,0.0
2026-04-16T23:15:00+02:00,1.63658
2026-04-16T23:30:00+02:00,0.25942
2026-04-16T23:45:00+02:00,0.32214
2026-04-17T00:00:00+02:00,0.43552
2026-04-17T00:15:00+02:00,0.548711
2026-04-17T00:30:00+02:00,2.467249
2026-04-17T00:45:00+02:00,0.77534
2026-04-17T01:00:00+02:00,0.71504
2026-04-17T01:15:00+02:00,1.0038
2026-04-17T01:30:00+02:00,1.35418
2026-04-17T01:45:00+02:00,0.03402
2026-04-17T02:00:00+02:00,0.0
2026-04-17T02:15:00+02:00,0.0
2026-04-17T02:30:00+02:00,0.0
2026-04-17T02:45:00+02:00,0.90818
2026-04-17T03:00:00+02:00,1.44308
2026-04-17T03:15:00+02:00,1.233828
2026-04-17T03:30:00+02:00,2.314532
2026-04-17T03:45:00+02:00,2.58406
2026-04-17T04:00:00+02:00,2.388759
2026-04-17T04:15:00+02:00,2.774101
2026-04-17T04:30:00+02:00,3.37138
2026-04-17T04:45:00+02:00,4.21918
2026-04-17T05:00:00+02:00,3.80664
2026-04-17T05:15:00+02:00,1.96868
2026-04-17T05:30:00+02:00,0.06758
2026-04-17T05:45:00+02:00,0.254376
2026-04-17T06:00:00+02:00,2.406459
2026-04-17T06:15:00+02:00,3.956345
2026-04-17T06:30:00+02:00,2.49918
2026-04-17T06:45:00+02:00,4.215406
2026-04-17T07:00:00+02:00,5.893894
2026-04-17T07:15:00+02:00,6.08128
2026-04-17T07:30:00+02:00,6.09054
2026-04-17T07:45:00+02:00,6.10874
2026-04-17T08:00:00+02:00,6.12218
2026-04-17T08:15:00+02:00,6.10036
2026-04-17T08:30:00+02:00,6.12328
2026-04-17T08:45:00+02:00,6.105637
2026-04-17T09:00:00+02:00,6.118416
2026-04-17T09:15:00+02:00,6.097218
2026-04-17T09:30:00+02:00,5.817206
2026-04-17T09:45:00+02:00,5.788302
2026-04-17T10:00:00+02:00,5.94666
2026-04-17T10:15:00+02:00,6.082493
2026-04-17T10:30:00+02:00,6.081687
2026-04-17T10:45:00+02:00,6.07982
2026-04-17T11:00:00+02:00,6.081369
2026-04-17T11:15:00+02:00,6.074991
2026-04-17T11:30:00+02:00,6.09492
2026-04-17T11:45:00+02:00,6.06944
2026-04-17T12:00:00+02:00,6.06764
2026-04-17T12:15:00+02:00,6.08836
2026-04-17T12:30:00+02:00,6.06764
2026-04-17T12:45:00+02:00,4.971923
2026-04-17T13:00:00+02:00,4.763097
2026-04-17T13:15:00+02:00,4.9337
2026-04-17T13:30:00+02:00,6.05564
2026-04-17T13:45:00+02:00,3.92976
2026-04-17T14:00:00+02:00,2.949
2026-04-17T14:15:00+02:00,1.854913
2026-04-17T14:30:00+02:00,4.007547
2026-04-17T14:45:00+02:00,5.35926
2026-04-17T15:00:00+02:00,5.383363
2026-04-17T15:15:00+02:00,3.029757
2026-04-17T15:30:00+02:00,0.6322
2026-04-17T15:45:00+02:00,0.207135
2026-04-17T16:00:00+02:00,1.990648
2026-04-17T16:15:00+02:00,4.782837
2026-04-17T16:30:00+02:00,4.37724
2026-04-17T16:45:00+02:00,4.301432
2026-04-17T17:00:00+02:00,4.356508
2026-04-17T17:15:00+02:00,6.01804
2026-04-17T17:30:00+02:00,6.046499
2026-04-17T17:45:00+02:00,5.698701
2026-04-17T18:00:00+02:00,4.654411
2026-04-17T18:15:00+02:00,4.491909
2026-04-17T18:30:00+02:00,3.17392
2026-04-17T18:45:00+02:00,0.07272
2026-04-17T19:00:00+02:00,0.0
2026-04-17T19:15:00+02:00,2.613983
2026-04-17T19:30:00+02:00,5.294911
2026-04-17T19:45:00+02:00,4.128905
2026-04-17T20:00:00+02:00,3.44016
2026-04-17T20:15:00+02:00,3.922187
2026-04-17T20:30:00+02:00,5.311453
2026-04-17T20:45:00+02:00,3.97072
2026-04-17T21:00:00+02:00,1.64888
2026-04-17T21:15:00+02:00,0.0288
2026-04-17T21:30:00+02:00,0.0
2026-04-17T21:45:00+02:00,0.0
2026-04-17T22:00:00+02:00,0.0
2026-04-17T22:15:00+02:00,0.0
2026-04-17T22:30:00+02:00,0.0
2026-04-17T22:45:00+02:00,0.0
2026-04-17T23:00:00+02:00,0.0
2026-04-17T23:15:00+02:00,0.0
2026-04-17T23:30:00+02:00,0.0
2026-04-17T23:45:00+02:00,0.0
2026-04-18T00:00:00+02:00,0.0
2026-04-18T00:15:00+02:00,0.0
2026-04-18T00:30:00+02:00,0.0
2026-04-18T00:45:00+02:00,0.0
2026-04-18T01:00:00+02:00,0.0
2026-04-18T01:15:00+02:00,0.0
2026-04-18T01:30:00+02:00,0.0
2026-04-18T01:45:00+02:00,0.0
2026-04-18T02:00:00+02:00,0.0
2026-04-18T02:15:00+02:00,0.0
2026-04-18T02:30:00+02:00,0.0
2026-04-18T02:45:00+02:00,0.0
2026-04-18T03:00:00+02:00,0.0
2026-04-18T03:15:00+02:00,0.0
2026-04-18T03:30:00+02:00,0.0
2026-04-18T03:45:00+02:00,0.0
2026-04-18T04:00:00+02:00,0.0
2026-04-18T04:15:00+02:00,0.0
2026-04-18T04:30:00+02:00,0.0
2026-04-18T04:45:00+02:00,0.0
2026-04-18T05:00:00+02:00,0.0
2026-04-18T05:15:00+02:00,0.0
2026-04-18T05:30:00+02:00,0.0
2026-04-18T05:45:00+02:00,0.0
2026-04-18T06:00:00+02:00,0.0
2026-04-18T06:15:00+02:00,0.0
2026-04-18T06:30:00+02:00,0.0
2026-04-18T06:45:00+02:00,0.0
2026-04-18T07:00:00+02:00,0.0
2026-04-18T07:15:00+02:00,0.0
2026-04-18T07:30:00+02:00,0.0
2026-04-18T07:45:00+02:00,0.0
2026-04-18T08:00:00+02:00,0.0
2026-04-18T08:15:00+02:00,0.0
2026-04-18T08:30:00+02:00,0.0
2026-04-18T08:45:00+02:00,0.0
2026-04-18T09:00:00+02:00,0.0
2026-04-18T09:15:00+02:00,0.0
2026-04-18T09:30:00+02:00,0.0
2026-04-18T09:45:00+02:00,0.0
2026-04-18T10:00:00+02:00,0.0
2026-04-18T10:15:00+02:00,0.0
2026-04-18T10:30:00+02:00,0.0
2026-04-18T10:45:00+02:00,0.0
2026-04-18T11:00:00+02:00,0.0
2026-04-18T11:15:00+02:00,0.0
2026-04-18T11:30:00+02:00,0.0
2026-04-18T11:45:00+02:00,0.0
2026-04-18T12:00:00+02:00,0.0
2026-04-18T12:15:00+02:00,0.0
2026-04-18T12:30:00+02:00,0.0
2026-04-18T12:45:00+02:00,0.0
2026-04-18T13:00:00+02:00,0.0
2026-04-18T13:15:00+02:00,0.0
2026-04-18T13:30:00+02:00,0.0
2026-04-18T13:45:00+02:00,0.0
2026-04-18T14:00:00+02:00,0.0
2026-04-18T14:15:00+02:00,0.0
2026-04-18T14:30:00+02:00,0.0
2026-04-18T14:45:00+02:00,0.0
2026-04-18T15:00:00+02:00,0.0
2026-04-18T15:15:00+02:00,0.0
2026-04-18T15:30:00+02:00,0.0
2026-04-18T15:45:00+02:00,0.0
2026-04-18T16:00:00+02:00,0.0
2026-04-18T16:15:00+02:00,0.0
2026-04-18T16:30:00+02:00,0.0
2026-04-18T16:45:00+02:00,0.0
2026-04-18T17:00:00+02:00,0.0
2026-04-18T17:15:00+02:00,0.0
2026-04-18T17:30:00+02:00,0.0
2026-04-18T17:45:00+02:00,0.0
2026-04-18T18:00:00+02:00,0.0
2026-04-18T18:15:00+02:00,0.0
2026-04-18T18:30:00+02:00,0.0
2026-04-18T18:45:00+02:00,0.0
2026-04-18T19:00:00+02:00,0.0
2026-04-18T19:15:00+02:00,0.0
2026-04-18T19:30:00+02:00,0.0
2026-04-18T19:45:00+02:00,0.0
2026-04-18T20:00:00+02:00,0.0
2026-04-18T20:15:00+02:00,0.0
2026-04-18T20:30:00+02:00,0.0
2026-04-18T20:45:00+02:00,0.0
2026-04-18T21:00:00+02:00,0.0
2026-04-18T21:15:00+02:00,0.0
2026-04-18T21:30:00+02:00,0.0
2026-04-18T21:45:00+02:00,0.0
2026-04-18T22:00:00+02:00,0.0
2026-04-18T22:15:00+02:00,0.0
2026-04-18T22:30:00+02:00,0.0
2026-04-18T22:45:00+02:00,0.0
2026-04-18T23:00:00+02:00,0.0
2026-04-18T23:15:00+02:00,0.0
2026-04-18T23:30:00+02:00,0.0
2026-04-18T23:45:00+02:00,0.0
2026-04-19T00:00:00+02:00,0.0
2026-04-19T00:15:00+02:00,0.0
2026-04-19T00:30:00+02:00,0.0
2026-04-19T00:45:00+02:00,0.0
2026-04-19T01:00:00+02:00,0.0
2026-04-19T01:15:00+02:00,0.0
2026-04-19T01:30:00+02:00,0.0
2026-04-19T01:45:00+02:00,0.0
2026-04-19T02:00:00+02:00,0.0
2026-04-19T02:15:00+02:00,0.0
2026-04-19T02:30:00+02:00,0.0
2026-04-19T02:45:00+02:00,0.0
2026-04-19T03:00:00+02:00,0.0
2026-04-19T03:15:00+02:00,0.0
2026-04-19T03:30:00+02:00,0.0
2026-04-19T03:45:00+02:00,0.0
2026-04-19T04:00:00+02:00,0.0
2026-04-19T04:15:00+02:00,0.0
2026-04-19T04:30:00+02:00,0.0
2026-04-19T04:45:00+02:00,0.0
2026-04-19T05:00:00+02:00,0.0
2026-04-19T05:15:00+02:00,0.0
2026-04-19T05:30:00+02:00,0.0
2026-04-19T05:45:00+02:00,0.0
2026-04-19T06:00:00+02:00,0.0
2026-04-19T06:15:00+02:00,0.0
2026-04-19T06:30:00+02:00,0.0
2026-04-19T06:45:00+02:00,0.0
2026-04-19T07:00:00+02:00,0.0
2026-04-19T07:15:00+02:00,0.0
2026-04-19T07:30:00+02:00,0.0
2026-04-19T07:45:00+02:00,0.0
2026-04-19T08:00:00+02:00,0.0
2026-04-19T08:15:00+02:00,0.0
2026-04-19T08:30:00+02:00,0.0
2026-04-19T08:45:00+02:00,0.0
2026-04-19T09:00:00+02:00,0.0
2026-04-19T09:15:00+02:00,0.0
2026-04-19T09:30:00+02:00,0.0
2026-04-19T09:45:00+02:00,0.0
2026-04-19T10:00:00+02:00,0.0
2026-04-19T10:15:00+02:00,0.0
2026-04-19T10:30:00+02:00,0.0
2026-04-19T10:45:00+02:00,0.0
2026-04-19T11:00:00+02:00,0.0
2026-04-19T11:15:00+02:00,0.0
2026-04-19T11:30:00+02:00,0.0
2026-04-19T11:45:00+02:00,0.0
2026-04-19T12:00:00+02:00,0.0
2026-04-19T12:15:00+02:00,0.0
2026-04-19T12:30:00+02:00,0.0
2026-04-19T12:45:00+02:00,0.0
2026-04-19T13:00:00+02:00,0.0
2026-04-19T13:15:00+02:00,0.0
2026-04-19T13:30:00+02:00,0.0
2026-04-19T13:45:00+02:00,0.0
2026-04-19T14:00:00+02:00,0.0
2026-04-19T14:15:00+02:00,0.0
2026-04-19T14:30:00+02:00,0.0
2026-04-19T14:45:00+02:00,0.0
2026-04-19T15:00:00+02:00,0.0
2026-04-19T15:15:00+02:00,0.0
2026-04-19T15:30:00+02:00,0.0
2026-04-19T15:45:00+02:00,0.0
2026-04-19T16:00:00+02:00,0.0
2026-04-19T16:15:00+02:00,0.0
2026-04-19T16:30:00+02:00,0.0
2026-04-19T16:45:00+02:00,0.0
2026-04-19T17:00:00+02:00,0.0
2026-04-19T17:15:00+02:00,0.0
2026-04-19T17:30:00+02:00,0.0
2026-04-19T17:45:00+02:00,0.0
2026-04-19T18:00:00+02:00,0.0
2026-04-19T18:15:00+02:00,0.0
2026-04-19T18:30:00+02:00,0.0
2026-04-19T18:45:00+02:00,0.0
2026-04-19T19:00:00+02:00,0.0
2026-04-19T19:15:00+02:00,0.0
2026-04-19T19:30:00+02:00,0.0
2026-04-19T19:45:00+02:00,0.0
2026-04-19T20:00:00+02:00,0.0
2026-04-19T20:15:00+02:00,0.0
2026-04-19T20:30:00+02:00,0.0
2026-04-19T20:45:00+02:00,0.0
2026-04-19T21:00:00+02:00,0.0
2026-04-19T21:15:00+02:00,0.0
2026-04-19T21:30:00+02:00,0.0
2026-04-19T21:45:00+02:00,0.0
2026-04-19T22:00:00+02:00,0.0
2026-04-19T22:15:00+02:00,0.0
2026-04-19T22:30:00+02:00,0.0
2026-04-19T22:45:00+02:00,2.018183
2026-04-19T23:00:00+02:00,2.868254
2026-04-19T23:15:00+02:00,3.411632
2026-04-19T23:30:00+02:00,0.85793
2026-04-19T23:45:00+02:00,2.85556
2026-04-20T00:00:00+02:00,4.21566
2026-04-20T00:15:00+02:00,5.09144
2026-04-20T00:30:00+02:00,4.4331
2026-04-20T00:45:00+02:00,4.451939
2026-04-20T01:00:00+02:00,4.365221
2026-04-20T01:15:00+02:00,3.78288
2026-04-20T01:30:00+02:00,4.64424
2026-04-20T01:45:00+02:00,5.01472
2026-04-20T02:00:00+02:00,4.6174
2026-04-20T02:15:00+02:00,2.56566
2026-04-20T02:30:00+02:00,1.4128
2026-04-20T02:45:00+02:00,1.767037
2026-04-20T03:00:00+02:00,0.672313
2026-04-20T03:15:00+02:00,3.96631
2026-04-20T03:30:00+02:00,4.89454
2026-04-20T03:45:00+02:00,1.643183
2026-04-20T04:00:00+02:00,0.592177
2026-04-20T04:15:00+02:00,0.38182
2026-04-20T04:30:00+02:00,2.525877
2026-04-20T04:45:00+02:00,4.863803
2026-04-20T05:00:00+02:00,4.08372
2026-04-20T05:15:00+02:00,4.071918
2026-04-20T05:30:00+02:00,4.350883
2026-04-20T05:45:00+02:00,2.81078
2026-04-20T06:00:00+02:00,1.20098
2026-04-20T06:15:00+02:00,3.614578
2026-04-20T06:30:00+02:00,4.733062
2026-04-20T06:45:00+02:00,4.5631
2026-04-20T07:00:00+02:00,2.9258
2026-04-20T07:15:00+02:00,4.20622
2026-04-20T07:30:00+02:00,4.817327
2026-04-20T07:45:00+02:00,6.017433
2026-04-20T08:00:00+02:00,5.86244
2026-04-20T08:15:00+02:00,6.056306
2026-04-20T08:30:00+02:00,6.096588
2026-04-20T08:45:00+02:00,6.102485
2026-04-20T09:00:00+02:00,6.08618
2026-04-20T09:15:00+02:00,6.08182
2026-04-20T09:30:00+02:00,5.41768
2026-04-20T09:45:00+02:00,3.83709
2026-04-20T10:00:00+02:00,5.79725
2026-04-20T10:15:00+02:00,6.09016
2026-04-20T10:30:00+02:00,6.084
2026-04-20T10:45:00+02:00,6.08982
2026-04-20T11:00:00+02:00,6.10146
2026-04-20T11:15:00+02:00,6.09054
2026-04-20T11:30:00+02:00,6.10528
2026-04-20T11:45:00+02:00,6.080012
2026-04-20T12:00:00+02:00,6.092222
2026-04-20T12:15:00+02:00,6.112305
2026-04-20T12:30:00+02:00,6.096
2026-04-20T12:45:00+02:00,4.61188
2026-04-20T13:00:00+02:00,4.3281
2026-04-20T13:15:00+02:00,4.61638
2026-04-20T13:30:00+02:00,6.09164
2026-04-20T13:45:00+02:00,6.09018
2026-04-20T14:00:00+02:00,6.098803
2026-04-20T14:15:00+02:00,6.096837
2026-04-20T14:30:00+02:00,6.102
2026-04-20T14:45:00+02:00,6.09
2026-04-20T15:00:00+02:00,6.08672
2026-04-20T15:15:00+02:00,6.068749
2026-04-20T15:30:00+02:00,6.090586
2026-04-20T15:45:00+02:00,6.084845
2026-04-20T16:00:00+02:00,6.07582
2026-04-20T16:15:00+02:00,6.09213
2026-04-20T16:30:00+02:00,6.08769
2026-04-20T16:45:00+02:00,6.09564
2026-04-20T17:00:00+02:00,5.879792
2026-04-20T17:15:00+02:00,6.097668
2026-04-20T17:30:00+02:00,6.08726
2026-04-20T17:45:00+02:00,6.11564
2026-04-20T18:00:00+02:00,6.088996
2026-04-20T18:15:00+02:00,6.106644
2026-04-20T18:30:00+02:00,5.74838
2026-04-20T18:45:00+02:00,5.25488
2026-04-20T19:00:00+02:00,5.42318
2026-04-20T19:15:00+02:00,6.1412
2026-04-20T19:30:00+02:00,6.108
2026-04-20T19:45:00+02:00,5.921804
2026-04-20T20:00:00+02:00,6.053836
2026-04-20T20:15:00+02:00,6.10872
2026-04-20T20:30:00+02:00,6.09218
2026-04-20T20:45:00+02:00,6.11218
2026-04-20T21:00:00+02:00,6.09928
2026-04-20T21:15:00+02:00,6.124185
2026-04-20T21:30:00+02:00,6.119509
2026-04-20T21:45:00+02:00,6.091759
2026-04-20T22:00:00+02:00,5.88378
2026-04-20T22:15:00+02:00,3.644087
2026-04-20T22:30:00+02:00,2.98488
2026-04-20T22:45:00+02:00,4.56508
2026-04-20T23:00:00+02:00,4.1219
2026-04-20T23:15:00+02:00,4.44888
2026-04-20T23:30:00+02:00,5.67518
2026-04-20T23:45:00+02:00,5.32408
2026-04-21T00:00:00+02:00,4.688712
2026-04-21T00:15:00+02:00,2.610588
2026-04-21T00:30:00+02:00,3.36138
2026-04-21T00:45:00+02:00,5.038581
2026-04-21T01:00:00+02:00,5.26711
2026-04-21T01:15:00+02:00,2.401969
2026-04-21T01:30:00+02:00,3.3118
2026-04-21T01:45:00+02:00,3.641863
2026-04-21T02:00:00+02:00,3.824877
2026-04-21T02:15:00+02:00,3.41918
2026-04-21T02:30:00+02:00,2.743937
2026-04-21T02:45:00+02:00,2.861063
2026-04-21T03:00:00+02:00,2.83678
2026-04-21T03:15:00+02:00,1.07914
2026-04-21T03:30:00+02:00,3.42898
2026-04-21T03:45:00+02:00,4.01276
2026-04-21T04:00:00+02:00,4.08448
2026-04-21T04:15:00+02:00,3.961745
2026-04-21T04:30:00+02:00,2.693675
2026-04-21T04:45:00+02:00,3.14958
2026-04-21T05:00:00+02:00,3.33902
2026-04-21T05:15:00+02:00,3.77604
2026-04-21T05:30:00+02:00,3.97072
2026-04-21T05:45:00+02:00,4.174017
2026-04-21T06:00:00+02:00,5.310164
2026-04-21T06:15:00+02:00,6.10524
2026-04-21T06:30:00+02:00,6.09164
2026-04-21T06:45:00+02:00,6.09454
2026-04-21T07:00:00+02:00,6.10092
2026-04-21T07:15:00+02:00,6.121924
2026-04-21T07:30:00+02:00,6.114436
2026-04-21T07:45:00+02:00,6.09436
2026-04-21T08:00:00+02:00,6.098803
2026-04-21T08:15:00+02:00,6.111017
2026-04-21T08:30:00+02:00,6.093356
2026-04-21T08:45:00+02:00,2.513004
2026-04-21T09:00:00+02:00,1.88018
2026-04-21T09:15:00+02:00,2.838077
2026-04-21T09:30:00+02:00,3.624033
2026-04-21T09:45:00+02:00,2.66203
2026-04-21T10:00:00+02:00,3.99432
2026-04-21T10:15:00+02:00,6.09718
2026-04-21T10:30:00+02:00,6.09382
2026-04-21T10:45:00+02:00,6.166466
2026-04-21T11:00:00+02:00,6.121534
2026-04-21T11:15:00+02:00,6.112
2026-04-21T11:30:00+02:00,6.081915
2026-04-21T11:45:00+02:00,6.001793
2026-04-21T12:00:00+02:00,5.707272
2026-04-21T12:15:00+02:00,5.83156
2026-04-21T12:30:00+02:00,5.80296
2026-04-21T12:45:00+02:00,2.401941
2026-04-21T13:00:00+02:00,2.988559
2026-04-21T13:15:00+02:00,4.83626
2026-04-21T13:30:00+02:00,5.953841
2026-04-21T13:45:00+02:00,5.837459
2026-04-21T14:00:00+02:00,4.926348
2026-04-21T14:15:00+02:00,2.708232
2026-04-21T14:30:00+02:00,5.5793
2026-04-21T14:45:00+02:00,5.735117
2026-04-21T15:00:00+02:00,6.087859
2026-04-21T15:15:00+02:00,6.071944
2026-04-21T15:30:00+02:00,6.09164
2026-04-21T15:45:00+02:00,6.113751
2026-04-21T16:00:00+02:00,6.102429
2026-04-21T16:15:00+02:00,5.45888
2026-04-21T16:30:00+02:00,5.819228
2026-04-21T16:45:00+02:00,5.811092
2026-04-21T17:00:00+02:00,5.9837
2026-04-21T17:15:00+02:00,5.98246
2026-04-21T17:30:00+02:00,5.9881
2026-04-21T17:45:00+02:00,5.55542
2026-04-21T18:00:00+02:00,5.425323
2026-04-21T18:15:00+02:00,5.526777
2026-04-21T18:30:00+02:00,4.12724
2026-04-21T18:45:00+02:00,4.460974
2026-04-21T19:00:00+02:00,4.662606
2026-04-21T19:15:00+02:00,4.226516
2026-04-21T19:30:00+02:00,4.033384
2026-04-21T19:45:00+02:00,4.13526
2026-04-21T20:00:00+02:00,5.228069
2026-04-21T20:15:00+02:00,4.368051
2026-04-21T20:30:00+02:00,4.35002
2026-04-21T20:45:00+02:00,4.005716
2026-04-21T21:00:00+02:00,3.519259
2026-04-21T21:15:00+02:00,2.822624
2026-04-21T21:30:00+02:00,0.0
2026-04-21T21:45:00+02:00,1.250531
2026-04-21T22:00:00+02:00,4.121709
2026-04-21T22:15:00+02:00,2.63114
2026-04-21T22:30:00+02:00,3.869725
2026-04-21T22:45:00+02:00,2.889275
2026-04-21T23:00:00+02:00,2.74406
2026-04-21T23:15:00+02:00,3.602246
2026-04-21T23:30:00+02:00,2.499835
2026-04-21T23:45:00+02:00,3.281839
2026-04-22T00:00:00+02:00,1.08564
2026-04-22T00:15:00+02:00,0.55544
2026-04-22T00:30:00+02:00,0.20056
2026-04-22T00:45:00+02:00,0.0
2026-04-22T01:00:00+02:00,0.89388
2026-04-22T01:15:00+02:00,2.733713
2026-04-22T01:30:00+02:00,3.048847
2026-04-22T01:45:00+02:00,3.1841
2026-04-22T02:00:00+02:00,1.605929
2026-04-22T02:15:00+02:00,2.455491
2026-04-22T02:30:00+02:00,4.12912
2026-04-22T02:45:00+02:00,3.159263
2026-04-22T03:00:00+02:00,2.900949
2026-04-22T03:15:00+02:00,3.233788
2026-04-22T03:30:00+02:00,2.4371
2026-04-22T03:45:00+02:00,2.802795
2026-04-22T04:00:00+02:00,3.406165
2026-04-22T04:15:00+02:00,2.747464
2026-04-22T04:30:00+02:00,1.985596
2026-04-22T04:45:00+02:00,2.9133
2026-04-22T05:00:00+02:00,3.245196
2026-04-22T05:15:00+02:00,2.700024
2026-04-22T05:30:00+02:00,2.723716
2026-04-22T05:45:00+02:00,1.621604
2026-04-22T06:00:00+02:00,0.48396
2026-04-22T06:15:00+02:00,0.0
2026-04-22T06:30:00+02:00,0.355232
2026-04-22T06:45:00+02:00,1.493868
2026-04-22T07:00:00+02:00,4.63084
2026-04-22T07:15:00+02:00,4.116881
2026-04-22T07:30:00+02:00,4.927839
2026-04-22T07:45:00+02:00,6.0234
2026-04-22T08:00:00+02:00,5.94206
2026-04-22T08:15:00+02:00,4.0945
2026-04-22T08:30:00+02:00,5.37096
2026-04-22T08:45:00+02:00,5.65934
2026-04-22T09:00:00+02:00,6.00926
2026-04-22T09:15:00+02:00,5.592652
2026-04-22T09:30:00+02:00,5.533933
2026-04-22T09:45:00+02:00,5.659155
2026-04-22T10:00:00+02:00,5.65934
2026-04-22T10:15:00+02:00,6.0864
2026-04-22T10:30:00+02:00,6.1162
2026-04-22T10:45:00+02:00,5.96308
2026-04-22T11:00:00+02:00,6.10964
2026-04-22T11:15:00+02:00,6.102
2026-04-22T11:30:00+02:00,6.111337
2026-04-22T11:45:00+02:00,6.097023
2026-04-22T12:00:00+02:00,6.09818
2026-04-22T12:15:00+02:00,6.081289
2026-04-22T12:30:00+02:00,6.113504
2026-04-22T12:45:00+02:00,4.677307
2026-04-22T13:00:00+02:00,4.85112
2026-04-22T13:15:00+02:00,5.986899
2026-04-22T13:30:00+02:00,6.101881
2026-04-22T13:45:00+02:00,5.30286
2026-04-22T14:00:00+02:00,2.00218
2026-04-22T14:15:00+02:00,3.77808
2026-04-22T14:30:00+02:00,4.806848
2026-04-22T14:45:00+02:00,5.904311
2026-04-22T15:00:00+02:00,4.771361
2026-04-22T15:15:00+02:00,3.23942
2026-04-22T15:30:00+02:00,2.71158
2026-04-22T15:45:00+02:00,4.04352
2026-04-22T16:00:00+02:00,4.30804
2026-04-22T16:15:00+02:00,4.315106
2026-04-22T16:30:00+02:00,5.686733
2026-04-22T16:45:00+02:00,5.450785
2026-04-22T17:00:00+02:00,3.911646
2026-04-22T17:15:00+02:00,5.053631
2026-04-22T17:30:00+02:00,3.85818
2026-04-22T17:45:00+02:00,5.08748
2026-04-22T18:00:00+02:00,5.23524
2026-04-22T18:15:00+02:00,6.074771
2026-04-22T18:30:00+02:00,4.962969
2026-04-22T18:45:00+02:00,5.39318
2026-04-22T19:00:00+02:00,5.317985
2026-04-22T19:15:00+02:00,4.443835
2026-04-22T19:30:00+02:00,5.45574
2026-04-22T19:45:00+02:00,5.892465
2026-04-22T20:00:00+02:00,4.726922
2026-04-22T20:15:00+02:00,4.885613
2026-04-22T20:30:00+02:00,5.28
2026-04-22T20:45:00+02:00,5.096537
2026-04-22T21:00:00+02:00,5.966003
2026-04-22T21:15:00+02:00,5.87842
2026-04-22T21:30:00+02:00,6.04922
2026-04-22T21:45:00+02:00,4.92966
2026-04-22T22:00:00+02:00,3.510101
2026-04-22T22:15:00+02:00,2.653579
2026-04-22T22:30:00+02:00,1.267932
2026-04-22T22:45:00+02:00,1.913208
2026-04-22T23:00:00+02:00,2.49756
2026-04-22T23:15:00+02:00,2.866456
2026-04-22T23:30:00+02:00,3.597791
2026-04-22T23:45:00+02:00,3.668713
2026-04-23T00:00:00+02:00,3.70524
2026-04-23T00:15:00+02:00,3.48824
2026-04-23T00:30:00+02:00,3.43398
2026-04-23T00:45:00+02:00,2.29202
2026-04-23T01:00:00+02:00,0.99574
2026-04-23T01:15:00+02:00,2.85286
2026-04-23T01:30:00+02:00,3.709563
2026-04-23T01:45:00+02:00,3.149517
2026-04-23T02:00:00+02:00,4.13596
2026-04-23T02:15:00+02:00,2.98578
2026-04-23T02:30:00+02:00,3.39612
2026-04-23T02:45:00+02:00,3.78062
2026-04-23T03:00:00+02:00,3.7939
2026-04-23T03:15:00+02:00,3.349249
2026-04-23T03:30:00+02:00,3.997231
2026-04-23T03:45:00+02:00,2.778375
2026-04-23T04:00:00+02:00,2.734305
2026-04-23T04:15:00+02:00,4.72058
2026-04-23T04:30:00+02:00,4.84902
2026-04-23T04:45:00+02:00,4.1973
2026-04-23T05:00:00+02:00,3.77268
2026-04-23T05:15:00+02:00,5.057053
2026-04-23T05:30:00+02:00,4.888401
2026-04-23T05:45:00+02:00,5.130026
2026-04-23T06:00:00+02:00,5.67206
2026-04-23T06:15:00+02:00,6.100639
2026-04-23T06:30:00+02:00,6.113341
2026-04-23T06:45:00+02:00,6.118
2026-04-23T07:00:00+02:00,6.11782
2026-04-23T07:15:00+02:00,6.13564
2026-04-23T07:30:00+02:00,6.12818
2026-04-23T07:45:00+02:00,6.120835
2026-04-23T08:00:00+02:00,6.126985
2026-04-23T08:15:00+02:00,6.124
2026-04-23T08:30:00+02:00,6.140759
2026-04-23T08:45:00+02:00,6.125421
2026-04-23T09:00:00+02:00,6.127138
2026-04-23T09:15:00+02:00,6.116862
2026-04-23T09:30:00+02:00,5.62558
2026-04-23T09:45:00+02:00,2.847934
2026-04-23T10:00:00+02:00,5.56231
2026-04-23T10:15:00+02:00,6.132177
2026-04-23T10:30:00+02:00,6.12218
2026-04-23T10:45:00+02:00,6.116545
2026-04-23T11:00:00+02:00,6.123329
2026-04-23T11:15:00+02:00,6.102306
2026-04-23T11:30:00+02:00,6.114
2026-04-23T11:45:00+02:00,6.11836
2026-04-23T12:00:00+02:00,6.14402
2026-04-23T12:15:00+02:00,6.06362
2026-04-23T12:30:00+02:00,4.75368
2026-04-23T12:45:00+02:00,2.02702
2026-04-23T13:00:00+02:00,3.11872
2026-04-23T13:15:00+02:00,3.9762
2026-04-23T13:30:00+02:00,3.65236
2026-04-23T13:45:00+02:00,3.30342
2026-04-23T14:00:00+02:00,2.76974
2026-04-23T14:15:00+02:00,2.37106
2026-04-23T14:30:00+02:00,5.31754
2026-04-23T14:45:00+02:00,5.81812
2026-04-23T15:00:00+02:00,5.94232
2026-04-23T15:15:00+02:00,5.899741
2026-04-23T15:30:00+02:00,5.888979
2026-04-23T15:45:00+02:00,5.64844
2026-04-23T16:00:00+02:00,5.725488
2026-04-23T16:15:00+02:00,6.083892
2026-04-23T16:30:00+02:00,6.07472
2026-04-23T16:45:00+02:00,6.062206
2026-04-23T17:00:00+02:00,5.06527
2026-04-23T17:15:00+02:00,4.938324
2026-04-23T17:30:00+02:00,5.85294
2026-04-23T17:45:00+02:00,5.77118
2026-04-23T18:00:00+02:00,5.60718
2026-04-23T18:15:00+02:00,5.94412
2026-04-23T18:30:00+02:00,5.817113
2026-04-23T18:45:00+02:00,5.768147
2026-04-23T19:00:00+02:00,5.31112
2026-04-23T19:15:00+02:00,5.77312
2026-04-23T19:30:00+02:00,5.32766
2026-04-23T19:45:00+02:00,3.54408
2026-04-23T20:00:00+02:00,3.5638
2026-04-23T20:15:00+02:00,3.056878
2026-04-23T20:30:00+02:00,2.123837
2026-04-23T20:45:00+02:00,3.377725
2026-04-23T21:00:00+02:00,3.75198
2026-04-23T21:15:00+02:00,3.53398
2026-04-23T21:30:00+02:00,3.37524
2026-04-23T21:45:00+02:00,2.49902
2026-04-23T22:00:00+02:00,4.126451
2026-04-23T22:15:00+02:00,4.201449
2026-04-23T22:30:00+02:00,4.62548
2026-04-23T22:45:00+02:00,4.602975
2026-04-23T23:00:00+02:00,1.272705
2026-04-23T23:15:00+02:00,0.428805
2026-04-23T23:30:00+02:00,1.091969
2026-04-23T23:45:00+02:00,1.709205
2026-04-24T00:00:00+02:00,1.0082
2026-04-24T00:15:00+02:00,0.769065
2026-04-24T00:30:00+02:00,0.032755
2026-04-24T00:45:00+02:00,0.0
2026-04-24T01:00:00+02:00,0.0
2026-04-24T01:15:00+02:00,0.3822
2026-04-24T01:30:00+02:00,1.9858
2026-04-24T01:45:00+02:00,2.102389
2026-04-24T02:00:00+02:00,1.297651
2026-04-24T02:15:00+02:00,0.13196
2026-04-24T02:30:00+02:00,0.8213
2026-04-24T02:45:00+02:00,2.546793
2026-04-24T03:00:00+02:00,2.394867
2026-04-24T03:15:00+02:00,3.95692
2026-04-24T03:30:00+02:00,4.738749
2026-04-24T03:45:00+02:00,5.011511
2026-04-24T04:00:00+02:00,5.26174
2026-04-24T04:15:00+02:00,5.24936
2026-04-24T04:30:00+02:00,4.866893
2026-04-24T04:45:00+02:00,3.594887
2026-04-24T05:00:00+02:00,3.7941
2026-04-24T05:15:00+02:00,4.331006
2026-04-24T05:30:00+02:00,4.295253
2026-04-24T05:45:00+02:00,2.970441
2026-04-24T06:00:00+02:00,3.2846
2026-04-24T06:15:00+02:00,3.504051
2026-04-24T06:30:00+02:00,4.480269
2026-04-24T06:45:00+02:00,3.47108
2026-04-24T07:00:00+02:00,5.953874
2026-04-24T07:15:00+02:00,5.755726
2026-04-24T07:30:00+02:00,4.78176
2026-04-24T07:45:00+02:00,4.505402
2026-04-24T08:00:00+02:00,5.69056
2026-04-24T08:15:00+02:00,5.144918
2026-04-24T08:30:00+02:00,5.26184
2026-04-24T08:45:00+02:00,5.812294
2026-04-24T09:00:00+02:00,5.454566
2026-04-24T09:15:00+02:00,6.02668
2026-04-24T09:30:00+02:00,5.52238
2026-04-24T09:45:00+02:00,2.92096
2026-04-24T10:00:00+02:00,4.73612
2026-04-24T10:15:00+02:00,6.07476
2026-04-24T10:30:00+02:00,6.14294
2026-04-24T10:45:00+02:00,6.087077
2026-04-24T11:00:00+02:00,5.927431
2026-04-24T11:15:00+02:00,4.069391
2026-04-24T11:30:00+02:00,4.268
2026-04-24T11:45:00+02:00,3.917193
2026-04-24T12:00:00+02:00,2.363387
2026-04-24T12:15:00+02:00,3.50648
2026-04-24T12:30:00+02:00,5.588743
2026-04-24T12:45:00+02:00,3.186657
2026-04-24T13:00:00+02:00,2.65942
2026-04-24T13:15:00+02:00,5.19346
2026-04-24T13:30:00+02:00,5.817681
2026-04-24T13:45:00+02:00,5.210119
2026-04-24T14:00:00+02:00,3.528709
2026-04-24T14:15:00+02:00,4.019991
2026-04-24T14:30:00+02:00,3.400668
2026-04-24T14:45:00+02:00,2.627132
2026-04-24T15:00:00+02:00,2.87042
2026-04-24T15:15:00+02:00,2.534881
2026-04-24T15:30:00+02:00,3.816038
2026-04-24T15:45:00+02:00,3.161401
2026-04-24T16:00:00+02:00,3.33132
2026-04-24T16:15:00+02:00,3.828555
2026-04-24T16:30:00+02:00,3.620725
2026-04-24T16:45:00+02:00,4.39508
2026-04-24T17:00:00+02:00,3.15166
2026-04-24T17:15:00+02:00,2.83864
2026-04-24T17:30:00+02:00,5.694524
2026-04-24T17:45:00+02:00,4.848776
2026-04-24T18:00:00+02:00,5.811125
2026-04-24T18:15:00+02:00,5.276195
2026-04-24T18:30:00+02:00,5.88536
2026-04-24T18:45:00+02:00,3.199516
2026-04-24T19:00:00+02:00,3.08702
2026-04-24T19:15:00+02:00,5.249124
2026-04-24T19:30:00+02:00,5.68192
2026-04-24T19:45:00+02:00,5.610652
2026-04-24T20:00:00+02:00,4.758248
2026-04-24T20:15:00+02:00,5.71
2026-04-24T20:30:00+02:00,5.69378
2026-04-24T20:45:00+02:00,5.22224
2026-04-24T21:00:00+02:00,5.69814
2026-04-24T21:15:00+02:00,5.818853
2026-04-24T21:30:00+02:00,5.747874
2026-04-24T21:45:00+02:00,1.419793
2026-04-24T22:00:00+02:00,0.0
2026-04-24T22:15:00+02:00,0.0
2026-04-24T22:30:00+02:00,0.0
2026-04-24T22:45:00+02:00,0.0
2026-04-24T23:00:00+02:00,0.0
2026-04-24T23:15:00+02:00,0.0
2026-04-24T23:30:00+02:00,0.0
2026-04-24T23:45:00+02:00,0.0
2026-04-25T00:00:00+02:00,0.0
2026-04-25T00:15:00+02:00,0.0
2026-04-25T00:30:00+02:00,0.0
2026-04-25T00:45:00+02:00,0.0
2026-04-25T01:00:00+02:00,0.0
2026-04-25T01:15:00+02:00,0.0
2026-04-25T01:30:00+02:00,0.0
2026-04-25T01:45:00+02:00,0.0
2026-04-25T02:00:00+02:00,0.0
2026-04-25T02:15:00+02:00,0.0
2026-04-25T02:30:00+02:00,0.0
2026-04-25T02:45:00+02:00,0.0
2026-04-25T03:00:00+02:00,0.0
2026-04-25T03:15:00+02:00,0.0
2026-04-25T03:30:00+02:00,0.0
2026-04-25T03:45:00+02:00,0.0
2026-04-25T04:00:00+02:00,0.0
2026-04-25T04:15:00+02:00,0.0
2026-04-25T04:30:00+02:00,0.0
2026-04-25T04:45:00+02:00,0.0
2026-04-25T05:00:00+02:00,0.0
2026-04-25T05:15:00+02:00,0.0
2026-04-25T05:30:00+02:00,0.0
2026-04-25T05:45:00+02:00,0.0
2026-04-25T06:00:00+02:00,0.0
2026-04-25T06:15:00+02:00,0.0
2026-04-25T06:30:00+02:00,0.0
2026-04-25T06:45:00+02:00,0.0
2026-04-25T07:00:00+02:00,0.0
2026-04-25T07:15:00+02:00,0.0
2026-04-25T07:30:00+02:00,0.0
2026-04-25T07:45:00+02:00,0.0
2026-04-25T08:00:00+02:00,0.0
2026-04-25T08:15:00+02:00,0.0
2026-04-25T08:30:00+02:00,0.0
2026-04-25T08:45:00+02:00,0.0
2026-04-25T09:00:00+02:00,0.0
2026-04-25T09:15:00+02:00,0.0
2026-04-25T09:30:00+02:00,0.35908
2026-04-25T09:45:00+02:00,0.01692
2026-04-25T10:00:00+02:00,0.880952
2026-04-25T10:15:00+02:00,1.683588
2026-04-25T10:30:00+02:00,0.53998
2026-04-25T10:45:00+02:00,1.39564
2026-04-25T11:00:00+02:00,0.9864
2026-04-25T11:15:00+02:00,1.17096
2026-04-25T11:30:00+02:00,0.89266
2026-04-25T11:45:00+02:00,1.29008
2026-04-25T12:00:00+02:00,2.33656
2026-04-25T12:15:00+02:00,2.124242
2026-04-25T12:30:00+02:00,0.034938
2026-04-25T12:45:00+02:00,0.0
2026-04-25T13:00:00+02:00,0.0
2026-04-25T13:15:00+02:00,1.7616
2026-04-25T13:30:00+02:00,1.549801
2026-04-25T13:45:00+02:00,0.428599
2026-04-25T14:00:00+02:00,0.0
2026-04-25T14:15:00+02:00,0.0
2026-04-25T14:30:00+02:00,0.0
2026-04-25T14:45:00+02:00,0.0
2026-04-25T15:00:00+02:00,0.0
2026-04-25T15:15:00+02:00,0.0
2026-04-25T15:30:00+02:00,0.0
2026-04-25T15:45:00+02:00,0.0
2026-04-25T16:00:00+02:00,0.0
2026-04-25T16:15:00+02:00,0.0
2026-04-25T16:30:00+02:00,0.0
2026-04-25T16:45:00+02:00,0.0
2026-04-25T17:00:00+02:00,0.0
2026-04-25T17:15:00+02:00,0.0
2026-04-25T17:30:00+02:00,0.0
2026-04-25T17:45:00+02:00,0.0
2026-04-25T18:00:00+02:00,0.0
2026-04-25T18:15:00+02:00,0.0
2026-04-25T18:30:00+02:00,0.0
2026-04-25T18:45:00+02:00,0.0
2026-04-25T19:00:00+02:00,0.0
2026-04-25T19:15:00+02:00,0.0
2026-04-25T19:30:00+02:00,0.0
2026-04-25T19:45:00+02:00,0.0
2026-04-25T20:00:00+02:00,0.0
2026-04-25T20:15:00+02:00,0.0
2026-04-25T20:30:00+02:00,0.0
2026-04-25T20:45:00+02:00,0.0
2026-04-25T21:00:00+02:00,0.0
2026-04-25T21:15:00+02:00,0.0
2026-04-25T21:30:00+02:00,0.0
2026-04-25T21:45:00+02:00,0.0
2026-04-25T22:00:00+02:00,0.0
2026-04-25T22:15:00+02:00,0.0
2026-04-25T22:30:00+02:00,0.0
2026-04-25T22:45:00+02:00,0.0
2026-04-25T23:00:00+02:00,0.0
2026-04-25T23:15:00+02:00,0.0
2026-04-25T23:30:00+02:00,0.0
2026-04-25T23:45:00+02:00,0.0
2026-04-26T00:00:00+02:00,0.0
2026-04-26T00:15:00+02:00,0.0
2026-04-26T00:30:00+02:00,0.0
2026-04-26T00:45:00+02:00,0.0
2026-04-26T01:00:00+02:00,0.0
2026-04-26T01:15:00+02:00,0.0
2026-04-26T01:30:00+02:00,0.0
2026-04-26T01:45:00+02:00,0.0
2026-04-26T02:00:00+02:00,0.0
2026-04-26T02:15:00+02:00,0.0
2026-04-26T02:30:00+02:00,0.0
2026-04-26T02:45:00+02:00,0.0
2026-04-26T03:00:00+02:00,0.0
2026-04-26T03:15:00+02:00,0.0
2026-04-26T03:30:00+02:00,0.0
2026-04-26T03:45:00+02:00,0.0
2026-04-26T04:00:00+02:00,0.0
2026-04-26T04:15:00+02:00,0.0
2026-04-26T04:30:00+02:00,0.0
2026-04-26T04:45:00+02:00,0.0
2026-04-26T05:00:00+02:00,0.0
2026-04-26T05:15:00+02:00,0.0
2026-04-26T05:30:00+02:00,0.0
2026-04-26T05:45:00+02:00,0.0
2026-04-26T06:00:00+02:00,0.0
2026-04-26T06:15:00+02:00,0.0
2026-04-26T06:30:00+02:00,0.0
2026-04-26T06:45:00+02:00,0.0
2026-04-26T07:00:00+02:00,0.0
2026-04-26T07:15:00+02:00,0.0
2026-04-26T07:30:00+02:00,0.0
2026-04-26T07:45:00+02:00,0.0
2026-04-26T08:00:00+02:00,0.0
2026-04-26T08:15:00+02:00,0.0
2026-04-26T08:30:00+02:00,0.0
2026-04-26T08:45:00+02:00,0.0
2026-04-26T09:00:00+02:00,0.0
2026-04-26T09:15:00+02:00,0.0
2026-04-26T09:30:00+02:00,0.0
2026-04-26T09:45:00+02:00,0.0
2026-04-26T10:00:00+02:00,0.0
2026-04-26T10:15:00+02:00,0.0
2026-04-26T10:30:00+02:00,0.0
2026-04-26T10:45:00+02:00,0.0
2026-04-26T11:00:00+02:00,0.0
2026-04-26T11:15:00+02:00,0.0
2026-04-26T11:30:00+02:00,0.0
2026-04-26T11:45:00+02:00,0.0
2026-04-26T12:00:00+02:00,0.0
2026-04-26T12:15:00+02:00,0.0
2026-04-26T12:30:00+02:00,0.0
2026-04-26T12:45:00+02:00,0.0
2026-04-26T13:00:00+02:00,0.0
2026-04-26T13:15:00+02:00,0.0
2026-04-26T13:30:00+02:00,0.0
2026-04-26T13:45:00+02:00,0.0
2026-04-26T14:00:00+02:00,0.0
2026-04-26T14:15:00+02:00,0.0
2026-04-26T14:30:00+02:00,0.0
2026-04-26T14:45:00+02:00,0.0
2026-04-26T15:00:00+02:00,0.0
2026-04-26T15:15:00+02:00,0.0
2026-04-26T15:30:00+02:00,0.0
2026-04-26T15:45:00+02:00,0.0
2026-04-26T16:00:00+02:00,0.0
2026-04-26T16:15:00+02:00,0.0
2026-04-26T16:30:00+02:00,0.0
2026-04-26T16:45:00+02:00,0.0
2026-04-26T17:00:00+02:00,0.0
2026-04-26T17:15:00+02:00,0.0
2026-04-26T17:30:00+02:00,0.0
2026-04-26T17:45:00+02:00,0.0
2026-04-26T18:00:00+02:00,0.0
2026-04-26T18:15:00+02:00,0.0
2026-04-26T18:30:00+02:00,0.0
2026-04-26T18:45:00+02:00,0.0
2026-04-26T19:00:00+02:00,0.0
2026-04-26T19:15:00+02:00,0.0
2026-04-26T19:30:00+02:00,0.0
2026-04-26T19:45:00+02:00,0.0
2026-04-26T20:00:00+02:00,0.0
2026-04-26T20:15:00+02:00,0.0
2026-04-26T20:30:00+02:00,0.0
2026-04-26T20:45:00+02:00,0.0
2026-04-26T21:00:00+02:00,0.0
2026-04-26T21:15:00+02:00,0.0
2026-04-26T21:30:00+02:00,0.0
2026-04-26T21:45:00+02:00,0.0
2026-04-26T22:00:00+02:00,0.0
2026-04-26T22:15:00+02:00,0.0
2026-04-26T22:30:00+02:00,0.0
2026-04-26T22:45:00+02:00,0.0
2026-04-26T23:00:00+02:00,0.0
2026-04-26T23:15:00+02:00,0.0
2026-04-26T23:30:00+02:00,0.0
2026-04-26T23:45:00+02:00,0.0
2026-04-27T00:00:00+02:00,0.0
2026-04-27T00:15:00+02:00,0.0
2026-04-27T00:30:00+02:00,0.0
2026-04-27T00:45:00+02:00,0.0
2026-04-27T01:00:00+02:00,0.0
2026-04-27T01:15:00+02:00,0.0
2026-04-27T01:30:00+02:00,0.0
2026-04-27T01:45:00+02:00,0.0
2026-04-27T02:00:00+02:00,0.0
2026-04-27T02:15:00+02:00,0.0
2026-04-27T02:30:00+02:00,0.0
2026-04-27T02:45:00+02:00,0.0
2026-04-27T03:00:00+02:00,0.0
2026-04-27T03:15:00+02:00,0.0
2026-04-27T03:30:00+02:00,0.0
2026-04-27T03:45:00+02:00,0.0
2026-04-27T04:00:00+02:00,0.0
2026-04-27T04:15:00+02:00,0.0
2026-04-27T04:30:00+02:00,0.0
2026-04-27T04:45:00+02:00,0.0
2026-04-27T05:00:00+02:00,0.0
2026-04-27T05:15:00+02:00,0.0
2026-04-27T05:30:00+02:00,0.0
2026-04-27T05:45:00+02:00,0.0
2026-04-27T06:00:00+02:00,2.709684
2026-04-27T06:15:00+02:00,4.759044
2026-04-27T06:30:00+02:00,5.310292
2026-04-27T06:45:00+02:00,5.38374
2026-04-27T07:00:00+02:00,4.857968
2026-04-27T07:15:00+02:00,6.068032
2026-04-27T07:30:00+02:00,6.09452
2026-04-27T07:45:00+02:00,6.07101
2026-04-27T08:00:00+02:00,5.99083
2026-04-27T08:15:00+02:00,6.14184
2026-04-27T08:30:00+02:00,6.15672
2026-04-27T08:45:00+02:00,6.1249
2026-04-27T09:00:00+02:00,6.10454
2026-04-27T09:15:00+02:00,6.09218
2026-04-27T09:30:00+02:00,5.558188
2026-04-27T09:45:00+02:00,4.777601
2026-04-27T10:00:00+02:00,6.104032
2026-04-27T10:15:00+02:00,6.08454
2026-04-27T10:30:00+02:00,5.524657
2026-04-27T10:45:00+02:00,5.902623
2026-04-27T11:00:00+02:00,5.01738
2026-04-27T11:15:00+02:00,5.09556
2026-04-27T11:30:00+02:00,3.96636
2026-04-27T11:45:00+02:00,3.970416
2026-04-27T12:00:00+02:00,4.550604
2026-04-27T12:15:00+02:00,4.98312
2026-04-27T12:30:00+02:00,4.836445
2026-04-27T12:45:00+02:00,2.945712
2026-04-27T13:00:00+02:00,4.585802
2026-04-27T13:15:00+02:00,5.39814
2026-04-27T13:30:00+02:00,6.04808
2026-04-27T13:45:00+02:00,6.048
2026-04-27T14:00:00+02:00,6.062495
2026-04-27T14:15:00+02:00,6.077325
2026-04-27T14:30:00+02:00,6.05436
2026-04-27T14:45:00+02:00,6.04964
2026-04-27T15:00:00+02:00,5.988572
2026-04-27T15:15:00+02:00,5.509748
2026-04-27T15:30:00+02:00,6.04368
2026-04-27T15:45:00+02:00,6.059028
2026-04-27T16:00:00+02:00,6.066072
2026-04-27T16:15:00+02:00,6.05726
2026-04-27T16:30:00+02:00,6.019683
2026-04-27T16:45:00+02:00,6.043654
2026-04-27T17:00:00+02:00,6.049065
2026-04-27T17:15:00+02:00,6.062755
2026-04-27T17:30:00+02:00,6.038844
2026-04-27T17:45:00+02:00,6.04964
2026-04-27T18:00:00+02:00,6.036879
2026-04-27T18:15:00+02:00,6.138981
2026-04-27T18:30:00+02:00,4.30168
2026-04-27T18:45:00+02:00,0.34008
2026-04-27T19:00:00+02:00,0.192534
2026-04-27T19:15:00+02:00,2.909286
2026-04-27T19:30:00+02:00,5.99092
2026-04-27T19:45:00+02:00,6.020345
2026-04-27T20:00:00+02:00,6.022555
2026-04-27T20:15:00+02:00,5.883595
2026-04-27T20:30:00+02:00,6.046225
2026-04-27T20:45:00+02:00,6.02946
2026-04-27T21:00:00+02:00,5.474345
2026-04-27T21:15:00+02:00,2.941974
2026-04-27T21:30:00+02:00,4.563861
2026-04-27T21:45:00+02:00,4.43628
2026-04-27T22:00:00+02:00,2.916747
2026-04-27T22:15:00+02:00,1.999053
2026-04-27T22:30:00+02:00,1.04882
2026-04-27T22:45:00+02:00,0.3438
2026-04-27T23:00:00+02:00,0.11084
2026-04-27T23:15:00+02:00,1.760854
2026-04-27T23:30:00+02:00,3.207506
2026-04-27T23:45:00+02:00,1.827629
2026-04-28T00:00:00+02:00,2.729571
2026-04-28T00:15:00+02:00,1.27172
2026-04-28T00:30:00+02:00,2.431088
2026-04-28T00:45:00+02:00,2.466067
2026-04-28T01:00:00+02:00,2.233225
2026-04-28T01:15:00+02:00,2.14442
2026-04-28T01:30:00+02:00,0.06128
2026-04-28T01:45:00+02:00,0.0
2026-04-28T02:00:00+02:00,0.0
2026-04-28T02:15:00+02:00,0.0
2026-04-28T02:30:00+02:00,1.3624
2026-04-28T02:45:00+02:00,2.59232
2026-04-28T03:00:00+02:00,1.55166
2026-04-28T03:15:00+02:00,3.01198
2026-04-28T03:30:00+02:00,2.82588
2026-04-28T03:45:00+02:00,3.141023
2026-04-28T04:00:00+02:00,3.142718
2026-04-28T04:15:00+02:00,1.74954
2026-04-28T04:30:00+02:00,3.05418
2026-04-28T04:45:00+02:00,2.9156
2026-04-28T05:00:00+02:00,2.139792
2026-04-28T05:15:00+02:00,0.652908
2026-04-28T05:30:00+02:00,1.884
2026-04-28T05:45:00+02:00,4.06986
2026-04-28T06:00:00+02:00,5.83484
2026-04-28T06:15:00+02:00,5.87944
2026-04-28T06:30:00+02:00,6.080452
2026-04-28T06:45:00+02:00,6.084583
2026-04-28T07:00:00+02:00,6.087051
2026-04-28T07:15:00+02:00,6.100408
2026-04-28T07:30:00+02:00,6.085043
2026-04-28T07:45:00+02:00,6.099318
2026-04-28T08:00:00+02:00,6.078305
2026-04-28T08:15:00+02:00,6.09
2026-04-28T08:30:00+02:00,5.96061
2026-04-28T08:45:00+02:00,5.22159
2026-04-28T09:00:00+02:00,5.08738
2026-04-28T09:15:00+02:00,4.374857
2026-04-28T09:30:00+02:00,4.355223
2026-04-28T09:45:00+02:00,2.71724
2026-04-28T10:00:00+02:00,4.694499
2026-04-28T10:15:00+02:00,5.888657
2026-04-28T10:30:00+02:00,5.793844
2026-04-28T10:45:00+02:00,5.35508
2026-04-28T11:00:00+02:00,4.491523
2026-04-28T11:15:00+02:00,4.967177
2026-04-28T11:30:00+02:00,6.01466
2026-04-28T11:45:00+02:00,5.77516
2026-04-28T12:00:00+02:00,6.0423
2026-04-28T12:15:00+02:00,6.031239
2026-04-28T12:30:00+02:00,6.051701
2026-04-28T12:45:00+02:00,5.8455
2026-04-28T13:00:00+02:00,5.76314
2026-04-28T13:15:00+02:00,5.97388
2026-04-28T13:30:00+02:00,6.04582
2026-04-28T13:45:00+02:00,6.0731
2026-04-28T14:00:00+02:00,6.048211
2026-04-28T14:15:00+02:00,6.067665
2026-04-28T14:30:00+02:00,6.047384
2026-04-28T14:45:00+02:00,5.469
2026-04-28T15:00:00+02:00,5.828784
2026-04-28T15:15:00+02:00,5.945256
2026-04-28T15:30:00+02:00,5.8235
2026-04-28T15:45:00+02:00,6.0405
2026-04-28T16:00:00+02:00,6.03732
2026-04-28T16:15:00+02:00,6.03
2026-04-28T16:30:00+02:00,5.94046
2026-04-28T16:45:00+02:00,5.966916
2026-04-28T17:00:00+02:00,6.027724
2026-04-28T17:15:00+02:00,6.03326
2026-04-28T17:30:00+02:00,6.012414
2026-04-28T17:45:00+02:00,6.050203
2026-04-28T18:00:00+02:00,6.036843
2026-04-28T18:15:00+02:00,6.02836
2026-04-28T18:30:00+02:00,5.193902
2026-04-28T18:45:00+02:00,3.318918
2026-04-28T19:00:00+02:00,2.32676
2026-04-28T19:15:00+02:00,3.135649
2026-04-28T19:30:00+02:00,5.996771
2026-04-28T19:45:00+02:00,6.025246
2026-04-28T20:00:00+02:00,6.030394
2026-04-28T20:15:00+02:00,6.01308
2026-04-28T20:30:00+02:00,6.019874
2026-04-28T20:45:00+02:00,6.042564
2026-04-28T21:00:00+02:00,6.03307
2026-04-28T21:15:00+02:00,6.05075
2026-04-28T21:30:00+02:00,6.063203
2026-04-28T21:45:00+02:00,5.05154
2026-04-28T22:00:00+02:00,1.111
2026-04-28T22:15:00+02:00,0.0
2026-04-28T22:30:00+02:00,0.0
2026-04-28T22:45:00+02:00,0.0
2026-04-28T23:00:00+02:00,0.0
2026-04-28T23:15:00+02:00,0.0
2026-04-28T23:30:00+02:00,0.0
2026-04-28T23:45:00+02:00,0.0
2026-04-29T00:00:00+02:00,0.0
2026-04-29T00:15:00+02:00,0.0
2026-04-29T00:30:00+02:00,0.0
2026-04-29T00:45:00+02:00,0.0
2026-04-29T01:00:00+02:00,0.0
2026-04-29T01:15:00+02:00,0.0
2026-04-29T01:30:00+02:00,0.0
2026-04-29T01:45:00+02:00,0.0
2026-04-29T02:00:00+02:00,0.0
2026-04-29T02:15:00+02:00,0.0
2026-04-29T02:30:00+02:00,0.0
2026-04-29T02:45:00+02:00,0.0
2026-04-29T03:00:00+02:00,0.0
2026-04-29T03:15:00+02:00,0.0
2026-04-29T03:30:00+02:00,0.0
2026-04-29T03:45:00+02:00,0.0
2026-04-29T04:00:00+02:00,0.0
2026-04-29T04:15:00+02:00,0.0
2026-04-29T04:30:00+02:00,0.0
2026-04-29T04:45:00+02:00,0.0
2026-04-29T05:00:00+02:00,0.0
2026-04-29T05:15:00+02:00,0.0
2026-04-29T05:30:00+02:00,0.0
2026-04-29T05:45:00+02:00,0.0
2026-04-29T06:00:00+02:00,0.396
2026-04-29T06:15:00+02:00,2.658511
2026-04-29T06:30:00+02:00,5.290081
2026-04-29T06:45:00+02:00,6.092222
2026-04-29T07:00:00+02:00,6.101045
2026-04-29T07:15:00+02:00,6.11508
2026-04-29T07:30:00+02:00,6.12164
2026-04-29T07:45:00+02:00,6.09872
2026-04-29T08:00:00+02:00,6.09836
2026-04-29T08:15:00+02:00,6.094443
2026-04-29T08:30:00+02:00,6.111017
2026-04-29T08:45:00+02:00,6.11128
2026-04-29T09:00:00+02:00,6.093277
2026-04-29T09:15:00+02:00,6.103137
2026-04-29T09:30:00+02:00,6.078485
2026-04-29T09:45:00+02:00,6.10528
2026-04-29T10:00:00+02:00,6.060495
2026-04-29T10:15:00+02:00,6.072405
2026-04-29T10:30:00+02:00,6.10582
2026-04-29T10:45:00+02:00,6.07472
2026-04-29T11:00:00+02:00,6.06454
2026-04-29T11:15:00+02:00,6.04418
2026-04-29T11:30:00+02:00,6.06346
2026-04-29T11:45:00+02:00,6.08409
2026-04-29T12:00:00+02:00,6.07373
2026-04-29T12:15:00+02:00,6.07364
2026-04-29T12:30:00+02:00,5.369215
2026-04-29T12:45:00+02:00,2.622167
2026-04-29T13:00:00+02:00,4.092738
2026-04-29T13:15:00+02:00,5.54496
2026-04-29T13:30:00+02:00,6.05764
2026-04-29T13:45:00+02:00,6.04636
2026-04-29T14:00:00+02:00,6.05802
2026-04-29T14:15:00+02:00,5.17974
2026-04-29T14:30:00+02:00,5.432348
2026-04-29T14:45:00+02:00,5.564832
2026-04-29T15:00:00+02:00,5.392517
2026-04-29T15:15:00+02:00,6.008543
2026-04-29T15:30:00+02:00,6.034
2026-04-29T15:45:00+02:00,6.024159
2026-04-29T16:00:00+02:00,6.020201
2026-04-29T16:15:00+02:00,6.02618
2026-04-29T16:30:00+02:00,6.040227
2026-04-29T16:45:00+02:00,6.039291
2026-04-29T17:00:00+02:00,6.033942
2026-04-29T17:15:00+02:00,6.02672
2026-04-29T17:30:00+02:00,6.02382
2026-04-29T17:45:00+02:00,6.024
2026-04-29T18:00:00+02:00,6.02546
2026-04-29T18:15:00+02:00,6.02672
2026-04-29T18:30:00+02:00,6.01618
2026-04-29T18:45:00+02:00,6.009445
2026-04-29T19:00:00+02:00,4.948575
2026-04-29T19:15:00+02:00,5.329847
2026-04-29T19:30:00+02:00,5.949133
2026-04-29T19:45:00+02:00,5.23832
2026-04-29T20:00:00+02:00,6.01728
2026-04-29T20:15:00+02:00,6.034378
2026-04-29T20:30:00+02:00,6.040302
2026-04-29T20:45:00+02:00,6.03982
2026-04-29T21:00:00+02:00,6.04164
2026-04-29T21:15:00+02:00,6.054
2026-04-29T21:30:00+02:00,6.044511
2026-04-29T21:45:00+02:00,4.898029
2026-04-29T22:00:00+02:00,3.80878
2026-04-29T22:15:00+02:00,4.264223
2026-04-29T22:30:00+02:00,4.000317
2026-04-29T22:45:00+02:00,3.0853
2026-04-29T23:00:00+02:00,3.31412
2026-04-29T23:15:00+02:00,3.01688
2026-04-29T23:30:00+02:00,2.92686
2026-04-29T23:45:00+02:00,1.91822
2026-04-30T00:00:00+02:00,0.79312
2026-04-30T00:15:00+02:00,2.37324
2026-04-30T00:30:00+02:00,4.04712
2026-04-30T00:45:00+02:00,3.7828
2026-04-30T01:00:00+02:00,3.50248
2026-04-30T01:15:00+02:00,3.15714
2026-04-30T01:30:00+02:00,2.5792
2026-04-30T01:45:00+02:00,0.64528
2026-04-30T02:00:00+02:00,0.0
2026-04-30T02:15:00+02:00,0.770356
2026-04-30T02:30:00+02:00,1.821864
2026-04-30T02:45:00+02:00,2.97268
2026-04-30T03:00:00+02:00,3.128984
2026-04-30T03:15:00+02:00,3.325509
2026-04-30T03:30:00+02:00,4.016208
2026-04-30T03:45:00+02:00,3.2699
2026-04-30T04:00:00+02:00,3.82196
2026-04-30T04:15:00+02:00,3.49984
2026-04-30T04:30:00+02:00,3.111718
2026-04-30T04:45:00+02:00,3.094622
2026-04-30T05:00:00+02:00,1.60966
2026-04-30T05:15:00+02:00,0.76666
2026-04-30T05:30:00+02:00,2.86268
2026-04-30T05:45:00+02:00,4.532671
2026-04-30T06:00:00+02:00,5.140029
2026-04-30T06:15:00+02:00,5.9658
2026-04-30T06:30:00+02:00,6.098903
2026-04-30T06:45:00+02:00,6.12169
2026-04-30T07:00:00+02:00,6.095207
2026-04-30T07:15:00+02:00,6.102
2026-04-30T07:30:00+02:00,6.09472
2026-04-30T07:45:00+02:00,6.08564
2026-04-30T08:00:00+02:00,6.10492
2026-04-30T08:15:00+02:00,6.11836
2026-04-30T08:30:00+02:00,6.10126
2026-04-30T08:45:00+02:00,6.08728
2026-04-30T09:00:00+02:00,6.1
2026-04-30T09:15:00+02:00,6.081915
2026-04-30T09:30:00+02:00,6.093365
2026-04-30T09:45:00+02:00,6.12764
2026-04-30T10:00:00+02:00,6.055101
2026-04-30T10:15:00+02:00,6.078034
2026-04-30T10:30:00+02:00,5.764725
2026-04-30T10:45:00+02:00,5.71558
2026-04-30T11:00:00+02:00,6.03562
2026-04-30T11:15:00+02:00,6.0491
2026-04-30T11:30:00+02:00,6.05854
2026-04-30T11:45:00+02:00,6.04964
2026-04-30T12:00:00+02:00,6.05072
2026-04-30T12:15:00+02:00,4.71974
2026-04-30T12:30:00+02:00,5.27366
2026-04-30T12:45:00+02:00,4.309473
2026-04-30T13:00:00+02:00,3.398627
2026-04-30T13:15:00+02:00,5.23924
2026-04-30T13:30:00+02:00,6.049301
2026-04-30T13:45:00+02:00,6.047476
2026-04-30T14:00:00+02:00,2.858474
2026-04-30T14:15:00+02:00,5.809526
2026-04-30T14:30:00+02:00,6.055942
2026-04-30T14:45:00+02:00,6.048
2026-04-30T15:00:00+02:00,6.04036
2026-04-30T15:15:00+02:00,6.03218
2026-04-30T15:30:00+02:00,6.040873
2026-04-30T15:45:00+02:00,6.081687
2026-04-30T16:00:00+02:00,6.0358
2026-04-30T16:15:00+02:00,6.015439
2026-04-30T16:30:00+02:00,6.043481
2026-04-30T16:45:00+02:00,6.0349
2026-04-30T17:00:00+02:00,6.02496
2026-04-30T17:15:00+02:00,6.034378
2026-04-30T17:30:00+02:00,6.027202
2026-04-30T17:45:00+02:00,6.0251
2026-04-30T18:00:00+02:00,6.01489
2026-04-30T18:15:00+02:00,6.02547
2026-04-30T18:30:00+02:00,4.92618
2026-04-30T18:45:00+02:00,3.00274
2026-04-30T19:00:00+02:00,5.5336
2026-04-30T19:15:00+02:00,5.99348
2026-04-30T19:30:00+02:00,5.371948
2026-04-30T19:45:00+02:00,5.269767
2026-04-30T20:00:00+02:00,5.036485
2026-04-30T20:15:00+02:00,6.03052
2026-04-30T20:30:00+02:00,6.02328
2026-04-30T20:45:00+02:00,6.0431
2026-04-30T21:00:00+02:00,5.42794
2026-04-30T21:15:00+02:00,5.1032
2026-04-30T21:30:00+02:00,3.7703
2026-04-30T21:45:00+02:00,2.27638
2026-04-30T22:00:00+02:00,0.0558
2026-04-30T22:15:00+02:00,0.0
2026-04-30T22:30:00+02:00,0.0
2026-04-30T22:45:00+02:00,0.0
2026-04-30T23:00:00+02:00,0.0
2026-04-30T23:15:00+02:00,0.0
2026-04-30T23:30:00+02:00,0.0
2026-04-30T23:45:00+02:00,0.0
2026-05-01T00:00:00+02:00,0.0
2026-05-01T00:15:00+02:00,0.0
2026-05-01T00:30:00+02:00,0.0
2026-05-01T00:45:00+02:00,0.0
2026-05-01T01:00:00+02:00,0.0
2026-05-01T01:15:00+02:00,0.0
2026-05-01T01:30:00+02:00,0.0
2026-05-01T01:45:00+02:00,0.0
2026-05-01T02:00:00+02:00,0.0
2026-05-01T02:15:00+02:00,0.0
2026-05-01T02:30:00+02:00,0.0
2026-05-01T02:45:00+02:00,0.0
2026-05-01T03:00:00+02:00,0.0
2026-05-01T03:15:00+02:00,0.0
2026-05-01T03:30:00+02:00,0.0
2026-05-01T03:45:00+02:00,0.0
2026-05-01T04:00:00+02:00,0.0
2026-05-01T04:15:00+02:00,0.0
2026-05-01T04:30:00+02:00,0.0
2026-05-01T04:45:00+02:00,0.0
2026-05-01T05:00:00+02:00,0.0
2026-05-01T05:15:00+02:00,0.0
2026-05-01T05:30:00+02:00,0.0
2026-05-01T05:45:00+02:00,0.0
2026-05-01T06:00:00+02:00,0.0
2026-05-01T06:15:00+02:00,0.0
2026-05-01T06:30:00+02:00,0.0
2026-05-01T06:45:00+02:00,0.0
2026-05-01T07:00:00+02:00,0.0
2026-05-01T07:15:00+02:00,0.0
2026-05-01T07:30:00+02:00,0.0
2026-05-01T07:45:00+02:00,0.0
2026-05-01T08:00:00+02:00,0.0
2026-05-01T08:15:00+02:00,0.0
2026-05-01T08:30:00+02:00,0.0
2026-05-01T08:45:00+02:00,0.0
2026-05-01T09:00:00+02:00,0.0
2026-05-01T09:15:00+02:00,0.0
2026-05-01T09:30:00+02:00,0.0
2026-05-01T09:45:00+02:00,0.0
2026-05-01T10:00:00+02:00,0.0
2026-05-01T10:15:00+02:00,0.0
2026-05-01T10:30:00+02:00,0.0
2026-05-01T10:45:00+02:00,0.0
2026-05-01T11:00:00+02:00,0.0
2026-05-01T11:15:00+02:00,0.0
2026-05-01T11:30:00+02:00,0.0
2026-05-01T11:45:00+02:00,0.0
2026-05-01T12:00:00+02:00,0.0
2026-05-01T12:15:00+02:00,0.0
2026-05-01T12:30:00+02:00,0.0
2026-05-01T12:45:00+02:00,0.0
2026-05-01T13:00:00+02:00,0.0
2026-05-01T13:15:00+02:00,0.0
2026-05-01T13:30:00+02:00,0.0
2026-05-01T13:45:00+02:00,0.0
2026-05-01T14:00:00+02:00,0.0
2026-05-01T14:15:00+02:00,0.0
2026-05-01T14:30:00+02:00,0.0
2026-05-01T14:45:00+02:00,0.0
2026-05-01T15:00:00+02:00,0.0
2026-05-01T15:15:00+02:00,0.0
2026-05-01T15:30:00+02:00,0.0
2026-05-01T15:45:00+02:00,0.0
2026-05-01T16:00:00+02:00,0.0
2026-05-01T16:15:00+02:00,0.0
2026-05-01T16:30:00+02:00,0.0
2026-05-01T16:45:00+02:00,0.0
2026-05-01T17:00:00+02:00,0.0
2026-05-01T17:15:00+02:00,0.0
2026-05-01T17:30:00+02:00,0.0
2026-05-01T17:45:00+02:00,0.0
2026-05-01T18:00:00+02:00,0.0
2026-05-01T18:15:00+02:00,0.0
2026-05-01T18:30:00+02:00,0.0
2026-05-01T18:45:00+02:00,0.0
2026-05-01T19:00:00+02:00,0.0
2026-05-01T19:15:00+02:00,0.0
2026-05-01T19:30:00+02:00,0.0
2026-05-01T19:45:00+02:00,0.0
2026-05-01T20:00:00+02:00,0.0
2026-05-01T20:15:00+02:00,0.0
2026-05-01T20:30:00+02:00,0.0
2026-05-01T20:45:00+02:00,0.0
2026-05-01T21:00:00+02:00,0.0
2026-05-01T21:15:00+02:00,0.0
2026-05-01T21:30:00+02:00,0.0
2026-05-01T21:45:00+02:00,0.0
2026-05-01T22:00:00+02:00,0.0
2026-05-01T22:15:00+02:00,0.0
2026-05-01T22:30:00+02:00,0.0
2026-05-01T22:45:00+02:00,0.0
2026-05-01T23:00:00+02:00,0.0
2026-05-01T23:15:00+02:00,0.0
2026-05-01T23:30:00+02:00,0.0
2026-05-01T23:45:00+02:00,0.0
2026-05-02T00:00:00+02:00,0.0
2026-05-02T00:15:00+02:00,0.0
2026-05-02T00:30:00+02:00,0.0
2026-05-02T00:45:00+02:00,0.0
2026-05-02T01:00:00+02:00,0.0
2026-05-02T01:15:00+02:00,0.0
2026-05-02T01:30:00+02:00,0.0
2026-05-02T01:45:00+02:00,0.0
2026-05-02T02:00:00+02:00,0.0
2026-05-02T02:15:00+02:00,0.0
2026-05-02T02:30:00+02:00,0.0
2026-05-02T02:45:00+02:00,0.0
2026-05-02T03:00:00+02:00,0.0
2026-05-02T03:15:00+02:00,0.0
2026-05-02T03:30:00+02:00,0.0
2026-05-02T03:45:00+02:00,0.0
2026-05-02T04:00:00+02:00,0.0
2026-05-02T04:15:00+02:00,0.0
2026-05-02T04:30:00+02:00,0.0
2026-05-02T04:45:00+02:00,0.0
2026-05-02T05:00:00+02:00,0.0
2026-05-02T05:15:00+02:00,0.0
2026-05-02T05:30:00+02:00,0.0
2026-05-02T05:45:00+02:00,0.0
2026-05-02T06:00:00+02:00,0.0
2026-05-02T06:15:00+02:00,0.0
2026-05-02T06:30:00+02:00,0.0
2026-05-02T06:45:00+02:00,0.0
2026-05-02T07:00:00+02:00,0.0
2026-05-02T07:15:00+02:00,0.0
2026-05-02T07:30:00+02:00,0.0
2026-05-02T07:45:00+02:00,0.0
2026-05-02T08:00:00+02:00,0.0
2026-05-02T08:15:00+02:00,0.0
2026-05-02T08:30:00+02:00,0.0
2026-05-02T08:45:00+02:00,0.0
2026-05-02T09:00:00+02:00,0.0
2026-05-02T09:15:00+02:00,0.0
2026-05-02T09:30:00+02:00,0.0
2026-05-02T09:45:00+02:00,0.0
2026-05-02T10:00:00+02:00,0.0
2026-05-02T10:15:00+02:00,0.0
2026-05-02T10:30:00+02:00,0.0
2026-05-02T10:45:00+02:00,0.0
2026-05-02T11:00:00+02:00,0.0
2026-05-02T11:15:00+02:00,0.0
2026-05-02T11:30:00+02:00,0.0
2026-05-02T11:45:00+02:00,0.0
2026-05-02T12:00:00+02:00,0.0
2026-05-02T12:15:00+02:00,0.0
2026-05-02T12:30:00+02:00,0.0
2026-05-02T12:45:00+02:00,0.0
2026-05-02T13:00:00+02:00,0.0
2026-05-02T13:15:00+02:00,0.0
2026-05-02T13:30:00+02:00,0.0
2026-05-02T13:45:00+02:00,0.0
2026-05-02T14:00:00+02:00,0.0
2026-05-02T14:15:00+02:00,0.0
2026-05-02T14:30:00+02:00,0.0
2026-05-02T14:45:00+02:00,0.0
2026-05-02T15:00:00+02:00,0.0
2026-05-02T15:15:00+02:00,0.0
2026-05-02T15:30:00+02:00,0.0
2026-05-02T15:45:00+02:00,0.0
2026-05-02T16:00:00+02:00,0.0
2026-05-02T16:15:00+02:00,0.0
2026-05-02T16:30:00+02:00,0.0
2026-05-02T16:45:00+02:00,0.0
2026-05-02T17:00:00+02:00,0.0
2026-05-02T17:15:00+02:00,0.0
2026-05-02T17:30:00+02:00,0.0
2026-05-02T17:45:00+02:00,0.0
2026-05-02T18:00:00+02:00,0.0
2026-05-02T18:15:00+02:00,0.0
2026-05-02T18:30:00+02:00,0.0
2026-05-02T18:45:00+02:00,0.0
2026-05-02T19:00:00+02:00,0.0
2026-05-02T19:15:00+02:00,0.0
2026-05-02T19:30:00+02:00,0.0
2026-05-02T19:45:00+02:00,0.0
2026-05-02T20:00:00+02:00,0.0
2026-05-02T20:15:00+02:00,0.0
2026-05-02T20:30:00+02:00,0.0
2026-05-02T20:45:00+02:00,0.0
2026-05-02T21:00:00+02:00,0.0
2026-05-02T21:15:00+02:00,0.0
2026-05-02T21:30:00+02:00,0.0
2026-05-02T21:45:00+02:00,0.0
2026-05-02T22:00:00+02:00,0.0
2026-05-02T22:15:00+02:00,0.0
2026-05-02T22:30:00+02:00,0.0
2026-05-02T22:45:00+02:00,0.0
2026-05-02T23:00:00+02:00,0.0
2026-05-02T23:15:00+02:00,0.0
2026-05-02T23:30:00+02:00,0.0
2026-05-02T23:45:00+02:00,0.0
2026-05-03T00:00:00+02:00,0.0
2026-05-03T00:15:00+02:00,0.0
2026-05-03T00:30:00+02:00,0.0
2026-05-03T00:45:00+02:00,0.0
2026-05-03T01:00:00+02:00,0.0
2026-05-03T01:15:00+02:00,0.0
2026-05-03T01:30:00+02:00,0.0
2026-05-03T01:45:00+02:00,0.0
2026-05-03T02:00:00+02:00,0.0
2026-05-03T02:15:00+02:00,0.0
2026-05-03T02:30:00+02:00,0.0
2026-05-03T02:45:00+02:00,0.0
2026-05-03T03:00:00+02:00,0.0
2026-05-03T03:15:00+02:00,0.0
2026-05-03T03:30:00+02:00,0.0
2026-05-03T03:45:00+02:00,0.0
2026-05-03T04:00:00+02:00,0.0
2026-05-03T04:15:00+02:00,0.0
2026-05-03T04:30:00+02:00,0.0
2026-05-03T04:45:00+02:00,0.0
2026-05-03T05:00:00+02:00,0.0
2026-05-03T05:15:00+02:00,0.0
2026-05-03T05:30:00+02:00,0.0
2026-05-03T05:45:00+02:00,0.0
2026-05-03T06:00:00+02:00,0.0
2026-05-03T06:15:00+02:00,0.0
2026-05-03T06:30:00+02:00,0.0
2026-05-03T06:45:00+02:00,0.0
2026-05-03T07:00:00+02:00,0.0
2026-05-03T07:15:00+02:00,0.0
2026-05-03T07:30:00+02:00,0.0
2026-05-03T07:45:00+02:00,0.0
2026-05-03T08:00:00+02:00,0.0
2026-05-03T08:15:00+02:00,0.0
2026-05-03T08:30:00+02:00,0.0
2026-05-03T08:45:00+02:00,0.0
2026-05-03T09:00:00+02:00,0.0
2026-05-03T09:15:00+02:00,0.0
2026-05-03T09:30:00+02:00,0.0
2026-05-03T09:45:00+02:00,0.0
2026-05-03T10:00:00+02:00,0.0
2026-05-03T10:15:00+02:00,0.0
2026-05-03T10:30:00+02:00,0.0
2026-05-03T10:45:00+02:00,0.0
2026-05-03T11:00:00+02:00,0.0
2026-05-03T11:15:00+02:00,0.0
2026-05-03T11:30:00+02:00,0.0
2026-05-03T11:45:00+02:00,0.0
2026-05-03T12:00:00+02:00,0.0
2026-05-03T12:15:00+02:00,0.0
2026-05-03T12:30:00+02:00,0.0
2026-05-03T12:45:00+02:00,0.0
2026-05-03T13:00:00+02:00,0.0
2026-05-03T13:15:00+02:00,0.0
2026-05-03T13:30:00+02:00,0.0
2026-05-03T13:45:00+02:00,0.0
2026-05-03T14:00:00+02:00,0.0
2026-05-03T14:15:00+02:00,0.0
2026-05-03T14:30:00+02:00,0.0
2026-05-03T14:45:00+02:00,0.0
2026-05-03T15:00:00+02:00,0.0
2026-05-03T15:15:00+02:00,0.0
2026-05-03T15:30:00+02:00,0.0
2026-05-03T15:45:00+02:00,0.0
2026-05-03T16:00:00+02:00,0.0
2026-05-03T16:15:00+02:00,0.0
2026-05-03T16:30:00+02:00,0.0
2026-05-03T16:45:00+02:00,0.0
2026-05-03T17:00:00+02:00,0.0
2026-05-03T17:15:00+02:00,0.0
2026-05-03T17:30:00+02:00,0.0
2026-05-03T17:45:00+02:00,0.0
2026-05-03T18:00:00+02:00,0.0
2026-05-03T18:15:00+02:00,0.0
2026-05-03T18:30:00+02:00,0.0
2026-05-03T18:45:00+02:00,0.0
2026-05-03T19:00:00+02:00,0.0
2026-05-03T19:15:00+02:00,0.0
2026-05-03T19:30:00+02:00,0.0
2026-05-03T19:45:00+02:00,0.0
2026-05-03T20:00:00+02:00,0.0
2026-05-03T20:15:00+02:00,0.0
2026-05-03T20:30:00+02:00,0.0
2026-05-03T20:45:00+02:00,0.0
2026-05-03T21:00:00+02:00,0.0
2026-05-03T21:15:00+02:00,0.0
2026-05-03T21:30:00+02:00,0.0
2026-05-03T21:45:00+02:00,0.0
2026-05-03T22:00:00+02:00,0.0
2026-05-03T22:15:00+02:00,0.0
2026-05-03T22:30:00+02:00,0.0
2026-05-03T22:45:00+02:00,0.0
2026-05-03T23:00:00+02:00,0.0
2026-05-03T23:15:00+02:00,0.0
2026-05-03T23:30:00+02:00,0.0
2026-05-03T23:45:00+02:00,0.0
2026-05-04T00:00:00+02:00,0.0
2026-05-04T00:15:00+02:00,0.0
2026-05-04T00:30:00+02:00,0.404
2026-05-04T00:45:00+02:00,0.0
2026-05-04T01:00:00+02:00,1.3213
2026-05-04T01:15:00+02:00,1.113828
2026-05-04T01:30:00+02:00,1.039312
2026-05-04T01:45:00+02:00,0.30956
2026-05-04T02:00:00+02:00,0.0
2026-05-04T02:15:00+02:00,0.0
2026-05-04T02:30:00+02:00,0.0
2026-05-04T02:45:00+02:00,0.75636
2026-05-04T03:00:00+02:00,0.86182
2026-05-04T03:15:00+02:00,0.4873
2026-05-04T03:30:00+02:00,0.93388
2026-05-04T03:45:00+02:00,1.122883
2026-05-04T04:00:00+02:00,1.297377
2026-05-04T04:15:00+02:00,2.03276
2026-05-04T04:30:00+02:00,0.62892
2026-05-04T04:45:00+02:00,2.368517
2026-05-04T05:00:00+02:00,1.554183
2026-05-04T05:15:00+02:00,0.36672
2026-05-04T05:30:00+02:00,1.868175
2026-05-04T05:45:00+02:00,1.895769
2026-05-04T06:00:00+02:00,1.784896
2026-05-04T06:15:00+02:00,2.07108
2026-05-04T06:30:00+02:00,3.862068
2026-05-04T06:45:00+02:00,6.038572
2026-05-04T07:00:00+02:00,5.87562
2026-05-04T07:15:00+02:00,5.994185
2026-05-04T07:30:00+02:00,6.012735
2026-05-04T07:45:00+02:00,6.01364
2026-05-04T08:00:00+02:00,6.01036
2026-05-04T08:15:00+02:00,5.99454
2026-05-04T08:30:00+02:00,6.01746
2026-05-04T08:45:00+02:00,6.00218
2026-05-04T09:00:00+02:00,6.01346
2026-05-04T09:15:00+02:00,6.00654
2026-05-04T09:30:00+02:00,6.00218
2026-05-04T09:45:00+02:00,5.8985
2026-05-04T10:00:00+02:00,5.730946
2026-05-04T10:15:00+02:00,6.020014
2026-05-04T10:30:00+02:00,5.99854
2026-05-04T10:45:00+02:00,5.999091
2026-05-04T11:00:00+02:00,6.016549
2026-05-04T11:15:00+02:00,5.99072
2026-05-04T11:30:00+02:00,6.006601
2026-05-04T11:45:00+02:00,5.955803
2026-05-04T12:00:00+02:00,5.644795
2026-05-04T12:15:00+02:00,5.3712
2026-05-04T12:30:00+02:00,3.913935
2026-05-04T12:45:00+02:00,2.945625
2026-05-04T13:00:00+02:00,2.99032
2026-05-04T13:15:00+02:00,3.915872
2026-05-04T13:30:00+02:00,5.048148
2026-05-04T13:45:00+02:00,5.002534
2026-05-04T14:00:00+02:00,5.663106
2026-05-04T14:15:00+02:00,5.90242
2026-05-04T14:30:00+02:00,5.98346
2026-05-04T14:45:00+02:00,5.981657
2026-05-04T15:00:00+02:00,5.998343
2026-05-04T15:15:00+02:00,5.99182
2026-05-04T15:30:00+02:00,5.994609
2026-05-04T15:45:00+02:00,5.997271
2026-05-04T16:00:00+02:00,5.98758
2026-05-04T16:15:00+02:00,6.00054
2026-05-04T16:30:00+02:00,5.964915
2026-05-04T16:45:00+02:00,5.998725
2026-05-04T17:00:00+02:00,5.98454
2026-05-04T17:15:00+02:00,6.0071
2026-05-04T17:30:00+02:00,5.97944
2026-05-04T17:45:00+02:00,5.9891
2026-05-04T18:00:00+02:00,5.97818
2026-05-04T18:15:00+02:00,5.983837
2026-05-04T18:30:00+02:00,5.981243
2026-05-04T18:45:00+02:00,5.80902
2026-05-04T19:00:00+02:00,6.074129
2026-05-04T19:15:00+02:00,6.010372
2026-05-04T19:30:00+02:00,5.978119
2026-05-04T19:45:00+02:00,5.98528
2026-05-04T20:00:00+02:00,5.988181
2026-05-04T20:15:00+02:00,5.995999
2026-05-04T20:30:00+02:00,5.97418
2026-05-04T20:45:00+02:00,5.990918
2026-05-04T21:00:00+02:00,5.997442
2026-05-04T21:15:00+02:00,5.971303
2026-05-04T21:30:00+02:00,5.986517
2026-05-04T21:45:00+02:00,5.98364
2026-05-04T22:00:00+02:00,5.181796
2026-05-04T22:15:00+02:00,4.142405
2026-05-04T22:30:00+02:00,4.631659
2026-05-04T22:45:00+02:00,5.00596
2026-05-04T23:00:00+02:00,5.987158
2026-05-04T23:15:00+02:00,5.849393
2026-05-04T23:30:00+02:00,5.887709
2026-05-04T23:45:00+02:00,4.30354
2026-05-05T00:00:00+02:00,4.32182
2026-05-05T00:15:00+02:00,4.6424
2026-05-05T00:30:00+02:00,5.400852
2026-05-05T00:45:00+02:00,5.828948
2026-05-05T01:00:00+02:00,5.23396
2026-05-05T01:15:00+02:00,2.263651
2026-05-05T01:30:00+02:00,0.038389
2026-05-05T01:45:00+02:00,0.0
2026-05-05T02:00:00+02:00,0.0
2026-05-05T02:15:00+02:00,0.0
2026-05-05T02:30:00+02:00,0.0
2026-05-05T02:45:00+02:00,0.932007
2026-05-05T03:00:00+02:00,4.436873
2026-05-05T03:15:00+02:00,4.44398
2026-05-05T03:30:00+02:00,5.5795
2026-05-05T03:45:00+02:00,5.98418
2026-05-05T04:00:00+02:00,5.302672
2026-05-05T04:15:00+02:00,5.075248
2026-05-05T04:30:00+02:00,5.56346
2026-05-05T04:45:00+02:00,5.305987
2026-05-05T05:00:00+02:00,5.927373
2026-05-05T05:15:00+02:00,5.12248
2026-05-05T05:30:00+02:00,5.41878
2026-05-05T05:45:00+02:00,5.1337
2026-05-05T06:00:00+02:00,6.04686
2026-05-05T06:15:00+02:00,6.00708
2026-05-05T06:30:00+02:00,5.833075
2026-05-05T06:45:00+02:00,5.806565
2026-05-05T07:00:00+02:00,6.00418
2026-05-05T07:15:00+02:00,6.00764
2026-05-05T07:30:00+02:00,5.999986
2026-05-05T07:45:00+02:00,6.031474
2026-05-05T08:00:00+02:00,6.01254
2026-05-05T08:15:00+02:00,6.005631
2026-05-05T08:30:00+02:00,6.008549
2026-05-05T08:45:00+02:00,6.00982
2026-05-05T09:00:00+02:00,6.01454
2026-05-05T09:15:00+02:00,6.04748
2026-05-05T09:30:00+02:00,6.037874
2026-05-05T09:45:00+02:00,4.604713
2026-05-05T10:00:00+02:00,2.629973
2026-05-05T10:15:00+02:00,3.43898
2026-05-05T10:30:00+02:00,5.092242
2026-05-05T10:45:00+02:00,5.869398
2026-05-05T11:00:00+02:00,5.78298
2026-05-05T11:15:00+02:00,6.003451
2026-05-05T11:30:00+02:00,6.018369
2026-05-05T11:45:00+02:00,6.0311
2026-05-05T12:00:00+02:00,4.75426
2026-05-05T12:15:00+02:00,5.68854
2026-05-05T12:30:00+02:00,5.4006
2026-05-05T12:45:00+02:00,5.06744
2026-05-05T13:00:00+02:00,5.388922
2026-05-05T13:15:00+02:00,5.56726
2026-05-05T13:30:00+02:00,4.950257
2026-05-05T13:45:00+02:00,4.866
2026-05-05T14:00:00+02:00,4.610741
2026-05-05T14:15:00+02:00,5.557619
2026-05-05T14:30:00+02:00,6.004164
2026-05-05T14:45:00+02:00,6.001456
2026-05-05T15:00:00+02:00,6.00764
2026-05-05T15:15:00+02:00,5.99419
2026-05-05T15:30:00+02:00,6.07455
2026-05-05T15:45:00+02:00,6.00816
2026-05-05T16:00:00+02:00,5.8911
2026-05-05T16:15:00+02:00,5.99419
2026-05-05T16:30:00+02:00,6.00799
2026-05-05T16:45:00+02:00,6.00982
2026-05-05T17:00:00+02:00,6.000966
2026-05-05T17:15:00+02:00,6.010914
2026-05-05T17:30:00+02:00,6.001941
2026-05-05T17:45:00+02:00,6.018
2026-05-05T18:00:00+02:00,5.992533
2026-05-05T18:15:00+02:00,6.019467
2026-05-05T18:30:00+02:00,5.91026
2026-05-05T18:45:00+02:00,5.20232
2026-05-05T19:00:00+02:00,5.34744
2026-05-05T19:15:00+02:00,4.1852
2026-05-05T19:30:00+02:00,3.10026
2026-05-05T19:45:00+02:00,4.54266
2026-05-05T20:00:00+02:00,5.38984
2026-05-05T20:15:00+02:00,5.54656
2026-05-05T20:30:00+02:00,5.730423
2026-05-05T20:45:00+02:00,6.005457
2026-05-05T21:00:00+02:00,5.99612
2026-05-05T21:15:00+02:00,5.98854
2026-05-05T21:30:00+02:00,5.746512
2026-05-05T21:45:00+02:00,5.706708
2026-05-05T22:00:00+02:00,5.73142
2026-05-05T22:15:00+02:00,4.646221
2026-05-05T22:30:00+02:00,3.306699
2026-05-05T22:45:00+02:00,2.80284
2026-05-05T23:00:00+02:00,3.88494
2026-05-05T23:15:00+02:00,3.44874
2026-05-05T23:30:00+02:00,2.713806
2026-05-05T23:45:00+02:00,4.972449
2026-05-06T00:00:00+02:00,4.829105
2026-05-06T00:15:00+02:00,4.53076
2026-05-06T00:30:00+02:00,5.782372
2026-05-06T00:45:00+02:00,5.038728
2026-05-06T01:00:00+02:00,5.651415
2026-05-06T01:15:00+02:00,5.646125
2026-05-06T01:30:00+02:00,5.44376
2026-05-06T01:45:00+02:00,5.55436
2026-05-06T02:00:00+02:00,4.6222
2026-05-06T02:15:00+02:00,0.5123
2026-05-06T02:30:00+02:00,0.0
2026-05-06T02:45:00+02:00,3.663092
2026-05-06T03:00:00+02:00,5.123308
2026-05-06T03:15:00+02:00,3.32298
2026-05-06T03:30:00+02:00,3.3162
2026-05-06T03:45:00+02:00,5.43938
2026-05-06T04:00:00+02:00,5.37212
2026-05-06T04:15:00+02:00,5.102181
2026-05-06T04:30:00+02:00,5.630859
2026-05-06T04:45:00+02:00,5.79982
2026-05-06T05:00:00+02:00,5.46188
2026-05-06T05:15:00+02:00,5.42892
2026-05-06T05:30:00+02:00,5.96616
2026-05-06T05:45:00+02:00,5.99292
2026-05-06T06:00:00+02:00,5.999335
2026-05-06T06:15:00+02:00,6.000545
2026-05-06T06:30:00+02:00,6.022121
2026-05-06T06:45:00+02:00,6.01746
2026-05-06T07:00:00+02:00,5.9989
2026-05-06T07:15:00+02:00,5.99782
2026-05-06T07:30:00+02:00,6.00328
2026-05-06T07:45:00+02:00,6.013805
2026-05-06T08:00:00+02:00,5.901715
2026-05-06T08:15:00+02:00,5.87302
2026-05-06T08:30:00+02:00,6.01036
2026-05-06T08:45:00+02:00,6.00546
2026-05-06T09:00:00+02:00,5.99818
2026-05-06T09:15:00+02:00,6.006
2026-05-06T09:30:00+02:00,5.61688
2026-05-06T09:45:00+02:00,5.23716
2026-05-06T10:00:00+02:00,5.78942
2026-05-06T10:15:00+02:00,6.02018
2026-05-06T10:30:00+02:00,6.01035
2026-05-06T10:45:00+02:00,5.69313
2026-05-06T11:00:00+02:00,4.47508
2026-05-06T11:15:00+02:00,5.17134
2026-05-06T11:30:00+02:00,5.68734
2026-05-06T11:45:00+02:00,5.45108
2026-05-06T12:00:00+02:00,6.01986
2026-05-06T12:15:00+02:00,6.01964
2026-05-06T12:30:00+02:00,6.043495
2026-05-06T12:45:00+02:00,4.340617
2026-05-06T13:00:00+02:00,1.817848
2026-05-06T13:15:00+02:00,4.44292
2026-05-06T13:30:00+02:00,4.920234
2026-05-06T13:45:00+02:00,3.632886
2026-05-06T14:00:00+02:00,0.95886
2026-05-06T14:15:00+02:00,3.59544
2026-05-06T14:30:00+02:00,6.049842
2026-05-06T14:45:00+02:00,4.319578
2026-05-06T15:00:00+02:00,5.20482
2026-05-06T15:15:00+02:00,5.622087
2026-05-06T15:30:00+02:00,6.068113
2026-05-06T15:45:00+02:00,5.92466
2026-05-06T16:00:00+02:00,6.07314
2026-05-06T16:15:00+02:00,6.00982
2026-05-06T16:30:00+02:00,6.01018
2026-05-06T16:45:00+02:00,6.00218
2026-05-06T17:00:00+02:00,5.960421
2026-05-06T17:15:00+02:00,4.040679
2026-05-06T17:30:00+02:00,5.38472
2026-05-06T17:45:00+02:00,6.0442
2026-05-06T18:00:00+02:00,4.88552
2026-05-06T18:15:00+02:00,5.48024
2026-05-06T18:30:00+02:00,5.81784
2026-05-06T18:45:00+02:00,5.5752
2026-05-06T19:00:00+02:00,5.749682
2026-05-06T19:15:00+02:00,5.888115
2026-05-06T19:30:00+02:00,6.012302
2026-05-06T19:45:00+02:00,5.87938
2026-05-06T20:00:00+02:00,6.02934
2026-05-06T20:15:00+02:00,6.012
2026-05-06T20:30:00+02:00,6.02146
2026-05-06T20:45:00+02:00,6.02236
2026-05-06T21:00:00+02:00,6.01
2026-05-06T21:15:00+02:00,6.007811
2026-05-06T21:30:00+02:00,6.034009
2026-05-06T21:45:00+02:00,6.02018
2026-05-06T22:00:00+02:00,4.10666
2026-05-06T22:15:00+02:00,0.79788
2026-05-06T22:30:00+02:00,1.08108
2026-05-06T22:45:00+02:00,4.16756
2026-05-06T23:00:00+02:00,4.417504
2026-05-06T23:15:00+02:00,3.661136
2026-05-06T23:30:00+02:00,3.741849
2026-05-06T23:45:00+02:00,4.575331
2026-05-07T00:00:00+02:00,5.15638
2026-05-07T00:15:00+02:00,5.43224
2026-05-07T00:30:00+02:00,5.186081
2026-05-07T00:45:00+02:00,5.626019
2026-05-07T01:00:00+02:00,4.18102
2026-05-07T01:15:00+02:00,4.559038
2026-05-07T01:30:00+02:00,5.323837
2026-05-07T01:45:00+02:00,5.481745
2026-05-07T02:00:00+02:00,4.20474
2026-05-07T02:15:00+02:00,0.10044
2026-05-07T02:30:00+02:00,0.0
2026-05-07T02:45:00+02:00,3.40364
2026-05-07T03:00:00+02:00,6.009445
2026-05-07T03:15:00+02:00,5.210135
2026-05-07T03:30:00+02:00,6.04756
2026-05-07T03:45:00+02:00,4.95142
2026-05-07T04:00:00+02:00,5.392575
2026-05-07T04:15:00+02:00,6.009525
2026-05-07T04:30:00+02:00,6.01538
2026-05-07T04:45:00+02:00,4.90006
2026-05-07T05:00:00+02:00,4.092166
2026-05-07T05:15:00+02:00,5.338153
2026-05-07T05:30:00+02:00,3.6149
2026-05-07T05:45:00+02:00,3.552482
2026-05-07T06:00:00+02:00,2.009638
2026-05-07T06:15:00+02:00,1.46852
2026-05-07T06:30:00+02:00,0.525878
2026-05-07T06:45:00+02:00,1.435062
2026-05-07T07:00:00+02:00,2.8674
2026-05-07T07:15:00+02:00,5.61592
2026-05-07T07:30:00+02:00,5.929068
2026-05-07T07:45:00+02:00,4.001381
2026-05-07T08:00:00+02:00,5.316749
2026-05-07T08:15:00+02:00,5.608262
2026-05-07T08:30:00+02:00,5.78928
2026-05-07T08:45:00+02:00,5.143721
2026-05-07T09:00:00+02:00,5.574179
2026-05-07T09:15:00+02:00,4.96606
2026-05-07T09:30:00+02:00,4.065503
2026-05-07T09:45:00+02:00,2.453817
2026-05-07T10:00:00+02:00,3.336652
2026-05-07T10:15:00+02:00,4.632748
2026-05-07T10:30:00+02:00,4.72824
2026-05-07T10:45:00+02:00,6.01596
2026-05-07T11:00:00+02:00,6.05726
2026-05-07T11:15:00+02:00,5.85872
2026-05-07T11:30:00+02:00,5.28838
2026-05-07T11:45:00+02:00,5.834153
2026-05-07T12:00:00+02:00,6.080587
2026-05-07T12:15:00+02:00,6.02158
2026-05-07T12:30:00+02:00,5.8325
2026-05-07T12:45:00+02:00,3.28608
2026-05-07T13:00:00+02:00,1.325829
2026-05-07T13:15:00+02:00,2.366971
2026-05-07T13:30:00+02:00,5.6932
2026-05-07T13:45:00+02:00,6.015683
2026-05-07T14:00:00+02:00,5.906145
2026-05-07T14:15:00+02:00,6.027306
2026-05-07T14:30:00+02:00,6.09222
2026-05-07T14:45:00+02:00,5.673207
2026-05-07T15:00:00+02:00,5.84908
2026-05-07T15:15:00+02:00,5.84602
2026-05-07T15:30:00+02:00,5.84878
2026-05-07T15:45:00+02:00,5.376483
2026-05-07T16:00:00+02:00,5.314857
2026-05-07T16:15:00+02:00,3.0137
2026-05-07T16:30:00+02:00,1.221627
2026-05-07T16:45:00+02:00,1.325393
2026-05-07T17:00:00+02:00,1.202061
2026-05-07T17:15:00+02:00,3.510039
2026-05-07T17:30:00+02:00,5.3355
2026-05-07T17:45:00+02:00,3.842381
2026-05-07T18:00:00+02:00,5.540525
2026-05-07T18:15:00+02:00,4.246834
2026-05-07T18:30:00+02:00,4.478
2026-05-07T18:45:00+02:00,5.07534
2026-05-07T19:00:00+02:00,2.76734
2026-05-07T19:15:00+02:00,4.26632
2026-05-07T19:30:00+02:00,5.31332
2026-05-07T19:45:00+02:00,4.9666
2026-05-07T20:00:00+02:00,5.219339
2026-05-07T20:15:00+02:00,5.073021
2026-05-07T20:30:00+02:00,5.43842
2026-05-07T20:45:00+02:00,5.125677
2026-05-07T21:00:00+02:00,4.197028
2026-05-07T21:15:00+02:00,2.995504
2026-05-07T21:30:00+02:00,1.968356
2026-05-07T21:45:00+02:00,2.577335
2026-05-07T22:00:00+02:00,1.46218
2026-05-07T22:15:00+02:00,2.072805
2026-05-07T22:30:00+02:00,2.636315
2026-05-07T22:45:00+02:00,0.76446
2026-05-07T23:00:00+02:00,2.358596
2026-05-07T23:15:00+02:00,1.423464
2026-05-07T23:30:00+02:00,0.218
2026-05-07T23:45:00+02:00,0.388
2026-05-08T00:00:00+02:00,0.084033
2026-05-08T00:15:00+02:00,0.707967
2026-05-08T00:30:00+02:00,1.2988
2026-05-08T00:45:00+02:00,1.889701
2026-05-08T01:00:00+02:00,2.529639
2026-05-08T01:15:00+02:00,2.3203
2026-05-08T01:30:00+02:00,0.30956
2026-05-08T01:45:00+02:00,1.656521
2026-05-08T02:00:00+02:00,1.493319
2026-05-08T02:15:00+02:00,0.40216
2026-05-08T02:30:00+02:00,0.0
2026-05-08T02:45:00+02:00,0.0
2026-05-08T03:00:00+02:00,0.0
2026-05-08T03:15:00+02:00,0.170795
2026-05-08T03:30:00+02:00,2.222006
2026-05-08T03:45:00+02:00,2.959739
2026-05-08T04:00:00+02:00,1.39236
2026-05-08T04:15:00+02:00,1.471027
2026-05-08T04:30:00+02:00,1.784673
2026-05-08T04:45:00+02:00,0.95562
2026-05-08T05:00:00+02:00,2.743893
2026-05-08T05:15:00+02:00,2.972007
2026-05-08T05:30:00+02:00,1.96324
2026-05-08T05:45:00+02:00,3.83808
2026-05-08T06:00:00+02:00,4.823239
2026-05-08T06:15:00+02:00,5.655221
2026-05-08T06:30:00+02:00,5.71584
2026-05-08T06:45:00+02:00,5.612866
2026-05-08T07:00:00+02:00,5.758813
2026-05-08T07:15:00+02:00,4.460901
2026-05-08T07:30:00+02:00,3.63172
2026-05-08T07:45:00+02:00,4.354878
2026-05-08T08:00:00+02:00,3.172702
2026-05-08T08:15:00+02:00,2.17196
2026-05-08T08:30:00+02:00,3.31468
2026-05-08T08:45:00+02:00,3.36122
2026-05-08T09:00:00+02:00,1.860367
2026-05-08T09:15:00+02:00,0.787773
2026-05-08T09:30:00+02:00,1.23004
2026-05-08T09:45:00+02:00,0.766114
2026-05-08T10:00:00+02:00,2.088894
2026-05-08T10:15:00+02:00,2.456392
2026-05-08T10:30:00+02:00,4.07864
2026-05-08T10:45:00+02:00,4.89842
2026-05-08T11:00:00+02:00,3.99244
2026-05-08T11:15:00+02:00,3.5175
2026-05-08T11:30:00+02:00,3.5203
2026-05-08T11:45:00+02:00,5.00602
2026-05-08T12:00:00+02:00,5.329999
2026-05-08T12:15:00+02:00,4.479761
2026-05-08T12:30:00+02:00,5.2238
2026-05-08T12:45:00+02:00,4.421824
2026-05-08T13:00:00+02:00,4.118403
2026-05-08T13:15:00+02:00,4.145593
2026-05-08T13:30:00+02:00,5.23066
2026-05-08T13:45:00+02:00,4.928815
2026-05-08T14:00:00+02:00,3.607345
2026-05-08T14:15:00+02:00,3.632695
2026-05-08T14:30:00+02:00,4.705305
2026-05-08T14:45:00+02:00,4.925039
2026-05-08T15:00:00+02:00,5.401021
2026-05-08T15:15:00+02:00,5.0962
2026-05-08T15:30:00+02:00,4.575406
2026-05-08T15:45:00+02:00,3.715014
2026-05-08T16:00:00+02:00,4.81148
2026-05-08T16:15:00+02:00,5.383609
2026-05-08T16:30:00+02:00,4.454031
2026-05-08T16:45:00+02:00,5.084119
2026-05-08T17:00:00+02:00,5.13922
2026-05-08T17:15:00+02:00,5.514043
2026-05-08T17:30:00+02:00,5.252057
2026-05-08T17:45:00+02:00,5.79382
2026-05-08T18:00:00+02:00,6.01582
2026-05-08T18:15:00+02:00,6.0482
2026-05-08T18:30:00+02:00,6.02834
2026-05-08T18:45:00+02:00,5.98432
2026-05-08T19:00:00+02:00,6.0088
2026-05-08T19:15:00+02:00,5.94826
2026-05-08T19:30:00+02:00,5.18482
2026-05-08T19:45:00+02:00,5.99404
2026-05-08T20:00:00+02:00,5.587473
2026-05-08T20:15:00+02:00,4.696967
2026-05-08T20:30:00+02:00,4.6058
2026-05-08T20:45:00+02:00,5.077894
2026-05-08T21:00:00+02:00,5.257486
2026-05-08T21:15:00+02:00,4.78478
2026-05-08T21:30:00+02:00,2.86532
2026-05-08T21:45:00+02:00,0.62804
2026-05-08T22:00:00+02:00,0.0
2026-05-08T22:15:00+02:00,0.0
2026-05-08T22:30:00+02:00,0.0
2026-05-08T22:45:00+02:00,0.0
2026-05-08T23:00:00+02:00,0.0
2026-05-08T23:15:00+02:00,0.0
2026-05-08T23:30:00+02:00,0.0
2026-05-08T23:45:00+02:00,0.0
2026-05-09T00:00:00+02:00,0.0
2026-05-09T00:15:00+02:00,0.0
2026-05-09T00:30:00+02:00,0.0
2026-05-09T00:45:00+02:00,0.0
2026-05-09T01:00:00+02:00,0.0
2026-05-09T01:15:00+02:00,0.0
2026-05-09T01:30:00+02:00,0.0
2026-05-09T01:45:00+02:00,0.0
2026-05-09T02:00:00+02:00,0.0
2026-05-09T02:15:00+02:00,0.0
2026-05-09T02:30:00+02:00,0.0
2026-05-09T02:45:00+02:00,0.0
2026-05-09T03:00:00+02:00,0.0
2026-05-09T03:15:00+02:00,0.0
2026-05-09T03:30:00+02:00,0.0
2026-05-09T03:45:00+02:00,0.0
2026-05-09T04:00:00+02:00,0.0
2026-05-09T04:15:00+02:00,0.0
2026-05-09T04:30:00+02:00,0.0
2026-05-09T04:45:00+02:00,0.0
2026-05-09T05:00:00+02:00,0.0
2026-05-09T05:15:00+02:00,0.0
2026-05-09T05:30:00+02:00,0.0
2026-05-09T05:45:00+02:00,0.0
2026-05-09T06:00:00+02:00,0.0
2026-05-09T06:15:00+02:00,0.0
2026-05-09T06:30:00+02:00,0.0
2026-05-09T06:45:00+02:00,0.0
2026-05-09T07:00:00+02:00,0.0
2026-05-09T07:15:00+02:00,0.0
2026-05-09T07:30:00+02:00,0.0
2026-05-09T07:45:00+02:00,0.0
2026-05-09T08:00:00+02:00,0.0
2026-05-09T08:15:00+02:00,0.0
2026-05-09T08:30:00+02:00,0.0
2026-05-09T08:45:00+02:00,0.0
2026-05-09T09:00:00+02:00,0.0
2026-05-09T09:15:00+02:00,0.0
2026-05-09T09:30:00+02:00,0.0
2026-05-09T09:45:00+02:00,0.0
2026-05-09T10:00:00+02:00,0.0
2026-05-09T10:15:00+02:00,0.0
2026-05-09T10:30:00+02:00,0.0
2026-05-09T10:45:00+02:00,0.0
2026-05-09T11:00:00+02:00,0.0
2026-05-09T11:15:00+02:00,0.0
2026-05-09T11:30:00+02:00,0.0
2026-05-09T11:45:00+02:00,0.0
2026-05-09T12:00:00+02:00,0.0
2026-05-09T12:15:00+02:00,0.0
2026-05-09T12:30:00+02:00,0.0
2026-05-09T12:45:00+02:00,0.0
2026-05-09T13:00:00+02:00,0.0
2026-05-09T13:15:00+02:00,0.0
2026-05-09T13:30:00+02:00,0.0
2026-05-09T13:45:00+02:00,0.0
2026-05-09T14:00:00+02:00,0.0
2026-05-09T14:15:00+02:00,0.0
2026-05-09T14:30:00+02:00,0.0
2026-05-09T14:45:00+02:00,0.0
2026-05-09T15:00:00+02:00,0.0
2026-05-09T15:15:00+02:00,0.0
2026-05-09T15:30:00+02:00,0.0
2026-05-09T15:45:00+02:00,0.0
2026-05-09T16:00:00+02:00,0.0
2026-05-09T16:15:00+02:00,0.0
2026-05-09T16:30:00+02:00,0.0
2026-05-09T16:45:00+02:00,0.0
2026-05-09T17:00:00+02:00,0.0
2026-05-09T17:15:00+02:00,0.0
2026-05-09T17:30:00+02:00,0.0
2026-05-09T17:45:00+02:00,0.0
2026-05-09T18:00:00+02:00,0.0
2026-05-09T18:15:00+02:00,0.0
2026-05-09T18:30:00+02:00,0.0
2026-05-09T18:45:00+02:00,0.0
2026-05-09T19:00:00+02:00,0.0
2026-05-09T19:15:00+02:00,0.0
2026-05-09T19:30:00+02:00,0.0
2026-05-09T19:45:00+02:00,0.0
2026-05-09T20:00:00+02:00,0.0
2026-05-09T20:15:00+02:00,0.0
2026-05-09T20:30:00+02:00,0.0
2026-05-09T20:45:00+02:00,0.0
2026-05-09T21:00:00+02:00,0.0
2026-05-09T21:15:00+02:00,0.0
2026-05-09T21:30:00+02:00,0.0
2026-05-09T21:45:00+02:00,0.0
2026-05-09T22:00:00+02:00,0.0
2026-05-09T22:15:00+02:00,0.0
2026-05-09T22:30:00+02:00,0.0
2026-05-09T22:45:00+02:00,0.0
2026-05-09T23:00:00+02:00,0.0
2026-05-09T23:15:00+02:00,0.0
2026-05-09T23:30:00+02:00,0.0
2026-05-09T23:45:00+02:00,0.0
2026-05-10T00:00:00+02:00,0.0
2026-05-10T00:15:00+02:00,0.0
2026-05-10T00:30:00+02:00,0.0
2026-05-10T00:45:00+02:00,0.0
2026-05-10T01:00:00+02:00,0.0
2026-05-10T01:15:00+02:00,0.0
2026-05-10T01:30:00+02:00,0.0
2026-05-10T01:45:00+02:00,0.0
2026-05-10T02:00:00+02:00,0.0
2026-05-10T02:15:00+02:00,0.0
2026-05-10T02:30:00+02:00,0.0
2026-05-10T02:45:00+02:00,0.0
2026-05-10T03:00:00+02:00,0.0
2026-05-10T03:15:00+02:00,0.0
2026-05-10T03:30:00+02:00,0.0
2026-05-10T03:45:00+02:00,0.0
2026-05-10T04:00:00+02:00,0.0
2026-05-10T04:15:00+02:00,0.0
2026-05-10T04:30:00+02:00,0.0
2026-05-10T04:45:00+02:00,0.0
2026-05-10T05:00:00+02:00,0.0
2026-05-10T05:15:00+02:00,0.0
2026-05-10T05:30:00+02:00,0.0
2026-05-10T05:45:00+02:00,0.0
2026-05-10T06:00:00+02:00,0.0
2026-05-10T06:15:00+02:00,0.0
2026-05-10T06:30:00+02:00,0.0
2026-05-10T06:45:00+02:00,0.0
2026-05-10T07:00:00+02:00,0.0
2026-05-10T07:15:00+02:00,0.0
2026-05-10T07:30:00+02:00,0.0
2026-05-10T07:45:00+02:00,0.0
2026-05-10T08:00:00+02:00,0.0
2026-05-10T08:15:00+02:00,0.0
2026-05-10T08:30:00+02:00,0.0
2026-05-10T08:45:00+02:00,0.0
2026-05-10T09:00:00+02:00,0.0
2026-05-10T09:15:00+02:00,0.0
2026-05-10T09:30:00+02:00,0.0
2026-05-10T09:45:00+02:00,0.0
2026-05-10T10:00:00+02:00,0.0
2026-05-10T10:15:00+02:00,0.0
2026-05-10T10:30:00+02:00,0.0
2026-05-10T10:45:00+02:00,0.0
2026-05-10T11:00:00+02:00,0.0
2026-05-10T11:15:00+02:00,0.0
2026-05-10T11:30:00+02:00,0.0
2026-05-10T11:45:00+02:00,0.0
2026-05-10T12:00:00+02:00,0.0
2026-05-10T12:15:00+02:00,0.0
2026-05-10T12:30:00+02:00,0.0
2026-05-10T12:45:00+02:00,0.0
2026-05-10T13:00:00+02:00,0.0
2026-05-10T13:15:00+02:00,0.0
2026-05-10T13:30:00+02:00,0.0
2026-05-10T13:45:00+02:00,0.0
2026-05-10T14:00:00+02:00,0.0
2026-05-10T14:15:00+02:00,0.0
2026-05-10T14:30:00+02:00,0.0
2026-05-10T14:45:00+02:00,0.0
2026-05-10T15:00:00+02:00,0.0
2026-05-10T15:15:00+02:00,0.0
2026-05-10T15:30:00+02:00,0.0
2026-05-10T15:45:00+02:00,0.0
2026-05-10T16:00:00+02:00,0.0
2026-05-10T16:15:00+02:00,0.0
2026-05-10T16:30:00+02:00,0.0
2026-05-10T16:45:00+02:00,0.0
2026-05-10T17:00:00+02:00,0.0
2026-05-10T17:15:00+02:00,0.0
2026-05-10T17:30:00+02:00,0.0
2026-05-10T17:45:00+02:00,0.0
2026-05-10T18:00:00+02:00,0.0
2026-05-10T18:15:00+02:00,0.0
2026-05-10T18:30:00+02:00,0.0
2026-05-10T18:45:00+02:00,0.0
2026-05-10T19:00:00+02:00,0.0
2026-05-10T19:15:00+02:00,0.0
2026-05-10T19:30:00+02:00,0.0
2026-05-10T19:45:00+02:00,0.0
2026-05-10T20:00:00+02:00,0.0
2026-05-10T20:15:00+02:00,0.0
2026-05-10T20:30:00+02:00,0.0
2026-05-10T20:45:00+02:00,0.0
2026-05-10T21:00:00+02:00,0.0
2026-05-10T21:15:00+02:00,0.0
2026-05-10T21:30:00+02:00,0.0
2026-05-10T21:45:00+02:00,0.0
2026-05-10T22:00:00+02:00,0.0
2026-05-10T22:15:00+02:00,0.0
2026-05-10T22:30:00+02:00,0.0
2026-05-10T22:45:00+02:00,0.0
2026-05-10T23:00:00+02:00,0.0
2026-05-10T23:15:00+02:00,0.13832
2026-05-10T23:30:00+02:00,1.72424
2026-05-10T23:45:00+02:00,1.50262
2026-05-11T00:00:00+02:00,0.54282
2026-05-11T00:15:00+02:00,0.35126
2026-05-11T00:30:00+02:00,1.98312
2026-05-11T00:45:00+02:00,3.299817
2026-05-11T01:00:00+02:00,0.853803
2026-05-11T01:15:00+02:00,2.12207
2026-05-11T01:30:00+02:00,1.98715
2026-05-11T01:45:00+02:00,0.51086
2026-05-11T02:00:00+02:00,1.19168
2026-05-11T02:15:00+02:00,0.03224
2026-05-11T02:30:00+02:00,0.0
2026-05-11T02:45:00+02:00,0.314336
2026-05-11T03:00:00+02:00,2.291333
2026-05-11T03:15:00+02:00,1.152671
2026-05-11T03:30:00+02:00,1.15664
2026-05-11T03:45:00+02:00,0.50502
2026-05-11T04:00:00+02:00,2.391132
2026-05-11T04:15:00+02:00,3.063248
2026-05-11T04:30:00+02:00,1.526
2026-05-11T04:45:00+02:00,0.01962
2026-05-11T05:00:00+02:00,0.0
2026-05-11T05:15:00+02:00,0.0
2026-05-11T05:30:00+02:00,0.0
2026-05-11T05:45:00+02:00,0.0
2026-05-11T06:00:00+02:00,0.82512
2026-05-11T06:15:00+02:00,2.686175
2026-05-11T06:30:00+02:00,2.273467
2026-05-11T06:45:00+02:00,3.712936
2026-05-11T07:00:00+02:00,4.253749
2026-05-11T07:15:00+02:00,4.312454
2026-05-11T07:30:00+02:00,5.21108
2026-05-11T07:45:00+02:00,5.826115
2026-05-11T08:00:00+02:00,5.991085
2026-05-11T08:15:00+02:00,5.94194
2026-05-11T08:30:00+02:00,5.972915
2026-05-11T08:45:00+02:00,5.745745
2026-05-11T09:00:00+02:00,4.22528
2026-05-11T09:15:00+02:00,5.477814
2026-05-11T09:30:00+02:00,6.019646
2026-05-11T09:45:00+02:00,3.939521
2026-05-11T10:00:00+02:00,5.05958
2026-05-11T10:15:00+02:00,5.19563
2026-05-11T10:30:00+02:00,4.44653
2026-05-11T10:45:00+02:00,5.95522
2026-05-11T11:00:00+02:00,5.993644
2026-05-11T11:15:00+02:00,5.949276
2026-05-11T11:30:00+02:00,6.02836
2026-05-11T11:45:00+02:00,6.014777
2026-05-11T12:00:00+02:00,6.018717
2026-05-11T12:15:00+02:00,6.026507
2026-05-11T12:30:00+02:00,6.021432
2026-05-11T12:45:00+02:00,4.696188
2026-05-11T13:00:00+02:00,3.6958
2026-05-11T13:15:00+02:00,5.5913
2026-05-11T13:30:00+02:00,6.00764
2026-05-11T13:45:00+02:00,5.997332
2026-05-11T14:00:00+02:00,6.010367
2026-05-11T14:15:00+02:00,5.909333
2026-05-11T14:30:00+02:00,4.901545
2026-05-11T14:45:00+02:00,5.964703
2026-05-11T15:00:00+02:00,5.69984
2026-05-11T15:15:00+02:00,5.974335
2026-05-11T15:30:00+02:00,5.983445
2026-05-11T15:45:00+02:00,5.27732
2026-05-11T16:00:00+02:00,4.940396
2026-05-11T16:15:00+02:00,5.806104
2026-05-11T16:30:00+02:00,5.974029
2026-05-11T16:45:00+02:00,5.887611
2026-05-11T17:00:00+02:00,5.79728
2026-05-11T17:15:00+02:00,5.845066
2026-05-11T17:30:00+02:00,5.662746
2026-05-11T17:45:00+02:00,5.997268
2026-05-11T18:00:00+02:00,4.7083
2026-05-11T18:15:00+02:00,3.583454
2026-05-11T18:30:00+02:00,5.023486
2026-05-11T18:45:00+02:00,0.8844
2026-05-11T19:00:00+02:00,1.208925
2026-05-11T19:15:00+02:00,2.997255
2026-05-11T19:30:00+02:00,5.7266
2026-05-11T19:45:00+02:00,4.570887
2026-05-11T20:00:00+02:00,5.24693
2026-05-11T20:15:00+02:00,3.726262
2026-05-11T20:30:00+02:00,5.73078
2026-05-11T20:45:00+02:00,5.844921
2026-05-11T21:00:00+02:00,5.606819
2026-05-11T21:15:00+02:00,3.004981
2026-05-11T21:30:00+02:00,3.289879
2026-05-11T21:45:00+02:00,0.45776
2026-05-11T22:00:00+02:00,0.0
2026-05-11T22:15:00+02:00,0.96592
2026-05-11T22:30:00+02:00,2.82334
2026-05-11T22:45:00+02:00,1.566554
2026-05-11T23:00:00+02:00,2.039772
2026-05-11T23:15:00+02:00,1.571414
2026-05-11T23:30:00+02:00,2.509
2026-05-11T23:45:00+02:00,1.71286
2026-05-12T00:00:00+02:00,2.81508
2026-05-12T00:15:00+02:00,1.35206
2026-05-12T00:30:00+02:00,0.0
2026-05-12T00:45:00+02:00,0.0
2026-05-12T01:00:00+02:00,0.0
2026-05-12T01:15:00+02:00,0.0
2026-05-12T01:30:00+02:00,1.23004
2026-05-12T01:45:00+02:00,1.94248
2026-05-12T02:00:00+02:00,1.93808
2026-05-12T02:15:00+02:00,0.0414
2026-05-12T02:30:00+02:00,0.0
2026-05-12T02:45:00+02:00,0.27482
2026-05-12T03:00:00+02:00,2.18952
2026-05-12T03:15:00+02:00,1.684688
2026-05-12T03:30:00+02:00,0.510972
2026-05-12T03:45:00+02:00,0.0
2026-05-12T04:00:00+02:00,0.0
2026-05-12T04:15:00+02:00,0.9464
2026-05-12T04:30:00+02:00,2.94046
2026-05-12T04:45:00+02:00,0.08514
2026-05-12T05:00:00+02:00,1.581356
2026-05-12T05:15:00+02:00,1.709924
2026-05-12T05:30:00+02:00,0.88072
2026-05-12T05:45:00+02:00,0.69706
2026-05-12T06:00:00+02:00,2.56922
2026-05-12T06:15:00+02:00,4.004111
2026-05-12T06:30:00+02:00,4.079749
2026-05-12T06:45:00+02:00,2.8273
2026-05-12T07:00:00+02:00,0.777043
2026-05-12T07:15:00+02:00,3.637177
2026-05-12T07:30:00+02:00,2.12326
2026-05-12T07:45:00+02:00,2.230904
2026-05-12T08:00:00+02:00,5.208741
2026-05-12T08:15:00+02:00,5.761816
2026-05-12T08:30:00+02:00,5.58414
2026-05-12T08:45:00+02:00,4.416248
2026-05-12T09:00:00+02:00,5.790792
2026-05-12T09:15:00+02:00,5.96256
2026-05-12T09:30:00+02:00,5.972915
2026-05-12T09:45:00+02:00,4.382825
2026-05-12T10:00:00+02:00,4.959464
2026-05-12T10:15:00+02:00,1.739976
2026-05-12T10:30:00+02:00,2.409
2026-05-12T10:45:00+02:00,4.695
2026-05-12T11:00:00+02:00,4.39696
2026-05-12T11:15:00+02:00,5.448402
2026-05-12T11:30:00+02:00,5.328757
2026-05-12T11:45:00+02:00,5.848801
2026-05-12T12:00:00+02:00,5.82778
2026-05-12T12:15:00+02:00,6.025075
2026-05-12T12:30:00+02:00,6.018925
2026-05-12T12:45:00+02:00,2.83692
2026-05-12T13:00:00+02:00,2.230674
2026-05-12T13:15:00+02:00,5.187686
2026-05-12T13:30:00+02:00,6.01254
2026-05-12T13:45:00+02:00,6.002603
2026-05-12T14:00:00+02:00,5.944342
2026-05-12T14:15:00+02:00,5.073095
2026-05-12T14:30:00+02:00,5.84742
2026-05-12T14:45:00+02:00,5.75956
2026-05-12T15:00:00+02:00,5.92862
2026-05-12T15:15:00+02:00,6.011329
2026-05-12T15:30:00+02:00,6.01255
2026-05-12T15:45:00+02:00,6.033761
2026-05-12T16:00:00+02:00,6.02618
2026-05-12T16:15:00+02:00,6.034162
2026-05-12T16:30:00+02:00,6.029838
2026-05-12T16:45:00+02:00,6.02218
2026-05-12T17:00:00+02:00,6.023066
2026-05-12T17:15:00+02:00,5.214054
2026-05-12T17:30:00+02:00,5.64362
2026-05-12T17:45:00+02:00,6.033307
2026-05-12T18:00:00+02:00,6.04311
2026-05-12T18:15:00+02:00,6.032662
2026-05-12T18:30:00+02:00,5.44718
2026-05-12T18:45:00+02:00,1.74136
2026-05-12T19:00:00+02:00,2.51652
2026-05-12T19:15:00+02:00,4.465102
2026-05-12T19:30:00+02:00,6.003098
2026-05-12T19:45:00+02:00,6.01546
2026-05-12T20:00:00+02:00,6.01146
2026-05-12T20:15:00+02:00,6.0049
2026-05-12T20:30:00+02:00,5.989284
2026-05-12T20:45:00+02:00,6.012536
2026-05-12T21:00:00+02:00,5.98636
2026-05-12T21:15:00+02:00,6.026249
2026-05-12T21:30:00+02:00,6.01637
2026-05-12T21:45:00+02:00,5.750401
2026-05-12T22:00:00+02:00,4.15862
2026-05-12T22:15:00+02:00,1.9614
2026-05-12T22:30:00+02:00,3.43666
2026-05-12T22:45:00+02:00,3.385072
2026-05-12T23:00:00+02:00,2.697528
2026-05-12T23:15:00+02:00,2.66968
2026-05-12T23:30:00+02:00,2.178824
2026-05-12T23:45:00+02:00,4.299896
2026-05-13T00:00:00+02:00,2.19728
2026-05-13T00:15:00+02:00,0.03348
2026-05-13T00:30:00+02:00,0.0
2026-05-13T00:45:00+02:00,0.0
2026-05-13T01:00:00+02:00,0.0
2026-05-13T01:15:00+02:00,0.0
2026-05-13T01:30:00+02:00,0.0
2026-05-13T01:45:00+02:00,0.0
2026-05-13T02:00:00+02:00,0.0
2026-05-13T02:15:00+02:00,0.0
2026-05-13T02:30:00+02:00,0.0
2026-05-13T02:45:00+02:00,0.0
2026-05-13T03:00:00+02:00,0.0
2026-05-13T03:15:00+02:00,0.0
2026-05-13T03:30:00+02:00,0.0
2026-05-13T03:45:00+02:00,0.0
2026-05-13T04:00:00+02:00,0.0
2026-05-13T04:15:00+02:00,0.0
2026-05-13T04:30:00+02:00,0.0
2026-05-13T04:45:00+02:00,0.0
2026-05-13T05:00:00+02:00,0.0
2026-05-13T05:15:00+02:00,0.0
2026-05-13T05:30:00+02:00,0.0
2026-05-13T05:45:00+02:00,0.52416
2026-05-13T06:00:00+02:00,3.46228
2026-05-13T06:15:00+02:00,4.756049
2026-05-13T06:30:00+02:00,5.793718
2026-05-13T06:45:00+02:00,5.989613
2026-05-13T07:00:00+02:00,5.9869
2026-05-13T07:15:00+02:00,5.97782
2026-05-13T07:30:00+02:00,6.01638
2026-05-13T07:45:00+02:00,6.015257
2026-05-13T08:00:00+02:00,5.986723
2026-05-13T08:15:00+02:00,5.97728
2026-05-13T08:30:00+02:00,5.99782
2026-05-13T08:45:00+02:00,6.01964
2026-05-13T09:00:00+02:00,6.012
2026-05-13T09:15:00+02:00,5.990783
2026-05-13T09:30:00+02:00,5.814472
2026-05-13T09:45:00+02:00,0.719105
2026-05-13T10:00:00+02:00,1.98258
2026-05-13T10:15:00+02:00,3.905
2026-05-13T10:30:00+02:00,5.12588
2026-05-13T10:45:00+02:00,3.741672
2026-05-13T11:00:00+02:00,5.259188
2026-05-13T11:15:00+02:00,5.384177
2026-05-13T11:30:00+02:00,4.849863
2026-05-13T11:45:00+02:00,5.6811
2026-05-13T12:00:00+02:00,5.626447
2026-05-13T12:15:00+02:00,4.990433
2026-05-13T12:30:00+02:00,4.78286
2026-05-13T12:45:00+02:00,4.85894
2026-05-13T13:00:00+02:00,5.107753
2026-05-13T13:15:00+02:00,5.976467
2026-05-13T13:30:00+02:00,6.00328
2026-05-13T13:45:00+02:00,5.163378
2026-05-13T14:00:00+02:00,1.390902
2026-05-13T14:15:00+02:00,5.442808
2026-05-13T14:30:00+02:00,5.991632
2026-05-13T14:45:00+02:00,5.930959
2026-05-13T15:00:00+02:00,5.906481
2026-05-13T15:15:00+02:00,5.9611
2026-05-13T15:30:00+02:00,5.959862
2026-05-13T15:45:00+02:00,6.004138
2026-05-13T16:00:00+02:00,5.84776
2026-05-13T16:15:00+02:00,5.97006
2026-05-13T16:30:00+02:00,5.962042
2026-05-13T16:45:00+02:00,5.113878
2026-05-13T17:00:00+02:00,4.85962
2026-05-13T17:15:00+02:00,6.00264
2026-05-13T17:30:00+02:00,5.98528
2026-05-13T17:45:00+02:00,5.635079
2026-05-13T18:00:00+02:00,5.997641
2026-05-13T18:15:00+02:00,6.072542
2026-05-13T18:30:00+02:00,4.922038
2026-05-13T18:45:00+02:00,0.80506
2026-05-13T19:00:00+02:00,0.582
2026-05-13T19:15:00+02:00,4.36512
2026-05-13T19:30:00+02:00,6.0207
2026-05-13T19:45:00+02:00,5.975527
2026-05-13T20:00:00+02:00,5.976534
2026-05-13T20:15:00+02:00,5.879899
2026-05-13T20:30:00+02:00,4.748208
2026-05-13T20:45:00+02:00,4.426672
2026-05-13T21:00:00+02:00,2.0579
2026-05-13T21:15:00+02:00,0.0189
2026-05-13T21:30:00+02:00,0.0
2026-05-13T21:45:00+02:00,0.0
2026-05-13T22:00:00+02:00,0.0
2026-05-13T22:15:00+02:00,0.0
2026-05-13T22:30:00+02:00,0.0
2026-05-13T22:45:00+02:00,0.0
2026-05-13T23:00:00+02:00,0.0
2026-05-13T23:15:00+02:00,0.0
2026-05-13T23:30:00+02:00,0.0
2026-05-13T23:45:00+02:00,0.0
2026-05-14T00:00:00+02:00,0.0
2026-05-14T00:15:00+02:00,0.0
2026-05-14T00:30:00+02:00,0.0
2026-05-14T00:45:00+02:00,0.0
2026-05-14T01:00:00+02:00,0.0
2026-05-14T01:15:00+02:00,0.0
2026-05-14T01:30:00+02:00,0.0
2026-05-14T01:45:00+02:00,0.0
2026-05-14T02:00:00+02:00,0.0
2026-05-14T02:15:00+02:00,0.0
2026-05-14T02:30:00+02:00,0.0
2026-05-14T02:45:00+02:00,0.0
2026-05-14T03:00:00+02:00,0.0
2026-05-14T03:15:00+02:00,0.0
2026-05-14T03:30:00+02:00,0.0
2026-05-14T03:45:00+02:00,0.0
2026-05-14T04:00:00+02:00,0.0
2026-05-14T04:15:00+02:00,0.0
2026-05-14T04:30:00+02:00,0.0
2026-05-14T04:45:00+02:00,0.0
2026-05-14T05:00:00+02:00,0.0
2026-05-14T05:15:00+02:00,0.0
2026-05-14T05:30:00+02:00,0.0
2026-05-14T05:45:00+02:00,0.0
2026-05-14T06:00:00+02:00,0.0
2026-05-14T06:15:00+02:00,0.0
2026-05-14T06:30:00+02:00,0.0
2026-05-14T06:45:00+02:00,0.0
2026-05-14T07:00:00+02:00,0.0
2026-05-14T07:15:00+02:00,0.0
2026-05-14T07:30:00+02:00,0.0
2026-05-14T07:45:00+02:00,0.0
2026-05-14T08:00:00+02:00,0.0
2026-05-14T08:15:00+02:00,0.0
2026-05-14T08:30:00+02:00,0.0
2026-05-14T08:45:00+02:00,0.0
2026-05-14T09:00:00+02:00,0.0
2026-05-14T09:15:00+02:00,0.0
2026-05-14T09:30:00+02:00,0.0
2026-05-14T09:45:00+02:00,0.0
2026-05-14T10:00:00+02:00,0.0
2026-05-14T10:15:00+02:00,0.0
2026-05-14T10:30:00+02:00,0.0
2026-05-14T10:45:00+02:00,0.0
2026-05-14T11:00:00+02:00,0.0
2026-05-14T11:15:00+02:00,0.0
2026-05-14T11:30:00+02:00,0.0
2026-05-14T11:45:00+02:00,0.0
2026-05-14T12:00:00+02:00,0.0
2026-05-14T12:15:00+02:00,0.0
2026-05-14T12:30:00+02:00,0.0
2026-05-14T12:45:00+02:00,0.0
2026-05-14T13:00:00+02:00,0.0
2026-05-14T13:15:00+02:00,0.0
2026-05-14T13:30:00+02:00,0.0
2026-05-14T13:45:00+02:00,0.0
2026-05-14T14:00:00+02:00,0.0
2026-05-14T14:15:00+02:00,0.0
2026-05-14T14:30:00+02:00,0.0
2026-05-14T14:45:00+02:00,0.0
2026-05-14T15:00:00+02:00,0.0
2026-05-14T15:15:00+02:00,0.0
2026-05-14T15:30:00+02:00,0.0
2026-05-14T15:45:00+02:00,0.0
2026-05-14T16:00:00+02:00,0.0
2026-05-14T16:15:00+02:00,0.0
2026-05-14T16:30:00+02:00,0.0
2026-05-14T16:45:00+02:00,0.0
2026-05-14T17:00:00+02:00,0.0
2026-05-14T17:15:00+02:00,0.0
2026-05-14T17:30:00+02:00,0.0
2026-05-14T17:45:00+02:00,0.0
2026-05-14T18:00:00+02:00,0.0
2026-05-14T18:15:00+02:00,0.0
2026-05-14T18:30:00+02:00,0.0
2026-05-14T18:45:00+02:00,0.0
2026-05-14T19:00:00+02:00,0.0
2026-05-14T19:15:00+02:00,0.0
2026-05-14T19:30:00+02:00,0.0
2026-05-14T19:45:00+02:00,0.0
2026-05-14T20:00:00+02:00,0.0
2026-05-14T20:15:00+02:00,0.0
2026-05-14T20:30:00+02:00,0.0
2026-05-14T20:45:00+02:00,0.0
2026-05-14T21:00:00+02:00,0.0
2026-05-14T21:15:00+02:00,0.0
2026-05-14T21:30:00+02:00,0.0
2026-05-14T21:45:00+02:00,0.0
2026-05-14T22:00:00+02:00,0.0
2026-05-14T22:15:00+02:00,0.0
2026-05-14T22:30:00+02:00,0.0
2026-05-14T22:45:00+02:00,0.0
2026-05-14T23:00:00+02:00,0.0
2026-05-14T23:15:00+02:00,0.0
2026-05-14T23:30:00+02:00,0.0
2026-05-14T23:45:00+02:00,0.0
2026-05-15T00:00:00+02:00,0.0
2026-05-15T00:15:00+02:00,0.0
2026-05-15T00:30:00+02:00,0.0
2026-05-15T00:45:00+02:00,0.0
2026-05-15T01:00:00+02:00,0.0
2026-05-15T01:15:00+02:00,0.0
2026-05-15T01:30:00+02:00,0.0
2026-05-15T01:45:00+02:00,0.0
2026-05-15T02:00:00+02:00,0.0
2026-05-15T02:15:00+02:00,0.0
2026-05-15T02:30:00+02:00,0.0
2026-05-15T02:45:00+02:00,0.0
2026-05-15T03:00:00+02:00,0.0
2026-05-15T03:15:00+02:00,0.0
2026-05-15T03:30:00+02:00,0.0
2026-05-15T03:45:00+02:00,0.0
2026-05-15T04:00:00+02:00,0.0
2026-05-15T04:15:00+02:00,0.0
2026-05-15T04:30:00+02:00,0.0
2026-05-15T04:45:00+02:00,0.0
2026-05-15T05:00:00+02:00,0.0
2026-05-15T05:15:00+02:00,0.0
2026-05-15T05:30:00+02:00,0.0
2026-05-15T05:45:00+02:00,0.0
2026-05-15T06:00:00+02:00,0.0
2026-05-15T06:15:00+02:00,0.0
2026-05-15T06:30:00+02:00,0.0
2026-05-15T06:45:00+02:00,0.0
2026-05-15T07:00:00+02:00,0.0
2026-05-15T07:15:00+02:00,0.0
2026-05-15T07:30:00+02:00,0.0
2026-05-15T07:45:00+02:00,0.0
2026-05-15T08:00:00+02:00,0.0
2026-05-15T08:15:00+02:00,0.0
2026-05-15T08:30:00+02:00,0.0
2026-05-15T08:45:00+02:00,0.0
2026-05-15T09:00:00+02:00,0.0
2026-05-15T09:15:00+02:00,0.0
2026-05-15T09:30:00+02:00,0.0
2026-05-15T09:45:00+02:00,0.0
2026-05-15T10:00:00+02:00,0.0
2026-05-15T10:15:00+02:00,0.0
2026-05-15T10:30:00+02:00,0.0
2026-05-15T10:45:00+02:00,0.0
2026-05-15T11:00:00+02:00,0.0
2026-05-15T11:15:00+02:00,0.0
2026-05-15T11:30:00+02:00,0.0
2026-05-15T11:45:00+02:00,0.0
2026-05-15T12:00:00+02:00,0.0
2026-05-15T12:15:00+02:00,0.0
2026-05-15T12:30:00+02:00,0.0
2026-05-15T12:45:00+02:00,0.0
2026-05-15T13:00:00+02:00,0.0
2026-05-15T13:15:00+02:00,0.0
2026-05-15T13:30:00+02:00,0.0
2026-05-15T13:45:00+02:00,0.0
2026-05-15T14:00:00+02:00,0.0
2026-05-15T14:15:00+02:00,0.0
2026-05-15T14:30:00+02:00,0.0
2026-05-15T14:45:00+02:00,0.0
2026-05-15T15:00:00+02:00,0.0
2026-05-15T15:15:00+02:00,0.0
2026-05-15T15:30:00+02:00,0.0
2026-05-15T15:45:00+02:00,0.0
2026-05-15T16:00:00+02:00,0.0
2026-05-15T16:15:00+02:00,0.0
2026-05-15T16:30:00+02:00,0.0
2026-05-15T16:45:00+02:00,0.0
2026-05-15T17:00:00+02:00,0.0
2026-05-15T17:15:00+02:00,0.0
2026-05-15T17:30:00+02:00,0.0
2026-05-15T17:45:00+02:00,0.0
2026-05-15T18:00:00+02:00,0.0
2026-05-15T18:15:00+02:00,0.0
2026-05-15T18:30:00+02:00,0.0
2026-05-15T18:45:00+02:00,0.0
2026-05-15T19:00:00+02:00,0.0
2026-05-15T19:15:00+02:00,0.0
2026-05-15T19:30:00+02:00,0.0
2026-05-15T19:45:00+02:00,0.0
2026-05-15T20:00:00+02:00,0.0
2026-05-15T20:15:00+02:00,0.0
2026-05-15T20:30:00+02:00,0.0
2026-05-15T20:45:00+02:00,0.0
2026-05-15T21:00:00+02:00,0.0
2026-05-15T21:15:00+02:00,0.0
2026-05-15T21:30:00+02:00,0.0
2026-05-15T21:45:00+02:00,0.0
2026-05-15T22:00:00+02:00,0.0
2026-05-15T22:15:00+02:00,0.0
2026-05-15T22:30:00+02:00,0.0
2026-05-15T22:45:00+02:00,0.0
2026-05-15T23:00:00+02:00,0.0
2026-05-15T23:15:00+02:00,0.0
2026-05-15T23:30:00+02:00,0.0
2026-05-15T23:45:00+02:00,0.0
2026-05-16T00:00:00+02:00,0.0
2026-05-16T00:15:00+02:00,0.0
2026-05-16T00:30:00+02:00,0.0
2026-05-16T00:45:00+02:00,0.0
2026-05-16T01:00:00+02:00,0.0
2026-05-16T01:15:00+02:00,0.0
2026-05-16T01:30:00+02:00,0.0
2026-05-16T01:45:00+02:00,0.0
2026-05-16T02:00:00+02:00,0.0
2026-05-16T02:15:00+02:00,0.0
2026-05-16T02:30:00+02:00,0.0
2026-05-16T02:45:00+02:00,0.0
2026-05-16T03:00:00+02:00,0.0
2026-05-16T03:15:00+02:00,0.0
2026-05-16T03:30:00+02:00,0.0
2026-05-16T03:45:00+02:00,0.0
2026-05-16T04:00:00+02:00,0.0
2026-05-16T04:15:00+02:00,0.0
2026-05-16T04:30:00+02:00,0.0
2026-05-16T04:45:00+02:00,0.0
2026-05-16T05:00:00+02:00,0.0
2026-05-16T05:15:00+02:00,0.0
2026-05-16T05:30:00+02:00,0.0
2026-05-16T05:45:00+02:00,0.0
2026-05-16T06:00:00+02:00,0.0
2026-05-16T06:15:00+02:00,0.0
2026-05-16T06:30:00+02:00,0.0
2026-05-16T06:45:00+02:00,0.0
2026-05-16T07:00:00+02:00,0.0
2026-05-16T07:15:00+02:00,0.0
2026-05-16T07:30:00+02:00,0.0
2026-05-16T07:45:00+02:00,0.0
2026-05-16T08:00:00+02:00,0.0
2026-05-16T08:15:00+02:00,0.0
2026-05-16T08:30:00+02:00,0.0
2026-05-16T08:45:00+02:00,0.0
2026-05-16T09:00:00+02:00,0.0
2026-05-16T09:15:00+02:00,0.0
2026-05-16T09:30:00+02:00,0.0
2026-05-16T09:45:00+02:00,0.0
2026-05-16T10:00:00+02:00,0.0
2026-05-16T10:15:00+02:00,0.0
2026-05-16T10:30:00+02:00,0.0
2026-05-16T10:45:00+02:00,0.0
2026-05-16T11:00:00+02:00,0.0
2026-05-16T11:15:00+02:00,0.0
2026-05-16T11:30:00+02:00,0.0
2026-05-16T11:45:00+02:00,0.0
2026-05-16T12:00:00+02:00,0.0
2026-05-16T12:15:00+02:00,0.0
2026-05-16T12:30:00+02:00,0.0
2026-05-16T12:45:00+02:00,0.0
2026-05-16T13:00:00+02:00,0.0
2026-05-16T13:15:00+02:00,0.0
2026-05-16T13:30:00+02:00,0.0
2026-05-16T13:45:00+02:00,0.0
2026-05-16T14:00:00+02:00,0.0
2026-05-16T14:15:00+02:00,0.0
2026-05-16T14:30:00+02:00,0.0
2026-05-16T14:45:00+02:00,0.0
2026-05-16T15:00:00+02:00,0.0
2026-05-16T15:15:00+02:00,0.0
2026-05-16T15:30:00+02:00,0.0
2026-05-16T15:45:00+02:00,0.0
2026-05-16T16:00:00+02:00,0.0
2026-05-16T16:15:00+02:00,0.0
2026-05-16T16:30:00+02:00,0.0
2026-05-16T16:45:00+02:00,0.0
2026-05-16T17:00:00+02:00,0.0
2026-05-16T17:15:00+02:00,0.0
2026-05-16T17:30:00+02:00,0.0
2026-05-16T17:45:00+02:00,0.0
2026-05-16T18:00:00+02:00,0.0
2026-05-16T18:15:00+02:00,0.0
2026-05-16T18:30:00+02:00,0.0
2026-05-16T18:45:00+02:00,0.0
2026-05-16T19:00:00+02:00,0.0
2026-05-16T19:15:00+02:00,0.0
2026-05-16T19:30:00+02:00,0.0
2026-05-16T19:45:00+02:00,0.0
2026-05-16T20:00:00+02:00,0.0
2026-05-16T20:15:00+02:00,0.0
2026-05-16T20:30:00+02:00,0.0
2026-05-16T20:45:00+02:00,0.0
2026-05-16T21:00:00+02:00,0.0
2026-05-16T21:15:00+02:00,0.0
2026-05-16T21:30:00+02:00,0.0
2026-05-16T21:45:00+02:00,0.0
2026-05-16T22:00:00+02:00,0.0
2026-05-16T22:15:00+02:00,0.0
2026-05-16T22:30:00+02:00,0.0
2026-05-16T22:45:00+02:00,0.0
2026-05-16T23:00:00+02:00,0.0
2026-05-16T23:15:00+02:00,0.0
2026-05-16T23:30:00+02:00,0.0
2026-05-16T23:45:00+02:00,0.0
2026-05-17T00:00:00+02:00,0.0
2026-05-17T00:15:00+02:00,0.0
2026-05-17T00:30:00+02:00,0.0
2026-05-17T00:45:00+02:00,0.0
2026-05-17T01:00:00+02:00,0.0
2026-05-17T01:15:00+02:00,0.0
2026-05-17T01:30:00+02:00,0.0
2026-05-17T01:45:00+02:00,0.0
2026-05-17T02:00:00+02:00,0.0
2026-05-17T02:15:00+02:00,0.0
2026-05-17T02:30:00+02:00,0.0
2026-05-17T02:45:00+02:00,0.0
2026-05-17T03:00:00+02:00,0.0
2026-05-17T03:15:00+02:00,0.0
2026-05-17T03:30:00+02:00,0.0
2026-05-17T03:45:00+02:00,0.0
2026-05-17T04:00:00+02:00,0.0
2026-05-17T04:15:00+02:00,0.0
2026-05-17T04:30:00+02:00,0.0
2026-05-17T04:45:00+02:00,0.0
2026-05-17T05:00:00+02:00,0.0
2026-05-17T05:15:00+02:00,0.0
2026-05-17T05:30:00+02:00,0.0
2026-05-17T05:45:00+02:00,0.0
2026-05-17T06:00:00+02:00,0.0
2026-05-17T06:15:00+02:00,0.0
2026-05-17T06:30:00+02:00,0.0
2026-05-17T06:45:00+02:00,0.0
2026-05-17T07:00:00+02:00,0.0
2026-05-17T07:15:00+02:00,0.0
2026-05-17T07:30:00+02:00,0.0
2026-05-17T07:45:00+02:00,0.0
2026-05-17T08:00:00+02:00,0.0
2026-05-17T08:15:00+02:00,0.0
2026-05-17T08:30:00+02:00,0.0
2026-05-17T08:45:00+02:00,0.0
2026-05-17T09:00:00+02:00,0.0
2026-05-17T09:15:00+02:00,0.0
2026-05-17T09:30:00+02:00,0.0
2026-05-17T09:45:00+02:00,0.0
2026-05-17T10:00:00+02:00,0.0
2026-05-17T10:15:00+02:00,0.0
2026-05-17T10:30:00+02:00,0.0
2026-05-17T10:45:00+02:00,0.0
2026-05-17T11:00:00+02:00,0.0
2026-05-17T11:15:00+02:00,0.0
2026-05-17T11:30:00+02:00,0.0
2026-05-17T11:45:00+02:00,0.0
2026-05-17T12:00:00+02:00,0.0
2026-05-17T12:15:00+02:00,0.0
2026-05-17T12:30:00+02:00,0.0
2026-05-17T12:45:00+02:00,0.0
2026-05-17T13:00:00+02:00,0.0
2026-05-17T13:15:00+02:00,0.0
2026-05-17T13:30:00+02:00,0.0
2026-05-17T13:45:00+02:00,0.0
2026-05-17T14:00:00+02:00,0.0
2026-05-17T14:15:00+02:00,0.0
2026-05-17T14:30:00+02:00,0.0
2026-05-17T14:45:00+02:00,0.0
2026-05-17T15:00:00+02:00,0.0
2026-05-17T15:15:00+02:00,0.0
2026-05-17T15:30:00+02:00,0.0
2026-05-17T15:45:00+02:00,0.0
2026-05-17T16:00:00+02:00,0.0
2026-05-17T16:15:00+02:00,0.0
2026-05-17T16:30:00+02:00,0.0
2026-05-17T16:45:00+02:00,0.0
2026-05-17T17:00:00+02:00,0.0
2026-05-17T17:15:00+02:00,0.0
2026-05-17T17:30:00+02:00,0.0
2026-05-17T17:45:00+02:00,0.0
2026-05-17T18:00:00+02:00,0.0
2026-05-17T18:15:00+02:00,0.0
2026-05-17T18:30:00+02:00,0.0
2026-05-17T18:45:00+02:00,0.0
2026-05-17T19:00:00+02:00,0.0
2026-05-17T19:15:00+02:00,0.0
2026-05-17T19:30:00+02:00,0.0
2026-05-17T19:45:00+02:00,0.0
2026-05-17T20:00:00+02:00,0.0
2026-05-17T20:15:00+02:00,0.0
2026-05-17T20:30:00+02:00,0.0
2026-05-17T20:45:00+02:00,0.0
2026-05-17T21:00:00+02:00,0.0
2026-05-17T21:15:00+02:00,0.0
2026-05-17T21:30:00+02:00,0.0
2026-05-17T21:45:00+02:00,0.0
2026-05-17T22:00:00+02:00,0.0
2026-05-17T22:15:00+02:00,0.0
2026-05-17T22:30:00+02:00,0.0
2026-05-17T22:45:00+02:00,0.0
2026-05-17T23:00:00+02:00,0.0
2026-05-17T23:15:00+02:00,0.0
2026-05-17T23:30:00+02:00,0.0
2026-05-17T23:45:00+02:00,0.0
2026-05-18T00:00:00+02:00,0.0
2026-05-18T00:15:00+02:00,0.0
2026-05-18T00:30:00+02:00,0.0
2026-05-18T00:45:00+02:00,0.53514
2026-05-18T01:00:00+02:00,0.95682
2026-05-18T01:15:00+02:00,1.978898
2026-05-18T01:30:00+02:00,0.061142
2026-05-18T01:45:00+02:00,0.0
2026-05-18T02:00:00+02:00,0.0
2026-05-18T02:15:00+02:00,0.0
2026-05-18T02:30:00+02:00,0.0
2026-05-18T02:45:00+02:00,0.0
2026-05-18T03:00:00+02:00,0.0
2026-05-18T03:15:00+02:00,1.705265
2026-05-18T03:30:00+02:00,0.342735
2026-05-18T03:45:00+02:00,0.0
2026-05-18T04:00:00+02:00,0.0
2026-05-18T04:15:00+02:00,0.0
2026-05-18T04:30:00+02:00,0.0
2026-05-18T04:45:00+02:00,1.521963
2026-05-18T05:00:00+02:00,2.271357
2026-05-18T05:15:00+02:00,3.03072
2026-05-18T05:30:00+02:00,4.01468
2026-05-18T05:45:00+02:00,3.51368
2026-05-18T06:00:00+02:00,4.02942
2026-05-18T06:15:00+02:00,2.86376
2026-05-18T06:30:00+02:00,3.85686
2026-05-18T06:45:00+02:00,4.58982
2026-05-18T07:00:00+02:00,5.80698
2026-05-18T07:15:00+02:00,5.791735
2026-05-18T07:30:00+02:00,5.229459
2026-05-18T07:45:00+02:00,5.993746
2026-05-18T08:00:00+02:00,6.02074
2026-05-18T08:15:00+02:00,4.494048
2026-05-18T08:30:00+02:00,5.722492
2026-05-18T08:45:00+02:00,5.99436
2026-05-18T09:00:00+02:00,6.011079
2026-05-18T09:15:00+02:00,5.986741
2026-05-18T09:30:00+02:00,5.92414
2026-05-18T09:45:00+02:00,6.005924
2026-05-18T10:00:00+02:00,5.993996
2026-05-18T10:15:00+02:00,5.786723
2026-05-18T10:30:00+02:00,6.009277
2026-05-18T10:45:00+02:00,5.998481
2026-05-18T11:00:00+02:00,6.00164
2026-05-18T11:15:00+02:00,5.93466
2026-05-18T11:30:00+02:00,5.53952
2026-05-18T11:45:00+02:00,4.8299
2026-05-18T12:00:00+02:00,5.47084
2026-05-18T12:15:00+02:00,5.6714
2026-05-18T12:30:00+02:00,3.3441
2026-05-18T12:45:00+02:00,2.55438
2026-05-18T13:00:00+02:00,0.30738
2026-05-18T13:15:00+02:00,3.0053
2026-05-18T13:30:00+02:00,4.13668
2026-05-18T13:45:00+02:00,5.077993
2026-05-18T14:00:00+02:00,3.044514
2026-05-18T14:15:00+02:00,1.954813
2026-05-18T14:30:00+02:00,2.81852
2026-05-18T14:45:00+02:00,3.96386
2026-05-18T15:00:00+02:00,4.84824
2026-05-18T15:15:00+02:00,5.989339
2026-05-18T15:30:00+02:00,5.756981
2026-05-18T15:45:00+02:00,5.83757
2026-05-18T16:00:00+02:00,5.54797
2026-05-18T16:15:00+02:00,5.003308
2026-05-18T16:30:00+02:00,5.253672
2026-05-18T16:45:00+02:00,5.83864
2026-05-18T17:00:00+02:00,5.36542
2026-05-18T17:15:00+02:00,6.0223
2026-05-18T17:30:00+02:00,5.64524
2026-05-18T17:45:00+02:00,5.367311
2026-05-18T18:00:00+02:00,2.84265
2026-05-18T18:15:00+02:00,2.916179
2026-05-18T18:30:00+02:00,2.21918
2026-05-18T18:45:00+02:00,2.018123
2026-05-18T19:00:00+02:00,1.539077
2026-05-18T19:15:00+02:00,3.40224
2026-05-18T19:30:00+02:00,4.119835
2026-05-18T19:45:00+02:00,4.448205
2026-05-18T20:00:00+02:00,2.082
2026-05-18T20:15:00+02:00,2.13256
2026-05-18T20:30:00+02:00,2.514939
2026-05-18T20:45:00+02:00,3.498641
2026-05-18T21:00:00+02:00,3.42642
2026-05-18T21:15:00+02:00,1.342859
2026-05-18T21:30:00+02:00,2.83709
2026-05-18T21:45:00+02:00,3.575611
2026-05-18T22:00:00+02:00,4.25456
2026-05-18T22:15:00+02:00,2.618885
2026-05-18T22:30:00+02:00,3.132635
2026-05-18T22:45:00+02:00,4.59212
2026-05-18T23:00:00+02:00,4.55023
2026-05-18T23:15:00+02:00,4.14679
2026-05-18T23:30:00+02:00,4.00798
2026-05-18T23:45:00+02:00,3.19852
2026-05-19T00:00:00+02:00,0.109
2026-05-19T00:15:00+02:00,3.09484
2026-05-19T00:30:00+02:00,4.20094
2026-05-19T00:45:00+02:00,3.079009
2026-05-19T01:00:00+02:00,3.745625
2026-05-19T01:15:00+02:00,4.176032
2026-05-19T01:30:00+02:00,3.283487
2026-05-19T01:45:00+02:00,1.520067
2026-05-19T02:00:00+02:00,0.0
2026-05-19T02:15:00+02:00,0.0
2026-05-19T02:30:00+02:00,0.0
2026-05-19T02:45:00+02:00,0.7007
2026-05-19T03:00:00+02:00,2.410521
2026-05-19T03:15:00+02:00,1.012439
2026-05-19T03:30:00+02:00,1.96942
2026-05-19T03:45:00+02:00,1.870181
2026-05-19T04:00:00+02:00,1.219136
2026-05-19T04:15:00+02:00,0.469083
2026-05-19T04:30:00+02:00,1.35632
2026-05-19T04:45:00+02:00,2.072247
2026-05-19T05:00:00+02:00,1.966144
2026-05-19T05:15:00+02:00,2.34327
2026-05-19T05:30:00+02:00,1.35604
2026-05-19T05:45:00+02:00,2.259
2026-05-19T06:00:00+02:00,3.62598
2026-05-19T06:15:00+02:00,4.01958
2026-05-19T06:30:00+02:00,4.373028
2026-05-19T06:45:00+02:00,4.986332
2026-05-19T07:00:00+02:00,4.70128
2026-05-19T07:15:00+02:00,5.206624
2026-05-19T07:30:00+02:00,6.064392
2026-05-19T07:45:00+02:00,5.534884
2026-05-19T08:00:00+02:00,4.61302
2026-05-19T08:15:00+02:00,4.915535
2026-05-19T08:30:00+02:00,5.838805
2026-05-19T08:45:00+02:00,6.060381
2026-05-19T09:00:00+02:00,6.069679
2026-05-19T09:15:00+02:00,5.84379
2026-05-19T09:30:00+02:00,6.01401
2026-05-19T09:45:00+02:00,5.14788
2026-05-19T10:00:00+02:00,5.6785
2026-05-19T10:15:00+02:00,6.02108
2026-05-19T10:30:00+02:00,5.8521
2026-05-19T10:45:00+02:00,6.02086
2026-05-19T11:00:00+02:00,5.797557
2026-05-19T11:15:00+02:00,6.004024
2026-05-19T11:30:00+02:00,6.01746
2026-05-19T11:45:00+02:00,6.03602
2026-05-19T12:00:00+02:00,6.0518
2026-05-19T12:15:00+02:00,6.000893
2026-05-19T12:30:00+02:00,6.008007
2026-05-19T12:45:00+02:00,6.06146
2026-05-19T13:00:00+02:00,6.034507
2026-05-19T13:15:00+02:00,5.848053
2026-05-19T13:30:00+02:00,5.601937
2026-05-19T13:45:00+02:00,5.417663
2026-05-19T14:00:00+02:00,5.36866
2026-05-19T14:15:00+02:00,3.115594
2026-05-19T14:30:00+02:00,2.900928
2026-05-19T14:45:00+02:00,3.67824
2026-05-19T15:00:00+02:00,3.631169
2026-05-19T15:15:00+02:00,3.33591
2026-05-19T15:30:00+02:00,3.70542
2026-05-19T15:45:00+02:00,3.59736
2026-05-19T16:00:00+02:00,3.62756
2026-05-19T16:15:00+02:00,3.57184
2026-05-19T16:30:00+02:00,3.5428
2026-05-19T16:45:00+02:00,4.36824
2026-05-19T17:00:00+02:00,2.601399
2026-05-19T17:15:00+02:00,0.059261
2026-05-19T17:30:00+02:00,0.4202
2026-05-19T17:45:00+02:00,1.20304
2026-05-19T18:00:00+02:00,0.39676
2026-05-19T18:15:00+02:00,1.41284
2026-05-19T18:30:00+02:00,4.00586
2026-05-19T18:45:00+02:00,3.152258
2026-05-19T19:00:00+02:00,3.674742
2026-05-19T19:15:00+02:00,3.39494
2026-05-19T19:30:00+02:00,5.09646
2026-05-19T19:45:00+02:00,4.18726
2026-05-19T20:00:00+02:00,5.1891
2026-05-19T20:15:00+02:00,4.526993
2026-05-19T20:30:00+02:00,5.103948
2026-05-19T20:45:00+02:00,5.401639
2026-05-19T21:00:00+02:00,4.62284
2026-05-19T21:15:00+02:00,4.465143
2026-05-19T21:30:00+02:00,5.024247
2026-05-19T21:45:00+02:00,3.47379
2026-05-19T22:00:00+02:00,2.43374
2026-05-19T22:15:00+02:00,2.845906
2026-05-19T22:30:00+02:00,2.159674
2026-05-19T22:45:00+02:00,0.62462
2026-05-19T23:00:00+02:00,0.0
2026-05-19T23:15:00+02:00,0.41496
2026-05-19T23:30:00+02:00,1.5399
2026-05-19T23:45:00+02:00,2.210178
2026-05-20T00:00:00+02:00,2.217726
2026-05-20T00:15:00+02:00,3.367255
2026-05-20T00:30:00+02:00,2.49682
2026-05-20T00:45:00+02:00,2.04776
2026-05-20T01:00:00+02:00,3.0193
2026-05-20T01:15:00+02:00,3.009833
2026-05-20T01:30:00+02:00,2.086147
2026-05-20T01:45:00+02:00,3.4061
2026-05-20T02:00:00+02:00,1.683208
2026-05-20T02:15:00+02:00,0.040812
2026-05-20T02:30:00+02:00,0.0
2026-05-20T02:45:00+02:00,0.2548
2026-05-20T03:00:00+02:00,2.086172
2026-05-20T03:15:00+02:00,2.030368
2026-05-20T03:30:00+02:00,2.20944
2026-05-20T03:45:00+02:00,3.691746
2026-05-20T04:00:00+02:00,2.833831
2026-05-20T04:15:00+02:00,3.016423
2026-05-20T04:30:00+02:00,1.7066
2026-05-20T04:45:00+02:00,3.064817
2026-05-20T05:00:00+02:00,2.458203
2026-05-20T05:15:00+02:00,3.88076
2026-05-20T05:30:00+02:00,3.122234
2026-05-20T05:45:00+02:00,3.769446
2026-05-20T06:00:00+02:00,5.71826
2026-05-20T06:15:00+02:00,5.98708
2026-05-20T06:30:00+02:00,5.85266
2026-05-20T06:45:00+02:00,5.76323
2026-05-20T07:00:00+02:00,5.913236
2026-05-20T07:15:00+02:00,6.000934
2026-05-20T07:30:00+02:00,6.01146
2026-05-20T07:45:00+02:00,6.008301
2026-05-20T08:00:00+02:00,6.0
2026-05-20T08:15:00+02:00,5.996361
2026-05-20T08:30:00+02:00,5.514679
2026-05-20T08:45:00+02:00,5.97296
2026-05-20T09:00:00+02:00,6.001271
2026-05-20T09:15:00+02:00,6.020189
2026-05-20T09:30:00+02:00,5.86902
2026-05-20T09:45:00+02:00,5.47866
2026-05-20T10:00:00+02:00,5.6305
2026-05-20T10:15:00+02:00,6.002783
2026-05-20T10:30:00+02:00,6.024556
2026-05-20T10:45:00+02:00,5.884182
2026-05-20T11:00:00+02:00,4.97096
2026-05-20T11:15:00+02:00,4.495109
2026-05-20T11:30:00+02:00,3.802011
2026-05-20T11:45:00+02:00,4.626176
2026-05-20T12:00:00+02:00,4.334704
2026-05-20T12:15:00+02:00,2.96614
2026-05-20T12:30:00+02:00,2.498825
2026-05-20T12:45:00+02:00,0.296955
2026-05-20T13:00:00+02:00,1.80542
2026-05-20T13:15:00+02:00,3.701439
2026-05-20T13:30:00+02:00,5.482621
2026-05-20T13:45:00+02:00,5.372201
2026-05-20T14:00:00+02:00,2.12644
2026-05-20T14:15:00+02:00,3.317332
2026-05-20T14:30:00+02:00,4.674028
2026-05-20T14:45:00+02:00,5.5225
2026-05-20T15:00:00+02:00,5.29384
2026-05-20T15:15:00+02:00,5.494394
2026-05-20T15:30:00+02:00,5.321386
2026-05-20T15:45:00+02:00,5.85384
2026-05-20T16:00:00+02:00,5.59096
2026-05-20T16:15:00+02:00,5.97428
2026-05-20T16:30:00+02:00,5.977297
2026-05-20T16:45:00+02:00,6.035443
2026-05-20T17:00:00+02:00,5.99126
2026-05-20T17:15:00+02:00,5.604531
2026-05-20T17:30:00+02:00,3.519844
2026-05-20T17:45:00+02:00,2.781045
2026-05-20T18:00:00+02:00,3.12966
2026-05-20T18:15:00+02:00,2.35634
2026-05-20T18:30:00+02:00,2.83594
2026-05-20T18:45:00+02:00,0.07992
2026-05-20T19:00:00+02:00,0.0
2026-05-20T19:15:00+02:00,1.11312
2026-05-20T19:30:00+02:00,3.37842
2026-05-20T19:45:00+02:00,3.22726
2026-05-20T20:00:00+02:00,2.50274
2026-05-20T20:15:00+02:00,2.5563
2026-05-20T20:30:00+02:00,2.80052
2026-05-20T20:45:00+02:00,2.630964
2026-05-20T21:00:00+02:00,1.570582
2026-05-20T21:15:00+02:00,0.268993
2026-05-20T21:30:00+02:00,0.2071
2026-05-20T21:45:00+02:00,1.052321
2026-05-20T22:00:00+02:00,1.783179
2026-05-20T22:15:00+02:00,3.20882
2026-05-20T22:30:00+02:00,4.61346
2026-05-20T22:45:00+02:00,4.15468
2026-05-20T23:00:00+02:00,3.120612
2026-05-20T23:15:00+02:00,4.758588
2026-05-20T23:30:00+02:00,4.46162
2026-05-20T23:45:00+02:00,4.01098
2026-05-21T00:00:00+02:00,0.8929
2026-05-21T00:15:00+02:00,2.76406
2026-05-21T00:30:00+02:00,3.44866
2026-05-21T00:45:00+02:00,5.438314
2026-05-21T01:00:00+02:00,4.885386
2026-05-21T01:15:00+02:00,4.2686
2026-05-21T01:30:00+02:00,4.57244
2026-05-21T01:45:00+02:00,2.47976
2026-05-21T02:00:00+02:00,2.702479
2026-05-21T02:15:00+02:00,0.099141
2026-05-21T02:30:00+02:00,0.0
2026-05-21T02:45:00+02:00,2.887474
2026-05-21T03:00:00+02:00,3.804673
2026-05-21T03:15:00+02:00,4.313018
2026-05-21T03:30:00+02:00,4.04743
2026-05-21T03:45:00+02:00,3.918766
2026-05-21T04:00:00+02:00,3.5442
2026-05-21T04:15:00+02:00,4.355746
2026-05-21T04:30:00+02:00,3.656194
2026-05-21T04:45:00+02:00,4.63688
2026-05-21T05:00:00+02:00,4.448425
2026-05-21T05:15:00+02:00,4.555435
2026-05-21T05:30:00+02:00,4.15516
2026-05-21T05:45:00+02:00,0.78454
2026-05-21T06:00:00+02:00,3.586818
2026-05-21T06:15:00+02:00,3.989662
2026-05-21T06:30:00+02:00,3.49898
2026-05-21T06:45:00+02:00,4.26774
2026-05-21T07:00:00+02:00,3.68586
2026-05-21T07:15:00+02:00,3.140202
2026-05-21T07:30:00+02:00,3.837338
2026-05-21T07:45:00+02:00,6.037821
2026-05-21T08:00:00+02:00,5.762979
2026-05-21T08:15:00+02:00,5.70794
2026-05-21T08:30:00+02:00,5.69166
2026-05-21T08:45:00+02:00,5.8349
2026-05-21T09:00:00+02:00,6.04908
2026-05-21T09:15:00+02:00,6.09564
2026-05-21T09:30:00+02:00,4.37866
2026-05-21T09:45:00+02:00,2.174048
2026-05-21T10:00:00+02:00,3.347149
2026-05-21T10:15:00+02:00,5.441603
2026-05-21T10:30:00+02:00,6.07746
2026-05-21T10:45:00+02:00,5.8216
2026-05-21T11:00:00+02:00,4.18362
2026-05-21T11:15:00+02:00,4.689781
2026-05-21T11:30:00+02:00,5.576839
2026-05-21T11:45:00+02:00,5.7002
2026-05-21T12:00:00+02:00,4.625508
2026-05-21T12:15:00+02:00,3.470932
2026-05-21T12:30:00+02:00,2.212829
2026-05-21T12:45:00+02:00,0.057211
2026-05-21T13:00:00+02:00,0.0
2026-05-21T13:15:00+02:00,0.806735
2026-05-21T13:30:00+02:00,3.18851
2026-05-21T13:45:00+02:00,5.592575
2026-05-21T14:00:00+02:00,5.05074
2026-05-21T14:15:00+02:00,4.93302
2026-05-21T14:30:00+02:00,5.31306
2026-05-21T14:45:00+02:00,5.74836
2026-05-21T15:00:00+02:00,5.36384
2026-05-21T15:15:00+02:00,5.316783
2026-05-21T15:30:00+02:00,4.056457
2026-05-21T15:45:00+02:00,4.30994
2026-05-21T16:00:00+02:00,4.063794
2026-05-21T16:15:00+02:00,1.501006
2026-05-21T16:30:00+02:00,2.61542
2026-05-21T16:45:00+02:00,4.25124
2026-05-21T17:00:00+02:00,5.56804
2026-05-21T17:15:00+02:00,5.196147
2026-05-21T17:30:00+02:00,5.804607
2026-05-21T17:45:00+02:00,5.832366
2026-05-21T18:00:00+02:00,5.72346
2026-05-21T18:15:00+02:00,6.022771
2026-05-21T18:30:00+02:00,4.960249
2026-05-21T18:45:00+02:00,0.292352
2026-05-21T19:00:00+02:00,0.196528
2026-05-21T19:15:00+02:00,3.98182
2026-05-21T19:30:00+02:00,5.98308
2026-05-21T19:45:00+02:00,5.37568
2026-05-21T20:00:00+02:00,5.72028
2026-05-21T20:15:00+02:00,5.2521
2026-05-21T20:30:00+02:00,5.65968
2026-05-21T20:45:00+02:00,5.93962
2026-05-21T21:00:00+02:00,5.85664
2026-05-21T21:15:00+02:00,5.980438
2026-05-21T21:30:00+02:00,5.986903
2026-05-21T21:45:00+02:00,5.05464
2026-05-21T22:00:00+02:00,2.04094
2026-05-21T22:15:00+02:00,4.964574
2026-05-21T22:30:00+02:00,4.572606
2026-05-21T22:45:00+02:00,4.54416
2026-05-21T23:00:00+02:00,4.404863
2026-05-21T23:15:00+02:00,4.699977
2026-05-21T23:30:00+02:00,4.51706
2026-05-21T23:45:00+02:00,2.685705
2026-05-22T00:00:00+02:00,2.959268
2026-05-22T00:15:00+02:00,2.251747
2026-05-22T00:30:00+02:00,0.22188
2026-05-22T00:45:00+02:00,0.92476
2026-05-22T01:00:00+02:00,0.28558
2026-05-22T01:15:00+02:00,0.172554
2026-05-22T01:30:00+02:00,2.858526
2026-05-22T01:45:00+02:00,3.572733
2026-05-22T02:00:00+02:00,3.197187
2026-05-22T02:15:00+02:00,0.099
2026-05-22T02:30:00+02:00,0.0
2026-05-22T02:45:00+02:00,1.99874
2026-05-22T03:00:00+02:00,3.17952
2026-05-22T03:15:00+02:00,2.03374
2026-05-22T03:30:00+02:00,0.0
2026-05-22T03:45:00+02:00,0.89216
2026-05-22T04:00:00+02:00,0.49362
2026-05-22T04:15:00+02:00,0.944697
2026-05-22T04:30:00+02:00,2.114283
2026-05-22T04:45:00+02:00,0.71146
2026-05-22T05:00:00+02:00,1.57186
2026-05-22T05:15:00+02:00,2.4881
2026-05-22T05:30:00+02:00,0.91106
2026-05-22T05:45:00+02:00,2.53882
2026-05-22T06:00:00+02:00,4.578965
2026-05-22T06:15:00+02:00,5.957535
2026-05-22T06:30:00+02:00,6.05946
2026-05-22T06:45:00+02:00,6.041487
2026-05-22T07:00:00+02:00,6.077488
2026-05-22T07:15:00+02:00,6.037565
2026-05-22T07:30:00+02:00,6.05182
2026-05-22T07:45:00+02:00,6.032879
2026-05-22T08:00:00+02:00,6.066401
2026-05-22T08:15:00+02:00,6.01908
2026-05-22T08:30:00+02:00,6.043227
2026-05-22T08:45:00+02:00,6.039313
2026-05-22T09:00:00+02:00,6.03164
2026-05-22T09:15:00+02:00,6.054771
2026-05-22T09:30:00+02:00,5.487071
2026-05-22T09:45:00+02:00,4.868339
2026-05-22T10:00:00+02:00,5.19238
2026-05-22T10:15:00+02:00,5.97666
2026-05-22T10:30:00+02:00,5.96514
2026-05-22T10:45:00+02:00,5.998897
2026-05-22T11:00:00+02:00,6.013463
2026-05-22T11:15:00+02:00,5.998537
2026-05-22T11:30:00+02:00,5.998183
2026-05-22T11:45:00+02:00,6.00182
2026-05-22T12:00:00+02:00,5.999091
2026-05-22T12:15:00+02:00,6.004909
2026-05-22T12:30:00+02:00,5.99782
2026-05-22T12:45:00+02:00,5.687587
2026-05-22T13:00:00+02:00,5.876112
2026-05-22T13:15:00+02:00,5.767941
2026-05-22T13:30:00+02:00,6.00054
2026-05-22T13:45:00+02:00,6.03982
2026-05-22T14:00:00+02:00,5.99236
2026-05-22T14:15:00+02:00,5.93596
2026-05-22T14:30:00+02:00,5.113763
2026-05-22T14:45:00+02:00,5.372681
2026-05-22T15:00:00+02:00,5.725775
2026-05-22T15:15:00+02:00,5.968922
2026-05-22T15:30:00+02:00,5.963798
2026-05-22T15:45:00+02:00,5.37666
2026-05-22T16:00:00+02:00,5.106433
2026-05-22T16:15:00+02:00,5.321867
2026-05-22T16:30:00+02:00,6.02286
2026-05-22T16:45:00+02:00,6.01894
2026-05-22T17:00:00+02:00,6.00488
2026-05-22T17:15:00+02:00,5.97182
2026-05-22T17:30:00+02:00,5.67804
2026-05-22T17:45:00+02:00,5.98488
2026-05-22T18:00:00+02:00,5.11048
2026-05-22T18:15:00+02:00,4.89972
2026-05-22T18:30:00+02:00,3.28722
2026-05-22T18:45:00+02:00,1.15716
2026-05-22T19:00:00+02:00,0.57346
2026-05-22T19:15:00+02:00,4.64162
2026-05-22T19:30:00+02:00,4.355346
2026-05-22T19:45:00+02:00,5.159754
2026-05-22T20:00:00+02:00,5.59614
2026-05-22T20:15:00+02:00,6.054615
2026-05-22T20:30:00+02:00,5.981446
2026-05-22T20:45:00+02:00,3.133759
2026-05-22T21:00:00+02:00,0.21364
2026-05-22T21:15:00+02:00,0.0
2026-05-22T21:30:00+02:00,0.0
2026-05-22T21:45:00+02:00,0.0
2026-05-22T22:00:00+02:00,0.0
2026-05-22T22:15:00+02:00,0.0
2026-05-22T22:30:00+02:00,0.0
2026-05-22T22:45:00+02:00,0.0
2026-05-22T23:00:00+02:00,0.0
2026-05-22T23:15:00+02:00,0.0
2026-05-22T23:30:00+02:00,0.0
2026-05-22T23:45:00+02:00,0.0
2026-05-23T00:00:00+02:00,0.0
2026-05-23T00:15:00+02:00,0.0
2026-05-23T00:30:00+02:00,0.0
2026-05-23T00:45:00+02:00,0.0
2026-05-23T01:00:00+02:00,0.0
2026-05-23T01:15:00+02:00,0.0
2026-05-23T01:30:00+02:00,0.0
2026-05-23T01:45:00+02:00,0.0
2026-05-23T02:00:00+02:00,0.0
2026-05-23T02:15:00+02:00,0.0
2026-05-23T02:30:00+02:00,0.0
2026-05-23T02:45:00+02:00,0.0
2026-05-23T03:00:00+02:00,0.0
2026-05-23T03:15:00+02:00,0.0
2026-05-23T03:30:00+02:00,0.0
2026-05-23T03:45:00+02:00,0.0
2026-05-23T04:00:00+02:00,0.0
2026-05-23T04:15:00+02:00,0.0
2026-05-23T04:30:00+02:00,0.0
2026-05-23T04:45:00+02:00,0.0
2026-05-23T05:00:00+02:00,0.0
2026-05-23T05:15:00+02:00,0.0
2026-05-23T05:30:00+02:00,0.0
2026-05-23T05:45:00+02:00,0.0
2026-05-23T06:00:00+02:00,0.0
2026-05-23T06:15:00+02:00,0.0
2026-05-23T06:30:00+02:00,0.0
2026-05-23T06:45:00+02:00,0.0
2026-05-23T07:00:00+02:00,0.0
2026-05-23T07:15:00+02:00,0.0
2026-05-23T07:30:00+02:00,0.0
2026-05-23T07:45:00+02:00,0.0
2026-05-23T08:00:00+02:00,0.0
2026-05-23T08:15:00+02:00,0.0
2026-05-23T08:30:00+02:00,0.0
2026-05-23T08:45:00+02:00,0.0
2026-05-23T09:00:00+02:00,0.0
2026-05-23T09:15:00+02:00,0.0
2026-05-23T09:30:00+02:00,0.0
2026-05-23T09:45:00+02:00,0.0
2026-05-23T10:00:00+02:00,0.0
2026-05-23T10:15:00+02:00,0.0
2026-05-23T10:30:00+02:00,0.0
2026-05-23T10:45:00+02:00,0.0
2026-05-23T11:00:00+02:00,0.0
2026-05-23T11:15:00+02:00,0.0
2026-05-23T11:30:00+02:00,0.0
2026-05-23T11:45:00+02:00,0.0
2026-05-23T12:00:00+02:00,0.0
2026-05-23T12:15:00+02:00,0.0
2026-05-23T12:30:00+02:00,0.0
2026-05-23T12:45:00+02:00,0.0
2026-05-23T13:00:00+02:00,0.0
2026-05-23T13:15:00+02:00,0.0
2026-05-23T13:30:00+02:00,0.0
2026-05-23T13:45:00+02:00,0.0
2026-05-23T14:00:00+02:00,0.0
2026-05-23T14:15:00+02:00,0.0
2026-05-23T14:30:00+02:00,0.0
2026-05-23T14:45:00+02:00,0.0
2026-05-23T15:00:00+02:00,0.0
2026-05-23T15:15:00+02:00,0.0
2026-05-23T15:30:00+02:00,0.0
2026-05-23T15:45:00+02:00,0.0
2026-05-23T16:00:00+02:00,0.0
2026-05-23T16:15:00+02:00,0.0
2026-05-23T16:30:00+02:00,0.0
2026-05-23T16:45:00+02:00,0.0
2026-05-23T17:00:00+02:00,0.0
2026-05-23T17:15:00+02:00,0.0
2026-05-23T17:30:00+02:00,0.0
2026-05-23T17:45:00+02:00,0.0
2026-05-23T18:00:00+02:00,0.0
2026-05-23T18:15:00+02:00,0.0
2026-05-23T18:30:00+02:00,0.0
2026-05-23T18:45:00+02:00,0.0
2026-05-23T19:00:00+02:00,0.0
2026-05-23T19:15:00+02:00,0.0
2026-05-23T19:30:00+02:00,0.0
2026-05-23T19:45:00+02:00,0.0
2026-05-23T20:00:00+02:00,0.0
2026-05-23T20:15:00+02:00,0.0
2026-05-23T20:30:00+02:00,0.0
2026-05-23T20:45:00+02:00,0.0
2026-05-23T21:00:00+02:00,0.0
2026-05-23T21:15:00+02:00,0.0
2026-05-23T21:30:00+02:00,0.0
2026-05-23T21:45:00+02:00,0.0
2026-05-23T22:00:00+02:00,0.0
2026-05-23T22:15:00+02:00,0.0
2026-05-23T22:30:00+02:00,0.0
2026-05-23T22:45:00+02:00,0.0
2026-05-23T23:00:00+02:00,0.0
2026-05-23T23:15:00+02:00,0.0
2026-05-23T23:30:00+02:00,0.0
2026-05-23T23:45:00+02:00,0.0
2026-05-24T00:00:00+02:00,0.0
2026-05-24T00:15:00+02:00,0.0
2026-05-24T00:30:00+02:00,0.0
2026-05-24T00:45:00+02:00,0.0
2026-05-24T01:00:00+02:00,0.0
2026-05-24T01:15:00+02:00,0.0
2026-05-24T01:30:00+02:00,0.0
2026-05-24T01:45:00+02:00,0.0
2026-05-24T02:00:00+02:00,0.0
2026-05-24T02:15:00+02:00,0.0
2026-05-24T02:30:00+02:00,0.0
2026-05-24T02:45:00+02:00,0.0
2026-05-24T03:00:00+02:00,0.0
2026-05-24T03:15:00+02:00,0.0
2026-05-24T03:30:00+02:00,0.0
2026-05-24T03:45:00+02:00,0.0
2026-05-24T04:00:00+02:00,0.0
2026-05-24T04:15:00+02:00,0.0
2026-05-24T04:30:00+02:00,0.0
2026-05-24T04:45:00+02:00,0.0
2026-05-24T05:00:00+02:00,0.0
2026-05-24T05:15:00+02:00,0.0
2026-05-24T05:30:00+02:00,0.0
2026-05-24T05:45:00+02:00,0.0
2026-05-24T06:00:00+02:00,0.0
2026-05-24T06:15:00+02:00,0.0
2026-05-24T06:30:00+02:00,0.0
2026-05-24T06:45:00+02:00,0.0
2026-05-24T07:00:00+02:00,0.0
2026-05-24T07:15:00+02:00,0.0
2026-05-24T07:30:00+02:00,0.0
2026-05-24T07:45:00+02:00,0.0
2026-05-24T08:00:00+02:00,0.0
2026-05-24T08:15:00+02:00,0.0
2026-05-24T08:30:00+02:00,0.0
2026-05-24T08:45:00+02:00,0.0
2026-05-24T09:00:00+02:00,0.0
2026-05-24T09:15:00+02:00,0.0
2026-05-24T09:30:00+02:00,0.0
2026-05-24T09:45:00+02:00,0.0
2026-05-24T10:00:00+02:00,0.0
2026-05-24T10:15:00+02:00,0.0
2026-05-24T10:30:00+02:00,0.0
2026-05-24T10:45:00+02:00,0.0
2026-05-24T11:00:00+02:00,0.0
2026-05-24T11:15:00+02:00,0.0
2026-05-24T11:30:00+02:00,0.0
2026-05-24T11:45:00+02:00,0.0
2026-05-24T12:00:00+02:00,0.0
2026-05-24T12:15:00+02:00,0.0
2026-05-24T12:30:00+02:00,0.0
2026-05-24T12:45:00+02:00,0.0
2026-05-24T13:00:00+02:00,0.0
2026-05-24T13:15:00+02:00,0.0
2026-05-24T13:30:00+02:00,0.0
2026-05-24T13:45:00+02:00,0.0
2026-05-24T14:00:00+02:00,0.0
2026-05-24T14:15:00+02:00,0.0
2026-05-24T14:30:00+02:00,0.0
2026-05-24T14:45:00+02:00,0.0
2026-05-24T15:00:00+02:00,0.0
2026-05-24T15:15:00+02:00,0.0
2026-05-24T15:30:00+02:00,0.0
2026-05-24T15:45:00+02:00,0.0
2026-05-24T16:00:00+02:00,0.0
2026-05-24T16:15:00+02:00,0.0
2026-05-24T16:30:00+02:00,0.0
2026-05-24T16:45:00+02:00,0.0
2026-05-24T17:00:00+02:00,0.0
2026-05-24T17:15:00+02:00,0.0
2026-05-24T17:30:00+02:00,0.0
2026-05-24T17:45:00+02:00,0.0
2026-05-24T18:00:00+02:00,0.0
2026-05-24T18:15:00+02:00,0.0
2026-05-24T18:30:00+02:00,0.0
2026-05-24T18:45:00+02:00,0.0
2026-05-24T19:00:00+02:00,0.0
2026-05-24T19:15:00+02:00,0.0
2026-05-24T19:30:00+02:00,0.0
2026-05-24T19:45:00+02:00,0.0
2026-05-24T20:00:00+02:00,0.0
2026-05-24T20:15:00+02:00,0.0
2026-05-24T20:30:00+02:00,0.0
2026-05-24T20:45:00+02:00,0.0
2026-05-24T21:00:00+02:00,0.0
2026-05-24T21:15:00+02:00,0.0
2026-05-24T21:30:00+02:00,0.0
2026-05-24T21:45:00+02:00,0.0
2026-05-24T22:00:00+02:00,0.0
2026-05-24T22:15:00+02:00,0.0
2026-05-24T22:30:00+02:00,0.0
2026-05-24T22:45:00+02:00,0.0
2026-05-24T23:00:00+02:00,0.0
2026-05-24T23:15:00+02:00,0.0
2026-05-24T23:30:00+02:00,0.0
2026-05-24T23:45:00+02:00,0.0
2026-05-25T00:00:00+02:00,0.0
2026-05-25T00:15:00+02:00,0.0
2026-05-25T00:30:00+02:00,0.0
2026-05-25T00:45:00+02:00,0.0
2026-05-25T01:00:00+02:00,0.0
2026-05-25T01:15:00+02:00,0.0
2026-05-25T01:30:00+02:00,0.0
2026-05-25T01:45:00+02:00,0.0
2026-05-25T02:00:00+02:00,0.0
2026-05-25T02:15:00+02:00,0.0
2026-05-25T02:30:00+02:00,0.0
2026-05-25T02:45:00+02:00,0.0
2026-05-25T03:00:00+02:00,0.0
2026-05-25T03:15:00+02:00,0.0
2026-05-25T03:30:00+02:00,0.0
2026-05-25T03:45:00+02:00,0.0
2026-05-25T04:00:00+02:00,0.0
2026-05-25T04:15:00+02:00,0.0
2026-05-25T04:30:00+02:00,0.0
2026-05-25T04:45:00+02:00,0.0
2026-05-25T05:00:00+02:00,0.0
2026-05-25T05:15:00+02:00,0.0
2026-05-25T05:30:00+02:00,0.0
2026-05-25T05:45:00+02:00,0.0
2026-05-25T06:00:00+02:00,0.0
2026-05-25T06:15:00+02:00,0.0
2026-05-25T06:30:00+02:00,0.0
2026-05-25T06:45:00+02:00,0.0
2026-05-25T07:00:00+02:00,0.0
2026-05-25T07:15:00+02:00,0.0
2026-05-25T07:30:00+02:00,0.0
2026-05-25T07:45:00+02:00,0.0
2026-05-25T08:00:00+02:00,0.0
2026-05-25T08:15:00+02:00,0.0
2026-05-25T08:30:00+02:00,0.0
2026-05-25T08:45:00+02:00,0.0
2026-05-25T09:00:00+02:00,0.0
2026-05-25T09:15:00+02:00,0.0
2026-05-25T09:30:00+02:00,0.0
2026-05-25T09:45:00+02:00,0.0
2026-05-25T10:00:00+02:00,0.0
2026-05-25T10:15:00+02:00,0.0
2026-05-25T10:30:00+02:00,0.0
2026-05-25T10:45:00+02:00,0.0
2026-05-25T11:00:00+02:00,0.0
2026-05-25T11:15:00+02:00,0.0
2026-05-25T11:30:00+02:00,0.0
2026-05-25T11:45:00+02:00,0.0
2026-05-25T12:00:00+02:00,0.0
2026-05-25T12:15:00+02:00,0.0
2026-05-25T12:30:00+02:00,0.0
2026-05-25T12:45:00+02:00,0.0
2026-05-25T13:00:00+02:00,0.0
2026-05-25T13:15:00+02:00,0.0
2026-05-25T13:30:00+02:00,0.0
2026-05-25T13:45:00+02:00,0.0
2026-05-25T14:00:00+02:00,0.0
2026-05-25T14:15:00+02:00,0.0
2026-05-25T14:30:00+02:00,0.0
2026-05-25T14:45:00+02:00,0.0
2026-05-25T15:00:00+02:00,0.0
2026-05-25T15:15:00+02:00,0.0
2026-05-25T15:30:00+02:00,0.0
2026-05-25T15:45:00+02:00,0.0
2026-05-25T16:00:00+02:00,0.0
2026-05-25T16:15:00+02:00,0.0
2026-05-25T16:30:00+02:00,0.0
2026-05-25T16:45:00+02:00,0.0
2026-05-25T17:00:00+02:00,0.0
2026-05-25T17:15:00+02:00,0.0
2026-05-25T17:30:00+02:00,0.0
2026-05-25T17:45:00+02:00,0.0
2026-05-25T18:00:00+02:00,0.0
2026-05-25T18:15:00+02:00,0.0
2026-05-25T18:30:00+02:00,0.0
2026-05-25T18:45:00+02:00,0.0
2026-05-25T19:00:00+02:00,0.0
2026-05-25T19:15:00+02:00,0.0
2026-05-25T19:30:00+02:00,0.0
2026-05-25T19:45:00+02:00,0.0
2026-05-25T20:00:00+02:00,0.0
2026-05-25T20:15:00+02:00,0.0
2026-05-25T20:30:00+02:00,0.0
2026-05-25T20:45:00+02:00,0.0
2026-05-25T21:00:00+02:00,0.0
2026-05-25T21:15:00+02:00,0.0
2026-05-25T21:30:00+02:00,0.0
2026-05-25T21:45:00+02:00,0.0
2026-05-25T22:00:00+02:00,0.0
2026-05-25T22:15:00+02:00,0.0
2026-05-25T22:30:00+02:00,0.0
2026-05-25T22:45:00+02:00,0.0
2026-05-25T23:00:00+02:00,0.0
2026-05-25T23:15:00+02:00,0.0
2026-05-25T23:30:00+02:00,0.0
2026-05-25T23:45:00+02:00,0.0
2026-05-26T00:00:00+02:00,0.0
2026-05-26T00:15:00+02:00,0.0
2026-05-26T00:30:00+02:00,0.0
2026-05-26T00:45:00+02:00,0.0
2026-05-26T01:00:00+02:00,0.0
2026-05-26T01:15:00+02:00,0.0
2026-05-26T01:30:00+02:00,0.0
2026-05-26T01:45:00+02:00,0.0
2026-05-26T02:00:00+02:00,0.0
2026-05-26T02:15:00+02:00,0.0
2026-05-26T02:30:00+02:00,0.0
2026-05-26T02:45:00+02:00,0.0
2026-05-26T03:00:00+02:00,0.0
2026-05-26T03:15:00+02:00,0.0
2026-05-26T03:30:00+02:00,0.0
2026-05-26T03:45:00+02:00,0.0
2026-05-26T04:00:00+02:00,0.0
2026-05-26T04:15:00+02:00,0.0
2026-05-26T04:30:00+02:00,0.0
2026-05-26T04:45:00+02:00,0.0
2026-05-26T05:00:00+02:00,0.0
2026-05-26T05:15:00+02:00,0.0
2026-05-26T05:30:00+02:00,0.0
2026-05-26T05:45:00+02:00,0.0
2026-05-26T06:00:00+02:00,0.0
2026-05-26T06:15:00+02:00,0.20566
2026-05-26T06:30:00+02:00,0.753555
2026-05-26T06:45:00+02:00,2.304585
2026-05-26T07:00:00+02:00,4.47616
2026-05-26T07:15:00+02:00,4.999814
2026-05-26T07:30:00+02:00,5.61632
2026-05-26T07:45:00+02:00,6.018827
2026-05-26T08:00:00+02:00,6.03218
2026-05-26T08:15:00+02:00,6.004526
2026-05-26T08:30:00+02:00,6.046754
2026-05-26T08:45:00+02:00,6.00344
2026-05-26T09:00:00+02:00,6.01746
2026-05-26T09:15:00+02:00,5.992346
2026-05-26T09:30:00+02:00,6.027654
2026-05-26T09:45:00+02:00,6.01674
2026-05-26T10:00:00+02:00,6.017624
2026-05-26T10:15:00+02:00,5.991076
2026-05-26T10:30:00+02:00,6.01802
2026-05-26T10:45:00+02:00,5.949879
2026-05-26T11:00:00+02:00,6.005999
2026-05-26T11:15:00+02:00,6.056282
2026-05-26T11:30:00+02:00,5.94708
2026-05-26T11:45:00+02:00,5.936217
2026-05-26T12:00:00+02:00,5.706763
2026-05-26T12:15:00+02:00,6.02668
2026-05-26T12:30:00+02:00,6.0884
2026-05-26T12:45:00+02:00,2.71248
2026-05-26T13:00:00+02:00,2.85054
2026-05-26T13:15:00+02:00,3.592
2026-05-26T13:30:00+02:00,5.3968
2026-05-26T13:45:00+02:00,5.713857
2026-05-26T14:00:00+02:00,5.966163
2026-05-26T14:15:00+02:00,5.07872
2026-05-26T14:30:00+02:00,5.25504
2026-05-26T14:45:00+02:00,5.33008
2026-05-26T15:00:00+02:00,5.47574
2026-05-26T15:15:00+02:00,5.96888
2026-05-26T15:30:00+02:00,5.91818
2026-05-26T15:45:00+02:00,5.951637
2026-05-26T16:00:00+02:00,6.052763
2026-05-26T16:15:00+02:00,4.6256
2026-05-26T16:30:00+02:00,4.1608
2026-05-26T16:45:00+02:00,5.8993
2026-05-26T17:00:00+02:00,5.82936
2026-05-26T17:15:00+02:00,5.759697
2026-05-26T17:30:00+02:00,5.369755
2026-05-26T17:45:00+02:00,5.959508
2026-05-26T18:00:00+02:00,5.83842
2026-05-26T18:15:00+02:00,4.04926
2026-05-26T18:30:00+02:00,4.2662
2026-05-26T18:45:00+02:00,1.23832
2026-05-26T19:00:00+02:00,0.36472
2026-05-26T19:15:00+02:00,2.9685
2026-05-26T19:30:00+02:00,5.935893
2026-05-26T19:45:00+02:00,5.936087
2026-05-26T20:00:00+02:00,5.93346
2026-05-26T20:15:00+02:00,5.936283
2026-05-26T20:30:00+02:00,5.942698
2026-05-26T20:45:00+02:00,5.908639
2026-05-26T21:00:00+02:00,5.91274
2026-05-26T21:15:00+02:00,5.92364
2026-05-26T21:30:00+02:00,5.91708
2026-05-26T21:45:00+02:00,5.53016
2026-05-26T22:00:00+02:00,5.15534
2026-05-26T22:15:00+02:00,1.86876
2026-05-26T22:30:00+02:00,0.93468
2026-05-26T22:45:00+02:00,0.30818
2026-05-26T23:00:00+02:00,0.0
2026-05-26T23:15:00+02:00,0.0
2026-05-26T23:30:00+02:00,0.0
2026-05-26T23:45:00+02:00,0.0
2026-05-27T00:00:00+02:00,0.0
2026-05-27T00:15:00+02:00,0.03276
2026-05-27T00:30:00+02:00,0.72684
2026-05-27T00:45:00+02:00,2.630069
2026-05-27T01:00:00+02:00,2.223071
2026-05-27T01:15:00+02:00,1.52888
2026-05-27T01:30:00+02:00,0.19838
2026-05-27T01:45:00+02:00,0.0
2026-05-27T02:00:00+02:00,0.0
2026-05-27T02:15:00+02:00,0.0
2026-05-27T02:30:00+02:00,0.0
2026-05-27T02:45:00+02:00,0.0
2026-05-27T03:00:00+02:00,0.0
2026-05-27T03:15:00+02:00,0.0
2026-05-27T03:30:00+02:00,0.0
2026-05-27T03:45:00+02:00,0.416
2026-05-27T04:00:00+02:00,0.0
2026-05-27T04:15:00+02:00,0.0
2026-05-27T04:30:00+02:00,0.880952
2026-05-27T04:45:00+02:00,0.539048
2026-05-27T05:00:00+02:00,0.0
2026-05-27T05:15:00+02:00,2.43626
2026-05-27T05:30:00+02:00,0.562071
2026-05-27T05:45:00+02:00,2.096239
2026-05-27T06:00:00+02:00,3.252843
2026-05-27T06:15:00+02:00,4.952188
2026-05-27T06:30:00+02:00,6.02134
2026-05-27T06:45:00+02:00,6.08162
2026-05-27T07:00:00+02:00,6.04036
2026-05-27T07:15:00+02:00,6.0411
2026-05-27T07:30:00+02:00,6.02398
2026-05-27T07:45:00+02:00,6.08181
2026-05-27T08:00:00+02:00,6.02547
2026-05-27T08:15:00+02:00,5.99126
2026-05-27T08:30:00+02:00,5.968036
2026-05-27T08:45:00+02:00,6.037804
2026-05-27T09:00:00+02:00,6.10366
2026-05-27T09:15:00+02:00,4.989524
2026-05-27T09:30:00+02:00,4.906409
2026-05-27T09:45:00+02:00,1.732227
2026-05-27T10:00:00+02:00,1.37816
2026-05-27T10:15:00+02:00,2.89204
2026-05-27T10:30:00+02:00,3.14674
2026-05-27T10:45:00+02:00,1.2759
2026-05-27T11:00:00+02:00,1.70484
2026-05-27T11:15:00+02:00,0.04212
2026-05-27T11:30:00+02:00,0.0
2026-05-27T11:45:00+02:00,0.0
2026-05-27T12:00:00+02:00,0.461451
2026-05-27T12:15:00+02:00,0.620569
2026-05-27T12:30:00+02:00,2.7637
2026-05-27T12:45:00+02:00,0.65428
2026-05-27T13:00:00+02:00,0.0
2026-05-27T13:15:00+02:00,0.0
2026-05-27T13:30:00+02:00,0.0
2026-05-27T13:45:00+02:00,1.09748
2026-05-27T14:00:00+02:00,0.46652
2026-05-27T14:15:00+02:00,1.850818
2026-05-27T14:30:00+02:00,1.936702
2026-05-27T14:45:00+02:00,2.78792
2026-05-27T15:00:00+02:00,5.27126
2026-05-27T15:15:00+02:00,5.97256
2026-05-27T15:30:00+02:00,5.95418
2026-05-27T15:45:00+02:00,5.96546
2026-05-27T16:00:00+02:00,5.16398
2026-05-27T16:15:00+02:00,5.24228
2026-05-27T16:30:00+02:00,4.72622
2026-05-27T16:45:00+02:00,5.9577
2026-05-27T17:00:00+02:00,5.70042
2026-05-27T17:15:00+02:00,5.435851
2026-05-27T17:30:00+02:00,5.917053
2026-05-27T17:45:00+02:00,5.912476
2026-05-27T18:00:00+02:00,5.9231
2026-05-27T18:15:00+02:00,5.61588
2026-05-27T18:30:00+02:00,1.79414
2026-05-27T18:45:00+02:00,0.0
2026-05-27T19:00:00+02:00,0.0
2026-05-27T19:15:00+02:00,0.0
2026-05-27T19:30:00+02:00,0.0
2026-05-27T19:45:00+02:00,0.0
2026-05-27T20:00:00+02:00,0.0
2026-05-27T20:15:00+02:00,0.0
2026-05-27T20:30:00+02:00,0.0
2026-05-27T20:45:00+02:00,0.0
2026-05-27T21:00:00+02:00,2.6549
2026-05-27T21:15:00+02:00,5.92946
2026-05-27T21:30:00+02:00,5.98547
2026-05-27T21:45:00+02:00,5.77917
2026-05-27T22:00:00+02:00,2.95724
2026-05-27T22:15:00+02:00,0.04176
2026-05-27T22:30:00+02:00,0.0
2026-05-27T22:45:00+02:00,0.0
2026-05-27T23:00:00+02:00,0.0
2026-05-27T23:15:00+02:00,0.39676
2026-05-27T23:30:00+02:00,0.47524
2026-05-27T23:45:00+02:00,0.0
2026-05-28T00:00:00+02:00,0.0
2026-05-28T00:15:00+02:00,0.38
2026-05-28T00:30:00+02:00,0.0
2026-05-28T00:45:00+02:00,0.0
2026-05-28T01:00:00+02:00,0.0
2026-05-28T01:15:00+02:00,0.0
2026-05-28T01:30:00+02:00,0.0
2026-05-28T01:45:00+02:00,0.16016
2026-05-28T02:00:00+02:00,0.19184
2026-05-28T02:15:00+02:00,0.0
2026-05-28T02:30:00+02:00,0.0
2026-05-28T02:45:00+02:00,0.0
2026-05-28T03:00:00+02:00,0.3629
2026-05-28T03:15:00+02:00,1.87105
2026-05-28T03:30:00+02:00,1.07695
2026-05-28T03:45:00+02:00,0.99882
2026-05-28T04:00:00+02:00,1.279318
2026-05-28T04:15:00+02:00,0.382962
2026-05-28T04:30:00+02:00,0.77928
2026-05-28T04:45:00+02:00,3.26392
2026-05-28T05:00:00+02:00,2.023
2026-05-28T05:15:00+02:00,1.32978
2026-05-28T05:30:00+02:00,3.4576
2026-05-28T05:45:00+02:00,3.04448
2026-05-28T06:00:00+02:00,4.88314
2026-05-28T06:15:00+02:00,5.9984
2026-05-28T06:30:00+02:00,5.9946
2026-05-28T06:45:00+02:00,6.08144
2026-05-28T07:00:00+02:00,6.05784
2026-05-28T07:15:00+02:00,6.0418
2026-05-28T07:30:00+02:00,6.0405
2026-05-28T07:45:00+02:00,5.82606
2026-05-28T08:00:00+02:00,6.12548
2026-05-28T08:15:00+02:00,6.037286
2026-05-28T08:30:00+02:00,5.315728
2026-05-28T08:45:00+02:00,5.998946
2026-05-28T09:00:00+02:00,6.02018
2026-05-28T09:15:00+02:00,6.016166
2026-05-28T09:30:00+02:00,6.039114
2026-05-28T09:45:00+02:00,5.556866
2026-05-28T10:00:00+02:00,6.047854
2026-05-28T10:15:00+02:00,6.00782
2026-05-28T10:30:00+02:00,6.0049
2026-05-28T10:45:00+02:00,6.00782
2026-05-28T11:00:00+02:00,6.043221
2026-05-28T11:15:00+02:00,6.018619
2026-05-28T11:30:00+02:00,6.01088
2026-05-28T11:45:00+02:00,5.980252
2026-05-28T12:00:00+02:00,5.991269
2026-05-28T12:15:00+02:00,6.06012
2026-05-28T12:30:00+02:00,5.75498
2026-05-28T12:45:00+02:00,3.52056
2026-05-28T13:00:00+02:00,4.62662
2026-05-28T13:15:00+02:00,5.415657
2026-05-28T13:30:00+02:00,5.990543
2026-05-28T13:45:00+02:00,5.97636
2026-05-28T14:00:00+02:00,5.965309
2026-05-28T14:15:00+02:00,6.058351
2026-05-28T14:30:00+02:00,6.12604
2026-05-28T14:45:00+02:00,4.14282
2026-05-28T15:00:00+02:00,5.75368
2026-05-28T15:15:00+02:00,6.12328
2026-05-28T15:30:00+02:00,5.999643
2026-05-28T15:45:00+02:00,6.049057
2026-05-28T16:00:00+02:00,5.99238
2026-05-28T16:15:00+02:00,6.041684
2026-05-28T16:30:00+02:00,5.995637
2026-05-28T16:45:00+02:00,5.972118
2026-05-28T17:00:00+02:00,5.95636
2026-05-28T17:15:00+02:00,5.959655
2026-05-28T17:30:00+02:00,6.044565
2026-05-28T17:45:00+02:00,6.0682
2026-05-28T18:00:00+02:00,6.12272
2026-05-28T18:15:00+02:00,5.85072
2026-05-28T18:30:00+02:00,6.045412
2026-05-28T18:45:00+02:00,5.572788
2026-05-28T19:00:00+02:00,5.151938
2026-05-28T19:15:00+02:00,2.525562
2026-05-28T19:30:00+02:00,4.705606
2026-05-28T19:45:00+02:00,5.250914
2026-05-28T20:00:00+02:00,5.71532
2026-05-28T20:15:00+02:00,6.102837
2026-05-28T20:30:00+02:00,6.087859
2026-05-28T20:45:00+02:00,5.924624
2026-05-28T21:00:00+02:00,5.9471
2026-05-28T21:15:00+02:00,5.9864
2026-05-28T21:30:00+02:00,6.0207
2026-05-28T21:45:00+02:00,5.788895
2026-05-28T22:00:00+02:00,3.346485
2026-05-28T22:15:00+02:00,1.90876
2026-05-28T22:30:00+02:00,1.519833
2026-05-28T22:45:00+02:00,0.023667
2026-05-28T23:00:00+02:00,0.0
2026-05-28T23:15:00+02:00,0.0
2026-05-28T23:30:00+02:00,0.0
2026-05-28T23:45:00+02:00,0.0
2026-05-29T00:00:00+02:00,0.0
2026-05-29T00:15:00+02:00,0.0
2026-05-29T00:30:00+02:00,0.0
2026-05-29T00:45:00+02:00,0.0
2026-05-29T01:00:00+02:00,0.0
2026-05-29T01:15:00+02:00,0.0
2026-05-29T01:30:00+02:00,0.0
2026-05-29T01:45:00+02:00,0.0
2026-05-29T02:00:00+02:00,0.0
2026-05-29T02:15:00+02:00,0.0
2026-05-29T02:30:00+02:00,0.0
2026-05-29T02:45:00+02:00,0.0
2026-05-29T03:00:00+02:00,0.0
2026-05-29T03:15:00+02:00,0.0
2026-05-29T03:30:00+02:00,0.0
2026-05-29T03:45:00+02:00,0.0
2026-05-29T04:00:00+02:00,0.0
2026-05-29T04:15:00+02:00,0.0
2026-05-29T04:30:00+02:00,0.0
2026-05-29T04:45:00+02:00,0.0
2026-05-29T05:00:00+02:00,0.0
2026-05-29T05:15:00+02:00,0.0
2026-05-29T05:30:00+02:00,0.0
2026-05-29T05:45:00+02:00,0.67522
2026-05-29T06:00:00+02:00,3.17718
2026-05-29T06:15:00+02:00,3.277836
2026-05-29T06:30:00+02:00,4.18549
2026-05-29T06:45:00+02:00,5.028234
2026-05-29T07:00:00+02:00,6.08574
2026-05-29T07:15:00+02:00,6.191335
2026-05-29T07:30:00+02:00,6.158645
2026-05-29T07:45:00+02:00,5.99414
2026-05-29T08:00:00+02:00,5.99201
2026-05-29T08:15:00+02:00,6.04071
2026-05-29T08:30:00+02:00,5.982
2026-05-29T08:45:00+02:00,5.95836
2026-05-29T09:00:00+02:00,5.948421
2026-05-29T09:15:00+02:00,5.944299
2026-05-29T09:30:00+02:00,5.98038
2026-05-29T09:45:00+02:00,4.515108
2026-05-29T10:00:00+02:00,4.189166
2026-05-29T10:15:00+02:00,6.093769
2026-05-29T10:30:00+02:00,6.098771
2026-05-29T10:45:00+02:00,6.020285
2026-05-29T11:00:00+02:00,6.05674
2026-05-29T11:15:00+02:00,6.072317
2026-05-29T11:30:00+02:00,5.907603
2026-05-29T11:45:00+02:00,0.17424
2026-05-29T12:00:00+02:00,0.0
2026-05-29T12:15:00+02:00,0.0
2026-05-29T12:30:00+02:00,0.0
2026-05-29T12:45:00+02:00,0.0
2026-05-29T13:00:00+02:00,0.0
2026-05-29T13:15:00+02:00,0.0
2026-05-29T13:30:00+02:00,0.0
2026-05-29T13:45:00+02:00,0.0
2026-05-29T14:00:00+02:00,0.0
2026-05-29T14:15:00+02:00,0.0
2026-05-29T14:30:00+02:00,0.0
2026-05-29T14:45:00+02:00,0.0
2026-05-29T15:00:00+02:00,0.0
2026-05-29T15:15:00+02:00,0.0
2026-05-29T15:30:00+02:00,0.0
2026-05-29T15:45:00+02:00,0.0
2026-05-29T16:00:00+02:00,0.0
2026-05-29T16:15:00+02:00,0.0
2026-05-29T16:30:00+02:00,0.0
2026-05-29T16:45:00+02:00,0.0
2026-05-29T17:00:00+02:00,0.0
2026-05-29T17:15:00+02:00,0.0
2026-05-29T17:30:00+02:00,0.0
2026-05-29T17:45:00+02:00,0.0
2026-05-29T18:00:00+02:00,0.0
2026-05-29T18:15:00+02:00,0.0
2026-05-29T18:30:00+02:00,0.0
2026-05-29T18:45:00+02:00,0.0
2026-05-29T19:00:00+02:00,0.0
2026-05-29T19:15:00+02:00,0.0
2026-05-29T19:30:00+02:00,0.0
2026-05-29T19:45:00+02:00,0.0
2026-05-29T20:00:00+02:00,0.0
2026-05-29T20:15:00+02:00,0.0
2026-05-29T20:30:00+02:00,0.0
2026-05-29T20:45:00+02:00,0.0
2026-05-29T21:00:00+02:00,0.0
2026-05-29T21:15:00+02:00,0.0
2026-05-29T21:30:00+02:00,0.0
2026-05-29T21:45:00+02:00,0.0
2026-05-29T22:00:00+02:00,0.0
2026-05-29T22:15:00+02:00,0.0
2026-05-29T22:30:00+02:00,0.0
2026-05-29T22:45:00+02:00,0.0
2026-05-29T23:00:00+02:00,0.0
2026-05-29T23:15:00+02:00,0.0
2026-05-29T23:30:00+02:00,0.0
2026-05-29T23:45:00+02:00,0.0
2026-05-30T00:00:00+02:00,0.0
2026-05-30T00:15:00+02:00,0.0
2026-05-30T00:30:00+02:00,0.0
2026-05-30T00:45:00+02:00,0.0
2026-05-30T01:00:00+02:00,0.0
2026-05-30T01:15:00+02:00,0.0
2026-05-30T01:30:00+02:00,0.0
2026-05-30T01:45:00+02:00,0.0
2026-05-30T02:00:00+02:00,0.0
2026-05-30T02:15:00+02:00,0.0
2026-05-30T02:30:00+02:00,0.0
2026-05-30T02:45:00+02:00,0.0
2026-05-30T03:00:00+02:00,0.0
2026-05-30T03:15:00+02:00,0.0
2026-05-30T03:30:00+02:00,0.0
2026-05-30T03:45:00+02:00,0.0
2026-05-30T04:00:00+02:00,0.0
2026-05-30T04:15:00+02:00,0.0
2026-05-30T04:30:00+02:00,0.0
2026-05-30T04:45:00+02:00,0.0
2026-05-30T05:00:00+02:00,0.0
2026-05-30T05:15:00+02:00,0.0
2026-05-30T05:30:00+02:00,0.0
2026-05-30T05:45:00+02:00,0.0
2026-05-30T06:00:00+02:00,0.0
2026-05-30T06:15:00+02:00,0.0
2026-05-30T06:30:00+02:00,0.0
2026-05-30T06:45:00+02:00,0.0
2026-05-30T07:00:00+02:00,0.0
2026-05-30T07:15:00+02:00,0.0
2026-05-30T07:30:00+02:00,0.0
2026-05-30T07:45:00+02:00,0.0
2026-05-30T08:00:00+02:00,0.0
2026-05-30T08:15:00+02:00,0.0
2026-05-30T08:30:00+02:00,0.0
2026-05-30T08:45:00+02:00,0.0
2026-05-30T09:00:00+02:00,0.0
2026-05-30T09:15:00+02:00,0.0
2026-05-30T09:30:00+02:00,0.0
2026-05-30T09:45:00+02:00,0.0
2026-05-30T10:00:00+02:00,0.0
2026-05-30T10:15:00+02:00,0.0
2026-05-30T10:30:00+02:00,0.0
2026-05-30T10:45:00+02:00,0.0
2026-05-30T11:00:00+02:00,0.0
2026-05-30T11:15:00+02:00,0.0
2026-05-30T11:30:00+02:00,0.0
2026-05-30T11:45:00+02:00,0.0
2026-05-30T12:00:00+02:00,0.0
2026-05-30T12:15:00+02:00,0.0
2026-05-30T12:30:00+02:00,0.0
2026-05-30T12:45:00+02:00,0.0
2026-05-30T13:00:00+02:00,0.0
2026-05-30T13:15:00+02:00,0.0
2026-05-30T13:30:00+02:00,0.0
2026-05-30T13:45:00+02:00,0.0
2026-05-30T14:00:00+02:00,0.0
2026-05-30T14:15:00+02:00,0.0
2026-05-30T14:30:00+02:00,0.0
2026-05-30T14:45:00+02:00,0.0
2026-05-30T15:00:00+02:00,0.0
2026-05-30T15:15:00+02:00,0.0
2026-05-30T15:30:00+02:00,0.0
2026-05-30T15:45:00+02:00,0.0
2026-05-30T16:00:00+02:00,0.0
2026-05-30T16:15:00+02:00,0.0
2026-05-30T16:30:00+02:00,0.0
2026-05-30T16:45:00+02:00,0.0
2026-05-30T17:00:00+02:00,0.0
2026-05-30T17:15:00+02:00,0.0
2026-05-30T17:30:00+02:00,0.0
2026-05-30T17:45:00+02:00,0.0
2026-05-30T18:00:00+02:00,0.0
2026-05-30T18:15:00+02:00,0.0
2026-05-30T18:30:00+02:00,0.0
2026-05-30T18:45:00+02:00,0.0
2026-05-30T19:00:00+02:00,0.0
2026-05-30T19:15:00+02:00,0.0
2026-05-30T19:30:00+02:00,0.0
2026-05-30T19:45:00+02:00,0.0
2026-05-30T20:00:00+02:00,0.0
2026-05-30T20:15:00+02:00,0.0
2026-05-30T20:30:00+02:00,0.0
2026-05-30T20:45:00+02:00,0.0
2026-05-30T21:00:00+02:00,0.0
2026-05-30T21:15:00+02:00,0.0
2026-05-30T21:30:00+02:00,0.0
2026-05-30T21:45:00+02:00,0.0
2026-05-30T22:00:00+02:00,0.0
2026-05-30T22:15:00+02:00,0.0
2026-05-30T22:30:00+02:00,0.0
2026-05-30T22:45:00+02:00,0.0
2026-05-30T23:00:00+02:00,0.0
2026-05-30T23:15:00+02:00,0.0
2026-05-30T23:30:00+02:00,0.0
2026-05-30T23:45:00+02:00,0.0
2026-05-31T00:00:00+02:00,0.0
2026-05-31T00:15:00+02:00,0.0
2026-05-31T00:30:00+02:00,0.0
2026-05-31T00:45:00+02:00,0.0
2026-05-31T01:00:00+02:00,0.0
2026-05-31T01:15:00+02:00,0.0
2026-05-31T01:30:00+02:00,0.0
2026-05-31T01:45:00+02:00,0.0
2026-05-31T02:00:00+02:00,0.0
2026-05-31T02:15:00+02:00,0.0
2026-05-31T02:30:00+02:00,0.0
2026-05-31T02:45:00+02:00,0.0
2026-05-31T03:00:00+02:00,0.0
2026-05-31T03:15:00+02:00,0.0
2026-05-31T03:30:00+02:00,0.0
2026-05-31T03:45:00+02:00,0.0
2026-05-31T04:00:00+02:00,0.0
2026-05-31T04:15:00+02:00,0.0
2026-05-31T04:30:00+02:00,0.0
2026-05-31T04:45:00+02:00,0.0
2026-05-31T05:00:00+02:00,0.0
2026-05-31T05:15:00+02:00,0.0
2026-05-31T05:30:00+02:00,0.0
2026-05-31T05:45:00+02:00,0.0
2026-05-31T06:00:00+02:00,0.0
2026-05-31T06:15:00+02:00,0.0
2026-05-31T06:30:00+02:00,0.0
2026-05-31T06:45:00+02:00,0.0
2026-05-31T07:00:00+02:00,0.0
2026-05-31T07:15:00+02:00,0.0
2026-05-31T07:30:00+02:00,0.0
2026-05-31T07:45:00+02:00,0.0
2026-05-31T08:00:00+02:00,0.0
2026-05-31T08:15:00+02:00,0.0
2026-05-31T08:30:00+02:00,0.0
2026-05-31T08:45:00+02:00,0.0
2026-05-31T09:00:00+02:00,0.0
2026-05-31T09:15:00+02:00,0.0
2026-05-31T09:30:00+02:00,0.0
2026-05-31T09:45:00+02:00,0.0
2026-05-31T10:00:00+02:00,0.0
2026-05-31T10:15:00+02:00,0.0
2026-05-31T10:30:00+02:00,0.0
2026-05-31T10:45:00+02:00,0.0
2026-05-31T11:00:00+02:00,0.0
2026-05-31T11:15:00+02:00,0.0
2026-05-31T11:30:00+02:00,0.0
2026-05-31T11:45:00+02:00,0.0
2026-05-31T12:00:00+02:00,0.0
2026-05-31T12:15:00+02:00,0.0
2026-05-31T12:30:00+02:00,0.0
2026-05-31T12:45:00+02:00,0.0
2026-05-31T13:00:00+02:00,0.0
2026-05-31T13:15:00+02:00,0.0
2026-05-31T13:30:00+02:00,0.0
2026-05-31T13:45:00+02:00,0.0
2026-05-31T14:00:00+02:00,0.0
2026-05-31T14:15:00+02:00,0.0
2026-05-31T14:30:00+02:00,0.0
2026-05-31T14:45:00+02:00,0.0
2026-05-31T15:00:00+02:00,0.0
2026-05-31T15:15:00+02:00,0.0
2026-05-31T15:30:00+02:00,0.0
2026-05-31T15:45:00+02:00,0.0
2026-05-31T16:00:00+02:00,0.0
2026-05-31T16:15:00+02:00,0.0
2026-05-31T16:30:00+02:00,0.0
2026-05-31T16:45:00+02:00,0.0
2026-05-31T17:00:00+02:00,0.0
2026-05-31T17:15:00+02:00,0.0
2026-05-31T17:30:00+02:00,0.0
2026-05-31T17:45:00+02:00,0.0
2026-05-31T18:00:00+02:00,0.0
2026-05-31T18:15:00+02:00,0.0
2026-05-31T18:30:00+02:00,0.0
2026-05-31T18:45:00+02:00,0.0
2026-05-31T19:00:00+02:00,0.0
2026-05-31T19:15:00+02:00,0.0
2026-05-31T19:30:00+02:00,0.0
2026-05-31T19:45:00+02:00,0.0
2026-05-31T20:00:00+02:00,0.0
2026-05-31T20:15:00+02:00,0.0
2026-05-31T20:30:00+02:00,0.0
2026-05-31T20:45:00+02:00,0.0
2026-05-31T21:00:00+02:00,0.0
2026-05-31T21:15:00+02:00,0.0
2026-05-31T21:30:00+02:00,0.0
2026-05-31T21:45:00+02:00,0.0
2026-05-31T22:00:00+02:00,0.0
2026-05-31T22:15:00+02:00,0.0
2026-05-31T22:30:00+02:00,0.0
2026-05-31T22:45:00+02:00,0.0
2026-05-31T23:00:00+02:00,0.0
2026-05-31T23:15:00+02:00,0.0
2026-05-31T23:30:00+02:00,0.0
2026-05-31T23:45:00+02:00,0.0
2026-06-01T00:00:00+02:00,0.0
2026-06-01T00:15:00+02:00,0.0
2026-06-01T00:30:00+02:00,0.0
2026-06-01T00:45:00+02:00,0.0
2026-06-01T01:00:00+02:00,0.0
2026-06-01T01:15:00+02:00,0.0
2026-06-01T01:30:00+02:00,0.0
2026-06-01T01:45:00+02:00,0.0
2026-06-01T02:00:00+02:00,0.0
2026-06-01T02:15:00+02:00,0.0
2026-06-01T02:30:00+02:00,0.0
2026-06-01T02:45:00+02:00,0.0
2026-06-01T03:00:00+02:00,0.0
2026-06-01T03:15:00+02:00,0.0
2026-06-01T03:30:00+02:00,0.0
2026-06-01T03:45:00+02:00,0.0
2026-06-01T04:00:00+02:00,0.0
2026-06-01T04:15:00+02:00,0.0
2026-06-01T04:30:00+02:00,0.0
2026-06-01T04:45:00+02:00,0.0
2026-06-01T05:00:00+02:00,0.0
2026-06-01T05:15:00+02:00,0.0
2026-06-01T05:30:00+02:00,0.0
2026-06-01T05:45:00+02:00,0.0
2026-06-01T06:00:00+02:00,0.0
2026-06-01T06:15:00+02:00,0.0
2026-06-01T06:30:00+02:00,0.0
2026-06-01T06:45:00+02:00,0.0
2026-06-01T07:00:00+02:00,0.0
2026-06-01T07:15:00+02:00,0.0
2026-06-01T07:30:00+02:00,0.0
2026-06-01T07:45:00+02:00,0.0
2026-06-01T08:00:00+02:00,0.0
2026-06-01T08:15:00+02:00,0.0
2026-06-01T08:30:00+02:00,0.0
2026-06-01T08:45:00+02:00,0.0
2026-06-01T09:00:00+02:00,0.0
2026-06-01T09:15:00+02:00,0.0
2026-06-01T09:30:00+02:00,0.0
2026-06-01T09:45:00+02:00,0.0
2026-06-01T10:00:00+02:00,0.0
2026-06-01T10:15:00+02:00,0.0
2026-06-01T10:30:00+02:00,0.0
2026-06-01T10:45:00+02:00,0.0
2026-06-01T11:00:00+02:00,0.0
2026-06-01T11:15:00+02:00,0.0
2026-06-01T11:30:00+02:00,0.0
2026-06-01T11:45:00+02:00,0.0
2026-06-01T12:00:00+02:00,0.0
2026-06-01T12:15:00+02:00,0.0
2026-06-01T12:30:00+02:00,0.0
2026-06-01T12:45:00+02:00,0.0
2026-06-01T13:00:00+02:00,0.0
2026-06-01T13:15:00+02:00,0.0
2026-06-01T13:30:00+02:00,0.0
2026-06-01T13:45:00+02:00,0.0
2026-06-01T14:00:00+02:00,0.0
2026-06-01T14:15:00+02:00,0.0
2026-06-01T14:30:00+02:00,0.0
2026-06-01T14:45:00+02:00,0.0
2026-06-01T15:00:00+02:00,0.0
2026-06-01T15:15:00+02:00,0.0
2026-06-01T15:30:00+02:00,0.0
2026-06-01T15:45:00+02:00,0.0
2026-06-01T16:00:00+02:00,0.0
2026-06-01T16:15:00+02:00,0.0
2026-06-01T16:30:00+02:00,0.0
2026-06-01T16:45:00+02:00,0.0
2026-06-01T17:00:00+02:00,0.0
2026-06-01T17:15:00+02:00,0.0
2026-06-01T17:30:00+02:00,0.0
2026-06-01T17:45:00+02:00,0.0
2026-06-01T18:00:00+02:00,0.0
2026-06-01T18:15:00+02:00,0.0
2026-06-01T18:30:00+02:00,0.0
2026-06-01T18:45:00+02:00,0.0
2026-06-01T19:00:00+02:00,0.0
2026-06-01T19:15:00+02:00,0.0
2026-06-01T19:30:00+02:00,0.0
2026-06-01T19:45:00+02:00,0.0
2026-06-01T20:00:00+02:00,0.0
2026-06-01T20:15:00+02:00,0.0
2026-06-01T20:30:00+02:00,0.0
2026-06-01T20:45:00+02:00,0.0
2026-06-01T21:00:00+02:00,0.0
2026-06-01T21:15:00+02:00,0.0
2026-06-01T21:30:00+02:00,0.0
2026-06-01T21:45:00+02:00,0.0
2026-06-01T22:00:00+02:00,0.0
2026-06-01T22:15:00+02:00,0.0
2026-06-01T22:30:00+02:00,0.0
2026-06-01T22:45:00+02:00,0.0
2026-06-01T23:00:00+02:00,0.0
2026-06-01T23:15:00+02:00,0.0
2026-06-01T23:30:00+02:00,0.0
2026-06-01T23:45:00+02:00,0.0
2026-06-02T00:00:00+02:00,0.0
2026-06-02T00:15:00+02:00,0.0
2026-06-02T00:30:00+02:00,0.0
2026-06-02T00:45:00+02:00,0.0
2026-06-02T01:00:00+02:00,0.0
2026-06-02T01:15:00+02:00,0.0
2026-06-02T01:30:00+02:00,0.0
2026-06-02T01:45:00+02:00,0.0
2026-06-02T02:00:00+02:00,0.0
2026-06-02T02:15:00+02:00,0.0
2026-06-02T02:30:00+02:00,0.0
2026-06-02T02:45:00+02:00,0.0
2026-06-02T03:00:00+02:00,0.0
2026-06-02T03:15:00+02:00,0.0
2026-06-02T03:30:00+02:00,0.0
2026-06-02T03:45:00+02:00,0.0
2026-06-02T04:00:00+02:00,0.0
2026-06-02T04:15:00+02:00,0.0
2026-06-02T04:30:00+02:00,0.0
2026-06-02T04:45:00+02:00,0.0
2026-06-02T05:00:00+02:00,0.0
2026-06-02T05:15:00+02:00,0.0
2026-06-02T05:30:00+02:00,0.0
2026-06-02T05:45:00+02:00,0.0
2026-06-02T06:00:00+02:00,0.0
2026-06-02T06:15:00+02:00,0.0
2026-06-02T06:30:00+02:00,0.0
2026-06-02T06:45:00+02:00,0.0
2026-06-02T07:00:00+02:00,0.0
2026-06-02T07:15:00+02:00,0.0
2026-06-02T07:30:00+02:00,0.0
2026-06-02T07:45:00+02:00,0.0
2026-06-02T08:00:00+02:00,0.0
2026-06-02T08:15:00+02:00,0.0
2026-06-02T08:30:00+02:00,0.0
2026-06-02T08:45:00+02:00,0.0
2026-06-02T09:00:00+02:00,0.0
2026-06-02T09:15:00+02:00,0.0
2026-06-02T09:30:00+02:00,0.0
2026-06-02T09:45:00+02:00,0.0
2026-06-02T10:00:00+02:00,0.0
2026-06-02T10:15:00+02:00,0.0
2026-06-02T10:30:00+02:00,0.0
2026-06-02T10:45:00+02:00,0.0
2026-06-02T11:00:00+02:00,0.0
2026-06-02T11:15:00+02:00,0.0
2026-06-02T11:30:00+02:00,0.0
2026-06-02T11:45:00+02:00,0.0
2026-06-02T12:00:00+02:00,0.0
2026-06-02T12:15:00+02:00,0.0
2026-06-02T12:30:00+02:00,0.0
2026-06-02T12:45:00+02:00,0.0
2026-06-02T13:00:00+02:00,0.0
2026-06-02T13:15:00+02:00,0.0
2026-06-02T13:30:00+02:00,0.0
2026-06-02T13:45:00+02:00,0.0
2026-06-02T14:00:00+02:00,0.0
2026-06-02T14:15:00+02:00,0.0
2026-06-02T14:30:00+02:00,0.0
2026-06-02T14:45:00+02:00,0.0
2026-06-02T15:00:00+02:00,0.0
2026-06-02T15:15:00+02:00,0.0
2026-06-02T15:30:00+02:00,0.0
2026-06-02T15:45:00+02:00,0.0
2026-06-02T16:00:00+02:00,0.0
2026-06-02T16:15:00+02:00,0.0
2026-06-02T16:30:00+02:00,0.0
2026-06-02T16:45:00+02:00,0.0
2026-06-02T17:00:00+02:00,0.0
2026-06-02T17:15:00+02:00,0.0
2026-06-02T17:30:00+02:00,0.0
2026-06-02T17:45:00+02:00,0.0
2026-06-02T18:00:00+02:00,0.0
2026-06-02T18:15:00+02:00,0.0
2026-06-02T18:30:00+02:00,0.0
2026-06-02T18:45:00+02:00,0.0
2026-06-02T19:00:00+02:00,0.0
2026-06-02T19:15:00+02:00,0.0
2026-06-02T19:30:00+02:00,0.0
2026-06-02T19:45:00+02:00,0.0
2026-06-02T20:00:00+02:00,0.0
2026-06-02T20:15:00+02:00,0.0
2026-06-02T20:30:00+02:00,0.0
2026-06-02T20:45:00+02:00,0.0
2026-06-02T21:00:00+02:00,0.0
2026-06-02T21:15:00+02:00,0.0
2026-06-02T21:30:00+02:00,0.0
2026-06-02T21:45:00+02:00,0.0
2026-06-02T22:00:00+02:00,0.0
2026-06-02T22:15:00+02:00,0.0
2026-06-02T22:30:00+02:00,0.0
2026-06-02T22:45:00+02:00,0.0
2026-06-02T23:00:00+02:00,0.0
2026-06-02T23:15:00+02:00,0.0
2026-06-02T23:30:00+02:00,0.0
2026-06-02T23:45:00+02:00,0.0
2026-06-03T00:00:00+02:00,0.0
2026-06-03T00:15:00+02:00,0.0
2026-06-03T00:30:00+02:00,0.0
2026-06-03T00:45:00+02:00,0.0
2026-06-03T01:00:00+02:00,0.0
2026-06-03T01:15:00+02:00,0.0
2026-06-03T01:30:00+02:00,0.0
2026-06-03T01:45:00+02:00,0.0
2026-06-03T02:00:00+02:00,0.0
2026-06-03T02:15:00+02:00,0.0
2026-06-03T02:30:00+02:00,0.0
2026-06-03T02:45:00+02:00,0.0
2026-06-03T03:00:00+02:00,0.0
2026-06-03T03:15:00+02:00,0.0
2026-06-03T03:30:00+02:00,0.0
2026-06-03T03:45:00+02:00,0.0
2026-06-03T04:00:00+02:00,0.0
2026-06-03T04:15:00+02:00,0.0
2026-06-03T04:30:00+02:00,0.0
2026-06-03T04:45:00+02:00,0.0
2026-06-03T05:00:00+02:00,0.0
2026-06-03T05:15:00+02:00,0.0
2026-06-03T05:30:00+02:00,0.0
2026-06-03T05:45:00+02:00,0.0
2026-06-03T06:00:00+02:00,0.0
2026-06-03T06:15:00+02:00,0.0
2026-06-03T06:30:00+02:00,0.0
2026-06-03T06:45:00+02:00,0.0
2026-06-03T07:00:00+02:00,0.0
2026-06-03T07:15:00+02:00,0.0
2026-06-03T07:30:00+02:00,0.0
2026-06-03T07:45:00+02:00,0.0
2026-06-03T08:00:00+02:00,0.0
2026-06-03T08:15:00+02:00,0.0
2026-06-03T08:30:00+02:00,0.0
2026-06-03T08:45:00+02:00,0.0
2026-06-03T09:00:00+02:00,0.0
2026-06-03T09:15:00+02:00,0.0
2026-06-03T09:30:00+02:00,0.0
2026-06-03T09:45:00+02:00,0.0
2026-06-03T10:00:00+02:00,0.0
2026-06-03T10:15:00+02:00,0.0
2026-06-03T10:30:00+02:00,0.0
2026-06-03T10:45:00+02:00,0.0
2026-06-03T11:00:00+02:00,0.0
2026-06-03T11:15:00+02:00,0.0
2026-06-03T11:30:00+02:00,0.0
2026-06-03T11:45:00+02:00,0.0
2026-06-03T12:00:00+02:00,0.0
2026-06-03T12:15:00+02:00,0.0
2026-06-03T12:30:00+02:00,0.0
2026-06-03T12:45:00+02:00,0.0
2026-06-03T13:00:00+02:00,0.0
2026-06-03T13:15:00+02:00,0.0
2026-06-03T13:30:00+02:00,0.0
2026-06-03T13:45:00+02:00,0.0
2026-06-03T14:00:00+02:00,0.0
2026-06-03T14:15:00+02:00,0.0
2026-06-03T14:30:00+02:00,0.0
2026-06-03T14:45:00+02:00,0.0
2026-06-03T15:00:00+02:00,0.0
2026-06-03T15:15:00+02:00,0.0
2026-06-03T15:30:00+02:00,0.0
2026-06-03T15:45:00+02:00,0.0
2026-06-03T16:00:00+02:00,0.0
2026-06-03T16:15:00+02:00,0.0
2026-06-03T16:30:00+02:00,0.0
2026-06-03T16:45:00+02:00,0.0
2026-06-03T17:00:00+02:00,0.0
2026-06-03T17:15:00+02:00,0.0
2026-06-03T17:30:00+02:00,0.0
2026-06-03T17:45:00+02:00,0.0
2026-06-03T18:00:00+02:00,0.0
2026-06-03T18:15:00+02:00,0.0
2026-06-03T18:30:00+02:00,0.0
2026-06-03T18:45:00+02:00,0.0
2026-06-03T19:00:00+02:00,0.0
2026-06-03T19:15:00+02:00,0.0
2026-06-03T19:30:00+02:00,0.0
2026-06-03T19:45:00+02:00,0.0
2026-06-03T20:00:00+02:00,0.0
2026-06-03T20:15:00+02:00,0.0
2026-06-03T20:30:00+02:00,0.0
2026-06-03T20:45:00+02:00,0.0
2026-06-03T21:00:00+02:00,0.0
2026-06-03T21:15:00+02:00,0.0
2026-06-03T21:30:00+02:00,0.0
2026-06-03T21:45:00+02:00,0.0
2026-06-03T22:00:00+02:00,0.0
2026-06-03T22:15:00+02:00,0.0
2026-06-03T22:30:00+02:00,0.0
2026-06-03T22:45:00+02:00,0.0
2026-06-03T23:00:00+02:00,0.0
2026-06-03T23:15:00+02:00,0.0
2026-06-03T23:30:00+02:00,0.0
2026-06-03T23:45:00+02:00,0.0
2026-06-04T00:00:00+02:00,0.0
2026-06-04T00:15:00+02:00,0.0
2026-06-04T00:30:00+02:00,0.0
2026-06-04T00:45:00+02:00,0.0
2026-06-04T01:00:00+02:00,0.0
2026-06-04T01:15:00+02:00,0.0
2026-06-04T01:30:00+02:00,0.0
2026-06-04T01:45:00+02:00,0.0
2026-06-04T02:00:00+02:00,0.0
2026-06-04T02:15:00+02:00,0.0
2026-06-04T02:30:00+02:00,0.0
2026-06-04T02:45:00+02:00,0.0
2026-06-04T03:00:00+02:00,0.0
2026-06-04T03:15:00+02:00,0.0
2026-06-04T03:30:00+02:00,0.0
2026-06-04T03:45:00+02:00,0.0
2026-06-04T04:00:00+02:00,0.0
2026-06-04T04:15:00+02:00,0.0
2026-06-04T04:30:00+02:00,0.0
2026-06-04T04:45:00+02:00,0.0
2026-06-04T05:00:00+02:00,0.0
2026-06-04T05:15:00+02:00,0.0
2026-06-04T05:30:00+02:00,0.0
2026-06-04T05:45:00+02:00,0.0
2026-06-04T06:00:00+02:00,0.0
2026-06-04T06:15:00+02:00,0.0
2026-06-04T06:30:00+02:00,0.0
2026-06-04T06:45:00+02:00,0.0
2026-06-04T07:00:00+02:00,0.0
2026-06-04T07:15:00+02:00,0.0
2026-06-04T07:30:00+02:00,0.0
2026-06-04T07:45:00+02:00,0.0
2026-06-04T08:00:00+02:00,0.0
2026-06-04T08:15:00+02:00,0.0
2026-06-04T08:30:00+02:00,0.0
2026-06-04T08:45:00+02:00,0.0
2026-06-04T09:00:00+02:00,0.0
2026-06-04T09:15:00+02:00,0.0
2026-06-04T09:30:00+02:00,0.0
2026-06-04T09:45:00+02:00,0.0
2026-06-04T10:00:00+02:00,0.0
2026-06-04T10:15:00+02:00,0.0
2026-06-04T10:30:00+02:00,0.0
2026-06-04T10:45:00+02:00,0.0
2026-06-04T11:00:00+02:00,0.0
2026-06-04T11:15:00+02:00,0.0
2026-06-04T11:30:00+02:00,0.0
2026-06-04T11:45:00+02:00,0.0
2026-06-04T12:00:00+02:00,0.0
2026-06-04T12:15:00+02:00,0.0
2026-06-04T12:30:00+02:00,0.0
2026-06-04T12:45:00+02:00,0.0
2026-06-04T13:00:00+02:00,0.0
2026-06-04T13:15:00+02:00,0.0
2026-06-04T13:30:00+02:00,0.0
2026-06-04T13:45:00+02:00,0.0
2026-06-04T14:00:00+02:00,0.0
2026-06-04T14:15:00+02:00,0.0
2026-06-04T14:30:00+02:00,0.0
2026-06-04T14:45:00+02:00,0.0
2026-06-04T15:00:00+02:00,0.0
2026-06-04T15:15:00+02:00,0.0
2026-06-04T15:30:00+02:00,0.0
2026-06-04T15:45:00+02:00,0.0
2026-06-04T16:00:00+02:00,0.0
2026-06-04T16:15:00+02:00,0.0
2026-06-04T16:30:00+02:00,0.0
2026-06-04T16:45:00+02:00,0.0
2026-06-04T17:00:00+02:00,0.0
2026-06-04T17:15:00+02:00,0.0
2026-06-04T17:30:00+02:00,0.0
2026-06-04T17:45:00+02:00,0.0
2026-06-04T18:00:00+02:00,0.0
2026-06-04T18:15:00+02:00,0.0
2026-06-04T18:30:00+02:00,0.0
2026-06-04T18:45:00+02:00,0.0
2026-06-04T19:00:00+02:00,0.0
2026-06-04T19:15:00+02:00,0.0
2026-06-04T19:30:00+02:00,0.0
2026-06-04T19:45:00+02:00,0.0
2026-06-04T20:00:00+02:00,0.0
2026-06-04T20:15:00+02:00,0.0
2026-06-04T20:30:00+02:00,0.0
2026-06-04T20:45:00+02:00,0.0
2026-06-04T21:00:00+02:00,0.0
2026-06-04T21:15:00+02:00,0.0
2026-06-04T21:30:00+02:00,0.0
2026-06-04T21:45:00+02:00,0.0
2026-06-04T22:00:00+02:00,0.0
2026-06-04T22:15:00+02:00,0.0
2026-06-04T22:30:00+02:00,0.0
2026-06-04T22:45:00+02:00,0.0
2026-06-04T23:00:00+02:00,0.0
2026-06-04T23:15:00+02:00,0.0
2026-06-04T23:30:00+02:00,0.0
2026-06-04T23:45:00+02:00,0.0
2026-06-05T00:00:00+02:00,0.0
2026-06-05T00:15:00+02:00,0.0
2026-06-05T00:30:00+02:00,0.0
2026-06-05T00:45:00+02:00,0.0
2026-06-05T01:00:00+02:00,0.0
2026-06-05T01:15:00+02:00,0.0
2026-06-05T01:30:00+02:00,0.0
2026-06-05T01:45:00+02:00,0.0
2026-06-05T02:00:00+02:00,0.0
2026-06-05T02:15:00+02:00,0.0
2026-06-05T02:30:00+02:00,0.0
2026-06-05T02:45:00+02:00,0.0
2026-06-05T03:00:00+02:00,0.0
2026-06-05T03:15:00+02:00,0.0
2026-06-05T03:30:00+02:00,0.0
2026-06-05T03:45:00+02:00,0.0
2026-06-05T04:00:00+02:00,0.0
2026-06-05T04:15:00+02:00,0.0
2026-06-05T04:30:00+02:00,0.0
2026-06-05T04:45:00+02:00,0.0
2026-06-05T05:00:00+02:00,0.0
2026-06-05T05:15:00+02:00,0.0
2026-06-05T05:30:00+02:00,0.0
2026-06-05T05:45:00+02:00,0.0
2026-06-05T06:00:00+02:00,0.0
2026-06-05T06:15:00+02:00,0.0
2026-06-05T06:30:00+02:00,0.0
2026-06-05T06:45:00+02:00,0.0
2026-06-05T07:00:00+02:00,0.0
2026-06-05T07:15:00+02:00,0.0
2026-06-05T07:30:00+02:00,0.0
2026-06-05T07:45:00+02:00,0.0
2026-06-05T08:00:00+02:00,0.0
2026-06-05T08:15:00+02:00,0.0
2026-06-05T08:30:00+02:00,0.0
2026-06-05T08:45:00+02:00,0.0
2026-06-05T09:00:00+02:00,0.0
2026-06-05T09:15:00+02:00,0.0
2026-06-05T09:30:00+02:00,0.0
2026-06-05T09:45:00+02:00,0.0
2026-06-05T10:00:00+02:00,0.0
2026-06-05T10:15:00+02:00,0.0
2026-06-05T10:30:00+02:00,0.0
2026-06-05T10:45:00+02:00,0.0
2026-06-05T11:00:00+02:00,0.0
2026-06-05T11:15:00+02:00,0.0
2026-06-05T11:30:00+02:00,0.0
2026-06-05T11:45:00+02:00,0.0
2026-06-05T12:00:00+02:00,0.0
2026-06-05T12:15:00+02:00,0.0
2026-06-05T12:30:00+02:00,0.0
2026-06-05T12:45:00+02:00,0.0
2026-06-05T13:00:00+02:00,0.0
2026-06-05T13:15:00+02:00,0.0
2026-06-05T13:30:00+02:00,0.0
2026-06-05T13:45:00+02:00,0.0
2026-06-05T14:00:00+02:00,0.0
2026-06-05T14:15:00+02:00,0.0
2026-06-05T14:30:00+02:00,0.0
2026-06-05T14:45:00+02:00,0.0
2026-06-05T15:00:00+02:00,0.0
2026-06-05T15:15:00+02:00,0.0
2026-06-05T15:30:00+02:00,0.0
2026-06-05T15:45:00+02:00,0.0
2026-06-05T16:00:00+02:00,0.0
2026-06-05T16:15:00+02:00,0.0
2026-06-05T16:30:00+02:00,0.0
2026-06-05T16:45:00+02:00,0.0
2026-06-05T17:00:00+02:00,0.0
2026-06-05T17:15:00+02:00,0.0
2026-06-05T17:30:00+02:00,0.0
2026-06-05T17:45:00+02:00,0.0
2026-06-05T18:00:00+02:00,0.0
2026-06-05T18:15:00+02:00,0.0
2026-06-05T18:30:00+02:00,0.0
2026-06-05T18:45:00+02:00,0.0
2026-06-05T19:00:00+02:00,0.0
2026-06-05T19:15:00+02:00,0.0
2026-06-05T19:30:00+02:00,0.0
2026-06-05T19:45:00+02:00,0.0
2026-06-05T20:00:00+02:00,0.0
2026-06-05T20:15:00+02:00,0.0
2026-06-05T20:30:00+02:00,0.0
2026-06-05T20:45:00+02:00,0.0
2026-06-05T21:00:00+02:00,0.0
2026-06-05T21:15:00+02:00,0.0
2026-06-05T21:30:00+02:00,0.0
2026-06-05T21:45:00+02:00,0.0
2026-06-05T22:00:00+02:00,0.0
2026-06-05T22:15:00+02:00,0.0
2026-06-05T22:30:00+02:00,0.0
2026-06-05T22:45:00+02:00,0.0
2026-06-05T23:00:00+02:00,0.0
2026-06-05T23:15:00+02:00,0.0
2026-06-05T23:30:00+02:00,0.0
2026-06-05T23:45:00+02:00,0.0
2026-06-06T00:00:00+02:00,0.0
2026-06-06T00:15:00+02:00,0.0
2026-06-06T00:30:00+02:00,0.0
2026-06-06T00:45:00+02:00,0.0
2026-06-06T01:00:00+02:00,0.0
2026-06-06T01:15:00+02:00,0.0
2026-06-06T01:30:00+02:00,0.0
2026-06-06T01:45:00+02:00,0.0
2026-06-06T02:00:00+02:00,0.0
2026-06-06T02:15:00+02:00,0.0
2026-06-06T02:30:00+02:00,0.0
2026-06-06T02:45:00+02:00,0.0
2026-06-06T03:00:00+02:00,0.0
2026-06-06T03:15:00+02:00,0.0
2026-06-06T03:30:00+02:00,0.0
2026-06-06T03:45:00+02:00,0.0
2026-06-06T04:00:00+02:00,0.0
2026-06-06T04:15:00+02:00,0.0
2026-06-06T04:30:00+02:00,0.0
2026-06-06T04:45:00+02:00,0.0
2026-06-06T05:00:00+02:00,0.0
2026-06-06T05:15:00+02:00,0.0
2026-06-06T05:30:00+02:00,0.0
2026-06-06T05:45:00+02:00,0.0
2026-06-06T06:00:00+02:00,0.0
2026-06-06T06:15:00+02:00,0.0
2026-06-06T06:30:00+02:00,0.0
2026-06-06T06:45:00+02:00,0.0
2026-06-06T07:00:00+02:00,0.0
2026-06-06T07:15:00+02:00,0.0
2026-06-06T07:30:00+02:00,0.0
2026-06-06T07:45:00+02:00,0.0
2026-06-06T08:00:00+02:00,0.0
2026-06-06T08:15:00+02:00,0.0
2026-06-06T08:30:00+02:00,0.0
2026-06-06T08:45:00+02:00,0.0
2026-06-06T09:00:00+02:00,0.0
2026-06-06T09:15:00+02:00,0.0
2026-06-06T09:30:00+02:00,0.0
2026-06-06T09:45:00+02:00,0.0
2026-06-06T10:00:00+02:00,0.0
2026-06-06T10:15:00+02:00,0.0
2026-06-06T10:30:00+02:00,0.0
2026-06-06T10:45:00+02:00,0.0
2026-06-06T11:00:00+02:00,0.0
2026-06-06T11:15:00+02:00,0.0
2026-06-06T11:30:00+02:00,0.0
2026-06-06T11:45:00+02:00,0.0
2026-06-06T12:00:00+02:00,0.0
2026-06-06T12:15:00+02:00,0.0
2026-06-06T12:30:00+02:00,0.0
2026-06-06T12:45:00+02:00,0.0
2026-06-06T13:00:00+02:00,0.0
2026-06-06T13:15:00+02:00,0.0
2026-06-06T13:30:00+02:00,0.0
2026-06-06T13:45:00+02:00,0.0
2026-06-06T14:00:00+02:00,0.0
2026-06-06T14:15:00+02:00,0.0
2026-06-06T14:30:00+02:00,0.0
2026-06-06T14:45:00+02:00,0.0
2026-06-06T15:00:00+02:00,0.0
2026-06-06T15:15:00+02:00,0.0
2026-06-06T15:30:00+02:00,0.0
2026-06-06T15:45:00+02:00,0.0
2026-06-06T16:00:00+02:00,0.0
2026-06-06T16:15:00+02:00,0.0
2026-06-06T16:30:00+02:00,0.0
2026-06-06T16:45:00+02:00,0.0
2026-06-06T17:00:00+02:00,0.0
2026-06-06T17:15:00+02:00,0.0
2026-06-06T17:30:00+02:00,0.0
2026-06-06T17:45:00+02:00,0.0
2026-06-06T18:00:00+02:00,0.0
2026-06-06T18:15:00+02:00,0.0
2026-06-06T18:30:00+02:00,0.0
2026-06-06T18:45:00+02:00,0.0
2026-06-06T19:00:00+02:00,0.0
2026-06-06T19:15:00+02:00,0.0
2026-06-06T19:30:00+02:00,0.0
2026-06-06T19:45:00+02:00,0.0
2026-06-06T20:00:00+02:00,0.0
2026-06-06T20:15:00+02:00,0.0
2026-06-06T20:30:00+02:00,0.0
2026-06-06T20:45:00+02:00,0.0
2026-06-06T21:00:00+02:00,0.0
2026-06-06T21:15:00+02:00,0.0
2026-06-06T21:30:00+02:00,0.0
2026-06-06T21:45:00+02:00,0.0
2026-06-06T22:00:00+02:00,0.0
2026-06-06T22:15:00+02:00,0.0
2026-06-06T22:30:00+02:00,0.0
2026-06-06T22:45:00+02:00,0.0
2026-06-06T23:00:00+02:00,0.0
2026-06-06T23:15:00+02:00,0.0
2026-06-06T23:30:00+02:00,0.0
2026-06-06T23:45:00+02:00,0.0
2026-06-07T00:00:00+02:00,0.0
2026-06-07T00:15:00+02:00,0.0
2026-06-07T00:30:00+02:00,0.0
2026-06-07T00:45:00+02:00,0.0
2026-06-07T01:00:00+02:00,0.0
2026-06-07T01:15:00+02:00,0.0
2026-06-07T01:30:00+02:00,0.0
2026-06-07T01:45:00+02:00,0.0
2026-06-07T02:00:00+02:00,0.0
2026-06-07T02:15:00+02:00,0.0
2026-06-07T02:30:00+02:00,0.0
2026-06-07T02:45:00+02:00,0.0
2026-06-07T03:00:00+02:00,0.0
2026-06-07T03:15:00+02:00,0.0
2026-06-07T03:30:00+02:00,0.0
2026-06-07T03:45:00+02:00,0.0
2026-06-07T04:00:00+02:00,0.0
2026-06-07T04:15:00+02:00,0.0
2026-06-07T04:30:00+02:00,0.0
2026-06-07T04:45:00+02:00,0.0
2026-06-07T05:00:00+02:00,0.0
2026-06-07T05:15:00+02:00,0.0
2026-06-07T05:30:00+02:00,0.0
2026-06-07T05:45:00+02:00,0.0
2026-06-07T06:00:00+02:00,0.0
2026-06-07T06:15:00+02:00,0.0
2026-06-07T06:30:00+02:00,0.0
2026-06-07T06:45:00+02:00,0.0
2026-06-07T07:00:00+02:00,0.0
2026-06-07T07:15:00+02:00,0.0
2026-06-07T07:30:00+02:00,0.0
2026-06-07T07:45:00+02:00,0.0
2026-06-07T08:00:00+02:00,0.0
2026-06-07T08:15:00+02:00,0.0
2026-06-07T08:30:00+02:00,0.0
2026-06-07T08:45:00+02:00,0.0
2026-06-07T09:00:00+02:00,0.0
2026-06-07T09:15:00+02:00,0.0
2026-06-07T09:30:00+02:00,0.0
2026-06-07T09:45:00+02:00,0.0
2026-06-07T10:00:00+02:00,0.0
2026-06-07T10:15:00+02:00,0.0
2026-06-07T10:30:00+02:00,0.0
2026-06-07T10:45:00+02:00,0.0
2026-06-07T11:00:00+02:00,0.0
2026-06-07T11:15:00+02:00,0.0
2026-06-07T11:30:00+02:00,0.0
2026-06-07T11:45:00+02:00,0.0
2026-06-07T12:00:00+02:00,0.0
2026-06-07T12:15:00+02:00,0.0
2026-06-07T12:30:00+02:00,0.0
2026-06-07T12:45:00+02:00,0.0
2026-06-07T13:00:00+02:00,0.0
2026-06-07T13:15:00+02:00,0.0
2026-06-07T13:30:00+02:00,0.0
2026-06-07T13:45:00+02:00,0.0
2026-06-07T14:00:00+02:00,0.0
2026-06-07T14:15:00+02:00,0.0
2026-06-07T14:30:00+02:00,0.0
2026-06-07T14:45:00+02:00,0.0
2026-06-07T15:00:00+02:00,0.0
2026-06-07T15:15:00+02:00,0.0
2026-06-07T15:30:00+02:00,0.0
2026-06-07T15:45:00+02:00,0.0
2026-06-07T16:00:00+02:00,0.0
2026-06-07T16:15:00+02:00,0.0
2026-06-07T16:30:00+02:00,0.0
2026-06-07T16:45:00+02:00,0.0
2026-06-07T17:00:00+02:00,0.0
2026-06-07T17:15:00+02:00,0.0
2026-06-07T17:30:00+02:00,0.0
2026-06-07T17:45:00+02:00,0.0
2026-06-07T18:00:00+02:00,0.0
2026-06-07T18:15:00+02:00,0.0
2026-06-07T18:30:00+02:00,0.0
2026-06-07T18:45:00+02:00,0.0
2026-06-07T19:00:00+02:00,0.0
2026-06-07T19:15:00+02:00,0.0
2026-06-07T19:30:00+02:00,0.0
2026-06-07T19:45:00+02:00,0.0
2026-06-07T20:00:00+02:00,0.0
2026-06-07T20:15:00+02:00,0.0
2026-06-07T20:30:00+02:00,0.0
2026-06-07T20:45:00+02:00,0.0
2026-06-07T21:00:00+02:00,0.0
2026-06-07T21:15:00+02:00,0.0
2026-06-07T21:30:00+02:00,0.0
2026-06-07T21:45:00+02:00,0.0
2026-06-07T22:00:00+02:00,0.0
2026-06-07T22:15:00+02:00,0.0
2026-06-07T22:30:00+02:00,0.0
2026-06-07T22:45:00+02:00,0.0
2026-06-07T23:00:00+02:00,0.0
2026-06-07T23:15:00+02:00,0.0
2026-06-07T23:30:00+02:00,0.0
2026-06-07T23:45:00+02:00,0.0
2026-06-08T00:00:00+02:00,0.0
2026-06-08T00:15:00+02:00,0.0
2026-06-08T00:30:00+02:00,0.0
2026-06-08T00:45:00+02:00,0.0
2026-06-08T01:00:00+02:00,0.0
2026-06-08T01:15:00+02:00,0.0
2026-06-08T01:30:00+02:00,0.0
2026-06-08T01:45:00+02:00,0.0
2026-06-08T02:00:00+02:00,0.0
2026-06-08T02:15:00+02:00,0.0
2026-06-08T02:30:00+02:00,0.0
2026-06-08T02:45:00+02:00,0.0
2026-06-08T03:00:00+02:00,0.0
2026-06-08T03:15:00+02:00,0.0
2026-06-08T03:30:00+02:00,0.0
2026-06-08T03:45:00+02:00,0.0
2026-06-08T04:00:00+02:00,0.0
2026-06-08T04:15:00+02:00,0.0
2026-06-08T04:30:00+02:00,0.0
2026-06-08T04:45:00+02:00,0.0
2026-06-08T05:00:00+02:00,0.0
2026-06-08T05:15:00+02:00,0.0
2026-06-08T05:30:00+02:00,0.0
2026-06-08T05:45:00+02:00,0.0
2026-06-08T06:00:00+02:00,0.0
2026-06-08T06:15:00+02:00,0.0
2026-06-08T06:30:00+02:00,0.0
2026-06-08T06:45:00+02:00,0.0
2026-06-08T07:00:00+02:00,0.0
2026-06-08T07:15:00+02:00,0.0
2026-06-08T07:30:00+02:00,0.0
2026-06-08T07:45:00+02:00,0.0
2026-06-08T08:00:00+02:00,0.0
2026-06-08T08:15:00+02:00,0.0
2026-06-08T08:30:00+02:00,0.0
2026-06-08T08:45:00+02:00,0.0
2026-06-08T09:00:00+02:00,0.0
2026-06-08T09:15:00+02:00,0.0
2026-06-08T09:30:00+02:00,0.0
2026-06-08T09:45:00+02:00,0.0
2026-06-08T10:00:00+02:00,0.0
2026-06-08T10:15:00+02:00,0.0
2026-06-08T10:30:00+02:00,0.0
2026-06-08T10:45:00+02:00,0.0
2026-06-08T11:00:00+02:00,0.0
2026-06-08T11:15:00+02:00,0.0
2026-06-08T11:30:00+02:00,0.0
2026-06-08T11:45:00+02:00,0.0
2026-06-08T12:00:00+02:00,0.0
2026-06-08T12:15:00+02:00,0.0
2026-06-08T12:30:00+02:00,0.0
2026-06-08T12:45:00+02:00,0.0
2026-06-08T13:00:00+02:00,0.0
2026-06-08T13:15:00+02:00,0.0
2026-06-08T13:30:00+02:00,0.0
2026-06-08T13:45:00+02:00,0.0
2026-06-08T14:00:00+02:00,0.0
2026-06-08T14:15:00+02:00,0.0
2026-06-08T14:30:00+02:00,0.0
2026-06-08T14:45:00+02:00,0.0
2026-06-08T15:00:00+02:00,0.0
2026-06-08T15:15:00+02:00,0.0
2026-06-08T15:30:00+02:00,0.0
2026-06-08T15:45:00+02:00,0.0
2026-06-08T16:00:00+02:00,0.0
2026-06-08T16:15:00+02:00,0.0
2026-06-08T16:30:00+02:00,0.0
2026-06-08T16:45:00+02:00,0.0
2026-06-08T17:00:00+02:00,0.0
2026-06-08T17:15:00+02:00,0.0
2026-06-08T17:30:00+02:00,0.0
2026-06-08T17:45:00+02:00,0.0
2026-06-08T18:00:00+02:00,0.0
2026-06-08T18:15:00+02:00,0.0
2026-06-08T18:30:00+02:00,0.0
2026-06-08T18:45:00+02:00,0.0
2026-06-08T19:00:00+02:00,0.0
2026-06-08T19:15:00+02:00,0.0
2026-06-08T19:30:00+02:00,0.0
2026-06-08T19:45:00+02:00,0.0
2026-06-08T20:00:00+02:00,0.0
2026-06-08T20:15:00+02:00,0.0
2026-06-08T20:30:00+02:00,0.0
2026-06-08T20:45:00+02:00,0.0
2026-06-08T21:00:00+02:00,0.0
2026-06-08T21:15:00+02:00,0.0
2026-06-08T21:30:00+02:00,0.0
2026-06-08T21:45:00+02:00,0.0
2026-06-08T22:00:00+02:00,0.0
2026-06-08T22:15:00+02:00,0.0
2026-06-08T22:30:00+02:00,0.0
2026-06-08T22:45:00+02:00,0.0
2026-06-08T23:00:00+02:00,0.0
2026-06-08T23:15:00+02:00,0.0
2026-06-08T23:30:00+02:00,0.0
2026-06-08T23:45:00+02:00,0.0
2026-06-09T00:00:00+02:00,0.0
2026-06-09T00:15:00+02:00,0.0
2026-06-09T00:30:00+02:00,0.0
2026-06-09T00:45:00+02:00,0.0
2026-06-09T01:00:00+02:00,0.0
2026-06-09T01:15:00+02:00,0.0
2026-06-09T01:30:00+02:00,0.0
2026-06-09T01:45:00+02:00,0.0
2026-06-09T02:00:00+02:00,0.0
2026-06-09T02:15:00+02:00,0.0
2026-06-09T02:30:00+02:00,0.0
2026-06-09T02:45:00+02:00,0.0
2026-06-09T03:00:00+02:00,0.0
2026-06-09T03:15:00+02:00,0.0
2026-06-09T03:30:00+02:00,0.0
2026-06-09T03:45:00+02:00,0.0
2026-06-09T04:00:00+02:00,0.0
2026-06-09T04:15:00+02:00,0.0
2026-06-09T04:30:00+02:00,0.0
2026-06-09T04:45:00+02:00,0.0
2026-06-09T05:00:00+02:00,0.0
2026-06-09T05:15:00+02:00,0.0
2026-06-09T05:30:00+02:00,0.0
2026-06-09T05:45:00+02:00,0.0
2026-06-09T06:00:00+02:00,0.0
2026-06-09T06:15:00+02:00,0.0
2026-06-09T06:30:00+02:00,0.0
2026-06-09T06:45:00+02:00,0.0
2026-06-09T07:00:00+02:00,0.0
2026-06-09T07:15:00+02:00,0.0
2026-06-09T07:30:00+02:00,0.0
2026-06-09T07:45:00+02:00,0.0
2026-06-09T08:00:00+02:00,0.0
2026-06-09T08:15:00+02:00,0.0
2026-06-09T08:30:00+02:00,0.0
2026-06-09T08:45:00+02:00,0.0
2026-06-09T09:00:00+02:00,0.0
2026-06-09T09:15:00+02:00,0.0
2026-06-09T09:30:00+02:00,0.0
2026-06-09T09:45:00+02:00,0.0
2026-06-09T10:00:00+02:00,0.0
2026-06-09T10:15:00+02:00,0.0
2026-06-09T10:30:00+02:00,0.0
2026-06-09T10:45:00+02:00,0.0
2026-06-09T11:00:00+02:00,0.0
2026-06-09T11:15:00+02:00,0.0
2026-06-09T11:30:00+02:00,0.0
2026-06-09T11:45:00+02:00,0.0
2026-06-09T12:00:00+02:00,0.0
2026-06-09T12:15:00+02:00,0.0
2026-06-09T12:30:00+02:00,0.0
2026-06-09T12:45:00+02:00,0.0
2026-06-09T13:00:00+02:00,0.0
2026-06-09T13:15:00+02:00,0.0
2026-06-09T13:30:00+02:00,0.0
2026-06-09T13:45:00+02:00,0.0
2026-06-09T14:00:00+02:00,0.0
2026-06-09T14:15:00+02:00,0.0
2026-06-09T14:30:00+02:00,0.0
2026-06-09T14:45:00+02:00,0.0
2026-06-09T15:00:00+02:00,0.0
2026-06-09T15:15:00+02:00,0.0
2026-06-09T15:30:00+02:00,0.0
2026-06-09T15:45:00+02:00,0.0
2026-06-09T16:00:00+02:00,0.0
2026-06-09T16:15:00+02:00,0.0
2026-06-09T16:30:00+02:00,0.0
2026-06-09T16:45:00+02:00,0.0
2026-06-09T17:00:00+02:00,0.0
2026-06-09T17:15:00+02:00,0.0
2026-06-09T17:30:00+02:00,0.0
2026-06-09T17:45:00+02:00,0.0
2026-06-09T18:00:00+02:00,0.0
2026-06-09T18:15:00+02:00,0.0
2026-06-09T18:30:00+02:00,0.0
2026-06-09T18:45:00+02:00,0.0
2026-06-09T19:00:00+02:00,0.0
2026-06-09T19:15:00+02:00,0.0
2026-06-09T19:30:00+02:00,0.0
2026-06-09T19:45:00+02:00,0.0
2026-06-09T20:00:00+02:00,0.0
2026-06-09T20:15:00+02:00,0.0
2026-06-09T20:30:00+02:00,0.0
2026-06-09T20:45:00+02:00,0.0
2026-06-09T21:00:00+02:00,0.0
2026-06-09T21:15:00+02:00,0.0
2026-06-09T21:30:00+02:00,0.0
2026-06-09T21:45:00+02:00,0.0
2026-06-09T22:00:00+02:00,0.0
2026-06-09T22:15:00+02:00,0.0
2026-06-09T22:30:00+02:00,0.0
2026-06-09T22:45:00+02:00,0.0
2026-06-09T23:00:00+02:00,0.0
2026-06-09T23:15:00+02:00,0.0
2026-06-09T23:30:00+02:00,0.0
2026-06-09T23:45:00+02:00,0.0
2026-06-10T00:00:00+02:00,0.0
2026-06-10T00:15:00+02:00,0.0
2026-06-10T00:30:00+02:00,0.0
2026-06-10T00:45:00+02:00,0.0
2026-06-10T01:00:00+02:00,0.0
2026-06-10T01:15:00+02:00,0.0
2026-06-10T01:30:00+02:00,0.0
2026-06-10T01:45:00+02:00,0.0
2026-06-10T02:00:00+02:00,0.0
2026-06-10T02:15:00+02:00,0.0
2026-06-10T02:30:00+02:00,0.0
2026-06-10T02:45:00+02:00,0.0
2026-06-10T03:00:00+02:00,0.0
2026-06-10T03:15:00+02:00,0.0
2026-06-10T03:30:00+02:00,0.0
2026-06-10T03:45:00+02:00,0.0
2026-06-10T04:00:00+02:00,0.0
2026-06-10T04:15:00+02:00,0.0
2026-06-10T04:30:00+02:00,0.0
2026-06-10T04:45:00+02:00,0.0
2026-06-10T05:00:00+02:00,0.0
2026-06-10T05:15:00+02:00,0.0
2026-06-10T05:30:00+02:00,0.0
2026-06-10T05:45:00+02:00,0.0
2026-06-10T06:00:00+02:00,0.0
2026-06-10T06:15:00+02:00,0.0
2026-06-10T06:30:00+02:00,0.0
2026-06-10T06:45:00+02:00,0.0
2026-06-10T07:00:00+02:00,0.0
2026-06-10T07:15:00+02:00,0.0
2026-06-10T07:30:00+02:00,0.0
2026-06-10T07:45:00+02:00,0.0
2026-06-10T08:00:00+02:00,0.0
2026-06-10T08:15:00+02:00,0.0
2026-06-10T08:30:00+02:00,0.0
2026-06-10T08:45:00+02:00,0.0
2026-06-10T09:00:00+02:00,0.0
2026-06-10T09:15:00+02:00,0.0
2026-06-10T09:30:00+02:00,0.0
2026-06-10T09:45:00+02:00,0.0
2026-06-10T10:00:00+02:00,0.0
2026-06-10T10:15:00+02:00,0.0
2026-06-10T10:30:00+02:00,0.0
2026-06-10T10:45:00+02:00,0.0
2026-06-10T11:00:00+02:00,0.0
2026-06-10T11:15:00+02:00,0.0
2026-06-10T11:30:00+02:00,0.0
2026-06-10T11:45:00+02:00,0.0
2026-06-10T12:00:00+02:00,0.0
2026-06-10T12:15:00+02:00,0.0
2026-06-10T12:30:00+02:00,0.0
2026-06-10T12:45:00+02:00,0.0
2026-06-10T13:00:00+02:00,0.0
2026-06-10T13:15:00+02:00,0.0
2026-06-10T13:30:00+02:00,0.0
2026-06-10T13:45:00+02:00,0.0
2026-06-10T14:00:00+02:00,0.0
2026-06-10T14:15:00+02:00,0.0
2026-06-10T14:30:00+02:00,0.0
2026-06-10T14:45:00+02:00,0.0
2026-06-10T15:00:00+02:00,0.0
2026-06-10T15:15:00+02:00,0.0
2026-06-10T15:30:00+02:00,0.0
2026-06-10T15:45:00+02:00,0.0
2026-06-10T16:00:00+02:00,0.0
2026-06-10T16:15:00+02:00,0.0
2026-06-10T16:30:00+02:00,0.0
2026-06-10T16:45:00+02:00,0.0
2026-06-10T17:00:00+02:00,0.0
2026-06-10T17:15:00+02:00,0.0
2026-06-10T17:30:00+02:00,0.0
2026-06-10T17:45:00+02:00,0.0
2026-06-10T18:00:00+02:00,0.0
2026-06-10T18:15:00+02:00,0.0
2026-06-10T18:30:00+02:00,0.0
2026-06-10T18:45:00+02:00,0.0
2026-06-10T19:00:00+02:00,0.0
2026-06-10T19:15:00+02:00,0.0
2026-06-10T19:30:00+02:00,0.0
2026-06-10T19:45:00+02:00,0.0
2026-06-10T20:00:00+02:00,0.0
2026-06-10T20:15:00+02:00,0.0
2026-06-10T20:30:00+02:00,0.0
2026-06-10T20:45:00+02:00,0.0
2026-06-10T21:00:00+02:00,0.0
2026-06-10T21:15:00+02:00,0.0
2026-06-10T21:30:00+02:00,0.0
2026-06-10T21:45:00+02:00,0.0
2026-06-10T22:00:00+02:00,0.0
2026-06-10T22:15:00+02:00,0.0
2026-06-10T22:30:00+02:00,0.0
2026-06-10T22:45:00+02:00,0.0
2026-06-10T23:00:00+02:00,0.0
2026-06-10T23:15:00+02:00,0.0
2026-06-10T23:30:00+02:00,0.0
2026-06-10T23:45:00+02:00,0.0
2026-06-11T00:00:00+02:00,0.0
2026-06-11T00:15:00+02:00,0.0
2026-06-11T00:30:00+02:00,0.0
2026-06-11T00:45:00+02:00,0.0
2026-06-11T01:00:00+02:00,0.0
2026-06-11T01:15:00+02:00,0.0
2026-06-11T01:30:00+02:00,0.0
2026-06-11T01:45:00+02:00,0.0
2026-06-11T02:00:00+02:00,0.0
2026-06-11T02:15:00+02:00,0.0
2026-06-11T02:30:00+02:00,0.0
2026-06-11T02:45:00+02:00,0.0
2026-06-11T03:00:00+02:00,0.0
2026-06-11T03:15:00+02:00,0.0
2026-06-11T03:30:00+02:00,0.0
2026-06-11T03:45:00+02:00,0.0
2026-06-11T04:00:00+02:00,0.0
2026-06-11T04:15:00+02:00,0.0
2026-06-11T04:30:00+02:00,0.0
2026-06-11T04:45:00+02:00,0.0
2026-06-11T05:00:00+02:00,0.0
2026-06-11T05:15:00+02:00,0.0
2026-06-11T05:30:00+02:00,0.0
2026-06-11T05:45:00+02:00,0.0
2026-06-11T06:00:00+02:00,0.0
2026-06-11T06:15:00+02:00,0.0
2026-06-11T06:30:00+02:00,0.0
2026-06-11T06:45:00+02:00,0.0
2026-06-11T07:00:00+02:00,0.0
2026-06-11T07:15:00+02:00,0.0
2026-06-11T07:30:00+02:00,0.0
2026-06-11T07:45:00+02:00,0.0
2026-06-11T08:00:00+02:00,0.0
2026-06-11T08:15:00+02:00,0.0
2026-06-11T08:30:00+02:00,0.0
2026-06-11T08:45:00+02:00,0.0
2026-06-11T09:00:00+02:00,0.0
2026-06-11T09:15:00+02:00,0.0
2026-06-11T09:30:00+02:00,0.0
2026-06-11T09:45:00+02:00,0.0
2026-06-11T10:00:00+02:00,0.0
2026-06-11T10:15:00+02:00,0.0
2026-06-11T10:30:00+02:00,0.0
2026-06-11T10:45:00+02:00,0.0
2026-06-11T11:00:00+02:00,0.0
2026-06-11T11:15:00+02:00,0.0
2026-06-11T11:30:00+02:00,0.0
2026-06-11T11:45:00+02:00,0.0
2026-06-11T12:00:00+02:00,0.0
2026-06-11T12:15:00+02:00,0.0
2026-06-11T12:30:00+02:00,0.0
2026-06-11T12:45:00+02:00,0.0
2026-06-11T13:00:00+02:00,0.0
2026-06-11T13:15:00+02:00,0.0
2026-06-11T13:30:00+02:00,0.0
2026-06-11T13:45:00+02:00,0.0
2026-06-11T14:00:00+02:00,0.0
2026-06-11T14:15:00+02:00,0.0
2026-06-11T14:30:00+02:00,0.0
2026-06-11T14:45:00+02:00,0.0
2026-06-11T15:00:00+02:00,0.0
2026-06-11T15:15:00+02:00,0.0
2026-06-11T15:30:00+02:00,0.0
2026-06-11T15:45:00+02:00,0.0
2026-06-11T16:00:00+02:00,0.0
2026-06-11T16:15:00+02:00,0.0
2026-06-11T16:30:00+02:00,0.0
2026-06-11T16:45:00+02:00,0.0
2026-06-11T17:00:00+02:00,0.0
2026-06-11T17:15:00+02:00,0.0
2026-06-11T17:30:00+02:00,0.0
2026-06-11T17:45:00+02:00,0.0
2026-06-11T18:00:00+02:00,0.0
2026-06-11T18:15:00+02:00,0.0
2026-06-11T18:30:00+02:00,0.0
2026-06-11T18:45:00+02:00,0.0
2026-06-11T19:00:00+02:00,0.0
2026-06-11T19:15:00+02:00,0.0
2026-06-11T19:30:00+02:00,0.0
2026-06-11T19:45:00+02:00,0.0
2026-06-11T20:00:00+02:00,0.0
2026-06-11T20:15:00+02:00,0.0
2026-06-11T20:30:00+02:00,0.0
2026-06-11T20:45:00+02:00,0.0
2026-06-11T21:00:00+02:00,0.0
2026-06-11T21:15:00+02:00,0.0
2026-06-11T21:30:00+02:00,0.0
2026-06-11T21:45:00+02:00,0.0
2026-06-11T22:00:00+02:00,0.0
2026-06-11T22:15:00+02:00,0.0
2026-06-11T22:30:00+02:00,0.0
2026-06-11T22:45:00+02:00,0.0
2026-06-11T23:00:00+02:00,0.0
2026-06-11T23:15:00+02:00,0.0
2026-06-11T23:30:00+02:00,0.0
2026-06-11T23:45:00+02:00,0.0
2026-06-12T00:00:00+02:00,0.0
2026-06-12T00:15:00+02:00,0.0
2026-06-12T00:30:00+02:00,0.0
2026-06-12T00:45:00+02:00,0.0
2026-06-12T01:00:00+02:00,0.0
2026-06-12T01:15:00+02:00,0.0
2026-06-12T01:30:00+02:00,0.0
2026-06-12T01:45:00+02:00,0.0
2026-06-12T02:00:00+02:00,0.0
2026-06-12T02:15:00+02:00,0.0
2026-06-12T02:30:00+02:00,0.0
2026-06-12T02:45:00+02:00,0.0
2026-06-12T03:00:00+02:00,0.0
2026-06-12T03:15:00+02:00,0.0
2026-06-12T03:30:00+02:00,0.0
2026-06-12T03:45:00+02:00,0.0
2026-06-12T04:00:00+02:00,0.0
2026-06-12T04:15:00+02:00,0.0
2026-06-12T04:30:00+02:00,0.0
2026-06-12T04:45:00+02:00,0.0
2026-06-12T05:00:00+02:00,0.0
2026-06-12T05:15:00+02:00,0.0
2026-06-12T05:30:00+02:00,0.0
2026-06-12T05:45:00+02:00,0.0
2026-06-12T06:00:00+02:00,0.0
2026-06-12T06:15:00+02:00,0.0
2026-06-12T06:30:00+02:00,0.0
2026-06-12T06:45:00+02:00,0.0
2026-06-12T07:00:00+02:00,0.0
2026-06-12T07:15:00+02:00,0.0
2026-06-12T07:30:00+02:00,0.0
2026-06-12T07:45:00+02:00,0.0
2026-06-12T08:00:00+02:00,0.0
2026-06-12T08:15:00+02:00,0.0
2026-06-12T08:30:00+02:00,0.0
2026-06-12T08:45:00+02:00,0.0
2026-06-12T09:00:00+02:00,0.0
2026-06-12T09:15:00+02:00,0.0
2026-06-12T09:30:00+02:00,0.0
2026-06-12T09:45:00+02:00,0.0
2026-06-12T10:00:00+02:00,0.0
2026-06-12T10:15:00+02:00,0.0
2026-06-12T10:30:00+02:00,0.0
2026-06-12T10:45:00+02:00,0.0
2026-06-12T11:00:00+02:00,0.0
2026-06-12T11:15:00+02:00,0.0
2026-06-12T11:30:00+02:00,0.0
2026-06-12T11:45:00+02:00,0.0
2026-06-12T12:00:00+02:00,0.0
2026-06-12T12:15:00+02:00,0.0
2026-06-12T12:30:00+02:00,0.0
2026-06-12T12:45:00+02:00,0.0
2026-06-12T13:00:00+02:00,0.0
2026-06-12T13:15:00+02:00,0.0
2026-06-12T13:30:00+02:00,0.0
2026-06-12T13:45:00+02:00,0.0
2026-06-12T14:00:00+02:00,0.0
2026-06-12T14:15:00+02:00,0.0
2026-06-12T14:30:00+02:00,0.0
2026-06-12T14:45:00+02:00,0.0
2026-06-12T15:00:00+02:00,0.0
2026-06-12T15:15:00+02:00,0.0
2026-06-12T15:30:00+02:00,0.0
2026-06-12T15:45:00+02:00,0.0
2026-06-12T16:00:00+02:00,0.0
2026-06-12T16:15:00+02:00,0.0
2026-06-12T16:30:00+02:00,0.0
2026-06-12T16:45:00+02:00,0.0
2026-06-12T17:00:00+02:00,0.0
2026-06-12T17:15:00+02:00,0.0
2026-06-12T17:30:00+02:00,0.0
2026-06-12T17:45:00+02:00,0.0
2026-06-12T18:00:00+02:00,0.0
2026-06-12T18:15:00+02:00,0.0
2026-06-12T18:30:00+02:00,0.0
2026-06-12T18:45:00+02:00,0.0
2026-06-12T19:00:00+02:00,0.0
2026-06-12T19:15:00+02:00,0.0
2026-06-12T19:30:00+02:00,0.0
2026-06-12T19:45:00+02:00,0.0
2026-06-12T20:00:00+02:00,0.0
2026-06-12T20:15:00+02:00,0.0
2026-06-12T20:30:00+02:00,0.0
2026-06-12T20:45:00+02:00,0.0
2026-06-12T21:00:00+02:00,0.0
2026-06-12T21:15:00+02:00,0.0
2026-06-12T21:30:00+02:00,0.0
2026-06-12T21:45:00+02:00,0.0
2026-06-12T22:00:00+02:00,0.0
2026-06-12T22:15:00+02:00,0.0
2026-06-12T22:30:00+02:00,0.0
2026-06-12T22:45:00+02:00,0.0
2026-06-12T23:00:00+02:00,0.0
2026-06-12T23:15:00+02:00,0.0
2026-06-12T23:30:00+02:00,0.0
2026-06-12T23:45:00+02:00,0.0
2026-06-13T00:00:00+02:00,0.0
2026-06-13T00:15:00+02:00,0.0
2026-06-13T00:30:00+02:00,0.0
2026-06-13T00:45:00+02:00,0.0
2026-06-13T01:00:00+02:00,0.0
2026-06-13T01:15:00+02:00,0.0
2026-06-13T01:30:00+02:00,0.0
2026-06-13T01:45:00+02:00,0.0
2026-06-13T02:00:00+02:00,0.0
2026-06-13T02:15:00+02:00,0.0
2026-06-13T02:30:00+02:00,0.0
2026-06-13T02:45:00+02:00,0.0
2026-06-13T03:00:00+02:00,0.0
2026-06-13T03:15:00+02:00,0.0
2026-06-13T03:30:00+02:00,0.0
2026-06-13T03:45:00+02:00,0.0
2026-06-13T04:00:00+02:00,0.0
2026-06-13T04:15:00+02:00,0.0
2026-06-13T04:30:00+02:00,0.0
2026-06-13T04:45:00+02:00,0.0
2026-06-13T05:00:00+02:00,0.0
2026-06-13T05:15:00+02:00,0.0
2026-06-13T05:30:00+02:00,0.0
2026-06-13T05:45:00+02:00,0.0
2026-06-13T06:00:00+02:00,0.0
2026-06-13T06:15:00+02:00,0.0
2026-06-13T06:30:00+02:00,0.0
2026-06-13T06:45:00+02:00,0.0
2026-06-13T07:00:00+02:00,0.0
2026-06-13T07:15:00+02:00,0.0
2026-06-13T07:30:00+02:00,0.0
2026-06-13T07:45:00+02:00,0.0
2026-06-13T08:00:00+02:00,0.0
2026-06-13T08:15:00+02:00,0.0
2026-06-13T08:30:00+02:00,0.0
2026-06-13T08:45:00+02:00,0.0
2026-06-13T09:00:00+02:00,0.0
2026-06-13T09:15:00+02:00,0.0
2026-06-13T09:30:00+02:00,0.0
2026-06-13T09:45:00+02:00,0.0
2026-06-13T10:00:00+02:00,0.0
2026-06-13T10:15:00+02:00,0.0
2026-06-13T10:30:00+02:00,0.0
2026-06-13T10:45:00+02:00,0.0
2026-06-13T11:00:00+02:00,0.0
2026-06-13T11:15:00+02:00,0.0
2026-06-13T11:30:00+02:00,0.0
2026-06-13T11:45:00+02:00,0.0
2026-06-13T12:00:00+02:00,0.0
2026-06-13T12:15:00+02:00,0.0
2026-06-13T12:30:00+02:00,0.0
2026-06-13T12:45:00+02:00,0.0
2026-06-13T13:00:00+02:00,0.0
2026-06-13T13:15:00+02:00,0.0
2026-06-13T13:30:00+02:00,0.0
2026-06-13T13:45:00+02:00,0.0
2026-06-13T14:00:00+02:00,0.0
2026-06-13T14:15:00+02:00,0.0
2026-06-13T14:30:00+02:00,0.0
2026-06-13T14:45:00+02:00,0.0
2026-06-13T15:00:00+02:00,0.0
2026-06-13T15:15:00+02:00,0.0
2026-06-13T15:30:00+02:00,0.0
2026-06-13T15:45:00+02:00,0.0
2026-06-13T16:00:00+02:00,0.0
2026-06-13T16:15:00+02:00,0.0
2026-06-13T16:30:00+02:00,0.0
2026-06-13T16:45:00+02:00,0.0
2026-06-13T17:00:00+02:00,0.0
2026-06-13T17:15:00+02:00,0.0
2026-06-13T17:30:00+02:00,0.0
2026-06-13T17:45:00+02:00,0.0
2026-06-13T18:00:00+02:00,0.0
2026-06-13T18:15:00+02:00,0.0
2026-06-13T18:30:00+02:00,0.0
2026-06-13T18:45:00+02:00,0.0
2026-06-13T19:00:00+02:00,0.0
2026-06-13T19:15:00+02:00,0.0
2026-06-13T19:30:00+02:00,0.0
2026-06-13T19:45:00+02:00,0.0
2026-06-13T20:00:00+02:00,0.0
2026-06-13T20:15:00+02:00,0.0
2026-06-13T20:30:00+02:00,0.0
2026-06-13T20:45:00+02:00,0.0
2026-06-13T21:00:00+02:00,0.0
2026-06-13T21:15:00+02:00,0.0
2026-06-13T21:30:00+02:00,0.0
2026-06-13T21:45:00+02:00,0.0
2026-06-13T22:00:00+02:00,0.0
2026-06-13T22:15:00+02:00,0.0
2026-06-13T22:30:00+02:00,0.0
2026-06-13T22:45:00+02:00,0.0
2026-06-13T23:00:00+02:00,0.0
2026-06-13T23:15:00+02:00,0.0
2026-06-13T23:30:00+02:00,0.0
2026-06-13T23:45:00+02:00,0.0
2026-06-14T00:00:00+02:00,0.0
2026-06-14T00:15:00+02:00,0.0
2026-06-14T00:30:00+02:00,0.0
2026-06-14T00:45:00+02:00,0.0
2026-06-14T01:00:00+02:00,0.0
2026-06-14T01:15:00+02:00,0.0
2026-06-14T01:30:00+02:00,0.0
2026-06-14T01:45:00+02:00,0.0
2026-06-14T02:00:00+02:00,0.0
2026-06-14T02:15:00+02:00,0.0
2026-06-14T02:30:00+02:00,0.0
2026-06-14T02:45:00+02:00,0.0
2026-06-14T03:00:00+02:00,0.0
2026-06-14T03:15:00+02:00,0.0
2026-06-14T03:30:00+02:00,0.0
2026-06-14T03:45:00+02:00,0.0
2026-06-14T04:00:00+02:00,0.0
2026-06-14T04:15:00+02:00,0.0
2026-06-14T04:30:00+02:00,0.0
2026-06-14T04:45:00+02:00,0.0
2026-06-14T05:00:00+02:00,0.0
2026-06-14T05:15:00+02:00,0.0
2026-06-14T05:30:00+02:00,0.0
2026-06-14T05:45:00+02:00,0.0
2026-06-14T06:00:00+02:00,0.0
2026-06-14T06:15:00+02:00,0.0
2026-06-14T06:30:00+02:00,0.0
2026-06-14T06:45:00+02:00,0.0
2026-06-14T07:00:00+02:00,0.0
2026-06-14T07:15:00+02:00,0.0
2026-06-14T07:30:00+02:00,0.0
2026-06-14T07:45:00+02:00,0.0
2026-06-14T08:00:00+02:00,0.0
2026-06-14T08:15:00+02:00,0.0
2026-06-14T08:30:00+02:00,0.0
2026-06-14T08:45:00+02:00,0.0
2026-06-14T09:00:00+02:00,0.0
2026-06-14T09:15:00+02:00,0.0
2026-06-14T09:30:00+02:00,0.0
2026-06-14T09:45:00+02:00,0.0
2026-06-14T10:00:00+02:00,0.0
2026-06-14T10:15:00+02:00,0.0
2026-06-14T10:30:00+02:00,0.0
2026-06-14T10:45:00+02:00,0.0
2026-06-14T11:00:00+02:00,0.0
2026-06-14T11:15:00+02:00,0.0
2026-06-14T11:30:00+02:00,0.0
2026-06-14T11:45:00+02:00,0.0
2026-06-14T12:00:00+02:00,0.0
2026-06-14T12:15:00+02:00,0.0
2026-06-14T12:30:00+02:00,0.0
2026-06-14T12:45:00+02:00,0.0
2026-06-14T13:00:00+02:00,0.0
2026-06-14T13:15:00+02:00,0.0
2026-06-14T13:30:00+02:00,0.0
2026-06-14T13:45:00+02:00,0.0
2026-06-14T14:00:00+02:00,0.0
2026-06-14T14:15:00+02:00,0.0
2026-06-14T14:30:00+02:00,0.0
2026-06-14T14:45:00+02:00,0.0
2026-06-14T15:00:00+02:00,0.0
2026-06-14T15:15:00+02:00,0.0
2026-06-14T15:30:00+02:00,0.0
2026-06-14T15:45:00+02:00,0.0
2026-06-14T16:00:00+02:00,0.0
2026-06-14T16:15:00+02:00,0.0
2026-06-14T16:30:00+02:00,0.0
2026-06-14T16:45:00+02:00,0.0
2026-06-14T17:00:00+02:00,0.0
2026-06-14T17:15:00+02:00,0.0
2026-06-14T17:30:00+02:00,0.0
2026-06-14T17:45:00+02:00,0.0
2026-06-14T18:00:00+02:00,0.0
2026-06-14T18:15:00+02:00,0.0
2026-06-14T18:30:00+02:00,0.0
2026-06-14T18:45:00+02:00,0.0
2026-06-14T19:00:00+02:00,0.0
2026-06-14T19:15:00+02:00,0.0
2026-06-14T19:30:00+02:00,0.0
2026-06-14T19:45:00+02:00,0.0
2026-06-14T20:00:00+02:00,0.0
2026-06-14T20:15:00+02:00,0.0
2026-06-14T20:30:00+02:00,0.0
2026-06-14T20:45:00+02:00,0.0
2026-06-14T21:00:00+02:00,0.0
2026-06-14T21:15:00+02:00,0.0
2026-06-14T21:30:00+02:00,0.0
2026-06-14T21:45:00+02:00,0.0
2026-06-14T22:00:00+02:00,0.0
2026-06-14T22:15:00+02:00,0.0
2026-06-14T22:30:00+02:00,0.0
2026-06-14T22:45:00+02:00,0.0
2026-06-14T23:00:00+02:00,0.0
2026-06-14T23:15:00+02:00,0.0
2026-06-14T23:30:00+02:00,0.0
2026-06-14T23:45:00+02:00,0.0
2026-06-15T00:00:00+02:00,0.0
2026-06-15T00:15:00+02:00,0.0
2026-06-15T00:30:00+02:00,0.0
2026-06-15T00:45:00+02:00,0.0
2026-06-15T01:00:00+02:00,0.0
2026-06-15T01:15:00+02:00,0.0
2026-06-15T01:30:00+02:00,0.0
2026-06-15T01:45:00+02:00,0.0
2026-06-15T02:00:00+02:00,0.0
2026-06-15T02:15:00+02:00,0.0
2026-06-15T02:30:00+02:00,0.0
2026-06-15T02:45:00+02:00,0.0
2026-06-15T03:00:00+02:00,0.0
2026-06-15T03:15:00+02:00,0.0
2026-06-15T03:30:00+02:00,0.0
2026-06-15T03:45:00+02:00,0.0
2026-06-15T04:00:00+02:00,0.0
2026-06-15T04:15:00+02:00,0.0
2026-06-15T04:30:00+02:00,0.0
2026-06-15T04:45:00+02:00,0.0
2026-06-15T05:00:00+02:00,0.0
2026-06-15T05:15:00+02:00,0.0
2026-06-15T05:30:00+02:00,0.0
2026-06-15T05:45:00+02:00,0.0
2026-06-15T06:00:00+02:00,0.0
2026-06-15T06:15:00+02:00,0.0
2026-06-15T06:30:00+02:00,0.0
2026-06-15T06:45:00+02:00,0.0
2026-06-15T07:00:00+02:00,0.0
2026-06-15T07:15:00+02:00,0.0
2026-06-15T07:30:00+02:00,0.0
2026-06-15T07:45:00+02:00,0.0
2026-06-15T08:00:00+02:00,0.0
2026-06-15T08:15:00+02:00,0.0
2026-06-15T08:30:00+02:00,0.0
2026-06-15T08:45:00+02:00,0.0
2026-06-15T09:00:00+02:00,0.0
2026-06-15T09:15:00+02:00,0.0
2026-06-15T09:30:00+02:00,0.0
2026-06-15T09:45:00+02:00,0.0
2026-06-15T10:00:00+02:00,0.0
2026-06-15T10:15:00+02:00,0.0
2026-06-15T10:30:00+02:00,0.0
2026-06-15T10:45:00+02:00,0.0
2026-06-15T11:00:00+02:00,0.0
2026-06-15T11:15:00+02:00,0.0
2026-06-15T11:30:00+02:00,0.0
2026-06-15T11:45:00+02:00,0.0
2026-06-15T12:00:00+02:00,0.0
2026-06-15T12:15:00+02:00,0.0
2026-06-15T12:30:00+02:00,0.0
2026-06-15T12:45:00+02:00,0.0
2026-06-15T13:00:00+02:00,0.0
2026-06-15T13:15:00+02:00,0.0
2026-06-15T13:30:00+02:00,0.0
2026-06-15T13:45:00+02:00,0.0
2026-06-15T14:00:00+02:00,0.0
2026-06-15T14:15:00+02:00,0.0
2026-06-15T14:30:00+02:00,0.0
2026-06-15T14:45:00+02:00,0.0
2026-06-15T15:00:00+02:00,0.0
2026-06-15T15:15:00+02:00,0.0
2026-06-15T15:30:00+02:00,0.0
2026-06-15T15:45:00+02:00,0.0
2026-06-15T16:00:00+02:00,0.0
2026-06-15T16:15:00+02:00,0.0
2026-06-15T16:30:00+02:00,0.0
2026-06-15T16:45:00+02:00,0.0
2026-06-15T17:00:00+02:00,0.0
2026-06-15T17:15:00+02:00,0.0
2026-06-15T17:30:00+02:00,0.0
2026-06-15T17:45:00+02:00,0.0
2026-06-15T18:00:00+02:00,0.0
2026-06-15T18:15:00+02:00,0.0
2026-06-15T18:30:00+02:00,0.0
2026-06-15T18:45:00+02:00,0.0
2026-06-15T19:00:00+02:00,0.0
2026-06-15T19:15:00+02:00,0.0
2026-06-15T19:30:00+02:00,0.0
2026-06-15T19:45:00+02:00,0.0
2026-06-15T20:00:00+02:00,0.0
2026-06-15T20:15:00+02:00,0.0
2026-06-15T20:30:00+02:00,0.0
2026-06-15T20:45:00+02:00,0.0
2026-06-15T21:00:00+02:00,0.0
2026-06-15T21:15:00+02:00,0.0
2026-06-15T21:30:00+02:00,0.0
2026-06-15T21:45:00+02:00,0.0
2026-06-15T22:00:00+02:00,0.0
2026-06-15T22:15:00+02:00,0.0
2026-06-15T22:30:00+02:00,0.0
2026-06-15T22:45:00+02:00,0.0
2026-06-15T23:00:00+02:00,0.0
2026-06-15T23:15:00+02:00,0.0
2026-06-15T23:30:00+02:00,0.0
2026-06-15T23:45:00+02:00,0.0
2026-06-16T00:00:00+02:00,0.0
2026-06-16T00:15:00+02:00,0.0
2026-06-16T00:30:00+02:00,0.0
2026-06-16T00:45:00+02:00,0.0
2026-06-16T01:00:00+02:00,0.0
2026-06-16T01:15:00+02:00,0.0
2026-06-16T01:30:00+02:00,0.0
2026-06-16T01:45:00+02:00,0.0
2026-06-16T02:00:00+02:00,0.0
2026-06-16T02:15:00+02:00,0.0
2026-06-16T02:30:00+02:00,0.0
2026-06-16T02:45:00+02:00,0.0
2026-06-16T03:00:00+02:00,0.0
2026-06-16T03:15:00+02:00,0.0
2026-06-16T03:30:00+02:00,0.0
2026-06-16T03:45:00+02:00,0.0
2026-06-16T04:00:00+02:00,0.0
2026-06-16T04:15:00+02:00,0.0
2026-06-16T04:30:00+02:00,0.0
2026-06-16T04:45:00+02:00,0.0
2026-06-16T05:00:00+02:00,0.0
2026-06-16T05:15:00+02:00,0.0
2026-06-16T05:30:00+02:00,0.0
2026-06-16T05:45:00+02:00,0.0
2026-06-16T06:00:00+02:00,0.0
2026-06-16T06:15:00+02:00,0.0
2026-06-16T06:30:00+02:00,0.0
2026-06-16T06:45:00+02:00,0.0
2026-06-16T07:00:00+02:00,0.0
2026-06-16T07:15:00+02:00,0.0
2026-06-16T07:30:00+02:00,0.0
2026-06-16T07:45:00+02:00,0.0
2026-06-16T08:00:00+02:00,0.0
2026-06-16T08:15:00+02:00,0.0
2026-06-16T08:30:00+02:00,0.0
2026-06-16T08:45:00+02:00,0.0
2026-06-16T09:00:00+02:00,0.0
2026-06-16T09:15:00+02:00,0.0
2026-06-16T09:30:00+02:00,0.0
2026-06-16T09:45:00+02:00,0.0
2026-06-16T10:00:00+02:00,0.0
2026-06-16T10:15:00+02:00,0.0
2026-06-16T10:30:00+02:00,0.0
2026-06-16T10:45:00+02:00,0.0
2026-06-16T11:00:00+02:00,0.0
2026-06-16T11:15:00+02:00,0.0
2026-06-16T11:30:00+02:00,0.0
2026-06-16T11:45:00+02:00,0.0
2026-06-16T12:00:00+02:00,0.0
2026-06-16T12:15:00+02:00,0.0
2026-06-16T12:30:00+02:00,0.0
2026-06-16T12:45:00+02:00,0.0
2026-06-16T13:00:00+02:00,0.0
2026-06-16T13:15:00+02:00,0.0
2026-06-16T13:30:00+02:00,0.0
2026-06-16T13:45:00+02:00,0.0
2026-06-16T14:00:00+02:00,0.0
2026-06-16T14:15:00+02:00,0.0
2026-06-16T14:30:00+02:00,0.0
2026-06-16T14:45:00+02:00,0.0
2026-06-16T15:00:00+02:00,0.0
2026-06-16T15:15:00+02:00,0.0
2026-06-16T15:30:00+02:00,0.0
2026-06-16T15:45:00+02:00,0.0
2026-06-16T16:00:00+02:00,0.0
2026-06-16T16:15:00+02:00,0.0
2026-06-16T16:30:00+02:00,0.0
2026-06-16T16:45:00+02:00,0.0
2026-06-16T17:00:00+02:00,0.0
2026-06-16T17:15:00+02:00,0.0
2026-06-16T17:30:00+02:00,0.0
2026-06-16T17:45:00+02:00,0.0
2026-06-16T18:00:00+02:00,0.0
2026-06-16T18:15:00+02:00,0.0
2026-06-16T18:30:00+02:00,0.0
2026-06-16T18:45:00+02:00,0.0
2026-06-16T19:00:00+02:00,0.0
2026-06-16T19:15:00+02:00,0.0
2026-06-16T19:30:00+02:00,0.0
2026-06-16T19:45:00+02:00,0.0
2026-06-16T20:00:00+02:00,0.0
2026-06-16T20:15:00+02:00,0.0
2026-06-16T20:30:00+02:00,0.0
2026-06-16T20:45:00+02:00,0.0
2026-06-16T21:00:00+02:00,0.0
2026-06-16T21:15:00+02:00,0.0
2026-06-16T21:30:00+02:00,0.0
2026-06-16T21:45:00+02:00,0.0
2026-06-16T22:00:00+02:00,0.0
2026-06-16T22:15:00+02:00,0.0
2026-06-16T22:30:00+02:00,0.0
2026-06-16T22:45:00+02:00,0.0
2026-06-16T23:00:00+02:00,0.0
2026-06-16T23:15:00+02:00,0.0
2026-06-16T23:30:00+02:00,0.0
2026-06-16T23:45:00+02:00,0.0
2026-06-17T00:00:00+02:00,0.0
2026-06-17T00:15:00+02:00,0.0
2026-06-17T00:30:00+02:00,0.0
2026-06-17T00:45:00+02:00,0.0
2026-06-17T01:00:00+02:00,0.0
2026-06-17T01:15:00+02:00,0.0
2026-06-17T01:30:00+02:00,0.0
2026-06-17T01:45:00+02:00,0.0
2026-06-17T02:00:00+02:00,0.0
2026-06-17T02:15:00+02:00,0.0
2026-06-17T02:30:00+02:00,0.0
2026-06-17T02:45:00+02:00,0.0
2026-06-17T03:00:00+02:00,0.0
2026-06-17T03:15:00+02:00,0.0
2026-06-17T03:30:00+02:00,0.0
2026-06-17T03:45:00+02:00,0.0
2026-06-17T04:00:00+02:00,0.0
2026-06-17T04:15:00+02:00,0.0
2026-06-17T04:30:00+02:00,0.0
2026-06-17T04:45:00+02:00,0.0
2026-06-17T05:00:00+02:00,0.0
2026-06-17T05:15:00+02:00,0.0
2026-06-17T05:30:00+02:00,0.0
2026-06-17T05:45:00+02:00,0.0
2026-06-17T06:00:00+02:00,0.0
2026-06-17T06:15:00+02:00,2.63962
2026-06-17T06:30:00+02:00,6.074904
2026-06-17T06:45:00+02:00,6.029296
2026-06-17T07:00:00+02:00,6.02128
2026-06-17T07:15:00+02:00,5.99562
2026-06-17T07:30:00+02:00,5.984
2026-06-17T07:45:00+02:00,5.984924
2026-06-17T08:00:00+02:00,5.996176
2026-06-17T08:15:00+02:00,6.00982
2026-06-17T08:30:00+02:00,5.98508
2026-06-17T08:45:00+02:00,5.976
2026-06-17T09:00:00+02:00,5.96654
2026-06-17T09:15:00+02:00,5.98474
2026-06-17T09:30:00+02:00,6.06912
2026-06-17T09:45:00+02:00,6.05398
2026-06-17T10:00:00+02:00,5.982362
2026-06-17T10:15:00+02:00,5.982898
2026-06-17T10:30:00+02:00,5.96182
2026-06-17T10:45:00+02:00,5.972396
2026-06-17T11:00:00+02:00,5.982504
2026-06-17T11:15:00+02:00,5.97164
2026-06-17T11:30:00+02:00,5.963167
2026-06-17T11:45:00+02:00,5.976534
2026-06-17T12:00:00+02:00,5.995199
2026-06-17T12:15:00+02:00,5.94218
2026-06-17T12:30:00+02:00,5.96584
2026-06-17T12:45:00+02:00,5.98144
2026-06-17T13:00:00+02:00,5.954933
2026-06-17T13:15:00+02:00,5.964887
2026-06-17T13:30:00+02:00,5.9911
2026-06-17T13:45:00+02:00,5.974576
2026-06-17T14:00:00+02:00,5.980324
2026-06-17T14:15:00+02:00,5.97382
2026-06-17T14:30:00+02:00,5.96254
2026-06-17T14:45:00+02:00,5.958
2026-06-17T15:00:00+02:00,5.953176
2026-06-17T15:15:00+02:00,5.954706
2026-06-17T15:30:00+02:00,5.929294
2026-06-17T15:45:00+02:00,5.954706
2026-06-17T16:00:00+02:00,5.963578
2026-06-17T16:15:00+02:00,5.96836
2026-06-17T16:30:00+02:00,5.945484
2026-06-17T16:45:00+02:00,5.935416
2026-06-17T17:00:00+02:00,5.96892
2026-06-17T17:15:00+02:00,5.96236
2026-06-17T17:30:00+02:00,5.96746
2026-06-17T17:45:00+02:00,5.96836
2026-06-17T18:00:00+02:00,5.96618
2026-06-17T18:15:00+02:00,5.947875
2026-06-17T18:30:00+02:00,5.961945
2026-06-17T18:45:00+02:00,5.96018
2026-06-17T19:00:00+02:00,5.942993
2026-06-17T19:15:00+02:00,5.972168
2026-06-17T19:30:00+02:00,5.972659
2026-06-17T19:45:00+02:00,5.95636
2026-06-17T20:00:00+02:00,5.927308
2026-06-17T20:15:00+02:00,5.933232
2026-06-17T20:30:00+02:00,5.96348
2026-06-17T20:45:00+02:00,5.984929
2026-06-17T21:00:00+02:00,5.980511
2026-06-17T21:15:00+02:00,5.97
2026-06-17T21:30:00+02:00,5.95717
2026-06-17T21:45:00+02:00,5.974351
2026-06-17T22:00:00+02:00,5.956917
2026-06-17T22:15:00+02:00,5.983083
2026-06-17T22:30:00+02:00,5.911559
2026-06-17T22:45:00+02:00,5.93782
2026-06-17T23:00:00+02:00,5.936764
2026-06-17T23:15:00+02:00,5.946876
2026-06-17T23:30:00+02:00,5.93636
2026-06-17T23:45:00+02:00,5.94
2026-06-18T00:00:00+02:00,5.943043
2026-06-18T00:15:00+02:00,5.806437
2026-06-18T00:30:00+02:00,6.009991
2026-06-18T00:45:00+02:00,5.969269
2026-06-18T01:00:00+02:00,5.9438
2026-06-18T01:15:00+02:00,5.92782
2026-06-18T01:30:00+02:00,5.93564
2026-06-18T01:45:00+02:00,5.94218
2026-06-18T02:00:00+02:00,5.96838
2026-06-18T02:15:00+02:00,5.55732
2026-06-18T02:30:00+02:00,5.72736
2026-06-18T02:45:00+02:00,5.78186
2026-06-18T03:00:00+02:00,5.93944
2026-06-18T03:15:00+02:00,5.97074
2026-06-18T03:30:00+02:00,5.961496
2026-06-18T03:45:00+02:00,5.977044
2026-06-18T04:00:00+02:00,6.02622
2026-06-18T04:15:00+02:00,6.008
2026-06-18T04:30:00+02:00,6.069381
2026-06-18T04:45:00+02:00,6.097159
2026-06-18T05:00:00+02:00,6.06164
2026-06-18T05:15:00+02:00,5.945148
2026-06-18T05:30:00+02:00,5.961253
2026-06-18T05:45:00+02:00,5.985379
2026-06-18T06:00:00+02:00,5.95528
2026-06-18T06:15:00+02:00,5.946566
2026-06-18T06:30:00+02:00,5.969254
2026-06-18T06:45:00+02:00,5.962
2026-06-18T07:00:00+02:00,5.95472
2026-06-18T07:15:00+02:00,5.96164
2026-06-18T07:30:00+02:00,5.96182
2026-06-18T07:45:00+02:00,5.949356
2026-06-18T08:00:00+02:00,5.969985
2026-06-18T08:15:00+02:00,5.950381
2026-06-18T08:30:00+02:00,5.94652
2026-06-18T08:45:00+02:00,5.936029
2026-06-18T09:00:00+02:00,5.932332
2026-06-18T09:15:00+02:00,5.934297
2026-06-18T09:30:00+02:00,5.93782
2026-06-18T09:45:00+02:00,5.938213
2026-06-18T10:00:00+02:00,5.938147
2026-06-18T10:15:00+02:00,5.91854
2026-06-18T10:30:00+02:00,5.92146
2026-06-18T10:45:00+02:00,5.91636
2026-06-18T11:00:00+02:00,5.92364
2026-06-18T11:15:00+02:00,5.932
2026-06-18T11:30:00+02:00,5.92418
2026-06-18T11:45:00+02:00,5.93146
2026-06-18T12:00:00+02:00,5.93236
2026-06-18T12:15:00+02:00,5.948
2026-06-18T12:30:00+02:00,5.928
2026-06-18T12:45:00+02:00,5.936404
2026-06-18T13:00:00+02:00,5.931596
2026-06-18T13:15:00+02:00,5.94436
2026-06-18T13:30:00+02:00,5.91218
2026-06-18T13:45:00+02:00,5.92746
2026-06-18T14:00:00+02:00,5.933161
2026-06-18T14:15:00+02:00,5.936659
2026-06-18T14:30:00+02:00,5.92254
2026-06-18T14:45:00+02:00,5.90538
2026-06-18T15:00:00+02:00,5.925783
2026-06-18T15:15:00+02:00,5.925485
2026-06-18T15:30:00+02:00,5.926875
2026-06-18T15:45:00+02:00,5.915017
2026-06-18T16:00:00+02:00,5.90946
2026-06-18T16:15:00+02:00,5.917861
2026-06-18T16:30:00+02:00,5.926139
2026-06-18T16:45:00+02:00,5.916
2026-06-18T17:00:00+02:00,5.92364
2026-06-18T17:15:00+02:00,5.92982
2026-06-18T17:30:00+02:00,5.920087
2026-06-18T17:45:00+02:00,5.926453
2026-06-18T18:00:00+02:00,5.90072
2026-06-18T18:15:00+02:00,5.890843
2026-06-18T18:30:00+02:00,5.889222
2026-06-18T18:45:00+02:00,5.888674
2026-06-18T19:00:00+02:00,5.934
2026-06-18T19:15:00+02:00,5.910652
2026-06-18T19:30:00+02:00,5.897952
2026-06-18T19:45:00+02:00,5.881016
2026-06-18T20:00:00+02:00,5.88
2026-06-18T20:15:00+02:00,5.891699
2026-06-18T20:30:00+02:00,5.892301
2026-06-18T20:45:00+02:00,5.8971
2026-06-18T21:00:00+02:00,5.903739
2026-06-18T21:15:00+02:00,5.896621
2026-06-18T21:30:00+02:00,5.899379
2026-06-18T21:45:00+02:00,5.910081
2026-06-18T22:00:00+02:00,5.90454
2026-06-18T22:15:00+02:00,5.917925
2026-06-18T22:30:00+02:00,5.929058
2026-06-18T22:45:00+02:00,5.91204
2026-06-18T23:00:00+02:00,5.904501
2026-06-18T23:15:00+02:00,5.916584
2026-06-18T23:30:00+02:00,5.942154
2026-06-18T23:45:00+02:00,5.909558
2026-06-19T00:00:00+02:00,5.90782
2026-06-19T00:15:00+02:00,5.927864
2026-06-19T00:30:00+02:00,5.950696
2026-06-19T00:45:00+02:00,5.95254
2026-06-19T01:00:00+02:00,5.94764
2026-06-19T01:15:00+02:00,5.94472
2026-06-19T01:30:00+02:00,5.94328
2026-06-19T01:45:00+02:00,5.97418
2026-06-19T02:00:00+02:00,5.93454
2026-06-19T02:15:00+02:00,5.90174
2026-06-19T02:30:00+02:00,5.906684
2026-06-19T02:45:00+02:00,5.919216
2026-06-19T03:00:00+02:00,5.93618
2026-06-19T03:15:00+02:00,5.934401
2026-06-19T03:30:00+02:00,5.937599
2026-06-19T03:45:00+02:00,5.95292
2026-06-19T04:00:00+02:00,5.96236
2026-06-19T04:15:00+02:00,5.92162
2026-06-19T04:30:00+02:00,5.897746
2026-06-19T04:45:00+02:00,5.896434
2026-06-19T05:00:00+02:00,5.90946
2026-06-19T05:15:00+02:00,5.914831
2026-06-19T05:30:00+02:00,5.920873
2026-06-19T05:45:00+02:00,5.931936
2026-06-19T06:00:00+02:00,5.92418
2026-06-19T06:15:00+02:00,5.93
2026-06-19T06:30:00+02:00,5.92964
2026-06-19T06:45:00+02:00,5.92818
2026-06-19T07:00:00+02:00,5.93946
2026-06-19T07:15:00+02:00,5.89506
2026-06-19T07:30:00+02:00,5.88984
2026-06-19T07:45:00+02:00,5.92654
2026-06-19T08:00:00+02:00,5.92856
2026-06-19T08:15:00+02:00,5.92744
2026-06-19T08:30:00+02:00,5.90946
2026-06-19T08:45:00+02:00,5.922831
2026-06-19T09:00:00+02:00,5.924692
2026-06-19T09:15:00+02:00,5.910297
2026-06-19T09:30:00+02:00,5.92582
2026-06-19T09:45:00+02:00,5.908772
2026-06-19T10:00:00+02:00,5.927228
2026-06-19T10:15:00+02:00,5.932
2026-06-19T10:30:00+02:00,5.925534
2026-06-19T10:45:00+02:00,5.943926
2026-06-19T11:00:00+02:00,5.94218
2026-06-19T11:15:00+02:00,5.94072
2026-06-19T11:30:00+02:00,5.92364
2026-06-19T11:45:00+02:00,5.93454
2026-06-19T12:00:00+02:00,5.91382
2026-06-19T12:15:00+02:00,5.87454
2026-06-19T12:30:00+02:00,5.898
2026-06-19T12:45:00+02:00,5.92128
2026-06-19T13:00:00+02:00,5.915727
2026-06-19T13:15:00+02:00,5.911533
2026-06-19T13:30:00+02:00,5.89146
2026-06-19T13:45:00+02:00,5.8689
2026-06-19T14:00:00+02:00,5.86036
2026-06-19T14:15:00+02:00,5.87274
2026-06-19T14:30:00+02:00,5.89418
2026-06-19T14:45:00+02:00,5.869026
2026-06-19T15:00:00+02:00,5.902318
2026-06-19T15:15:00+02:00,5.879865
2026-06-19T15:30:00+02:00,5.888676
2026-06-19T15:45:00+02:00,5.889935
2026-06-19T16:00:00+02:00,3.88486
2026-06-19T16:15:00+02:00,0.08208
2026-06-19T16:30:00+02:00,0.0
2026-06-19T16:45:00+02:00,0.0
2026-06-19T17:00:00+02:00,0.0
2026-06-19T17:15:00+02:00,0.0
2026-06-19T17:30:00+02:00,0.0
2026-06-19T17:45:00+02:00,0.0
2026-06-19T18:00:00+02:00,0.0
2026-06-19T18:15:00+02:00,0.0
2026-06-19T18:30:00+02:00,0.0
2026-06-19T18:45:00+02:00,0.0
2026-06-19T19:00:00+02:00,0.0
2026-06-19T19:15:00+02:00,0.0
2026-06-19T19:30:00+02:00,0.0
2026-06-19T19:45:00+02:00,0.0
2026-06-19T20:00:00+02:00,0.0
2026-06-19T20:15:00+02:00,0.0
2026-06-19T20:30:00+02:00,0.0
2026-06-19T20:45:00+02:00,0.0
2026-06-19T21:00:00+02:00,0.0
2026-06-19T21:15:00+02:00,0.0
2026-06-19T21:30:00+02:00,0.0
2026-06-19T21:45:00+02:00,0.0
2026-06-19T22:00:00+02:00,0.0
2026-06-19T22:15:00+02:00,0.0
2026-06-19T22:30:00+02:00,0.0
2026-06-19T22:45:00+02:00,0.0
2026-06-19T23:00:00+02:00,0.0
2026-06-19T23:15:00+02:00,0.0
2026-06-19T23:30:00+02:00,0.0
2026-06-19T23:45:00+02:00,0.0
2026-06-20T00:00:00+02:00,0.0
2026-06-20T00:15:00+02:00,0.0
2026-06-20T00:30:00+02:00,0.0
2026-06-20T00:45:00+02:00,0.0
2026-06-20T01:00:00+02:00,0.0
2026-06-20T01:15:00+02:00,0.0
2026-06-20T01:30:00+02:00,0.0
2026-06-20T01:45:00+02:00,0.0
2026-06-20T02:00:00+02:00,0.0
2026-06-20T02:15:00+02:00,0.0
2026-06-20T02:30:00+02:00,0.0
2026-06-20T02:45:00+02:00,0.0
2026-06-20T03:00:00+02:00,0.0
2026-06-20T03:15:00+02:00,0.0
2026-06-20T03:30:00+02:00,0.0
2026-06-20T03:45:00+02:00,0.0
2026-06-20T04:00:00+02:00,0.0
2026-06-20T04:15:00+02:00,0.0
2026-06-20T04:30:00+02:00,0.0
2026-06-20T04:45:00+02:00,0.0
2026-06-20T05:00:00+02:00,0.0
2026-06-20T05:15:00+02:00,0.0
2026-06-20T05:30:00+02:00,0.0
2026-06-20T05:45:00+02:00,0.0
2026-06-20T06:00:00+02:00,0.0
2026-06-20T06:15:00+02:00,0.0
2026-06-20T06:30:00+02:00,0.0
2026-06-20T06:45:00+02:00,0.0
2026-06-20T07:00:00+02:00,0.0
2026-06-20T07:15:00+02:00,0.0
2026-06-20T07:30:00+02:00,0.0
2026-06-20T07:45:00+02:00,0.0
2026-06-20T08:00:00+02:00,0.0
2026-06-20T08:15:00+02:00,0.0
2026-06-20T08:30:00+02:00,0.0
2026-06-20T08:45:00+02:00,0.0
2026-06-20T09:00:00+02:00,0.0
2026-06-20T09:15:00+02:00,0.0
2026-06-20T09:30:00+02:00,0.0
2026-06-20T09:45:00+02:00,0.0
2026-06-20T10:00:00+02:00,0.0
2026-06-20T10:15:00+02:00,0.0
2026-06-20T10:30:00+02:00,0.0
2026-06-20T10:45:00+02:00,0.0
2026-06-20T11:00:00+02:00,0.0
2026-06-20T11:15:00+02:00,0.0
2026-06-20T11:30:00+02:00,0.0
2026-06-20T11:45:00+02:00,0.0
2026-06-20T12:00:00+02:00,0.0
2026-06-20T12:15:00+02:00,0.0
2026-06-20T12:30:00+02:00,0.0
2026-06-20T12:45:00+02:00,0.0
2026-06-20T13:00:00+02:00,0.0
2026-06-20T13:15:00+02:00,0.0
2026-06-20T13:30:00+02:00,0.0
2026-06-20T13:45:00+02:00,0.0
2026-06-20T14:00:00+02:00,0.0
2026-06-20T14:15:00+02:00,0.0
2026-06-20T14:30:00+02:00,0.0
2026-06-20T14:45:00+02:00,0.0
2026-06-20T15:00:00+02:00,0.0
2026-06-20T15:15:00+02:00,0.0
2026-06-20T15:30:00+02:00,0.0
2026-06-20T15:45:00+02:00,0.0
2026-06-20T16:00:00+02:00,0.0
2026-06-20T16:15:00+02:00,0.0
2026-06-20T16:30:00+02:00,0.0
2026-06-20T16:45:00+02:00,0.0
2026-06-20T17:00:00+02:00,0.0
2026-06-20T17:15:00+02:00,0.0
2026-06-20T17:30:00+02:00,0.0
2026-06-20T17:45:00+02:00,0.0
2026-06-20T18:00:00+02:00,0.0
2026-06-20T18:15:00+02:00,0.0
2026-06-20T18:30:00+02:00,0.0
2026-06-20T18:45:00+02:00,0.0
2026-06-20T19:00:00+02:00,0.0
2026-06-20T19:15:00+02:00,0.0
2026-06-20T19:30:00+02:00,0.0
2026-06-20T19:45:00+02:00,0.0
2026-06-20T20:00:00+02:00,0.0
2026-06-20T20:15:00+02:00,0.0
2026-06-20T20:30:00+02:00,0.0
2026-06-20T20:45:00+02:00,0.0
2026-06-20T21:00:00+02:00,0.0
2026-06-20T21:15:00+02:00,0.0
2026-06-20T21:30:00+02:00,0.0
2026-06-20T21:45:00+02:00,0.0
2026-06-20T22:00:00+02:00,0.0
2026-06-20T22:15:00+02:00,0.0
2026-06-20T22:30:00+02:00,0.0
2026-06-20T22:45:00+02:00,0.0
2026-06-20T23:00:00+02:00,0.0
2026-06-20T23:15:00+02:00,0.0
2026-06-20T23:30:00+02:00,0.0
2026-06-20T23:45:00+02:00,0.0
2026-06-21T00:00:00+02:00,0.0
2026-06-21T00:15:00+02:00,0.0
2026-06-21T00:30:00+02:00,0.0
2026-06-21T00:45:00+02:00,0.0
2026-06-21T01:00:00+02:00,0.0
2026-06-21T01:15:00+02:00,0.0
2026-06-21T01:30:00+02:00,0.0
2026-06-21T01:45:00+02:00,0.0
2026-06-21T02:00:00+02:00,0.0
2026-06-21T02:15:00+02:00,0.0
2026-06-21T02:30:00+02:00,0.0
2026-06-21T02:45:00+02:00,0.0
2026-06-21T03:00:00+02:00,0.0
2026-06-21T03:15:00+02:00,0.0
2026-06-21T03:30:00+02:00,0.0
2026-06-21T03:45:00+02:00,0.0
2026-06-21T04:00:00+02:00,0.0
2026-06-21T04:15:00+02:00,0.0
2026-06-21T04:30:00+02:00,0.0
2026-06-21T04:45:00+02:00,0.0
2026-06-21T05:00:00+02:00,0.0
2026-06-21T05:15:00+02:00,0.0
2026-06-21T05:30:00+02:00,0.0
2026-06-21T05:45:00+02:00,0.0
2026-06-21T06:00:00+02:00,0.0
2026-06-21T06:15:00+02:00,0.0
2026-06-21T06:30:00+02:00,0.0
2026-06-21T06:45:00+02:00,0.0
2026-06-21T07:00:00+02:00,0.0
2026-06-21T07:15:00+02:00,0.0
2026-06-21T07:30:00+02:00,0.0
2026-06-21T07:45:00+02:00,0.0
2026-06-21T08:00:00+02:00,0.0
2026-06-21T08:15:00+02:00,0.0
2026-06-21T08:30:00+02:00,0.0
2026-06-21T08:45:00+02:00,0.0
2026-06-21T09:00:00+02:00,0.0
2026-06-21T09:15:00+02:00,0.0
2026-06-21T09:30:00+02:00,0.0
2026-06-21T09:45:00+02:00,0.0
2026-06-21T10:00:00+02:00,0.0
2026-06-21T10:15:00+02:00,0.0
2026-06-21T10:30:00+02:00,0.0
2026-06-21T10:45:00+02:00,0.0
2026-06-21T11:00:00+02:00,0.0
2026-06-21T11:15:00+02:00,0.0
2026-06-21T11:30:00+02:00,0.0
2026-06-21T11:45:00+02:00,0.0
2026-06-21T12:00:00+02:00,0.0
2026-06-21T12:15:00+02:00,0.0
2026-06-21T12:30:00+02:00,0.0
2026-06-21T12:45:00+02:00,0.0
2026-06-21T13:00:00+02:00,0.0
2026-06-21T13:15:00+02:00,0.0
2026-06-21T13:30:00+02:00,0.0
2026-06-21T13:45:00+02:00,0.0
2026-06-21T14:00:00+02:00,0.0
2026-06-21T14:15:00+02:00,0.0
2026-06-21T14:30:00+02:00,0.0
2026-06-21T14:45:00+02:00,0.0
2026-06-21T15:00:00+02:00,0.0
2026-06-21T15:15:00+02:00,0.0
2026-06-21T15:30:00+02:00,0.0
2026-06-21T15:45:00+02:00,0.0
2026-06-21T16:00:00+02:00,0.0
2026-06-21T16:15:00+02:00,0.0
2026-06-21T16:30:00+02:00,0.0
2026-06-21T16:45:00+02:00,0.0
2026-06-21T17:00:00+02:00,0.0
2026-06-21T17:15:00+02:00,0.0
2026-06-21T17:30:00+02:00,0.0
2026-06-21T17:45:00+02:00,0.0
2026-06-21T18:00:00+02:00,0.0
2026-06-21T18:15:00+02:00,0.0
2026-06-21T18:30:00+02:00,0.0
2026-06-21T18:45:00+02:00,0.0
2026-06-21T19:00:00+02:00,0.0
2026-06-21T19:15:00+02:00,0.0
2026-06-21T19:30:00+02:00,0.0
2026-06-21T19:45:00+02:00,0.0
2026-06-21T20:00:00+02:00,0.0
2026-06-21T20:15:00+02:00,0.0
2026-06-21T20:30:00+02:00,0.0
2026-06-21T20:45:00+02:00,0.0
2026-06-21T21:00:00+02:00,0.0
2026-06-21T21:15:00+02:00,0.0
2026-06-21T21:30:00+02:00,0.0
2026-06-21T21:45:00+02:00,0.0
2026-06-21T22:00:00+02:00,0.0
2026-06-21T22:15:00+02:00,0.0
2026-06-21T22:30:00+02:00,0.0
2026-06-21T22:45:00+02:00,0.0
2026-06-21T23:00:00+02:00,0.0
2026-06-21T23:15:00+02:00,0.0
2026-06-21T23:30:00+02:00,0.0
2026-06-21T23:45:00+02:00,0.0
2026-06-22T00:00:00+02:00,0.0
2026-06-22T00:15:00+02:00,0.0
2026-06-22T00:30:00+02:00,0.0
2026-06-22T00:45:00+02:00,0.0
2026-06-22T01:00:00+02:00,0.0
2026-06-22T01:15:00+02:00,0.0
2026-06-22T01:30:00+02:00,0.0
2026-06-22T01:45:00+02:00,0.0
2026-06-22T02:00:00+02:00,0.0
2026-06-22T02:15:00+02:00,0.0
2026-06-22T02:30:00+02:00,0.0
2026-06-22T02:45:00+02:00,0.0
2026-06-22T03:00:00+02:00,0.0
2026-06-22T03:15:00+02:00,0.0
2026-06-22T03:30:00+02:00,0.0
2026-06-22T03:45:00+02:00,0.0
2026-06-22T04:00:00+02:00,0.0
2026-06-22T04:15:00+02:00,0.0
2026-06-22T04:30:00+02:00,0.0
2026-06-22T04:45:00+02:00,0.0
2026-06-22T05:00:00+02:00,0.0
2026-06-22T05:15:00+02:00,0.0
2026-06-22T05:30:00+02:00,0.0
2026-06-22T05:45:00+02:00,0.0
2026-06-22T06:00:00+02:00,0.0
2026-06-22T06:15:00+02:00,0.0
2026-06-22T06:30:00+02:00,0.0
2026-06-22T06:45:00+02:00,0.0
2026-06-22T07:00:00+02:00,0.0
2026-06-22T07:15:00+02:00,0.0
2026-06-22T07:30:00+02:00,0.0
2026-06-22T07:45:00+02:00,0.0
2026-06-22T08:00:00+02:00,0.0
2026-06-22T08:15:00+02:00,0.0
2026-06-22T08:30:00+02:00,0.0
2026-06-22T08:45:00+02:00,0.0
2026-06-22T09:00:00+02:00,0.0
2026-06-22T09:15:00+02:00,0.0
2026-06-22T09:30:00+02:00,0.0
2026-06-22T09:45:00+02:00,0.0
2026-06-22T10:00:00+02:00,0.0
2026-06-22T10:15:00+02:00,0.0
2026-06-22T10:30:00+02:00,0.0
2026-06-22T10:45:00+02:00,0.0
2026-06-22T11:00:00+02:00,0.0
2026-06-22T11:15:00+02:00,0.0
2026-06-22T11:30:00+02:00,0.0
2026-06-22T11:45:00+02:00,0.0
2026-06-22T12:00:00+02:00,0.0
2026-06-22T12:15:00+02:00,0.0
2026-06-22T12:30:00+02:00,0.0
2026-06-22T12:45:00+02:00,0.0
2026-06-22T13:00:00+02:00,0.0
2026-06-22T13:15:00+02:00,0.0
2026-06-22T13:30:00+02:00,0.0
2026-06-22T13:45:00+02:00,0.0
2026-06-22T14:00:00+02:00,0.0
2026-06-22T14:15:00+02:00,0.0
2026-06-22T14:30:00+02:00,0.0
2026-06-22T14:45:00+02:00,0.0
2026-06-22T15:00:00+02:00,0.0
2026-06-22T15:15:00+02:00,0.0
2026-06-22T15:30:00+02:00,0.0
2026-06-22T15:45:00+02:00,0.0
2026-06-22T16:00:00+02:00,0.0
2026-06-22T16:15:00+02:00,0.0
2026-06-22T16:30:00+02:00,0.0
2026-06-22T16:45:00+02:00,0.0
2026-06-22T17:00:00+02:00,0.0
2026-06-22T17:15:00+02:00,0.0
2026-06-22T17:30:00+02:00,0.0
2026-06-22T17:45:00+02:00,0.0
2026-06-22T18:00:00+02:00,0.0
2026-06-22T18:15:00+02:00,0.0
2026-06-22T18:30:00+02:00,0.0
2026-06-22T18:45:00+02:00,0.0
2026-06-22T19:00:00+02:00,0.0
2026-06-22T19:15:00+02:00,0.0
2026-06-22T19:30:00+02:00,0.0
2026-06-22T19:45:00+02:00,0.0
2026-06-22T20:00:00+02:00,0.0
2026-06-22T20:15:00+02:00,0.0
2026-06-22T20:30:00+02:00,0.0
2026-06-22T20:45:00+02:00,0.0
2026-06-22T21:00:00+02:00,0.0
2026-06-22T21:15:00+02:00,0.0
2026-06-22T21:30:00+02:00,0.0
2026-06-22T21:45:00+02:00,0.0
2026-06-22T22:00:00+02:00,0.0
2026-06-22T22:15:00+02:00,0.0
2026-06-22T22:30:00+02:00,0.0
2026-06-22T22:45:00+02:00,0.0
2026-06-22T23:00:00+02:00,0.0
2026-06-22T23:15:00+02:00,0.0
2026-06-22T23:30:00+02:00,0.0
2026-06-22T23:45:00+02:00,0.0
2026-06-23T00:00:00+02:00,0.0
2026-06-23T00:15:00+02:00,0.0
2026-06-23T00:30:00+02:00,0.0
2026-06-23T00:45:00+02:00,0.0
2026-06-23T01:00:00+02:00,0.0
2026-06-23T01:15:00+02:00,0.0
2026-06-23T01:30:00+02:00,0.0
2026-06-23T01:45:00+02:00,0.0
2026-06-23T02:00:00+02:00,0.0
2026-06-23T02:15:00+02:00,0.0
2026-06-23T02:30:00+02:00,0.0
2026-06-23T02:45:00+02:00,0.0
2026-06-23T03:00:00+02:00,0.0
2026-06-23T03:15:00+02:00,0.0
2026-06-23T03:30:00+02:00,0.0
2026-06-23T03:45:00+02:00,0.0
2026-06-23T04:00:00+02:00,0.0
2026-06-23T04:15:00+02:00,0.0
2026-06-23T04:30:00+02:00,0.0
2026-06-23T04:45:00+02:00,0.0
2026-06-23T05:00:00+02:00,0.0
2026-06-23T05:15:00+02:00,0.0
2026-06-23T05:30:00+02:00,0.0
2026-06-23T05:45:00+02:00,0.0
2026-06-23T06:00:00+02:00,0.0
2026-06-23T06:15:00+02:00,0.0
2026-06-23T06:30:00+02:00,0.0
2026-06-23T06:45:00+02:00,0.0
2026-06-23T07:00:00+02:00,0.0
2026-06-23T07:15:00+02:00,0.0
2026-06-23T07:30:00+02:00,0.0
2026-06-23T07:45:00+02:00,0.0
2026-06-23T08:00:00+02:00,0.0
2026-06-23T08:15:00+02:00,0.0
2026-06-23T08:30:00+02:00,0.0
2026-06-23T08:45:00+02:00,0.86822
2026-06-23T09:00:00+02:00,4.94782
2026-06-23T09:15:00+02:00,6.0196
2026-06-23T09:30:00+02:00,5.99419
2026-06-23T09:45:00+02:00,6.05893
2026-06-23T10:00:00+02:00,6.10036
2026-06-23T10:15:00+02:00,6.087472
2026-06-23T10:30:00+02:00,6.092222
2026-06-23T10:45:00+02:00,6.096305
2026-06-23T11:00:00+02:00,6.09982
2026-06-23T11:15:00+02:00,6.1053
2026-06-23T11:30:00+02:00,6.17672
2026-06-23T11:45:00+02:00,6.06432
2026-06-23T12:00:00+02:00,6.05074
2026-06-23T12:15:00+02:00,6.120851
2026-06-23T12:30:00+02:00,6.094789
2026-06-23T12:45:00+02:00,6.16966
2026-06-23T13:00:00+02:00,6.141851
2026-06-23T13:15:00+02:00,6.126489
2026-06-23T13:30:00+02:00,6.10474
2026-06-23T13:45:00+02:00,6.153996
2026-06-23T14:00:00+02:00,6.156616
2026-06-23T14:15:00+02:00,6.143208
2026-06-23T14:30:00+02:00,6.11454
2026-06-23T14:45:00+02:00,5.990152
2026-06-23T15:00:00+02:00,6.012368
2026-06-23T15:15:00+02:00,6.03966
2026-06-23T15:30:00+02:00,6.08672
2026-06-23T15:45:00+02:00,6.0609
2026-06-23T16:00:00+02:00,6.09384
2026-06-23T16:15:00+02:00,6.068695
2026-06-23T16:30:00+02:00,5.968165
2026-06-23T16:45:00+02:00,6.08714
2026-06-23T17:00:00+02:00,6.08562
2026-06-23T17:15:00+02:00,6.09656
2026-06-23T17:30:00+02:00,6.107523
2026-06-23T17:45:00+02:00,6.120117
2026-06-23T18:00:00+02:00,6.11836
2026-06-23T18:15:00+02:00,6.120731
2026-06-23T18:30:00+02:00,6.122782
2026-06-23T18:45:00+02:00,3.617787
2026-06-23T19:00:00+02:00,1.79364
2026-06-23T19:15:00+02:00,3.847351
2026-06-23T19:30:00+02:00,6.117709
2026-06-23T19:45:00+02:00,6.11618
2026-06-23T20:00:00+02:00,6.07744
2026-06-23T20:15:00+02:00,6.05092
2026-06-23T20:30:00+02:00,6.09982
2026-06-23T20:45:00+02:00,5.96268
2026-06-23T21:00:00+02:00,5.95364
2026-06-23T21:15:00+02:00,5.95582
2026-06-23T21:30:00+02:00,5.99074
2026-06-23T21:45:00+02:00,6.086684
2026-06-23T22:00:00+02:00,6.129716
2026-06-23T22:15:00+02:00,6.0219
2026-06-23T22:30:00+02:00,2.167
2026-06-23T22:45:00+02:00,0.00288
2026-06-23T23:00:00+02:00,0.0
2026-06-23T23:15:00+02:00,0.52234
2026-06-23T23:30:00+02:00,3.7848
2026-06-23T23:45:00+02:00,5.89634
2026-06-24T00:00:00+02:00,5.68646
2026-06-24T00:15:00+02:00,2.9263
2026-06-24T00:30:00+02:00,3.09928
2026-06-24T00:45:00+02:00,6.089882
2026-06-24T01:00:00+02:00,6.154278
2026-06-24T01:15:00+02:00,3.82032
2026-06-24T01:30:00+02:00,0.0
2026-06-24T01:45:00+02:00,0.0
2026-06-24T02:00:00+02:00,0.0
2026-06-24T02:15:00+02:00,0.0
2026-06-24T02:30:00+02:00,0.0
2026-06-24T02:45:00+02:00,0.0
2026-06-24T03:00:00+02:00,0.0
2026-06-24T03:15:00+02:00,2.883481
2026-06-24T03:30:00+02:00,6.171351
2026-06-24T03:45:00+02:00,6.158669
2026-06-24T04:00:00+02:00,6.15382
2026-06-24T04:15:00+02:00,1.72112
2026-06-24T04:30:00+02:00,5.3227
2026-06-24T04:45:00+02:00,6.158
2026-06-24T05:00:00+02:00,6.147845
2026-06-24T05:15:00+02:00,6.162335
2026-06-24T05:30:00+02:00,5.4493
2026-06-24T05:45:00+02:00,6.1267
2026-06-24T06:00:00+02:00,6.084647
2026-06-24T06:15:00+02:00,6.036393
2026-06-24T06:30:00+02:00,6.07586
2026-06-24T06:45:00+02:00,6.070203
2026-06-24T07:00:00+02:00,6.024556
2026-06-24T07:15:00+02:00,6.009022
2026-06-24T07:30:00+02:00,6.04202
2026-06-24T07:45:00+02:00,6.000524
2026-06-24T08:00:00+02:00,6.012916
2026-06-24T08:15:00+02:00,5.99036
2026-06-24T08:30:00+02:00,6.030147
2026-06-24T08:45:00+02:00,6.049153
2026-06-24T09:00:00+02:00,6.1151
2026-06-24T09:15:00+02:00,6.118908
2026-06-24T09:30:00+02:00,6.128785
2026-06-24T09:45:00+02:00,6.118667
2026-06-24T10:00:00+02:00,6.10636
2026-06-24T10:15:00+02:00,6.110299
2026-06-24T10:30:00+02:00,6.101881
2026-06-24T10:45:00+02:00,6.101751
2026-06-24T11:00:00+02:00,4.310849
2026-06-24T11:15:00+02:00,5.86486
2026-06-24T11:30:00+02:00,6.10636
2026-06-24T11:45:00+02:00,6.09836
2026-06-24T12:00:00+02:00,6.091176
2026-06-24T12:15:00+02:00,6.107004
2026-06-24T12:30:00+02:00,6.07636
2026-06-24T12:45:00+02:00,6.109654
2026-06-24T13:00:00+02:00,6.10914
2026-06-24T13:15:00+02:00,6.096486
2026-06-24T13:30:00+02:00,6.09218
2026-06-24T13:45:00+02:00,5.844363
2026-06-24T14:00:00+02:00,1.930337
2026-06-24T14:15:00+02:00,5.6571
2026-06-24T14:30:00+02:00,6.061749
2026-06-24T14:45:00+02:00,6.100451
2026-06-24T15:00:00+02:00,6.03652
2026-06-24T15:15:00+02:00,6.04674
2026-06-24T15:30:00+02:00,6.03654
2026-06-24T15:45:00+02:00,6.0369
2026-06-24T16:00:00+02:00,5.966948
2026-06-24T16:15:00+02:00,5.979592
2026-06-24T16:30:00+02:00,5.97054
2026-06-24T16:45:00+02:00,5.93126
2026-06-24T17:00:00+02:00,5.922
2026-06-24T17:15:00+02:00,5.922279
2026-06-24T17:30:00+02:00,5.944884
2026-06-24T17:45:00+02:00,5.921017
2026-06-24T18:00:00+02:00,5.91982
2026-06-24T18:15:00+02:00,5.939857
2026-06-24T18:30:00+02:00,5.962703
2026-06-24T18:45:00+02:00,6.06494
2026-06-24T19:00:00+02:00,6.065568
2026-06-24T19:15:00+02:00,6.067512
2026-06-24T19:30:00+02:00,5.9596
2026-06-24T19:45:00+02:00,5.912648
2026-06-24T20:00:00+02:00,5.942154
2026-06-24T20:15:00+02:00,5.937846
2026-06-24T20:30:00+02:00,5.930695
2026-06-24T20:45:00+02:00,5.920657
2026-06-24T21:00:00+02:00,5.9351
2026-06-24T21:15:00+02:00,6.007455
2026-06-24T21:30:00+02:00,5.980725
2026-06-24T21:45:00+02:00,6.0655
2026-06-24T22:00:00+02:00,5.09298
2026-06-24T22:15:00+02:00,4.6306
2026-06-24T22:30:00+02:00,5.05544
2026-06-24T22:45:00+02:00,5.36062
2026-06-24T23:00:00+02:00,3.361153
2026-06-24T23:15:00+02:00,3.397007
2026-06-24T23:30:00+02:00,4.51954
2026-06-24T23:45:00+02:00,4.872664
2026-06-25T00:00:00+02:00,4.382535
2026-06-25T00:15:00+02:00,0.13216
2026-06-25T00:30:00+02:00,0.0
2026-06-25T00:45:00+02:00,0.0
2026-06-25T01:00:00+02:00,0.0
2026-06-25T01:15:00+02:00,0.0
2026-06-25T01:30:00+02:00,0.0
2026-06-25T01:45:00+02:00,0.0
2026-06-25T02:00:00+02:00,0.0
2026-06-25T02:15:00+02:00,0.0
2026-06-25T02:30:00+02:00,0.0
2026-06-25T02:45:00+02:00,0.0
2026-06-25T03:00:00+02:00,0.022918
2026-06-25T03:15:00+02:00,4.344342
2026-06-25T03:30:00+02:00,4.54408
2026-06-25T03:45:00+02:00,2.0493
2026-06-25T04:00:00+02:00,3.66726
2026-06-25T04:15:00+02:00,4.11888
2026-06-25T04:30:00+02:00,4.17495
2026-06-25T04:45:00+02:00,1.42357
2026-06-25T05:00:00+02:00,4.80136
2026-06-25T05:15:00+02:00,3.17636
2026-06-25T05:30:00+02:00,4.902524
2026-06-25T05:45:00+02:00,6.105396
2026-06-25T06:00:00+02:00,6.10582
2026-06-25T06:15:00+02:00,6.12
2026-06-25T06:30:00+02:00,6.0507
2026-06-25T06:45:00+02:00,6.0042
2026-06-25T07:00:00+02:00,6.06654
2026-06-25T07:15:00+02:00,5.996712
2026-06-25T07:30:00+02:00,5.997088
2026-06-25T07:45:00+02:00,5.99092
2026-06-25T08:00:00+02:00,6.08184
2026-06-25T08:15:00+02:00,6.02578
2026-06-25T08:30:00+02:00,5.99346
2026-06-25T08:45:00+02:00,5.98654
2026-06-25T09:00:00+02:00,5.97818
2026-06-25T09:15:00+02:00,5.95735
2026-06-25T09:30:00+02:00,5.978171
2026-06-25T09:45:00+02:00,6.058535
2026-06-25T10:00:00+02:00,6.013645
2026-06-25T10:15:00+02:00,5.971832
2026-06-25T10:30:00+02:00,6.044742
2026-06-25T10:45:00+02:00,4.662365
2026-06-25T11:00:00+02:00,0.54064
2026-06-25T11:15:00+02:00,0.0
2026-06-25T11:30:00+02:00,0.0
2026-06-25T11:45:00+02:00,0.0
2026-06-25T12:00:00+02:00,0.0
2026-06-25T12:15:00+02:00,0.0
2026-06-25T12:30:00+02:00,0.0
2026-06-25T12:45:00+02:00,0.0
2026-06-25T13:00:00+02:00,0.0
2026-06-25T13:15:00+02:00,0.0
2026-06-25T13:30:00+02:00,0.0
2026-06-25T13:45:00+02:00,0.0
2026-06-25T14:00:00+02:00,0.0
2026-06-25T14:15:00+02:00,0.0
2026-06-25T14:30:00+02:00,0.0
2026-06-25T14:45:00+02:00,0.0
2026-06-25T15:00:00+02:00,0.0
2026-06-25T15:15:00+02:00,0.0
2026-06-25T15:30:00+02:00,0.0
2026-06-25T15:45:00+02:00,0.0
2026-06-25T16:00:00+02:00,0.0
2026-06-25T16:15:00+02:00,0.0
2026-06-25T16:30:00+02:00,0.0
2026-06-25T16:45:00+02:00,0.0
2026-06-25T17:00:00+02:00,0.0
2026-06-25T17:15:00+02:00,0.0
2026-06-25T17:30:00+02:00,0.0
2026-06-25T17:45:00+02:00,0.0
2026-06-25T18:00:00+02:00,0.0
2026-06-25T18:15:00+02:00,0.0
2026-06-25T18:30:00+02:00,0.0
2026-06-25T18:45:00+02:00,0.0
2026-06-25T19:00:00+02:00,0.0
2026-06-25T19:15:00+02:00,0.0
2026-06-25T19:30:00+02:00,0.0
2026-06-25T19:45:00+02:00,0.0
2026-06-25T20:00:00+02:00,0.0
2026-06-25T20:15:00+02:00,0.0
2026-06-25T20:30:00+02:00,0.0
2026-06-25T20:45:00+02:00,0.0
2026-06-25T21:00:00+02:00,0.0
2026-06-25T21:15:00+02:00,0.0
2026-06-25T21:30:00+02:00,0.0
2026-06-25T21:45:00+02:00,0.0
2026-06-25T22:00:00+02:00,0.0
2026-06-25T22:15:00+02:00,0.0
2026-06-25T22:30:00+02:00,0.0
2026-06-25T22:45:00+02:00,0.0
2026-06-25T23:00:00+02:00,0.0
2026-06-25T23:15:00+02:00,0.0
2026-06-25T23:30:00+02:00,0.0
2026-06-25T23:45:00+02:00,0.0
2026-06-26T00:00:00+02:00,0.0
2026-06-26T00:15:00+02:00,0.0
2026-06-26T00:30:00+02:00,0.0
2026-06-26T00:45:00+02:00,0.0
2026-06-26T01:00:00+02:00,0.0
2026-06-26T01:15:00+02:00,0.0
2026-06-26T01:30:00+02:00,0.0
2026-06-26T01:45:00+02:00,0.0
2026-06-26T02:00:00+02:00,0.0
2026-06-26T02:15:00+02:00,0.0
2026-06-26T02:30:00+02:00,0.0
2026-06-26T02:45:00+02:00,0.0
2026-06-26T03:00:00+02:00,0.0
2026-06-26T03:15:00+02:00,0.0
2026-06-26T03:30:00+02:00,0.0
2026-06-26T03:45:00+02:00,0.0
2026-06-26T04:00:00+02:00,0.0
2026-06-26T04:15:00+02:00,0.0
2026-06-26T04:30:00+02:00,0.0
2026-06-26T04:45:00+02:00,0.0
2026-06-26T05:00:00+02:00,0.0
2026-06-26T05:15:00+02:00,0.0
2026-06-26T05:30:00+02:00,0.0
2026-06-26T05:45:00+02:00,0.0
2026-06-26T06:00:00+02:00,0.0
2026-06-26T06:15:00+02:00,0.0
2026-06-26T06:30:00+02:00,0.0
2026-06-26T06:45:00+02:00,0.11102
2026-06-26T07:00:00+02:00,0.13298
2026-06-26T07:15:00+02:00,0.0
2026-06-26T07:30:00+02:00,0.21392
2026-06-26T07:45:00+02:00,0.01008
2026-06-26T08:00:00+02:00,0.0
2026-06-26T08:15:00+02:00,0.212
2026-06-26T08:30:00+02:00,0.0
2026-06-26T08:45:00+02:00,0.4
2026-06-26T09:00:00+02:00,0.190682
2026-06-26T09:15:00+02:00,0.298138
2026-06-26T09:30:00+02:00,0.11118
2026-06-26T09:45:00+02:00,0.0
2026-06-26T10:00:00+02:00,0.0
2026-06-26T10:15:00+02:00,0.087215
2026-06-26T10:30:00+02:00,0.104785
2026-06-26T10:45:00+02:00,0.0
2026-06-26T11:00:00+02:00,0.0
2026-06-26T11:15:00+02:00,0.096267
2026-06-26T11:30:00+02:00,1.490933
2026-06-26T11:45:00+02:00,0.0968
2026-06-26T12:00:00+02:00,0.3247
2026-06-26T12:15:00+02:00,0.1765
2026-06-26T12:30:00+02:00,0.50134
2026-06-26T12:45:00+02:00,0.01746
2026-06-26T13:00:00+02:00,0.0
2026-06-26T13:15:00+02:00,0.0
2026-06-26T13:30:00+02:00,0.0191
2026-06-26T13:45:00+02:00,0.51408
2026-06-26T14:00:00+02:00,0.10682
2026-06-26T14:15:00+02:00,0.2
2026-06-26T14:30:00+02:00,0.0
2026-06-26T14:45:00+02:00,0.06552
2026-06-26T15:00:00+02:00,0.29622
2026-06-26T15:15:00+02:00,0.19426
2026-06-26T15:30:00+02:00,0.0
2026-06-26T15:45:00+02:00,0.0
2026-06-26T16:00:00+02:00,0.0
2026-06-26T16:15:00+02:00,0.0
2026-06-26T16:30:00+02:00,0.0
2026-06-26T16:45:00+02:00,0.0
2026-06-26T17:00:00+02:00,0.0
2026-06-26T17:15:00+02:00,0.0
2026-06-26T17:30:00+02:00,0.0
2026-06-26T17:45:00+02:00,0.0
2026-06-26T18:00:00+02:00,0.0
2026-06-26T18:15:00+02:00,0.0
2026-06-26T18:30:00+02:00,0.0
2026-06-26T18:45:00+02:00,0.0
2026-06-26T19:00:00+02:00,0.0
2026-06-26T19:15:00+02:00,0.0
2026-06-26T19:30:00+02:00,0.0
2026-06-26T19:45:00+02:00,0.408
2026-06-26T20:00:00+02:00,0.0
2026-06-26T20:15:00+02:00,0.091
2026-06-26T20:30:00+02:00,0.109
2026-06-26T20:45:00+02:00,0.0
2026-06-26T21:00:00+02:00,0.0
2026-06-26T21:15:00+02:00,0.0
2026-06-26T21:30:00+02:00,0.0
2026-06-26T21:45:00+02:00,0.0
2026-06-26T22:00:00+02:00,0.0
2026-06-26T22:15:00+02:00,0.0
2026-06-26T22:30:00+02:00,0.0
2026-06-26T22:45:00+02:00,0.0
2026-06-26T23:00:00+02:00,0.0
2026-06-26T23:15:00+02:00,0.0
2026-06-26T23:30:00+02:00,0.0
2026-06-26T23:45:00+02:00,0.0
2026-06-27T00:00:00+02:00,0.0
2026-06-27T00:15:00+02:00,0.0
2026-06-27T00:30:00+02:00,0.0
2026-06-27T00:45:00+02:00,0.0
2026-06-27T01:00:00+02:00,0.0
2026-06-27T01:15:00+02:00,0.0
2026-06-27T01:30:00+02:00,0.0
2026-06-27T01:45:00+02:00,0.0
2026-06-27T02:00:00+02:00,0.0
2026-06-27T02:15:00+02:00,0.0
2026-06-27T02:30:00+02:00,0.0
2026-06-27T02:45:00+02:00,0.0
2026-06-27T03:00:00+02:00,0.0
2026-06-27T03:15:00+02:00,0.0
2026-06-27T03:30:00+02:00,0.0
2026-06-27T03:45:00+02:00,0.0
2026-06-27T04:00:00+02:00,0.0
2026-06-27T04:15:00+02:00,0.0
2026-06-27T04:30:00+02:00,0.0
2026-06-27T04:45:00+02:00,0.0
2026-06-27T05:00:00+02:00,0.0
2026-06-27T05:15:00+02:00,0.0
2026-06-27T05:30:00+02:00,0.0
2026-06-27T05:45:00+02:00,0.0
2026-06-27T06:00:00+02:00,0.0
2026-06-27T06:15:00+02:00,0.0
2026-06-27T06:30:00+02:00,0.0
2026-06-27T06:45:00+02:00,0.0
2026-06-27T07:00:00+02:00,0.0
2026-06-27T07:15:00+02:00,0.0
2026-06-27T07:30:00+02:00,0.0
2026-06-27T07:45:00+02:00,0.0
2026-06-27T08:00:00+02:00,0.0
2026-06-27T08:15:00+02:00,0.0
2026-06-27T08:30:00+02:00,0.0
2026-06-27T08:45:00+02:00,0.0
2026-06-27T09:00:00+02:00,0.0
2026-06-27T09:15:00+02:00,0.0
2026-06-27T09:30:00+02:00,0.0
2026-06-27T09:45:00+02:00,0.0
2026-06-27T10:00:00+02:00,0.0
2026-06-27T10:15:00+02:00,0.0
2026-06-27T10:30:00+02:00,0.0
2026-06-27T10:45:00+02:00,0.0
2026-06-27T11:00:00+02:00,0.0
2026-06-27T11:15:00+02:00,0.0
2026-06-27T11:30:00+02:00,0.0
2026-06-27T11:45:00+02:00,0.0
2026-06-27T12:00:00+02:00,0.0
2026-06-27T12:15:00+02:00,0.0
2026-06-27T12:30:00+02:00,0.0
2026-06-27T12:45:00+02:00,0.0
2026-06-27T13:00:00+02:00,0.0
2026-06-27T13:15:00+02:00,0.0
2026-06-27T13:30:00+02:00,0.0
2026-06-27T13:45:00+02:00,0.0
2026-06-27T14:00:00+02:00,0.0
2026-06-27T14:15:00+02:00,0.0
2026-06-27T14:30:00+02:00,0.0
2026-06-27T14:45:00+02:00,0.0
2026-06-27T15:00:00+02:00,0.0
2026-06-27T15:15:00+02:00,0.0
2026-06-27T15:30:00+02:00,0.0
2026-06-27T15:45:00+02:00,0.0
2026-06-27T16:00:00+02:00,0.0
2026-06-27T16:15:00+02:00,0.0
2026-06-27T16:30:00+02:00,0.0
2026-06-27T16:45:00+02:00,0.0
2026-06-27T17:00:00+02:00,0.0
2026-06-27T17:15:00+02:00,0.0
2026-06-27T17:30:00+02:00,0.0
2026-06-27T17:45:00+02:00,0.0
2026-06-27T18:00:00+02:00,0.0
2026-06-27T18:15:00+02:00,0.0
2026-06-27T18:30:00+02:00,0.0
2026-06-27T18:45:00+02:00,0.0
2026-06-27T19:00:00+02:00,0.0
2026-06-27T19:15:00+02:00,0.0
2026-06-27T19:30:00+02:00,0.0
2026-06-27T19:45:00+02:00,0.0
2026-06-27T20:00:00+02:00,0.0
2026-06-27T20:15:00+02:00,0.0
2026-06-27T20:30:00+02:00,0.0
2026-06-27T20:45:00+02:00,0.0
2026-06-27T21:00:00+02:00,0.0
2026-06-27T21:15:00+02:00,0.0
2026-06-27T21:30:00+02:00,0.0
2026-06-27T21:45:00+02:00,0.0
2026-06-27T22:00:00+02:00,0.0
2026-06-27T22:15:00+02:00,0.0
2026-06-27T22:30:00+02:00,0.0
2026-06-27T22:45:00+02:00,0.0
2026-06-27T23:00:00+02:00,0.0
2026-06-27T23:15:00+02:00,0.0
2026-06-27T23:30:00+02:00,0.0
2026-06-27T23:45:00+02:00,0.0
2026-06-28T00:00:00+02:00,0.0
2026-06-28T00:15:00+02:00,0.0
2026-06-28T00:30:00+02:00,0.0
2026-06-28T00:45:00+02:00,0.0
2026-06-28T01:00:00+02:00,0.0
2026-06-28T01:15:00+02:00,0.0
2026-06-28T01:30:00+02:00,0.0
2026-06-28T01:45:00+02:00,0.0
2026-06-28T02:00:00+02:00,0.0
2026-06-28T02:15:00+02:00,0.0
2026-06-28T02:30:00+02:00,0.0
2026-06-28T02:45:00+02:00,0.0
2026-06-28T03:00:00+02:00,0.0
2026-06-28T03:15:00+02:00,0.0
2026-06-28T03:30:00+02:00,0.0
2026-06-28T03:45:00+02:00,0.0
2026-06-28T04:00:00+02:00,0.0
2026-06-28T04:15:00+02:00,0.0
2026-06-28T04:30:00+02:00,0.0
2026-06-28T04:45:00+02:00,0.0
2026-06-28T05:00:00+02:00,0.0
2026-06-28T05:15:00+02:00,0.0
2026-06-28T05:30:00+02:00,0.0
2026-06-28T05:45:00+02:00,0.0
2026-06-28T06:00:00+02:00,0.0
2026-06-28T06:15:00+02:00,0.0
2026-06-28T06:30:00+02:00,0.0
2026-06-28T06:45:00+02:00,0.0
2026-06-28T07:00:00+02:00,0.0
2026-06-28T07:15:00+02:00,0.0
2026-06-28T07:30:00+02:00,0.0
2026-06-28T07:45:00+02:00,0.0
2026-06-28T08:00:00+02:00,0.0
2026-06-28T08:15:00+02:00,0.0
2026-06-28T08:30:00+02:00,0.0
2026-06-28T08:45:00+02:00,0.0
2026-06-28T09:00:00+02:00,0.0
2026-06-28T09:15:00+02:00,0.0
2026-06-28T09:30:00+02:00,0.0
2026-06-28T09:45:00+02:00,0.0
2026-06-28T10:00:00+02:00,0.0
2026-06-28T10:15:00+02:00,0.0
2026-06-28T10:30:00+02:00,0.0
2026-06-28T10:45:00+02:00,0.0
2026-06-28T11:00:00+02:00,0.0
2026-06-28T11:15:00+02:00,0.0
2026-06-28T11:30:00+02:00,0.0
2026-06-28T11:45:00+02:00,0.0
2026-06-28T12:00:00+02:00,0.0
2026-06-28T12:15:00+02:00,0.0
2026-06-28T12:30:00+02:00,0.0
2026-06-28T12:45:00+02:00,0.0
2026-06-28T13:00:00+02:00,0.0
2026-06-28T13:15:00+02:00,0.0
2026-06-28T13:30:00+02:00,0.0
2026-06-28T13:45:00+02:00,0.0
2026-06-28T14:00:00+02:00,0.0
2026-06-28T14:15:00+02:00,0.0
2026-06-28T14:30:00+02:00,0.0
2026-06-28T14:45:00+02:00,0.0
2026-06-28T15:00:00+02:00,0.0
2026-06-28T15:15:00+02:00,0.0
2026-06-28T15:30:00+02:00,0.0
2026-06-28T15:45:00+02:00,0.0
2026-06-28T16:00:00+02:00,0.0
2026-06-28T16:15:00+02:00,0.0
2026-06-28T16:30:00+02:00,0.0
2026-06-28T16:45:00+02:00,0.0
2026-06-28T17:00:00+02:00,0.0
2026-06-28T17:15:00+02:00,0.0
2026-06-28T17:30:00+02:00,0.0
2026-06-28T17:45:00+02:00,0.0
2026-06-28T18:00:00+02:00,0.0
2026-06-28T18:15:00+02:00,0.0
2026-06-28T18:30:00+02:00,0.0
2026-06-28T18:45:00+02:00,0.0
2026-06-28T19:00:00+02:00,0.0
2026-06-28T19:15:00+02:00,0.0
2026-06-28T19:30:00+02:00,0.0
2026-06-28T19:45:00+02:00,0.0
2026-06-28T20:00:00+02:00,0.0
2026-06-28T20:15:00+02:00,0.0
2026-06-28T20:30:00+02:00,0.0
2026-06-28T20:45:00+02:00,0.0
2026-06-28T21:00:00+02:00,0.0
2026-06-28T21:15:00+02:00,0.0
2026-06-28T21:30:00+02:00,0.0
2026-06-28T21:45:00+02:00,0.0
2026-06-28T22:00:00+02:00,0.0
2026-06-28T22:15:00+02:00,0.0
2026-06-28T22:30:00+02:00,0.0
2026-06-28T22:45:00+02:00,0.0
2026-06-28T23:00:00+02:00,0.0
2026-06-28T23:15:00+02:00,0.0
2026-06-28T23:30:00+02:00,0.0
2026-06-28T23:45:00+02:00,0.0
2026-06-29T00:00:00+02:00,0.0
2026-06-29T00:15:00+02:00,0.0
2026-06-29T00:30:00+02:00,0.0
2026-06-29T00:45:00+02:00,0.0
2026-06-29T01:00:00+02:00,0.0
2026-06-29T01:15:00+02:00,0.0
2026-06-29T01:30:00+02:00,0.0
2026-06-29T01:45:00+02:00,0.0
2026-06-29T02:00:00+02:00,0.0
2026-06-29T02:15:00+02:00,0.0
2026-06-29T02:30:00+02:00,0.0
2026-06-29T02:45:00+02:00,0.0
2026-06-29T03:00:00+02:00,0.0
2026-06-29T03:15:00+02:00,0.0
2026-06-29T03:30:00+02:00,0.0
2026-06-29T03:45:00+02:00,0.0
2026-06-29T04:00:00+02:00,0.0
2026-06-29T04:15:00+02:00,0.0
2026-06-29T04:30:00+02:00,0.0
2026-06-29T04:45:00+02:00,0.0
2026-06-29T05:00:00+02:00,0.0
2026-06-29T05:15:00+02:00,0.0
2026-06-29T05:30:00+02:00,0.0
2026-06-29T05:45:00+02:00,0.0
2026-06-29T06:00:00+02:00,0.0
2026-06-29T06:15:00+02:00,0.0
2026-06-29T06:30:00+02:00,0.0
2026-06-29T06:45:00+02:00,0.0
2026-06-29T07:00:00+02:00,0.236
2026-06-29T07:15:00+02:00,0.0
2026-06-29T07:30:00+02:00,0.224
2026-06-29T07:45:00+02:00,0.0
2026-06-29T08:00:00+02:00,0.0
2026-06-29T08:15:00+02:00,0.0
2026-06-29T08:30:00+02:00,0.0
2026-06-29T08:45:00+02:00,0.0
2026-06-29T09:00:00+02:00,0.0
2026-06-29T09:15:00+02:00,0.0
2026-06-29T09:30:00+02:00,0.0
2026-06-29T09:45:00+02:00,0.0
2026-06-29T10:00:00+02:00,0.0
2026-06-29T10:15:00+02:00,0.0
2026-06-29T10:30:00+02:00,0.0
2026-06-29T10:45:00+02:00,0.0
2026-06-29T11:00:00+02:00,0.0
2026-06-29T11:15:00+02:00,0.0
2026-06-29T11:30:00+02:00,0.0
2026-06-29T11:45:00+02:00,0.0
2026-06-29T12:00:00+02:00,0.0
2026-06-29T12:15:00+02:00,0.0
2026-06-29T12:30:00+02:00,0.0
2026-06-29T12:45:00+02:00,0.0
2026-06-29T13:00:00+02:00,0.0
2026-06-29T13:15:00+02:00,0.0
2026-06-29T13:30:00+02:00,0.0
2026-06-29T13:45:00+02:00,0.0
2026-06-29T14:00:00+02:00,0.0
2026-06-29T14:15:00+02:00,0.0
2026-06-29T14:30:00+02:00,0.0
2026-06-29T14:45:00+02:00,0.0
2026-06-29T15:00:00+02:00,0.0
2026-06-29T15:15:00+02:00,0.0
2026-06-29T15:30:00+02:00,0.0
2026-06-29T15:45:00+02:00,0.0
2026-06-29T16:00:00+02:00,0.0
2026-06-29T16:15:00+02:00,0.0
2026-06-29T16:30:00+02:00,0.0
2026-06-29T16:45:00+02:00,0.0
2026-06-29T17:00:00+02:00,0.0
2026-06-29T17:15:00+02:00,0.0
2026-06-29T17:30:00+02:00,0.0
2026-06-29T17:45:00+02:00,0.0
2026-06-29T18:00:00+02:00,0.0
2026-06-29T18:15:00+02:00,0.0
2026-06-29T18:30:00+02:00,0.0
2026-06-29T18:45:00+02:00,0.0
2026-06-29T19:00:00+02:00,0.0
2026-06-29T19:15:00+02:00,0.0
2026-06-29T19:30:00+02:00,0.0
2026-06-29T19:45:00+02:00,0.0
2026-06-29T20:00:00+02:00,0.0
2026-06-29T20:15:00+02:00,0.0
2026-06-29T20:30:00+02:00,0.0
2026-06-29T20:45:00+02:00,0.0
2026-06-29T21:00:00+02:00,0.0
2026-06-29T21:15:00+02:00,0.0
2026-06-29T21:30:00+02:00,0.0
2026-06-29T21:45:00+02:00,0.0
2026-06-29T22:00:00+02:00,0.0
2026-06-29T22:15:00+02:00,0.0
2026-06-29T22:30:00+02:00,0.0
2026-06-29T22:45:00+02:00,0.0
2026-06-29T23:00:00+02:00,0.0
2026-06-29T23:15:00+02:00,0.0
2026-06-29T23:30:00+02:00,0.0
2026-06-29T23:45:00+02:00,0.0
2026-06-30T00:00:00+02:00,0.0
2026-06-30T00:15:00+02:00,0.0
2026-06-30T00:30:00+02:00,0.0
2026-06-30T00:45:00+02:00,0.0
2026-06-30T01:00:00+02:00,0.0
2026-06-30T01:15:00+02:00,0.0
2026-06-30T01:30:00+02:00,0.0
2026-06-30T01:45:00+02:00,0.0
2026-06-30T02:00:00+02:00,0.0
2026-06-30T02:15:00+02:00,0.0
2026-06-30T02:30:00+02:00,0.0
2026-06-30T02:45:00+02:00,0.0
2026-06-30T03:00:00+02:00,0.0
2026-06-30T03:15:00+02:00,0.0
2026-06-30T03:30:00+02:00,0.0
2026-06-30T03:45:00+02:00,0.0
2026-06-30T04:00:00+02:00,0.0
2026-06-30T04:15:00+02:00,0.0
2026-06-30T04:30:00+02:00,0.0
2026-06-30T04:45:00+02:00,0.0
2026-06-30T05:00:00+02:00,0.0
2026-06-30T05:15:00+02:00,0.0
2026-06-30T05:30:00+02:00,0.0
2026-06-30T05:45:00+02:00,0.0
2026-06-30T06:00:00+02:00,0.0
2026-06-30T06:15:00+02:00,0.0
2026-06-30T06:30:00+02:00,0.0
2026-06-30T06:45:00+02:00,0.0
2026-06-30T07:00:00+02:00,0.0
2026-06-30T07:15:00+02:00,0.0
2026-06-30T07:30:00+02:00,0.0
2026-06-30T07:45:00+02:00,0.0
2026-06-30T08:00:00+02:00,0.0
2026-06-30T08:15:00+02:00,0.0
2026-06-30T08:30:00+02:00,0.0
2026-06-30T08:45:00+02:00,0.0
2026-06-30T09:00:00+02:00,0.0
2026-06-30T09:15:00+02:00,0.0
2026-06-30T09:30:00+02:00,0.0
2026-06-30T09:45:00+02:00,0.0
2026-06-30T10:00:00+02:00,0.0
2026-06-30T10:15:00+02:00,0.0
2026-06-30T10:30:00+02:00,0.0
2026-06-30T10:45:00+02:00,0.0
2026-06-30T11:00:00+02:00,0.0
2026-06-30T11:15:00+02:00,0.0
2026-06-30T11:30:00+02:00,0.0
2026-06-30T11:45:00+02:00,0.0
2026-06-30T12:00:00+02:00,0.0
2026-06-30T12:15:00+02:00,0.0
2026-06-30T12:30:00+02:00,0.0
2026-06-30T12:45:00+02:00,0.0
2026-06-30T13:00:00+02:00,0.0
2026-06-30T13:15:00+02:00,0.0
2026-06-30T13:30:00+02:00,0.0
2026-06-30T13:45:00+02:00,0.0
2026-06-30T14:00:00+02:00,0.0
2026-06-30T14:15:00+02:00,0.0
2026-06-30T14:30:00+02:00,0.0
2026-06-30T14:45:00+02:00,0.0
2026-06-30T15:00:00+02:00,0.0
2026-06-30T15:15:00+02:00,0.0
2026-06-30T15:30:00+02:00,0.0
2026-06-30T15:45:00+02:00,0.0
2026-06-30T16:00:00+02:00,0.0
2026-06-30T16:15:00+02:00,0.0
2026-06-30T16:30:00+02:00,0.0
2026-06-30T16:45:00+02:00,0.0
2026-06-30T17:00:00+02:00,0.0
2026-06-30T17:15:00+02:00,0.0
2026-06-30T17:30:00+02:00,0.0
2026-06-30T17:45:00+02:00,0.0
2026-06-30T18:00:00+02:00,0.0
2026-06-30T18:15:00+02:00,0.0
2026-06-30T18:30:00+02:00,0.0
2026-06-30T18:45:00+02:00,0.0
2026-06-30T19:00:00+02:00,0.0
2026-06-30T19:15:00+02:00,0.0
2026-06-30T19:30:00+02:00,0.0
2026-06-30T19:45:00+02:00,0.0
2026-06-30T20:00:00+02:00,0.0
2026-06-30T20:15:00+02:00,0.0
2026-06-30T20:30:00+02:00,0.0
2026-06-30T20:45:00+02:00,0.0
2026-06-30T21:00:00+02:00,0.0
2026-06-30T21:15:00+02:00,0.0
2026-06-30T21:30:00+02:00,0.0
2026-06-30T21:45:00+02:00,0.0
2026-06-30T22:00:00+02:00,0.0
2026-06-30T22:15:00+02:00,0.0
2026-06-30T22:30:00+02:00,0.0
2026-06-30T22:45:00+02:00,0.0
2026-06-30T23:00:00+02:00,0.0
2026-06-30T23:15:00+02:00,0.0
2026-06-30T23:30:00+02:00,0.0
2026-06-30T23:45:00+02:00,0.0
2026-07-01T00:00:00+02:00,0.0
2026-07-01T00:15:00+02:00,0.0
2026-07-01T00:30:00+02:00,0.0
2026-07-01T00:45:00+02:00,0.0
2026-07-01T01:00:00+02:00,0.0
2026-07-01T01:15:00+02:00,0.0
2026-07-01T01:30:00+02:00,0.0
2026-07-01T01:45:00+02:00,0.0
2026-07-01T02:00:00+02:00,0.0
2026-07-01T02:15:00+02:00,0.0
2026-07-01T02:30:00+02:00,0.0
2026-07-01T02:45:00+02:00,0.0
2026-07-01T03:00:00+02:00,0.0
2026-07-01T03:15:00+02:00,0.0
2026-07-01T03:30:00+02:00,0.0
2026-07-01T03:45:00+02:00,0.0
2026-07-01T04:00:00+02:00,0.0
2026-07-01T04:15:00+02:00,0.0
2026-07-01T04:30:00+02:00,0.0
2026-07-01T04:45:00+02:00,0.0
2026-07-01T05:00:00+02:00,0.0
2026-07-01T05:15:00+02:00,0.0
2026-07-01T05:30:00+02:00,0.0
2026-07-01T05:45:00+02:00,0.0
2026-07-01T06:00:00+02:00,0.0
2026-07-01T06:15:00+02:00,0.0
2026-07-01T06:30:00+02:00,0.112614
2026-07-01T06:45:00+02:00,0.337846
2026-07-01T07:00:00+02:00,0.00954
2026-07-01T07:15:00+02:00,0.0
2026-07-01T07:30:00+02:00,0.0
2026-07-01T07:45:00+02:00,0.0
2026-07-01T08:00:00+02:00,0.0
2026-07-01T08:15:00+02:00,0.0
2026-07-01T08:30:00+02:00,0.0
2026-07-01T08:45:00+02:00,0.0
2026-07-01T09:00:00+02:00,0.0
2026-07-01T09:15:00+02:00,0.0
2026-07-01T09:30:00+02:00,0.0
2026-07-01T09:45:00+02:00,0.0
2026-07-01T10:00:00+02:00,0.0
2026-07-01T10:15:00+02:00,0.0
2026-07-01T10:30:00+02:00,0.0
2026-07-01T10:45:00+02:00,0.0
2026-07-01T11:00:00+02:00,0.0
2026-07-01T11:15:00+02:00,0.0
2026-07-01T11:30:00+02:00,0.0
2026-07-01T11:45:00+02:00,0.0
2026-07-01T12:00:00+02:00,0.0
2026-07-01T12:15:00+02:00,0.0
2026-07-01T12:30:00+02:00,0.0
2026-07-01T12:45:00+02:00,0.0
2026-07-01T13:00:00+02:00,0.0
2026-07-01T13:15:00+02:00,0.0
2026-07-01T13:30:00+02:00,0.110798
2026-07-01T13:45:00+02:00,0.133202
2026-07-01T14:00:00+02:00,0.0
2026-07-01T14:15:00+02:00,0.160173
2026-07-01T14:30:00+02:00,0.063827
2026-07-01T14:45:00+02:00,0.0
2026-07-01T15:00:00+02:00,0.0
2026-07-01T15:15:00+02:00,0.0
2026-07-01T15:30:00+02:00,0.0
2026-07-01T15:45:00+02:00,0.0
2026-07-01T16:00:00+02:00,0.0
2026-07-01T16:15:00+02:00,0.0
2026-07-01T16:30:00+02:00,0.0
2026-07-01T16:45:00+02:00,0.0
2026-07-01T17:00:00+02:00,0.0
2026-07-01T17:15:00+02:00,0.42784
2026-07-01T17:30:00+02:00,0.02016
2026-07-01T17:45:00+02:00,0.20246
2026-07-01T18:00:00+02:00,0.3009
2026-07-01T18:15:00+02:00,0.10464
2026-07-01T18:30:00+02:00,0.091
2026-07-01T18:45:00+02:00,0.29618
2026-07-01T19:00:00+02:00,0.01682
2026-07-01T19:15:00+02:00,0.194805
2026-07-01T19:30:00+02:00,0.139795
2026-07-01T19:45:00+02:00,0.0654
2026-07-01T20:00:00+02:00,0.2
2026-07-01T20:15:00+02:00,0.0
2026-07-01T20:30:00+02:00,0.0
2026-07-01T20:45:00+02:00,0.39346
2026-07-01T21:00:00+02:00,0.10954
2026-07-01T21:15:00+02:00,0.109
2026-07-01T21:30:00+02:00,0.0
2026-07-01T21:45:00+02:00,0.0
2026-07-01T22:00:00+02:00,0.0
2026-07-01T22:15:00+02:00,0.0
2026-07-01T22:30:00+02:00,0.0
2026-07-01T22:45:00+02:00,0.0
2026-07-01T23:00:00+02:00,0.0
2026-07-01T23:15:00+02:00,0.0
2026-07-01T23:30:00+02:00,0.0
2026-07-01T23:45:00+02:00,0.0
2026-07-02T00:00:00+02:00,0.0
2026-07-02T00:15:00+02:00,0.0
2026-07-02T00:30:00+02:00,0.0
2026-07-02T00:45:00+02:00,0.0
2026-07-02T01:00:00+02:00,0.0
2026-07-02T01:15:00+02:00,0.0
2026-07-02T01:30:00+02:00,0.0
2026-07-02T01:45:00+02:00,0.0
2026-07-02T02:00:00+02:00,0.0
2026-07-02T02:15:00+02:00,0.0
2026-07-02T02:30:00+02:00,0.0
2026-07-02T02:45:00+02:00,0.0
2026-07-02T03:00:00+02:00,0.0
2026-07-02T03:15:00+02:00,0.0
2026-07-02T03:30:00+02:00,0.0
2026-07-02T03:45:00+02:00,0.0
2026-07-02T04:00:00+02:00,0.0
2026-07-02T04:15:00+02:00,0.0
2026-07-02T04:30:00+02:00,0.0
2026-07-02T04:45:00+02:00,0.0
2026-07-02T05:00:00+02:00,0.0
2026-07-02T05:15:00+02:00,0.0
2026-07-02T05:30:00+02:00,0.0
2026-07-02T05:45:00+02:00,0.0
2026-07-02T06:00:00+02:00,0.0
2026-07-02T06:15:00+02:00,0.0
2026-07-02T06:30:00+02:00,0.3359
2026-07-02T06:45:00+02:00,0.31492
2026-07-02T07:00:00+02:00,0.00918
2026-07-02T07:15:00+02:00,0.0
2026-07-02T07:30:00+02:00,0.103533
2026-07-02T07:45:00+02:00,0.124467
2026-07-02T08:00:00+02:00,0.09464
2026-07-02T08:15:00+02:00,0.304042
2026-07-02T08:30:00+02:00,0.009318
2026-07-02T08:45:00+02:00,0.0
2026-07-02T09:00:00+02:00,0.204
2026-07-02T09:15:00+02:00,0.0
2026-07-02T09:30:00+02:00,0.09282
2026-07-02T09:45:00+02:00,0.29836
2026-07-02T10:00:00+02:00,0.09982
2026-07-02T10:15:00+02:00,0.109
2026-07-02T10:30:00+02:00,0.0
2026-07-02T10:45:00+02:00,0.0
2026-07-02T11:00:00+02:00,0.451025
2026-07-02T11:15:00+02:00,0.296975
2026-07-02T11:30:00+02:00,0.26954
2026-07-02T11:45:00+02:00,0.10246
2026-07-02T12:00:00+02:00,0.0
2026-07-02T12:15:00+02:00,0.102968
2026-07-02T12:30:00+02:00,0.105032
2026-07-02T12:45:00+02:00,0.0
2026-07-02T13:00:00+02:00,0.04732
2026-07-02T13:15:00+02:00,0.14072
2026-07-02T13:30:00+02:00,0.00396
2026-07-02T13:45:00+02:00,0.0
2026-07-02T14:00:00+02:00,0.08918
2026-07-02T14:15:00+02:00,0.10682
2026-07-02T14:30:00+02:00,0.245209
2026-07-02T14:45:00+02:00,0.501071
2026-07-02T15:00:00+02:00,0.35708
2026-07-02T15:15:00+02:00,0.482191
2026-07-02T15:30:00+02:00,0.103989
2026-07-02T15:45:00+02:00,0.10246
2026-07-02T16:00:00+02:00,0.0
2026-07-02T16:15:00+02:00,0.0
2026-07-02T16:30:00+02:00,0.0
2026-07-02T16:45:00+02:00,0.0
2026-07-02T17:00:00+02:00,0.26916
2026-07-02T17:15:00+02:00,0.30058
2026-07-02T17:30:00+02:00,0.097475
2026-07-02T17:45:00+02:00,0.280492
2026-07-02T18:00:00+02:00,0.196294
2026-07-02T18:15:00+02:00,0.0
2026-07-02T18:30:00+02:00,0.0
2026-07-02T18:45:00+02:00,0.0
2026-07-02T19:00:00+02:00,0.0
2026-07-02T19:15:00+02:00,0.0
2026-07-02T19:30:00+02:00,0.0
2026-07-02T19:45:00+02:00,0.0
2026-07-02T20:00:00+02:00,0.0
2026-07-02T20:15:00+02:00,0.0
2026-07-02T20:30:00+02:00,0.0
2026-07-02T20:45:00+02:00,0.0
2026-07-02T21:00:00+02:00,0.0
2026-07-02T21:15:00+02:00,0.0
2026-07-02T21:30:00+02:00,0.0
2026-07-02T21:45:00+02:00,0.0
2026-07-02T22:00:00+02:00,0.0
2026-07-02T22:15:00+02:00,0.0
2026-07-02T22:30:00+02:00,0.0
2026-07-02T22:45:00+02:00,0.0
2026-07-02T23:00:00+02:00,0.0
2026-07-02T23:15:00+02:00,0.0
2026-07-02T23:30:00+02:00,0.0
2026-07-02T23:45:00+02:00,0.0
2026-07-03T00:00:00+02:00,0.0
2026-07-03T00:15:00+02:00,0.0
2026-07-03T00:30:00+02:00,0.0
2026-07-03T00:45:00+02:00,0.0
2026-07-03T01:00:00+02:00,0.0
2026-07-03T01:15:00+02:00,0.0
2026-07-03T01:30:00+02:00,0.0
2026-07-03T01:45:00+02:00,0.0
2026-07-03T02:00:00+02:00,0.0
2026-07-03T02:15:00+02:00,0.0
2026-07-03T02:30:00+02:00,0.0
2026-07-03T02:45:00+02:00,0.0
2026-07-03T03:00:00+02:00,0.0
2026-07-03T03:15:00+02:00,0.0
2026-07-03T03:30:00+02:00,0.0
2026-07-03T03:45:00+02:00,0.0
2026-07-03T04:00:00+02:00,0.0
2026-07-03T04:15:00+02:00,0.0
2026-07-03T04:30:00+02:00,0.0
2026-07-03T04:45:00+02:00,0.0
2026-07-03T05:00:00+02:00,0.0
2026-07-03T05:15:00+02:00,0.0
2026-07-03T05:30:00+02:00,0.0
2026-07-03T05:45:00+02:00,0.0
2026-07-03T06:00:00+02:00,0.0
2026-07-03T06:15:00+02:00,0.0
2026-07-03T06:30:00+02:00,0.0
2026-07-03T06:45:00+02:00,0.0
2026-07-03T07:00:00+02:00,0.0
2026-07-03T07:15:00+02:00,0.0
2026-07-03T07:30:00+02:00,0.0
2026-07-03T07:45:00+02:00,0.0
2026-07-03T08:00:00+02:00,0.0
2026-07-03T08:15:00+02:00,0.0
2026-07-03T08:30:00+02:00,0.12992
2026-07-03T08:45:00+02:00,0.12208
2026-07-03T09:00:00+02:00,0.12736
2026-07-03T09:15:00+02:00,0.10464
2026-07-03T09:30:00+02:00,0.0
2026-07-03T09:45:00+02:00,0.0
2026-07-03T10:00:00+02:00,0.10192
2026-07-03T10:15:00+02:00,0.12208
2026-07-03T10:30:00+02:00,0.0
2026-07-03T10:45:00+02:00,0.0
2026-07-03T11:00:00+02:00,0.22
2026-07-03T11:15:00+02:00,0.0
2026-07-03T11:30:00+02:00,0.09828
2026-07-03T11:45:00+02:00,0.11772
2026-07-03T12:00:00+02:00,0.0
2026-07-03T12:15:00+02:00,0.0
2026-07-03T12:30:00+02:00,0.0
2026-07-03T12:45:00+02:00,0.0
2026-07-03T13:00:00+02:00,0.0
2026-07-03T13:15:00+02:00,0.0
2026-07-03T13:30:00+02:00,0.0
2026-07-03T13:45:00+02:00,0.0
2026-07-03T14:00:00+02:00,0.0
2026-07-03T14:15:00+02:00,0.0
2026-07-03T14:30:00+02:00,0.0
2026-07-03T14:45:00+02:00,0.0
2026-07-03T15:00:00+02:00,0.0
2026-07-03T15:15:00+02:00,0.0
2026-07-03T15:30:00+02:00,0.0
2026-07-03T15:45:00+02:00,0.0
2026-07-03T16:00:00+02:00,0.0
2026-07-03T16:15:00+02:00,0.0
2026-07-03T16:30:00+02:00,0.0
2026-07-03T16:45:00+02:00,0.0
2026-07-03T17:00:00+02:00,0.0
2026-07-03T17:15:00+02:00,0.0
2026-07-03T17:30:00+02:00,0.0
2026-07-03T17:45:00+02:00,0.0955
2026-07-03T18:00:00+02:00,0.1525
2026-07-03T18:15:00+02:00,0.0
2026-07-03T18:30:00+02:00,0.232
2026-07-03T18:45:00+02:00,0.0
2026-07-03T19:00:00+02:00,0.0
2026-07-03T19:15:00+02:00,0.0
2026-07-03T19:30:00+02:00,0.19838
2026-07-03T19:45:00+02:00,0.23762
2026-07-03T20:00:00+02:00,0.927987
2026-07-03T20:15:00+02:00,0.245556
2026-07-03T20:30:00+02:00,0.242497
2026-07-03T20:45:00+02:00,0.1511
2026-07-03T21:00:00+02:00,0.00486
2026-07-03T21:15:00+02:00,0.0
2026-07-03T21:30:00+02:00,0.0
2026-07-03T21:45:00+02:00,0.0
2026-07-03T22:00:00+02:00,0.0
2026-07-03T22:15:00+02:00,0.0
2026-07-03T22:30:00+02:00,0.0
2026-07-03T22:45:00+02:00,0.0
2026-07-03T23:00:00+02:00,0.0
2026-07-03T23:15:00+02:00,0.0
2026-07-03T23:30:00+02:00,0.0
2026-07-03T23:45:00+02:00,0.0
2026-07-04T00:00:00+02:00,0.0
2026-07-04T00:15:00+02:00,0.0
2026-07-04T00:30:00+02:00,0.0
2026-07-04T00:45:00+02:00,0.0
2026-07-04T01:00:00+02:00,0.0
2026-07-04T01:15:00+02:00,0.0
2026-07-04T01:30:00+02:00,0.0
2026-07-04T01:45:00+02:00,0.0
2026-07-04T02:00:00+02:00,0.0
2026-07-04T02:15:00+02:00,0.0
2026-07-04T02:30:00+02:00,0.0
2026-07-04T02:45:00+02:00,0.0
2026-07-04T03:00:00+02:00,0.0
2026-07-04T03:15:00+02:00,0.0
2026-07-04T03:30:00+02:00,0.0
2026-07-04T03:45:00+02:00,0.0
2026-07-04T04:00:00+02:00,0.0
2026-07-04T04:15:00+02:00,0.0
2026-07-04T04:30:00+02:00,0.0
2026-07-04T04:45:00+02:00,0.0
2026-07-04T05:00:00+02:00,0.0
2026-07-04T05:15:00+02:00,0.0
2026-07-04T05:30:00+02:00,0.0
2026-07-04T05:45:00+02:00,0.0
2026-07-04T06:00:00+02:00,0.0
2026-07-04T06:15:00+02:00,0.0
2026-07-04T06:30:00+02:00,0.0
2026-07-04T06:45:00+02:00,0.0
2026-07-04T07:00:00+02:00,0.0
2026-07-04T07:15:00+02:00,0.0
2026-07-04T07:30:00+02:00,0.0
2026-07-04T07:45:00+02:00,0.0
2026-07-04T08:00:00+02:00,0.0
2026-07-04T08:15:00+02:00,0.0
2026-07-04T08:30:00+02:00,0.0
2026-07-04T08:45:00+02:00,0.0
2026-07-04T09:00:00+02:00,0.0
2026-07-04T09:15:00+02:00,0.0
2026-07-04T09:30:00+02:00,0.0
2026-07-04T09:45:00+02:00,0.0
2026-07-04T10:00:00+02:00,0.0
2026-07-04T10:15:00+02:00,0.0
2026-07-04T10:30:00+02:00,0.0
2026-07-04T10:45:00+02:00,0.0
2026-07-04T11:00:00+02:00,0.0
2026-07-04T11:15:00+02:00,0.0
2026-07-04T11:30:00+02:00,0.0
2026-07-04T11:45:00+02:00,0.0
2026-07-04T12:00:00+02:00,0.0
2026-07-04T12:15:00+02:00,0.0
2026-07-04T12:30:00+02:00,0.0
2026-07-04T12:45:00+02:00,0.0
2026-07-04T13:00:00+02:00,0.0
2026-07-04T13:15:00+02:00,0.0
2026-07-04T13:30:00+02:00,0.0
2026-07-04T13:45:00+02:00,0.0
2026-07-04T14:00:00+02:00,0.0
2026-07-04T14:15:00+02:00,0.0
2026-07-04T14:30:00+02:00,0.0
2026-07-04T14:45:00+02:00,0.0
2026-07-04T15:00:00+02:00,0.0
2026-07-04T15:15:00+02:00,0.0
2026-07-04T15:30:00+02:00,0.0
2026-07-04T15:45:00+02:00,0.0
2026-07-04T16:00:00+02:00,0.0
2026-07-04T16:15:00+02:00,0.0
2026-07-04T16:30:00+02:00,0.0
2026-07-04T16:45:00+02:00,0.0
2026-07-04T17:00:00+02:00,0.0
2026-07-04T17:15:00+02:00,0.0
2026-07-04T17:30:00+02:00,0.0
2026-07-04T17:45:00+02:00,0.0
2026-07-04T18:00:00+02:00,0.0
2026-07-04T18:15:00+02:00,0.0
2026-07-04T18:30:00+02:00,0.0
2026-07-04T18:45:00+02:00,0.0
2026-07-04T19:00:00+02:00,0.0
2026-07-04T19:15:00+02:00,0.0
2026-07-04T19:30:00+02:00,0.0
2026-07-04T19:45:00+02:00,0.0
2026-07-04T20:00:00+02:00,0.0
2026-07-04T20:15:00+02:00,0.0
2026-07-04T20:30:00+02:00,0.0
2026-07-04T20:45:00+02:00,0.0
2026-07-04T21:00:00+02:00,0.0
2026-07-04T21:15:00+02:00,0.0
2026-07-04T21:30:00+02:00,0.0
2026-07-04T21:45:00+02:00,0.0
2026-07-04T22:00:00+02:00,0.0
2026-07-04T22:15:00+02:00,0.0
2026-07-04T22:30:00+02:00,0.0
2026-07-04T22:45:00+02:00,0.0
2026-07-04T23:00:00+02:00,0.0
2026-07-04T23:15:00+02:00,0.0
2026-07-04T23:30:00+02:00,0.0
2026-07-04T23:45:00+02:00,0.0
2026-07-05T00:00:00+02:00,0.0
2026-07-05T00:15:00+02:00,0.0
2026-07-05T00:30:00+02:00,0.0
2026-07-05T00:45:00+02:00,0.0
2026-07-05T01:00:00+02:00,0.0
2026-07-05T01:15:00+02:00,0.0
2026-07-05T01:30:00+02:00,0.0
2026-07-05T01:45:00+02:00,0.0
2026-07-05T02:00:00+02:00,0.0
2026-07-05T02:15:00+02:00,0.0
2026-07-05T02:30:00+02:00,0.0
2026-07-05T02:45:00+02:00,0.0
2026-07-05T03:00:00+02:00,0.0
2026-07-05T03:15:00+02:00,0.0
2026-07-05T03:30:00+02:00,0.0
2026-07-05T03:45:00+02:00,0.0
2026-07-05T04:00:00+02:00,0.0
2026-07-05T04:15:00+02:00,0.0
2026-07-05T04:30:00+02:00,0.0
2026-07-05T04:45:00+02:00,0.0
2026-07-05T05:00:00+02:00,0.0
2026-07-05T05:15:00+02:00,0.0
2026-07-05T05:30:00+02:00,0.0
2026-07-05T05:45:00+02:00,0.0
2026-07-05T06:00:00+02:00,0.0
2026-07-05T06:15:00+02:00,0.0
2026-07-05T06:30:00+02:00,0.0
2026-07-05T06:45:00+02:00,0.0
2026-07-05T07:00:00+02:00,0.0
2026-07-05T07:15:00+02:00,0.0
2026-07-05T07:30:00+02:00,0.0
2026-07-05T07:45:00+02:00,0.0
2026-07-05T08:00:00+02:00,0.0
2026-07-05T08:15:00+02:00,0.0
2026-07-05T08:30:00+02:00,0.0
2026-07-05T08:45:00+02:00,0.0
2026-07-05T09:00:00+02:00,0.0
2026-07-05T09:15:00+02:00,0.0
2026-07-05T09:30:00+02:00,0.0
2026-07-05T09:45:00+02:00,0.0
2026-07-05T10:00:00+02:00,0.0
2026-07-05T10:15:00+02:00,0.0
2026-07-05T10:30:00+02:00,0.0
2026-07-05T10:45:00+02:00,0.0
2026-07-05T11:00:00+02:00,0.0
2026-07-05T11:15:00+02:00,0.0
2026-07-05T11:30:00+02:00,0.0
2026-07-05T11:45:00+02:00,0.0
2026-07-05T12:00:00+02:00,0.0
2026-07-05T12:15:00+02:00,0.0
2026-07-05T12:30:00+02:00,0.0
2026-07-05T12:45:00+02:00,0.0
2026-07-05T13:00:00+02:00,0.0
2026-07-05T13:15:00+02:00,0.0
2026-07-05T13:30:00+02:00,0.0
2026-07-05T13:45:00+02:00,0.0
2026-07-05T14:00:00+02:00,0.0
2026-07-05T14:15:00+02:00,0.0
2026-07-05T14:30:00+02:00,0.0
2026-07-05T14:45:00+02:00,0.0
2026-07-05T15:00:00+02:00,0.0
2026-07-05T15:15:00+02:00,0.0
2026-07-05T15:30:00+02:00,0.0
2026-07-05T15:45:00+02:00,0.0
2026-07-05T16:00:00+02:00,0.0
2026-07-05T16:15:00+02:00,0.0
2026-07-05T16:30:00+02:00,0.0
2026-07-05T16:45:00+02:00,0.0
2026-07-05T17:00:00+02:00,0.0
2026-07-05T17:15:00+02:00,0.0
2026-07-05T17:30:00+02:00,0.0
2026-07-05T17:45:00+02:00,0.0
2026-07-05T18:00:00+02:00,0.0
2026-07-05T18:15:00+02:00,0.0
2026-07-05T18:30:00+02:00,0.0
2026-07-05T18:45:00+02:00,0.0
2026-07-05T19:00:00+02:00,0.0
2026-07-05T19:15:00+02:00,0.0
2026-07-05T19:30:00+02:00,0.0
2026-07-05T19:45:00+02:00,0.0
2026-07-05T20:00:00+02:00,0.0
2026-07-05T20:15:00+02:00,0.0
2026-07-05T20:30:00+02:00,0.0
2026-07-05T20:45:00+02:00,0.0
2026-07-05T21:00:00+02:00,0.0
2026-07-05T21:15:00+02:00,0.0
2026-07-05T21:30:00+02:00,0.0
2026-07-05T21:45:00+02:00,0.0
2026-07-05T22:00:00+02:00,0.0
2026-07-05T22:15:00+02:00,0.0
2026-07-05T22:30:00+02:00,0.0
2026-07-05T22:45:00+02:00,0.0
2026-07-05T23:00:00+02:00,0.0
2026-07-05T23:15:00+02:00,0.0
2026-07-05T23:30:00+02:00,0.0
2026-07-05T23:45:00+02:00,0.0
2026-07-06T00:00:00+02:00,0.0
2026-07-06T00:15:00+02:00,0.0
2026-07-06T00:30:00+02:00,0.0
2026-07-06T00:45:00+02:00,0.0
2026-07-06T01:00:00+02:00,0.0
2026-07-06T01:15:00+02:00,0.0
2026-07-06T01:30:00+02:00,0.0
2026-07-06T01:45:00+02:00,0.0
2026-07-06T02:00:00+02:00,0.0
2026-07-06T02:15:00+02:00,0.0
2026-07-06T02:30:00+02:00,0.0
2026-07-06T02:45:00+02:00,0.0
2026-07-06T03:00:00+02:00,0.0
2026-07-06T03:15:00+02:00,0.0
2026-07-06T03:30:00+02:00,0.0
2026-07-06T03:45:00+02:00,0.0
2026-07-06T04:00:00+02:00,0.0
2026-07-06T04:15:00+02:00,0.0
2026-07-06T04:30:00+02:00,0.0
2026-07-06T04:45:00+02:00,0.0
2026-07-06T05:00:00+02:00,0.0
2026-07-06T05:15:00+02:00,0.0
2026-07-06T05:30:00+02:00,0.0
2026-07-06T05:45:00+02:00,0.0
2026-07-06T06:00:00+02:00,0.4393
2026-07-06T06:15:00+02:00,0.118783
2026-07-06T06:30:00+02:00,0.117917
2026-07-06T06:45:00+02:00,0.0
2026-07-06T07:00:00+02:00,0.20246
2026-07-06T07:15:00+02:00,0.00954
2026-07-06T07:30:00+02:00,0.0
2026-07-06T07:45:00+02:00,0.09646
2026-07-06T08:00:00+02:00,0.11554
2026-07-06T08:15:00+02:00,0.09646
2026-07-06T08:30:00+02:00,0.509
2026-07-06T08:45:00+02:00,0.113023
2026-07-06T09:00:00+02:00,0.300683
2026-07-06T09:15:00+02:00,0.008835
2026-07-06T09:30:00+02:00,0.0
2026-07-06T09:45:00+02:00,0.0
2026-07-06T10:00:00+02:00,0.0
2026-07-06T10:15:00+02:00,0.09282
2026-07-06T10:30:00+02:00,0.11118
2026-07-06T10:45:00+02:00,0.0
2026-07-06T11:00:00+02:00,0.0
2026-07-06T11:15:00+02:00,0.0
2026-07-06T11:30:00+02:00,0.0
2026-07-06T11:45:00+02:00,0.0
2026-07-06T12:00:00+02:00,0.0
2026-07-06T12:15:00+02:00,0.363607
2026-07-06T12:30:00+02:00,0.052393
2026-07-06T12:45:00+02:00,0.0
2026-07-06T13:00:00+02:00,0.0
2026-07-06T13:15:00+02:00,0.0
2026-07-06T13:30:00+02:00,0.0
2026-07-06T13:45:00+02:00,0.0
2026-07-06T14:00:00+02:00,0.0
2026-07-06T14:15:00+02:00,0.0
2026-07-06T14:30:00+02:00,0.0
2026-07-06T14:45:00+02:00,0.0
2026-07-06T15:00:00+02:00,0.0
2026-07-06T15:15:00+02:00,0.393318
2026-07-06T15:30:00+02:00,0.246682
2026-07-06T15:45:00+02:00,0.467554
2026-07-06T16:00:00+02:00,0.148446
2026-07-06T16:15:00+02:00,0.2
2026-07-06T16:30:00+02:00,0.00764
2026-07-06T16:45:00+02:00,0.308974
2026-07-06T17:00:00+02:00,0.467726
2026-07-06T17:15:00+02:00,0.01566
2026-07-06T17:30:00+02:00,0.0
2026-07-06T17:45:00+02:00,0.196
2026-07-06T18:00:00+02:00,0.0
2026-07-06T18:15:00+02:00,0.196
2026-07-06T18:30:00+02:00,0.0
2026-07-06T18:45:00+02:00,0.0
2026-07-06T19:00:00+02:00,0.0
2026-07-06T19:15:00+02:00,0.0
2026-07-06T19:30:00+02:00,0.0
2026-07-06T19:45:00+02:00,0.0
2026-07-06T20:00:00+02:00,0.0
2026-07-06T20:15:00+02:00,0.0
2026-07-06T20:30:00+02:00,0.0
2026-07-06T20:45:00+02:00,0.0
2026-07-06T21:00:00+02:00,0.20628
2026-07-06T21:15:00+02:00,0.00972
2026-07-06T21:30:00+02:00,0.0
2026-07-06T21:45:00+02:00,0.208
2026-07-06T22:00:00+02:00,0.0
2026-07-06T22:15:00+02:00,0.0
2026-07-06T22:30:00+02:00,0.0
2026-07-06T22:45:00+02:00,0.0
2026-07-06T23:00:00+02:00,0.0
2026-07-06T23:15:00+02:00,0.0
2026-07-06T23:30:00+02:00,0.0
2026-07-06T23:45:00+02:00,0.0
2026-07-07T00:00:00+02:00,0.0
2026-07-07T00:15:00+02:00,0.0
2026-07-07T00:30:00+02:00,0.0
2026-07-07T00:45:00+02:00,0.0
2026-07-07T01:00:00+02:00,0.0
2026-07-07T01:15:00+02:00,0.0
2026-07-07T01:30:00+02:00,0.0
2026-07-07T01:45:00+02:00,0.0
2026-07-07T02:00:00+02:00,0.0
2026-07-07T02:15:00+02:00,0.0
2026-07-07T02:30:00+02:00,0.0
2026-07-07T02:45:00+02:00,0.0
2026-07-07T03:00:00+02:00,0.0
2026-07-07T03:15:00+02:00,0.0
2026-07-07T03:30:00+02:00,0.0
2026-07-07T03:45:00+02:00,0.0
2026-07-07T04:00:00+02:00,0.0
2026-07-07T04:15:00+02:00,0.0
2026-07-07T04:30:00+02:00,0.0
2026-07-07T04:45:00+02:00,0.0
2026-07-07T05:00:00+02:00,0.0
2026-07-07T05:15:00+02:00,0.0
2026-07-07T05:30:00+02:00,0.0
2026-07-07T05:45:00+02:00,0.0
2026-07-07T06:00:00+02:00,0.0
2026-07-07T06:15:00+02:00,0.0
2026-07-07T06:30:00+02:00,0.0
2026-07-07T06:45:00+02:00,0.0
2026-07-07T07:00:00+02:00,0.0
2026-07-07T07:15:00+02:00,0.0
2026-07-07T07:30:00+02:00,0.0
2026-07-07T07:45:00+02:00,0.0
2026-07-07T08:00:00+02:00,0.0
2026-07-07T08:15:00+02:00,0.0
2026-07-07T08:30:00+02:00,0.0
2026-07-07T08:45:00+02:00,0.0
2026-07-07T09:00:00+02:00,0.0
2026-07-07T09:15:00+02:00,0.0
2026-07-07T09:30:00+02:00,0.0
2026-07-07T09:45:00+02:00,0.0
2026-07-07T10:00:00+02:00,0.0
2026-07-07T10:15:00+02:00,0.0
2026-07-07T10:30:00+02:00,0.0
2026-07-07T10:45:00+02:00,0.0
2026-07-07T11:00:00+02:00,0.0
2026-07-07T11:15:00+02:00,0.0
2026-07-07T11:30:00+02:00,0.0
2026-07-07T11:45:00+02:00,0.0
2026-07-07T12:00:00+02:00,0.0
2026-07-07T12:15:00+02:00,0.0
2026-07-07T12:30:00+02:00,0.0
2026-07-07T12:45:00+02:00,0.0
2026-07-07T13:00:00+02:00,0.0
2026-07-07T13:15:00+02:00,0.0
2026-07-07T13:30:00+02:00,0.0
2026-07-07T13:45:00+02:00,0.0
2026-07-07T14:00:00+02:00,0.0
2026-07-07T14:15:00+02:00,0.0
2026-07-07T14:30:00+02:00,0.0
2026-07-07T14:45:00+02:00,0.0
2026-07-07T15:00:00+02:00,0.0
2026-07-07T15:15:00+02:00,0.0
2026-07-07T15:30:00+02:00,0.0
2026-07-07T15:45:00+02:00,0.0
2026-07-07T16:00:00+02:00,0.0
2026-07-07T16:15:00+02:00,0.0
2026-07-07T16:30:00+02:00,0.0
2026-07-07T16:45:00+02:00,0.0
2026-07-07T17:00:00+02:00,0.0
2026-07-07T17:15:00+02:00,0.0
2026-07-07T17:30:00+02:00,0.0
2026-07-07T17:45:00+02:00,0.0
2026-07-07T18:00:00+02:00,0.0
2026-07-07T18:15:00+02:00,0.0
2026-07-07T18:30:00+02:00,0.0
2026-07-07T18:45:00+02:00,0.0
2026-07-07T19:00:00+02:00,0.0
2026-07-07T19:15:00+02:00,0.0
2026-07-07T19:30:00+02:00,0.0
2026-07-07T19:45:00+02:00,0.0
2026-07-07T20:00:00+02:00,0.0
2026-07-07T20:15:00+02:00,0.0
2026-07-07T20:30:00+02:00,0.0
2026-07-07T20:45:00+02:00,0.0
2026-07-07T21:00:00+02:00,0.0
2026-07-07T21:15:00+02:00,0.0
2026-07-07T21:30:00+02:00,0.0
2026-07-07T21:45:00+02:00,0.0
2026-07-07T22:00:00+02:00,0.0
2026-07-07T22:15:00+02:00,0.0
2026-07-07T22:30:00+02:00,0.0
2026-07-07T22:45:00+02:00,0.0
2026-07-07T23:00:00+02:00,0.0
2026-07-07T23:15:00+02:00,0.0
2026-07-07T23:30:00+02:00,0.0
2026-07-07T23:45:00+02:00,0.0
2026-07-08T00:00:00+02:00,0.0
2026-07-08T00:15:00+02:00,0.0
2026-07-08T00:30:00+02:00,0.0
2026-07-08T00:45:00+02:00,0.0
2026-07-08T01:00:00+02:00,0.0
2026-07-08T01:15:00+02:00,0.0
2026-07-08T01:30:00+02:00,0.0
2026-07-08T01:45:00+02:00,0.0
2026-07-08T02:00:00+02:00,0.0
2026-07-08T02:15:00+02:00,0.0
2026-07-08T02:30:00+02:00,0.0
2026-07-08T02:45:00+02:00,0.0
2026-07-08T03:00:00+02:00,0.0
2026-07-08T03:15:00+02:00,0.0
2026-07-08T03:30:00+02:00,0.0
2026-07-08T03:45:00+02:00,0.0
2026-07-08T04:00:00+02:00,0.0
2026-07-08T04:15:00+02:00,0.0
2026-07-08T04:30:00+02:00,0.0
2026-07-08T04:45:00+02:00,0.0
2026-07-08T05:00:00+02:00,0.0
2026-07-08T05:15:00+02:00,0.0
2026-07-08T05:30:00+02:00,0.0
2026-07-08T05:45:00+02:00,0.0
2026-07-08T06:00:00+02:00,0.0
2026-07-08T06:15:00+02:00,0.0
2026-07-08T06:30:00+02:00,0.0
2026-07-08T06:45:00+02:00,0.0
2026-07-08T07:00:00+02:00,0.0
2026-07-08T07:15:00+02:00,0.0
2026-07-08T07:30:00+02:00,0.0
2026-07-08T07:45:00+02:00,0.0
2026-07-08T08:00:00+02:00,0.24026
2026-07-08T08:15:00+02:00,0.01174
2026-07-08T08:30:00+02:00,0.0
2026-07-08T08:45:00+02:00,0.0
2026-07-08T09:00:00+02:00,0.0
2026-07-08T09:15:00+02:00,0.0
2026-07-08T09:30:00+02:00,0.0
2026-07-08T09:45:00+02:00,0.0
2026-07-08T10:00:00+02:00,0.0
2026-07-08T10:15:00+02:00,0.0
2026-07-08T10:30:00+02:00,0.0
2026-07-08T10:45:00+02:00,0.0
2026-07-08T11:00:00+02:00,0.0
2026-07-08T11:15:00+02:00,0.0
2026-07-08T11:30:00+02:00,0.0
2026-07-08T11:45:00+02:00,0.0
2026-07-08T12:00:00+02:00,0.0
2026-07-08T12:15:00+02:00,0.0
2026-07-08T12:30:00+02:00,0.0
2026-07-08T12:45:00+02:00,0.0
2026-07-08T13:00:00+02:00,0.0
2026-07-08T13:15:00+02:00,0.112652
2026-07-08T13:30:00+02:00,0.353071
2026-07-08T13:45:00+02:00,0.202297
2026-07-08T14:00:00+02:00,0.02398
2026-07-08T14:15:00+02:00,0.38148
2026-07-08T14:30:00+02:00,0.03052
2026-07-08T14:45:00+02:00,0.570905
2026-07-08T15:00:00+02:00,0.677935
2026-07-08T15:15:00+02:00,0.407
2026-07-08T15:30:00+02:00,0.472979
2026-07-08T15:45:00+02:00,1.342581
2026-07-08T16:00:00+02:00,2.54114
2026-07-08T16:15:00+02:00,1.10868
2026-07-08T16:30:00+02:00,0.417921
2026-07-08T16:45:00+02:00,0.888539
2026-07-08T17:00:00+02:00,1.10716
2026-07-08T17:15:00+02:00,0.694225
2026-07-08T17:30:00+02:00,0.77169
2026-07-08T17:45:00+02:00,0.260825
2026-07-08T18:00:00+02:00,0.15042
2026-07-08T18:15:00+02:00,0.0
2026-07-08T18:30:00+02:00,0.18336
2026-07-08T18:45:00+02:00,0.00864
2026-07-08T19:00:00+02:00,0.0
2026-07-08T19:15:00+02:00,0.0
2026-07-08T19:30:00+02:00,0.20628
2026-07-08T19:45:00+02:00,0.50744
2026-07-08T20:00:00+02:00,1.256436
2026-07-08T20:15:00+02:00,0.761404
2026-07-08T20:30:00+02:00,0.78756
2026-07-08T20:45:00+02:00,0.559502
2026-07-08T21:00:00+02:00,0.517378
2026-07-08T21:15:00+02:00,0.452
2026-07-08T21:30:00+02:00,0.0
2026-07-08T21:45:00+02:00,0.0
2026-07-08T22:00:00+02:00,0.0
2026-07-08T22:15:00+02:00,0.0
2026-07-08T22:30:00+02:00,0.0
2026-07-08T22:45:00+02:00,0.0
2026-07-08T23:00:00+02:00,0.0
2026-07-08T23:15:00+02:00,0.0
2026-07-08T23:30:00+02:00,0.0
2026-07-08T23:45:00+02:00,0.0
2026-07-09T00:00:00+02:00,0.0
2026-07-09T00:15:00+02:00,0.0
2026-07-09T00:30:00+02:00,0.0
2026-07-09T00:45:00+02:00,0.0
2026-07-09T01:00:00+02:00,0.0
2026-07-09T01:15:00+02:00,0.0
2026-07-09T01:30:00+02:00,0.0
2026-07-09T01:45:00+02:00,0.0
2026-07-09T02:00:00+02:00,0.0
2026-07-09T02:15:00+02:00,0.0
2026-07-09T02:30:00+02:00,0.0
2026-07-09T02:45:00+02:00,0.0
2026-07-09T03:00:00+02:00,0.0
2026-07-09T03:15:00+02:00,0.0
2026-07-09T03:30:00+02:00,0.0
2026-07-09T03:45:00+02:00,0.0
2026-07-09T04:00:00+02:00,0.0
2026-07-09T04:15:00+02:00,0.0
2026-07-09T04:30:00+02:00,0.0
2026-07-09T04:45:00+02:00,0.0
2026-07-09T05:00:00+02:00,0.0
2026-07-09T05:15:00+02:00,0.0
2026-07-09T05:30:00+02:00,0.0
2026-07-09T05:45:00+02:00,0.0
2026-07-09T06:00:00+02:00,0.0
2026-07-09T06:15:00+02:00,0.0
2026-07-09T06:30:00+02:00,0.0
2026-07-09T06:45:00+02:00,0.0
2026-07-09T07:00:00+02:00,0.0
2026-07-09T07:15:00+02:00,0.0
2026-07-09T07:30:00+02:00,0.0
2026-07-09T07:45:00+02:00,0.0
2026-07-09T08:00:00+02:00,0.0
2026-07-09T08:15:00+02:00,0.0
2026-07-09T08:30:00+02:00,0.0
2026-07-09T08:45:00+02:00,0.0
2026-07-09T09:00:00+02:00,0.0
2026-07-09T09:15:00+02:00,0.0
2026-07-09T09:30:00+02:00,0.0
2026-07-09T09:45:00+02:00,0.0
2026-07-09T10:00:00+02:00,0.0
2026-07-09T10:15:00+02:00,0.0
2026-07-09T10:30:00+02:00,0.0
2026-07-09T10:45:00+02:00,0.0
2026-07-09T11:00:00+02:00,0.0
2026-07-09T11:15:00+02:00,0.0
2026-07-09T11:30:00+02:00,0.0
2026-07-09T11:45:00+02:00,0.0
2026-07-09T12:00:00+02:00,0.0
2026-07-09T12:15:00+02:00,0.0
2026-07-09T12:30:00+02:00,0.0
2026-07-09T12:45:00+02:00,0.0
2026-07-09T13:00:00+02:00,0.0
2026-07-09T13:15:00+02:00,0.0
2026-07-09T13:30:00+02:00,0.0
2026-07-09T13:45:00+02:00,0.28694
2026-07-09T14:00:00+02:00,0.18604
2026-07-09T14:15:00+02:00,0.22702
2026-07-09T14:30:00+02:00,0.17954
2026-07-09T14:45:00+02:00,0.43646
2026-07-09T15:00:00+02:00,0.0
2026-07-09T15:15:00+02:00,0.0
2026-07-09T15:30:00+02:00,0.0
2026-07-09T15:45:00+02:00,0.0
2026-07-09T16:00:00+02:00,0.0
2026-07-09T16:15:00+02:00,0.0
2026-07-09T16:30:00+02:00,0.0
2026-07-09T16:45:00+02:00,0.0
2026-07-09T17:00:00+02:00,0.0
2026-07-09T17:15:00+02:00,0.0
2026-07-09T17:30:00+02:00,0.0
2026-07-09T17:45:00+02:00,0.0
2026-07-09T18:00:00+02:00,0.0
2026-07-09T18:15:00+02:00,0.0
2026-07-09T18:30:00+02:00,0.0
2026-07-09T18:45:00+02:00,0.0
2026-07-09T19:00:00+02:00,0.0
2026-07-09T19:15:00+02:00,0.60182
2026-07-09T19:30:00+02:00,0.8622
2026-07-09T19:45:00+02:00,0.23998
2026-07-09T20:00:00+02:00,0.0
2026-07-09T20:15:00+02:00,0.08918
2026-07-09T20:30:00+02:00,0.10682
2026-07-09T20:45:00+02:00,0.245737
2026-07-09T21:00:00+02:00,0.146263
2026-07-09T21:15:00+02:00,0.196
2026-07-09T21:30:00+02:00,0.0
2026-07-09T21:45:00+02:00,0.0
2026-07-09T22:00:00+02:00,0.0
2026-07-09T22:15:00+02:00,0.0
2026-07-09T22:30:00+02:00,0.0
2026-07-09T22:45:00+02:00,0.0
2026-07-09T23:00:00+02:00,0.0
2026-07-09T23:15:00+02:00,0.0
2026-07-09T23:30:00+02:00,0.0
2026-07-09T23:45:00+02:00,0.0
2026-07-10T00:00:00+02:00,0.0
2026-07-10T00:15:00+02:00,0.268
2026-07-10T00:30:00+02:00,0.0
2026-07-10T00:45:00+02:00,0.0
2026-07-10T01:00:00+02:00,0.0
2026-07-10T01:15:00+02:00,0.0
2026-07-10T01:30:00+02:00,0.0
2026-07-10T01:45:00+02:00,0.0
2026-07-10T02:00:00+02:00,0.0
2026-07-10T02:15:00+02:00,0.0
2026-07-10T02:30:00+02:00,0.0
2026-07-10T02:45:00+02:00,0.0
2026-07-10T03:00:00+02:00,0.0
2026-07-10T03:15:00+02:00,0.3
2026-07-10T03:30:00+02:00,0.0
2026-07-10T03:45:00+02:00,0.0
2026-07-10T04:00:00+02:00,0.0
2026-07-10T04:15:00+02:00,0.0
2026-07-10T04:30:00+02:00,0.0
2026-07-10T04:45:00+02:00,0.0
2026-07-10T05:00:00+02:00,0.0
2026-07-10T05:15:00+02:00,0.0
2026-07-10T05:30:00+02:00,0.0
2026-07-10T05:45:00+02:00,0.0546
2026-07-10T06:00:00+02:00,0.16854
2026-07-10T06:15:00+02:00,0.00486
2026-07-10T06:30:00+02:00,0.0
2026-07-10T06:45:00+02:00,0.31797
2026-07-10T07:00:00+02:00,0.825115
2026-07-10T07:15:00+02:00,0.020915
2026-07-10T07:30:00+02:00,0.0
2026-07-10T07:45:00+02:00,0.0
2026-07-10T08:00:00+02:00,0.0
2026-07-10T08:15:00+02:00,0.0
2026-07-10T08:30:00+02:00,0.0
2026-07-10T08:45:00+02:00,0.0
2026-07-10T09:00:00+02:00,0.0
2026-07-10T09:15:00+02:00,0.0
2026-07-10T09:30:00+02:00,0.0
2026-07-10T09:45:00+02:00,0.0
2026-07-10T10:00:00+02:00,0.0
2026-07-10T10:15:00+02:00,0.107201
2026-07-10T10:30:00+02:00,0.128799
2026-07-10T10:45:00+02:00,0.0
2026-07-10T11:00:00+02:00,0.0
2026-07-10T11:15:00+02:00,0.101716
2026-07-10T11:30:00+02:00,0.324744
2026-07-10T11:45:00+02:00,0.00954
2026-07-10T12:00:00+02:00,0.0
2026-07-10T12:15:00+02:00,0.0
2026-07-10T12:30:00+02:00,0.0
2026-07-10T12:45:00+02:00,0.0
2026-07-10T13:00:00+02:00,0.0
2026-07-10T13:15:00+02:00,0.0
2026-07-10T13:30:00+02:00,0.0
2026-07-10T13:45:00+02:00,0.0
2026-07-10T14:00:00+02:00,0.0
2026-07-10T14:15:00+02:00,0.232
2026-07-10T14:30:00+02:00,0.0
2026-07-10T14:45:00+02:00,0.0
2026-07-10T15:00:00+02:00,0.0
2026-07-10T15:15:00+02:00,0.10192
2026-07-10T15:30:00+02:00,0.12208
2026-07-10T15:45:00+02:00,0.22
2026-07-10T16:00:00+02:00,0.19482
2026-07-10T16:15:00+02:00,0.016988
2026-07-10T16:30:00+02:00,0.00805
2026-07-10T16:45:00+02:00,0.00805
2026-07-10T17:00:00+02:00,0.00805
2026-07-10T17:15:00+02:00,0.00805
2026-07-10T17:30:00+02:00,0.00805
2026-07-10T17:45:00+02:00,0.00805
2026-07-10T18:00:00+02:00,0.00805
2026-07-10T18:15:00+02:00,0.00805
2026-07-10T18:30:00+02:00,0.00805
2026-07-10T18:45:00+02:00,0.00805
2026-07-10T19:00:00+02:00,0.00805
2026-07-10T19:15:00+02:00,0.00805
2026-07-10T19:30:00+02:00,0.00805
2026-07-10T19:45:00+02:00,0.00805
2026-07-10T20:00:00+02:00,0.00805
2026-07-10T20:15:00+02:00,0.00805
2026-07-10T20:30:00+02:00,0.00805
2026-07-10T20:45:00+02:00,0.00805
2026-07-10T21:00:00+02:00,0.00805
2026-07-10T21:15:00+02:00,0.00805
2026-07-10T21:30:00+02:00,0.00805
2026-07-10T21:45:00+02:00,0.00805
2026-07-10T22:00:00+02:00,0.00805
2026-07-10T22:15:00+02:00,0.00805
2026-07-10T22:30:00+02:00,0.00805
2026-07-10T22:45:00+02:00,0.00805
2026-07-10T23:00:00+02:00,0.00805
2026-07-10T23:15:00+02:00,0.00805
2026-07-10T23:30:00+02:00,0.00805
2026-07-10T23:45:00+02:00,0.00805
2026-07-11T00:00:00+02:00,0.00805
2026-07-11T00:15:00+02:00,0.00805
2026-07-11T00:30:00+02:00,0.00805
2026-07-11T00:45:00+02:00,0.00805
2026-07-11T01:00:00+02:00,0.00805
2026-07-11T01:15:00+02:00,0.00805
2026-07-11T01:30:00+02:00,0.00805
2026-07-11T01:45:00+02:00,0.00805
2026-07-11T02:00:00+02:00,0.00805
2026-07-11T02:15:00+02:00,0.00805
2026-07-11T02:30:00+02:00,0.00805
2026-07-11T02:45:00+02:00,0.00805
2026-07-11T03:00:00+02:00,0.00805
2026-07-11T03:15:00+02:00,0.00805
2026-07-11T03:30:00+02:00,0.00805
2026-07-11T03:45:00+02:00,0.00805
2026-07-11T04:00:00+02:00,0.00805
2026-07-11T04:15:00+02:00,0.00805
2026-07-11T04:30:00+02:00,0.00805
2026-07-11T04:45:00+02:00,0.00805
2026-07-11T05:00:00+02:00,0.00805
2026-07-11T05:15:00+02:00,0.00805
2026-07-11T05:30:00+02:00,0.00805
2026-07-11T05:45:00+02:00,0.00805
2026-07-11T06:00:00+02:00,0.00805
2026-07-11T06:15:00+02:00,0.00805
2026-07-11T06:30:00+02:00,0.00805
2026-07-11T06:45:00+02:00,0.00805
2026-07-11T07:00:00+02:00,0.00805
2026-07-11T07:15:00+02:00,0.00805
2026-07-11T07:30:00+02:00,0.00805
2026-07-11T07:45:00+02:00,0.00805
2026-07-11T08:00:00+02:00,0.00805
2026-07-11T08:15:00+02:00,0.00805
2026-07-11T08:30:00+02:00,0.00805
2026-07-11T08:45:00+02:00,0.00805
2026-07-11T09:00:00+02:00,0.00805
2026-07-11T09:15:00+02:00,0.00805
2026-07-11T09:30:00+02:00,0.00805
2026-07-11T09:45:00+02:00,0.00805
2026-07-11T10:00:00+02:00,0.00805
2026-07-11T10:15:00+02:00,0.00805
2026-07-11T10:30:00+02:00,0.00805
2026-07-11T10:45:00+02:00,0.00805
2026-07-11T11:00:00+02:00,0.00805
2026-07-11T11:15:00+02:00,0.00805
2026-07-11T11:30:00+02:00,0.00805
2026-07-11T11:45:00+02:00,0.00805
2026-07-11T12:00:00+02:00,0.00805
2026-07-11T12:15:00+02:00,0.00805
2026-07-11T12:30:00+02:00,0.00805
2026-07-11T12:45:00+02:00,0.00805
2026-07-11T13:00:00+02:00,0.00805
2026-07-11T13:15:00+02:00,0.00805
2026-07-11T13:30:00+02:00,0.00805
2026-07-11T13:45:00+02:00,0.00805
2026-07-11T14:00:00+02:00,0.00805
2026-07-11T14:15:00+02:00,0.00805
2026-07-11T14:30:00+02:00,0.00805
2026-07-11T14:45:00+02:00,0.00805
2026-07-11T15:00:00+02:00,0.00805
2026-07-11T15:15:00+02:00,0.00805
2026-07-11T15:30:00+02:00,0.00805
2026-07-11T15:45:00+02:00,0.00805
2026-07-11T16:00:00+02:00,0.00805
2026-07-11T16:15:00+02:00,0.00805
2026-07-11T16:30:00+02:00,0.00805
2026-07-11T16:45:00+02:00,0.00805
2026-07-11T17:00:00+02:00,0.00805
2026-07-11T17:15:00+02:00,0.00805
2026-07-11T17:30:00+02:00,0.00805
2026-07-11T17:45:00+02:00,0.00805
2026-07-11T18:00:00+02:00,0.00805
2026-07-11T18:15:00+02:00,0.00805
2026-07-11T18:30:00+02:00,0.00805
2026-07-11T18:45:00+02:00,0.00805
2026-07-11T19:00:00+02:00,0.00805
2026-07-11T19:15:00+02:00,0.00805
2026-07-11T19:30:00+02:00,0.00805
2026-07-11T19:45:00+02:00,0.00805
2026-07-11T20:00:00+02:00,0.00805
2026-07-11T20:15:00+02:00,0.00805
2026-07-11T20:30:00+02:00,0.00805
2026-07-11T20:45:00+02:00,0.00805
2026-07-11T21:00:00+02:00,0.00805
2026-07-11T21:15:00+02:00,0.00805
2026-07-11T21:30:00+02:00,0.00805
2026-07-11T21:45:00+02:00,0.00805
2026-07-11T22:00:00+02:00,0.00805
2026-07-11T22:15:00+02:00,0.00805
2026-07-11T22:30:00+02:00,0.00805
2026-07-11T22:45:00+02:00,0.00805
2026-07-11T23:00:00+02:00,0.00805
2026-07-11T23:15:00+02:00,0.00805
2026-07-11T23:30:00+02:00,0.00805
2026-07-11T23:45:00+02:00,0.00805
2026-07-12T00:00:00+02:00,0.00805
2026-07-12T00:15:00+02:00,0.00805
2026-07-12T00:30:00+02:00,0.00805
2026-07-12T00:45:00+02:00,0.00805
2026-07-12T01:00:00+02:00,0.00805
2026-07-12T01:15:00+02:00,0.00805
2026-07-12T01:30:00+02:00,0.00805
2026-07-12T01:45:00+02:00,0.00805
2026-07-12T02:00:00+02:00,0.00805
2026-07-12T02:15:00+02:00,0.00805
2026-07-12T02:30:00+02:00,0.00805
2026-07-12T02:45:00+02:00,0.00805
2026-07-12T03:00:00+02:00,0.00805
2026-07-12T03:15:00+02:00,0.00805
2026-07-12T03:30:00+02:00,0.00805
2026-07-12T03:45:00+02:00,0.00805
2026-07-12T04:00:00+02:00,0.00805
2026-07-12T04:15:00+02:00,0.00805
2026-07-12T04:30:00+02:00,0.00805
2026-07-12T04:45:00+02:00,0.00805
2026-07-12T05:00:00+02:00,0.00805
2026-07-12T05:15:00+02:00,0.00805
2026-07-12T05:30:00+02:00,0.00805
2026-07-12T05:45:00+02:00,0.00805
2026-07-12T06:00:00+02:00,0.00805
2026-07-12T06:15:00+02:00,0.00805
2026-07-12T06:30:00+02:00,0.00805
2026-07-12T06:45:00+02:00,0.00805
2026-07-12T07:00:00+02:00,0.00805
2026-07-12T07:15:00+02:00,0.00805
2026-07-12T07:30:00+02:00,0.00805
2026-07-12T07:45:00+02:00,0.00805
2026-07-12T08:00:00+02:00,0.00805
2026-07-12T08:15:00+02:00,0.00805
2026-07-12T08:30:00+02:00,0.00805
2026-07-12T08:45:00+02:00,0.00805
2026-07-12T09:00:00+02:00,0.00805
2026-07-12T09:15:00+02:00,0.00805
2026-07-12T09:30:00+02:00,0.00805
2026-07-12T09:45:00+02:00,0.00805
2026-07-12T10:00:00+02:00,0.00805
2026-07-12T10:15:00+02:00,0.00805
2026-07-12T10:30:00+02:00,0.00805
2026-07-12T10:45:00+02:00,0.00805
2026-07-12T11:00:00+02:00,0.00805
2026-07-12T11:15:00+02:00,0.00805
2026-07-12T11:30:00+02:00,0.00805
2026-07-12T11:45:00+02:00,0.00805
2026-07-12T12:00:00+02:00,0.00805
2026-07-12T12:15:00+02:00,0.00805
2026-07-12T12:30:00+02:00,0.00805
2026-07-12T12:45:00+02:00,0.00805
2026-07-12T13:00:00+02:00,0.00805
2026-07-12T13:15:00+02:00,0.00805
2026-07-12T13:30:00+02:00,0.00805
2026-07-12T13:45:00+02:00,0.00805
2026-07-12T14:00:00+02:00,0.00805
2026-07-12T14:15:00+02:00,0.00805
2026-07-12T14:30:00+02:00,0.00805
2026-07-12T14:45:00+02:00,0.00805
2026-07-12T15:00:00+02:00,0.00805
2026-07-12T15:15:00+02:00,0.00805
2026-07-12T15:30:00+02:00,0.00805
2026-07-12T15:45:00+02:00,0.00805
2026-07-12T16:00:00+02:00,0.00805
2026-07-12T16:15:00+02:00,0.00805
2026-07-12T16:30:00+02:00,0.006663
2026-07-12T16:45:00+02:00,0.0
2026-07-12T17:00:00+02:00,0.0
2026-07-12T17:15:00+02:00,0.0
2026-07-12T17:30:00+02:00,0.0
2026-07-12T17:45:00+02:00,0.0
2026-07-12T18:00:00+02:00,0.0
2026-07-12T18:15:00+02:00,0.0
2026-07-12T18:30:00+02:00,0.0
2026-07-12T18:45:00+02:00,0.0
2026-07-12T19:00:00+02:00,0.0
2026-07-12T19:15:00+02:00,0.0
2026-07-12T19:30:00+02:00,0.0
2026-07-12T19:45:00+02:00,0.0
2026-07-12T20:00:00+02:00,0.0
2026-07-12T20:15:00+02:00,0.0
2026-07-12T20:30:00+02:00,0.0
2026-07-12T20:45:00+02:00,0.0
2026-07-12T21:00:00+02:00,0.0
2026-07-12T21:15:00+02:00,0.0
2026-07-12T21:30:00+02:00,0.0
2026-07-12T21:45:00+02:00,0.0
2026-07-12T22:00:00+02:00,0.0
2026-07-12T22:15:00+02:00,0.0
2026-07-12T22:30:00+02:00,0.0
2026-07-12T22:45:00+02:00,0.0
2026-07-12T23:00:00+02:00,0.0
2026-07-12T23:15:00+02:00,0.0
2026-07-12T23:30:00+02:00,0.0
2026-07-12T23:45:00+02:00,0.0
2026-07-13T00:00:00+02:00,0.0
2026-07-13T00:15:00+02:00,0.0
2026-07-13T00:30:00+02:00,0.0
2026-07-13T00:45:00+02:00,0.0
2026-07-13T01:00:00+02:00,0.0
2026-07-13T01:15:00+02:00,0.0
2026-07-13T01:30:00+02:00,0.0
2026-07-13T01:45:00+02:00,0.0
2026-07-13T02:00:00+02:00,0.0
2026-07-13T02:15:00+02:00,0.0
2026-07-13T02:30:00+02:00,0.0
2026-07-13T02:45:00+02:00,0.0
2026-07-13T03:00:00+02:00,0.0
2026-07-13T03:15:00+02:00,0.0
2026-07-13T03:30:00+02:00,0.0
2026-07-13T03:45:00+02:00,0.0
2026-07-13T04:00:00+02:00,0.0
2026-07-13T04:15:00+02:00,0.0
2026-07-13T04:30:00+02:00,0.0
2026-07-13T04:45:00+02:00,0.0
2026-07-13T05:00:00+02:00,0.0
2026-07-13T05:15:00+02:00,0.0
2026-07-13T05:30:00+02:00,0.0
2026-07-13T05:45:00+02:00,0.0
2026-07-13T06:00:00+02:00,0.0
2026-07-13T06:15:00+02:00,0.0
2026-07-13T06:30:00+02:00,0.0
2026-07-13T06:45:00+02:00,0.0
2026-07-13T07:00:00+02:00,0.0
2026-07-13T07:15:00+02:00,0.0
2026-07-13T07:30:00+02:00,0.0
2026-07-13T07:45:00+02:00,0.0
2026-07-13T08:00:00+02:00,0.0
2026-07-13T08:15:00+02:00,0.0
2026-07-13T08:30:00+02:00,0.0
2026-07-13T08:45:00+02:00,0.0
2026-07-13T09:00:00+02:00,0.0
2026-07-13T09:15:00+02:00,0.0
2026-07-13T09:30:00+02:00,0.0
2026-07-13T09:45:00+02:00,0.0
2026-07-13T10:00:00+02:00,0.0
2026-07-13T10:15:00+02:00,0.0
2026-07-13T10:30:00+02:00,0.0
2026-07-13T10:45:00+02:00,0.0
2026-07-13T11:00:00+02:00,0.0
2026-07-13T11:15:00+02:00,0.0
2026-07-13T11:30:00+02:00,0.0
2026-07-13T11:45:00+02:00,0.0
2026-07-13T12:00:00+02:00,0.0
2026-07-13T12:15:00+02:00,0.0
2026-07-13T12:30:00+02:00,0.0
2026-07-13T12:45:00+02:00,0.0
2026-07-13T13:00:00+02:00,0.0
2026-07-13T13:15:00+02:00,0.0
2026-07-13T13:30:00+02:00,0.0
2026-07-13T13:45:00+02:00,0.0
2026-07-13T14:00:00+02:00,0.0
2026-07-13T14:15:00+02:00,0.0
2026-07-13T14:30:00+02:00,0.0
2026-07-13T14:45:00+02:00,0.0
2026-07-13T15:00:00+02:00,0.0
2026-07-13T15:15:00+02:00,0.0
2026-07-13T15:30:00+02:00,0.0
2026-07-13T15:45:00+02:00,0.0
2026-07-13T16:00:00+02:00,0.0
2026-07-13T16:15:00+02:00,0.0
2026-07-13T16:30:00+02:00,0.0
2026-07-13T16:45:00+02:00,0.0
2026-07-13T17:00:00+02:00,0.0
2026-07-13T17:15:00+02:00,0.0
2026-07-13T17:30:00+02:00,0.0
2026-07-13T17:45:00+02:00,0.0
2026-07-13T18:00:00+02:00,0.0
2026-07-13T18:15:00+02:00,0.0
2026-07-13T18:30:00+02:00,0.0
2026-07-13T18:45:00+02:00,0.0
2026-07-13T19:00:00+02:00,0.0
2026-07-13T19:15:00+02:00,0.0
2026-07-13T19:30:00+02:00,0.0
2026-07-13T19:45:00+02:00,0.0
2026-07-13T20:00:00+02:00,0.0
2026-07-13T20:15:00+02:00,0.0
2026-07-13T20:30:00+02:00,0.0
2026-07-13T20:45:00+02:00,0.0
2026-07-13T21:00:00+02:00,0.0
2026-07-13T21:15:00+02:00,0.0
2026-07-13T21:30:00+02:00,0.0
2026-07-13T21:45:00+02:00,0.0
2026-07-13T22:00:00+02:00,0.0
2026-07-13T22:15:00+02:00,0.0
2026-07-13T22:30:00+02:00,0.0
2026-07-13T22:45:00+02:00,0.0
2026-07-13T23:00:00+02:00,0.0
2026-07-13T23:15:00+02:00,0.0
2026-07-13T23:30:00+02:00,0.0
2026-07-13T23:45:00+02:00,0.0
2026-07-14T00:00:00+02:00,0.0
2026-07-14T00:15:00+02:00,0.0
2026-07-14T00:30:00+02:00,0.0
2026-07-14T00:45:00+02:00,0.0
2026-07-14T01:00:00+02:00,0.0
2026-07-14T01:15:00+02:00,0.0
2026-07-14T01:30:00+02:00,0.0
2026-07-14T01:45:00+02:00,0.0
2026-07-14T02:00:00+02:00,0.0
2026-07-14T02:15:00+02:00,0.0
2026-07-14T02:30:00+02:00,0.0
2026-07-14T02:45:00+02:00,0.0
2026-07-14T03:00:00+02:00,0.0
2026-07-14T03:15:00+02:00,0.0
2026-07-14T03:30:00+02:00,0.0
2026-07-14T03:45:00+02:00,0.0
2026-07-14T04:00:00+02:00,0.0
2026-07-14T04:15:00+02:00,0.0
2026-07-14T04:30:00+02:00,0.0
2026-07-14T04:45:00+02:00,0.0
2026-07-14T05:00:00+02:00,0.0
2026-07-14T05:15:00+02:00,0.0
2026-07-14T05:30:00+02:00,0.0
2026-07-14T05:45:00+02:00,0.0
2026-07-14T06:00:00+02:00,0.0
2026-07-14T06:15:00+02:00,0.0
2026-07-14T06:30:00+02:00,0.0
2026-07-14T06:45:00+02:00,0.0
2026-07-14T07:00:00+02:00,0.0
2026-07-14T07:15:00+02:00,0.0
2026-07-14T07:30:00+02:00,0.0
2026-07-14T07:45:00+02:00,0.0
2026-07-14T08:00:00+02:00,0.0
2026-07-14T08:15:00+02:00,0.0
2026-07-14T08:30:00+02:00,0.0
2026-07-14T08:45:00+02:00,0.0
2026-07-14T09:00:00+02:00,0.0
2026-07-14T09:15:00+02:00,0.0
2026-07-14T09:30:00+02:00,0.0
2026-07-14T09:45:00+02:00,0.0
2026-07-14T10:00:00+02:00,0.0
2026-07-14T10:15:00+02:00,0.0
2026-07-14T10:30:00+02:00,0.0
2026-07-14T10:45:00+02:00,0.0
2026-07-14T11:00:00+02:00,0.0
2026-07-14T11:15:00+02:00,0.0
2026-07-14T11:30:00+02:00,0.0
2026-07-14T11:45:00+02:00,0.0
2026-07-14T12:00:00+02:00,0.0
2026-07-14T12:15:00+02:00,0.0
2026-07-14T12:30:00+02:00,0.0
2026-07-14T12:45:00+02:00,0.0
2026-07-14T13:00:00+02:00,0.0
2026-07-14T13:15:00+02:00,0.0
2026-07-14T13:30:00+02:00,0.0
2026-07-14T13:45:00+02:00,0.0
2026-07-14T14:00:00+02:00,0.0
2026-07-14T14:15:00+02:00,0.0
2026-07-14T14:30:00+02:00,0.0
2026-07-14T14:45:00+02:00,0.0
2026-07-14T15:00:00+02:00,0.0
2026-07-14T15:15:00+02:00,0.0
2026-07-14T15:30:00+02:00,0.0
2026-07-14T15:45:00+02:00,0.0
2026-07-14T16:00:00+02:00,0.0
2026-07-14T16:15:00+02:00,0.0
2026-07-14T16:30:00+02:00,0.0
2026-07-14T16:45:00+02:00,0.0
2026-07-14T17:00:00+02:00,0.0
2026-07-14T17:15:00+02:00,0.0
2026-07-14T17:30:00+02:00,0.0
2026-07-14T17:45:00+02:00,0.0
2026-07-14T18:00:00+02:00,0.0
2026-07-14T18:15:00+02:00,0.0
2026-07-14T18:30:00+02:00,0.0
2026-07-14T18:45:00+02:00,0.0
2026-07-14T19:00:00+02:00,0.0
2026-07-14T19:15:00+02:00,0.0
2026-07-14T19:30:00+02:00,0.0
2026-07-14T19:45:00+02:00,0.0
2026-07-14T20:00:00+02:00,0.0
2026-07-14T20:15:00+02:00,0.0
2026-07-14T20:30:00+02:00,0.0
2026-07-14T20:45:00+02:00,0.0
2026-07-14T21:00:00+02:00,0.0
2026-07-14T21:15:00+02:00,0.0
2026-07-14T21:30:00+02:00,0.0
2026-07-14T21:45:00+02:00,0.0
2026-07-14T22:00:00+02:00,0.0
2026-07-14T22:15:00+02:00,0.0
2026-07-14T22:30:00+02:00,0.0
2026-07-14T22:45:00+02:00,0.0
2026-07-14T23:00:00+02:00,0.0
2026-07-14T23:15:00+02:00,0.0
2026-07-14T23:30:00+02:00,0.0
2026-07-14T23:45:00+02:00,0.0
2026-07-15T00:00:00+02:00,0.0
2026-07-15T00:15:00+02:00,0.0
2026-07-15T00:30:00+02:00,0.0
2026-07-15T00:45:00+02:00,0.0
2026-07-15T01:00:00+02:00,0.0
2026-07-15T01:15:00+02:00,0.0
2026-07-15T01:30:00+02:00,0.0
2026-07-15T01:45:00+02:00,0.0
2026-07-15T02:00:00+02:00,0.0
2026-07-15T02:15:00+02:00,0.0
2026-07-15T02:30:00+02:00,0.0
2026-07-15T02:45:00+02:00,0.0
2026-07-15T03:00:00+02:00,0.0
2026-07-15T03:15:00+02:00,0.0
2026-07-15T03:30:00+02:00,0.0
2026-07-15T03:45:00+02:00,0.0
2026-07-15T04:00:00+02:00,0.0
2026-07-15T04:15:00+02:00,0.0
2026-07-15T04:30:00+02:00,0.0
2026-07-15T04:45:00+02:00,0.0
2026-07-15T05:00:00+02:00,0.0
2026-07-15T05:15:00+02:00,0.0
2026-07-15T05:30:00+02:00,0.0
2026-07-15T05:45:00+02:00,0.098396
2026-07-15T06:00:00+02:00,0.285604
2026-07-15T06:15:00+02:00,0.10472
2026-07-15T06:30:00+02:00,0.636213
2026-07-15T06:45:00+02:00,0.175853
2026-07-15T07:00:00+02:00,0.507933
2026-07-15T07:15:00+02:00,0.181517
2026-07-15T07:30:00+02:00,0.169763
2026-07-15T07:45:00+02:00,0.503587
2026-07-15T08:00:00+02:00,0.412507
2026-07-15T08:15:00+02:00,0.13832
2026-07-15T08:30:00+02:00,1.051989
2026-07-15T08:45:00+02:00,2.410397
2026-07-15T09:00:00+02:00,2.910267
2026-07-15T09:15:00+02:00,2.00416
2026-07-15T09:30:00+02:00,0.28508
2026-07-15T09:45:00+02:00,0.108166
2026-07-15T10:00:00+02:00,1.161691
2026-07-15T10:15:00+02:00,2.22809
2026-07-15T10:30:00+02:00,2.370613
2026-07-15T10:45:00+02:00,0.471133
2026-07-15T11:00:00+02:00,0.302667
2026-07-15T11:15:00+02:00,0.097333
2026-07-15T11:30:00+02:00,0.0
2026-07-15T11:45:00+02:00,0.2
2026-07-15T12:00:00+02:00,0.0454
2026-07-15T12:15:00+02:00,0.406873
2026-07-15T12:30:00+02:00,0.260629
2026-07-15T12:45:00+02:00,0.075098
2026-07-15T13:00:00+02:00,0.0
2026-07-15T13:15:00+02:00,0.04802
2026-07-15T13:30:00+02:00,0.13998
2026-07-15T13:45:00+02:00,0.0
2026-07-15T14:00:00+02:00,0.14528
2026-07-15T14:15:00+02:00,0.23072
2026-07-15T14:30:00+02:00,0.0
2026-07-15T14:45:00+02:00,0.0
2026-07-15T15:00:00+02:00,0.0
2026-07-15T15:15:00+02:00,0.0
2026-07-15T15:30:00+02:00,0.0
2026-07-15T15:45:00+02:00,0.0
2026-07-15T16:00:00+02:00,0.0
2026-07-15T16:15:00+02:00,0.0
2026-07-15T16:30:00+02:00,0.0
2026-07-15T16:45:00+02:00,0.0
2026-07-15T17:00:00+02:00,0.0
2026-07-15T17:15:00+02:00,0.0
2026-07-15T17:30:00+02:00,0.0
2026-07-15T17:45:00+02:00,0.0
2026-07-15T18:00:00+02:00,0.0
2026-07-15T18:15:00+02:00,0.0
2026-07-15T18:30:00+02:00,0.0
2026-07-15T18:45:00+02:00,0.0
2026-07-15T19:00:00+02:00,0.0
2026-07-15T19:15:00+02:00,0.0
2026-07-15T19:30:00+02:00,0.0
2026-07-15T19:45:00+02:00,0.0
2026-07-15T20:00:00+02:00,0.0
2026-07-15T20:15:00+02:00,0.0
2026-07-15T20:30:00+02:00,0.0
2026-07-15T20:45:00+02:00,0.0
2026-07-15T21:00:00+02:00,0.0
2026-07-15T21:15:00+02:00,0.0
2026-07-15T21:30:00+02:00,0.0
2026-07-15T21:45:00+02:00,0.0
2026-07-15T22:00:00+02:00,0.0
2026-07-15T22:15:00+02:00,0.0
2026-07-15T22:30:00+02:00,0.0
2026-07-15T22:45:00+02:00,0.0
2026-07-15T23:00:00+02:00,0.0
2026-07-15T23:15:00+02:00,0.0
2026-07-15T23:30:00+02:00,0.0
2026-07-15T23:45:00+02:00,0.0
2026-07-16T00:00:00+02:00,0.0
2026-07-16T00:15:00+02:00,0.0
2026-07-16T00:30:00+02:00,0.0
2026-07-16T00:45:00+02:00,0.0
2026-07-16T01:00:00+02:00,0.0
2026-07-16T01:15:00+02:00,0.0
2026-07-16T01:30:00+02:00,0.0
2026-07-16T01:45:00+02:00,0.0
2026-07-16T02:00:00+02:00,0.0
2026-07-16T02:15:00+02:00,0.0
2026-07-16T02:30:00+02:00,0.0
2026-07-16T02:45:00+02:00,0.0
2026-07-16T03:00:00+02:00,0.0
2026-07-16T03:15:00+02:00,0.0
2026-07-16T03:30:00+02:00,0.0
2026-07-16T03:45:00+02:00,0.0
2026-07-16T04:00:00+02:00,0.0
2026-07-16T04:15:00+02:00,0.0
2026-07-16T04:30:00+02:00,0.0
2026-07-16T04:45:00+02:00,0.0
2026-07-16T05:00:00+02:00,0.0
2026-07-16T05:15:00+02:00,0.0
2026-07-16T05:30:00+02:00,0.0
2026-07-16T05:45:00+02:00,0.0
2026-07-16T06:00:00+02:00,0.0
2026-07-16T06:15:00+02:00,0.0
2026-07-16T06:30:00+02:00,0.0
2026-07-16T06:45:00+02:00,0.0
2026-07-16T07:00:00+02:00,0.0
2026-07-16T07:15:00+02:00,0.0
2026-07-16T07:30:00+02:00,0.0
2026-07-16T07:45:00+02:00,0.0
2026-07-16T08:00:00+02:00,0.0
2026-07-16T08:15:00+02:00,0.0
2026-07-16T08:30:00+02:00,0.0
2026-07-16T08:45:00+02:00,0.0
2026-07-16T09:00:00+02:00,0.0
2026-07-16T09:15:00+02:00,0.0
2026-07-16T09:30:00+02:00,0.0
2026-07-16T09:45:00+02:00,0.0
2026-07-16T10:00:00+02:00,0.0
2026-07-16T10:15:00+02:00,0.0
2026-07-16T10:30:00+02:00,0.0
2026-07-16T10:45:00+02:00,0.0
2026-07-16T11:00:00+02:00,0.0
2026-07-16T11:15:00+02:00,0.0
2026-07-16T11:30:00+02:00,0.0
2026-07-16T11:45:00+02:00,0.0
2026-07-16T12:00:00+02:00,0.0
2026-07-16T12:15:00+02:00,0.0
2026-07-16T12:30:00+02:00,0.0
2026-07-16T12:45:00+02:00,0.0
2026-07-16T13:00:00+02:00,0.0
2026-07-16T13:15:00+02:00,0.0
2026-07-16T13:30:00+02:00,0.0
2026-07-16T13:45:00+02:00,0.0
2026-07-16T14:00:00+02:00,0.0
2026-07-16T14:15:00+02:00,0.0
2026-07-16T14:30:00+02:00,0.0
2026-07-16T14:45:00+02:00,0.0
2026-07-16T15:00:00+02:00,0.0
2026-07-16T15:15:00+02:00,0.0
2026-07-16T15:30:00+02:00,0.0
2026-07-16T15:45:00+02:00,0.0
2026-07-16T16:00:00+02:00,0.0
2026-07-16T16:15:00+02:00,0.0
2026-07-16T16:30:00+02:00,0.0
2026-07-16T16:45:00+02:00,0.0
2026-07-16T17:00:00+02:00,0.0
2026-07-16T17:15:00+02:00,0.0
2026-07-16T17:30:00+02:00,0.0
2026-07-16T17:45:00+02:00,0.0
2026-07-16T18:00:00+02:00,0.0
2026-07-16T18:15:00+02:00,0.0
2026-07-16T18:30:00+02:00,0.0
2026-07-16T18:45:00+02:00,0.0
2026-07-16T19:00:00+02:00,0.0
2026-07-16T19:15:00+02:00,0.0
2026-07-16T19:30:00+02:00,0.0
2026-07-16T19:45:00+02:00,0.0
2026-07-16T20:00:00+02:00,0.0
2026-07-16T20:15:00+02:00,0.0
2026-07-16T20:30:00+02:00,0.0
2026-07-16T20:45:00+02:00,0.0
2026-07-16T21:00:00+02:00,0.0
2026-07-16T21:15:00+02:00,0.0
2026-07-16T21:30:00+02:00,0.0
2026-07-16T21:45:00+02:00,0.0
2026-07-16T22:00:00+02:00,0.0
2026-07-16T22:15:00+02:00,0.0
2026-07-16T22:30:00+02:00,0.0
2026-07-16T22:45:00+02:00,0.0
2026-07-16T23:00:00+02:00,0.0
2026-07-16T23:15:00+02:00,0.0
2026-07-16T23:30:00+02:00,0.0
2026-07-16T23:45:00+02:00,0.0
2026-07-17T00:00:00+02:00,0.0
2026-07-17T00:15:00+02:00,0.0
2026-07-17T00:30:00+02:00,0.0
2026-07-17T00:45:00+02:00,0.0
2026-07-17T01:00:00+02:00,0.0
2026-07-17T01:15:00+02:00,0.0
2026-07-17T01:30:00+02:00,0.0
2026-07-17T01:45:00+02:00,0.0
2026-07-17T02:00:00+02:00,0.0
2026-07-17T02:15:00+02:00,0.0
2026-07-17T02:30:00+02:00,0.0
2026-07-17T02:45:00+02:00,0.0
2026-07-17T03:00:00+02:00,0.0
2026-07-17T03:15:00+02:00,0.0
2026-07-17T03:30:00+02:00,0.0
2026-07-17T03:45:00+02:00,0.0
2026-07-17T04:00:00+02:00,0.0
2026-07-17T04:15:00+02:00,0.0
2026-07-17T04:30:00+02:00,0.0
2026-07-17T04:45:00+02:00,0.0
2026-07-17T05:00:00+02:00,0.0
2026-07-17T05:15:00+02:00,0.0
2026-07-17T05:30:00+02:00,0.0
2026-07-17T05:45:00+02:00,0.0
2026-07-17T06:00:00+02:00,0.23302
2026-07-17T06:15:00+02:00,0.281802
2026-07-17T06:30:00+02:00,0.157178
2026-07-17T06:45:00+02:00,0.0
2026-07-17T07:00:00+02:00,0.0
2026-07-17T07:15:00+02:00,0.582077
2026-07-17T07:30:00+02:00,0.342711
2026-07-17T07:45:00+02:00,0.326572
2026-07-17T08:00:00+02:00,0.10464
2026-07-17T08:15:00+02:00,0.181636
2026-07-17T08:30:00+02:00,0.397904
2026-07-17T08:45:00+02:00,0.00846
2026-07-17T09:00:00+02:00,0.0
2026-07-17T09:15:00+02:00,0.204
2026-07-17T09:30:00+02:00,0.0
2026-07-17T09:45:00+02:00,0.0
2026-07-17T10:00:00+02:00,0.0
2026-07-17T10:15:00+02:00,0.0
2026-07-17T10:30:00+02:00,0.0
2026-07-17T10:45:00+02:00,0.0
2026-07-17T11:00:00+02:00,0.0
2026-07-17T11:15:00+02:00,0.0
2026-07-17T11:30:00+02:00,0.350855
2026-07-17T11:45:00+02:00,0.017145
2026-07-17T12:00:00+02:00,0.0
2026-07-17T12:15:00+02:00,0.0
2026-07-17T12:30:00+02:00,0.0
2026-07-17T12:45:00+02:00,0.0
2026-07-17T13:00:00+02:00,0.0
2026-07-17T13:15:00+02:00,0.0
2026-07-17T13:30:00+02:00,0.0
2026-07-17T13:45:00+02:00,0.0
2026-07-17T14:00:00+02:00,0.0
2026-07-17T14:15:00+02:00,0.0
2026-07-17T14:30:00+02:00,0.0
2026-07-17T14:45:00+02:00,0.0
2026-07-17T15:00:00+02:00,0.0
2026-07-17T15:15:00+02:00,0.0
2026-07-17T15:30:00+02:00,0.0
2026-07-17T15:45:00+02:00,0.0
2026-07-17T16:00:00+02:00,0.0
2026-07-17T16:15:00+02:00,0.0
2026-07-17T16:30:00+02:00,0.0
2026-07-17T16:45:00+02:00,0.0
2026-07-17T17:00:00+02:00,0.0
2026-07-17T17:15:00+02:00,0.0
2026-07-17T17:30:00+02:00,0.0
2026-07-17T17:45:00+02:00,0.0
2026-07-17T18:00:00+02:00,0.27122
2026-07-17T18:15:00+02:00,0.01278
2026-07-17T18:30:00+02:00,0.0
2026-07-17T18:45:00+02:00,0.0
2026-07-17T19:00:00+02:00,0.0
2026-07-17T19:15:00+02:00,0.0
2026-07-17T19:30:00+02:00,0.0
2026-07-17T19:45:00+02:00,0.101716
2026-07-17T20:00:00+02:00,0.122284
2026-07-17T20:15:00+02:00,0.0
2026-07-17T20:30:00+02:00,0.0
2026-07-17T20:45:00+02:00,0.0
2026-07-17T21:00:00+02:00,0.0
2026-07-17T21:15:00+02:00,0.0
2026-07-17T21:30:00+02:00,0.0
2026-07-17T21:45:00+02:00,0.0
2026-07-17T22:00:00+02:00,0.0
2026-07-17T22:15:00+02:00,0.0
2026-07-17T22:30:00+02:00,0.0
2026-07-17T22:45:00+02:00,0.0
2026-07-17T23:00:00+02:00,0.0
2026-07-17T23:15:00+02:00,0.0
2026-07-17T23:30:00+02:00,0.0
2026-07-17T23:45:00+02:00,0.0
2026-07-18T00:00:00+02:00,0.0
2026-07-18T00:15:00+02:00,0.0
2026-07-18T00:30:00+02:00,0.0
2026-07-18T00:45:00+02:00,0.0
2026-07-18T01:00:00+02:00,0.0
2026-07-18T01:15:00+02:00,0.0
2026-07-18T01:30:00+02:00,0.0
2026-07-18T01:45:00+02:00,0.0
2026-07-18T02:00:00+02:00,0.0
2026-07-18T02:15:00+02:00,0.0
2026-07-18T02:30:00+02:00,0.0
2026-07-18T02:45:00+02:00,0.0
2026-07-18T03:00:00+02:00,0.0
2026-07-18T03:15:00+02:00,0.0
2026-07-18T03:30:00+02:00,0.0
2026-07-18T03:45:00+02:00,0.0
2026-07-18T04:00:00+02:00,0.0
2026-07-18T04:15:00+02:00,0.0
2026-07-18T04:30:00+02:00,0.0
2026-07-18T04:45:00+02:00,0.0
2026-07-18T05:00:00+02:00,0.0
2026-07-18T05:15:00+02:00,0.0
2026-07-18T05:30:00+02:00,0.0
2026-07-18T05:45:00+02:00,0.0
2026-07-18T06:00:00+02:00,0.0
2026-07-18T06:15:00+02:00,0.0
2026-07-18T06:30:00+02:00,0.0
2026-07-18T06:45:00+02:00,0.0
2026-07-18T07:00:00+02:00,0.0
2026-07-18T07:15:00+02:00,0.0
2026-07-18T07:30:00+02:00,0.0
2026-07-18T07:45:00+02:00,0.0
2026-07-18T08:00:00+02:00,0.0
2026-07-18T08:15:00+02:00,0.0
2026-07-18T08:30:00+02:00,0.0
2026-07-18T08:45:00+02:00,0.0
2026-07-18T09:00:00+02:00,0.0
2026-07-18T09:15:00+02:00,0.0
2026-07-18T09:30:00+02:00,0.0
2026-07-18T09:45:00+02:00,0.0
2026-07-18T10:00:00+02:00,0.0
2026-07-18T10:15:00+02:00,0.0
2026-07-18T10:30:00+02:00,0.0
2026-07-18T10:45:00+02:00,0.0
2026-07-18T11:00:00+02:00,0.0
2026-07-18T11:15:00+02:00,0.0
2026-07-18T11:30:00+02:00,0.0
2026-07-18T11:45:00+02:00,0.0
2026-07-18T12:00:00+02:00,0.0
2026-07-18T12:15:00+02:00,0.0
2026-07-18T12:30:00+02:00,0.0
2026-07-18T12:45:00+02:00,0.0
2026-07-18T13:00:00+02:00,0.0
2026-07-18T13:15:00+02:00,0.0
2026-07-18T13:30:00+02:00,0.0
2026-07-18T13:45:00+02:00,0.0
2026-07-18T14:00:00+02:00,0.0
2026-07-18T14:15:00+02:00,0.0
2026-07-18T14:30:00+02:00,0.0
2026-07-18T14:45:00+02:00,0.0
2026-07-18T15:00:00+02:00,0.0
2026-07-18T15:15:00+02:00,0.0
2026-07-18T15:30:00+02:00,0.0
2026-07-18T15:45:00+02:00,0.0
2026-07-18T16:00:00+02:00,0.0
2026-07-18T16:15:00+02:00,0.0
2026-07-18T16:30:00+02:00,0.0
2026-07-18T16:45:00+02:00,0.0
2026-07-18T17:00:00+02:00,0.0
2026-07-18T17:15:00+02:00,0.0
2026-07-18T17:30:00+02:00,0.0
2026-07-18T17:45:00+02:00,0.0
2026-07-18T18:00:00+02:00,0.0
2026-07-18T18:15:00+02:00,0.0
2026-07-18T18:30:00+02:00,0.0
2026-07-18T18:45:00+02:00,0.0
2026-07-18T19:00:00+02:00,0.0
2026-07-18T19:15:00+02:00,0.0
2026-07-18T19:30:00+02:00,0.0
2026-07-18T19:45:00+02:00,0.0
2026-07-18T20:00:00+02:00,0.0
2026-07-18T20:15:00+02:00,0.0
2026-07-18T20:30:00+02:00,0.0
2026-07-18T20:45:00+02:00,0.0
2026-07-18T21:00:00+02:00,0.0
2026-07-18T21:15:00+02:00,0.0
2026-07-18T21:30:00+02:00,0.0
2026-07-18T21:45:00+02:00,0.0
2026-07-18T22:00:00+02:00,0.0
2026-07-18T22:15:00+02:00,0.0
2026-07-18T22:30:00+02:00,0.0
2026-07-18T22:45:00+02:00,0.0
2026-07-18T23:00:00+02:00,0.0
2026-07-18T23:15:00+02:00,0.0
2026-07-18T23:30:00+02:00,0.0
2026-07-18T23:45:00+02:00,0.0
2026-07-19T00:00:00+02:00,0.0
2026-07-19T00:15:00+02:00,0.0
2026-07-19T00:30:00+02:00,0.0
2026-07-19T00:45:00+02:00,0.0
2026-07-19T01:00:00+02:00,0.0
2026-07-19T01:15:00+02:00,0.0
2026-07-19T01:30:00+02:00,0.0
2026-07-19T01:45:00+02:00,0.0
2026-07-19T02:00:00+02:00,0.0
2026-07-19T02:15:00+02:00,0.0
2026-07-19T02:30:00+02:00,0.0
2026-07-19T02:45:00+02:00,0.0
2026-07-19T03:00:00+02:00,0.0
2026-07-19T03:15:00+02:00,0.0
2026-07-19T03:30:00+02:00,0.0
2026-07-19T03:45:00+02:00,0.0
2026-07-19T04:00:00+02:00,0.0
2026-07-19T04:15:00+02:00,0.0
2026-07-19T04:30:00+02:00,0.0
2026-07-19T04:45:00+02:00,0.0
2026-07-19T05:00:00+02:00,0.0
2026-07-19T05:15:00+02:00,0.0
2026-07-19T05:30:00+02:00,0.0
2026-07-19T05:45:00+02:00,0.0
2026-07-19T06:00:00+02:00,0.0
2026-07-19T06:15:00+02:00,0.0
2026-07-19T06:30:00+02:00,0.0
2026-07-19T06:45:00+02:00,0.0
2026-07-19T07:00:00+02:00,0.0
2026-07-19T07:15:00+02:00,0.0
2026-07-19T07:30:00+02:00,0.0
2026-07-19T07:45:00+02:00,0.0
2026-07-19T08:00:00+02:00,0.0
2026-07-19T08:15:00+02:00,0.0
2026-07-19T08:30:00+02:00,0.0
2026-07-19T08:45:00+02:00,0.0
2026-07-19T09:00:00+02:00,0.0
2026-07-19T09:15:00+02:00,0.0
2026-07-19T09:30:00+02:00,0.0
2026-07-19T09:45:00+02:00,0.0
2026-07-19T10:00:00+02:00,0.0
2026-07-19T10:15:00+02:00,0.0
2026-07-19T10:30:00+02:00,0.0
2026-07-19T10:45:00+02:00,0.0
2026-07-19T11:00:00+02:00,0.0
2026-07-19T11:15:00+02:00,0.0
2026-07-19T11:30:00+02:00,0.0
2026-07-19T11:45:00+02:00,0.0
2026-07-19T12:00:00+02:00,0.0
2026-07-19T12:15:00+02:00,0.0
2026-07-19T12:30:00+02:00,0.0
2026-07-19T12:45:00+02:00,0.0
2026-07-19T13:00:00+02:00,0.0
2026-07-19T13:15:00+02:00,0.0
2026-07-19T13:30:00+02:00,0.0
2026-07-19T13:45:00+02:00,0.0
2026-07-19T14:00:00+02:00,0.0
2026-07-19T14:15:00+02:00,0.0
2026-07-19T14:30:00+02:00,0.0
2026-07-19T14:45:00+02:00,0.0
2026-07-19T15:00:00+02:00,0.0
2026-07-19T15:15:00+02:00,0.0
2026-07-19T15:30:00+02:00,0.0
2026-07-19T15:45:00+02:00,0.0
2026-07-19T16:00:00+02:00,0.0
2026-07-19T16:15:00+02:00,0.0
2026-07-19T16:30:00+02:00,0.0
2026-07-19T16:45:00+02:00,0.0
2026-07-19T17:00:00+02:00,0.0
2026-07-19T17:15:00+02:00,0.0
2026-07-19T17:30:00+02:00,0.0
2026-07-19T17:45:00+02:00,0.0
2026-07-19T18:00:00+02:00,0.0
2026-07-19T18:15:00+02:00,0.0
2026-07-19T18:30:00+02:00,0.0
2026-07-19T18:45:00+02:00,0.0
2026-07-19T19:00:00+02:00,0.0
2026-07-19T19:15:00+02:00,0.0
2026-07-19T19:30:00+02:00,0.0
2026-07-19T19:45:00+02:00,0.0
2026-07-19T20:00:00+02:00,0.0
2026-07-19T20:15:00+02:00,0.0
2026-07-19T20:30:00+02:00,0.0
2026-07-19T20:45:00+02:00,0.0
2026-07-19T21:00:00+02:00,0.0
2026-07-19T21:15:00+02:00,0.0
2026-07-19T21:30:00+02:00,0.0
2026-07-19T21:45:00+02:00,0.0
2026-07-19T22:00:00+02:00,0.0
2026-07-19T22:15:00+02:00,0.0
2026-07-19T22:30:00+02:00,0.0
2026-07-19T22:45:00+02:00,0.0
2026-07-19T23:00:00+02:00,0.0
2026-07-19T23:15:00+02:00,0.0
2026-07-19T23:30:00+02:00,0.0
2026-07-19T23:45:00+02:00,0.0
2026-07-20T00:00:00+02:00,0.0
2026-07-20T00:15:00+02:00,0.0
2026-07-20T00:30:00+02:00,0.0
2026-07-20T00:45:00+02:00,0.0
2026-07-20T01:00:00+02:00,0.0
2026-07-20T01:15:00+02:00,0.0
2026-07-20T01:30:00+02:00,0.0
2026-07-20T01:45:00+02:00,0.0
2026-07-20T02:00:00+02:00,0.0
2026-07-20T02:15:00+02:00,0.0
2026-07-20T02:30:00+02:00,0.0
2026-07-20T02:45:00+02:00,0.0
2026-07-20T03:00:00+02:00,0.0
2026-07-20T03:15:00+02:00,0.0
2026-07-20T03:30:00+02:00,0.0
2026-07-20T03:45:00+02:00,0.0
2026-07-20T04:00:00+02:00,0.0
2026-07-20T04:15:00+02:00,0.0
2026-07-20T04:30:00+02:00,0.0
2026-07-20T04:45:00+02:00,0.0
2026-07-20T05:00:00+02:00,0.0
2026-07-20T05:15:00+02:00,0.0
2026-07-20T05:30:00+02:00,0.0
2026-07-20T05:45:00+02:00,0.0
2026-07-20T06:00:00+02:00,0.0
2026-07-20T06:15:00+02:00,0.0
2026-07-20T06:30:00+02:00,0.0
2026-07-20T06:45:00+02:00,0.0
2026-07-20T07:00:00+02:00,0.0
2026-07-20T07:15:00+02:00,0.0
2026-07-20T07:30:00+02:00,0.0
2026-07-20T07:45:00+02:00,0.0
2026-07-20T08:00:00+02:00,0.0
2026-07-20T08:15:00+02:00,0.0
2026-07-20T08:30:00+02:00,0.0
2026-07-20T08:45:00+02:00,0.0
2026-07-20T09:00:00+02:00,0.0
2026-07-20T09:15:00+02:00,0.0
2026-07-20T09:30:00+02:00,0.0
2026-07-20T09:45:00+02:00,0.0
2026-07-20T10:00:00+02:00,0.0
2026-07-20T10:15:00+02:00,0.0
2026-07-20T10:30:00+02:00,0.0
2026-07-20T10:45:00+02:00,0.0
2026-07-20T11:00:00+02:00,0.0
2026-07-20T11:15:00+02:00,0.0
2026-07-20T11:30:00+02:00,0.0
2026-07-20T11:45:00+02:00,0.0
2026-07-20T12:00:00+02:00,0.0
2026-07-20T12:15:00+02:00,0.0
2026-07-20T12:30:00+02:00,0.0
2026-07-20T12:45:00+02:00,0.0
2026-07-20T13:00:00+02:00,0.0
2026-07-20T13:15:00+02:00,0.0
2026-07-20T13:30:00+02:00,0.0
2026-07-20T13:45:00+02:00,0.0
2026-07-20T14:00:00+02:00,0.0
2026-07-20T14:15:00+02:00,0.0
2026-07-20T14:30:00+02:00,0.0
2026-07-20T14:45:00+02:00,0.0
2026-07-20T15:00:00+02:00,0.0
2026-07-20T15:15:00+02:00,0.0
2026-07-20T15:30:00+02:00,0.0
2026-07-20T15:45:00+02:00,0.0
2026-07-20T16:00:00+02:00,0.0
2026-07-20T16:15:00+02:00,0.0
2026-07-20T16:30:00+02:00,0.0
2026-07-20T16:45:00+02:00,0.0
2026-07-20T17:00:00+02:00,0.0
2026-07-20T17:15:00+02:00,0.0
2026-07-20T17:30:00+02:00,0.0
2026-07-20T17:45:00+02:00,0.0
2026-07-20T18:00:00+02:00,0.0
2026-07-20T18:15:00+02:00,0.0
2026-07-20T18:30:00+02:00,0.0
2026-07-20T18:45:00+02:00,0.0
2026-07-20T19:00:00+02:00,0.0
2026-07-20T19:15:00+02:00,0.0
2026-07-20T19:30:00+02:00,0.0
2026-07-20T19:45:00+02:00,0.0
2026-07-20T20:00:00+02:00,0.0
2026-07-20T20:15:00+02:00,0.0
2026-07-20T20:30:00+02:00,0.0
2026-07-20T20:45:00+02:00,0.0
2026-07-20T21:00:00+02:00,0.0
2026-07-20T21:15:00+02:00,0.0
2026-07-20T21:30:00+02:00,0.0
2026-07-20T21:45:00+02:00,0.0
2026-07-20T22:00:00+02:00,0.0
2026-07-20T22:15:00+02:00,0.0
2026-07-20T22:30:00+02:00,0.0
2026-07-20T22:45:00+02:00,0.0
2026-07-20T23:00:00+02:00,0.0
2026-07-20T23:15:00+02:00,0.0
2026-07-20T23:30:00+02:00,0.0
2026-07-20T23:45:00+02:00,0.0
2026-07-21T00:00:00+02:00,0.0
2026-07-21T00:15:00+02:00,0.0
2026-07-21T00:30:00+02:00,0.0
2026-07-21T00:45:00+02:00,0.0
2026-07-21T01:00:00+02:00,0.0
2026-07-21T01:15:00+02:00,0.0
2026-07-21T01:30:00+02:00,0.0
2026-07-21T01:45:00+02:00,0.0
2026-07-21T02:00:00+02:00,0.0
2026-07-21T02:15:00+02:00,0.0
2026-07-21T02:30:00+02:00,0.0
2026-07-21T02:45:00+02:00,0.0
2026-07-21T03:00:00+02:00,0.0
2026-07-21T03:15:00+02:00,0.0
2026-07-21T03:30:00+02:00,0.0
2026-07-21T03:45:00+02:00,0.0
2026-07-21T04:00:00+02:00,0.0
2026-07-21T04:15:00+02:00,0.0
2026-07-21T04:30:00+02:00,0.0
2026-07-21T04:45:00+02:00,0.0
2026-07-21T05:00:00+02:00,0.0
2026-07-21T05:15:00+02:00,0.0
2026-07-21T05:30:00+02:00,0.0
2026-07-21T05:45:00+02:00,0.0
2026-07-21T06:00:00+02:00,0.45001
2026-07-21T06:15:00+02:00,0.32099
2026-07-21T06:30:00+02:00,0.109
2026-07-21T06:45:00+02:00,0.0
2026-07-21T07:00:00+02:00,0.0
2026-07-21T07:15:00+02:00,0.09646
2026-07-21T07:30:00+02:00,0.11554
2026-07-21T07:45:00+02:00,0.0
2026-07-21T08:00:00+02:00,0.0
2026-07-21T08:15:00+02:00,0.0
2026-07-21T08:30:00+02:00,0.0
2026-07-21T08:45:00+02:00,0.1001
2026-07-21T09:00:00+02:00,0.1199
2026-07-21T09:15:00+02:00,0.0
2026-07-21T09:30:00+02:00,0.0
2026-07-21T09:45:00+02:00,0.0
2026-07-21T10:00:00+02:00,0.0
2026-07-21T10:15:00+02:00,0.0
2026-07-21T10:30:00+02:00,0.0
2026-07-21T10:45:00+02:00,0.0
2026-07-21T11:00:00+02:00,0.0
2026-07-21T11:15:00+02:00,0.0
2026-07-21T11:30:00+02:00,0.0
2026-07-21T11:45:00+02:00,0.0
2026-07-21T12:00:00+02:00,0.0
2026-07-21T12:15:00+02:00,0.0
2026-07-21T12:30:00+02:00,0.0
2026-07-21T12:45:00+02:00,0.0
2026-07-21T13:00:00+02:00,0.0
2026-07-21T13:15:00+02:00,0.0
2026-07-21T13:30:00+02:00,0.0
2026-07-21T13:45:00+02:00,0.0
2026-07-21T14:00:00+02:00,0.0
2026-07-21T14:15:00+02:00,0.0
2026-07-21T14:30:00+02:00,0.0
2026-07-21T14:45:00+02:00,0.0
2026-07-21T15:00:00+02:00,0.0
2026-07-21T15:15:00+02:00,0.0
2026-07-21T15:30:00+02:00,0.0
2026-07-21T15:45:00+02:00,0.0
2026-07-21T16:00:00+02:00,0.0
2026-07-21T16:15:00+02:00,0.0
2026-07-21T16:30:00+02:00,0.0
2026-07-21T16:45:00+02:00,0.0
2026-07-21T17:00:00+02:00,0.0
2026-07-21T17:15:00+02:00,0.0
2026-07-21T17:30:00+02:00,0.0
2026-07-21T17:45:00+02:00,0.0
2026-07-21T18:00:00+02:00,0.0
2026-07-21T18:15:00+02:00,0.0
2026-07-21T18:30:00+02:00,0.0
2026-07-21T18:45:00+02:00,0.0
2026-07-21T19:00:00+02:00,0.0
2026-07-21T19:15:00+02:00,0.0
2026-07-21T19:30:00+02:00,0.0
2026-07-21T19:45:00+02:00,0.0
2026-07-21T20:00:00+02:00,0.0
2026-07-21T20:15:00+02:00,0.0
2026-07-21T20:30:00+02:00,0.0
2026-07-21T20:45:00+02:00,0.0
2026-07-21T21:00:00+02:00,0.0
2026-07-21T21:15:00+02:00,0.0
2026-07-21T21:30:00+02:00,0.0
2026-07-21T21:45:00+02:00,0.0
2026-07-21T22:00:00+02:00,0.0
2026-07-21T22:15:00+02:00,0.0
2026-07-21T22:30:00+02:00,0.0
2026-07-21T22:45:00+02:00,0.0
2026-07-21T23:00:00+02:00,0.0
2026-07-21T23:15:00+02:00,0.0
2026-07-21T23:30:00+02:00,0.0
2026-07-21T23:45:00+02:00,0.0
2026-07-22T00:00:00+02:00,0.0
2026-07-22T00:15:00+02:00,0.0
2026-07-22T00:30:00+02:00,0.0
2026-07-22T00:45:00+02:00,0.0
2026-07-22T01:00:00+02:00,0.0
2026-07-22T01:15:00+02:00,0.0
2026-07-22T01:30:00+02:00,0.0
2026-07-22T01:45:00+02:00,0.0
2026-07-22T02:00:00+02:00,0.0
2026-07-22T02:15:00+02:00,0.0
2026-07-22T02:30:00+02:00,0.0
2026-07-22T02:45:00+02:00,0.0
2026-07-22T03:00:00+02:00,0.0
2026-07-22T03:15:00+02:00,0.0
2026-07-22T03:30:00+02:00,0.0
2026-07-22T03:45:00+02:00,0.0
2026-07-22T04:00:00+02:00,0.0
2026-07-22T04:15:00+02:00,0.0
2026-07-22T04:30:00+02:00,0.0
2026-07-22T04:45:00+02:00,0.0
2026-07-22T05:00:00+02:00,0.0
2026-07-22T05:15:00+02:00,0.0
2026-07-22T05:30:00+02:00,0.0
2026-07-22T05:45:00+02:00,0.0
2026-07-22T06:00:00+02:00,0.0
2026-07-22T06:15:00+02:00,0.112652
2026-07-22T06:30:00+02:00,0.135348
2026-07-22T06:45:00+02:00,0.0
2026-07-22T07:00:00+02:00,0.0
2026-07-22T07:15:00+02:00,0.232
2026-07-22T07:30:00+02:00,0.10696
2026-07-22T07:45:00+02:00,0.2095
2026-07-22T08:00:00+02:00,0.11554
2026-07-22T08:15:00+02:00,0.0
2026-07-22T08:30:00+02:00,0.16044
2026-07-22T08:45:00+02:00,0.05556
2026-07-22T09:00:00+02:00,0.20628
2026-07-22T09:15:00+02:00,0.00972
2026-07-22T09:30:00+02:00,0.0
2026-07-22T09:45:00+02:00,0.0
2026-07-22T10:00:00+02:00,0.0
2026-07-22T10:15:00+02:00,0.0
2026-07-22T10:30:00+02:00,0.0
2026-07-22T10:45:00+02:00,0.0
2026-07-22T11:00:00+02:00,0.0
2026-07-22T11:15:00+02:00,0.0
2026-07-22T11:30:00+02:00,0.0
2026-07-22T11:45:00+02:00,0.0
2026-07-22T12:00:00+02:00,0.0
2026-07-22T12:15:00+02:00,0.0
2026-07-22T12:30:00+02:00,0.0
2026-07-22T12:45:00+02:00,0.0
2026-07-22T13:00:00+02:00,0.0
2026-07-22T13:15:00+02:00,0.0
2026-07-22T13:30:00+02:00,0.0
2026-07-22T13:45:00+02:00,0.0
2026-07-22T14:00:00+02:00,0.0
2026-07-22T14:15:00+02:00,0.0
2026-07-22T14:30:00+02:00,0.0
2026-07-22T14:45:00+02:00,0.11284
2026-07-22T15:00:00+02:00,0.34144
2026-07-22T15:15:00+02:00,0.320203
2026-07-22T15:30:00+02:00,0.312142
2026-07-22T15:45:00+02:00,0.009376
2026-07-22T16:00:00+02:00,0.39346
2026-07-22T16:15:00+02:00,0.109358
2026-07-22T16:30:00+02:00,0.109182
2026-07-22T16:45:00+02:00,0.038144
2026-07-22T17:00:00+02:00,0.313256
2026-07-22T17:15:00+02:00,0.2566
2026-07-22T17:30:00+02:00,0.0
2026-07-22T17:45:00+02:00,0.28918
2026-07-22T18:00:00+02:00,0.10682
2026-07-22T18:15:00+02:00,0.0
2026-07-22T18:30:00+02:00,0.0
2026-07-22T18:45:00+02:00,0.0
2026-07-22T19:00:00+02:00,0.19864
2026-07-22T19:15:00+02:00,0.00936
2026-07-22T19:30:00+02:00,0.0
2026-07-22T19:45:00+02:00,0.19292
2026-07-22T20:00:00+02:00,0.23108
2026-07-22T20:15:00+02:00,0.194351
2026-07-22T20:30:00+02:00,0.256569
2026-07-22T20:45:00+02:00,0.57544
2026-07-22T21:00:00+02:00,0.549241
2026-07-22T21:15:00+02:00,0.147759
2026-07-22T21:30:00+02:00,0.29182
2026-07-22T21:45:00+02:00,0.00882
2026-07-22T22:00:00+02:00,0.0
2026-07-22T22:15:00+02:00,0.0
2026-07-22T22:30:00+02:00,0.0
2026-07-22T22:45:00+02:00,0.0
2026-07-22T23:00:00+02:00,0.0
2026-07-22T23:15:00+02:00,0.0
2026-07-22T23:30:00+02:00,0.0
2026-07-22T23:45:00+02:00,0.0
2026-07-23T00:00:00+02:00,0.0
2026-07-23T00:15:00+02:00,0.0
2026-07-23T00:30:00+02:00,0.0
2026-07-23T00:45:00+02:00,0.0
2026-07-23T01:00:00+02:00,0.0
2026-07-23T01:15:00+02:00,0.0
2026-07-23T01:30:00+02:00,0.0
2026-07-23T01:45:00+02:00,0.0
2026-07-23T02:00:00+02:00,0.0
2026-07-23T02:15:00+02:00,0.0
2026-07-23T02:30:00+02:00,0.0
2026-07-23T02:45:00+02:00,0.0
2026-07-23T03:00:00+02:00,0.0
2026-07-23T03:15:00+02:00,0.0
2026-07-23T03:30:00+02:00,0.0
2026-07-23T03:45:00+02:00,0.0
2026-07-23T04:00:00+02:00,0.0
2026-07-23T04:15:00+02:00,0.0
2026-07-23T04:30:00+02:00,0.0
2026-07-23T04:45:00+02:00,0.0
2026-07-23T05:00:00+02:00,0.0
2026-07-23T05:15:00+02:00,0.0
2026-07-23T05:30:00+02:00,0.0
2026-07-23T05:45:00+02:00,0.0
2026-07-23T06:00:00+02:00,0.236821
2026-07-23T06:15:00+02:00,0.011179
2026-07-23T06:30:00+02:00,0.0
2026-07-23T06:45:00+02:00,0.0
2026-07-23T07:00:00+02:00,0.0
2026-07-23T07:15:00+02:00,0.0
2026-07-23T07:30:00+02:00,0.0
2026-07-23T07:45:00+02:00,0.0
2026-07-23T08:00:00+02:00,0.0
2026-07-23T08:15:00+02:00,0.0
2026-07-23T08:30:00+02:00,0.0
2026-07-23T08:45:00+02:00,0.0
2026-07-23T09:00:00+02:00,0.217723
2026-07-23T09:15:00+02:00,6.109617
2026-07-23T09:30:00+02:00,3.97584
2026-07-23T09:45:00+02:00,2.059838
2026-07-23T10:00:00+02:00,1.176982
2026-07-23T10:15:00+02:00,0.0
2026-07-23T10:30:00+02:00,0.0
2026-07-23T10:45:00+02:00,0.0
2026-07-23T11:00:00+02:00,0.0
2026-07-23T11:15:00+02:00,0.0
2026-07-23T11:30:00+02:00,0.0
2026-07-23T11:45:00+02:00,0.0
2026-07-23T12:00:00+02:00,0.0
2026-07-23T12:15:00+02:00,0.0
2026-07-23T12:30:00+02:00,0.0
2026-07-23T12:45:00+02:00,0.0
2026-07-23T13:00:00+02:00,0.0
2026-07-23T13:15:00+02:00,0.0
2026-07-23T13:30:00+02:00,0.0
2026-07-23T13:45:00+02:00,0.0
2026-07-23T14:00:00+02:00,0.0
2026-07-23T14:15:00+02:00,0.0
2026-07-23T14:30:00+02:00,0.0
2026-07-23T14:45:00+02:00,0.0
2026-07-23T15:00:00+02:00,0.0
2026-07-23T15:15:00+02:00,0.0
2026-07-23T15:30:00+02:00,0.0
2026-07-23T15:45:00+02:00,0.0
2026-07-23T16:00:00+02:00,0.0
2026-07-23T16:15:00+02:00,0.0
2026-07-23T16:30:00+02:00,0.0
2026-07-23T16:45:00+02:00,0.0
2026-07-23T17:00:00+02:00,0.0
2026-07-23T17:15:00+02:00,0.0
2026-07-23T17:30:00+02:00,0.0
2026-07-23T17:45:00+02:00,0.0
2026-07-23T18:00:00+02:00,0.0
2026-07-23T18:15:00+02:00,0.0
2026-07-23T18:30:00+02:00,0.0
2026-07-23T18:45:00+02:00,0.0
2026-07-23T19:00:00+02:00,0.0
2026-07-23T19:15:00+02:00,0.0
2026-07-23T19:30:00+02:00,0.0
2026-07-23T19:45:00+02:00,0.0
2026-07-23T20:00:00+02:00,0.0
2026-07-23T20:15:00+02:00,0.0
2026-07-23T20:30:00+02:00,0.0
2026-07-23T20:45:00+02:00,0.0
2026-07-23T21:00:00+02:00,0.0
2026-07-23T21:15:00+02:00,0.0
2026-07-23T21:30:00+02:00,0.0
2026-07-23T21:45:00+02:00,0.0
2026-07-23T22:00:00+02:00,0.0
2026-07-23T22:15:00+02:00,0.0
2026-07-23T22:30:00+02:00,0.0
2026-07-23T22:45:00+02:00,0.0
2026-07-23T23:00:00+02:00,0.0
2026-07-23T23:15:00+02:00,0.0
2026-07-23T23:30:00+02:00,0.0
2026-07-23T23:45:00+02:00,0.0
2026-07-24T00:00:00+02:00,0.0
2026-07-24T00:15:00+02:00,0.0
2026-07-24T00:30:00+02:00,0.0
2026-07-24T00:45:00+02:00,0.0
2026-07-24T01:00:00+02:00,0.0
2026-07-24T01:15:00+02:00,0.0
2026-07-24T01:30:00+02:00,0.0
2026-07-24T01:45:00+02:00,0.0
2026-07-24T02:00:00+02:00,0.0
2026-07-24T02:15:00+02:00,0.0
2026-07-24T02:30:00+02:00,0.0
2026-07-24T02:45:00+02:00,0.0
2026-07-24T03:00:00+02:00,0.0
2026-07-24T03:15:00+02:00,0.0
2026-07-24T03:30:00+02:00,0.0
2026-07-24T03:45:00+02:00,0.0
2026-07-24T04:00:00+02:00,0.0
2026-07-24T04:15:00+02:00,0.0
2026-07-24T04:30:00+02:00,0.0
2026-07-24T04:45:00+02:00,0.0
2026-07-24T05:00:00+02:00,0.0
2026-07-24T05:15:00+02:00,0.0
2026-07-24T05:30:00+02:00,0.0
2026-07-24T05:45:00+02:00,0.0
2026-07-24T06:00:00+02:00,0.0
2026-07-24T06:15:00+02:00,0.0
2026-07-24T06:30:00+02:00,0.0
2026-07-24T06:45:00+02:00,0.0
2026-07-24T07:00:00+02:00,0.0
2026-07-24T07:15:00+02:00,0.0
2026-07-24T07:30:00+02:00,0.0
2026-07-24T07:45:00+02:00,0.0
2026-07-24T08:00:00+02:00,0.0
2026-07-24T08:15:00+02:00,0.0
2026-07-24T08:30:00+02:00,0.0
2026-07-24T08:45:00+02:00,0.0
2026-07-24T09:00:00+02:00,0.0
2026-07-24T09:15:00+02:00,0.0
2026-07-24T09:30:00+02:00,0.0
2026-07-24T09:45:00+02:00,0.0
2026-07-24T10:00:00+02:00,0.0
2026-07-24T10:15:00+02:00,0.0
2026-07-24T10:30:00+02:00,0.0
2026-07-24T10:45:00+02:00,0.0
2026-07-24T11:00:00+02:00,0.0
2026-07-24T11:15:00+02:00,0.0
2026-07-24T11:30:00+02:00,0.0
2026-07-24T11:45:00+02:00,0.0
2026-07-24T12:00:00+02:00,0.0
2026-07-24T12:15:00+02:00,0.0
2026-07-24T12:30:00+02:00,0.0
2026-07-24T12:45:00+02:00,0.0
2026-07-24T13:00:00+02:00,0.0
2026-07-24T13:15:00+02:00,0.0
2026-07-24T13:30:00+02:00,0.0
2026-07-24T13:45:00+02:00,0.0
2026-07-24T14:00:00+02:00,0.0
2026-07-24T14:15:00+02:00,0.0
2026-07-24T14:30:00+02:00,0.0
2026-07-24T14:45:00+02:00,0.0
2026-07-24T15:00:00+02:00,0.0
2026-07-24T15:15:00+02:00,0.0
2026-07-24T15:30:00+02:00,0.0
2026-07-24T15:45:00+02:00,0.0
2026-07-24T16:00:00+02:00,0.0
2026-07-24T16:15:00+02:00,0.0
2026-07-24T16:30:00+02:00,0.0
2026-07-24T16:45:00+02:00,0.0
2026-07-24T17:00:00+02:00,0.0
2026-07-24T17:15:00+02:00,0.0
2026-07-24T17:30:00+02:00,0.0
2026-07-24T17:45:00+02:00,0.0
2026-07-24T18:00:00+02:00,0.0
2026-07-24T18:15:00+02:00,0.0
2026-07-24T18:30:00+02:00,0.0
2026-07-24T18:45:00+02:00,0.0
2026-07-24T19:00:00+02:00,0.0
2026-07-24T19:15:00+02:00,0.0
2026-07-24T19:30:00+02:00,0.0
2026-07-24T19:45:00+02:00,0.0
2026-07-24T20:00:00+02:00,0.0
2026-07-24T20:15:00+02:00,0.0
2026-07-24T20:30:00+02:00,0.0
2026-07-24T20:45:00+02:00,0.0
2026-07-24T21:00:00+02:00,0.0
2026-07-24T21:15:00+02:00,0.0
2026-07-24T21:30:00+02:00,0.0
2026-07-24T21:45:00+02:00,0.0
2026-07-24T22:00:00+02:00,0.0
2026-07-24T22:15:00+02:00,0.0
2026-07-24T22:30:00+02:00,0.0
2026-07-24T22:45:00+02:00,0.0
2026-07-24T23:00:00+02:00,0.0
2026-07-24T23:15:00+02:00,0.0
2026-07-24T23:30:00+02:00,0.0
2026-07-24T23:45:00+02:00,0.0
2026-07-25T00:00:00+02:00,0.0
2026-07-25T00:15:00+02:00,0.0
2026-07-25T00:30:00+02:00,0.0
2026-07-25T00:45:00+02:00,0.0
2026-07-25T01:00:00+02:00,0.0
2026-07-25T01:15:00+02:00,0.0
2026-07-25T01:30:00+02:00,0.0
2026-07-25T01:45:00+02:00,0.0
2026-07-25T02:00:00+02:00,0.0
2026-07-25T02:15:00+02:00,0.0
2026-07-25T02:30:00+02:00,0.0
2026-07-25T02:45:00+02:00,0.0
2026-07-25T03:00:00+02:00,0.0
2026-07-25T03:15:00+02:00,0.0
2026-07-25T03:30:00+02:00,0.0
2026-07-25T03:45:00+02:00,0.0
2026-07-25T04:00:00+02:00,0.0
2026-07-25T04:15:00+02:00,0.0
2026-07-25T04:30:00+02:00,0.0
2026-07-25T04:45:00+02:00,0.0
2026-07-25T05:00:00+02:00,0.0
2026-07-25T05:15:00+02:00,0.0
2026-07-25T05:30:00+02:00,0.0
2026-07-25T05:45:00+02:00,0.0
2026-07-25T06:00:00+02:00,0.0
2026-07-25T06:15:00+02:00,0.0
2026-07-25T06:30:00+02:00,0.0
2026-07-25T06:45:00+02:00,0.0
2026-07-25T07:00:00+02:00,0.0
2026-07-25T07:15:00+02:00,0.0
2026-07-25T07:30:00+02:00,0.0
2026-07-25T07:45:00+02:00,0.0
2026-07-25T08:00:00+02:00,0.0
2026-07-25T08:15:00+02:00,0.0
2026-07-25T08:30:00+02:00,0.0
2026-07-25T08:45:00+02:00,0.0
2026-07-25T09:00:00+02:00,0.0
2026-07-25T09:15:00+02:00,0.0
2026-07-25T09:30:00+02:00,0.0
2026-07-25T09:45:00+02:00,0.0
2026-07-25T10:00:00+02:00,0.0
2026-07-25T10:15:00+02:00,0.0
2026-07-25T10:30:00+02:00,0.0
2026-07-25T10:45:00+02:00,0.0
2026-07-25T11:00:00+02:00,0.0
2026-07-25T11:15:00+02:00,0.0
2026-07-25T11:30:00+02:00,0.0
2026-07-25T11:45:00+02:00,0.0
2026-07-25T12:00:00+02:00,0.0
2026-07-25T12:15:00+02:00,0.0
2026-07-25T12:30:00+02:00,0.0
2026-07-25T12:45:00+02:00,0.0
2026-07-25T13:00:00+02:00,0.0
2026-07-25T13:15:00+02:00,0.0
2026-07-25T13:30:00+02:00,0.0
2026-07-25T13:45:00+02:00,0.0
2026-07-25T14:00:00+02:00,0.0
2026-07-25T14:15:00+02:00,0.0
2026-07-25T14:30:00+02:00,0.0
2026-07-25T14:45:00+02:00,0.0
2026-07-25T15:00:00+02:00,0.0
2026-07-25T15:15:00+02:00,0.0
2026-07-25T15:30:00+02:00,0.0
2026-07-25T15:45:00+02:00,0.0
2026-07-25T16:00:00+02:00,0.0
2026-07-25T16:15:00+02:00,0.0
2026-07-25T16:30:00+02:00,0.0
2026-07-25T16:45:00+02:00,0.0
2026-07-25T17:00:00+02:00,0.0
2026-07-25T17:15:00+02:00,0.0
2026-07-25T17:30:00+02:00,0.0
2026-07-25T17:45:00+02:00,0.0
2026-07-25T18:00:00+02:00,0.0
2026-07-25T18:15:00+02:00,0.0
2026-07-25T18:30:00+02:00,0.0
2026-07-25T18:45:00+02:00,0.0
2026-07-25T19:00:00+02:00,0.0
2026-07-25T19:15:00+02:00,0.0
2026-07-25T19:30:00+02:00,0.0
2026-07-25T19:45:00+02:00,0.0
2026-07-25T20:00:00+02:00,0.0
2026-07-25T20:15:00+02:00,0.0
2026-07-25T20:30:00+02:00,0.0
2026-07-25T20:45:00+02:00,0.0
2026-07-25T21:00:00+02:00,0.0
2026-07-25T21:15:00+02:00,0.0
2026-07-25T21:30:00+02:00,0.0
2026-07-25T21:45:00+02:00,0.0
2026-07-25T22:00:00+02:00,0.0
2026-07-25T22:15:00+02:00,0.0
2026-07-25T22:30:00+02:00,0.0
2026-07-25T22:45:00+02:00,0.0
2026-07-25T23:00:00+02:00,0.0
2026-07-25T23:15:00+02:00,0.0
2026-07-25T23:30:00+02:00,0.0
2026-07-25T23:45:00+02:00,0.0
2026-07-26T00:00:00+02:00,0.0
2026-07-26T00:15:00+02:00,0.0
2026-07-26T00:30:00+02:00,0.0
2026-07-26T00:45:00+02:00,0.0
2026-07-26T01:00:00+02:00,0.0
2026-07-26T01:15:00+02:00,0.0
2026-07-26T01:30:00+02:00,0.0
2026-07-26T01:45:00+02:00,0.0
2026-07-26T02:00:00+02:00,0.0
2026-07-26T02:15:00+02:00,0.0
2026-07-26T02:30:00+02:00,0.0
2026-07-26T02:45:00+02:00,0.0
2026-07-26T03:00:00+02:00,0.0
2026-07-26T03:15:00+02:00,0.0
2026-07-26T03:30:00+02:00,0.0
2026-07-26T03:45:00+02:00,0.0
2026-07-26T04:00:00+02:00,0.0
2026-07-26T04:15:00+02:00,0.0
2026-07-26T04:30:00+02:00,0.0
2026-07-26T04:45:00+02:00,0.0
2026-07-26T05:00:00+02:00,0.0
2026-07-26T05:15:00+02:00,0.0
2026-07-26T05:30:00+02:00,0.0
2026-07-26T05:45:00+02:00,0.0
2026-07-26T06:00:00+02:00,0.0
2026-07-26T06:15:00+02:00,0.0
2026-07-26T06:30:00+02:00,0.0
2026-07-26T06:45:00+02:00,0.0
2026-07-26T07:00:00+02:00,0.0
2026-07-26T07:15:00+02:00,0.0
2026-07-26T07:30:00+02:00,0.0
2026-07-26T07:45:00+02:00,0.0
2026-07-26T08:00:00+02:00,0.0
2026-07-26T08:15:00+02:00,0.0
2026-07-26T08:30:00+02:00,0.0
2026-07-26T08:45:00+02:00,0.0
2026-07-26T09:00:00+02:00,0.0
2026-07-26T09:15:00+02:00,0.0
2026-07-26T09:30:00+02:00,0.0
2026-07-26T09:45:00+02:00,0.0
2026-07-26T10:00:00+02:00,0.0
2026-07-26T10:15:00+02:00,0.0
2026-07-26T10:30:00+02:00,0.0
2026-07-26T10:45:00+02:00,0.0
2026-07-26T11:00:00+02:00,0.0
2026-07-26T11:15:00+02:00,0.0
2026-07-26T11:30:00+02:00,0.0
2026-07-26T11:45:00+02:00,0.0
2026-07-26T12:00:00+02:00,0.0
2026-07-26T12:15:00+02:00,0.0
2026-07-26T12:30:00+02:00,0.0
2026-07-26T12:45:00+02:00,0.0
2026-07-26T13:00:00+02:00,0.0
2026-07-26T13:15:00+02:00,0.0
2026-07-26T13:30:00+02:00,0.0
2026-07-26T13:45:00+02:00,0.0
2026-07-26T14:00:00+02:00,0.0
2026-07-26T14:15:00+02:00,0.0
2026-07-26T14:30:00+02:00,0.0
2026-07-26T14:45:00+02:00,0.0
2026-07-26T15:00:00+02:00,0.0
2026-07-26T15:15:00+02:00,0.0
2026-07-26T15:30:00+02:00,0.0
2026-07-26T15:45:00+02:00,0.0
2026-07-26T16:00:00+02:00,0.0
2026-07-26T16:15:00+02:00,0.0
2026-07-26T16:30:00+02:00,0.0
2026-07-26T16:45:00+02:00,0.0
2026-07-26T17:00:00+02:00,0.0
2026-07-26T17:15:00+02:00,0.0
2026-07-26T17:30:00+02:00,0.0
2026-07-26T17:45:00+02:00,0.0
2026-07-26T18:00:00+02:00,0.0
2026-07-26T18:15:00+02:00,0.0
2026-07-26T18:30:00+02:00,0.0
2026-07-26T18:45:00+02:00,0.0
2026-07-26T19:00:00+02:00,0.0
2026-07-26T19:15:00+02:00,0.0
2026-07-26T19:30:00+02:00,0.0
2026-07-26T19:45:00+02:00,0.0
2026-07-26T20:00:00+02:00,0.0
2026-07-26T20:15:00+02:00,0.0
2026-07-26T20:30:00+02:00,0.0
2026-07-26T20:45:00+02:00,0.0
2026-07-26T21:00:00+02:00,0.0
2026-07-26T21:15:00+02:00,0.0
2026-07-26T21:30:00+02:00,0.0
2026-07-26T21:45:00+02:00,0.0
2026-07-26T22:00:00+02:00,0.0
2026-07-26T22:15:00+02:00,0.0
2026-07-26T22:30:00+02:00,0.0
2026-07-26T22:45:00+02:00,0.0
2026-07-26T23:00:00+02:00,0.0
2026-07-26T23:15:00+02:00,0.0
2026-07-26T23:30:00+02:00,0.0
2026-07-26T23:45:00+02:00,0.0
2026-07-27T00:00:00+02:00,0.0
2026-07-27T00:15:00+02:00,0.0
2026-07-27T00:30:00+02:00,0.0
2026-07-27T00:45:00+02:00,0.0
2026-07-27T01:00:00+02:00,0.0
2026-07-27T01:15:00+02:00,0.0
2026-07-27T01:30:00+02:00,0.0
2026-07-27T01:45:00+02:00,0.0
2026-07-27T02:00:00+02:00,0.0
2026-07-27T02:15:00+02:00,0.0
2026-07-27T02:30:00+02:00,0.0
2026-07-27T02:45:00+02:00,0.0
2026-07-27T03:00:00+02:00,0.0
2026-07-27T03:15:00+02:00,0.0
2026-07-27T03:30:00+02:00,0.0
2026-07-27T03:45:00+02:00,0.0
2026-07-27T04:00:00+02:00,0.0
2026-07-27T04:15:00+02:00,0.0
2026-07-27T04:30:00+02:00,0.0
2026-07-27T04:45:00+02:00,0.0
2026-07-27T05:00:00+02:00,0.0
2026-07-27T05:15:00+02:00,0.0
2026-07-27T05:30:00+02:00,0.0
2026-07-27T05:45:00+02:00,0.0
2026-07-27T06:00:00+02:00,0.0
2026-07-27T06:15:00+02:00,0.0
2026-07-27T06:30:00+02:00,0.0
2026-07-27T06:45:00+02:00,0.0
2026-07-27T07:00:00+02:00,0.0
2026-07-27T07:15:00+02:00,0.0
2026-07-27T07:30:00+02:00,0.0
2026-07-27T07:45:00+02:00,0.0
2026-07-27T08:00:00+02:00,0.0
2026-07-27T08:15:00+02:00,0.0
2026-07-27T08:30:00+02:00,0.0
2026-07-27T08:45:00+02:00,0.0
2026-07-27T09:00:00+02:00,0.0
2026-07-27T09:15:00+02:00,0.0
2026-07-27T09:30:00+02:00,0.0
2026-07-27T09:45:00+02:00,0.0
2026-07-27T10:00:00+02:00,0.0
2026-07-27T10:15:00+02:00,0.0
2026-07-27T10:30:00+02:00,0.0
2026-07-27T10:45:00+02:00,0.0
2026-07-27T11:00:00+02:00,0.0
2026-07-27T11:15:00+02:00,0.0
2026-07-27T11:30:00+02:00,0.0
2026-07-27T11:45:00+02:00,0.0
2026-07-27T12:00:00+02:00,0.0
2026-07-27T12:15:00+02:00,0.0
2026-07-27T12:30:00+02:00,0.0
2026-07-27T12:45:00+02:00,0.0
2026-07-27T13:00:00+02:00,0.0
2026-07-27T13:15:00+02:00,0.0
2026-07-27T13:30:00+02:00,0.0
2026-07-27T13:45:00+02:00,0.0
2026-07-27T14:00:00+02:00,0.0
2026-07-27T14:15:00+02:00,0.0
2026-07-27T14:30:00+02:00,0.0
2026-07-27T14:45:00+02:00,0.0
2026-07-27T15:00:00+02:00,0.0
2026-07-27T15:15:00+02:00,0.0
2026-07-27T15:30:00+02:00,0.0
2026-07-27T15:45:00+02:00,0.11284
2026-07-27T16:00:00+02:00,0.13516
2026-07-27T16:15:00+02:00,0.0
2026-07-27T16:30:00+02:00,0.0
2026-07-27T16:45:00+02:00,0.0
2026-07-27T17:00:00+02:00,0.0
2026-07-27T17:15:00+02:00,0.0
2026-07-27T17:30:00+02:00,0.0
2026-07-27T17:45:00+02:00,0.0
2026-07-27T18:00:00+02:00,0.0
2026-07-27T18:15:00+02:00,0.0
2026-07-27T18:30:00+02:00,0.0
2026-07-27T18:45:00+02:00,0.0
2026-07-27T19:00:00+02:00,0.0
2026-07-27T19:15:00+02:00,0.0
2026-07-27T19:30:00+02:00,0.228819
2026-07-27T19:45:00+02:00,0.011181
2026-07-27T20:00:00+02:00,0.0
2026-07-27T20:15:00+02:00,0.0
2026-07-27T20:30:00+02:00,0.0
2026-07-27T20:45:00+02:00,0.0
2026-07-27T21:00:00+02:00,0.0
2026-07-27T21:15:00+02:00,0.0
2026-07-27T21:30:00+02:00,0.0
2026-07-27T21:45:00+02:00,0.0
2026-07-27T22:00:00+02:00,0.0
2026-07-27T22:15:00+02:00,0.0
2026-07-27T22:30:00+02:00,0.0
2026-07-27T22:45:00+02:00,0.0
2026-07-27T23:00:00+02:00,0.0
2026-07-27T23:15:00+02:00,0.0
2026-07-27T23:30:00+02:00,0.0
2026-07-27T23:45:00+02:00,0.0
2026-07-28T00:00:00+02:00,0.0
2026-07-28T00:15:00+02:00,0.0
2026-07-28T00:30:00+02:00,0.0
2026-07-28T00:45:00+02:00,0.0
2026-07-28T01:00:00+02:00,0.0
2026-07-28T01:15:00+02:00,0.0
2026-07-28T01:30:00+02:00,0.0
2026-07-28T01:45:00+02:00,0.0
2026-07-28T02:00:00+02:00,0.0
2026-07-28T02:15:00+02:00,0.0
2026-07-28T02:30:00+02:00,0.0
2026-07-28T02:45:00+02:00,0.0
2026-07-28T03:00:00+02:00,0.0
2026-07-28T03:15:00+02:00,0.0
2026-07-28T03:30:00+02:00,0.0
2026-07-28T03:45:00+02:00,0.0
2026-07-28T04:00:00+02:00,0.0
2026-07-28T04:15:00+02:00,0.0
2026-07-28T04:30:00+02:00,0.0
2026-07-28T04:45:00+02:00,0.0
2026-07-28T05:00:00+02:00,0.0
2026-07-28T05:15:00+02:00,0.0
2026-07-28T05:30:00+02:00,0.0
2026-07-28T05:45:00+02:00,0.0
2026-07-28T06:00:00+02:00,0.23684
2026-07-28T06:15:00+02:00,0.112876
2026-07-28T06:30:00+02:00,0.122284
2026-07-28T06:45:00+02:00,0.2979
2026-07-28T07:00:00+02:00,0.128609
2026-07-28T07:15:00+02:00,0.308491
2026-07-28T07:30:00+02:00,0.109
2026-07-28T07:45:00+02:00,0.17988
2026-07-28T08:00:00+02:00,0.395646
2026-07-28T08:15:00+02:00,0.008474
2026-07-28T08:30:00+02:00,0.0
2026-07-28T08:45:00+02:00,0.0
2026-07-28T09:00:00+02:00,0.0
2026-07-28T09:15:00+02:00,0.0
2026-07-28T09:30:00+02:00,0.0
2026-07-28T09:45:00+02:00,0.0
2026-07-28T10:00:00+02:00,0.0
2026-07-28T10:15:00+02:00,0.098116
2026-07-28T10:30:00+02:00,0.117884
2026-07-28T10:45:00+02:00,0.0
2026-07-28T11:00:00+02:00,0.0
2026-07-28T11:15:00+02:00,0.0
2026-07-28T11:30:00+02:00,0.0
2026-07-28T11:45:00+02:00,0.212
2026-07-28T12:00:00+02:00,0.0
2026-07-28T12:15:00+02:00,0.0
2026-07-28T12:30:00+02:00,0.0
2026-07-28T12:45:00+02:00,0.0
2026-07-28T13:00:00+02:00,0.0
2026-07-28T13:15:00+02:00,0.0
2026-07-28T13:30:00+02:00,0.0
2026-07-28T13:45:00+02:00,0.0
2026-07-28T14:00:00+02:00,0.0
2026-07-28T14:15:00+02:00,0.0
2026-07-28T14:30:00+02:00,0.0
2026-07-28T14:45:00+02:00,0.0
2026-07-28T15:00:00+02:00,0.0
2026-07-28T15:15:00+02:00,0.0
2026-07-28T15:30:00+02:00,0.217378
2026-07-28T15:45:00+02:00,0.010622
2026-07-28T16:00:00+02:00,0.0
2026-07-28T16:15:00+02:00,0.098116
2026-07-28T16:30:00+02:00,0.117884
2026-07-28T16:45:00+02:00,0.0
2026-07-28T17:00:00+02:00,0.0
2026-07-28T17:15:00+02:00,0.0
2026-07-28T17:30:00+02:00,0.0
2026-07-28T17:45:00+02:00,0.0999
2026-07-28T18:00:00+02:00,0.1201
2026-07-28T18:15:00+02:00,0.0
2026-07-28T18:30:00+02:00,0.0
2026-07-28T18:45:00+02:00,0.0
2026-07-28T19:00:00+02:00,0.0
2026-07-28T19:15:00+02:00,0.126862
2026-07-28T19:30:00+02:00,0.085138
2026-07-28T19:45:00+02:00,0.4
2026-07-28T20:00:00+02:00,0.0
2026-07-28T20:15:00+02:00,0.2
2026-07-28T20:30:00+02:00,0.18718
2026-07-28T20:45:00+02:00,0.096005
2026-07-28T21:00:00+02:00,0.288175
2026-07-28T21:15:00+02:00,0.00864
2026-07-28T21:30:00+02:00,0.0
2026-07-28T21:45:00+02:00,0.0
2026-07-28T22:00:00+02:00,0.0
2026-07-28T22:15:00+02:00,0.0
2026-07-28T22:30:00+02:00,0.0
2026-07-28T22:45:00+02:00,0.0
2026-07-28T23:00:00+02:00,0.0
2026-07-28T23:15:00+02:00,0.0
2026-07-28T23:30:00+02:00,0.0
2026-07-28T23:45:00+02:00,0.0
2026-07-29T00:00:00+02:00,0.0
2026-07-29T00:15:00+02:00,0.0
2026-07-29T00:30:00+02:00,0.0
2026-07-29T00:45:00+02:00,0.0
2026-07-29T01:00:00+02:00,0.0
2026-07-29T01:15:00+02:00,0.0
2026-07-29T01:30:00+02:00,0.0
2026-07-29T01:45:00+02:00,0.0
2026-07-29T02:00:00+02:00,0.0
2026-07-29T02:15:00+02:00,0.0
2026-07-29T02:30:00+02:00,0.0
2026-07-29T02:45:00+02:00,0.0
2026-07-29T03:00:00+02:00,0.0
2026-07-29T03:15:00+02:00,0.0
2026-07-29T03:30:00+02:00,0.0
2026-07-29T03:45:00+02:00,0.0
2026-07-29T04:00:00+02:00,0.0
2026-07-29T04:15:00+02:00,0.0
2026-07-29T04:30:00+02:00,0.0
2026-07-29T04:45:00+02:00,0.0
2026-07-29T05:00:00+02:00,0.0
2026-07-29T05:15:00+02:00,0.0
2026-07-29T05:30:00+02:00,0.0
2026-07-29T05:45:00+02:00,0.107165
2026-07-29T06:00:00+02:00,0.128835
2026-07-29T06:15:00+02:00,0.10374
2026-07-29T06:30:00+02:00,0.337824
2026-07-29T06:45:00+02:00,0.010436
2026-07-29T07:00:00+02:00,0.0
2026-07-29T07:15:00+02:00,0.09828
2026-07-29T07:30:00+02:00,0.11772
2026-07-29T07:45:00+02:00,0.60382
2026-07-29T08:00:00+02:00,0.75862
2026-07-29T08:15:00+02:00,0.15878
2026-07-29T08:30:00+02:00,0.25028
2026-07-29T08:45:00+02:00,0.29478
2026-07-29T09:00:00+02:00,0.30872
2026-07-29T09:15:00+02:00,0.209
2026-07-29T09:30:00+02:00,0.0
2026-07-29T09:45:00+02:00,0.0
2026-07-29T10:00:00+02:00,0.20246
2026-07-29T10:15:00+02:00,0.191176
2026-07-29T10:30:00+02:00,0.661484
2026-07-29T10:45:00+02:00,0.720252
2026-07-29T11:00:00+02:00,0.683348
2026-07-29T11:15:00+02:00,0.01728
2026-07-29T11:30:00+02:00,0.0
2026-07-29T11:45:00+02:00,0.08736
2026-07-29T12:00:00+02:00,0.4288
2026-07-29T12:15:00+02:00,0.79414
2026-07-29T12:30:00+02:00,0.1417
2026-07-29T12:45:00+02:00,0.0
2026-07-29T13:00:00+02:00,0.0
2026-07-29T13:15:00+02:00,0.0
2026-07-29T13:30:00+02:00,0.0
2026-07-29T13:45:00+02:00,0.0
2026-07-29T14:00:00+02:00,0.0
2026-07-29T14:15:00+02:00,0.26734
2026-07-29T14:30:00+02:00,0.12268
2026-07-29T14:45:00+02:00,0.00198
2026-07-29T15:00:00+02:00,0.0
2026-07-29T15:15:00+02:00,0.0
2026-07-29T15:30:00+02:00,0.0
2026-07-29T15:45:00+02:00,0.0
2026-07-29T16:00:00+02:00,0.0
2026-07-29T16:15:00+02:00,0.0
2026-07-29T16:30:00+02:00,0.0
2026-07-29T16:45:00+02:00,0.0
2026-07-29T17:00:00+02:00,0.0
2026-07-29T17:15:00+02:00,0.0
2026-07-29T17:30:00+02:00,0.38964
2026-07-29T17:45:00+02:00,0.119026
2026-07-29T18:00:00+02:00,0.29086
2026-07-29T18:15:00+02:00,0.097654
2026-07-29T18:30:00+02:00,0.10682
2026-07-29T18:45:00+02:00,0.0
2026-07-29T19:00:00+02:00,0.0
2026-07-29T19:15:00+02:00,0.089002
2026-07-29T19:30:00+02:00,0.106998
2026-07-29T19:45:00+02:00,0.0
2026-07-29T20:00:00+02:00,0.0
2026-07-29T20:15:00+02:00,0.204
2026-07-29T20:30:00+02:00,0.0
2026-07-29T20:45:00+02:00,0.0
2026-07-29T21:00:00+02:00,0.0
2026-07-29T21:15:00+02:00,0.091
2026-07-29T21:30:00+02:00,0.23888
2026-07-29T21:45:00+02:00,0.08212
2026-07-29T22:00:00+02:00,0.0
2026-07-29T22:15:00+02:00,0.0
2026-07-29T22:30:00+02:00,0.0
2026-07-29T22:45:00+02:00,0.0
2026-07-29T23:00:00+02:00,0.0
2026-07-29T23:15:00+02:00,0.0
2026-07-29T23:30:00+02:00,0.0
2026-07-29T23:45:00+02:00,0.0
2026-07-30T00:00:00+02:00,0.0
2026-07-30T00:15:00+02:00,0.0
2026-07-30T00:30:00+02:00,0.0
2026-07-30T00:45:00+02:00,0.0
2026-07-30T01:00:00+02:00,0.0
2026-07-30T01:15:00+02:00,0.0
2026-07-30T01:30:00+02:00,0.0
2026-07-30T01:45:00+02:00,0.0
2026-07-30T02:00:00+02:00,0.0
2026-07-30T02:15:00+02:00,0.0
2026-07-30T02:30:00+02:00,0.0
2026-07-30T02:45:00+02:00,0.0
2026-07-30T03:00:00+02:00,0.0
2026-07-30T03:15:00+02:00,0.0
2026-07-30T03:30:00+02:00,0.0
2026-07-30T03:45:00+02:00,0.0
2026-07-30T04:00:00+02:00,0.0
2026-07-30T04:15:00+02:00,0.0
2026-07-30T04:30:00+02:00,0.0
2026-07-30T04:45:00+02:00,0.0
2026-07-30T05:00:00+02:00,0.0
2026-07-30T05:15:00+02:00,0.0
2026-07-30T05:30:00+02:00,0.0
2026-07-30T05:45:00+02:00,0.0
2026-07-30T06:00:00+02:00,0.0
2026-07-30T06:15:00+02:00,0.10192
2026-07-30T06:30:00+02:00,0.12208
2026-07-30T06:45:00+02:00,0.0
2026-07-30T07:00:00+02:00,0.0
2026-07-30T07:15:00+02:00,0.016353
2026-07-30T07:30:00+02:00,0.199173
2026-07-30T07:45:00+02:00,0.008474
2026-07-30T08:00:00+02:00,0.0
2026-07-30T08:15:00+02:00,0.0
2026-07-30T08:30:00+02:00,0.0
2026-07-30T08:45:00+02:00,0.0
2026-07-30T09:00:00+02:00,0.0
2026-07-30T09:15:00+02:00,0.224
2026-07-30T09:30:00+02:00,0.0
2026-07-30T09:45:00+02:00,0.0
2026-07-30T10:00:00+02:00,0.0
2026-07-30T10:15:00+02:00,0.31646
2026-07-30T10:30:00+02:00,0.11554
2026-07-30T10:45:00+02:00,0.10192
2026-07-30T11:00:00+02:00,0.12208
2026-07-30T11:15:00+02:00,0.22
2026-07-30T11:30:00+02:00,0.0
2026-07-30T11:45:00+02:00,0.2
2026-07-30T12:00:00+02:00,0.0
2026-07-30T12:15:00+02:00,0.0
2026-07-30T12:30:00+02:00,0.0
2026-07-30T12:45:00+02:00,0.0
2026-07-30T13:00:00+02:00,0.0
2026-07-30T13:15:00+02:00,0.0
2026-07-30T13:30:00+02:00,0.0
2026-07-30T13:45:00+02:00,0.0
2026-07-30T14:00:00+02:00,0.0
2026-07-30T14:15:00+02:00,0.0
2026-07-30T14:30:00+02:00,0.0
2026-07-30T14:45:00+02:00,0.0
2026-07-30T15:00:00+02:00,0.0
2026-07-30T15:15:00+02:00,0.0
2026-07-30T15:30:00+02:00,0.0
2026-07-30T15:45:00+02:00,0.212
2026-07-30T16:00:00+02:00,0.0
2026-07-30T16:15:00+02:00,0.09464
2026-07-30T16:30:00+02:00,0.11336
2026-07-30T16:45:00+02:00,0.408
2026-07-30T17:00:00+02:00,0.0
2026-07-30T17:15:00+02:00,0.0
2026-07-30T17:30:00+02:00,0.0
2026-07-30T17:45:00+02:00,0.45614
2026-07-30T18:00:00+02:00,0.350915
2026-07-30T18:15:00+02:00,0.008945
2026-07-30T18:30:00+02:00,0.0
2026-07-30T18:45:00+02:00,0.0
2026-07-30T19:00:00+02:00,0.0
2026-07-30T19:15:00+02:00,0.03276
2026-07-30T19:30:00+02:00,0.1653
2026-07-30T19:45:00+02:00,0.00594
2026-07-30T20:00:00+02:00,0.0
2026-07-30T20:15:00+02:00,0.092666
2026-07-30T20:30:00+02:00,0.111334
2026-07-30T20:45:00+02:00,0.196
2026-07-30T21:00:00+02:00,0.0
2026-07-30T21:15:00+02:00,0.0
2026-07-30T21:30:00+02:00,0.0
2026-07-30T21:45:00+02:00,0.0
2026-07-30T22:00:00+02:00,0.0
2026-07-30T22:15:00+02:00,0.0
2026-07-30T22:30:00+02:00,0.0
2026-07-30T22:45:00+02:00,0.0
2026-07-30T23:00:00+02:00,0.0
2026-07-30T23:15:00+02:00,0.0
2026-07-30T23:30:00+02:00,0.0
2026-07-30T23:45:00+02:00,0.0
2026-07-31T00:00:00+02:00,0.0
2026-07-31T00:15:00+02:00,0.0
2026-07-31T00:30:00+02:00,0.0
2026-07-31T00:45:00+02:00,0.0
2026-07-31T01:00:00+02:00,0.0
2026-07-31T01:15:00+02:00,0.0
2026-07-31T01:30:00+02:00,0.0
2026-07-31T01:45:00+02:00,0.0
2026-07-31T02:00:00+02:00,0.0
2026-07-31T02:15:00+02:00,0.0
2026-07-31T02:30:00+02:00,0.0
2026-07-31T02:45:00+02:00,0.0
2026-07-31T03:00:00+02:00,0.0
2026-07-31T03:15:00+02:00,0.0
2026-07-31T03:30:00+02:00,0.0
2026-07-31T03:45:00+02:00,0.0
2026-07-31T04:00:00+02:00,0.0
2026-07-31T04:15:00+02:00,0.0
2026-07-31T04:30:00+02:00,0.0
2026-07-31T04:45:00+02:00,0.0
2026-07-31T05:00:00+02:00,0.0
2026-07-31T05:15:00+02:00,0.0
2026-07-31T05:30:00+02:00,0.0
2026-07-31T05:45:00+02:00,0.0
2026-07-31T06:00:00+02:00,0.0
2026-07-31T06:15:00+02:00,0.1092
2026-07-31T06:30:00+02:00,0.1308
2026-07-31T06:45:00+02:00,0.31828
2026-07-31T07:00:00+02:00,0.31254
2026-07-31T07:15:00+02:00,0.00918
2026-07-31T07:30:00+02:00,0.0
2026-07-31T07:45:00+02:00,0.0
2026-07-31T08:00:00+02:00,0.0
2026-07-31T08:15:00+02:00,0.06734
2026-07-31T08:30:00+02:00,0.34424
2026-07-31T08:45:00+02:00,0.40842
2026-07-31T09:00:00+02:00,0.0
2026-07-31T09:15:00+02:00,0.0
2026-07-31T09:30:00+02:00,0.0
2026-07-31T09:45:00+02:00,0.0
2026-07-31T10:00:00+02:00,0.0
2026-07-31T10:15:00+02:00,0.0
2026-07-31T10:30:00+02:00,0.0
2026-07-31T10:45:00+02:00,0.09828
2026-07-31T11:00:00+02:00,0.11772
2026-07-31T11:15:00+02:00,0.0
2026-07-31T11:30:00+02:00,0.0
2026-07-31T11:45:00+02:00,0.0
2026-07-31T12:00:00+02:00,0.0
2026-07-31T12:15:00+02:00,0.212
2026-07-31T12:30:00+02:00,0.0
2026-07-31T12:45:00+02:00,0.0
2026-07-31T13:00:00+02:00,0.0
2026-07-31T13:15:00+02:00,0.0
2026-07-31T13:30:00+02:00,0.0
2026-07-31T13:45:00+02:00,0.0
2026-07-31T14:00:00+02:00,0.0
2026-07-31T14:15:00+02:00,0.0
2026-07-31T14:30:00+02:00,0.0
2026-07-31T14:45:00+02:00,0.0
2026-07-31T15:00:00+02:00,0.0
2026-07-31T15:15:00+02:00,0.0
2026-07-31T15:30:00+02:00,0.0
2026-07-31T15:45:00+02:00,0.0
2026-07-31T16:00:00+02:00,0.0
2026-07-31T16:15:00+02:00,0.0
2026-07-31T16:30:00+02:00,0.0
2026-07-31T16:45:00+02:00,0.0
2026-07-31T17:00:00+02:00,0.0
2026-07-31T17:15:00+02:00,0.0
2026-07-31T17:30:00+02:00,0.0
2026-07-31T17:45:00+02:00,0.0
2026-07-31T18:00:00+02:00,0.0
2026-07-31T18:15:00+02:00,0.0
2026-07-31T18:30:00+02:00,0.0
2026-07-31T18:45:00+02:00,0.0
2026-07-31T19:00:00+02:00,0.0
2026-07-31T19:15:00+02:00,0.0
2026-07-31T19:30:00+02:00,0.0
2026-07-31T19:45:00+02:00,0.0
2026-07-31T20:00:00+02:00,0.0
2026-07-31T20:15:00+02:00,0.0
2026-07-31T20:30:00+02:00,0.0
2026-07-31T20:45:00+02:00,0.232
2026-07-31T21:00:00+02:00,0.0
2026-07-31T21:15:00+02:00,0.0
2026-07-31T21:30:00+02:00,0.0
2026-07-31T21:45:00+02:00,0.0
2026-07-31T22:00:00+02:00,0.0
2026-07-31T22:15:00+02:00,0.0
2026-07-31T22:30:00+02:00,0.0
2026-07-31T22:45:00+02:00,0.0
2026-07-31T23:00:00+02:00,0.0
2026-07-31T23:15:00+02:00,0.0
2026-07-31T23:30:00+02:00,0.0
2026-07-31T23:45:00+02:00,0.0
2026-08-01T00:00:00+02:00,0.0
2026-08-01T00:15:00+02:00,0.0
2026-08-01T00:30:00+02:00,0.0
2026-08-01T00:45:00+02:00,0.0
2026-08-01T01:00:00+02:00,0.0
2026-08-01T01:15:00+02:00,0.0
2026-08-01T01:30:00+02:00,0.0
2026-08-01T01:45:00+02:00,0.0
2026-08-01T02:00:00+02:00,0.0
2026-08-01T02:15:00+02:00,0.0
2026-08-01T02:30:00+02:00,0.0
2026-08-01T02:45:00+02:00,0.0
2026-08-01T03:00:00+02:00,0.0
2026-08-01T03:15:00+02:00,0.0
2026-08-01T03:30:00+02:00,0.0
2026-08-01T03:45:00+02:00,0.0
2026-08-01T04:00:00+02:00,0.0
2026-08-01T04:15:00+02:00,0.0
2026-08-01T04:30:00+02:00,0.0
2026-08-01T04:45:00+02:00,0.0
2026-08-01T05:00:00+02:00,0.0
2026-08-01T05:15:00+02:00,0.0
2026-08-01T05:30:00+02:00,0.0
2026-08-01T05:45:00+02:00,0.0
2026-08-01T06:00:00+02:00,0.0
2026-08-01T06:15:00+02:00,0.0
2026-08-01T06:30:00+02:00,0.0
2026-08-01T06:45:00+02:00,0.0
2026-08-01T07:00:00+02:00,0.0
2026-08-01T07:15:00+02:00,0.0
2026-08-01T07:30:00+02:00,0.0
2026-08-01T07:45:00+02:00,0.0
2026-08-01T08:00:00+02:00,0.0
2026-08-01T08:15:00+02:00,0.0
2026-08-01T08:30:00+02:00,0.0
2026-08-01T08:45:00+02:00,0.0
2026-08-01T09:00:00+02:00,0.0
2026-08-01T09:15:00+02:00,0.0
2026-08-01T09:30:00+02:00,0.0
2026-08-01T09:45:00+02:00,0.0
2026-08-01T10:00:00+02:00,0.0
2026-08-01T10:15:00+02:00,0.0
2026-08-01T10:30:00+02:00,0.0
2026-08-01T10:45:00+02:00,0.0
2026-08-01T11:00:00+02:00,0.0
2026-08-01T11:15:00+02:00,0.0
2026-08-01T11:30:00+02:00,0.0
2026-08-01T11:45:00+02:00,0.0
2026-08-01T12:00:00+02:00,0.0
2026-08-01T12:15:00+02:00,0.0
2026-08-01T12:30:00+02:00,0.0
2026-08-01T12:45:00+02:00,0.0
2026-08-01T13:00:00+02:00,0.0
2026-08-01T13:15:00+02:00,0.0
2026-08-01T13:30:00+02:00,0.0
2026-08-01T13:45:00+02:00,0.0
2026-08-01T14:00:00+02:00,0.0
2026-08-01T14:15:00+02:00,0.0
2026-08-01T14:30:00+02:00,0.0
2026-08-01T14:45:00+02:00,0.0
2026-08-01T15:00:00+02:00,0.0
2026-08-01T15:15:00+02:00,0.0
2026-08-01T15:30:00+02:00,0.0
2026-08-01T15:45:00+02:00,0.0
2026-08-01T16:00:00+02:00,0.0
2026-08-01T16:15:00+02:00,0.0
2026-08-01T16:30:00+02:00,0.0
2026-08-01T16:45:00+02:00,0.0
2026-08-01T17:00:00+02:00,0.0
2026-08-01T17:15:00+02:00,0.0
2026-08-01T17:30:00+02:00,0.0
2026-08-01T17:45:00+02:00,0.0
2026-08-01T18:00:00+02:00,0.0
2026-08-01T18:15:00+02:00,0.0
2026-08-01T18:30:00+02:00,0.0
2026-08-01T18:45:00+02:00,0.0
2026-08-01T19:00:00+02:00,0.0
2026-08-01T19:15:00+02:00,0.0
2026-08-01T19:30:00+02:00,0.0
2026-08-01T19:45:00+02:00,0.0
2026-08-01T20:00:00+02:00,0.0
2026-08-01T20:15:00+02:00,0.0
2026-08-01T20:30:00+02:00,0.0
2026-08-01T20:45:00+02:00,0.0
2026-08-01T21:00:00+02:00,0.0
2026-08-01T21:15:00+02:00,0.0
2026-08-01T21:30:00+02:00,0.0
2026-08-01T21:45:00+02:00,0.0
2026-08-01T22:00:00+02:00,0.0
2026-08-01T22:15:00+02:00,0.0
2026-08-01T22:30:00+02:00,0.0
2026-08-01T22:45:00+02:00,0.0
2026-08-01T23:00:00+02:00,0.0
2026-08-01T23:15:00+02:00,0.0
2026-08-01T23:30:00+02:00,0.0
2026-08-01T23:45:00+02:00,0.0
2026-08-02T00:00:00+02:00,0.0
2026-08-02T00:15:00+02:00,0.0
2026-08-02T00:30:00+02:00,0.0
2026-08-02T00:45:00+02:00,0.0
2026-08-02T01:00:00+02:00,0.0
2026-08-02T01:15:00+02:00,0.0
2026-08-02T01:30:00+02:00,0.0
2026-08-02T01:45:00+02:00,0.0
2026-08-02T02:00:00+02:00,0.0
2026-08-02T02:15:00+02:00,0.0
2026-08-02T02:30:00+02:00,0.0
2026-08-02T02:45:00+02:00,0.0
2026-08-02T03:00:00+02:00,0.0
2026-08-02T03:15:00+02:00,0.0
2026-08-02T03:30:00+02:00,0.0
2026-08-02T03:45:00+02:00,0.0
2026-08-02T04:00:00+02:00,0.0
2026-08-02T04:15:00+02:00,0.0
2026-08-02T04:30:00+02:00,0.0
2026-08-02T04:45:00+02:00,0.0
2026-08-02T05:00:00+02:00,0.0
2026-08-02T05:15:00+02:00,0.0
2026-08-02T05:30:00+02:00,0.0
2026-08-02T05:45:00+02:00,0.0
2026-08-02T06:00:00+02:00,0.0
2026-08-02T06:15:00+02:00,0.0
2026-08-02T06:30:00+02:00,0.0
2026-08-02T06:45:00+02:00,0.0
2026-08-02T07:00:00+02:00,0.0
2026-08-02T07:15:00+02:00,0.0
2026-08-02T07:30:00+02:00,0.0
2026-08-02T07:45:00+02:00,0.0
2026-08-02T08:00:00+02:00,0.0
2026-08-02T08:15:00+02:00,0.0
2026-08-02T08:30:00+02:00,0.0
2026-08-02T08:45:00+02:00,0.0
2026-08-02T09:00:00+02:00,0.0
2026-08-02T09:15:00+02:00,0.0
2026-08-02T09:30:00+02:00,0.0
2026-08-02T09:45:00+02:00,0.0
2026-08-02T10:00:00+02:00,0.0
2026-08-02T10:15:00+02:00,0.0
2026-08-02T10:30:00+02:00,0.0
2026-08-02T10:45:00+02:00,0.0
2026-08-02T11:00:00+02:00,0.0
2026-08-02T11:15:00+02:00,0.0
2026-08-02T11:30:00+02:00,0.0
2026-08-02T11:45:00+02:00,0.0
2026-08-02T12:00:00+02:00,0.0
2026-08-02T12:15:00+02:00,0.0
2026-08-02T12:30:00+02:00,0.0
2026-08-02T12:45:00+02:00,0.0
2026-08-02T13:00:00+02:00,0.0
2026-08-02T13:15:00+02:00,0.0
2026-08-02T13:30:00+02:00,0.0
2026-08-02T13:45:00+02:00,0.0
2026-08-02T14:00:00+02:00,0.0
2026-08-02T14:15:00+02:00,0.0
2026-08-02T14:30:00+02:00,0.0
2026-08-02T14:45:00+02:00,0.0
2026-08-02T15:00:00+02:00,0.0
2026-08-02T15:15:00+02:00,0.0
2026-08-02T15:30:00+02:00,0.0
2026-08-02T15:45:00+02:00,0.0
2026-08-02T16:00:00+02:00,0.0
2026-08-02T16:15:00+02:00,0.0
2026-08-02T16:30:00+02:00,0.0
2026-08-02T16:45:00+02:00,0.0
2026-08-02T17:00:00+02:00,0.0
2026-08-02T17:15:00+02:00,0.0
2026-08-02T17:30:00+02:00,0.0
2026-08-02T17:45:00+02:00,0.0
2026-08-02T18:00:00+02:00,0.0
2026-08-02T18:15:00+02:00,0.0
2026-08-02T18:30:00+02:00,0.0
2026-08-02T18:45:00+02:00,0.0
2026-08-02T19:00:00+02:00,0.0
2026-08-02T19:15:00+02:00,0.0
2026-08-02T19:30:00+02:00,0.0
2026-08-02T19:45:00+02:00,0.0
2026-08-02T20:00:00+02:00,0.0
2026-08-02T20:15:00+02:00,0.0
2026-08-02T20:30:00+02:00,0.0
2026-08-02T20:45:00+02:00,0.0
2026-08-02T21:00:00+02:00,0.0
2026-08-02T21:15:00+02:00,0.0
2026-08-02T21:30:00+02:00,0.0
2026-08-02T21:45:00+02:00,0.0
2026-08-02T22:00:00+02:00,0.0
2026-08-02T22:15:00+02:00,0.0
2026-08-02T22:30:00+02:00,0.0
2026-08-02T22:45:00+02:00,0.0
2026-08-02T23:00:00+02:00,0.0
2026-08-02T23:15:00+02:00,0.0
2026-08-02T23:30:00+02:00,0.0
2026-08-02T23:45:00+02:00,0.0
2026-08-03T00:00:00+02:00,0.0
2026-08-03T00:15:00+02:00,0.0
2026-08-03T00:30:00+02:00,0.0
2026-08-03T00:45:00+02:00,0.0
2026-08-03T01:00:00+02:00,0.0
2026-08-03T01:15:00+02:00,0.0
2026-08-03T01:30:00+02:00,0.0
2026-08-03T01:45:00+02:00,0.0
2026-08-03T02:00:00+02:00,0.0
2026-08-03T02:15:00+02:00,0.0
2026-08-03T02:30:00+02:00,0.0
2026-08-03T02:45:00+02:00,0.0
2026-08-03T03:00:00+02:00,0.0
2026-08-03T03:15:00+02:00,0.0
2026-08-03T03:30:00+02:00,0.0
2026-08-03T03:45:00+02:00,0.0
2026-08-03T04:00:00+02:00,0.0
2026-08-03T04:15:00+02:00,0.0
2026-08-03T04:30:00+02:00,0.0
2026-08-03T04:45:00+02:00,0.0
2026-08-03T05:00:00+02:00,0.0
2026-08-03T05:15:00+02:00,0.0
2026-08-03T05:30:00+02:00,0.0
2026-08-03T05:45:00+02:00,0.0
2026-08-03T06:00:00+02:00,0.0
2026-08-03T06:15:00+02:00,0.0
2026-08-03T06:30:00+02:00,0.0
2026-08-03T06:45:00+02:00,0.0
2026-08-03T07:00:00+02:00,0.0
2026-08-03T07:15:00+02:00,0.46
2026-08-03T07:30:00+02:00,0.0
2026-08-03T07:45:00+02:00,0.0
2026-08-03T08:00:00+02:00,0.0
2026-08-03T08:15:00+02:00,0.0
2026-08-03T08:30:00+02:00,0.0
2026-08-03T08:45:00+02:00,0.0
2026-08-03T09:00:00+02:00,0.0
2026-08-03T09:15:00+02:00,0.19838
2026-08-03T09:30:00+02:00,0.43244
2026-08-03T09:45:00+02:00,0.00918
2026-08-03T10:00:00+02:00,0.0
2026-08-03T10:15:00+02:00,0.204
2026-08-03T10:30:00+02:00,0.0
2026-08-03T10:45:00+02:00,0.092666
2026-08-03T11:00:00+02:00,0.111334
2026-08-03T11:15:00+02:00,0.0
2026-08-03T11:30:00+02:00,0.194805
2026-08-03T11:45:00+02:00,0.009195
2026-08-03T12:00:00+02:00,0.19482
2026-08-03T12:15:00+02:00,0.321447
2026-08-03T12:30:00+02:00,0.115733
2026-08-03T12:45:00+02:00,0.15312
2026-08-03T13:00:00+02:00,0.03488
2026-08-03T13:15:00+02:00,0.09464
2026-08-03T13:30:00+02:00,0.28908
2026-08-03T13:45:00+02:00,0.02828
2026-08-03T14:00:00+02:00,0.0
2026-08-03T14:15:00+02:00,0.0
2026-08-03T14:30:00+02:00,0.19482
2026-08-03T14:45:00+02:00,0.00918
2026-08-03T15:00:00+02:00,0.0
2026-08-03T15:15:00+02:00,0.2
2026-08-03T15:30:00+02:00,0.0
2026-08-03T15:45:00+02:00,0.0
2026-08-03T16:00:00+02:00,0.0
2026-08-03T16:15:00+02:00,0.0
2026-08-03T16:30:00+02:00,0.0
2026-08-03T16:45:00+02:00,0.08918
2026-08-03T17:00:00+02:00,0.10682
2026-08-03T17:15:00+02:00,0.0
2026-08-03T17:30:00+02:00,0.0
2026-08-03T17:45:00+02:00,0.089002
2026-08-03T18:00:00+02:00,0.286538
2026-08-03T18:15:00+02:00,0.00846
2026-08-03T18:30:00+02:00,0.0
2026-08-03T18:45:00+02:00,0.0
2026-08-03T19:00:00+02:00,0.0
2026-08-03T19:15:00+02:00,0.1484
2026-08-03T19:30:00+02:00,0.0436
2026-08-03T19:45:00+02:00,0.08554
2026-08-03T20:00:00+02:00,0.10246
2026-08-03T20:15:00+02:00,0.0
2026-08-03T20:30:00+02:00,0.0
2026-08-03T20:45:00+02:00,0.0
2026-08-03T21:00:00+02:00,0.19482
2026-08-03T21:15:00+02:00,0.09654
2026-08-03T21:30:00+02:00,0.10464
2026-08-03T21:45:00+02:00,0.0
2026-08-03T22:00:00+02:00,0.0
2026-08-03T22:15:00+02:00,0.0
2026-08-03T22:30:00+02:00,0.0
2026-08-03T22:45:00+02:00,0.0
2026-08-03T23:00:00+02:00,0.0
2026-08-03T23:15:00+02:00,0.0
2026-08-03T23:30:00+02:00,0.0
2026-08-03T23:45:00+02:00,0.0
2026-08-04T00:00:00+02:00,0.0
2026-08-04T00:15:00+02:00,0.0
2026-08-04T00:30:00+02:00,0.0
2026-08-04T00:45:00+02:00,0.0
2026-08-04T01:00:00+02:00,0.0
2026-08-04T01:15:00+02:00,0.0
2026-08-04T01:30:00+02:00,0.0
2026-08-04T01:45:00+02:00,0.0
2026-08-04T02:00:00+02:00,0.0
2026-08-04T02:15:00+02:00,0.0
2026-08-04T02:30:00+02:00,0.0
2026-08-04T02:45:00+02:00,0.0
2026-08-04T03:00:00+02:00,0.0
2026-08-04T03:15:00+02:00,0.0
2026-08-04T03:30:00+02:00,0.0
2026-08-04T03:45:00+02:00,0.0
2026-08-04T04:00:00+02:00,0.0
2026-08-04T04:15:00+02:00,0.0
2026-08-04T04:30:00+02:00,0.0
2026-08-04T04:45:00+02:00,0.0
2026-08-04T05:00:00+02:00,0.0
2026-08-04T05:15:00+02:00,0.0
2026-08-04T05:30:00+02:00,0.0
2026-08-04T05:45:00+02:00,0.0
2026-08-04T06:00:00+02:00,0.0
2026-08-04T06:15:00+02:00,0.0
2026-08-04T06:30:00+02:00,0.0
2026-08-04T06:45:00+02:00,0.232
2026-08-04T07:00:00+02:00,0.0
2026-08-04T07:15:00+02:00,0.0
2026-08-04T07:30:00+02:00,0.0
2026-08-04T07:45:00+02:00,0.0
2026-08-04T08:00:00+02:00,0.0
2026-08-04T08:15:00+02:00,0.0
2026-08-04T08:30:00+02:00,0.0
2026-08-04T08:45:00+02:00,0.0
2026-08-04T09:00:00+02:00,0.0
2026-08-04T09:15:00+02:00,0.0
2026-08-04T09:30:00+02:00,0.0
2026-08-04T09:45:00+02:00,0.0
2026-08-04T10:00:00+02:00,0.0
2026-08-04T10:15:00+02:00,0.0
2026-08-04T10:30:00+02:00,0.0
2026-08-04T10:45:00+02:00,0.0
2026-08-04T11:00:00+02:00,0.21774
2026-08-04T11:15:00+02:00,0.22626
2026-08-04T11:30:00+02:00,0.0
2026-08-04T11:45:00+02:00,0.26
2026-08-04T12:00:00+02:00,0.0
2026-08-04T12:15:00+02:00,0.204
2026-08-04T12:30:00+02:00,0.0
2026-08-04T12:45:00+02:00,0.0
2026-08-04T13:00:00+02:00,0.0
2026-08-04T13:15:00+02:00,0.0
2026-08-04T13:30:00+02:00,0.0
2026-08-04T13:45:00+02:00,0.0
2026-08-04T14:00:00+02:00,0.0
2026-08-04T14:15:00+02:00,0.0
2026-08-04T14:30:00+02:00,0.0
2026-08-04T14:45:00+02:00,0.244
2026-08-04T15:00:00+02:00,0.0
2026-08-04T15:15:00+02:00,0.0
2026-08-04T15:30:00+02:00,0.40492
2026-08-04T15:45:00+02:00,0.849747
2026-08-04T16:00:00+02:00,0.620679
2026-08-04T16:15:00+02:00,0.502014
2026-08-04T16:30:00+02:00,0.36848
2026-08-04T16:45:00+02:00,0.315529
2026-08-04T17:00:00+02:00,0.133191
2026-08-04T17:15:00+02:00,0.15744
2026-08-04T17:30:00+02:00,0.0
2026-08-04T17:45:00+02:00,0.0
2026-08-04T18:00:00+02:00,0.3629
2026-08-04T18:15:00+02:00,0.13428
2026-08-04T18:30:00+02:00,0.10682
2026-08-04T18:45:00+02:00,0.0
2026-08-04T19:00:00+02:00,0.0
2026-08-04T19:15:00+02:00,0.08736
2026-08-04T19:30:00+02:00,0.50192
2026-08-04T19:45:00+02:00,0.20618
2026-08-04T20:00:00+02:00,0.23218
2026-08-04T20:15:00+02:00,0.2911
2026-08-04T20:30:00+02:00,0.99344
2026-08-04T20:45:00+02:00,1.3842
2026-08-04T21:00:00+02:00,2.30502
2026-08-04T21:15:00+02:00,0.0666
2026-08-04T21:30:00+02:00,0.0
2026-08-04T21:45:00+02:00,0.0
2026-08-04T22:00:00+02:00,0.0
2026-08-04T22:15:00+02:00,0.0
2026-08-04T22:30:00+02:00,0.0
2026-08-04T22:45:00+02:00,0.0
2026-08-04T23:00:00+02:00,0.0
2026-08-04T23:15:00+02:00,0.0
2026-08-04T23:30:00+02:00,0.0
2026-08-04T23:45:00+02:00,0.0
2026-08-05T00:00:00+02:00,0.0
2026-08-05T00:15:00+02:00,0.0
2026-08-05T00:30:00+02:00,0.0
2026-08-05T00:45:00+02:00,0.0
2026-08-05T01:00:00+02:00,0.0
2026-08-05T01:15:00+02:00,0.0
2026-08-05T01:30:00+02:00,0.0
2026-08-05T01:45:00+02:00,0.0
2026-08-05T02:00:00+02:00,0.0
2026-08-05T02:15:00+02:00,0.0
2026-08-05T02:30:00+02:00,0.0
2026-08-05T02:45:00+02:00,0.0
2026-08-05T03:00:00+02:00,0.0
2026-08-05T03:15:00+02:00,0.0
2026-08-05T03:30:00+02:00,0.0
2026-08-05T03:45:00+02:00,0.0
2026-08-05T04:00:00+02:00,0.0
2026-08-05T04:15:00+02:00,0.0
2026-08-05T04:30:00+02:00,0.0
2026-08-05T04:45:00+02:00,0.0
2026-08-05T05:00:00+02:00,0.0
2026-08-05T05:15:00+02:00,0.0
2026-08-05T05:30:00+02:00,0.0
2026-08-05T05:45:00+02:00,0.0
2026-08-05T06:00:00+02:00,0.0
2026-08-05T06:15:00+02:00,0.0
2026-08-05T06:30:00+02:00,0.344614
2026-08-05T06:45:00+02:00,0.341666
2026-08-05T07:00:00+02:00,0.310354
2026-08-05T07:15:00+02:00,0.111366
2026-08-05T07:30:00+02:00,0.0
2026-08-05T07:45:00+02:00,0.419501
2026-08-05T08:00:00+02:00,0.161639
2026-08-05T08:15:00+02:00,0.9069
2026-08-05T08:30:00+02:00,0.08
2026-08-05T08:45:00+02:00,0.4949
2026-08-05T09:00:00+02:00,0.20906
2026-08-05T09:15:00+02:00,0.37054
2026-08-05T09:30:00+02:00,0.11736
2026-08-05T09:45:00+02:00,0.1201
2026-08-05T10:00:00+02:00,0.29318
2026-08-05T10:15:00+02:00,0.69128
2026-08-05T10:30:00+02:00,0.25084
2026-08-05T10:45:00+02:00,0.978484
2026-08-05T11:00:00+02:00,2.128476
2026-08-05T11:15:00+02:00,1.00672
2026-08-05T11:30:00+02:00,0.1322
2026-08-05T11:45:00+02:00,0.10682
2026-08-05T12:00:00+02:00,0.2
2026-08-05T12:15:00+02:00,0.39728
2026-08-05T12:30:00+02:00,0.01872
2026-08-05T12:45:00+02:00,0.0
2026-08-05T13:00:00+02:00,0.0
2026-08-05T13:15:00+02:00,0.0
2026-08-05T13:30:00+02:00,0.0
2026-08-05T13:45:00+02:00,0.0
2026-08-05T14:00:00+02:00,0.0
2026-08-05T14:15:00+02:00,0.0
2026-08-05T14:30:00+02:00,0.10175
2026-08-05T14:45:00+02:00,0.12225
2026-08-05T15:00:00+02:00,0.0
2026-08-05T15:15:00+02:00,0.0
2026-08-05T15:30:00+02:00,0.05994
2026-08-05T15:45:00+02:00,0.14464
2026-08-05T16:00:00+02:00,0.00342
2026-08-05T16:15:00+02:00,0.194496
2026-08-05T16:30:00+02:00,0.009504
2026-08-05T16:45:00+02:00,0.0
2026-08-05T17:00:00+02:00,0.0
2026-08-05T17:15:00+02:00,0.21774
2026-08-05T17:30:00+02:00,0.07826
2026-08-05T17:45:00+02:00,0.0
2026-08-05T18:00:00+02:00,0.0
2026-08-05T18:15:00+02:00,0.0
2026-08-05T18:30:00+02:00,0.0
2026-08-05T18:45:00+02:00,0.0
2026-08-05T19:00:00+02:00,0.0
2026-08-05T19:15:00+02:00,0.12224
2026-08-05T19:30:00+02:00,0.178792
2026-08-05T19:45:00+02:00,0.106968
2026-08-05T20:00:00+02:00,0.0
2026-08-05T20:15:00+02:00,0.0
2026-08-05T20:30:00+02:00,0.216
2026-08-05T20:45:00+02:00,0.19482
2026-08-05T21:00:00+02:00,0.66566
2026-08-05T21:15:00+02:00,0.13952
2026-08-05T21:30:00+02:00,0.212
2026-08-05T21:45:00+02:00,0.0
2026-08-05T22:00:00+02:00,0.0
2026-08-05T22:15:00+02:00,0.0
2026-08-05T22:30:00+02:00,0.0
2026-08-05T22:45:00+02:00,0.0
2026-08-05T23:00:00+02:00,0.0
2026-08-05T23:15:00+02:00,0.0
2026-08-05T23:30:00+02:00,0.0
2026-08-05T23:45:00+02:00,0.0
2026-08-06T00:00:00+02:00,0.0
2026-08-06T00:15:00+02:00,0.0
2026-08-06T00:30:00+02:00,0.0
2026-08-06T00:45:00+02:00,0.0
2026-08-06T01:00:00+02:00,0.0
2026-08-06T01:15:00+02:00,0.0
2026-08-06T01:30:00+02:00,0.0
2026-08-06T01:45:00+02:00,0.0
2026-08-06T02:00:00+02:00,0.0
2026-08-06T02:15:00+02:00,0.0
2026-08-06T02:30:00+02:00,0.0
2026-08-06T02:45:00+02:00,0.0
2026-08-06T03:00:00+02:00,0.0
2026-08-06T03:15:00+02:00,0.0
2026-08-06T03:30:00+02:00,0.0
2026-08-06T03:45:00+02:00,0.0
2026-08-06T04:00:00+02:00,0.0
2026-08-06T04:15:00+02:00,0.0
2026-08-06T04:30:00+02:00,0.0
2026-08-06T04:45:00+02:00,0.0
2026-08-06T05:00:00+02:00,0.0
2026-08-06T05:15:00+02:00,0.0
2026-08-06T05:30:00+02:00,0.0
2026-08-06T05:45:00+02:00,0.0
2026-08-06T06:00:00+02:00,0.10374
2026-08-06T06:15:00+02:00,0.12426
2026-08-06T06:30:00+02:00,0.0
2026-08-06T06:45:00+02:00,0.0
2026-08-06T07:00:00+02:00,0.224
2026-08-06T07:15:00+02:00,0.42402
2026-08-06T07:30:00+02:00,0.01998
2026-08-06T07:45:00+02:00,0.19864
2026-08-06T08:00:00+02:00,0.00936
2026-08-06T08:15:00+02:00,0.0
2026-08-06T08:30:00+02:00,0.17784
2026-08-06T08:45:00+02:00,0.02616
2026-08-06T09:00:00+02:00,0.196
2026-08-06T09:15:00+02:00,0.0
2026-08-06T09:30:00+02:00,0.089032
2026-08-06T09:45:00+02:00,0.106968
2026-08-06T10:00:00+02:00,0.0
2026-08-06T10:15:00+02:00,0.0
2026-08-06T10:30:00+02:00,0.0
2026-08-06T10:45:00+02:00,0.0
2026-08-06T11:00:00+02:00,0.09282
2026-08-06T11:15:00+02:00,0.30218
2026-08-06T11:30:00+02:00,0.009
2026-08-06T11:45:00+02:00,0.0
2026-08-06T12:00:00+02:00,0.0
2026-08-06T12:15:00+02:00,0.0
2026-08-06T12:30:00+02:00,0.0
2026-08-06T12:45:00+02:00,0.0
2026-08-06T13:00:00+02:00,0.0
2026-08-06T13:15:00+02:00,0.198624
2026-08-06T13:30:00+02:00,0.009376
2026-08-06T13:45:00+02:00,0.0
2026-08-06T14:00:00+02:00,0.0
2026-08-06T14:15:00+02:00,0.0
2026-08-06T14:30:00+02:00,0.19292
2026-08-06T14:45:00+02:00,0.23108
2026-08-06T15:00:00+02:00,0.091
2026-08-06T15:15:00+02:00,0.109
2026-08-06T15:30:00+02:00,0.094483
2026-08-06T15:45:00+02:00,0.113517
2026-08-06T16:00:00+02:00,0.0
2026-08-06T16:15:00+02:00,0.0
2026-08-06T16:30:00+02:00,0.0
2026-08-06T16:45:00+02:00,0.0
2026-08-06T17:00:00+02:00,0.0
2026-08-06T17:15:00+02:00,0.0
2026-08-06T17:30:00+02:00,0.0
2026-08-06T17:45:00+02:00,0.0
2026-08-06T18:00:00+02:00,0.0
2026-08-06T18:15:00+02:00,0.0
2026-08-06T18:30:00+02:00,0.0
2026-08-06T18:45:00+02:00,0.0
2026-08-06T19:00:00+02:00,0.0
2026-08-06T19:15:00+02:00,0.0
2026-08-06T19:30:00+02:00,0.0
2026-08-06T19:45:00+02:00,0.0
2026-08-06T20:00:00+02:00,0.0
2026-08-06T20:15:00+02:00,0.0
2026-08-06T20:30:00+02:00,0.0
2026-08-06T20:45:00+02:00,0.0
2026-08-06T21:00:00+02:00,0.0
2026-08-06T21:15:00+02:00,0.0
2026-08-06T21:30:00+02:00,0.0
2026-08-06T21:45:00+02:00,0.0
2026-08-06T22:00:00+02:00,0.0
2026-08-06T22:15:00+02:00,0.0
2026-08-06T22:30:00+02:00,0.0
2026-08-06T22:45:00+02:00,0.0
2026-08-06T23:00:00+02:00,0.0
2026-08-06T23:15:00+02:00,0.0
2026-08-06T23:30:00+02:00,0.0
2026-08-06T23:45:00+02:00,0.0
2026-08-07T00:00:00+02:00,0.0
2026-08-07T00:15:00+02:00,0.0
2026-08-07T00:30:00+02:00,0.0
2026-08-07T00:45:00+02:00,0.0
2026-08-07T01:00:00+02:00,0.0
2026-08-07T01:15:00+02:00,0.0
2026-08-07T01:30:00+02:00,0.0
2026-08-07T01:45:00+02:00,0.0
2026-08-07T02:00:00+02:00,0.0
2026-08-07T02:15:00+02:00,0.0
2026-08-07T02:30:00+02:00,0.0
2026-08-07T02:45:00+02:00,0.0
2026-08-07T03:00:00+02:00,0.0
2026-08-07T03:15:00+02:00,0.0
2026-08-07T03:30:00+02:00,0.0
2026-08-07T03:45:00+02:00,0.0
2026-08-07T04:00:00+02:00,0.0
2026-08-07T04:15:00+02:00,0.0
2026-08-07T04:30:00+02:00,0.0
2026-08-07T04:45:00+02:00,0.0
2026-08-07T05:00:00+02:00,0.0
2026-08-07T05:15:00+02:00,0.0
2026-08-07T05:30:00+02:00,0.0
2026-08-07T05:45:00+02:00,0.0
2026-08-07T06:00:00+02:00,0.0
2026-08-07T06:15:00+02:00,0.0
2026-08-07T06:30:00+02:00,0.0
2026-08-07T06:45:00+02:00,0.0
2026-08-07T07:00:00+02:00,0.0
2026-08-07T07:15:00+02:00,0.0
2026-08-07T07:30:00+02:00,0.0
2026-08-07T07:45:00+02:00,0.0
2026-08-07T08:00:00+02:00,0.0
2026-08-07T08:15:00+02:00,0.0
2026-08-07T08:30:00+02:00,0.0
2026-08-07T08:45:00+02:00,0.0
2026-08-07T09:00:00+02:00,0.0
2026-08-07T09:15:00+02:00,0.0
2026-08-07T09:30:00+02:00,0.0
2026-08-07T09:45:00+02:00,0.0
2026-08-07T10:00:00+02:00,0.0
2026-08-07T10:15:00+02:00,0.0
2026-08-07T10:30:00+02:00,0.0
2026-08-07T10:45:00+02:00,0.0
2026-08-07T11:00:00+02:00,0.0
2026-08-07T11:15:00+02:00,0.0
2026-08-07T11:30:00+02:00,0.0
2026-08-07T11:45:00+02:00,0.0
2026-08-07T12:00:00+02:00,0.0
2026-08-07T12:15:00+02:00,0.0
2026-08-07T12:30:00+02:00,0.0
2026-08-07T12:45:00+02:00,0.0
2026-08-07T13:00:00+02:00,0.0
2026-08-07T13:15:00+02:00,0.0
2026-08-07T13:30:00+02:00,0.0
2026-08-07T13:45:00+02:00,0.0
2026-08-07T14:00:00+02:00,0.0
2026-08-07T14:15:00+02:00,0.0
2026-08-07T14:30:00+02:00,0.0
2026-08-07T14:45:00+02:00,0.0
2026-08-07T15:00:00+02:00,0.0
2026-08-07T15:15:00+02:00,0.0
2026-08-07T15:30:00+02:00,0.0
2026-08-07T15:45:00+02:00,0.0
2026-08-07T16:00:00+02:00,0.0
2026-08-07T16:15:00+02:00,0.232632
2026-08-07T16:30:00+02:00,0.011368
2026-08-07T16:45:00+02:00,0.0
2026-08-07T17:00:00+02:00,0.0
2026-08-07T17:15:00+02:00,0.0
2026-08-07T17:30:00+02:00,0.232
2026-08-07T17:45:00+02:00,0.0
2026-08-07T18:00:00+02:00,0.0
2026-08-07T18:15:00+02:00,0.0
2026-08-07T18:30:00+02:00,0.0
2026-08-07T18:45:00+02:00,0.0
2026-08-07T19:00:00+02:00,0.0
2026-08-07T19:15:00+02:00,0.0
2026-08-07T19:30:00+02:00,0.0
2026-08-07T19:45:00+02:00,0.0
2026-08-07T20:00:00+02:00,0.0
2026-08-07T20:15:00+02:00,0.0
2026-08-07T20:30:00+02:00,0.0
2026-08-07T20:45:00+02:00,0.0
2026-08-07T21:00:00+02:00,0.0
2026-08-07T21:15:00+02:00,0.0
2026-08-07T21:30:00+02:00,0.0
2026-08-07T21:45:00+02:00,0.0
2026-08-07T22:00:00+02:00,0.0
2026-08-07T22:15:00+02:00,0.0
2026-08-07T22:30:00+02:00,0.0
2026-08-07T22:45:00+02:00,0.0
2026-08-07T23:00:00+02:00,0.0
2026-08-07T23:15:00+02:00,0.0
2026-08-07T23:30:00+02:00,0.0
2026-08-07T23:45:00+02:00,0.0
2026-08-08T00:00:00+02:00,0.0
2026-08-08T00:15:00+02:00,0.0
2026-08-08T00:30:00+02:00,0.0
2026-08-08T00:45:00+02:00,0.0
2026-08-08T01:00:00+02:00,0.0
2026-08-08T01:15:00+02:00,0.0
2026-08-08T01:30:00+02:00,0.0
2026-08-08T01:45:00+02:00,0.0
2026-08-08T02:00:00+02:00,0.0
2026-08-08T02:15:00+02:00,0.0
2026-08-08T02:30:00+02:00,0.0
2026-08-08T02:45:00+02:00,0.0
2026-08-08T03:00:00+02:00,0.0
2026-08-08T03:15:00+02:00,0.0
2026-08-08T03:30:00+02:00,0.0
2026-08-08T03:45:00+02:00,0.0
2026-08-08T04:00:00+02:00,0.0
2026-08-08T04:15:00+02:00,0.0
2026-08-08T04:30:00+02:00,0.0
2026-08-08T04:45:00+02:00,0.0
2026-08-08T05:00:00+02:00,0.0
2026-08-08T05:15:00+02:00,0.0
2026-08-08T05:30:00+02:00,0.0
2026-08-08T05:45:00+02:00,0.0
2026-08-08T06:00:00+02:00,0.0
2026-08-08T06:15:00+02:00,0.0
2026-08-08T06:30:00+02:00,0.0
2026-08-08T06:45:00+02:00,0.0
2026-08-08T07:00:00+02:00,0.0
2026-08-08T07:15:00+02:00,0.0
2026-08-08T07:30:00+02:00,0.0
2026-08-08T07:45:00+02:00,0.0
2026-08-08T08:00:00+02:00,0.0
2026-08-08T08:15:00+02:00,0.0
2026-08-08T08:30:00+02:00,0.0
2026-08-08T08:45:00+02:00,0.0
2026-08-08T09:00:00+02:00,0.0
2026-08-08T09:15:00+02:00,0.0
2026-08-08T09:30:00+02:00,0.0
2026-08-08T09:45:00+02:00,0.0
2026-08-08T10:00:00+02:00,0.0
2026-08-08T10:15:00+02:00,0.0
2026-08-08T10:30:00+02:00,0.0
2026-08-08T10:45:00+02:00,0.0
2026-08-08T11:00:00+02:00,0.0
2026-08-08T11:15:00+02:00,0.0
2026-08-08T11:30:00+02:00,0.0
2026-08-08T11:45:00+02:00,0.0
2026-08-08T12:00:00+02:00,0.0
2026-08-08T12:15:00+02:00,0.0
2026-08-08T12:30:00+02:00,0.0
2026-08-08T12:45:00+02:00,0.0
2026-08-08T13:00:00+02:00,0.0
2026-08-08T13:15:00+02:00,0.0
2026-08-08T13:30:00+02:00,0.0
2026-08-08T13:45:00+02:00,0.0
2026-08-08T14:00:00+02:00,0.0
2026-08-08T14:15:00+02:00,0.0
2026-08-08T14:30:00+02:00,0.0
2026-08-08T14:45:00+02:00,0.0
2026-08-08T15:00:00+02:00,0.0
2026-08-08T15:15:00+02:00,0.0
2026-08-08T15:30:00+02:00,0.0
2026-08-08T15:45:00+02:00,0.0
2026-08-08T16:00:00+02:00,0.0
2026-08-08T16:15:00+02:00,0.0
2026-08-08T16:30:00+02:00,0.0
2026-08-08T16:45:00+02:00,0.0
2026-08-08T17:00:00+02:00,0.0
2026-08-08T17:15:00+02:00,0.0
2026-08-08T17:30:00+02:00,0.0
2026-08-08T17:45:00+02:00,0.0
2026-08-08T18:00:00+02:00,0.0
2026-08-08T18:15:00+02:00,0.0
2026-08-08T18:30:00+02:00,0.0
2026-08-08T18:45:00+02:00,0.0
2026-08-08T19:00:00+02:00,0.0
2026-08-08T19:15:00+02:00,0.0
2026-08-08T19:30:00+02:00,0.0
2026-08-08T19:45:00+02:00,0.0
2026-08-08T20:00:00+02:00,0.0
2026-08-08T20:15:00+02:00,0.0
2026-08-08T20:30:00+02:00,0.0
2026-08-08T20:45:00+02:00,0.0
2026-08-08T21:00:00+02:00,0.0
2026-08-08T21:15:00+02:00,0.0
2026-08-08T21:30:00+02:00,0.0
2026-08-08T21:45:00+02:00,0.0
2026-08-08T22:00:00+02:00,0.0
2026-08-08T22:15:00+02:00,0.0
2026-08-08T22:30:00+02:00,0.0
2026-08-08T22:45:00+02:00,0.0
2026-08-08T23:00:00+02:00,0.0
2026-08-08T23:15:00+02:00,0.0
2026-08-08T23:30:00+02:00,0.0
2026-08-08T23:45:00+02:00,0.0
2026-08-09T00:00:00+02:00,0.0
2026-08-09T00:15:00+02:00,0.0
2026-08-09T00:30:00+02:00,0.0
2026-08-09T00:45:00+02:00,0.0
2026-08-09T01:00:00+02:00,0.0
2026-08-09T01:15:00+02:00,0.0
2026-08-09T01:30:00+02:00,0.0
2026-08-09T01:45:00+02:00,0.0
2026-08-09T02:00:00+02:00,0.0
2026-08-09T02:15:00+02:00,0.0
2026-08-09T02:30:00+02:00,0.0
2026-08-09T02:45:00+02:00,0.0
2026-08-09T03:00:00+02:00,0.0
2026-08-09T03:15:00+02:00,0.0
2026-08-09T03:30:00+02:00,0.0
2026-08-09T03:45:00+02:00,0.0
2026-08-09T04:00:00+02:00,0.0
2026-08-09T04:15:00+02:00,0.0
2026-08-09T04:30:00+02:00,0.0
2026-08-09T04:45:00+02:00,0.0
2026-08-09T05:00:00+02:00,0.0
2026-08-09T05:15:00+02:00,0.0
2026-08-09T05:30:00+02:00,0.0
2026-08-09T05:45:00+02:00,0.0
2026-08-09T06:00:00+02:00,0.0
2026-08-09T06:15:00+02:00,0.0
2026-08-09T06:30:00+02:00,0.0
2026-08-09T06:45:00+02:00,0.0
2026-08-09T07:00:00+02:00,0.0
2026-08-09T07:15:00+02:00,0.0
2026-08-09T07:30:00+02:00,0.0
2026-08-09T07:45:00+02:00,0.0
2026-08-09T08:00:00+02:00,0.0
2026-08-09T08:15:00+02:00,0.0
2026-08-09T08:30:00+02:00,0.0
2026-08-09T08:45:00+02:00,0.0
2026-08-09T09:00:00+02:00,0.0
2026-08-09T09:15:00+02:00,0.0
2026-08-09T09:30:00+02:00,0.0
2026-08-09T09:45:00+02:00,0.0
2026-08-09T10:00:00+02:00,0.0
2026-08-09T10:15:00+02:00,0.0
2026-08-09T10:30:00+02:00,0.0
2026-08-09T10:45:00+02:00,0.0
2026-08-09T11:00:00+02:00,0.0
2026-08-09T11:15:00+02:00,0.0
2026-08-09T11:30:00+02:00,0.0
2026-08-09T11:45:00+02:00,0.0
2026-08-09T12:00:00+02:00,0.0
2026-08-09T12:15:00+02:00,0.0
2026-08-09T12:30:00+02:00,0.0
2026-08-09T12:45:00+02:00,0.0
2026-08-09T13:00:00+02:00,0.0
2026-08-09T13:15:00+02:00,0.0
2026-08-09T13:30:00+02:00,0.0
2026-08-09T13:45:00+02:00,0.0
2026-08-09T14:00:00+02:00,0.0
2026-08-09T14:15:00+02:00,0.0
2026-08-09T14:30:00+02:00,0.0
2026-08-09T14:45:00+02:00,0.0
2026-08-09T15:00:00+02:00,0.0
2026-08-09T15:15:00+02:00,0.0
2026-08-09T15:30:00+02:00,0.0
2026-08-09T15:45:00+02:00,0.0
2026-08-09T16:00:00+02:00,0.0
2026-08-09T16:15:00+02:00,0.0
2026-08-09T16:30:00+02:00,0.0
2026-08-09T16:45:00+02:00,0.0
2026-08-09T17:00:00+02:00,0.0
2026-08-09T17:15:00+02:00,0.0
2026-08-09T17:30:00+02:00,0.0
2026-08-09T17:45:00+02:00,0.0
2026-08-09T18:00:00+02:00,0.0
2026-08-09T18:15:00+02:00,0.0
2026-08-09T18:30:00+02:00,0.0
2026-08-09T18:45:00+02:00,0.0
2026-08-09T19:00:00+02:00,0.0
2026-08-09T19:15:00+02:00,0.0
2026-08-09T19:30:00+02:00,0.0
2026-08-09T19:45:00+02:00,0.0
2026-08-09T20:00:00+02:00,0.0
2026-08-09T20:15:00+02:00,0.0
2026-08-09T20:30:00+02:00,0.0
2026-08-09T20:45:00+02:00,0.0
2026-08-09T21:00:00+02:00,0.0
2026-08-09T21:15:00+02:00,0.0
2026-08-09T21:30:00+02:00,0.0
2026-08-09T21:45:00+02:00,0.0
2026-08-09T22:00:00+02:00,0.0
2026-08-09T22:15:00+02:00,0.0
2026-08-09T22:30:00+02:00,0.0
2026-08-09T22:45:00+02:00,0.0
2026-08-09T23:00:00+02:00,0.0
2026-08-09T23:15:00+02:00,0.0
2026-08-09T23:30:00+02:00,0.0
2026-08-09T23:45:00+02:00,0.0
2026-08-10T00:00:00+02:00,0.0
2026-08-10T00:15:00+02:00,0.0
2026-08-10T00:30:00+02:00,0.0
2026-08-10T00:45:00+02:00,0.0
2026-08-10T01:00:00+02:00,0.0
2026-08-10T01:15:00+02:00,0.0
2026-08-10T01:30:00+02:00,0.0
2026-08-10T01:45:00+02:00,0.0
2026-08-10T02:00:00+02:00,0.0
2026-08-10T02:15:00+02:00,0.0
2026-08-10T02:30:00+02:00,0.0
2026-08-10T02:45:00+02:00,0.0
2026-08-10T03:00:00+02:00,0.0
2026-08-10T03:15:00+02:00,0.0
2026-08-10T03:30:00+02:00,0.0
2026-08-10T03:45:00+02:00,0.0
2026-08-10T04:00:00+02:00,0.0
2026-08-10T04:15:00+02:00,0.0
2026-08-10T04:30:00+02:00,0.0
2026-08-10T04:45:00+02:00,0.0
2026-08-10T05:00:00+02:00,0.0
2026-08-10T05:15:00+02:00,0.0
2026-08-10T05:30:00+02:00,0.0
2026-08-10T05:45:00+02:00,0.0
2026-08-10T06:00:00+02:00,0.0
2026-08-10T06:15:00+02:00,0.0
2026-08-10T06:30:00+02:00,0.236
2026-08-10T06:45:00+02:00,0.0
2026-08-10T07:00:00+02:00,0.0
2026-08-10T07:15:00+02:00,0.0
2026-08-10T07:30:00+02:00,0.0
2026-08-10T07:45:00+02:00,0.0
2026-08-10T08:00:00+02:00,0.0
2026-08-10T08:15:00+02:00,0.0
2026-08-10T08:30:00+02:00,0.0
2026-08-10T08:45:00+02:00,0.0
2026-08-10T09:00:00+02:00,0.0
2026-08-10T09:15:00+02:00,0.0
2026-08-10T09:30:00+02:00,0.0
2026-08-10T09:45:00+02:00,0.0
2026-08-10T10:00:00+02:00,0.0
2026-08-10T10:15:00+02:00,0.0
2026-08-10T10:30:00+02:00,0.0
2026-08-10T10:45:00+02:00,0.0
2026-08-10T11:00:00+02:00,0.0
2026-08-10T11:15:00+02:00,0.0
2026-08-10T11:30:00+02:00,0.0
2026-08-10T11:45:00+02:00,0.0
2026-08-10T12:00:00+02:00,0.0
2026-08-10T12:15:00+02:00,0.0
2026-08-10T12:30:00+02:00,0.0
2026-08-10T12:45:00+02:00,0.0
2026-08-10T13:00:00+02:00,0.0
2026-08-10T13:15:00+02:00,0.0
2026-08-10T13:30:00+02:00,0.0
2026-08-10T13:45:00+02:00,0.0
2026-08-10T14:00:00+02:00,0.0
2026-08-10T14:15:00+02:00,0.0
2026-08-10T14:30:00+02:00,0.0
2026-08-10T14:45:00+02:00,0.0
2026-08-10T15:00:00+02:00,0.0
2026-08-10T15:15:00+02:00,0.0
2026-08-10T15:30:00+02:00,0.0
2026-08-10T15:45:00+02:00,0.0
2026-08-10T16:00:00+02:00,0.0
2026-08-10T16:15:00+02:00,0.0
2026-08-10T16:30:00+02:00,0.0
2026-08-10T16:45:00+02:00,0.0
2026-08-10T17:00:00+02:00,0.0
2026-08-10T17:15:00+02:00,0.0
2026-08-10T17:30:00+02:00,0.0
2026-08-10T17:45:00+02:00,0.0
2026-08-10T18:00:00+02:00,0.0
2026-08-10T18:15:00+02:00,0.0
2026-08-10T18:30:00+02:00,0.0
2026-08-10T18:45:00+02:00,0.0
2026-08-10T19:00:00+02:00,0.0
2026-08-10T19:15:00+02:00,0.0
2026-08-10T19:30:00+02:00,0.0
2026-08-10T19:45:00+02:00,0.0
2026-08-10T20:00:00+02:00,0.0
2026-08-10T20:15:00+02:00,0.0
2026-08-10T20:30:00+02:00,0.0
2026-08-10T20:45:00+02:00,0.0
2026-08-10T21:00:00+02:00,0.0
2026-08-10T21:15:00+02:00,0.0
2026-08-10T21:30:00+02:00,0.0
2026-08-10T21:45:00+02:00,0.0
2026-08-10T22:00:00+02:00,0.0
2026-08-10T22:15:00+02:00,0.0
2026-08-10T22:30:00+02:00,0.0
2026-08-10T22:45:00+02:00,0.0
2026-08-10T23:00:00+02:00,0.0
2026-08-10T23:15:00+02:00,0.0
2026-08-10T23:30:00+02:00,0.0
2026-08-10T23:45:00+02:00,0.0
2026-08-11T00:00:00+02:00,0.0
2026-08-11T00:15:00+02:00,0.0
2026-08-11T00:30:00+02:00,0.0
2026-08-11T00:45:00+02:00,0.0
2026-08-11T01:00:00+02:00,0.0
2026-08-11T01:15:00+02:00,0.0
2026-08-11T01:30:00+02:00,0.0
2026-08-11T01:45:00+02:00,0.0
2026-08-11T02:00:00+02:00,0.0
2026-08-11T02:15:00+02:00,0.0
2026-08-11T02:30:00+02:00,0.0
2026-08-11T02:45:00+02:00,0.0
2026-08-11T03:00:00+02:00,0.0
2026-08-11T03:15:00+02:00,0.0
2026-08-11T03:30:00+02:00,0.0
2026-08-11T03:45:00+02:00,0.0
2026-08-11T04:00:00+02:00,0.0
2026-08-11T04:15:00+02:00,0.0
2026-08-11T04:30:00+02:00,0.0
2026-08-11T04:45:00+02:00,0.0
2026-08-11T05:00:00+02:00,0.0
2026-08-11T05:15:00+02:00,0.0
2026-08-11T05:30:00+02:00,0.0
2026-08-11T05:45:00+02:00,0.0
2026-08-11T06:00:00+02:00,0.0
2026-08-11T06:15:00+02:00,0.0
2026-08-11T06:30:00+02:00,0.0
2026-08-11T06:45:00+02:00,0.0
2026-08-11T07:00:00+02:00,0.0
2026-08-11T07:15:00+02:00,0.0
2026-08-11T07:30:00+02:00,0.0
2026-08-11T07:45:00+02:00,0.0
2026-08-11T08:00:00+02:00,0.0
2026-08-11T08:15:00+02:00,0.0
2026-08-11T08:30:00+02:00,0.0
2026-08-11T08:45:00+02:00,0.0
2026-08-11T09:00:00+02:00,0.0
2026-08-11T09:15:00+02:00,0.0
2026-08-11T09:30:00+02:00,0.0
2026-08-11T09:45:00+02:00,0.0
2026-08-11T10:00:00+02:00,0.0
2026-08-11T10:15:00+02:00,0.0
2026-08-11T10:30:00+02:00,0.0
2026-08-11T10:45:00+02:00,0.0
2026-08-11T11:00:00+02:00,0.0
2026-08-11T11:15:00+02:00,0.0
2026-08-11T11:30:00+02:00,0.0
2026-08-11T11:45:00+02:00,0.0
2026-08-11T12:00:00+02:00,0.0
2026-08-11T12:15:00+02:00,0.0
2026-08-11T12:30:00+02:00,0.0
2026-08-11T12:45:00+02:00,0.0
2026-08-11T13:00:00+02:00,0.0
2026-08-11T13:15:00+02:00,0.0
2026-08-11T13:30:00+02:00,0.0
2026-08-11T13:45:00+02:00,0.0
2026-08-11T14:00:00+02:00,0.0
2026-08-11T14:15:00+02:00,0.0
2026-08-11T14:30:00+02:00,0.0
2026-08-11T14:45:00+02:00,0.0
2026-08-11T15:00:00+02:00,0.0
2026-08-11T15:15:00+02:00,0.0
2026-08-11T15:30:00+02:00,0.0
2026-08-11T15:45:00+02:00,0.0
2026-08-11T16:00:00+02:00,0.0
2026-08-11T16:15:00+02:00,0.0
2026-08-11T16:30:00+02:00,0.0
2026-08-11T16:45:00+02:00,0.0
2026-08-11T17:00:00+02:00,0.0
2026-08-11T17:15:00+02:00,0.0
2026-08-11T17:30:00+02:00,0.0
2026-08-11T17:45:00+02:00,0.0
2026-08-11T18:00:00+02:00,0.0
2026-08-11T18:15:00+02:00,0.0
2026-08-11T18:30:00+02:00,0.0
2026-08-11T18:45:00+02:00,0.0
2026-08-11T19:00:00+02:00,0.0
2026-08-11T19:15:00+02:00,0.0
2026-08-11T19:30:00+02:00,0.0
2026-08-11T19:45:00+02:00,0.0
2026-08-11T20:00:00+02:00,0.0
2026-08-11T20:15:00+02:00,0.0
2026-08-11T20:30:00+02:00,0.0
2026-08-11T20:45:00+02:00,0.0
2026-08-11T21:00:00+02:00,0.0
2026-08-11T21:15:00+02:00,0.0
2026-08-11T21:30:00+02:00,0.0
2026-08-11T21:45:00+02:00,0.0
2026-08-11T22:00:00+02:00,0.0
2026-08-11T22:15:00+02:00,0.0
2026-08-11T22:30:00+02:00,0.0
2026-08-11T22:45:00+02:00,0.0
2026-08-11T23:00:00+02:00,0.0
2026-08-11T23:15:00+02:00,0.0
2026-08-11T23:30:00+02:00,0.0
2026-08-11T23:45:00+02:00,0.0
2026-08-12T00:00:00+02:00,0.0
2026-08-12T00:15:00+02:00,0.0
2026-08-12T00:30:00+02:00,0.0
2026-08-12T00:45:00+02:00,0.0
2026-08-12T01:00:00+02:00,0.0
2026-08-12T01:15:00+02:00,0.0
2026-08-12T01:30:00+02:00,0.0
2026-08-12T01:45:00+02:00,0.0
2026-08-12T02:00:00+02:00,0.0
2026-08-12T02:15:00+02:00,0.0
2026-08-12T02:30:00+02:00,0.0
2026-08-12T02:45:00+02:00,0.0
2026-08-12T03:00:00+02:00,0.0
2026-08-12T03:15:00+02:00,0.0
2026-08-12T03:30:00+02:00,0.0
2026-08-12T03:45:00+02:00,0.0
2026-08-12T04:00:00+02:00,0.0
2026-08-12T04:15:00+02:00,0.0
2026-08-12T04:30:00+02:00,0.0
2026-08-12T04:45:00+02:00,0.0
2026-08-12T05:00:00+02:00,0.0
2026-08-12T05:15:00+02:00,0.0
2026-08-12T05:30:00+02:00,0.0
2026-08-12T05:45:00+02:00,0.0
2026-08-12T06:00:00+02:00,0.0
2026-08-12T06:15:00+02:00,0.0
2026-08-12T06:30:00+02:00,0.0
2026-08-12T06:45:00+02:00,0.0
2026-08-12T07:00:00+02:00,0.0
2026-08-12T07:15:00+02:00,0.0
2026-08-12T07:30:00+02:00,0.0
2026-08-12T07:45:00+02:00,0.0
2026-08-12T08:00:00+02:00,0.0
2026-08-12T08:15:00+02:00,0.0
2026-08-12T08:30:00+02:00,0.0
2026-08-12T08:45:00+02:00,0.0
2026-08-12T09:00:00+02:00,0.0
2026-08-12T09:15:00+02:00,0.0
2026-08-12T09:30:00+02:00,0.0
2026-08-12T09:45:00+02:00,0.0
2026-08-12T10:00:00+02:00,0.0
2026-08-12T10:15:00+02:00,0.0
2026-08-12T10:30:00+02:00,0.0
2026-08-12T10:45:00+02:00,0.0
2026-08-12T11:00:00+02:00,0.0
2026-08-12T11:15:00+02:00,0.0
2026-08-12T11:30:00+02:00,0.0
2026-08-12T11:45:00+02:00,0.0
2026-08-12T12:00:00+02:00,0.0
2026-08-12T12:15:00+02:00,0.0
2026-08-12T12:30:00+02:00,0.0
2026-08-12T12:45:00+02:00,0.0
2026-08-12T13:00:00+02:00,0.0
2026-08-12T13:15:00+02:00,0.0
2026-08-12T13:30:00+02:00,0.0
2026-08-12T13:45:00+02:00,0.0
2026-08-12T14:00:00+02:00,0.0
2026-08-12T14:15:00+02:00,0.0
2026-08-12T14:30:00+02:00,0.0
2026-08-12T14:45:00+02:00,0.0
2026-08-12T15:00:00+02:00,0.0
2026-08-12T15:15:00+02:00,0.0
2026-08-12T15:30:00+02:00,0.0
2026-08-12T15:45:00+02:00,0.0
2026-08-12T16:00:00+02:00,0.0
2026-08-12T16:15:00+02:00,0.0
2026-08-12T16:30:00+02:00,0.0
2026-08-12T16:45:00+02:00,0.0
2026-08-12T17:00:00+02:00,0.0
2026-08-12T17:15:00+02:00,0.0
2026-08-12T17:30:00+02:00,0.0
2026-08-12T17:45:00+02:00,0.0
2026-08-12T18:00:00+02:00,0.0
2026-08-12T18:15:00+02:00,0.0
2026-08-12T18:30:00+02:00,0.0
2026-08-12T18:45:00+02:00,0.0
2026-08-12T19:00:00+02:00,0.0
2026-08-12T19:15:00+02:00,0.0
2026-08-12T19:30:00+02:00,0.0
2026-08-12T19:45:00+02:00,0.0
2026-08-12T20:00:00+02:00,0.0
2026-08-12T20:15:00+02:00,0.0
2026-08-12T20:30:00+02:00,0.0
2026-08-12T20:45:00+02:00,0.0
2026-08-12T21:00:00+02:00,0.0
2026-08-12T21:15:00+02:00,0.0
2026-08-12T21:30:00+02:00,0.0
2026-08-12T21:45:00+02:00,0.0
2026-08-12T22:00:00+02:00,0.0
2026-08-12T22:15:00+02:00,0.0
2026-08-12T22:30:00+02:00,0.0
2026-08-12T22:45:00+02:00,0.0
2026-08-12T23:00:00+02:00,0.0
2026-08-12T23:15:00+02:00,0.0
2026-08-12T23:30:00+02:00,0.0
2026-08-12T23:45:00+02:00,0.0
2026-08-13T00:00:00+02:00,0.0
2026-08-13T00:15:00+02:00,0.0
2026-08-13T00:30:00+02:00,0.0
2026-08-13T00:45:00+02:00,0.0
2026-08-13T01:00:00+02:00,0.0
2026-08-13T01:15:00+02:00,0.0
2026-08-13T01:30:00+02:00,0.0
2026-08-13T01:45:00+02:00,0.0
2026-08-13T02:00:00+02:00,0.0
2026-08-13T02:15:00+02:00,0.0
2026-08-13T02:30:00+02:00,0.0
2026-08-13T02:45:00+02:00,0.0
2026-08-13T03:00:00+02:00,0.0
2026-08-13T03:15:00+02:00,0.0
2026-08-13T03:30:00+02:00,0.0
2026-08-13T03:45:00+02:00,0.0
2026-08-13T04:00:00+02:00,0.0
2026-08-13T04:15:00+02:00,0.0
2026-08-13T04:30:00+02:00,0.0
2026-08-13T04:45:00+02:00,0.0
2026-08-13T05:00:00+02:00,0.0
2026-08-13T05:15:00+02:00,0.0
2026-08-13T05:30:00+02:00,0.0
2026-08-13T05:45:00+02:00,0.0
2026-08-13T06:00:00+02:00,0.0
2026-08-13T06:15:00+02:00,0.0
2026-08-13T06:30:00+02:00,0.0
2026-08-13T06:45:00+02:00,0.0
2026-08-13T07:00:00+02:00,0.0
2026-08-13T07:15:00+02:00,0.0
2026-08-13T07:30:00+02:00,0.213903
2026-08-13T07:45:00+02:00,0.239757
2026-08-13T08:00:00+02:00,0.44498
2026-08-13T08:15:00+02:00,0.00936
2026-08-13T08:30:00+02:00,0.0
2026-08-13T08:45:00+02:00,0.0
2026-08-13T09:00:00+02:00,0.202123
2026-08-13T09:15:00+02:00,0.009877
2026-08-13T09:30:00+02:00,0.02674
2026-08-13T09:45:00+02:00,0.18126
2026-08-13T10:00:00+02:00,0.0
2026-08-13T10:15:00+02:00,0.0
2026-08-13T10:30:00+02:00,0.0
2026-08-13T10:45:00+02:00,0.0
2026-08-13T11:00:00+02:00,0.0
2026-08-13T11:15:00+02:00,0.0
2026-08-13T11:30:00+02:00,0.0
2026-08-13T11:45:00+02:00,0.0
2026-08-13T12:00:00+02:00,0.0
2026-08-13T12:15:00+02:00,0.0
2026-08-13T12:30:00+02:00,0.0
2026-08-13T12:45:00+02:00,0.0
2026-08-13T13:00:00+02:00,0.0
2026-08-13T13:15:00+02:00,0.0
2026-08-13T13:30:00+02:00,0.0
2026-08-13T13:45:00+02:00,0.0
2026-08-13T14:00:00+02:00,1.33318
2026-08-13T14:15:00+02:00,0.92802
2026-08-13T14:30:00+02:00,0.78784
2026-08-13T14:45:00+02:00,0.14562
2026-08-13T15:00:00+02:00,0.13734
2026-08-13T15:15:00+02:00,0.22386
2026-08-13T15:30:00+02:00,0.50498
2026-08-13T15:45:00+02:00,0.314727
2026-08-13T16:00:00+02:00,0.311598
2026-08-13T16:15:00+02:00,0.008835
2026-08-13T16:30:00+02:00,0.0
2026-08-13T16:45:00+02:00,0.236
2026-08-13T17:00:00+02:00,0.29414
2026-08-13T17:15:00+02:00,0.419209
2026-08-13T17:30:00+02:00,0.126651
2026-08-13T17:45:00+02:00,0.0
2026-08-13T18:00:00+02:00,0.194496
2026-08-13T18:15:00+02:00,0.100504
2026-08-13T18:30:00+02:00,0.30764
2026-08-13T18:45:00+02:00,0.21736
2026-08-13T19:00:00+02:00,0.0
2026-08-13T19:15:00+02:00,0.482636
2026-08-13T19:30:00+02:00,0.493364
2026-08-13T19:45:00+02:00,0.31026
2026-08-13T20:00:00+02:00,0.09374
2026-08-13T20:15:00+02:00,1.1399
2026-08-13T20:30:00+02:00,0.48036
2026-08-13T20:45:00+02:00,2.1587
2026-08-13T21:00:00+02:00,2.382225
2026-08-13T21:15:00+02:00,0.702815
2026-08-13T21:30:00+02:00,0.96316
2026-08-13T21:45:00+02:00,0.0849
2026-08-13T22:00:00+02:00,0.13688
2026-08-13T22:15:00+02:00,0.00306
2026-08-13T22:30:00+02:00,0.18336
2026-08-13T22:45:00+02:00,0.00864
2026-08-13T23:00:00+02:00,0.0
2026-08-13T23:15:00+02:00,0.0
2026-08-13T23:30:00+02:00,0.0
2026-08-13T23:45:00+02:00,0.0
2026-08-14T00:00:00+02:00,0.0
2026-08-14T00:15:00+02:00,0.204
2026-08-14T00:30:00+02:00,0.0
2026-08-14T00:45:00+02:00,0.0
2026-08-14T01:00:00+02:00,0.0
2026-08-14T01:15:00+02:00,0.0
2026-08-14T01:30:00+02:00,0.0
2026-08-14T01:45:00+02:00,0.0
2026-08-14T02:00:00+02:00,0.0
2026-08-14T02:15:00+02:00,0.0
2026-08-14T02:30:00+02:00,0.0
2026-08-14T02:45:00+02:00,0.0
2026-08-14T03:00:00+02:00,0.0
2026-08-14T03:15:00+02:00,0.0
2026-08-14T03:30:00+02:00,0.0
2026-08-14T03:45:00+02:00,0.0
2026-08-14T04:00:00+02:00,0.0
2026-08-14T04:15:00+02:00,0.10192
2026-08-14T04:30:00+02:00,0.12208
2026-08-14T04:45:00+02:00,0.0
2026-08-14T05:00:00+02:00,0.392805
2026-08-14T05:15:00+02:00,0.019195
2026-08-14T05:30:00+02:00,0.0
2026-08-14T05:45:00+02:00,0.4129
2026-08-14T06:00:00+02:00,1.416025
2026-08-14T06:15:00+02:00,1.843135
2026-08-14T06:30:00+02:00,0.50794
2026-08-14T06:45:00+02:00,0.0
2026-08-14T07:00:00+02:00,0.0
2026-08-14T07:15:00+02:00,0.0
2026-08-14T07:30:00+02:00,0.0
2026-08-14T07:45:00+02:00,0.0
2026-08-14T08:00:00+02:00,0.0
2026-08-14T08:15:00+02:00,0.0
2026-08-14T08:30:00+02:00,0.0
2026-08-14T08:45:00+02:00,2.61574
2026-08-14T09:00:00+02:00,4.17172
2026-08-14T09:15:00+02:00,0.566417
2026-08-14T09:30:00+02:00,3.64408
2026-08-14T09:45:00+02:00,2.087343
2026-08-14T10:00:00+02:00,4.06306
2026-08-14T10:15:00+02:00,6.04474
2026-08-14T10:30:00+02:00,5.2851
2026-08-14T10:45:00+02:00,3.750668
2026-08-14T11:00:00+02:00,4.750072
2026-08-14T11:15:00+02:00,5.87016
2026-08-14T11:30:00+02:00,6.019799
2026-08-14T11:45:00+02:00,5.128721
2026-08-14T12:00:00+02:00,4.9515
2026-08-14T12:15:00+02:00,6.0418
2026-08-14T12:30:00+02:00,6.02454
2026-08-14T12:45:00+02:00,2.43254
2026-08-14T13:00:00+02:00,0.0
2026-08-14T13:15:00+02:00,3.631265
2026-08-14T13:30:00+02:00,5.140555
2026-08-14T13:45:00+02:00,4.56408
2026-08-14T14:00:00+02:00,4.854256
2026-08-14T14:15:00+02:00,0.982304
2026-08-14T14:30:00+02:00,1.15944
2026-08-14T14:45:00+02:00,0.0081
2026-08-14T15:00:00+02:00,0.0
2026-08-14T15:15:00+02:00,0.0
2026-08-14T15:30:00+02:00,0.0
2026-08-14T15:45:00+02:00,0.0
2026-08-14T16:00:00+02:00,0.0
2026-08-14T16:15:00+02:00,0.0
2026-08-14T16:30:00+02:00,0.0
2026-08-14T16:45:00+02:00,0.0
2026-08-14T17:00:00+02:00,0.0
2026-08-14T17:15:00+02:00,0.0
2026-08-14T17:30:00+02:00,0.0
2026-08-14T17:45:00+02:00,0.0
2026-08-14T18:00:00+02:00,0.0
2026-08-14T18:15:00+02:00,0.0
2026-08-14T18:30:00+02:00,0.0
2026-08-14T18:45:00+02:00,0.0
2026-08-14T19:00:00+02:00,0.0
2026-08-14T19:15:00+02:00,0.0
2026-08-14T19:30:00+02:00,0.0
2026-08-14T19:45:00+02:00,0.0
2026-08-14T20:00:00+02:00,0.0
2026-08-14T20:15:00+02:00,0.0
2026-08-14T20:30:00+02:00,0.0
2026-08-14T20:45:00+02:00,0.0
2026-08-14T21:00:00+02:00,0.0
2026-08-14T21:15:00+02:00,0.0
2026-08-14T21:30:00+02:00,0.0
2026-08-14T21:45:00+02:00,0.0
2026-08-14T22:00:00+02:00,0.0
2026-08-14T22:15:00+02:00,0.0
2026-08-14T22:30:00+02:00,0.0
2026-08-14T22:45:00+02:00,0.0
2026-08-14T23:00:00+02:00,0.0
2026-08-14T23:15:00+02:00,0.0
2026-08-14T23:30:00+02:00,0.0
2026-08-14T23:45:00+02:00,0.0
2026-08-15T00:00:00+02:00,0.0
2026-08-15T00:15:00+02:00,0.0
2026-08-15T00:30:00+02:00,0.0
2026-08-15T00:45:00+02:00,0.0
2026-08-15T01:00:00+02:00,0.0
2026-08-15T01:15:00+02:00,0.0
2026-08-15T01:30:00+02:00,0.0
2026-08-15T01:45:00+02:00,0.0
2026-08-15T02:00:00+02:00,0.0
2026-08-15T02:15:00+02:00,0.0
2026-08-15T02:30:00+02:00,0.0
2026-08-15T02:45:00+02:00,0.0
2026-08-15T03:00:00+02:00,0.0
2026-08-15T03:15:00+02:00,0.0
2026-08-15T03:30:00+02:00,0.0
2026-08-15T03:45:00+02:00,0.0
2026-08-15T04:00:00+02:00,0.0
2026-08-15T04:15:00+02:00,0.0
2026-08-15T04:30:00+02:00,0.0
2026-08-15T04:45:00+02:00,0.0
2026-08-15T05:00:00+02:00,0.0
2026-08-15T05:15:00+02:00,0.0
2026-08-15T05:30:00+02:00,0.0
2026-08-15T05:45:00+02:00,0.0
2026-08-15T06:00:00+02:00,0.0
2026-08-15T06:15:00+02:00,0.0
2026-08-15T06:30:00+02:00,0.0
2026-08-15T06:45:00+02:00,0.0
2026-08-15T07:00:00+02:00,0.0
2026-08-15T07:15:00+02:00,0.0
2026-08-15T07:30:00+02:00,0.0
2026-08-15T07:45:00+02:00,0.0
2026-08-15T08:00:00+02:00,0.0
2026-08-15T08:15:00+02:00,0.0
2026-08-15T08:30:00+02:00,0.0
2026-08-15T08:45:00+02:00,0.0
2026-08-15T09:00:00+02:00,0.0
2026-08-15T09:15:00+02:00,0.0
2026-08-15T09:30:00+02:00,0.0
2026-08-15T09:45:00+02:00,0.0
2026-08-15T10:00:00+02:00,0.0
2026-08-15T10:15:00+02:00,0.0
2026-08-15T10:30:00+02:00,0.0
2026-08-15T10:45:00+02:00,0.0
2026-08-15T11:00:00+02:00,0.0
2026-08-15T11:15:00+02:00,0.0
2026-08-15T11:30:00+02:00,0.0
2026-08-15T11:45:00+02:00,0.0
2026-08-15T12:00:00+02:00,0.0
2026-08-15T12:15:00+02:00,0.0
2026-08-15T12:30:00+02:00,0.0
2026-08-15T12:45:00+02:00,0.0
2026-08-15T13:00:00+02:00,0.0
2026-08-15T13:15:00+02:00,0.0
2026-08-15T13:30:00+02:00,0.0
2026-08-15T13:45:00+02:00,0.0
2026-08-15T14:00:00+02:00,0.0
2026-08-15T14:15:00+02:00,0.0
2026-08-15T14:30:00+02:00,0.0
2026-08-15T14:45:00+02:00,0.0
2026-08-15T15:00:00+02:00,0.0
2026-08-15T15:15:00+02:00,0.0
2026-08-15T15:30:00+02:00,0.0
2026-08-15T15:45:00+02:00,0.0
2026-08-15T16:00:00+02:00,0.0
2026-08-15T16:15:00+02:00,0.0
2026-08-15T16:30:00+02:00,0.0
2026-08-15T16:45:00+02:00,0.0
2026-08-15T17:00:00+02:00,0.0
2026-08-15T17:15:00+02:00,0.0
2026-08-15T17:30:00+02:00,0.0
2026-08-15T17:45:00+02:00,0.0
2026-08-15T18:00:00+02:00,0.0
2026-08-15T18:15:00+02:00,0.0
2026-08-15T18:30:00+02:00,0.0
2026-08-15T18:45:00+02:00,0.0
2026-08-15T19:00:00+02:00,0.0
2026-08-15T19:15:00+02:00,0.0
2026-08-15T19:30:00+02:00,0.0
2026-08-15T19:45:00+02:00,0.0
2026-08-15T20:00:00+02:00,0.0
2026-08-15T20:15:00+02:00,0.0
2026-08-15T20:30:00+02:00,0.0
2026-08-15T20:45:00+02:00,0.0
2026-08-15T21:00:00+02:00,0.0
2026-08-15T21:15:00+02:00,0.0
2026-08-15T21:30:00+02:00,0.0
2026-08-15T21:45:00+02:00,0.0
2026-08-15T22:00:00+02:00,0.0
2026-08-15T22:15:00+02:00,0.0
2026-08-15T22:30:00+02:00,0.0
2026-08-15T22:45:00+02:00,0.0
2026-08-15T23:00:00+02:00,0.0
2026-08-15T23:15:00+02:00,0.0
2026-08-15T23:30:00+02:00,0.0
2026-08-15T23:45:00+02:00,0.0
2026-08-16T00:00:00+02:00,0.0
2026-08-16T00:15:00+02:00,0.0
2026-08-16T00:30:00+02:00,0.0
2026-08-16T00:45:00+02:00,0.0
2026-08-16T01:00:00+02:00,0.0
2026-08-16T01:15:00+02:00,0.0
2026-08-16T01:30:00+02:00,0.0
2026-08-16T01:45:00+02:00,0.0
2026-08-16T02:00:00+02:00,0.0
2026-08-16T02:15:00+02:00,0.0
2026-08-16T02:30:00+02:00,0.0
2026-08-16T02:45:00+02:00,0.0
2026-08-16T03:00:00+02:00,0.0
2026-08-16T03:15:00+02:00,0.0
2026-08-16T03:30:00+02:00,0.0
2026-08-16T03:45:00+02:00,0.0
2026-08-16T04:00:00+02:00,0.0
2026-08-16T04:15:00+02:00,0.0
2026-08-16T04:30:00+02:00,0.0
2026-08-16T04:45:00+02:00,0.0
2026-08-16T05:00:00+02:00,0.0
2026-08-16T05:15:00+02:00,0.0
2026-08-16T05:30:00+02:00,0.0
2026-08-16T05:45:00+02:00,0.0
2026-08-16T06:00:00+02:00,0.0
2026-08-16T06:15:00+02:00,0.0
2026-08-16T06:30:00+02:00,0.0
2026-08-16T06:45:00+02:00,0.0
2026-08-16T07:00:00+02:00,0.0
2026-08-16T07:15:00+02:00,0.0
2026-08-16T07:30:00+02:00,0.0
2026-08-16T07:45:00+02:00,0.0
2026-08-16T08:00:00+02:00,0.0
2026-08-16T08:15:00+02:00,0.0
2026-08-16T08:30:00+02:00,0.0
2026-08-16T08:45:00+02:00,0.0
2026-08-16T09:00:00+02:00,0.0
2026-08-16T09:15:00+02:00,0.0
2026-08-16T09:30:00+02:00,0.0
2026-08-16T09:45:00+02:00,0.0
2026-08-16T10:00:00+02:00,0.0
2026-08-16T10:15:00+02:00,0.0
2026-08-16T10:30:00+02:00,0.0
2026-08-16T10:45:00+02:00,0.0
2026-08-16T11:00:00+02:00,0.0
2026-08-16T11:15:00+02:00,0.0
2026-08-16T11:30:00+02:00,0.0
2026-08-16T11:45:00+02:00,0.0
2026-08-16T12:00:00+02:00,0.0
2026-08-16T12:15:00+02:00,0.0
2026-08-16T12:30:00+02:00,0.0
2026-08-16T12:45:00+02:00,0.0
2026-08-16T13:00:00+02:00,0.0
2026-08-16T13:15:00+02:00,0.0
2026-08-16T13:30:00+02:00,0.0
2026-08-16T13:45:00+02:00,0.0
2026-08-16T14:00:00+02:00,0.0
2026-08-16T14:15:00+02:00,0.0
2026-08-16T14:30:00+02:00,0.0
2026-08-16T14:45:00+02:00,0.0
2026-08-16T15:00:00+02:00,0.0
2026-08-16T15:15:00+02:00,0.0
2026-08-16T15:30:00+02:00,0.0
2026-08-16T15:45:00+02:00,0.0
2026-08-16T16:00:00+02:00,0.0
2026-08-16T16:15:00+02:00,0.0
2026-08-16T16:30:00+02:00,0.0
2026-08-16T16:45:00+02:00,0.0
2026-08-16T17:00:00+02:00,0.0
2026-08-16T17:15:00+02:00,0.0
2026-08-16T17:30:00+02:00,0.0
2026-08-16T17:45:00+02:00,0.0
2026-08-16T18:00:00+02:00,0.0
2026-08-16T18:15:00+02:00,0.0
2026-08-16T18:30:00+02:00,0.0
2026-08-16T18:45:00+02:00,0.0
2026-08-16T19:00:00+02:00,0.0
2026-08-16T19:15:00+02:00,0.0
2026-08-16T19:30:00+02:00,0.0
2026-08-16T19:45:00+02:00,0.0
2026-08-16T20:00:00+02:00,0.0
2026-08-16T20:15:00+02:00,0.0
2026-08-16T20:30:00+02:00,0.0
2026-08-16T20:45:00+02:00,0.0
2026-08-16T21:00:00+02:00,0.0
2026-08-16T21:15:00+02:00,0.0
2026-08-16T21:30:00+02:00,0.0
2026-08-16T21:45:00+02:00,0.0
2026-08-16T22:00:00+02:00,0.0
2026-08-16T22:15:00+02:00,0.0
2026-08-16T22:30:00+02:00,0.0
2026-08-16T22:45:00+02:00,0.0
2026-08-16T23:00:00+02:00,0.0
2026-08-16T23:15:00+02:00,0.0
2026-08-16T23:30:00+02:00,0.0
2026-08-16T23:45:00+02:00,0.0
2026-08-17T00:00:00+02:00,0.0
2026-08-17T00:15:00+02:00,0.0
2026-08-17T00:30:00+02:00,0.0
2026-08-17T00:45:00+02:00,0.0
2026-08-17T01:00:00+02:00,0.0
2026-08-17T01:15:00+02:00,0.0
2026-08-17T01:30:00+02:00,0.0
2026-08-17T01:45:00+02:00,0.0
2026-08-17T02:00:00+02:00,0.0
2026-08-17T02:15:00+02:00,0.0
2026-08-17T02:30:00+02:00,0.0
2026-08-17T02:45:00+02:00,0.0
2026-08-17T03:00:00+02:00,0.0
2026-08-17T03:15:00+02:00,0.0
2026-08-17T03:30:00+02:00,0.0
2026-08-17T03:45:00+02:00,0.0
2026-08-17T04:00:00+02:00,0.0
2026-08-17T04:15:00+02:00,0.0
2026-08-17T04:30:00+02:00,0.0
2026-08-17T04:45:00+02:00,0.0
2026-08-17T05:00:00+02:00,0.0
2026-08-17T05:15:00+02:00,0.0
2026-08-17T05:30:00+02:00,0.0
2026-08-17T05:45:00+02:00,0.0
2026-08-17T06:00:00+02:00,0.0
2026-08-17T06:15:00+02:00,0.561444
2026-08-17T06:30:00+02:00,3.634823
2026-08-17T06:45:00+02:00,3.659533
2026-08-17T07:00:00+02:00,5.79458
2026-08-17T07:15:00+02:00,5.358281
2026-08-17T07:30:00+02:00,5.353019
2026-08-17T07:45:00+02:00,5.72634
2026-08-17T08:00:00+02:00,6.048133
2026-08-17T08:15:00+02:00,5.734787
2026-08-17T08:30:00+02:00,5.63926
2026-08-17T08:45:00+02:00,6.054758
2026-08-17T09:00:00+02:00,6.076397
2026-08-17T09:15:00+02:00,5.084864
2026-08-17T09:30:00+02:00,1.35378
2026-08-17T09:45:00+02:00,0.0
2026-08-17T10:00:00+02:00,0.0
2026-08-17T10:15:00+02:00,0.0
2026-08-17T10:30:00+02:00,0.0
2026-08-17T10:45:00+02:00,0.88634
2026-08-17T11:00:00+02:00,1.08076
2026-08-17T11:15:00+02:00,0.411536
2026-08-17T11:30:00+02:00,1.475027
2026-08-17T11:45:00+02:00,1.414098
2026-08-17T12:00:00+02:00,1.093048
2026-08-17T12:15:00+02:00,1.039092
2026-08-17T12:30:00+02:00,1.35132
2026-08-17T12:45:00+02:00,0.04878
2026-08-17T13:00:00+02:00,0.0
2026-08-17T13:15:00+02:00,1.63192
2026-08-17T13:30:00+02:00,1.02768
2026-08-17T13:45:00+02:00,0.0324
2026-08-17T14:00:00+02:00,0.0
2026-08-17T14:15:00+02:00,0.0
2026-08-17T14:30:00+02:00,0.0
2026-08-17T14:45:00+02:00,0.0
2026-08-17T15:00:00+02:00,0.41256
2026-08-17T15:15:00+02:00,0.01944
2026-08-17T15:30:00+02:00,0.0
2026-08-17T15:45:00+02:00,0.0
2026-08-17T16:00:00+02:00,0.0
2026-08-17T16:15:00+02:00,0.0
2026-08-17T16:30:00+02:00,0.0
2026-08-17T16:45:00+02:00,0.0
2026-08-17T17:00:00+02:00,0.0
2026-08-17T17:15:00+02:00,0.0
2026-08-17T17:30:00+02:00,0.0
2026-08-17T17:45:00+02:00,0.0
2026-08-17T18:00:00+02:00,0.0
2026-08-17T18:15:00+02:00,0.0
2026-08-17T18:30:00+02:00,0.0
2026-08-17T18:45:00+02:00,0.0
2026-08-17T19:00:00+02:00,0.0
2026-08-17T19:15:00+02:00,0.0
2026-08-17T19:30:00+02:00,0.0
2026-08-17T19:45:00+02:00,0.0
2026-08-17T20:00:00+02:00,0.0
2026-08-17T20:15:00+02:00,0.0
2026-08-17T20:30:00+02:00,0.0
2026-08-17T20:45:00+02:00,0.0
2026-08-17T21:00:00+02:00,0.0
2026-08-17T21:15:00+02:00,0.0
2026-08-17T21:30:00+02:00,0.0
2026-08-17T21:45:00+02:00,0.0
2026-08-17T22:00:00+02:00,0.0
2026-08-17T22:15:00+02:00,0.0
2026-08-17T22:30:00+02:00,0.0
2026-08-17T22:45:00+02:00,0.0
2026-08-17T23:00:00+02:00,0.0
2026-08-17T23:15:00+02:00,0.0
2026-08-17T23:30:00+02:00,0.0
2026-08-17T23:45:00+02:00,0.0
2026-08-18T00:00:00+02:00,0.0
2026-08-18T00:15:00+02:00,0.0
2026-08-18T00:30:00+02:00,0.0
2026-08-18T00:45:00+02:00,0.0
2026-08-18T01:00:00+02:00,0.0
2026-08-18T01:15:00+02:00,0.0
2026-08-18T01:30:00+02:00,0.0
2026-08-18T01:45:00+02:00,0.0
2026-08-18T02:00:00+02:00,0.0
2026-08-18T02:15:00+02:00,0.0
2026-08-18T02:30:00+02:00,0.0
2026-08-18T02:45:00+02:00,0.0
2026-08-18T03:00:00+02:00,0.0
2026-08-18T03:15:00+02:00,0.0
2026-08-18T03:30:00+02:00,0.0
2026-08-18T03:45:00+02:00,0.0
2026-08-18T04:00:00+02:00,0.0
2026-08-18T04:15:00+02:00,0.0
2026-08-18T04:30:00+02:00,0.0
2026-08-18T04:45:00+02:00,0.0
2026-08-18T05:00:00+02:00,0.0
2026-08-18T05:15:00+02:00,0.0
2026-08-18T05:30:00+02:00,0.0
2026-08-18T05:45:00+02:00,0.0
2026-08-18T06:00:00+02:00,0.0
2026-08-18T06:15:00+02:00,0.0
2026-08-18T06:30:00+02:00,0.0
2026-08-18T06:45:00+02:00,0.0
2026-08-18T07:00:00+02:00,0.0
2026-08-18T07:15:00+02:00,0.0
2026-08-18T07:30:00+02:00,0.473643
2026-08-18T07:45:00+02:00,0.022357
2026-08-18T08:00:00+02:00,0.0
2026-08-18T08:15:00+02:00,3.103513
2026-08-18T08:30:00+02:00,3.473447
2026-08-18T08:45:00+02:00,1.17104
2026-08-18T09:00:00+02:00,0.0
2026-08-18T09:15:00+02:00,1.51748
2026-08-18T09:30:00+02:00,1.85318
2026-08-18T09:45:00+02:00,0.06534
2026-08-18T10:00:00+02:00,3.063399
2026-08-18T10:15:00+02:00,4.949653
2026-08-18T10:30:00+02:00,5.618007
2026-08-18T10:45:00+02:00,5.159882
2026-08-18T11:00:00+02:00,5.89572
2026-08-18T11:15:00+02:00,5.467016
2026-08-18T11:30:00+02:00,5.328884
2026-08-18T11:45:00+02:00,6.03382
2026-08-18T12:00:00+02:00,6.032332
2026-08-18T12:15:00+02:00,6.044028
2026-08-18T12:30:00+02:00,5.4499
2026-08-18T12:45:00+02:00,0.164262
2026-08-18T13:00:00+02:00,2.052818
2026-08-18T13:15:00+02:00,4.1701
2026-08-18T13:30:00+02:00,5.99836
2026-08-18T13:45:00+02:00,5.33011
2026-08-18T14:00:00+02:00,2.50759
2026-08-18T14:15:00+02:00,0.04212
2026-08-18T14:30:00+02:00,1.578849
2026-08-18T14:45:00+02:00,0.787391
2026-08-18T15:00:00+02:00,0.85286
2026-08-18T15:15:00+02:00,2.2809
2026-08-18T15:30:00+02:00,0.0
2026-08-18T15:45:00+02:00,0.337957
2026-08-18T16:00:00+02:00,1.368608
2026-08-18T16:15:00+02:00,2.360456
2026-08-18T16:30:00+02:00,5.25386
2026-08-18T16:45:00+02:00,3.656195
2026-08-18T17:00:00+02:00,2.491505
2026-08-18T17:15:00+02:00,0.7925
2026-08-18T17:30:00+02:00,0.85892
2026-08-18T17:45:00+02:00,0.0
2026-08-18T18:00:00+02:00,0.0
2026-08-18T18:15:00+02:00,0.0
2026-08-18T18:30:00+02:00,0.0
2026-08-18T18:45:00+02:00,0.0
2026-08-18T19:00:00+02:00,0.0
2026-08-18T19:15:00+02:00,0.0
2026-08-18T19:30:00+02:00,0.0
2026-08-18T19:45:00+02:00,0.0
2026-08-18T20:00:00+02:00,0.0
2026-08-18T20:15:00+02:00,0.0
2026-08-18T20:30:00+02:00,0.0
2026-08-18T20:45:00+02:00,0.0
2026-08-18T21:00:00+02:00,0.0
2026-08-18T21:15:00+02:00,0.0
2026-08-18T21:30:00+02:00,0.0
2026-08-18T21:45:00+02:00,0.0
2026-08-18T22:00:00+02:00,0.0
2026-08-18T22:15:00+02:00,0.0
2026-08-18T22:30:00+02:00,0.0
2026-08-18T22:45:00+02:00,0.0
2026-08-18T23:00:00+02:00,0.0
2026-08-18T23:15:00+02:00,0.0
2026-08-18T23:30:00+02:00,0.0
2026-08-18T23:45:00+02:00,0.0
2026-08-19T00:00:00+02:00,0.0
2026-08-19T00:15:00+02:00,0.0
2026-08-19T00:30:00+02:00,0.0
2026-08-19T00:45:00+02:00,0.0
2026-08-19T01:00:00+02:00,0.0
2026-08-19T01:15:00+02:00,0.0
2026-08-19T01:30:00+02:00,0.0
2026-08-19T01:45:00+02:00,0.0
2026-08-19T02:00:00+02:00,0.0
2026-08-19T02:15:00+02:00,0.0
2026-08-19T02:30:00+02:00,0.0
2026-08-19T02:45:00+02:00,0.0
2026-08-19T03:00:00+02:00,0.0
2026-08-19T03:15:00+02:00,0.0
2026-08-19T03:30:00+02:00,0.0
2026-08-19T03:45:00+02:00,0.0
2026-08-19T04:00:00+02:00,0.0
2026-08-19T04:15:00+02:00,0.0
2026-08-19T04:30:00+02:00,0.0
2026-08-19T04:45:00+02:00,0.0
2026-08-19T05:00:00+02:00,0.0
2026-08-19T05:15:00+02:00,0.0
2026-08-19T05:30:00+02:00,0.0
2026-08-19T05:45:00+02:00,1.13379
2026-08-19T06:00:00+02:00,4.104754
2026-08-19T06:15:00+02:00,5.941476
2026-08-19T06:30:00+02:00,6.05454
2026-08-19T06:45:00+02:00,5.465387
2026-08-19T07:00:00+02:00,5.184933
2026-08-19T07:15:00+02:00,5.7378
2026-08-19T07:30:00+02:00,4.803689
2026-08-19T07:45:00+02:00,4.946311
2026-08-19T08:00:00+02:00,5.21318
2026-08-19T08:15:00+02:00,5.844929
2026-08-19T08:30:00+02:00,5.989632
2026-08-19T08:45:00+02:00,5.765759
2026-08-19T09:00:00+02:00,5.99018
2026-08-19T09:15:00+02:00,5.882304
2026-08-19T09:30:00+02:00,5.861156
2026-08-19T09:45:00+02:00,4.48154
2026-08-19T10:00:00+02:00,5.52437
2026-08-19T10:15:00+02:00,6.02191
2026-08-19T10:30:00+02:00,5.998004
2026-08-19T10:45:00+02:00,5.840536
2026-08-19T11:00:00+02:00,5.994
2026-08-19T11:15:00+02:00,5.98054
2026-08-19T11:30:00+02:00,5.97982
2026-08-19T11:45:00+02:00,5.97218
2026-08-19T12:00:00+02:00,5.976
2026-08-19T12:15:00+02:00,5.956742
2026-08-19T12:30:00+02:00,5.872118
2026-08-19T12:45:00+02:00,5.13692
2026-08-19T13:00:00+02:00,5.973467
2026-08-19T13:15:00+02:00,5.994213
2026-08-19T13:30:00+02:00,5.98636
2026-08-19T13:45:00+02:00,5.978615
2026-08-19T14:00:00+02:00,5.989086
2026-08-19T14:15:00+02:00,5.98194
2026-08-19T14:30:00+02:00,5.98254
2026-08-19T14:45:00+02:00,5.96836
2026-08-19T15:00:00+02:00,5.964
2026-08-19T15:15:00+02:00,5.97418
2026-08-19T15:30:00+02:00,5.98474
2026-08-19T15:45:00+02:00,6.0
2026-08-19T16:00:00+02:00,5.98983
2026-08-19T16:15:00+02:00,6.01817
2026-08-19T16:30:00+02:00,5.99618
2026-08-19T16:45:00+02:00,5.982975
2026-08-19T17:00:00+02:00,5.992905
2026-08-19T17:15:00+02:00,5.999095
2026-08-19T17:30:00+02:00,5.981446
2026-08-19T17:45:00+02:00,5.989579
2026-08-19T18:00:00+02:00,5.97872
2026-08-19T18:15:00+02:00,5.97582
2026-08-19T18:30:00+02:00,5.99892
2026-08-19T18:45:00+02:00,4.10154
2026-08-19T19:00:00+02:00,3.931825
2026-08-19T19:15:00+02:00,2.870915
2026-08-19T19:30:00+02:00,3.4664
2026-08-19T19:45:00+02:00,4.877673
2026-08-19T20:00:00+02:00,5.792067
2026-08-19T20:15:00+02:00,5.443827
2026-08-19T20:30:00+02:00,5.972714
2026-08-19T20:45:00+02:00,5.975759
2026-08-19T21:00:00+02:00,5.98418
2026-08-19T21:15:00+02:00,5.897003
2026-08-19T21:30:00+02:00,5.684357
2026-08-19T21:45:00+02:00,1.1541
2026-08-19T22:00:00+02:00,0.0
2026-08-19T22:15:00+02:00,0.0
2026-08-19T22:30:00+02:00,0.0
2026-08-19T22:45:00+02:00,0.0
2026-08-19T23:00:00+02:00,0.0
2026-08-19T23:15:00+02:00,0.0
2026-08-19T23:30:00+02:00,0.0
2026-08-19T23:45:00+02:00,0.0
2026-08-20T00:00:00+02:00,0.0
2026-08-20T00:15:00+02:00,0.0
2026-08-20T00:30:00+02:00,0.0
2026-08-20T00:45:00+02:00,0.0
2026-08-20T01:00:00+02:00,0.0
2026-08-20T01:15:00+02:00,0.0
2026-08-20T01:30:00+02:00,0.0
2026-08-20T01:45:00+02:00,0.0
2026-08-20T02:00:00+02:00,0.0
2026-08-20T02:15:00+02:00,0.0
2026-08-20T02:30:00+02:00,0.0
2026-08-20T02:45:00+02:00,0.0
2026-08-20T03:00:00+02:00,0.0
2026-08-20T03:15:00+02:00,0.0
2026-08-20T03:30:00+02:00,0.0
2026-08-20T03:45:00+02:00,0.0
2026-08-20T04:00:00+02:00,0.0
2026-08-20T04:15:00+02:00,0.0
2026-08-20T04:30:00+02:00,0.0
2026-08-20T04:45:00+02:00,0.0
2026-08-20T05:00:00+02:00,0.0
2026-08-20T05:15:00+02:00,0.0
2026-08-20T05:30:00+02:00,0.0
2026-08-20T05:45:00+02:00,1.682437
2026-08-20T06:00:00+02:00,5.693563
2026-08-20T06:15:00+02:00,5.980728
2026-08-20T06:30:00+02:00,5.983992
2026-08-20T06:45:00+02:00,5.99346
2026-08-20T07:00:00+02:00,5.995278
2026-08-20T07:15:00+02:00,6.002902
2026-08-20T07:30:00+02:00,6.00328
2026-08-20T07:45:00+02:00,6.003149
2026-08-20T08:00:00+02:00,5.997271
2026-08-20T08:15:00+02:00,6.00612
2026-08-20T08:30:00+02:00,6.02074
2026-08-20T08:45:00+02:00,4.397474
2026-08-20T09:00:00+02:00,1.994106
2026-08-20T09:15:00+02:00,0.62644
2026-08-20T09:30:00+02:00,0.758461
2026-08-20T09:45:00+02:00,6.049019
2026-08-20T10:00:00+02:00,6.19746
2026-08-20T10:15:00+02:00,6.161614
2026-08-20T10:30:00+02:00,6.10914
2026-08-20T10:45:00+02:00,6.117762
2026-08-20T11:00:00+02:00,6.179534
2026-08-20T11:15:00+02:00,6.18685
2026-08-20T11:30:00+02:00,6.2122
2026-08-20T11:45:00+02:00,6.195321
2026-08-20T12:00:00+02:00,6.194119
2026-08-20T12:15:00+02:00,6.14054
2026-08-20T12:30:00+02:00,6.169093
2026-08-20T12:45:00+02:00,3.315247
2026-08-20T13:00:00+02:00,0.0327
2026-08-20T13:15:00+02:00,0.314116
2026-08-20T13:30:00+02:00,0.117884
2026-08-20T13:45:00+02:00,3.40264
2026-08-20T14:00:00+02:00,4.73764
2026-08-20T14:15:00+02:00,2.591713
2026-08-20T14:30:00+02:00,4.738207
2026-08-20T14:45:00+02:00,2.52588
2026-08-20T15:00:00+02:00,2.484506
2026-08-20T15:15:00+02:00,5.657514
2026-08-20T15:30:00+02:00,4.00718
2026-08-20T15:45:00+02:00,3.79606
2026-08-20T16:00:00+02:00,3.13466
2026-08-20T16:15:00+02:00,4.06266
2026-08-20T16:30:00+02:00,3.405
2026-08-20T16:45:00+02:00,4.58316
2026-08-20T17:00:00+02:00,2.9813
2026-08-20T17:15:00+02:00,1.977917
2026-08-20T17:30:00+02:00,2.068681
2026-08-20T17:45:00+02:00,0.581282
2026-08-20T18:00:00+02:00,0.0
2026-08-20T18:15:00+02:00,1.58204
2026-08-20T18:30:00+02:00,0.26596
2026-08-20T18:45:00+02:00,0.0
2026-08-20T19:00:00+02:00,0.54244
2026-08-20T19:15:00+02:00,4.2502
2026-08-20T19:30:00+02:00,4.96658
2026-08-20T19:45:00+02:00,5.03162
2026-08-20T20:00:00+02:00,4.86232
2026-08-20T20:15:00+02:00,4.83794
2026-08-20T20:30:00+02:00,5.37982
2026-08-20T20:45:00+02:00,5.84254
2026-08-20T21:00:00+02:00,6.0371
2026-08-20T21:15:00+02:00,6.030515
2026-08-20T21:30:00+02:00,5.785905
2026-08-20T21:45:00+02:00,5.42928
2026-08-20T22:00:00+02:00,2.1956
2026-08-20T22:15:00+02:00,0.42014
2026-08-20T22:30:00+02:00,0.0
2026-08-20T22:45:00+02:00,0.0
2026-08-20T23:00:00+02:00,0.0
2026-08-20T23:15:00+02:00,0.0
2026-08-20T23:30:00+02:00,0.0
2026-08-20T23:45:00+02:00,0.0
2026-08-21T00:00:00+02:00,0.0
2026-08-21T00:15:00+02:00,0.0
2026-08-21T00:30:00+02:00,0.0
2026-08-21T00:45:00+02:00,0.0
2026-08-21T01:00:00+02:00,0.0
2026-08-21T01:15:00+02:00,0.0
2026-08-21T01:30:00+02:00,0.0
2026-08-21T01:45:00+02:00,0.0
2026-08-21T02:00:00+02:00,0.0
2026-08-21T02:15:00+02:00,0.0
2026-08-21T02:30:00+02:00,0.0
2026-08-21T02:45:00+02:00,0.0
2026-08-21T03:00:00+02:00,0.0
2026-08-21T03:15:00+02:00,0.0
2026-08-21T03:30:00+02:00,0.0
2026-08-21T03:45:00+02:00,0.0
2026-08-21T04:00:00+02:00,0.0
2026-08-21T04:15:00+02:00,0.0
2026-08-21T04:30:00+02:00,0.0
2026-08-21T04:45:00+02:00,0.0
2026-08-21T05:00:00+02:00,0.0
2026-08-21T05:15:00+02:00,0.0
2026-08-21T05:30:00+02:00,0.0
2026-08-21T05:45:00+02:00,0.96278
2026-08-21T06:00:00+02:00,5.01142
2026-08-21T06:15:00+02:00,6.068
2026-08-21T06:30:00+02:00,5.271783
2026-08-21T06:45:00+02:00,6.049677
2026-08-21T07:00:00+02:00,6.06654
2026-08-21T07:15:00+02:00,4.847803
2026-08-21T07:30:00+02:00,4.289676
2026-08-21T07:45:00+02:00,5.828841
2026-08-21T08:00:00+02:00,5.03714
2026-08-21T08:15:00+02:00,4.348864
2026-08-21T08:30:00+02:00,5.815376
2026-08-21T08:45:00+02:00,5.2988
2026-08-21T09:00:00+02:00,6.010521
2026-08-21T09:15:00+02:00,6.049879
2026-08-21T09:30:00+02:00,6.03764
2026-08-21T09:45:00+02:00,5.708574
2026-08-21T10:00:00+02:00,5.742943
2026-08-21T10:15:00+02:00,6.060663
2026-08-21T10:30:00+02:00,6.03218
2026-08-21T10:45:00+02:00,6.01764
2026-08-21T11:00:00+02:00,6.05346
2026-08-21T11:15:00+02:00,5.83926
2026-08-21T11:30:00+02:00,5.199319
2026-08-21T11:45:00+02:00,5.469341
2026-08-21T12:00:00+02:00,5.71578
2026-08-21T12:15:00+02:00,5.31954
2026-08-21T12:30:00+02:00,4.52714
2026-08-21T12:45:00+02:00,1.17765
2026-08-21T13:00:00+02:00,1.49703
2026-08-21T13:15:00+02:00,3.67784
2026-08-21T13:30:00+02:00,5.37244
2026-08-21T13:45:00+02:00,6.015535
2026-08-21T14:00:00+02:00,6.057125
2026-08-21T14:15:00+02:00,4.87092
2026-08-21T14:30:00+02:00,4.088704
2026-08-21T14:45:00+02:00,6.004736
2026-08-21T15:00:00+02:00,5.79588
2026-08-21T15:15:00+02:00,5.910152
2026-08-21T15:30:00+02:00,5.542186
2026-08-21T15:45:00+02:00,3.092902
2026-08-21T16:00:00+02:00,5.2147
2026-08-21T16:15:00+02:00,5.43556
2026-08-21T16:30:00+02:00,3.16924
2026-08-21T16:45:00+02:00,2.916112
2026-08-21T17:00:00+02:00,5.559808
2026-08-21T17:15:00+02:00,5.4311
2026-08-21T17:30:00+02:00,6.06382
2026-08-21T17:45:00+02:00,3.44946
2026-08-21T18:00:00+02:00,1.580726
2026-08-21T18:15:00+02:00,1.694674
2026-08-21T18:30:00+02:00,2.58668
2026-08-21T18:45:00+02:00,4.51663
2026-08-21T19:00:00+02:00,3.626839
2026-08-21T19:15:00+02:00,2.903632
2026-08-21T19:30:00+02:00,2.14744
2026-08-21T19:45:00+02:00,2.05714
2026-08-21T20:00:00+02:00,2.179599
2026-08-21T20:15:00+02:00,2.060481
2026-08-21T20:30:00+02:00,1.980623
2026-08-21T20:45:00+02:00,3.414257
2026-08-21T21:00:00+02:00,0.99286
2026-08-21T21:15:00+02:00,0.01494
2026-08-21T21:30:00+02:00,0.0
2026-08-21T21:45:00+02:00,0.0
2026-08-21T22:00:00+02:00,0.0
2026-08-21T22:15:00+02:00,0.0
2026-08-21T22:30:00+02:00,0.0
2026-08-21T22:45:00+02:00,0.0
2026-08-21T23:00:00+02:00,0.0
2026-08-21T23:15:00+02:00,0.0
2026-08-21T23:30:00+02:00,0.0
2026-08-21T23:45:00+02:00,0.0
2026-08-22T00:00:00+02:00,0.0
2026-08-22T00:15:00+02:00,0.0
2026-08-22T00:30:00+02:00,0.0
2026-08-22T00:45:00+02:00,0.0
2026-08-22T01:00:00+02:00,0.0
2026-08-22T01:15:00+02:00,0.0
2026-08-22T01:30:00+02:00,0.0
2026-08-22T01:45:00+02:00,0.0
2026-08-22T02:00:00+02:00,0.0
2026-08-22T02:15:00+02:00,0.0
2026-08-22T02:30:00+02:00,0.0
2026-08-22T02:45:00+02:00,0.0
2026-08-22T03:00:00+02:00,0.0
2026-08-22T03:15:00+02:00,0.0
2026-08-22T03:30:00+02:00,0.0
2026-08-22T03:45:00+02:00,0.0
2026-08-22T04:00:00+02:00,0.0
2026-08-22T04:15:00+02:00,0.0
2026-08-22T04:30:00+02:00,0.0
2026-08-22T04:45:00+02:00,0.0
2026-08-22T05:00:00+02:00,0.0
2026-08-22T05:15:00+02:00,0.0
2026-08-22T05:30:00+02:00,0.0
2026-08-22T05:45:00+02:00,0.0
2026-08-22T06:00:00+02:00,0.0
2026-08-22T06:15:00+02:00,0.0
2026-08-22T06:30:00+02:00,0.0
2026-08-22T06:45:00+02:00,0.0
2026-08-22T07:00:00+02:00,0.0
2026-08-22T07:15:00+02:00,0.0
2026-08-22T07:30:00+02:00,0.0
2026-08-22T07:45:00+02:00,0.0
2026-08-22T08:00:00+02:00,0.0
2026-08-22T08:15:00+02:00,0.0
2026-08-22T08:30:00+02:00,0.0
2026-08-22T08:45:00+02:00,0.0
2026-08-22T09:00:00+02:00,0.0
2026-08-22T09:15:00+02:00,0.0
2026-08-22T09:30:00+02:00,0.0
2026-08-22T09:45:00+02:00,0.0
2026-08-22T10:00:00+02:00,0.0
2026-08-22T10:15:00+02:00,0.0
2026-08-22T10:30:00+02:00,0.0
2026-08-22T10:45:00+02:00,0.0
2026-08-22T11:00:00+02:00,0.0
2026-08-22T11:15:00+02:00,0.0
2026-08-22T11:30:00+02:00,0.0
2026-08-22T11:45:00+02:00,0.0
2026-08-22T12:00:00+02:00,0.0
2026-08-22T12:15:00+02:00,0.0
2026-08-22T12:30:00+02:00,0.0
2026-08-22T12:45:00+02:00,0.0
2026-08-22T13:00:00+02:00,0.0
2026-08-22T13:15:00+02:00,0.0
2026-08-22T13:30:00+02:00,0.0
2026-08-22T13:45:00+02:00,0.0
2026-08-22T14:00:00+02:00,0.0
2026-08-22T14:15:00+02:00,0.0
2026-08-22T14:30:00+02:00,0.0
2026-08-22T14:45:00+02:00,0.0
2026-08-22T15:00:00+02:00,0.0
2026-08-22T15:15:00+02:00,0.0
2026-08-22T15:30:00+02:00,0.0
2026-08-22T15:45:00+02:00,0.0
2026-08-22T16:00:00+02:00,0.0
2026-08-22T16:15:00+02:00,0.0
2026-08-22T16:30:00+02:00,0.0
2026-08-22T16:45:00+02:00,0.0
2026-08-22T17:00:00+02:00,0.0
2026-08-22T17:15:00+02:00,0.0
2026-08-22T17:30:00+02:00,0.0
2026-08-22T17:45:00+02:00,0.0
2026-08-22T18:00:00+02:00,0.0
2026-08-22T18:15:00+02:00,0.0
2026-08-22T18:30:00+02:00,0.0
2026-08-22T18:45:00+02:00,0.0
2026-08-22T19:00:00+02:00,0.0
2026-08-22T19:15:00+02:00,0.0
2026-08-22T19:30:00+02:00,0.0
2026-08-22T19:45:00+02:00,0.0
2026-08-22T20:00:00+02:00,0.0
2026-08-22T20:15:00+02:00,0.0
2026-08-22T20:30:00+02:00,0.0
2026-08-22T20:45:00+02:00,0.0
2026-08-22T21:00:00+02:00,0.0
2026-08-22T21:15:00+02:00,0.0
2026-08-22T21:30:00+02:00,0.0
2026-08-22T21:45:00+02:00,0.0
2026-08-22T22:00:00+02:00,0.0
2026-08-22T22:15:00+02:00,0.0
2026-08-22T22:30:00+02:00,0.0
2026-08-22T22:45:00+02:00,0.0
2026-08-22T23:00:00+02:00,0.0
2026-08-22T23:15:00+02:00,0.0
2026-08-22T23:30:00+02:00,0.0
2026-08-22T23:45:00+02:00,0.0
2026-08-23T00:00:00+02:00,0.0
2026-08-23T00:15:00+02:00,0.0
2026-08-23T00:30:00+02:00,0.0
2026-08-23T00:45:00+02:00,0.0
2026-08-23T01:00:00+02:00,0.0
2026-08-23T01:15:00+02:00,0.0
2026-08-23T01:30:00+02:00,0.0
2026-08-23T01:45:00+02:00,0.0
2026-08-23T02:00:00+02:00,0.0
2026-08-23T02:15:00+02:00,0.0
2026-08-23T02:30:00+02:00,0.0
2026-08-23T02:45:00+02:00,0.0
2026-08-23T03:00:00+02:00,0.0
2026-08-23T03:15:00+02:00,0.0
2026-08-23T03:30:00+02:00,0.0
2026-08-23T03:45:00+02:00,0.0
2026-08-23T04:00:00+02:00,0.0
2026-08-23T04:15:00+02:00,0.0
2026-08-23T04:30:00+02:00,0.0
2026-08-23T04:45:00+02:00,0.0
2026-08-23T05:00:00+02:00,0.0
2026-08-23T05:15:00+02:00,0.0
2026-08-23T05:30:00+02:00,0.0
2026-08-23T05:45:00+02:00,0.0
2026-08-23T06:00:00+02:00,0.0
2026-08-23T06:15:00+02:00,0.0
2026-08-23T06:30:00+02:00,0.0
2026-08-23T06:45:00+02:00,0.0
2026-08-23T07:00:00+02:00,0.0
2026-08-23T07:15:00+02:00,0.0
2026-08-23T07:30:00+02:00,0.0
2026-08-23T07:45:00+02:00,0.0
2026-08-23T08:00:00+02:00,0.0
2026-08-23T08:15:00+02:00,0.0
2026-08-23T08:30:00+02:00,0.0
2026-08-23T08:45:00+02:00,0.0
2026-08-23T09:00:00+02:00,0.0
2026-08-23T09:15:00+02:00,0.0
2026-08-23T09:30:00+02:00,0.0
2026-08-23T09:45:00+02:00,0.0
2026-08-23T10:00:00+02:00,0.0
2026-08-23T10:15:00+02:00,0.0
2026-08-23T10:30:00+02:00,0.0
2026-08-23T10:45:00+02:00,0.0
2026-08-23T11:00:00+02:00,0.0
2026-08-23T11:15:00+02:00,0.0
2026-08-23T11:30:00+02:00,0.0
2026-08-23T11:45:00+02:00,0.0
2026-08-23T12:00:00+02:00,0.0
2026-08-23T12:15:00+02:00,0.0
2026-08-23T12:30:00+02:00,0.0
2026-08-23T12:45:00+02:00,0.0
2026-08-23T13:00:00+02:00,0.0
2026-08-23T13:15:00+02:00,0.0
2026-08-23T13:30:00+02:00,0.0
2026-08-23T13:45:00+02:00,0.0
2026-08-23T14:00:00+02:00,0.0
2026-08-23T14:15:00+02:00,0.0
2026-08-23T14:30:00+02:00,0.0
2026-08-23T14:45:00+02:00,0.0
2026-08-23T15:00:00+02:00,0.0
2026-08-23T15:15:00+02:00,0.0
2026-08-23T15:30:00+02:00,0.0
2026-08-23T15:45:00+02:00,0.0
2026-08-23T16:00:00+02:00,0.0
2026-08-23T16:15:00+02:00,0.0
2026-08-23T16:30:00+02:00,0.0
2026-08-23T16:45:00+02:00,0.0
2026-08-23T17:00:00+02:00,0.0
2026-08-23T17:15:00+02:00,0.0
2026-08-23T17:30:00+02:00,0.0
2026-08-23T17:45:00+02:00,0.0
2026-08-23T18:00:00+02:00,0.0
2026-08-23T18:15:00+02:00,0.0
2026-08-23T18:30:00+02:00,0.0
2026-08-23T18:45:00+02:00,0.0
2026-08-23T19:00:00+02:00,0.0
2026-08-23T19:15:00+02:00,0.0
2026-08-23T19:30:00+02:00,0.0
2026-08-23T19:45:00+02:00,0.0
2026-08-23T20:00:00+02:00,0.0
2026-08-23T20:15:00+02:00,0.0
2026-08-23T20:30:00+02:00,0.0
2026-08-23T20:45:00+02:00,0.0
2026-08-23T21:00:00+02:00,0.0
2026-08-23T21:15:00+02:00,0.0
2026-08-23T21:30:00+02:00,0.0
2026-08-23T21:45:00+02:00,0.0
2026-08-23T22:00:00+02:00,0.0
2026-08-23T22:15:00+02:00,0.0
2026-08-23T22:30:00+02:00,0.0
2026-08-23T22:45:00+02:00,0.0
2026-08-23T23:00:00+02:00,0.0
2026-08-23T23:15:00+02:00,0.0
2026-08-23T23:30:00+02:00,0.0
2026-08-23T23:45:00+02:00,0.0
2026-08-24T00:00:00+02:00,0.0
2026-08-24T00:15:00+02:00,0.0
2026-08-24T00:30:00+02:00,0.0
2026-08-24T00:45:00+02:00,0.0
2026-08-24T01:00:00+02:00,0.0
2026-08-24T01:15:00+02:00,0.0
2026-08-24T01:30:00+02:00,0.0
2026-08-24T01:45:00+02:00,0.0
2026-08-24T02:00:00+02:00,0.0
2026-08-24T02:15:00+02:00,0.0
2026-08-24T02:30:00+02:00,0.0
2026-08-24T02:45:00+02:00,0.0
2026-08-24T03:00:00+02:00,0.0
2026-08-24T03:15:00+02:00,0.0
2026-08-24T03:30:00+02:00,0.0
2026-08-24T03:45:00+02:00,0.0
2026-08-24T04:00:00+02:00,0.0
2026-08-24T04:15:00+02:00,0.0
2026-08-24T04:30:00+02:00,0.0
2026-08-24T04:45:00+02:00,0.0
2026-08-24T05:00:00+02:00,0.0
2026-08-24T05:15:00+02:00,0.0
2026-08-24T05:30:00+02:00,0.0
2026-08-24T05:45:00+02:00,0.0
2026-08-24T06:00:00+02:00,0.0
2026-08-24T06:15:00+02:00,0.0
2026-08-24T06:30:00+02:00,0.0
2026-08-24T06:45:00+02:00,0.31797
2026-08-24T07:00:00+02:00,1.214724
2026-08-24T07:15:00+02:00,4.726526
2026-08-24T07:30:00+02:00,6.00936
2026-08-24T07:45:00+02:00,6.121924
2026-08-24T08:00:00+02:00,6.141176
2026-08-24T08:15:00+02:00,6.13782
2026-08-24T08:30:00+02:00,6.135858
2026-08-24T08:45:00+02:00,6.041602
2026-08-24T09:00:00+02:00,6.1489
2026-08-24T09:15:00+02:00,6.133085
2026-08-24T09:30:00+02:00,5.962901
2026-08-24T09:45:00+02:00,4.622734
2026-08-24T10:00:00+02:00,5.678
2026-08-24T10:15:00+02:00,5.66429
2026-08-24T10:30:00+02:00,5.87117
2026-08-24T10:45:00+02:00,6.11672
2026-08-24T11:00:00+02:00,5.9988
2026-08-24T11:15:00+02:00,5.32016
2026-08-24T11:30:00+02:00,5.24354
2026-08-24T11:45:00+02:00,4.18118
2026-08-24T12:00:00+02:00,5.1165
2026-08-24T12:15:00+02:00,5.76176
2026-08-24T12:30:00+02:00,3.578238
2026-08-24T12:45:00+02:00,0.275062
2026-08-24T13:00:00+02:00,0.348
2026-08-24T13:15:00+02:00,0.79074
2026-08-24T13:30:00+02:00,1.00362
2026-08-24T13:45:00+02:00,1.55446
2026-08-24T14:00:00+02:00,0.06318
2026-08-24T14:15:00+02:00,0.697897
2026-08-24T14:30:00+02:00,0.751023
2026-08-24T14:45:00+02:00,0.55578
2026-08-24T15:00:00+02:00,0.0153
2026-08-24T15:15:00+02:00,0.0
2026-08-24T15:30:00+02:00,0.1911
2026-08-24T15:45:00+02:00,0.2289
2026-08-24T16:00:00+02:00,1.03409
2026-08-24T16:15:00+02:00,0.54591
2026-08-24T16:30:00+02:00,0.0
2026-08-24T16:45:00+02:00,0.4202
2026-08-24T17:00:00+02:00,0.0198
2026-08-24T17:15:00+02:00,0.0
2026-08-24T17:30:00+02:00,0.86876
2026-08-24T17:45:00+02:00,1.508738
2026-08-24T18:00:00+02:00,2.446982
2026-08-24T18:15:00+02:00,4.77908
2026-08-24T18:30:00+02:00,4.561285
2026-08-24T18:45:00+02:00,0.443155
2026-08-24T19:00:00+02:00,0.0
2026-08-24T19:15:00+02:00,3.19352
2026-08-24T19:30:00+02:00,5.194821
2026-08-24T19:45:00+02:00,5.664759
2026-08-24T20:00:00+02:00,2.2789
2026-08-24T20:15:00+02:00,2.143268
2026-08-24T20:30:00+02:00,3.323852
2026-08-24T20:45:00+02:00,3.79558
2026-08-24T21:00:00+02:00,2.731124
2026-08-24T21:15:00+02:00,2.452894
2026-08-24T21:30:00+02:00,3.004803
2026-08-24T21:45:00+02:00,2.430556
2026-08-24T22:00:00+02:00,0.081923
2026-08-24T22:15:00+02:00,0.0
2026-08-24T22:30:00+02:00,0.0
2026-08-24T22:45:00+02:00,0.0
2026-08-24T23:00:00+02:00,0.0
2026-08-24T23:15:00+02:00,0.0
2026-08-24T23:30:00+02:00,0.0
2026-08-24T23:45:00+02:00,0.0
2026-08-25T00:00:00+02:00,0.0
2026-08-25T00:15:00+02:00,0.0
2026-08-25T00:30:00+02:00,0.0
2026-08-25T00:45:00+02:00,0.0
2026-08-25T01:00:00+02:00,0.0
2026-08-25T01:15:00+02:00,0.0
2026-08-25T01:30:00+02:00,0.0
2026-08-25T01:45:00+02:00,0.0
2026-08-25T02:00:00+02:00,0.0
2026-08-25T02:15:00+02:00,0.0
2026-08-25T02:30:00+02:00,0.0
2026-08-25T02:45:00+02:00,0.0
2026-08-25T03:00:00+02:00,0.0
2026-08-25T03:15:00+02:00,0.0
2026-08-25T03:30:00+02:00,0.0
2026-08-25T03:45:00+02:00,0.0
2026-08-25T04:00:00+02:00,0.0
2026-08-25T04:15:00+02:00,0.0
2026-08-25T04:30:00+02:00,0.0
2026-08-25T04:45:00+02:00,0.0
2026-08-25T05:00:00+02:00,0.0
2026-08-25T05:15:00+02:00,0.0
2026-08-25T05:30:00+02:00,0.0
2026-08-25T05:45:00+02:00,0.0
2026-08-25T06:00:00+02:00,2.070277
2026-08-25T06:15:00+02:00,2.694683
2026-08-25T06:30:00+02:00,5.29626
2026-08-25T06:45:00+02:00,5.885852
2026-08-25T07:00:00+02:00,5.866048
2026-08-25T07:15:00+02:00,5.8863
2026-08-25T07:30:00+02:00,5.821938
2026-08-25T07:45:00+02:00,5.686602
2026-08-25T08:00:00+02:00,4.64508
2026-08-25T08:15:00+02:00,3.19124
2026-08-25T08:30:00+02:00,2.431093
2026-08-25T08:45:00+02:00,2.331928
2026-08-25T09:00:00+02:00,5.6922
2026-08-25T09:15:00+02:00,5.555445
2026-08-25T09:30:00+02:00,5.039735
2026-08-25T09:45:00+02:00,4.44026
2026-08-25T10:00:00+02:00,5.42309
2026-08-25T10:15:00+02:00,5.94187
2026-08-25T10:30:00+02:00,5.21017
2026-08-25T10:45:00+02:00,5.30333
2026-08-25T11:00:00+02:00,5.22026
2026-08-25T11:15:00+02:00,4.275957
2026-08-25T11:30:00+02:00,4.542977
2026-08-25T11:45:00+02:00,4.459446
2026-08-25T12:00:00+02:00,4.58768
2026-08-25T12:15:00+02:00,5.184714
2026-08-25T12:30:00+02:00,3.168466
2026-08-25T12:45:00+02:00,1.77624
2026-08-25T13:00:00+02:00,0.899106
2026-08-25T13:15:00+02:00,2.123794
2026-08-25T13:30:00+02:00,5.64634
2026-08-25T13:45:00+02:00,5.891404
2026-08-25T14:00:00+02:00,5.555799
2026-08-25T14:15:00+02:00,4.923677
2026-08-25T14:30:00+02:00,3.1424
2026-08-25T14:45:00+02:00,5.563231
2026-08-25T15:00:00+02:00,6.032569
2026-08-25T15:15:00+02:00,5.17112
2026-08-25T15:30:00+02:00,4.68046
2026-08-25T15:45:00+02:00,5.776
2026-08-25T16:00:00+02:00,5.443835
2026-08-25T16:15:00+02:00,5.061385
2026-08-25T16:30:00+02:00,5.70002
2026-08-25T16:45:00+02:00,5.864066
2026-08-25T17:00:00+02:00,5.85755
2026-08-25T17:15:00+02:00,5.645824
2026-08-25T17:30:00+02:00,5.6872
2026-08-25T17:45:00+02:00,6.05018
2026-08-25T18:00:00+02:00,5.85046
2026-08-25T18:15:00+02:00,6.045515
2026-08-25T18:30:00+02:00,6.064765
2026-08-25T18:45:00+02:00,4.22432
2026-08-25T19:00:00+02:00,2.893767
2026-08-25T19:15:00+02:00,4.695573
2026-08-25T19:30:00+02:00,5.86706
2026-08-25T19:45:00+02:00,5.87964
2026-08-25T20:00:00+02:00,6.04854
2026-08-25T20:15:00+02:00,5.178431
2026-08-25T20:30:00+02:00,3.094789
2026-08-25T20:45:00+02:00,3.96134
2026-08-25T21:00:00+02:00,5.24552
2026-08-25T21:15:00+02:00,5.106248
2026-08-25T21:30:00+02:00,4.250112
2026-08-25T21:45:00+02:00,1.99486
2026-08-25T22:00:00+02:00,0.26596
2026-08-25T22:15:00+02:00,0.0
2026-08-25T22:30:00+02:00,0.0
2026-08-25T22:45:00+02:00,0.0
2026-08-25T23:00:00+02:00,0.0
2026-08-25T23:15:00+02:00,0.0
2026-08-25T23:30:00+02:00,0.0
2026-08-25T23:45:00+02:00,0.0
2026-08-26T00:00:00+02:00,0.0
2026-08-26T00:15:00+02:00,0.0
2026-08-26T00:30:00+02:00,0.0
2026-08-26T00:45:00+02:00,0.0
2026-08-26T01:00:00+02:00,0.0
2026-08-26T01:15:00+02:00,0.0
2026-08-26T01:30:00+02:00,0.0
2026-08-26T01:45:00+02:00,0.0
2026-08-26T02:00:00+02:00,0.0
2026-08-26T02:15:00+02:00,0.0
2026-08-26T02:30:00+02:00,0.0
2026-08-26T02:45:00+02:00,0.0
2026-08-26T03:00:00+02:00,0.0
2026-08-26T03:15:00+02:00,0.0
2026-08-26T03:30:00+02:00,0.0
2026-08-26T03:45:00+02:00,0.0
2026-08-26T04:00:00+02:00,0.0
2026-08-26T04:15:00+02:00,0.0
2026-08-26T04:30:00+02:00,0.0
2026-08-26T04:45:00+02:00,0.0
2026-08-26T05:00:00+02:00,0.0
2026-08-26T05:15:00+02:00,0.0
2026-08-26T05:30:00+02:00,0.0
2026-08-26T05:45:00+02:00,0.0
2026-08-26T06:00:00+02:00,0.0
2026-08-26T06:15:00+02:00,0.41314
2026-08-26T06:30:00+02:00,2.98932
2026-08-26T06:45:00+02:00,3.55354
2026-08-26T07:00:00+02:00,3.21748
2026-08-26T07:15:00+02:00,5.04712
2026-08-26T07:30:00+02:00,5.882994
2026-08-26T07:45:00+02:00,6.082966
2026-08-26T08:00:00+02:00,6.07092
2026-08-26T08:15:00+02:00,5.878527
2026-08-26T08:30:00+02:00,4.752013
2026-08-26T08:45:00+02:00,4.976
2026-08-26T09:00:00+02:00,6.07364
2026-08-26T09:15:00+02:00,5.870313
2026-08-26T09:30:00+02:00,5.638567
2026-08-26T09:45:00+02:00,4.68698
2026-08-26T10:00:00+02:00,5.071705
2026-08-26T10:15:00+02:00,5.727355
2026-08-26T10:30:00+02:00,5.10526
2026-08-26T10:45:00+02:00,3.75856
2026-08-26T11:00:00+02:00,0.4256
2026-08-26T11:15:00+02:00,0.403211
2026-08-26T11:30:00+02:00,2.849019
2026-08-26T11:45:00+02:00,4.83243
2026-08-26T12:00:00+02:00,4.60118
2026-08-26T12:15:00+02:00,5.525703
2026-08-26T12:30:00+02:00,4.526897
2026-08-26T12:45:00+02:00,3.8343
2026-08-26T13:00:00+02:00,5.676495
2026-08-26T13:15:00+02:00,5.785585
2026-08-26T13:30:00+02:00,5.70956
2026-08-26T13:45:00+02:00,5.6083
2026-08-26T14:00:00+02:00,5.7597
2026-08-26T14:15:00+02:00,6.068761
2026-08-26T14:30:00+02:00,5.184224
2026-08-26T14:45:00+02:00,5.990691
2026-08-26T15:00:00+02:00,5.92197
2026-08-26T15:15:00+02:00,5.357693
2026-08-26T15:30:00+02:00,5.76386
2026-08-26T15:45:00+02:00,5.796944
2026-08-26T16:00:00+02:00,6.056036
2026-08-26T16:15:00+02:00,6.04872
2026-08-26T16:30:00+02:00,6.044314
2026-08-26T16:45:00+02:00,5.987626
2026-08-26T17:00:00+02:00,5.78016
2026-08-26T17:15:00+02:00,5.409
2026-08-26T17:30:00+02:00,5.63762
2026-08-26T17:45:00+02:00,4.858899
2026-08-26T18:00:00+02:00,5.497899
2026-08-26T18:15:00+02:00,6.028842
2026-08-26T18:30:00+02:00,4.97678
2026-08-26T18:45:00+02:00,0.13158
2026-08-26T19:00:00+02:00,0.0
2026-08-26T19:15:00+02:00,2.88404
2026-08-26T19:30:00+02:00,5.285258
2026-08-26T19:45:00+02:00,3.234822
2026-08-26T20:00:00+02:00,1.06172
2026-08-26T20:15:00+02:00,0.183857
2026-08-26T20:30:00+02:00,0.615552
2026-08-26T20:45:00+02:00,0.396211
2026-08-26T21:00:00+02:00,0.80874
2026-08-26T21:15:00+02:00,0.8298
2026-08-26T21:30:00+02:00,0.0
2026-08-26T21:45:00+02:00,0.768394
2026-08-26T22:00:00+02:00,0.399606
2026-08-26T22:15:00+02:00,0.0
2026-08-26T22:30:00+02:00,0.0
2026-08-26T22:45:00+02:00,0.0
2026-08-26T23:00:00+02:00,0.0
2026-08-26T23:15:00+02:00,0.0
2026-08-26T23:30:00+02:00,0.0
2026-08-26T23:45:00+02:00,0.0
2026-08-27T00:00:00+02:00,0.0
2026-08-27T00:15:00+02:00,0.0
2026-08-27T00:30:00+02:00,0.0
2026-08-27T00:45:00+02:00,0.0
2026-08-27T01:00:00+02:00,0.0
2026-08-27T01:15:00+02:00,0.0
2026-08-27T01:30:00+02:00,0.0
2026-08-27T01:45:00+02:00,0.0
2026-08-27T02:00:00+02:00,0.0
2026-08-27T02:15:00+02:00,0.0
2026-08-27T02:30:00+02:00,0.0
2026-08-27T02:45:00+02:00,0.0
2026-08-27T03:00:00+02:00,0.0
2026-08-27T03:15:00+02:00,0.0
2026-08-27T03:30:00+02:00,0.0
2026-08-27T03:45:00+02:00,0.0
2026-08-27T04:00:00+02:00,0.0
2026-08-27T04:15:00+02:00,0.0
2026-08-27T04:30:00+02:00,0.0
2026-08-27T04:45:00+02:00,0.0
2026-08-27T05:00:00+02:00,0.0
2026-08-27T05:15:00+02:00,0.0
2026-08-27T05:30:00+02:00,0.0
2026-08-27T05:45:00+02:00,0.14924
2026-08-27T06:00:00+02:00,1.21016
2026-08-27T06:15:00+02:00,1.62044
2026-08-27T06:30:00+02:00,1.68048
2026-08-27T06:45:00+02:00,0.7614
2026-08-27T07:00:00+02:00,3.601827
2026-08-27T07:15:00+02:00,3.941713
2026-08-27T07:30:00+02:00,3.53534
2026-08-27T07:45:00+02:00,2.863866
2026-08-27T08:00:00+02:00,2.835928
2026-08-27T08:15:00+02:00,4.184966
2026-08-27T08:30:00+02:00,2.1262
2026-08-27T08:45:00+02:00,2.367986
2026-08-27T09:00:00+02:00,3.154034
2026-08-27T09:15:00+02:00,3.01286
2026-08-27T09:30:00+02:00,2.53159
2026-08-27T09:45:00+02:00,1.94037
2026-08-27T10:00:00+02:00,2.7986
2026-08-27T10:15:00+02:00,3.08552
2026-08-27T10:30:00+02:00,1.46414
2026-08-27T10:45:00+02:00,0.02934
2026-08-27T11:00:00+02:00,0.0
2026-08-27T11:15:00+02:00,0.0
2026-08-27T11:30:00+02:00,0.0
2026-08-27T11:45:00+02:00,0.15984
2026-08-27T12:00:00+02:00,1.71634
2026-08-27T12:15:00+02:00,2.58708
2026-08-27T12:30:00+02:00,1.234291
2026-08-27T12:45:00+02:00,0.407929
2026-08-27T13:00:00+02:00,3.12906
2026-08-27T13:15:00+02:00,1.929966
2026-08-27T13:30:00+02:00,2.240589
2026-08-27T13:45:00+02:00,2.296225
2026-08-27T14:00:00+02:00,0.64904
2026-08-27T14:15:00+02:00,1.740652
2026-08-27T14:30:00+02:00,2.150928
2026-08-27T14:45:00+02:00,2.922748
2026-08-27T15:00:00+02:00,1.427372
2026-08-27T15:15:00+02:00,2.25672
2026-08-27T15:30:00+02:00,2.53146
2026-08-27T15:45:00+02:00,2.6163
2026-08-27T16:00:00+02:00,3.186022
2026-08-27T16:15:00+02:00,3.787398
2026-08-27T16:30:00+02:00,3.23472
2026-08-27T16:45:00+02:00,0.10332
2026-08-27T17:00:00+02:00,0.0
2026-08-27T17:15:00+02:00,1.81058
2026-08-27T17:30:00+02:00,0.86324
2026-08-27T17:45:00+02:00,3.79934
2026-08-27T18:00:00+02:00,3.392
2026-08-27T18:15:00+02:00,2.75706
2026-08-27T18:30:00+02:00,3.35546
2026-08-27T18:45:00+02:00,0.09432
2026-08-27T19:00:00+02:00,0.0
2026-08-27T19:15:00+02:00,2.707927
2026-08-27T19:30:00+02:00,3.375353
2026-08-27T19:45:00+02:00,1.9537
2026-08-27T20:00:00+02:00,2.917855
2026-08-27T20:15:00+02:00,2.554285
2026-08-27T20:30:00+02:00,3.01552
2026-08-27T20:45:00+02:00,4.170628
2026-08-27T21:00:00+02:00,3.280238
2026-08-27T21:15:00+02:00,4.606834
2026-08-27T21:30:00+02:00,2.72388
2026-08-27T21:45:00+02:00,0.05778
2026-08-27T22:00:00+02:00,0.0
2026-08-27T22:15:00+02:00,0.0
2026-08-27T22:30:00+02:00,0.0
2026-08-27T22:45:00+02:00,0.0
2026-08-27T23:00:00+02:00,0.0
2026-08-27T23:15:00+02:00,0.0
2026-08-27T23:30:00+02:00,0.0
2026-08-27T23:45:00+02:00,0.0
2026-08-28T00:00:00+02:00,0.0
2026-08-28T00:15:00+02:00,0.0
2026-08-28T00:30:00+02:00,0.0
2026-08-28T00:45:00+02:00,0.0
2026-08-28T01:00:00+02:00,0.0
2026-08-28T01:15:00+02:00,0.0
2026-08-28T01:30:00+02:00,0.0
2026-08-28T01:45:00+02:00,0.0
2026-08-28T02:00:00+02:00,0.0
2026-08-28T02:15:00+02:00,0.0
2026-08-28T02:30:00+02:00,0.0
2026-08-28T02:45:00+02:00,0.0
2026-08-28T03:00:00+02:00,0.0
2026-08-28T03:15:00+02:00,0.0
2026-08-28T03:30:00+02:00,0.0
2026-08-28T03:45:00+02:00,0.0
2026-08-28T04:00:00+02:00,0.0
2026-08-28T04:15:00+02:00,0.0
2026-08-28T04:30:00+02:00,0.0
2026-08-28T04:45:00+02:00,0.0
2026-08-28T05:00:00+02:00,0.0
2026-08-28T05:15:00+02:00,0.0
2026-08-28T05:30:00+02:00,0.0
2026-08-28T05:45:00+02:00,0.0
2026-08-28T06:00:00+02:00,0.0
2026-08-28T06:15:00+02:00,0.33852
2026-08-28T06:30:00+02:00,3.28958
2026-08-28T06:45:00+02:00,4.02702
2026-08-28T07:00:00+02:00,4.600354
2026-08-28T07:15:00+02:00,4.486446
2026-08-28T07:30:00+02:00,5.54092
2026-08-28T07:45:00+02:00,4.97941
2026-08-28T08:00:00+02:00,3.874999
2026-08-28T08:15:00+02:00,3.990951
2026-08-28T08:30:00+02:00,5.05456
2026-08-28T08:45:00+02:00,6.01105
2026-08-28T09:00:00+02:00,6.01401
2026-08-28T09:15:00+02:00,5.93756
2026-08-28T09:30:00+02:00,5.91826
2026-08-28T09:45:00+02:00,3.651
2026-08-28T10:00:00+02:00,4.93194
2026-08-28T10:15:00+02:00,5.705493
2026-08-28T10:30:00+02:00,5.422625
2026-08-28T10:45:00+02:00,5.859342
2026-08-28T11:00:00+02:00,5.78412
2026-08-28T11:15:00+02:00,5.088323
2026-08-28T11:30:00+02:00,4.634065
2026-08-28T11:45:00+02:00,5.231712
2026-08-28T12:00:00+02:00,5.46266
2026-08-28T12:15:00+02:00,5.27234
2026-08-28T12:30:00+02:00,3.68788
2026-08-28T12:45:00+02:00,0.49506
2026-08-28T13:00:00+02:00,2.063344
2026-08-28T13:15:00+02:00,4.227636
2026-08-28T13:30:00+02:00,5.52566
2026-08-28T13:45:00+02:00,4.146125
2026-08-28T14:00:00+02:00,5.362554
2026-08-28T14:15:00+02:00,5.994301
2026-08-28T14:30:00+02:00,5.79208
2026-08-28T14:45:00+02:00,5.67884
2026-08-28T15:00:00+02:00,5.28564
2026-08-28T15:15:00+02:00,4.6721
2026-08-28T15:30:00+02:00,5.823636
2026-08-28T15:45:00+02:00,4.812804
2026-08-28T16:00:00+02:00,4.15986
2026-08-28T16:15:00+02:00,3.347876
2026-08-28T16:30:00+02:00,3.302032
2026-08-28T16:45:00+02:00,4.586312
2026-08-28T17:00:00+02:00,3.85034
2026-08-28T17:15:00+02:00,5.303976
2026-08-28T17:30:00+02:00,4.156844
2026-08-28T17:45:00+02:00,5.78756
2026-08-28T18:00:00+02:00,5.87082
2026-08-28T18:15:00+02:00,5.98527
2026-08-28T18:30:00+02:00,5.42191
2026-08-28T18:45:00+02:00,2.28668
2026-08-28T19:00:00+02:00,2.08478
2026-08-28T19:15:00+02:00,4.32956
2026-08-28T19:30:00+02:00,5.78988
2026-08-28T19:45:00+02:00,5.972901
2026-08-28T20:00:00+02:00,5.064172
2026-08-28T20:15:00+02:00,5.964307
2026-08-28T20:30:00+02:00,6.02674
2026-08-28T20:45:00+02:00,5.951864
2026-08-28T21:00:00+02:00,5.956136
2026-08-28T21:15:00+02:00,4.83136
2026-08-28T21:30:00+02:00,0.7739
2026-08-28T21:45:00+02:00,0.0
2026-08-28T22:00:00+02:00,0.0
2026-08-28T22:15:00+02:00,0.0
2026-08-28T22:30:00+02:00,0.0
2026-08-28T22:45:00+02:00,0.0
2026-08-28T23:00:00+02:00,0.0
2026-08-28T23:15:00+02:00,0.0
2026-08-28T23:30:00+02:00,0.0
2026-08-28T23:45:00+02:00,0.0
2026-08-29T00:00:00+02:00,0.0
2026-08-29T00:15:00+02:00,0.0
2026-08-29T00:30:00+02:00,0.0
2026-08-29T00:45:00+02:00,0.0
2026-08-29T01:00:00+02:00,0.0
2026-08-29T01:15:00+02:00,0.0
2026-08-29T01:30:00+02:00,0.0
2026-08-29T01:45:00+02:00,0.0
2026-08-29T02:00:00+02:00,0.0
2026-08-29T02:15:00+02:00,0.0
2026-08-29T02:30:00+02:00,0.0
2026-08-29T02:45:00+02:00,0.0
2026-08-29T03:00:00+02:00,0.0
2026-08-29T03:15:00+02:00,0.0
2026-08-29T03:30:00+02:00,0.0
2026-08-29T03:45:00+02:00,0.0
2026-08-29T04:00:00+02:00,0.0
2026-08-29T04:15:00+02:00,0.0
2026-08-29T04:30:00+02:00,0.0
2026-08-29T04:45:00+02:00,0.0
2026-08-29T05:00:00+02:00,0.0
2026-08-29T05:15:00+02:00,0.0
2026-08-29T05:30:00+02:00,0.0
2026-08-29T05:45:00+02:00,0.0
2026-08-29T06:00:00+02:00,0.0
2026-08-29T06:15:00+02:00,0.0
2026-08-29T06:30:00+02:00,0.0
2026-08-29T06:45:00+02:00,0.0
2026-08-29T07:00:00+02:00,0.0
2026-08-29T07:15:00+02:00,0.0
2026-08-29T07:30:00+02:00,0.0
2026-08-29T07:45:00+02:00,0.0
2026-08-29T08:00:00+02:00,0.0
2026-08-29T08:15:00+02:00,0.0
2026-08-29T08:30:00+02:00,0.0
2026-08-29T08:45:00+02:00,0.0
2026-08-29T09:00:00+02:00,0.0
2026-08-29T09:15:00+02:00,0.0
2026-08-29T09:30:00+02:00,0.0
2026-08-29T09:45:00+02:00,0.0
2026-08-29T10:00:00+02:00,0.0
2026-08-29T10:15:00+02:00,0.0
2026-08-29T10:30:00+02:00,0.0
2026-08-29T10:45:00+02:00,0.0
2026-08-29T11:00:00+02:00,0.0
2026-08-29T11:15:00+02:00,0.0
2026-08-29T11:30:00+02:00,0.0
2026-08-29T11:45:00+02:00,0.0
2026-08-29T12:00:00+02:00,0.0
2026-08-29T12:15:00+02:00,0.0
2026-08-29T12:30:00+02:00,0.0
2026-08-29T12:45:00+02:00,0.0
2026-08-29T13:00:00+02:00,0.0
2026-08-29T13:15:00+02:00,0.0
2026-08-29T13:30:00+02:00,0.0
2026-08-29T13:45:00+02:00,0.0
2026-08-29T14:00:00+02:00,0.0
2026-08-29T14:15:00+02:00,0.0
2026-08-29T14:30:00+02:00,0.0
2026-08-29T14:45:00+02:00,0.0
2026-08-29T15:00:00+02:00,0.0
2026-08-29T15:15:00+02:00,0.0
2026-08-29T15:30:00+02:00,0.0
2026-08-29T15:45:00+02:00,0.0
2026-08-29T16:00:00+02:00,0.0
2026-08-29T16:15:00+02:00,0.0
2026-08-29T16:30:00+02:00,0.0
2026-08-29T16:45:00+02:00,0.0
2026-08-29T17:00:00+02:00,0.0
2026-08-29T17:15:00+02:00,0.0
2026-08-29T17:30:00+02:00,0.0
2026-08-29T17:45:00+02:00,0.0
2026-08-29T18:00:00+02:00,0.0
2026-08-29T18:15:00+02:00,0.0
2026-08-29T18:30:00+02:00,0.0
2026-08-29T18:45:00+02:00,0.0
2026-08-29T19:00:00+02:00,0.0
2026-08-29T19:15:00+02:00,0.0
2026-08-29T19:30:00+02:00,0.0
2026-08-29T19:45:00+02:00,0.0
2026-08-29T20:00:00+02:00,0.0
2026-08-29T20:15:00+02:00,0.0
2026-08-29T20:30:00+02:00,0.0
2026-08-29T20:45:00+02:00,0.0
2026-08-29T21:00:00+02:00,0.0
2026-08-29T21:15:00+02:00,0.0
2026-08-29T21:30:00+02:00,0.0
2026-08-29T21:45:00+02:00,0.0
2026-08-29T22:00:00+02:00,0.0
2026-08-29T22:15:00+02:00,0.0
2026-08-29T22:30:00+02:00,0.0
2026-08-29T22:45:00+02:00,0.0
2026-08-29T23:00:00+02:00,0.0
2026-08-29T23:15:00+02:00,0.0
2026-08-29T23:30:00+02:00,0.0
2026-08-29T23:45:00+02:00,0.0
2026-08-30T00:00:00+02:00,0.0
2026-08-30T00:15:00+02:00,0.0
2026-08-30T00:30:00+02:00,0.0
2026-08-30T00:45:00+02:00,0.0
2026-08-30T01:00:00+02:00,0.0
2026-08-30T01:15:00+02:00,0.0
2026-08-30T01:30:00+02:00,0.0
2026-08-30T01:45:00+02:00,0.0
2026-08-30T02:00:00+02:00,0.0
2026-08-30T02:15:00+02:00,0.0
2026-08-30T02:30:00+02:00,0.0
2026-08-30T02:45:00+02:00,0.0
2026-08-30T03:00:00+02:00,0.0
2026-08-30T03:15:00+02:00,0.0
2026-08-30T03:30:00+02:00,0.0
2026-08-30T03:45:00+02:00,0.0
2026-08-30T04:00:00+02:00,0.0
2026-08-30T04:15:00+02:00,0.0
2026-08-30T04:30:00+02:00,0.0
2026-08-30T04:45:00+02:00,0.0
2026-08-30T05:00:00+02:00,0.0
2026-08-30T05:15:00+02:00,0.0
2026-08-30T05:30:00+02:00,0.0
2026-08-30T05:45:00+02:00,0.0
2026-08-30T06:00:00+02:00,0.0
2026-08-30T06:15:00+02:00,0.0
2026-08-30T06:30:00+02:00,0.0
2026-08-30T06:45:00+02:00,0.0
2026-08-30T07:00:00+02:00,0.0
2026-08-30T07:15:00+02:00,0.0
2026-08-30T07:30:00+02:00,0.0
2026-08-30T07:45:00+02:00,0.0
2026-08-30T08:00:00+02:00,0.0
2026-08-30T08:15:00+02:00,0.0
2026-08-30T08:30:00+02:00,0.0
2026-08-30T08:45:00+02:00,0.0
2026-08-30T09:00:00+02:00,0.0
2026-08-30T09:15:00+02:00,0.0
2026-08-30T09:30:00+02:00,0.0
2026-08-30T09:45:00+02:00,0.0
2026-08-30T10:00:00+02:00,0.0
2026-08-30T10:15:00+02:00,0.0
2026-08-30T10:30:00+02:00,0.0
2026-08-30T10:45:00+02:00,0.0
2026-08-30T11:00:00+02:00,0.0
2026-08-30T11:15:00+02:00,0.0
2026-08-30T11:30:00+02:00,0.0
2026-08-30T11:45:00+02:00,0.0
2026-08-30T12:00:00+02:00,0.0
2026-08-30T12:15:00+02:00,0.0
2026-08-30T12:30:00+02:00,0.0
2026-08-30T12:45:00+02:00,0.0
2026-08-30T13:00:00+02:00,0.0
2026-08-30T13:15:00+02:00,0.0
2026-08-30T13:30:00+02:00,0.0
2026-08-30T13:45:00+02:00,0.0
2026-08-30T14:00:00+02:00,0.0
2026-08-30T14:15:00+02:00,0.0
2026-08-30T14:30:00+02:00,0.0
2026-08-30T14:45:00+02:00,0.0
2026-08-30T15:00:00+02:00,0.0
2026-08-30T15:15:00+02:00,0.0
2026-08-30T15:30:00+02:00,0.0
2026-08-30T15:45:00+02:00,0.0
2026-08-30T16:00:00+02:00,0.0
2026-08-30T16:15:00+02:00,0.0
2026-08-30T16:30:00+02:00,0.0
2026-08-30T16:45:00+02:00,0.0
2026-08-30T17:00:00+02:00,0.0
2026-08-30T17:15:00+02:00,0.0
2026-08-30T17:30:00+02:00,0.0
2026-08-30T17:45:00+02:00,0.0
2026-08-30T18:00:00+02:00,0.0
2026-08-30T18:15:00+02:00,0.0
2026-08-30T18:30:00+02:00,0.0
2026-08-30T18:45:00+02:00,0.0
2026-08-30T19:00:00+02:00,0.0
2026-08-30T19:15:00+02:00,0.0
2026-08-30T19:30:00+02:00,0.0
2026-08-30T19:45:00+02:00,0.0
2026-08-30T20:00:00+02:00,0.0
2026-08-30T20:15:00+02:00,0.0
2026-08-30T20:30:00+02:00,0.0
2026-08-30T20:45:00+02:00,0.0
2026-08-30T21:00:00+02:00,0.0
2026-08-30T21:15:00+02:00,0.0
2026-08-30T21:30:00+02:00,0.0
2026-08-30T21:45:00+02:00,0.0
2026-08-30T22:00:00+02:00,0.0
2026-08-30T22:15:00+02:00,0.0
2026-08-30T22:30:00+02:00,0.0
2026-08-30T22:45:00+02:00,0.0
2026-08-30T23:00:00+02:00,0.0
2026-08-30T23:15:00+02:00,0.0
2026-08-30T23:30:00+02:00,0.0
2026-08-30T23:45:00+02:00,0.0
2026-08-31T00:00:00+02:00,0.0
2026-08-31T00:15:00+02:00,0.0
2026-08-31T00:30:00+02:00,0.0
2026-08-31T00:45:00+02:00,0.0
2026-08-31T01:00:00+02:00,0.0
2026-08-31T01:15:00+02:00,0.0
2026-08-31T01:30:00+02:00,0.0
2026-08-31T01:45:00+02:00,0.0
2026-08-31T02:00:00+02:00,0.0
2026-08-31T02:15:00+02:00,0.0
2026-08-31T02:30:00+02:00,0.0
2026-08-31T02:45:00+02:00,0.0
2026-08-31T03:00:00+02:00,0.0
2026-08-31T03:15:00+02:00,0.0
2026-08-31T03:30:00+02:00,0.0
2026-08-31T03:45:00+02:00,0.0
2026-08-31T04:00:00+02:00,0.0
2026-08-31T04:15:00+02:00,0.0
2026-08-31T04:30:00+02:00,0.0
2026-08-31T04:45:00+02:00,0.0
2026-08-31T05:00:00+02:00,0.0
2026-08-31T05:15:00+02:00,0.0
2026-08-31T05:30:00+02:00,0.0
2026-08-31T05:45:00+02:00,0.0
2026-08-31T06:00:00+02:00,0.0
2026-08-31T06:15:00+02:00,1.39036
2026-08-31T06:30:00+02:00,2.0139
2026-08-31T06:45:00+02:00,1.3117
2026-08-31T07:00:00+02:00,3.796
2026-08-31T07:15:00+02:00,3.249816
2026-08-31T07:30:00+02:00,2.099304
2026-08-31T07:45:00+02:00,2.26106
2026-08-31T08:00:00+02:00,0.82186
2026-08-31T08:15:00+02:00,1.78004
2026-08-31T08:30:00+02:00,0.04796
2026-08-31T08:45:00+02:00,0.0
2026-08-31T09:00:00+02:00,0.0
2026-08-31T09:15:00+02:00,0.0
2026-08-31T09:30:00+02:00,0.0
2026-08-31T09:45:00+02:00,0.0
2026-08-31T10:00:00+02:00,0.0
2026-08-31T10:15:00+02:00,0.0
2026-08-31T10:30:00+02:00,0.4393
2026-08-31T10:45:00+02:00,0.45386
2026-08-31T11:00:00+02:00,1.907006
2026-08-31T11:15:00+02:00,2.690334
2026-08-31T11:30:00+02:00,2.51358
2026-08-31T11:45:00+02:00,2.442749
2026-08-31T12:00:00+02:00,2.393986
2026-08-31T12:15:00+02:00,3.945585
2026-08-31T12:30:00+02:00,3.47526
2026-08-31T12:45:00+02:00,2.384016
2026-08-31T13:00:00+02:00,3.819984
2026-08-31T13:15:00+02:00,4.67326
2026-08-31T13:30:00+02:00,4.211822
2026-08-31T13:45:00+02:00,5.541678
2026-08-31T14:00:00+02:00,4.36716
2026-08-31T14:15:00+02:00,5.78948
2026-08-31T14:30:00+02:00,4.99266
2026-08-31T14:45:00+02:00,4.43478
2026-08-31T15:00:00+02:00,5.10102
2026-08-31T15:15:00+02:00,5.69812
2026-08-31T15:30:00+02:00,6.012
2026-08-31T15:45:00+02:00,6.01636
2026-08-31T16:00:00+02:00,6.005085
2026-08-31T16:15:00+02:00,5.632375
2026-08-31T16:30:00+02:00,5.68948
2026-08-31T16:45:00+02:00,6.024934
2026-08-31T17:00:00+02:00,6.034924
2026-08-31T17:15:00+02:00,6.048122
2026-08-31T17:30:00+02:00,6.03982
2026-08-31T17:45:00+02:00,6.017134
2026-08-31T18:00:00+02:00,5.740808
2026-08-31T18:15:00+02:00,5.773159
2026-08-31T18:30:00+02:00,6.04144
2026-08-31T18:45:00+02:00,5.599792
2026-08-31T19:00:00+02:00,5.277768
2026-08-31T19:15:00+02:00,5.86972
2026-08-31T19:30:00+02:00,6.03272
2026-08-31T19:45:00+02:00,5.962817
2026-08-31T20:00:00+02:00,5.754438
2026-08-31T20:15:00+02:00,5.411966
2026-08-31T20:30:00+02:00,5.7657
2026-08-31T20:45:00+02:00,5.86094
2026-08-31T21:00:00+02:00,5.85996
2026-08-31T21:15:00+02:00,5.612112
2026-08-31T21:30:00+02:00,5.357928
2026-08-31T21:45:00+02:00,0.31486
2026-08-31T22:00:00+02:00,0.0
2026-08-31T22:15:00+02:00,0.0
2026-08-31T22:30:00+02:00,0.0
2026-08-31T22:45:00+02:00,0.0
2026-08-31T23:00:00+02:00,0.0
2026-08-31T23:15:00+02:00,0.0
2026-08-31T23:30:00+02:00,0.0
2026-08-31T23:45:00+02:00,0.0
2026-09-01T00:00:00+02:00,0.0
