timestamp,value_kwh
2025-12-01T00:15:00+01:00,0.247537
2025-12-01T00:30:00+01:00,0.271687
2025-12-01T00:45:00+01:00,0.25047
2025-12-01T01:00:00+01:00,0.24288
2025-12-01T01:15:00+01:00,0.230633
2025-12-01T01:30:00+01:00,0.17388
2025-12-01T01:45:00+01:00,0.20148
2025-12-01T02:00:00+01:00,0.236842
2025-12-01T02:15:00+01:00,0.254783
2025-12-01T02:30:00+01:00,0.24495
2025-12-01T02:45:00+01:00,0.223042
2025-12-01T03:00:00+01:00,0.198893
2025-12-01T03:15:00+01:00,0.211312
2025-12-01T03:30:00+01:00,0.229425
2025-12-01T03:45:00+01:00,0.247106
2025-12-01T04:00:00+01:00,0.247538
2025-12-01T04:15:00+01:00,0.24909
2025-12-01T04:30:00+01:00,0.208035
2025-12-01T04:45:00+01:00,0.208208
2025-12-01T05:00:00+01:00,0.245467
2025-12-01T05:15:00+01:00,0.21114
2025-12-01T05:30:00+01:00,0.149213
2025-12-01T05:45:00+01:00,0.150938
2025-12-01T06:00:00+01:00,0.15042
2025-12-01T06:15:00+01:00,0.15318
2025-12-01T06:30:00+01:00,0.15111
2025-12-01T06:45:00+01:00,0.151283
2025-12-01T07:00:00+01:00,0.1518
2025-12-01T07:15:00+01:00,0.15111
2025-12-01T07:30:00+01:00,0.201998
2025-12-01T07:45:00+01:00,0.248055
2025-12-01T08:00:00+01:00,0.24633
2025-12-01T08:15:00+01:00,0.255472
2025-12-01T08:30:00+01:00,0.225803
2025-12-01T08:45:00+01:00,0.221318
2025-12-01T09:00:00+01:00,0.225285
2025-12-01T09:15:00+01:00,0.223905
2025-12-01T09:30:00+01:00,0.230977
2025-12-01T09:45:00+01:00,0.236497
2025-12-01T10:00:00+01:00,0.236066
2025-12-01T10:15:00+01:00,0.19941
2025-12-01T10:30:00+01:00,0.225803
2025-12-01T10:45:00+01:00,0.222353
2025-12-01T11:00:00+01:00,0.220973
2025-12-01T11:15:00+01:00,0.241328
2025-12-01T11:30:00+01:00,0.232702
2025-12-01T11:45:00+01:00,0.232875
2025-12-01T12:00:00+01:00,0.221317
2025-12-01T12:15:00+01:00,0.23184
2025-12-01T12:30:00+01:00,0.215452
2025-12-01T12:45:00+01:00,0.184575
2025-12-01T13:00:00+01:00,0.215107
2025-12-01T13:15:00+01:00,0.228304
2025-12-01T13:30:00+01:00,0.20493
2025-12-01T13:45:00+01:00,0.1518
2025-12-01T14:00:00+01:00,0.171465
2025-12-01T14:15:00+01:00,0.276173
2025-12-01T14:30:00+01:00,0.21459
2025-12-01T14:45:00+01:00,0.242535
2025-12-01T15:00:00+01:00,0.17388
2025-12-01T15:15:00+01:00,0.235117
2025-12-01T15:30:00+01:00,0.23322
2025-12-01T15:45:00+01:00,0.237187
2025-12-01T16:00:00+01:00,0.150765
2025-12-01T16:15:00+01:00,0.15111
2025-12-01T16:30:00+01:00,0.151973
2025-12-01T16:45:00+01:00,0.151455
2025-12-01T17:00:00+01:00,0.151973
2025-12-01T17:15:00+01:00,0.151628
2025-12-01T17:30:00+01:00,0.15249
2025-12-01T17:45:00+01:00,0.151283
2025-12-01T18:00:00+01:00,0.151973
2025-12-01T18:15:00+01:00,0.15111
2025-12-01T18:30:00+01:00,0.15111
2025-12-01T18:45:00+01:00,0.150765
2025-12-01T19:00:00+01:00,0.15249
2025-12-01T19:15:00+01:00,0.151283
2025-12-01T19:30:00+01:00,0.151283
2025-12-01T19:45:00+01:00,0.15111
2025-12-01T20:00:00+01:00,0.151024
2025-12-01T20:15:00+01:00,0.150938
2025-12-01T20:30:00+01:00,0.150938
2025-12-01T20:45:00+01:00,0.15111
2025-12-01T21:00:00+01:00,0.150938
2025-12-01T21:15:00+01:00,0.150765
2025-12-01T21:30:00+01:00,0.151628
2025-12-01T21:45:00+01:00,0.150593
2025-12-01T22:00:00+01:00,0.151455
2025-12-01T22:15:00+01:00,0.150938
2025-12-01T22:30:00+01:00,0.15042
2025-12-01T22:45:00+01:00,0.151283
2025-12-01T23:00:00+01:00,0.15042
2025-12-01T23:15:00+01:00,0.152145
2025-12-01T23:30:00+01:00,0.151455
2025-12-01T23:45:00+01:00,0.15042
2025-12-02T00:00:00+01:00,0.151628
2025-12-02T00:15:00+01:00,0.151455
2025-12-02T00:30:00+01:00,0.151628
2025-12-02T00:45:00+01:00,0.150938
2025-12-02T01:00:00+01:00,0.151973
2025-12-02T01:15:00+01:00,0.152318
2025-12-02T01:30:00+01:00,0.151455
2025-12-02T01:45:00+01:00,0.151973
2025-12-02T02:00:00+01:00,0.150593
2025-12-02T02:15:00+01:00,0.151455
2025-12-02T02:30:00+01:00,0.152145
2025-12-02T02:45:00+01:00,0.150938
2025-12-02T03:00:00+01:00,0.149558
2025-12-02T03:15:00+01:00,0.150593
2025-12-02T03:30:00+01:00,0.15111
2025-12-02T03:45:00+01:00,0.149903
2025-12-02T04:00:00+01:00,0.150593
2025-12-02T04:15:00+01:00,0.150938
2025-12-02T04:30:00+01:00,0.150938
2025-12-02T04:45:00+01:00,0.15111
2025-12-02T05:00:00+01:00,0.151455
2025-12-02T05:15:00+01:00,0.151628
2025-12-02T05:30:00+01:00,0.151455
2025-12-02T05:45:00+01:00,0.150765
2025-12-02T06:00:00+01:00,0.150593
2025-12-02T06:15:00+01:00,0.150938
2025-12-02T06:30:00+01:00,0.1518
2025-12-02T06:45:00+01:00,0.150765
2025-12-02T07:00:00+01:00,0.150938
2025-12-02T07:15:00+01:00,0.149903
2025-12-02T07:30:00+01:00,0.150593
2025-12-02T07:45:00+01:00,0.151455
2025-12-02T08:00:00+01:00,0.150938
2025-12-02T08:15:00+01:00,0.150938
2025-12-02T08:30:00+01:00,0.15111
2025-12-02T08:45:00+01:00,0.150248
2025-12-02T09:00:00+01:00,0.150765
2025-12-02T09:15:00+01:00,0.151283
2025-12-02T09:30:00+01:00,0.15249
2025-12-02T09:45:00+01:00,0.150938
2025-12-02T10:00:00+01:00,0.150938
2025-12-02T10:15:00+01:00,0.150593
2025-12-02T10:30:00+01:00,0.15111
2025-12-02T10:45:00+01:00,0.150938
2025-12-02T11:00:00+01:00,0.150938
2025-12-02T11:15:00+01:00,0.150593
2025-12-02T11:30:00+01:00,0.150593
2025-12-02T11:45:00+01:00,0.151283
2025-12-02T12:00:00+01:00,0.150765
2025-12-02T12:15:00+01:00,0.1518
2025-12-02T12:30:00+01:00,0.151886
2025-12-02T12:45:00+01:00,0.151628
2025-12-02T13:00:00+01:00,0.151973
2025-12-02T13:15:00+01:00,0.15249
2025-12-02T13:30:00+01:00,0.150938
2025-12-02T13:45:00+01:00,0.151455
2025-12-02T14:00:00+01:00,0.151455
2025-12-02T14:15:00+01:00,0.150938
2025-12-02T14:30:00+01:00,0.151455
2025-12-02T14:45:00+01:00,0.150248
2025-12-02T15:00:00+01:00,0.150938
2025-12-02T15:15:00+01:00,0.151714
2025-12-02T15:30:00+01:00,0.151628
2025-12-02T15:45:00+01:00,0.151973
2025-12-02T16:00:00+01:00,0.150075
2025-12-02T16:15:00+01:00,0.1518
2025-12-02T16:30:00+01:00,0.15111
2025-12-02T16:45:00+01:00,0.150765
2025-12-02T17:00:00+01:00,0.150938
2025-12-02T17:15:00+01:00,0.151628
2025-12-02T17:30:00+01:00,0.152663
2025-12-02T17:45:00+01:00,0.150593
2025-12-02T18:00:00+01:00,0.15249
2025-12-02T18:15:00+01:00,0.150938
2025-12-02T18:30:00+01:00,0.151973
2025-12-02T18:45:00+01:00,0.151628
2025-12-02T19:00:00+01:00,0.15249
2025-12-02T19:15:00+01:00,0.150593
2025-12-02T19:30:00+01:00,0.1518
2025-12-02T19:45:00+01:00,0.151628
2025-12-02T20:00:00+01:00,0.151455
2025-12-02T20:15:00+01:00,0.151455
2025-12-02T20:30:00+01:00,0.150938
2025-12-02T20:45:00+01:00,0.151455
2025-12-02T21:00:00+01:00,0.1518
2025-12-02T21:15:00+01:00,0.150765
2025-12-02T21:30:00+01:00,0.15042
2025-12-02T21:45:00+01:00,0.151628
2025-12-02T22:00:00+01:00,0.152663
2025-12-02T22:15:00+01:00,0.15249
2025-12-02T22:30:00+01:00,0.15318
2025-12-02T22:45:00+01:00,0.15249
2025-12-02T23:00:00+01:00,0.151455
2025-12-02T23:15:00+01:00,0.151628
2025-12-02T23:30:00+01:00,0.151628
2025-12-02T23:45:00+01:00,0.1518
2025-12-03T00:00:00+01:00,0.1518
2025-12-03T00:15:00+01:00,0.151455
2025-12-03T00:30:00+01:00,0.233048
2025-12-03T00:45:00+01:00,0.232875
2025-12-03T01:00:00+01:00,0.253575
2025-12-03T01:15:00+01:00,0.247193
2025-12-03T01:30:00+01:00,0.249866
2025-12-03T01:45:00+01:00,0.242535
2025-12-03T02:00:00+01:00,0.185093
2025-12-03T02:15:00+01:00,0.245036
2025-12-03T02:30:00+01:00,0.243225
2025-12-03T02:45:00+01:00,0.231322
2025-12-03T03:00:00+01:00,0.205103
2025-12-03T03:15:00+01:00,0.237619
2025-12-03T03:30:00+01:00,0.21114
2025-12-03T03:45:00+01:00,0.219248
2025-12-03T04:00:00+01:00,0.254437
2025-12-03T04:15:00+01:00,0.233565
2025-12-03T04:30:00+01:00,0.232012
2025-12-03T04:45:00+01:00,0.19044
2025-12-03T05:00:00+01:00,0.238568
2025-12-03T05:15:00+01:00,0.236066
2025-12-03T05:30:00+01:00,0.21735
2025-12-03T05:45:00+01:00,0.151455
2025-12-03T06:00:00+01:00,0.208035
2025-12-03T06:15:00+01:00,0.250211
2025-12-03T06:30:00+01:00,0.243915
2025-12-03T06:45:00+01:00,0.225285
2025-12-03T07:00:00+01:00,0.234083
2025-12-03T07:15:00+01:00,0.163013
2025-12-03T07:30:00+01:00,0.242708
2025-12-03T07:45:00+01:00,0.232185
2025-12-03T08:00:00+01:00,0.25392
2025-12-03T08:15:00+01:00,0.22218
2025-12-03T08:30:00+01:00,0.241845
2025-12-03T08:45:00+01:00,0.232702
2025-12-03T09:00:00+01:00,0.2415
2025-12-03T09:15:00+01:00,0.22425
2025-12-03T09:30:00+01:00,0.217178
2025-12-03T09:45:00+01:00,0.239258
2025-12-03T10:00:00+01:00,0.240982
2025-12-03T10:15:00+01:00,0.24771
2025-12-03T10:30:00+01:00,0.235635
2025-12-03T10:45:00+01:00,0.236153
2025-12-03T11:00:00+01:00,0.237101
2025-12-03T11:15:00+01:00,0.22494
2025-12-03T11:30:00+01:00,0.151973
2025-12-03T11:45:00+01:00,0.233048
2025-12-03T12:00:00+01:00,0.21597
2025-12-03T12:15:00+01:00,0.219334
2025-12-03T12:30:00+01:00,0.219075
2025-12-03T12:45:00+01:00,0.185265
2025-12-03T13:00:00+01:00,0.223905
2025-12-03T13:15:00+01:00,0.21528
2025-12-03T13:30:00+01:00,0.174915
2025-12-03T13:45:00+01:00,0.1518
2025-12-03T14:00:00+01:00,0.213038
2025-12-03T14:15:00+01:00,0.231322
2025-12-03T14:30:00+01:00,0.226406
2025-12-03T14:45:00+01:00,0.209933
2025-12-03T15:00:00+01:00,0.237015
2025-12-03T15:15:00+01:00,0.24426
2025-12-03T15:30:00+01:00,0.24978
2025-12-03T15:45:00+01:00,0.249262
2025-12-03T16:00:00+01:00,0.213555
2025-12-03T16:15:00+01:00,0.24012
2025-12-03T16:30:00+01:00,0.27255
2025-12-03T16:45:00+01:00,0.24288
2025-12-03T17:00:00+01:00,0.243398
2025-12-03T17:15:00+01:00,0.236498
2025-12-03T17:30:00+01:00,0.24357
2025-12-03T17:45:00+01:00,0.241328
2025-12-03T18:00:00+01:00,0.150938
2025-12-03T18:15:00+01:00,0.150938
2025-12-03T18:30:00+01:00,0.24012
2025-12-03T18:45:00+01:00,0.239861
2025-12-03T19:00:00+01:00,0.257887
2025-12-03T19:15:00+01:00,0.256508
2025-12-03T19:30:00+01:00,0.262373
2025-12-03T19:45:00+01:00,0.2553
2025-12-03T20:00:00+01:00,0.19182
2025-12-03T20:15:00+01:00,0.17595
2025-12-03T20:30:00+01:00,0.15111
2025-12-03T20:45:00+01:00,0.150765
2025-12-03T21:00:00+01:00,0.151973
2025-12-03T21:15:00+01:00,0.1518
2025-12-03T21:30:00+01:00,0.151973
2025-12-03T21:45:00+01:00,0.151628
2025-12-03T22:00:00+01:00,0.151455
2025-12-03T22:15:00+01:00,0.1518
2025-12-03T22:30:00+01:00,0.152318
2025-12-03T22:45:00+01:00,0.152318
2025-12-03T23:00:00+01:00,0.15111
2025-12-03T23:15:00+01:00,0.151714
2025-12-03T23:30:00+01:00,0.150765
2025-12-03T23:45:00+01:00,0.150075
2025-12-04T00:00:00+01:00,0.15111
2025-12-04T00:15:00+01:00,0.153008
2025-12-04T00:30:00+01:00,0.151283
2025-12-04T00:45:00+01:00,0.150248
2025-12-04T01:00:00+01:00,0.1518
2025-12-04T01:15:00+01:00,0.150938
2025-12-04T01:30:00+01:00,0.150765
2025-12-04T01:45:00+01:00,0.149385
2025-12-04T02:00:00+01:00,0.150593
2025-12-04T02:15:00+01:00,0.151455
2025-12-04T02:30:00+01:00,0.150075
2025-12-04T02:45:00+01:00,0.151628
2025-12-04T03:00:00+01:00,0.152145
2025-12-04T03:15:00+01:00,0.150765
2025-12-04T03:30:00+01:00,0.149558
2025-12-04T03:45:00+01:00,0.15042
2025-12-04T04:00:00+01:00,0.15042
2025-12-04T04:15:00+01:00,0.150593
2025-12-04T04:30:00+01:00,0.150593
2025-12-04T04:45:00+01:00,0.15111
2025-12-04T05:00:00+01:00,0.15249
2025-12-04T05:15:00+01:00,0.15111
2025-12-04T05:30:00+01:00,0.15111
2025-12-04T05:45:00+01:00,0.151283
2025-12-04T06:00:00+01:00,0.151024
2025-12-04T06:15:00+01:00,0.150593
2025-12-04T06:30:00+01:00,0.153525
2025-12-04T06:45:00+01:00,0.152835
2025-12-04T07:00:00+01:00,0.15387
2025-12-04T07:15:00+01:00,0.154043
2025-12-04T07:30:00+01:00,0.154905
2025-12-04T07:45:00+01:00,0.154215
2025-12-04T08:00:00+01:00,0.15594
2025-12-04T08:15:00+01:00,0.155595
2025-12-04T08:30:00+01:00,0.155423
2025-12-04T08:45:00+01:00,0.154905
2025-12-04T09:00:00+01:00,0.155077
2025-12-04T09:15:00+01:00,0.153525
2025-12-04T09:30:00+01:00,0.154733
2025-12-04T09:45:00+01:00,0.15525
2025-12-04T10:00:00+01:00,0.153698
2025-12-04T10:15:00+01:00,0.150938
2025-12-04T10:30:00+01:00,0.150593
2025-12-04T10:45:00+01:00,0.15318
2025-12-04T11:00:00+01:00,0.152145
2025-12-04T11:15:00+01:00,0.151973
2025-12-04T11:30:00+01:00,0.1518
2025-12-04T11:45:00+01:00,0.15249
2025-12-04T12:00:00+01:00,0.1518
2025-12-04T12:15:00+01:00,0.151455
2025-12-04T12:30:00+01:00,0.151973
2025-12-04T12:45:00+01:00,0.152145
2025-12-04T13:00:00+01:00,0.152835
2025-12-04T13:15:00+01:00,0.154043
2025-12-04T13:30:00+01:00,0.152835
2025-12-04T13:45:00+01:00,0.150765
2025-12-04T14:00:00+01:00,0.15042
2025-12-04T14:15:00+01:00,0.151283
2025-12-04T14:30:00+01:00,0.150075
2025-12-04T14:45:00+01:00,0.14973
2025-12-04T15:00:00+01:00,0.14904
2025-12-04T15:15:00+01:00,0.15042
2025-12-04T15:30:00+01:00,0.150075
2025-12-04T15:45:00+01:00,0.151628
2025-12-04T16:00:00+01:00,0.1518
2025-12-04T16:15:00+01:00,0.15042
2025-12-04T16:30:00+01:00,0.15042
2025-12-04T16:45:00+01:00,0.14973
2025-12-04T17:00:00+01:00,0.151455
2025-12-04T17:15:00+01:00,0.14973
2025-12-04T17:30:00+01:00,0.150593
2025-12-04T17:45:00+01:00,0.14973
2025-12-04T18:00:00+01:00,0.151283
2025-12-04T18:15:00+01:00,0.15042
2025-12-04T18:30:00+01:00,0.150075
2025-12-04T18:45:00+01:00,0.151455
2025-12-04T19:00:00+01:00,0.149213
2025-12-04T19:15:00+01:00,0.148695
2025-12-04T19:30:00+01:00,0.15042
2025-12-04T19:45:00+01:00,0.149558
2025-12-04T20:00:00+01:00,0.150075
2025-12-04T20:15:00+01:00,0.14973
2025-12-04T20:30:00+01:00,0.150075
2025-12-04T20:45:00+01:00,0.149903
2025-12-04T21:00:00+01:00,0.14973
2025-12-04T21:15:00+01:00,0.151455
2025-12-04T21:30:00+01:00,0.150593
2025-12-04T21:45:00+01:00,0.149558
2025-12-04T22:00:00+01:00,0.15042
2025-12-04T22:15:00+01:00,0.1518
2025-12-04T22:30:00+01:00,0.150075
2025-12-04T22:45:00+01:00,0.15249
2025-12-04T23:00:00+01:00,0.15042
2025-12-04T23:15:00+01:00,0.15042
2025-12-04T23:30:00+01:00,0.150075
2025-12-04T23:45:00+01:00,0.15111
2025-12-05T00:00:00+01:00,0.149213
2025-12-05T00:15:00+01:00,0.151283
2025-12-05T00:30:00+01:00,0.150075
2025-12-05T00:45:00+01:00,0.150075
2025-12-05T01:00:00+01:00,0.1518
2025-12-05T01:15:00+01:00,0.149903
2025-12-05T01:30:00+01:00,0.151283
2025-12-05T01:45:00+01:00,0.14973
2025-12-05T02:00:00+01:00,0.15042
2025-12-05T02:15:00+01:00,0.149385
2025-12-05T02:30:00+01:00,0.148523
2025-12-05T02:45:00+01:00,0.146453
2025-12-05T03:00:00+01:00,0.148178
2025-12-05T03:15:00+01:00,0.147833
2025-12-05T03:30:00+01:00,0.148523
2025-12-05T03:45:00+01:00,0.148178
2025-12-05T04:00:00+01:00,0.14766
2025-12-05T04:15:00+01:00,0.149213
2025-12-05T04:30:00+01:00,0.149558
2025-12-05T04:45:00+01:00,0.15042
2025-12-05T05:00:00+01:00,0.149385
2025-12-05T05:15:00+01:00,0.150075
2025-12-05T05:30:00+01:00,0.15042
2025-12-05T05:45:00+01:00,0.15042
2025-12-05T06:00:00+01:00,0.150938
2025-12-05T06:15:00+01:00,0.150593
2025-12-05T06:30:00+01:00,0.15042
2025-12-05T06:45:00+01:00,0.151283
2025-12-05T07:00:00+01:00,0.150248
2025-12-05T07:15:00+01:00,0.15249
2025-12-05T07:30:00+01:00,0.151283
2025-12-05T07:45:00+01:00,0.15111
2025-12-05T08:00:00+01:00,0.151973
2025-12-05T08:15:00+01:00,0.150593
2025-12-05T08:30:00+01:00,0.151628
2025-12-05T08:45:00+01:00,0.151973
2025-12-05T09:00:00+01:00,0.150248
2025-12-05T09:15:00+01:00,0.149903
2025-12-05T09:30:00+01:00,0.150248
2025-12-05T09:45:00+01:00,0.151283
2025-12-05T10:00:00+01:00,0.150938
2025-12-05T10:15:00+01:00,0.150938
2025-12-05T10:30:00+01:00,0.14973
2025-12-05T10:45:00+01:00,0.150765
2025-12-05T11:00:00+01:00,0.150248
2025-12-05T11:15:00+01:00,0.150938
2025-12-05T11:30:00+01:00,0.150075
2025-12-05T11:45:00+01:00,0.148523
2025-12-05T12:00:00+01:00,0.150593
2025-12-05T12:15:00+01:00,0.15042
2025-12-05T12:30:00+01:00,0.150248
2025-12-05T12:45:00+01:00,0.15042
2025-12-05T13:00:00+01:00,0.150248
2025-12-05T13:15:00+01:00,0.150938
2025-12-05T13:30:00+01:00,0.150075
2025-12-05T13:45:00+01:00,0.150765
2025-12-05T14:00:00+01:00,0.15042
2025-12-05T14:15:00+01:00,0.148868
2025-12-05T14:30:00+01:00,0.14559
2025-12-05T14:45:00+01:00,0.145935
2025-12-05T15:00:00+01:00,0.14628
2025-12-05T15:15:00+01:00,0.148695
2025-12-05T15:30:00+01:00,0.14697
2025-12-05T15:45:00+01:00,0.145073
2025-12-05T16:00:00+01:00,0.147143
2025-12-05T16:15:00+01:00,0.146625
2025-12-05T16:30:00+01:00,0.145935
2025-12-05T16:45:00+01:00,0.145245
2025-12-05T17:00:00+01:00,0.14628
2025-12-05T17:15:00+01:00,0.145073
2025-12-05T17:30:00+01:00,0.145763
2025-12-05T17:45:00+01:00,0.145935
2025-12-05T18:00:00+01:00,0.145245
2025-12-05T18:15:00+01:00,0.144555
2025-12-05T18:30:00+01:00,0.146625
2025-12-05T18:45:00+01:00,0.145418
2025-12-05T19:00:00+01:00,0.14628
2025-12-05T19:15:00+01:00,0.145245
2025-12-05T19:30:00+01:00,0.147315
2025-12-05T19:45:00+01:00,0.14559
2025-12-05T20:00:00+01:00,0.144555
2025-12-05T20:15:00+01:00,0.144382
2025-12-05T20:30:00+01:00,0.1449
2025-12-05T20:45:00+01:00,0.143865
2025-12-05T21:00:00+01:00,0.14421
2025-12-05T21:15:00+01:00,0.145072
2025-12-05T21:30:00+01:00,0.144382
2025-12-05T21:45:00+01:00,0.143175
2025-12-05T22:00:00+01:00,0.143002
2025-12-05T22:15:00+01:00,0.144555
2025-12-05T22:30:00+01:00,0.144382
2025-12-05T22:45:00+01:00,0.1449
2025-12-05T23:00:00+01:00,0.145073
2025-12-05T23:15:00+01:00,0.143865
2025-12-05T23:30:00+01:00,0.143865
2025-12-05T23:45:00+01:00,0.14352
2025-12-06T00:00:00+01:00,0.14145
2025-12-06T00:15:00+01:00,0.14352
2025-12-06T00:30:00+01:00,0.143175
2025-12-06T00:45:00+01:00,0.143951
2025-12-06T01:00:00+01:00,0.14214
2025-12-06T01:15:00+01:00,0.143692
2025-12-06T01:30:00+01:00,0.14214
2025-12-06T01:45:00+01:00,0.141277
2025-12-06T02:00:00+01:00,0.14145
2025-12-06T02:15:00+01:00,0.141277
2025-12-06T02:30:00+01:00,0.142312
2025-12-06T02:45:00+01:00,0.14145
2025-12-06T03:00:00+01:00,0.140932
2025-12-06T03:15:00+01:00,0.141277
2025-12-06T03:30:00+01:00,0.140587
2025-12-06T03:45:00+01:00,0.142312
2025-12-06T04:00:00+01:00,0.141967
2025-12-06T04:15:00+01:00,0.14214
2025-12-06T04:30:00+01:00,0.141795
2025-12-06T04:45:00+01:00,0.141967
2025-12-06T05:00:00+01:00,0.140415
2025-12-06T05:15:00+01:00,0.141795
2025-12-06T05:30:00+01:00,0.14352
2025-12-06T05:45:00+01:00,0.14283
2025-12-06T06:00:00+01:00,0.141622
2025-12-06T06:15:00+01:00,0.143692
2025-12-06T06:30:00+01:00,0.142657
2025-12-06T06:45:00+01:00,0.141967
2025-12-06T07:00:00+01:00,0.14214
2025-12-06T07:15:00+01:00,0.14352
2025-12-06T07:30:00+01:00,0.142312
2025-12-06T07:45:00+01:00,0.14283
2025-12-06T08:00:00+01:00,0.14283
2025-12-06T08:15:00+01:00,0.141967
2025-12-06T08:30:00+01:00,0.141967
2025-12-06T08:45:00+01:00,0.14283
2025-12-06T09:00:00+01:00,0.143692
2025-12-06T09:15:00+01:00,0.144037
2025-12-06T09:30:00+01:00,0.143002
2025-12-06T09:45:00+01:00,0.141105
2025-12-06T10:00:00+01:00,0.142485
2025-12-06T10:15:00+01:00,0.141795
2025-12-06T10:30:00+01:00,0.141795
2025-12-06T10:45:00+01:00,0.142657
2025-12-06T11:00:00+01:00,0.14145
2025-12-06T11:15:00+01:00,0.141795
2025-12-06T11:30:00+01:00,0.14145
2025-12-06T11:45:00+01:00,0.142312
2025-12-06T12:00:00+01:00,0.142485
2025-12-06T12:15:00+01:00,0.141795
2025-12-06T12:30:00+01:00,0.14214
2025-12-06T12:45:00+01:00,0.14145
2025-12-06T13:00:00+01:00,0.14214
2025-12-06T13:15:00+01:00,0.141105
2025-12-06T13:30:00+01:00,0.142485
2025-12-06T13:45:00+01:00,0.14214
2025-12-06T14:00:00+01:00,0.141967
2025-12-06T14:15:00+01:00,0.14214
2025-12-06T14:30:00+01:00,0.141277
2025-12-06T14:45:00+01:00,0.14145
2025-12-06T15:00:00+01:00,0.141277
2025-12-06T15:15:00+01:00,0.141105
2025-12-06T15:30:00+01:00,0.141105
2025-12-06T15:45:00+01:00,0.14076
2025-12-06T16:00:00+01:00,0.14214
2025-12-06T16:15:00+01:00,0.141795
2025-12-06T16:30:00+01:00,0.141967
2025-12-06T16:45:00+01:00,0.14145
2025-12-06T17:00:00+01:00,0.142657
2025-12-06T17:15:00+01:00,0.142485
2025-12-06T17:30:00+01:00,0.141967
2025-12-06T17:45:00+01:00,0.14145
2025-12-06T18:00:00+01:00,0.141967
2025-12-06T18:15:00+01:00,0.142312
2025-12-06T18:30:00+01:00,0.143002
2025-12-06T18:45:00+01:00,0.142657
2025-12-06T19:00:00+01:00,0.143002
2025-12-06T19:15:00+01:00,0.141622
2025-12-06T19:30:00+01:00,0.141967
2025-12-06T19:45:00+01:00,0.14145
2025-12-06T20:00:00+01:00,0.141795
2025-12-06T20:15:00+01:00,0.14145
2025-12-06T20:30:00+01:00,0.142657
2025-12-06T20:45:00+01:00,0.143002
2025-12-06T21:00:00+01:00,0.143002
2025-12-06T21:15:00+01:00,0.142485
2025-12-06T21:30:00+01:00,0.141795
2025-12-06T21:45:00+01:00,0.142485
2025-12-06T22:00:00+01:00,0.141967
2025-12-06T22:15:00+01:00,0.14076
2025-12-06T22:30:00+01:00,0.141277
2025-12-06T22:45:00+01:00,0.141967
2025-12-06T23:00:00+01:00,0.14145
2025-12-06T23:15:00+01:00,0.14145
2025-12-06T23:30:00+01:00,0.142312
2025-12-06T23:45:00+01:00,0.142312
2025-12-07T00:00:00+01:00,0.14145
2025-12-07T00:15:00+01:00,0.14214
2025-12-07T00:30:00+01:00,0.141105
2025-12-07T00:45:00+01:00,0.141105
2025-12-07T01:00:00+01:00,0.141795
2025-12-07T01:15:00+01:00,0.140587
2025-12-07T01:30:00+01:00,0.141105
2025-12-07T01:45:00+01:00,0.140415
2025-12-07T02:00:00+01:00,0.141277
2025-12-07T02:15:00+01:00,0.14076
2025-12-07T02:30:00+01:00,0.139897
2025-12-07T02:45:00+01:00,0.14145
2025-12-07T03:00:00+01:00,0.14076
2025-12-07T03:15:00+01:00,0.141277
2025-12-07T03:30:00+01:00,0.14076
2025-12-07T03:45:00+01:00,0.14145
2025-12-07T04:00:00+01:00,0.14076
2025-12-07T04:15:00+01:00,0.141105
2025-12-07T04:30:00+01:00,0.141105
2025-12-07T04:45:00+01:00,0.14145
2025-12-07T05:00:00+01:00,0.141967
2025-12-07T05:15:00+01:00,0.14214
2025-12-07T05:30:00+01:00,0.141622
2025-12-07T05:45:00+01:00,0.141277
2025-12-07T06:00:00+01:00,0.141105
2025-12-07T06:15:00+01:00,0.141795
2025-12-07T06:30:00+01:00,0.141277
2025-12-07T06:45:00+01:00,0.14076
2025-12-07T07:00:00+01:00,0.141277
2025-12-07T07:15:00+01:00,0.141795
2025-12-07T07:30:00+01:00,0.141277
2025-12-07T07:45:00+01:00,0.141105
2025-12-07T08:00:00+01:00,0.142312
2025-12-07T08:15:00+01:00,0.142571
2025-12-07T08:30:00+01:00,0.14214
2025-12-07T08:45:00+01:00,0.141105
2025-12-07T09:00:00+01:00,0.141967
2025-12-07T09:15:00+01:00,0.141967
2025-12-07T09:30:00+01:00,0.141967
2025-12-07T09:45:00+01:00,0.141622
2025-12-07T10:00:00+01:00,0.14214
2025-12-07T10:15:00+01:00,0.141795
2025-12-07T10:30:00+01:00,0.14214
2025-12-07T10:45:00+01:00,0.14145
2025-12-07T11:00:00+01:00,0.141105
2025-12-07T11:15:00+01:00,0.141795
2025-12-07T11:30:00+01:00,0.142657
2025-12-07T11:45:00+01:00,0.141967
2025-12-07T12:00:00+01:00,0.141622
2025-12-07T12:15:00+01:00,0.141277
2025-12-07T12:30:00+01:00,0.143175
2025-12-07T12:45:00+01:00,0.141795
2025-12-07T13:00:00+01:00,0.140415
2025-12-07T13:15:00+01:00,0.140415
2025-12-07T13:30:00+01:00,0.14145
2025-12-07T13:45:00+01:00,0.14145
2025-12-07T14:00:00+01:00,0.14076
2025-12-07T14:15:00+01:00,0.140587
2025-12-07T14:30:00+01:00,0.14076
2025-12-07T14:45:00+01:00,0.140932
2025-12-07T15:00:00+01:00,0.140587
2025-12-07T15:15:00+01:00,0.140932
2025-12-07T15:30:00+01:00,0.139897
2025-12-07T15:45:00+01:00,0.140587
2025-12-07T16:00:00+01:00,0.14007
2025-12-07T16:15:00+01:00,0.140932
2025-12-07T16:30:00+01:00,0.141622
2025-12-07T16:45:00+01:00,0.140587
2025-12-07T17:00:00+01:00,0.14076
2025-12-07T17:15:00+01:00,0.140932
2025-12-07T17:30:00+01:00,0.141277
2025-12-07T17:45:00+01:00,0.141277
2025-12-07T18:00:00+01:00,0.14076
2025-12-07T18:15:00+01:00,0.140932
2025-12-07T18:30:00+01:00,0.140587
2025-12-07T18:45:00+01:00,0.14145
2025-12-07T19:00:00+01:00,0.14076
2025-12-07T19:15:00+01:00,0.14076
2025-12-07T19:30:00+01:00,0.140415
2025-12-07T19:45:00+01:00,0.141622
2025-12-07T20:00:00+01:00,0.140932
2025-12-07T20:15:00+01:00,0.14076
2025-12-07T20:30:00+01:00,0.141105
2025-12-07T20:45:00+01:00,0.140932
2025-12-07T21:00:00+01:00,0.14283
2025-12-07T21:15:00+01:00,0.143002
2025-12-07T21:30:00+01:00,0.143175
2025-12-07T21:45:00+01:00,0.14214
2025-12-07T22:00:00+01:00,0.143692
2025-12-07T22:15:00+01:00,0.142657
2025-12-07T22:30:00+01:00,0.143692
2025-12-07T22:45:00+01:00,0.142657
2025-12-07T23:00:00+01:00,0.144382
2025-12-07T23:15:00+01:00,0.14352
2025-12-07T23:30:00+01:00,0.14421
2025-12-07T23:45:00+01:00,0.144727
2025-12-08T00:00:00+01:00,0.143692
2025-12-08T00:15:00+01:00,0.144037
2025-12-08T00:30:00+01:00,0.143692
2025-12-08T00:45:00+01:00,0.144382
2025-12-08T01:00:00+01:00,0.14352
2025-12-08T01:15:00+01:00,0.143692
2025-12-08T01:30:00+01:00,0.144727
2025-12-08T01:45:00+01:00,0.143347
2025-12-08T02:00:00+01:00,0.144037
2025-12-08T02:15:00+01:00,0.143692
2025-12-08T02:30:00+01:00,0.14352
2025-12-08T02:45:00+01:00,0.144727
2025-12-08T03:00:00+01:00,0.144727
2025-12-08T03:15:00+01:00,0.142657
2025-12-08T03:30:00+01:00,0.144037
2025-12-08T03:45:00+01:00,0.144037
2025-12-08T04:00:00+01:00,0.144555
2025-12-08T04:15:00+01:00,0.144382
2025-12-08T04:30:00+01:00,0.143865
2025-12-08T04:45:00+01:00,0.144555
2025-12-08T05:00:00+01:00,0.1449
2025-12-08T05:15:00+01:00,0.145072
2025-12-08T05:30:00+01:00,0.146453
2025-12-08T05:45:00+01:00,0.145935
2025-12-08T06:00:00+01:00,0.147315
2025-12-08T06:15:00+01:00,0.147143
2025-12-08T06:30:00+01:00,0.148523
2025-12-08T06:45:00+01:00,0.147833
2025-12-08T07:00:00+01:00,0.146798
2025-12-08T07:15:00+01:00,0.14628
2025-12-08T07:30:00+01:00,0.147488
2025-12-08T07:45:00+01:00,0.147143
2025-12-08T08:00:00+01:00,0.14766
2025-12-08T08:15:00+01:00,0.14628
2025-12-08T08:30:00+01:00,0.145245
2025-12-08T08:45:00+01:00,0.144382
2025-12-08T09:00:00+01:00,0.145245
2025-12-08T09:15:00+01:00,0.146453
2025-12-08T09:30:00+01:00,0.145935
2025-12-08T09:45:00+01:00,0.14628
2025-12-08T10:00:00+01:00,0.1449
2025-12-08T10:15:00+01:00,0.154042
2025-12-08T10:30:00+01:00,0.176985
2025-12-08T10:45:00+01:00,0.229597
2025-12-08T11:00:00+01:00,0.201825
2025-12-08T11:15:00+01:00,0.157493
2025-12-08T11:30:00+01:00,0.18906
2025-12-08T11:45:00+01:00,0.150938
2025-12-08T12:00:00+01:00,0.15249
2025-12-08T12:15:00+01:00,0.1518
2025-12-08T12:30:00+01:00,0.150938
2025-12-08T12:45:00+01:00,0.15249
2025-12-08T13:00:00+01:00,0.1518
2025-12-08T13:15:00+01:00,0.15111
2025-12-08T13:30:00+01:00,0.151455
2025-12-08T13:45:00+01:00,0.151283
2025-12-08T14:00:00+01:00,0.150938
2025-12-08T14:15:00+01:00,0.151283
2025-12-08T14:30:00+01:00,0.150938
2025-12-08T14:45:00+01:00,0.150593
2025-12-08T15:00:00+01:00,0.15111
2025-12-08T15:15:00+01:00,0.150248
2025-12-08T15:30:00+01:00,0.15042
2025-12-08T15:45:00+01:00,0.151283
2025-12-08T16:00:00+01:00,0.15111
2025-12-08T16:15:00+01:00,0.151628
2025-12-08T16:30:00+01:00,0.15111
2025-12-08T16:45:00+01:00,0.150593
2025-12-08T17:00:00+01:00,0.151283
2025-12-08T17:15:00+01:00,0.151455
2025-12-08T17:30:00+01:00,0.151886
2025-12-08T17:45:00+01:00,0.152145
2025-12-08T18:00:00+01:00,0.150765
2025-12-08T18:15:00+01:00,0.150593
2025-12-08T18:30:00+01:00,0.151973
2025-12-08T18:45:00+01:00,0.151455
2025-12-08T19:00:00+01:00,0.152835
2025-12-08T19:15:00+01:00,0.152318
2025-12-08T19:30:00+01:00,0.151628
2025-12-08T19:45:00+01:00,0.152318
2025-12-08T20:00:00+01:00,0.152318
2025-12-08T20:15:00+01:00,0.151455
2025-12-08T20:30:00+01:00,0.150248
2025-12-08T20:45:00+01:00,0.151455
2025-12-08T21:00:00+01:00,0.151455
2025-12-08T21:15:00+01:00,0.150938
2025-12-08T21:30:00+01:00,0.152663
2025-12-08T21:45:00+01:00,0.150765
2025-12-08T22:00:00+01:00,0.152663
2025-12-08T22:15:00+01:00,0.152318
2025-12-08T22:30:00+01:00,0.152318
2025-12-08T22:45:00+01:00,0.151455
2025-12-08T23:00:00+01:00,0.1518
2025-12-08T23:15:00+01:00,0.151283
2025-12-08T23:30:00+01:00,0.151973
2025-12-08T23:45:00+01:00,0.150938
2025-12-09T00:00:00+01:00,0.151455
2025-12-09T00:15:00+01:00,0.151455
2025-12-09T00:30:00+01:00,0.150593
2025-12-09T00:45:00+01:00,0.152663
2025-12-09T01:00:00+01:00,0.150938
2025-12-09T01:15:00+01:00,0.151455
2025-12-09T01:30:00+01:00,0.152318
2025-12-09T01:45:00+01:00,0.151283
2025-12-09T02:00:00+01:00,0.151973
2025-12-09T02:15:00+01:00,0.152145
2025-12-09T02:30:00+01:00,0.150765
2025-12-09T02:45:00+01:00,0.151628
2025-12-09T03:00:00+01:00,0.151196
2025-12-09T03:15:00+01:00,0.151455
2025-12-09T03:30:00+01:00,0.151973
2025-12-09T03:45:00+01:00,0.150248
2025-12-09T04:00:00+01:00,0.150938
2025-12-09T04:15:00+01:00,0.150938
2025-12-09T04:30:00+01:00,0.150938
2025-12-09T04:45:00+01:00,0.149558
2025-12-09T05:00:00+01:00,0.150938
2025-12-09T05:15:00+01:00,0.151455
2025-12-09T05:30:00+01:00,0.152145
2025-12-09T05:45:00+01:00,0.1518
2025-12-09T06:00:00+01:00,0.26151
2025-12-09T06:15:00+01:00,0.296527
2025-12-09T06:30:00+01:00,0.299287
2025-12-09T06:45:00+01:00,0.287989
2025-12-09T07:00:00+01:00,0.30636
2025-12-09T07:15:00+01:00,0.321023
2025-12-09T07:30:00+01:00,0.313174
2025-12-09T07:45:00+01:00,0.292905
2025-12-09T08:00:00+01:00,0.19872
2025-12-09T08:15:00+01:00,0.162668
2025-12-09T08:30:00+01:00,0.192338
2025-12-09T08:45:00+01:00,0.236066
2025-12-09T09:00:00+01:00,0.19596
2025-12-09T09:15:00+01:00,0.15111
2025-12-09T09:30:00+01:00,0.151973
2025-12-09T09:45:00+01:00,0.150938
2025-12-09T10:00:00+01:00,0.152145
2025-12-09T10:15:00+01:00,0.151283
2025-12-09T10:30:00+01:00,0.16077
2025-12-09T10:45:00+01:00,0.150938
2025-12-09T11:00:00+01:00,0.151628
2025-12-09T11:15:00+01:00,0.15042
2025-12-09T11:30:00+01:00,0.149903
2025-12-09T11:45:00+01:00,0.150938
2025-12-09T12:00:00+01:00,0.15111
2025-12-09T12:15:00+01:00,0.150075
2025-12-09T12:30:00+01:00,0.151455
2025-12-09T12:45:00+01:00,0.150938
2025-12-09T13:00:00+01:00,0.150075
2025-12-09T13:15:00+01:00,0.151455
2025-12-09T13:30:00+01:00,0.15111
2025-12-09T13:45:00+01:00,0.150938
2025-12-09T14:00:00+01:00,0.168533
2025-12-09T14:15:00+01:00,0.257715
2025-12-09T14:30:00+01:00,0.250384
2025-12-09T14:45:00+01:00,0.24495
2025-12-09T15:00:00+01:00,0.264788
2025-12-09T15:15:00+01:00,0.24219
2025-12-09T15:30:00+01:00,0.24495
2025-12-09T15:45:00+01:00,0.277208
2025-12-09T16:00:00+01:00,0.239085
2025-12-09T16:15:00+01:00,0.170258
2025-12-09T16:30:00+01:00,0.25116
2025-12-09T16:45:00+01:00,0.250987
2025-12-09T17:00:00+01:00,0.25392
2025-12-09T17:15:00+01:00,0.24426
2025-12-09T17:30:00+01:00,0.22908
2025-12-09T17:45:00+01:00,0.236325
2025-12-09T18:00:00+01:00,0.167843
2025-12-09T18:15:00+01:00,0.233565
2025-12-09T18:30:00+01:00,0.236152
2025-12-09T18:45:00+01:00,0.220455
2025-12-09T19:00:00+01:00,0.244605
2025-12-09T19:15:00+01:00,0.22287
2025-12-09T19:30:00+01:00,0.168533
2025-12-09T19:45:00+01:00,0.151628
2025-12-09T20:00:00+01:00,0.190785
2025-12-09T20:15:00+01:00,0.260647
2025-12-09T20:30:00+01:00,0.216488
2025-12-09T20:45:00+01:00,0.18078
2025-12-09T21:00:00+01:00,0.183023
2025-12-09T21:15:00+01:00,0.245899
2025-12-09T21:30:00+01:00,0.166808
2025-12-09T21:45:00+01:00,0.149385
2025-12-09T22:00:00+01:00,0.203722
2025-12-09T22:15:00+01:00,0.231495
2025-12-09T22:30:00+01:00,0.231668
2025-12-09T22:45:00+01:00,0.186386
2025-12-09T23:00:00+01:00,0.215107
2025-12-09T23:15:00+01:00,0.228735
2025-12-09T23:30:00+01:00,0.224595
2025-12-09T23:45:00+01:00,0.249694
2025-12-10T00:00:00+01:00,0.23943
2025-12-10T00:15:00+01:00,0.215107
2025-12-10T00:30:00+01:00,0.220455
2025-12-10T00:45:00+01:00,0.23667
2025-12-10T01:00:00+01:00,0.245123
2025-12-10T01:15:00+01:00,0.236325
2025-12-10T01:30:00+01:00,0.238999
2025-12-10T01:45:00+01:00,0.23322
2025-12-10T02:00:00+01:00,0.234772
2025-12-10T02:15:00+01:00,0.180263
2025-12-10T02:30:00+01:00,0.196909
2025-12-10T02:45:00+01:00,0.23874
2025-12-10T03:00:00+01:00,0.25185
2025-12-10T03:15:00+01:00,0.248228
2025-12-10T03:30:00+01:00,0.227959
2025-12-10T03:45:00+01:00,0.243053
2025-12-10T04:00:00+01:00,0.23943
2025-12-10T04:15:00+01:00,0.233134
2025-12-10T04:30:00+01:00,0.240637
2025-12-10T04:45:00+01:00,0.193028
2025-12-10T05:00:00+01:00,0.219765
2025-12-10T05:15:00+01:00,0.202601
2025-12-10T05:30:00+01:00,0.215107
2025-12-10T05:45:00+01:00,0.160425
2025-12-10T06:00:00+01:00,0.286867
2025-12-10T06:15:00+01:00,0.315761
2025-12-10T06:30:00+01:00,0.314813
2025-12-10T06:45:00+01:00,0.32361
2025-12-10T07:00:00+01:00,0.26013
2025-12-10T07:15:00+01:00,0.30153
2025-12-10T07:30:00+01:00,0.252022
2025-12-10T07:45:00+01:00,0.284797
2025-12-10T08:00:00+01:00,0.223387
2025-12-10T08:15:00+01:00,0.319297
2025-12-10T08:30:00+01:00,0.277553
2025-12-10T08:45:00+01:00,0.292042
2025-12-10T09:00:00+01:00,0.294113
2025-12-10T09:15:00+01:00,0.30636
2025-12-10T09:30:00+01:00,0.279105
2025-12-10T09:45:00+01:00,0.245985
2025-12-10T10:00:00+01:00,0.323093
2025-12-10T10:15:00+01:00,0.317228
2025-12-10T10:30:00+01:00,0.288765
2025-12-10T10:45:00+01:00,0.293595
2025-12-10T11:00:00+01:00,0.294285
2025-12-10T11:15:00+01:00,0.290921
2025-12-10T11:30:00+01:00,0.180435
2025-12-10T11:45:00+01:00,0.286868
2025-12-10T12:00:00+01:00,0.243225
2025-12-10T12:15:00+01:00,0.237705
2025-12-10T12:30:00+01:00,0.287213
2025-12-10T12:45:00+01:00,0.271515
2025-12-10T13:00:00+01:00,0.268928
2025-12-10T13:15:00+01:00,0.251678
2025-12-10T13:30:00+01:00,0.293336
2025-12-10T13:45:00+01:00,0.228045
2025-12-10T14:00:00+01:00,0.16215
2025-12-10T14:15:00+01:00,0.151283
2025-12-10T14:30:00+01:00,0.150938
2025-12-10T14:45:00+01:00,0.151628
2025-12-10T15:00:00+01:00,0.150938
2025-12-10T15:15:00+01:00,0.15042
2025-12-10T15:30:00+01:00,0.154387
2025-12-10T15:45:00+01:00,0.244605
2025-12-10T16:00:00+01:00,0.20424
2025-12-10T16:15:00+01:00,0.223388
2025-12-10T16:30:00+01:00,0.228735
2025-12-10T16:45:00+01:00,0.256421
2025-12-10T17:00:00+01:00,0.235635
2025-12-10T17:15:00+01:00,0.250298
2025-12-10T17:30:00+01:00,0.244001
2025-12-10T17:45:00+01:00,0.23943
2025-12-10T18:00:00+01:00,0.176295
2025-12-10T18:15:00+01:00,0.24426
2025-12-10T18:30:00+01:00,0.249004
2025-12-10T18:45:00+01:00,0.250815
2025-12-10T19:00:00+01:00,0.269618
2025-12-10T19:15:00+01:00,0.267547
2025-12-10T19:30:00+01:00,0.247538
2025-12-10T19:45:00+01:00,0.16974
2025-12-10T20:00:00+01:00,0.247538
2025-12-10T20:15:00+01:00,0.239085
2025-12-10T20:30:00+01:00,0.22839
2025-12-10T20:45:00+01:00,0.150938
2025-12-10T21:00:00+01:00,0.22632
2025-12-10T21:15:00+01:00,0.238223
2025-12-10T21:30:00+01:00,0.1932
2025-12-10T21:45:00+01:00,0.150593
2025-12-10T22:00:00+01:00,0.220973
2025-12-10T22:15:00+01:00,0.222698
2025-12-10T22:30:00+01:00,0.256335
2025-12-10T22:45:00+01:00,0.228563
2025-12-10T23:00:00+01:00,0.243053
2025-12-10T23:15:00+01:00,0.239258
2025-12-10T23:30:00+01:00,0.223215
2025-12-10T23:45:00+01:00,0.213728
2025-12-11T00:00:00+01:00,0.228045
2025-12-11T00:15:00+01:00,0.229597
2025-12-11T00:30:00+01:00,0.237705
2025-12-11T00:45:00+01:00,0.225802
2025-12-11T01:00:00+01:00,0.2415
2025-12-11T01:15:00+01:00,0.23322
2025-12-11T01:30:00+01:00,0.247193
2025-12-11T01:45:00+01:00,0.251678
2025-12-11T02:00:00+01:00,0.25185
2025-12-11T02:15:00+01:00,0.243743
2025-12-11T02:30:00+01:00,0.246416
2025-12-11T02:45:00+01:00,0.210622
2025-12-11T03:00:00+01:00,0.16077
2025-12-11T03:15:00+01:00,0.214417
2025-12-11T03:30:00+01:00,0.2277
2025-12-11T03:45:00+01:00,0.228908
2025-12-11T04:00:00+01:00,0.229425
2025-12-11T04:15:00+01:00,0.220972
2025-12-11T04:30:00+01:00,0.228908
2025-12-11T04:45:00+01:00,0.2346
2025-12-11T05:00:00+01:00,0.242018
2025-12-11T05:15:00+01:00,0.228563
2025-12-11T05:30:00+01:00,0.170948
2025-12-11T05:45:00+01:00,0.150248
2025-12-11T06:00:00+01:00,0.305497
2025-12-11T06:15:00+01:00,0.29739
2025-12-11T06:30:00+01:00,0.316365
2025-12-11T06:45:00+01:00,0.313519
2025-12-11T07:00:00+01:00,0.290663
2025-12-11T07:15:00+01:00,0.28359
2025-12-11T07:30:00+01:00,0.305066
2025-12-11T07:45:00+01:00,0.242362
2025-12-11T08:00:00+01:00,0.34224
2025-12-11T08:15:00+01:00,0.312742
2025-12-11T08:30:00+01:00,0.30912
2025-12-11T08:45:00+01:00,0.316537
2025-12-11T09:00:00+01:00,0.317314
2025-12-11T09:15:00+01:00,0.308948
2025-12-11T09:30:00+01:00,0.302134
2025-12-11T09:45:00+01:00,0.281865
2025-12-11T10:00:00+01:00,0.26427
2025-12-11T10:15:00+01:00,0.26979
2025-12-11T10:30:00+01:00,0.235808
2025-12-11T10:45:00+01:00,0.270308
2025-12-11T11:00:00+01:00,0.19941
2025-12-11T11:15:00+01:00,0.187162
2025-12-11T11:30:00+01:00,0.182505
2025-12-11T11:45:00+01:00,0.190957
2025-12-11T12:00:00+01:00,0.209243
2025-12-11T12:15:00+01:00,0.180953
2025-12-11T12:30:00+01:00,0.197685
2025-12-11T12:45:00+01:00,0.198375
2025-12-11T13:00:00+01:00,0.169136
2025-12-11T13:15:00+01:00,0.195615
2025-12-11T13:30:00+01:00,0.19872
2025-12-11T13:45:00+01:00,0.189233
2025-12-11T14:00:00+01:00,0.253748
2025-12-11T14:15:00+01:00,0.25737
2025-12-11T14:30:00+01:00,0.278243
2025-12-11T14:45:00+01:00,0.269445
2025-12-11T15:00:00+01:00,0.28014
2025-12-11T15:15:00+01:00,0.263063
2025-12-11T15:30:00+01:00,0.25806
2025-12-11T15:45:00+01:00,0.28704
2025-12-11T16:00:00+01:00,0.242018
2025-12-11T16:15:00+01:00,0.275827
2025-12-11T16:30:00+01:00,0.27669
2025-12-11T16:45:00+01:00,0.291611
2025-12-11T17:00:00+01:00,0.287385
2025-12-11T17:15:00+01:00,0.272895
2025-12-11T17:30:00+01:00,0.283504
2025-12-11T17:45:00+01:00,0.287903
2025-12-11T18:00:00+01:00,0.218557
2025-12-11T18:15:00+01:00,0.232875
2025-12-11T18:30:00+01:00,0.272119
2025-12-11T18:45:00+01:00,0.272205
2025-12-11T19:00:00+01:00,0.288765
2025-12-11T19:15:00+01:00,0.247537
2025-12-11T19:30:00+01:00,0.298252
2025-12-11T19:45:00+01:00,0.286695
2025-12-11T20:00:00+01:00,0.280744
2025-12-11T20:15:00+01:00,0.2829
2025-12-11T20:30:00+01:00,0.233047
2025-12-11T20:45:00+01:00,0.269014
2025-12-11T21:00:00+01:00,0.278415
2025-12-11T21:15:00+01:00,0.286868
2025-12-11T21:30:00+01:00,0.229425
2025-12-11T21:45:00+01:00,0.214762
2025-12-11T22:00:00+01:00,0.271342
2025-12-11T22:15:00+01:00,0.266685
2025-12-11T22:30:00+01:00,0.269359
2025-12-11T22:45:00+01:00,0.264787
2025-12-11T23:00:00+01:00,0.274102
2025-12-11T23:15:00+01:00,0.274275
2025-12-11T23:30:00+01:00,0.27117
2025-12-11T23:45:00+01:00,0.26772
2025-12-12T00:00:00+01:00,0.250987
2025-12-12T00:15:00+01:00,0.285919
2025-12-12T00:30:00+01:00,0.268237
2025-12-12T00:45:00+01:00,0.27531
2025-12-12T01:00:00+01:00,0.273412
2025-12-12T01:15:00+01:00,0.277207
2025-12-12T01:30:00+01:00,0.277207
2025-12-12T01:45:00+01:00,0.277639
2025-12-12T02:00:00+01:00,0.27117
2025-12-12T02:15:00+01:00,0.27255
2025-12-12T02:30:00+01:00,0.277294
2025-12-12T02:45:00+01:00,0.26496
2025-12-12T03:00:00+01:00,0.279623
2025-12-12T03:15:00+01:00,0.259699
2025-12-12T03:30:00+01:00,0.268237
2025-12-12T03:45:00+01:00,0.25875
2025-12-12T04:00:00+01:00,0.235807
2025-12-12T04:15:00+01:00,0.260906
2025-12-12T04:30:00+01:00,0.257542
2025-12-12T04:45:00+01:00,0.24495
2025-12-12T05:00:00+01:00,0.274361
2025-12-12T05:15:00+01:00,0.26979
2025-12-12T05:30:00+01:00,0.261165
2025-12-12T05:45:00+01:00,0.21873
2025-12-12T06:00:00+01:00,0.208552
2025-12-12T06:15:00+01:00,0.21804
2025-12-12T06:30:00+01:00,0.169223
2025-12-12T06:45:00+01:00,0.153008
2025-12-12T07:00:00+01:00,0.179745
2025-12-12T07:15:00+01:00,0.19113
2025-12-12T07:30:00+01:00,0.189577
2025-12-12T07:45:00+01:00,0.250815
2025-12-12T08:00:00+01:00,0.279277
2025-12-12T08:15:00+01:00,0.268669
2025-12-12T08:30:00+01:00,0.289455
2025-12-12T08:45:00+01:00,0.292905
2025-12-12T09:00:00+01:00,0.263925
2025-12-12T09:15:00+01:00,0.150938
2025-12-12T09:30:00+01:00,0.149644
2025-12-12T09:45:00+01:00,0.15042
2025-12-12T10:00:00+01:00,0.14973
2025-12-12T10:15:00+01:00,0.150765
2025-12-12T10:30:00+01:00,0.150938
2025-12-12T10:45:00+01:00,0.150593
2025-12-12T11:00:00+01:00,0.151628
2025-12-12T11:15:00+01:00,0.150593
2025-12-12T11:30:00+01:00,0.150075
2025-12-12T11:45:00+01:00,0.149903
2025-12-12T12:00:00+01:00,0.151455
2025-12-12T12:15:00+01:00,0.149213
2025-12-12T12:30:00+01:00,0.150075
2025-12-12T12:45:00+01:00,0.14766
2025-12-12T13:00:00+01:00,0.150765
2025-12-12T13:15:00+01:00,0.150075
2025-12-12T13:30:00+01:00,0.150938
2025-12-12T13:45:00+01:00,0.151455
2025-12-12T14:00:00+01:00,0.168705
2025-12-12T14:15:00+01:00,0.149558
2025-12-12T14:30:00+01:00,0.150248
2025-12-12T14:45:00+01:00,0.150593
2025-12-12T15:00:00+01:00,0.150938
2025-12-12T15:15:00+01:00,0.149558
2025-12-12T15:30:00+01:00,0.150075
2025-12-12T15:45:00+01:00,0.150593
2025-12-12T16:00:00+01:00,0.150765
2025-12-12T16:15:00+01:00,0.150765
2025-12-12T16:30:00+01:00,0.150593
2025-12-12T16:45:00+01:00,0.150938
2025-12-12T17:00:00+01:00,0.150593
2025-12-12T17:15:00+01:00,0.15042
2025-12-12T17:30:00+01:00,0.151973
2025-12-12T17:45:00+01:00,0.149126
2025-12-12T18:00:00+01:00,0.150593
2025-12-12T18:15:00+01:00,0.151628
2025-12-12T18:30:00+01:00,0.150593
2025-12-12T18:45:00+01:00,0.150075
2025-12-12T19:00:00+01:00,0.15042
2025-12-12T19:15:00+01:00,0.150593
2025-12-12T19:30:00+01:00,0.151628
2025-12-12T19:45:00+01:00,0.150248
2025-12-12T20:00:00+01:00,0.150593
2025-12-12T20:15:00+01:00,0.15111
2025-12-12T20:30:00+01:00,0.149213
2025-12-12T20:45:00+01:00,0.149558
2025-12-12T21:00:00+01:00,0.14835
2025-12-12T21:15:00+01:00,0.149903
2025-12-12T21:30:00+01:00,0.150248
2025-12-12T21:45:00+01:00,0.149213
2025-12-12T22:00:00+01:00,0.148523
2025-12-12T22:15:00+01:00,0.14766
2025-12-12T22:30:00+01:00,0.148868
2025-12-12T22:45:00+01:00,0.14835
2025-12-12T23:00:00+01:00,0.149903
2025-12-12T23:15:00+01:00,0.150593
2025-12-12T23:30:00+01:00,0.152145
2025-12-12T23:45:00+01:00,0.150593
2025-12-13T00:00:00+01:00,0.150938
2025-12-13T00:15:00+01:00,0.150593
2025-12-13T00:30:00+01:00,0.150248
2025-12-13T00:45:00+01:00,0.15111
2025-12-13T01:00:00+01:00,0.152835
2025-12-13T01:15:00+01:00,0.152835
2025-12-13T01:30:00+01:00,0.153525
2025-12-13T01:45:00+01:00,0.152663
2025-12-13T02:00:00+01:00,0.153008
2025-12-13T02:15:00+01:00,0.152835
2025-12-13T02:30:00+01:00,0.152318
2025-12-13T02:45:00+01:00,0.151973
2025-12-13T03:00:00+01:00,0.153525
2025-12-13T03:15:00+01:00,0.152318
2025-12-13T03:30:00+01:00,0.152318
2025-12-13T03:45:00+01:00,0.152663
2025-12-13T04:00:00+01:00,0.151628
2025-12-13T04:15:00+01:00,0.15249
2025-12-13T04:30:00+01:00,0.153698
2025-12-13T04:45:00+01:00,0.15249
2025-12-13T05:00:00+01:00,0.152145
2025-12-13T05:15:00+01:00,0.152145
2025-12-13T05:30:00+01:00,0.151283
2025-12-13T05:45:00+01:00,0.151283
2025-12-13T06:00:00+01:00,0.152835
2025-12-13T06:15:00+01:00,0.152145
2025-12-13T06:30:00+01:00,0.1518
2025-12-13T06:45:00+01:00,0.151973
2025-12-13T07:00:00+01:00,0.152835
2025-12-13T07:15:00+01:00,0.152835
2025-12-13T07:30:00+01:00,0.1518
2025-12-13T07:45:00+01:00,0.151283
2025-12-13T08:00:00+01:00,0.151283
2025-12-13T08:15:00+01:00,0.151455
2025-12-13T08:30:00+01:00,0.151628
2025-12-13T08:45:00+01:00,0.152318
2025-12-13T09:00:00+01:00,0.151628
2025-12-13T09:15:00+01:00,0.152663
2025-12-13T09:30:00+01:00,0.152835
2025-12-13T09:45:00+01:00,0.15318
2025-12-13T10:00:00+01:00,0.151455
2025-12-13T10:15:00+01:00,0.152145
2025-12-13T10:30:00+01:00,0.152145
2025-12-13T10:45:00+01:00,0.151455
2025-12-13T11:00:00+01:00,0.152835
2025-12-13T11:15:00+01:00,0.151628
2025-12-13T11:30:00+01:00,0.151628
2025-12-13T11:45:00+01:00,0.152835
2025-12-13T12:00:00+01:00,0.152835
2025-12-13T12:15:00+01:00,0.15111
2025-12-13T12:30:00+01:00,0.152663
2025-12-13T12:45:00+01:00,0.152145
2025-12-13T13:00:00+01:00,0.152145
2025-12-13T13:15:00+01:00,0.152663
2025-12-13T13:30:00+01:00,0.15249
2025-12-13T13:45:00+01:00,0.151283
2025-12-13T14:00:00+01:00,0.152318
2025-12-13T14:15:00+01:00,0.152663
2025-12-13T14:30:00+01:00,0.152318
2025-12-13T14:45:00+01:00,0.151628
2025-12-13T15:00:00+01:00,0.153008
2025-12-13T15:15:00+01:00,0.152663
2025-12-13T15:30:00+01:00,0.152318
2025-12-13T15:45:00+01:00,0.152318
2025-12-13T16:00:00+01:00,0.152145
2025-12-13T16:15:00+01:00,0.152318
2025-12-13T16:30:00+01:00,0.152145
2025-12-13T16:45:00+01:00,0.152318
2025-12-13T17:00:00+01:00,0.152835
2025-12-13T17:15:00+01:00,0.15249
2025-12-13T17:30:00+01:00,0.153353
2025-12-13T17:45:00+01:00,0.15249
2025-12-13T18:00:00+01:00,0.15249
2025-12-13T18:15:00+01:00,0.152663
2025-12-13T18:30:00+01:00,0.152318
2025-12-13T18:45:00+01:00,0.15318
2025-12-13T19:00:00+01:00,0.152318
2025-12-13T19:15:00+01:00,0.153353
2025-12-13T19:30:00+01:00,0.153008
2025-12-13T19:45:00+01:00,0.153008
2025-12-13T20:00:00+01:00,0.152318
2025-12-13T20:15:00+01:00,0.152835
2025-12-13T20:30:00+01:00,0.153008
2025-12-13T20:45:00+01:00,0.152663
2025-12-13T21:00:00+01:00,0.152145
2025-12-13T21:15:00+01:00,0.151455
2025-12-13T21:30:00+01:00,0.152318
2025-12-13T21:45:00+01:00,0.152663
2025-12-13T22:00:00+01:00,0.153008
2025-12-13T22:15:00+01:00,0.154043
2025-12-13T22:30:00+01:00,0.153698
2025-12-13T22:45:00+01:00,0.15111
2025-12-13T23:00:00+01:00,0.151283
2025-12-13T23:15:00+01:00,0.15042
2025-12-13T23:30:00+01:00,0.14973
2025-12-13T23:45:00+01:00,0.149213
2025-12-14T00:00:00+01:00,0.151283
2025-12-14T00:15:00+01:00,0.152145
2025-12-14T00:30:00+01:00,0.152145
2025-12-14T00:45:00+01:00,0.152663
2025-12-14T01:00:00+01:00,0.152145
2025-12-14T01:15:00+01:00,0.15249
2025-12-14T01:30:00+01:00,0.153008
2025-12-14T01:45:00+01:00,0.152663
2025-12-14T02:00:00+01:00,0.15249
2025-12-14T02:15:00+01:00,0.151973
2025-12-14T02:30:00+01:00,0.15387
2025-12-14T02:45:00+01:00,0.15318
2025-12-14T03:00:00+01:00,0.152663
2025-12-14T03:15:00+01:00,0.15387
2025-12-14T03:30:00+01:00,0.15387
2025-12-14T03:45:00+01:00,0.152835
2025-12-14T04:00:00+01:00,0.15318
2025-12-14T04:15:00+01:00,0.152145
2025-12-14T04:30:00+01:00,0.153008
2025-12-14T04:45:00+01:00,0.15318
2025-12-14T05:00:00+01:00,0.152145
2025-12-14T05:15:00+01:00,0.153525
2025-12-14T05:30:00+01:00,0.15249
2025-12-14T05:45:00+01:00,0.152318
2025-12-14T06:00:00+01:00,0.153353
2025-12-14T06:15:00+01:00,0.153008
2025-12-14T06:30:00+01:00,0.152318
2025-12-14T06:45:00+01:00,0.153525
2025-12-14T07:00:00+01:00,0.153525
2025-12-14T07:15:00+01:00,0.152835
2025-12-14T07:30:00+01:00,0.151628
2025-12-14T07:45:00+01:00,0.152318
2025-12-14T08:00:00+01:00,0.15249
2025-12-14T08:15:00+01:00,0.152663
2025-12-14T08:30:00+01:00,0.151628
2025-12-14T08:45:00+01:00,0.153008
2025-12-14T09:00:00+01:00,0.151628
2025-12-14T09:15:00+01:00,0.15249
2025-12-14T09:30:00+01:00,0.152663
2025-12-14T09:45:00+01:00,0.152318
2025-12-14T10:00:00+01:00,0.153008
2025-12-14T10:15:00+01:00,0.152835
2025-12-14T10:30:00+01:00,0.15318
2025-12-14T10:45:00+01:00,0.152835
2025-12-14T11:00:00+01:00,0.153008
2025-12-14T11:15:00+01:00,0.152663
2025-12-14T11:30:00+01:00,0.151973
2025-12-14T11:45:00+01:00,0.152835
2025-12-14T12:00:00+01:00,0.152145
2025-12-14T12:15:00+01:00,0.152663
2025-12-14T12:30:00+01:00,0.151973
2025-12-14T12:45:00+01:00,0.154388
2025-12-14T13:00:00+01:00,0.15249
2025-12-14T13:15:00+01:00,0.152663
2025-12-14T13:30:00+01:00,0.152318
2025-12-14T13:45:00+01:00,0.15318
2025-12-14T14:00:00+01:00,0.152663
2025-12-14T14:15:00+01:00,0.15249
2025-12-14T14:30:00+01:00,0.152835
2025-12-14T14:45:00+01:00,0.152318
2025-12-14T15:00:00+01:00,0.151455
2025-12-14T15:15:00+01:00,0.152663
2025-12-14T15:30:00+01:00,0.152145
2025-12-14T15:45:00+01:00,0.151628
2025-12-14T16:00:00+01:00,0.1518
2025-12-14T16:15:00+01:00,0.152318
2025-12-14T16:30:00+01:00,0.15318
2025-12-14T16:45:00+01:00,0.152835
2025-12-14T17:00:00+01:00,0.152145
2025-12-14T17:15:00+01:00,0.152835
2025-12-14T17:30:00+01:00,0.152835
2025-12-14T17:45:00+01:00,0.152835
2025-12-14T18:00:00+01:00,0.15249
2025-12-14T18:15:00+01:00,0.152145
2025-12-14T18:30:00+01:00,0.153525
2025-12-14T18:45:00+01:00,0.152835
2025-12-14T19:00:00+01:00,0.153525
2025-12-14T19:15:00+01:00,0.15318
2025-12-14T19:30:00+01:00,0.15387
2025-12-14T19:45:00+01:00,0.153698
2025-12-14T20:00:00+01:00,0.15318
2025-12-14T20:15:00+01:00,0.152663
2025-12-14T20:30:00+01:00,0.15318
2025-12-14T20:45:00+01:00,0.15318
2025-12-14T21:00:00+01:00,0.152145
2025-12-14T21:15:00+01:00,0.152145
2025-12-14T21:30:00+01:00,0.157148
2025-12-14T21:45:00+01:00,0.160943
2025-12-14T22:00:00+01:00,0.237877
2025-12-14T22:15:00+01:00,0.206138
2025-12-14T22:30:00+01:00,0.228562
2025-12-14T22:45:00+01:00,0.226492
2025-12-14T23:00:00+01:00,0.230374
2025-12-14T23:15:00+01:00,0.20631
2025-12-14T23:30:00+01:00,0.21873
2025-12-14T23:45:00+01:00,0.214417
2025-12-15T00:00:00+01:00,0.240465
2025-12-15T00:15:00+01:00,0.216143
2025-12-15T00:30:00+01:00,0.227528
2025-12-15T00:45:00+01:00,0.217695
2025-12-15T01:00:00+01:00,0.225803
2025-12-15T01:15:00+01:00,0.218816
2025-12-15T01:30:00+01:00,0.199238
2025-12-15T01:45:00+01:00,0.218903
2025-12-15T02:00:00+01:00,0.218557
2025-12-15T02:15:00+01:00,0.204068
2025-12-15T02:30:00+01:00,0.177503
2025-12-15T02:45:00+01:00,0.215452
2025-12-15T03:00:00+01:00,0.220455
2025-12-15T03:15:00+01:00,0.207518
2025-12-15T03:30:00+01:00,0.246502
2025-12-15T03:45:00+01:00,0.22218
2025-12-15T04:00:00+01:00,0.227183
2025-12-15T04:15:00+01:00,0.212692
2025-12-15T04:30:00+01:00,0.202342
2025-12-15T04:45:00+01:00,0.214417
2025-12-15T05:00:00+01:00,0.1863
2025-12-15T05:15:00+01:00,0.205103
2025-12-15T05:30:00+01:00,0.175088
2025-12-15T05:45:00+01:00,0.151455
2025-12-15T06:00:00+01:00,0.150765
2025-12-15T06:15:00+01:00,0.150248
2025-12-15T06:30:00+01:00,0.150593
2025-12-15T06:45:00+01:00,0.150075
2025-12-15T07:00:00+01:00,0.151628
2025-12-15T07:15:00+01:00,0.151628
2025-12-15T07:30:00+01:00,0.149213
2025-12-15T07:45:00+01:00,0.15042
2025-12-15T08:00:00+01:00,0.150765
2025-12-15T08:15:00+01:00,0.15042
2025-12-15T08:30:00+01:00,0.151455
2025-12-15T08:45:00+01:00,0.151283
2025-12-15T09:00:00+01:00,0.151283
2025-12-15T09:15:00+01:00,0.149385
2025-12-15T09:30:00+01:00,0.150593
2025-12-15T09:45:00+01:00,0.150248
2025-12-15T10:00:00+01:00,0.150938
2025-12-15T10:15:00+01:00,0.151283
2025-12-15T10:30:00+01:00,0.14973
2025-12-15T10:45:00+01:00,0.150075
2025-12-15T11:00:00+01:00,0.150248
2025-12-15T11:15:00+01:00,0.149558
2025-12-15T11:30:00+01:00,0.14973
2025-12-15T11:45:00+01:00,0.149213
2025-12-15T12:00:00+01:00,0.148868
2025-12-15T12:15:00+01:00,0.149903
2025-12-15T12:30:00+01:00,0.150938
2025-12-15T12:45:00+01:00,0.150248
2025-12-15T13:00:00+01:00,0.151283
2025-12-15T13:15:00+01:00,0.150248
2025-12-15T13:30:00+01:00,0.150075
2025-12-15T13:45:00+01:00,0.150075
2025-12-15T14:00:00+01:00,0.150938
2025-12-15T14:15:00+01:00,0.150938
2025-12-15T14:30:00+01:00,0.14973
2025-12-15T14:45:00+01:00,0.15111
2025-12-15T15:00:00+01:00,0.150938
2025-12-15T15:15:00+01:00,0.150765
2025-12-15T15:30:00+01:00,0.151628
2025-12-15T15:45:00+01:00,0.150593
2025-12-15T16:00:00+01:00,0.151973
2025-12-15T16:15:00+01:00,0.150938
2025-12-15T16:30:00+01:00,0.15111
2025-12-15T16:45:00+01:00,0.151455
2025-12-15T17:00:00+01:00,0.150938
2025-12-15T17:15:00+01:00,0.151283
2025-12-15T17:30:00+01:00,0.150938
2025-12-15T17:45:00+01:00,0.150593
2025-12-15T18:00:00+01:00,0.15111
2025-12-15T18:15:00+01:00,0.151283
2025-12-15T18:30:00+01:00,0.150593
2025-12-15T18:45:00+01:00,0.150593
2025-12-15T19:00:00+01:00,0.14973
2025-12-15T19:15:00+01:00,0.15042
2025-12-15T19:30:00+01:00,0.150593
2025-12-15T19:45:00+01:00,0.150938
2025-12-15T20:00:00+01:00,0.151283
2025-12-15T20:15:00+01:00,0.150248
2025-12-15T20:30:00+01:00,0.151628
2025-12-15T20:45:00+01:00,0.151283
2025-12-15T21:00:00+01:00,0.151455
2025-12-15T21:15:00+01:00,0.15111
2025-12-15T21:30:00+01:00,0.150075
2025-12-15T21:45:00+01:00,0.15042
2025-12-15T22:00:00+01:00,0.212175
2025-12-15T22:15:00+01:00,0.238568
2025-12-15T22:30:00+01:00,0.241759
2025-12-15T22:45:00+01:00,0.234083
2025-12-15T23:00:00+01:00,0.227355
2025-12-15T23:15:00+01:00,0.220283
2025-12-15T23:30:00+01:00,0.218385
2025-12-15T23:45:00+01:00,0.23046
2025-12-16T00:00:00+01:00,0.233393
2025-12-16T00:15:00+01:00,0.219248
2025-12-16T00:30:00+01:00,0.21114
2025-12-16T00:45:00+01:00,0.216574
2025-12-16T01:00:00+01:00,0.212348
2025-12-16T01:15:00+01:00,0.152318
2025-12-16T01:30:00+01:00,0.179227
2025-12-16T01:45:00+01:00,0.21666
2025-12-16T02:00:00+01:00,0.225803
2025-12-16T02:15:00+01:00,0.217005
2025-12-16T02:30:00+01:00,0.217178
2025-12-16T02:45:00+01:00,0.225802
2025-12-16T03:00:00+01:00,0.151628
2025-12-16T03:15:00+01:00,0.156458
2025-12-16T03:30:00+01:00,0.22287
2025-12-16T03:45:00+01:00,0.230288
2025-12-16T04:00:00+01:00,0.233737
2025-12-16T04:15:00+01:00,0.19596
2025-12-16T04:30:00+01:00,0.243397
2025-12-16T04:45:00+01:00,0.245813
2025-12-16T05:00:00+01:00,0.225285
2025-12-16T05:15:00+01:00,0.238395
2025-12-16T05:30:00+01:00,0.21321
2025-12-16T05:45:00+01:00,0.163358
2025-12-16T06:00:00+01:00,0.150593
2025-12-16T06:15:00+01:00,0.151628
2025-12-16T06:30:00+01:00,0.150248
2025-12-16T06:45:00+01:00,0.152145
2025-12-16T07:00:00+01:00,0.152318
2025-12-16T07:15:00+01:00,0.151455
2025-12-16T07:30:00+01:00,0.151455
2025-12-16T07:45:00+01:00,0.15111
2025-12-16T08:00:00+01:00,0.141967
2025-12-16T08:15:00+01:00,0.139725
2025-12-16T08:30:00+01:00,0.141277
2025-12-16T08:45:00+01:00,0.139897
2025-12-16T09:00:00+01:00,0.140415
2025-12-16T09:15:00+01:00,0.141967
2025-12-16T09:30:00+01:00,0.141622
2025-12-16T09:45:00+01:00,0.138862
2025-12-16T10:00:00+01:00,0.139552
2025-12-16T10:15:00+01:00,0.139207
2025-12-16T10:30:00+01:00,0.149385
2025-12-16T10:45:00+01:00,0.169222
2025-12-16T11:00:00+01:00,0.14076
2025-12-16T11:15:00+01:00,0.140415
2025-12-16T11:30:00+01:00,0.140242
2025-12-16T11:45:00+01:00,0.140587
2025-12-16T12:00:00+01:00,0.139725
2025-12-16T12:15:00+01:00,0.140242
2025-12-16T12:30:00+01:00,0.140587
2025-12-16T12:45:00+01:00,0.143175
2025-12-16T13:00:00+01:00,0.14076
2025-12-16T13:15:00+01:00,0.158183
2025-12-16T13:30:00+01:00,0.148868
2025-12-16T13:45:00+01:00,0.150938
2025-12-16T14:00:00+01:00,0.149213
2025-12-16T14:15:00+01:00,0.14973
2025-12-16T14:30:00+01:00,0.14835
2025-12-16T14:45:00+01:00,0.149385
2025-12-16T15:00:00+01:00,0.149903
2025-12-16T15:15:00+01:00,0.15042
2025-12-16T15:30:00+01:00,0.15111
2025-12-16T15:45:00+01:00,0.150938
2025-12-16T16:00:00+01:00,0.150075
2025-12-16T16:15:00+01:00,0.14904
2025-12-16T16:30:00+01:00,0.15111
2025-12-16T16:45:00+01:00,0.14904
2025-12-16T17:00:00+01:00,0.1518
2025-12-16T17:15:00+01:00,0.151455
2025-12-16T17:30:00+01:00,0.151628
2025-12-16T17:45:00+01:00,0.149903
2025-12-16T18:00:00+01:00,0.150765
2025-12-16T18:15:00+01:00,0.165428
2025-12-16T18:30:00+01:00,0.244605
2025-12-16T18:45:00+01:00,0.239085
2025-12-16T19:00:00+01:00,0.177848
2025-12-16T19:15:00+01:00,0.151973
2025-12-16T19:30:00+01:00,0.206483
2025-12-16T19:45:00+01:00,0.244088
2025-12-16T20:00:00+01:00,0.233134
2025-12-16T20:15:00+01:00,0.2415
2025-12-16T20:30:00+01:00,0.21735
2025-12-16T20:45:00+01:00,0.232702
2025-12-16T21:00:00+01:00,0.194753
2025-12-16T21:15:00+01:00,0.237705
2025-12-16T21:30:00+01:00,0.257197
2025-12-16T21:45:00+01:00,0.158355
2025-12-16T22:00:00+01:00,0.255731
2025-12-16T22:15:00+01:00,0.277552
2025-12-16T22:30:00+01:00,0.29325
2025-12-16T22:45:00+01:00,0.26013
2025-12-16T23:00:00+01:00,0.265133
2025-12-16T23:15:00+01:00,0.264097
2025-12-16T23:30:00+01:00,0.261682
2025-12-16T23:45:00+01:00,0.238395
2025-12-17T00:00:00+01:00,0.251332
2025-12-17T00:15:00+01:00,0.264701
2025-12-17T00:30:00+01:00,0.238223
2025-12-17T00:45:00+01:00,0.253747
2025-12-17T01:00:00+01:00,0.262027
2025-12-17T01:15:00+01:00,0.269272
2025-12-17T01:30:00+01:00,0.252023
2025-12-17T01:45:00+01:00,0.262976
2025-12-17T02:00:00+01:00,0.250988
2025-12-17T02:15:00+01:00,0.268927
2025-12-17T02:30:00+01:00,0.28428
2025-12-17T02:45:00+01:00,0.263925
2025-12-17T03:00:00+01:00,0.210622
2025-12-17T03:15:00+01:00,0.16629
2025-12-17T03:30:00+01:00,0.238395
2025-12-17T03:45:00+01:00,0.270998
2025-12-17T04:00:00+01:00,0.203033
2025-12-17T04:15:00+01:00,0.197858
2025-12-17T04:30:00+01:00,0.279105
2025-12-17T04:45:00+01:00,0.256163
2025-12-17T05:00:00+01:00,0.268237
2025-12-17T05:15:00+01:00,0.258232
2025-12-17T05:30:00+01:00,0.182678
2025-12-17T05:45:00+01:00,0.148868
2025-12-17T06:00:00+01:00,0.190958
2025-12-17T06:15:00+01:00,0.249263
2025-12-17T06:30:00+01:00,0.238913
2025-12-17T06:45:00+01:00,0.24219
2025-12-17T07:00:00+01:00,0.24702
2025-12-17T07:15:00+01:00,0.237187
2025-12-17T07:30:00+01:00,0.240982
2025-12-17T07:45:00+01:00,0.242621
2025-12-17T08:00:00+01:00,0.232875
2025-12-17T08:15:00+01:00,0.220455
2025-12-17T08:30:00+01:00,0.168188
2025-12-17T08:45:00+01:00,0.25254
2025-12-17T09:00:00+01:00,0.222697
2025-12-17T09:15:00+01:00,0.226837
2025-12-17T09:30:00+01:00,0.152318
2025-12-17T09:45:00+01:00,0.155595
2025-12-17T10:00:00+01:00,0.176295
2025-12-17T10:15:00+01:00,0.179227
2025-12-17T10:30:00+01:00,0.237791
2025-12-17T10:45:00+01:00,0.229597
2025-12-17T11:00:00+01:00,0.2484
2025-12-17T11:15:00+01:00,0.235635
2025-12-17T11:30:00+01:00,0.217954
2025-12-17T11:45:00+01:00,0.149558
2025-12-17T12:00:00+01:00,0.237187
2025-12-17T12:15:00+01:00,0.21321
2025-12-17T12:30:00+01:00,0.222525
2025-12-17T12:45:00+01:00,0.204585
2025-12-17T13:00:00+01:00,0.229425
2025-12-17T13:15:00+01:00,0.238568
2025-12-17T13:30:00+01:00,0.241241
2025-12-17T13:45:00+01:00,0.150938
2025-12-17T14:00:00+01:00,0.211485
2025-12-17T14:15:00+01:00,0.237705
2025-12-17T14:30:00+01:00,0.22494
2025-12-17T14:45:00+01:00,0.233824
2025-12-17T15:00:00+01:00,0.247365
2025-12-17T15:15:00+01:00,0.23805
2025-12-17T15:30:00+01:00,0.257629
2025-12-17T15:45:00+01:00,0.205275
2025-12-17T16:00:00+01:00,0.226493
2025-12-17T16:15:00+01:00,0.164738
2025-12-17T16:30:00+01:00,0.237878
2025-12-17T16:45:00+01:00,0.250211
2025-12-17T17:00:00+01:00,0.231668
2025-12-17T17:15:00+01:00,0.268582
2025-12-17T17:30:00+01:00,0.251936
2025-12-17T17:45:00+01:00,0.199238
2025-12-17T18:00:00+01:00,0.244605
2025-12-17T18:15:00+01:00,0.242794
2025-12-17T18:30:00+01:00,0.230287
2025-12-17T18:45:00+01:00,0.235635
2025-12-17T19:00:00+01:00,0.16698
2025-12-17T19:15:00+01:00,0.165428
2025-12-17T19:30:00+01:00,0.240724
2025-12-17T19:45:00+01:00,0.246847
2025-12-17T20:00:00+01:00,0.224078
2025-12-17T20:15:00+01:00,0.245899
2025-12-17T20:30:00+01:00,0.213383
2025-12-17T20:45:00+01:00,0.257025
2025-12-17T21:00:00+01:00,0.25254
2025-12-17T21:15:00+01:00,0.246157
2025-12-17T21:30:00+01:00,0.211485
2025-12-17T21:45:00+01:00,0.154043
2025-12-17T22:00:00+01:00,0.147833
2025-12-17T22:15:00+01:00,0.161805
2025-12-17T22:30:00+01:00,0.211658
2025-12-17T22:45:00+01:00,0.15042
2025-12-17T23:00:00+01:00,0.152145
2025-12-17T23:15:00+01:00,0.1518
2025-12-17T23:30:00+01:00,0.152318
2025-12-17T23:45:00+01:00,0.151628
2025-12-18T00:00:00+01:00,0.151628
2025-12-18T00:15:00+01:00,0.15111
2025-12-18T00:30:00+01:00,0.15042
2025-12-18T00:45:00+01:00,0.150938
2025-12-18T01:00:00+01:00,0.151283
2025-12-18T01:15:00+01:00,0.14973
2025-12-18T01:30:00+01:00,0.150765
2025-12-18T01:45:00+01:00,0.1518
2025-12-18T02:00:00+01:00,0.151628
2025-12-18T02:15:00+01:00,0.150593
2025-12-18T02:30:00+01:00,0.150593
2025-12-18T02:45:00+01:00,0.151455
2025-12-18T03:00:00+01:00,0.150593
2025-12-18T03:15:00+01:00,0.15042
2025-12-18T03:30:00+01:00,0.15249
2025-12-18T03:45:00+01:00,0.150938
2025-12-18T04:00:00+01:00,0.151628
2025-12-18T04:15:00+01:00,0.150938
2025-12-18T04:30:00+01:00,0.149903
2025-12-18T04:45:00+01:00,0.150248
2025-12-18T05:00:00+01:00,0.150593
2025-12-18T05:15:00+01:00,0.150765
2025-12-18T05:30:00+01:00,0.149385
2025-12-18T05:45:00+01:00,0.149385
2025-12-18T06:00:00+01:00,0.14973
2025-12-18T06:15:00+01:00,0.150593
2025-12-18T06:30:00+01:00,0.151283
2025-12-18T06:45:00+01:00,0.150593
2025-12-18T07:00:00+01:00,0.150593
2025-12-18T07:15:00+01:00,0.1518
2025-12-18T07:30:00+01:00,0.1518
2025-12-18T07:45:00+01:00,0.150075
2025-12-18T08:00:00+01:00,0.148781
2025-12-18T08:15:00+01:00,0.149903
2025-12-18T08:30:00+01:00,0.150593
2025-12-18T08:45:00+01:00,0.148005
2025-12-18T09:00:00+01:00,0.148523
2025-12-18T09:15:00+01:00,0.148695
2025-12-18T09:30:00+01:00,0.147833
2025-12-18T09:45:00+01:00,0.149213
2025-12-18T10:00:00+01:00,0.147488
2025-12-18T10:15:00+01:00,0.14904
2025-12-18T10:30:00+01:00,0.148523
2025-12-18T10:45:00+01:00,0.150248
2025-12-18T11:00:00+01:00,0.150075
2025-12-18T11:15:00+01:00,0.150248
2025-12-18T11:30:00+01:00,0.149385
2025-12-18T11:45:00+01:00,0.150938
2025-12-18T12:00:00+01:00,0.152145
2025-12-18T12:15:00+01:00,0.150938
2025-12-18T12:30:00+01:00,0.152145
2025-12-18T12:45:00+01:00,0.151973
2025-12-18T13:00:00+01:00,0.151455
2025-12-18T13:15:00+01:00,0.151455
2025-12-18T13:30:00+01:00,0.15249
2025-12-18T13:45:00+01:00,0.15318
2025-12-18T14:00:00+01:00,0.152318
2025-12-18T14:15:00+01:00,0.152663
2025-12-18T14:30:00+01:00,0.153008
2025-12-18T14:45:00+01:00,0.153008
2025-12-18T15:00:00+01:00,0.151973
2025-12-18T15:15:00+01:00,0.153353
2025-12-18T15:30:00+01:00,0.151628
2025-12-18T15:45:00+01:00,0.15111
2025-12-18T16:00:00+01:00,0.150765
2025-12-18T16:15:00+01:00,0.152835
2025-12-18T16:30:00+01:00,0.15318
2025-12-18T16:45:00+01:00,0.152145
2025-12-18T17:00:00+01:00,0.151196
2025-12-18T17:15:00+01:00,0.1518
2025-12-18T17:30:00+01:00,0.151455
2025-12-18T17:45:00+01:00,0.15111
2025-12-18T18:00:00+01:00,0.15042
2025-12-18T18:15:00+01:00,0.150938
2025-12-18T18:30:00+01:00,0.150593
2025-12-18T18:45:00+01:00,0.148868
2025-12-18T19:00:00+01:00,0.150765
2025-12-18T19:15:00+01:00,0.1518
2025-12-18T19:30:00+01:00,0.150075
2025-12-18T19:45:00+01:00,0.15042
2025-12-18T20:00:00+01:00,0.150593
2025-12-18T20:15:00+01:00,0.150593
2025-12-18T20:30:00+01:00,0.150248
2025-12-18T20:45:00+01:00,0.15111
2025-12-18T21:00:00+01:00,0.150593
2025-12-18T21:15:00+01:00,0.15042
2025-12-18T21:30:00+01:00,0.149903
2025-12-18T21:45:00+01:00,0.150075
2025-12-18T22:00:00+01:00,0.15042
2025-12-18T22:15:00+01:00,0.151628
2025-12-18T22:30:00+01:00,0.151455
2025-12-18T22:45:00+01:00,0.150938
2025-12-18T23:00:00+01:00,0.150593
2025-12-18T23:15:00+01:00,0.150938
2025-12-18T23:30:00+01:00,0.15042
2025-12-18T23:45:00+01:00,0.14904
2025-12-19T00:00:00+01:00,0.150248
2025-12-19T00:15:00+01:00,0.150593
2025-12-19T00:30:00+01:00,0.15111
2025-12-19T00:45:00+01:00,0.150765
2025-12-19T01:00:00+01:00,0.15111
2025-12-19T01:15:00+01:00,0.151455
2025-12-19T01:30:00+01:00,0.150248
2025-12-19T01:45:00+01:00,0.150938
2025-12-19T02:00:00+01:00,0.15111
2025-12-19T02:15:00+01:00,0.149903
2025-12-19T02:30:00+01:00,0.14904
2025-12-19T02:45:00+01:00,0.148178
2025-12-19T03:00:00+01:00,0.14835
2025-12-19T03:15:00+01:00,0.146366
2025-12-19T03:30:00+01:00,0.146453
2025-12-19T03:45:00+01:00,0.147143
2025-12-19T04:00:00+01:00,0.149213
2025-12-19T04:15:00+01:00,0.148523
2025-12-19T04:30:00+01:00,0.148178
2025-12-19T04:45:00+01:00,0.151455
2025-12-19T05:00:00+01:00,0.14973
2025-12-19T05:15:00+01:00,0.15318
2025-12-19T05:30:00+01:00,0.150593
2025-12-19T05:45:00+01:00,0.15042
2025-12-19T06:00:00+01:00,0.150248
2025-12-19T06:15:00+01:00,0.150765
2025-12-19T06:30:00+01:00,0.150938
2025-12-19T06:45:00+01:00,0.150938
2025-12-19T07:00:00+01:00,0.150679
2025-12-19T07:15:00+01:00,0.150938
2025-12-19T07:30:00+01:00,0.150938
2025-12-19T07:45:00+01:00,0.149903
2025-12-19T08:00:00+01:00,0.15111
2025-12-19T08:15:00+01:00,0.15111
2025-12-19T08:30:00+01:00,0.14214
2025-12-19T08:45:00+01:00,0.147315
2025-12-19T09:00:00+01:00,0.143002
2025-12-19T09:15:00+01:00,0.143002
2025-12-19T09:30:00+01:00,0.143692
2025-12-19T09:45:00+01:00,0.146107
2025-12-19T10:00:00+01:00,0.14076
2025-12-19T10:15:00+01:00,0.140415
2025-12-19T10:30:00+01:00,0.141105
2025-12-19T10:45:00+01:00,0.140242
2025-12-19T11:00:00+01:00,0.14007
2025-12-19T11:15:00+01:00,0.142485
2025-12-19T11:30:00+01:00,0.143434
2025-12-19T11:45:00+01:00,0.141105
2025-12-19T12:00:00+01:00,0.141967
2025-12-19T12:15:00+01:00,0.142485
2025-12-19T12:30:00+01:00,0.143175
2025-12-19T12:45:00+01:00,0.141622
2025-12-19T13:00:00+01:00,0.140415
2025-12-19T13:15:00+01:00,0.141277
2025-12-19T13:30:00+01:00,0.142657
2025-12-19T13:45:00+01:00,0.14214
2025-12-19T14:00:00+01:00,0.140587
2025-12-19T14:15:00+01:00,0.141622
2025-12-19T14:30:00+01:00,0.143347
2025-12-19T14:45:00+01:00,0.144555
2025-12-19T15:00:00+01:00,0.144037
2025-12-19T15:15:00+01:00,0.144037
2025-12-19T15:30:00+01:00,0.14352
2025-12-19T15:45:00+01:00,0.143951
2025-12-19T16:00:00+01:00,0.143693
2025-12-19T16:15:00+01:00,0.144555
2025-12-19T16:30:00+01:00,0.14352
2025-12-19T16:45:00+01:00,0.143865
2025-12-19T17:00:00+01:00,0.14421
2025-12-19T17:15:00+01:00,0.144555
2025-12-19T17:30:00+01:00,0.140932
2025-12-19T17:45:00+01:00,0.143002
2025-12-19T18:00:00+01:00,0.143865
2025-12-19T18:15:00+01:00,0.14421
2025-12-19T18:30:00+01:00,0.144037
2025-12-19T18:45:00+01:00,0.143002
2025-12-19T19:00:00+01:00,0.144037
2025-12-19T19:15:00+01:00,0.143606
2025-12-19T19:30:00+01:00,0.144555
2025-12-19T19:45:00+01:00,0.143692
2025-12-19T20:00:00+01:00,0.143692
2025-12-19T20:15:00+01:00,0.144037
2025-12-19T20:30:00+01:00,0.14421
2025-12-19T20:45:00+01:00,0.143002
2025-12-19T21:00:00+01:00,0.144728
2025-12-19T21:15:00+01:00,0.143175
2025-12-19T21:30:00+01:00,0.142485
2025-12-19T21:45:00+01:00,0.143865
2025-12-19T22:00:00+01:00,0.14145
2025-12-19T22:15:00+01:00,0.142312
2025-12-19T22:30:00+01:00,0.143089
2025-12-19T22:45:00+01:00,0.143175
2025-12-19T23:00:00+01:00,0.143175
2025-12-19T23:15:00+01:00,0.14421
2025-12-19T23:30:00+01:00,0.144037
2025-12-19T23:45:00+01:00,0.142657
2025-12-20T00:00:00+01:00,0.14352
2025-12-20T00:15:00+01:00,0.142657
2025-12-20T00:30:00+01:00,0.14214
2025-12-20T00:45:00+01:00,0.14214
2025-12-20T01:00:00+01:00,0.141622
2025-12-20T01:15:00+01:00,0.142312
2025-12-20T01:30:00+01:00,0.141795
2025-12-20T01:45:00+01:00,0.143002
2025-12-20T02:00:00+01:00,0.14352
2025-12-20T02:15:00+01:00,0.142312
2025-12-20T02:30:00+01:00,0.142485
2025-12-20T02:45:00+01:00,0.14214
2025-12-20T03:00:00+01:00,0.142916
2025-12-20T03:15:00+01:00,0.14283
2025-12-20T03:30:00+01:00,0.143175
2025-12-20T03:45:00+01:00,0.142485
2025-12-20T04:00:00+01:00,0.142485
2025-12-20T04:15:00+01:00,0.143347
2025-12-20T04:30:00+01:00,0.143002
2025-12-20T04:45:00+01:00,0.143175
2025-12-20T05:00:00+01:00,0.14421
2025-12-20T05:15:00+01:00,0.142657
2025-12-20T05:30:00+01:00,0.142312
2025-12-20T05:45:00+01:00,0.141795
2025-12-20T06:00:00+01:00,0.143002
2025-12-20T06:15:00+01:00,0.142312
2025-12-20T06:30:00+01:00,0.14352
2025-12-20T06:45:00+01:00,0.143002
2025-12-20T07:00:00+01:00,0.141795
2025-12-20T07:15:00+01:00,0.143175
2025-12-20T07:30:00+01:00,0.143865
2025-12-20T07:45:00+01:00,0.142485
2025-12-20T08:00:00+01:00,0.141277
2025-12-20T08:15:00+01:00,0.142485
2025-12-20T08:30:00+01:00,0.141795
2025-12-20T08:45:00+01:00,0.141795
2025-12-20T09:00:00+01:00,0.141277
2025-12-20T09:15:00+01:00,0.142312
2025-12-20T09:30:00+01:00,0.14145
2025-12-20T09:45:00+01:00,0.142312
2025-12-20T10:00:00+01:00,0.143347
2025-12-20T10:15:00+01:00,0.142485
2025-12-20T10:30:00+01:00,0.141105
2025-12-20T10:45:00+01:00,0.141622
2025-12-20T11:00:00+01:00,0.141881
2025-12-20T11:15:00+01:00,0.142657
2025-12-20T11:30:00+01:00,0.141795
2025-12-20T11:45:00+01:00,0.141105
2025-12-20T12:00:00+01:00,0.141277
2025-12-20T12:15:00+01:00,0.14076
2025-12-20T12:30:00+01:00,0.141105
2025-12-20T12:45:00+01:00,0.143002
2025-12-20T13:00:00+01:00,0.141277
2025-12-20T13:15:00+01:00,0.142312
2025-12-20T13:30:00+01:00,0.14214
2025-12-20T13:45:00+01:00,0.142657
2025-12-20T14:00:00+01:00,0.142657
2025-12-20T14:15:00+01:00,0.140932
2025-12-20T14:30:00+01:00,0.142312
2025-12-20T14:45:00+01:00,0.141967
2025-12-20T15:00:00+01:00,0.142657
2025-12-20T15:15:00+01:00,0.141967
2025-12-20T15:30:00+01:00,0.142485
2025-12-20T15:45:00+01:00,0.141622
2025-12-20T16:00:00+01:00,0.142657
2025-12-20T16:15:00+01:00,0.142657
2025-12-20T16:30:00+01:00,0.142485
2025-12-20T16:45:00+01:00,0.142657
2025-12-20T17:00:00+01:00,0.14352
2025-12-20T17:15:00+01:00,0.143175
2025-12-20T17:30:00+01:00,0.14283
2025-12-20T17:45:00+01:00,0.143175
2025-12-20T18:00:00+01:00,0.143865
2025-12-20T18:15:00+01:00,0.14421
2025-12-20T18:30:00+01:00,0.143175
2025-12-20T18:45:00+01:00,0.14283
2025-12-20T19:00:00+01:00,0.143692
2025-12-20T19:15:00+01:00,0.143692
2025-12-20T19:30:00+01:00,0.142657
2025-12-20T19:45:00+01:00,0.14352
2025-12-20T20:00:00+01:00,0.143175
2025-12-20T20:15:00+01:00,0.143347
2025-12-20T20:30:00+01:00,0.143347
2025-12-20T20:45:00+01:00,0.142485
2025-12-20T21:00:00+01:00,0.14421
2025-12-20T21:15:00+01:00,0.144037
2025-12-20T21:30:00+01:00,0.143002
2025-12-20T21:45:00+01:00,0.143175
2025-12-20T22:00:00+01:00,0.143692
2025-12-20T22:15:00+01:00,0.14352
2025-12-20T22:30:00+01:00,0.144383
2025-12-20T22:45:00+01:00,0.14352
2025-12-20T23:00:00+01:00,0.14352
2025-12-20T23:15:00+01:00,0.143175
2025-12-20T23:30:00+01:00,0.142485
2025-12-20T23:45:00+01:00,0.14283
2025-12-21T00:00:00+01:00,0.143865
2025-12-21T00:15:00+01:00,0.143002
2025-12-21T00:30:00+01:00,0.143865
2025-12-21T00:45:00+01:00,0.143865
2025-12-21T01:00:00+01:00,0.143692
2025-12-21T01:15:00+01:00,0.143175
2025-12-21T01:30:00+01:00,0.142657
2025-12-21T01:45:00+01:00,0.142657
2025-12-21T02:00:00+01:00,0.143347
2025-12-21T02:15:00+01:00,0.142485
2025-12-21T02:30:00+01:00,0.143002
2025-12-21T02:45:00+01:00,0.143002
2025-12-21T03:00:00+01:00,0.14283
2025-12-21T03:15:00+01:00,0.14283
2025-12-21T03:30:00+01:00,0.143002
2025-12-21T03:45:00+01:00,0.143002
2025-12-21T04:00:00+01:00,0.142657
2025-12-21T04:15:00+01:00,0.142657
2025-12-21T04:30:00+01:00,0.14283
2025-12-21T04:45:00+01:00,0.142485
2025-12-21T05:00:00+01:00,0.142312
2025-12-21T05:15:00+01:00,0.144037
2025-12-21T05:30:00+01:00,0.14214
2025-12-21T05:45:00+01:00,0.143002
2025-12-21T06:00:00+01:00,0.142485
2025-12-21T06:15:00+01:00,0.142657
2025-12-21T06:30:00+01:00,0.142485
2025-12-21T06:45:00+01:00,0.14283
2025-12-21T07:00:00+01:00,0.143865
2025-12-21T07:15:00+01:00,0.14145
2025-12-21T07:30:00+01:00,0.14214
2025-12-21T07:45:00+01:00,0.142485
2025-12-21T08:00:00+01:00,0.142657
2025-12-21T08:15:00+01:00,0.142312
2025-12-21T08:30:00+01:00,0.142485
2025-12-21T08:45:00+01:00,0.142312
2025-12-21T09:00:00+01:00,0.142485
2025-12-21T09:15:00+01:00,0.141795
2025-12-21T09:30:00+01:00,0.143175
2025-12-21T09:45:00+01:00,0.142657
2025-12-21T10:00:00+01:00,0.143002
2025-12-21T10:15:00+01:00,0.142485
2025-12-21T10:30:00+01:00,0.143002
2025-12-21T10:45:00+01:00,0.142312
2025-12-21T11:00:00+01:00,0.142657
2025-12-21T11:15:00+01:00,0.14214
2025-12-21T11:30:00+01:00,0.143002
2025-12-21T11:45:00+01:00,0.14145
2025-12-21T12:00:00+01:00,0.141622
2025-12-21T12:15:00+01:00,0.14214
2025-12-21T12:30:00+01:00,0.141105
2025-12-21T12:45:00+01:00,0.142485
2025-12-21T13:00:00+01:00,0.14214
2025-12-21T13:15:00+01:00,0.142485
2025-12-21T13:30:00+01:00,0.143692
2025-12-21T13:45:00+01:00,0.14283
2025-12-21T14:00:00+01:00,0.143175
2025-12-21T14:15:00+01:00,0.143175
2025-12-21T14:30:00+01:00,0.143692
2025-12-21T14:45:00+01:00,0.143002
2025-12-21T15:00:00+01:00,0.142657
2025-12-21T15:15:00+01:00,0.141795
2025-12-21T15:30:00+01:00,0.14283
2025-12-21T15:45:00+01:00,0.143692
2025-12-21T16:00:00+01:00,0.143347
2025-12-21T16:15:00+01:00,0.144037
2025-12-21T16:30:00+01:00,0.144037
2025-12-21T16:45:00+01:00,0.144037
2025-12-21T17:00:00+01:00,0.144555
2025-12-21T17:15:00+01:00,0.143692
2025-12-21T17:30:00+01:00,0.144037
2025-12-21T17:45:00+01:00,0.143175
2025-12-21T18:00:00+01:00,0.143347
2025-12-21T18:15:00+01:00,0.143692
2025-12-21T18:30:00+01:00,0.14421
2025-12-21T18:45:00+01:00,0.14352
2025-12-21T19:00:00+01:00,0.144555
2025-12-21T19:15:00+01:00,0.14421
2025-12-21T19:30:00+01:00,0.143347
2025-12-21T19:45:00+01:00,0.143347
2025-12-21T20:00:00+01:00,0.14352
2025-12-21T20:15:00+01:00,0.144037
2025-12-21T20:30:00+01:00,0.143692
2025-12-21T20:45:00+01:00,0.143175
2025-12-21T21:00:00+01:00,0.14352
2025-12-21T21:15:00+01:00,0.143347
2025-12-21T21:30:00+01:00,0.143347
2025-12-21T21:45:00+01:00,0.14283
2025-12-21T22:00:00+01:00,0.14283
2025-12-21T22:15:00+01:00,0.14283
2025-12-21T22:30:00+01:00,0.143692
2025-12-21T22:45:00+01:00,0.14283
2025-12-21T23:00:00+01:00,0.143175
2025-12-21T23:15:00+01:00,0.142312
2025-12-21T23:30:00+01:00,0.142485
2025-12-21T23:45:00+01:00,0.143865
2025-12-22T00:00:00+01:00,0.141967
2025-12-22T00:15:00+01:00,0.142485
2025-12-22T00:30:00+01:00,0.14283
2025-12-22T00:45:00+01:00,0.142657
2025-12-22T01:00:00+01:00,0.14214
2025-12-22T01:15:00+01:00,0.143175
2025-12-22T01:30:00+01:00,0.143175
2025-12-22T01:45:00+01:00,0.143002
2025-12-22T02:00:00+01:00,0.14283
2025-12-22T02:15:00+01:00,0.142657
2025-12-22T02:30:00+01:00,0.14145
2025-12-22T02:45:00+01:00,0.14352
2025-12-22T03:00:00+01:00,0.14352
2025-12-22T03:15:00+01:00,0.142312
2025-12-22T03:30:00+01:00,0.142657
2025-12-22T03:45:00+01:00,0.143865
2025-12-22T04:00:00+01:00,0.142571
2025-12-22T04:15:00+01:00,0.14214
2025-12-22T04:30:00+01:00,0.141622
2025-12-22T04:45:00+01:00,0.142485
2025-12-22T05:00:00+01:00,0.141967
2025-12-22T05:15:00+01:00,0.141795
2025-12-22T05:30:00+01:00,0.141795
2025-12-22T05:45:00+01:00,0.142312
2025-12-22T06:00:00+01:00,0.141622
2025-12-22T06:15:00+01:00,0.141277
2025-12-22T06:30:00+01:00,0.140587
2025-12-22T06:45:00+01:00,0.142312
2025-12-22T07:00:00+01:00,0.141105
2025-12-22T07:15:00+01:00,0.14076
2025-12-22T07:30:00+01:00,0.140415
2025-12-22T07:45:00+01:00,0.141277
2025-12-22T08:00:00+01:00,0.140415
2025-12-22T08:15:00+01:00,0.141622
2025-12-22T08:30:00+01:00,0.141622
2025-12-22T08:45:00+01:00,0.141277
2025-12-22T09:00:00+01:00,0.14076
2025-12-22T09:15:00+01:00,0.141795
2025-12-22T09:30:00+01:00,0.141967
2025-12-22T09:45:00+01:00,0.14145
2025-12-22T10:00:00+01:00,0.14007
2025-12-22T10:15:00+01:00,0.142657
2025-12-22T10:30:00+01:00,0.14145
2025-12-22T10:45:00+01:00,0.14283
2025-12-22T11:00:00+01:00,0.14283
2025-12-22T11:15:00+01:00,0.14214
2025-12-22T11:30:00+01:00,0.141967
2025-12-22T11:45:00+01:00,0.14214
2025-12-22T12:00:00+01:00,0.141795
2025-12-22T12:15:00+01:00,0.141622
2025-12-22T12:30:00+01:00,0.141967
2025-12-22T12:45:00+01:00,0.142657
2025-12-22T13:00:00+01:00,0.142312
2025-12-22T13:15:00+01:00,0.139725
2025-12-22T13:30:00+01:00,0.147487
2025-12-22T13:45:00+01:00,0.150938
2025-12-22T14:00:00+01:00,0.148868
2025-12-22T14:15:00+01:00,0.233048
2025-12-22T14:30:00+01:00,0.291007
2025-12-22T14:45:00+01:00,0.278501
2025-12-22T15:00:00+01:00,0.251677
2025-12-22T15:15:00+01:00,0.200445
2025-12-22T15:30:00+01:00,0.165773
2025-12-22T15:45:00+01:00,0.22701
2025-12-22T16:00:00+01:00,0.274275
2025-12-22T16:15:00+01:00,0.26565
2025-12-22T16:30:00+01:00,0.27186
2025-12-22T16:45:00+01:00,0.267806
2025-12-22T17:00:00+01:00,0.262027
2025-12-22T17:15:00+01:00,0.272033
2025-12-22T17:30:00+01:00,0.215625
2025-12-22T17:45:00+01:00,0.20217
2025-12-22T18:00:00+01:00,0.230633
2025-12-22T18:15:00+01:00,0.261337
2025-12-22T18:30:00+01:00,0.173018
2025-12-22T18:45:00+01:00,0.175433
2025-12-22T19:00:00+01:00,0.146625
2025-12-22T19:15:00+01:00,0.146453
2025-12-22T19:30:00+01:00,0.14766
2025-12-22T19:45:00+01:00,0.148005
2025-12-22T20:00:00+01:00,0.148868
2025-12-22T20:15:00+01:00,0.148695
2025-12-22T20:30:00+01:00,0.148178
2025-12-22T20:45:00+01:00,0.14973
2025-12-22T21:00:00+01:00,0.14973
2025-12-22T21:15:00+01:00,0.150075
2025-12-22T21:30:00+01:00,0.150765
2025-12-22T21:45:00+01:00,0.151628
2025-12-22T22:00:00+01:00,0.14904
2025-12-22T22:15:00+01:00,0.1587
2025-12-22T22:30:00+01:00,0.20148
2025-12-22T22:45:00+01:00,0.235808
2025-12-22T23:00:00+01:00,0.202343
2025-12-22T23:15:00+01:00,0.150938
2025-12-22T23:30:00+01:00,0.201135
2025-12-22T23:45:00+01:00,0.222525
2025-12-23T00:00:00+01:00,0.253748
2025-12-23T00:15:00+01:00,0.20976
2025-12-23T00:30:00+01:00,0.217178
2025-12-23T00:45:00+01:00,0.198548
2025-12-23T01:00:00+01:00,0.249866
2025-12-23T01:15:00+01:00,0.25737
2025-12-23T01:30:00+01:00,0.245122
2025-12-23T01:45:00+01:00,0.231926
2025-12-23T02:00:00+01:00,0.241328
2025-12-23T02:15:00+01:00,0.221145
2025-12-23T02:30:00+01:00,0.199755
2025-12-23T02:45:00+01:00,0.250125
2025-12-23T03:00:00+01:00,0.257025
2025-12-23T03:15:00+01:00,0.220455
2025-12-23T03:30:00+01:00,0.265305
2025-12-23T03:45:00+01:00,0.244346
2025-12-23T04:00:00+01:00,0.259612
2025-12-23T04:15:00+01:00,0.210795
2025-12-23T04:30:00+01:00,0.269272
2025-12-23T04:45:00+01:00,0.229597
2025-12-23T05:00:00+01:00,0.14973
2025-12-23T05:15:00+01:00,0.15111
2025-12-23T05:30:00+01:00,0.15042
2025-12-23T05:45:00+01:00,0.148868
2025-12-23T06:00:00+01:00,0.194753
2025-12-23T06:15:00+01:00,0.262373
2025-12-23T06:30:00+01:00,0.289886
2025-12-23T06:45:00+01:00,0.277897
2025-12-23T07:00:00+01:00,0.169913
2025-12-23T07:15:00+01:00,0.167498
2025-12-23T07:30:00+01:00,0.24012
2025-12-23T07:45:00+01:00,0.273585
2025-12-23T08:00:00+01:00,0.267203
2025-12-23T08:15:00+01:00,0.18768
2025-12-23T08:30:00+01:00,0.270566
2025-12-23T08:45:00+01:00,0.26358
2025-12-23T09:00:00+01:00,0.267202
2025-12-23T09:15:00+01:00,0.225544
2025-12-23T09:30:00+01:00,0.183885
2025-12-23T09:45:00+01:00,0.297735
2025-12-23T10:00:00+01:00,0.267634
2025-12-23T10:15:00+01:00,0.25254
2025-12-23T10:30:00+01:00,0.185783
2025-12-23T10:45:00+01:00,0.141967
2025-12-23T11:00:00+01:00,0.192855
2025-12-23T11:15:00+01:00,0.17526
2025-12-23T11:30:00+01:00,0.261165
2025-12-23T11:45:00+01:00,0.256335
2025-12-23T12:00:00+01:00,0.20838
2025-12-23T12:15:00+01:00,0.266254
2025-12-23T12:30:00+01:00,0.265305
2025-12-23T12:45:00+01:00,0.2277
2025-12-23T13:00:00+01:00,0.287385
2025-12-23T13:15:00+01:00,0.18561
2025-12-23T13:30:00+01:00,0.146798
2025-12-23T13:45:00+01:00,0.141795
2025-12-23T14:00:00+01:00,0.214072
2025-12-23T14:15:00+01:00,0.262717
2025-12-23T14:30:00+01:00,0.179917
2025-12-23T14:45:00+01:00,0.145762
2025-12-23T15:00:00+01:00,0.221749
2025-12-23T15:15:00+01:00,0.21735
2025-12-23T15:30:00+01:00,0.14973
2025-12-23T15:45:00+01:00,0.254265
2025-12-23T16:00:00+01:00,0.270308
2025-12-23T16:15:00+01:00,0.173535
2025-12-23T16:30:00+01:00,0.147315
2025-12-23T16:45:00+01:00,0.145245
2025-12-23T17:00:00+01:00,0.26772
2025-12-23T17:15:00+01:00,0.224768
2025-12-23T17:30:00+01:00,0.146108
2025-12-23T17:45:00+01:00,0.145763
2025-12-23T18:00:00+01:00,0.14697
2025-12-23T18:15:00+01:00,0.228045
2025-12-23T18:30:00+01:00,0.222525
2025-12-23T18:45:00+01:00,0.14352
2025-12-23T19:00:00+01:00,0.146625
2025-12-23T19:15:00+01:00,0.146108
2025-12-23T19:30:00+01:00,0.149903
2025-12-23T19:45:00+01:00,0.097463
2025-12-23T20:00:00+01:00,0.0
2025-12-23T20:15:00+01:00,0.0
2025-12-23T20:30:00+01:00,0.0
2025-12-23T20:45:00+01:00,0.0
2025-12-23T21:00:00+01:00,0.0
2025-12-23T21:15:00+01:00,0.0
2025-12-23T21:30:00+01:00,0.0
2025-12-23T21:45:00+01:00,0.0
2025-12-23T22:00:00+01:00,0.0
2025-12-23T22:15:00+01:00,0.0
2025-12-23T22:30:00+01:00,0.0
2025-12-23T22:45:00+01:00,0.0
2025-12-23T23:00:00+01:00,0.0
2025-12-23T23:15:00+01:00,0.0
2025-12-23T23:30:00+01:00,0.0
2025-12-23T23:45:00+01:00,0.0
2025-12-24T00:00:00+01:00,0.0
2025-12-24T00:15:00+01:00,0.0
2025-12-24T00:30:00+01:00,0.0
2025-12-24T00:45:00+01:00,0.0
2025-12-24T01:00:00+01:00,0.0
2025-12-24T01:15:00+01:00,0.0
2025-12-24T01:30:00+01:00,0.0
2025-12-24T01:45:00+01:00,0.0
2025-12-24T02:00:00+01:00,0.0
2025-12-24T02:15:00+01:00,0.0
2025-12-24T02:30:00+01:00,0.0
2025-12-24T02:45:00+01:00,0.0
2025-12-24T03:00:00+01:00,0.0
2025-12-24T03:15:00+01:00,0.0
2025-12-24T03:30:00+01:00,0.0
2025-12-24T03:45:00+01:00,0.0
2025-12-24T04:00:00+01:00,0.0
2025-12-24T04:15:00+01:00,0.0
2025-12-24T04:30:00+01:00,0.0
2025-12-24T04:45:00+01:00,0.0
2025-12-24T05:00:00+01:00,0.0
2025-12-24T05:15:00+01:00,0.0
2025-12-24T05:30:00+01:00,0.0
2025-12-24T05:45:00+01:00,0.0
2025-12-24T06:00:00+01:00,0.0
2025-12-24T06:15:00+01:00,0.0
2025-12-24T06:30:00+01:00,0.0
2025-12-24T06:45:00+01:00,0.0
2025-12-24T07:00:00+01:00,0.0
2025-12-24T07:15:00+01:00,0.0
2025-12-24T07:30:00+01:00,0.0
2025-12-24T07:45:00+01:00,0.0
2025-12-24T08:00:00+01:00,0.0
2025-12-24T08:15:00+01:00,0.0
2025-12-24T08:30:00+01:00,0.0
2025-12-24T08:45:00+01:00,0.0
2025-12-24T09:00:00+01:00,0.0
2025-12-24T09:15:00+01:00,0.0
2025-12-24T09:30:00+01:00,0.0
2025-12-24T09:45:00+01:00,0.0
2025-12-24T10:00:00+01:00,0.0
2025-12-24T10:15:00+01:00,0.0
2025-12-24T10:30:00+01:00,0.0
2025-12-24T10:45:00+01:00,0.0
2025-12-24T11:00:00+01:00,0.0
2025-12-24T11:15:00+01:00,0.0
2025-12-24T11:30:00+01:00,0.0
2025-12-24T11:45:00+01:00,0.0
2025-12-24T12:00:00+01:00,0.0
2025-12-24T12:15:00+01:00,0.0
2025-12-24T12:30:00+01:00,0.0
2025-12-24T12:45:00+01:00,0.0
2025-12-24T13:00:00+01:00,0.0
2025-12-24T13:15:00+01:00,0.0
2025-12-24T13:30:00+01:00,0.0
2025-12-24T13:45:00+01:00,0.0
2025-12-24T14:00:00+01:00,0.0
2025-12-24T14:15:00+01:00,0.0
2025-12-24T14:30:00+01:00,0.0
2025-12-24T14:45:00+01:00,0.0
2025-12-24T15:00:00+01:00,0.0
2025-12-24T15:15:00+01:00,0.0
2025-12-24T15:30:00+01:00,0.0
2025-12-24T15:45:00+01:00,0.0
2025-12-24T16:00:00+01:00,0.0
2025-12-24T16:15:00+01:00,0.0
2025-12-24T16:30:00+01:00,0.0
2025-12-24T16:45:00+01:00,0.0
2025-12-24T17:00:00+01:00,0.0
2025-12-24T17:15:00+01:00,0.0
2025-12-24T17:30:00+01:00,0.0
2025-12-24T17:45:00+01:00,0.0
2025-12-24T18:00:00+01:00,0.0
2025-12-24T18:15:00+01:00,0.0
2025-12-24T18:30:00+01:00,0.0
2025-12-24T18:45:00+01:00,0.0
2025-12-24T19:00:00+01:00,0.0
2025-12-24T19:15:00+01:00,0.0
2025-12-24T19:30:00+01:00,0.0
2025-12-24T19:45:00+01:00,0.0
2025-12-24T20:00:00+01:00,0.0
2025-12-24T20:15:00+01:00,0.0
2025-12-24T20:30:00+01:00,0.0
2025-12-24T20:45:00+01:00,0.0
2025-12-24T21:00:00+01:00,0.0
2025-12-24T21:15:00+01:00,0.0
2025-12-24T21:30:00+01:00,0.0
2025-12-24T21:45:00+01:00,0.0
2025-12-24T22:00:00+01:00,0.0
2025-12-24T22:15:00+01:00,0.0
2025-12-24T22:30:00+01:00,0.0
2025-12-24T22:45:00+01:00,0.0
2025-12-24T23:00:00+01:00,0.0
2025-12-24T23:15:00+01:00,0.0
2025-12-24T23:30:00+01:00,0.0
2025-12-24T23:45:00+01:00,0.0
2025-12-25T00:00:00+01:00,0.0
2025-12-25T00:15:00+01:00,0.0
2025-12-25T00:30:00+01:00,0.0
2025-12-25T00:45:00+01:00,0.0
2025-12-25T01:00:00+01:00,0.0
2025-12-25T01:15:00+01:00,0.0
2025-12-25T01:30:00+01:00,0.0
2025-12-25T01:45:00+01:00,0.0
2025-12-25T02:00:00+01:00,0.0
2025-12-25T02:15:00+01:00,0.0
2025-12-25T02:30:00+01:00,0.0
2025-12-25T02:45:00+01:00,0.0
2025-12-25T03:00:00+01:00,0.0
2025-12-25T03:15:00+01:00,0.0
2025-12-25T03:30:00+01:00,0.0
2025-12-25T03:45:00+01:00,0.0
2025-12-25T04:00:00+01:00,0.0
2025-12-25T04:15:00+01:00,0.0
2025-12-25T04:30:00+01:00,0.0
2025-12-25T04:45:00+01:00,0.0
2025-12-25T05:00:00+01:00,0.0
2025-12-25T05:15:00+01:00,0.0
2025-12-25T05:30:00+01:00,0.0
2025-12-25T05:45:00+01:00,0.0
2025-12-25T06:00:00+01:00,0.0
2025-12-25T06:15:00+01:00,0.0
2025-12-25T06:30:00+01:00,0.0
2025-12-25T06:45:00+01:00,0.0
2025-12-25T07:00:00+01:00,0.0
2025-12-25T07:15:00+01:00,0.0
2025-12-25T07:30:00+01:00,0.0
2025-12-25T07:45:00+01:00,0.0
2025-12-25T08:00:00+01:00,0.0
2025-12-25T08:15:00+01:00,0.0
2025-12-25T08:30:00+01:00,0.0
2025-12-25T08:45:00+01:00,0.0
2025-12-25T09:00:00+01:00,0.0
2025-12-25T09:15:00+01:00,0.0
2025-12-25T09:30:00+01:00,0.0
2025-12-25T09:45:00+01:00,0.0
2025-12-25T10:00:00+01:00,0.0
2025-12-25T10:15:00+01:00,0.0
2025-12-25T10:30:00+01:00,0.0
2025-12-25T10:45:00+01:00,0.0
2025-12-25T11:00:00+01:00,0.0
2025-12-25T11:15:00+01:00,0.0
2025-12-25T11:30:00+01:00,0.0
2025-12-25T11:45:00+01:00,0.0
2025-12-25T12:00:00+01:00,0.0
2025-12-25T12:15:00+01:00,0.0
2025-12-25T12:30:00+01:00,0.0
2025-12-25T12:45:00+01:00,0.0
2025-12-25T13:00:00+01:00,0.0
2025-12-25T13:15:00+01:00,0.0
2025-12-25T13:30:00+01:00,0.0
2025-12-25T13:45:00+01:00,0.0
2025-12-25T14:00:00+01:00,0.0
2025-12-25T14:15:00+01:00,0.0
2025-12-25T14:30:00+01:00,0.0
2025-12-25T14:45:00+01:00,0.0
2025-12-25T15:00:00+01:00,0.0
2025-12-25T15:15:00+01:00,0.0
2025-12-25T15:30:00+01:00,0.0
2025-12-25T15:45:00+01:00,0.0
2025-12-25T16:00:00+01:00,0.0
2025-12-25T16:15:00+01:00,0.0
2025-12-25T16:30:00+01:00,0.0
2025-12-25T16:45:00+01:00,0.0
2025-12-25T17:00:00+01:00,0.0
2025-12-25T17:15:00+01:00,0.0
2025-12-25T17:30:00+01:00,0.0
2025-12-25T17:45:00+01:00,0.0
2025-12-25T18:00:00+01:00,0.0
2025-12-25T18:15:00+01:00,0.0
2025-12-25T18:30:00+01:00,0.0
2025-12-25T18:45:00+01:00,0.0
2025-12-25T19:00:00+01:00,0.0
2025-12-25T19:15:00+01:00,0.0
2025-12-25T19:30:00+01:00,0.0
2025-12-25T19:45:00+01:00,0.0
2025-12-25T20:00:00+01:00,0.0
2025-12-25T20:15:00+01:00,0.0
2025-12-25T20:30:00+01:00,0.0
2025-12-25T20:45:00+01:00,0.0
2025-12-25T21:00:00+01:00,0.0
2025-12-25T21:15:00+01:00,0.0
2025-12-25T21:30:00+01:00,0.0
2025-12-25T21:45:00+01:00,0.0
2025-12-25T22:00:00+01:00,0.0
2025-12-25T22:15:00+01:00,0.0
2025-12-25T22:30:00+01:00,0.0
2025-12-25T22:45:00+01:00,0.0
2025-12-25T23:00:00+01:00,0.0
2025-12-25T23:15:00+01:00,0.0
2025-12-25T23:30:00+01:00,0.0
2025-12-25T23:45:00+01:00,0.0
2025-12-26T00:00:00+01:00,0.0
2025-12-26T00:15:00+01:00,0.0
2025-12-26T00:30:00+01:00,0.0
2025-12-26T00:45:00+01:00,0.0
2025-12-26T01:00:00+01:00,0.0
2025-12-26T01:15:00+01:00,0.0
2025-12-26T01:30:00+01:00,0.0
2025-12-26T01:45:00+01:00,0.0
2025-12-26T02:00:00+01:00,0.0
2025-12-26T02:15:00+01:00,0.0
2025-12-26T02:30:00+01:00,0.0
2025-12-26T02:45:00+01:00,0.0
2025-12-26T03:00:00+01:00,0.0
2025-12-26T03:15:00+01:00,0.0
2025-12-26T03:30:00+01:00,0.0
2025-12-26T03:45:00+01:00,0.0
2025-12-26T04:00:00+01:00,0.0
2025-12-26T04:15:00+01:00,0.0
2025-12-26T04:30:00+01:00,0.0
2025-12-26T04:45:00+01:00,0.0
2025-12-26T05:00:00+01:00,0.0
2025-12-26T05:15:00+01:00,0.0
2025-12-26T05:30:00+01:00,0.0
2025-12-26T05:45:00+01:00,0.0
2025-12-26T06:00:00+01:00,0.0
2025-12-26T06:15:00+01:00,0.0
2025-12-26T06:30:00+01:00,0.0
2025-12-26T06:45:00+01:00,0.0
2025-12-26T07:00:00+01:00,0.0
2025-12-26T07:15:00+01:00,0.0
2025-12-26T07:30:00+01:00,0.0
2025-12-26T07:45:00+01:00,0.0
2025-12-26T08:00:00+01:00,0.0
2025-12-26T08:15:00+01:00,0.0
2025-12-26T08:30:00+01:00,0.0
2025-12-26T08:45:00+01:00,0.0
2025-12-26T09:00:00+01:00,0.0
2025-12-26T09:15:00+01:00,0.0
2025-12-26T09:30:00+01:00,0.0
2025-12-26T09:45:00+01:00,0.0
2025-12-26T10:00:00+01:00,0.0
2025-12-26T10:15:00+01:00,0.0
2025-12-26T10:30:00+01:00,0.0
2025-12-26T10:45:00+01:00,0.0
2025-12-26T11:00:00+01:00,0.0
2025-12-26T11:15:00+01:00,0.0
2025-12-26T11:30:00+01:00,0.0
2025-12-26T11:45:00+01:00,0.0
2025-12-26T12:00:00+01:00,0.0
2025-12-26T12:15:00+01:00,0.0
2025-12-26T12:30:00+01:00,0.0
2025-12-26T12:45:00+01:00,0.0
2025-12-26T13:00:00+01:00,0.0
2025-12-26T13:15:00+01:00,0.0
2025-12-26T13:30:00+01:00,0.0
2025-12-26T13:45:00+01:00,0.0
2025-12-26T14:00:00+01:00,0.0
2025-12-26T14:15:00+01:00,0.0
2025-12-26T14:30:00+01:00,0.0
2025-12-26T14:45:00+01:00,0.0
2025-12-26T15:00:00+01:00,0.0
2025-12-26T15:15:00+01:00,0.0
2025-12-26T15:30:00+01:00,0.0
2025-12-26T15:45:00+01:00,0.0
2025-12-26T16:00:00+01:00,0.0
2025-12-26T16:15:00+01:00,0.0
2025-12-26T16:30:00+01:00,0.0
2025-12-26T16:45:00+01:00,0.0
2025-12-26T17:00:00+01:00,0.0
2025-12-26T17:15:00+01:00,0.0
2025-12-26T17:30:00+01:00,0.0
2025-12-26T17:45:00+01:00,0.0
2025-12-26T18:00:00+01:00,0.0
2025-12-26T18:15:00+01:00,0.0
2025-12-26T18:30:00+01:00,0.0
2025-12-26T18:45:00+01:00,0.0
2025-12-26T19:00:00+01:00,0.0
2025-12-26T19:15:00+01:00,0.0
2025-12-26T19:30:00+01:00,0.0
2025-12-26T19:45:00+01:00,0.0
2025-12-26T20:00:00+01:00,0.0
2025-12-26T20:15:00+01:00,0.0
2025-12-26T20:30:00+01:00,0.0
2025-12-26T20:45:00+01:00,0.0
2025-12-26T21:00:00+01:00,0.0
2025-12-26T21:15:00+01:00,0.0
2025-12-26T21:30:00+01:00,0.0
2025-12-26T21:45:00+01:00,0.0
2025-12-26T22:00:00+01:00,0.0
2025-12-26T22:15:00+01:00,0.0
2025-12-26T22:30:00+01:00,0.0
2025-12-26T22:45:00+01:00,0.0
2025-12-26T23:00:00+01:00,0.0
2025-12-26T23:15:00+01:00,0.0
2025-12-26T23:30:00+01:00,0.0
2025-12-26T23:45:00+01:00,0.0
2025-12-27T00:00:00+01:00,0.0
2025-12-27T00:15:00+01:00,0.0
2025-12-27T00:30:00+01:00,0.0
2025-12-27T00:45:00+01:00,0.0
2025-12-27T01:00:00+01:00,0.0
2025-12-27T01:15:00+01:00,0.0
2025-12-27T01:30:00+01:00,0.0
2025-12-27T01:45:00+01:00,0.0
2025-12-27T02:00:00+01:00,0.0
2025-12-27T02:15:00+01:00,0.0
2025-12-27T02:30:00+01:00,0.0
2025-12-27T02:45:00+01:00,0.0
2025-12-27T03:00:00+01:00,0.0
2025-12-27T03:15:00+01:00,0.0
2025-12-27T03:30:00+01:00,0.0
2025-12-27T03:45:00+01:00,0.0
2025-12-27T04:00:00+01:00,0.0
2025-12-27T04:15:00+01:00,0.0
2025-12-27T04:30:00+01:00,0.0
2025-12-27T04:45:00+01:00,0.0
2025-12-27T05:00:00+01:00,0.0
2025-12-27T05:15:00+01:00,0.0
2025-12-27T05:30:00+01:00,0.0
2025-12-27T05:45:00+01:00,0.0
2025-12-27T06:00:00+01:00,0.0
2025-12-27T06:15:00+01:00,0.0
2025-12-27T06:30:00+01:00,0.0
2025-12-27T06:45:00+01:00,0.0
2025-12-27T07:00:00+01:00,0.0
2025-12-27T07:15:00+01:00,0.0
2025-12-27T07:30:00+01:00,0.0
2025-12-27T07:45:00+01:00,0.0
2025-12-27T08:00:00+01:00,0.0
2025-12-27T08:15:00+01:00,0.0
2025-12-27T08:30:00+01:00,0.0
2025-12-27T08:45:00+01:00,0.0
2025-12-27T09:00:00+01:00,0.0
2025-12-27T09:15:00+01:00,0.0
2025-12-27T09:30:00+01:00,0.0
2025-12-27T09:45:00+01:00,0.0
2025-12-27T10:00:00+01:00,0.0
2025-12-27T10:15:00+01:00,0.0
2025-12-27T10:30:00+01:00,0.0
2025-12-27T10:45:00+01:00,0.0
2025-12-27T11:00:00+01:00,0.0
2025-12-27T11:15:00+01:00,0.0
2025-12-27T11:30:00+01:00,0.0
2025-12-27T11:45:00+01:00,0.0
2025-12-27T12:00:00+01:00,0.0
2025-12-27T12:15:00+01:00,0.0
2025-12-27T12:30:00+01:00,0.0
2025-12-27T12:45:00+01:00,0.0
2025-12-27T13:00:00+01:00,0.0
2025-12-27T13:15:00+01:00,0.0
2025-12-27T13:30:00+01:00,0.0
2025-12-27T13:45:00+01:00,0.0
2025-12-27T14:00:00+01:00,0.0
2025-12-27T14:15:00+01:00,0.0
2025-12-27T14:30:00+01:00,0.0
2025-12-27T14:45:00+01:00,0.0
2025-12-27T15:00:00+01:00,0.0
2025-12-27T15:15:00+01:00,0.0
2025-12-27T15:30:00+01:00,0.0
2025-12-27T15:45:00+01:00,0.0
2025-12-27T16:00:00+01:00,0.0
2025-12-27T16:15:00+01:00,0.0
2025-12-27T16:30:00+01:00,0.0
2025-12-27T16:45:00+01:00,0.0
2025-12-27T17:00:00+01:00,0.0
2025-12-27T17:15:00+01:00,0.0
2025-12-27T17:30:00+01:00,0.0
2025-12-27T17:45:00+01:00,0.0
2025-12-27T18:00:00+01:00,0.0
2025-12-27T18:15:00+01:00,0.0
2025-12-27T18:30:00+01:00,0.0
2025-12-27T18:45:00+01:00,0.0
2025-12-27T19:00:00+01:00,0.0
2025-12-27T19:15:00+01:00,0.0
2025-12-27T19:30:00+01:00,0.0
2025-12-27T19:45:00+01:00,0.0
2025-12-27T20:00:00+01:00,0.0
2025-12-27T20:15:00+01:00,0.0
2025-12-27T20:30:00+01:00,0.0
2025-12-27T20:45:00+01:00,0.0
2025-12-27T21:00:00+01:00,0.0
2025-12-27T21:15:00+01:00,0.0
2025-12-27T21:30:00+01:00,0.0
2025-12-27T21:45:00+01:00,0.0
2025-12-27T22:00:00+01:00,0.0
2025-12-27T22:15:00+01:00,0.0
2025-12-27T22:30:00+01:00,0.0
2025-12-27T22:45:00+01:00,0.0
2025-12-27T23:00:00+01:00,0.0
2025-12-27T23:15:00+01:00,0.0
2025-12-27T23:30:00+01:00,0.0
2025-12-27T23:45:00+01:00,0.0
2025-12-28T00:00:00+01:00,0.0
2025-12-28T00:15:00+01:00,0.0
2025-12-28T00:30:00+01:00,0.0
2025-12-28T00:45:00+01:00,0.0
2025-12-28T01:00:00+01:00,0.0
2025-12-28T01:15:00+01:00,0.0
2025-12-28T01:30:00+01:00,0.0
2025-12-28T01:45:00+01:00,0.0
2025-12-28T02:00:00+01:00,0.0
2025-12-28T02:15:00+01:00,0.0
2025-12-28T02:30:00+01:00,0.0
2025-12-28T02:45:00+01:00,0.0
2025-12-28T03:00:00+01:00,0.0
2025-12-28T03:15:00+01:00,0.0
2025-12-28T03:30:00+01:00,0.0
2025-12-28T03:45:00+01:00,0.0
2025-12-28T04:00:00+01:00,0.0
2025-12-28T04:15:00+01:00,0.0
2025-12-28T04:30:00+01:00,0.0
2025-12-28T04:45:00+01:00,0.0
2025-12-28T05:00:00+01:00,0.0
2025-12-28T05:15:00+01:00,0.0
2025-12-28T05:30:00+01:00,0.0
2025-12-28T05:45:00+01:00,0.0
2025-12-28T06:00:00+01:00,0.0
2025-12-28T06:15:00+01:00,0.0
2025-12-28T06:30:00+01:00,0.0
2025-12-28T06:45:00+01:00,0.0
2025-12-28T07:00:00+01:00,0.0
2025-12-28T07:15:00+01:00,0.0
2025-12-28T07:30:00+01:00,0.0
2025-12-28T07:45:00+01:00,0.0
2025-12-28T08:00:00+01:00,0.0
2025-12-28T08:15:00+01:00,0.0
2025-12-28T08:30:00+01:00,0.0
2025-12-28T08:45:00+01:00,0.0
2025-12-28T09:00:00+01:00,0.0
2025-12-28T09:15:00+01:00,0.0
2025-12-28T09:30:00+01:00,0.0
2025-12-28T09:45:00+01:00,0.0
2025-12-28T10:00:00+01:00,0.0
2025-12-28T10:15:00+01:00,0.0
2025-12-28T10:30:00+01:00,0.0
2025-12-28T10:45:00+01:00,0.0
2025-12-28T11:00:00+01:00,0.0
2025-12-28T11:15:00+01:00,0.0
2025-12-28T11:30:00+01:00,0.0
2025-12-28T11:45:00+01:00,0.0
2025-12-28T12:00:00+01:00,0.0
2025-12-28T12:15:00+01:00,0.0
2025-12-28T12:30:00+01:00,0.0
2025-12-28T12:45:00+01:00,0.0
2025-12-28T13:00:00+01:00,0.0
2025-12-28T13:15:00+01:00,0.0
2025-12-28T13:30:00+01:00,0.0
2025-12-28T13:45:00+01:00,0.0
2025-12-28T14:00:00+01:00,0.0
2025-12-28T14:15:00+01:00,0.0
2025-12-28T14:30:00+01:00,0.0
2025-12-28T14:45:00+01:00,0.0
2025-12-28T15:00:00+01:00,0.0
2025-12-28T15:15:00+01:00,0.0
2025-12-28T15:30:00+01:00,0.0
2025-12-28T15:45:00+01:00,0.0
2025-12-28T16:00:00+01:00,0.0
2025-12-28T16:15:00+01:00,0.0
2025-12-28T16:30:00+01:00,0.0
2025-12-28T16:45:00+01:00,0.0
2025-12-28T17:00:00+01:00,0.0
2025-12-28T17:15:00+01:00,0.0
2025-12-28T17:30:00+01:00,0.0
2025-12-28T17:45:00+01:00,0.0
2025-12-28T18:00:00+01:00,0.0
2025-12-28T18:15:00+01:00,0.0
2025-12-28T18:30:00+01:00,0.0
2025-12-28T18:45:00+01:00,0.0
2025-12-28T19:00:00+01:00,0.0
2025-12-28T19:15:00+01:00,0.0
2025-12-28T19:30:00+01:00,0.0
2025-12-28T19:45:00+01:00,0.0
2025-12-28T20:00:00+01:00,0.0
2025-12-28T20:15:00+01:00,0.0
2025-12-28T20:30:00+01:00,0.0
2025-12-28T20:45:00+01:00,0.0
2025-12-28T21:00:00+01:00,0.0
2025-12-28T21:15:00+01:00,0.0
2025-12-28T21:30:00+01:00,0.0
2025-12-28T21:45:00+01:00,0.0
2025-12-28T22:00:00+01:00,0.0
2025-12-28T22:15:00+01:00,0.0
2025-12-28T22:30:00+01:00,0.0
2025-12-28T22:45:00+01:00,0.0
2025-12-28T23:00:00+01:00,0.0
2025-12-28T23:15:00+01:00,0.0
2025-12-28T23:30:00+01:00,0.0
2025-12-28T23:45:00+01:00,0.0
2025-12-29T00:00:00+01:00,0.0
2025-12-29T00:15:00+01:00,0.0
2025-12-29T00:30:00+01:00,0.0
2025-12-29T00:45:00+01:00,0.0
2025-12-29T01:00:00+01:00,0.0
2025-12-29T01:15:00+01:00,0.0
2025-12-29T01:30:00+01:00,0.0
2025-12-29T01:45:00+01:00,0.0
2025-12-29T02:00:00+01:00,0.0
2025-12-29T02:15:00+01:00,0.0
2025-12-29T02:30:00+01:00,0.0
2025-12-29T02:45:00+01:00,0.0
2025-12-29T03:00:00+01:00,0.0
2025-12-29T03:15:00+01:00,0.0
2025-12-29T03:30:00+01:00,0.0
2025-12-29T03:45:00+01:00,0.0
2025-12-29T04:00:00+01:00,0.0
2025-12-29T04:15:00+01:00,0.0
2025-12-29T04:30:00+01:00,0.0
2025-12-29T04:45:00+01:00,0.0
2025-12-29T05:00:00+01:00,0.0
2025-12-29T05:15:00+01:00,0.0
2025-12-29T05:30:00+01:00,0.0
2025-12-29T05:45:00+01:00,0.0
2025-12-29T06:00:00+01:00,0.0
2025-12-29T06:15:00+01:00,0.0
2025-12-29T06:30:00+01:00,0.0
2025-12-29T06:45:00+01:00,0.0
2025-12-29T07:00:00+01:00,0.0
2025-12-29T07:15:00+01:00,0.0
2025-12-29T07:30:00+01:00,0.0
2025-12-29T07:45:00+01:00,0.0
2025-12-29T08:00:00+01:00,0.0
2025-12-29T08:15:00+01:00,0.0
2025-12-29T08:30:00+01:00,0.0
2025-12-29T08:45:00+01:00,0.0
2025-12-29T09:00:00+01:00,0.0
2025-12-29T09:15:00+01:00,0.0
2025-12-29T09:30:00+01:00,0.0
2025-12-29T09:45:00+01:00,0.0
2025-12-29T10:00:00+01:00,0.0
2025-12-29T10:15:00+01:00,0.0
2025-12-29T10:30:00+01:00,0.0
2025-12-29T10:45:00+01:00,0.0
2025-12-29T11:00:00+01:00,0.0
2025-12-29T11:15:00+01:00,0.0
2025-12-29T11:30:00+01:00,0.0
2025-12-29T11:45:00+01:00,0.0
2025-12-29T12:00:00+01:00,0.0
2025-12-29T12:15:00+01:00,0.0
2025-12-29T12:30:00+01:00,0.0
2025-12-29T12:45:00+01:00,0.0
2025-12-29T13:00:00+01:00,0.0
2025-12-29T13:15:00+01:00,0.0
2025-12-29T13:30:00+01:00,0.0
2025-12-29T13:45:00+01:00,0.0
2025-12-29T14:00:00+01:00,0.0
2025-12-29T14:15:00+01:00,0.0
2025-12-29T14:30:00+01:00,0.0
2025-12-29T14:45:00+01:00,0.0
2025-12-29T15:00:00+01:00,0.0
2025-12-29T15:15:00+01:00,0.0
2025-12-29T15:30:00+01:00,0.0
2025-12-29T15:45:00+01:00,0.0
2025-12-29T16:00:00+01:00,0.0
2025-12-29T16:15:00+01:00,0.0
2025-12-29T16:30:00+01:00,0.0
2025-12-29T16:45:00+01:00,0.0
2025-12-29T17:00:00+01:00,0.0
2025-12-29T17:15:00+01:00,0.0
2025-12-29T17:30:00+01:00,0.0
2025-12-29T17:45:00+01:00,0.0
2025-12-29T18:00:00+01:00,0.0
2025-12-29T18:15:00+01:00,0.0
2025-12-29T18:30:00+01:00,0.0
2025-12-29T18:45:00+01:00,0.0
2025-12-29T19:00:00+01:00,0.0
2025-12-29T19:15:00+01:00,0.0
2025-12-29T19:30:00+01:00,0.0
2025-12-29T19:45:00+01:00,0.0
2025-12-29T20:00:00+01:00,0.0
2025-12-29T20:15:00+01:00,0.0
2025-12-29T20:30:00+01:00,0.0
2025-12-29T20:45:00+01:00,0.0
2025-12-29T21:00:00+01:00,0.0
2025-12-29T21:15:00+01:00,0.0
2025-12-29T21:30:00+01:00,0.0
2025-12-29T21:45:00+01:00,0.0
2025-12-29T22:00:00+01:00,0.0
2025-12-29T22:15:00+01:00,0.0
2025-12-29T22:30:00+01:00,0.0
2025-12-29T22:45:00+01:00,0.0
2025-12-29T23:00:00+01:00,0.0
2025-12-29T23:15:00+01:00,0.0
2025-12-29T23:30:00+01:00,0.0
2025-12-29T23:45:00+01:00,0.0
2025-12-30T00:00:00+01:00,0.0
2025-12-30T00:15:00+01:00,0.0
2025-12-30T00:30:00+01:00,0.0
2025-12-30T00:45:00+01:00,0.0
2025-12-30T01:00:00+01:00,0.0
2025-12-30T01:15:00+01:00,0.0
2025-12-30T01:30:00+01:00,0.0
2025-12-30T01:45:00+01:00,0.0
2025-12-30T02:00:00+01:00,0.0
2025-12-30T02:15:00+01:00,0.0
2025-12-30T02:30:00+01:00,0.0
2025-12-30T02:45:00+01:00,0.0
2025-12-30T03:00:00+01:00,0.0
2025-12-30T03:15:00+01:00,0.0
2025-12-30T03:30:00+01:00,0.0
2025-12-30T03:45:00+01:00,0.0
2025-12-30T04:00:00+01:00,0.0
2025-12-30T04:15:00+01:00,0.0
2025-12-30T04:30:00+01:00,0.0
2025-12-30T04:45:00+01:00,0.0
2025-12-30T05:00:00+01:00,0.0
2025-12-30T05:15:00+01:00,0.0
2025-12-30T05:30:00+01:00,0.0
2025-12-30T05:45:00+01:00,0.0
2025-12-30T06:00:00+01:00,0.0
2025-12-30T06:15:00+01:00,0.0
2025-12-30T06:30:00+01:00,0.0
2025-12-30T06:45:00+01:00,0.0
2025-12-30T07:00:00+01:00,0.0
2025-12-30T07:15:00+01:00,0.0
2025-12-30T07:30:00+01:00,0.0
2025-12-30T07:45:00+01:00,0.0
2025-12-30T08:00:00+01:00,0.0
2025-12-30T08:15:00+01:00,0.0
2025-12-30T08:30:00+01:00,0.0
2025-12-30T08:45:00+01:00,0.0
2025-12-30T09:00:00+01:00,0.0
2025-12-30T09:15:00+01:00,0.0
2025-12-30T09:30:00+01:00,0.0
2025-12-30T09:45:00+01:00,0.0
2025-12-30T10:00:00+01:00,0.0
2025-12-30T10:15:00+01:00,0.0
2025-12-30T10:30:00+01:00,0.0
2025-12-30T10:45:00+01:00,0.0
2025-12-30T11:00:00+01:00,0.0
2025-12-30T11:15:00+01:00,0.0
2025-12-30T11:30:00+01:00,0.0
2025-12-30T11:45:00+01:00,0.0
2025-12-30T12:00:00+01:00,0.0
2025-12-30T12:15:00+01:00,0.0
2025-12-30T12:30:00+01:00,0.0
2025-12-30T12:45:00+01:00,0.0
2025-12-30T13:00:00+01:00,0.0
2025-12-30T13:15:00+01:00,0.0
2025-12-30T13:30:00+01:00,0.0
2025-12-30T13:45:00+01:00,0.0
2025-12-30T14:00:00+01:00,0.0
2025-12-30T14:15:00+01:00,0.0
2025-12-30T14:30:00+01:00,0.0
2025-12-30T14:45:00+01:00,0.0
2025-12-30T15:00:00+01:00,0.0
2025-12-30T15:15:00+01:00,0.0
2025-12-30T15:30:00+01:00,0.0
2025-12-30T15:45:00+01:00,0.0
2025-12-30T16:00:00+01:00,0.0
2025-12-30T16:15:00+01:00,0.0
2025-12-30T16:30:00+01:00,0.0
2025-12-30T16:45:00+01:00,0.0
2025-12-30T17:00:00+01:00,0.0
2025-12-30T17:15:00+01:00,0.0
2025-12-30T17:30:00+01:00,0.0
2025-12-30T17:45:00+01:00,0.0
2025-12-30T18:00:00+01:00,0.0
2025-12-30T18:15:00+01:00,0.0
2025-12-30T18:30:00+01:00,0.0
2025-12-30T18:45:00+01:00,0.0
2025-12-30T19:00:00+01:00,0.0
2025-12-30T19:15:00+01:00,0.0
2025-12-30T19:30:00+01:00,0.0
2025-12-30T19:45:00+01:00,0.0
2025-12-30T20:00:00+01:00,0.0
2025-12-30T20:15:00+01:00,0.0
2025-12-30T20:30:00+01:00,0.0
2025-12-30T20:45:00+01:00,0.0
2025-12-30T21:00:00+01:00,0.0
2025-12-30T21:15:00+01:00,0.0
2025-12-30T21:30:00+01:00,0.0
2025-12-30T21:45:00+01:00,0.0
2025-12-30T22:00:00+01:00,0.0
2025-12-30T22:15:00+01:00,0.0
2025-12-30T22:30:00+01:00,0.0
2025-12-30T22:45:00+01:00,0.0
2025-12-30T23:00:00+01:00,0.0
2025-12-30T23:15:00+01:00,0.0
2025-12-30T23:30:00+01:00,0.0
2025-12-30T23:45:00+01:00,0.0
2025-12-31T00:00:00+01:00,0.0
2025-12-31T00:15:00+01:00,0.0
2025-12-31T00:30:00+01:00,0.0
2025-12-31T00:45:00+01:00,0.0
2025-12-31T01:00:00+01:00,0.0
2025-12-31T01:15:00+01:00,0.0
2025-12-31T01:30:00+01:00,0.0
2025-12-31T01:45:00+01:00,0.0
2025-12-31T02:00:00+01:00,0.0
2025-12-31T02:15:00+01:00,0.0
2025-12-31T02:30:00+01:00,0.0
2025-12-31T02:45:00+01:00,0.0
2025-12-31T03:00:00+01:00,0.0
2025-12-31T03:15:00+01:00,0.0
2025-12-31T03:30:00+01:00,0.0
2025-12-31T03:45:00+01:00,0.0
2025-12-31T04:00:00+01:00,0.0
2025-12-31T04:15:00+01:00,0.0
2025-12-31T04:30:00+01:00,0.0
2025-12-31T04:45:00+01:00,0.0
2025-12-31T05:00:00+01:00,0.0
2025-12-31T05:15:00+01:00,0.0
2025-12-31T05:30:00+01:00,0.0
2025-12-31T05:45:00+01:00,0.0
2025-12-31T06:00:00+01:00,0.0
2025-12-31T06:15:00+01:00,0.0
2025-12-31T06:30:00+01:00,0.0
2025-12-31T06:45:00+01:00,0.0
2025-12-31T07:00:00+01:00,0.0
2025-12-31T07:15:00+01:00,0.0
2025-12-31T07:30:00+01:00,0.0
2025-12-31T07:45:00+01:00,0.0
2025-12-31T08:00:00+01:00,0.0
2025-12-31T08:15:00+01:00,0.0
2025-12-31T08:30:00+01:00,0.0
2025-12-31T08:45:00+01:00,0.0
2025-12-31T09:00:00+01:00,0.0
2025-12-31T09:15:00+01:00,0.0
2025-12-31T09:30:00+01:00,0.0
2025-12-31T09:45:00+01:00,0.0
2025-12-31T10:00:00+01:00,0.0
2025-12-31T10:15:00+01:00,0.0
2025-12-31T10:30:00+01:00,0.0
2025-12-31T10:45:00+01:00,0.0
2025-12-31T11:00:00+01:00,0.0
2025-12-31T11:15:00+01:00,0.0
2025-12-31T11:30:00+01:00,0.0
2025-12-31T11:45:00+01:00,0.0
2025-12-31T12:00:00+01:00,0.0
2025-12-31T12:15:00+01:00,0.0
2025-12-31T12:30:00+01:00,0.0
2025-12-31T12:45:00+01:00,0.0
2025-12-31T13:00:00+01:00,0.0
2025-12-31T13:15:00+01:00,0.0
2025-12-31T13:30:00+01:00,0.0
2025-12-31T13:45:00+01:00,0.0
2025-12-31T14:00:00+01:00,0.0
2025-12-31T14:15:00+01:00,0.0
2025-12-31T14:30:00+01:00,0.0
2025-12-31T14:45:00+01:00,0.0
2025-12-31T15:00:00+01:00,0.0
2025-12-31T15:15:00+01:00,0.0
2025-12-31T15:30:00+01:00,0.0
2025-12-31T15:45:00+01:00,0.0
2025-12-31T16:00:00+01:00,0.0
2025-12-31T16:15:00+01:00,0.0
2025-12-31T16:30:00+01:00,0.0
2025-12-31T16:45:00+01:00,0.0
2025-12-31T17:00:00+01:00,0.0
2025-12-31T17:15:00+01:00,0.0
2025-12-31T17:30:00+01:00,0.0
2025-12-31T17:45:00+01:00,0.0
2025-12-31T18:00:00+01:00,0.0
2025-12-31T18:15:00+01:00,0.0
2025-12-31T18:30:00+01:00,0.0
2025-12-31T18:45:00+01:00,0.0
2025-12-31T19:00:00+01:00,0.0
2025-12-31T19:15:00+01:00,0.0
2025-12-31T19:30:00+01:00,0.0
2025-12-31T19:45:00+01:00,0.0
2025-12-31T20:00:00+01:00,0.0
2025-12-31T20:15:00+01:00,0.0
2025-12-31T20:30:00+01:00,0.0
2025-12-31T20:45:00+01:00,0.0
2025-12-31T21:00:00+01:00,0.0
2025-12-31T21:15:00+01:00,0.0
2025-12-31T21:30:00+01:00,0.0
2025-12-31T21:45:00+01:00,0.0
2025-12-31T22:00:00+01:00,0.0
2025-12-31T22:15:00+01:00,0.0
2025-12-31T22:30:00+01:00,0.0
2025-12-31T22:45:00+01:00,0.0
2025-12-31T23:00:00+01:00,0.0
2025-12-31T23:15:00+01:00,0.0
2025-12-31T23:30:00+01:00,0.0
2025-12-31T23:45:00+01:00,0.0
2026-01-01T00:00:00+01:00,0.0
2026-01-01T00:15:00+01:00,0.0
2026-01-01T00:30:00+01:00,0.0
2026-01-01T00:45:00+01:00,0.0
2026-01-01T01:00:00+01:00,0.0
2026-01-01T01:15:00+01:00,0.0
2026-01-01T01:30:00+01:00,0.0
2026-01-01T01:45:00+01:00,0.0
2026-01-01T02:00:00+01:00,0.0
2026-01-01T02:15:00+01:00,0.0
2026-01-01T02:30:00+01:00,0.0
2026-01-01T02:45:00+01:00,0.0
2026-01-01T03:00:00+01:00,0.0
2026-01-01T03:15:00+01:00,0.0
2026-01-01T03:30:00+01:00,0.0
2026-01-01T03:45:00+01:00,0.0
2026-01-01T04:00:00+01:00,0.0
2026-01-01T04:15:00+01:00,0.0
2026-01-01T04:30:00+01:00,0.0
2026-01-01T04:45:00+01:00,0.0
2026-01-01T05:00:00+01:00,0.0
2026-01-01T05:15:00+01:00,0.0
2026-01-01T05:30:00+01:00,0.0
2026-01-01T05:45:00+01:00,0.0
2026-01-01T06:00:00+01:00,0.0
2026-01-01T06:15:00+01:00,0.0
2026-01-01T06:30:00+01:00,0.0
2026-01-01T06:45:00+01:00,0.0
2026-01-01T07:00:00+01:00,0.0
2026-01-01T07:15:00+01:00,0.0
2026-01-01T07:30:00+01:00,0.0
2026-01-01T07:45:00+01:00,0.0
2026-01-01T08:00:00+01:00,0.0
2026-01-01T08:15:00+01:00,0.0
2026-01-01T08:30:00+01:00,0.0
2026-01-01T08:45:00+01:00,0.0
2026-01-01T09:00:00+01:00,0.0
2026-01-01T09:15:00+01:00,0.0
2026-01-01T09:30:00+01:00,0.0
2026-01-01T09:45:00+01:00,0.0
2026-01-01T10:00:00+01:00,0.0
2026-01-01T10:15:00+01:00,0.0
2026-01-01T10:30:00+01:00,0.0
2026-01-01T10:45:00+01:00,0.0
2026-01-01T11:00:00+01:00,0.0
2026-01-01T11:15:00+01:00,0.0
2026-01-01T11:30:00+01:00,0.0
2026-01-01T11:45:00+01:00,0.0
2026-01-01T12:00:00+01:00,0.0
2026-01-01T12:15:00+01:00,0.0
2026-01-01T12:30:00+01:00,0.0
2026-01-01T12:45:00+01:00,0.0
2026-01-01T13:00:00+01:00,0.0
2026-01-01T13:15:00+01:00,0.0
2026-01-01T13:30:00+01:00,0.0
2026-01-01T13:45:00+01:00,0.0
2026-01-01T14:00:00+01:00,0.0
2026-01-01T14:15:00+01:00,0.0
2026-01-01T14:30:00+01:00,0.0
2026-01-01T14:45:00+01:00,0.0
2026-01-01T15:00:00+01:00,0.0
2026-01-01T15:15:00+01:00,0.0
2026-01-01T15:30:00+01:00,0.0
2026-01-01T15:45:00+01:00,0.0
2026-01-01T16:00:00+01:00,0.0
2026-01-01T16:15:00+01:00,0.0
2026-01-01T16:30:00+01:00,0.0
2026-01-01T16:45:00+01:00,0.0
2026-01-01T17:00:00+01:00,0.0
2026-01-01T17:15:00+01:00,0.0
2026-01-01T17:30:00+01:00,0.0
2026-01-01T17:45:00+01:00,0.0
2026-01-01T18:00:00+01:00,0.0
2026-01-01T18:15:00+01:00,0.0
2026-01-01T18:30:00+01:00,0.0
2026-01-01T18:45:00+01:00,0.0
2026-01-01T19:00:00+01:00,0.0
2026-01-01T19:15:00+01:00,0.0
2026-01-01T19:30:00+01:00,0.0
2026-01-01T19:45:00+01:00,0.0
2026-01-01T20:00:00+01:00,0.0
2026-01-01T20:15:00+01:00,0.0
2026-01-01T20:30:00+01:00,0.0
2026-01-01T20:45:00+01:00,0.0
2026-01-01T21:00:00+01:00,0.0
2026-01-01T21:15:00+01:00,0.0
2026-01-01T21:30:00+01:00,0.0
2026-01-01T21:45:00+01:00,0.0
2026-01-01T22:00:00+01:00,0.0
2026-01-01T22:15:00+01:00,0.0
2026-01-01T22:30:00+01:00,0.0
2026-01-01T22:45:00+01:00,0.0
2026-01-01T23:00:00+01:00,0.0
2026-01-01T23:15:00+01:00,0.0
2026-01-01T23:30:00+01:00,0.0
2026-01-01T23:45:00+01:00,0.0
2026-01-02T00:00:00+01:00,0.0
2026-01-02T00:15:00+01:00,0.0
2026-01-02T00:30:00+01:00,0.0
2026-01-02T00:45:00+01:00,0.0
2026-01-02T01:00:00+01:00,0.0
2026-01-02T01:15:00+01:00,0.0
2026-01-02T01:30:00+01:00,0.0
2026-01-02T01:45:00+01:00,0.0
2026-01-02T02:00:00+01:00,0.0
2026-01-02T02:15:00+01:00,0.0
2026-01-02T02:30:00+01:00,0.0
2026-01-02T02:45:00+01:00,0.0
2026-01-02T03:00:00+01:00,0.0
2026-01-02T03:15:00+01:00,0.0
2026-01-02T03:30:00+01:00,0.0
2026-01-02T03:45:00+01:00,0.0
2026-01-02T04:00:00+01:00,0.0
2026-01-02T04:15:00+01:00,0.0
2026-01-02T04:30:00+01:00,0.0
2026-01-02T04:45:00+01:00,0.0
2026-01-02T05:00:00+01:00,0.0
2026-01-02T05:15:00+01:00,0.0
2026-01-02T05:30:00+01:00,0.0
2026-01-02T05:45:00+01:00,0.0
2026-01-02T06:00:00+01:00,0.0
2026-01-02T06:15:00+01:00,0.0
2026-01-02T06:30:00+01:00,0.0
2026-01-02T06:45:00+01:00,0.0
2026-01-02T07:00:00+01:00,0.0
2026-01-02T07:15:00+01:00,0.0
2026-01-02T07:30:00+01:00,0.0
2026-01-02T07:45:00+01:00,0.0
2026-01-02T08:00:00+01:00,0.0
2026-01-02T08:15:00+01:00,0.0
2026-01-02T08:30:00+01:00,0.0
2026-01-02T08:45:00+01:00,0.0
2026-01-02T09:00:00+01:00,0.0
2026-01-02T09:15:00+01:00,0.0
2026-01-02T09:30:00+01:00,0.0
2026-01-02T09:45:00+01:00,0.0
2026-01-02T10:00:00+01:00,0.0
2026-01-02T10:15:00+01:00,0.0
2026-01-02T10:30:00+01:00,0.0
2026-01-02T10:45:00+01:00,0.0
2026-01-02T11:00:00+01:00,0.0
2026-01-02T11:15:00+01:00,0.0
2026-01-02T11:30:00+01:00,0.0
2026-01-02T11:45:00+01:00,0.0
2026-01-02T12:00:00+01:00,0.0
2026-01-02T12:15:00+01:00,0.0
2026-01-02T12:30:00+01:00,0.0
2026-01-02T12:45:00+01:00,0.0
2026-01-02T13:00:00+01:00,0.0
2026-01-02T13:15:00+01:00,0.0
2026-01-02T13:30:00+01:00,0.0
2026-01-02T13:45:00+01:00,0.0
2026-01-02T14:00:00+01:00,0.0
2026-01-02T14:15:00+01:00,0.0
2026-01-02T14:30:00+01:00,0.0
2026-01-02T14:45:00+01:00,0.0
2026-01-02T15:00:00+01:00,0.0
2026-01-02T15:15:00+01:00,0.0
2026-01-02T15:30:00+01:00,0.0
2026-01-02T15:45:00+01:00,0.0
2026-01-02T16:00:00+01:00,0.0
2026-01-02T16:15:00+01:00,0.0
2026-01-02T16:30:00+01:00,0.0
2026-01-02T16:45:00+01:00,0.0
2026-01-02T17:00:00+01:00,0.0
2026-01-02T17:15:00+01:00,0.0
2026-01-02T17:30:00+01:00,0.0
2026-01-02T17:45:00+01:00,0.0
2026-01-02T18:00:00+01:00,0.0
2026-01-02T18:15:00+01:00,0.0
2026-01-02T18:30:00+01:00,0.0
2026-01-02T18:45:00+01:00,0.0
2026-01-02T19:00:00+01:00,0.0
2026-01-02T19:15:00+01:00,0.0
2026-01-02T19:30:00+01:00,0.0
2026-01-02T19:45:00+01:00,0.0
2026-01-02T20:00:00+01:00,0.0
2026-01-02T20:15:00+01:00,0.0
2026-01-02T20:30:00+01:00,0.0
2026-01-02T20:45:00+01:00,0.0
2026-01-02T21:00:00+01:00,0.0
2026-01-02T21:15:00+01:00,0.0
2026-01-02T21:30:00+01:00,0.0
2026-01-02T21:45:00+01:00,0.0
2026-01-02T22:00:00+01:00,0.0
2026-01-02T22:15:00+01:00,0.0
2026-01-02T22:30:00+01:00,0.0
2026-01-02T22:45:00+01:00,0.0
2026-01-02T23:00:00+01:00,0.0
2026-01-02T23:15:00+01:00,0.0
2026-01-02T23:30:00+01:00,0.0
2026-01-02T23:45:00+01:00,0.0
2026-01-03T00:00:00+01:00,0.0
2026-01-03T00:15:00+01:00,0.0
2026-01-03T00:30:00+01:00,0.0
2026-01-03T00:45:00+01:00,0.0
2026-01-03T01:00:00+01:00,0.0
2026-01-03T01:15:00+01:00,0.0
2026-01-03T01:30:00+01:00,0.0
2026-01-03T01:45:00+01:00,0.0
2026-01-03T02:00:00+01:00,0.0
2026-01-03T02:15:00+01:00,0.0
2026-01-03T02:30:00+01:00,0.0
2026-01-03T02:45:00+01:00,0.0
2026-01-03T03:00:00+01:00,0.0
2026-01-03T03:15:00+01:00,0.0
2026-01-03T03:30:00+01:00,0.0
2026-01-03T03:45:00+01:00,0.0
2026-01-03T04:00:00+01:00,0.0
2026-01-03T04:15:00+01:00,0.0
2026-01-03T04:30:00+01:00,0.0
2026-01-03T04:45:00+01:00,0.0
2026-01-03T05:00:00+01:00,0.0
2026-01-03T05:15:00+01:00,0.0
2026-01-03T05:30:00+01:00,0.0
2026-01-03T05:45:00+01:00,0.0
2026-01-03T06:00:00+01:00,0.0
2026-01-03T06:15:00+01:00,0.0
2026-01-03T06:30:00+01:00,0.0
2026-01-03T06:45:00+01:00,0.0
2026-01-03T07:00:00+01:00,0.0
2026-01-03T07:15:00+01:00,0.0
2026-01-03T07:30:00+01:00,0.0
2026-01-03T07:45:00+01:00,0.0
2026-01-03T08:00:00+01:00,0.0
2026-01-03T08:15:00+01:00,0.0
2026-01-03T08:30:00+01:00,0.0
2026-01-03T08:45:00+01:00,0.0
2026-01-03T09:00:00+01:00,0.0
2026-01-03T09:15:00+01:00,0.0
2026-01-03T09:30:00+01:00,0.0
2026-01-03T09:45:00+01:00,0.0
2026-01-03T10:00:00+01:00,0.0
2026-01-03T10:15:00+01:00,0.0
2026-01-03T10:30:00+01:00,0.0
2026-01-03T10:45:00+01:00,0.0
2026-01-03T11:00:00+01:00,0.0
2026-01-03T11:15:00+01:00,0.01035
2026-01-03T11:30:00+01:00,0.136965
2026-01-03T11:45:00+01:00,0.136275
2026-01-03T12:00:00+01:00,0.135585
2026-01-03T12:15:00+01:00,0.134723
2026-01-03T12:30:00+01:00,0.135068
2026-01-03T12:45:00+01:00,0.134895
2026-01-03T13:00:00+01:00,0.134378
2026-01-03T13:15:00+01:00,0.134895
2026-01-03T13:30:00+01:00,0.135068
2026-01-03T13:45:00+01:00,0.13524
2026-01-03T14:00:00+01:00,0.135585
2026-01-03T14:15:00+01:00,0.135413
2026-01-03T14:30:00+01:00,0.135413
2026-01-03T14:45:00+01:00,0.135585
2026-01-03T15:00:00+01:00,0.135758
2026-01-03T15:15:00+01:00,0.13455
2026-01-03T15:30:00+01:00,0.134378
2026-01-03T15:45:00+01:00,0.134378
2026-01-03T16:00:00+01:00,0.13455
2026-01-03T16:15:00+01:00,0.134378
2026-01-03T16:30:00+01:00,0.134895
2026-01-03T16:45:00+01:00,0.134895
2026-01-03T17:00:00+01:00,0.135413
2026-01-03T17:15:00+01:00,0.13455
2026-01-03T17:30:00+01:00,0.13455
2026-01-03T17:45:00+01:00,0.134723
2026-01-03T18:00:00+01:00,0.135413
2026-01-03T18:15:00+01:00,0.135413
2026-01-03T18:30:00+01:00,0.135413
2026-01-03T18:45:00+01:00,0.13524
2026-01-03T19:00:00+01:00,0.135758
2026-01-03T19:15:00+01:00,0.136103
2026-01-03T19:30:00+01:00,0.136275
2026-01-03T19:45:00+01:00,0.135758
2026-01-03T20:00:00+01:00,0.134723
2026-01-03T20:15:00+01:00,0.134723
2026-01-03T20:30:00+01:00,0.136448
2026-01-03T20:45:00+01:00,0.13179
2026-01-03T21:00:00+01:00,0.14697
2026-01-03T21:15:00+01:00,0.147833
2026-01-03T21:30:00+01:00,0.146625
2026-01-03T21:45:00+01:00,0.147488
2026-01-03T22:00:00+01:00,0.14628
2026-01-03T22:15:00+01:00,0.14628
2026-01-03T22:30:00+01:00,0.146798
2026-01-03T22:45:00+01:00,0.145763
2026-01-03T23:00:00+01:00,0.145245
2026-01-03T23:15:00+01:00,0.14628
2026-01-03T23:30:00+01:00,0.14628
2026-01-03T23:45:00+01:00,0.145245
2026-01-04T00:00:00+01:00,0.14559
2026-01-04T00:15:00+01:00,0.145245
2026-01-04T00:30:00+01:00,0.146108
2026-01-04T00:45:00+01:00,0.14628
2026-01-04T01:00:00+01:00,0.14766
2026-01-04T01:15:00+01:00,0.147833
2026-01-04T01:30:00+01:00,0.147488
2026-01-04T01:45:00+01:00,0.14628
2026-01-04T02:00:00+01:00,0.147143
2026-01-04T02:15:00+01:00,0.146798
2026-01-04T02:30:00+01:00,0.14697
2026-01-04T02:45:00+01:00,0.14697
2026-01-04T03:00:00+01:00,0.14697
2026-01-04T03:15:00+01:00,0.146625
2026-01-04T03:30:00+01:00,0.146798
2026-01-04T03:45:00+01:00,0.146108
2026-01-04T04:00:00+01:00,0.146108
2026-01-04T04:15:00+01:00,0.146108
2026-01-04T04:30:00+01:00,0.145935
2026-01-04T04:45:00+01:00,0.14628
2026-01-04T05:00:00+01:00,0.146798
2026-01-04T05:15:00+01:00,0.14697
2026-01-04T05:30:00+01:00,0.147315
2026-01-04T05:45:00+01:00,0.146625
2026-01-04T06:00:00+01:00,0.148178
2026-01-04T06:15:00+01:00,0.147833
2026-01-04T06:30:00+01:00,0.148178
2026-01-04T06:45:00+01:00,0.148005
2026-01-04T07:00:00+01:00,0.146625
2026-01-04T07:15:00+01:00,0.147315
2026-01-04T07:30:00+01:00,0.146625
2026-01-04T07:45:00+01:00,0.146798
2026-01-04T08:00:00+01:00,0.147488
2026-01-04T08:15:00+01:00,0.146798
2026-01-04T08:30:00+01:00,0.147315
2026-01-04T08:45:00+01:00,0.147143
2026-01-04T09:00:00+01:00,0.14835
2026-01-04T09:15:00+01:00,0.14766
2026-01-04T09:30:00+01:00,0.14766
2026-01-04T09:45:00+01:00,0.14766
2026-01-04T10:00:00+01:00,0.147833
2026-01-04T10:15:00+01:00,0.147488
2026-01-04T10:30:00+01:00,0.147315
2026-01-04T10:45:00+01:00,0.146625
2026-01-04T11:00:00+01:00,0.145935
2026-01-04T11:15:00+01:00,0.14559
2026-01-04T11:30:00+01:00,0.146453
2026-01-04T11:45:00+01:00,0.145935
2026-01-04T12:00:00+01:00,0.145763
2026-01-04T12:15:00+01:00,0.14559
2026-01-04T12:30:00+01:00,0.145935
2026-01-04T12:45:00+01:00,0.145935
2026-01-04T13:00:00+01:00,0.14559
2026-01-04T13:15:00+01:00,0.145763
2026-01-04T13:30:00+01:00,0.145763
2026-01-04T13:45:00+01:00,0.146108
2026-01-04T14:00:00+01:00,0.14559
2026-01-04T14:15:00+01:00,0.147488
2026-01-04T14:30:00+01:00,0.146798
2026-01-04T14:45:00+01:00,0.147833
2026-01-04T15:00:00+01:00,0.146453
2026-01-04T15:15:00+01:00,0.146798
2026-01-04T15:30:00+01:00,0.147488
2026-01-04T15:45:00+01:00,0.14628
2026-01-04T16:00:00+01:00,0.146798
2026-01-04T16:15:00+01:00,0.146453
2026-01-04T16:30:00+01:00,0.147315
2026-01-04T16:45:00+01:00,0.14766
2026-01-04T17:00:00+01:00,0.146798
2026-01-04T17:15:00+01:00,0.146453
2026-01-04T17:30:00+01:00,0.146108
2026-01-04T17:45:00+01:00,0.145935
2026-01-04T18:00:00+01:00,0.14559
2026-01-04T18:15:00+01:00,0.146625
2026-01-04T18:30:00+01:00,0.147488
2026-01-04T18:45:00+01:00,0.146453
2026-01-04T19:00:00+01:00,0.146453
2026-01-04T19:15:00+01:00,0.146625
2026-01-04T19:30:00+01:00,0.146108
2026-01-04T19:45:00+01:00,0.14628
2026-01-04T20:00:00+01:00,0.145073
2026-01-04T20:15:00+01:00,0.146625
2026-01-04T20:30:00+01:00,0.146453
2026-01-04T20:45:00+01:00,0.146625
2026-01-04T21:00:00+01:00,0.14766
2026-01-04T21:15:00+01:00,0.146625
2026-01-04T21:30:00+01:00,0.146625
2026-01-04T21:45:00+01:00,0.145418
2026-01-04T22:00:00+01:00,0.146453
2026-01-04T22:15:00+01:00,0.148178
2026-01-04T22:30:00+01:00,0.146798
2026-01-04T22:45:00+01:00,0.147833
2026-01-04T23:00:00+01:00,0.148178
2026-01-04T23:15:00+01:00,0.141967
2026-01-04T23:30:00+01:00,0.140415
2026-01-04T23:45:00+01:00,0.141277
2026-01-05T00:00:00+01:00,0.141105
2026-01-05T00:15:00+01:00,0.139725
2026-01-05T00:30:00+01:00,0.140242
2026-01-05T00:45:00+01:00,0.140242
2026-01-05T01:00:00+01:00,0.14007
2026-01-05T01:15:00+01:00,0.139897
2026-01-05T01:30:00+01:00,0.14076
2026-01-05T01:45:00+01:00,0.144555
2026-01-05T02:00:00+01:00,0.143692
2026-01-05T02:15:00+01:00,0.141967
2026-01-05T02:30:00+01:00,0.144382
2026-01-05T02:45:00+01:00,0.142485
2026-01-05T03:00:00+01:00,0.142657
2026-01-05T03:15:00+01:00,0.14283
2026-01-05T03:30:00+01:00,0.14283
2026-01-05T03:45:00+01:00,0.14214
2026-01-05T04:00:00+01:00,0.142312
2026-01-05T04:15:00+01:00,0.143002
2026-01-05T04:30:00+01:00,0.142312
2026-01-05T04:45:00+01:00,0.143692
2026-01-05T05:00:00+01:00,0.143692
2026-01-05T05:15:00+01:00,0.143175
2026-01-05T05:30:00+01:00,0.1449
2026-01-05T05:45:00+01:00,0.144555
2026-01-05T06:00:00+01:00,0.142657
2026-01-05T06:15:00+01:00,0.14352
2026-01-05T06:30:00+01:00,0.14283
2026-01-05T06:45:00+01:00,0.14283
2026-01-05T07:00:00+01:00,0.14421
2026-01-05T07:15:00+01:00,0.143692
2026-01-05T07:30:00+01:00,0.143692
2026-01-05T07:45:00+01:00,0.14421
2026-01-05T08:00:00+01:00,0.143347
2026-01-05T08:15:00+01:00,0.1449
2026-01-05T08:30:00+01:00,0.144727
2026-01-05T08:45:00+01:00,0.146108
2026-01-05T09:00:00+01:00,0.144037
2026-01-05T09:15:00+01:00,0.145418
2026-01-05T09:30:00+01:00,0.146108
2026-01-05T09:45:00+01:00,0.14628
2026-01-05T10:00:00+01:00,0.144382
2026-01-05T10:15:00+01:00,0.14559
2026-01-05T10:30:00+01:00,0.145763
2026-01-05T10:45:00+01:00,0.144382
2026-01-05T11:00:00+01:00,0.14628
2026-01-05T11:15:00+01:00,0.1449
2026-01-05T11:30:00+01:00,0.145418
2026-01-05T11:45:00+01:00,0.14421
2026-01-05T12:00:00+01:00,0.143175
2026-01-05T12:15:00+01:00,0.144037
2026-01-05T12:30:00+01:00,0.145245
2026-01-05T12:45:00+01:00,0.143692
2026-01-05T13:00:00+01:00,0.144037
2026-01-05T13:15:00+01:00,0.143865
2026-01-05T13:30:00+01:00,0.143865
2026-01-05T13:45:00+01:00,0.143865
2026-01-05T14:00:00+01:00,0.144382
2026-01-05T14:15:00+01:00,0.145245
2026-01-05T14:30:00+01:00,0.1449
2026-01-05T14:45:00+01:00,0.14559
2026-01-05T15:00:00+01:00,0.144555
2026-01-05T15:15:00+01:00,0.143692
2026-01-05T15:30:00+01:00,0.145418
2026-01-05T15:45:00+01:00,0.144728
2026-01-05T16:00:00+01:00,0.14559
2026-01-05T16:15:00+01:00,0.145245
2026-01-05T16:30:00+01:00,0.14559
2026-01-05T16:45:00+01:00,0.145418
2026-01-05T17:00:00+01:00,0.145245
2026-01-05T17:15:00+01:00,0.146108
2026-01-05T17:30:00+01:00,0.147143
2026-01-05T17:45:00+01:00,0.145073
2026-01-05T18:00:00+01:00,0.14628
2026-01-05T18:15:00+01:00,0.145245
2026-01-05T18:30:00+01:00,0.145418
2026-01-05T18:45:00+01:00,0.144382
2026-01-05T19:00:00+01:00,0.143002
2026-01-05T19:15:00+01:00,0.143175
2026-01-05T19:30:00+01:00,0.142657
2026-01-05T19:45:00+01:00,0.145418
2026-01-05T20:00:00+01:00,0.143692
2026-01-05T20:15:00+01:00,0.14421
2026-01-05T20:30:00+01:00,0.145072
2026-01-05T20:45:00+01:00,0.143175
2026-01-05T21:00:00+01:00,0.142657
2026-01-05T21:15:00+01:00,0.142657
2026-01-05T21:30:00+01:00,0.143692
2026-01-05T21:45:00+01:00,0.142657
2026-01-05T22:00:00+01:00,0.143002
2026-01-05T22:15:00+01:00,0.143865
2026-01-05T22:30:00+01:00,0.143175
2026-01-05T22:45:00+01:00,0.143692
2026-01-05T23:00:00+01:00,0.143692
2026-01-05T23:15:00+01:00,0.143347
2026-01-05T23:30:00+01:00,0.144727
2026-01-05T23:45:00+01:00,0.14283
2026-01-06T00:00:00+01:00,0.143347
2026-01-06T00:15:00+01:00,0.144382
2026-01-06T00:30:00+01:00,0.145072
2026-01-06T00:45:00+01:00,0.14559
2026-01-06T01:00:00+01:00,0.145073
2026-01-06T01:15:00+01:00,0.14421
2026-01-06T01:30:00+01:00,0.143692
2026-01-06T01:45:00+01:00,0.143347
2026-01-06T02:00:00+01:00,0.14352
2026-01-06T02:15:00+01:00,0.14283
2026-01-06T02:30:00+01:00,0.143347
2026-01-06T02:45:00+01:00,0.141967
2026-01-06T03:00:00+01:00,0.140932
2026-01-06T03:15:00+01:00,0.14283
2026-01-06T03:30:00+01:00,0.143865
2026-01-06T03:45:00+01:00,0.144727
2026-01-06T04:00:00+01:00,0.1449
2026-01-06T04:15:00+01:00,0.146108
2026-01-06T04:30:00+01:00,0.145418
2026-01-06T04:45:00+01:00,0.145763
2026-01-06T05:00:00+01:00,0.145245
2026-01-06T05:15:00+01:00,0.14559
2026-01-06T05:30:00+01:00,0.145763
2026-01-06T05:45:00+01:00,0.146108
2026-01-06T06:00:00+01:00,0.144555
2026-01-06T06:15:00+01:00,0.145418
2026-01-06T06:30:00+01:00,0.14559
2026-01-06T06:45:00+01:00,0.145763
2026-01-06T07:00:00+01:00,0.146625
2026-01-06T07:15:00+01:00,0.145763
2026-01-06T07:30:00+01:00,0.145245
2026-01-06T07:45:00+01:00,0.14628
2026-01-06T08:00:00+01:00,0.145418
2026-01-06T08:15:00+01:00,0.145245
2026-01-06T08:30:00+01:00,0.145245
2026-01-06T08:45:00+01:00,0.145935
2026-01-06T09:00:00+01:00,0.146108
2026-01-06T09:15:00+01:00,0.146108
2026-01-06T09:30:00+01:00,0.145935
2026-01-06T09:45:00+01:00,0.145418
2026-01-06T10:00:00+01:00,0.145073
2026-01-06T10:15:00+01:00,0.146453
2026-01-06T10:30:00+01:00,0.14559
2026-01-06T10:45:00+01:00,0.146108
2026-01-06T11:00:00+01:00,0.14628
2026-01-06T11:15:00+01:00,0.145763
2026-01-06T11:30:00+01:00,0.145935
2026-01-06T11:45:00+01:00,0.1449
2026-01-06T12:00:00+01:00,0.145418
2026-01-06T12:15:00+01:00,0.14352
2026-01-06T12:30:00+01:00,0.144555
2026-01-06T12:45:00+01:00,0.1449
2026-01-06T13:00:00+01:00,0.146798
2026-01-06T13:15:00+01:00,0.145763
2026-01-06T13:30:00+01:00,0.146453
2026-01-06T13:45:00+01:00,0.145418
2026-01-06T14:00:00+01:00,0.14628
2026-01-06T14:15:00+01:00,0.1518
2026-01-06T14:30:00+01:00,0.143865
2026-01-06T14:45:00+01:00,0.143865
2026-01-06T15:00:00+01:00,0.145073
2026-01-06T15:15:00+01:00,0.14559
2026-01-06T15:30:00+01:00,0.144555
2026-01-06T15:45:00+01:00,0.144037
2026-01-06T16:00:00+01:00,0.144037
2026-01-06T16:15:00+01:00,0.145245
2026-01-06T16:30:00+01:00,0.144727
2026-01-06T16:45:00+01:00,0.144037
2026-01-06T17:00:00+01:00,0.145418
2026-01-06T17:15:00+01:00,0.144382
2026-01-06T17:30:00+01:00,0.144555
2026-01-06T17:45:00+01:00,0.143865
2026-01-06T18:00:00+01:00,0.145073
2026-01-06T18:15:00+01:00,0.1449
2026-01-06T18:30:00+01:00,0.145676
2026-01-06T18:45:00+01:00,0.145245
2026-01-06T19:00:00+01:00,0.144555
2026-01-06T19:15:00+01:00,0.143692
2026-01-06T19:30:00+01:00,0.145072
2026-01-06T19:45:00+01:00,0.144037
2026-01-06T20:00:00+01:00,0.144382
2026-01-06T20:15:00+01:00,0.144382
2026-01-06T20:30:00+01:00,0.145245
2026-01-06T20:45:00+01:00,0.145072
2026-01-06T21:00:00+01:00,0.145418
2026-01-06T21:15:00+01:00,0.145245
2026-01-06T21:30:00+01:00,0.145935
2026-01-06T21:45:00+01:00,0.200273
2026-01-06T22:00:00+01:00,0.212348
2026-01-06T22:15:00+01:00,0.190785
2026-01-06T22:30:00+01:00,0.201998
2026-01-06T22:45:00+01:00,0.181643
2026-01-06T23:00:00+01:00,0.201308
2026-01-06T23:15:00+01:00,0.20217
2026-01-06T23:30:00+01:00,0.168705
2026-01-06T23:45:00+01:00,0.1863
2026-01-07T00:00:00+01:00,0.185438
2026-01-07T00:15:00+01:00,0.145418
2026-01-07T00:30:00+01:00,0.179055
2026-01-07T00:45:00+01:00,0.162668
2026-01-07T01:00:00+01:00,0.203205
2026-01-07T01:15:00+01:00,0.2898
2026-01-07T01:30:00+01:00,0.297821
2026-01-07T01:45:00+01:00,0.302565
2026-01-07T02:00:00+01:00,0.227355
2026-01-07T02:15:00+01:00,0.307222
2026-01-07T02:30:00+01:00,0.21873
2026-01-07T02:45:00+01:00,0.174225
2026-01-07T03:00:00+01:00,0.150075
2026-01-07T03:15:00+01:00,0.149903
2026-01-07T03:30:00+01:00,0.149903
2026-01-07T03:45:00+01:00,0.207
2026-01-07T04:00:00+01:00,0.21045
2026-01-07T04:15:00+01:00,0.332752
2026-01-07T04:30:00+01:00,0.28152
2026-01-07T04:45:00+01:00,0.336202
2026-01-07T05:00:00+01:00,0.277897
2026-01-07T05:15:00+01:00,0.212347
2026-01-07T05:30:00+01:00,0.189405
2026-01-07T05:45:00+01:00,0.207863
2026-01-07T06:00:00+01:00,0.259267
2026-01-07T06:15:00+01:00,0.302996
2026-01-07T06:30:00+01:00,0.324817
2026-01-07T06:45:00+01:00,0.307222
2026-01-07T07:00:00+01:00,0.338359
2026-01-07T07:15:00+01:00,0.339825
2026-01-07T07:30:00+01:00,0.310672
2026-01-07T07:45:00+01:00,0.301357
2026-01-07T08:00:00+01:00,0.31326
2026-01-07T08:15:00+01:00,0.30015
2026-01-07T08:30:00+01:00,0.239085
2026-01-07T08:45:00+01:00,0.2691
2026-01-07T09:00:00+01:00,0.300409
2026-01-07T09:15:00+01:00,0.270307
2026-01-07T09:30:00+01:00,0.212692
2026-01-07T09:45:00+01:00,0.286867
2026-01-07T10:00:00+01:00,0.302392
2026-01-07T10:15:00+01:00,0.296096
2026-01-07T10:30:00+01:00,0.322403
2026-01-07T10:45:00+01:00,0.309465
2026-01-07T11:00:00+01:00,0.277553
2026-01-07T11:15:00+01:00,0.286695
2026-01-07T11:30:00+01:00,0.242708
2026-01-07T11:45:00+01:00,0.285142
2026-01-07T12:00:00+01:00,0.287903
2026-01-07T12:15:00+01:00,0.277725
2026-01-07T12:30:00+01:00,0.259785
2026-01-07T12:45:00+01:00,0.240465
2026-01-07T13:00:00+01:00,0.203378
2026-01-07T13:15:00+01:00,0.19182
2026-01-07T13:30:00+01:00,0.190785
2026-01-07T13:45:00+01:00,0.178882
2026-01-07T14:00:00+01:00,0.150938
2026-01-07T14:15:00+01:00,0.182332
2026-01-07T14:30:00+01:00,0.190009
2026-01-07T14:45:00+01:00,0.186127
2026-01-07T15:00:00+01:00,0.17664
2026-01-07T15:15:00+01:00,0.190095
2026-01-07T15:30:00+01:00,0.170085
2026-01-07T15:45:00+01:00,0.18492
2026-01-07T16:00:00+01:00,0.192165
2026-01-07T16:15:00+01:00,0.17112
2026-01-07T16:30:00+01:00,0.17388
2026-01-07T16:45:00+01:00,0.161632
2026-01-07T17:00:00+01:00,0.169481
2026-01-07T17:15:00+01:00,0.195443
2026-01-07T17:30:00+01:00,0.196133
2026-01-07T17:45:00+01:00,0.169223
2026-01-07T18:00:00+01:00,0.15042
2026-01-07T18:15:00+01:00,0.152318
2026-01-07T18:30:00+01:00,0.15042
2026-01-07T18:45:00+01:00,0.151973
2026-01-07T19:00:00+01:00,0.152145
2026-01-07T19:15:00+01:00,0.151283
2026-01-07T19:30:00+01:00,0.150765
2026-01-07T19:45:00+01:00,0.1518
2026-01-07T20:00:00+01:00,0.151283
2026-01-07T20:15:00+01:00,0.150765
2026-01-07T20:30:00+01:00,0.150765
2026-01-07T20:45:00+01:00,0.152663
2026-01-07T21:00:00+01:00,0.15111
2026-01-07T21:15:00+01:00,0.1518
2026-01-07T21:30:00+01:00,0.151455
2026-01-07T21:45:00+01:00,0.1518
2026-01-07T22:00:00+01:00,0.150075
2026-01-07T22:15:00+01:00,0.15111
2026-01-07T22:30:00+01:00,0.1518
2026-01-07T22:45:00+01:00,0.151283
2026-01-07T23:00:00+01:00,0.150248
2026-01-07T23:15:00+01:00,0.151973
2026-01-07T23:30:00+01:00,0.150938
2026-01-07T23:45:00+01:00,0.150938
2026-01-08T00:00:00+01:00,0.15111
2026-01-08T00:15:00+01:00,0.150765
2026-01-08T00:30:00+01:00,0.15111
2026-01-08T00:45:00+01:00,0.150765
2026-01-08T01:00:00+01:00,0.149385
2026-01-08T01:15:00+01:00,0.150248
2026-01-08T01:30:00+01:00,0.15042
2026-01-08T01:45:00+01:00,0.15042
2026-01-08T02:00:00+01:00,0.151455
2026-01-08T02:15:00+01:00,0.150248
2026-01-08T02:30:00+01:00,0.150075
2026-01-08T02:45:00+01:00,0.15111
2026-01-08T03:00:00+01:00,0.15111
2026-01-08T03:15:00+01:00,0.150075
2026-01-08T03:30:00+01:00,0.150593
2026-01-08T03:45:00+01:00,0.151628
2026-01-08T04:00:00+01:00,0.15111
2026-01-08T04:15:00+01:00,0.150248
2026-01-08T04:30:00+01:00,0.150248
2026-01-08T04:45:00+01:00,0.152318
2026-01-08T05:00:00+01:00,0.15111
2026-01-08T05:15:00+01:00,0.152145
2026-01-08T05:30:00+01:00,0.151455
2026-01-08T05:45:00+01:00,0.15042
2026-01-08T06:00:00+01:00,0.15111
2026-01-08T06:15:00+01:00,0.150765
2026-01-08T06:30:00+01:00,0.150248
2026-01-08T06:45:00+01:00,0.147315
2026-01-08T07:00:00+01:00,0.146798
2026-01-08T07:15:00+01:00,0.145072
2026-01-08T07:30:00+01:00,0.146798
2026-01-08T07:45:00+01:00,0.19941
2026-01-08T08:00:00+01:00,0.174225
2026-01-08T08:15:00+01:00,0.146453
2026-01-08T08:30:00+01:00,0.14214
2026-01-08T08:45:00+01:00,0.140932
2026-01-08T09:00:00+01:00,0.14076
2026-01-08T09:15:00+01:00,0.141622
2026-01-08T09:30:00+01:00,0.14559
2026-01-08T09:45:00+01:00,0.14835
2026-01-08T10:00:00+01:00,0.146107
2026-01-08T10:15:00+01:00,0.168705
2026-01-08T10:30:00+01:00,0.15249
2026-01-08T10:45:00+01:00,0.150765
2026-01-08T11:00:00+01:00,0.151283
2026-01-08T11:15:00+01:00,0.150938
2026-01-08T11:30:00+01:00,0.152145
2026-01-08T11:45:00+01:00,0.150938
2026-01-08T12:00:00+01:00,0.15111
2026-01-08T12:15:00+01:00,0.15111
2026-01-08T12:30:00+01:00,0.151973
2026-01-08T12:45:00+01:00,0.1518
2026-01-08T13:00:00+01:00,0.150765
2026-01-08T13:15:00+01:00,0.151283
2026-01-08T13:30:00+01:00,0.150248
2026-01-08T13:45:00+01:00,0.1518
2026-01-08T14:00:00+01:00,0.192338
2026-01-08T14:15:00+01:00,0.255472
2026-01-08T14:30:00+01:00,0.240637
2026-01-08T14:45:00+01:00,0.237964
2026-01-08T15:00:00+01:00,0.220973
2026-01-08T15:15:00+01:00,0.248572
2026-01-08T15:30:00+01:00,0.215625
2026-01-08T15:45:00+01:00,0.212692
2026-01-08T16:00:00+01:00,0.257111
2026-01-08T16:15:00+01:00,0.225975
2026-01-08T16:30:00+01:00,0.24012
2026-01-08T16:45:00+01:00,0.24702
2026-01-08T17:00:00+01:00,0.240551
2026-01-08T17:15:00+01:00,0.221317
2026-01-08T17:30:00+01:00,0.18492
2026-01-08T17:45:00+01:00,0.229943
2026-01-08T18:00:00+01:00,0.219937
2026-01-08T18:15:00+01:00,0.241845
2026-01-08T18:30:00+01:00,0.246503
2026-01-08T18:45:00+01:00,0.222525
2026-01-08T19:00:00+01:00,0.18975
2026-01-08T19:15:00+01:00,0.210881
2026-01-08T19:30:00+01:00,0.228217
2026-01-08T19:45:00+01:00,0.219075
2026-01-08T20:00:00+01:00,0.238912
2026-01-08T20:15:00+01:00,0.206828
2026-01-08T20:30:00+01:00,0.227183
2026-01-08T20:45:00+01:00,0.222525
2026-01-08T21:00:00+01:00,0.210795
2026-01-08T21:15:00+01:00,0.232702
2026-01-08T21:30:00+01:00,0.180953
2026-01-08T21:45:00+01:00,0.150765
2026-01-08T22:00:00+01:00,0.15042
2026-01-08T22:15:00+01:00,0.148523
2026-01-08T22:30:00+01:00,0.14973
2026-01-08T22:45:00+01:00,0.14766
2026-01-08T23:00:00+01:00,0.149903
2026-01-08T23:15:00+01:00,0.150593
2026-01-08T23:30:00+01:00,0.150593
2026-01-08T23:45:00+01:00,0.150075
2026-01-09T00:00:00+01:00,0.148523
2026-01-09T00:15:00+01:00,0.14697
2026-01-09T00:30:00+01:00,0.150765
2026-01-09T00:45:00+01:00,0.14904
2026-01-09T01:00:00+01:00,0.148868
2026-01-09T01:15:00+01:00,0.14835
2026-01-09T01:30:00+01:00,0.149213
2026-01-09T01:45:00+01:00,0.14904
2026-01-09T02:00:00+01:00,0.149385
2026-01-09T02:15:00+01:00,0.148005
2026-01-09T02:30:00+01:00,0.149558
2026-01-09T02:45:00+01:00,0.149385
2026-01-09T03:00:00+01:00,0.14835
2026-01-09T03:15:00+01:00,0.148005
2026-01-09T03:30:00+01:00,0.148178
2026-01-09T03:45:00+01:00,0.14766
2026-01-09T04:00:00+01:00,0.14904
2026-01-09T04:15:00+01:00,0.14973
2026-01-09T04:30:00+01:00,0.151628
2026-01-09T04:45:00+01:00,0.149903
2026-01-09T05:00:00+01:00,0.150248
2026-01-09T05:15:00+01:00,0.151455
2026-01-09T05:30:00+01:00,0.150075
2026-01-09T05:45:00+01:00,0.149903
2026-01-09T06:00:00+01:00,0.15042
2026-01-09T06:15:00+01:00,0.15111
2026-01-09T06:30:00+01:00,0.150248
2026-01-09T06:45:00+01:00,0.150765
2026-01-09T07:00:00+01:00,0.151628
2026-01-09T07:15:00+01:00,0.1518
2026-01-09T07:30:00+01:00,0.150593
2026-01-09T07:45:00+01:00,0.150938
2026-01-09T08:00:00+01:00,0.150765
2026-01-09T08:15:00+01:00,0.166808
2026-01-09T08:30:00+01:00,0.217178
2026-01-09T08:45:00+01:00,0.239602
2026-01-09T09:00:00+01:00,0.192683
2026-01-09T09:15:00+01:00,0.15249
2026-01-09T09:30:00+01:00,0.222525
2026-01-09T09:45:00+01:00,0.232702
2026-01-09T10:00:00+01:00,0.189577
2026-01-09T10:15:00+01:00,0.151973
2026-01-09T10:30:00+01:00,0.149385
2026-01-09T10:45:00+01:00,0.158183
2026-01-09T11:00:00+01:00,0.25806
2026-01-09T11:15:00+01:00,0.238999
2026-01-09T11:30:00+01:00,0.223043
2026-01-09T11:45:00+01:00,0.181298
2026-01-09T12:00:00+01:00,0.251332
2026-01-09T12:15:00+01:00,0.209588
2026-01-09T12:30:00+01:00,0.209933
2026-01-09T12:45:00+01:00,0.179314
2026-01-09T13:00:00+01:00,0.150765
2026-01-09T13:15:00+01:00,0.152145
2026-01-09T13:30:00+01:00,0.152663
2026-01-09T13:45:00+01:00,0.152835
2026-01-09T14:00:00+01:00,0.151455
2026-01-09T14:15:00+01:00,0.153525
2026-01-09T14:30:00+01:00,0.152145
2026-01-09T14:45:00+01:00,0.15318
2026-01-09T15:00:00+01:00,0.151628
2026-01-09T15:15:00+01:00,0.150938
2026-01-09T15:30:00+01:00,0.1518
2026-01-09T15:45:00+01:00,0.15111
2026-01-09T16:00:00+01:00,0.152318
2026-01-09T16:15:00+01:00,0.151628
2026-01-09T16:30:00+01:00,0.151455
2026-01-09T16:45:00+01:00,0.15249
2026-01-09T17:00:00+01:00,0.150938
2026-01-09T17:15:00+01:00,0.152145
2026-01-09T17:30:00+01:00,0.150938
2026-01-09T17:45:00+01:00,0.150765
2026-01-09T18:00:00+01:00,0.15111
2026-01-09T18:15:00+01:00,0.150765
2026-01-09T18:30:00+01:00,0.152145
2026-01-09T18:45:00+01:00,0.151283
2026-01-09T19:00:00+01:00,0.150593
2026-01-09T19:15:00+01:00,0.151455
2026-01-09T19:30:00+01:00,0.150075
2026-01-09T19:45:00+01:00,0.14973
2026-01-09T20:00:00+01:00,0.14973
2026-01-09T20:15:00+01:00,0.149558
2026-01-09T20:30:00+01:00,0.150938
2026-01-09T20:45:00+01:00,0.1518
2026-01-09T21:00:00+01:00,0.151283
2026-01-09T21:15:00+01:00,0.151628
2026-01-09T21:30:00+01:00,0.150593
2026-01-09T21:45:00+01:00,0.150593
2026-01-09T22:00:00+01:00,0.151973
2026-01-09T22:15:00+01:00,0.153525
2026-01-09T22:30:00+01:00,0.152663
2026-01-09T22:45:00+01:00,0.153353
2026-01-09T23:00:00+01:00,0.153008
2026-01-09T23:15:00+01:00,0.154215
2026-01-09T23:30:00+01:00,0.153698
2026-01-09T23:45:00+01:00,0.152663
2026-01-10T00:00:00+01:00,0.151628
2026-01-10T00:15:00+01:00,0.15318
2026-01-10T00:30:00+01:00,0.152835
2026-01-10T00:45:00+01:00,0.153008
2026-01-10T01:00:00+01:00,0.154043
2026-01-10T01:15:00+01:00,0.153525
2026-01-10T01:30:00+01:00,0.152663
2026-01-10T01:45:00+01:00,0.152835
2026-01-10T02:00:00+01:00,0.153525
2026-01-10T02:15:00+01:00,0.152145
2026-01-10T02:30:00+01:00,0.15318
2026-01-10T02:45:00+01:00,0.152145
2026-01-10T03:00:00+01:00,0.153008
2026-01-10T03:15:00+01:00,0.152835
2026-01-10T03:30:00+01:00,0.152663
2026-01-10T03:45:00+01:00,0.153698
2026-01-10T04:00:00+01:00,0.153525
2026-01-10T04:15:00+01:00,0.154043
2026-01-10T04:30:00+01:00,0.154043
2026-01-10T04:45:00+01:00,0.15249
2026-01-10T05:00:00+01:00,0.153008
2026-01-10T05:15:00+01:00,0.153698
2026-01-10T05:30:00+01:00,0.15387
2026-01-10T05:45:00+01:00,0.149385
2026-01-10T06:00:00+01:00,0.150075
2026-01-10T06:15:00+01:00,0.149213
2026-01-10T06:30:00+01:00,0.148523
2026-01-10T06:45:00+01:00,0.149558
2026-01-10T07:00:00+01:00,0.149385
2026-01-10T07:15:00+01:00,0.149213
2026-01-10T07:30:00+01:00,0.150765
2026-01-10T07:45:00+01:00,0.15111
2026-01-10T08:00:00+01:00,0.148523
2026-01-10T08:15:00+01:00,0.14835
2026-01-10T08:30:00+01:00,0.149903
2026-01-10T08:45:00+01:00,0.14835
2026-01-10T09:00:00+01:00,0.147919
2026-01-10T09:15:00+01:00,0.149385
2026-01-10T09:30:00+01:00,0.150593
2026-01-10T09:45:00+01:00,0.150075
2026-01-10T10:00:00+01:00,0.148178
2026-01-10T10:15:00+01:00,0.147488
2026-01-10T10:30:00+01:00,0.147488
2026-01-10T10:45:00+01:00,0.148178
2026-01-10T11:00:00+01:00,0.150075
2026-01-10T11:15:00+01:00,0.14973
2026-01-10T11:30:00+01:00,0.150075
2026-01-10T11:45:00+01:00,0.150248
2026-01-10T12:00:00+01:00,0.150938
2026-01-10T12:15:00+01:00,0.150248
2026-01-10T12:30:00+01:00,0.150248
2026-01-10T12:45:00+01:00,0.151283
2026-01-10T13:00:00+01:00,0.151283
2026-01-10T13:15:00+01:00,0.151283
2026-01-10T13:30:00+01:00,0.152318
2026-01-10T13:45:00+01:00,0.149558
2026-01-10T14:00:00+01:00,0.150765
2026-01-10T14:15:00+01:00,0.152318
2026-01-10T14:30:00+01:00,0.150938
2026-01-10T14:45:00+01:00,0.151455
2026-01-10T15:00:00+01:00,0.149213
2026-01-10T15:15:00+01:00,0.148523
2026-01-10T15:30:00+01:00,0.149385
2026-01-10T15:45:00+01:00,0.14973
2026-01-10T16:00:00+01:00,0.150248
2026-01-10T16:15:00+01:00,0.14835
2026-01-10T16:30:00+01:00,0.14904
2026-01-10T16:45:00+01:00,0.149903
2026-01-10T17:00:00+01:00,0.150765
2026-01-10T17:15:00+01:00,0.150248
2026-01-10T17:30:00+01:00,0.15042
2026-01-10T17:45:00+01:00,0.151973
2026-01-10T18:00:00+01:00,0.151283
2026-01-10T18:15:00+01:00,0.150593
2026-01-10T18:30:00+01:00,0.15042
2026-01-10T18:45:00+01:00,0.15111
2026-01-10T19:00:00+01:00,0.14904
2026-01-10T19:15:00+01:00,0.148868
2026-01-10T19:30:00+01:00,0.15042
2026-01-10T19:45:00+01:00,0.149385
2026-01-10T20:00:00+01:00,0.151283
2026-01-10T20:15:00+01:00,0.152318
2026-01-10T20:30:00+01:00,0.150248
2026-01-10T20:45:00+01:00,0.149558
2026-01-10T21:00:00+01:00,0.150938
2026-01-10T21:15:00+01:00,0.15249
2026-01-10T21:30:00+01:00,0.152145
2026-01-10T21:45:00+01:00,0.14973
2026-01-10T22:00:00+01:00,0.150765
2026-01-10T22:15:00+01:00,0.149903
2026-01-10T22:30:00+01:00,0.150075
2026-01-10T22:45:00+01:00,0.148523
2026-01-10T23:00:00+01:00,0.149385
2026-01-10T23:15:00+01:00,0.148868
2026-01-10T23:30:00+01:00,0.15042
2026-01-10T23:45:00+01:00,0.150593
2026-01-11T00:00:00+01:00,0.149558
2026-01-11T00:15:00+01:00,0.14973
2026-01-11T00:30:00+01:00,0.148005
2026-01-11T00:45:00+01:00,0.14973
2026-01-11T01:00:00+01:00,0.148695
2026-01-11T01:15:00+01:00,0.14835
2026-01-11T01:30:00+01:00,0.14766
2026-01-11T01:45:00+01:00,0.14766
2026-01-11T02:00:00+01:00,0.147315
2026-01-11T02:15:00+01:00,0.14835
2026-01-11T02:30:00+01:00,0.147833
2026-01-11T02:45:00+01:00,0.146798
2026-01-11T03:00:00+01:00,0.147833
2026-01-11T03:15:00+01:00,0.146108
2026-01-11T03:30:00+01:00,0.14697
2026-01-11T03:45:00+01:00,0.14766
2026-01-11T04:00:00+01:00,0.146798
2026-01-11T04:15:00+01:00,0.146798
2026-01-11T04:30:00+01:00,0.14697
2026-01-11T04:45:00+01:00,0.14697
2026-01-11T05:00:00+01:00,0.147143
2026-01-11T05:15:00+01:00,0.148178
2026-01-11T05:30:00+01:00,0.147488
2026-01-11T05:45:00+01:00,0.148178
2026-01-11T06:00:00+01:00,0.148005
2026-01-11T06:15:00+01:00,0.148868
2026-01-11T06:30:00+01:00,0.145763
2026-01-11T06:45:00+01:00,0.14904
2026-01-11T07:00:00+01:00,0.148523
2026-01-11T07:15:00+01:00,0.147143
2026-01-11T07:30:00+01:00,0.14766
2026-01-11T07:45:00+01:00,0.14697
2026-01-11T08:00:00+01:00,0.147488
2026-01-11T08:15:00+01:00,0.148178
2026-01-11T08:30:00+01:00,0.14904
2026-01-11T08:45:00+01:00,0.147488
2026-01-11T09:00:00+01:00,0.147143
2026-01-11T09:15:00+01:00,0.147315
2026-01-11T09:30:00+01:00,0.14904
2026-01-11T09:45:00+01:00,0.150593
2026-01-11T10:00:00+01:00,0.149385
2026-01-11T10:15:00+01:00,0.149903
2026-01-11T10:30:00+01:00,0.148523
2026-01-11T10:45:00+01:00,0.148005
2026-01-11T11:00:00+01:00,0.146798
2026-01-11T11:15:00+01:00,0.147143
2026-01-11T11:30:00+01:00,0.146625
2026-01-11T11:45:00+01:00,0.148178
2026-01-11T12:00:00+01:00,0.147315
2026-01-11T12:15:00+01:00,0.14766
2026-01-11T12:30:00+01:00,0.147488
2026-01-11T12:45:00+01:00,0.147833
2026-01-11T13:00:00+01:00,0.14766
2026-01-11T13:15:00+01:00,0.14766
2026-01-11T13:30:00+01:00,0.146625
2026-01-11T13:45:00+01:00,0.14835
2026-01-11T14:00:00+01:00,0.146108
2026-01-11T14:15:00+01:00,0.14835
2026-01-11T14:30:00+01:00,0.14766
2026-01-11T14:45:00+01:00,0.147143
2026-01-11T15:00:00+01:00,0.149385
2026-01-11T15:15:00+01:00,0.149213
2026-01-11T15:30:00+01:00,0.14904
2026-01-11T15:45:00+01:00,0.150248
2026-01-11T16:00:00+01:00,0.150938
2026-01-11T16:15:00+01:00,0.149903
2026-01-11T16:30:00+01:00,0.150593
2026-01-11T16:45:00+01:00,0.148868
2026-01-11T17:00:00+01:00,0.150938
2026-01-11T17:15:00+01:00,0.14904
2026-01-11T17:30:00+01:00,0.150248
2026-01-11T17:45:00+01:00,0.150248
2026-01-11T18:00:00+01:00,0.149903
2026-01-11T18:15:00+01:00,0.151973
2026-01-11T18:30:00+01:00,0.149903
2026-01-11T18:45:00+01:00,0.150593
2026-01-11T19:00:00+01:00,0.15042
2026-01-11T19:15:00+01:00,0.151283
2026-01-11T19:30:00+01:00,0.1518
2026-01-11T19:45:00+01:00,0.1518
2026-01-11T20:00:00+01:00,0.152835
2026-01-11T20:15:00+01:00,0.152145
2026-01-11T20:30:00+01:00,0.1518
2026-01-11T20:45:00+01:00,0.152318
2026-01-11T21:00:00+01:00,0.152318
2026-01-11T21:15:00+01:00,0.1518
2026-01-11T21:30:00+01:00,0.153008
2026-01-11T21:45:00+01:00,0.152145
2026-01-11T22:00:00+01:00,0.150765
2026-01-11T22:15:00+01:00,0.151628
2026-01-11T22:30:00+01:00,0.15111
2026-01-11T22:45:00+01:00,0.151973
2026-01-11T23:00:00+01:00,0.150765
2026-01-11T23:15:00+01:00,0.150075
2026-01-11T23:30:00+01:00,0.14973
2026-01-11T23:45:00+01:00,0.150593
2026-01-12T00:00:00+01:00,0.15042
2026-01-12T00:15:00+01:00,0.149903
2026-01-12T00:30:00+01:00,0.151283
2026-01-12T00:45:00+01:00,0.150593
2026-01-12T01:00:00+01:00,0.15042
2026-01-12T01:15:00+01:00,0.149213
2026-01-12T01:30:00+01:00,0.149903
2026-01-12T01:45:00+01:00,0.150248
2026-01-12T02:00:00+01:00,0.148523
2026-01-12T02:15:00+01:00,0.149385
2026-01-12T02:30:00+01:00,0.148436
2026-01-12T02:45:00+01:00,0.149213
2026-01-12T03:00:00+01:00,0.149213
2026-01-12T03:15:00+01:00,0.149213
2026-01-12T03:30:00+01:00,0.15042
2026-01-12T03:45:00+01:00,0.151455
2026-01-12T04:00:00+01:00,0.14973
2026-01-12T04:15:00+01:00,0.149385
2026-01-12T04:30:00+01:00,0.149903
2026-01-12T04:45:00+01:00,0.150765
2026-01-12T05:00:00+01:00,0.148868
2026-01-12T05:15:00+01:00,0.149903
2026-01-12T05:30:00+01:00,0.149558
2026-01-12T05:45:00+01:00,0.151628
2026-01-12T06:00:00+01:00,0.152663
2026-01-12T06:15:00+01:00,0.151628
2026-01-12T06:30:00+01:00,0.150248
2026-01-12T06:45:00+01:00,0.150248
2026-01-12T07:00:00+01:00,0.15042
2026-01-12T07:15:00+01:00,0.150593
2026-01-12T07:30:00+01:00,0.149558
2026-01-12T07:45:00+01:00,0.150765
2026-01-12T08:00:00+01:00,0.150593
2026-01-12T08:15:00+01:00,0.151455
2026-01-12T08:30:00+01:00,0.150593
2026-01-12T08:45:00+01:00,0.152145
2026-01-12T09:00:00+01:00,0.151455
2026-01-12T09:15:00+01:00,0.152145
2026-01-12T09:30:00+01:00,0.151973
2026-01-12T09:45:00+01:00,0.152318
2026-01-12T10:00:00+01:00,0.15111
2026-01-12T10:15:00+01:00,0.150075
2026-01-12T10:30:00+01:00,0.151455
2026-01-12T10:45:00+01:00,0.150765
2026-01-12T11:00:00+01:00,0.15249
2026-01-12T11:15:00+01:00,0.15111
2026-01-12T11:30:00+01:00,0.15111
2026-01-12T11:45:00+01:00,0.150593
2026-01-12T12:00:00+01:00,0.150938
2026-01-12T12:15:00+01:00,0.152231
2026-01-12T12:30:00+01:00,0.151283
2026-01-12T12:45:00+01:00,0.151628
2026-01-12T13:00:00+01:00,0.151973
2026-01-12T13:15:00+01:00,0.151455
2026-01-12T13:30:00+01:00,0.152145
2026-01-12T13:45:00+01:00,0.152318
2026-01-12T14:00:00+01:00,0.150248
2026-01-12T14:15:00+01:00,0.150938
2026-01-12T14:30:00+01:00,0.15249
2026-01-12T14:45:00+01:00,0.151283
2026-01-12T15:00:00+01:00,0.15042
2026-01-12T15:15:00+01:00,0.150938
2026-01-12T15:30:00+01:00,0.150765
2026-01-12T15:45:00+01:00,0.151628
2026-01-12T16:00:00+01:00,0.148178
2026-01-12T16:15:00+01:00,0.147143
2026-01-12T16:30:00+01:00,0.14904
2026-01-12T16:45:00+01:00,0.151283
2026-01-12T17:00:00+01:00,0.152145
2026-01-12T17:15:00+01:00,0.152145
2026-01-12T17:30:00+01:00,0.151973
2026-01-12T17:45:00+01:00,0.15249
2026-01-12T18:00:00+01:00,0.151628
2026-01-12T18:15:00+01:00,0.151628
2026-01-12T18:30:00+01:00,0.151628
2026-01-12T18:45:00+01:00,0.150248
2026-01-12T19:00:00+01:00,0.151283
2026-01-12T19:15:00+01:00,0.15042
2026-01-12T19:30:00+01:00,0.148868
2026-01-12T19:45:00+01:00,0.149385
2026-01-12T20:00:00+01:00,0.151455
2026-01-12T20:15:00+01:00,0.150765
2026-01-12T20:30:00+01:00,0.151628
2026-01-12T20:45:00+01:00,0.151973
2026-01-12T21:00:00+01:00,0.151455
2026-01-12T21:15:00+01:00,0.151628
2026-01-12T21:30:00+01:00,0.15249
2026-01-12T21:45:00+01:00,0.15111
2026-01-12T22:00:00+01:00,0.1518
2026-01-12T22:15:00+01:00,0.150593
2026-01-12T22:30:00+01:00,0.149903
2026-01-12T22:45:00+01:00,0.14904
2026-01-12T23:00:00+01:00,0.148868
2026-01-12T23:15:00+01:00,0.148695
2026-01-12T23:30:00+01:00,0.14835
2026-01-12T23:45:00+01:00,0.151973
2026-01-13T00:00:00+01:00,0.149903
2026-01-13T00:15:00+01:00,0.149385
2026-01-13T00:30:00+01:00,0.152318
2026-01-13T00:45:00+01:00,0.151283
2026-01-13T01:00:00+01:00,0.151628
2026-01-13T01:15:00+01:00,0.152145
2026-01-13T01:30:00+01:00,0.150938
2026-01-13T01:45:00+01:00,0.150248
2026-01-13T02:00:00+01:00,0.150248
2026-01-13T02:15:00+01:00,0.150593
2026-01-13T02:30:00+01:00,0.15249
2026-01-13T02:45:00+01:00,0.149558
2026-01-13T03:00:00+01:00,0.149385
2026-01-13T03:15:00+01:00,0.149213
2026-01-13T03:30:00+01:00,0.150938
2026-01-13T03:45:00+01:00,0.15042
2026-01-13T04:00:00+01:00,0.149213
2026-01-13T04:15:00+01:00,0.15042
2026-01-13T04:30:00+01:00,0.150248
2026-01-13T04:45:00+01:00,0.149903
2026-01-13T05:00:00+01:00,0.150075
2026-01-13T05:15:00+01:00,0.15111
2026-01-13T05:30:00+01:00,0.150075
2026-01-13T05:45:00+01:00,0.147143
2026-01-13T06:00:00+01:00,0.150248
2026-01-13T06:15:00+01:00,0.152145
2026-01-13T06:30:00+01:00,0.150248
2026-01-13T06:45:00+01:00,0.151455
2026-01-13T07:00:00+01:00,0.1518
2026-01-13T07:15:00+01:00,0.150593
2026-01-13T07:30:00+01:00,0.151628
2026-01-13T07:45:00+01:00,0.150765
2026-01-13T08:00:00+01:00,0.15111
2026-01-13T08:15:00+01:00,0.150938
2026-01-13T08:30:00+01:00,0.151283
2026-01-13T08:45:00+01:00,0.151628
2026-01-13T09:00:00+01:00,0.152318
2026-01-13T09:15:00+01:00,0.150075
2026-01-13T09:30:00+01:00,0.152318
2026-01-13T09:45:00+01:00,0.151283
2026-01-13T10:00:00+01:00,0.1518
2026-01-13T10:15:00+01:00,0.151628
2026-01-13T10:30:00+01:00,0.151283
2026-01-13T10:45:00+01:00,0.151283
2026-01-13T11:00:00+01:00,0.1518
2026-01-13T11:15:00+01:00,0.15249
2026-01-13T11:30:00+01:00,0.151973
2026-01-13T11:45:00+01:00,0.151283
2026-01-13T12:00:00+01:00,0.152318
2026-01-13T12:15:00+01:00,0.151455
2026-01-13T12:30:00+01:00,0.151973
2026-01-13T12:45:00+01:00,0.1518
2026-01-13T13:00:00+01:00,0.1518
2026-01-13T13:15:00+01:00,0.151455
2026-01-13T13:30:00+01:00,0.152145
2026-01-13T13:45:00+01:00,0.151628
2026-01-13T14:00:00+01:00,0.150938
2026-01-13T14:15:00+01:00,0.1518
2026-01-13T14:30:00+01:00,0.150765
2026-01-13T14:45:00+01:00,0.15111
2026-01-13T15:00:00+01:00,0.150938
2026-01-13T15:15:00+01:00,0.151283
2026-01-13T15:30:00+01:00,0.151455
2026-01-13T15:45:00+01:00,0.151455
2026-01-13T16:00:00+01:00,0.150248
2026-01-13T16:15:00+01:00,0.151283
2026-01-13T16:30:00+01:00,0.15111
2026-01-13T16:45:00+01:00,0.152318
2026-01-13T17:00:00+01:00,0.150938
2026-01-13T17:15:00+01:00,0.15042
2026-01-13T17:30:00+01:00,0.150765
2026-01-13T17:45:00+01:00,0.151455
2026-01-13T18:00:00+01:00,0.15318
2026-01-13T18:15:00+01:00,0.152318
2026-01-13T18:30:00+01:00,0.150938
2026-01-13T18:45:00+01:00,0.151973
2026-01-13T19:00:00+01:00,0.151628
2026-01-13T19:15:00+01:00,0.1518
2026-01-13T19:30:00+01:00,0.149903
2026-01-13T19:45:00+01:00,0.151973
2026-01-13T20:00:00+01:00,0.152318
2026-01-13T20:15:00+01:00,0.152663
2026-01-13T20:30:00+01:00,0.152835
2026-01-13T20:45:00+01:00,0.15249
2026-01-13T21:00:00+01:00,0.152404
2026-01-13T21:15:00+01:00,0.153353
2026-01-13T21:30:00+01:00,0.152835
2026-01-13T21:45:00+01:00,0.151283
2026-01-13T22:00:00+01:00,0.152145
2026-01-13T22:15:00+01:00,0.151628
2026-01-13T22:30:00+01:00,0.15249
2026-01-13T22:45:00+01:00,0.150765
2026-01-13T23:00:00+01:00,0.150075
2026-01-13T23:15:00+01:00,0.150593
2026-01-13T23:30:00+01:00,0.149558
2026-01-13T23:45:00+01:00,0.150248
2026-01-14T00:00:00+01:00,0.149213
2026-01-14T00:15:00+01:00,0.149558
2026-01-14T00:30:00+01:00,0.149385
2026-01-14T00:45:00+01:00,0.14904
2026-01-14T01:00:00+01:00,0.151455
2026-01-14T01:15:00+01:00,0.14973
2026-01-14T01:30:00+01:00,0.150248
2026-01-14T01:45:00+01:00,0.15111
2026-01-14T02:00:00+01:00,0.149385
2026-01-14T02:15:00+01:00,0.148178
2026-01-14T02:30:00+01:00,0.148005
2026-01-14T02:45:00+01:00,0.148868
2026-01-14T03:00:00+01:00,0.147143
2026-01-14T03:15:00+01:00,0.14835
2026-01-14T03:30:00+01:00,0.151283
2026-01-14T03:45:00+01:00,0.150075
2026-01-14T04:00:00+01:00,0.150938
2026-01-14T04:15:00+01:00,0.149903
2026-01-14T04:30:00+01:00,0.152145
2026-01-14T04:45:00+01:00,0.1518
2026-01-14T05:00:00+01:00,0.15042
2026-01-14T05:15:00+01:00,0.15111
2026-01-14T05:30:00+01:00,0.152145
2026-01-14T05:45:00+01:00,0.1518
2026-01-14T06:00:00+01:00,0.150938
2026-01-14T06:15:00+01:00,0.1518
2026-01-14T06:30:00+01:00,0.152145
2026-01-14T06:45:00+01:00,0.15111
2026-01-14T07:00:00+01:00,0.150938
2026-01-14T07:15:00+01:00,0.15249
2026-01-14T07:30:00+01:00,0.151973
2026-01-14T07:45:00+01:00,0.15249
2026-01-14T08:00:00+01:00,0.151283
2026-01-14T08:15:00+01:00,0.150593
2026-01-14T08:30:00+01:00,0.151973
2026-01-14T08:45:00+01:00,0.15111
2026-01-14T09:00:00+01:00,0.150765
2026-01-14T09:15:00+01:00,0.149213
2026-01-14T09:30:00+01:00,0.150075
2026-01-14T09:45:00+01:00,0.15042
2026-01-14T10:00:00+01:00,0.151973
2026-01-14T10:15:00+01:00,0.15042
2026-01-14T10:30:00+01:00,0.15111
2026-01-14T10:45:00+01:00,0.1518
2026-01-14T11:00:00+01:00,0.150938
2026-01-14T11:15:00+01:00,0.150938
2026-01-14T11:30:00+01:00,0.150248
2026-01-14T11:45:00+01:00,0.151628
2026-01-14T12:00:00+01:00,0.153008
2026-01-14T12:15:00+01:00,0.151455
2026-01-14T12:30:00+01:00,0.150938
2026-01-14T12:45:00+01:00,0.15042
2026-01-14T13:00:00+01:00,0.152145
2026-01-14T13:15:00+01:00,0.15111
2026-01-14T13:30:00+01:00,0.150075
2026-01-14T13:45:00+01:00,0.150765
2026-01-14T14:00:00+01:00,0.151455
2026-01-14T14:15:00+01:00,0.1518
2026-01-14T14:30:00+01:00,0.15111
2026-01-14T14:45:00+01:00,0.151283
2026-01-14T15:00:00+01:00,0.152318
2026-01-14T15:15:00+01:00,0.152318
2026-01-14T15:30:00+01:00,0.152145
2026-01-14T15:45:00+01:00,0.150938
2026-01-14T16:00:00+01:00,0.151628
2026-01-14T16:15:00+01:00,0.151455
2026-01-14T16:30:00+01:00,0.1518
2026-01-14T16:45:00+01:00,0.152318
2026-01-14T17:00:00+01:00,0.151628
2026-01-14T17:15:00+01:00,0.152663
2026-01-14T17:30:00+01:00,0.152318
2026-01-14T17:45:00+01:00,0.151628
2026-01-14T18:00:00+01:00,0.151283
2026-01-14T18:15:00+01:00,0.151628
2026-01-14T18:30:00+01:00,0.153008
2026-01-14T18:45:00+01:00,0.152318
2026-01-14T19:00:00+01:00,0.151973
2026-01-14T19:15:00+01:00,0.152145
2026-01-14T19:30:00+01:00,0.151628
2026-01-14T19:45:00+01:00,0.152145
2026-01-14T20:00:00+01:00,0.152231
2026-01-14T20:15:00+01:00,0.152835
2026-01-14T20:30:00+01:00,0.151455
2026-01-14T20:45:00+01:00,0.151283
2026-01-14T21:00:00+01:00,0.151973
2026-01-14T21:15:00+01:00,0.151628
2026-01-14T21:30:00+01:00,0.151973
2026-01-14T21:45:00+01:00,0.151283
2026-01-14T22:00:00+01:00,0.149903
2026-01-14T22:15:00+01:00,0.151455
2026-01-14T22:30:00+01:00,0.152145
2026-01-14T22:45:00+01:00,0.15042
2026-01-14T23:00:00+01:00,0.150938
2026-01-14T23:15:00+01:00,0.15042
2026-01-14T23:30:00+01:00,0.15111
2026-01-14T23:45:00+01:00,0.1518
2026-01-15T00:00:00+01:00,0.149903
2026-01-15T00:15:00+01:00,0.150593
2026-01-15T00:30:00+01:00,0.1518
2026-01-15T00:45:00+01:00,0.151283
2026-01-15T01:00:00+01:00,0.152318
2026-01-15T01:15:00+01:00,0.151283
2026-01-15T01:30:00+01:00,0.15042
2026-01-15T01:45:00+01:00,0.151455
2026-01-15T02:00:00+01:00,0.151628
2026-01-15T02:15:00+01:00,0.15249
2026-01-15T02:30:00+01:00,0.150938
2026-01-15T02:45:00+01:00,0.151455
2026-01-15T03:00:00+01:00,0.15111
2026-01-15T03:15:00+01:00,0.148523
2026-01-15T03:30:00+01:00,0.152145
2026-01-15T03:45:00+01:00,0.15111
2026-01-15T04:00:00+01:00,0.151283
2026-01-15T04:15:00+01:00,0.152318
2026-01-15T04:30:00+01:00,0.150248
2026-01-15T04:45:00+01:00,0.150765
2026-01-15T05:00:00+01:00,0.150075
2026-01-15T05:15:00+01:00,0.15111
2026-01-15T05:30:00+01:00,0.151283
2026-01-15T05:45:00+01:00,0.15042
2026-01-15T06:00:00+01:00,0.1518
2026-01-15T06:15:00+01:00,0.151283
2026-01-15T06:30:00+01:00,0.151628
2026-01-15T06:45:00+01:00,0.150765
2026-01-15T07:00:00+01:00,0.151628
2026-01-15T07:15:00+01:00,0.151973
2026-01-15T07:30:00+01:00,0.150938
2026-01-15T07:45:00+01:00,0.151455
2026-01-15T08:00:00+01:00,0.1518
2026-01-15T08:15:00+01:00,0.151714
2026-01-15T08:30:00+01:00,0.151628
2026-01-15T08:45:00+01:00,0.150938
2026-01-15T09:00:00+01:00,0.152145
2026-01-15T09:15:00+01:00,0.15249
2026-01-15T09:30:00+01:00,0.151973
2026-01-15T09:45:00+01:00,0.1518
2026-01-15T10:00:00+01:00,0.151973
2026-01-15T10:15:00+01:00,0.151628
2026-01-15T10:30:00+01:00,0.150765
2026-01-15T10:45:00+01:00,0.151455
2026-01-15T11:00:00+01:00,0.151283
2026-01-15T11:15:00+01:00,0.1518
2026-01-15T11:30:00+01:00,0.1518
2026-01-15T11:45:00+01:00,0.152835
2026-01-15T12:00:00+01:00,0.174225
2026-01-15T12:15:00+01:00,0.15111
2026-01-15T12:30:00+01:00,0.152145
2026-01-15T12:45:00+01:00,0.151628
2026-01-15T13:00:00+01:00,0.151283
2026-01-15T13:15:00+01:00,0.15111
2026-01-15T13:30:00+01:00,0.1518
2026-01-15T13:45:00+01:00,0.153353
2026-01-15T14:00:00+01:00,0.150765
2026-01-15T14:15:00+01:00,0.151455
2026-01-15T14:30:00+01:00,0.151455
2026-01-15T14:45:00+01:00,0.15387
2026-01-15T15:00:00+01:00,0.152663
2026-01-15T15:15:00+01:00,0.152663
2026-01-15T15:30:00+01:00,0.153525
2026-01-15T15:45:00+01:00,0.154043
2026-01-15T16:00:00+01:00,0.15318
2026-01-15T16:15:00+01:00,0.151973
2026-01-15T16:30:00+01:00,0.153698
2026-01-15T16:45:00+01:00,0.1518
2026-01-15T17:00:00+01:00,0.152835
2026-01-15T17:15:00+01:00,0.151628
2026-01-15T17:30:00+01:00,0.1518
2026-01-15T17:45:00+01:00,0.152835
2026-01-15T18:00:00+01:00,0.1518
2026-01-15T18:15:00+01:00,0.153353
2026-01-15T18:30:00+01:00,0.1518
2026-01-15T18:45:00+01:00,0.15111
2026-01-15T19:00:00+01:00,0.152318
2026-01-15T19:15:00+01:00,0.15249
2026-01-15T19:30:00+01:00,0.151973
2026-01-15T19:45:00+01:00,0.151973
2026-01-15T20:00:00+01:00,0.151628
2026-01-15T20:15:00+01:00,0.151455
2026-01-15T20:30:00+01:00,0.152835
2026-01-15T20:45:00+01:00,0.152318
2026-01-15T21:00:00+01:00,0.152145
2026-01-15T21:15:00+01:00,0.15111
2026-01-15T21:30:00+01:00,0.1518
2026-01-15T21:45:00+01:00,0.151628
2026-01-15T22:00:00+01:00,0.1518
2026-01-15T22:15:00+01:00,0.1518
2026-01-15T22:30:00+01:00,0.1518
2026-01-15T22:45:00+01:00,0.150248
2026-01-15T23:00:00+01:00,0.152145
2026-01-15T23:15:00+01:00,0.152835
2026-01-15T23:30:00+01:00,0.1518
2026-01-15T23:45:00+01:00,0.152835
2026-01-16T00:00:00+01:00,0.151283
2026-01-16T00:15:00+01:00,0.151628
2026-01-16T00:30:00+01:00,0.151455
2026-01-16T00:45:00+01:00,0.152318
2026-01-16T01:00:00+01:00,0.152145
2026-01-16T01:15:00+01:00,0.152318
2026-01-16T01:30:00+01:00,0.151283
2026-01-16T01:45:00+01:00,0.1518
2026-01-16T02:00:00+01:00,0.15042
2026-01-16T02:15:00+01:00,0.151628
2026-01-16T02:30:00+01:00,0.151283
2026-01-16T02:45:00+01:00,0.150075
2026-01-16T03:00:00+01:00,0.150765
2026-01-16T03:15:00+01:00,0.15249
2026-01-16T03:30:00+01:00,0.150593
2026-01-16T03:45:00+01:00,0.149558
2026-01-16T04:00:00+01:00,0.149213
2026-01-16T04:15:00+01:00,0.150765
2026-01-16T04:30:00+01:00,0.1518
2026-01-16T04:45:00+01:00,0.151628
2026-01-16T05:00:00+01:00,0.152318
2026-01-16T05:15:00+01:00,0.152318
2026-01-16T05:30:00+01:00,0.151973
2026-01-16T05:45:00+01:00,0.15111
2026-01-16T06:00:00+01:00,0.151283
2026-01-16T06:15:00+01:00,0.151455
2026-01-16T06:30:00+01:00,0.151455
2026-01-16T06:45:00+01:00,0.151628
2026-01-16T07:00:00+01:00,0.1518
2026-01-16T07:15:00+01:00,0.151628
2026-01-16T07:30:00+01:00,0.150593
2026-01-16T07:45:00+01:00,0.150938
2026-01-16T08:00:00+01:00,0.151455
2026-01-16T08:15:00+01:00,0.15249
2026-01-16T08:30:00+01:00,0.152318
2026-01-16T08:45:00+01:00,0.152145
2026-01-16T09:00:00+01:00,0.150593
2026-01-16T09:15:00+01:00,0.1518
2026-01-16T09:30:00+01:00,0.152145
2026-01-16T09:45:00+01:00,0.152663
2026-01-16T10:00:00+01:00,0.158355
2026-01-16T10:15:00+01:00,0.1518
2026-01-16T10:30:00+01:00,0.151283
2026-01-16T10:45:00+01:00,0.151628
2026-01-16T11:00:00+01:00,0.151973
2026-01-16T11:15:00+01:00,0.15318
2026-01-16T11:30:00+01:00,0.152663
2026-01-16T11:45:00+01:00,0.151283
2026-01-16T12:00:00+01:00,0.151628
2026-01-16T12:15:00+01:00,0.1518
2026-01-16T12:30:00+01:00,0.152318
2026-01-16T12:45:00+01:00,0.151283
2026-01-16T13:00:00+01:00,0.152145
2026-01-16T13:15:00+01:00,0.1518
2026-01-16T13:30:00+01:00,0.152318
2026-01-16T13:45:00+01:00,0.152663
2026-01-16T14:00:00+01:00,0.152663
2026-01-16T14:15:00+01:00,0.151283
2026-01-16T14:30:00+01:00,0.152663
2026-01-16T14:45:00+01:00,0.151455
2026-01-16T15:00:00+01:00,0.151283
2026-01-16T15:15:00+01:00,0.150593
2026-01-16T15:30:00+01:00,0.151628
2026-01-16T15:45:00+01:00,0.152231
2026-01-16T16:00:00+01:00,0.152318
2026-01-16T16:15:00+01:00,0.152145
2026-01-16T16:30:00+01:00,0.152145
2026-01-16T16:45:00+01:00,0.1518
2026-01-16T17:00:00+01:00,0.150765
2026-01-16T17:15:00+01:00,0.151973
2026-01-16T17:30:00+01:00,0.152059
2026-01-16T17:45:00+01:00,0.151628
2026-01-16T18:00:00+01:00,0.151628
2026-01-16T18:15:00+01:00,0.151628
2026-01-16T18:30:00+01:00,0.15249
2026-01-16T18:45:00+01:00,0.152145
2026-01-16T19:00:00+01:00,0.151973
2026-01-16T19:15:00+01:00,0.151973
2026-01-16T19:30:00+01:00,0.1518
2026-01-16T19:45:00+01:00,0.15111
2026-01-16T20:00:00+01:00,0.152835
2026-01-16T20:15:00+01:00,0.152145
2026-01-16T20:30:00+01:00,0.152663
2026-01-16T20:45:00+01:00,0.152145
2026-01-16T21:00:00+01:00,0.153008
2026-01-16T21:15:00+01:00,0.152318
2026-01-16T21:30:00+01:00,0.152318
2026-01-16T21:45:00+01:00,0.14973
2026-01-16T22:00:00+01:00,0.150765
2026-01-16T22:15:00+01:00,0.1518
2026-01-16T22:30:00+01:00,0.152318
2026-01-16T22:45:00+01:00,0.151283
2026-01-16T23:00:00+01:00,0.14904
2026-01-16T23:15:00+01:00,0.14904
2026-01-16T23:30:00+01:00,0.14904
2026-01-16T23:45:00+01:00,0.148178
2026-01-17T00:00:00+01:00,0.149385
2026-01-17T00:15:00+01:00,0.14973
2026-01-17T00:30:00+01:00,0.149903
2026-01-17T00:45:00+01:00,0.149213
2026-01-17T01:00:00+01:00,0.151455
2026-01-17T01:15:00+01:00,0.15111
2026-01-17T01:30:00+01:00,0.150593
2026-01-17T01:45:00+01:00,0.151628
2026-01-17T02:00:00+01:00,0.151628
2026-01-17T02:15:00+01:00,0.1518
2026-01-17T02:30:00+01:00,0.149903
2026-01-17T02:45:00+01:00,0.151283
2026-01-17T03:00:00+01:00,0.15111
2026-01-17T03:15:00+01:00,0.15111
2026-01-17T03:30:00+01:00,0.15249
2026-01-17T03:45:00+01:00,0.151628
2026-01-17T04:00:00+01:00,0.152663
2026-01-17T04:15:00+01:00,0.152145
2026-01-17T04:30:00+01:00,0.151973
2026-01-17T04:45:00+01:00,0.152145
2026-01-17T05:00:00+01:00,0.15318
2026-01-17T05:15:00+01:00,0.151628
2026-01-17T05:30:00+01:00,0.150938
2026-01-17T05:45:00+01:00,0.151628
2026-01-17T06:00:00+01:00,0.152145
2026-01-17T06:15:00+01:00,0.150938
2026-01-17T06:30:00+01:00,0.1518
2026-01-17T06:45:00+01:00,0.152663
2026-01-17T07:00:00+01:00,0.151283
2026-01-17T07:15:00+01:00,0.1518
2026-01-17T07:30:00+01:00,0.152145
2026-01-17T07:45:00+01:00,0.153353
2026-01-17T08:00:00+01:00,0.154215
2026-01-17T08:15:00+01:00,0.15387
2026-01-17T08:30:00+01:00,0.152835
2026-01-17T08:45:00+01:00,0.153353
2026-01-17T09:00:00+01:00,0.153525
2026-01-17T09:15:00+01:00,0.153353
2026-01-17T09:30:00+01:00,0.15318
2026-01-17T09:45:00+01:00,0.15249
2026-01-17T10:00:00+01:00,0.152318
2026-01-17T10:15:00+01:00,0.15249
2026-01-17T10:30:00+01:00,0.153008
2026-01-17T10:45:00+01:00,0.15249
2026-01-17T11:00:00+01:00,0.149385
2026-01-17T11:15:00+01:00,0.148695
2026-01-17T11:30:00+01:00,0.153353
2026-01-17T11:45:00+01:00,0.154215
2026-01-17T12:00:00+01:00,0.154043
2026-01-17T12:15:00+01:00,0.154043
2026-01-17T12:30:00+01:00,0.152835
2026-01-17T12:45:00+01:00,0.153525
2026-01-17T13:00:00+01:00,0.154043
2026-01-17T13:15:00+01:00,0.154388
2026-01-17T13:30:00+01:00,0.15387
2026-01-17T13:45:00+01:00,0.153525
2026-01-17T14:00:00+01:00,0.154043
2026-01-17T14:15:00+01:00,0.15387
2026-01-17T14:30:00+01:00,0.15456
2026-01-17T14:45:00+01:00,0.154388
2026-01-17T15:00:00+01:00,0.154215
2026-01-17T15:15:00+01:00,0.15318
2026-01-17T15:30:00+01:00,0.150248
2026-01-17T15:45:00+01:00,0.150593
2026-01-17T16:00:00+01:00,0.151455
2026-01-17T16:15:00+01:00,0.149558
2026-01-17T16:30:00+01:00,0.149903
2026-01-17T16:45:00+01:00,0.15042
2026-01-17T17:00:00+01:00,0.15042
2026-01-17T17:15:00+01:00,0.152318
2026-01-17T17:30:00+01:00,0.1518
2026-01-17T17:45:00+01:00,0.150938
2026-01-17T18:00:00+01:00,0.151628
2026-01-17T18:15:00+01:00,0.151628
2026-01-17T18:30:00+01:00,0.152318
2026-01-17T18:45:00+01:00,0.15042
2026-01-17T19:00:00+01:00,0.152663
2026-01-17T19:15:00+01:00,0.151973
2026-01-17T19:30:00+01:00,0.15111
2026-01-17T19:45:00+01:00,0.15111
2026-01-17T20:00:00+01:00,0.14973
2026-01-17T20:15:00+01:00,0.151283
2026-01-17T20:30:00+01:00,0.151283
2026-01-17T20:45:00+01:00,0.152318
2026-01-17T21:00:00+01:00,0.151628
2026-01-17T21:15:00+01:00,0.151283
2026-01-17T21:30:00+01:00,0.150765
2026-01-17T21:45:00+01:00,0.150075
2026-01-17T22:00:00+01:00,0.150765
2026-01-17T22:15:00+01:00,0.15111
2026-01-17T22:30:00+01:00,0.14973
2026-01-17T22:45:00+01:00,0.15042
2026-01-17T23:00:00+01:00,0.149903
2026-01-17T23:15:00+01:00,0.150075
2026-01-17T23:30:00+01:00,0.148868
2026-01-17T23:45:00+01:00,0.148178
2026-01-18T00:00:00+01:00,0.147315
2026-01-18T00:15:00+01:00,0.148178
2026-01-18T00:30:00+01:00,0.150075
2026-01-18T00:45:00+01:00,0.150765
2026-01-18T01:00:00+01:00,0.149558
2026-01-18T01:15:00+01:00,0.14973
2026-01-18T01:30:00+01:00,0.14904
2026-01-18T01:45:00+01:00,0.14904
2026-01-18T02:00:00+01:00,0.149903
2026-01-18T02:15:00+01:00,0.148005
2026-01-18T02:30:00+01:00,0.150593
2026-01-18T02:45:00+01:00,0.150765
2026-01-18T03:00:00+01:00,0.151455
2026-01-18T03:15:00+01:00,0.15111
2026-01-18T03:30:00+01:00,0.150938
2026-01-18T03:45:00+01:00,0.150938
2026-01-18T04:00:00+01:00,0.15111
2026-01-18T04:15:00+01:00,0.151628
2026-01-18T04:30:00+01:00,0.152318
2026-01-18T04:45:00+01:00,0.150938
2026-01-18T05:00:00+01:00,0.150938
2026-01-18T05:15:00+01:00,0.150938
2026-01-18T05:30:00+01:00,0.15111
2026-01-18T05:45:00+01:00,0.15111
2026-01-18T06:00:00+01:00,0.150938
2026-01-18T06:15:00+01:00,0.150593
2026-01-18T06:30:00+01:00,0.15111
2026-01-18T06:45:00+01:00,0.15111
2026-01-18T07:00:00+01:00,0.151455
2026-01-18T07:15:00+01:00,0.149903
2026-01-18T07:30:00+01:00,0.150938
2026-01-18T07:45:00+01:00,0.151283
2026-01-18T08:00:00+01:00,0.152145
2026-01-18T08:15:00+01:00,0.151283
2026-01-18T08:30:00+01:00,0.15042
2026-01-18T08:45:00+01:00,0.150248
2026-01-18T09:00:00+01:00,0.150248
2026-01-18T09:15:00+01:00,0.15042
2026-01-18T09:30:00+01:00,0.150765
2026-01-18T09:45:00+01:00,0.14973
2026-01-18T10:00:00+01:00,0.15042
2026-01-18T10:15:00+01:00,0.149903
2026-01-18T10:30:00+01:00,0.149903
2026-01-18T10:45:00+01:00,0.150938
2026-01-18T11:00:00+01:00,0.14973
2026-01-18T11:15:00+01:00,0.15042
2026-01-18T11:30:00+01:00,0.149213
2026-01-18T11:45:00+01:00,0.149385
2026-01-18T12:00:00+01:00,0.15042
2026-01-18T12:15:00+01:00,0.147488
2026-01-18T12:30:00+01:00,0.14904
2026-01-18T12:45:00+01:00,0.14835
2026-01-18T13:00:00+01:00,0.149558
2026-01-18T13:15:00+01:00,0.1518
2026-01-18T13:30:00+01:00,0.150248
2026-01-18T13:45:00+01:00,0.148523
2026-01-18T14:00:00+01:00,0.14904
2026-01-18T14:15:00+01:00,0.14973
2026-01-18T14:30:00+01:00,0.150075
2026-01-18T14:45:00+01:00,0.150075
2026-01-18T15:00:00+01:00,0.14973
2026-01-18T15:15:00+01:00,0.150938
2026-01-18T15:30:00+01:00,0.151973
2026-01-18T15:45:00+01:00,0.1518
2026-01-18T16:00:00+01:00,0.153353
2026-01-18T16:15:00+01:00,0.150765
2026-01-18T16:30:00+01:00,0.151455
2026-01-18T16:45:00+01:00,0.151628
2026-01-18T17:00:00+01:00,0.15042
2026-01-18T17:15:00+01:00,0.1518
2026-01-18T17:30:00+01:00,0.15111
2026-01-18T17:45:00+01:00,0.151628
2026-01-18T18:00:00+01:00,0.150248
2026-01-18T18:15:00+01:00,0.15249
2026-01-18T18:30:00+01:00,0.150248
2026-01-18T18:45:00+01:00,0.150248
2026-01-18T19:00:00+01:00,0.151455
2026-01-18T19:15:00+01:00,0.1518
2026-01-18T19:30:00+01:00,0.150938
2026-01-18T19:45:00+01:00,0.151973
2026-01-18T20:00:00+01:00,0.152835
2026-01-18T20:15:00+01:00,0.1518
2026-01-18T20:30:00+01:00,0.15249
2026-01-18T20:45:00+01:00,0.15249
2026-01-18T21:00:00+01:00,0.152663
2026-01-18T21:15:00+01:00,0.15318
2026-01-18T21:30:00+01:00,0.153698
2026-01-18T21:45:00+01:00,0.153353
2026-01-18T22:00:00+01:00,0.202688
2026-01-18T22:15:00+01:00,0.236325
2026-01-18T22:30:00+01:00,0.231667
2026-01-18T22:45:00+01:00,0.237533
2026-01-18T23:00:00+01:00,0.217005
2026-01-18T23:15:00+01:00,0.211657
2026-01-18T23:30:00+01:00,0.21804
2026-01-18T23:45:00+01:00,0.22149
2026-01-19T00:00:00+01:00,0.240637
2026-01-19T00:15:00+01:00,0.228649
2026-01-19T00:30:00+01:00,0.23529
2026-01-19T00:45:00+01:00,0.236842
2026-01-19T01:00:00+01:00,0.2346
2026-01-19T01:15:00+01:00,0.214073
2026-01-19T01:30:00+01:00,0.229598
2026-01-19T01:45:00+01:00,0.210795
2026-01-19T02:00:00+01:00,0.2277
2026-01-19T02:15:00+01:00,0.226837
2026-01-19T02:30:00+01:00,0.18975
2026-01-19T02:45:00+01:00,0.223215
2026-01-19T03:00:00+01:00,0.22632
2026-01-19T03:15:00+01:00,0.203895
2026-01-19T03:30:00+01:00,0.187335
2026-01-19T03:45:00+01:00,0.228217
2026-01-19T04:00:00+01:00,0.212865
2026-01-19T04:15:00+01:00,0.25806
2026-01-19T04:30:00+01:00,0.228562
2026-01-19T04:45:00+01:00,0.226665
2026-01-19T05:00:00+01:00,0.214245
2026-01-19T05:15:00+01:00,0.205275
2026-01-19T05:30:00+01:00,0.176123
2026-01-19T05:45:00+01:00,0.176813
2026-01-19T06:00:00+01:00,0.308602
2026-01-19T06:15:00+01:00,0.33258
2026-01-19T06:30:00+01:00,0.304462
2026-01-19T06:45:00+01:00,0.35742
2026-01-19T07:00:00+01:00,0.320246
2026-01-19T07:15:00+01:00,0.317572
2026-01-19T07:30:00+01:00,0.32844
2026-01-19T07:45:00+01:00,0.33051
2026-01-19T08:00:00+01:00,0.332407
2026-01-19T08:15:00+01:00,0.29256
2026-01-19T08:30:00+01:00,0.254782
2026-01-19T08:45:00+01:00,0.23115
2026-01-19T09:00:00+01:00,0.196995
2026-01-19T09:15:00+01:00,0.189405
2026-01-19T09:30:00+01:00,0.184747
2026-01-19T09:45:00+01:00,0.179745
2026-01-19T10:00:00+01:00,0.193373
2026-01-19T10:15:00+01:00,0.19596
2026-01-19T10:30:00+01:00,0.192165
2026-01-19T10:45:00+01:00,0.19044
2026-01-19T11:00:00+01:00,0.179227
2026-01-19T11:15:00+01:00,0.181125
2026-01-19T11:30:00+01:00,0.176985
2026-01-19T11:45:00+01:00,0.183799
2026-01-19T12:00:00+01:00,0.181297
2026-01-19T12:15:00+01:00,0.156802
2026-01-19T12:30:00+01:00,0.183885
2026-01-19T12:45:00+01:00,0.186645
2026-01-19T13:00:00+01:00,0.214762
2026-01-19T13:15:00+01:00,0.235463
2026-01-19T13:30:00+01:00,0.19665
2026-01-19T13:45:00+01:00,0.171292
2026-01-19T14:00:00+01:00,0.182505
2026-01-19T14:15:00+01:00,0.183712
2026-01-19T14:30:00+01:00,0.147315
2026-01-19T14:45:00+01:00,0.14352
2026-01-19T15:00:00+01:00,0.144555
2026-01-19T15:15:00+01:00,0.144382
2026-01-19T15:30:00+01:00,0.152835
2026-01-19T15:45:00+01:00,0.1725
2026-01-19T16:00:00+01:00,0.144037
2026-01-19T16:15:00+01:00,0.144555
2026-01-19T16:30:00+01:00,0.181643
2026-01-19T16:45:00+01:00,0.15732
2026-01-19T17:00:00+01:00,0.142485
2026-01-19T17:15:00+01:00,0.1863
2026-01-19T17:30:00+01:00,0.142485
2026-01-19T17:45:00+01:00,0.179227
2026-01-19T18:00:00+01:00,0.190095
2026-01-19T18:15:00+01:00,0.141622
2026-01-19T18:30:00+01:00,0.182333
2026-01-19T18:45:00+01:00,0.193286
2026-01-19T19:00:00+01:00,0.181643
2026-01-19T19:15:00+01:00,0.16767
2026-01-19T19:30:00+01:00,0.15387
2026-01-19T19:45:00+01:00,0.173708
2026-01-19T20:00:00+01:00,0.14835
2026-01-19T20:15:00+01:00,0.14283
2026-01-19T20:30:00+01:00,0.140932
2026-01-19T20:45:00+01:00,0.142312
2026-01-19T21:00:00+01:00,0.14283
2026-01-19T21:15:00+01:00,0.159735
2026-01-19T21:30:00+01:00,0.188888
2026-01-19T21:45:00+01:00,0.16008
2026-01-19T22:00:00+01:00,0.143175
2026-01-19T22:15:00+01:00,0.17181
2026-01-19T22:30:00+01:00,0.203636
2026-01-19T22:45:00+01:00,0.21942
2026-01-19T23:00:00+01:00,0.215453
2026-01-19T23:15:00+01:00,0.201135
2026-01-19T23:30:00+01:00,0.2001
2026-01-19T23:45:00+01:00,0.178193
2026-01-20T00:00:00+01:00,0.148264
2026-01-20T00:15:00+01:00,0.149385
2026-01-20T00:30:00+01:00,0.15456
2026-01-20T00:45:00+01:00,0.195615
2026-01-20T01:00:00+01:00,0.20148
2026-01-20T01:15:00+01:00,0.161978
2026-01-20T01:30:00+01:00,0.150593
2026-01-20T01:45:00+01:00,0.21321
2026-01-20T02:00:00+01:00,0.206396
2026-01-20T02:15:00+01:00,0.205793
2026-01-20T02:30:00+01:00,0.170775
2026-01-20T02:45:00+01:00,0.168188
2026-01-20T03:00:00+01:00,0.149558
2026-01-20T03:15:00+01:00,0.14973
2026-01-20T03:30:00+01:00,0.180435
2026-01-20T03:45:00+01:00,0.158183
2026-01-20T04:00:00+01:00,0.1449
2026-01-20T04:15:00+01:00,0.145245
2026-01-20T04:30:00+01:00,0.14628
2026-01-20T04:45:00+01:00,0.179917
2026-01-20T05:00:00+01:00,0.167498
2026-01-20T05:15:00+01:00,0.145763
2026-01-20T05:30:00+01:00,0.19044
2026-01-20T05:45:00+01:00,0.16077
2026-01-20T06:00:00+01:00,0.192165
2026-01-20T06:15:00+01:00,0.144555
2026-01-20T06:30:00+01:00,0.191993
2026-01-20T06:45:00+01:00,0.17871
2026-01-20T07:00:00+01:00,0.145418
2026-01-20T07:15:00+01:00,0.145245
2026-01-20T07:30:00+01:00,0.15318
2026-01-20T07:45:00+01:00,0.212175
2026-01-20T08:00:00+01:00,0.205793
2026-01-20T08:15:00+01:00,0.209243
2026-01-20T08:30:00+01:00,0.197426
2026-01-20T08:45:00+01:00,0.166808
2026-01-20T09:00:00+01:00,0.207863
2026-01-20T09:15:00+01:00,0.21114
2026-01-20T09:30:00+01:00,0.215107
2026-01-20T09:45:00+01:00,0.211485
2026-01-20T10:00:00+01:00,0.223905
2026-01-20T10:15:00+01:00,0.200445
2026-01-20T10:30:00+01:00,0.20562
2026-01-20T10:45:00+01:00,0.20424
2026-01-20T11:00:00+01:00,0.192337
2026-01-20T11:15:00+01:00,0.173707
2026-01-20T11:30:00+01:00,0.165427
2026-01-20T11:45:00+01:00,0.196132
2026-01-20T12:00:00+01:00,0.19113
2026-01-20T12:15:00+01:00,0.199927
2026-01-20T12:30:00+01:00,0.200617
2026-01-20T12:45:00+01:00,0.22011
2026-01-20T13:00:00+01:00,0.18423
2026-01-20T13:15:00+01:00,0.182505
2026-01-20T13:30:00+01:00,0.23736
2026-01-20T13:45:00+01:00,0.23736
2026-01-20T14:00:00+01:00,0.24288
2026-01-20T14:15:00+01:00,0.209933
2026-01-20T14:30:00+01:00,0.199755
2026-01-20T14:45:00+01:00,0.183195
2026-01-20T15:00:00+01:00,0.185437
2026-01-20T15:15:00+01:00,0.191475
2026-01-20T15:30:00+01:00,0.196822
2026-01-20T15:45:00+01:00,0.200273
2026-01-20T16:00:00+01:00,0.176985
2026-01-20T16:15:00+01:00,0.14973
2026-01-20T16:30:00+01:00,0.151283
2026-01-20T16:45:00+01:00,0.15111
2026-01-20T17:00:00+01:00,0.190095
2026-01-20T17:15:00+01:00,0.18078
2026-01-20T17:30:00+01:00,0.152145
2026-01-20T17:45:00+01:00,0.21252
2026-01-20T18:00:00+01:00,0.177503
2026-01-20T18:15:00+01:00,0.1518
2026-01-20T18:30:00+01:00,0.19803
2026-01-20T18:45:00+01:00,0.16077
2026-01-20T19:00:00+01:00,0.205103
2026-01-20T19:15:00+01:00,0.170603
2026-01-20T19:30:00+01:00,0.1518
2026-01-20T19:45:00+01:00,0.151628
2026-01-20T20:00:00+01:00,0.152145
2026-01-20T20:15:00+01:00,0.152318
2026-01-20T20:30:00+01:00,0.151455
2026-01-20T20:45:00+01:00,0.15663
2026-01-20T21:00:00+01:00,0.187335
2026-01-20T21:15:00+01:00,0.210795
2026-01-20T21:30:00+01:00,0.208035
2026-01-20T21:45:00+01:00,0.150938
2026-01-20T22:00:00+01:00,0.149903
2026-01-20T22:15:00+01:00,0.155854
2026-01-20T22:30:00+01:00,0.220972
2026-01-20T22:45:00+01:00,0.209415
2026-01-20T23:00:00+01:00,0.20079
2026-01-20T23:15:00+01:00,0.202515
2026-01-20T23:30:00+01:00,0.216488
2026-01-20T23:45:00+01:00,0.21183
2026-01-21T00:00:00+01:00,0.197512
2026-01-21T00:15:00+01:00,0.22425
2026-01-21T00:30:00+01:00,0.206138
2026-01-21T00:45:00+01:00,0.196305
2026-01-21T01:00:00+01:00,0.211399
2026-01-21T01:15:00+01:00,0.212003
2026-01-21T01:30:00+01:00,0.20148
2026-01-21T01:45:00+01:00,0.19665
2026-01-21T02:00:00+01:00,0.199755
2026-01-21T02:15:00+01:00,0.192165
2026-01-21T02:30:00+01:00,0.152663
2026-01-21T02:45:00+01:00,0.190785
2026-01-21T03:00:00+01:00,0.2139
2026-01-21T03:15:00+01:00,0.204585
2026-01-21T03:30:00+01:00,0.169568
2026-01-21T03:45:00+01:00,0.155078
2026-01-21T04:00:00+01:00,0.15387
2026-01-21T04:15:00+01:00,0.20148
2026-01-21T04:30:00+01:00,0.17526
2026-01-21T04:45:00+01:00,0.208898
2026-01-21T05:00:00+01:00,0.206828
2026-01-21T05:15:00+01:00,0.167929
2026-01-21T05:30:00+01:00,0.205103
2026-01-21T05:45:00+01:00,0.20493
2026-01-21T06:00:00+01:00,0.221145
2026-01-21T06:15:00+01:00,0.222007
2026-01-21T06:30:00+01:00,0.194408
2026-01-21T06:45:00+01:00,0.206655
2026-01-21T07:00:00+01:00,0.191993
2026-01-21T07:15:00+01:00,0.265477
2026-01-21T07:30:00+01:00,0.299978
2026-01-21T07:45:00+01:00,0.264442
2026-01-21T08:00:00+01:00,0.221317
2026-01-21T08:15:00+01:00,0.215194
2026-01-21T08:30:00+01:00,0.210967
2026-01-21T08:45:00+01:00,0.257025
2026-01-21T09:00:00+01:00,0.313778
2026-01-21T09:15:00+01:00,0.338014
2026-01-21T09:30:00+01:00,0.315848
2026-01-21T09:45:00+01:00,0.308257
2026-01-21T10:00:00+01:00,0.333874
2026-01-21T10:15:00+01:00,0.323955
2026-01-21T10:30:00+01:00,0.30636
2026-01-21T10:45:00+01:00,0.329561
2026-01-21T11:00:00+01:00,0.311535
2026-01-21T11:15:00+01:00,0.299288
2026-01-21T11:30:00+01:00,0.219075
2026-01-21T11:45:00+01:00,0.26496
2026-01-21T12:00:00+01:00,0.287558
2026-01-21T12:15:00+01:00,0.306877
2026-01-21T12:30:00+01:00,0.317227
2026-01-21T12:45:00+01:00,0.294803
2026-01-21T13:00:00+01:00,0.271343
2026-01-21T13:15:00+01:00,0.29049
2026-01-21T13:30:00+01:00,0.311017
2026-01-21T13:45:00+01:00,0.246157
2026-01-21T14:00:00+01:00,0.292043
2026-01-21T14:15:00+01:00,0.28359
2026-01-21T14:30:00+01:00,0.29325
2026-01-21T14:45:00+01:00,0.24288
2026-01-21T15:00:00+01:00,0.231495
2026-01-21T15:15:00+01:00,0.286005
2026-01-21T15:30:00+01:00,0.292388
2026-01-21T15:45:00+01:00,0.296269
2026-01-21T16:00:00+01:00,0.29946
2026-01-21T16:15:00+01:00,0.260303
2026-01-21T16:30:00+01:00,0.299288
2026-01-21T16:45:00+01:00,0.309465
2026-01-21T17:00:00+01:00,0.294113
2026-01-21T17:15:00+01:00,0.309465
2026-01-21T17:30:00+01:00,0.288765
2026-01-21T17:45:00+01:00,0.286264
2026-01-21T18:00:00+01:00,0.294975
2026-01-21T18:15:00+01:00,0.299287
2026-01-21T18:30:00+01:00,0.306791
2026-01-21T18:45:00+01:00,0.274103
2026-01-21T19:00:00+01:00,0.211485
2026-01-21T19:15:00+01:00,0.24012
2026-01-21T19:30:00+01:00,0.299288
2026-01-21T19:45:00+01:00,0.30015
2026-01-21T20:00:00+01:00,0.31119
2026-01-21T20:15:00+01:00,0.305498
2026-01-21T20:30:00+01:00,0.305842
2026-01-21T20:45:00+01:00,0.285142
2026-01-21T21:00:00+01:00,0.280399
2026-01-21T21:15:00+01:00,0.23667
2026-01-21T21:30:00+01:00,0.216142
2026-01-21T21:45:00+01:00,0.210105
2026-01-21T22:00:00+01:00,0.27393
2026-01-21T22:15:00+01:00,0.285487
2026-01-21T22:30:00+01:00,0.284452
2026-01-21T22:45:00+01:00,0.300495
2026-01-21T23:00:00+01:00,0.261337
2026-01-21T23:15:00+01:00,0.27531
2026-01-21T23:30:00+01:00,0.283935
2026-01-21T23:45:00+01:00,0.281175
2026-01-22T00:00:00+01:00,0.279795
2026-01-22T00:15:00+01:00,0.28566
2026-01-22T00:30:00+01:00,0.24978
2026-01-22T00:45:00+01:00,0.312398
2026-01-22T01:00:00+01:00,0.306705
2026-01-22T01:15:00+01:00,0.287903
2026-01-22T01:30:00+01:00,0.31878
2026-01-22T01:45:00+01:00,0.29946
2026-01-22T02:00:00+01:00,0.286522
2026-01-22T02:15:00+01:00,0.291698
2026-01-22T02:30:00+01:00,0.309293
2026-01-22T02:45:00+01:00,0.29946
2026-01-22T03:00:00+01:00,0.263925
2026-01-22T03:15:00+01:00,0.284884
2026-01-22T03:30:00+01:00,0.296528
2026-01-22T03:45:00+01:00,0.2898
2026-01-22T04:00:00+01:00,0.289455
2026-01-22T04:15:00+01:00,0.300409
2026-01-22T04:30:00+01:00,0.28221
2026-01-22T04:45:00+01:00,0.281002
2026-01-22T05:00:00+01:00,0.265477
2026-01-22T05:15:00+01:00,0.310672
2026-01-22T05:30:00+01:00,0.26013
2026-01-22T05:45:00+01:00,0.217177
2026-01-22T06:00:00+01:00,0.308085
2026-01-22T06:15:00+01:00,0.317918
2026-01-22T06:30:00+01:00,0.313605
2026-01-22T06:45:00+01:00,0.312397
2026-01-22T07:00:00+01:00,0.286005
2026-01-22T07:15:00+01:00,0.265132
2026-01-22T07:30:00+01:00,0.317745
2026-01-22T07:45:00+01:00,0.302134
2026-01-22T08:00:00+01:00,0.311535
2026-01-22T08:15:00+01:00,0.29877
2026-01-22T08:30:00+01:00,0.297217
2026-01-22T08:45:00+01:00,0.29808
2026-01-22T09:00:00+01:00,0.289283
2026-01-22T09:15:00+01:00,0.300926
2026-01-22T09:30:00+01:00,0.29877
2026-01-22T09:45:00+01:00,0.308602
2026-01-22T10:00:00+01:00,0.306188
2026-01-22T10:15:00+01:00,0.287385
2026-01-22T10:30:00+01:00,0.218903
2026-01-22T10:45:00+01:00,0.25116
2026-01-22T11:00:00+01:00,0.297649
2026-01-22T11:15:00+01:00,0.294975
2026-01-22T11:30:00+01:00,0.223043
2026-01-22T11:45:00+01:00,0.206828
2026-01-22T12:00:00+01:00,0.294113
2026-01-22T12:15:00+01:00,0.301185
2026-01-22T12:30:00+01:00,0.297045
2026-01-22T12:45:00+01:00,0.280313
2026-01-22T13:00:00+01:00,0.292733
2026-01-22T13:15:00+01:00,0.22632
2026-01-22T13:30:00+01:00,0.292905
2026-01-22T13:45:00+01:00,0.21459
2026-01-22T14:00:00+01:00,0.286178
2026-01-22T14:15:00+01:00,0.293164
2026-01-22T14:30:00+01:00,0.247538
2026-01-22T14:45:00+01:00,0.259613
2026-01-22T15:00:00+01:00,0.22425
2026-01-22T15:15:00+01:00,0.282728
2026-01-22T15:30:00+01:00,0.29325
2026-01-22T15:45:00+01:00,0.270652
2026-01-22T16:00:00+01:00,0.286178
2026-01-22T16:15:00+01:00,0.307481
2026-01-22T16:30:00+01:00,0.281003
2026-01-22T16:45:00+01:00,0.318263
2026-01-22T17:00:00+01:00,0.224077
2026-01-22T17:15:00+01:00,0.30636
2026-01-22T17:30:00+01:00,0.305325
2026-01-22T17:45:00+01:00,0.299977
2026-01-22T18:00:00+01:00,0.308775
2026-01-22T18:15:00+01:00,0.24288
2026-01-22T18:30:00+01:00,0.215452
2026-01-22T18:45:00+01:00,0.276345
2026-01-22T19:00:00+01:00,0.310672
2026-01-22T19:15:00+01:00,0.305842
2026-01-22T19:30:00+01:00,0.302393
2026-01-22T19:45:00+01:00,0.322403
2026-01-22T20:00:00+01:00,0.31119
2026-01-22T20:15:00+01:00,0.311363
2026-01-22T20:30:00+01:00,0.308257
2026-01-22T20:45:00+01:00,0.312915
2026-01-22T21:00:00+01:00,0.312139
2026-01-22T21:15:00+01:00,0.30705
2026-01-22T21:30:00+01:00,0.24564
2026-01-22T21:45:00+01:00,0.187853
2026-01-22T22:00:00+01:00,0.150075
2026-01-22T22:15:00+01:00,0.150075
2026-01-22T22:30:00+01:00,0.150765
2026-01-22T22:45:00+01:00,0.150938
2026-01-22T23:00:00+01:00,0.1518
2026-01-22T23:15:00+01:00,0.15042
2026-01-22T23:30:00+01:00,0.1518
2026-01-22T23:45:00+01:00,0.150938
2026-01-23T00:00:00+01:00,0.150938
2026-01-23T00:15:00+01:00,0.15111
2026-01-23T00:30:00+01:00,0.1518
2026-01-23T00:45:00+01:00,0.15042
2026-01-23T01:00:00+01:00,0.151455
2026-01-23T01:15:00+01:00,0.151283
2026-01-23T01:30:00+01:00,0.1518
2026-01-23T01:45:00+01:00,0.151283
2026-01-23T02:00:00+01:00,0.151973
2026-01-23T02:15:00+01:00,0.151283
2026-01-23T02:30:00+01:00,0.151628
2026-01-23T02:45:00+01:00,0.1518
2026-01-23T03:00:00+01:00,0.150938
2026-01-23T03:15:00+01:00,0.150938
2026-01-23T03:30:00+01:00,0.150765
2026-01-23T03:45:00+01:00,0.151628
2026-01-23T04:00:00+01:00,0.151628
2026-01-23T04:15:00+01:00,0.150248
2026-01-23T04:30:00+01:00,0.150938
2026-01-23T04:45:00+01:00,0.152145
2026-01-23T05:00:00+01:00,0.15111
2026-01-23T05:15:00+01:00,0.150938
2026-01-23T05:30:00+01:00,0.151628
2026-01-23T05:45:00+01:00,0.1518
2026-01-23T06:00:00+01:00,0.150248
2026-01-23T06:15:00+01:00,0.151628
2026-01-23T06:30:00+01:00,0.150593
2026-01-23T06:45:00+01:00,0.150593
2026-01-23T07:00:00+01:00,0.150593
2026-01-23T07:15:00+01:00,0.152145
2026-01-23T07:30:00+01:00,0.150248
2026-01-23T07:45:00+01:00,0.151024
2026-01-23T08:00:00+01:00,0.151455
2026-01-23T08:15:00+01:00,0.151455
2026-01-23T08:30:00+01:00,0.15111
2026-01-23T08:45:00+01:00,0.151455
2026-01-23T09:00:00+01:00,0.15042
2026-01-23T09:15:00+01:00,0.15111
2026-01-23T09:30:00+01:00,0.150938
2026-01-23T09:45:00+01:00,0.150938
2026-01-23T10:00:00+01:00,0.151628
2026-01-23T10:15:00+01:00,0.152663
2026-01-23T10:30:00+01:00,0.151283
2026-01-23T10:45:00+01:00,0.1518
2026-01-23T11:00:00+01:00,0.150765
2026-01-23T11:15:00+01:00,0.149558
2026-01-23T11:30:00+01:00,0.15111
2026-01-23T11:45:00+01:00,0.1518
2026-01-23T12:00:00+01:00,0.151973
2026-01-23T12:15:00+01:00,0.151628
2026-01-23T12:30:00+01:00,0.150765
2026-01-23T12:45:00+01:00,0.150765
2026-01-23T13:00:00+01:00,0.151628
2026-01-23T13:15:00+01:00,0.151628
2026-01-23T13:30:00+01:00,0.150938
2026-01-23T13:45:00+01:00,0.151283
2026-01-23T14:00:00+01:00,0.15111
2026-01-23T14:15:00+01:00,0.150075
2026-01-23T14:30:00+01:00,0.150938
2026-01-23T14:45:00+01:00,0.1518
2026-01-23T15:00:00+01:00,0.150593
2026-01-23T15:15:00+01:00,0.152663
2026-01-23T15:30:00+01:00,0.151628
2026-01-23T15:45:00+01:00,0.1518
2026-01-23T16:00:00+01:00,0.1518
2026-01-23T16:15:00+01:00,0.151455
2026-01-23T16:30:00+01:00,0.151455
2026-01-23T16:45:00+01:00,0.15249
2026-01-23T17:00:00+01:00,0.150938
2026-01-23T17:15:00+01:00,0.152145
2026-01-23T17:30:00+01:00,0.151628
2026-01-23T17:45:00+01:00,0.1518
2026-01-23T18:00:00+01:00,0.151283
2026-01-23T18:15:00+01:00,0.15111
2026-01-23T18:30:00+01:00,0.150938
2026-01-23T18:45:00+01:00,0.150593
2026-01-23T19:00:00+01:00,0.15111
2026-01-23T19:15:00+01:00,0.15111
2026-01-23T19:30:00+01:00,0.151628
2026-01-23T19:45:00+01:00,0.15111
2026-01-23T20:00:00+01:00,0.151628
2026-01-23T20:15:00+01:00,0.150765
2026-01-23T20:30:00+01:00,0.150593
2026-01-23T20:45:00+01:00,0.151628
2026-01-23T21:00:00+01:00,0.150938
2026-01-23T21:15:00+01:00,0.151973
2026-01-23T21:30:00+01:00,0.152318
2026-01-23T21:45:00+01:00,0.150765
2026-01-23T22:00:00+01:00,0.15249
2026-01-23T22:15:00+01:00,0.152663
2026-01-23T22:30:00+01:00,0.152835
2026-01-23T22:45:00+01:00,0.152231
2026-01-23T23:00:00+01:00,0.151973
2026-01-23T23:15:00+01:00,0.151628
2026-01-23T23:30:00+01:00,0.151714
2026-01-23T23:45:00+01:00,0.151973
2026-01-24T00:00:00+01:00,0.151283
2026-01-24T00:15:00+01:00,0.15111
2026-01-24T00:30:00+01:00,0.150765
2026-01-24T00:45:00+01:00,0.152145
2026-01-24T01:00:00+01:00,0.151455
2026-01-24T01:15:00+01:00,0.151283
2026-01-24T01:30:00+01:00,0.15111
2026-01-24T01:45:00+01:00,0.151455
2026-01-24T02:00:00+01:00,0.152145
2026-01-24T02:15:00+01:00,0.151455
2026-01-24T02:30:00+01:00,0.151628
2026-01-24T02:45:00+01:00,0.150593
2026-01-24T03:00:00+01:00,0.15111
2026-01-24T03:15:00+01:00,0.151455
2026-01-24T03:30:00+01:00,0.151973
2026-01-24T03:45:00+01:00,0.152318
2026-01-24T04:00:00+01:00,0.152145
2026-01-24T04:15:00+01:00,0.151283
2026-01-24T04:30:00+01:00,0.151283
2026-01-24T04:45:00+01:00,0.151973
2026-01-24T05:00:00+01:00,0.151628
2026-01-24T05:15:00+01:00,0.151283
2026-01-24T05:30:00+01:00,0.15249
2026-01-24T05:45:00+01:00,0.150075
2026-01-24T06:00:00+01:00,0.150593
2026-01-24T06:15:00+01:00,0.149903
2026-01-24T06:30:00+01:00,0.150765
2026-01-24T06:45:00+01:00,0.150593
2026-01-24T07:00:00+01:00,0.150938
2026-01-24T07:15:00+01:00,0.150248
2026-01-24T07:30:00+01:00,0.150075
2026-01-24T07:45:00+01:00,0.150938
2026-01-24T08:00:00+01:00,0.149385
2026-01-24T08:15:00+01:00,0.150248
2026-01-24T08:30:00+01:00,0.150593
2026-01-24T08:45:00+01:00,0.149903
2026-01-24T09:00:00+01:00,0.14904
2026-01-24T09:15:00+01:00,0.148178
2026-01-24T09:30:00+01:00,0.14697
2026-01-24T09:45:00+01:00,0.14559
2026-01-24T10:00:00+01:00,0.148178
2026-01-24T10:15:00+01:00,0.146453
2026-01-24T10:30:00+01:00,0.148178
2026-01-24T10:45:00+01:00,0.148178
2026-01-24T11:00:00+01:00,0.147315
2026-01-24T11:15:00+01:00,0.147315
2026-01-24T11:30:00+01:00,0.147315
2026-01-24T11:45:00+01:00,0.147315
2026-01-24T12:00:00+01:00,0.147833
2026-01-24T12:15:00+01:00,0.14628
2026-01-24T12:30:00+01:00,0.147143
2026-01-24T12:45:00+01:00,0.147143
2026-01-24T13:00:00+01:00,0.147315
2026-01-24T13:15:00+01:00,0.148523
2026-01-24T13:30:00+01:00,0.149213
2026-01-24T13:45:00+01:00,0.147488
2026-01-24T14:00:00+01:00,0.145763
2026-01-24T14:15:00+01:00,0.146453
2026-01-24T14:30:00+01:00,0.147143
2026-01-24T14:45:00+01:00,0.14766
2026-01-24T15:00:00+01:00,0.14697
2026-01-24T15:15:00+01:00,0.147488
2026-01-24T15:30:00+01:00,0.147315
2026-01-24T15:45:00+01:00,0.147315
2026-01-24T16:00:00+01:00,0.146453
2026-01-24T16:15:00+01:00,0.14766
2026-01-24T16:30:00+01:00,0.147488
2026-01-24T16:45:00+01:00,0.148178
2026-01-24T17:00:00+01:00,0.149903
2026-01-24T17:15:00+01:00,0.151973
2026-01-24T17:30:00+01:00,0.150075
2026-01-24T17:45:00+01:00,0.148178
2026-01-24T18:00:00+01:00,0.148695
2026-01-24T18:15:00+01:00,0.148868
2026-01-24T18:30:00+01:00,0.14835
2026-01-24T18:45:00+01:00,0.149903
2026-01-24T19:00:00+01:00,0.149558
2026-01-24T19:15:00+01:00,0.148868
2026-01-24T19:30:00+01:00,0.151455
2026-01-24T19:45:00+01:00,0.148695
2026-01-24T20:00:00+01:00,0.14904
2026-01-24T20:15:00+01:00,0.149385
2026-01-24T20:30:00+01:00,0.148178
2026-01-24T20:45:00+01:00,0.14766
2026-01-24T21:00:00+01:00,0.14835
2026-01-24T21:15:00+01:00,0.147488
2026-01-24T21:30:00+01:00,0.147833
2026-01-24T21:45:00+01:00,0.148005
2026-01-24T22:00:00+01:00,0.147746
2026-01-24T22:15:00+01:00,0.148523
2026-01-24T22:30:00+01:00,0.148005
2026-01-24T22:45:00+01:00,0.147488
2026-01-24T23:00:00+01:00,0.14766
2026-01-24T23:15:00+01:00,0.14766
2026-01-24T23:30:00+01:00,0.146798
2026-01-24T23:45:00+01:00,0.145245
2026-01-25T00:00:00+01:00,0.147315
2026-01-25T00:15:00+01:00,0.147315
2026-01-25T00:30:00+01:00,0.148695
2026-01-25T00:45:00+01:00,0.14697
2026-01-25T01:00:00+01:00,0.145763
2026-01-25T01:15:00+01:00,0.146625
2026-01-25T01:30:00+01:00,0.145418
2026-01-25T01:45:00+01:00,0.147143
2026-01-25T02:00:00+01:00,0.147833
2026-01-25T02:15:00+01:00,0.149213
2026-01-25T02:30:00+01:00,0.15042
2026-01-25T02:45:00+01:00,0.149903
2026-01-25T03:00:00+01:00,0.14904
2026-01-25T03:15:00+01:00,0.149903
2026-01-25T03:30:00+01:00,0.15042
2026-01-25T03:45:00+01:00,0.14973
2026-01-25T04:00:00+01:00,0.149903
2026-01-25T04:15:00+01:00,0.150765
2026-01-25T04:30:00+01:00,0.149385
2026-01-25T04:45:00+01:00,0.149903
2026-01-25T05:00:00+01:00,0.14835
2026-01-25T05:15:00+01:00,0.150075
2026-01-25T05:30:00+01:00,0.150075
2026-01-25T05:45:00+01:00,0.149385
2026-01-25T06:00:00+01:00,0.149903
2026-01-25T06:15:00+01:00,0.149903
2026-01-25T06:30:00+01:00,0.150765
2026-01-25T06:45:00+01:00,0.150765
2026-01-25T07:00:00+01:00,0.148523
2026-01-25T07:15:00+01:00,0.150938
2026-01-25T07:30:00+01:00,0.14973
2026-01-25T07:45:00+01:00,0.150248
2026-01-25T08:00:00+01:00,0.15042
2026-01-25T08:15:00+01:00,0.14835
2026-01-25T08:30:00+01:00,0.149903
2026-01-25T08:45:00+01:00,0.149385
2026-01-25T09:00:00+01:00,0.149558
2026-01-25T09:15:00+01:00,0.148868
2026-01-25T09:30:00+01:00,0.148868
2026-01-25T09:45:00+01:00,0.150075
2026-01-25T10:00:00+01:00,0.14835
2026-01-25T10:15:00+01:00,0.148695
2026-01-25T10:30:00+01:00,0.147488
2026-01-25T10:45:00+01:00,0.145935
2026-01-25T11:00:00+01:00,0.146453
2026-01-25T11:15:00+01:00,0.146798
2026-01-25T11:30:00+01:00,0.146453
2026-01-25T11:45:00+01:00,0.14766
2026-01-25T12:00:00+01:00,0.146625
2026-01-25T12:15:00+01:00,0.145935
2026-01-25T12:30:00+01:00,0.148005
2026-01-25T12:45:00+01:00,0.14766
2026-01-25T13:00:00+01:00,0.148868
2026-01-25T13:15:00+01:00,0.150075
2026-01-25T13:30:00+01:00,0.150248
2026-01-25T13:45:00+01:00,0.148523
2026-01-25T14:00:00+01:00,0.14697
2026-01-25T14:15:00+01:00,0.147488
2026-01-25T14:30:00+01:00,0.149558
2026-01-25T14:45:00+01:00,0.148695
2026-01-25T15:00:00+01:00,0.14835
2026-01-25T15:15:00+01:00,0.149213
2026-01-25T15:30:00+01:00,0.147143
2026-01-25T15:45:00+01:00,0.145763
2026-01-25T16:00:00+01:00,0.14559
2026-01-25T16:15:00+01:00,0.146625
2026-01-25T16:30:00+01:00,0.145245
2026-01-25T16:45:00+01:00,0.146108
2026-01-25T17:00:00+01:00,0.147143
2026-01-25T17:15:00+01:00,0.146625
2026-01-25T17:30:00+01:00,0.145763
2026-01-25T17:45:00+01:00,0.145418
2026-01-25T18:00:00+01:00,0.14559
2026-01-25T18:15:00+01:00,0.146108
2026-01-25T18:30:00+01:00,0.145935
2026-01-25T18:45:00+01:00,0.145418
2026-01-25T19:00:00+01:00,0.145763
2026-01-25T19:15:00+01:00,0.14628
2026-01-25T19:30:00+01:00,0.146798
2026-01-25T19:45:00+01:00,0.14628
2026-01-25T20:00:00+01:00,0.146453
2026-01-25T20:15:00+01:00,0.145935
2026-01-25T20:30:00+01:00,0.145418
2026-01-25T20:45:00+01:00,0.145935
2026-01-25T21:00:00+01:00,0.145935
2026-01-25T21:15:00+01:00,0.145935
2026-01-25T21:30:00+01:00,0.146798
2026-01-25T21:45:00+01:00,0.146108
2026-01-25T22:00:00+01:00,0.145418
2026-01-25T22:15:00+01:00,0.147488
2026-01-25T22:30:00+01:00,0.148868
2026-01-25T22:45:00+01:00,0.147315
2026-01-25T23:00:00+01:00,0.147833
2026-01-25T23:15:00+01:00,0.147143
2026-01-25T23:30:00+01:00,0.148005
2026-01-25T23:45:00+01:00,0.148868
2026-01-26T00:00:00+01:00,0.149558
2026-01-26T00:15:00+01:00,0.147833
2026-01-26T00:30:00+01:00,0.147315
2026-01-26T00:45:00+01:00,0.14628
2026-01-26T01:00:00+01:00,0.147315
2026-01-26T01:15:00+01:00,0.14904
2026-01-26T01:30:00+01:00,0.14973
2026-01-26T01:45:00+01:00,0.149903
2026-01-26T02:00:00+01:00,0.149903
2026-01-26T02:15:00+01:00,0.148178
2026-01-26T02:30:00+01:00,0.148178
2026-01-26T02:45:00+01:00,0.149385
2026-01-26T03:00:00+01:00,0.150248
2026-01-26T03:15:00+01:00,0.150075
2026-01-26T03:30:00+01:00,0.150248
2026-01-26T03:45:00+01:00,0.14973
2026-01-26T04:00:00+01:00,0.150248
2026-01-26T04:15:00+01:00,0.149903
2026-01-26T04:30:00+01:00,0.14973
2026-01-26T04:45:00+01:00,0.150248
2026-01-26T05:00:00+01:00,0.149385
2026-01-26T05:15:00+01:00,0.150593
2026-01-26T05:30:00+01:00,0.157148
2026-01-26T05:45:00+01:00,0.151973
2026-01-26T06:00:00+01:00,0.151973
2026-01-26T06:15:00+01:00,0.151455
2026-01-26T06:30:00+01:00,0.1518
2026-01-26T06:45:00+01:00,0.151455
2026-01-26T07:00:00+01:00,0.151283
2026-01-26T07:15:00+01:00,0.150938
2026-01-26T07:30:00+01:00,0.1518
2026-01-26T07:45:00+01:00,0.15111
2026-01-26T08:00:00+01:00,0.15042
2026-01-26T08:15:00+01:00,0.150593
2026-01-26T08:30:00+01:00,0.149558
2026-01-26T08:45:00+01:00,0.151455
2026-01-26T09:00:00+01:00,0.2346
2026-01-26T09:15:00+01:00,0.224595
2026-01-26T09:30:00+01:00,0.174915
2026-01-26T09:45:00+01:00,0.152145
2026-01-26T10:00:00+01:00,0.1518
2026-01-26T10:15:00+01:00,0.151455
2026-01-26T10:30:00+01:00,0.150765
2026-01-26T10:45:00+01:00,0.150765
2026-01-26T11:00:00+01:00,0.1518
2026-01-26T11:15:00+01:00,0.157838
2026-01-26T11:30:00+01:00,0.16491
2026-01-26T11:45:00+01:00,0.210105
2026-01-26T12:00:00+01:00,0.207173
2026-01-26T12:15:00+01:00,0.149213
2026-01-26T12:30:00+01:00,0.150075
2026-01-26T12:45:00+01:00,0.150593
2026-01-26T13:00:00+01:00,0.150765
2026-01-26T13:15:00+01:00,0.15111
2026-01-26T13:30:00+01:00,0.150075
2026-01-26T13:45:00+01:00,0.14973
2026-01-26T14:00:00+01:00,0.179745
2026-01-26T14:15:00+01:00,0.234427
2026-01-26T14:30:00+01:00,0.232875
2026-01-26T14:45:00+01:00,0.228131
2026-01-26T15:00:00+01:00,0.220455
2026-01-26T15:15:00+01:00,0.198893
2026-01-26T15:30:00+01:00,0.214935
2026-01-26T15:45:00+01:00,0.168188
2026-01-26T16:00:00+01:00,0.150075
2026-01-26T16:15:00+01:00,0.1449
2026-01-26T16:30:00+01:00,0.143175
2026-01-26T16:45:00+01:00,0.14559
2026-01-26T17:00:00+01:00,0.14352
2026-01-26T17:15:00+01:00,0.14559
2026-01-26T17:30:00+01:00,0.143865
2026-01-26T17:45:00+01:00,0.144555
2026-01-26T18:00:00+01:00,0.144555
2026-01-26T18:15:00+01:00,0.144382
2026-01-26T18:30:00+01:00,0.148177
2026-01-26T18:45:00+01:00,0.157148
2026-01-26T19:00:00+01:00,0.1518
2026-01-26T19:15:00+01:00,0.151973
2026-01-26T19:30:00+01:00,0.15042
2026-01-26T19:45:00+01:00,0.151283
2026-01-26T20:00:00+01:00,0.152663
2026-01-26T20:15:00+01:00,0.152576
2026-01-26T20:30:00+01:00,0.151283
2026-01-26T20:45:00+01:00,0.151455
2026-01-26T21:00:00+01:00,0.151283
2026-01-26T21:15:00+01:00,0.15249
2026-01-26T21:30:00+01:00,0.151283
2026-01-26T21:45:00+01:00,0.151628
2026-01-26T22:00:00+01:00,0.14973
2026-01-26T22:15:00+01:00,0.150075
2026-01-26T22:30:00+01:00,0.149903
2026-01-26T22:45:00+01:00,0.15111
2026-01-26T23:00:00+01:00,0.15042
2026-01-26T23:15:00+01:00,0.150938
2026-01-26T23:30:00+01:00,0.151283
2026-01-26T23:45:00+01:00,0.151628
2026-01-27T00:00:00+01:00,0.150938
2026-01-27T00:15:00+01:00,0.150248
2026-01-27T00:30:00+01:00,0.152145
2026-01-27T00:45:00+01:00,0.150248
2026-01-27T01:00:00+01:00,0.15249
2026-01-27T01:15:00+01:00,0.150765
2026-01-27T01:30:00+01:00,0.15042
2026-01-27T01:45:00+01:00,0.150248
2026-01-27T02:00:00+01:00,0.149558
2026-01-27T02:15:00+01:00,0.151455
2026-01-27T02:30:00+01:00,0.151628
2026-01-27T02:45:00+01:00,0.151283
2026-01-27T03:00:00+01:00,0.152145
2026-01-27T03:15:00+01:00,0.152145
2026-01-27T03:30:00+01:00,0.1518
2026-01-27T03:45:00+01:00,0.152663
2026-01-27T04:00:00+01:00,0.151283
2026-01-27T04:15:00+01:00,0.15111
2026-01-27T04:30:00+01:00,0.151628
2026-01-27T04:45:00+01:00,0.151973
2026-01-27T05:00:00+01:00,0.150938
2026-01-27T05:15:00+01:00,0.15111
2026-01-27T05:30:00+01:00,0.152145
2026-01-27T05:45:00+01:00,0.15249
2026-01-27T06:00:00+01:00,0.151973
2026-01-27T06:15:00+01:00,0.151455
2026-01-27T06:30:00+01:00,0.151628
2026-01-27T06:45:00+01:00,0.152835
2026-01-27T07:00:00+01:00,0.151973
2026-01-27T07:15:00+01:00,0.150765
2026-01-27T07:30:00+01:00,0.150765
2026-01-27T07:45:00+01:00,0.151628
2026-01-27T08:00:00+01:00,0.150938
2026-01-27T08:15:00+01:00,0.151973
2026-01-27T08:30:00+01:00,0.151283
2026-01-27T08:45:00+01:00,0.150938
2026-01-27T09:00:00+01:00,0.151455
2026-01-27T09:15:00+01:00,0.15042
2026-01-27T09:30:00+01:00,0.151283
2026-01-27T09:45:00+01:00,0.157148
2026-01-27T10:00:00+01:00,0.150593
2026-01-27T10:15:00+01:00,0.150075
2026-01-27T10:30:00+01:00,0.151455
2026-01-27T10:45:00+01:00,0.150765
2026-01-27T11:00:00+01:00,0.15042
2026-01-27T11:15:00+01:00,0.149385
2026-01-27T11:30:00+01:00,0.150765
2026-01-27T11:45:00+01:00,0.14973
2026-01-27T12:00:00+01:00,0.149903
2026-01-27T12:15:00+01:00,0.150075
2026-01-27T12:30:00+01:00,0.150075
2026-01-27T12:45:00+01:00,0.151283
2026-01-27T13:00:00+01:00,0.150765
2026-01-27T13:15:00+01:00,0.151455
2026-01-27T13:30:00+01:00,0.151455
2026-01-27T13:45:00+01:00,0.1449
2026-01-27T14:00:00+01:00,0.145245
2026-01-27T14:15:00+01:00,0.143865
2026-01-27T14:30:00+01:00,0.144727
2026-01-27T14:45:00+01:00,0.14421
2026-01-27T15:00:00+01:00,0.144555
2026-01-27T15:15:00+01:00,0.144727
2026-01-27T15:30:00+01:00,0.1449
2026-01-27T15:45:00+01:00,0.144555
2026-01-27T16:00:00+01:00,0.144555
2026-01-27T16:15:00+01:00,0.145073
2026-01-27T16:30:00+01:00,0.145935
2026-01-27T16:45:00+01:00,0.019665
2026-01-27T17:00:00+01:00,
2026-01-27T17:15:00+01:00,
2026-01-27T17:30:00+01:00,
2026-01-27T17:45:00+01:00,
2026-01-27T18:00:00+01:00,0.143002
2026-01-27T18:15:00+01:00,0.143865
2026-01-27T18:30:00+01:00,0.142657
2026-01-27T18:45:00+01:00,0.145072
2026-01-27T19:00:00+01:00,0.144727
2026-01-27T19:15:00+01:00,0.144037
2026-01-27T19:30:00+01:00,0.14352
2026-01-27T19:45:00+01:00,0.142657
2026-01-27T20:00:00+01:00,0.141967
2026-01-27T20:15:00+01:00,0.144555
2026-01-27T20:30:00+01:00,0.144037
2026-01-27T20:45:00+01:00,0.144037
2026-01-27T21:00:00+01:00,0.145935
2026-01-27T21:15:00+01:00,0.143002
2026-01-27T21:30:00+01:00,0.144728
2026-01-27T21:45:00+01:00,0.1449
2026-01-27T22:00:00+01:00,0.145418
2026-01-27T22:15:00+01:00,0.145245
2026-01-27T22:30:00+01:00,0.145073
2026-01-27T22:45:00+01:00,0.146108
2026-01-27T23:00:00+01:00,0.1449
2026-01-27T23:15:00+01:00,0.144555
2026-01-27T23:30:00+01:00,0.144037
2026-01-27T23:45:00+01:00,0.144986
2026-01-28T00:00:00+01:00,0.14628
2026-01-28T00:15:00+01:00,0.14628
2026-01-28T00:30:00+01:00,0.1449
2026-01-28T00:45:00+01:00,0.1449
2026-01-28T01:00:00+01:00,0.144382
2026-01-28T01:15:00+01:00,0.145072
2026-01-28T01:30:00+01:00,0.144727
2026-01-28T01:45:00+01:00,0.143692
2026-01-28T02:00:00+01:00,0.144555
2026-01-28T02:15:00+01:00,0.143865
2026-01-28T02:30:00+01:00,0.144382
2026-01-28T02:45:00+01:00,0.144383
2026-01-28T03:00:00+01:00,0.14352
2026-01-28T03:15:00+01:00,0.14352
2026-01-28T03:30:00+01:00,0.14352
2026-01-28T03:45:00+01:00,0.14352
2026-01-28T04:00:00+01:00,0.143347
2026-01-28T04:15:00+01:00,0.143175
2026-01-28T04:30:00+01:00,0.14352
2026-01-28T04:45:00+01:00,0.144037
2026-01-28T05:00:00+01:00,0.144382
2026-01-28T05:15:00+01:00,0.144037
2026-01-28T05:30:00+01:00,0.145245
2026-01-28T05:45:00+01:00,0.14421
2026-01-28T06:00:00+01:00,0.145935
2026-01-28T06:15:00+01:00,0.146453
2026-01-28T06:30:00+01:00,0.151455
2026-01-28T06:45:00+01:00,0.160943
2026-01-28T07:00:00+01:00,0.16629
2026-01-28T07:15:00+01:00,0.17871
2026-01-28T07:30:00+01:00,0.150593
2026-01-28T07:45:00+01:00,0.151973
2026-01-28T08:00:00+01:00,0.150765
2026-01-28T08:15:00+01:00,0.15042
2026-01-28T08:30:00+01:00,0.150593
2026-01-28T08:45:00+01:00,0.150593
2026-01-28T09:00:00+01:00,0.147488
2026-01-28T09:15:00+01:00,0.145418
2026-01-28T09:30:00+01:00,0.165255
2026-01-28T09:45:00+01:00,0.158183
2026-01-28T10:00:00+01:00,0.145245
2026-01-28T10:15:00+01:00,0.14559
2026-01-28T10:30:00+01:00,0.145245
2026-01-28T10:45:00+01:00,0.155423
2026-01-28T11:00:00+01:00,0.14421
2026-01-28T11:15:00+01:00,0.144727
2026-01-28T11:30:00+01:00,0.14421
2026-01-28T11:45:00+01:00,0.16146
2026-01-28T12:00:00+01:00,0.15111
2026-01-28T12:15:00+01:00,0.150938
2026-01-28T12:30:00+01:00,0.15111
2026-01-28T12:45:00+01:00,0.151628
2026-01-28T13:00:00+01:00,0.150938
2026-01-28T13:15:00+01:00,0.150938
2026-01-28T13:30:00+01:00,0.15249
2026-01-28T13:45:00+01:00,0.151973
2026-01-28T14:00:00+01:00,0.177158
2026-01-28T14:15:00+01:00,0.232185
2026-01-28T14:30:00+01:00,0.23184
2026-01-28T14:45:00+01:00,0.237533
2026-01-28T15:00:00+01:00,0.244174
2026-01-28T15:15:00+01:00,0.186128
2026-01-28T15:30:00+01:00,0.24288
2026-01-28T15:45:00+01:00,0.228045
2026-01-28T16:00:00+01:00,0.235376
2026-01-28T16:15:00+01:00,0.226493
2026-01-28T16:30:00+01:00,0.241672
2026-01-28T16:45:00+01:00,0.231495
2026-01-28T17:00:00+01:00,0.218989
2026-01-28T17:15:00+01:00,0.23115
2026-01-28T17:30:00+01:00,0.195443
2026-01-28T17:45:00+01:00,0.22218
2026-01-28T18:00:00+01:00,0.236066
2026-01-28T18:15:00+01:00,0.259612
2026-01-28T18:30:00+01:00,0.247365
2026-01-28T18:45:00+01:00,0.220369
2026-01-28T19:00:00+01:00,0.224078
2026-01-28T19:15:00+01:00,0.238395
2026-01-28T19:30:00+01:00,0.239085
2026-01-28T19:45:00+01:00,0.234945
2026-01-28T20:00:00+01:00,0.215625
2026-01-28T20:15:00+01:00,0.20493
2026-01-28T20:30:00+01:00,0.251678
2026-01-28T20:45:00+01:00,0.241155
2026-01-28T21:00:00+01:00,0.190613
2026-01-28T21:15:00+01:00,0.168015
2026-01-28T21:30:00+01:00,0.208725
2026-01-28T21:45:00+01:00,0.161805
2026-01-28T22:00:00+01:00,0.286178
2026-01-28T22:15:00+01:00,0.31188
2026-01-28T22:30:00+01:00,0.314985
2026-01-28T22:45:00+01:00,0.309465
2026-01-28T23:00:00+01:00,0.316192
2026-01-28T23:15:00+01:00,0.313691
2026-01-28T23:30:00+01:00,0.30636
2026-01-28T23:45:00+01:00,0.327577
2026-01-29T00:00:00+01:00,0.334133
2026-01-29T00:15:00+01:00,0.309292
2026-01-29T00:30:00+01:00,0.294803
2026-01-29T00:45:00+01:00,0.289972
2026-01-29T01:00:00+01:00,0.313777
2026-01-29T01:15:00+01:00,0.29877
2026-01-29T01:30:00+01:00,0.283935
2026-01-29T01:45:00+01:00,0.301185
2026-01-29T02:00:00+01:00,0.296872
2026-01-29T02:15:00+01:00,0.31188
2026-01-29T02:30:00+01:00,0.300495
2026-01-29T02:45:00+01:00,0.310155
2026-01-29T03:00:00+01:00,0.309379
2026-01-29T03:15:00+01:00,0.240465
2026-01-29T03:30:00+01:00,0.2139
2026-01-29T03:45:00+01:00,0.272032
2026-01-29T04:00:00+01:00,0.294371
2026-01-29T04:15:00+01:00,0.295665
2026-01-29T04:30:00+01:00,0.28428
2026-01-29T04:45:00+01:00,0.30567
2026-01-29T05:00:00+01:00,0.229252
2026-01-29T05:15:00+01:00,0.303773
2026-01-29T05:30:00+01:00,0.29739
2026-01-29T05:45:00+01:00,0.215452
2026-01-29T06:00:00+01:00,0.274103
2026-01-29T06:15:00+01:00,0.265219
2026-01-29T06:30:00+01:00,0.308603
2026-01-29T06:45:00+01:00,0.313346
2026-01-29T07:00:00+01:00,0.295837
2026-01-29T07:15:00+01:00,0.30153
2026-01-29T07:30:00+01:00,0.281865
2026-01-29T07:45:00+01:00,0.297045
2026-01-29T08:00:00+01:00,0.303772
2026-01-29T08:15:00+01:00,0.307395
2026-01-29T08:30:00+01:00,0.29739
2026-01-29T08:45:00+01:00,0.233737
2026-01-29T09:00:00+01:00,0.318263
2026-01-29T09:15:00+01:00,0.284539
2026-01-29T09:30:00+01:00,0.314985
2026-01-29T09:45:00+01:00,0.31119
2026-01-29T10:00:00+01:00,0.319297
2026-01-29T10:15:00+01:00,0.275483
2026-01-29T10:30:00+01:00,0.214073
2026-01-29T10:45:00+01:00,0.178365
2026-01-29T11:00:00+01:00,0.265736
2026-01-29T11:15:00+01:00,0.32154
2026-01-29T11:30:00+01:00,0.303255
2026-01-29T11:45:00+01:00,0.288506
2026-01-29T12:00:00+01:00,0.292733
2026-01-29T12:15:00+01:00,0.31809
2026-01-29T12:30:00+01:00,0.289714
2026-01-29T12:45:00+01:00,0.242018
2026-01-29T13:00:00+01:00,0.290318
2026-01-29T13:15:00+01:00,0.30567
2026-01-29T13:30:00+01:00,0.256508
2026-01-29T13:45:00+01:00,0.212692
2026-01-29T14:00:00+01:00,0.213382
2026-01-29T14:15:00+01:00,0.183023
2026-01-29T14:30:00+01:00,0.151455
2026-01-29T14:45:00+01:00,0.15042
2026-01-29T15:00:00+01:00,0.153353
2026-01-29T15:15:00+01:00,0.198548
2026-01-29T15:30:00+01:00,0.171465
2026-01-29T15:45:00+01:00,0.206396
2026-01-29T16:00:00+01:00,0.192683
2026-01-29T16:15:00+01:00,0.192855
2026-01-29T16:30:00+01:00,0.159908
2026-01-29T16:45:00+01:00,0.161632
2026-01-29T17:00:00+01:00,0.201308
2026-01-29T17:15:00+01:00,0.194063
2026-01-29T17:30:00+01:00,0.16146
2026-01-29T17:45:00+01:00,0.185265
2026-01-29T18:00:00+01:00,0.150075
2026-01-29T18:15:00+01:00,0.150593
2026-01-29T18:30:00+01:00,0.207862
2026-01-29T18:45:00+01:00,0.18147
2026-01-29T19:00:00+01:00,0.19389
2026-01-29T19:15:00+01:00,0.150075
2026-01-29T19:30:00+01:00,0.150593
2026-01-29T19:45:00+01:00,0.166635
2026-01-29T20:00:00+01:00,0.20217
2026-01-29T20:15:00+01:00,0.176468
2026-01-29T20:30:00+01:00,0.193804
2026-01-29T20:45:00+01:00,0.150765
2026-01-29T21:00:00+01:00,0.15042
2026-01-29T21:15:00+01:00,0.150765
2026-01-29T21:30:00+01:00,0.186473
2026-01-29T21:45:00+01:00,0.213727
2026-01-29T22:00:00+01:00,0.252712
2026-01-29T22:15:00+01:00,0.335081
2026-01-29T22:30:00+01:00,0.305498
2026-01-29T22:45:00+01:00,0.330338
2026-01-29T23:00:00+01:00,0.295924
2026-01-29T23:15:00+01:00,0.30981
2026-01-29T23:30:00+01:00,0.301012
2026-01-29T23:45:00+01:00,0.29739
2026-01-30T00:00:00+01:00,0.29187
2026-01-30T00:15:00+01:00,0.29118
2026-01-30T00:30:00+01:00,0.289973
2026-01-30T00:45:00+01:00,0.309465
2026-01-30T01:00:00+01:00,0.29532
2026-01-30T01:15:00+01:00,0.288937
2026-01-30T01:30:00+01:00,0.281692
2026-01-30T01:45:00+01:00,0.280312
2026-01-30T02:00:00+01:00,0.30429
2026-01-30T02:15:00+01:00,0.297821
2026-01-30T02:30:00+01:00,0.290663
2026-01-30T02:45:00+01:00,0.306188
2026-01-30T03:00:00+01:00,0.295147
2026-01-30T03:15:00+01:00,0.324817
2026-01-30T03:30:00+01:00,0.226147
2026-01-30T03:45:00+01:00,0.226837
2026-01-30T04:00:00+01:00,0.306705
2026-01-30T04:15:00+01:00,0.308775
2026-01-30T04:30:00+01:00,0.307395
2026-01-30T04:45:00+01:00,0.304204
2026-01-30T05:00:00+01:00,0.318262
2026-01-30T05:15:00+01:00,0.301875
2026-01-30T05:30:00+01:00,0.24702
2026-01-30T05:45:00+01:00,0.221145
2026-01-30T06:00:00+01:00,0.159735
2026-01-30T06:15:00+01:00,0.149903
2026-01-30T06:30:00+01:00,0.15111
2026-01-30T06:45:00+01:00,0.150593
2026-01-30T07:00:00+01:00,0.150765
2026-01-30T07:15:00+01:00,0.149213
2026-01-30T07:30:00+01:00,0.149385
2026-01-30T07:45:00+01:00,0.149903
2026-01-30T08:00:00+01:00,0.149385
2026-01-30T08:15:00+01:00,0.150765
2026-01-30T08:30:00+01:00,0.151283
2026-01-30T08:45:00+01:00,0.202688
2026-01-30T09:00:00+01:00,0.24357
2026-01-30T09:15:00+01:00,0.25806
2026-01-30T09:30:00+01:00,0.23184
2026-01-30T09:45:00+01:00,0.24288
2026-01-30T10:00:00+01:00,0.191475
2026-01-30T10:15:00+01:00,0.155423
2026-01-30T10:30:00+01:00,0.14145
2026-01-30T10:45:00+01:00,0.151024
2026-01-30T11:00:00+01:00,0.193545
2026-01-30T11:15:00+01:00,0.243139
2026-01-30T11:30:00+01:00,0.273413
2026-01-30T11:45:00+01:00,0.24495
2026-01-30T12:00:00+01:00,0.214245
2026-01-30T12:15:00+01:00,0.182419
2026-01-30T12:30:00+01:00,0.16215
2026-01-30T12:45:00+01:00,0.250125
2026-01-30T13:00:00+01:00,0.249435
2026-01-30T13:15:00+01:00,0.24219
2026-01-30T13:30:00+01:00,0.256335
2026-01-30T13:45:00+01:00,0.149213
2026-01-30T14:00:00+01:00,0.22356
2026-01-30T14:15:00+01:00,0.226665
2026-01-30T14:30:00+01:00,0.227355
2026-01-30T14:45:00+01:00,0.229425
2026-01-30T15:00:00+01:00,0.220455
2026-01-30T15:15:00+01:00,0.214849
2026-01-30T15:30:00+01:00,0.19734
2026-01-30T15:45:00+01:00,0.228563
2026-01-30T16:00:00+01:00,0.227872
2026-01-30T16:15:00+01:00,0.235894
2026-01-30T16:30:00+01:00,0.230115
2026-01-30T16:45:00+01:00,0.217695
2026-01-30T17:00:00+01:00,0.22011
2026-01-30T17:15:00+01:00,0.19251
2026-01-30T17:30:00+01:00,0.243225
2026-01-30T17:45:00+01:00,0.25323
2026-01-30T18:00:00+01:00,0.231322
2026-01-30T18:15:00+01:00,0.213555
2026-01-30T18:30:00+01:00,0.237015
2026-01-30T18:45:00+01:00,0.21597
2026-01-30T19:00:00+01:00,0.233048
2026-01-30T19:15:00+01:00,0.217695
2026-01-30T19:30:00+01:00,0.170603
2026-01-30T19:45:00+01:00,0.165428
2026-01-30T20:00:00+01:00,0.229943
2026-01-30T20:15:00+01:00,0.235894
2026-01-30T20:30:00+01:00,0.234772
2026-01-30T20:45:00+01:00,0.24288
2026-01-30T21:00:00+01:00,0.245209
2026-01-30T21:15:00+01:00,0.211485
2026-01-30T21:30:00+01:00,0.160943
2026-01-30T21:45:00+01:00,0.15249
2026-01-30T22:00:00+01:00,0.15111
2026-01-30T22:15:00+01:00,0.149903
2026-01-30T22:30:00+01:00,0.151628
2026-01-30T22:45:00+01:00,0.153353
2026-01-30T23:00:00+01:00,0.15249
2026-01-30T23:15:00+01:00,0.152663
2026-01-30T23:30:00+01:00,0.151973
2026-01-30T23:45:00+01:00,0.152318
2026-01-31T00:00:00+01:00,0.152145
2026-01-31T00:15:00+01:00,0.153525
2026-01-31T00:30:00+01:00,0.153353
2026-01-31T00:45:00+01:00,0.154043
2026-01-31T01:00:00+01:00,0.15249
2026-01-31T01:15:00+01:00,0.153008
2026-01-31T01:30:00+01:00,0.15387
2026-01-31T01:45:00+01:00,0.154043
2026-01-31T02:00:00+01:00,0.152318
2026-01-31T02:15:00+01:00,0.152835
2026-01-31T02:30:00+01:00,0.152145
2026-01-31T02:45:00+01:00,0.152663
2026-01-31T03:00:00+01:00,0.150248
2026-01-31T03:15:00+01:00,0.152663
2026-01-31T03:30:00+01:00,0.151973
2026-01-31T03:45:00+01:00,0.15111
2026-01-31T04:00:00+01:00,0.150765
2026-01-31T04:15:00+01:00,0.15111
2026-01-31T04:30:00+01:00,0.15111
2026-01-31T04:45:00+01:00,0.150075
2026-01-31T05:00:00+01:00,0.150765
2026-01-31T05:15:00+01:00,0.150765
2026-01-31T05:30:00+01:00,0.150075
2026-01-31T05:45:00+01:00,0.149903
2026-01-31T06:00:00+01:00,0.153353
2026-01-31T06:15:00+01:00,0.153008
2026-01-31T06:30:00+01:00,0.152835
2026-01-31T06:45:00+01:00,0.152663
2026-01-31T07:00:00+01:00,0.152663
2026-01-31T07:15:00+01:00,0.152663
2026-01-31T07:30:00+01:00,0.151973
2026-01-31T07:45:00+01:00,0.15318
2026-01-31T08:00:00+01:00,0.154043
2026-01-31T08:15:00+01:00,0.152835
2026-01-31T08:30:00+01:00,0.153525
2026-01-31T08:45:00+01:00,0.15249
2026-01-31T09:00:00+01:00,0.152835
2026-01-31T09:15:00+01:00,0.153008
2026-01-31T09:30:00+01:00,0.1518
2026-01-31T09:45:00+01:00,0.153525
2026-01-31T10:00:00+01:00,0.15249
2026-01-31T10:15:00+01:00,0.15249
2026-01-31T10:30:00+01:00,0.153008
2026-01-31T10:45:00+01:00,0.152318
2026-01-31T11:00:00+01:00,0.153008
2026-01-31T11:15:00+01:00,0.15318
2026-01-31T11:30:00+01:00,0.153008
2026-01-31T11:45:00+01:00,0.153698
2026-01-31T12:00:00+01:00,0.15318
2026-01-31T12:15:00+01:00,0.152835
2026-01-31T12:30:00+01:00,0.152663
2026-01-31T12:45:00+01:00,0.152835
2026-01-31T13:00:00+01:00,0.151973
2026-01-31T13:15:00+01:00,0.152145
2026-01-31T13:30:00+01:00,0.151628
2026-01-31T13:45:00+01:00,0.153353
2026-01-31T14:00:00+01:00,0.152318
2026-01-31T14:15:00+01:00,0.152318
2026-01-31T14:30:00+01:00,0.1518
2026-01-31T14:45:00+01:00,0.152318
2026-01-31T15:00:00+01:00,0.153008
2026-01-31T15:15:00+01:00,0.152318
2026-01-31T15:30:00+01:00,0.151973
2026-01-31T15:45:00+01:00,0.152835
2026-01-31T16:00:00+01:00,0.152318
2026-01-31T16:15:00+01:00,0.153353
2026-01-31T16:30:00+01:00,0.152145
2026-01-31T16:45:00+01:00,0.152318
2026-01-31T17:00:00+01:00,0.152318
2026-01-31T17:15:00+01:00,0.152318
2026-01-31T17:30:00+01:00,0.15249
2026-01-31T17:45:00+01:00,0.153353
2026-01-31T18:00:00+01:00,0.152318
2026-01-31T18:15:00+01:00,0.152835
2026-01-31T18:30:00+01:00,0.15387
2026-01-31T18:45:00+01:00,0.153353
2026-01-31T19:00:00+01:00,0.153008
2026-01-31T19:15:00+01:00,0.153008
2026-01-31T19:30:00+01:00,0.153353
2026-01-31T19:45:00+01:00,0.15318
2026-01-31T20:00:00+01:00,0.153008
2026-01-31T20:15:00+01:00,0.152663
2026-01-31T20:30:00+01:00,0.15387
2026-01-31T20:45:00+01:00,0.152663
2026-01-31T21:00:00+01:00,0.152835
2026-01-31T21:15:00+01:00,0.152145
2026-01-31T21:30:00+01:00,0.152835
2026-01-31T21:45:00+01:00,0.152663
2026-01-31T22:00:00+01:00,0.153008
2026-01-31T22:15:00+01:00,0.152835
2026-01-31T22:30:00+01:00,0.153008
2026-01-31T22:45:00+01:00,0.152145
2026-01-31T23:00:00+01:00,0.152835
2026-01-31T23:15:00+01:00,0.152663
2026-01-31T23:30:00+01:00,0.152318
2026-01-31T23:45:00+01:00,0.153008
2026-02-01T00:00:00+01:00,0.15318
2026-02-01T00:15:00+01:00,0.15249
2026-02-01T00:30:00+01:00,0.152835
2026-02-01T00:45:00+01:00,0.152835
2026-02-01T01:00:00+01:00,0.15249
2026-02-01T01:15:00+01:00,0.15318
2026-02-01T01:30:00+01:00,0.152145
2026-02-01T01:45:00+01:00,0.1518
2026-02-01T02:00:00+01:00,0.150593
2026-02-01T02:15:00+01:00,0.151283
2026-02-01T02:30:00+01:00,0.151283
2026-02-01T02:45:00+01:00,0.150248
2026-02-01T03:00:00+01:00,0.150765
2026-02-01T03:15:00+01:00,0.151628
2026-02-01T03:30:00+01:00,0.152835
2026-02-01T03:45:00+01:00,0.1518
2026-02-01T04:00:00+01:00,0.152318
2026-02-01T04:15:00+01:00,0.153353
2026-02-01T04:30:00+01:00,0.15318
2026-02-01T04:45:00+01:00,0.153353
2026-02-01T05:00:00+01:00,0.153525
2026-02-01T05:15:00+01:00,0.152663
2026-02-01T05:30:00+01:00,0.152663
2026-02-01T05:45:00+01:00,0.153008
2026-02-01T06:00:00+01:00,0.152663
2026-02-01T06:15:00+01:00,0.15249
2026-02-01T06:30:00+01:00,0.15318
2026-02-01T06:45:00+01:00,0.153353
2026-02-01T07:00:00+01:00,0.153353
2026-02-01T07:15:00+01:00,0.15249
2026-02-01T07:30:00+01:00,0.153353
2026-02-01T07:45:00+01:00,0.15318
2026-02-01T08:00:00+01:00,0.15318
2026-02-01T08:15:00+01:00,0.153353
2026-02-01T08:30:00+01:00,0.15318
2026-02-01T08:45:00+01:00,0.152318
2026-02-01T09:00:00+01:00,0.153525
2026-02-01T09:15:00+01:00,0.153525
2026-02-01T09:30:00+01:00,0.152318
2026-02-01T09:45:00+01:00,0.152663
2026-02-01T10:00:00+01:00,0.15318
2026-02-01T10:15:00+01:00,0.152835
2026-02-01T10:30:00+01:00,0.153353
2026-02-01T10:45:00+01:00,0.154043
2026-02-01T11:00:00+01:00,0.152835
2026-02-01T11:15:00+01:00,0.154043
2026-02-01T11:30:00+01:00,0.153353
2026-02-01T11:45:00+01:00,0.153008
2026-02-01T12:00:00+01:00,0.153698
2026-02-01T12:15:00+01:00,0.152663
2026-02-01T12:30:00+01:00,0.153353
2026-02-01T12:45:00+01:00,0.152318
2026-02-01T13:00:00+01:00,0.153698
2026-02-01T13:15:00+01:00,0.153525
2026-02-01T13:30:00+01:00,0.15249
2026-02-01T13:45:00+01:00,0.15318
2026-02-01T14:00:00+01:00,0.151628
2026-02-01T14:15:00+01:00,0.152663
2026-02-01T14:30:00+01:00,0.151283
2026-02-01T14:45:00+01:00,0.153353
2026-02-01T15:00:00+01:00,0.15249
2026-02-01T15:15:00+01:00,0.15387
2026-02-01T15:30:00+01:00,0.152835
2026-02-01T15:45:00+01:00,0.153525
2026-02-01T16:00:00+01:00,0.153525
2026-02-01T16:15:00+01:00,0.153353
2026-02-01T16:30:00+01:00,0.15387
2026-02-01T16:45:00+01:00,0.15249
2026-02-01T17:00:00+01:00,0.152663
2026-02-01T17:15:00+01:00,0.153008
2026-02-01T17:30:00+01:00,0.152835
2026-02-01T17:45:00+01:00,0.152318
2026-02-01T18:00:00+01:00,0.152318
2026-02-01T18:15:00+01:00,0.152835
2026-02-01T18:30:00+01:00,0.153008
2026-02-01T18:45:00+01:00,0.152663
2026-02-01T19:00:00+01:00,0.151628
2026-02-01T19:15:00+01:00,0.151973
2026-02-01T19:30:00+01:00,0.152318
2026-02-01T19:45:00+01:00,0.151973
2026-02-01T20:00:00+01:00,0.153698
2026-02-01T20:15:00+01:00,0.151973
2026-02-01T20:30:00+01:00,0.151628
2026-02-01T20:45:00+01:00,0.1518
2026-02-01T21:00:00+01:00,0.153353
2026-02-01T21:15:00+01:00,0.15249
2026-02-01T21:30:00+01:00,0.153353
2026-02-01T21:45:00+01:00,0.151973
2026-02-01T22:00:00+01:00,0.196305
2026-02-01T22:15:00+01:00,0.245726
2026-02-01T22:30:00+01:00,0.241673
2026-02-01T22:45:00+01:00,0.242708
2026-02-01T23:00:00+01:00,0.258405
2026-02-01T23:15:00+01:00,0.201825
2026-02-01T23:30:00+01:00,0.241759
2026-02-01T23:45:00+01:00,0.25116
2026-02-02T00:00:00+01:00,0.23874
2026-02-02T00:15:00+01:00,0.235031
2026-02-02T00:30:00+01:00,0.174743
2026-02-02T00:45:00+01:00,0.155077
2026-02-02T01:00:00+01:00,0.1725
2026-02-02T01:15:00+01:00,0.189577
2026-02-02T01:30:00+01:00,0.165773
2026-02-02T01:45:00+01:00,0.232185
2026-02-02T02:00:00+01:00,0.25323
2026-02-02T02:15:00+01:00,0.25737
2026-02-02T02:30:00+01:00,0.23805
2026-02-02T02:45:00+01:00,0.248055
2026-02-02T03:00:00+01:00,0.19596
2026-02-02T03:15:00+01:00,0.153525
2026-02-02T03:30:00+01:00,0.15042
2026-02-02T03:45:00+01:00,0.151455
2026-02-02T04:00:00+01:00,0.151973
2026-02-02T04:15:00+01:00,0.1518
2026-02-02T04:30:00+01:00,0.152318
2026-02-02T04:45:00+01:00,0.152145
2026-02-02T05:00:00+01:00,0.151628
2026-02-02T05:15:00+01:00,0.15111
2026-02-02T05:30:00+01:00,0.15111
2026-02-02T05:45:00+01:00,0.151628
2026-02-02T06:00:00+01:00,0.151628
2026-02-02T06:15:00+01:00,0.15249
2026-02-02T06:30:00+01:00,0.150938
2026-02-02T06:45:00+01:00,0.150938
2026-02-02T07:00:00+01:00,0.150593
2026-02-02T07:15:00+01:00,0.150593
2026-02-02T07:30:00+01:00,0.150593
2026-02-02T07:45:00+01:00,0.15111
2026-02-02T08:00:00+01:00,0.150593
2026-02-02T08:15:00+01:00,0.149903
2026-02-02T08:30:00+01:00,0.150765
2026-02-02T08:45:00+01:00,0.151455
2026-02-02T09:00:00+01:00,0.150248
2026-02-02T09:15:00+01:00,0.15042
2026-02-02T09:30:00+01:00,0.150938
2026-02-02T09:45:00+01:00,0.149903
2026-02-02T10:00:00+01:00,0.151455
2026-02-02T10:15:00+01:00,0.150938
2026-02-02T10:30:00+01:00,0.151455
2026-02-02T10:45:00+01:00,0.149903
2026-02-02T11:00:00+01:00,0.150593
2026-02-02T11:15:00+01:00,0.150938
2026-02-02T11:30:00+01:00,0.150765
2026-02-02T11:45:00+01:00,0.150938
2026-02-02T12:00:00+01:00,0.152145
2026-02-02T12:15:00+01:00,0.15042
2026-02-02T12:30:00+01:00,0.149903
2026-02-02T12:45:00+01:00,0.15111
2026-02-02T13:00:00+01:00,0.150938
2026-02-02T13:15:00+01:00,0.150075
2026-02-02T13:30:00+01:00,0.151455
2026-02-02T13:45:00+01:00,0.151196
2026-02-02T14:00:00+01:00,0.150248
2026-02-02T14:15:00+01:00,0.149558
2026-02-02T14:30:00+01:00,0.150938
2026-02-02T14:45:00+01:00,0.150938
2026-02-02T15:00:00+01:00,0.150765
2026-02-02T15:15:00+01:00,0.150938
2026-02-02T15:30:00+01:00,0.152145
2026-02-02T15:45:00+01:00,0.152145
2026-02-02T16:00:00+01:00,0.150075
2026-02-02T16:15:00+01:00,0.1518
2026-02-02T16:30:00+01:00,0.1518
2026-02-02T16:45:00+01:00,0.151628
2026-02-02T17:00:00+01:00,0.149903
2026-02-02T17:15:00+01:00,0.150593
2026-02-02T17:30:00+01:00,0.150248
2026-02-02T17:45:00+01:00,0.150765
2026-02-02T18:00:00+01:00,0.150765
2026-02-02T18:15:00+01:00,0.152145
2026-02-02T18:30:00+01:00,0.150938
2026-02-02T18:45:00+01:00,0.151628
2026-02-02T19:00:00+01:00,0.15042
2026-02-02T19:15:00+01:00,0.151283
2026-02-02T19:30:00+01:00,0.151455
2026-02-02T19:45:00+01:00,0.150765
2026-02-02T20:00:00+01:00,0.151455
2026-02-02T20:15:00+01:00,0.151283
2026-02-02T20:30:00+01:00,0.151283
2026-02-02T20:45:00+01:00,0.150765
2026-02-02T21:00:00+01:00,0.151973
2026-02-02T21:15:00+01:00,0.152145
2026-02-02T21:30:00+01:00,0.151455
2026-02-02T21:45:00+01:00,0.151455
2026-02-02T22:00:00+01:00,0.149903
2026-02-02T22:15:00+01:00,0.151973
2026-02-02T22:30:00+01:00,0.150765
2026-02-02T22:45:00+01:00,0.15042
2026-02-02T23:00:00+01:00,0.151455
2026-02-02T23:15:00+01:00,0.15042
2026-02-02T23:30:00+01:00,0.15111
2026-02-02T23:45:00+01:00,0.1518
2026-02-03T00:00:00+01:00,0.15042
2026-02-03T00:15:00+01:00,0.150593
2026-02-03T00:30:00+01:00,0.150765
2026-02-03T00:45:00+01:00,0.151455
2026-02-03T01:00:00+01:00,0.150938
2026-02-03T01:15:00+01:00,0.151283
2026-02-03T01:30:00+01:00,0.150765
2026-02-03T01:45:00+01:00,0.151455
2026-02-03T02:00:00+01:00,0.15249
2026-02-03T02:15:00+01:00,0.15111
2026-02-03T02:30:00+01:00,0.150248
2026-02-03T02:45:00+01:00,0.1518
2026-02-03T03:00:00+01:00,0.152663
2026-02-03T03:15:00+01:00,0.1518
2026-02-03T03:30:00+01:00,0.150765
2026-02-03T03:45:00+01:00,0.150593
2026-02-03T04:00:00+01:00,0.150593
2026-02-03T04:15:00+01:00,0.15111
2026-02-03T04:30:00+01:00,0.151283
2026-02-03T04:45:00+01:00,0.15042
2026-02-03T05:00:00+01:00,0.150075
2026-02-03T05:15:00+01:00,0.151628
2026-02-03T05:30:00+01:00,0.150765
2026-02-03T05:45:00+01:00,0.151628
2026-02-03T06:00:00+01:00,0.151369
2026-02-03T06:15:00+01:00,0.151283
2026-02-03T06:30:00+01:00,0.15249
2026-02-03T06:45:00+01:00,0.20355
2026-02-03T07:00:00+01:00,0.184058
2026-02-03T07:15:00+01:00,0.23874
2026-02-03T07:30:00+01:00,0.223215
2026-02-03T07:45:00+01:00,0.20631
2026-02-03T08:00:00+01:00,0.228735
2026-02-03T08:15:00+01:00,0.231322
2026-02-03T08:30:00+01:00,0.209933
2026-02-03T08:45:00+01:00,0.225975
2026-02-03T09:00:00+01:00,0.224078
2026-02-03T09:15:00+01:00,0.209415
2026-02-03T09:30:00+01:00,0.194063
2026-02-03T09:45:00+01:00,0.215453
2026-02-03T10:00:00+01:00,0.216833
2026-02-03T10:15:00+01:00,0.232358
2026-02-03T10:30:00+01:00,0.239775
2026-02-03T10:45:00+01:00,0.217091
2026-02-03T11:00:00+01:00,0.224768
2026-02-03T11:15:00+01:00,0.226838
2026-02-03T11:30:00+01:00,0.235808
2026-02-03T11:45:00+01:00,0.228994
2026-02-03T12:00:00+01:00,0.225457
2026-02-03T12:15:00+01:00,0.220283
2026-02-03T12:30:00+01:00,0.239258
2026-02-03T12:45:00+01:00,0.249866
2026-02-03T13:00:00+01:00,0.220973
2026-02-03T13:15:00+01:00,0.241155
2026-02-03T13:30:00+01:00,0.18906
2026-02-03T13:45:00+01:00,0.150506
2026-02-03T14:00:00+01:00,0.15042
2026-02-03T14:15:00+01:00,0.15042
2026-02-03T14:30:00+01:00,0.15042
2026-02-03T14:45:00+01:00,0.15042
2026-02-03T15:00:00+01:00,0.15111
2026-02-03T15:15:00+01:00,0.15111
2026-02-03T15:30:00+01:00,0.15111
2026-02-03T15:45:00+01:00,0.150765
2026-02-03T16:00:00+01:00,0.150938
2026-02-03T16:15:00+01:00,0.15111
2026-02-03T16:30:00+01:00,0.151455
2026-02-03T16:45:00+01:00,0.15111
2026-02-03T17:00:00+01:00,0.151455
2026-02-03T17:15:00+01:00,0.151196
2026-02-03T17:30:00+01:00,0.14973
2026-02-03T17:45:00+01:00,0.149903
2026-02-03T18:00:00+01:00,0.15111
2026-02-03T18:15:00+01:00,0.15042
2026-02-03T18:30:00+01:00,0.151973
2026-02-03T18:45:00+01:00,0.14973
2026-02-03T19:00:00+01:00,0.150765
2026-02-03T19:15:00+01:00,0.150248
2026-02-03T19:30:00+01:00,0.151973
2026-02-03T19:45:00+01:00,0.150248
2026-02-03T20:00:00+01:00,0.151541
2026-02-03T20:15:00+01:00,0.151283
2026-02-03T20:30:00+01:00,0.151283
2026-02-03T20:45:00+01:00,0.1518
2026-02-03T21:00:00+01:00,0.15111
2026-02-03T21:15:00+01:00,0.151455
2026-02-03T21:30:00+01:00,0.151283
2026-02-03T21:45:00+01:00,0.15111
2026-02-03T22:00:00+01:00,0.15042
2026-02-03T22:15:00+01:00,0.150679
2026-02-03T22:30:00+01:00,0.15042
2026-02-03T22:45:00+01:00,0.152145
2026-02-03T23:00:00+01:00,0.151455
2026-02-03T23:15:00+01:00,0.151283
2026-02-03T23:30:00+01:00,0.15111
2026-02-03T23:45:00+01:00,0.149903
2026-02-04T00:00:00+01:00,0.151283
2026-02-04T00:15:00+01:00,0.15042
2026-02-04T00:30:00+01:00,0.150938
2026-02-04T00:45:00+01:00,0.15111
2026-02-04T01:00:00+01:00,0.150248
2026-02-04T01:15:00+01:00,0.150938
2026-02-04T01:30:00+01:00,0.151283
2026-02-04T01:45:00+01:00,0.152318
2026-02-04T02:00:00+01:00,0.15111
2026-02-04T02:15:00+01:00,0.153698
2026-02-04T02:30:00+01:00,0.152145
2026-02-04T02:45:00+01:00,0.151455
2026-02-04T03:00:00+01:00,0.152663
2026-02-04T03:15:00+01:00,0.151628
2026-02-04T03:30:00+01:00,0.151628
2026-02-04T03:45:00+01:00,0.152145
2026-02-04T04:00:00+01:00,0.150938
2026-02-04T04:15:00+01:00,0.1518
2026-02-04T04:30:00+01:00,0.150938
2026-02-04T04:45:00+01:00,0.150938
2026-02-04T05:00:00+01:00,0.15111
2026-02-04T05:15:00+01:00,0.151973
2026-02-04T05:30:00+01:00,0.15042
2026-02-04T05:45:00+01:00,0.151973
2026-02-04T06:00:00+01:00,0.228563
2026-02-04T06:15:00+01:00,0.22632
2026-02-04T06:30:00+01:00,0.234169
2026-02-04T06:45:00+01:00,0.221145
2026-02-04T07:00:00+01:00,0.176123
2026-02-04T07:15:00+01:00,0.219765
2026-02-04T07:30:00+01:00,0.205275
2026-02-04T07:45:00+01:00,0.24357
2026-02-04T08:00:00+01:00,0.236153
2026-02-04T08:15:00+01:00,0.21735
2026-02-04T08:30:00+01:00,0.232185
2026-02-04T08:45:00+01:00,0.242276
2026-02-04T09:00:00+01:00,0.222698
2026-02-04T09:15:00+01:00,0.22218
2026-02-04T09:30:00+01:00,0.219248
2026-02-04T09:45:00+01:00,0.228563
2026-02-04T10:00:00+01:00,0.244088
2026-02-04T10:15:00+01:00,0.236325
2026-02-04T10:30:00+01:00,0.230201
2026-02-04T10:45:00+01:00,0.229425
2026-02-04T11:00:00+01:00,0.234773
2026-02-04T11:15:00+01:00,0.217609
2026-02-04T11:30:00+01:00,0.184748
2026-02-04T11:45:00+01:00,0.236498
2026-02-04T12:00:00+01:00,0.23598
2026-02-04T12:15:00+01:00,0.243052
2026-02-04T12:30:00+01:00,0.235463
2026-02-04T12:45:00+01:00,0.237532
2026-02-04T13:00:00+01:00,0.229856
2026-02-04T13:15:00+01:00,0.228908
2026-02-04T13:30:00+01:00,0.171638
2026-02-04T13:45:00+01:00,0.171638
2026-02-04T14:00:00+01:00,0.297217
2026-02-04T14:15:00+01:00,0.279536
2026-02-04T14:30:00+01:00,0.29049
2026-02-04T14:45:00+01:00,0.266512
2026-02-04T15:00:00+01:00,0.277207
2026-02-04T15:15:00+01:00,0.307395
2026-02-04T15:30:00+01:00,0.304118
2026-02-04T15:45:00+01:00,0.30705
2026-02-04T16:00:00+01:00,0.288075
2026-02-04T16:15:00+01:00,0.301616
2026-02-04T16:30:00+01:00,0.30153
2026-02-04T16:45:00+01:00,0.29187
2026-02-04T17:00:00+01:00,0.298856
2026-02-04T17:15:00+01:00,0.316883
2026-02-04T17:30:00+01:00,0.287212
2026-02-04T17:45:00+01:00,0.311449
2026-02-04T18:00:00+01:00,0.307567
2026-02-04T18:15:00+01:00,0.295406
2026-02-04T18:30:00+01:00,0.316365
2026-02-04T18:45:00+01:00,0.296873
2026-02-04T19:00:00+01:00,0.309034
2026-02-04T19:15:00+01:00,0.301875
2026-02-04T19:30:00+01:00,0.229425
2026-02-04T19:45:00+01:00,0.259871
2026-02-04T20:00:00+01:00,0.21942
2026-02-04T20:15:00+01:00,0.335857
2026-02-04T20:30:00+01:00,0.297045
2026-02-04T20:45:00+01:00,0.299805
2026-02-04T21:00:00+01:00,0.303427
2026-02-04T21:15:00+01:00,0.292042
2026-02-04T21:30:00+01:00,0.229252
2026-02-04T21:45:00+01:00,0.21321
2026-02-04T22:00:00+01:00,0.150765
2026-02-04T22:15:00+01:00,0.150938
2026-02-04T22:30:00+01:00,0.151455
2026-02-04T22:45:00+01:00,0.150938
2026-02-04T23:00:00+01:00,0.151628
2026-02-04T23:15:00+01:00,0.151455
2026-02-04T23:30:00+01:00,0.151455
2026-02-04T23:45:00+01:00,0.150075
2026-02-05T00:00:00+01:00,0.150593
2026-02-05T00:15:00+01:00,0.150593
2026-02-05T00:30:00+01:00,0.150938
2026-02-05T00:45:00+01:00,0.151455
2026-02-05T01:00:00+01:00,0.151283
2026-02-05T01:15:00+01:00,0.150765
2026-02-05T01:30:00+01:00,0.151455
2026-02-05T01:45:00+01:00,0.150248
2026-02-05T02:00:00+01:00,0.151283
2026-02-05T02:15:00+01:00,0.150938
2026-02-05T02:30:00+01:00,0.14973
2026-02-05T02:45:00+01:00,0.150938
2026-02-05T03:00:00+01:00,0.15111
2026-02-05T03:15:00+01:00,0.150765
2026-02-05T03:30:00+01:00,0.151973
2026-02-05T03:45:00+01:00,0.172328
2026-02-05T04:00:00+01:00,0.236152
2026-02-05T04:15:00+01:00,0.239258
2026-02-05T04:30:00+01:00,0.226665
2026-02-05T04:45:00+01:00,0.219592
2026-02-05T05:00:00+01:00,0.217005
2026-02-05T05:15:00+01:00,0.210709
2026-02-05T05:30:00+01:00,0.161978
2026-02-05T05:45:00+01:00,0.151628
2026-02-05T06:00:00+01:00,0.185955
2026-02-05T06:15:00+01:00,0.25185
2026-02-05T06:30:00+01:00,0.250988
2026-02-05T06:45:00+01:00,0.189319
2026-02-05T07:00:00+01:00,0.22701
2026-02-05T07:15:00+01:00,0.23115
2026-02-05T07:30:00+01:00,0.221835
2026-02-05T07:45:00+01:00,0.22839
2026-02-05T08:00:00+01:00,0.236497
2026-02-05T08:15:00+01:00,0.222525
2026-02-05T08:30:00+01:00,0.20079
2026-02-05T08:45:00+01:00,0.241586
2026-02-05T09:00:00+01:00,0.244605
2026-02-05T09:15:00+01:00,0.23391
2026-02-05T09:30:00+01:00,0.219851
2026-02-05T09:45:00+01:00,0.215453
2026-02-05T10:00:00+01:00,0.242018
2026-02-05T10:15:00+01:00,0.22149
2026-02-05T10:30:00+01:00,0.221663
2026-02-05T10:45:00+01:00,0.231495
2026-02-05T11:00:00+01:00,0.212865
2026-02-05T11:15:00+01:00,0.230633
2026-02-05T11:30:00+01:00,0.21183
2026-02-05T11:45:00+01:00,0.23667
2026-02-05T12:00:00+01:00,0.21873
2026-02-05T12:15:00+01:00,0.160425
2026-02-05T12:30:00+01:00,0.210364
2026-02-05T12:45:00+01:00,0.228563
2026-02-05T13:00:00+01:00,0.232358
2026-02-05T13:15:00+01:00,0.25116
2026-02-05T13:30:00+01:00,0.226751
2026-02-05T13:45:00+01:00,0.149903
2026-02-05T14:00:00+01:00,0.150765
2026-02-05T14:15:00+01:00,0.21528
2026-02-05T14:30:00+01:00,0.287903
2026-02-05T14:45:00+01:00,0.2898
2026-02-05T15:00:00+01:00,0.318435
2026-02-05T15:15:00+01:00,0.292387
2026-02-05T15:30:00+01:00,0.292905
2026-02-05T15:45:00+01:00,0.291525
2026-02-05T16:00:00+01:00,0.303945
2026-02-05T16:15:00+01:00,0.283935
2026-02-05T16:30:00+01:00,0.282037
2026-02-05T16:45:00+01:00,0.313778
2026-02-05T17:00:00+01:00,0.283245
2026-02-05T17:15:00+01:00,0.286695
2026-02-05T17:30:00+01:00,0.303427
2026-02-05T17:45:00+01:00,0.289972
2026-02-05T18:00:00+01:00,0.309982
2026-02-05T18:15:00+01:00,0.286436
2026-02-05T18:30:00+01:00,0.298425
2026-02-05T18:45:00+01:00,0.299805
2026-02-05T19:00:00+01:00,0.264356
2026-02-05T19:15:00+01:00,0.31257
2026-02-05T19:30:00+01:00,0.225457
2026-02-05T19:45:00+01:00,0.217005
2026-02-05T20:00:00+01:00,0.321195
2026-02-05T20:15:00+01:00,0.2967
2026-02-05T20:30:00+01:00,0.268927
2026-02-05T20:45:00+01:00,0.229425
2026-02-05T21:00:00+01:00,0.326198
2026-02-05T21:15:00+01:00,0.285142
2026-02-05T21:30:00+01:00,0.294285
2026-02-05T21:45:00+01:00,0.194753
2026-02-05T22:00:00+01:00,0.150938
2026-02-05T22:15:00+01:00,0.1518
2026-02-05T22:30:00+01:00,0.150938
2026-02-05T22:45:00+01:00,0.150938
2026-02-05T23:00:00+01:00,0.15111
2026-02-05T23:15:00+01:00,0.15111
2026-02-05T23:30:00+01:00,0.152663
2026-02-05T23:45:00+01:00,0.152145
2026-02-06T00:00:00+01:00,0.151973
2026-02-06T00:15:00+01:00,0.152663
2026-02-06T00:30:00+01:00,0.151283
2026-02-06T00:45:00+01:00,0.151973
2026-02-06T01:00:00+01:00,0.15111
2026-02-06T01:15:00+01:00,0.150248
2026-02-06T01:30:00+01:00,0.150938
2026-02-06T01:45:00+01:00,0.151283
2026-02-06T02:00:00+01:00,0.153008
2026-02-06T02:15:00+01:00,0.150593
2026-02-06T02:30:00+01:00,0.152231
2026-02-06T02:45:00+01:00,0.152835
2026-02-06T03:00:00+01:00,0.15318
2026-02-06T03:15:00+01:00,0.153008
2026-02-06T03:30:00+01:00,0.151973
2026-02-06T03:45:00+01:00,0.150593
2026-02-06T04:00:00+01:00,0.151283
2026-02-06T04:15:00+01:00,0.151628
2026-02-06T04:30:00+01:00,0.152663
2026-02-06T04:45:00+01:00,0.150938
2026-02-06T05:00:00+01:00,0.151283
2026-02-06T05:15:00+01:00,0.152318
2026-02-06T05:30:00+01:00,0.151369
2026-02-06T05:45:00+01:00,0.152318
2026-02-06T06:00:00+01:00,0.228735
2026-02-06T06:15:00+01:00,0.220628
2026-02-06T06:30:00+01:00,0.237533
2026-02-06T06:45:00+01:00,0.238395
2026-02-06T07:00:00+01:00,0.246158
2026-02-06T07:15:00+01:00,0.232185
2026-02-06T07:30:00+01:00,0.214245
2026-02-06T07:45:00+01:00,0.217523
2026-02-06T08:00:00+01:00,0.254265
2026-02-06T08:15:00+01:00,0.21942
2026-02-06T08:30:00+01:00,0.236066
2026-02-06T08:45:00+01:00,0.230115
2026-02-06T09:00:00+01:00,0.219248
2026-02-06T09:15:00+01:00,0.230288
2026-02-06T09:30:00+01:00,0.23598
2026-02-06T09:45:00+01:00,0.226665
2026-02-06T10:00:00+01:00,0.227355
2026-02-06T10:15:00+01:00,0.199583
2026-02-06T10:30:00+01:00,0.23322
2026-02-06T10:45:00+01:00,0.21873
2026-02-06T11:00:00+01:00,0.233738
2026-02-06T11:15:00+01:00,0.249866
2026-02-06T11:30:00+01:00,0.228217
2026-02-06T11:45:00+01:00,0.22908
2026-02-06T12:00:00+01:00,0.22218
2026-02-06T12:15:00+01:00,0.222525
2026-02-06T12:30:00+01:00,0.169223
2026-02-06T12:45:00+01:00,0.223733
2026-02-06T13:00:00+01:00,0.22011
2026-02-06T13:15:00+01:00,0.219248
2026-02-06T13:30:00+01:00,0.195615
2026-02-06T13:45:00+01:00,0.21597
2026-02-06T14:00:00+01:00,0.295061
2026-02-06T14:15:00+01:00,0.311535
2026-02-06T14:30:00+01:00,0.293595
2026-02-06T14:45:00+01:00,0.325939
2026-02-06T15:00:00+01:00,0.314812
2026-02-06T15:15:00+01:00,0.308947
2026-02-06T15:30:00+01:00,0.309292
2026-02-06T15:45:00+01:00,0.312225
2026-02-06T16:00:00+01:00,0.292905
2026-02-06T16:15:00+01:00,0.283762
2026-02-06T16:30:00+01:00,0.301875
2026-02-06T16:45:00+01:00,0.30636
2026-02-06T17:00:00+01:00,0.314209
2026-02-06T17:15:00+01:00,0.286522
2026-02-06T17:30:00+01:00,0.308948
2026-02-06T17:45:00+01:00,0.273154
2026-02-06T18:00:00+01:00,0.286867
2026-02-06T18:15:00+01:00,0.301702
2026-02-06T18:30:00+01:00,0.311621
2026-02-06T18:45:00+01:00,0.3036
2026-02-06T19:00:00+01:00,0.289628
2026-02-06T19:15:00+01:00,0.28635
2026-02-06T19:30:00+01:00,0.239602
2026-02-06T19:45:00+01:00,0.266685
2026-02-06T20:00:00+01:00,0.19734
2026-02-06T20:15:00+01:00,0.185179
2026-02-06T20:30:00+01:00,0.290318
2026-02-06T20:45:00+01:00,0.294285
2026-02-06T21:00:00+01:00,0.27807
2026-02-06T21:15:00+01:00,0.31947
2026-02-06T21:30:00+01:00,0.261855
2026-02-06T21:45:00+01:00,0.179917
2026-02-06T22:00:00+01:00,0.15249
2026-02-06T22:15:00+01:00,0.152145
2026-02-06T22:30:00+01:00,0.150593
2026-02-06T22:45:00+01:00,0.151628
2026-02-06T23:00:00+01:00,0.15318
2026-02-06T23:15:00+01:00,0.15249
2026-02-06T23:30:00+01:00,0.152663
2026-02-06T23:45:00+01:00,0.15318
2026-02-07T00:00:00+01:00,0.153698
2026-02-07T00:15:00+01:00,0.151455
2026-02-07T00:30:00+01:00,0.150938
2026-02-07T00:45:00+01:00,0.149903
2026-02-07T01:00:00+01:00,0.150593
2026-02-07T01:15:00+01:00,0.150248
2026-02-07T01:30:00+01:00,0.149213
2026-02-07T01:45:00+01:00,0.150075
2026-02-07T02:00:00+01:00,0.148178
2026-02-07T02:15:00+01:00,0.14904
2026-02-07T02:30:00+01:00,0.151455
2026-02-07T02:45:00+01:00,0.150938
2026-02-07T03:00:00+01:00,0.150248
2026-02-07T03:15:00+01:00,0.14973
2026-02-07T03:30:00+01:00,0.151455
2026-02-07T03:45:00+01:00,0.150593
2026-02-07T04:00:00+01:00,0.151455
2026-02-07T04:15:00+01:00,0.149903
2026-02-07T04:30:00+01:00,0.149903
2026-02-07T04:45:00+01:00,0.15042
2026-02-07T05:00:00+01:00,0.149385
2026-02-07T05:15:00+01:00,0.150593
2026-02-07T05:30:00+01:00,0.150938
2026-02-07T05:45:00+01:00,0.153008
2026-02-07T06:00:00+01:00,0.152318
2026-02-07T06:15:00+01:00,0.153525
2026-02-07T06:30:00+01:00,0.15318
2026-02-07T06:45:00+01:00,0.152663
2026-02-07T07:00:00+01:00,0.152663
2026-02-07T07:15:00+01:00,0.152145
2026-02-07T07:30:00+01:00,0.151973
2026-02-07T07:45:00+01:00,0.15387
2026-02-07T08:00:00+01:00,0.152318
2026-02-07T08:15:00+01:00,0.1518
2026-02-07T08:30:00+01:00,0.151973
2026-02-07T08:45:00+01:00,0.15387
2026-02-07T09:00:00+01:00,0.153525
2026-02-07T09:15:00+01:00,0.153008
2026-02-07T09:30:00+01:00,0.152318
2026-02-07T09:45:00+01:00,0.15042
2026-02-07T10:00:00+01:00,0.150765
2026-02-07T10:15:00+01:00,0.151973
2026-02-07T10:30:00+01:00,0.150938
2026-02-07T10:45:00+01:00,0.15249
2026-02-07T11:00:00+01:00,0.150075
2026-02-07T11:15:00+01:00,0.150593
2026-02-07T11:30:00+01:00,0.150765
2026-02-07T11:45:00+01:00,0.149903
2026-02-07T12:00:00+01:00,0.150248
2026-02-07T12:15:00+01:00,0.14973
2026-02-07T12:30:00+01:00,0.149385
2026-02-07T12:45:00+01:00,0.150248
2026-02-07T13:00:00+01:00,0.149903
2026-02-07T13:15:00+01:00,0.149558
2026-02-07T13:30:00+01:00,0.150248
2026-02-07T13:45:00+01:00,0.150593
2026-02-07T14:00:00+01:00,0.149558
2026-02-07T14:15:00+01:00,0.148868
2026-02-07T14:30:00+01:00,0.150765
2026-02-07T14:45:00+01:00,0.151455
2026-02-07T15:00:00+01:00,0.150593
2026-02-07T15:15:00+01:00,0.15111
2026-02-07T15:30:00+01:00,0.14973
2026-02-07T15:45:00+01:00,0.148695
2026-02-07T16:00:00+01:00,0.151455
2026-02-07T16:15:00+01:00,0.151283
2026-02-07T16:30:00+01:00,0.149903
2026-02-07T16:45:00+01:00,0.150593
2026-02-07T17:00:00+01:00,0.151973
2026-02-07T17:15:00+01:00,0.152663
2026-02-07T17:30:00+01:00,0.152145
2026-02-07T17:45:00+01:00,0.152835
2026-02-07T18:00:00+01:00,0.152145
2026-02-07T18:15:00+01:00,0.152835
2026-02-07T18:30:00+01:00,0.152145
2026-02-07T18:45:00+01:00,0.15249
2026-02-07T19:00:00+01:00,0.152145
2026-02-07T19:15:00+01:00,0.152663
2026-02-07T19:30:00+01:00,0.1518
2026-02-07T19:45:00+01:00,0.15111
2026-02-07T20:00:00+01:00,0.151283
2026-02-07T20:15:00+01:00,0.151283
2026-02-07T20:30:00+01:00,0.151628
2026-02-07T20:45:00+01:00,0.152835
2026-02-07T21:00:00+01:00,0.15249
2026-02-07T21:15:00+01:00,0.152318
2026-02-07T21:30:00+01:00,0.151628
2026-02-07T21:45:00+01:00,0.152145
2026-02-07T22:00:00+01:00,0.151628
2026-02-07T22:15:00+01:00,0.151455
2026-02-07T22:30:00+01:00,0.15111
2026-02-07T22:45:00+01:00,0.152318
2026-02-07T23:00:00+01:00,0.151628
2026-02-07T23:15:00+01:00,0.152145
2026-02-07T23:30:00+01:00,0.152835
2026-02-07T23:45:00+01:00,0.151455
2026-02-08T00:00:00+01:00,0.151628
2026-02-08T00:15:00+01:00,0.149213
2026-02-08T00:30:00+01:00,0.14973
2026-02-08T00:45:00+01:00,0.151455
2026-02-08T01:00:00+01:00,0.152318
2026-02-08T01:15:00+01:00,0.150938
2026-02-08T01:30:00+01:00,0.152318
2026-02-08T01:45:00+01:00,0.151628
2026-02-08T02:00:00+01:00,0.151283
2026-02-08T02:15:00+01:00,0.151455
2026-02-08T02:30:00+01:00,0.1518
2026-02-08T02:45:00+01:00,0.151973
2026-02-08T03:00:00+01:00,0.1518
2026-02-08T03:15:00+01:00,0.152318
2026-02-08T03:30:00+01:00,0.152145
2026-02-08T03:45:00+01:00,0.151973
2026-02-08T04:00:00+01:00,0.151455
2026-02-08T04:15:00+01:00,0.151973
2026-02-08T04:30:00+01:00,0.152318
2026-02-08T04:45:00+01:00,0.152318
2026-02-08T05:00:00+01:00,0.152318
2026-02-08T05:15:00+01:00,0.15249
2026-02-08T05:30:00+01:00,0.151455
2026-02-08T05:45:00+01:00,0.151455
2026-02-08T06:00:00+01:00,0.152318
2026-02-08T06:15:00+01:00,0.152145
2026-02-08T06:30:00+01:00,0.151283
2026-02-08T06:45:00+01:00,0.1518
2026-02-08T07:00:00+01:00,0.15111
2026-02-08T07:15:00+01:00,0.150593
2026-02-08T07:30:00+01:00,0.150248
2026-02-08T07:45:00+01:00,0.151455
2026-02-08T08:00:00+01:00,0.151283
2026-02-08T08:15:00+01:00,0.15111
2026-02-08T08:30:00+01:00,0.15042
2026-02-08T08:45:00+01:00,0.152318
2026-02-08T09:00:00+01:00,0.151628
2026-02-08T09:15:00+01:00,0.152145
2026-02-08T09:30:00+01:00,0.150593
2026-02-08T09:45:00+01:00,0.15111
2026-02-08T10:00:00+01:00,0.151973
2026-02-08T10:15:00+01:00,0.152145
2026-02-08T10:30:00+01:00,0.15042
2026-02-08T10:45:00+01:00,0.151455
2026-02-08T11:00:00+01:00,0.149903
2026-02-08T11:15:00+01:00,0.150765
2026-02-08T11:30:00+01:00,0.15042
2026-02-08T11:45:00+01:00,0.150248
2026-02-08T12:00:00+01:00,0.148523
2026-02-08T12:15:00+01:00,0.147488
2026-02-08T12:30:00+01:00,0.149213
2026-02-08T12:45:00+01:00,0.149213
2026-02-08T13:00:00+01:00,0.149558
2026-02-08T13:15:00+01:00,0.151283
2026-02-08T13:30:00+01:00,0.15042
2026-02-08T13:45:00+01:00,0.149558
2026-02-08T14:00:00+01:00,0.14835
2026-02-08T14:15:00+01:00,0.147315
2026-02-08T14:30:00+01:00,0.147315
2026-02-08T14:45:00+01:00,0.148868
2026-02-08T15:00:00+01:00,0.14973
2026-02-08T15:15:00+01:00,0.148005
2026-02-08T15:30:00+01:00,0.15111
2026-02-08T15:45:00+01:00,0.149903
2026-02-08T16:00:00+01:00,0.150593
2026-02-08T16:15:00+01:00,0.14904
2026-02-08T16:30:00+01:00,0.150765
2026-02-08T16:45:00+01:00,0.151283
2026-02-08T17:00:00+01:00,0.1518
2026-02-08T17:15:00+01:00,0.15111
2026-02-08T17:30:00+01:00,0.150075
2026-02-08T17:45:00+01:00,0.15249
2026-02-08T18:00:00+01:00,0.15387
2026-02-08T18:15:00+01:00,0.15249
2026-02-08T18:30:00+01:00,0.153525
2026-02-08T18:45:00+01:00,0.154215
2026-02-08T19:00:00+01:00,0.15387
2026-02-08T19:15:00+01:00,0.152835
2026-02-08T19:30:00+01:00,0.152835
2026-02-08T19:45:00+01:00,0.153698
2026-02-08T20:00:00+01:00,0.153353
2026-02-08T20:15:00+01:00,0.153353
2026-02-08T20:30:00+01:00,0.15249
2026-02-08T20:45:00+01:00,0.153525
2026-02-08T21:00:00+01:00,0.153008
2026-02-08T21:15:00+01:00,0.152835
2026-02-08T21:30:00+01:00,0.153698
2026-02-08T21:45:00+01:00,0.152663
2026-02-08T22:00:00+01:00,0.152663
2026-02-08T22:15:00+01:00,0.152145
2026-02-08T22:30:00+01:00,0.149903
2026-02-08T22:45:00+01:00,0.15111
2026-02-08T23:00:00+01:00,0.150938
2026-02-08T23:15:00+01:00,0.150593
2026-02-08T23:30:00+01:00,0.150765
2026-02-08T23:45:00+01:00,0.15111
2026-02-09T00:00:00+01:00,0.151628
2026-02-09T00:15:00+01:00,0.1518
2026-02-09T00:30:00+01:00,0.1518
2026-02-09T00:45:00+01:00,0.151283
2026-02-09T01:00:00+01:00,0.151455
2026-02-09T01:15:00+01:00,0.15111
2026-02-09T01:30:00+01:00,0.150593
2026-02-09T01:45:00+01:00,0.150938
2026-02-09T02:00:00+01:00,0.15042
2026-02-09T02:15:00+01:00,0.1518
2026-02-09T02:30:00+01:00,0.153353
2026-02-09T02:45:00+01:00,0.151283
2026-02-09T03:00:00+01:00,0.149903
2026-02-09T03:15:00+01:00,0.150248
2026-02-09T03:30:00+01:00,0.149558
2026-02-09T03:45:00+01:00,0.15249
2026-02-09T04:00:00+01:00,0.152145
2026-02-09T04:15:00+01:00,0.15249
2026-02-09T04:30:00+01:00,0.1518
2026-02-09T04:45:00+01:00,0.151283
2026-02-09T05:00:00+01:00,0.150593
2026-02-09T05:15:00+01:00,0.150938
2026-02-09T05:30:00+01:00,0.035018
2026-02-09T05:45:00+01:00,
2026-02-09T06:00:00+01:00,
2026-02-09T06:15:00+01:00,
2026-02-09T06:30:00+01:00,
2026-02-09T06:45:00+01:00,
2026-02-09T07:00:00+01:00,
2026-02-09T07:15:00+01:00,
2026-02-09T07:30:00+01:00,
2026-02-09T07:45:00+01:00,
2026-02-09T08:00:00+01:00,
2026-02-09T08:15:00+01:00,
2026-02-09T08:30:00+01:00,
2026-02-09T08:45:00+01:00,
2026-02-09T09:00:00+01:00,
2026-02-09T09:15:00+01:00,
2026-02-09T09:30:00+01:00,
2026-02-09T09:45:00+01:00,
2026-02-09T10:00:00+01:00,
2026-02-09T10:15:00+01:00,
2026-02-09T10:30:00+01:00,
2026-02-09T10:45:00+01:00,
2026-02-09T11:00:00+01:00,
2026-02-09T11:15:00+01:00,
2026-02-09T11:30:00+01:00,
2026-02-09T11:45:00+01:00,
2026-02-09T12:00:00+01:00,0.1518
2026-02-09T12:15:00+01:00,0.150248
2026-02-09T12:30:00+01:00,0.15042
2026-02-09T12:45:00+01:00,0.150593
2026-02-09T13:00:00+01:00,0.150075
2026-02-09T13:15:00+01:00,0.150248
2026-02-09T13:30:00+01:00,0.150248
2026-02-09T13:45:00+01:00,0.150765
2026-02-09T14:00:00+01:00,0.149385
2026-02-09T14:15:00+01:00,0.150765
2026-02-09T14:30:00+01:00,0.150593
2026-02-09T14:45:00+01:00,0.150248
2026-02-09T15:00:00+01:00,0.150938
2026-02-09T15:15:00+01:00,0.150938
2026-02-09T15:30:00+01:00,0.150938
2026-02-09T15:45:00+01:00,0.150938
2026-02-09T16:00:00+01:00,0.149558
2026-02-09T16:15:00+01:00,0.15042
2026-02-09T16:30:00+01:00,0.151628
2026-02-09T16:45:00+01:00,0.150248
2026-02-09T17:00:00+01:00,0.150593
2026-02-09T17:15:00+01:00,0.151283
2026-02-09T17:30:00+01:00,0.151455
2026-02-09T17:45:00+01:00,0.15249
2026-02-09T18:00:00+01:00,0.151455
2026-02-09T18:15:00+01:00,0.150248
2026-02-09T18:30:00+01:00,0.15111
2026-02-09T18:45:00+01:00,0.151455
2026-02-09T19:00:00+01:00,0.152145
2026-02-09T19:15:00+01:00,0.152145
2026-02-09T19:30:00+01:00,0.151973
2026-02-09T19:45:00+01:00,0.151628
2026-02-09T20:00:00+01:00,0.151283
2026-02-09T20:15:00+01:00,0.15111
2026-02-09T20:30:00+01:00,0.151973
2026-02-09T20:45:00+01:00,0.150765
2026-02-09T21:00:00+01:00,0.151283
2026-02-09T21:15:00+01:00,0.151973
2026-02-09T21:30:00+01:00,0.151714
2026-02-09T21:45:00+01:00,0.1518
2026-02-09T22:00:00+01:00,0.151455
2026-02-09T22:15:00+01:00,0.151455
2026-02-09T22:30:00+01:00,0.151455
2026-02-09T22:45:00+01:00,0.150075
2026-02-09T23:00:00+01:00,0.151455
2026-02-09T23:15:00+01:00,0.151973
2026-02-09T23:30:00+01:00,0.14973
2026-02-09T23:45:00+01:00,0.150765
2026-02-10T00:00:00+01:00,0.15042
2026-02-10T00:15:00+01:00,0.149903
2026-02-10T00:30:00+01:00,0.1518
2026-02-10T00:45:00+01:00,0.150593
2026-02-10T01:00:00+01:00,0.151628
2026-02-10T01:15:00+01:00,0.149903
2026-02-10T01:30:00+01:00,0.151628
2026-02-10T01:45:00+01:00,0.150765
2026-02-10T02:00:00+01:00,0.150765
2026-02-10T02:15:00+01:00,0.149558
2026-02-10T02:30:00+01:00,0.14835
2026-02-10T02:45:00+01:00,0.14904
2026-02-10T03:00:00+01:00,0.14973
2026-02-10T03:15:00+01:00,0.148178
2026-02-10T03:30:00+01:00,0.150765
2026-02-10T03:45:00+01:00,0.151283
2026-02-10T04:00:00+01:00,0.150765
2026-02-10T04:15:00+01:00,0.152145
2026-02-10T04:30:00+01:00,0.151628
2026-02-10T04:45:00+01:00,0.15042
2026-02-10T05:00:00+01:00,0.151973
2026-02-10T05:15:00+01:00,0.150248
2026-02-10T05:30:00+01:00,0.150765
2026-02-10T05:45:00+01:00,0.1518
2026-02-10T06:00:00+01:00,0.151628
2026-02-10T06:15:00+01:00,0.150075
2026-02-10T06:30:00+01:00,0.150938
2026-02-10T06:45:00+01:00,0.150593
2026-02-10T07:00:00+01:00,0.151283
2026-02-10T07:15:00+01:00,0.150765
2026-02-10T07:30:00+01:00,0.152318
2026-02-10T07:45:00+01:00,0.15111
2026-02-10T08:00:00+01:00,0.152145
2026-02-10T08:15:00+01:00,0.150938
2026-02-10T08:30:00+01:00,0.151628
2026-02-10T08:45:00+01:00,0.150765
2026-02-10T09:00:00+01:00,0.15111
2026-02-10T09:15:00+01:00,0.152145
2026-02-10T09:30:00+01:00,0.150938
2026-02-10T09:45:00+01:00,0.14904
2026-02-10T10:00:00+01:00,0.150938
2026-02-10T10:15:00+01:00,0.148868
2026-02-10T10:30:00+01:00,0.149903
2026-02-10T10:45:00+01:00,0.151455
2026-02-10T11:00:00+01:00,0.150593
2026-02-10T11:15:00+01:00,0.149213
2026-02-10T11:30:00+01:00,0.150248
2026-02-10T11:45:00+01:00,0.148523
2026-02-10T12:00:00+01:00,0.150593
2026-02-10T12:15:00+01:00,0.148695
2026-02-10T12:30:00+01:00,0.151628
2026-02-10T12:45:00+01:00,0.151283
2026-02-10T13:00:00+01:00,0.1518
2026-02-10T13:15:00+01:00,0.150075
2026-02-10T13:30:00+01:00,0.150248
2026-02-10T13:45:00+01:00,0.151973
2026-02-10T14:00:00+01:00,0.151455
2026-02-10T14:15:00+01:00,0.1518
2026-02-10T14:30:00+01:00,0.151628
2026-02-10T14:45:00+01:00,0.151973
2026-02-10T15:00:00+01:00,0.152835
2026-02-10T15:15:00+01:00,0.151283
2026-02-10T15:30:00+01:00,0.151628
2026-02-10T15:45:00+01:00,0.15111
2026-02-10T16:00:00+01:00,0.150593
2026-02-10T16:15:00+01:00,0.151628
2026-02-10T16:30:00+01:00,0.150938
2026-02-10T16:45:00+01:00,0.151369
2026-02-10T17:00:00+01:00,0.152145
2026-02-10T17:15:00+01:00,0.151455
2026-02-10T17:30:00+01:00,0.151283
2026-02-10T17:45:00+01:00,0.150938
2026-02-10T18:00:00+01:00,0.151973
2026-02-10T18:15:00+01:00,0.151628
2026-02-10T18:30:00+01:00,0.152318
2026-02-10T18:45:00+01:00,0.150248
2026-02-10T19:00:00+01:00,0.151628
2026-02-10T19:15:00+01:00,0.151283
2026-02-10T19:30:00+01:00,0.151455
2026-02-10T19:45:00+01:00,0.150593
2026-02-10T20:00:00+01:00,0.150765
2026-02-10T20:15:00+01:00,0.151024
2026-02-10T20:30:00+01:00,0.151973
2026-02-10T20:45:00+01:00,0.150593
2026-02-10T21:00:00+01:00,0.151283
2026-02-10T21:15:00+01:00,0.152663
2026-02-10T21:30:00+01:00,0.151973
2026-02-10T21:45:00+01:00,0.152318
2026-02-10T22:00:00+01:00,0.152663
2026-02-10T22:15:00+01:00,0.152835
2026-02-10T22:30:00+01:00,0.151973
2026-02-10T22:45:00+01:00,0.1518
2026-02-10T23:00:00+01:00,0.15111
2026-02-10T23:15:00+01:00,0.1518
2026-02-10T23:30:00+01:00,0.152835
2026-02-10T23:45:00+01:00,0.1518
2026-02-11T00:00:00+01:00,0.151283
2026-02-11T00:15:00+01:00,0.15042
2026-02-11T00:30:00+01:00,0.151283
2026-02-11T00:45:00+01:00,0.150765
2026-02-11T01:00:00+01:00,0.1518
2026-02-11T01:15:00+01:00,0.150938
2026-02-11T01:30:00+01:00,0.1518
2026-02-11T01:45:00+01:00,0.149385
2026-02-11T02:00:00+01:00,0.150938
2026-02-11T02:15:00+01:00,0.150248
2026-02-11T02:30:00+01:00,0.149903
2026-02-11T02:45:00+01:00,0.150593
2026-02-11T03:00:00+01:00,0.150248
2026-02-11T03:15:00+01:00,0.150765
2026-02-11T03:30:00+01:00,0.150248
2026-02-11T03:45:00+01:00,0.149558
2026-02-11T04:00:00+01:00,0.149903
2026-02-11T04:15:00+01:00,0.150593
2026-02-11T04:30:00+01:00,0.149385
2026-02-11T04:45:00+01:00,0.151283
2026-02-11T05:00:00+01:00,0.15111
2026-02-11T05:15:00+01:00,0.15111
2026-02-11T05:30:00+01:00,0.154215
2026-02-11T05:45:00+01:00,0.151628
2026-02-11T06:00:00+01:00,0.203723
2026-02-11T06:15:00+01:00,0.2208
2026-02-11T06:30:00+01:00,0.225803
2026-02-11T06:45:00+01:00,0.202084
2026-02-11T07:00:00+01:00,0.243398
2026-02-11T07:15:00+01:00,0.23391
2026-02-11T07:30:00+01:00,0.295147
2026-02-11T07:45:00+01:00,0.27324
2026-02-11T08:00:00+01:00,0.279277
2026-02-11T08:15:00+01:00,0.294803
2026-02-11T08:30:00+01:00,0.2691
2026-02-11T08:45:00+01:00,0.289024
2026-02-11T09:00:00+01:00,0.28704
2026-02-11T09:15:00+01:00,0.279622
2026-02-11T09:30:00+01:00,0.286522
2026-02-11T09:45:00+01:00,0.285315
2026-02-11T10:00:00+01:00,0.289972
2026-02-11T10:15:00+01:00,0.280657
2026-02-11T10:30:00+01:00,0.260303
2026-02-11T10:45:00+01:00,0.282728
2026-02-11T11:00:00+01:00,0.29877
2026-02-11T11:15:00+01:00,0.280226
2026-02-11T11:30:00+01:00,0.288593
2026-02-11T11:45:00+01:00,0.291697
2026-02-11T12:00:00+01:00,0.286436
2026-02-11T12:15:00+01:00,0.284625
2026-02-11T12:30:00+01:00,0.28704
2026-02-11T12:45:00+01:00,0.283072
2026-02-11T13:00:00+01:00,0.29532
2026-02-11T13:15:00+01:00,0.272895
2026-02-11T13:30:00+01:00,0.21735
2026-02-11T13:45:00+01:00,0.197685
2026-02-11T14:00:00+01:00,0.151886
2026-02-11T14:15:00+01:00,0.149903
2026-02-11T14:30:00+01:00,0.1518
2026-02-11T14:45:00+01:00,0.15111
2026-02-11T15:00:00+01:00,0.15111
2026-02-11T15:15:00+01:00,0.151628
2026-02-11T15:30:00+01:00,0.150938
2026-02-11T15:45:00+01:00,0.151886
2026-02-11T16:00:00+01:00,0.150075
2026-02-11T16:15:00+01:00,0.151628
2026-02-11T16:30:00+01:00,0.1518
2026-02-11T16:45:00+01:00,0.151973
2026-02-11T17:00:00+01:00,0.151455
2026-02-11T17:15:00+01:00,0.150851
2026-02-11T17:30:00+01:00,0.151628
2026-02-11T17:45:00+01:00,0.151283
2026-02-11T18:00:00+01:00,0.150593
2026-02-11T18:15:00+01:00,0.151283
2026-02-11T18:30:00+01:00,0.150765
2026-02-11T18:45:00+01:00,0.151283
2026-02-11T19:00:00+01:00,0.151628
2026-02-11T19:15:00+01:00,0.150248
2026-02-11T19:30:00+01:00,0.150075
2026-02-11T19:45:00+01:00,0.150593
2026-02-11T20:00:00+01:00,0.151283
2026-02-11T20:15:00+01:00,0.151455
2026-02-11T20:30:00+01:00,0.151455
2026-02-11T20:45:00+01:00,0.151973
2026-02-11T21:00:00+01:00,0.15111
2026-02-11T21:15:00+01:00,0.150938
2026-02-11T21:30:00+01:00,0.150593
2026-02-11T21:45:00+01:00,0.151283
2026-02-11T22:00:00+01:00,0.185955
2026-02-11T22:15:00+01:00,0.224336
2026-02-11T22:30:00+01:00,0.236152
2026-02-11T22:45:00+01:00,0.22425
2026-02-11T23:00:00+01:00,0.236843
2026-02-11T23:15:00+01:00,0.21873
2026-02-11T23:30:00+01:00,0.246157
2026-02-11T23:45:00+01:00,0.211485
2026-02-12T00:00:00+01:00,0.215194
2026-02-12T00:15:00+01:00,0.19251
2026-02-12T00:30:00+01:00,0.232185
2026-02-12T00:45:00+01:00,0.221317
2026-02-12T01:00:00+01:00,0.236152
2026-02-12T01:15:00+01:00,0.22218
2026-02-12T01:30:00+01:00,0.252885
2026-02-12T01:45:00+01:00,0.250125
2026-02-12T02:00:00+01:00,0.222698
2026-02-12T02:15:00+01:00,0.23184
2026-02-12T02:30:00+01:00,0.231754
2026-02-12T02:45:00+01:00,0.23943
2026-02-12T03:00:00+01:00,0.224423
2026-02-12T03:15:00+01:00,0.22356
2026-02-12T03:30:00+01:00,0.21666
2026-02-12T03:45:00+01:00,0.228217
2026-02-12T04:00:00+01:00,0.17733
2026-02-12T04:15:00+01:00,0.199065
2026-02-12T04:30:00+01:00,0.208208
2026-02-12T04:45:00+01:00,0.206828
2026-02-12T05:00:00+01:00,0.212175
2026-02-12T05:15:00+01:00,0.201825
2026-02-12T05:30:00+01:00,0.19803
2026-02-12T05:45:00+01:00,0.151628
2026-02-12T06:00:00+01:00,0.212002
2026-02-12T06:15:00+01:00,0.219765
2026-02-12T06:30:00+01:00,0.213728
2026-02-12T06:45:00+01:00,0.163703
2026-02-12T07:00:00+01:00,0.238223
2026-02-12T07:15:00+01:00,0.224681
2026-02-12T07:30:00+01:00,0.221662
2026-02-12T07:45:00+01:00,0.225458
2026-02-12T08:00:00+01:00,0.225285
2026-02-12T08:15:00+01:00,0.202601
2026-02-12T08:30:00+01:00,0.194235
2026-02-12T08:45:00+01:00,0.214935
2026-02-12T09:00:00+01:00,0.22149
2026-02-12T09:15:00+01:00,0.210709
2026-02-12T09:30:00+01:00,0.207
2026-02-12T09:45:00+01:00,0.233565
2026-02-12T10:00:00+01:00,0.212003
2026-02-12T10:15:00+01:00,0.220714
2026-02-12T10:30:00+01:00,0.210105
2026-02-12T10:45:00+01:00,0.215625
2026-02-12T11:00:00+01:00,0.205275
2026-02-12T11:15:00+01:00,0.194494
2026-02-12T11:30:00+01:00,0.187335
2026-02-12T11:45:00+01:00,0.22011
2026-02-12T12:00:00+01:00,0.22425
2026-02-12T12:15:00+01:00,0.206741
2026-02-12T12:30:00+01:00,0.20907
2026-02-12T12:45:00+01:00,0.20217
2026-02-12T13:00:00+01:00,0.212175
2026-02-12T13:15:00+01:00,0.223042
2026-02-12T13:30:00+01:00,0.2208
2026-02-12T13:45:00+01:00,0.159563
2026-02-12T14:00:00+01:00,0.150938
2026-02-12T14:15:00+01:00,0.15042
2026-02-12T14:30:00+01:00,0.149385
2026-02-12T14:45:00+01:00,0.151369
2026-02-12T15:00:00+01:00,0.15042
2026-02-12T15:15:00+01:00,0.15111
2026-02-12T15:30:00+01:00,0.150938
2026-02-12T15:45:00+01:00,0.151973
2026-02-12T16:00:00+01:00,0.150938
2026-02-12T16:15:00+01:00,0.1518
2026-02-12T16:30:00+01:00,0.150938
2026-02-12T16:45:00+01:00,0.151024
2026-02-12T17:00:00+01:00,0.151455
2026-02-12T17:15:00+01:00,0.150593
2026-02-12T17:30:00+01:00,0.150593
2026-02-12T17:45:00+01:00,0.150938
2026-02-12T18:00:00+01:00,0.151283
2026-02-12T18:15:00+01:00,0.151973
2026-02-12T18:30:00+01:00,0.1518
2026-02-12T18:45:00+01:00,0.151369
2026-02-12T19:00:00+01:00,0.15111
2026-02-12T19:15:00+01:00,0.150765
2026-02-12T19:30:00+01:00,0.150765
2026-02-12T19:45:00+01:00,0.151455
2026-02-12T20:00:00+01:00,0.150938
2026-02-12T20:15:00+01:00,0.1518
2026-02-12T20:30:00+01:00,0.150248
2026-02-12T20:45:00+01:00,0.150938
2026-02-12T21:00:00+01:00,0.15042
2026-02-12T21:15:00+01:00,0.15042
2026-02-12T21:30:00+01:00,0.151455
2026-02-12T21:45:00+01:00,0.151283
2026-02-12T22:00:00+01:00,0.224768
2026-02-12T22:15:00+01:00,0.229252
2026-02-12T22:30:00+01:00,0.230978
2026-02-12T22:45:00+01:00,0.228045
2026-02-12T23:00:00+01:00,0.234945
2026-02-12T23:15:00+01:00,0.229425
2026-02-12T23:30:00+01:00,0.240292
2026-02-12T23:45:00+01:00,0.223388
2026-02-13T00:00:00+01:00,0.174053
2026-02-13T00:15:00+01:00,0.18078
2026-02-13T00:30:00+01:00,0.21942
2026-02-13T00:45:00+01:00,0.242707
2026-02-13T01:00:00+01:00,0.227096
2026-02-13T01:15:00+01:00,0.225975
2026-02-13T01:30:00+01:00,0.22356
2026-02-13T01:45:00+01:00,0.225544
2026-02-13T02:00:00+01:00,0.226493
2026-02-13T02:15:00+01:00,0.227528
2026-02-13T02:30:00+01:00,0.211054
2026-02-13T02:45:00+01:00,0.234773
2026-02-13T03:00:00+01:00,0.213382
2026-02-13T03:15:00+01:00,0.222439
2026-02-13T03:30:00+01:00,0.230287
2026-02-13T03:45:00+01:00,0.228045
2026-02-13T04:00:00+01:00,0.196995
2026-02-13T04:15:00+01:00,0.189664
2026-02-13T04:30:00+01:00,0.234773
2026-02-13T04:45:00+01:00,0.23253
2026-02-13T05:00:00+01:00,0.240551
2026-02-13T05:15:00+01:00,0.221663
2026-02-13T05:30:00+01:00,0.173363
2026-02-13T05:45:00+01:00,0.199669
2026-02-13T06:00:00+01:00,0.298942
2026-02-13T06:15:00+01:00,0.305325
2026-02-13T06:30:00+01:00,0.301013
2026-02-13T06:45:00+01:00,0.310672
2026-02-13T07:00:00+01:00,0.305325
2026-02-13T07:15:00+01:00,0.29946
2026-02-13T07:30:00+01:00,0.280485
2026-02-13T07:45:00+01:00,0.329647
2026-02-13T08:00:00+01:00,0.223732
2026-02-13T08:15:00+01:00,0.282038
2026-02-13T08:30:00+01:00,0.30981
2026-02-13T08:45:00+01:00,0.287989
2026-02-13T09:00:00+01:00,0.294458
2026-02-13T09:15:00+01:00,0.314209
2026-02-13T09:30:00+01:00,0.313605
2026-02-13T09:45:00+01:00,0.29877
2026-02-13T10:00:00+01:00,0.299632
2026-02-13T10:15:00+01:00,0.288248
2026-02-13T10:30:00+01:00,0.307913
2026-02-13T10:45:00+01:00,0.298253
2026-02-13T11:00:00+01:00,0.29325
2026-02-13T11:15:00+01:00,0.273585
2026-02-13T11:30:00+01:00,0.210968
2026-02-13T11:45:00+01:00,0.223387
2026-02-13T12:00:00+01:00,0.284453
2026-02-13T12:15:00+01:00,0.28152
2026-02-13T12:30:00+01:00,0.277984
2026-02-13T12:45:00+01:00,0.298597
2026-02-13T13:00:00+01:00,0.263062
2026-02-13T13:15:00+01:00,0.312311
2026-02-13T13:30:00+01:00,0.292905
2026-02-13T13:45:00+01:00,0.163875
2026-02-13T14:00:00+01:00,0.150593
2026-02-13T14:15:00+01:00,0.15111
2026-02-13T14:30:00+01:00,0.1518
2026-02-13T14:45:00+01:00,0.150765
2026-02-13T15:00:00+01:00,0.149558
2026-02-13T15:15:00+01:00,0.149903
2026-02-13T15:30:00+01:00,0.150593
2026-02-13T15:45:00+01:00,0.149558
2026-02-13T16:00:00+01:00,0.150075
2026-02-13T16:15:00+01:00,0.15111
2026-02-13T16:30:00+01:00,0.151455
2026-02-13T16:45:00+01:00,0.151628
2026-02-13T17:00:00+01:00,0.150938
2026-02-13T17:15:00+01:00,0.150938
2026-02-13T17:30:00+01:00,0.151628
2026-02-13T17:45:00+01:00,0.14973
2026-02-13T18:00:00+01:00,0.15042
2026-02-13T18:15:00+01:00,0.152318
2026-02-13T18:30:00+01:00,0.15111
2026-02-13T18:45:00+01:00,0.151283
2026-02-13T19:00:00+01:00,0.208898
2026-02-13T19:15:00+01:00,0.228045
2026-02-13T19:30:00+01:00,0.197512
2026-02-13T19:45:00+01:00,0.23874
2026-02-13T20:00:00+01:00,0.240292
2026-02-13T20:15:00+01:00,0.239775
2026-02-13T20:30:00+01:00,0.163875
2026-02-13T20:45:00+01:00,0.188543
2026-02-13T21:00:00+01:00,0.24495
2026-02-13T21:15:00+01:00,0.25185
2026-02-13T21:30:00+01:00,0.219938
2026-02-13T21:45:00+01:00,0.152835
2026-02-13T22:00:00+01:00,0.152663
2026-02-13T22:15:00+01:00,0.150938
2026-02-13T22:30:00+01:00,0.151628
2026-02-13T22:45:00+01:00,0.153525
2026-02-13T23:00:00+01:00,0.152663
2026-02-13T23:15:00+01:00,0.154043
2026-02-13T23:30:00+01:00,0.153008
2026-02-13T23:45:00+01:00,0.151886
2026-02-14T00:00:00+01:00,0.153353
2026-02-14T00:15:00+01:00,0.152318
2026-02-14T00:30:00+01:00,0.15111
2026-02-14T00:45:00+01:00,0.152835
2026-02-14T01:00:00+01:00,0.151973
2026-02-14T01:15:00+01:00,0.151973
2026-02-14T01:30:00+01:00,0.15318
2026-02-14T01:45:00+01:00,0.15318
2026-02-14T02:00:00+01:00,0.151455
2026-02-14T02:15:00+01:00,0.153008
2026-02-14T02:30:00+01:00,0.153008
2026-02-14T02:45:00+01:00,0.153353
2026-02-14T03:00:00+01:00,0.15249
2026-02-14T03:15:00+01:00,0.152835
2026-02-14T03:30:00+01:00,0.153525
2026-02-14T03:45:00+01:00,0.15249
2026-02-14T04:00:00+01:00,0.152145
2026-02-14T04:15:00+01:00,0.152145
2026-02-14T04:30:00+01:00,0.151973
2026-02-14T04:45:00+01:00,0.152835
2026-02-14T05:00:00+01:00,0.152835
2026-02-14T05:15:00+01:00,0.153353
2026-02-14T05:30:00+01:00,0.153698
2026-02-14T05:45:00+01:00,0.153353
2026-02-14T06:00:00+01:00,0.15249
2026-02-14T06:15:00+01:00,0.153698
2026-02-14T06:30:00+01:00,0.15249
2026-02-14T06:45:00+01:00,0.153353
2026-02-14T07:00:00+01:00,0.152835
2026-02-14T07:15:00+01:00,0.152318
2026-02-14T07:30:00+01:00,0.151283
2026-02-14T07:45:00+01:00,0.15249
2026-02-14T08:00:00+01:00,0.151973
2026-02-14T08:15:00+01:00,0.1518
2026-02-14T08:30:00+01:00,0.152835
2026-02-14T08:45:00+01:00,0.157665
2026-02-14T09:00:00+01:00,0.141622
2026-02-14T09:15:00+01:00,0.141105
2026-02-14T09:30:00+01:00,0.140415
2026-02-14T09:45:00+01:00,0.140415
2026-02-14T10:00:00+01:00,0.140587
2026-02-14T10:15:00+01:00,0.140242
2026-02-14T10:30:00+01:00,0.141277
2026-02-14T10:45:00+01:00,0.14007
2026-02-14T11:00:00+01:00,0.150592
2026-02-14T11:15:00+01:00,0.15042
2026-02-14T11:30:00+01:00,0.149213
2026-02-14T11:45:00+01:00,0.14973
2026-02-14T12:00:00+01:00,0.14766
2026-02-14T12:15:00+01:00,0.148523
2026-02-14T12:30:00+01:00,0.149385
2026-02-14T12:45:00+01:00,0.14835
2026-02-14T13:00:00+01:00,0.14904
2026-02-14T13:15:00+01:00,0.147488
2026-02-14T13:30:00+01:00,0.148523
2026-02-14T13:45:00+01:00,0.14973
2026-02-14T14:00:00+01:00,0.14835
2026-02-14T14:15:00+01:00,0.149903
2026-02-14T14:30:00+01:00,0.146453
2026-02-14T14:45:00+01:00,0.148523
2026-02-14T15:00:00+01:00,0.14835
2026-02-14T15:15:00+01:00,0.150765
2026-02-14T15:30:00+01:00,0.151455
2026-02-14T15:45:00+01:00,0.151455
2026-02-14T16:00:00+01:00,0.151455
2026-02-14T16:15:00+01:00,0.150593
2026-02-14T16:30:00+01:00,0.151455
2026-02-14T16:45:00+01:00,0.1518
2026-02-14T17:00:00+01:00,0.151973
2026-02-14T17:15:00+01:00,0.150938
2026-02-14T17:30:00+01:00,0.151283
2026-02-14T17:45:00+01:00,0.1518
2026-02-14T18:00:00+01:00,0.151283
2026-02-14T18:15:00+01:00,0.151973
2026-02-14T18:30:00+01:00,0.151283
2026-02-14T18:45:00+01:00,0.152318
2026-02-14T19:00:00+01:00,0.152318
2026-02-14T19:15:00+01:00,0.152835
2026-02-14T19:30:00+01:00,0.151973
2026-02-14T19:45:00+01:00,0.152318
2026-02-14T20:00:00+01:00,0.151455
2026-02-14T20:15:00+01:00,0.151973
2026-02-14T20:30:00+01:00,0.151628
2026-02-14T20:45:00+01:00,0.150938
2026-02-14T21:00:00+01:00,0.151973
2026-02-14T21:15:00+01:00,0.151455
2026-02-14T21:30:00+01:00,0.151628
2026-02-14T21:45:00+01:00,0.151283
2026-02-14T22:00:00+01:00,0.15111
2026-02-14T22:15:00+01:00,0.151283
2026-02-14T22:30:00+01:00,0.151973
2026-02-14T22:45:00+01:00,0.1518
2026-02-14T23:00:00+01:00,0.150938
2026-02-14T23:15:00+01:00,0.151628
2026-02-14T23:30:00+01:00,0.150765
2026-02-14T23:45:00+01:00,0.151455
2026-02-15T00:00:00+01:00,0.15042
2026-02-15T00:15:00+01:00,0.151283
2026-02-15T00:30:00+01:00,0.152145
2026-02-15T00:45:00+01:00,0.150765
2026-02-15T01:00:00+01:00,0.150765
2026-02-15T01:15:00+01:00,0.151973
2026-02-15T01:30:00+01:00,0.15042
2026-02-15T01:45:00+01:00,0.152318
2026-02-15T02:00:00+01:00,0.1518
2026-02-15T02:15:00+01:00,0.15042
2026-02-15T02:30:00+01:00,0.1518
2026-02-15T02:45:00+01:00,0.150765
2026-02-15T03:00:00+01:00,0.151973
2026-02-15T03:15:00+01:00,0.151973
2026-02-15T03:30:00+01:00,0.151628
2026-02-15T03:45:00+01:00,0.149903
2026-02-15T04:00:00+01:00,0.152663
2026-02-15T04:15:00+01:00,0.150938
2026-02-15T04:30:00+01:00,0.150938
2026-02-15T04:45:00+01:00,0.150938
2026-02-15T05:00:00+01:00,0.152663
2026-02-15T05:15:00+01:00,0.150765
2026-02-15T05:30:00+01:00,0.150938
2026-02-15T05:45:00+01:00,0.152318
2026-02-15T06:00:00+01:00,0.15111
2026-02-15T06:15:00+01:00,0.151283
2026-02-15T06:30:00+01:00,0.150938
2026-02-15T06:45:00+01:00,0.150593
2026-02-15T07:00:00+01:00,0.152663
2026-02-15T07:15:00+01:00,0.152835
2026-02-15T07:30:00+01:00,0.150765
2026-02-15T07:45:00+01:00,0.150938
2026-02-15T08:00:00+01:00,0.151283
2026-02-15T08:15:00+01:00,0.151455
2026-02-15T08:30:00+01:00,0.148868
2026-02-15T08:45:00+01:00,0.150938
2026-02-15T09:00:00+01:00,0.151455
2026-02-15T09:15:00+01:00,0.1518
2026-02-15T09:30:00+01:00,0.150938
2026-02-15T09:45:00+01:00,0.150593
2026-02-15T10:00:00+01:00,0.151455
2026-02-15T10:15:00+01:00,0.150938
2026-02-15T10:30:00+01:00,0.150938
2026-02-15T10:45:00+01:00,0.150075
2026-02-15T11:00:00+01:00,0.148868
2026-02-15T11:15:00+01:00,0.150248
2026-02-15T11:30:00+01:00,0.151455
2026-02-15T11:45:00+01:00,0.150765
2026-02-15T12:00:00+01:00,0.149903
2026-02-15T12:15:00+01:00,0.151628
2026-02-15T12:30:00+01:00,0.151283
2026-02-15T12:45:00+01:00,0.150248
2026-02-15T13:00:00+01:00,0.148178
2026-02-15T13:15:00+01:00,0.146108
2026-02-15T13:30:00+01:00,0.14766
2026-02-15T13:45:00+01:00,0.148178
2026-02-15T14:00:00+01:00,0.147488
2026-02-15T14:15:00+01:00,0.147143
2026-02-15T14:30:00+01:00,0.148178
2026-02-15T14:45:00+01:00,0.14766
2026-02-15T15:00:00+01:00,0.146798
2026-02-15T15:15:00+01:00,0.146625
2026-02-15T15:30:00+01:00,0.14628
2026-02-15T15:45:00+01:00,0.146625
2026-02-15T16:00:00+01:00,0.146453
2026-02-15T16:15:00+01:00,0.148178
2026-02-15T16:30:00+01:00,0.148868
2026-02-15T16:45:00+01:00,0.149213
2026-02-15T17:00:00+01:00,0.150938
2026-02-15T17:15:00+01:00,0.151628
2026-02-15T17:30:00+01:00,0.15042
2026-02-15T17:45:00+01:00,0.151628
2026-02-15T18:00:00+01:00,0.150765
2026-02-15T18:15:00+01:00,0.15111
2026-02-15T18:30:00+01:00,0.149903
2026-02-15T18:45:00+01:00,0.147143
2026-02-15T19:00:00+01:00,0.148695
2026-02-15T19:15:00+01:00,0.149213
2026-02-15T19:30:00+01:00,0.149558
2026-02-15T19:45:00+01:00,0.14766
2026-02-15T20:00:00+01:00,0.14766
2026-02-15T20:15:00+01:00,0.148005
2026-02-15T20:30:00+01:00,0.146798
2026-02-15T20:45:00+01:00,0.148178
2026-02-15T21:00:00+01:00,0.150075
2026-02-15T21:15:00+01:00,0.150593
2026-02-15T21:30:00+01:00,0.157493
2026-02-15T21:45:00+01:00,0.214245
2026-02-15T22:00:00+01:00,0.27531
2026-02-15T22:15:00+01:00,0.309724
2026-02-15T22:30:00+01:00,0.33603
2026-02-15T22:45:00+01:00,0.303772
2026-02-15T23:00:00+01:00,0.318435
2026-02-15T23:15:00+01:00,0.29739
2026-02-15T23:30:00+01:00,0.30015
2026-02-15T23:45:00+01:00,0.303255
2026-02-16T00:00:00+01:00,0.301357
2026-02-16T00:15:00+01:00,0.299287
2026-02-16T00:30:00+01:00,0.315675
2026-02-16T00:45:00+01:00,0.319211
2026-02-16T01:00:00+01:00,0.290663
2026-02-16T01:15:00+01:00,0.293077
2026-02-16T01:30:00+01:00,0.286867
2026-02-16T01:45:00+01:00,0.293681
2026-02-16T02:00:00+01:00,0.301875
2026-02-16T02:15:00+01:00,0.29739
2026-02-16T02:30:00+01:00,0.301702
2026-02-16T02:45:00+01:00,0.305325
2026-02-16T03:00:00+01:00,0.283762
2026-02-16T03:15:00+01:00,0.26703
2026-02-16T03:30:00+01:00,0.235635
2026-02-16T03:45:00+01:00,0.200272
2026-02-16T04:00:00+01:00,0.300236
2026-02-16T04:15:00+01:00,0.298597
2026-02-16T04:30:00+01:00,0.29877
2026-02-16T04:45:00+01:00,0.302737
2026-02-16T05:00:00+01:00,0.299891
2026-02-16T05:15:00+01:00,0.311362
2026-02-16T05:30:00+01:00,0.288765
2026-02-16T05:45:00+01:00,0.163703
2026-02-16T06:00:00+01:00,0.150938
2026-02-16T06:15:00+01:00,0.151455
2026-02-16T06:30:00+01:00,0.150938
2026-02-16T06:45:00+01:00,0.150938
2026-02-16T07:00:00+01:00,0.15111
2026-02-16T07:15:00+01:00,0.151628
2026-02-16T07:30:00+01:00,0.150593
2026-02-16T07:45:00+01:00,0.151628
2026-02-16T08:00:00+01:00,0.150593
2026-02-16T08:15:00+01:00,0.150938
2026-02-16T08:30:00+01:00,0.150593
2026-02-16T08:45:00+01:00,0.15042
2026-02-16T09:00:00+01:00,0.147488
2026-02-16T09:15:00+01:00,0.144037
2026-02-16T09:30:00+01:00,0.141105
2026-02-16T09:45:00+01:00,0.139897
2026-02-16T10:00:00+01:00,0.140587
2026-02-16T10:15:00+01:00,0.139897
2026-02-16T10:30:00+01:00,0.139725
2026-02-16T10:45:00+01:00,0.139207
2026-02-16T11:00:00+01:00,0.139552
2026-02-16T11:15:00+01:00,0.14007
2026-02-16T11:30:00+01:00,0.139725
2026-02-16T11:45:00+01:00,0.14076
2026-02-16T12:00:00+01:00,0.141105
2026-02-16T12:15:00+01:00,0.140932
2026-02-16T12:30:00+01:00,0.16215
2026-02-16T12:45:00+01:00,0.15111
2026-02-16T13:00:00+01:00,0.150765
2026-02-16T13:15:00+01:00,0.1518
2026-02-16T13:30:00+01:00,0.151973
2026-02-16T13:45:00+01:00,0.151628
2026-02-16T14:00:00+01:00,0.151628
2026-02-16T14:15:00+01:00,0.151455
2026-02-16T14:30:00+01:00,0.150938
2026-02-16T14:45:00+01:00,0.151973
2026-02-16T15:00:00+01:00,0.151628
2026-02-16T15:15:00+01:00,0.151455
2026-02-16T15:30:00+01:00,0.151455
2026-02-16T15:45:00+01:00,0.152145
2026-02-16T16:00:00+01:00,0.151283
2026-02-16T16:15:00+01:00,0.150593
2026-02-16T16:30:00+01:00,0.152318
2026-02-16T16:45:00+01:00,0.15111
2026-02-16T17:00:00+01:00,0.15042
2026-02-16T17:15:00+01:00,0.150248
2026-02-16T17:30:00+01:00,0.152145
2026-02-16T17:45:00+01:00,0.153008
2026-02-16T18:00:00+01:00,0.151283
2026-02-16T18:15:00+01:00,0.1518
2026-02-16T18:30:00+01:00,0.152145
2026-02-16T18:45:00+01:00,0.150593
2026-02-16T19:00:00+01:00,0.150938
2026-02-16T19:15:00+01:00,0.151628
2026-02-16T19:30:00+01:00,0.152318
2026-02-16T19:45:00+01:00,0.150765
2026-02-16T20:00:00+01:00,0.1518
2026-02-16T20:15:00+01:00,0.15111
2026-02-16T20:30:00+01:00,0.150593
2026-02-16T20:45:00+01:00,0.150765
2026-02-16T21:00:00+01:00,0.152145
2026-02-16T21:15:00+01:00,0.151628
2026-02-16T21:30:00+01:00,0.150765
2026-02-16T21:45:00+01:00,0.215107
2026-02-16T22:00:00+01:00,0.316882
2026-02-16T22:15:00+01:00,0.323782
2026-02-16T22:30:00+01:00,0.311017
2026-02-16T22:45:00+01:00,0.316882
2026-02-16T23:00:00+01:00,0.329475
2026-02-16T23:15:00+01:00,0.311707
2026-02-16T23:30:00+01:00,0.319125
2026-02-16T23:45:00+01:00,0.29187
2026-02-17T00:00:00+01:00,0.31257
2026-02-17T00:15:00+01:00,0.302392
2026-02-17T00:30:00+01:00,0.319642
2026-02-17T00:45:00+01:00,0.298598
2026-02-17T01:00:00+01:00,0.29049
2026-02-17T01:15:00+01:00,0.31395
2026-02-17T01:30:00+01:00,0.274965
2026-02-17T01:45:00+01:00,0.292042
2026-02-17T02:00:00+01:00,0.328871
2026-02-17T02:15:00+01:00,0.31257
2026-02-17T02:30:00+01:00,0.301185
2026-02-17T02:45:00+01:00,0.318349
2026-02-17T03:00:00+01:00,0.318262
2026-02-17T03:15:00+01:00,0.305497
2026-02-17T03:30:00+01:00,0.224767
2026-02-17T03:45:00+01:00,0.17733
2026-02-17T04:00:00+01:00,0.309724
2026-02-17T04:15:00+01:00,0.307223
2026-02-17T04:30:00+01:00,0.31878
2026-02-17T04:45:00+01:00,0.330079
2026-02-17T05:00:00+01:00,0.346725
2026-02-17T05:15:00+01:00,0.321023
2026-02-17T05:30:00+01:00,0.330337
2026-02-17T05:45:00+01:00,0.222352
2026-02-17T06:00:00+01:00,0.22011
2026-02-17T06:15:00+01:00,0.218902
2026-02-17T06:30:00+01:00,0.223646
2026-02-17T06:45:00+01:00,0.253747
2026-02-17T07:00:00+01:00,0.21666
2026-02-17T07:15:00+01:00,0.192165
2026-02-17T07:30:00+01:00,0.16836
2026-02-17T07:45:00+01:00,0.188542
2026-02-17T08:00:00+01:00,0.189577
2026-02-17T08:15:00+01:00,0.185265
2026-02-17T08:30:00+01:00,0.189922
2026-02-17T08:45:00+01:00,0.179227
2026-02-17T09:00:00+01:00,0.199928
2026-02-17T09:15:00+01:00,0.18906
2026-02-17T09:30:00+01:00,0.191475
2026-02-17T09:45:00+01:00,0.193459
2026-02-17T10:00:00+01:00,0.190785
2026-02-17T10:15:00+01:00,0.181642
2026-02-17T10:30:00+01:00,0.16629
2026-02-17T10:45:00+01:00,0.170257
2026-02-17T11:00:00+01:00,0.1794
2026-02-17T11:15:00+01:00,0.201825
2026-02-17T11:30:00+01:00,0.20493
2026-02-17T11:45:00+01:00,0.021218
2026-02-17T12:00:00+01:00,0.205448
2026-02-17T12:15:00+01:00,0.21321
2026-02-17T12:30:00+01:00,0.167411
2026-02-17T12:45:00+01:00,0.185955
2026-02-17T13:00:00+01:00,0.188715
2026-02-17T13:15:00+01:00,0.19389
2026-02-17T13:30:00+01:00,0.20286
2026-02-17T13:45:00+01:00,0.204413
2026-02-17T14:00:00+01:00,0.285056
2026-02-17T14:15:00+01:00,0.284452
2026-02-17T14:30:00+01:00,0.30498
2026-02-17T14:45:00+01:00,0.284108
2026-02-17T15:00:00+01:00,0.288765
2026-02-17T15:15:00+01:00,0.291698
2026-02-17T15:30:00+01:00,0.269962
2026-02-17T15:45:00+01:00,0.291525
2026-02-17T16:00:00+01:00,0.27255
2026-02-17T16:15:00+01:00,0.299287
2026-02-17T16:30:00+01:00,0.295924
2026-02-17T16:45:00+01:00,0.29325
2026-02-17T17:00:00+01:00,0.274965
2026-02-17T17:15:00+01:00,0.28566
2026-02-17T17:30:00+01:00,0.284625
2026-02-17T17:45:00+01:00,0.308257
2026-02-17T18:00:00+01:00,0.241586
2026-02-17T18:15:00+01:00,0.287385
2026-02-17T18:30:00+01:00,0.306705
2026-02-17T18:45:00+01:00,0.279364
2026-02-17T19:00:00+01:00,0.219247
2026-02-17T19:15:00+01:00,0.310327
2026-02-17T19:30:00+01:00,0.301616
2026-02-17T19:45:00+01:00,0.300667
2026-02-17T20:00:00+01:00,0.28704
2026-02-17T20:15:00+01:00,0.29256
2026-02-17T20:30:00+01:00,0.29463
2026-02-17T20:45:00+01:00,0.30912
2026-02-17T21:00:00+01:00,0.289024
2026-02-17T21:15:00+01:00,0.303255
2026-02-17T21:30:00+01:00,0.245985
2026-02-17T21:45:00+01:00,0.215452
2026-02-17T22:00:00+01:00,0.303255
2026-02-17T22:15:00+01:00,0.2967
2026-02-17T22:30:00+01:00,0.296614
2026-02-17T22:45:00+01:00,0.309465
2026-02-17T23:00:00+01:00,0.306533
2026-02-17T23:15:00+01:00,0.307654
2026-02-17T23:30:00+01:00,0.290145
2026-02-17T23:45:00+01:00,0.310069
2026-02-18T00:00:00+01:00,0.307223
2026-02-18T00:15:00+01:00,0.29256
2026-02-18T00:30:00+01:00,0.303255
2026-02-18T00:45:00+01:00,0.30567
2026-02-18T01:00:00+01:00,0.308947
2026-02-18T01:15:00+01:00,0.30774
2026-02-18T01:30:00+01:00,0.292905
2026-02-18T01:45:00+01:00,0.292215
2026-02-18T02:00:00+01:00,0.258319
2026-02-18T02:15:00+01:00,0.288248
2026-02-18T02:30:00+01:00,0.303255
2026-02-18T02:45:00+01:00,0.301444
2026-02-18T03:00:00+01:00,0.30291
2026-02-18T03:15:00+01:00,0.305842
2026-02-18T03:30:00+01:00,0.21321
2026-02-18T03:45:00+01:00,0.153956
2026-02-18T04:00:00+01:00,0.28842
2026-02-18T04:15:00+01:00,0.31119
2026-02-18T04:30:00+01:00,0.317918
2026-02-18T04:45:00+01:00,0.29394
2026-02-18T05:00:00+01:00,0.298943
2026-02-18T05:15:00+01:00,0.318004
2026-02-18T05:30:00+01:00,0.284625
2026-02-18T05:45:00+01:00,0.183885
2026-02-18T06:00:00+01:00,0.150938
2026-02-18T06:15:00+01:00,0.150075
2026-02-18T06:30:00+01:00,0.150593
2026-02-18T06:45:00+01:00,0.150938
2026-02-18T07:00:00+01:00,0.150938
2026-02-18T07:15:00+01:00,0.150938
2026-02-18T07:30:00+01:00,0.15111
2026-02-18T07:45:00+01:00,0.151973
2026-02-18T08:00:00+01:00,0.151283
2026-02-18T08:15:00+01:00,0.15318
2026-02-18T08:30:00+01:00,0.150938
2026-02-18T08:45:00+01:00,0.151973
2026-02-18T09:00:00+01:00,0.153008
2026-02-18T09:15:00+01:00,0.1518
2026-02-18T09:30:00+01:00,0.150938
2026-02-18T09:45:00+01:00,0.149213
2026-02-18T10:00:00+01:00,0.150765
2026-02-18T10:15:00+01:00,0.15111
2026-02-18T10:30:00+01:00,0.151973
2026-02-18T10:45:00+01:00,0.1518
2026-02-18T11:00:00+01:00,0.150938
2026-02-18T11:15:00+01:00,0.152318
2026-02-18T11:30:00+01:00,0.15249
2026-02-18T11:45:00+01:00,0.152145
2026-02-18T12:00:00+01:00,0.151455
2026-02-18T12:15:00+01:00,0.151973
2026-02-18T12:30:00+01:00,0.152145
2026-02-18T12:45:00+01:00,0.15042
2026-02-18T13:00:00+01:00,0.15042
2026-02-18T13:15:00+01:00,0.150765
2026-02-18T13:30:00+01:00,0.15111
2026-02-18T13:45:00+01:00,0.155423
2026-02-18T14:00:00+01:00,0.183023
2026-02-18T14:15:00+01:00,0.20286
2026-02-18T14:30:00+01:00,0.222439
2026-02-18T14:45:00+01:00,0.174743
2026-02-18T15:00:00+01:00,0.174053
2026-02-18T15:15:00+01:00,0.217523
2026-02-18T15:30:00+01:00,0.217781
2026-02-18T15:45:00+01:00,0.23115
2026-02-18T16:00:00+01:00,0.226665
2026-02-18T16:15:00+01:00,0.231495
2026-02-18T16:30:00+01:00,0.225113
2026-02-18T16:45:00+01:00,0.182505
2026-02-18T17:00:00+01:00,0.233565
2026-02-18T17:15:00+01:00,0.209846
2026-02-18T17:30:00+01:00,0.228045
2026-02-18T17:45:00+01:00,0.230115
2026-02-18T18:00:00+01:00,0.23391
2026-02-18T18:15:00+01:00,0.234169
2026-02-18T18:30:00+01:00,0.23046
2026-02-18T18:45:00+01:00,0.208035
2026-02-18T19:00:00+01:00,0.180694
2026-02-18T19:15:00+01:00,0.229425
2026-02-18T19:30:00+01:00,0.229598
2026-02-18T19:45:00+01:00,0.241327
2026-02-18T20:00:00+01:00,0.240638
2026-02-18T20:15:00+01:00,0.225113
2026-02-18T20:30:00+01:00,0.232789
2026-02-18T20:45:00+01:00,0.22425
2026-02-18T21:00:00+01:00,0.220455
2026-02-18T21:15:00+01:00,0.230978
2026-02-18T21:30:00+01:00,0.184058
2026-02-18T21:45:00+01:00,0.210795
2026-02-18T22:00:00+01:00,0.287385
2026-02-18T22:15:00+01:00,0.28911
2026-02-18T22:30:00+01:00,0.307395
2026-02-18T22:45:00+01:00,0.259267
2026-02-18T23:00:00+01:00,0.151973
2026-02-18T23:15:00+01:00,0.151628
2026-02-18T23:30:00+01:00,0.151455
2026-02-18T23:45:00+01:00,0.152145
2026-02-19T00:00:00+01:00,0.150938
2026-02-19T00:15:00+01:00,0.15249
2026-02-19T00:30:00+01:00,0.151455
2026-02-19T00:45:00+01:00,0.151455
2026-02-19T01:00:00+01:00,0.150593
2026-02-19T01:15:00+01:00,0.151973
2026-02-19T01:30:00+01:00,0.150765
2026-02-19T01:45:00+01:00,0.152145
2026-02-19T02:00:00+01:00,0.151283
2026-02-19T02:15:00+01:00,0.151455
2026-02-19T02:30:00+01:00,0.15249
2026-02-19T02:45:00+01:00,0.150938
2026-02-19T03:00:00+01:00,0.150938
2026-02-19T03:15:00+01:00,0.15111
2026-02-19T03:30:00+01:00,0.151455
2026-02-19T03:45:00+01:00,0.1518
2026-02-19T04:00:00+01:00,0.151628
2026-02-19T04:15:00+01:00,0.151455
2026-02-19T04:30:00+01:00,0.151628
2026-02-19T04:45:00+01:00,0.152318
2026-02-19T05:00:00+01:00,0.151283
2026-02-19T05:15:00+01:00,0.151455
2026-02-19T05:30:00+01:00,0.154129
2026-02-19T05:45:00+01:00,0.151628
2026-02-19T06:00:00+01:00,0.154215
2026-02-19T06:15:00+01:00,0.19044
2026-02-19T06:30:00+01:00,0.167843
2026-02-19T06:45:00+01:00,0.16629
2026-02-19T07:00:00+01:00,0.190267
2026-02-19T07:15:00+01:00,0.195615
2026-02-19T07:30:00+01:00,0.226838
2026-02-19T07:45:00+01:00,0.227527
2026-02-19T08:00:00+01:00,0.24909
2026-02-19T08:15:00+01:00,0.205793
2026-02-19T08:30:00+01:00,0.203723
2026-02-19T08:45:00+01:00,0.212693
2026-02-19T09:00:00+01:00,0.240983
2026-02-19T09:15:00+01:00,0.258577
2026-02-19T09:30:00+01:00,0.247538
2026-02-19T09:45:00+01:00,0.196478
2026-02-19T10:00:00+01:00,0.190095
2026-02-19T10:15:00+01:00,0.204068
2026-02-19T10:30:00+01:00,0.201135
2026-02-19T10:45:00+01:00,0.216746
2026-02-19T11:00:00+01:00,0.233738
2026-02-19T11:15:00+01:00,0.241672
2026-02-19T11:30:00+01:00,0.154215
2026-02-19T11:45:00+01:00,0.15111
2026-02-19T12:00:00+01:00,0.16836
2026-02-19T12:15:00+01:00,0.196564
2026-02-19T12:30:00+01:00,0.244433
2026-02-19T12:45:00+01:00,0.239947
2026-02-19T13:00:00+01:00,0.202688
2026-02-19T13:15:00+01:00,0.237705
2026-02-19T13:30:00+01:00,0.221318
2026-02-19T13:45:00+01:00,0.159045
2026-02-19T14:00:00+01:00,0.205965
2026-02-19T14:15:00+01:00,0.210623
2026-02-19T14:30:00+01:00,0.235808
2026-02-19T14:45:00+01:00,0.233738
2026-02-19T15:00:00+01:00,0.212348
2026-02-19T15:15:00+01:00,0.205103
2026-02-19T15:30:00+01:00,0.229425
2026-02-19T15:45:00+01:00,0.220455
2026-02-19T16:00:00+01:00,0.22701
2026-02-19T16:15:00+01:00,0.229598
2026-02-19T16:30:00+01:00,0.224078
2026-02-19T16:45:00+01:00,0.24012
2026-02-19T17:00:00+01:00,0.230632
2026-02-19T17:15:00+01:00,0.21804
2026-02-19T17:30:00+01:00,0.232358
2026-02-19T17:45:00+01:00,0.212348
2026-02-19T18:00:00+01:00,0.241845
2026-02-19T18:15:00+01:00,0.219851
2026-02-19T18:30:00+01:00,0.191303
2026-02-19T18:45:00+01:00,0.20286
2026-02-19T19:00:00+01:00,0.230805
2026-02-19T19:15:00+01:00,0.241155
2026-02-19T19:30:00+01:00,0.22701
2026-02-19T19:45:00+01:00,0.23322
2026-02-19T20:00:00+01:00,0.210278
2026-02-19T20:15:00+01:00,0.175433
2026-02-19T20:30:00+01:00,0.153698
2026-02-19T20:45:00+01:00,0.200704
2026-02-19T21:00:00+01:00,0.211313
2026-02-19T21:15:00+01:00,0.210795
2026-02-19T21:30:00+01:00,0.175433
2026-02-19T21:45:00+01:00,0.211658
2026-02-19T22:00:00+01:00,0.290317
2026-02-19T22:15:00+01:00,0.242276
2026-02-19T22:30:00+01:00,0.151973
2026-02-19T22:45:00+01:00,0.151455
2026-02-19T23:00:00+01:00,0.151455
2026-02-19T23:15:00+01:00,0.151455
2026-02-19T23:30:00+01:00,0.15111
2026-02-19T23:45:00+01:00,0.150938
2026-02-20T00:00:00+01:00,0.151973
2026-02-20T00:15:00+01:00,0.151628
2026-02-20T00:30:00+01:00,0.15111
2026-02-20T00:45:00+01:00,0.151455
2026-02-20T01:00:00+01:00,0.150765
2026-02-20T01:15:00+01:00,0.150075
2026-02-20T01:30:00+01:00,0.151283
2026-02-20T01:45:00+01:00,0.150593
2026-02-20T02:00:00+01:00,0.1518
2026-02-20T02:15:00+01:00,0.15111
2026-02-20T02:30:00+01:00,0.151628
2026-02-20T02:45:00+01:00,0.151455
2026-02-20T03:00:00+01:00,0.15111
2026-02-20T03:15:00+01:00,0.150593
2026-02-20T03:30:00+01:00,0.152145
2026-02-20T03:45:00+01:00,0.151455
2026-02-20T04:00:00+01:00,0.15111
2026-02-20T04:15:00+01:00,0.151973
2026-02-20T04:30:00+01:00,0.15042
2026-02-20T04:45:00+01:00,0.1518
2026-02-20T05:00:00+01:00,0.15111
2026-02-20T05:15:00+01:00,0.15249
2026-02-20T05:30:00+01:00,0.1518
2026-02-20T05:45:00+01:00,0.150593
2026-02-20T06:00:00+01:00,0.15111
2026-02-20T06:15:00+01:00,0.151628
2026-02-20T06:30:00+01:00,0.15111
2026-02-20T06:45:00+01:00,0.150075
2026-02-20T07:00:00+01:00,0.150938
2026-02-20T07:15:00+01:00,0.150593
2026-02-20T07:30:00+01:00,0.150765
2026-02-20T07:45:00+01:00,0.15111
2026-02-20T08:00:00+01:00,0.15111
2026-02-20T08:15:00+01:00,0.150938
2026-02-20T08:30:00+01:00,0.150075
2026-02-20T08:45:00+01:00,0.151973
2026-02-20T09:00:00+01:00,0.150593
2026-02-20T09:15:00+01:00,0.150075
2026-02-20T09:30:00+01:00,0.15042
2026-02-20T09:45:00+01:00,0.151283
2026-02-20T10:00:00+01:00,0.1518
2026-02-20T10:15:00+01:00,0.149903
2026-02-20T10:30:00+01:00,0.150938
2026-02-20T10:45:00+01:00,0.151455
2026-02-20T11:00:00+01:00,0.151973
2026-02-20T11:15:00+01:00,0.150593
2026-02-20T11:30:00+01:00,0.151628
2026-02-20T11:45:00+01:00,0.151973
2026-02-20T12:00:00+01:00,0.150938
2026-02-20T12:15:00+01:00,0.150938
2026-02-20T12:30:00+01:00,0.151455
2026-02-20T12:45:00+01:00,0.151455
2026-02-20T13:00:00+01:00,0.151541
2026-02-20T13:15:00+01:00,0.150938
2026-02-20T13:30:00+01:00,0.150593
2026-02-20T13:45:00+01:00,0.150075
2026-02-20T14:00:00+01:00,0.149213
2026-02-20T14:15:00+01:00,0.15042
2026-02-20T14:30:00+01:00,0.14973
2026-02-20T14:45:00+01:00,0.150938
2026-02-20T15:00:00+01:00,0.151455
2026-02-20T15:15:00+01:00,0.15111
2026-02-20T15:30:00+01:00,0.15111
2026-02-20T15:45:00+01:00,0.15249
2026-02-20T16:00:00+01:00,0.150248
2026-02-20T16:15:00+01:00,0.15111
2026-02-20T16:30:00+01:00,0.150765
2026-02-20T16:45:00+01:00,0.15111
2026-02-20T17:00:00+01:00,0.152318
2026-02-20T17:15:00+01:00,0.152663
2026-02-20T17:30:00+01:00,0.150851
2026-02-20T17:45:00+01:00,0.151455
2026-02-20T18:00:00+01:00,0.1518
2026-02-20T18:15:00+01:00,0.15111
2026-02-20T18:30:00+01:00,0.150938
2026-02-20T18:45:00+01:00,0.1518
2026-02-20T19:00:00+01:00,0.150765
2026-02-20T19:15:00+01:00,0.151283
2026-02-20T19:30:00+01:00,0.15042
2026-02-20T19:45:00+01:00,0.151283
2026-02-20T20:00:00+01:00,0.151455
2026-02-20T20:15:00+01:00,0.151455
2026-02-20T20:30:00+01:00,0.1518
2026-02-20T20:45:00+01:00,0.150851
2026-02-20T21:00:00+01:00,0.150938
2026-02-20T21:15:00+01:00,0.151628
2026-02-20T21:30:00+01:00,0.15042
2026-02-20T21:45:00+01:00,0.152318
2026-02-20T22:00:00+01:00,0.1518
2026-02-20T22:15:00+01:00,0.15249
2026-02-20T22:30:00+01:00,0.151973
2026-02-20T22:45:00+01:00,0.150248
2026-02-20T23:00:00+01:00,0.152835
2026-02-20T23:15:00+01:00,0.15387
2026-02-20T23:30:00+01:00,0.152663
2026-02-20T23:45:00+01:00,0.152663
2026-02-21T00:00:00+01:00,0.152835
2026-02-21T00:15:00+01:00,0.15318
2026-02-21T00:30:00+01:00,0.151973
2026-02-21T00:45:00+01:00,0.151455
2026-02-21T01:00:00+01:00,0.150938
2026-02-21T01:15:00+01:00,0.153008
2026-02-21T01:30:00+01:00,0.1518
2026-02-21T01:45:00+01:00,0.151973
2026-02-21T02:00:00+01:00,0.15249
2026-02-21T02:15:00+01:00,0.151628
2026-02-21T02:30:00+01:00,0.1518
2026-02-21T02:45:00+01:00,0.152318
2026-02-21T03:00:00+01:00,0.153008
2026-02-21T03:15:00+01:00,0.15318
2026-02-21T03:30:00+01:00,0.15249
2026-02-21T03:45:00+01:00,0.152145
2026-02-21T04:00:00+01:00,0.151973
2026-02-21T04:15:00+01:00,0.153698
2026-02-21T04:30:00+01:00,0.152663
2026-02-21T04:45:00+01:00,0.152318
2026-02-21T05:00:00+01:00,0.15249
2026-02-21T05:15:00+01:00,0.152663
2026-02-21T05:30:00+01:00,0.151628
2026-02-21T05:45:00+01:00,0.1518
2026-02-21T06:00:00+01:00,0.152835
2026-02-21T06:15:00+01:00,0.151283
2026-02-21T06:30:00+01:00,0.152318
2026-02-21T06:45:00+01:00,0.151973
2026-02-21T07:00:00+01:00,0.152835
2026-02-21T07:15:00+01:00,0.152835
2026-02-21T07:30:00+01:00,0.152318
2026-02-21T07:45:00+01:00,0.151455
2026-02-21T08:00:00+01:00,0.152835
2026-02-21T08:15:00+01:00,0.1518
2026-02-21T08:30:00+01:00,0.152318
2026-02-21T08:45:00+01:00,0.15318
2026-02-21T09:00:00+01:00,0.150765
2026-02-21T09:15:00+01:00,0.151973
2026-02-21T09:30:00+01:00,0.151628
2026-02-21T09:45:00+01:00,0.151973
2026-02-21T10:00:00+01:00,0.150938
2026-02-21T10:15:00+01:00,0.151973
2026-02-21T10:30:00+01:00,0.1518
2026-02-21T10:45:00+01:00,0.151973
2026-02-21T11:00:00+01:00,0.152318
2026-02-21T11:15:00+01:00,0.15042
2026-02-21T11:30:00+01:00,0.150765
2026-02-21T11:45:00+01:00,0.149903
2026-02-21T12:00:00+01:00,0.15042
2026-02-21T12:15:00+01:00,0.150938
2026-02-21T12:30:00+01:00,0.151455
2026-02-21T12:45:00+01:00,0.151973
2026-02-21T13:00:00+01:00,0.150593
2026-02-21T13:15:00+01:00,0.15042
2026-02-21T13:30:00+01:00,0.151628
2026-02-21T13:45:00+01:00,0.152318
2026-02-21T14:00:00+01:00,0.150593
2026-02-21T14:15:00+01:00,0.1518
2026-02-21T14:30:00+01:00,0.15249
2026-02-21T14:45:00+01:00,0.150938
2026-02-21T15:00:00+01:00,0.150593
2026-02-21T15:15:00+01:00,0.15042
2026-02-21T15:30:00+01:00,0.150765
2026-02-21T15:45:00+01:00,0.15111
2026-02-21T16:00:00+01:00,0.149213
2026-02-21T16:15:00+01:00,0.14835
2026-02-21T16:30:00+01:00,0.149558
2026-02-21T16:45:00+01:00,0.150075
2026-02-21T17:00:00+01:00,0.151455
2026-02-21T17:15:00+01:00,0.152663
2026-02-21T17:30:00+01:00,0.150765
2026-02-21T17:45:00+01:00,0.153525
2026-02-21T18:00:00+01:00,0.151455
2026-02-21T18:15:00+01:00,0.152835
2026-02-21T18:30:00+01:00,0.151973
2026-02-21T18:45:00+01:00,0.152318
2026-02-21T19:00:00+01:00,0.1518
2026-02-21T19:15:00+01:00,0.1518
2026-02-21T19:30:00+01:00,0.153353
2026-02-21T19:45:00+01:00,0.153353
2026-02-21T20:00:00+01:00,0.152835
2026-02-21T20:15:00+01:00,0.153525
2026-02-21T20:30:00+01:00,0.153525
2026-02-21T20:45:00+01:00,0.153698
2026-02-21T21:00:00+01:00,0.15318
2026-02-21T21:15:00+01:00,0.153525
2026-02-21T21:30:00+01:00,0.154043
2026-02-21T21:45:00+01:00,0.152835
2026-02-21T22:00:00+01:00,0.153525
2026-02-21T22:15:00+01:00,0.152145
2026-02-21T22:30:00+01:00,0.15318
2026-02-21T22:45:00+01:00,0.15318
2026-02-21T23:00:00+01:00,0.153353
2026-02-21T23:15:00+01:00,0.153698
2026-02-21T23:30:00+01:00,0.153698
2026-02-21T23:45:00+01:00,0.15387
2026-02-22T00:00:00+01:00,0.152835
2026-02-22T00:15:00+01:00,0.15387
2026-02-22T00:30:00+01:00,0.153353
2026-02-22T00:45:00+01:00,0.152663
2026-02-22T01:00:00+01:00,0.153353
2026-02-22T01:15:00+01:00,0.15387
2026-02-22T01:30:00+01:00,0.153698
2026-02-22T01:45:00+01:00,0.153698
2026-02-22T02:00:00+01:00,0.153008
2026-02-22T02:15:00+01:00,0.15387
2026-02-22T02:30:00+01:00,0.152835
2026-02-22T02:45:00+01:00,0.15318
2026-02-22T03:00:00+01:00,0.15318
2026-02-22T03:15:00+01:00,0.15249
2026-02-22T03:30:00+01:00,0.152145
2026-02-22T03:45:00+01:00,0.153525
2026-02-22T04:00:00+01:00,0.153008
2026-02-22T04:15:00+01:00,0.153008
2026-02-22T04:30:00+01:00,0.152835
2026-02-22T04:45:00+01:00,0.152835
2026-02-22T05:00:00+01:00,0.151973
2026-02-22T05:15:00+01:00,0.152318
2026-02-22T05:30:00+01:00,0.15318
2026-02-22T05:45:00+01:00,0.1518
2026-02-22T06:00:00+01:00,0.153008
2026-02-22T06:15:00+01:00,0.154043
2026-02-22T06:30:00+01:00,0.15318
2026-02-22T06:45:00+01:00,0.154043
2026-02-22T07:00:00+01:00,0.15249
2026-02-22T07:15:00+01:00,0.153008
2026-02-22T07:30:00+01:00,0.150593
2026-02-22T07:45:00+01:00,0.149558
2026-02-22T08:00:00+01:00,0.151283
2026-02-22T08:15:00+01:00,0.152145
2026-02-22T08:30:00+01:00,0.150593
2026-02-22T08:45:00+01:00,0.152145
2026-02-22T09:00:00+01:00,0.152835
2026-02-22T09:15:00+01:00,0.152835
2026-02-22T09:30:00+01:00,0.151973
2026-02-22T09:45:00+01:00,0.151973
2026-02-22T10:00:00+01:00,0.152835
2026-02-22T10:15:00+01:00,0.151283
2026-02-22T10:30:00+01:00,0.151283
2026-02-22T10:45:00+01:00,0.151455
2026-02-22T11:00:00+01:00,0.152145
2026-02-22T11:15:00+01:00,0.152318
2026-02-22T11:30:00+01:00,0.15111
2026-02-22T11:45:00+01:00,0.151455
2026-02-22T12:00:00+01:00,0.152145
2026-02-22T12:15:00+01:00,0.15042
2026-02-22T12:30:00+01:00,0.152318
2026-02-22T12:45:00+01:00,0.15111
2026-02-22T13:00:00+01:00,0.15111
2026-02-22T13:15:00+01:00,0.1518
2026-02-22T13:30:00+01:00,0.152145
2026-02-22T13:45:00+01:00,0.150248
2026-02-22T14:00:00+01:00,0.14904
2026-02-22T14:15:00+01:00,0.14835
2026-02-22T14:30:00+01:00,0.14766
2026-02-22T14:45:00+01:00,0.149213
2026-02-22T15:00:00+01:00,0.149213
2026-02-22T15:15:00+01:00,0.14904
2026-02-22T15:30:00+01:00,0.15042
2026-02-22T15:45:00+01:00,0.149385
2026-02-22T16:00:00+01:00,0.14697
2026-02-22T16:15:00+01:00,0.146798
2026-02-22T16:30:00+01:00,0.147488
2026-02-22T16:45:00+01:00,0.147143
2026-02-22T17:00:00+01:00,0.146798
2026-02-22T17:15:00+01:00,0.147833
2026-02-22T17:30:00+01:00,0.147488
2026-02-22T17:45:00+01:00,0.149558
2026-02-22T18:00:00+01:00,0.147833
2026-02-22T18:15:00+01:00,0.14697
2026-02-22T18:30:00+01:00,0.148178
2026-02-22T18:45:00+01:00,0.147488
2026-02-22T19:00:00+01:00,0.147315
2026-02-22T19:15:00+01:00,0.147143
2026-02-22T19:30:00+01:00,0.148005
2026-02-22T19:45:00+01:00,0.148178
2026-02-22T20:00:00+01:00,0.148178
2026-02-22T20:15:00+01:00,0.14766
2026-02-22T20:30:00+01:00,0.14904
2026-02-22T20:45:00+01:00,0.149213
2026-02-22T21:00:00+01:00,0.148695
2026-02-22T21:15:00+01:00,0.148523
2026-02-22T21:30:00+01:00,0.149903
2026-02-22T21:45:00+01:00,0.148523
2026-02-22T22:00:00+01:00,0.151628
2026-02-22T22:15:00+01:00,0.151973
2026-02-22T22:30:00+01:00,0.152318
2026-02-22T22:45:00+01:00,0.153008
2026-02-22T23:00:00+01:00,0.150938
2026-02-22T23:15:00+01:00,0.151455
2026-02-22T23:30:00+01:00,0.151628
2026-02-22T23:45:00+01:00,0.151455
2026-02-23T00:00:00+01:00,0.150765
2026-02-23T00:15:00+01:00,0.1518
2026-02-23T00:30:00+01:00,0.149213
2026-02-23T00:45:00+01:00,0.150248
2026-02-23T01:00:00+01:00,0.15111
2026-02-23T01:15:00+01:00,0.151283
2026-02-23T01:30:00+01:00,0.15111
2026-02-23T01:45:00+01:00,0.151628
2026-02-23T02:00:00+01:00,0.150075
2026-02-23T02:15:00+01:00,0.151973
2026-02-23T02:30:00+01:00,0.151628
2026-02-23T02:45:00+01:00,0.151283
2026-02-23T03:00:00+01:00,0.150938
2026-02-23T03:15:00+01:00,0.150248
2026-02-23T03:30:00+01:00,0.15042
2026-02-23T03:45:00+01:00,0.150765
2026-02-23T04:00:00+01:00,0.15042
2026-02-23T04:15:00+01:00,0.151283
2026-02-23T04:30:00+01:00,0.1518
2026-02-23T04:45:00+01:00,0.151283
2026-02-23T05:00:00+01:00,0.151283
2026-02-23T05:15:00+01:00,0.151283
2026-02-23T05:30:00+01:00,0.15111
2026-02-23T05:45:00+01:00,0.15249
2026-02-23T06:00:00+01:00,0.15111
2026-02-23T06:15:00+01:00,0.150765
2026-02-23T06:30:00+01:00,0.151283
2026-02-23T06:45:00+01:00,0.15111
2026-02-23T07:00:00+01:00,0.150765
2026-02-23T07:15:00+01:00,0.150248
2026-02-23T07:30:00+01:00,0.15111
2026-02-23T07:45:00+01:00,0.151283
2026-02-23T08:00:00+01:00,0.150765
2026-02-23T08:15:00+01:00,0.151283
2026-02-23T08:30:00+01:00,0.15042
2026-02-23T08:45:00+01:00,0.151283
2026-02-23T09:00:00+01:00,0.150938
2026-02-23T09:15:00+01:00,0.15111
2026-02-23T09:30:00+01:00,0.151973
2026-02-23T09:45:00+01:00,0.151283
2026-02-23T10:00:00+01:00,0.150765
2026-02-23T10:15:00+01:00,0.15042
2026-02-23T10:30:00+01:00,0.151283
2026-02-23T10:45:00+01:00,0.15111
2026-02-23T11:00:00+01:00,0.150938
2026-02-23T11:15:00+01:00,0.151973
2026-02-23T11:30:00+01:00,0.150593
2026-02-23T11:45:00+01:00,0.151283
2026-02-23T12:00:00+01:00,0.149558
2026-02-23T12:15:00+01:00,0.150248
2026-02-23T12:30:00+01:00,0.150765
2026-02-23T12:45:00+01:00,0.150765
2026-02-23T13:00:00+01:00,0.15042
2026-02-23T13:15:00+01:00,0.151455
2026-02-23T13:30:00+01:00,0.15042
2026-02-23T13:45:00+01:00,0.150593
2026-02-23T14:00:00+01:00,0.150765
2026-02-23T14:15:00+01:00,0.151283
2026-02-23T14:30:00+01:00,0.151455
2026-02-23T14:45:00+01:00,0.150765
2026-02-23T15:00:00+01:00,0.15111
2026-02-23T15:15:00+01:00,0.15042
2026-02-23T15:30:00+01:00,0.151628
2026-02-23T15:45:00+01:00,0.151628
2026-02-23T16:00:00+01:00,0.151886
2026-02-23T16:15:00+01:00,0.151455
2026-02-23T16:30:00+01:00,0.152145
2026-02-23T16:45:00+01:00,0.151455
2026-02-23T17:00:00+01:00,0.151973
2026-02-23T17:15:00+01:00,0.151283
2026-02-23T17:30:00+01:00,0.151283
2026-02-23T17:45:00+01:00,0.150765
2026-02-23T18:00:00+01:00,0.151628
2026-02-23T18:15:00+01:00,0.151628
2026-02-23T18:30:00+01:00,0.15042
2026-02-23T18:45:00+01:00,0.151628
2026-02-23T19:00:00+01:00,0.151455
2026-02-23T19:15:00+01:00,0.151283
2026-02-23T19:30:00+01:00,0.151283
2026-02-23T19:45:00+01:00,0.149903
2026-02-23T20:00:00+01:00,0.150506
2026-02-23T20:15:00+01:00,0.151455
2026-02-23T20:30:00+01:00,0.151628
2026-02-23T20:45:00+01:00,0.151455
2026-02-23T21:00:00+01:00,0.15042
2026-02-23T21:15:00+01:00,0.151628
2026-02-23T21:30:00+01:00,0.1518
2026-02-23T21:45:00+01:00,0.1518
2026-02-23T22:00:00+01:00,0.221663
2026-02-23T22:15:00+01:00,0.238913
2026-02-23T22:30:00+01:00,0.247537
2026-02-23T22:45:00+01:00,0.236152
2026-02-23T23:00:00+01:00,0.248745
2026-02-23T23:15:00+01:00,0.233047
2026-02-23T23:30:00+01:00,0.188543
2026-02-23T23:45:00+01:00,0.240465
2026-02-24T00:00:00+01:00,0.251333
2026-02-24T00:15:00+01:00,0.264787
2026-02-24T00:30:00+01:00,0.23391
2026-02-24T00:45:00+01:00,0.248917
2026-02-24T01:00:00+01:00,0.234083
2026-02-24T01:15:00+01:00,0.236153
2026-02-24T01:30:00+01:00,0.238309
2026-02-24T01:45:00+01:00,0.207173
2026-02-24T02:00:00+01:00,0.223905
2026-02-24T02:15:00+01:00,0.220455
2026-02-24T02:30:00+01:00,0.165945
2026-02-24T02:45:00+01:00,0.165773
2026-02-24T03:00:00+01:00,0.221318
2026-02-24T03:15:00+01:00,0.220455
2026-02-24T03:30:00+01:00,0.230805
2026-02-24T03:45:00+01:00,0.232702
2026-02-24T04:00:00+01:00,0.247192
2026-02-24T04:15:00+01:00,0.21321
2026-02-24T04:30:00+01:00,0.168705
2026-02-24T04:45:00+01:00,0.233565
2026-02-24T05:00:00+01:00,0.24495
2026-02-24T05:15:00+01:00,0.23115
2026-02-24T05:30:00+01:00,0.203636
2026-02-24T05:45:00+01:00,0.150075
2026-02-24T06:00:00+01:00,0.151455
2026-02-24T06:15:00+01:00,0.150765
2026-02-24T06:30:00+01:00,0.150593
2026-02-24T06:45:00+01:00,0.152145
2026-02-24T07:00:00+01:00,0.151973
2026-02-24T07:15:00+01:00,0.151283
2026-02-24T07:30:00+01:00,0.15111
2026-02-24T07:45:00+01:00,0.1518
2026-02-24T08:00:00+01:00,0.15042
2026-02-24T08:15:00+01:00,0.150248
2026-02-24T08:30:00+01:00,0.150938
2026-02-24T08:45:00+01:00,0.15111
2026-02-24T09:00:00+01:00,0.151973
2026-02-24T09:15:00+01:00,0.151283
2026-02-24T09:30:00+01:00,0.151283
2026-02-24T09:45:00+01:00,0.15111
2026-02-24T10:00:00+01:00,0.15111
2026-02-24T10:15:00+01:00,0.15111
2026-02-24T10:30:00+01:00,0.152663
2026-02-24T10:45:00+01:00,0.150593
2026-02-24T11:00:00+01:00,0.15111
2026-02-24T11:15:00+01:00,0.150593
2026-02-24T11:30:00+01:00,0.150593
2026-02-24T11:45:00+01:00,0.1518
2026-02-24T12:00:00+01:00,0.151283
2026-02-24T12:15:00+01:00,0.151455
2026-02-24T12:30:00+01:00,0.151455
2026-02-24T12:45:00+01:00,0.14973
2026-02-24T13:00:00+01:00,0.150938
2026-02-24T13:15:00+01:00,0.151283
2026-02-24T13:30:00+01:00,0.1518
2026-02-24T13:45:00+01:00,0.15732
2026-02-24T14:00:00+01:00,0.2484
2026-02-24T14:15:00+01:00,0.293423
2026-02-24T14:30:00+01:00,0.303427
2026-02-24T14:45:00+01:00,0.289455
2026-02-24T15:00:00+01:00,0.319125
2026-02-24T15:15:00+01:00,0.306532
2026-02-24T15:30:00+01:00,0.301012
2026-02-24T15:45:00+01:00,0.289283
2026-02-24T16:00:00+01:00,0.299805
2026-02-24T16:15:00+01:00,0.311362
2026-02-24T16:30:00+01:00,0.299115
2026-02-24T16:45:00+01:00,0.304549
2026-02-24T17:00:00+01:00,0.3036
2026-02-24T17:15:00+01:00,0.299805
2026-02-24T17:30:00+01:00,0.314036
2026-02-24T17:45:00+01:00,0.310845
2026-02-24T18:00:00+01:00,0.28566
2026-02-24T18:15:00+01:00,0.311017
2026-02-24T18:30:00+01:00,0.293595
2026-02-24T18:45:00+01:00,0.28566
2026-02-24T19:00:00+01:00,0.229425
2026-02-24T19:15:00+01:00,0.312397
2026-02-24T19:30:00+01:00,0.229425
2026-02-24T19:45:00+01:00,0.208552
2026-02-24T20:00:00+01:00,0.297821
2026-02-24T20:15:00+01:00,0.301875
2026-02-24T20:30:00+01:00,0.316624
2026-02-24T20:45:00+01:00,0.311362
2026-02-24T21:00:00+01:00,0.301013
2026-02-24T21:15:00+01:00,0.310759
2026-02-24T21:30:00+01:00,0.31533
2026-02-24T21:45:00+01:00,0.228217
2026-02-24T22:00:00+01:00,0.28566
2026-02-24T22:15:00+01:00,0.308947
2026-02-24T22:30:00+01:00,0.281347
2026-02-24T22:45:00+01:00,0.295493
2026-02-24T23:00:00+01:00,0.315675
2026-02-24T23:15:00+01:00,0.297045
2026-02-24T23:30:00+01:00,0.307826
2026-02-24T23:45:00+01:00,0.247365
2026-02-25T00:00:00+01:00,0.30567
2026-02-25T00:15:00+01:00,0.297045
2026-02-25T00:30:00+01:00,0.30429
2026-02-25T00:45:00+01:00,0.297217
2026-02-25T01:00:00+01:00,0.223042
2026-02-25T01:15:00+01:00,0.310414
2026-02-25T01:30:00+01:00,0.326715
2026-02-25T01:45:00+01:00,0.29739
2026-02-25T02:00:00+01:00,0.308344
2026-02-25T02:15:00+01:00,0.243915
2026-02-25T02:30:00+01:00,0.214072
2026-02-25T02:45:00+01:00,0.166635
2026-02-25T03:00:00+01:00,0.306101
2026-02-25T03:15:00+01:00,0.325335
2026-02-25T03:30:00+01:00,0.289455
2026-02-25T03:45:00+01:00,0.288937
2026-02-25T04:00:00+01:00,0.296872
2026-02-25T04:15:00+01:00,0.280312
2026-02-25T04:30:00+01:00,0.25668
2026-02-25T04:45:00+01:00,0.282469
2026-02-25T05:00:00+01:00,0.284797
2026-02-25T05:15:00+01:00,0.27393
2026-02-25T05:30:00+01:00,0.280312
2026-02-25T05:45:00+01:00,0.223215
2026-02-25T06:00:00+01:00,0.171982
2026-02-25T06:15:00+01:00,0.200445
2026-02-25T06:30:00+01:00,0.153008
2026-02-25T06:45:00+01:00,0.216143
2026-02-25T07:00:00+01:00,0.204758
2026-02-25T07:15:00+01:00,0.187335
2026-02-25T07:30:00+01:00,0.19113
2026-02-25T07:45:00+01:00,0.150593
2026-02-25T08:00:00+01:00,0.194925
2026-02-25T08:15:00+01:00,0.222698
2026-02-25T08:30:00+01:00,0.216143
2026-02-25T08:45:00+01:00,0.20424
2026-02-25T09:00:00+01:00,0.217177
2026-02-25T09:15:00+01:00,0.17181
2026-02-25T09:30:00+01:00,0.175088
2026-02-25T09:45:00+01:00,0.169395
2026-02-25T10:00:00+01:00,0.18147
2026-02-25T10:15:00+01:00,0.182678
2026-02-25T10:30:00+01:00,0.19389
2026-02-25T10:45:00+01:00,0.186817
2026-02-25T11:00:00+01:00,0.184747
2026-02-25T11:15:00+01:00,0.180435
2026-02-25T11:30:00+01:00,0.1518
2026-02-25T11:45:00+01:00,0.163185
2026-02-25T12:00:00+01:00,0.178883
2026-02-25T12:15:00+01:00,0.166118
2026-02-25T12:30:00+01:00,0.1587
2026-02-25T12:45:00+01:00,0.15801
2026-02-25T13:00:00+01:00,0.185437
2026-02-25T13:15:00+01:00,0.159045
2026-02-25T13:30:00+01:00,0.16215
2026-02-25T13:45:00+01:00,0.151455
2026-02-25T14:00:00+01:00,0.150593
2026-02-25T14:15:00+01:00,0.151973
2026-02-25T14:30:00+01:00,0.150938
2026-02-25T14:45:00+01:00,0.151628
2026-02-25T15:00:00+01:00,0.150765
2026-02-25T15:15:00+01:00,0.1518
2026-02-25T15:30:00+01:00,0.150765
2026-02-25T15:45:00+01:00,0.151973
2026-02-25T16:00:00+01:00,0.151455
2026-02-25T16:15:00+01:00,0.150851
2026-02-25T16:30:00+01:00,0.151628
2026-02-25T16:45:00+01:00,0.152145
2026-02-25T17:00:00+01:00,0.151628
2026-02-25T17:15:00+01:00,0.151283
2026-02-25T17:30:00+01:00,0.151455
2026-02-25T17:45:00+01:00,0.151455
2026-02-25T18:00:00+01:00,0.151455
2026-02-25T18:15:00+01:00,0.150765
2026-02-25T18:30:00+01:00,0.151628
2026-02-25T18:45:00+01:00,0.150593
2026-02-25T19:00:00+01:00,0.151455
2026-02-25T19:15:00+01:00,0.152145
2026-02-25T19:30:00+01:00,0.150938
2026-02-25T19:45:00+01:00,0.151455
2026-02-25T20:00:00+01:00,0.151628
2026-02-25T20:15:00+01:00,0.1518
2026-02-25T20:30:00+01:00,0.153353
2026-02-25T20:45:00+01:00,0.152145
2026-02-25T21:00:00+01:00,0.151283
2026-02-25T21:15:00+01:00,0.151714
2026-02-25T21:30:00+01:00,0.15042
2026-02-25T21:45:00+01:00,0.151283
2026-02-25T22:00:00+01:00,0.15042
2026-02-25T22:15:00+01:00,0.150938
2026-02-25T22:30:00+01:00,0.15042
2026-02-25T22:45:00+01:00,0.151283
2026-02-25T23:00:00+01:00,0.150938
2026-02-25T23:15:00+01:00,0.151628
2026-02-25T23:30:00+01:00,0.15111
2026-02-25T23:45:00+01:00,0.151973
2026-02-26T00:00:00+01:00,0.15042
2026-02-26T00:15:00+01:00,0.151628
2026-02-26T00:30:00+01:00,0.151455
2026-02-26T00:45:00+01:00,0.150593
2026-02-26T01:00:00+01:00,0.151455
2026-02-26T01:15:00+01:00,0.150248
2026-02-26T01:30:00+01:00,0.150765
2026-02-26T01:45:00+01:00,0.150765
2026-02-26T02:00:00+01:00,0.150075
2026-02-26T02:15:00+01:00,0.151455
2026-02-26T02:30:00+01:00,0.150075
2026-02-26T02:45:00+01:00,0.151455
2026-02-26T03:00:00+01:00,0.151628
2026-02-26T03:15:00+01:00,0.151628
2026-02-26T03:30:00+01:00,0.151283
2026-02-26T03:45:00+01:00,0.152318
2026-02-26T04:00:00+01:00,0.150248
2026-02-26T04:15:00+01:00,0.151628
2026-02-26T04:30:00+01:00,0.151973
2026-02-26T04:45:00+01:00,0.151455
2026-02-26T05:00:00+01:00,0.151455
2026-02-26T05:15:00+01:00,0.151973
2026-02-26T05:30:00+01:00,0.1518
2026-02-26T05:45:00+01:00,0.151455
2026-02-26T06:00:00+01:00,0.150765
2026-02-26T06:15:00+01:00,0.150593
2026-02-26T06:30:00+01:00,0.150765
2026-02-26T06:45:00+01:00,0.151283
2026-02-26T07:00:00+01:00,0.157665
2026-02-26T07:15:00+01:00,0.154215
2026-02-26T07:30:00+01:00,0.185438
2026-02-26T07:45:00+01:00,0.182505
2026-02-26T08:00:00+01:00,0.21459
2026-02-26T08:15:00+01:00,0.193545
2026-02-26T08:30:00+01:00,0.20355
2026-02-26T08:45:00+01:00,0.222008
2026-02-26T09:00:00+01:00,0.218385
2026-02-26T09:15:00+01:00,0.230978
2026-02-26T09:30:00+01:00,0.2139
2026-02-26T09:45:00+01:00,0.176295
2026-02-26T10:00:00+01:00,0.15525
2026-02-26T10:15:00+01:00,0.225544
2026-02-26T10:30:00+01:00,0.23046
2026-02-26T10:45:00+01:00,0.202515
2026-02-26T11:00:00+01:00,0.190785
2026-02-26T11:15:00+01:00,0.237705
2026-02-26T11:30:00+01:00,0.240206
2026-02-26T11:45:00+01:00,0.22494
2026-02-26T12:00:00+01:00,0.230977
2026-02-26T12:15:00+01:00,0.170603
2026-02-26T12:30:00+01:00,0.240206
2026-02-26T12:45:00+01:00,0.25737
2026-02-26T13:00:00+01:00,0.212003
2026-02-26T13:15:00+01:00,0.21597
2026-02-26T13:30:00+01:00,0.230632
2026-02-26T13:45:00+01:00,0.171465
2026-02-26T14:00:00+01:00,0.262027
2026-02-26T14:15:00+01:00,0.291008
2026-02-26T14:30:00+01:00,0.291525
2026-02-26T14:45:00+01:00,0.29325
2026-02-26T15:00:00+01:00,0.301702
2026-02-26T15:15:00+01:00,0.28566
2026-02-26T15:30:00+01:00,0.302393
2026-02-26T15:45:00+01:00,0.277121
2026-02-26T16:00:00+01:00,0.247883
2026-02-26T16:15:00+01:00,0.237533
2026-02-26T16:30:00+01:00,0.27462
2026-02-26T16:45:00+01:00,0.287385
2026-02-26T17:00:00+01:00,0.29118
2026-02-26T17:15:00+01:00,0.289886
2026-02-26T17:30:00+01:00,0.27186
2026-02-26T17:45:00+01:00,0.294802
2026-02-26T18:00:00+01:00,0.269272
2026-02-26T18:15:00+01:00,0.286954
2026-02-26T18:30:00+01:00,0.282037
2026-02-26T18:45:00+01:00,0.28635
2026-02-26T19:00:00+01:00,0.293595
2026-02-26T19:15:00+01:00,0.2898
2026-02-26T19:30:00+01:00,0.22287
2026-02-26T19:45:00+01:00,0.173363
2026-02-26T20:00:00+01:00,0.289024
2026-02-26T20:15:00+01:00,0.297735
2026-02-26T20:30:00+01:00,0.287385
2026-02-26T20:45:00+01:00,0.276172
2026-02-26T21:00:00+01:00,0.2898
2026-02-26T21:15:00+01:00,0.247365
2026-02-26T21:30:00+01:00,0.248055
2026-02-26T21:45:00+01:00,0.17595
2026-02-26T22:00:00+01:00,0.151283
2026-02-26T22:15:00+01:00,0.1518
2026-02-26T22:30:00+01:00,0.15042
2026-02-26T22:45:00+01:00,0.15042
2026-02-26T23:00:00+01:00,0.150765
2026-02-26T23:15:00+01:00,0.151628
2026-02-26T23:30:00+01:00,0.15111
2026-02-26T23:45:00+01:00,0.150075
2026-02-27T00:00:00+01:00,0.151455
2026-02-27T00:15:00+01:00,0.1518
2026-02-27T00:30:00+01:00,0.152318
2026-02-27T00:45:00+01:00,0.151973
2026-02-27T01:00:00+01:00,0.15042
2026-02-27T01:15:00+01:00,0.151628
2026-02-27T01:30:00+01:00,0.150075
2026-02-27T01:45:00+01:00,0.1518
2026-02-27T02:00:00+01:00,0.15111
2026-02-27T02:15:00+01:00,0.150593
2026-02-27T02:30:00+01:00,0.15111
2026-02-27T02:45:00+01:00,0.149903
2026-02-27T03:00:00+01:00,0.150075
2026-02-27T03:15:00+01:00,0.150593
2026-02-27T03:30:00+01:00,0.150938
2026-02-27T03:45:00+01:00,0.150248
2026-02-27T04:00:00+01:00,0.150075
2026-02-27T04:15:00+01:00,0.151628
2026-02-27T04:30:00+01:00,0.152663
2026-02-27T04:45:00+01:00,0.151283
2026-02-27T05:00:00+01:00,0.153008
2026-02-27T05:15:00+01:00,0.1518
2026-02-27T05:30:00+01:00,0.152318
2026-02-27T05:45:00+01:00,0.151455
2026-02-27T06:00:00+01:00,0.150938
2026-02-27T06:15:00+01:00,0.151455
2026-02-27T06:30:00+01:00,0.152835
2026-02-27T06:45:00+01:00,0.151628
2026-02-27T07:00:00+01:00,0.1518
2026-02-27T07:15:00+01:00,0.150938
2026-02-27T07:30:00+01:00,0.151283
2026-02-27T07:45:00+01:00,0.151886
2026-02-27T08:00:00+01:00,0.151283
2026-02-27T08:15:00+01:00,0.150938
2026-02-27T08:30:00+01:00,0.151628
2026-02-27T08:45:00+01:00,0.150593
2026-02-27T09:00:00+01:00,0.1518
2026-02-27T09:15:00+01:00,0.151283
2026-02-27T09:30:00+01:00,0.151283
2026-02-27T09:45:00+01:00,0.150765
2026-02-27T10:00:00+01:00,0.151455
2026-02-27T10:15:00+01:00,0.150938
2026-02-27T10:30:00+01:00,0.149903
2026-02-27T10:45:00+01:00,0.150075
2026-02-27T11:00:00+01:00,0.150938
2026-02-27T11:15:00+01:00,0.15042
2026-02-27T11:30:00+01:00,0.150248
2026-02-27T11:45:00+01:00,0.150679
2026-02-27T12:00:00+01:00,0.150765
2026-02-27T12:15:00+01:00,0.150938
2026-02-27T12:30:00+01:00,0.150593
2026-02-27T12:45:00+01:00,0.152318
2026-02-27T13:00:00+01:00,0.15111
2026-02-27T13:15:00+01:00,0.151628
2026-02-27T13:30:00+01:00,0.171638
2026-02-27T13:45:00+01:00,0.19044
2026-02-27T14:00:00+01:00,0.277035
2026-02-27T14:15:00+01:00,0.271343
2026-02-27T14:30:00+01:00,0.261683
2026-02-27T14:45:00+01:00,0.243053
2026-02-27T15:00:00+01:00,0.262545
2026-02-27T15:15:00+01:00,0.277208
2026-02-27T15:30:00+01:00,0.26289
2026-02-27T15:45:00+01:00,0.27117
2026-02-27T16:00:00+01:00,0.258577
2026-02-27T16:15:00+01:00,0.268583
2026-02-27T16:30:00+01:00,0.27393
2026-02-27T16:45:00+01:00,0.278415
2026-02-27T17:00:00+01:00,0.283417
2026-02-27T17:15:00+01:00,0.29532
2026-02-27T17:30:00+01:00,0.263839
2026-02-27T17:45:00+01:00,0.2967
2026-02-27T18:00:00+01:00,0.29877
2026-02-27T18:15:00+01:00,0.282986
2026-02-27T18:30:00+01:00,0.284453
2026-02-27T18:45:00+01:00,0.2829
2026-02-27T19:00:00+01:00,0.321022
2026-02-27T19:15:00+01:00,0.276172
2026-02-27T19:30:00+01:00,0.22356
2026-02-27T19:45:00+01:00,0.187852
2026-02-27T20:00:00+01:00,0.283935
2026-02-27T20:15:00+01:00,0.23391
2026-02-27T20:30:00+01:00,0.150938
2026-02-27T20:45:00+01:00,0.14904
2026-02-27T21:00:00+01:00,0.14973
2026-02-27T21:15:00+01:00,0.152318
2026-02-27T21:30:00+01:00,0.152145
2026-02-27T21:45:00+01:00,0.150938
2026-02-27T22:00:00+01:00,0.149385
2026-02-27T22:15:00+01:00,0.14904
2026-02-27T22:30:00+01:00,0.150075
2026-02-27T22:45:00+01:00,0.150075
2026-02-27T23:00:00+01:00,0.15042
2026-02-27T23:15:00+01:00,0.149903
2026-02-27T23:30:00+01:00,0.14835
2026-02-27T23:45:00+01:00,0.149558
2026-02-28T00:00:00+01:00,0.148695
2026-02-28T00:15:00+01:00,0.148695
2026-02-28T00:30:00+01:00,0.150765
2026-02-28T00:45:00+01:00,0.15111
2026-02-28T01:00:00+01:00,0.150075
2026-02-28T01:15:00+01:00,0.149385
2026-02-28T01:30:00+01:00,0.14766
2026-02-28T01:45:00+01:00,0.150248
2026-02-28T02:00:00+01:00,0.148868
2026-02-28T02:15:00+01:00,0.14628
2026-02-28T02:30:00+01:00,0.14835
2026-02-28T02:45:00+01:00,0.150248
2026-02-28T03:00:00+01:00,0.148005
2026-02-28T03:15:00+01:00,0.148695
2026-02-28T03:30:00+01:00,0.148523
2026-02-28T03:45:00+01:00,0.148178
2026-02-28T04:00:00+01:00,0.149558
2026-02-28T04:15:00+01:00,0.15042
2026-02-28T04:30:00+01:00,0.150075
2026-02-28T04:45:00+01:00,0.150248
2026-02-28T05:00:00+01:00,0.151455
2026-02-28T05:15:00+01:00,0.151628
2026-02-28T05:30:00+01:00,0.149903
2026-02-28T05:45:00+01:00,0.14766
2026-02-28T06:00:00+01:00,0.149385
2026-02-28T06:15:00+01:00,0.149558
2026-02-28T06:30:00+01:00,0.147833
2026-02-28T06:45:00+01:00,0.146108
2026-02-28T07:00:00+01:00,0.149558
2026-02-28T07:15:00+01:00,0.147315
2026-02-28T07:30:00+01:00,0.149213
2026-02-28T07:45:00+01:00,0.149213
2026-02-28T08:00:00+01:00,0.14697
2026-02-28T08:15:00+01:00,0.147833
2026-02-28T08:30:00+01:00,0.150593
2026-02-28T08:45:00+01:00,0.150765
2026-02-28T09:00:00+01:00,0.14904
2026-02-28T09:15:00+01:00,0.148868
2026-02-28T09:30:00+01:00,0.148695
2026-02-28T09:45:00+01:00,0.150593
2026-02-28T10:00:00+01:00,0.151283
2026-02-28T10:15:00+01:00,0.151628
2026-02-28T10:30:00+01:00,0.152663
2026-02-28T10:45:00+01:00,0.152059
2026-02-28T11:00:00+01:00,0.1518
2026-02-28T11:15:00+01:00,0.151628
2026-02-28T11:30:00+01:00,0.15042
2026-02-28T11:45:00+01:00,0.150593
2026-02-28T12:00:00+01:00,0.15042
2026-02-28T12:15:00+01:00,0.15111
2026-02-28T12:30:00+01:00,0.149903
2026-02-28T12:45:00+01:00,0.150248
2026-02-28T13:00:00+01:00,0.150593
2026-02-28T13:15:00+01:00,0.150593
2026-02-28T13:30:00+01:00,0.150593
2026-02-28T13:45:00+01:00,0.150765
2026-02-28T14:00:00+01:00,0.152145
2026-02-28T14:15:00+01:00,0.151283
2026-02-28T14:30:00+01:00,0.150938
2026-02-28T14:45:00+01:00,0.150075
2026-02-28T15:00:00+01:00,0.15042
2026-02-28T15:15:00+01:00,0.14904
2026-02-28T15:30:00+01:00,0.15042
2026-02-28T15:45:00+01:00,0.15111
2026-02-28T16:00:00+01:00,0.150593
2026-02-28T16:15:00+01:00,0.152145
2026-02-28T16:30:00+01:00,0.151283
2026-02-28T16:45:00+01:00,0.150938
2026-02-28T17:00:00+01:00,0.151628
2026-02-28T17:15:00+01:00,0.153008
2026-02-28T17:30:00+01:00,0.152663
2026-02-28T17:45:00+01:00,0.1518
2026-02-28T18:00:00+01:00,0.152663
2026-02-28T18:15:00+01:00,0.153008
2026-02-28T18:30:00+01:00,0.1518
2026-02-28T18:45:00+01:00,0.151455
2026-02-28T19:00:00+01:00,0.152835
2026-02-28T19:15:00+01:00,0.152145
2026-02-28T19:30:00+01:00,0.15249
2026-02-28T19:45:00+01:00,0.1518
2026-02-28T20:00:00+01:00,0.152318
2026-02-28T20:15:00+01:00,0.150938
2026-02-28T20:30:00+01:00,0.152145
2026-02-28T20:45:00+01:00,0.151283
2026-02-28T21:00:00+01:00,0.151973
2026-02-28T21:15:00+01:00,0.15111
2026-02-28T21:30:00+01:00,0.15111
2026-02-28T21:45:00+01:00,0.150593
2026-02-28T22:00:00+01:00,0.151283
2026-02-28T22:15:00+01:00,0.15042
2026-02-28T22:30:00+01:00,0.151283
2026-02-28T22:45:00+01:00,0.151973
2026-02-28T23:00:00+01:00,0.149903
2026-02-28T23:15:00+01:00,0.15042
2026-02-28T23:30:00+01:00,0.150593
2026-02-28T23:45:00+01:00,0.148695
2026-03-01T00:00:00+01:00,0.149558
2026-03-01T00:15:00+01:00,0.150593
2026-03-01T00:30:00+01:00,0.15042
2026-03-01T00:45:00+01:00,0.150075
2026-03-01T01:00:00+01:00,0.150938
2026-03-01T01:15:00+01:00,0.15042
2026-03-01T01:30:00+01:00,0.150248
2026-03-01T01:45:00+01:00,0.150248
2026-03-01T02:00:00+01:00,0.15042
2026-03-01T02:15:00+01:00,0.151455
2026-03-01T02:30:00+01:00,0.150765
2026-03-01T02:45:00+01:00,0.149903
2026-03-01T03:00:00+01:00,0.150075
2026-03-01T03:15:00+01:00,0.14904
2026-03-01T03:30:00+01:00,0.150075
2026-03-01T03:45:00+01:00,0.150938
2026-03-01T04:00:00+01:00,0.151283
2026-03-01T04:15:00+01:00,0.149903
2026-03-01T04:30:00+01:00,0.15042
2026-03-01T04:45:00+01:00,0.151628
2026-03-01T05:00:00+01:00,0.150593
2026-03-01T05:15:00+01:00,0.150593
2026-03-01T05:30:00+01:00,0.1518
2026-03-01T05:45:00+01:00,0.148695
2026-03-01T06:00:00+01:00,0.15111
2026-03-01T06:15:00+01:00,0.152663
2026-03-01T06:30:00+01:00,0.15249
2026-03-01T06:45:00+01:00,0.150075
2026-03-01T07:00:00+01:00,0.151283
2026-03-01T07:15:00+01:00,0.150593
2026-03-01T07:30:00+01:00,0.151283
2026-03-01T07:45:00+01:00,0.1518
2026-03-01T08:00:00+01:00,0.15042
2026-03-01T08:15:00+01:00,0.15042
2026-03-01T08:30:00+01:00,0.15042
2026-03-01T08:45:00+01:00,0.150075
2026-03-01T09:00:00+01:00,0.15111
2026-03-01T09:15:00+01:00,0.151973
2026-03-01T09:30:00+01:00,0.152663
2026-03-01T09:45:00+01:00,0.150075
2026-03-01T10:00:00+01:00,0.149903
2026-03-01T10:15:00+01:00,0.147143
2026-03-01T10:30:00+01:00,0.150765
2026-03-01T10:45:00+01:00,0.150938
2026-03-01T11:00:00+01:00,0.150938
2026-03-01T11:15:00+01:00,0.15042
2026-03-01T11:30:00+01:00,0.15042
2026-03-01T11:45:00+01:00,0.14973
2026-03-01T12:00:00+01:00,0.149385
2026-03-01T12:15:00+01:00,0.14904
2026-03-01T12:30:00+01:00,0.151455
2026-03-01T12:45:00+01:00,0.152318
2026-03-01T13:00:00+01:00,0.151628
2026-03-01T13:15:00+01:00,0.151455
2026-03-01T13:30:00+01:00,0.151628
2026-03-01T13:45:00+01:00,0.150765
2026-03-01T14:00:00+01:00,0.150593
2026-03-01T14:15:00+01:00,0.151455
2026-03-01T14:30:00+01:00,0.150593
2026-03-01T14:45:00+01:00,0.15042
2026-03-01T15:00:00+01:00,0.151455
2026-03-01T15:15:00+01:00,0.150075
2026-03-01T15:30:00+01:00,0.150075
2026-03-01T15:45:00+01:00,0.151283
2026-03-01T16:00:00+01:00,0.150593
2026-03-01T16:15:00+01:00,0.150938
2026-03-01T16:30:00+01:00,0.150248
2026-03-01T16:45:00+01:00,0.151628
2026-03-01T17:00:00+01:00,0.151628
2026-03-01T17:15:00+01:00,0.151973
2026-03-01T17:30:00+01:00,0.151455
2026-03-01T17:45:00+01:00,0.1518
2026-03-01T18:00:00+01:00,0.149903
2026-03-01T18:15:00+01:00,0.150075
2026-03-01T18:30:00+01:00,0.15111
2026-03-01T18:45:00+01:00,0.150075
2026-03-01T19:00:00+01:00,0.150765
2026-03-01T19:15:00+01:00,0.14973
2026-03-01T19:30:00+01:00,0.150593
2026-03-01T19:45:00+01:00,0.151283
2026-03-01T20:00:00+01:00,0.150075
2026-03-01T20:15:00+01:00,0.14904
2026-03-01T20:30:00+01:00,0.14904
2026-03-01T20:45:00+01:00,0.150075
2026-03-01T21:00:00+01:00,0.15111
2026-03-01T21:15:00+01:00,0.150075
2026-03-01T21:30:00+01:00,0.148868
2026-03-01T21:45:00+01:00,0.150938
2026-03-01T22:00:00+01:00,0.150593
2026-03-01T22:15:00+01:00,0.15042
2026-03-01T22:30:00+01:00,0.151628
2026-03-01T22:45:00+01:00,0.150075
2026-03-01T23:00:00+01:00,0.151628
2026-03-01T23:15:00+01:00,0.15042
2026-03-01T23:30:00+01:00,0.151628
2026-03-01T23:45:00+01:00,0.151283
2026-03-02T00:00:00+01:00,0.150248
2026-03-02T00:15:00+01:00,0.152663
2026-03-02T00:30:00+01:00,0.15249
2026-03-02T00:45:00+01:00,0.152145
2026-03-02T01:00:00+01:00,0.151973
2026-03-02T01:15:00+01:00,0.15318
2026-03-02T01:30:00+01:00,0.151455
2026-03-02T01:45:00+01:00,0.151283
2026-03-02T02:00:00+01:00,0.151283
2026-03-02T02:15:00+01:00,0.151455
2026-03-02T02:30:00+01:00,0.15111
2026-03-02T02:45:00+01:00,0.152318
2026-03-02T03:00:00+01:00,0.15111
2026-03-02T03:15:00+01:00,0.151455
2026-03-02T03:30:00+01:00,0.1518
2026-03-02T03:45:00+01:00,0.1518
2026-03-02T04:00:00+01:00,0.151973
2026-03-02T04:15:00+01:00,0.151283
2026-03-02T04:30:00+01:00,0.152318
2026-03-02T04:45:00+01:00,0.151455
2026-03-02T05:00:00+01:00,0.152145
2026-03-02T05:15:00+01:00,0.15111
2026-03-02T05:30:00+01:00,0.150938
2026-03-02T05:45:00+01:00,0.15111
2026-03-02T06:00:00+01:00,0.150765
2026-03-02T06:15:00+01:00,0.150248
2026-03-02T06:30:00+01:00,0.15111
2026-03-02T06:45:00+01:00,0.150938
2026-03-02T07:00:00+01:00,0.150248
2026-03-02T07:15:00+01:00,0.150765
2026-03-02T07:30:00+01:00,0.14973
2026-03-02T07:45:00+01:00,0.150075
2026-03-02T08:00:00+01:00,0.150593
2026-03-02T08:15:00+01:00,0.150765
2026-03-02T08:30:00+01:00,0.080213
2026-03-02T08:45:00+01:00,0.0
2026-03-02T09:00:00+01:00,0.0
2026-03-02T09:15:00+01:00,0.0
2026-03-02T09:30:00+01:00,0.0
2026-03-02T09:45:00+01:00,0.0
2026-03-02T10:00:00+01:00,0.150075
2026-03-02T10:15:00+01:00,0.148695
2026-03-02T10:30:00+01:00,0.150248
2026-03-02T10:45:00+01:00,0.150593
2026-03-02T11:00:00+01:00,0.150593
2026-03-02T11:15:00+01:00,0.150075
2026-03-02T11:30:00+01:00,0.150075
2026-03-02T11:45:00+01:00,0.152835
2026-03-02T12:00:00+01:00,0.148695
2026-03-02T12:15:00+01:00,0.149903
2026-03-02T12:30:00+01:00,0.151283
2026-03-02T12:45:00+01:00,0.150938
2026-03-02T13:00:00+01:00,0.151455
2026-03-02T13:15:00+01:00,0.150593
2026-03-02T13:30:00+01:00,0.150593
2026-03-02T13:45:00+01:00,0.150248
2026-03-02T14:00:00+01:00,0.14973
2026-03-02T14:15:00+01:00,0.150075
2026-03-02T14:30:00+01:00,0.150248
2026-03-02T14:45:00+01:00,0.15042
2026-03-02T15:00:00+01:00,0.150765
2026-03-02T15:15:00+01:00,0.150593
2026-03-02T15:30:00+01:00,0.151628
2026-03-02T15:45:00+01:00,0.15111
2026-03-02T16:00:00+01:00,0.150765
2026-03-02T16:15:00+01:00,0.15042
2026-03-02T16:30:00+01:00,0.150765
2026-03-02T16:45:00+01:00,0.150938
2026-03-02T17:00:00+01:00,0.150938
2026-03-02T17:15:00+01:00,0.149213
2026-03-02T17:30:00+01:00,0.150075
2026-03-02T17:45:00+01:00,0.15042
2026-03-02T18:00:00+01:00,0.15042
2026-03-02T18:15:00+01:00,0.15042
2026-03-02T18:30:00+01:00,0.151283
2026-03-02T18:45:00+01:00,0.15111
2026-03-02T19:00:00+01:00,0.152749
2026-03-02T19:15:00+01:00,0.151283
2026-03-02T19:30:00+01:00,0.150765
2026-03-02T19:45:00+01:00,0.15111
2026-03-02T20:00:00+01:00,0.15111
2026-03-02T20:15:00+01:00,0.150765
2026-03-02T20:30:00+01:00,0.151283
2026-03-02T20:45:00+01:00,0.15042
2026-03-02T21:00:00+01:00,0.150593
2026-03-02T21:15:00+01:00,0.151455
2026-03-02T21:30:00+01:00,0.15111
2026-03-02T21:45:00+01:00,0.15111
2026-03-02T22:00:00+01:00,0.151283
2026-03-02T22:15:00+01:00,0.152145
2026-03-02T22:30:00+01:00,0.15111
2026-03-02T22:45:00+01:00,0.151628
2026-03-02T23:00:00+01:00,0.151283
2026-03-02T23:15:00+01:00,0.151455
2026-03-02T23:30:00+01:00,0.151455
2026-03-02T23:45:00+01:00,0.150765
2026-03-03T00:00:00+01:00,0.151628
2026-03-03T00:15:00+01:00,0.151283
2026-03-03T00:30:00+01:00,0.151628
2026-03-03T00:45:00+01:00,0.15249
2026-03-03T01:00:00+01:00,0.150938
2026-03-03T01:15:00+01:00,0.152145
2026-03-03T01:30:00+01:00,0.1518
2026-03-03T01:45:00+01:00,0.151455
2026-03-03T02:00:00+01:00,0.151973
2026-03-03T02:15:00+01:00,0.151283
2026-03-03T02:30:00+01:00,0.1518
2026-03-03T02:45:00+01:00,0.150765
2026-03-03T03:00:00+01:00,0.151455
2026-03-03T03:15:00+01:00,0.152318
2026-03-03T03:30:00+01:00,0.151283
2026-03-03T03:45:00+01:00,0.151628
2026-03-03T04:00:00+01:00,0.15111
2026-03-03T04:15:00+01:00,0.1518
2026-03-03T04:30:00+01:00,0.15111
2026-03-03T04:45:00+01:00,0.15111
2026-03-03T05:00:00+01:00,0.151455
2026-03-03T05:15:00+01:00,0.1518
2026-03-03T05:30:00+01:00,0.177675
2026-03-03T05:45:00+01:00,0.151628
2026-03-03T06:00:00+01:00,0.152145
2026-03-03T06:15:00+01:00,0.151283
2026-03-03T06:30:00+01:00,0.150593
2026-03-03T06:45:00+01:00,0.150938
2026-03-03T07:00:00+01:00,0.150593
2026-03-03T07:15:00+01:00,0.151283
2026-03-03T07:30:00+01:00,0.150938
2026-03-03T07:45:00+01:00,0.150938
2026-03-03T08:00:00+01:00,0.150938
2026-03-03T08:15:00+01:00,0.150075
2026-03-03T08:30:00+01:00,0.15042
2026-03-03T08:45:00+01:00,0.150765
2026-03-03T09:00:00+01:00,0.149903
2026-03-03T09:15:00+01:00,0.150075
2026-03-03T09:30:00+01:00,0.150075
2026-03-03T09:45:00+01:00,0.15042
2026-03-03T10:00:00+01:00,0.149558
2026-03-03T10:15:00+01:00,0.148868
2026-03-03T10:30:00+01:00,0.150593
2026-03-03T10:45:00+01:00,0.14973
2026-03-03T11:00:00+01:00,0.150765
2026-03-03T11:15:00+01:00,0.15111
2026-03-03T11:30:00+01:00,0.15111
2026-03-03T11:45:00+01:00,0.151455
2026-03-03T12:00:00+01:00,0.149558
2026-03-03T12:15:00+01:00,0.150593
2026-03-03T12:30:00+01:00,0.150938
2026-03-03T12:45:00+01:00,0.15111
2026-03-03T13:00:00+01:00,0.15042
2026-03-03T13:15:00+01:00,0.15042
2026-03-03T13:30:00+01:00,0.151283
2026-03-03T13:45:00+01:00,0.150938
2026-03-03T14:00:00+01:00,0.150075
2026-03-03T14:15:00+01:00,0.150938
2026-03-03T14:30:00+01:00,0.15042
2026-03-03T14:45:00+01:00,0.150248
2026-03-03T15:00:00+01:00,0.14973
2026-03-03T15:15:00+01:00,0.149816
2026-03-03T15:30:00+01:00,0.150938
2026-03-03T15:45:00+01:00,0.150765
2026-03-03T16:00:00+01:00,0.150334
2026-03-03T16:15:00+01:00,0.149385
2026-03-03T16:30:00+01:00,0.150938
2026-03-03T16:45:00+01:00,0.150248
2026-03-03T17:00:00+01:00,0.150075
2026-03-03T17:15:00+01:00,0.150765
2026-03-03T17:30:00+01:00,0.151455
2026-03-03T17:45:00+01:00,0.152145
2026-03-03T18:00:00+01:00,0.151455
2026-03-03T18:15:00+01:00,0.150938
2026-03-03T18:30:00+01:00,0.15042
2026-03-03T18:45:00+01:00,0.151628
2026-03-03T19:00:00+01:00,0.151628
2026-03-03T19:15:00+01:00,0.150593
2026-03-03T19:30:00+01:00,0.151455
2026-03-03T19:45:00+01:00,0.1518
2026-03-03T20:00:00+01:00,0.1518
2026-03-03T20:15:00+01:00,0.151455
2026-03-03T20:30:00+01:00,0.150248
2026-03-03T20:45:00+01:00,0.151455
2026-03-03T21:00:00+01:00,0.150938
2026-03-03T21:15:00+01:00,0.15249
2026-03-03T21:30:00+01:00,0.151455
2026-03-03T21:45:00+01:00,0.151283
2026-03-03T22:00:00+01:00,0.149903
2026-03-03T22:15:00+01:00,0.151455
2026-03-03T22:30:00+01:00,0.151628
2026-03-03T22:45:00+01:00,0.150075
2026-03-03T23:00:00+01:00,0.1518
2026-03-03T23:15:00+01:00,0.150938
2026-03-03T23:30:00+01:00,0.150593
2026-03-03T23:45:00+01:00,0.15111
2026-03-04T00:00:00+01:00,0.150765
2026-03-04T00:15:00+01:00,0.150765
2026-03-04T00:30:00+01:00,0.150938
2026-03-04T00:45:00+01:00,0.151283
2026-03-04T01:00:00+01:00,0.151628
2026-03-04T01:15:00+01:00,0.152145
2026-03-04T01:30:00+01:00,0.15042
2026-03-04T01:45:00+01:00,0.150765
2026-03-04T02:00:00+01:00,0.152145
2026-03-04T02:15:00+01:00,0.151628
2026-03-04T02:30:00+01:00,0.151455
2026-03-04T02:45:00+01:00,0.1518
2026-03-04T03:00:00+01:00,0.152145
2026-03-04T03:15:00+01:00,0.151455
2026-03-04T03:30:00+01:00,0.151455
2026-03-04T03:45:00+01:00,0.151283
2026-03-04T04:00:00+01:00,0.150075
2026-03-04T04:15:00+01:00,0.151628
2026-03-04T04:30:00+01:00,0.1518
2026-03-04T04:45:00+01:00,0.15042
2026-03-04T05:00:00+01:00,0.151369
2026-03-04T05:15:00+01:00,0.151455
2026-03-04T05:30:00+01:00,0.151283
2026-03-04T05:45:00+01:00,0.150593
2026-03-04T06:00:00+01:00,0.150593
2026-03-04T06:15:00+01:00,0.150938
2026-03-04T06:30:00+01:00,0.1518
2026-03-04T06:45:00+01:00,0.150938
2026-03-04T07:00:00+01:00,0.150938
2026-03-04T07:15:00+01:00,0.1518
2026-03-04T07:30:00+01:00,0.151628
2026-03-04T07:45:00+01:00,0.150075
2026-03-04T08:00:00+01:00,0.150938
2026-03-04T08:15:00+01:00,0.150593
2026-03-04T08:30:00+01:00,0.150248
2026-03-04T08:45:00+01:00,0.151455
2026-03-04T09:00:00+01:00,0.150075
2026-03-04T09:15:00+01:00,0.151455
2026-03-04T09:30:00+01:00,0.15111
2026-03-04T09:45:00+01:00,0.150765
2026-03-04T10:00:00+01:00,0.150075
2026-03-04T10:15:00+01:00,0.150593
2026-03-04T10:30:00+01:00,0.17112
2026-03-04T10:45:00+01:00,0.22977
2026-03-04T11:00:00+01:00,0.290921
2026-03-04T11:15:00+01:00,0.269962
2026-03-04T11:30:00+01:00,0.282038
2026-03-04T11:45:00+01:00,0.23598
2026-03-04T12:00:00+01:00,0.256594
2026-03-04T12:15:00+01:00,0.27048
2026-03-04T12:30:00+01:00,0.272032
2026-03-04T12:45:00+01:00,0.274189
2026-03-04T13:00:00+01:00,0.26772
2026-03-04T13:15:00+01:00,0.254265
2026-03-04T13:30:00+01:00,0.204067
2026-03-04T13:45:00+01:00,0.18699
2026-03-04T14:00:00+01:00,0.240034
2026-03-04T14:15:00+01:00,0.275827
2026-03-04T14:30:00+01:00,0.264098
2026-03-04T14:45:00+01:00,0.25185
2026-03-04T15:00:00+01:00,0.235894
2026-03-04T15:15:00+01:00,0.273758
2026-03-04T15:30:00+01:00,0.29256
2026-03-04T15:45:00+01:00,0.278156
2026-03-04T16:00:00+01:00,0.283418
2026-03-04T16:15:00+01:00,0.23529
2026-03-04T16:30:00+01:00,0.280485
2026-03-04T16:45:00+01:00,0.30153
2026-03-04T17:00:00+01:00,0.28359
2026-03-04T17:15:00+01:00,0.282382
2026-03-04T17:30:00+01:00,0.289541
2026-03-04T17:45:00+01:00,0.28773
2026-03-04T18:00:00+01:00,0.245295
2026-03-04T18:15:00+01:00,0.297562
2026-03-04T18:30:00+01:00,0.292732
2026-03-04T18:45:00+01:00,0.249435
2026-03-04T19:00:00+01:00,0.217005
2026-03-04T19:15:00+01:00,0.297649
2026-03-04T19:30:00+01:00,0.286695
2026-03-04T19:45:00+01:00,0.26151
2026-03-04T20:00:00+01:00,0.307395
2026-03-04T20:15:00+01:00,0.283676
2026-03-04T20:30:00+01:00,0.314985
2026-03-04T20:45:00+01:00,0.271687
2026-03-04T21:00:00+01:00,0.30636
2026-03-04T21:15:00+01:00,0.286868
2026-03-04T21:30:00+01:00,0.304462
2026-03-04T21:45:00+01:00,0.22011
2026-03-04T22:00:00+01:00,0.272895
2026-03-04T22:15:00+01:00,0.302738
2026-03-04T22:30:00+01:00,0.288593
2026-03-04T22:45:00+01:00,0.301357
2026-03-04T23:00:00+01:00,0.293422
2026-03-04T23:15:00+01:00,0.289628
2026-03-04T23:30:00+01:00,0.278415
2026-03-04T23:45:00+01:00,0.24495
2026-03-05T00:00:00+01:00,0.294457
2026-03-05T00:15:00+01:00,0.308947
2026-03-05T00:30:00+01:00,0.28842
2026-03-05T00:45:00+01:00,0.29187
2026-03-05T01:00:00+01:00,0.285487
2026-03-05T01:15:00+01:00,0.296872
2026-03-05T01:30:00+01:00,0.282382
2026-03-05T01:45:00+01:00,0.293164
2026-03-05T02:00:00+01:00,0.316883
2026-03-05T02:15:00+01:00,0.283245
2026-03-05T02:30:00+01:00,0.27048
2026-03-05T02:45:00+01:00,0.247882
2026-03-05T03:00:00+01:00,0.293423
2026-03-05T03:15:00+01:00,0.268582
2026-03-05T03:30:00+01:00,0.281865
2026-03-05T03:45:00+01:00,0.275483
2026-03-05T04:00:00+01:00,0.293423
2026-03-05T04:15:00+01:00,0.305497
2026-03-05T04:30:00+01:00,0.283245
2026-03-05T04:45:00+01:00,0.283417
2026-03-05T05:00:00+01:00,0.305584
2026-03-05T05:15:00+01:00,0.299977
2026-03-05T05:30:00+01:00,0.248227
2026-03-05T05:45:00+01:00,0.217005
2026-03-05T06:00:00+01:00,0.305066
2026-03-05T06:15:00+01:00,0.305497
2026-03-05T06:30:00+01:00,0.29118
2026-03-05T06:45:00+01:00,0.29739
2026-03-05T07:00:00+01:00,0.25806
2026-03-05T07:15:00+01:00,0.289282
2026-03-05T07:30:00+01:00,0.329734
2026-03-05T07:45:00+01:00,0.314812
2026-03-05T08:00:00+01:00,0.305842
2026-03-05T08:15:00+01:00,0.29049
2026-03-05T08:30:00+01:00,0.264097
2026-03-05T08:45:00+01:00,0.272722
2026-03-05T09:00:00+01:00,0.242708
2026-03-05T09:15:00+01:00,0.247365
2026-03-05T09:30:00+01:00,0.283159
2026-03-05T09:45:00+01:00,0.284108
2026-03-05T10:00:00+01:00,0.26772
2026-03-05T10:15:00+01:00,0.28428
2026-03-05T10:30:00+01:00,0.252626
2026-03-05T10:45:00+01:00,0.24012
2026-03-05T11:00:00+01:00,0.218212
2026-03-05T11:15:00+01:00,0.277553
2026-03-05T11:30:00+01:00,0.186041
2026-03-05T11:45:00+01:00,0.167843
2026-03-05T12:00:00+01:00,0.241673
2026-03-05T12:15:00+01:00,0.260648
2026-03-05T12:30:00+01:00,0.282382
2026-03-05T12:45:00+01:00,0.284453
2026-03-05T13:00:00+01:00,0.285142
2026-03-05T13:15:00+01:00,0.284107
2026-03-05T13:30:00+01:00,0.268927
2026-03-05T13:45:00+01:00,0.194925
2026-03-05T14:00:00+01:00,0.247192
2026-03-05T14:15:00+01:00,0.251505
2026-03-05T14:30:00+01:00,0.27117
2026-03-05T14:45:00+01:00,0.251678
2026-03-05T15:00:00+01:00,0.271343
2026-03-05T15:15:00+01:00,0.288938
2026-03-05T15:30:00+01:00,0.299978
2026-03-05T15:45:00+01:00,0.277208
2026-03-05T16:00:00+01:00,0.255472
2026-03-05T16:15:00+01:00,0.21873
2026-03-05T16:30:00+01:00,0.269272
2026-03-05T16:45:00+01:00,0.299287
2026-03-05T17:00:00+01:00,0.286436
2026-03-05T17:15:00+01:00,0.282037
2026-03-05T17:30:00+01:00,0.308257
2026-03-05T17:45:00+01:00,0.299374
2026-03-05T18:00:00+01:00,0.319642
2026-03-05T18:15:00+01:00,0.229942
2026-03-05T18:30:00+01:00,0.21666
2026-03-05T18:45:00+01:00,0.269359
2026-03-05T19:00:00+01:00,0.288765
2026-03-05T19:15:00+01:00,0.276862
2026-03-05T19:30:00+01:00,0.307912
2026-03-05T19:45:00+01:00,0.313605
2026-03-05T20:00:00+01:00,0.260647
2026-03-05T20:15:00+01:00,0.293422
2026-03-05T20:30:00+01:00,0.305239
2026-03-05T20:45:00+01:00,0.285142
2026-03-05T21:00:00+01:00,0.240637
2026-03-05T21:15:00+01:00,0.300322
2026-03-05T21:30:00+01:00,0.286178
2026-03-05T21:45:00+01:00,0.216487
2026-03-05T22:00:00+01:00,0.201997
2026-03-05T22:15:00+01:00,0.194839
2026-03-05T22:30:00+01:00,0.15801
2026-03-05T22:45:00+01:00,0.151455
2026-03-05T23:00:00+01:00,0.20838
2026-03-05T23:15:00+01:00,0.17526
2026-03-05T23:30:00+01:00,0.150075
2026-03-05T23:45:00+01:00,0.151628
2026-03-06T00:00:00+01:00,0.150938
2026-03-06T00:15:00+01:00,0.158355
2026-03-06T00:30:00+01:00,0.210795
2026-03-06T00:45:00+01:00,0.19458
2026-03-06T01:00:00+01:00,0.150938
2026-03-06T01:15:00+01:00,0.269617
2026-03-06T01:30:00+01:00,0.26703
2026-03-06T01:45:00+01:00,0.296182
2026-03-06T02:00:00+01:00,0.289455
2026-03-06T02:15:00+01:00,0.18423
2026-03-06T02:30:00+01:00,0.150248
2026-03-06T02:45:00+01:00,0.15111
2026-03-06T03:00:00+01:00,0.150938
2026-03-06T03:15:00+01:00,0.150248
2026-03-06T03:30:00+01:00,0.199324
2026-03-06T03:45:00+01:00,0.15042
2026-03-06T04:00:00+01:00,0.1518
2026-03-06T04:15:00+01:00,0.20148
2026-03-06T04:30:00+01:00,0.28428
2026-03-06T04:45:00+01:00,0.303427
2026-03-06T05:00:00+01:00,0.239947
2026-03-06T05:15:00+01:00,0.177675
2026-03-06T05:30:00+01:00,0.219938
2026-03-06T05:45:00+01:00,0.21873
2026-03-06T06:00:00+01:00,0.280485
2026-03-06T06:15:00+01:00,0.321109
2026-03-06T06:30:00+01:00,0.317745
2026-03-06T06:45:00+01:00,0.323955
2026-03-06T07:00:00+01:00,0.29601
2026-03-06T07:15:00+01:00,0.317572
2026-03-06T07:30:00+01:00,0.295579
2026-03-06T07:45:00+01:00,0.320505
2026-03-06T08:00:00+01:00,0.313777
2026-03-06T08:15:00+01:00,0.319297
2026-03-06T08:30:00+01:00,0.281175
2026-03-06T08:45:00+01:00,0.279622
2026-03-06T09:00:00+01:00,0.250125
2026-03-06T09:15:00+01:00,0.212693
2026-03-06T09:30:00+01:00,0.207431
2026-03-06T09:45:00+01:00,0.249607
2026-03-06T10:00:00+01:00,0.290662
2026-03-06T10:15:00+01:00,0.287558
2026-03-06T10:30:00+01:00,0.268324
2026-03-06T10:45:00+01:00,0.274792
2026-03-06T11:00:00+01:00,0.256163
2026-03-06T11:15:00+01:00,0.241673
2026-03-06T11:30:00+01:00,0.195011
2026-03-06T11:45:00+01:00,0.17043
2026-03-06T12:00:00+01:00,0.24219
2026-03-06T12:15:00+01:00,0.26289
2026-03-06T12:30:00+01:00,0.261424
2026-03-06T12:45:00+01:00,0.25047
2026-03-06T13:00:00+01:00,0.269445
2026-03-06T13:15:00+01:00,0.239948
2026-03-06T13:30:00+01:00,0.224854
2026-03-06T13:45:00+01:00,0.18423
2026-03-06T14:00:00+01:00,0.202688
2026-03-06T14:15:00+01:00,0.18975
2026-03-06T14:30:00+01:00,0.233824
2026-03-06T14:45:00+01:00,0.22494
2026-03-06T15:00:00+01:00,0.222353
2026-03-06T15:15:00+01:00,0.22218
2026-03-06T15:30:00+01:00,0.23943
2026-03-06T15:45:00+01:00,0.212348
2026-03-06T16:00:00+01:00,0.220455
2026-03-06T16:15:00+01:00,0.215625
2026-03-06T16:30:00+01:00,0.229943
2026-03-06T16:45:00+01:00,0.241328
2026-03-06T17:00:00+01:00,0.151628
2026-03-06T17:15:00+01:00,0.151455
2026-03-06T17:30:00+01:00,0.203033
2026-03-06T17:45:00+01:00,0.238912
2026-03-06T18:00:00+01:00,0.19941
2026-03-06T18:15:00+01:00,0.24219
2026-03-06T18:30:00+01:00,0.162495
2026-03-06T18:45:00+01:00,0.150765
2026-03-06T19:00:00+01:00,0.193545
2026-03-06T19:15:00+01:00,0.246503
2026-03-06T19:30:00+01:00,0.262631
2026-03-06T19:45:00+01:00,0.29256
2026-03-06T20:00:00+01:00,0.307223
2026-03-06T20:15:00+01:00,0.310327
2026-03-06T20:30:00+01:00,0.283763
2026-03-06T20:45:00+01:00,0.31257
2026-03-06T21:00:00+01:00,0.304031
2026-03-06T21:15:00+01:00,0.312743
2026-03-06T21:30:00+01:00,0.313605
2026-03-06T21:45:00+01:00,0.181298
2026-03-06T22:00:00+01:00,0.152835
2026-03-06T22:15:00+01:00,0.151283
2026-03-06T22:30:00+01:00,0.151628
2026-03-06T22:45:00+01:00,0.151973
2026-03-06T23:00:00+01:00,0.151628
2026-03-06T23:15:00+01:00,0.15249
2026-03-06T23:30:00+01:00,0.152663
2026-03-06T23:45:00+01:00,0.152318
2026-03-07T00:00:00+01:00,0.150851
2026-03-07T00:15:00+01:00,0.152663
2026-03-07T00:30:00+01:00,0.151283
2026-03-07T00:45:00+01:00,0.151973
2026-03-07T01:00:00+01:00,0.150765
2026-03-07T01:15:00+01:00,0.151628
2026-03-07T01:30:00+01:00,0.151973
2026-03-07T01:45:00+01:00,0.151973
2026-03-07T02:00:00+01:00,0.151973
2026-03-07T02:15:00+01:00,0.150248
2026-03-07T02:30:00+01:00,0.150248
2026-03-07T02:45:00+01:00,0.150765
2026-03-07T03:00:00+01:00,0.150938
2026-03-07T03:15:00+01:00,0.151283
2026-03-07T03:30:00+01:00,0.151283
2026-03-07T03:45:00+01:00,0.151455
2026-03-07T04:00:00+01:00,0.150851
2026-03-07T04:15:00+01:00,0.151283
2026-03-07T04:30:00+01:00,0.151973
2026-03-07T04:45:00+01:00,0.15318
2026-03-07T05:00:00+01:00,0.151973
2026-03-07T05:15:00+01:00,0.152835
2026-03-07T05:30:00+01:00,0.152145
2026-03-07T05:45:00+01:00,0.151455
2026-03-07T06:00:00+01:00,0.15249
2026-03-07T06:15:00+01:00,0.151628
2026-03-07T06:30:00+01:00,0.150765
2026-03-07T06:45:00+01:00,0.14973
2026-03-07T07:00:00+01:00,0.152318
2026-03-07T07:15:00+01:00,0.1518
2026-03-07T07:30:00+01:00,0.1518
2026-03-07T07:45:00+01:00,0.15111
2026-03-07T08:00:00+01:00,0.15111
2026-03-07T08:15:00+01:00,0.152835
2026-03-07T08:30:00+01:00,0.152835
2026-03-07T08:45:00+01:00,0.151973
2026-03-07T09:00:00+01:00,0.152318
2026-03-07T09:15:00+01:00,0.152145
2026-03-07T09:30:00+01:00,0.150593
2026-03-07T09:45:00+01:00,0.149903
2026-03-07T10:00:00+01:00,0.14973
2026-03-07T10:15:00+01:00,0.15249
2026-03-07T10:30:00+01:00,0.15249
2026-03-07T10:45:00+01:00,0.151628
2026-03-07T11:00:00+01:00,0.151628
2026-03-07T11:15:00+01:00,0.150938
2026-03-07T11:30:00+01:00,0.151973
2026-03-07T11:45:00+01:00,0.151283
2026-03-07T12:00:00+01:00,0.150593
2026-03-07T12:15:00+01:00,0.148868
2026-03-07T12:30:00+01:00,0.14904
2026-03-07T12:45:00+01:00,0.14835
2026-03-07T13:00:00+01:00,0.14904
2026-03-07T13:15:00+01:00,0.148005
2026-03-07T13:30:00+01:00,0.14697
2026-03-07T13:45:00+01:00,0.14835
2026-03-07T14:00:00+01:00,0.150593
2026-03-07T14:15:00+01:00,0.150765
2026-03-07T14:30:00+01:00,0.150765
2026-03-07T14:45:00+01:00,0.149558
2026-03-07T15:00:00+01:00,0.1518
2026-03-07T15:15:00+01:00,0.15111
2026-03-07T15:30:00+01:00,0.149385
2026-03-07T15:45:00+01:00,0.149213
2026-03-07T16:00:00+01:00,0.14973
2026-03-07T16:15:00+01:00,0.148868
2026-03-07T16:30:00+01:00,0.150593
2026-03-07T16:45:00+01:00,0.151455
2026-03-07T17:00:00+01:00,0.15318
2026-03-07T17:15:00+01:00,0.153008
2026-03-07T17:30:00+01:00,0.153353
2026-03-07T17:45:00+01:00,0.152663
2026-03-07T18:00:00+01:00,0.153525
2026-03-07T18:15:00+01:00,0.153525
2026-03-07T18:30:00+01:00,0.153698
2026-03-07T18:45:00+01:00,0.153698
2026-03-07T19:00:00+01:00,0.152835
2026-03-07T19:15:00+01:00,0.153525
2026-03-07T19:30:00+01:00,0.153525
2026-03-07T19:45:00+01:00,0.153353
2026-03-07T20:00:00+01:00,0.15387
2026-03-07T20:15:00+01:00,0.154043
2026-03-07T20:30:00+01:00,0.154388
2026-03-07T20:45:00+01:00,0.153698
2026-03-07T21:00:00+01:00,0.153353
2026-03-07T21:15:00+01:00,0.153008
2026-03-07T21:30:00+01:00,0.153008
2026-03-07T21:45:00+01:00,0.15318
2026-03-07T22:00:00+01:00,0.152663
2026-03-07T22:15:00+01:00,0.152663
2026-03-07T22:30:00+01:00,0.15249
2026-03-07T22:45:00+01:00,0.1518
2026-03-07T23:00:00+01:00,0.152663
2026-03-07T23:15:00+01:00,0.15318
2026-03-07T23:30:00+01:00,0.15318
2026-03-07T23:45:00+01:00,0.153698
2026-03-08T00:00:00+01:00,0.15318
2026-03-08T00:15:00+01:00,0.152835
2026-03-08T00:30:00+01:00,0.153008
2026-03-08T00:45:00+01:00,0.15318
2026-03-08T01:00:00+01:00,0.15318
2026-03-08T01:15:00+01:00,0.152835
2026-03-08T01:30:00+01:00,0.151973
2026-03-08T01:45:00+01:00,0.153353
2026-03-08T02:00:00+01:00,0.152663
2026-03-08T02:15:00+01:00,0.15318
2026-03-08T02:30:00+01:00,0.154215
2026-03-08T02:45:00+01:00,0.150938
2026-03-08T03:00:00+01:00,0.152145
2026-03-08T03:15:00+01:00,0.152835
2026-03-08T03:30:00+01:00,0.151455
2026-03-08T03:45:00+01:00,0.152835
2026-03-08T04:00:00+01:00,0.152663
2026-03-08T04:15:00+01:00,0.152835
2026-03-08T04:30:00+01:00,0.152318
2026-03-08T04:45:00+01:00,0.15318
2026-03-08T05:00:00+01:00,0.15318
2026-03-08T05:15:00+01:00,0.153525
2026-03-08T05:30:00+01:00,0.15387
2026-03-08T05:45:00+01:00,0.154388
2026-03-08T06:00:00+01:00,0.153008
2026-03-08T06:15:00+01:00,0.153008
2026-03-08T06:30:00+01:00,0.153525
2026-03-08T06:45:00+01:00,0.152663
2026-03-08T07:00:00+01:00,0.152835
2026-03-08T07:15:00+01:00,0.152145
2026-03-08T07:30:00+01:00,0.152835
2026-03-08T07:45:00+01:00,0.1518
2026-03-08T08:00:00+01:00,0.151628
2026-03-08T08:15:00+01:00,0.149558
2026-03-08T08:30:00+01:00,0.147833
2026-03-08T08:45:00+01:00,0.149903
2026-03-08T09:00:00+01:00,0.150075
2026-03-08T09:15:00+01:00,0.149903
2026-03-08T09:30:00+01:00,0.14835
2026-03-08T09:45:00+01:00,0.14766
2026-03-08T10:00:00+01:00,0.14904
2026-03-08T10:15:00+01:00,0.150248
2026-03-08T10:30:00+01:00,0.14835
2026-03-08T10:45:00+01:00,0.1518
2026-03-08T11:00:00+01:00,0.150593
2026-03-08T11:15:00+01:00,0.150593
2026-03-08T11:30:00+01:00,0.149903
2026-03-08T11:45:00+01:00,0.150248
2026-03-08T12:00:00+01:00,0.150938
2026-03-08T12:15:00+01:00,0.14835
2026-03-08T12:30:00+01:00,0.150938
2026-03-08T12:45:00+01:00,0.14973
2026-03-08T13:00:00+01:00,0.149558
2026-03-08T13:15:00+01:00,0.152318
2026-03-08T13:30:00+01:00,0.151628
2026-03-08T13:45:00+01:00,0.150765
2026-03-08T14:00:00+01:00,0.149903
2026-03-08T14:15:00+01:00,0.151628
2026-03-08T14:30:00+01:00,0.15042
2026-03-08T14:45:00+01:00,0.151283
2026-03-08T15:00:00+01:00,0.151973
2026-03-08T15:15:00+01:00,0.152663
2026-03-08T15:30:00+01:00,0.153353
2026-03-08T15:45:00+01:00,0.1518
2026-03-08T16:00:00+01:00,0.152318
2026-03-08T16:15:00+01:00,0.151283
2026-03-08T16:30:00+01:00,0.14973
2026-03-08T16:45:00+01:00,0.151628
2026-03-08T17:00:00+01:00,0.149903
2026-03-08T17:15:00+01:00,0.146625
2026-03-08T17:30:00+01:00,0.14766
2026-03-08T17:45:00+01:00,0.14766
2026-03-08T18:00:00+01:00,0.147833
2026-03-08T18:15:00+01:00,0.148868
2026-03-08T18:30:00+01:00,0.14904
2026-03-08T18:45:00+01:00,0.149903
2026-03-08T19:00:00+01:00,0.14973
2026-03-08T19:15:00+01:00,0.147143
2026-03-08T19:30:00+01:00,0.14835
2026-03-08T19:45:00+01:00,0.145935
2026-03-08T20:00:00+01:00,0.146625
2026-03-08T20:15:00+01:00,0.148005
2026-03-08T20:30:00+01:00,0.147833
2026-03-08T20:45:00+01:00,0.151455
2026-03-08T21:00:00+01:00,0.150593
2026-03-08T21:15:00+01:00,0.151283
2026-03-08T21:30:00+01:00,0.151886
2026-03-08T21:45:00+01:00,0.167498
2026-03-08T22:00:00+01:00,0.272033
2026-03-08T22:15:00+01:00,0.294802
2026-03-08T22:30:00+01:00,0.300322
2026-03-08T22:45:00+01:00,0.315675
2026-03-08T23:00:00+01:00,0.306187
2026-03-08T23:15:00+01:00,0.316537
2026-03-08T23:30:00+01:00,0.298425
2026-03-08T23:45:00+01:00,0.2967
2026-03-09T00:00:00+01:00,0.305153
2026-03-09T00:15:00+01:00,0.26082
2026-03-09T00:30:00+01:00,0.273671
2026-03-09T00:45:00+01:00,0.273585
2026-03-09T01:00:00+01:00,0.291352
2026-03-09T01:15:00+01:00,0.293509
2026-03-09T01:30:00+01:00,0.308085
2026-03-09T01:45:00+01:00,0.301358
2026-03-09T02:00:00+01:00,0.306532
2026-03-09T02:15:00+01:00,0.32568
2026-03-09T02:30:00+01:00,0.299978
2026-03-09T02:45:00+01:00,0.31602
2026-03-09T03:00:00+01:00,0.310673
2026-03-09T03:15:00+01:00,0.301099
2026-03-09T03:30:00+01:00,0.21459
2026-03-09T03:45:00+01:00,0.212002
2026-03-09T04:00:00+01:00,0.299632
2026-03-09T04:15:00+01:00,0.293077
2026-03-09T04:30:00+01:00,0.300926
2026-03-09T04:45:00+01:00,0.302565
2026-03-09T05:00:00+01:00,0.301012
2026-03-09T05:15:00+01:00,0.311707
2026-03-09T05:30:00+01:00,0.28152
2026-03-09T05:45:00+01:00,0.222697
2026-03-09T06:00:00+01:00,0.27048
2026-03-09T06:15:00+01:00,0.302737
2026-03-09T06:30:00+01:00,0.304204
2026-03-09T06:45:00+01:00,0.276345
2026-03-09T07:00:00+01:00,0.257542
2026-03-09T07:15:00+01:00,0.308085
2026-03-09T07:30:00+01:00,0.304808
2026-03-09T07:45:00+01:00,0.257888
2026-03-09T08:00:00+01:00,0.217177
2026-03-09T08:15:00+01:00,0.282383
2026-03-09T08:30:00+01:00,0.23529
2026-03-09T08:45:00+01:00,0.2898
2026-03-09T09:00:00+01:00,0.281175
2026-03-09T09:15:00+01:00,0.265823
2026-03-09T09:30:00+01:00,0.27255
2026-03-09T09:45:00+01:00,0.266513
2026-03-09T10:00:00+01:00,0.264098
2026-03-09T10:15:00+01:00,0.208552
2026-03-09T10:30:00+01:00,0.275482
2026-03-09T10:45:00+01:00,0.246934
2026-03-09T11:00:00+01:00,0.249953
2026-03-09T11:15:00+01:00,0.244778
2026-03-09T11:30:00+01:00,0.219075
2026-03-09T11:45:00+01:00,0.275914
2026-03-09T12:00:00+01:00,0.262027
2026-03-09T12:15:00+01:00,0.265995
2026-03-09T12:30:00+01:00,0.256335
2026-03-09T12:45:00+01:00,0.230287
2026-03-09T13:00:00+01:00,0.241155
2026-03-09T13:15:00+01:00,0.262545
2026-03-09T13:30:00+01:00,0.244691
2026-03-09T13:45:00+01:00,0.180608
2026-03-09T14:00:00+01:00,0.249607
2026-03-09T14:15:00+01:00,0.256335
2026-03-09T14:30:00+01:00,0.249866
2026-03-09T14:45:00+01:00,0.266685
2026-03-09T15:00:00+01:00,0.255128
2026-03-09T15:15:00+01:00,0.273671
2026-03-09T15:30:00+01:00,0.251332
2026-03-09T15:45:00+01:00,0.282728
2026-03-09T16:00:00+01:00,0.217523
2026-03-09T16:15:00+01:00,0.288247
2026-03-09T16:30:00+01:00,0.305325
2026-03-09T16:45:00+01:00,0.284797
2026-03-09T17:00:00+01:00,0.292387
2026-03-09T17:15:00+01:00,0.285487
2026-03-09T17:30:00+01:00,0.29187
2026-03-09T17:45:00+01:00,0.297562
2026-03-09T18:00:00+01:00,0.298856
2026-03-09T18:15:00+01:00,0.287902
2026-03-09T18:30:00+01:00,0.303945
2026-03-09T18:45:00+01:00,0.282555
2026-03-09T19:00:00+01:00,0.276
2026-03-09T19:15:00+01:00,0.28428
2026-03-09T19:30:00+01:00,0.28152
2026-03-09T19:45:00+01:00,0.297217
2026-03-09T20:00:00+01:00,0.279795
2026-03-09T20:15:00+01:00,0.292042
2026-03-09T20:30:00+01:00,0.276
2026-03-09T20:45:00+01:00,0.311966
2026-03-09T21:00:00+01:00,0.290145
2026-03-09T21:15:00+01:00,0.299805
2026-03-09T21:30:00+01:00,0.244777
2026-03-09T21:45:00+01:00,0.216487
2026-03-09T22:00:00+01:00,0.215107
2026-03-09T22:15:00+01:00,0.271342
2026-03-09T22:30:00+01:00,0.32154
2026-03-09T22:45:00+01:00,0.312397
2026-03-09T23:00:00+01:00,0.319297
2026-03-09T23:15:00+01:00,0.28152
2026-03-09T23:30:00+01:00,0.307395
2026-03-09T23:45:00+01:00,0.322316
2026-03-10T00:00:00+01:00,0.279105
2026-03-10T00:15:00+01:00,0.21528
2026-03-10T00:30:00+01:00,0.282641
2026-03-10T00:45:00+01:00,0.310155
2026-03-10T01:00:00+01:00,0.312915
2026-03-10T01:15:00+01:00,0.322747
2026-03-10T01:30:00+01:00,0.311362
2026-03-10T01:45:00+01:00,0.282727
2026-03-10T02:00:00+01:00,0.285574
2026-03-10T02:15:00+01:00,0.280485
2026-03-10T02:30:00+01:00,0.308775
2026-03-10T02:45:00+01:00,0.272722
2026-03-10T03:00:00+01:00,0.212865
2026-03-10T03:15:00+01:00,0.210105
2026-03-10T03:30:00+01:00,0.20493
2026-03-10T03:45:00+01:00,0.20424
2026-03-10T04:00:00+01:00,0.202429
2026-03-10T04:15:00+01:00,0.203205
2026-03-10T04:30:00+01:00,0.175605
2026-03-10T04:45:00+01:00,0.182333
2026-03-10T05:00:00+01:00,0.141795
2026-03-10T05:15:00+01:00,0.185093
2026-03-10T05:30:00+01:00,0.19803
2026-03-10T05:45:00+01:00,0.200445
2026-03-10T06:00:00+01:00,0.203033
2026-03-10T06:15:00+01:00,0.18078
2026-03-10T06:30:00+01:00,0.203033
2026-03-10T06:45:00+01:00,0.202343
2026-03-10T07:00:00+01:00,0.196478
2026-03-10T07:15:00+01:00,0.195098
2026-03-10T07:30:00+01:00,0.196046
2026-03-10T07:45:00+01:00,0.188543
2026-03-10T08:00:00+01:00,0.190095
2026-03-10T08:15:00+01:00,0.202343
2026-03-10T08:30:00+01:00,0.201825
2026-03-10T08:45:00+01:00,0.188715
2026-03-10T09:00:00+01:00,0.191734
2026-03-10T09:15:00+01:00,0.186127
2026-03-10T09:30:00+01:00,0.177847
2026-03-10T09:45:00+01:00,0.187853
2026-03-10T10:00:00+01:00,0.168015
2026-03-10T10:15:00+01:00,0.159045
2026-03-10T10:30:00+01:00,0.154387
2026-03-10T10:45:00+01:00,0.143175
2026-03-10T11:00:00+01:00,0.159045
2026-03-10T11:15:00+01:00,0.171637
2026-03-10T11:30:00+01:00,0.165945
2026-03-10T11:45:00+01:00,0.184575
2026-03-10T12:00:00+01:00,0.180263
2026-03-10T12:15:00+01:00,0.157061
2026-03-10T12:30:00+01:00,0.15525
2026-03-10T12:45:00+01:00,0.163357
2026-03-10T13:00:00+01:00,0.150593
2026-03-10T13:15:00+01:00,0.18216
2026-03-10T13:30:00+01:00,0.165428
2026-03-10T13:45:00+01:00,0.185092
2026-03-10T14:00:00+01:00,0.158873
2026-03-10T14:15:00+01:00,0.174915
2026-03-10T14:30:00+01:00,0.162668
2026-03-10T14:45:00+01:00,0.178192
2026-03-10T15:00:00+01:00,0.150851
2026-03-10T15:15:00+01:00,0.193545
2026-03-10T15:30:00+01:00,0.196995
2026-03-10T15:45:00+01:00,0.197168
2026-03-10T16:00:00+01:00,0.176295
2026-03-10T16:15:00+01:00,0.151455
2026-03-10T16:30:00+01:00,0.19044
2026-03-10T16:45:00+01:00,0.150938
2026-03-10T17:00:00+01:00,0.18354
2026-03-10T17:15:00+01:00,0.189923
2026-03-10T17:30:00+01:00,0.211485
2026-03-10T17:45:00+01:00,0.216487
2026-03-10T18:00:00+01:00,0.189232
2026-03-10T18:15:00+01:00,0.151283
2026-03-10T18:30:00+01:00,0.151628
2026-03-10T18:45:00+01:00,0.20907
2026-03-10T19:00:00+01:00,0.217695
2026-03-10T19:15:00+01:00,0.19665
2026-03-10T19:30:00+01:00,0.15111
2026-03-10T19:45:00+01:00,0.151455
2026-03-10T20:00:00+01:00,0.151455
2026-03-10T20:15:00+01:00,0.215107
2026-03-10T20:30:00+01:00,0.175778
2026-03-10T20:45:00+01:00,0.198203
2026-03-10T21:00:00+01:00,0.212002
2026-03-10T21:15:00+01:00,0.203377
2026-03-10T21:30:00+01:00,0.212692
2026-03-10T21:45:00+01:00,0.21321
2026-03-10T22:00:00+01:00,0.20976
2026-03-10T22:15:00+01:00,0.215107
2026-03-10T22:30:00+01:00,0.201825
2026-03-10T22:45:00+01:00,0.210709
2026-03-10T23:00:00+01:00,0.201997
2026-03-10T23:15:00+01:00,0.154905
2026-03-10T23:30:00+01:00,0.210278
2026-03-10T23:45:00+01:00,0.185955
2026-03-11T00:00:00+01:00,0.210105
2026-03-11T00:15:00+01:00,0.190354
2026-03-11T00:30:00+01:00,0.150765
2026-03-11T00:45:00+01:00,0.149558
2026-03-11T01:00:00+01:00,0.151283
2026-03-11T01:15:00+01:00,0.14973
2026-03-11T01:30:00+01:00,0.162322
2026-03-11T01:45:00+01:00,0.18906
2026-03-11T02:00:00+01:00,0.201653
2026-03-11T02:15:00+01:00,0.178883
2026-03-11T02:30:00+01:00,0.202946
2026-03-11T02:45:00+01:00,0.188888
2026-03-11T03:00:00+01:00,0.190268
2026-03-11T03:15:00+01:00,0.172328
2026-03-11T03:30:00+01:00,0.179745
2026-03-11T03:45:00+01:00,0.168705
2026-03-11T04:00:00+01:00,0.16353
2026-03-11T04:15:00+01:00,0.170775
2026-03-11T04:30:00+01:00,0.187508
2026-03-11T04:45:00+01:00,0.174139
2026-03-11T05:00:00+01:00,0.183885
2026-03-11T05:15:00+01:00,0.14973
2026-03-11T05:30:00+01:00,0.188715
2026-03-11T05:45:00+01:00,0.203895
2026-03-11T06:00:00+01:00,0.222007
2026-03-11T06:15:00+01:00,0.21804
2026-03-11T06:30:00+01:00,0.1863
2026-03-11T06:45:00+01:00,0.21183
2026-03-11T07:00:00+01:00,0.233565
2026-03-11T07:15:00+01:00,0.217868
2026-03-11T07:30:00+01:00,0.22356
2026-03-11T07:45:00+01:00,0.267806
2026-03-11T08:00:00+01:00,0.26013
2026-03-11T08:15:00+01:00,0.298425
2026-03-11T08:30:00+01:00,0.252195
2026-03-11T08:45:00+01:00,0.260044
2026-03-11T09:00:00+01:00,0.27186
2026-03-11T09:15:00+01:00,0.239603
2026-03-11T09:30:00+01:00,0.260906
2026-03-11T09:45:00+01:00,0.248227
2026-03-11T10:00:00+01:00,0.253575
2026-03-11T10:15:00+01:00,0.260302
2026-03-11T10:30:00+01:00,0.2208
2026-03-11T10:45:00+01:00,0.246158
2026-03-11T11:00:00+01:00,0.23874
2026-03-11T11:15:00+01:00,0.247451
2026-03-11T11:30:00+01:00,0.250815
2026-03-11T11:45:00+01:00,0.191648
2026-03-11T12:00:00+01:00,0.235463
2026-03-11T12:15:00+01:00,0.267548
2026-03-11T12:30:00+01:00,0.261855
2026-03-11T12:45:00+01:00,0.209932
2026-03-11T13:00:00+01:00,0.267289
2026-03-11T13:15:00+01:00,0.227183
2026-03-11T13:30:00+01:00,0.194407
2026-03-11T13:45:00+01:00,0.18423
2026-03-11T14:00:00+01:00,0.18285
2026-03-11T14:15:00+01:00,0.184402
2026-03-11T14:30:00+01:00,0.253057
2026-03-11T14:45:00+01:00,0.284366
2026-03-11T15:00:00+01:00,0.298943
2026-03-11T15:15:00+01:00,0.275138
2026-03-11T15:30:00+01:00,0.263839
2026-03-11T15:45:00+01:00,0.28014
2026-03-11T16:00:00+01:00,0.277897
2026-03-11T16:15:00+01:00,0.305929
2026-03-11T16:30:00+01:00,0.298597
2026-03-11T16:45:00+01:00,0.300667
2026-03-11T17:00:00+01:00,0.28842
2026-03-11T17:15:00+01:00,0.270307
2026-03-11T17:30:00+01:00,0.295837
2026-03-11T17:45:00+01:00,0.299632
2026-03-11T18:00:00+01:00,0.276345
2026-03-11T18:15:00+01:00,0.281779
2026-03-11T18:30:00+01:00,0.294802
2026-03-11T18:45:00+01:00,0.293077
2026-03-11T19:00:00+01:00,0.28911
2026-03-11T19:15:00+01:00,0.288075
2026-03-11T19:30:00+01:00,0.292042
2026-03-11T19:45:00+01:00,0.304807
2026-03-11T20:00:00+01:00,0.30498
2026-03-11T20:15:00+01:00,0.303945
2026-03-11T20:30:00+01:00,0.294802
2026-03-11T20:45:00+01:00,0.287558
2026-03-11T21:00:00+01:00,0.257542
2026-03-11T21:15:00+01:00,0.27462
2026-03-11T21:30:00+01:00,0.26013
2026-03-11T21:45:00+01:00,0.216401
2026-03-11T22:00:00+01:00,0.260647
2026-03-11T22:15:00+01:00,0.300668
2026-03-11T22:30:00+01:00,0.290059
2026-03-11T22:45:00+01:00,0.285832
2026-03-11T23:00:00+01:00,0.27117
2026-03-11T23:15:00+01:00,0.300323
2026-03-11T23:30:00+01:00,0.302565
2026-03-11T23:45:00+01:00,0.279105
2026-03-12T00:00:00+01:00,0.289196
2026-03-12T00:15:00+01:00,0.285832
2026-03-12T00:30:00+01:00,0.308516
2026-03-12T00:45:00+01:00,0.254092
2026-03-12T01:00:00+01:00,0.252885
2026-03-12T01:15:00+01:00,0.343189
2026-03-12T01:30:00+01:00,0.30636
2026-03-12T01:45:00+01:00,0.315244
2026-03-12T02:00:00+01:00,0.29532
2026-03-12T02:15:00+01:00,0.29946
2026-03-12T02:30:00+01:00,0.303255
2026-03-12T02:45:00+01:00,0.296527
2026-03-12T03:00:00+01:00,0.293422
2026-03-12T03:15:00+01:00,0.29256
2026-03-12T03:30:00+01:00,0.224077
2026-03-12T03:45:00+01:00,0.217695
2026-03-12T04:00:00+01:00,0.32154
2026-03-12T04:15:00+01:00,0.306187
2026-03-12T04:30:00+01:00,0.311104
2026-03-12T04:45:00+01:00,0.288937
2026-03-12T05:00:00+01:00,0.278242
2026-03-12T05:15:00+01:00,0.30912
2026-03-12T05:30:00+01:00,0.311017
2026-03-12T05:45:00+01:00,0.235894
2026-03-12T06:00:00+01:00,0.264097
2026-03-12T06:15:00+01:00,0.281865
2026-03-12T06:30:00+01:00,0.30567
2026-03-12T06:45:00+01:00,0.326542
2026-03-12T07:00:00+01:00,0.288765
2026-03-12T07:15:00+01:00,0.241327
2026-03-12T07:30:00+01:00,0.284797
2026-03-12T07:45:00+01:00,0.290662
2026-03-12T08:00:00+01:00,0.288161
2026-03-12T08:15:00+01:00,0.282383
2026-03-12T08:30:00+01:00,0.266168
2026-03-12T08:45:00+01:00,0.21666
2026-03-12T09:00:00+01:00,0.214245
2026-03-12T09:15:00+01:00,0.264788
2026-03-12T09:30:00+01:00,0.27393
2026-03-12T09:45:00+01:00,0.243053
2026-03-12T10:00:00+01:00,0.168188
2026-03-12T10:15:00+01:00,0.180607
2026-03-12T10:30:00+01:00,0.24495
2026-03-12T10:45:00+01:00,0.243225
2026-03-12T11:00:00+01:00,0.252023
2026-03-12T11:15:00+01:00,0.263063
2026-03-12T11:30:00+01:00,0.262027
2026-03-12T11:45:00+01:00,0.2346
2026-03-12T12:00:00+01:00,0.28083
2026-03-12T12:15:00+01:00,0.262027
2026-03-12T12:30:00+01:00,0.265823
2026-03-12T12:45:00+01:00,0.226493
2026-03-12T13:00:00+01:00,0.26427
2026-03-12T13:15:00+01:00,0.247969
2026-03-12T13:30:00+01:00,0.251505
2026-03-12T13:45:00+01:00,0.188025
2026-03-12T14:00:00+01:00,0.24219
2026-03-12T14:15:00+01:00,0.2691
2026-03-12T14:30:00+01:00,0.263408
2026-03-12T14:45:00+01:00,0.276
2026-03-12T15:00:00+01:00,0.281692
2026-03-12T15:15:00+01:00,0.27048
2026-03-12T15:30:00+01:00,0.272291
2026-03-12T15:45:00+01:00,0.251678
2026-03-12T16:00:00+01:00,0.289455
2026-03-12T16:15:00+01:00,0.268496
2026-03-12T16:30:00+01:00,0.266857
2026-03-12T16:45:00+01:00,0.255645
2026-03-12T17:00:00+01:00,0.294285
2026-03-12T17:15:00+01:00,0.274965
2026-03-12T17:30:00+01:00,0.233392
2026-03-12T17:45:00+01:00,0.290835
2026-03-12T18:00:00+01:00,0.273067
2026-03-12T18:15:00+01:00,0.277208
2026-03-12T18:30:00+01:00,0.270135
2026-03-12T18:45:00+01:00,0.293854
2026-03-12T19:00:00+01:00,0.302737
2026-03-12T19:15:00+01:00,0.315158
2026-03-12T19:30:00+01:00,0.297045
2026-03-12T19:45:00+01:00,0.31257
2026-03-12T20:00:00+01:00,0.299287
2026-03-12T20:15:00+01:00,0.29808
2026-03-12T20:30:00+01:00,0.288248
2026-03-12T20:45:00+01:00,0.29463
2026-03-12T21:00:00+01:00,0.303428
2026-03-12T21:15:00+01:00,0.300495
2026-03-12T21:30:00+01:00,0.229597
2026-03-12T21:45:00+01:00,0.216832
2026-03-12T22:00:00+01:00,0.284452
2026-03-12T22:15:00+01:00,0.30015
2026-03-12T22:30:00+01:00,0.297476
2026-03-12T22:45:00+01:00,0.296355
2026-03-12T23:00:00+01:00,0.294285
2026-03-12T23:15:00+01:00,0.306619
2026-03-12T23:30:00+01:00,0.28635
2026-03-12T23:45:00+01:00,0.29187
2026-03-13T00:00:00+01:00,0.287299
2026-03-13T00:15:00+01:00,0.30498
2026-03-13T00:30:00+01:00,0.295147
2026-03-13T00:45:00+01:00,0.309206
2026-03-13T01:00:00+01:00,0.303772
2026-03-13T01:15:00+01:00,0.26082
2026-03-13T01:30:00+01:00,0.240637
2026-03-13T01:45:00+01:00,0.304635
2026-03-13T02:00:00+01:00,0.298425
2026-03-13T02:15:00+01:00,0.308602
2026-03-13T02:30:00+01:00,0.298252
2026-03-13T02:45:00+01:00,0.293336
2026-03-13T03:00:00+01:00,0.29532
2026-03-13T03:15:00+01:00,0.315675
2026-03-13T03:30:00+01:00,0.217954
2026-03-13T03:45:00+01:00,0.19389
2026-03-13T04:00:00+01:00,0.29532
2026-03-13T04:15:00+01:00,0.302565
2026-03-13T04:30:00+01:00,0.294975
2026-03-13T04:45:00+01:00,0.295492
2026-03-13T05:00:00+01:00,0.320074
2026-03-13T05:15:00+01:00,0.296527
2026-03-13T05:30:00+01:00,0.292905
2026-03-13T05:45:00+01:00,0.227959
2026-03-13T06:00:00+01:00,0.27324
2026-03-13T06:15:00+01:00,0.314295
2026-03-13T06:30:00+01:00,0.306791
2026-03-13T06:45:00+01:00,0.284107
2026-03-13T07:00:00+01:00,0.30015
2026-03-13T07:15:00+01:00,0.251591
2026-03-13T07:30:00+01:00,0.302737
2026-03-13T07:45:00+01:00,0.294975
2026-03-13T08:00:00+01:00,0.304721
2026-03-13T08:15:00+01:00,0.284625
2026-03-13T08:30:00+01:00,0.233393
2026-03-13T08:45:00+01:00,0.27945
2026-03-13T09:00:00+01:00,0.272723
2026-03-13T09:15:00+01:00,0.207345
2026-03-13T09:30:00+01:00,0.231322
2026-03-13T09:45:00+01:00,0.271515
2026-03-13T10:00:00+01:00,0.26703
2026-03-13T10:15:00+01:00,0.205965
2026-03-13T10:30:00+01:00,0.266426
2026-03-13T10:45:00+01:00,0.265305
2026-03-13T11:00:00+01:00,0.264098
2026-03-13T11:15:00+01:00,0.269963
2026-03-13T11:30:00+01:00,0.243743
2026-03-13T11:45:00+01:00,0.230978
2026-03-13T12:00:00+01:00,0.254783
2026-03-13T12:15:00+01:00,0.244605
2026-03-13T12:30:00+01:00,0.230633
2026-03-13T12:45:00+01:00,0.252281
2026-03-13T13:00:00+01:00,0.25599
2026-03-13T13:15:00+01:00,0.236153
2026-03-13T13:30:00+01:00,0.20907
2026-03-13T13:45:00+01:00,0.172845
2026-03-13T14:00:00+01:00,0.248745
2026-03-13T14:15:00+01:00,0.259871
2026-03-13T14:30:00+01:00,0.256335
2026-03-13T14:45:00+01:00,0.259612
2026-03-13T15:00:00+01:00,0.290749
2026-03-13T15:15:00+01:00,0.275828
2026-03-13T15:30:00+01:00,0.278588
2026-03-13T15:45:00+01:00,0.279191
2026-03-13T16:00:00+01:00,0.302392
2026-03-13T16:15:00+01:00,0.276345
2026-03-13T16:30:00+01:00,0.299978
2026-03-13T16:45:00+01:00,0.315158
2026-03-13T17:00:00+01:00,0.268496
2026-03-13T17:15:00+01:00,0.243052
2026-03-13T17:30:00+01:00,0.296355
2026-03-13T17:45:00+01:00,0.288937
2026-03-13T18:00:00+01:00,0.276
2026-03-13T18:15:00+01:00,0.313432
2026-03-13T18:30:00+01:00,0.296182
2026-03-13T18:45:00+01:00,0.27807
2026-03-13T19:00:00+01:00,0.310069
2026-03-13T19:15:00+01:00,0.284107
2026-03-13T19:30:00+01:00,0.303945
2026-03-13T19:45:00+01:00,0.30636
2026-03-13T20:00:00+01:00,0.286695
2026-03-13T20:15:00+01:00,0.24702
2026-03-13T20:30:00+01:00,0.30912
2026-03-13T20:45:00+01:00,0.28566
2026-03-13T21:00:00+01:00,0.276
2026-03-13T21:15:00+01:00,0.267202
2026-03-13T21:30:00+01:00,0.197858
2026-03-13T21:45:00+01:00,0.15111
2026-03-13T22:00:00+01:00,0.151628
2026-03-13T22:15:00+01:00,0.151196
2026-03-13T22:30:00+01:00,0.151455
2026-03-13T22:45:00+01:00,0.152835
2026-03-13T23:00:00+01:00,0.152318
2026-03-13T23:15:00+01:00,0.152835
2026-03-13T23:30:00+01:00,0.152145
2026-03-13T23:45:00+01:00,0.153008
2026-03-14T00:00:00+01:00,0.1518
2026-03-14T00:15:00+01:00,0.150075
2026-03-14T00:30:00+01:00,0.15318
2026-03-14T00:45:00+01:00,0.151455
2026-03-14T01:00:00+01:00,0.151973
2026-03-14T01:15:00+01:00,0.151628
2026-03-14T01:30:00+01:00,0.151283
2026-03-14T01:45:00+01:00,0.15111
2026-03-14T02:00:00+01:00,0.151455
2026-03-14T02:15:00+01:00,0.151455
2026-03-14T02:30:00+01:00,0.1518
2026-03-14T02:45:00+01:00,0.150248
2026-03-14T03:00:00+01:00,0.14973
2026-03-14T03:15:00+01:00,0.148868
2026-03-14T03:30:00+01:00,0.1518
2026-03-14T03:45:00+01:00,0.150593
2026-03-14T04:00:00+01:00,0.151283
2026-03-14T04:15:00+01:00,0.15042
2026-03-14T04:30:00+01:00,0.150075
2026-03-14T04:45:00+01:00,0.148695
2026-03-14T05:00:00+01:00,0.15042
2026-03-14T05:15:00+01:00,0.15111
2026-03-14T05:30:00+01:00,0.14766
2026-03-14T05:45:00+01:00,0.14835
2026-03-14T06:00:00+01:00,0.148005
2026-03-14T06:15:00+01:00,0.149385
2026-03-14T06:30:00+01:00,0.148868
2026-03-14T06:45:00+01:00,0.148005
2026-03-14T07:00:00+01:00,0.148695
2026-03-14T07:15:00+01:00,0.149213
2026-03-14T07:30:00+01:00,0.14904
2026-03-14T07:45:00+01:00,0.148954
2026-03-14T08:00:00+01:00,0.147143
2026-03-14T08:15:00+01:00,0.147315
2026-03-14T08:30:00+01:00,0.148005
2026-03-14T08:45:00+01:00,0.147488
2026-03-14T09:00:00+01:00,0.14766
2026-03-14T09:15:00+01:00,0.148178
2026-03-14T09:30:00+01:00,0.148868
2026-03-14T09:45:00+01:00,0.149903
2026-03-14T10:00:00+01:00,0.148005
2026-03-14T10:15:00+01:00,0.147833
2026-03-14T10:30:00+01:00,0.14766
2026-03-14T10:45:00+01:00,0.148523
2026-03-14T11:00:00+01:00,0.150248
2026-03-14T11:15:00+01:00,0.148178
2026-03-14T11:30:00+01:00,0.148005
2026-03-14T11:45:00+01:00,0.148523
2026-03-14T12:00:00+01:00,0.15111
2026-03-14T12:15:00+01:00,0.153784
2026-03-14T12:30:00+01:00,0.141105
2026-03-14T12:45:00+01:00,0.14007
2026-03-14T13:00:00+01:00,0.141622
2026-03-14T13:15:00+01:00,0.141622
2026-03-14T13:30:00+01:00,0.141105
2026-03-14T13:45:00+01:00,0.140242
2026-03-14T14:00:00+01:00,0.142312
2026-03-14T14:15:00+01:00,0.14145
2026-03-14T14:30:00+01:00,0.141277
2026-03-14T14:45:00+01:00,0.140587
2026-03-14T15:00:00+01:00,0.141622
2026-03-14T15:15:00+01:00,0.14214
2026-03-14T15:30:00+01:00,0.141105
2026-03-14T15:45:00+01:00,0.14214
2026-03-14T16:00:00+01:00,0.14076
2026-03-14T16:15:00+01:00,0.140242
2026-03-14T16:30:00+01:00,0.140932
2026-03-14T16:45:00+01:00,0.14145
2026-03-14T17:00:00+01:00,0.140932
2026-03-14T17:15:00+01:00,0.14076
2026-03-14T17:30:00+01:00,0.14214
2026-03-14T17:45:00+01:00,0.142312
2026-03-14T18:00:00+01:00,0.14283
2026-03-14T18:15:00+01:00,0.143002
2026-03-14T18:30:00+01:00,0.141795
2026-03-14T18:45:00+01:00,0.141622
2026-03-14T19:00:00+01:00,0.143002
2026-03-14T19:15:00+01:00,0.141967
2026-03-14T19:30:00+01:00,0.142485
2026-03-14T19:45:00+01:00,0.14214
2026-03-14T20:00:00+01:00,0.14214
2026-03-14T20:15:00+01:00,0.143865
2026-03-14T20:30:00+01:00,0.143692
2026-03-14T20:45:00+01:00,0.14283
2026-03-14T21:00:00+01:00,0.143865
2026-03-14T21:15:00+01:00,0.14214
2026-03-14T21:30:00+01:00,0.14145
2026-03-14T21:45:00+01:00,0.141277
2026-03-14T22:00:00+01:00,0.141277
2026-03-14T22:15:00+01:00,0.141795
2026-03-14T22:30:00+01:00,0.141795
2026-03-14T22:45:00+01:00,0.14214
2026-03-14T23:00:00+01:00,0.14214
2026-03-14T23:15:00+01:00,0.142485
2026-03-14T23:30:00+01:00,0.14283
2026-03-14T23:45:00+01:00,0.143175
2026-03-15T00:00:00+01:00,0.141622
2026-03-15T00:15:00+01:00,0.14145
2026-03-15T00:30:00+01:00,0.140587
2026-03-15T00:45:00+01:00,0.140587
2026-03-15T01:00:00+01:00,0.140415
2026-03-15T01:15:00+01:00,0.140415
2026-03-15T01:30:00+01:00,0.140242
2026-03-15T01:45:00+01:00,0.140587
2026-03-15T02:00:00+01:00,0.141277
2026-03-15T02:15:00+01:00,0.141277
2026-03-15T02:30:00+01:00,0.141967
2026-03-15T02:45:00+01:00,0.141967
2026-03-15T03:00:00+01:00,0.141967
2026-03-15T03:15:00+01:00,0.142312
2026-03-15T03:30:00+01:00,0.141967
2026-03-15T03:45:00+01:00,0.142485
2026-03-15T04:00:00+01:00,0.141622
2026-03-15T04:15:00+01:00,0.141622
2026-03-15T04:30:00+01:00,0.141967
2026-03-15T04:45:00+01:00,0.14214
2026-03-15T05:00:00+01:00,0.140932
2026-03-15T05:15:00+01:00,0.14145
2026-03-15T05:30:00+01:00,0.14214
2026-03-15T05:45:00+01:00,0.141622
2026-03-15T06:00:00+01:00,0.141967
2026-03-15T06:15:00+01:00,0.141277
2026-03-15T06:30:00+01:00,0.141622
2026-03-15T06:45:00+01:00,0.141277
2026-03-15T07:00:00+01:00,0.141277
2026-03-15T07:15:00+01:00,0.142485
2026-03-15T07:30:00+01:00,0.14145
2026-03-15T07:45:00+01:00,0.142485
2026-03-15T08:00:00+01:00,0.141277
2026-03-15T08:15:00+01:00,0.14145
2026-03-15T08:30:00+01:00,0.140415
2026-03-15T08:45:00+01:00,0.141622
2026-03-15T09:00:00+01:00,0.140932
2026-03-15T09:15:00+01:00,0.140415
2026-03-15T09:30:00+01:00,0.140587
2026-03-15T09:45:00+01:00,0.141622
2026-03-15T10:00:00+01:00,0.140932
2026-03-15T10:15:00+01:00,0.143175
2026-03-15T10:30:00+01:00,0.14145
2026-03-15T10:45:00+01:00,0.143865
2026-03-15T11:00:00+01:00,0.142657
2026-03-15T11:15:00+01:00,0.142485
2026-03-15T11:30:00+01:00,0.141967
2026-03-15T11:45:00+01:00,0.142485
2026-03-15T12:00:00+01:00,0.141622
2026-03-15T12:15:00+01:00,0.141967
2026-03-15T12:30:00+01:00,0.141277
2026-03-15T12:45:00+01:00,0.141105
2026-03-15T13:00:00+01:00,0.141105
2026-03-15T13:15:00+01:00,0.141277
2026-03-15T13:30:00+01:00,0.140415
2026-03-15T13:45:00+01:00,0.140415
2026-03-15T14:00:00+01:00,0.141277
2026-03-15T14:15:00+01:00,0.141967
2026-03-15T14:30:00+01:00,0.14076
2026-03-15T14:45:00+01:00,0.140587
2026-03-15T15:00:00+01:00,0.140415
2026-03-15T15:15:00+01:00,0.141967
2026-03-15T15:30:00+01:00,0.140415
2026-03-15T15:45:00+01:00,0.141967
2026-03-15T16:00:00+01:00,0.141277
2026-03-15T16:15:00+01:00,0.141795
2026-03-15T16:30:00+01:00,0.141967
2026-03-15T16:45:00+01:00,0.141622
2026-03-15T17:00:00+01:00,0.141277
2026-03-15T17:15:00+01:00,0.140415
2026-03-15T17:30:00+01:00,0.139725
2026-03-15T17:45:00+01:00,0.140932
2026-03-15T18:00:00+01:00,0.14007
2026-03-15T18:15:00+01:00,0.142485
2026-03-15T18:30:00+01:00,0.14076
2026-03-15T18:45:00+01:00,0.140587
2026-03-15T19:00:00+01:00,0.140932
2026-03-15T19:15:00+01:00,0.14076
2026-03-15T19:30:00+01:00,0.141105
2026-03-15T19:45:00+01:00,0.141105
2026-03-15T20:00:00+01:00,0.140587
2026-03-15T20:15:00+01:00,0.141277
2026-03-15T20:30:00+01:00,0.142657
2026-03-15T20:45:00+01:00,0.140415
2026-03-15T21:00:00+01:00,0.142312
2026-03-15T21:15:00+01:00,0.141105
2026-03-15T21:30:00+01:00,0.141795
2026-03-15T21:45:00+01:00,0.14145
2026-03-15T22:00:00+01:00,0.18699
2026-03-15T22:15:00+01:00,0.237187
2026-03-15T22:30:00+01:00,0.227528
2026-03-15T22:45:00+01:00,0.232185
2026-03-15T23:00:00+01:00,0.237101
2026-03-15T23:15:00+01:00,0.18975
2026-03-15T23:30:00+01:00,0.227183
2026-03-15T23:45:00+01:00,0.234083
2026-03-16T00:00:00+01:00,0.23598
2026-03-16T00:15:00+01:00,0.225458
2026-03-16T00:30:00+01:00,0.235118
2026-03-16T00:45:00+01:00,0.24219
2026-03-16T01:00:00+01:00,0.167843
2026-03-16T01:15:00+01:00,0.245209
2026-03-16T01:30:00+01:00,0.226838
2026-03-16T01:45:00+01:00,0.154905
2026-03-16T02:00:00+01:00,0.18699
2026-03-16T02:15:00+01:00,0.247192
2026-03-16T02:30:00+01:00,0.166635
2026-03-16T02:45:00+01:00,0.24081
2026-03-16T03:00:00+01:00,0.233565
2026-03-16T03:15:00+01:00,0.23322
2026-03-16T03:30:00+01:00,0.256163
2026-03-16T03:45:00+01:00,0.230288
2026-03-16T04:00:00+01:00,0.200618
2026-03-16T04:15:00+01:00,0.237878
2026-03-16T04:30:00+01:00,0.235635
2026-03-16T04:45:00+01:00,0.195615
2026-03-16T05:00:00+01:00,0.221318
2026-03-16T05:15:00+01:00,0.223733
2026-03-16T05:30:00+01:00,0.21735
2026-03-16T05:45:00+01:00,0.157148
2026-03-16T06:00:00+01:00,0.217436
2026-03-16T06:15:00+01:00,0.237533
2026-03-16T06:30:00+01:00,0.22632
2026-03-16T06:45:00+01:00,0.221835
2026-03-16T07:00:00+01:00,0.238654
2026-03-16T07:15:00+01:00,0.232702
2026-03-16T07:30:00+01:00,0.217868
2026-03-16T07:45:00+01:00,0.226148
2026-03-16T08:00:00+01:00,0.231495
2026-03-16T08:15:00+01:00,0.175778
2026-03-16T08:30:00+01:00,0.238568
2026-03-16T08:45:00+01:00,0.232875
2026-03-16T09:00:00+01:00,0.248055
2026-03-16T09:15:00+01:00,0.238223
2026-03-16T09:30:00+01:00,0.23322
2026-03-16T09:45:00+01:00,0.237878
2026-03-16T10:00:00+01:00,0.213383
2026-03-16T10:15:00+01:00,0.186473
2026-03-16T10:30:00+01:00,0.213038
2026-03-16T10:45:00+01:00,0.227096
2026-03-16T11:00:00+01:00,0.218903
2026-03-16T11:15:00+01:00,0.197858
2026-03-16T11:30:00+01:00,0.219075
2026-03-16T11:45:00+01:00,0.213814
2026-03-16T12:00:00+01:00,0.226838
2026-03-16T12:15:00+01:00,0.21114
2026-03-16T12:30:00+01:00,0.221835
2026-03-16T12:45:00+01:00,0.196133
2026-03-16T13:00:00+01:00,0.25392
2026-03-16T13:15:00+01:00,0.247538
2026-03-16T13:30:00+01:00,0.227182
2026-03-16T13:45:00+01:00,0.150075
2026-03-16T14:00:00+01:00,0.150075
2026-03-16T14:15:00+01:00,0.15042
2026-03-16T14:30:00+01:00,0.15042
2026-03-16T14:45:00+01:00,0.150938
2026-03-16T15:00:00+01:00,0.150161
2026-03-16T15:15:00+01:00,0.150938
2026-03-16T15:30:00+01:00,0.150593
2026-03-16T15:45:00+01:00,0.150938
2026-03-16T16:00:00+01:00,0.151455
2026-03-16T16:15:00+01:00,0.151283
2026-03-16T16:30:00+01:00,0.15042
2026-03-16T16:45:00+01:00,0.151455
2026-03-16T17:00:00+01:00,0.15111
2026-03-16T17:15:00+01:00,0.15111
2026-03-16T17:30:00+01:00,0.150938
2026-03-16T17:45:00+01:00,0.151628
2026-03-16T18:00:00+01:00,0.150765
2026-03-16T18:15:00+01:00,0.150248
2026-03-16T18:30:00+01:00,0.151455
2026-03-16T18:45:00+01:00,0.15111
2026-03-16T19:00:00+01:00,0.150938
2026-03-16T19:15:00+01:00,0.151628
2026-03-16T19:30:00+01:00,0.1518
2026-03-16T19:45:00+01:00,0.150938
2026-03-16T20:00:00+01:00,0.150765
2026-03-16T20:15:00+01:00,0.151283
2026-03-16T20:30:00+01:00,0.15111
2026-03-16T20:45:00+01:00,0.150765
2026-03-16T21:00:00+01:00,0.15111
2026-03-16T21:15:00+01:00,0.15111
2026-03-16T21:30:00+01:00,0.15111
2026-03-16T21:45:00+01:00,0.151283
2026-03-16T22:00:00+01:00,0.15111
2026-03-16T22:15:00+01:00,0.1518
2026-03-16T22:30:00+01:00,0.152145
2026-03-16T22:45:00+01:00,0.14973
2026-03-16T23:00:00+01:00,0.151973
2026-03-16T23:15:00+01:00,0.152318
2026-03-16T23:30:00+01:00,0.151973
2026-03-16T23:45:00+01:00,0.150938
2026-03-17T00:00:00+01:00,0.1518
2026-03-17T00:15:00+01:00,0.150593
2026-03-17T00:30:00+01:00,0.15042
2026-03-17T00:45:00+01:00,0.150593
2026-03-17T01:00:00+01:00,0.150765
2026-03-17T01:15:00+01:00,0.150075
2026-03-17T01:30:00+01:00,0.151628
2026-03-17T01:45:00+01:00,0.151628
2026-03-17T02:00:00+01:00,0.152318
2026-03-17T02:15:00+01:00,0.151628
2026-03-17T02:30:00+01:00,0.152318
2026-03-17T02:45:00+01:00,0.1518
2026-03-17T03:00:00+01:00,0.150248
2026-03-17T03:15:00+01:00,0.150248
2026-03-17T03:30:00+01:00,0.150765
2026-03-17T03:45:00+01:00,0.150248
2026-03-17T04:00:00+01:00,0.150075
2026-03-17T04:15:00+01:00,0.149903
2026-03-17T04:30:00+01:00,0.149385
2026-03-17T04:45:00+01:00,0.152663
2026-03-17T05:00:00+01:00,0.15042
2026-03-17T05:15:00+01:00,0.151455
2026-03-17T05:30:00+01:00,0.15111
2026-03-17T05:45:00+01:00,0.151455
2026-03-17T06:00:00+01:00,0.205275
2026-03-17T06:15:00+01:00,0.242708
2026-03-17T06:30:00+01:00,0.25185
2026-03-17T06:45:00+01:00,0.205103
2026-03-17T07:00:00+01:00,0.234255
2026-03-17T07:15:00+01:00,0.232702
2026-03-17T07:30:00+01:00,0.223819
2026-03-17T07:45:00+01:00,0.23115
2026-03-17T08:00:00+01:00,0.239775
2026-03-17T08:15:00+01:00,0.208035
2026-03-17T08:30:00+01:00,0.22425
2026-03-17T08:45:00+01:00,0.210968
2026-03-17T09:00:00+01:00,0.209415
2026-03-17T09:15:00+01:00,0.255645
2026-03-17T09:30:00+01:00,0.232789
2026-03-17T09:45:00+01:00,0.218903
2026-03-17T10:00:00+01:00,0.226838
2026-03-17T10:15:00+01:00,0.230805
2026-03-17T10:30:00+01:00,0.218816
2026-03-17T10:45:00+01:00,0.154733
2026-03-17T11:00:00+01:00,0.139552
2026-03-17T11:15:00+01:00,0.139207
2026-03-17T11:30:00+01:00,0.15525
2026-03-17T11:45:00+01:00,0.152663
2026-03-17T12:00:00+01:00,0.233738
2026-03-17T12:15:00+01:00,0.258577
2026-03-17T12:30:00+01:00,0.209329
2026-03-17T12:45:00+01:00,0.23046
2026-03-17T13:00:00+01:00,0.20424
2026-03-17T13:15:00+01:00,0.208035
2026-03-17T13:30:00+01:00,0.21528
2026-03-17T13:45:00+01:00,0.14973
2026-03-17T14:00:00+01:00,0.212865
2026-03-17T14:15:00+01:00,0.232185
2026-03-17T14:30:00+01:00,0.242018
2026-03-17T14:45:00+01:00,0.236325
2026-03-17T15:00:00+01:00,0.266426
2026-03-17T15:15:00+01:00,0.261682
2026-03-17T15:30:00+01:00,0.242362
2026-03-17T15:45:00+01:00,0.231581
2026-03-17T16:00:00+01:00,0.245813
2026-03-17T16:15:00+01:00,0.250642
2026-03-17T16:30:00+01:00,0.208294
2026-03-17T16:45:00+01:00,0.183195
2026-03-17T17:00:00+01:00,0.15456
2026-03-17T17:15:00+01:00,0.217868
2026-03-17T17:30:00+01:00,0.237015
2026-03-17T17:45:00+01:00,0.255041
2026-03-17T18:00:00+01:00,0.252713
2026-03-17T18:15:00+01:00,0.250642
2026-03-17T18:30:00+01:00,0.151455
2026-03-17T18:45:00+01:00,0.215798
2026-03-17T19:00:00+01:00,0.230633
2026-03-17T19:15:00+01:00,0.216488
2026-03-17T19:30:00+01:00,0.208725
2026-03-17T19:45:00+01:00,0.205016
2026-03-17T20:00:00+01:00,0.193545
2026-03-17T20:15:00+01:00,0.18837
2026-03-17T20:30:00+01:00,0.190268
2026-03-17T20:45:00+01:00,0.158355
2026-03-17T21:00:00+01:00,0.204413
2026-03-17T21:15:00+01:00,0.190095
2026-03-17T21:30:00+01:00,0.181729
2026-03-17T21:45:00+01:00,0.1518
2026-03-17T22:00:00+01:00,0.206655
2026-03-17T22:15:00+01:00,0.257542
2026-03-17T22:30:00+01:00,0.264097
2026-03-17T22:45:00+01:00,0.241586
2026-03-17T23:00:00+01:00,0.255817
2026-03-17T23:15:00+01:00,0.201998
2026-03-17T23:30:00+01:00,0.153698
2026-03-17T23:45:00+01:00,0.215453
2026-03-18T00:00:00+01:00,0.264443
2026-03-18T00:15:00+01:00,0.268755
2026-03-18T00:30:00+01:00,0.256508
2026-03-18T00:45:00+01:00,0.253575
2026-03-18T01:00:00+01:00,0.163185
2026-03-18T01:15:00+01:00,0.234082
2026-03-18T01:30:00+01:00,0.2691
2026-03-18T01:45:00+01:00,0.238913
2026-03-18T02:00:00+01:00,0.199928
2026-03-18T02:15:00+01:00,0.150765
2026-03-18T02:30:00+01:00,0.174398
2026-03-18T02:45:00+01:00,0.258923
2026-03-18T03:00:00+01:00,0.240465
2026-03-18T03:15:00+01:00,0.29118
2026-03-18T03:30:00+01:00,0.160166
2026-03-18T03:45:00+01:00,0.1518
2026-03-18T04:00:00+01:00,0.22356
2026-03-18T04:15:00+01:00,0.257543
2026-03-18T04:30:00+01:00,0.19044
2026-03-18T04:45:00+01:00,0.150765
2026-03-18T05:00:00+01:00,0.14973
2026-03-18T05:15:00+01:00,0.152145
2026-03-18T05:30:00+01:00,0.152318
2026-03-18T05:45:00+01:00,0.152318
2026-03-18T06:00:00+01:00,0.144727
2026-03-18T06:15:00+01:00,0.144382
2026-03-18T06:30:00+01:00,0.1449
2026-03-18T06:45:00+01:00,0.142657
2026-03-18T07:00:00+01:00,0.14076
2026-03-18T07:15:00+01:00,0.144555
2026-03-18T07:30:00+01:00,0.143347
2026-03-18T07:45:00+01:00,0.155077
2026-03-18T08:00:00+01:00,0.159045
2026-03-18T08:15:00+01:00,0.232358
2026-03-18T08:30:00+01:00,0.238912
2026-03-18T08:45:00+01:00,0.248745
2026-03-18T09:00:00+01:00,0.26082
2026-03-18T09:15:00+01:00,0.238222
2026-03-18T09:30:00+01:00,0.238395
2026-03-18T09:45:00+01:00,0.203723
2026-03-18T10:00:00+01:00,0.243915
2026-03-18T10:15:00+01:00,0.240896
2026-03-18T10:30:00+01:00,0.230805
2026-03-18T10:45:00+01:00,0.230805
2026-03-18T11:00:00+01:00,0.224423
2026-03-18T11:15:00+01:00,0.201308
2026-03-18T11:30:00+01:00,0.237101
2026-03-18T11:45:00+01:00,0.235635
2026-03-18T12:00:00+01:00,0.230632
2026-03-18T12:15:00+01:00,0.2208
2026-03-18T12:30:00+01:00,0.21735
2026-03-18T12:45:00+01:00,0.18009
2026-03-18T13:00:00+01:00,0.245122
2026-03-18T13:15:00+01:00,0.234686
2026-03-18T13:30:00+01:00,0.21597
2026-03-18T13:45:00+01:00,0.173535
2026-03-18T14:00:00+01:00,0.204758
2026-03-18T14:15:00+01:00,0.240293
2026-03-18T14:30:00+01:00,0.23322
2026-03-18T14:45:00+01:00,0.237015
2026-03-18T15:00:00+01:00,0.181988
2026-03-18T15:15:00+01:00,0.150938
2026-03-18T15:30:00+01:00,0.150593
2026-03-18T15:45:00+01:00,0.15042
2026-03-18T16:00:00+01:00,0.150075
2026-03-18T16:15:00+01:00,0.15042
2026-03-18T16:30:00+01:00,0.15042
2026-03-18T16:45:00+01:00,0.150075
2026-03-18T17:00:00+01:00,0.1518
2026-03-18T17:15:00+01:00,0.151973
2026-03-18T17:30:00+01:00,0.15111
2026-03-18T17:45:00+01:00,0.152145
2026-03-18T18:00:00+01:00,0.151628
2026-03-18T18:15:00+01:00,0.150938
2026-03-18T18:30:00+01:00,0.151455
2026-03-18T18:45:00+01:00,0.151455
2026-03-18T19:00:00+01:00,0.151283
2026-03-18T19:15:00+01:00,0.149903
2026-03-18T19:30:00+01:00,0.150593
2026-03-18T19:45:00+01:00,0.15042
2026-03-18T20:00:00+01:00,0.151455
2026-03-18T20:15:00+01:00,0.151283
2026-03-18T20:30:00+01:00,0.151455
2026-03-18T20:45:00+01:00,0.1518
2026-03-18T21:00:00+01:00,0.151283
2026-03-18T21:15:00+01:00,0.150593
2026-03-18T21:30:00+01:00,0.15111
2026-03-18T21:45:00+01:00,0.152145
2026-03-18T22:00:00+01:00,0.152835
2026-03-18T22:15:00+01:00,0.151973
2026-03-18T22:30:00+01:00,0.151283
2026-03-18T22:45:00+01:00,0.152318
2026-03-18T23:00:00+01:00,0.151283
2026-03-18T23:15:00+01:00,0.151455
2026-03-18T23:30:00+01:00,0.1518
2026-03-18T23:45:00+01:00,0.151455
2026-03-19T00:00:00+01:00,0.151973
2026-03-19T00:15:00+01:00,0.152835
2026-03-19T00:30:00+01:00,0.151455
2026-03-19T00:45:00+01:00,0.153008
2026-03-19T01:00:00+01:00,0.151628
2026-03-19T01:15:00+01:00,0.150593
2026-03-19T01:30:00+01:00,0.153439
2026-03-19T01:45:00+01:00,0.152835
2026-03-19T02:00:00+01:00,0.149903
2026-03-19T02:15:00+01:00,0.151283
2026-03-19T02:30:00+01:00,0.149213
2026-03-19T02:45:00+01:00,0.151196
2026-03-19T03:00:00+01:00,0.149903
2026-03-19T03:15:00+01:00,0.149385
2026-03-19T03:30:00+01:00,0.150765
2026-03-19T03:45:00+01:00,0.150938
2026-03-19T04:00:00+01:00,0.151283
2026-03-19T04:15:00+01:00,0.150248
2026-03-19T04:30:00+01:00,0.150248
2026-03-19T04:45:00+01:00,0.150765
2026-03-19T05:00:00+01:00,0.150938
2026-03-19T05:15:00+01:00,0.151283
2026-03-19T05:30:00+01:00,0.151973
2026-03-19T05:45:00+01:00,0.152318
2026-03-19T06:00:00+01:00,0.151455
2026-03-19T06:15:00+01:00,0.15042
2026-03-19T06:30:00+01:00,0.149903
2026-03-19T06:45:00+01:00,0.150765
2026-03-19T07:00:00+01:00,0.15111
2026-03-19T07:15:00+01:00,0.150765
2026-03-19T07:30:00+01:00,0.15042
2026-03-19T07:45:00+01:00,0.151455
2026-03-19T08:00:00+01:00,0.151455
2026-03-19T08:15:00+01:00,0.15042
2026-03-19T08:30:00+01:00,0.15111
2026-03-19T08:45:00+01:00,0.151283
2026-03-19T09:00:00+01:00,0.14973
2026-03-19T09:15:00+01:00,0.149903
2026-03-19T09:30:00+01:00,0.150938
2026-03-19T09:45:00+01:00,0.150938
2026-03-19T10:00:00+01:00,0.150248
2026-03-19T10:15:00+01:00,0.14973
2026-03-19T10:30:00+01:00,0.150248
2026-03-19T10:45:00+01:00,0.150593
2026-03-19T11:00:00+01:00,0.150248
2026-03-19T11:15:00+01:00,0.15042
2026-03-19T11:30:00+01:00,0.149213
2026-03-19T11:45:00+01:00,0.150938
2026-03-19T12:00:00+01:00,0.150248
2026-03-19T12:15:00+01:00,0.150593
2026-03-19T12:30:00+01:00,0.151973
2026-03-19T12:45:00+01:00,0.150938
2026-03-19T13:00:00+01:00,0.14973
2026-03-19T13:15:00+01:00,0.150938
2026-03-19T13:30:00+01:00,0.151283
2026-03-19T13:45:00+01:00,0.149903
2026-03-19T14:00:00+01:00,0.149903
2026-03-19T14:15:00+01:00,0.150765
2026-03-19T14:30:00+01:00,0.148868
2026-03-19T14:45:00+01:00,0.15042
2026-03-19T15:00:00+01:00,0.151283
2026-03-19T15:15:00+01:00,0.149558
2026-03-19T15:30:00+01:00,0.149816
2026-03-19T15:45:00+01:00,0.150938
2026-03-19T16:00:00+01:00,0.15042
2026-03-19T16:15:00+01:00,0.150248
2026-03-19T16:30:00+01:00,0.150248
2026-03-19T16:45:00+01:00,0.150075
2026-03-19T17:00:00+01:00,0.150593
2026-03-19T17:15:00+01:00,0.151973
2026-03-19T17:30:00+01:00,0.151283
2026-03-19T17:45:00+01:00,0.151283
2026-03-19T18:00:00+01:00,0.150593
2026-03-19T18:15:00+01:00,0.15111
2026-03-19T18:30:00+01:00,0.150938
2026-03-19T18:45:00+01:00,0.151628
2026-03-19T19:00:00+01:00,0.150938
2026-03-19T19:15:00+01:00,0.150938
2026-03-19T19:30:00+01:00,0.150593
2026-03-19T19:45:00+01:00,0.151455
2026-03-19T20:00:00+01:00,0.15111
2026-03-19T20:15:00+01:00,0.151628
2026-03-19T20:30:00+01:00,0.151283
2026-03-19T20:45:00+01:00,0.149903
2026-03-19T21:00:00+01:00,0.150938
2026-03-19T21:15:00+01:00,0.150248
2026-03-19T21:30:00+01:00,0.150593
2026-03-19T21:45:00+01:00,0.15042
2026-03-19T22:00:00+01:00,0.151283
2026-03-19T22:15:00+01:00,0.150075
2026-03-19T22:30:00+01:00,0.151455
2026-03-19T22:45:00+01:00,0.149213
2026-03-19T23:00:00+01:00,0.15042
2026-03-19T23:15:00+01:00,0.150765
2026-03-19T23:30:00+01:00,0.151455
2026-03-19T23:45:00+01:00,0.150593
2026-03-20T00:00:00+01:00,0.14973
2026-03-20T00:15:00+01:00,0.149385
2026-03-20T00:30:00+01:00,0.1518
2026-03-20T00:45:00+01:00,0.150938
2026-03-20T01:00:00+01:00,0.150765
2026-03-20T01:15:00+01:00,0.149385
2026-03-20T01:30:00+01:00,0.150765
2026-03-20T01:45:00+01:00,0.151455
2026-03-20T02:00:00+01:00,0.150765
2026-03-20T02:15:00+01:00,0.15249
2026-03-20T02:30:00+01:00,0.151283
2026-03-20T02:45:00+01:00,0.150075
2026-03-20T03:00:00+01:00,0.152145
2026-03-20T03:15:00+01:00,0.151283
2026-03-20T03:30:00+01:00,0.150593
2026-03-20T03:45:00+01:00,0.151455
2026-03-20T04:00:00+01:00,0.150765
2026-03-20T04:15:00+01:00,0.151283
2026-03-20T04:30:00+01:00,0.151283
2026-03-20T04:45:00+01:00,0.150593
2026-03-20T05:00:00+01:00,0.150938
2026-03-20T05:15:00+01:00,0.15111
2026-03-20T05:30:00+01:00,0.1518
2026-03-20T05:45:00+01:00,0.151973
2026-03-20T06:00:00+01:00,0.150593
2026-03-20T06:15:00+01:00,0.15111
2026-03-20T06:30:00+01:00,0.150938
2026-03-20T06:45:00+01:00,0.151283
2026-03-20T07:00:00+01:00,0.150938
2026-03-20T07:15:00+01:00,0.151628
2026-03-20T07:30:00+01:00,0.150075
2026-03-20T07:45:00+01:00,0.151455
2026-03-20T08:00:00+01:00,0.150075
2026-03-20T08:15:00+01:00,0.151283
2026-03-20T08:30:00+01:00,0.150938
2026-03-20T08:45:00+01:00,0.149903
2026-03-20T09:00:00+01:00,0.150765
2026-03-20T09:15:00+01:00,0.151628
2026-03-20T09:30:00+01:00,0.152145
2026-03-20T09:45:00+01:00,0.151973
2026-03-20T10:00:00+01:00,0.150938
2026-03-20T10:15:00+01:00,0.150593
2026-03-20T10:30:00+01:00,0.150248
2026-03-20T10:45:00+01:00,0.151973
2026-03-20T11:00:00+01:00,0.15042
2026-03-20T11:15:00+01:00,0.150248
2026-03-20T11:30:00+01:00,0.151973
2026-03-20T11:45:00+01:00,0.1518
2026-03-20T12:00:00+01:00,0.150938
2026-03-20T12:15:00+01:00,0.149903
2026-03-20T12:30:00+01:00,0.150593
2026-03-20T12:45:00+01:00,0.150938
2026-03-20T13:00:00+01:00,0.150938
2026-03-20T13:15:00+01:00,0.150075
2026-03-20T13:30:00+01:00,0.150334
2026-03-20T13:45:00+01:00,0.151283
2026-03-20T14:00:00+01:00,0.150248
2026-03-20T14:15:00+01:00,0.1518
2026-03-20T14:30:00+01:00,0.1518
2026-03-20T14:45:00+01:00,0.15042
2026-03-20T15:00:00+01:00,0.151628
2026-03-20T15:15:00+01:00,0.151283
2026-03-20T15:30:00+01:00,0.151455
2026-03-20T15:45:00+01:00,0.14973
2026-03-20T16:00:00+01:00,0.150075
2026-03-20T16:15:00+01:00,0.150248
2026-03-20T16:30:00+01:00,0.14973
2026-03-20T16:45:00+01:00,0.150765
2026-03-20T17:00:00+01:00,0.151283
2026-03-20T17:15:00+01:00,0.150593
2026-03-20T17:30:00+01:00,0.151455
2026-03-20T17:45:00+01:00,0.151455
2026-03-20T18:00:00+01:00,0.1518
2026-03-20T18:15:00+01:00,0.151283
2026-03-20T18:30:00+01:00,0.151628
2026-03-20T18:45:00+01:00,0.15111
2026-03-20T19:00:00+01:00,0.151973
2026-03-20T19:15:00+01:00,0.151973
2026-03-20T19:30:00+01:00,0.151455
2026-03-20T19:45:00+01:00,0.150765
2026-03-20T20:00:00+01:00,0.151628
2026-03-20T20:15:00+01:00,0.152145
2026-03-20T20:30:00+01:00,0.15111
2026-03-20T20:45:00+01:00,0.151455
2026-03-20T21:00:00+01:00,0.151283
2026-03-20T21:15:00+01:00,0.15111
2026-03-20T21:30:00+01:00,0.150593
2026-03-20T21:45:00+01:00,0.148005
2026-03-20T22:00:00+01:00,0.14559
2026-03-20T22:15:00+01:00,0.146625
2026-03-20T22:30:00+01:00,0.147488
2026-03-20T22:45:00+01:00,0.149213
2026-03-20T23:00:00+01:00,0.149385
2026-03-20T23:15:00+01:00,0.150075
2026-03-20T23:30:00+01:00,0.14904
2026-03-20T23:45:00+01:00,0.148178
2026-03-21T00:00:00+01:00,0.14697
2026-03-21T00:15:00+01:00,0.145072
2026-03-21T00:30:00+01:00,0.149903
2026-03-21T00:45:00+01:00,0.150075
2026-03-21T01:00:00+01:00,0.147833
2026-03-21T01:15:00+01:00,0.149213
2026-03-21T01:30:00+01:00,0.15042
2026-03-21T01:45:00+01:00,0.150075
2026-03-21T02:00:00+01:00,0.14697
2026-03-21T02:15:00+01:00,0.145935
2026-03-21T02:30:00+01:00,0.14835
2026-03-21T02:45:00+01:00,0.147143
2026-03-21T03:00:00+01:00,0.14628
2026-03-21T03:15:00+01:00,0.145763
2026-03-21T03:30:00+01:00,0.145418
2026-03-21T03:45:00+01:00,0.148178
2026-03-21T04:00:00+01:00,0.149213
2026-03-21T04:15:00+01:00,0.150075
2026-03-21T04:30:00+01:00,0.147488
2026-03-21T04:45:00+01:00,0.149385
2026-03-21T05:00:00+01:00,0.149558
2026-03-21T05:15:00+01:00,0.148523
2026-03-21T05:30:00+01:00,0.147488
2026-03-21T05:45:00+01:00,0.14904
2026-03-21T06:00:00+01:00,0.150593
2026-03-21T06:15:00+01:00,0.149385
2026-03-21T06:30:00+01:00,0.15042
2026-03-21T06:45:00+01:00,0.148695
2026-03-21T07:00:00+01:00,0.149558
2026-03-21T07:15:00+01:00,0.150248
2026-03-21T07:30:00+01:00,0.150765
2026-03-21T07:45:00+01:00,0.149213
2026-03-21T08:00:00+01:00,0.14835
2026-03-21T08:15:00+01:00,0.146453
2026-03-21T08:30:00+01:00,0.149213
2026-03-21T08:45:00+01:00,0.147315
2026-03-21T09:00:00+01:00,0.147315
2026-03-21T09:15:00+01:00,0.150593
2026-03-21T09:30:00+01:00,0.151973
2026-03-21T09:45:00+01:00,0.14973
2026-03-21T10:00:00+01:00,0.148695
2026-03-21T10:15:00+01:00,0.152318
2026-03-21T10:30:00+01:00,0.152318
2026-03-21T10:45:00+01:00,0.149213
2026-03-21T11:00:00+01:00,0.148178
2026-03-21T11:15:00+01:00,0.14697
2026-03-21T11:30:00+01:00,0.1449
2026-03-21T11:45:00+01:00,0.14559
2026-03-21T12:00:00+01:00,0.14628
2026-03-21T12:15:00+01:00,0.144727
2026-03-21T12:30:00+01:00,0.145418
2026-03-21T12:45:00+01:00,0.14421
2026-03-21T13:00:00+01:00,0.14628
2026-03-21T13:15:00+01:00,0.146625
2026-03-21T13:30:00+01:00,0.145245
2026-03-21T13:45:00+01:00,0.145245
2026-03-21T14:00:00+01:00,0.14766
2026-03-21T14:15:00+01:00,0.14904
2026-03-21T14:30:00+01:00,0.148523
2026-03-21T14:45:00+01:00,0.149903
2026-03-21T15:00:00+01:00,0.148695
2026-03-21T15:15:00+01:00,0.14904
2026-03-21T15:30:00+01:00,0.14904
2026-03-21T15:45:00+01:00,0.150075
2026-03-21T16:00:00+01:00,0.148178
2026-03-21T16:15:00+01:00,0.148868
2026-03-21T16:30:00+01:00,0.145763
2026-03-21T16:45:00+01:00,0.14628
2026-03-21T17:00:00+01:00,0.145073
2026-03-21T17:15:00+01:00,0.145072
2026-03-21T17:30:00+01:00,0.144382
2026-03-21T17:45:00+01:00,0.145245
2026-03-21T18:00:00+01:00,0.145417
2026-03-21T18:15:00+01:00,0.144727
2026-03-21T18:30:00+01:00,0.14559
2026-03-21T18:45:00+01:00,0.148695
2026-03-21T19:00:00+01:00,0.149558
2026-03-21T19:15:00+01:00,0.150248
2026-03-21T19:30:00+01:00,0.150765
2026-03-21T19:45:00+01:00,0.150938
2026-03-21T20:00:00+01:00,0.149558
2026-03-21T20:15:00+01:00,0.148523
2026-03-21T20:30:00+01:00,0.15111
2026-03-21T20:45:00+01:00,0.147315
2026-03-21T21:00:00+01:00,0.15111
2026-03-21T21:15:00+01:00,0.151973
2026-03-21T21:30:00+01:00,0.1518
2026-03-21T21:45:00+01:00,0.151628
2026-03-21T22:00:00+01:00,0.15042
2026-03-21T22:15:00+01:00,0.150248
2026-03-21T22:30:00+01:00,0.149558
2026-03-21T22:45:00+01:00,0.14973
2026-03-21T23:00:00+01:00,0.149213
2026-03-21T23:15:00+01:00,0.147488
2026-03-21T23:30:00+01:00,0.147833
2026-03-21T23:45:00+01:00,0.148005
2026-03-22T00:00:00+01:00,0.145935
2026-03-22T00:15:00+01:00,0.147143
2026-03-22T00:30:00+01:00,0.147143
2026-03-22T00:45:00+01:00,0.147488
2026-03-22T01:00:00+01:00,0.145763
2026-03-22T01:15:00+01:00,0.14559
2026-03-22T01:30:00+01:00,0.147143
2026-03-22T01:45:00+01:00,0.145935
2026-03-22T02:00:00+01:00,0.144555
2026-03-22T02:15:00+01:00,0.14559
2026-03-22T02:30:00+01:00,0.147143
2026-03-22T02:45:00+01:00,0.146798
2026-03-22T03:00:00+01:00,0.145418
2026-03-22T03:15:00+01:00,0.146108
2026-03-22T03:30:00+01:00,0.14628
2026-03-22T03:45:00+01:00,0.145935
2026-03-22T04:00:00+01:00,0.146625
2026-03-22T04:15:00+01:00,0.146108
2026-03-22T04:30:00+01:00,0.146625
2026-03-22T04:45:00+01:00,0.148523
2026-03-22T05:00:00+01:00,0.147488
2026-03-22T05:15:00+01:00,0.149213
2026-03-22T05:30:00+01:00,0.147488
2026-03-22T05:45:00+01:00,0.148178
2026-03-22T06:00:00+01:00,0.14835
2026-03-22T06:15:00+01:00,0.14766
2026-03-22T06:30:00+01:00,0.14835
2026-03-22T06:45:00+01:00,0.14835
2026-03-22T07:00:00+01:00,0.149213
2026-03-22T07:15:00+01:00,0.14697
2026-03-22T07:30:00+01:00,0.145245
2026-03-22T07:45:00+01:00,0.145935
2026-03-22T08:00:00+01:00,0.145763
2026-03-22T08:15:00+01:00,0.1449
2026-03-22T08:30:00+01:00,0.145073
2026-03-22T08:45:00+01:00,0.14628
2026-03-22T09:00:00+01:00,0.145418
2026-03-22T09:15:00+01:00,0.147833
2026-03-22T09:30:00+01:00,0.14766
2026-03-22T09:45:00+01:00,0.14559
2026-03-22T10:00:00+01:00,0.145935
2026-03-22T10:15:00+01:00,0.146108
2026-03-22T10:30:00+01:00,0.148178
2026-03-22T10:45:00+01:00,0.145073
2026-03-22T11:00:00+01:00,0.145245
2026-03-22T11:15:00+01:00,0.145245
2026-03-22T11:30:00+01:00,0.145763
2026-03-22T11:45:00+01:00,0.144555
2026-03-22T12:00:00+01:00,0.1449
2026-03-22T12:15:00+01:00,0.14559
2026-03-22T12:30:00+01:00,0.145245
2026-03-22T12:45:00+01:00,0.14628
2026-03-22T13:00:00+01:00,0.14697
2026-03-22T13:15:00+01:00,0.14628
2026-03-22T13:30:00+01:00,0.146798
2026-03-22T13:45:00+01:00,0.14835
2026-03-22T14:00:00+01:00,0.146453
2026-03-22T14:15:00+01:00,0.145935
2026-03-22T14:30:00+01:00,0.14628
2026-03-22T14:45:00+01:00,0.14628
2026-03-22T15:00:00+01:00,0.147143
2026-03-22T15:15:00+01:00,0.145245
2026-03-22T15:30:00+01:00,0.146798
2026-03-22T15:45:00+01:00,0.145763
2026-03-22T16:00:00+01:00,0.14559
2026-03-22T16:15:00+01:00,0.14628
2026-03-22T16:30:00+01:00,0.145245
2026-03-22T16:45:00+01:00,0.145073
2026-03-22T17:00:00+01:00,0.145245
2026-03-22T17:15:00+01:00,0.14628
2026-03-22T17:30:00+01:00,0.145935
2026-03-22T17:45:00+01:00,0.145935
2026-03-22T18:00:00+01:00,0.14766
2026-03-22T18:15:00+01:00,0.146108
2026-03-22T18:30:00+01:00,0.14628
2026-03-22T18:45:00+01:00,0.147833
2026-03-22T19:00:00+01:00,0.148005
2026-03-22T19:15:00+01:00,0.147833
2026-03-22T19:30:00+01:00,0.148005
2026-03-22T19:45:00+01:00,0.149903
2026-03-22T20:00:00+01:00,0.148523
2026-03-22T20:15:00+01:00,0.148695
2026-03-22T20:30:00+01:00,0.150075
2026-03-22T20:45:00+01:00,0.152663
2026-03-22T21:00:00+01:00,0.152835
2026-03-22T21:15:00+01:00,0.152835
2026-03-22T21:30:00+01:00,0.152835
2026-03-22T21:45:00+01:00,0.153008
2026-03-22T22:00:00+01:00,0.15249
2026-03-22T22:15:00+01:00,0.151455
2026-03-22T22:30:00+01:00,0.153353
2026-03-22T22:45:00+01:00,0.152663
2026-03-22T23:00:00+01:00,0.152663
2026-03-22T23:15:00+01:00,0.150765
2026-03-22T23:30:00+01:00,0.151628
2026-03-22T23:45:00+01:00,0.151455
2026-03-23T00:00:00+01:00,0.151283
2026-03-23T00:15:00+01:00,0.15249
2026-03-23T00:30:00+01:00,0.152318
2026-03-23T00:45:00+01:00,0.153008
2026-03-23T01:00:00+01:00,0.15249
2026-03-23T01:15:00+01:00,0.152663
2026-03-23T01:30:00+01:00,0.152663
2026-03-23T01:45:00+01:00,0.152835
2026-03-23T02:00:00+01:00,0.152663
2026-03-23T02:15:00+01:00,0.15249
2026-03-23T02:30:00+01:00,0.15111
2026-03-23T02:45:00+01:00,0.151973
2026-03-23T03:00:00+01:00,0.150938
2026-03-23T03:15:00+01:00,0.15111
2026-03-23T03:30:00+01:00,0.15111
2026-03-23T03:45:00+01:00,0.151283
2026-03-23T04:00:00+01:00,0.1518
2026-03-23T04:15:00+01:00,0.150248
2026-03-23T04:30:00+01:00,0.15249
2026-03-23T04:45:00+01:00,0.15249
2026-03-23T05:00:00+01:00,0.152663
2026-03-23T05:15:00+01:00,0.152145
2026-03-23T05:30:00+01:00,0.151455
2026-03-23T05:45:00+01:00,0.15249
2026-03-23T06:00:00+01:00,0.151973
2026-03-23T06:15:00+01:00,0.151973
2026-03-23T06:30:00+01:00,0.151973
2026-03-23T06:45:00+01:00,0.151973
2026-03-23T07:00:00+01:00,0.151973
2026-03-23T07:15:00+01:00,0.15111
2026-03-23T07:30:00+01:00,0.151628
2026-03-23T07:45:00+01:00,0.151455
2026-03-23T08:00:00+01:00,0.151973
2026-03-23T08:15:00+01:00,0.150593
2026-03-23T08:30:00+01:00,0.150248
2026-03-23T08:45:00+01:00,0.152145
2026-03-23T09:00:00+01:00,0.151283
2026-03-23T09:15:00+01:00,0.150593
2026-03-23T09:30:00+01:00,0.151283
2026-03-23T09:45:00+01:00,0.151628
2026-03-23T10:00:00+01:00,0.151973
2026-03-23T10:15:00+01:00,0.15111
2026-03-23T10:30:00+01:00,0.151283
2026-03-23T10:45:00+01:00,0.152231
2026-03-23T11:00:00+01:00,0.151628
2026-03-23T11:15:00+01:00,0.1518
2026-03-23T11:30:00+01:00,0.150248
2026-03-23T11:45:00+01:00,0.150593
2026-03-23T12:00:00+01:00,0.151455
2026-03-23T12:15:00+01:00,0.152318
2026-03-23T12:30:00+01:00,0.151283
2026-03-23T12:45:00+01:00,0.150248
2026-03-23T13:00:00+01:00,0.151283
2026-03-23T13:15:00+01:00,0.150765
2026-03-23T13:30:00+01:00,0.150938
2026-03-23T13:45:00+01:00,0.150248
2026-03-23T14:00:00+01:00,0.149558
2026-03-23T14:15:00+01:00,0.150075
2026-03-23T14:30:00+01:00,0.150765
2026-03-23T14:45:00+01:00,0.15111
2026-03-23T15:00:00+01:00,0.15042
2026-03-23T15:15:00+01:00,0.150938
2026-03-23T15:30:00+01:00,0.150248
2026-03-23T15:45:00+01:00,0.151283
2026-03-23T16:00:00+01:00,0.151455
2026-03-23T16:15:00+01:00,0.14973
2026-03-23T16:30:00+01:00,0.15042
2026-03-23T16:45:00+01:00,0.150593
2026-03-23T17:00:00+01:00,0.15111
2026-03-23T17:15:00+01:00,0.150248
2026-03-23T17:30:00+01:00,0.150075
2026-03-23T17:45:00+01:00,0.151283
2026-03-23T18:00:00+01:00,0.150765
2026-03-23T18:15:00+01:00,0.150765
2026-03-23T18:30:00+01:00,0.150765
2026-03-23T18:45:00+01:00,0.15042
2026-03-23T19:00:00+01:00,0.151973
2026-03-23T19:15:00+01:00,0.1518
2026-03-23T19:30:00+01:00,0.151455
2026-03-23T19:45:00+01:00,0.151283
2026-03-23T20:00:00+01:00,0.150938
2026-03-23T20:15:00+01:00,0.152145
2026-03-23T20:30:00+01:00,0.151628
2026-03-23T20:45:00+01:00,0.150765
2026-03-23T21:00:00+01:00,0.151973
2026-03-23T21:15:00+01:00,0.151973
2026-03-23T21:30:00+01:00,0.151973
2026-03-23T21:45:00+01:00,0.151455
2026-03-23T22:00:00+01:00,0.1518
2026-03-23T22:15:00+01:00,0.151973
2026-03-23T22:30:00+01:00,0.151283
2026-03-23T22:45:00+01:00,0.151455
2026-03-23T23:00:00+01:00,0.15318
2026-03-23T23:15:00+01:00,0.1518
2026-03-23T23:30:00+01:00,0.151455
2026-03-23T23:45:00+01:00,0.15042
2026-03-24T00:00:00+01:00,0.151628
2026-03-24T00:15:00+01:00,0.151628
2026-03-24T00:30:00+01:00,0.153008
2026-03-24T00:45:00+01:00,0.153008
2026-03-24T01:00:00+01:00,0.151283
2026-03-24T01:15:00+01:00,0.153525
2026-03-24T01:30:00+01:00,0.15249
2026-03-24T01:45:00+01:00,0.1518
2026-03-24T02:00:00+01:00,0.1518
2026-03-24T02:15:00+01:00,0.149558
2026-03-24T02:30:00+01:00,0.150938
2026-03-24T02:45:00+01:00,0.15249
2026-03-24T03:00:00+01:00,0.153353
2026-03-24T03:15:00+01:00,0.151628
2026-03-24T03:30:00+01:00,0.15111
2026-03-24T03:45:00+01:00,0.149903
2026-03-24T04:00:00+01:00,0.149558
2026-03-24T04:15:00+01:00,0.150765
2026-03-24T04:30:00+01:00,0.151455
2026-03-24T04:45:00+01:00,0.150593
2026-03-24T05:00:00+01:00,0.15042
2026-03-24T05:15:00+01:00,0.150938
2026-03-24T05:30:00+01:00,0.151973
2026-03-24T05:45:00+01:00,0.150075
2026-03-24T06:00:00+01:00,0.150938
2026-03-24T06:15:00+01:00,0.150938
2026-03-24T06:30:00+01:00,0.14973
2026-03-24T06:45:00+01:00,0.15111
2026-03-24T07:00:00+01:00,0.151455
2026-03-24T07:15:00+01:00,0.147833
2026-03-24T07:30:00+01:00,0.145245
2026-03-24T07:45:00+01:00,0.141795
2026-03-24T08:00:00+01:00,0.140242
2026-03-24T08:15:00+01:00,0.139725
2026-03-24T08:30:00+01:00,0.14076
2026-03-24T08:45:00+01:00,0.140587
2026-03-24T09:00:00+01:00,0.141622
2026-03-24T09:15:00+01:00,0.141622
2026-03-24T09:30:00+01:00,0.14214
2026-03-24T09:45:00+01:00,0.14352
2026-03-24T10:00:00+01:00,0.143347
2026-03-24T10:15:00+01:00,0.141105
2026-03-24T10:30:00+01:00,0.141622
2026-03-24T10:45:00+01:00,0.140415
2026-03-24T11:00:00+01:00,0.14421
2026-03-24T11:15:00+01:00,0.143865
2026-03-24T11:30:00+01:00,0.143347
2026-03-24T11:45:00+01:00,0.145073
2026-03-24T12:00:00+01:00,0.144728
2026-03-24T12:15:00+01:00,0.14214
2026-03-24T12:30:00+01:00,0.143175
2026-03-24T12:45:00+01:00,0.143692
2026-03-24T13:00:00+01:00,0.14352
2026-03-24T13:15:00+01:00,0.143692
2026-03-24T13:30:00+01:00,0.145763
2026-03-24T13:45:00+01:00,0.15456
2026-03-24T14:00:00+01:00,0.151455
2026-03-24T14:15:00+01:00,0.149903
2026-03-24T14:30:00+01:00,0.150938
2026-03-24T14:45:00+01:00,0.150593
2026-03-24T15:00:00+01:00,0.150248
2026-03-24T15:15:00+01:00,0.15042
2026-03-24T15:30:00+01:00,0.15042
2026-03-24T15:45:00+01:00,0.15111
2026-03-24T16:00:00+01:00,0.151283
2026-03-24T16:15:00+01:00,0.150248
2026-03-24T16:30:00+01:00,0.150938
2026-03-24T16:45:00+01:00,0.151455
2026-03-24T17:00:00+01:00,0.15042
2026-03-24T17:15:00+01:00,0.150593
2026-03-24T17:30:00+01:00,0.15249
2026-03-24T17:45:00+01:00,0.151369
2026-03-24T18:00:00+01:00,0.150938
2026-03-24T18:15:00+01:00,0.151283
2026-03-24T18:30:00+01:00,0.15111
2026-03-24T18:45:00+01:00,0.15111
2026-03-24T19:00:00+01:00,0.150593
2026-03-24T19:15:00+01:00,0.151628
2026-03-24T19:30:00+01:00,0.150765
2026-03-24T19:45:00+01:00,0.151628
2026-03-24T20:00:00+01:00,0.150593
2026-03-24T20:15:00+01:00,0.150593
2026-03-24T20:30:00+01:00,0.15111
2026-03-24T20:45:00+01:00,0.149213
2026-03-24T21:00:00+01:00,0.149213
2026-03-24T21:15:00+01:00,0.150075
2026-03-24T21:30:00+01:00,0.150938
2026-03-24T21:45:00+01:00,0.148868
2026-03-24T22:00:00+01:00,0.150765
2026-03-24T22:15:00+01:00,0.150938
2026-03-24T22:30:00+01:00,0.15111
2026-03-24T22:45:00+01:00,0.15111
2026-03-24T23:00:00+01:00,0.151628
2026-03-24T23:15:00+01:00,0.15042
2026-03-24T23:30:00+01:00,0.149903
2026-03-24T23:45:00+01:00,0.151455
2026-03-25T00:00:00+01:00,0.149903
2026-03-25T00:15:00+01:00,0.147833
2026-03-25T00:30:00+01:00,0.149558
2026-03-25T00:45:00+01:00,0.14766
2026-03-25T01:00:00+01:00,0.14766
2026-03-25T01:15:00+01:00,0.14904
2026-03-25T01:30:00+01:00,0.148868
2026-03-25T01:45:00+01:00,0.14973
2026-03-25T02:00:00+01:00,0.149558
2026-03-25T02:15:00+01:00,0.149558
2026-03-25T02:30:00+01:00,0.148695
2026-03-25T02:45:00+01:00,0.14904
2026-03-25T03:00:00+01:00,0.149385
2026-03-25T03:15:00+01:00,0.149903
2026-03-25T03:30:00+01:00,0.149903
2026-03-25T03:45:00+01:00,0.150248
2026-03-25T04:00:00+01:00,0.150765
2026-03-25T04:15:00+01:00,0.149903
2026-03-25T04:30:00+01:00,0.150765
2026-03-25T04:45:00+01:00,0.15111
2026-03-25T05:00:00+01:00,0.150248
2026-03-25T05:15:00+01:00,0.14973
2026-03-25T05:30:00+01:00,0.150593
2026-03-25T05:45:00+01:00,0.15111
2026-03-25T06:00:00+01:00,0.15042
2026-03-25T06:15:00+01:00,0.15042
2026-03-25T06:30:00+01:00,0.150765
2026-03-25T06:45:00+01:00,0.15042
2026-03-25T07:00:00+01:00,0.14973
2026-03-25T07:15:00+01:00,0.149989
2026-03-25T07:30:00+01:00,0.151628
2026-03-25T07:45:00+01:00,0.150248
2026-03-25T08:00:00+01:00,0.15249
2026-03-25T08:15:00+01:00,0.14973
2026-03-25T08:30:00+01:00,0.150075
2026-03-25T08:45:00+01:00,0.150248
2026-03-25T09:00:00+01:00,0.150593
2026-03-25T09:15:00+01:00,0.150075
2026-03-25T09:30:00+01:00,0.15042
2026-03-25T09:45:00+01:00,0.149213
2026-03-25T10:00:00+01:00,0.149558
2026-03-25T10:15:00+01:00,0.150765
2026-03-25T10:30:00+01:00,0.149903
2026-03-25T10:45:00+01:00,0.15042
2026-03-25T11:00:00+01:00,0.150938
2026-03-25T11:15:00+01:00,0.14973
2026-03-25T11:30:00+01:00,0.150075
2026-03-25T11:45:00+01:00,0.14973
2026-03-25T12:00:00+01:00,0.15111
2026-03-25T12:15:00+01:00,0.150765
2026-03-25T12:30:00+01:00,0.150765
2026-03-25T12:45:00+01:00,0.150593
2026-03-25T13:00:00+01:00,0.15042
2026-03-25T13:15:00+01:00,0.151455
2026-03-25T13:30:00+01:00,0.151628
2026-03-25T13:45:00+01:00,0.149903
2026-03-25T14:00:00+01:00,0.150765
2026-03-25T14:15:00+01:00,0.150938
2026-03-25T14:30:00+01:00,0.149903
2026-03-25T14:45:00+01:00,0.149903
2026-03-25T15:00:00+01:00,0.150075
2026-03-25T15:15:00+01:00,0.150075
2026-03-25T15:30:00+01:00,0.150765
2026-03-25T15:45:00+01:00,0.150593
2026-03-25T16:00:00+01:00,0.150593
2026-03-25T16:15:00+01:00,0.15111
2026-03-25T16:30:00+01:00,0.150765
2026-03-25T16:45:00+01:00,0.151283
2026-03-25T17:00:00+01:00,0.151973
2026-03-25T17:15:00+01:00,0.150938
2026-03-25T17:30:00+01:00,0.150765
2026-03-25T17:45:00+01:00,0.1518
2026-03-25T18:00:00+01:00,0.14973
2026-03-25T18:15:00+01:00,0.151196
2026-03-25T18:30:00+01:00,0.150248
2026-03-25T18:45:00+01:00,0.15249
2026-03-25T19:00:00+01:00,0.149903
2026-03-25T19:15:00+01:00,0.150765
2026-03-25T19:30:00+01:00,0.151455
2026-03-25T19:45:00+01:00,0.150248
2026-03-25T20:00:00+01:00,0.150248
2026-03-25T20:15:00+01:00,0.150593
2026-03-25T20:30:00+01:00,0.151455
2026-03-25T20:45:00+01:00,0.151196
2026-03-25T21:00:00+01:00,0.151196
2026-03-25T21:15:00+01:00,0.149385
2026-03-25T21:30:00+01:00,0.150593
2026-03-25T21:45:00+01:00,0.151628
2026-03-25T22:00:00+01:00,0.150248
2026-03-25T22:15:00+01:00,0.151283
2026-03-25T22:30:00+01:00,0.150593
2026-03-25T22:45:00+01:00,0.151455
2026-03-25T23:00:00+01:00,0.151024
2026-03-25T23:15:00+01:00,0.150593
2026-03-25T23:30:00+01:00,0.151283
2026-03-25T23:45:00+01:00,0.15042
2026-03-26T00:00:00+01:00,0.150593
2026-03-26T00:15:00+01:00,0.150765
2026-03-26T00:30:00+01:00,0.151283
2026-03-26T00:45:00+01:00,0.150765
2026-03-26T01:00:00+01:00,0.14904
2026-03-26T01:15:00+01:00,0.15111
2026-03-26T01:30:00+01:00,0.15111
2026-03-26T01:45:00+01:00,0.15042
2026-03-26T02:00:00+01:00,0.150593
2026-03-26T02:15:00+01:00,0.150593
2026-03-26T02:30:00+01:00,0.150248
2026-03-26T02:45:00+01:00,0.150593
2026-03-26T03:00:00+01:00,0.150938
2026-03-26T03:15:00+01:00,0.151628
2026-03-26T03:30:00+01:00,0.150765
2026-03-26T03:45:00+01:00,0.1518
2026-03-26T04:00:00+01:00,0.151628
2026-03-26T04:15:00+01:00,0.151455
2026-03-26T04:30:00+01:00,0.151455
2026-03-26T04:45:00+01:00,0.1518
2026-03-26T05:00:00+01:00,0.150938
2026-03-26T05:15:00+01:00,0.150593
2026-03-26T05:30:00+01:00,0.151628
2026-03-26T05:45:00+01:00,0.150248
2026-03-26T06:00:00+01:00,0.150938
2026-03-26T06:15:00+01:00,0.150765
2026-03-26T06:30:00+01:00,0.150938
2026-03-26T06:45:00+01:00,0.1518
2026-03-26T07:00:00+01:00,0.150765
2026-03-26T07:15:00+01:00,0.150938
2026-03-26T07:30:00+01:00,0.151283
2026-03-26T07:45:00+01:00,0.15042
2026-03-26T08:00:00+01:00,0.15111
2026-03-26T08:15:00+01:00,0.150593
2026-03-26T08:30:00+01:00,0.150938
2026-03-26T08:45:00+01:00,0.150765
2026-03-26T09:00:00+01:00,0.150075
2026-03-26T09:15:00+01:00,0.150075
2026-03-26T09:30:00+01:00,0.150938
2026-03-26T09:45:00+01:00,0.150248
2026-03-26T10:00:00+01:00,0.15042
2026-03-26T10:15:00+01:00,0.150765
2026-03-26T10:30:00+01:00,0.149903
2026-03-26T10:45:00+01:00,0.15042
2026-03-26T11:00:00+01:00,0.15042
2026-03-26T11:15:00+01:00,0.150593
2026-03-26T11:30:00+01:00,0.149903
2026-03-26T11:45:00+01:00,0.150593
2026-03-26T12:00:00+01:00,0.15042
2026-03-26T12:15:00+01:00,0.149385
2026-03-26T12:30:00+01:00,0.148695
2026-03-26T12:45:00+01:00,0.150593
2026-03-26T13:00:00+01:00,0.150938
2026-03-26T13:15:00+01:00,0.152145
2026-03-26T13:30:00+01:00,0.1518
2026-03-26T13:45:00+01:00,0.15042
2026-03-26T14:00:00+01:00,0.150938
2026-03-26T14:15:00+01:00,0.14973
2026-03-26T14:30:00+01:00,0.150075
2026-03-26T14:45:00+01:00,0.150765
2026-03-26T15:00:00+01:00,0.15042
2026-03-26T15:15:00+01:00,0.149816
2026-03-26T15:30:00+01:00,0.15111
2026-03-26T15:45:00+01:00,0.150075
2026-03-26T16:00:00+01:00,0.15042
2026-03-26T16:15:00+01:00,0.150593
2026-03-26T16:30:00+01:00,0.151628
2026-03-26T16:45:00+01:00,0.150938
2026-03-26T17:00:00+01:00,0.150593
2026-03-26T17:15:00+01:00,0.150248
2026-03-26T17:30:00+01:00,0.150938
2026-03-26T17:45:00+01:00,0.150248
2026-03-26T18:00:00+01:00,0.150075
2026-03-26T18:15:00+01:00,0.150765
2026-03-26T18:30:00+01:00,0.15042
2026-03-26T18:45:00+01:00,0.15111
2026-03-26T19:00:00+01:00,0.150765
2026-03-26T19:15:00+01:00,0.149558
2026-03-26T19:30:00+01:00,0.151455
2026-03-26T19:45:00+01:00,0.15111
2026-03-26T20:00:00+01:00,0.151628
2026-03-26T20:15:00+01:00,0.15111
2026-03-26T20:30:00+01:00,0.151628
2026-03-26T20:45:00+01:00,0.150248
2026-03-26T21:00:00+01:00,0.150765
2026-03-26T21:15:00+01:00,0.1518
2026-03-26T21:30:00+01:00,0.151973
2026-03-26T21:45:00+01:00,0.15111
2026-03-26T22:00:00+01:00,0.150765
2026-03-26T22:15:00+01:00,0.150938
2026-03-26T22:30:00+01:00,0.150938
2026-03-26T22:45:00+01:00,0.15042
2026-03-26T23:00:00+01:00,0.150765
2026-03-26T23:15:00+01:00,0.150938
2026-03-26T23:30:00+01:00,0.150075
2026-03-26T23:45:00+01:00,0.150075
2026-03-27T00:00:00+01:00,0.150248
2026-03-27T00:15:00+01:00,0.149558
2026-03-27T00:30:00+01:00,0.15111
2026-03-27T00:45:00+01:00,0.151283
2026-03-27T01:00:00+01:00,0.150334
2026-03-27T01:15:00+01:00,0.149558
2026-03-27T01:30:00+01:00,0.150765
2026-03-27T01:45:00+01:00,0.15111
2026-03-27T02:00:00+01:00,0.15042
2026-03-27T02:15:00+01:00,0.150593
2026-03-27T02:30:00+01:00,0.150248
2026-03-27T02:45:00+01:00,0.150938
2026-03-27T03:00:00+01:00,0.150075
2026-03-27T03:15:00+01:00,0.149558
2026-03-27T03:30:00+01:00,0.150765
2026-03-27T03:45:00+01:00,0.150248
2026-03-27T04:00:00+01:00,0.15042
2026-03-27T04:15:00+01:00,0.15111
2026-03-27T04:30:00+01:00,0.151455
2026-03-27T04:45:00+01:00,0.150679
2026-03-27T05:00:00+01:00,0.150938
2026-03-27T05:15:00+01:00,0.14973
2026-03-27T05:30:00+01:00,0.150765
2026-03-27T05:45:00+01:00,0.151283
2026-03-27T06:00:00+01:00,0.150765
2026-03-27T06:15:00+01:00,0.150938
2026-03-27T06:30:00+01:00,0.152145
2026-03-27T06:45:00+01:00,0.150765
2026-03-27T07:00:00+01:00,0.150248
2026-03-27T07:15:00+01:00,0.15111
2026-03-27T07:30:00+01:00,0.151455
2026-03-27T07:45:00+01:00,0.150938
2026-03-27T08:00:00+01:00,0.150593
2026-03-27T08:15:00+01:00,0.150938
2026-03-27T08:30:00+01:00,0.151973
2026-03-27T08:45:00+01:00,0.150248
2026-03-27T09:00:00+01:00,0.150248
2026-03-27T09:15:00+01:00,0.15042
2026-03-27T09:30:00+01:00,0.1518
2026-03-27T09:45:00+01:00,0.151283
2026-03-27T10:00:00+01:00,0.151455
2026-03-27T10:15:00+01:00,0.150765
2026-03-27T10:30:00+01:00,0.15111
2026-03-27T10:45:00+01:00,0.15111
2026-03-27T11:00:00+01:00,0.15042
2026-03-27T11:15:00+01:00,0.150765
2026-03-27T11:30:00+01:00,0.150075
2026-03-27T11:45:00+01:00,0.150765
2026-03-27T12:00:00+01:00,0.15042
2026-03-27T12:15:00+01:00,0.14973
2026-03-27T12:30:00+01:00,0.152663
2026-03-27T12:45:00+01:00,0.151455
2026-03-27T13:00:00+01:00,0.151628
2026-03-27T13:15:00+01:00,0.150851
2026-03-27T13:30:00+01:00,0.150938
2026-03-27T13:45:00+01:00,0.15042
2026-03-27T14:00:00+01:00,0.151283
2026-03-27T14:15:00+01:00,0.1518
2026-03-27T14:30:00+01:00,0.149903
2026-03-27T14:45:00+01:00,0.15111
2026-03-27T15:00:00+01:00,0.150248
2026-03-27T15:15:00+01:00,0.149903
2026-03-27T15:30:00+01:00,0.151024
2026-03-27T15:45:00+01:00,0.151283
2026-03-27T16:00:00+01:00,0.150938
2026-03-27T16:15:00+01:00,0.151455
2026-03-27T16:30:00+01:00,0.150248
2026-03-27T16:45:00+01:00,0.15042
2026-03-27T17:00:00+01:00,0.150593
2026-03-27T17:15:00+01:00,0.150593
2026-03-27T17:30:00+01:00,0.150593
2026-03-27T17:45:00+01:00,0.15111
2026-03-27T18:00:00+01:00,0.150075
2026-03-27T18:15:00+01:00,0.150248
2026-03-27T18:30:00+01:00,0.150248
2026-03-27T18:45:00+01:00,0.151455
2026-03-27T19:00:00+01:00,0.150938
2026-03-27T19:15:00+01:00,0.150938
2026-03-27T19:30:00+01:00,0.150938
2026-03-27T19:45:00+01:00,0.150938
2026-03-27T20:00:00+01:00,0.150938
2026-03-27T20:15:00+01:00,0.150938
2026-03-27T20:30:00+01:00,0.15042
2026-03-27T20:45:00+01:00,0.1518
2026-03-27T21:00:00+01:00,0.152404
2026-03-27T21:15:00+01:00,0.151196
2026-03-27T21:30:00+01:00,0.153525
2026-03-27T21:45:00+01:00,0.151628
2026-03-27T22:00:00+01:00,0.152145
2026-03-27T22:15:00+01:00,0.152318
2026-03-27T22:30:00+01:00,0.15249
2026-03-27T22:45:00+01:00,0.151628
2026-03-27T23:00:00+01:00,0.152318
2026-03-27T23:15:00+01:00,0.15249
2026-03-27T23:30:00+01:00,0.15249
2026-03-27T23:45:00+01:00,0.1518
2026-03-28T00:00:00+01:00,0.15249
2026-03-28T00:15:00+01:00,0.151283
2026-03-28T00:30:00+01:00,0.152835
2026-03-28T00:45:00+01:00,0.1518
2026-03-28T01:00:00+01:00,0.152145
2026-03-28T01:15:00+01:00,0.151196
2026-03-28T01:30:00+01:00,0.152145
2026-03-28T01:45:00+01:00,0.152318
2026-03-28T02:00:00+01:00,0.151455
2026-03-28T02:15:00+01:00,0.1518
2026-03-28T02:30:00+01:00,0.150938
2026-03-28T02:45:00+01:00,0.149385
2026-03-28T03:00:00+01:00,0.149903
2026-03-28T03:15:00+01:00,0.150765
2026-03-28T03:30:00+01:00,0.15042
2026-03-28T03:45:00+01:00,0.151455
2026-03-28T04:00:00+01:00,0.15042
2026-03-28T04:15:00+01:00,0.1518
2026-03-28T04:30:00+01:00,0.150765
2026-03-28T04:45:00+01:00,0.15249
2026-03-28T05:00:00+01:00,0.149903
2026-03-28T05:15:00+01:00,0.150334
2026-03-28T05:30:00+01:00,0.151455
2026-03-28T05:45:00+01:00,0.1518
2026-03-28T06:00:00+01:00,0.151283
2026-03-28T06:15:00+01:00,0.151283
2026-03-28T06:30:00+01:00,0.151455
2026-03-28T06:45:00+01:00,0.14973
2026-03-28T07:00:00+01:00,0.148005
2026-03-28T07:15:00+01:00,0.149213
2026-03-28T07:30:00+01:00,0.149385
2026-03-28T07:45:00+01:00,0.148523
2026-03-28T08:00:00+01:00,0.14904
2026-03-28T08:15:00+01:00,0.146798
2026-03-28T08:30:00+01:00,0.14766
2026-03-28T08:45:00+01:00,0.147488
2026-03-28T09:00:00+01:00,0.146453
2026-03-28T09:15:00+01:00,0.14973
2026-03-28T09:30:00+01:00,0.14904
2026-03-28T09:45:00+01:00,0.14835
2026-03-28T10:00:00+01:00,0.146625
2026-03-28T10:15:00+01:00,0.14697
2026-03-28T10:30:00+01:00,0.146453
2026-03-28T10:45:00+01:00,0.14766
2026-03-28T11:00:00+01:00,0.14766
2026-03-28T11:15:00+01:00,0.146798
2026-03-28T11:30:00+01:00,0.148005
2026-03-28T11:45:00+01:00,0.147143
2026-03-28T12:00:00+01:00,0.14628
2026-03-28T12:15:00+01:00,0.147143
2026-03-28T12:30:00+01:00,0.147143
2026-03-28T12:45:00+01:00,0.1449
2026-03-28T13:00:00+01:00,0.145245
2026-03-28T13:15:00+01:00,0.145072
2026-03-28T13:30:00+01:00,0.146798
2026-03-28T13:45:00+01:00,0.145245
2026-03-28T14:00:00+01:00,0.147488
2026-03-28T14:15:00+01:00,0.15111
2026-03-28T14:30:00+01:00,0.151455
2026-03-28T14:45:00+01:00,0.15042
2026-03-28T15:00:00+01:00,0.149213
2026-03-28T15:15:00+01:00,0.15042
2026-03-28T15:30:00+01:00,0.15042
2026-03-28T15:45:00+01:00,0.15111
2026-03-28T16:00:00+01:00,0.151283
2026-03-28T16:15:00+01:00,0.150938
2026-03-28T16:30:00+01:00,0.148523
2026-03-28T16:45:00+01:00,0.15042
2026-03-28T17:00:00+01:00,0.150593
2026-03-28T17:15:00+01:00,0.153353
2026-03-28T17:30:00+01:00,0.151628
2026-03-28T17:45:00+01:00,0.150765
2026-03-28T18:00:00+01:00,0.150593
2026-03-28T18:15:00+01:00,0.150593
2026-03-28T18:30:00+01:00,0.151283
2026-03-28T18:45:00+01:00,0.15111
2026-03-28T19:00:00+01:00,0.151628
2026-03-28T19:15:00+01:00,0.152318
2026-03-28T19:30:00+01:00,0.15249
2026-03-28T19:45:00+01:00,0.148868
2026-03-28T20:00:00+01:00,0.1518
2026-03-28T20:15:00+01:00,0.1518
2026-03-28T20:30:00+01:00,0.151628
2026-03-28T20:45:00+01:00,0.151283
2026-03-28T21:00:00+01:00,0.152318
2026-03-28T21:15:00+01:00,0.150765
2026-03-28T21:30:00+01:00,0.150248
2026-03-28T21:45:00+01:00,0.146625
2026-03-28T22:00:00+01:00,0.148005
2026-03-28T22:15:00+01:00,0.148178
2026-03-28T22:30:00+01:00,0.147833
2026-03-28T22:45:00+01:00,0.14766
2026-03-28T23:00:00+01:00,0.149213
2026-03-28T23:15:00+01:00,0.148523
2026-03-28T23:30:00+01:00,0.15042
2026-03-28T23:45:00+01:00,0.149558
2026-03-29T00:00:00+01:00,0.149558
2026-03-29T00:15:00+01:00,0.14835
2026-03-29T00:30:00+01:00,0.148523
2026-03-29T00:45:00+01:00,0.149558
2026-03-29T01:00:00+01:00,0.14835
2026-03-29T01:15:00+01:00,0.149385
2026-03-29T01:30:00+01:00,0.148695
2026-03-29T01:45:00+01:00,0.148868
2026-03-29T03:00:00+02:00,0.148005
2026-03-29T03:15:00+02:00,0.14835
2026-03-29T03:30:00+02:00,0.148178
2026-03-29T03:45:00+02:00,0.146625
2026-03-29T04:00:00+02:00,0.148005
2026-03-29T04:15:00+02:00,0.147315
2026-03-29T04:30:00+02:00,0.14766
2026-03-29T04:45:00+02:00,0.147488
2026-03-29T05:00:00+02:00,0.146453
2026-03-29T05:15:00+02:00,0.147488
2026-03-29T05:30:00+02:00,0.149385
2026-03-29T05:45:00+02:00,0.147488
2026-03-29T06:00:00+02:00,0.14766
2026-03-29T06:15:00+02:00,0.148005
2026-03-29T06:30:00+02:00,0.148695
2026-03-29T06:45:00+02:00,0.14973
2026-03-29T07:00:00+02:00,0.150593
2026-03-29T07:15:00+02:00,0.15042
2026-03-29T07:30:00+02:00,0.14973
2026-03-29T07:45:00+02:00,0.15042
2026-03-29T08:00:00+02:00,0.149558
2026-03-29T08:15:00+02:00,0.148868
2026-03-29T08:30:00+02:00,0.148868
2026-03-29T08:45:00+02:00,0.149385
2026-03-29T09:00:00+02:00,0.14973
2026-03-29T09:15:00+02:00,0.148178
2026-03-29T09:30:00+02:00,0.147833
2026-03-29T09:45:00+02:00,0.149385
2026-03-29T10:00:00+02:00,0.14973
2026-03-29T10:15:00+02:00,0.149903
2026-03-29T10:30:00+02:00,0.146453
2026-03-29T10:45:00+02:00,0.147315
2026-03-29T11:00:00+02:00,0.147488
2026-03-29T11:15:00+02:00,0.147833
2026-03-29T11:30:00+02:00,0.149903
2026-03-29T11:45:00+02:00,0.15042
2026-03-29T12:00:00+02:00,0.14835
2026-03-29T12:15:00+02:00,0.148868
2026-03-29T12:30:00+02:00,0.14904
2026-03-29T12:45:00+02:00,0.149903
2026-03-29T13:00:00+02:00,0.148005
2026-03-29T13:15:00+02:00,0.150938
2026-03-29T13:30:00+02:00,0.14973
2026-03-29T13:45:00+02:00,0.148695
2026-03-29T14:00:00+02:00,0.14835
2026-03-29T14:15:00+02:00,0.147833
2026-03-29T14:30:00+02:00,0.148178
2026-03-29T14:45:00+02:00,0.147833
2026-03-29T15:00:00+02:00,0.147488
2026-03-29T15:15:00+02:00,0.148178
2026-03-29T15:30:00+02:00,0.147833
2026-03-29T15:45:00+02:00,0.145763
2026-03-29T16:00:00+02:00,0.14628
2026-03-29T16:15:00+02:00,0.149126
2026-03-29T16:30:00+02:00,0.14697
2026-03-29T16:45:00+02:00,0.148868
2026-03-29T17:00:00+02:00,0.147315
2026-03-29T17:15:00+02:00,0.14628
2026-03-29T17:30:00+02:00,0.14628
2026-03-29T17:45:00+02:00,0.146625
2026-03-29T18:00:00+02:00,0.14697
2026-03-29T18:15:00+02:00,0.146625
2026-03-29T18:30:00+02:00,0.146453
2026-03-29T18:45:00+02:00,0.147833
2026-03-29T19:00:00+02:00,0.14628
2026-03-29T19:15:00+02:00,0.148005
2026-03-29T19:30:00+02:00,0.14904
2026-03-29T19:45:00+02:00,0.147833
2026-03-29T20:00:00+02:00,0.148695
2026-03-29T20:15:00+02:00,0.149385
2026-03-29T20:30:00+02:00,0.149213
2026-03-29T20:45:00+02:00,0.149903
2026-03-29T21:00:00+02:00,0.149213
2026-03-29T21:15:00+02:00,0.150938
2026-03-29T21:30:00+02:00,0.152663
2026-03-29T21:45:00+02:00,0.15249
2026-03-29T22:00:00+02:00,0.151455
2026-03-29T22:15:00+02:00,0.151628
2026-03-29T22:30:00+02:00,0.153008
2026-03-29T22:45:00+02:00,0.151455
2026-03-29T23:00:00+02:00,0.150593
2026-03-29T23:15:00+02:00,0.151283
2026-03-29T23:30:00+02:00,0.151973
2026-03-29T23:45:00+02:00,0.150938
2026-03-30T00:00:00+02:00,0.14973
2026-03-30T00:15:00+02:00,0.150075
2026-03-30T00:30:00+02:00,0.15042
2026-03-30T00:45:00+02:00,0.15042
2026-03-30T01:00:00+02:00,0.14973
2026-03-30T01:15:00+02:00,0.15042
2026-03-30T01:30:00+02:00,0.151973
2026-03-30T01:45:00+02:00,0.15042
2026-03-30T02:00:00+02:00,0.151455
2026-03-30T02:15:00+02:00,0.149385
2026-03-30T02:30:00+02:00,0.15042
2026-03-30T02:45:00+02:00,0.149213
2026-03-30T03:00:00+02:00,0.149385
2026-03-30T03:15:00+02:00,0.149903
2026-03-30T03:30:00+02:00,0.14973
2026-03-30T03:45:00+02:00,0.150765
2026-03-30T04:00:00+02:00,0.151455
2026-03-30T04:15:00+02:00,0.152663
2026-03-30T04:30:00+02:00,0.15042
2026-03-30T04:45:00+02:00,0.15249
2026-03-30T05:00:00+02:00,0.1518
2026-03-30T05:15:00+02:00,0.151283
2026-03-30T05:30:00+02:00,0.152318
2026-03-30T05:45:00+02:00,0.154043
2026-03-30T06:00:00+02:00,0.15042
2026-03-30T06:15:00+02:00,0.148868
2026-03-30T06:30:00+02:00,0.148005
2026-03-30T06:45:00+02:00,0.148005
2026-03-30T07:00:00+02:00,0.148868
2026-03-30T07:15:00+02:00,0.149213
2026-03-30T07:30:00+02:00,0.148695
2026-03-30T07:45:00+02:00,0.150075
2026-03-30T08:00:00+02:00,0.149385
2026-03-30T08:15:00+02:00,0.14904
2026-03-30T08:30:00+02:00,0.148005
2026-03-30T08:45:00+02:00,0.13938
2026-03-30T09:00:00+02:00,0.139552
2026-03-30T09:15:00+02:00,0.13869
2026-03-30T09:30:00+02:00,0.139552
2026-03-30T09:45:00+02:00,0.139897
2026-03-30T10:00:00+02:00,0.162926
2026-03-30T10:15:00+02:00,0.159217
2026-03-30T10:30:00+02:00,0.147229
2026-03-30T10:45:00+02:00,0.140587
2026-03-30T11:00:00+02:00,0.152662
2026-03-30T11:15:00+02:00,0.147833
2026-03-30T11:30:00+02:00,0.15042
2026-03-30T11:45:00+02:00,0.14973
2026-03-30T12:00:00+02:00,0.149213
2026-03-30T12:15:00+02:00,0.151455
2026-03-30T12:30:00+02:00,0.150593
2026-03-30T12:45:00+02:00,0.150593
2026-03-30T13:00:00+02:00,0.152318
2026-03-30T13:15:00+02:00,0.151455
2026-03-30T13:30:00+02:00,0.152318
2026-03-30T13:45:00+02:00,0.150248
2026-03-30T14:00:00+02:00,0.151628
2026-03-30T14:15:00+02:00,0.151455
2026-03-30T14:30:00+02:00,0.14904
2026-03-30T14:45:00+02:00,0.150938
2026-03-30T15:00:00+02:00,0.149385
2026-03-30T15:15:00+02:00,0.151283
2026-03-30T15:30:00+02:00,0.150506
2026-03-30T15:45:00+02:00,0.149903
2026-03-30T16:00:00+02:00,0.150593
2026-03-30T16:15:00+02:00,0.15111
2026-03-30T16:30:00+02:00,0.151714
2026-03-30T16:45:00+02:00,0.151628
2026-03-30T17:00:00+02:00,0.15111
2026-03-30T17:15:00+02:00,0.150248
2026-03-30T17:30:00+02:00,0.15111
2026-03-30T17:45:00+02:00,0.15111
2026-03-30T18:00:00+02:00,0.150938
2026-03-30T18:15:00+02:00,0.1518
2026-03-30T18:30:00+02:00,0.149903
2026-03-30T18:45:00+02:00,0.150938
2026-03-30T19:00:00+02:00,0.150593
2026-03-30T19:15:00+02:00,0.15111
2026-03-30T19:30:00+02:00,0.1518
2026-03-30T19:45:00+02:00,0.150938
2026-03-30T20:00:00+02:00,0.150593
2026-03-30T20:15:00+02:00,0.152835
2026-03-30T20:30:00+02:00,0.152318
2026-03-30T20:45:00+02:00,0.152145
2026-03-30T21:00:00+02:00,0.150938
2026-03-30T21:15:00+02:00,0.150938
2026-03-30T21:30:00+02:00,0.151628
2026-03-30T21:45:00+02:00,0.220283
2026-03-30T22:00:00+02:00,0.282555
2026-03-30T22:15:00+02:00,0.312053
2026-03-30T22:30:00+02:00,0.32223
2026-03-30T22:45:00+02:00,0.326542
2026-03-30T23:00:00+02:00,0.318952
2026-03-30T23:15:00+02:00,0.311707
2026-03-30T23:30:00+02:00,0.265305
2026-03-30T23:45:00+02:00,0.288247
2026-03-31T00:00:00+02:00,0.318607
2026-03-31T00:15:00+02:00,0.279623
2026-03-31T00:30:00+02:00,0.295492
2026-03-31T00:45:00+02:00,0.321885
2026-03-31T01:00:00+02:00,0.30636
2026-03-31T01:15:00+02:00,0.29325
2026-03-31T01:30:00+02:00,0.316883
2026-03-31T01:45:00+02:00,0.29808
2026-03-31T02:00:00+02:00,0.311707
2026-03-31T02:15:00+02:00,0.255127
2026-03-31T02:30:00+02:00,0.30498
2026-03-31T02:45:00+02:00,0.30498
2026-03-31T03:00:00+02:00,0.276863
2026-03-31T03:15:00+02:00,0.31326
2026-03-31T03:30:00+02:00,0.214417
2026-03-31T03:45:00+02:00,0.203032
2026-03-31T04:00:00+02:00,0.294975
2026-03-31T04:15:00+02:00,0.287557
2026-03-31T04:30:00+02:00,0.299632
2026-03-31T04:45:00+02:00,0.306964
2026-03-31T05:00:00+02:00,0.312915
2026-03-31T05:15:00+02:00,0.311707
2026-03-31T05:30:00+02:00,0.26427
2026-03-31T05:45:00+02:00,0.217177
2026-03-31T06:00:00+02:00,0.274102
2026-03-31T06:15:00+02:00,0.286005
2026-03-31T06:30:00+02:00,0.28704
2026-03-31T06:45:00+02:00,0.292732
2026-03-31T07:00:00+02:00,0.28911
2026-03-31T07:15:00+02:00,0.266167
2026-03-31T07:30:00+02:00,0.283072
2026-03-31T07:45:00+02:00,0.278242
2026-03-31T08:00:00+02:00,0.233996
2026-03-31T08:15:00+02:00,0.216833
2026-03-31T08:30:00+02:00,0.197168
2026-03-31T08:45:00+02:00,0.197858
2026-03-31T09:00:00+02:00,0.205275
2026-03-31T09:15:00+02:00,0.156803
2026-03-31T09:30:00+02:00,0.203033
2026-03-31T09:45:00+02:00,0.186127
2026-03-31T10:00:00+02:00,0.15042
2026-03-31T10:15:00+02:00,0.16767
2026-03-31T10:30:00+02:00,0.18837
2026-03-31T10:45:00+02:00,0.186645
2026-03-31T11:00:00+02:00,0.15456
2026-03-31T11:15:00+02:00,0.191303
2026-03-31T11:30:00+02:00,0.185437
2026-03-31T11:45:00+02:00,0.17526
2026-03-31T12:00:00+02:00,0.18561
2026-03-31T12:15:00+02:00,0.150593
2026-03-31T12:30:00+02:00,0.150938
2026-03-31T12:45:00+02:00,0.150765
2026-03-31T13:00:00+02:00,0.185783
2026-03-31T13:15:00+02:00,0.174225
2026-03-31T13:30:00+02:00,0.201308
2026-03-31T13:45:00+02:00,0.174915
2026-03-31T14:00:00+02:00,0.17802
2026-03-31T14:15:00+02:00,0.177761
2026-03-31T14:30:00+02:00,0.150248
2026-03-31T14:45:00+02:00,0.150248
2026-03-31T15:00:00+02:00,0.168188
2026-03-31T15:15:00+02:00,0.160943
2026-03-31T15:30:00+02:00,0.17526
2026-03-31T15:45:00+02:00,0.17595
2026-03-31T16:00:00+02:00,0.158873
2026-03-31T16:15:00+02:00,0.181642
2026-03-31T16:30:00+02:00,0.153008
2026-03-31T16:45:00+02:00,0.168878
2026-03-31T17:00:00+02:00,0.168877
2026-03-31T17:15:00+02:00,0.17526
2026-03-31T17:30:00+02:00,0.187766
2026-03-31T17:45:00+02:00,0.15525
2026-03-31T18:00:00+02:00,0.186645
2026-03-31T18:15:00+02:00,0.149385
2026-03-31T18:30:00+02:00,0.190957
2026-03-31T18:45:00+02:00,0.19734
2026-03-31T19:00:00+02:00,0.160425
2026-03-31T19:15:00+02:00,0.197858
2026-03-31T19:30:00+02:00,0.189233
2026-03-31T19:45:00+02:00,0.151455
2026-03-31T20:00:00+02:00,0.1518
2026-03-31T20:15:00+02:00,0.151628
2026-03-31T20:30:00+02:00,0.15111
2026-03-31T20:45:00+02:00,0.18492
2026-03-31T21:00:00+02:00,0.159735
2026-03-31T21:15:00+02:00,0.150938
2026-03-31T21:30:00+02:00,0.150765
2026-03-31T21:45:00+02:00,0.199841
2026-03-31T22:00:00+02:00,0.185438
2026-03-31T22:15:00+02:00,0.150593
2026-03-31T22:30:00+02:00,0.1794
2026-03-31T22:45:00+02:00,0.159045
2026-03-31T23:00:00+02:00,0.190785
2026-03-31T23:15:00+02:00,0.165083
2026-03-31T23:30:00+02:00,0.145762
2026-03-31T23:45:00+02:00,0.149385
2026-04-01T00:00:00+02:00,0.14835
2026-04-01T00:15:00+02:00,0.147315
2026-04-01T00:30:00+02:00,0.14904
2026-04-01T00:45:00+02:00,0.151283
2026-04-01T01:00:00+02:00,0.15111
2026-04-01T01:15:00+02:00,0.14973
2026-04-01T01:30:00+02:00,0.150248
2026-04-01T01:45:00+02:00,0.149213
2026-04-01T02:00:00+02:00,0.14973
2026-04-01T02:15:00+02:00,0.149385
2026-04-01T02:30:00+02:00,0.149903
2026-04-01T02:45:00+02:00,0.14973
2026-04-01T03:00:00+02:00,0.15042
2026-04-01T03:15:00+02:00,0.148523
2026-04-01T03:30:00+02:00,0.149644
2026-04-01T03:45:00+02:00,0.15042
2026-04-01T04:00:00+02:00,0.150248
2026-04-01T04:15:00+02:00,0.15111
2026-04-01T04:30:00+02:00,0.150938
2026-04-01T04:45:00+02:00,0.150938
2026-04-01T05:00:00+02:00,0.150593
2026-04-01T05:15:00+02:00,0.150765
2026-04-01T05:30:00+02:00,0.151973
2026-04-01T05:45:00+02:00,0.15249
2026-04-01T06:00:00+02:00,0.150938
2026-04-01T06:15:00+02:00,0.151283
2026-04-01T06:30:00+02:00,0.1518
2026-04-01T06:45:00+02:00,0.151628
2026-04-01T07:00:00+02:00,0.15111
2026-04-01T07:15:00+02:00,0.150938
2026-04-01T07:30:00+02:00,0.151455
2026-04-01T07:45:00+02:00,0.149903
2026-04-01T08:00:00+02:00,0.150593
2026-04-01T08:15:00+02:00,0.15042
2026-04-01T08:30:00+02:00,0.15042
2026-04-01T08:45:00+02:00,0.149903
2026-04-01T09:00:00+02:00,0.147143
2026-04-01T09:15:00+02:00,0.14835
2026-04-01T09:30:00+02:00,0.14904
2026-04-01T09:45:00+02:00,0.149558
2026-04-01T10:00:00+02:00,0.14973
2026-04-01T10:15:00+02:00,0.14904
2026-04-01T10:30:00+02:00,0.149558
2026-04-01T10:45:00+02:00,0.149558
2026-04-01T11:00:00+02:00,0.149213
2026-04-01T11:15:00+02:00,0.15111
2026-04-01T11:30:00+02:00,0.150593
2026-04-01T11:45:00+02:00,0.149385
2026-04-01T12:00:00+02:00,0.14973
2026-04-01T12:15:00+02:00,0.150248
2026-04-01T12:30:00+02:00,0.150765
2026-04-01T12:45:00+02:00,0.15111
2026-04-01T13:00:00+02:00,0.15111
2026-04-01T13:15:00+02:00,0.151628
2026-04-01T13:30:00+02:00,0.151283
2026-04-01T13:45:00+02:00,0.151283
2026-04-01T14:00:00+02:00,0.151283
2026-04-01T14:15:00+02:00,0.150765
2026-04-01T14:30:00+02:00,0.151283
2026-04-01T14:45:00+02:00,0.149903
2026-04-01T15:00:00+02:00,0.15111
2026-04-01T15:15:00+02:00,0.15042
2026-04-01T15:30:00+02:00,0.152318
2026-04-01T15:45:00+02:00,0.154733
2026-04-01T16:00:00+02:00,0.154215
2026-04-01T16:15:00+02:00,0.151455
2026-04-01T16:30:00+02:00,0.152145
2026-04-01T16:45:00+02:00,0.151455
2026-04-01T17:00:00+02:00,0.15042
2026-04-01T17:15:00+02:00,0.149385
2026-04-01T17:30:00+02:00,0.150765
2026-04-01T17:45:00+02:00,0.149903
2026-04-01T18:00:00+02:00,0.148178
2026-04-01T18:15:00+02:00,0.148695
2026-04-01T18:30:00+02:00,0.150248
2026-04-01T18:45:00+02:00,0.150851
2026-04-01T19:00:00+02:00,0.152663
2026-04-01T19:15:00+02:00,0.151973
2026-04-01T19:30:00+02:00,0.151283
2026-04-01T19:45:00+02:00,0.152145
2026-04-01T20:00:00+02:00,0.15042
2026-04-01T20:15:00+02:00,0.150938
2026-04-01T20:30:00+02:00,0.151455
2026-04-01T20:45:00+02:00,0.15249
2026-04-01T21:00:00+02:00,0.1518
2026-04-01T21:15:00+02:00,0.152663
2026-04-01T21:30:00+02:00,0.152145
2026-04-01T21:45:00+02:00,0.151628
2026-04-01T22:00:00+02:00,0.150765
2026-04-01T22:15:00+02:00,0.151283
2026-04-01T22:30:00+02:00,0.1518
2026-04-01T22:45:00+02:00,0.152145
2026-04-01T23:00:00+02:00,0.151283
2026-04-01T23:15:00+02:00,0.150765
2026-04-01T23:30:00+02:00,0.150075
2026-04-01T23:45:00+02:00,0.151628
2026-04-02T00:00:00+02:00,0.14904
2026-04-02T00:15:00+02:00,0.14835
2026-04-02T00:30:00+02:00,0.150765
2026-04-02T00:45:00+02:00,0.149385
2026-04-02T01:00:00+02:00,0.149213
2026-04-02T01:15:00+02:00,0.15042
2026-04-02T01:30:00+02:00,0.148868
2026-04-02T01:45:00+02:00,0.148178
2026-04-02T02:00:00+02:00,0.147488
2026-04-02T02:15:00+02:00,0.149903
2026-04-02T02:30:00+02:00,0.149558
2026-04-02T02:45:00+02:00,0.149903
2026-04-02T03:00:00+02:00,0.150075
2026-04-02T03:15:00+02:00,0.150075
2026-04-02T03:30:00+02:00,0.147315
2026-04-02T03:45:00+02:00,0.150248
2026-04-02T04:00:00+02:00,0.149213
2026-04-02T04:15:00+02:00,0.150248
2026-04-02T04:30:00+02:00,0.149644
2026-04-02T04:45:00+02:00,0.150248
2026-04-02T05:00:00+02:00,0.150765
2026-04-02T05:15:00+02:00,0.149558
2026-04-02T05:30:00+02:00,0.150938
2026-04-02T05:45:00+02:00,0.1518
2026-04-02T06:00:00+02:00,0.152318
2026-04-02T06:15:00+02:00,0.150593
2026-04-02T06:30:00+02:00,0.15111
2026-04-02T06:45:00+02:00,0.1518
2026-04-02T07:00:00+02:00,0.15042
2026-04-02T07:15:00+02:00,0.151455
2026-04-02T07:30:00+02:00,0.150765
2026-04-02T07:45:00+02:00,0.151283
2026-04-02T08:00:00+02:00,0.15042
2026-04-02T08:15:00+02:00,0.149385
2026-04-02T08:30:00+02:00,0.150938
2026-04-02T08:45:00+02:00,0.151455
2026-04-02T09:00:00+02:00,0.15111
2026-04-02T09:15:00+02:00,0.151455
2026-04-02T09:30:00+02:00,0.151973
2026-04-02T09:45:00+02:00,0.151541
2026-04-02T10:00:00+02:00,0.151283
2026-04-02T10:15:00+02:00,0.15042
2026-04-02T10:30:00+02:00,0.151455
2026-04-02T10:45:00+02:00,0.150248
2026-04-02T11:00:00+02:00,0.1518
2026-04-02T11:15:00+02:00,0.150938
2026-04-02T11:30:00+02:00,0.150765
2026-04-02T11:45:00+02:00,0.151455
2026-04-02T12:00:00+02:00,0.149213
2026-04-02T12:15:00+02:00,0.150248
2026-04-02T12:30:00+02:00,0.151455
2026-04-02T12:45:00+02:00,0.15111
2026-04-02T13:00:00+02:00,0.15111
2026-04-02T13:15:00+02:00,0.152145
2026-04-02T13:30:00+02:00,0.1518
2026-04-02T13:45:00+02:00,0.152231
2026-04-02T14:00:00+02:00,0.151455
2026-04-02T14:15:00+02:00,0.151628
2026-04-02T14:30:00+02:00,0.15111
2026-04-02T14:45:00+02:00,0.15042
2026-04-02T15:00:00+02:00,0.150765
2026-04-02T15:15:00+02:00,0.15111
2026-04-02T15:30:00+02:00,0.15111
2026-04-02T15:45:00+02:00,0.150593
2026-04-02T16:00:00+02:00,0.149385
2026-04-02T16:15:00+02:00,0.148005
2026-04-02T16:30:00+02:00,0.147833
2026-04-02T16:45:00+02:00,0.148005
2026-04-02T17:00:00+02:00,0.148695
2026-04-02T17:15:00+02:00,0.148695
2026-04-02T17:30:00+02:00,0.14904
2026-04-02T17:45:00+02:00,0.150075
2026-04-02T18:00:00+02:00,0.146711
2026-04-02T18:15:00+02:00,0.148523
2026-04-02T18:30:00+02:00,0.15042
2026-04-02T18:45:00+02:00,0.149558
2026-04-02T19:00:00+02:00,0.149558
2026-04-02T19:15:00+02:00,0.150075
2026-04-02T19:30:00+02:00,0.148523
2026-04-02T19:45:00+02:00,0.149385
2026-04-02T20:00:00+02:00,0.148005
2026-04-02T20:15:00+02:00,0.148695
2026-04-02T20:30:00+02:00,0.14973
2026-04-02T20:45:00+02:00,0.150593
2026-04-02T21:00:00+02:00,0.149903
2026-04-02T21:15:00+02:00,0.148523
2026-04-02T21:30:00+02:00,0.14904
2026-04-02T21:45:00+02:00,0.14697
2026-04-02T22:00:00+02:00,0.148005
2026-04-02T22:15:00+02:00,0.14697
2026-04-02T22:30:00+02:00,0.14766
2026-04-02T22:45:00+02:00,0.145763
2026-04-02T23:00:00+02:00,0.147488
2026-04-02T23:15:00+02:00,0.147833
2026-04-02T23:30:00+02:00,0.146798
2026-04-02T23:45:00+02:00,0.145418
2026-04-03T00:00:00+02:00,0.147143
2026-04-03T00:15:00+02:00,0.145935
2026-04-03T00:30:00+02:00,0.145763
2026-04-03T00:45:00+02:00,0.14628
2026-04-03T01:00:00+02:00,0.144555
2026-04-03T01:15:00+02:00,0.144382
2026-04-03T01:30:00+02:00,0.1449
2026-04-03T01:45:00+02:00,0.144555
2026-04-03T02:00:00+02:00,0.145935
2026-04-03T02:15:00+02:00,0.14697
2026-04-03T02:30:00+02:00,0.147488
2026-04-03T02:45:00+02:00,0.146798
2026-04-03T03:00:00+02:00,0.146625
2026-04-03T03:15:00+02:00,0.14559
2026-04-03T03:30:00+02:00,0.146108
2026-04-03T03:45:00+02:00,0.146798
2026-04-03T04:00:00+02:00,0.146625
2026-04-03T04:15:00+02:00,0.146625
2026-04-03T04:30:00+02:00,0.14559
2026-04-03T04:45:00+02:00,0.14628
2026-04-03T05:00:00+02:00,0.147143
2026-04-03T05:15:00+02:00,0.14697
2026-04-03T05:30:00+02:00,0.14628
2026-04-03T05:45:00+02:00,0.146108
2026-04-03T06:00:00+02:00,0.14628
2026-04-03T06:15:00+02:00,0.147143
2026-04-03T06:30:00+02:00,0.145418
2026-04-03T06:45:00+02:00,0.144555
2026-04-03T07:00:00+02:00,0.146625
2026-04-03T07:15:00+02:00,0.145245
2026-04-03T07:30:00+02:00,0.14421
2026-04-03T07:45:00+02:00,0.144555
2026-04-03T08:00:00+02:00,0.14559
2026-04-03T08:15:00+02:00,0.146625
2026-04-03T08:30:00+02:00,0.144555
2026-04-03T08:45:00+02:00,0.1449
2026-04-03T09:00:00+02:00,0.14421
2026-04-03T09:15:00+02:00,0.146625
2026-04-03T09:30:00+02:00,0.145762
2026-04-03T09:45:00+02:00,0.144382
2026-04-03T10:00:00+02:00,0.144555
2026-04-03T10:15:00+02:00,0.144037
2026-04-03T10:30:00+02:00,0.144037
2026-04-03T10:45:00+02:00,0.142312
2026-04-03T11:00:00+02:00,0.143865
2026-04-03T11:15:00+02:00,0.143865
2026-04-03T11:30:00+02:00,0.144382
2026-04-03T11:45:00+02:00,0.144555
2026-04-03T12:00:00+02:00,0.145762
2026-04-03T12:15:00+02:00,0.1449
2026-04-03T12:30:00+02:00,0.14421
2026-04-03T12:45:00+02:00,0.14352
2026-04-03T13:00:00+02:00,0.14352
2026-04-03T13:15:00+02:00,0.144555
2026-04-03T13:30:00+02:00,0.144037
2026-04-03T13:45:00+02:00,0.143865
2026-04-03T14:00:00+02:00,0.142485
2026-04-03T14:15:00+02:00,0.14421
2026-04-03T14:30:00+02:00,0.143002
2026-04-03T14:45:00+02:00,0.144382
2026-04-03T15:00:00+02:00,0.146108
2026-04-03T15:15:00+02:00,0.146108
2026-04-03T15:30:00+02:00,0.145763
2026-04-03T15:45:00+02:00,0.144555
2026-04-03T16:00:00+02:00,0.145072
2026-04-03T16:15:00+02:00,0.144555
2026-04-03T16:30:00+02:00,0.144382
2026-04-03T16:45:00+02:00,0.143865
2026-04-03T17:00:00+02:00,0.146108
2026-04-03T17:15:00+02:00,0.144727
2026-04-03T17:30:00+02:00,0.144037
2026-04-03T17:45:00+02:00,0.14559
2026-04-03T18:00:00+02:00,0.1449
2026-04-03T18:15:00+02:00,0.146453
2026-04-03T18:30:00+02:00,0.145072
2026-04-03T18:45:00+02:00,0.14628
2026-04-03T19:00:00+02:00,0.145935
2026-04-03T19:15:00+02:00,0.14559
2026-04-03T19:30:00+02:00,0.14697
2026-04-03T19:45:00+02:00,0.146108
2026-04-03T20:00:00+02:00,0.145763
2026-04-03T20:15:00+02:00,0.147229
2026-04-03T20:30:00+02:00,0.145935
2026-04-03T20:45:00+02:00,0.146798
2026-04-03T21:00:00+02:00,0.14697
2026-04-03T21:15:00+02:00,0.14628
2026-04-03T21:30:00+02:00,0.146453
2026-04-03T21:45:00+02:00,0.14628
2026-04-03T22:00:00+02:00,0.14697
2026-04-03T22:15:00+02:00,0.146625
2026-04-03T22:30:00+02:00,0.146108
2026-04-03T22:45:00+02:00,0.146108
2026-04-03T23:00:00+02:00,0.145418
2026-04-03T23:15:00+02:00,0.146453
2026-04-03T23:30:00+02:00,0.146798
2026-04-03T23:45:00+02:00,0.145417
2026-04-04T00:00:00+02:00,0.146625
2026-04-04T00:15:00+02:00,0.14697
2026-04-04T00:30:00+02:00,0.145418
2026-04-04T00:45:00+02:00,0.146108
2026-04-04T01:00:00+02:00,0.145245
2026-04-04T01:15:00+02:00,0.145763
2026-04-04T01:30:00+02:00,0.145072
2026-04-04T01:45:00+02:00,0.143865
2026-04-04T02:00:00+02:00,0.143175
2026-04-04T02:15:00+02:00,0.145935
2026-04-04T02:30:00+02:00,0.144555
2026-04-04T02:45:00+02:00,0.144555
2026-04-04T03:00:00+02:00,0.14421
2026-04-04T03:15:00+02:00,0.1449
2026-04-04T03:30:00+02:00,0.144727
2026-04-04T03:45:00+02:00,0.143692
2026-04-04T04:00:00+02:00,0.146108
2026-04-04T04:15:00+02:00,0.145763
2026-04-04T04:30:00+02:00,0.14628
2026-04-04T04:45:00+02:00,0.146108
2026-04-04T05:00:00+02:00,0.145245
2026-04-04T05:15:00+02:00,0.1449
2026-04-04T05:30:00+02:00,0.144728
2026-04-04T05:45:00+02:00,0.144728
2026-04-04T06:00:00+02:00,0.14421
2026-04-04T06:15:00+02:00,0.145072
2026-04-04T06:30:00+02:00,0.144037
2026-04-04T06:45:00+02:00,0.144727
2026-04-04T07:00:00+02:00,0.143865
2026-04-04T07:15:00+02:00,0.145935
2026-04-04T07:30:00+02:00,0.14559
2026-04-04T07:45:00+02:00,0.145072
2026-04-04T08:00:00+02:00,0.1449
2026-04-04T08:15:00+02:00,0.145245
2026-04-04T08:30:00+02:00,0.145418
2026-04-04T08:45:00+02:00,0.1449
2026-04-04T09:00:00+02:00,0.1449
2026-04-04T09:15:00+02:00,0.145245
2026-04-04T09:30:00+02:00,0.1449
2026-04-04T09:45:00+02:00,0.144728
2026-04-04T10:00:00+02:00,0.144727
2026-04-04T10:15:00+02:00,0.144555
2026-04-04T10:30:00+02:00,0.145245
2026-04-04T10:45:00+02:00,0.144382
2026-04-04T11:00:00+02:00,0.145245
2026-04-04T11:15:00+02:00,0.144727
2026-04-04T11:30:00+02:00,0.145245
2026-04-04T11:45:00+02:00,0.14697
2026-04-04T12:00:00+02:00,0.148005
2026-04-04T12:15:00+02:00,0.145935
2026-04-04T12:30:00+02:00,0.14559
2026-04-04T12:45:00+02:00,0.145072
2026-04-04T13:00:00+02:00,0.14559
2026-04-04T13:15:00+02:00,0.147315
2026-04-04T13:30:00+02:00,0.145763
2026-04-04T13:45:00+02:00,0.147143
2026-04-04T14:00:00+02:00,0.147315
2026-04-04T14:15:00+02:00,0.145245
2026-04-04T14:30:00+02:00,0.146453
2026-04-04T14:45:00+02:00,0.145245
2026-04-04T15:00:00+02:00,0.14421
2026-04-04T15:15:00+02:00,0.146798
2026-04-04T15:30:00+02:00,0.14559
2026-04-04T15:45:00+02:00,0.14697
2026-04-04T16:00:00+02:00,0.145245
2026-04-04T16:15:00+02:00,0.145245
2026-04-04T16:30:00+02:00,0.146625
2026-04-04T16:45:00+02:00,0.14559
2026-04-04T17:00:00+02:00,0.14628
2026-04-04T17:15:00+02:00,0.1449
2026-04-04T17:30:00+02:00,0.14559
2026-04-04T17:45:00+02:00,0.14628
2026-04-04T18:00:00+02:00,0.146453
2026-04-04T18:15:00+02:00,0.146453
2026-04-04T18:30:00+02:00,0.1449
2026-04-04T18:45:00+02:00,0.145418
2026-04-04T19:00:00+02:00,0.146108
2026-04-04T19:15:00+02:00,0.145418
2026-04-04T19:30:00+02:00,0.145935
2026-04-04T19:45:00+02:00,0.146108
2026-04-04T20:00:00+02:00,0.144727
2026-04-04T20:15:00+02:00,0.146798
2026-04-04T20:30:00+02:00,0.146625
2026-04-04T20:45:00+02:00,0.146108
2026-04-04T21:00:00+02:00,0.14628
2026-04-04T21:15:00+02:00,0.146711
2026-04-04T21:30:00+02:00,0.147315
2026-04-04T21:45:00+02:00,0.145763
2026-04-04T22:00:00+02:00,0.146625
2026-04-04T22:15:00+02:00,0.145245
2026-04-04T22:30:00+02:00,0.14559
2026-04-04T22:45:00+02:00,0.145418
2026-04-04T23:00:00+02:00,0.145763
2026-04-04T23:15:00+02:00,0.14628
2026-04-04T23:30:00+02:00,0.145072
2026-04-04T23:45:00+02:00,0.14559
2026-04-05T00:00:00+02:00,0.14628
2026-04-05T00:15:00+02:00,0.144382
2026-04-05T00:30:00+02:00,0.145245
2026-04-05T00:45:00+02:00,0.145073
2026-04-05T01:00:00+02:00,0.1449
2026-04-05T01:15:00+02:00,0.145245
2026-04-05T01:30:00+02:00,0.145072
2026-04-05T01:45:00+02:00,0.144727
2026-04-05T02:00:00+02:00,0.144555
2026-04-05T02:15:00+02:00,0.144382
2026-04-05T02:30:00+02:00,0.1449
2026-04-05T02:45:00+02:00,0.143347
2026-04-05T03:00:00+02:00,0.144037
2026-04-05T03:15:00+02:00,0.144037
2026-04-05T03:30:00+02:00,0.144555
2026-04-05T03:45:00+02:00,0.144382
2026-04-05T04:00:00+02:00,0.145245
2026-04-05T04:15:00+02:00,0.14559
2026-04-05T04:30:00+02:00,0.146108
2026-04-05T04:45:00+02:00,0.145935
2026-04-05T05:00:00+02:00,0.146625
2026-04-05T05:15:00+02:00,0.145073
2026-04-05T05:30:00+02:00,0.145073
2026-04-05T05:45:00+02:00,0.1449
2026-04-05T06:00:00+02:00,0.145072
2026-04-05T06:15:00+02:00,0.144037
2026-04-05T06:30:00+02:00,0.143865
2026-04-05T06:45:00+02:00,0.144037
2026-04-05T07:00:00+02:00,0.143865
2026-04-05T07:15:00+02:00,0.145073
2026-04-05T07:30:00+02:00,0.14421
2026-04-05T07:45:00+02:00,0.14421
2026-04-05T08:00:00+02:00,0.144037
2026-04-05T08:15:00+02:00,0.14352
2026-04-05T08:30:00+02:00,0.14352
2026-04-05T08:45:00+02:00,0.144555
2026-04-05T09:00:00+02:00,0.145245
2026-04-05T09:15:00+02:00,0.1449
2026-04-05T09:30:00+02:00,0.144037
2026-04-05T09:45:00+02:00,0.14628
2026-04-05T10:00:00+02:00,0.14559
2026-04-05T10:15:00+02:00,0.145763
2026-04-05T10:30:00+02:00,0.143865
2026-04-05T10:45:00+02:00,0.144555
2026-04-05T11:00:00+02:00,0.14421
2026-04-05T11:15:00+02:00,0.144727
2026-04-05T11:30:00+02:00,0.143692
2026-04-05T11:45:00+02:00,0.1449
2026-04-05T12:00:00+02:00,0.145418
2026-04-05T12:15:00+02:00,0.14421
2026-04-05T12:30:00+02:00,0.143865
2026-04-05T12:45:00+02:00,0.1449
2026-04-05T13:00:00+02:00,0.146108
2026-04-05T13:15:00+02:00,0.145418
2026-04-05T13:30:00+02:00,0.146108
2026-04-05T13:45:00+02:00,0.147143
2026-04-05T14:00:00+02:00,0.147488
2026-04-05T14:15:00+02:00,0.147143
2026-04-05T14:30:00+02:00,0.14559
2026-04-05T14:45:00+02:00,0.14697
2026-04-05T15:00:00+02:00,0.148005
2026-04-05T15:15:00+02:00,0.146625
2026-04-05T15:30:00+02:00,0.147833
2026-04-05T15:45:00+02:00,0.148178
2026-04-05T16:00:00+02:00,0.146108
2026-04-05T16:15:00+02:00,0.14766
2026-04-05T16:30:00+02:00,0.146798
2026-04-05T16:45:00+02:00,0.145245
2026-04-05T17:00:00+02:00,0.144037
2026-04-05T17:15:00+02:00,0.144727
2026-04-05T17:30:00+02:00,0.145073
2026-04-05T17:45:00+02:00,0.144382
2026-04-05T18:00:00+02:00,0.146108
2026-04-05T18:15:00+02:00,0.145073
2026-04-05T18:30:00+02:00,0.145418
2026-04-05T18:45:00+02:00,0.145418
2026-04-05T19:00:00+02:00,0.146366
2026-04-05T19:15:00+02:00,0.145935
2026-04-05T19:30:00+02:00,0.144555
2026-04-05T19:45:00+02:00,0.14628
2026-04-05T20:00:00+02:00,0.14559
2026-04-05T20:15:00+02:00,0.145245
2026-04-05T20:30:00+02:00,0.144037
2026-04-05T20:45:00+02:00,0.145073
2026-04-05T21:00:00+02:00,0.145245
2026-04-05T21:15:00+02:00,0.14559
2026-04-05T21:30:00+02:00,0.146108
2026-04-05T21:45:00+02:00,0.145935
2026-04-05T22:00:00+02:00,0.14628
2026-04-05T22:15:00+02:00,0.1449
2026-04-05T22:30:00+02:00,0.145418
2026-04-05T22:45:00+02:00,0.146453
2026-04-05T23:00:00+02:00,0.144555
2026-04-05T23:15:00+02:00,0.144727
2026-04-05T23:30:00+02:00,0.145935
2026-04-05T23:45:00+02:00,0.14766
2026-04-06T00:00:00+02:00,0.146625
2026-04-06T00:15:00+02:00,0.14559
2026-04-06T00:30:00+02:00,0.145763
2026-04-06T00:45:00+02:00,0.145763
2026-04-06T01:00:00+02:00,0.14697
2026-04-06T01:15:00+02:00,0.147143
2026-04-06T01:30:00+02:00,0.14697
2026-04-06T01:45:00+02:00,0.146108
2026-04-06T02:00:00+02:00,0.146798
2026-04-06T02:15:00+02:00,0.14766
2026-04-06T02:30:00+02:00,0.14628
2026-04-06T02:45:00+02:00,0.147315
2026-04-06T03:00:00+02:00,0.146453
2026-04-06T03:15:00+02:00,0.14628
2026-04-06T03:30:00+02:00,0.14628
2026-04-06T03:45:00+02:00,0.14559
2026-04-06T04:00:00+02:00,0.14559
2026-04-06T04:15:00+02:00,0.145245
2026-04-06T04:30:00+02:00,0.145418
2026-04-06T04:45:00+02:00,0.145935
2026-04-06T05:00:00+02:00,0.14628
2026-04-06T05:15:00+02:00,0.1449
2026-04-06T05:30:00+02:00,0.145418
2026-04-06T05:45:00+02:00,0.147143
2026-04-06T06:00:00+02:00,0.147833
2026-04-06T06:15:00+02:00,0.145935
2026-04-06T06:30:00+02:00,0.145763
2026-04-06T06:45:00+02:00,0.144382
2026-04-06T07:00:00+02:00,0.145418
2026-04-06T07:15:00+02:00,0.1449
2026-04-06T07:30:00+02:00,0.1449
2026-04-06T07:45:00+02:00,0.1449
2026-04-06T08:00:00+02:00,0.145935
2026-04-06T08:15:00+02:00,0.14559
2026-04-06T08:30:00+02:00,0.144555
2026-04-06T08:45:00+02:00,0.145072
2026-04-06T09:00:00+02:00,0.14352
2026-04-06T09:15:00+02:00,0.144727
2026-04-06T09:30:00+02:00,0.144382
2026-04-06T09:45:00+02:00,0.1449
2026-04-06T10:00:00+02:00,0.14421
2026-04-06T10:15:00+02:00,0.146798
2026-04-06T10:30:00+02:00,0.145418
2026-04-06T10:45:00+02:00,0.146625
2026-04-06T11:00:00+02:00,0.145072
2026-04-06T11:15:00+02:00,0.144382
2026-04-06T11:30:00+02:00,0.144037
2026-04-06T11:45:00+02:00,0.146108
2026-04-06T12:00:00+02:00,0.14628
2026-04-06T12:15:00+02:00,0.145935
2026-04-06T12:30:00+02:00,0.145418
2026-04-06T12:45:00+02:00,0.145245
2026-04-06T13:00:00+02:00,0.145763
2026-04-06T13:15:00+02:00,0.147143
2026-04-06T13:30:00+02:00,0.145417
2026-04-06T13:45:00+02:00,0.145072
2026-04-06T14:00:00+02:00,0.144555
2026-04-06T14:15:00+02:00,0.145418
2026-04-06T14:30:00+02:00,0.143865
2026-04-06T14:45:00+02:00,0.145245
2026-04-06T15:00:00+02:00,0.14559
2026-04-06T15:15:00+02:00,0.147143
2026-04-06T15:30:00+02:00,0.14697
2026-04-06T15:45:00+02:00,0.145418
2026-04-06T16:00:00+02:00,0.146453
2026-04-06T16:15:00+02:00,0.148005
2026-04-06T16:30:00+02:00,0.14904
2026-04-06T16:45:00+02:00,0.148695
2026-04-06T17:00:00+02:00,0.149385
2026-04-06T17:15:00+02:00,0.14766
2026-04-06T17:30:00+02:00,0.146453
2026-04-06T17:45:00+02:00,0.14628
2026-04-06T18:00:00+02:00,0.14628
2026-04-06T18:15:00+02:00,0.14559
2026-04-06T18:30:00+02:00,0.1449
2026-04-06T18:45:00+02:00,0.145418
2026-04-06T19:00:00+02:00,0.145418
2026-04-06T19:15:00+02:00,0.145763
2026-04-06T19:30:00+02:00,0.14559
2026-04-06T19:45:00+02:00,0.146108
2026-04-06T20:00:00+02:00,0.147488
2026-04-06T20:15:00+02:00,0.148523
2026-04-06T20:30:00+02:00,0.148695
2026-04-06T20:45:00+02:00,0.148695
2026-04-06T21:00:00+02:00,0.14973
2026-04-06T21:15:00+02:00,0.148178
2026-04-06T21:30:00+02:00,0.149213
2026-04-06T21:45:00+02:00,0.14904
2026-04-06T22:00:00+02:00,0.149385
2026-04-06T22:15:00+02:00,0.147833
2026-04-06T22:30:00+02:00,0.148868
2026-04-06T22:45:00+02:00,0.14835
2026-04-06T23:00:00+02:00,0.14904
2026-04-06T23:15:00+02:00,0.148954
2026-04-06T23:30:00+02:00,0.149903
2026-04-06T23:45:00+02:00,0.149213
2026-04-07T00:00:00+02:00,0.149385
2026-04-07T00:15:00+02:00,0.148868
2026-04-07T00:30:00+02:00,0.14835
2026-04-07T00:45:00+02:00,0.148523
2026-04-07T01:00:00+02:00,0.147488
2026-04-07T01:15:00+02:00,0.148178
2026-04-07T01:30:00+02:00,0.147315
2026-04-07T01:45:00+02:00,0.14835
2026-04-07T02:00:00+02:00,0.15042
2026-04-07T02:15:00+02:00,0.1518
2026-04-07T02:30:00+02:00,0.152663
2026-04-07T02:45:00+02:00,0.150765
2026-04-07T03:00:00+02:00,0.149903
2026-04-07T03:15:00+02:00,0.150248
2026-04-07T03:30:00+02:00,0.15042
2026-04-07T03:45:00+02:00,0.149213
2026-04-07T04:00:00+02:00,0.151283
2026-04-07T04:15:00+02:00,0.150075
2026-04-07T04:30:00+02:00,0.148695
2026-04-07T04:45:00+02:00,0.148868
2026-04-07T05:00:00+02:00,0.15042
2026-04-07T05:15:00+02:00,0.150248
2026-04-07T05:30:00+02:00,0.149385
2026-04-07T05:45:00+02:00,0.150248
2026-04-07T06:00:00+02:00,0.14145
2026-04-07T06:15:00+02:00,0.140415
2026-04-07T06:30:00+02:00,0.143002
2026-04-07T06:45:00+02:00,0.14559
2026-04-07T07:00:00+02:00,0.155768
2026-04-07T07:15:00+02:00,0.15663
2026-04-07T07:30:00+02:00,0.160425
2026-04-07T07:45:00+02:00,0.211485
2026-04-07T08:00:00+02:00,0.218903
2026-04-07T08:15:00+02:00,0.215798
2026-04-07T08:30:00+02:00,0.204758
2026-04-07T08:45:00+02:00,0.218213
2026-04-07T09:00:00+02:00,0.205275
2026-04-07T09:15:00+02:00,0.215453
2026-04-07T09:30:00+02:00,0.216833
2026-04-07T09:45:00+02:00,0.209243
2026-04-07T10:00:00+02:00,0.214417
2026-04-07T10:15:00+02:00,0.213296
2026-04-07T10:30:00+02:00,0.215625
2026-04-07T10:45:00+02:00,0.213728
2026-04-07T11:00:00+02:00,0.201998
2026-04-07T11:15:00+02:00,0.216315
2026-04-07T11:30:00+02:00,0.181643
2026-04-07T11:45:00+02:00,0.163875
2026-04-07T12:00:00+02:00,0.2139
2026-04-07T12:15:00+02:00,0.21804
2026-04-07T12:30:00+02:00,0.215884
2026-04-07T12:45:00+02:00,0.215107
2026-04-07T13:00:00+02:00,0.190613
2026-04-07T13:15:00+02:00,0.209415
2026-04-07T13:30:00+02:00,0.187163
2026-04-07T13:45:00+02:00,0.14835
2026-04-07T14:00:00+02:00,0.220973
2026-04-07T14:15:00+02:00,0.218385
2026-04-07T14:30:00+02:00,0.220886
2026-04-07T14:45:00+02:00,0.233738
2026-04-07T15:00:00+02:00,0.22839
2026-04-07T15:15:00+02:00,0.230115
2026-04-07T15:30:00+02:00,0.205448
2026-04-07T15:45:00+02:00,0.22425
2026-04-07T16:00:00+02:00,0.170603
2026-04-07T16:15:00+02:00,0.225113
2026-04-07T16:30:00+02:00,0.225716
2026-04-07T16:45:00+02:00,0.243398
2026-04-07T17:00:00+02:00,0.225113
2026-04-07T17:15:00+02:00,0.199755
2026-04-07T17:30:00+02:00,0.221921
2026-04-07T17:45:00+02:00,0.234427
2026-04-07T18:00:00+02:00,0.216315
2026-04-07T18:15:00+02:00,0.23598
2026-04-07T18:30:00+02:00,0.202688
2026-04-07T18:45:00+02:00,0.228735
2026-04-07T19:00:00+02:00,0.226665
2026-04-07T19:15:00+02:00,0.182333
2026-04-07T19:30:00+02:00,0.166549
2026-04-07T19:45:00+02:00,0.150765
2026-04-07T20:00:00+02:00,0.217523
2026-04-07T20:15:00+02:00,0.227528
2026-04-07T20:30:00+02:00,0.232961
2026-04-07T20:45:00+02:00,0.224078
2026-04-07T21:00:00+02:00,0.208725
2026-04-07T21:15:00+02:00,0.219938
2026-04-07T21:30:00+02:00,0.198893
2026-04-07T21:45:00+02:00,0.165083
2026-04-07T22:00:00+02:00,0.205965
2026-04-07T22:15:00+02:00,0.196995
2026-04-07T22:30:00+02:00,0.203205
2026-04-07T22:45:00+02:00,0.202688
2026-04-07T23:00:00+02:00,0.208466
2026-04-07T23:15:00+02:00,0.210623
2026-04-07T23:30:00+02:00,0.210278
2026-04-07T23:45:00+02:00,0.17526
2026-04-08T00:00:00+02:00,0.212175
2026-04-08T00:15:00+02:00,0.193373
2026-04-08T00:30:00+02:00,0.15525
2026-04-08T00:45:00+02:00,0.150248
2026-04-08T01:00:00+02:00,0.209243
2026-04-08T01:15:00+02:00,0.208725
2026-04-08T01:30:00+02:00,0.207173
2026-04-08T01:45:00+02:00,0.20838
2026-04-08T02:00:00+02:00,0.168705
2026-04-08T02:15:00+02:00,0.206224
2026-04-08T02:30:00+02:00,0.20493
2026-04-08T02:45:00+02:00,0.170775
2026-04-08T03:00:00+02:00,0.197858
2026-04-08T03:15:00+02:00,0.222353
2026-04-08T03:30:00+02:00,0.18216
2026-04-08T03:45:00+02:00,0.205965
2026-04-08T04:00:00+02:00,0.159218
2026-04-08T04:15:00+02:00,0.204585
2026-04-08T04:30:00+02:00,0.203895
2026-04-08T04:45:00+02:00,0.224509
2026-04-08T05:00:00+02:00,0.21321
2026-04-08T05:15:00+02:00,0.2001
2026-04-08T05:30:00+02:00,0.197512
2026-04-08T05:45:00+02:00,0.16974
2026-04-08T06:00:00+02:00,0.195098
2026-04-08T06:15:00+02:00,0.212865
2026-04-08T06:30:00+02:00,0.225975
2026-04-08T06:45:00+02:00,0.159563
2026-04-08T07:00:00+02:00,0.19665
2026-04-08T07:15:00+02:00,0.223905
2026-04-08T07:30:00+02:00,0.21597
2026-04-08T07:45:00+02:00,0.20493
2026-04-08T08:00:00+02:00,0.229943
2026-04-08T08:15:00+02:00,0.214763
2026-04-08T08:30:00+02:00,0.17595
2026-04-08T08:45:00+02:00,0.215107
2026-04-08T09:00:00+02:00,0.205448
2026-04-08T09:15:00+02:00,0.16146
2026-04-08T09:30:00+02:00,0.14766
2026-04-08T09:45:00+02:00,0.144037
2026-04-08T10:00:00+02:00,0.141622
2026-04-08T10:15:00+02:00,0.141967
2026-04-08T10:30:00+02:00,0.17595
2026-04-08T10:45:00+02:00,0.172673
2026-04-08T11:00:00+02:00,0.236411
2026-04-08T11:15:00+02:00,0.208035
2026-04-08T11:30:00+02:00,0.189405
2026-04-08T11:45:00+02:00,0.238222
2026-04-08T12:00:00+02:00,0.205793
2026-04-08T12:15:00+02:00,0.224595
2026-04-08T12:30:00+02:00,0.196133
2026-04-08T12:45:00+02:00,0.219593
2026-04-08T13:00:00+02:00,0.210105
2026-04-08T13:15:00+02:00,0.21735
2026-04-08T13:30:00+02:00,0.202342
2026-04-08T13:45:00+02:00,0.151283
2026-04-08T14:00:00+02:00,0.230805
2026-04-08T14:15:00+02:00,0.230115
2026-04-08T14:30:00+02:00,0.246675
2026-04-08T14:45:00+02:00,0.236152
2026-04-08T15:00:00+02:00,0.248918
2026-04-08T15:15:00+02:00,0.252799
2026-04-08T15:30:00+02:00,0.2415
2026-04-08T15:45:00+02:00,0.256508
2026-04-08T16:00:00+02:00,0.232616
2026-04-08T16:15:00+02:00,0.226665
2026-04-08T16:30:00+02:00,0.23598
2026-04-08T16:45:00+02:00,0.242363
2026-04-08T17:00:00+02:00,0.22011
2026-04-08T17:15:00+02:00,0.241328
2026-04-08T17:30:00+02:00,0.247279
2026-04-08T17:45:00+02:00,0.220972
2026-04-08T18:00:00+02:00,0.228735
2026-04-08T18:15:00+02:00,0.170603
2026-04-08T18:30:00+02:00,0.196478
2026-04-08T18:45:00+02:00,0.278588
2026-04-08T19:00:00+02:00,0.283418
2026-04-08T19:15:00+02:00,0.29325
2026-04-08T19:30:00+02:00,0.226665
2026-04-08T19:45:00+02:00,0.22701
2026-04-08T20:00:00+02:00,0.315934
2026-04-08T20:15:00+02:00,0.306705
2026-04-08T20:30:00+02:00,0.310327
2026-04-08T20:45:00+02:00,0.301013
2026-04-08T21:00:00+02:00,0.273067
2026-04-08T21:15:00+02:00,0.304031
2026-04-08T21:30:00+02:00,0.297735
2026-04-08T21:45:00+02:00,0.171293
2026-04-08T22:00:00+02:00,0.150938
2026-04-08T22:15:00+02:00,0.177848
2026-04-08T22:30:00+02:00,0.187508
2026-04-08T22:45:00+02:00,0.212348
2026-04-08T23:00:00+02:00,0.211658
2026-04-08T23:15:00+02:00,0.18906
2026-04-08T23:30:00+02:00,0.151628
2026-04-08T23:45:00+02:00,0.194408
2026-04-09T00:00:00+02:00,0.200704
2026-04-09T00:15:00+02:00,0.221663
2026-04-09T00:30:00+02:00,0.220455
2026-04-09T00:45:00+02:00,0.219334
2026-04-09T01:00:00+02:00,0.165428
2026-04-09T01:15:00+02:00,0.19665
2026-04-09T01:30:00+02:00,0.217868
2026-04-09T01:45:00+02:00,0.20769
2026-04-09T02:00:00+02:00,0.232961
2026-04-09T02:15:00+02:00,0.185955
2026-04-09T02:30:00+02:00,0.19113
2026-04-09T02:45:00+02:00,0.210968
2026-04-09T03:00:00+02:00,0.217177
2026-04-09T03:15:00+02:00,0.235635
2026-04-09T03:30:00+02:00,0.192165
2026-04-09T03:45:00+02:00,0.162322
2026-04-09T04:00:00+02:00,0.228907
2026-04-09T04:15:00+02:00,0.230546
2026-04-09T04:30:00+02:00,0.222525
2026-04-09T04:45:00+02:00,0.21873
2026-04-09T05:00:00+02:00,0.172155
2026-04-09T05:15:00+02:00,0.212175
2026-04-09T05:30:00+02:00,0.168705
2026-04-09T05:45:00+02:00,0.151455
2026-04-09T06:00:00+02:00,0.149385
2026-04-09T06:15:00+02:00,0.14145
2026-04-09T06:30:00+02:00,0.14076
2026-04-09T06:45:00+02:00,0.14076
2026-04-09T07:00:00+02:00,0.143347
2026-04-09T07:15:00+02:00,0.154733
2026-04-09T07:30:00+02:00,0.14973
2026-04-09T07:45:00+02:00,0.213555
2026-04-09T08:00:00+02:00,0.225371
2026-04-09T08:15:00+02:00,0.222697
2026-04-09T08:30:00+02:00,0.21252
2026-04-09T08:45:00+02:00,0.219075
2026-04-09T09:00:00+02:00,0.20493
2026-04-09T09:15:00+02:00,0.215107
2026-04-09T09:30:00+02:00,0.215107
2026-04-09T09:45:00+02:00,0.217178
2026-04-09T10:00:00+02:00,0.20424
2026-04-09T10:15:00+02:00,0.21114
2026-04-09T10:30:00+02:00,0.2208
2026-04-09T10:45:00+02:00,0.213383
2026-04-09T11:00:00+02:00,0.223301
2026-04-09T11:15:00+02:00,0.165428
2026-04-09T11:30:00+02:00,0.19665
2026-04-09T11:45:00+02:00,0.228045
2026-04-09T12:00:00+02:00,0.21183
2026-04-09T12:15:00+02:00,0.211485
2026-04-09T12:30:00+02:00,0.222352
2026-04-09T12:45:00+02:00,0.192855
2026-04-09T13:00:00+02:00,0.207518
2026-04-09T13:15:00+02:00,0.202429
2026-04-09T13:30:00+02:00,0.185265
2026-04-09T13:45:00+02:00,0.149385
2026-04-09T14:00:00+02:00,0.217178
2026-04-09T14:15:00+02:00,0.228218
2026-04-09T14:30:00+02:00,0.240983
2026-04-09T14:45:00+02:00,0.222698
2026-04-09T15:00:00+02:00,0.228563
2026-04-09T15:15:00+02:00,0.236929
2026-04-09T15:30:00+02:00,0.166808
2026-04-09T15:45:00+02:00,0.245467
2026-04-09T16:00:00+02:00,0.230115
2026-04-09T16:15:00+02:00,0.232357
2026-04-09T16:30:00+02:00,0.20838
2026-04-09T16:45:00+02:00,0.22839
2026-04-09T17:00:00+02:00,0.207431
2026-04-09T17:15:00+02:00,0.219765
2026-04-09T17:30:00+02:00,0.226148
2026-04-09T17:45:00+02:00,0.222266
2026-04-09T18:00:00+02:00,0.236153
2026-04-09T18:15:00+02:00,0.228735
2026-04-09T18:30:00+02:00,0.22218
2026-04-09T18:45:00+02:00,0.172155
2026-04-09T19:00:00+02:00,0.237015
2026-04-09T19:15:00+02:00,0.214417
2026-04-09T19:30:00+02:00,0.173535
2026-04-09T19:45:00+02:00,0.151628
2026-04-09T20:00:00+02:00,0.281175
2026-04-09T20:15:00+02:00,0.298942
2026-04-09T20:30:00+02:00,0.2967
2026-04-09T20:45:00+02:00,0.288075
2026-04-09T21:00:00+02:00,0.292905
2026-04-09T21:15:00+02:00,0.265822
2026-04-09T21:30:00+02:00,0.275137
2026-04-09T21:45:00+02:00,0.15663
2026-04-09T22:00:00+02:00,0.203205
2026-04-09T22:15:00+02:00,0.234255
2026-04-09T22:30:00+02:00,0.227527
2026-04-09T22:45:00+02:00,0.233047
2026-04-09T23:00:00+02:00,0.181815
2026-04-09T23:15:00+02:00,0.227269
2026-04-09T23:30:00+02:00,0.227873
2026-04-09T23:45:00+02:00,0.234428
2026-04-10T00:00:00+02:00,0.173708
2026-04-10T00:15:00+02:00,0.210795
2026-04-10T00:30:00+02:00,0.218385
2026-04-10T00:45:00+02:00,0.23046
2026-04-10T01:00:00+02:00,0.23115
2026-04-10T01:15:00+02:00,0.231495
2026-04-10T01:30:00+02:00,0.20286
2026-04-10T01:45:00+02:00,0.18354
2026-04-10T02:00:00+02:00,0.18906
2026-04-10T02:15:00+02:00,0.15042
2026-04-10T02:30:00+02:00,0.155595
2026-04-10T02:45:00+02:00,0.154733
2026-04-10T03:00:00+02:00,0.200963
2026-04-10T03:15:00+02:00,0.222007
2026-04-10T03:30:00+02:00,0.224768
2026-04-10T03:45:00+02:00,0.18492
2026-04-10T04:00:00+02:00,0.228563
2026-04-10T04:15:00+02:00,0.218213
2026-04-10T04:30:00+02:00,0.199496
2026-04-10T04:45:00+02:00,0.183023
2026-04-10T05:00:00+02:00,0.150248
2026-04-10T05:15:00+02:00,0.150765
2026-04-10T05:30:00+02:00,0.15111
2026-04-10T05:45:00+02:00,0.151283
2026-04-10T06:00:00+02:00,0.150765
2026-04-10T06:15:00+02:00,0.150593
2026-04-10T06:30:00+02:00,0.1518
2026-04-10T06:45:00+02:00,0.151283
2026-04-10T07:00:00+02:00,0.151455
2026-04-10T07:15:00+02:00,0.150765
2026-04-10T07:30:00+02:00,0.15042
2026-04-10T07:45:00+02:00,0.150938
2026-04-10T08:00:00+02:00,0.151541
2026-04-10T08:15:00+02:00,0.150938
2026-04-10T08:30:00+02:00,0.150075
2026-04-10T08:45:00+02:00,0.150938
2026-04-10T09:00:00+02:00,0.15042
2026-04-10T09:15:00+02:00,0.15042
2026-04-10T09:30:00+02:00,0.15111
2026-04-10T09:45:00+02:00,0.150593
2026-04-10T10:00:00+02:00,0.15111
2026-04-10T10:15:00+02:00,0.149385
2026-04-10T10:30:00+02:00,0.150075
2026-04-10T10:45:00+02:00,0.149213
2026-04-10T11:00:00+02:00,0.148178
2026-04-10T11:15:00+02:00,0.15042
2026-04-10T11:30:00+02:00,0.150506
2026-04-10T11:45:00+02:00,0.149903
2026-04-10T12:00:00+02:00,0.150765
2026-04-10T12:15:00+02:00,0.150248
2026-04-10T12:30:00+02:00,0.150075
2026-04-10T12:45:00+02:00,0.151628
2026-04-10T13:00:00+02:00,0.15111
2026-04-10T13:15:00+02:00,0.150765
2026-04-10T13:30:00+02:00,0.150593
2026-04-10T13:45:00+02:00,0.14973
2026-04-10T14:00:00+02:00,0.150593
2026-04-10T14:15:00+02:00,0.150248
2026-04-10T14:30:00+02:00,0.15249
2026-04-10T14:45:00+02:00,0.150075
2026-04-10T15:00:00+02:00,0.150765
2026-04-10T15:15:00+02:00,0.150075
2026-04-10T15:30:00+02:00,0.15111
2026-04-10T15:45:00+02:00,0.151628
2026-04-10T16:00:00+02:00,0.150248
2026-04-10T16:15:00+02:00,0.150248
2026-04-10T16:30:00+02:00,0.15111
2026-04-10T16:45:00+02:00,0.151628
2026-04-10T17:00:00+02:00,0.15111
2026-04-10T17:15:00+02:00,0.151455
2026-04-10T17:30:00+02:00,0.151973
2026-04-10T17:45:00+02:00,0.149558
2026-04-10T18:00:00+02:00,0.150593
2026-04-10T18:15:00+02:00,0.150679
2026-04-10T18:30:00+02:00,0.151283
2026-04-10T18:45:00+02:00,0.15111
2026-04-10T19:00:00+02:00,0.15111
2026-04-10T19:15:00+02:00,0.14973
2026-04-10T19:30:00+02:00,0.15042
2026-04-10T19:45:00+02:00,0.151628
2026-04-10T20:00:00+02:00,0.149903
2026-04-10T20:15:00+02:00,0.150248
2026-04-10T20:30:00+02:00,0.149903
2026-04-10T20:45:00+02:00,0.150248
2026-04-10T21:00:00+02:00,0.150938
2026-04-10T21:15:00+02:00,0.149213
2026-04-10T21:30:00+02:00,0.149385
2026-04-10T21:45:00+02:00,0.15111
2026-04-10T22:00:00+02:00,0.150248
2026-04-10T22:15:00+02:00,0.151628
2026-04-10T22:30:00+02:00,0.1518
2026-04-10T22:45:00+02:00,0.15249
2026-04-10T23:00:00+02:00,0.152145
2026-04-10T23:15:00+02:00,0.151973
2026-04-10T23:30:00+02:00,0.152145
2026-04-10T23:45:00+02:00,0.152145
2026-04-11T00:00:00+02:00,0.150248
2026-04-11T00:15:00+02:00,0.152318
2026-04-11T00:30:00+02:00,0.151455
2026-04-11T00:45:00+02:00,0.15249
2026-04-11T01:00:00+02:00,0.150938
2026-04-11T01:15:00+02:00,0.1518
2026-04-11T01:30:00+02:00,0.151628
2026-04-11T01:45:00+02:00,0.151628
2026-04-11T02:00:00+02:00,0.150765
2026-04-11T02:15:00+02:00,0.149558
2026-04-11T02:30:00+02:00,0.150248
2026-04-11T02:45:00+02:00,0.151455
2026-04-11T03:00:00+02:00,0.15042
2026-04-11T03:15:00+02:00,0.14973
2026-04-11T03:30:00+02:00,0.15042
2026-04-11T03:45:00+02:00,0.149385
2026-04-11T04:00:00+02:00,0.150075
2026-04-11T04:15:00+02:00,0.149903
2026-04-11T04:30:00+02:00,0.15042
2026-04-11T04:45:00+02:00,0.150765
2026-04-11T05:00:00+02:00,0.149558
2026-04-11T05:15:00+02:00,0.148178
2026-04-11T05:30:00+02:00,0.148178
2026-04-11T05:45:00+02:00,0.15111
2026-04-11T06:00:00+02:00,0.151973
2026-04-11T06:15:00+02:00,0.150938
2026-04-11T06:30:00+02:00,0.150593
2026-04-11T06:45:00+02:00,0.147833
2026-04-11T07:00:00+02:00,0.149558
2026-04-11T07:15:00+02:00,0.148523
2026-04-11T07:30:00+02:00,0.148523
2026-04-11T07:45:00+02:00,0.14697
2026-04-11T08:00:00+02:00,0.148868
2026-04-11T08:15:00+02:00,0.148695
2026-04-11T08:30:00+02:00,0.14835
2026-04-11T08:45:00+02:00,0.148695
2026-04-11T09:00:00+02:00,0.147315
2026-04-11T09:15:00+02:00,0.14835
2026-04-11T09:30:00+02:00,0.147143
2026-04-11T09:45:00+02:00,0.148868
2026-04-11T10:00:00+02:00,0.14697
2026-04-11T10:15:00+02:00,0.15042
2026-04-11T10:30:00+02:00,0.15042
2026-04-11T10:45:00+02:00,0.148523
2026-04-11T11:00:00+02:00,0.150593
2026-04-11T11:15:00+02:00,0.150248
2026-04-11T11:30:00+02:00,0.150248
2026-04-11T11:45:00+02:00,0.149903
2026-04-11T12:00:00+02:00,0.15042
2026-04-11T12:15:00+02:00,0.1518
2026-04-11T12:30:00+02:00,0.150765
2026-04-11T12:45:00+02:00,0.149558
2026-04-11T13:00:00+02:00,0.148868
2026-04-11T13:15:00+02:00,0.151455
2026-04-11T13:30:00+02:00,0.14904
2026-04-11T13:45:00+02:00,0.15042
2026-04-11T14:00:00+02:00,0.149213
2026-04-11T14:15:00+02:00,0.149558
2026-04-11T14:30:00+02:00,0.14835
2026-04-11T14:45:00+02:00,0.14835
2026-04-11T15:00:00+02:00,0.150248
2026-04-11T15:15:00+02:00,0.148695
2026-04-11T15:30:00+02:00,0.149558
2026-04-11T15:45:00+02:00,0.148523
2026-04-11T16:00:00+02:00,0.148523
2026-04-11T16:15:00+02:00,0.148695
2026-04-11T16:30:00+02:00,0.149903
2026-04-11T16:45:00+02:00,0.148868
2026-04-11T17:00:00+02:00,0.149903
2026-04-11T17:15:00+02:00,0.149385
2026-04-11T17:30:00+02:00,0.150248
2026-04-11T17:45:00+02:00,0.151283
2026-04-11T18:00:00+02:00,0.151973
2026-04-11T18:15:00+02:00,0.15249
2026-04-11T18:30:00+02:00,0.151973
2026-04-11T18:45:00+02:00,0.15249
2026-04-11T19:00:00+02:00,0.151973
2026-04-11T19:15:00+02:00,0.152663
2026-04-11T19:30:00+02:00,0.151283
2026-04-11T19:45:00+02:00,0.151973
2026-04-11T20:00:00+02:00,0.15318
2026-04-11T20:15:00+02:00,0.152663
2026-04-11T20:30:00+02:00,0.153008
2026-04-11T20:45:00+02:00,0.151283
2026-04-11T21:00:00+02:00,0.15249
2026-04-11T21:15:00+02:00,0.15249
2026-04-11T21:30:00+02:00,0.152835
2026-04-11T21:45:00+02:00,0.152663
2026-04-11T22:00:00+02:00,0.15249
2026-04-11T22:15:00+02:00,0.151973
2026-04-11T22:30:00+02:00,0.153698
2026-04-11T22:45:00+02:00,0.152663
2026-04-11T23:00:00+02:00,0.152145
2026-04-11T23:15:00+02:00,0.151973
2026-04-11T23:30:00+02:00,0.151973
2026-04-11T23:45:00+02:00,0.151973
2026-04-12T00:00:00+02:00,0.151886
2026-04-12T00:15:00+02:00,0.14973
2026-04-12T00:30:00+02:00,0.149558
2026-04-12T00:45:00+02:00,0.149213
2026-04-12T01:00:00+02:00,0.149903
2026-04-12T01:15:00+02:00,0.149213
2026-04-12T01:30:00+02:00,0.149903
2026-04-12T01:45:00+02:00,0.150593
2026-04-12T02:00:00+02:00,0.15111
2026-04-12T02:15:00+02:00,0.151628
2026-04-12T02:30:00+02:00,0.1518
2026-04-12T02:45:00+02:00,0.152318
2026-04-12T03:00:00+02:00,0.1518
2026-04-12T03:15:00+02:00,0.15111
2026-04-12T03:30:00+02:00,0.150938
2026-04-12T03:45:00+02:00,0.151283
2026-04-12T04:00:00+02:00,0.152318
2026-04-12T04:15:00+02:00,0.150075
2026-04-12T04:30:00+02:00,0.150938
2026-04-12T04:45:00+02:00,0.151628
2026-04-12T05:00:00+02:00,0.150765
2026-04-12T05:15:00+02:00,0.151283
2026-04-12T05:30:00+02:00,0.15042
2026-04-12T05:45:00+02:00,0.150248
2026-04-12T06:00:00+02:00,0.152145
2026-04-12T06:15:00+02:00,0.150938
2026-04-12T06:30:00+02:00,0.151455
2026-04-12T06:45:00+02:00,0.152145
2026-04-12T07:00:00+02:00,0.150765
2026-04-12T07:15:00+02:00,0.14973
2026-04-12T07:30:00+02:00,0.149385
2026-04-12T07:45:00+02:00,0.150248
2026-04-12T08:00:00+02:00,0.15042
2026-04-12T08:15:00+02:00,0.15042
2026-04-12T08:30:00+02:00,0.150075
2026-04-12T08:45:00+02:00,0.14973
2026-04-12T09:00:00+02:00,0.148523
2026-04-12T09:15:00+02:00,0.149903
2026-04-12T09:30:00+02:00,0.150075
2026-04-12T09:45:00+02:00,0.15111
2026-04-12T10:00:00+02:00,0.15111
2026-04-12T10:15:00+02:00,0.151973
2026-04-12T10:30:00+02:00,0.1518
2026-04-12T10:45:00+02:00,0.150938
2026-04-12T11:00:00+02:00,0.150075
2026-04-12T11:15:00+02:00,0.150765
2026-04-12T11:30:00+02:00,0.1518
2026-04-12T11:45:00+02:00,0.153008
2026-04-12T12:00:00+02:00,0.151455
2026-04-12T12:15:00+02:00,0.150593
2026-04-12T12:30:00+02:00,0.149903
2026-04-12T12:45:00+02:00,0.14973
2026-04-12T13:00:00+02:00,0.149903
2026-04-12T13:15:00+02:00,0.150765
2026-04-12T13:30:00+02:00,0.15042
2026-04-12T13:45:00+02:00,0.15042
2026-04-12T14:00:00+02:00,0.148868
2026-04-12T14:15:00+02:00,0.148868
2026-04-12T14:30:00+02:00,0.152145
2026-04-12T14:45:00+02:00,0.152835
2026-04-12T15:00:00+02:00,0.152835
2026-04-12T15:15:00+02:00,0.153353
2026-04-12T15:30:00+02:00,0.15318
2026-04-12T15:45:00+02:00,0.15318
2026-04-12T16:00:00+02:00,0.153698
2026-04-12T16:15:00+02:00,0.153353
2026-04-12T16:30:00+02:00,0.151628
2026-04-12T16:45:00+02:00,0.149558
2026-04-12T17:00:00+02:00,0.149903
2026-04-12T17:15:00+02:00,0.150593
2026-04-12T17:30:00+02:00,0.1518
2026-04-12T17:45:00+02:00,0.150938
2026-04-12T18:00:00+02:00,0.152145
2026-04-12T18:15:00+02:00,0.152663
2026-04-12T18:30:00+02:00,0.150765
2026-04-12T18:45:00+02:00,0.150248
2026-04-12T19:00:00+02:00,0.15042
2026-04-12T19:15:00+02:00,0.150248
2026-04-12T19:30:00+02:00,0.15249
2026-04-12T19:45:00+02:00,0.151455
2026-04-12T20:00:00+02:00,0.152663
2026-04-12T20:15:00+02:00,0.150593
2026-04-12T20:30:00+02:00,0.15456
2026-04-12T20:45:00+02:00,0.152318
2026-04-12T21:00:00+02:00,0.151455
2026-04-12T21:15:00+02:00,0.151455
2026-04-12T21:30:00+02:00,0.151455
2026-04-12T21:45:00+02:00,0.151628
2026-04-12T22:00:00+02:00,0.151973
2026-04-12T22:15:00+02:00,0.150938
2026-04-12T22:30:00+02:00,0.150765
2026-04-12T22:45:00+02:00,0.150765
2026-04-12T23:00:00+02:00,0.152318
2026-04-12T23:15:00+02:00,0.150593
2026-04-12T23:30:00+02:00,0.1518
2026-04-12T23:45:00+02:00,0.15111
2026-04-13T00:00:00+02:00,0.150765
2026-04-13T00:15:00+02:00,0.14973
2026-04-13T00:30:00+02:00,0.15042
2026-04-13T00:45:00+02:00,0.150075
2026-04-13T01:00:00+02:00,0.150938
2026-04-13T01:15:00+02:00,0.150765
2026-04-13T01:30:00+02:00,0.150248
2026-04-13T01:45:00+02:00,0.149903
2026-04-13T02:00:00+02:00,0.150938
2026-04-13T02:15:00+02:00,0.150938
2026-04-13T02:30:00+02:00,0.150593
2026-04-13T02:45:00+02:00,0.150593
2026-04-13T03:00:00+02:00,0.150938
2026-04-13T03:15:00+02:00,0.151455
2026-04-13T03:30:00+02:00,0.150765
2026-04-13T03:45:00+02:00,0.150075
2026-04-13T04:00:00+02:00,0.15042
2026-04-13T04:15:00+02:00,0.15111
2026-04-13T04:30:00+02:00,0.151628
2026-04-13T04:45:00+02:00,0.150938
2026-04-13T05:00:00+02:00,0.150248
2026-04-13T05:15:00+02:00,0.151886
2026-04-13T05:30:00+02:00,0.152318
2026-04-13T05:45:00+02:00,0.151455
2026-04-13T06:00:00+02:00,0.151455
2026-04-13T06:15:00+02:00,0.15318
2026-04-13T06:30:00+02:00,0.15249
2026-04-13T06:45:00+02:00,0.156458
2026-04-13T07:00:00+02:00,0.1449
2026-04-13T07:15:00+02:00,0.143865
2026-04-13T07:30:00+02:00,0.144037
2026-04-13T07:45:00+02:00,0.143002
2026-04-13T08:00:00+02:00,0.139207
2026-04-13T08:15:00+02:00,0.139035
2026-04-13T08:30:00+02:00,0.139207
2026-04-13T08:45:00+02:00,0.139897
2026-04-13T09:00:00+02:00,0.139725
2026-04-13T09:15:00+02:00,0.165255
2026-04-13T09:30:00+02:00,0.149903
2026-04-13T09:45:00+02:00,0.150765
2026-04-13T10:00:00+02:00,0.150938
2026-04-13T10:15:00+02:00,0.150765
2026-04-13T10:30:00+02:00,0.1518
2026-04-13T10:45:00+02:00,0.150248
2026-04-13T11:00:00+02:00,0.15111
2026-04-13T11:15:00+02:00,0.15111
2026-04-13T11:30:00+02:00,0.150938
2026-04-13T11:45:00+02:00,0.150075
2026-04-13T12:00:00+02:00,0.15042
2026-04-13T12:15:00+02:00,0.150938
2026-04-13T12:30:00+02:00,0.150938
2026-04-13T12:45:00+02:00,0.153008
2026-04-13T13:00:00+02:00,0.151283
2026-04-13T13:15:00+02:00,0.151283
2026-04-13T13:30:00+02:00,0.151369
2026-04-13T13:45:00+02:00,0.151283
2026-04-13T14:00:00+02:00,0.182678
2026-04-13T14:15:00+02:00,0.228908
2026-04-13T14:30:00+02:00,0.235808
2026-04-13T14:45:00+02:00,0.23253
2026-04-13T15:00:00+02:00,0.239948
2026-04-13T15:15:00+02:00,0.235807
2026-04-13T15:30:00+02:00,0.244174
2026-04-13T15:45:00+02:00,0.237533
2026-04-13T16:00:00+02:00,0.252885
2026-04-13T16:15:00+02:00,0.2346
2026-04-13T16:30:00+02:00,0.171638
2026-04-13T16:45:00+02:00,0.225285
2026-04-13T17:00:00+02:00,0.244087
2026-04-13T17:15:00+02:00,0.206569
2026-04-13T17:30:00+02:00,0.226493
2026-04-13T17:45:00+02:00,0.227355
2026-04-13T18:00:00+02:00,0.244778
2026-04-13T18:15:00+02:00,0.18561
2026-04-13T18:30:00+02:00,0.22632
2026-04-13T18:45:00+02:00,0.238481
2026-04-13T19:00:00+02:00,0.226665
2026-04-13T19:15:00+02:00,0.203895
2026-04-13T19:30:00+02:00,0.188025
2026-04-13T19:45:00+02:00,0.225458
2026-04-13T20:00:00+02:00,0.225457
2026-04-13T20:15:00+02:00,0.222353
2026-04-13T20:30:00+02:00,0.22977
2026-04-13T20:45:00+02:00,0.173708
2026-04-13T21:00:00+02:00,0.232358
2026-04-13T21:15:00+02:00,0.22839
2026-04-13T21:30:00+02:00,0.185783
2026-04-13T21:45:00+02:00,0.152059
2026-04-13T22:00:00+02:00,0.214417
2026-04-13T22:15:00+02:00,0.20631
2026-04-13T22:30:00+02:00,0.22425
2026-04-13T22:45:00+02:00,0.222266
2026-04-13T23:00:00+02:00,0.210278
2026-04-13T23:15:00+02:00,0.253747
2026-04-13T23:30:00+02:00,0.221059
2026-04-13T23:45:00+02:00,0.176123
2026-04-14T00:00:00+02:00,0.220283
2026-04-14T00:15:00+02:00,0.24564
2026-04-14T00:30:00+02:00,0.221921
2026-04-14T00:45:00+02:00,0.22425
2026-04-14T01:00:00+02:00,0.231668
2026-04-14T01:15:00+02:00,0.245554
2026-04-14T01:30:00+02:00,0.243225
2026-04-14T01:45:00+02:00,0.239775
2026-04-14T02:00:00+02:00,0.221749
2026-04-14T02:15:00+02:00,0.23667
2026-04-14T02:30:00+02:00,0.239085
2026-04-14T02:45:00+02:00,0.235635
2026-04-14T03:00:00+02:00,0.230805
2026-04-14T03:15:00+02:00,0.237705
2026-04-14T03:30:00+02:00,0.200445
2026-04-14T03:45:00+02:00,0.245812
2026-04-14T04:00:00+02:00,0.21114
2026-04-14T04:15:00+02:00,0.207
2026-04-14T04:30:00+02:00,0.212779
2026-04-14T04:45:00+02:00,0.182333
2026-04-14T05:00:00+02:00,0.223215
2026-04-14T05:15:00+02:00,0.182333
2026-04-14T05:30:00+02:00,0.15456
2026-04-14T05:45:00+02:00,0.150938
2026-04-14T06:00:00+02:00,0.262372
2026-04-14T06:15:00+02:00,0.311017
2026-04-14T06:30:00+02:00,0.303686
2026-04-14T06:45:00+02:00,0.301702
2026-04-14T07:00:00+02:00,0.279968
2026-04-14T07:15:00+02:00,0.293164
2026-04-14T07:30:00+02:00,0.296528
2026-04-14T07:45:00+02:00,0.30084
2026-04-14T08:00:00+02:00,0.294544
2026-04-14T08:15:00+02:00,0.302048
2026-04-14T08:30:00+02:00,0.287385
2026-04-14T08:45:00+02:00,0.293422
2026-04-14T09:00:00+02:00,0.291697
2026-04-14T09:15:00+02:00,0.303169
2026-04-14T09:30:00+02:00,0.293595
2026-04-14T09:45:00+02:00,0.299632
2026-04-14T10:00:00+02:00,0.308344
2026-04-14T10:15:00+02:00,0.307395
2026-04-14T10:30:00+02:00,0.283935
2026-04-14T10:45:00+02:00,0.310414
2026-04-14T11:00:00+02:00,0.325335
2026-04-14T11:15:00+02:00,0.304807
2026-04-14T11:30:00+02:00,0.229252
2026-04-14T11:45:00+02:00,0.22425
2026-04-14T12:00:00+02:00,0.28842
2026-04-14T12:15:00+02:00,0.294544
2026-04-14T12:30:00+02:00,0.325335
2026-04-14T12:45:00+02:00,0.30843
2026-04-14T13:00:00+02:00,0.304894
2026-04-14T13:15:00+02:00,0.25392
2026-04-14T13:30:00+02:00,0.283418
2026-04-14T13:45:00+02:00,0.217177
2026-04-14T14:00:00+02:00,0.27669
2026-04-14T14:15:00+02:00,0.28911
2026-04-14T14:30:00+02:00,0.297476
2026-04-14T14:45:00+02:00,0.313605
2026-04-14T15:00:00+02:00,0.312225
2026-04-14T15:15:00+02:00,0.27462
2026-04-14T15:30:00+02:00,0.296182
2026-04-14T15:45:00+02:00,0.292474
2026-04-14T16:00:00+02:00,0.232012
2026-04-14T16:15:00+02:00,0.298252
2026-04-14T16:30:00+02:00,0.299201
2026-04-14T16:45:00+02:00,0.24081
2026-04-14T17:00:00+02:00,0.282727
2026-04-14T17:15:00+02:00,0.29808
2026-04-14T17:30:00+02:00,0.299115
2026-04-14T17:45:00+02:00,0.309637
2026-04-14T18:00:00+02:00,0.30222
2026-04-14T18:15:00+02:00,0.213383
2026-04-14T18:30:00+02:00,0.30843
2026-04-14T18:45:00+02:00,0.314467
2026-04-14T19:00:00+02:00,0.309982
2026-04-14T19:15:00+02:00,0.286177
2026-04-14T19:30:00+02:00,0.288334
2026-04-14T19:45:00+02:00,0.241327
2026-04-14T20:00:00+02:00,0.277035
2026-04-14T20:15:00+02:00,0.30981
2026-04-14T20:30:00+02:00,0.30084
2026-04-14T20:45:00+02:00,0.276
2026-04-14T21:00:00+02:00,0.256939
2026-04-14T21:15:00+02:00,0.25392
2026-04-14T21:30:00+02:00,0.234255
2026-04-14T21:45:00+02:00,0.215797
2026-04-14T22:00:00+02:00,0.30498
2026-04-14T22:15:00+02:00,0.299977
2026-04-14T22:30:00+02:00,0.308775
2026-04-14T22:45:00+02:00,0.319987
2026-04-14T23:00:00+02:00,0.29739
2026-04-14T23:15:00+02:00,0.296182
2026-04-14T23:30:00+02:00,0.272205
2026-04-14T23:45:00+02:00,0.319125
2026-04-15T00:00:00+02:00,0.328699
2026-04-15T00:15:00+02:00,0.27531
2026-04-15T00:30:00+02:00,0.290145
2026-04-15T00:45:00+02:00,0.314467
2026-04-15T01:00:00+02:00,0.294113
2026-04-15T01:15:00+02:00,0.300322
2026-04-15T01:30:00+02:00,0.301616
2026-04-15T01:45:00+02:00,0.272377
2026-04-15T02:00:00+02:00,0.270135
2026-04-15T02:15:00+02:00,0.299288
2026-04-15T02:30:00+02:00,0.249607
2026-04-15T02:45:00+02:00,0.271688
2026-04-15T03:00:00+02:00,0.314122
2026-04-15T03:15:00+02:00,0.298425
2026-04-15T03:30:00+02:00,0.286177
2026-04-15T03:45:00+02:00,0.298597
2026-04-15T04:00:00+02:00,0.308085
2026-04-15T04:15:00+02:00,0.253575
2026-04-15T04:30:00+02:00,0.317572
2026-04-15T04:45:00+02:00,0.286867
2026-04-15T05:00:00+02:00,0.281175
2026-04-15T05:15:00+02:00,0.283935
2026-04-15T05:30:00+02:00,0.227872
2026-04-15T05:45:00+02:00,0.217005
2026-04-15T06:00:00+02:00,0.290317
2026-04-15T06:15:00+02:00,0.319815
2026-04-15T06:30:00+02:00,0.31257
2026-04-15T06:45:00+02:00,0.303427
2026-04-15T07:00:00+02:00,0.30567
2026-04-15T07:15:00+02:00,0.30498
2026-04-15T07:30:00+02:00,0.303341
2026-04-15T07:45:00+02:00,0.2898
2026-04-15T08:00:00+02:00,0.28359
2026-04-15T08:15:00+02:00,0.293595
2026-04-15T08:30:00+02:00,0.280485
2026-04-15T08:45:00+02:00,0.278588
2026-04-15T09:00:00+02:00,0.272723
2026-04-15T09:15:00+02:00,0.275051
2026-04-15T09:30:00+02:00,0.278588
2026-04-15T09:45:00+02:00,0.21942
2026-04-15T10:00:00+02:00,0.253403
2026-04-15T10:15:00+02:00,0.225199
2026-04-15T10:30:00+02:00,0.28083
2026-04-15T10:45:00+02:00,0.259268
2026-04-15T11:00:00+02:00,0.250643
2026-04-15T11:15:00+02:00,0.25875
2026-04-15T11:30:00+02:00,0.210105
2026-04-15T11:45:00+02:00,0.1587
2026-04-15T12:00:00+02:00,0.2484
2026-04-15T12:15:00+02:00,0.231581
2026-04-15T12:30:00+02:00,0.196132
2026-04-15T12:45:00+02:00,0.279967
2026-04-15T13:00:00+02:00,0.263752
2026-04-15T13:15:00+02:00,0.244778
2026-04-15T13:30:00+02:00,0.23874
2026-04-15T13:45:00+02:00,0.150248
2026-04-15T14:00:00+02:00,0.15042
2026-04-15T14:15:00+02:00,0.170602
2026-04-15T14:30:00+02:00,0.15525
2026-04-15T14:45:00+02:00,0.151628
2026-04-15T15:00:00+02:00,0.177675
2026-04-15T15:15:00+02:00,0.15042
2026-04-15T15:30:00+02:00,0.151714
2026-04-15T15:45:00+02:00,0.175777
2026-04-15T16:00:00+02:00,0.166808
2026-04-15T16:15:00+02:00,0.177158
2026-04-15T16:30:00+02:00,0.15111
2026-04-15T16:45:00+02:00,0.190268
2026-04-15T17:00:00+02:00,0.151283
2026-04-15T17:15:00+02:00,0.188715
2026-04-15T17:30:00+02:00,0.16767
2026-04-15T17:45:00+02:00,0.150765
2026-04-15T18:00:00+02:00,0.199065
2026-04-15T18:15:00+02:00,0.183023
2026-04-15T18:30:00+02:00,0.18147
2026-04-15T18:45:00+02:00,0.195098
2026-04-15T19:00:00+02:00,0.17388
2026-04-15T19:15:00+02:00,0.150593
2026-04-15T19:30:00+02:00,0.157148
2026-04-15T19:45:00+02:00,0.191302
2026-04-15T20:00:00+02:00,0.151283
2026-04-15T20:15:00+02:00,0.191993
2026-04-15T20:30:00+02:00,0.18699
2026-04-15T20:45:00+02:00,0.15111
2026-04-15T21:00:00+02:00,0.178796
2026-04-15T21:15:00+02:00,0.21045
2026-04-15T21:30:00+02:00,0.190957
2026-04-15T21:45:00+02:00,0.21597
2026-04-15T22:00:00+02:00,0.263839
2026-04-15T22:15:00+02:00,0.297045
2026-04-15T22:30:00+02:00,0.29739
2026-04-15T22:45:00+02:00,0.301185
2026-04-15T23:00:00+02:00,0.309983
2026-04-15T23:15:00+02:00,0.299374
2026-04-15T23:30:00+02:00,0.265995
2026-04-15T23:45:00+02:00,0.294285
2026-04-16T00:00:00+02:00,0.281261
2026-04-16T00:15:00+02:00,0.28773
2026-04-16T00:30:00+02:00,0.310586
2026-04-16T00:45:00+02:00,0.31326
2026-04-16T01:00:00+02:00,0.29808
2026-04-16T01:15:00+02:00,0.273671
2026-04-16T01:30:00+02:00,0.305498
2026-04-16T01:45:00+02:00,0.286868
2026-04-16T02:00:00+02:00,0.294544
2026-04-16T02:15:00+02:00,0.262373
2026-04-16T02:30:00+02:00,0.223905
2026-04-16T02:45:00+02:00,0.307826
2026-04-16T03:00:00+02:00,0.283073
2026-04-16T03:15:00+02:00,0.293509
2026-04-16T03:30:00+02:00,0.292215
2026-04-16T03:45:00+02:00,0.294285
2026-04-16T04:00:00+02:00,0.244605
2026-04-16T04:15:00+02:00,0.292732
2026-04-16T04:30:00+02:00,0.234427
2026-04-16T04:45:00+02:00,0.30981
2026-04-16T05:00:00+02:00,0.30912
2026-04-16T05:15:00+02:00,0.272722
2026-04-16T05:30:00+02:00,0.239257
2026-04-16T05:45:00+02:00,0.216142
2026-04-16T06:00:00+02:00,0.277208
2026-04-16T06:15:00+02:00,0.315071
2026-04-16T06:30:00+02:00,0.292215
2026-04-16T06:45:00+02:00,0.317055
2026-04-16T07:00:00+02:00,0.313001
2026-04-16T07:15:00+02:00,0.260475
2026-04-16T07:30:00+02:00,0.286005
2026-04-16T07:45:00+02:00,0.299719
2026-04-16T08:00:00+02:00,0.290663
2026-04-16T08:15:00+02:00,0.270997
2026-04-16T08:30:00+02:00,0.266081
2026-04-16T08:45:00+02:00,0.292042
2026-04-16T09:00:00+02:00,0.306533
2026-04-16T09:15:00+02:00,0.263666
2026-04-16T09:30:00+02:00,0.28911
2026-04-16T09:45:00+02:00,0.27669
2026-04-16T10:00:00+02:00,0.279364
2026-04-16T10:15:00+02:00,0.249262
2026-04-16T10:30:00+02:00,0.257715
2026-04-16T10:45:00+02:00,0.24495
2026-04-16T11:00:00+02:00,0.259267
2026-04-16T11:15:00+02:00,0.214417
2026-04-16T11:30:00+02:00,0.178969
2026-04-16T11:45:00+02:00,0.17043
2026-04-16T12:00:00+02:00,0.260303
2026-04-16T12:15:00+02:00,0.276173
2026-04-16T12:30:00+02:00,0.272895
2026-04-16T12:45:00+02:00,0.28566
2026-04-16T13:00:00+02:00,0.276517
2026-04-16T13:15:00+02:00,0.311276
2026-04-16T13:30:00+02:00,0.21114
2026-04-16T13:45:00+02:00,0.150248
2026-04-16T14:00:00+02:00,0.150938
2026-04-16T14:15:00+02:00,0.151628
2026-04-16T14:30:00+02:00,0.15042
2026-04-16T14:45:00+02:00,0.152145
2026-04-16T15:00:00+02:00,0.152749
2026-04-16T15:15:00+02:00,0.15249
2026-04-16T15:30:00+02:00,0.150765
2026-04-16T15:45:00+02:00,0.1518
2026-04-16T16:00:00+02:00,0.151283
2026-04-16T16:15:00+02:00,0.150248
2026-04-16T16:30:00+02:00,0.151283
2026-04-16T16:45:00+02:00,0.15042
2026-04-16T17:00:00+02:00,0.152145
2026-04-16T17:15:00+02:00,0.152404
2026-04-16T17:30:00+02:00,0.150938
2026-04-16T17:45:00+02:00,0.152318
2026-04-16T18:00:00+02:00,0.151283
2026-04-16T18:15:00+02:00,0.15249
2026-04-16T18:30:00+02:00,0.15111
2026-04-16T18:45:00+02:00,0.151455
2026-04-16T19:00:00+02:00,0.150765
2026-04-16T19:15:00+02:00,0.150765
2026-04-16T19:30:00+02:00,0.150593
2026-04-16T19:45:00+02:00,0.1518
2026-04-16T20:00:00+02:00,0.151973
2026-04-16T20:15:00+02:00,0.151628
2026-04-16T20:30:00+02:00,0.15111
2026-04-16T20:45:00+02:00,0.150765
2026-04-16T21:00:00+02:00,0.151283
2026-04-16T21:15:00+02:00,0.15111
2026-04-16T21:30:00+02:00,0.150938
2026-04-16T21:45:00+02:00,0.151455
2026-04-16T22:00:00+02:00,0.151628
2026-04-16T22:15:00+02:00,0.151455
2026-04-16T22:30:00+02:00,0.151628
2026-04-16T22:45:00+02:00,0.152404
2026-04-16T23:00:00+02:00,0.1518
2026-04-16T23:15:00+02:00,0.152318
2026-04-16T23:30:00+02:00,0.153353
2026-04-16T23:45:00+02:00,0.152145
2026-04-17T00:00:00+02:00,0.15318
2026-04-17T00:15:00+02:00,0.1518
2026-04-17T00:30:00+02:00,0.152145
2026-04-17T00:45:00+02:00,0.152145
2026-04-17T01:00:00+02:00,0.152145
2026-04-17T01:15:00+02:00,0.151628
2026-04-17T01:30:00+02:00,0.150765
2026-04-17T01:45:00+02:00,0.1518
2026-04-17T02:00:00+02:00,0.150765
2026-04-17T02:15:00+02:00,0.151973
2026-04-17T02:30:00+02:00,0.152145
2026-04-17T02:45:00+02:00,0.15111
2026-04-17T03:00:00+02:00,0.152404
2026-04-17T03:15:00+02:00,0.151973
2026-04-17T03:30:00+02:00,0.15111
2026-04-17T03:45:00+02:00,0.151283
2026-04-17T04:00:00+02:00,0.151628
2026-04-17T04:15:00+02:00,0.150765
2026-04-17T04:30:00+02:00,0.150938
2026-04-17T04:45:00+02:00,0.1518
2026-04-17T05:00:00+02:00,0.150593
2026-04-17T05:15:00+02:00,0.150938
2026-04-17T05:30:00+02:00,0.151283
2026-04-17T05:45:00+02:00,0.151628
2026-04-17T06:00:00+02:00,0.1518
2026-04-17T06:15:00+02:00,0.150938
2026-04-17T06:30:00+02:00,0.15042
2026-04-17T06:45:00+02:00,0.15111
2026-04-17T07:00:00+02:00,0.150593
2026-04-17T07:15:00+02:00,0.15111
2026-04-17T07:30:00+02:00,0.150938
2026-04-17T07:45:00+02:00,0.1518
2026-04-17T08:00:00+02:00,0.151628
2026-04-17T08:15:00+02:00,0.152835
2026-04-17T08:30:00+02:00,0.15249
2026-04-17T08:45:00+02:00,0.151283
2026-04-17T09:00:00+02:00,0.151714
2026-04-17T09:15:00+02:00,0.1518
2026-04-17T09:30:00+02:00,0.150938
2026-04-17T09:45:00+02:00,0.151283
2026-04-17T10:00:00+02:00,0.152145
2026-04-17T10:15:00+02:00,0.152663
2026-04-17T10:30:00+02:00,0.150765
2026-04-17T10:45:00+02:00,0.152318
2026-04-17T11:00:00+02:00,0.150765
2026-04-17T11:15:00+02:00,0.150938
2026-04-17T11:30:00+02:00,0.150765
2026-04-17T11:45:00+02:00,0.15042
2026-04-17T12:00:00+02:00,0.149903
2026-04-17T12:15:00+02:00,0.150938
2026-04-17T12:30:00+02:00,0.15111
2026-04-17T12:45:00+02:00,0.15111
2026-04-17T13:00:00+02:00,0.150075
2026-04-17T13:15:00+02:00,0.1518
2026-04-17T13:30:00+02:00,0.152318
2026-04-17T13:45:00+02:00,0.151628
2026-04-17T14:00:00+02:00,0.149385
2026-04-17T14:15:00+02:00,0.1518
2026-04-17T14:30:00+02:00,0.151628
2026-04-17T14:45:00+02:00,0.15111
2026-04-17T15:00:00+02:00,0.151455
2026-04-17T15:15:00+02:00,0.152404
2026-04-17T15:30:00+02:00,0.151283
2026-04-17T15:45:00+02:00,0.15249
2026-04-17T16:00:00+02:00,0.150593
2026-04-17T16:15:00+02:00,0.151283
2026-04-17T16:30:00+02:00,0.15111
2026-04-17T16:45:00+02:00,0.15042
2026-04-17T17:00:00+02:00,0.15042
2026-04-17T17:15:00+02:00,0.151283
2026-04-17T17:30:00+02:00,0.150765
2026-04-17T17:45:00+02:00,0.150938
2026-04-17T18:00:00+02:00,0.152318
2026-04-17T18:15:00+02:00,0.151973
2026-04-17T18:30:00+02:00,0.152145
2026-04-17T18:45:00+02:00,0.152145
2026-04-17T19:00:00+02:00,0.151541
2026-04-17T19:15:00+02:00,0.151628
2026-04-17T19:30:00+02:00,0.152145
2026-04-17T19:45:00+02:00,0.15111
2026-04-17T20:00:00+02:00,0.150765
2026-04-17T20:15:00+02:00,0.151628
2026-04-17T20:30:00+02:00,0.151455
2026-04-17T20:45:00+02:00,0.152663
2026-04-17T21:00:00+02:00,0.152835
2026-04-17T21:15:00+02:00,0.15318
2026-04-17T21:30:00+02:00,0.152835
2026-04-17T21:45:00+02:00,0.151628
2026-04-17T22:00:00+02:00,0.147143
2026-04-17T22:15:00+02:00,0.146625
2026-04-17T22:30:00+02:00,0.14835
2026-04-17T22:45:00+02:00,0.15042
2026-04-17T23:00:00+02:00,0.151455
2026-04-17T23:15:00+02:00,0.146798
2026-04-17T23:30:00+02:00,0.147833
2026-04-17T23:45:00+02:00,0.14766
2026-04-18T00:00:00+02:00,0.147401
2026-04-18T00:15:00+02:00,0.149213
2026-04-18T00:30:00+02:00,0.148005
2026-04-18T00:45:00+02:00,0.146453
2026-04-18T01:00:00+02:00,0.147143
2026-04-18T01:15:00+02:00,0.149558
2026-04-18T01:30:00+02:00,0.148178
2026-04-18T01:45:00+02:00,0.149903
2026-04-18T02:00:00+02:00,0.14835
2026-04-18T02:15:00+02:00,0.148178
2026-04-18T02:30:00+02:00,0.150248
2026-04-18T02:45:00+02:00,0.148523
2026-04-18T03:00:00+02:00,0.148523
2026-04-18T03:15:00+02:00,0.147833
2026-04-18T03:30:00+02:00,0.148868
2026-04-18T03:45:00+02:00,0.148523
2026-04-18T04:00:00+02:00,0.14697
2026-04-18T04:15:00+02:00,0.144555
2026-04-18T04:30:00+02:00,0.145073
2026-04-18T04:45:00+02:00,0.148005
2026-04-18T05:00:00+02:00,0.148695
2026-04-18T05:15:00+02:00,0.149213
2026-04-18T05:30:00+02:00,0.148868
2026-04-18T05:45:00+02:00,0.150593
2026-04-18T06:00:00+02:00,0.150765
2026-04-18T06:15:00+02:00,0.149213
2026-04-18T06:30:00+02:00,0.148868
2026-04-18T06:45:00+02:00,0.151283
2026-04-18T07:00:00+02:00,0.14973
2026-04-18T07:15:00+02:00,0.150075
2026-04-18T07:30:00+02:00,0.150248
2026-04-18T07:45:00+02:00,0.149903
2026-04-18T08:00:00+02:00,0.148005
2026-04-18T08:15:00+02:00,0.149558
2026-04-18T08:30:00+02:00,0.150593
2026-04-18T08:45:00+02:00,0.150248
2026-04-18T09:00:00+02:00,0.149213
2026-04-18T09:15:00+02:00,0.150075
2026-04-18T09:30:00+02:00,0.149213
2026-04-18T09:45:00+02:00,0.149903
2026-04-18T10:00:00+02:00,0.148523
2026-04-18T10:15:00+02:00,0.150938
2026-04-18T10:30:00+02:00,0.148695
2026-04-18T10:45:00+02:00,0.148868
2026-04-18T11:00:00+02:00,0.147315
2026-04-18T11:15:00+02:00,0.147143
2026-04-18T11:30:00+02:00,0.146798
2026-04-18T11:45:00+02:00,0.146453
2026-04-18T12:00:00+02:00,0.147143
2026-04-18T12:15:00+02:00,0.147315
2026-04-18T12:30:00+02:00,0.14835
2026-04-18T12:45:00+02:00,0.147143
2026-04-18T13:00:00+02:00,0.146108
2026-04-18T13:15:00+02:00,0.147315
2026-04-18T13:30:00+02:00,0.147143
2026-04-18T13:45:00+02:00,0.148005
2026-04-18T14:00:00+02:00,0.145763
2026-04-18T14:15:00+02:00,0.148005
2026-04-18T14:30:00+02:00,0.14697
2026-04-18T14:45:00+02:00,0.14628
2026-04-18T15:00:00+02:00,0.146453
2026-04-18T15:15:00+02:00,0.144728
2026-04-18T15:30:00+02:00,0.14559
2026-04-18T15:45:00+02:00,0.146798
2026-04-18T16:00:00+02:00,0.146366
2026-04-18T16:15:00+02:00,0.147488
2026-04-18T16:30:00+02:00,0.14697
2026-04-18T16:45:00+02:00,0.146108
2026-04-18T17:00:00+02:00,0.14559
2026-04-18T17:15:00+02:00,0.147488
2026-04-18T17:30:00+02:00,0.145245
2026-04-18T17:45:00+02:00,0.14421
2026-04-18T18:00:00+02:00,0.147488
2026-04-18T18:15:00+02:00,0.151973
2026-04-18T18:30:00+02:00,0.15249
2026-04-18T18:45:00+02:00,0.150075
2026-04-18T19:00:00+02:00,0.147315
2026-04-18T19:15:00+02:00,0.148695
2026-04-18T19:30:00+02:00,0.148695
2026-04-18T19:45:00+02:00,0.147833
2026-04-18T20:00:00+02:00,0.149558
2026-04-18T20:15:00+02:00,0.147833
2026-04-18T20:30:00+02:00,0.149213
2026-04-18T20:45:00+02:00,0.14697
2026-04-18T21:00:00+02:00,0.14835
2026-04-18T21:15:00+02:00,0.150938
2026-04-18T21:30:00+02:00,0.148523
2026-04-18T21:45:00+02:00,0.14904
2026-04-18T22:00:00+02:00,0.147574
2026-04-18T22:15:00+02:00,0.148005
2026-04-18T22:30:00+02:00,0.14835
2026-04-18T22:45:00+02:00,0.147315
2026-04-18T23:00:00+02:00,0.145245
2026-04-18T23:15:00+02:00,0.147488
2026-04-18T23:30:00+02:00,0.148005
2026-04-18T23:45:00+02:00,0.146798
2026-04-19T00:00:00+02:00,0.149558
2026-04-19T00:15:00+02:00,0.149558
2026-04-19T00:30:00+02:00,0.14904
2026-04-19T00:45:00+02:00,0.14973
2026-04-19T01:00:00+02:00,0.14973
2026-04-19T01:15:00+02:00,0.149989
2026-04-19T01:30:00+02:00,0.148523
2026-04-19T01:45:00+02:00,0.15042
2026-04-19T02:00:00+02:00,0.147833
2026-04-19T02:15:00+02:00,0.1518
2026-04-19T02:30:00+02:00,0.152663
2026-04-19T02:45:00+02:00,0.15111
2026-04-19T03:00:00+02:00,0.148523
2026-04-19T03:15:00+02:00,0.150938
2026-04-19T03:30:00+02:00,0.151283
2026-04-19T03:45:00+02:00,0.151455
2026-04-19T04:00:00+02:00,0.1518
2026-04-19T04:15:00+02:00,0.150938
2026-04-19T04:30:00+02:00,0.1518
2026-04-19T04:45:00+02:00,0.15111
2026-04-19T05:00:00+02:00,0.150248
2026-04-19T05:15:00+02:00,0.14904
2026-04-19T05:30:00+02:00,0.148005
2026-04-19T05:45:00+02:00,0.149385
2026-04-19T06:00:00+02:00,0.149903
2026-04-19T06:15:00+02:00,0.151283
2026-04-19T06:30:00+02:00,0.152145
2026-04-19T06:45:00+02:00,0.151455
2026-04-19T07:00:00+02:00,0.14973
2026-04-19T07:15:00+02:00,0.149385
2026-04-19T07:30:00+02:00,0.149213
2026-04-19T07:45:00+02:00,0.150938
2026-04-19T08:00:00+02:00,0.150765
2026-04-19T08:15:00+02:00,0.149385
2026-04-19T08:30:00+02:00,0.14973
2026-04-19T08:45:00+02:00,0.147833
2026-04-19T09:00:00+02:00,0.148868
2026-04-19T09:15:00+02:00,0.149385
2026-04-19T09:30:00+02:00,0.14628
2026-04-19T09:45:00+02:00,0.148178
2026-04-19T10:00:00+02:00,0.150248
2026-04-19T10:15:00+02:00,0.149385
2026-04-19T10:30:00+02:00,0.14835
2026-04-19T10:45:00+02:00,0.14766
2026-04-19T11:00:00+02:00,0.147143
2026-04-19T11:15:00+02:00,0.14835
2026-04-19T11:30:00+02:00,0.14904
2026-04-19T11:45:00+02:00,0.149213
2026-04-19T12:00:00+02:00,0.148523
2026-04-19T12:15:00+02:00,0.148523
2026-04-19T12:30:00+02:00,0.14697
2026-04-19T12:45:00+02:00,0.14835
2026-04-19T13:00:00+02:00,0.146625
2026-04-19T13:15:00+02:00,0.146108
2026-04-19T13:30:00+02:00,0.14766
2026-04-19T13:45:00+02:00,0.148695
2026-04-19T14:00:00+02:00,0.146453
2026-04-19T14:15:00+02:00,0.147143
2026-04-19T14:30:00+02:00,0.145418
2026-04-19T14:45:00+02:00,0.146108
2026-04-19T15:00:00+02:00,0.145072
2026-04-19T15:15:00+02:00,0.144555
2026-04-19T15:30:00+02:00,0.14697
2026-04-19T15:45:00+02:00,0.146453
2026-04-19T16:00:00+02:00,0.146625
2026-04-19T16:15:00+02:00,0.146108
2026-04-19T16:30:00+02:00,0.146366
2026-04-19T16:45:00+02:00,0.145762
2026-04-19T17:00:00+02:00,0.145935
2026-04-19T17:15:00+02:00,0.146108
2026-04-19T17:30:00+02:00,0.145245
2026-04-19T17:45:00+02:00,0.145763
2026-04-19T18:00:00+02:00,0.14697
2026-04-19T18:15:00+02:00,0.146453
2026-04-19T18:30:00+02:00,0.146625
2026-04-19T18:45:00+02:00,0.144727
2026-04-19T19:00:00+02:00,0.145763
2026-04-19T19:15:00+02:00,0.146108
2026-04-19T19:30:00+02:00,0.146108
2026-04-19T19:45:00+02:00,0.14697
2026-04-19T20:00:00+02:00,0.147488
2026-04-19T20:15:00+02:00,0.14766
2026-04-19T20:30:00+02:00,0.148178
2026-04-19T20:45:00+02:00,0.14559
2026-04-19T21:00:00+02:00,0.148178
2026-04-19T21:15:00+02:00,0.148523
2026-04-19T21:30:00+02:00,0.14904
2026-04-19T21:45:00+02:00,0.149213
2026-04-19T22:00:00+02:00,0.150938
2026-04-19T22:15:00+02:00,0.150593
2026-04-19T22:30:00+02:00,0.150593
2026-04-19T22:45:00+02:00,0.150593
2026-04-19T23:00:00+02:00,0.15111
2026-04-19T23:15:00+02:00,0.15111
2026-04-19T23:30:00+02:00,0.149385
2026-04-19T23:45:00+02:00,0.149213
2026-04-20T00:00:00+02:00,0.149558
2026-04-20T00:15:00+02:00,0.149558
2026-04-20T00:30:00+02:00,0.149385
2026-04-20T00:45:00+02:00,0.151886
2026-04-20T01:00:00+02:00,0.15042
2026-04-20T01:15:00+02:00,0.15042
2026-04-20T01:30:00+02:00,0.151973
2026-04-20T01:45:00+02:00,0.150765
2026-04-20T02:00:00+02:00,0.151973
2026-04-20T02:15:00+02:00,0.151455
2026-04-20T02:30:00+02:00,0.150248
2026-04-20T02:45:00+02:00,0.151628
2026-04-20T03:00:00+02:00,0.151455
2026-04-20T03:15:00+02:00,0.150248
2026-04-20T03:30:00+02:00,0.150075
2026-04-20T03:45:00+02:00,0.152663
2026-04-20T04:00:00+02:00,0.152835
2026-04-20T04:15:00+02:00,0.150075
2026-04-20T04:30:00+02:00,0.149903
2026-04-20T04:45:00+02:00,0.151455
2026-04-20T05:00:00+02:00,0.153698
2026-04-20T05:15:00+02:00,0.152145
2026-04-20T05:30:00+02:00,0.15249
2026-04-20T05:45:00+02:00,0.152318
2026-04-20T06:00:00+02:00,0.15249
2026-04-20T06:15:00+02:00,0.152576
2026-04-20T06:30:00+02:00,0.151628
2026-04-20T06:45:00+02:00,0.152145
2026-04-20T07:00:00+02:00,0.152145
2026-04-20T07:15:00+02:00,0.151283
2026-04-20T07:30:00+02:00,0.152145
2026-04-20T07:45:00+02:00,0.152145
2026-04-20T08:00:00+02:00,0.150938
2026-04-20T08:15:00+02:00,0.151973
2026-04-20T08:30:00+02:00,0.151455
2026-04-20T08:45:00+02:00,0.150938
2026-04-20T09:00:00+02:00,0.150938
2026-04-20T09:15:00+02:00,0.151455
2026-04-20T09:30:00+02:00,0.151283
2026-04-20T09:45:00+02:00,0.15111
2026-04-20T10:00:00+02:00,0.1518
2026-04-20T10:15:00+02:00,0.151628
2026-04-20T10:30:00+02:00,0.150938
2026-04-20T10:45:00+02:00,0.151973
2026-04-20T11:00:00+02:00,0.15111
2026-04-20T11:15:00+02:00,0.151283
2026-04-20T11:30:00+02:00,0.151455
2026-04-20T11:45:00+02:00,0.151886
2026-04-20T12:00:00+02:00,0.1518
2026-04-20T12:15:00+02:00,0.150248
2026-04-20T12:30:00+02:00,0.151455
2026-04-20T12:45:00+02:00,0.150075
2026-04-20T13:00:00+02:00,0.15111
2026-04-20T13:15:00+02:00,0.150593
2026-04-20T13:30:00+02:00,0.15111
2026-04-20T13:45:00+02:00,0.151628
2026-04-20T14:00:00+02:00,0.151628
2026-04-20T14:15:00+02:00,0.151628
2026-04-20T14:30:00+02:00,0.150593
2026-04-20T14:45:00+02:00,0.151283
2026-04-20T15:00:00+02:00,0.150938
2026-04-20T15:15:00+02:00,0.151283
2026-04-20T15:30:00+02:00,0.150938
2026-04-20T15:45:00+02:00,0.150938
2026-04-20T16:00:00+02:00,0.151973
2026-04-20T16:15:00+02:00,0.151196
2026-04-20T16:30:00+02:00,0.150075
2026-04-20T16:45:00+02:00,0.15111
2026-04-20T17:00:00+02:00,0.151455
2026-04-20T17:15:00+02:00,0.151455
2026-04-20T17:30:00+02:00,0.151973
2026-04-20T17:45:00+02:00,0.150765
2026-04-20T18:00:00+02:00,0.151973
2026-04-20T18:15:00+02:00,0.150938
2026-04-20T18:30:00+02:00,0.151628
2026-04-20T18:45:00+02:00,0.151455
2026-04-20T19:00:00+02:00,0.150765
2026-04-20T19:15:00+02:00,0.151628
2026-04-20T19:30:00+02:00,0.151628
2026-04-20T19:45:00+02:00,0.150938
2026-04-20T20:00:00+02:00,0.151455
2026-04-20T20:15:00+02:00,0.151455
2026-04-20T20:30:00+02:00,0.151973
2026-04-20T20:45:00+02:00,0.151973
2026-04-20T21:00:00+02:00,0.152145
2026-04-20T21:15:00+02:00,0.152145
2026-04-20T21:30:00+02:00,0.150938
2026-04-20T21:45:00+02:00,0.197685
2026-04-20T22:00:00+02:00,0.268065
2026-04-20T22:15:00+02:00,0.301702
2026-04-20T22:30:00+02:00,0.301271
2026-04-20T22:45:00+02:00,0.262718
2026-04-20T23:00:00+02:00,0.312225
2026-04-20T23:15:00+02:00,0.305929
2026-04-20T23:30:00+02:00,0.30567
2026-04-20T23:45:00+02:00,0.31395
2026-04-21T00:00:00+02:00,0.292819
2026-04-21T00:15:00+02:00,0.29877
2026-04-21T00:30:00+02:00,0.300409
2026-04-21T00:45:00+02:00,0.287558
2026-04-21T01:00:00+02:00,0.295838
2026-04-21T01:15:00+02:00,0.286609
2026-04-21T01:30:00+02:00,0.296528
2026-04-21T01:45:00+02:00,0.287212
2026-04-21T02:00:00+02:00,0.298339
2026-04-21T02:15:00+02:00,0.290145
2026-04-21T02:30:00+02:00,0.297217
2026-04-21T02:45:00+02:00,0.25047
2026-04-21T03:00:00+02:00,0.274534
2026-04-21T03:15:00+02:00,0.315157
2026-04-21T03:30:00+02:00,0.238567
2026-04-21T03:45:00+02:00,0.209932
2026-04-21T04:00:00+02:00,0.288247
2026-04-21T04:15:00+02:00,0.297735
2026-04-21T04:30:00+02:00,0.30705
2026-04-21T04:45:00+02:00,0.312742
2026-04-21T05:00:00+02:00,0.3036
2026-04-21T05:15:00+02:00,0.301789
2026-04-21T05:30:00+02:00,0.249435
2026-04-21T05:45:00+02:00,0.159218
2026-04-21T06:00:00+02:00,0.150593
2026-04-21T06:15:00+02:00,0.151628
2026-04-21T06:30:00+02:00,0.150593
2026-04-21T06:45:00+02:00,0.150593
2026-04-21T07:00:00+02:00,0.150248
2026-04-21T07:15:00+02:00,0.14973
2026-04-21T07:30:00+02:00,0.151628
2026-04-21T07:45:00+02:00,0.151455
2026-04-21T08:00:00+02:00,0.15042
2026-04-21T08:15:00+02:00,0.151283
2026-04-21T08:30:00+02:00,0.150938
2026-04-21T08:45:00+02:00,0.150593
2026-04-21T09:00:00+02:00,0.15042
2026-04-21T09:15:00+02:00,0.150075
2026-04-21T09:30:00+02:00,0.15042
2026-04-21T09:45:00+02:00,0.150938
2026-04-21T10:00:00+02:00,0.151886
2026-04-21T10:15:00+02:00,0.150938
2026-04-21T10:30:00+02:00,0.151628
2026-04-21T10:45:00+02:00,0.150248
2026-04-21T11:00:00+02:00,0.151455
2026-04-21T11:15:00+02:00,0.15111
2026-04-21T11:30:00+02:00,0.151455
2026-04-21T11:45:00+02:00,0.15042
2026-04-21T12:00:00+02:00,0.15111
2026-04-21T12:15:00+02:00,0.150765
2026-04-21T12:30:00+02:00,0.15111
2026-04-21T12:45:00+02:00,0.151455
2026-04-21T13:00:00+02:00,0.150593
2026-04-21T13:15:00+02:00,0.150593
2026-04-21T13:30:00+02:00,0.150765
2026-04-21T13:45:00+02:00,0.150765
2026-04-21T14:00:00+02:00,0.151973
2026-04-21T14:15:00+02:00,0.152663
2026-04-21T14:30:00+02:00,0.151628
2026-04-21T14:45:00+02:00,0.151628
2026-04-21T15:00:00+02:00,0.15111
2026-04-21T15:15:00+02:00,0.151973
2026-04-21T15:30:00+02:00,0.1518
2026-04-21T15:45:00+02:00,0.150248
2026-04-21T16:00:00+02:00,0.150938
2026-04-21T16:15:00+02:00,0.150765
2026-04-21T16:30:00+02:00,0.150938
2026-04-21T16:45:00+02:00,0.151973
2026-04-21T17:00:00+02:00,0.152318
2026-04-21T17:15:00+02:00,0.1518
2026-04-21T17:30:00+02:00,0.15111
2026-04-21T17:45:00+02:00,0.150593
2026-04-21T18:00:00+02:00,0.151283
2026-04-21T18:15:00+02:00,0.151455
2026-04-21T18:30:00+02:00,0.15249
2026-04-21T18:45:00+02:00,0.151628
2026-04-21T19:00:00+02:00,0.1518
2026-04-21T19:15:00+02:00,0.1518
2026-04-21T19:30:00+02:00,0.151455
2026-04-21T19:45:00+02:00,0.151369
2026-04-21T20:00:00+02:00,0.1518
2026-04-21T20:15:00+02:00,0.151283
2026-04-21T20:30:00+02:00,0.151455
2026-04-21T20:45:00+02:00,0.1518
2026-04-21T21:00:00+02:00,0.150938
2026-04-21T21:15:00+02:00,0.150938
2026-04-21T21:30:00+02:00,0.156113
2026-04-21T21:45:00+02:00,0.21804
2026-04-21T22:00:00+02:00,0.297217
2026-04-21T22:15:00+02:00,0.319298
2026-04-21T22:30:00+02:00,0.297994
2026-04-21T22:45:00+02:00,0.30981
2026-04-21T23:00:00+02:00,0.309379
2026-04-21T23:15:00+02:00,0.295147
2026-04-21T23:30:00+02:00,0.301875
2026-04-21T23:45:00+02:00,0.321626
2026-04-22T00:00:00+02:00,0.30774
2026-04-22T00:15:00+02:00,0.301616
2026-04-22T00:30:00+02:00,0.292733
2026-04-22T00:45:00+02:00,0.318607
2026-04-22T01:00:00+02:00,0.305066
2026-04-22T01:15:00+02:00,0.303427
2026-04-22T01:30:00+02:00,0.27669
2026-04-22T01:45:00+02:00,0.284711
2026-04-22T02:00:00+02:00,0.301702
2026-04-22T02:15:00+02:00,0.309551
2026-04-22T02:30:00+02:00,0.298597
2026-04-22T02:45:00+02:00,0.308258
2026-04-22T03:00:00+02:00,0.301616
2026-04-22T03:15:00+02:00,0.30153
2026-04-22T03:30:00+02:00,0.215107
2026-04-22T03:45:00+02:00,0.200273
2026-04-22T04:00:00+02:00,0.318263
2026-04-22T04:15:00+02:00,0.268755
2026-04-22T04:30:00+02:00,0.317917
2026-04-22T04:45:00+02:00,0.318866
2026-04-22T05:00:00+02:00,0.298597
2026-04-22T05:15:00+02:00,0.2829
2026-04-22T05:30:00+02:00,0.294975
2026-04-22T05:45:00+02:00,0.217177
2026-04-22T06:00:00+02:00,0.202688
2026-04-22T06:15:00+02:00,0.242535
2026-04-22T06:30:00+02:00,0.246502
2026-04-22T06:45:00+02:00,0.234773
2026-04-22T07:00:00+02:00,0.249435
2026-04-22T07:15:00+02:00,0.242621
2026-04-22T07:30:00+02:00,0.25392
2026-04-22T07:45:00+02:00,0.227873
2026-04-22T08:00:00+02:00,0.236153
2026-04-22T08:15:00+02:00,0.218558
2026-04-22T08:30:00+02:00,0.208553
2026-04-22T08:45:00+02:00,0.200445
2026-04-22T09:00:00+02:00,0.228908
2026-04-22T09:15:00+02:00,0.176985
2026-04-22T09:30:00+02:00,0.23322
2026-04-22T09:45:00+02:00,0.228563
2026-04-22T10:00:00+02:00,0.233048
2026-04-22T10:15:00+02:00,0.18078
2026-04-22T10:30:00+02:00,0.15111
2026-04-22T10:45:00+02:00,0.19458
2026-04-22T11:00:00+02:00,0.234773
2026-04-22T11:15:00+02:00,0.232012
2026-04-22T11:30:00+02:00,0.236325
2026-04-22T11:45:00+02:00,0.225285
2026-04-22T12:00:00+02:00,0.197771
2026-04-22T12:15:00+02:00,0.229597
2026-04-22T12:30:00+02:00,0.22563
2026-04-22T12:45:00+02:00,0.230633
2026-04-22T13:00:00+02:00,0.202774
2026-04-22T13:15:00+02:00,0.210623
2026-04-22T13:30:00+02:00,0.19734
2026-04-22T13:45:00+02:00,0.150938
2026-04-22T14:00:00+02:00,0.18837
2026-04-22T14:15:00+02:00,0.177071
2026-04-22T14:30:00+02:00,0.165255
2026-04-22T14:45:00+02:00,0.156975
2026-04-22T15:00:00+02:00,0.159563
2026-04-22T15:15:00+02:00,0.15525
2026-04-22T15:30:00+02:00,0.155336
2026-04-22T15:45:00+02:00,0.202515
2026-04-22T16:00:00+02:00,0.207345
2026-04-22T16:15:00+02:00,0.217695
2026-04-22T16:30:00+02:00,0.21045
2026-04-22T16:45:00+02:00,0.219593
2026-04-22T17:00:00+02:00,0.217695
2026-04-22T17:15:00+02:00,0.241672
2026-04-22T17:30:00+02:00,0.232875
2026-04-22T17:45:00+02:00,0.21735
2026-04-22T18:00:00+02:00,0.232358
2026-04-22T18:15:00+02:00,0.19527
2026-04-22T18:30:00+02:00,0.220627
2026-04-22T18:45:00+02:00,0.182333
2026-04-22T19:00:00+02:00,0.151455
2026-04-22T19:15:00+02:00,0.20424
2026-04-22T19:30:00+02:00,0.20631
2026-04-22T19:45:00+02:00,0.222784
2026-04-22T20:00:00+02:00,0.221663
2026-04-22T20:15:00+02:00,0.176468
2026-04-22T20:30:00+02:00,0.221835
2026-04-22T20:45:00+02:00,0.210881
2026-04-22T21:00:00+02:00,0.226838
2026-04-22T21:15:00+02:00,0.233565
2026-04-22T21:30:00+02:00,0.218385
2026-04-22T21:45:00+02:00,0.152145
2026-04-22T22:00:00+02:00,0.216488
2026-04-22T22:15:00+02:00,0.237964
2026-04-22T22:30:00+02:00,0.241155
2026-04-22T22:45:00+02:00,0.17112
2026-04-22T23:00:00+02:00,0.19113
2026-04-22T23:15:00+02:00,0.225113
2026-04-22T23:30:00+02:00,0.250297
2026-04-22T23:45:00+02:00,0.237015
2026-04-23T00:00:00+02:00,0.24357
2026-04-23T00:15:00+02:00,0.21666
2026-04-23T00:30:00+02:00,0.260475
2026-04-23T00:45:00+02:00,0.243139
2026-04-23T01:00:00+02:00,0.234428
2026-04-23T01:15:00+02:00,0.25116
2026-04-23T01:30:00+02:00,0.173535
2026-04-23T01:45:00+02:00,0.252368
2026-04-23T02:00:00+02:00,0.234427
2026-04-23T02:15:00+02:00,0.247192
2026-04-23T02:30:00+02:00,0.244605
2026-04-23T02:45:00+02:00,0.24564
2026-04-23T03:00:00+02:00,0.25323
2026-04-23T03:15:00+02:00,0.253575
2026-04-23T03:30:00+02:00,0.15249
2026-04-23T03:45:00+02:00,0.18699
2026-04-23T04:00:00+02:00,0.195098
2026-04-23T04:15:00+02:00,0.23874
2026-04-23T04:30:00+02:00,0.242708
2026-04-23T04:45:00+02:00,0.241845
2026-04-23T05:00:00+02:00,0.180953
2026-04-23T05:15:00+02:00,0.238395
2026-04-23T05:30:00+02:00,0.22839
2026-04-23T05:45:00+02:00,0.150593
2026-04-23T06:00:00+02:00,0.15111
2026-04-23T06:15:00+02:00,0.151455
2026-04-23T06:30:00+02:00,0.149903
2026-04-23T06:45:00+02:00,0.151283
2026-04-23T07:00:00+02:00,0.150075
2026-04-23T07:15:00+02:00,0.150938
2026-04-23T07:30:00+02:00,0.15111
2026-04-23T07:45:00+02:00,0.15525
2026-04-23T08:00:00+02:00,0.145417
2026-04-23T08:15:00+02:00,0.143692
2026-04-23T08:30:00+02:00,0.14628
2026-04-23T08:45:00+02:00,0.143175
2026-04-23T09:00:00+02:00,0.15111
2026-04-23T09:15:00+02:00,0.15111
2026-04-23T09:30:00+02:00,0.152835
2026-04-23T09:45:00+02:00,0.15042
2026-04-23T10:00:00+02:00,0.149903
2026-04-23T10:15:00+02:00,0.152318
2026-04-23T10:30:00+02:00,0.150248
2026-04-23T10:45:00+02:00,0.150938
2026-04-23T11:00:00+02:00,0.150593
2026-04-23T11:15:00+02:00,0.149903
2026-04-23T11:30:00+02:00,0.14973
2026-04-23T11:45:00+02:00,0.148695
2026-04-23T12:00:00+02:00,0.149385
2026-04-23T12:15:00+02:00,0.148523
2026-04-23T12:30:00+02:00,0.15042
2026-04-23T12:45:00+02:00,0.15042
2026-04-23T13:00:00+02:00,0.14973
2026-04-23T13:15:00+02:00,0.150593
2026-04-23T13:30:00+02:00,0.150248
2026-04-23T13:45:00+02:00,0.150593
2026-04-23T14:00:00+02:00,0.200445
2026-04-23T14:15:00+02:00,0.198548
2026-04-23T14:30:00+02:00,0.2277
2026-04-23T14:45:00+02:00,0.242708
2026-04-23T15:00:00+02:00,0.242621
2026-04-23T15:15:00+02:00,0.240465
2026-04-23T15:30:00+02:00,0.234773
2026-04-23T15:45:00+02:00,0.18906
2026-04-23T16:00:00+02:00,0.229856
2026-04-23T16:15:00+02:00,0.216143
2026-04-23T16:30:00+02:00,0.230632
2026-04-23T16:45:00+02:00,0.235462
2026-04-23T17:00:00+02:00,0.212175
2026-04-23T17:15:00+02:00,0.233393
2026-04-23T17:30:00+02:00,0.23598
2026-04-23T17:45:00+02:00,0.204757
2026-04-23T18:00:00+02:00,0.220628
2026-04-23T18:15:00+02:00,0.248227
2026-04-23T18:30:00+02:00,0.248314
2026-04-23T18:45:00+02:00,0.239775
2026-04-23T19:00:00+02:00,0.211657
2026-04-23T19:15:00+02:00,0.216142
2026-04-23T19:30:00+02:00,0.210709
2026-04-23T19:45:00+02:00,0.193028
2026-04-23T20:00:00+02:00,0.229252
2026-04-23T20:15:00+02:00,0.245467
2026-04-23T20:30:00+02:00,0.234169
2026-04-23T20:45:00+02:00,0.202515
2026-04-23T21:00:00+02:00,0.239775
2026-04-23T21:15:00+02:00,0.239602
2026-04-23T21:30:00+02:00,0.232875
2026-04-23T21:45:00+02:00,0.15249
2026-04-23T22:00:00+02:00,0.23736
2026-04-23T22:15:00+02:00,0.256508
2026-04-23T22:30:00+02:00,0.250556
2026-04-23T22:45:00+02:00,0.245467
2026-04-23T23:00:00+02:00,0.266168
2026-04-23T23:15:00+02:00,0.266513
2026-04-23T23:30:00+02:00,0.24909
2026-04-23T23:45:00+02:00,0.24909
2026-04-24T00:00:00+02:00,0.248573
2026-04-24T00:15:00+02:00,0.246675
2026-04-24T00:30:00+02:00,0.24495
2026-04-24T00:45:00+02:00,0.248486
2026-04-24T01:00:00+02:00,0.252885
2026-04-24T01:15:00+02:00,0.262718
2026-04-24T01:30:00+02:00,0.223388
2026-04-24T01:45:00+02:00,0.153698
2026-04-24T02:00:00+02:00,0.180953
2026-04-24T02:15:00+02:00,0.24564
2026-04-24T02:30:00+02:00,0.244174
2026-04-24T02:45:00+02:00,0.2484
2026-04-24T03:00:00+02:00,0.243915
2026-04-24T03:15:00+02:00,0.248918
2026-04-24T03:30:00+02:00,0.211485
2026-04-24T03:45:00+02:00,0.187853
2026-04-24T04:00:00+02:00,0.240465
2026-04-24T04:15:00+02:00,0.262545
2026-04-24T04:30:00+02:00,0.246847
2026-04-24T04:45:00+02:00,0.238395
2026-04-24T05:00:00+02:00,0.23736
2026-04-24T05:15:00+02:00,0.227527
2026-04-24T05:30:00+02:00,0.212692
2026-04-24T05:45:00+02:00,0.15249
2026-04-24T06:00:00+02:00,0.151628
2026-04-24T06:15:00+02:00,0.151628
2026-04-24T06:30:00+02:00,0.151455
2026-04-24T06:45:00+02:00,0.150938
2026-04-24T07:00:00+02:00,0.15111
2026-04-24T07:15:00+02:00,0.15042
2026-04-24T07:30:00+02:00,0.151628
2026-04-24T07:45:00+02:00,0.150248
2026-04-24T08:00:00+02:00,0.151628
2026-04-24T08:15:00+02:00,0.151628
2026-04-24T08:30:00+02:00,0.150938
2026-04-24T08:45:00+02:00,0.150938
2026-04-24T09:00:00+02:00,0.151973
2026-04-24T09:15:00+02:00,0.151283
2026-04-24T09:30:00+02:00,0.150248
2026-04-24T09:45:00+02:00,0.15042
2026-04-24T10:00:00+02:00,0.152145
2026-04-24T10:15:00+02:00,0.150248
2026-04-24T10:30:00+02:00,0.15111
2026-04-24T10:45:00+02:00,0.150765
2026-04-24T11:00:00+02:00,0.150248
2026-04-24T11:15:00+02:00,0.150248
2026-04-24T11:30:00+02:00,0.150075
2026-04-24T11:45:00+02:00,0.149903
2026-04-24T12:00:00+02:00,0.150248
2026-04-24T12:15:00+02:00,0.150248
2026-04-24T12:30:00+02:00,0.15042
2026-04-24T12:45:00+02:00,0.150593
2026-04-24T13:00:00+02:00,0.150593
2026-04-24T13:15:00+02:00,0.151973
2026-04-24T13:30:00+02:00,0.151283
2026-04-24T13:45:00+02:00,0.15111
2026-04-24T14:00:00+02:00,0.226493
2026-04-24T14:15:00+02:00,0.243915
2026-04-24T14:30:00+02:00,0.24081
2026-04-24T14:45:00+02:00,0.26289
2026-04-24T15:00:00+02:00,0.239603
2026-04-24T15:15:00+02:00,0.243053
2026-04-24T15:30:00+02:00,0.231323
2026-04-24T15:45:00+02:00,0.174398
2026-04-24T16:00:00+02:00,0.23184
2026-04-24T16:15:00+02:00,0.23943
2026-04-24T16:30:00+02:00,0.23943
2026-04-24T16:45:00+02:00,0.185438
2026-04-24T17:00:00+02:00,0.2277
2026-04-24T17:15:00+02:00,0.254093
2026-04-24T17:30:00+02:00,0.218989
2026-04-24T17:45:00+02:00,0.201998
2026-04-24T18:00:00+02:00,0.202688
2026-04-24T18:15:00+02:00,0.231495
2026-04-24T18:30:00+02:00,0.22494
2026-04-24T18:45:00+02:00,0.231926
2026-04-24T19:00:00+02:00,0.201825
2026-04-24T19:15:00+02:00,0.241328
2026-04-24T19:30:00+02:00,0.205534
2026-04-24T19:45:00+02:00,0.214245
2026-04-24T20:00:00+02:00,0.191648
2026-04-24T20:15:00+02:00,0.236153
2026-04-24T20:30:00+02:00,0.170603
2026-04-24T20:45:00+02:00,0.223042
2026-04-24T21:00:00+02:00,0.252712
2026-04-24T21:15:00+02:00,0.25875
2026-04-24T21:30:00+02:00,0.186386
2026-04-24T21:45:00+02:00,0.15042
2026-04-24T22:00:00+02:00,0.150593
2026-04-24T22:15:00+02:00,0.152145
2026-04-24T22:30:00+02:00,0.152145
2026-04-24T22:45:00+02:00,0.151455
2026-04-24T23:00:00+02:00,0.151973
2026-04-24T23:15:00+02:00,0.151973
2026-04-24T23:30:00+02:00,0.1518
2026-04-24T23:45:00+02:00,0.149558
2026-04-25T00:00:00+02:00,0.147488
2026-04-25T00:15:00+02:00,0.148178
2026-04-25T00:30:00+02:00,0.148005
2026-04-25T00:45:00+02:00,0.149558
2026-04-25T01:00:00+02:00,0.14904
2026-04-25T01:15:00+02:00,0.14904
2026-04-25T01:30:00+02:00,0.14766
2026-04-25T01:45:00+02:00,0.14835
2026-04-25T02:00:00+02:00,0.148523
2026-04-25T02:15:00+02:00,0.149558
2026-04-25T02:30:00+02:00,0.15042
2026-04-25T02:45:00+02:00,0.148523
2026-04-25T03:00:00+02:00,0.15042
2026-04-25T03:15:00+02:00,0.15042
2026-04-25T03:30:00+02:00,0.14835
2026-04-25T03:45:00+02:00,0.149558
2026-04-25T04:00:00+02:00,0.148695
2026-04-25T04:15:00+02:00,0.150075
2026-04-25T04:30:00+02:00,0.148523
2026-04-25T04:45:00+02:00,0.150938
2026-04-25T05:00:00+02:00,0.150593
2026-04-25T05:15:00+02:00,0.149385
2026-04-25T05:30:00+02:00,0.14904
2026-04-25T05:45:00+02:00,0.149558
2026-04-25T06:00:00+02:00,0.147143
2026-04-25T06:15:00+02:00,0.146798
2026-04-25T06:30:00+02:00,0.145762
2026-04-25T06:45:00+02:00,0.147315
2026-04-25T07:00:00+02:00,0.145418
2026-04-25T07:15:00+02:00,0.147488
2026-04-25T07:30:00+02:00,0.147143
2026-04-25T07:45:00+02:00,0.14904
2026-04-25T08:00:00+02:00,0.15042
2026-04-25T08:15:00+02:00,0.149903
2026-04-25T08:30:00+02:00,0.147833
2026-04-25T08:45:00+02:00,0.147833
2026-04-25T09:00:00+02:00,0.14973
2026-04-25T09:15:00+02:00,0.150593
2026-04-25T09:30:00+02:00,0.149385
2026-04-25T09:45:00+02:00,0.148005
2026-04-25T10:00:00+02:00,0.148178
2026-04-25T10:15:00+02:00,0.147488
2026-04-25T10:30:00+02:00,0.148695
2026-04-25T10:45:00+02:00,0.147833
2026-04-25T11:00:00+02:00,0.14835
2026-04-25T11:15:00+02:00,0.146798
2026-04-25T11:30:00+02:00,0.147488
2026-04-25T11:45:00+02:00,0.147143
2026-04-25T12:00:00+02:00,0.148695
2026-04-25T12:15:00+02:00,0.148005
2026-04-25T12:30:00+02:00,0.148178
2026-04-25T12:45:00+02:00,0.148005
2026-04-25T13:00:00+02:00,0.147315
2026-04-25T13:15:00+02:00,0.149213
2026-04-25T13:30:00+02:00,0.147143
2026-04-25T13:45:00+02:00,0.147315
2026-04-25T14:00:00+02:00,0.148178
2026-04-25T14:15:00+02:00,0.149558
2026-04-25T14:30:00+02:00,0.149213
2026-04-25T14:45:00+02:00,0.149385
2026-04-25T15:00:00+02:00,0.145763
2026-04-25T15:15:00+02:00,0.14628
2026-04-25T15:30:00+02:00,0.146108
2026-04-25T15:45:00+02:00,0.145763
2026-04-25T16:00:00+02:00,0.144727
2026-04-25T16:15:00+02:00,0.1449
2026-04-25T16:30:00+02:00,0.145245
2026-04-25T16:45:00+02:00,0.148005
2026-04-25T17:00:00+02:00,0.147143
2026-04-25T17:15:00+02:00,0.148523
2026-04-25T17:30:00+02:00,0.146625
2026-04-25T17:45:00+02:00,0.14559
2026-04-25T18:00:00+02:00,0.14766
2026-04-25T18:15:00+02:00,0.148609
2026-04-25T18:30:00+02:00,0.148868
2026-04-25T18:45:00+02:00,0.14904
2026-04-25T19:00:00+02:00,0.148695
2026-04-25T19:15:00+02:00,0.149558
2026-04-25T19:30:00+02:00,0.146453
2026-04-25T19:45:00+02:00,0.146625
2026-04-25T20:00:00+02:00,0.146625
2026-04-25T20:15:00+02:00,0.14904
2026-04-25T20:30:00+02:00,0.147488
2026-04-25T20:45:00+02:00,0.146453
2026-04-25T21:00:00+02:00,0.147746
2026-04-25T21:15:00+02:00,0.14766
2026-04-25T21:30:00+02:00,0.148523
2026-04-25T21:45:00+02:00,0.147315
2026-04-25T22:00:00+02:00,0.148868
2026-04-25T22:15:00+02:00,0.148868
2026-04-25T22:30:00+02:00,0.147488
2026-04-25T22:45:00+02:00,0.14628
2026-04-25T23:00:00+02:00,0.146625
2026-04-25T23:15:00+02:00,0.14559
2026-04-25T23:30:00+02:00,0.145935
2026-04-25T23:45:00+02:00,0.14421
2026-04-26T00:00:00+02:00,0.146108
2026-04-26T00:15:00+02:00,0.146625
2026-04-26T00:30:00+02:00,0.147315
2026-04-26T00:45:00+02:00,0.147143
2026-04-26T01:00:00+02:00,0.149558
2026-04-26T01:15:00+02:00,0.148868
2026-04-26T01:30:00+02:00,0.148695
2026-04-26T01:45:00+02:00,0.148695
2026-04-26T02:00:00+02:00,0.147488
2026-04-26T02:15:00+02:00,0.146453
2026-04-26T02:30:00+02:00,0.148005
2026-04-26T02:45:00+02:00,0.145417
2026-04-26T03:00:00+02:00,0.147833
2026-04-26T03:15:00+02:00,0.14766
2026-04-26T03:30:00+02:00,0.146625
2026-04-26T03:45:00+02:00,0.148523
2026-04-26T04:00:00+02:00,0.149213
2026-04-26T04:15:00+02:00,0.149213
2026-04-26T04:30:00+02:00,0.150075
2026-04-26T04:45:00+02:00,0.149385
2026-04-26T05:00:00+02:00,0.148868
2026-04-26T05:15:00+02:00,0.149644
2026-04-26T05:30:00+02:00,0.149903
2026-04-26T05:45:00+02:00,0.149558
2026-04-26T06:00:00+02:00,0.150938
2026-04-26T06:15:00+02:00,0.149903
2026-04-26T06:30:00+02:00,0.14973
2026-04-26T06:45:00+02:00,0.15111
2026-04-26T07:00:00+02:00,0.14973
2026-04-26T07:15:00+02:00,0.148005
2026-04-26T07:30:00+02:00,0.148005
2026-04-26T07:45:00+02:00,0.147315
2026-04-26T08:00:00+02:00,0.145763
2026-04-26T08:15:00+02:00,0.145935
2026-04-26T08:30:00+02:00,0.144382
2026-04-26T08:45:00+02:00,0.14559
2026-04-26T09:00:00+02:00,0.148695
2026-04-26T09:15:00+02:00,0.148868
2026-04-26T09:30:00+02:00,0.150248
2026-04-26T09:45:00+02:00,0.150075
2026-04-26T10:00:00+02:00,0.146108
2026-04-26T10:15:00+02:00,0.147315
2026-04-26T10:30:00+02:00,0.149385
2026-04-26T10:45:00+02:00,0.15042
2026-04-26T11:00:00+02:00,0.148178
2026-04-26T11:15:00+02:00,0.149903
2026-04-26T11:30:00+02:00,0.150075
2026-04-26T11:45:00+02:00,0.150593
2026-04-26T12:00:00+02:00,0.14973
2026-04-26T12:15:00+02:00,0.150075
2026-04-26T12:30:00+02:00,0.149903
2026-04-26T12:45:00+02:00,0.149903
2026-04-26T13:00:00+02:00,0.151455
2026-04-26T13:15:00+02:00,0.14973
2026-04-26T13:30:00+02:00,0.149903
2026-04-26T13:45:00+02:00,0.149558
2026-04-26T14:00:00+02:00,0.14904
2026-04-26T14:15:00+02:00,0.14835
2026-04-26T14:30:00+02:00,0.149213
2026-04-26T14:45:00+02:00,0.148695
2026-04-26T15:00:00+02:00,0.149903
2026-04-26T15:15:00+02:00,0.149213
2026-04-26T15:30:00+02:00,0.14904
2026-04-26T15:45:00+02:00,0.14904
2026-04-26T16:00:00+02:00,0.146625
2026-04-26T16:15:00+02:00,0.145418
2026-04-26T16:30:00+02:00,0.145418
2026-04-26T16:45:00+02:00,0.146798
2026-04-26T17:00:00+02:00,0.14835
2026-04-26T17:15:00+02:00,0.146108
2026-04-26T17:30:00+02:00,0.145245
2026-04-26T17:45:00+02:00,0.146798
2026-04-26T18:00:00+02:00,0.14835
2026-04-26T18:15:00+02:00,0.149213
2026-04-26T18:30:00+02:00,0.14766
2026-04-26T18:45:00+02:00,0.146021
2026-04-26T19:00:00+02:00,0.14628
2026-04-26T19:15:00+02:00,0.146108
2026-04-26T19:30:00+02:00,0.145417
2026-04-26T19:45:00+02:00,0.14559
2026-04-26T20:00:00+02:00,0.14766
2026-04-26T20:15:00+02:00,0.147833
2026-04-26T20:30:00+02:00,0.148523
2026-04-26T20:45:00+02:00,0.14697
2026-04-26T21:00:00+02:00,0.148868
2026-04-26T21:15:00+02:00,0.150075
2026-04-26T21:30:00+02:00,0.151628
2026-04-26T21:45:00+02:00,0.153008
2026-04-26T22:00:00+02:00,0.152576
2026-04-26T22:15:00+02:00,0.1518
2026-04-26T22:30:00+02:00,0.150938
2026-04-26T22:45:00+02:00,0.15111
2026-04-26T23:00:00+02:00,0.150593
2026-04-26T23:15:00+02:00,0.15249
2026-04-26T23:30:00+02:00,0.15111
2026-04-26T23:45:00+02:00,0.1518
2026-04-27T00:00:00+02:00,0.152318
2026-04-27T00:15:00+02:00,0.153008
2026-04-27T00:30:00+02:00,0.1518
2026-04-27T00:45:00+02:00,0.1518
2026-04-27T01:00:00+02:00,0.15318
2026-04-27T01:15:00+02:00,0.1518
2026-04-27T01:30:00+02:00,0.151628
2026-04-27T01:45:00+02:00,0.15318
2026-04-27T02:00:00+02:00,0.151973
2026-04-27T02:15:00+02:00,0.1518
2026-04-27T02:30:00+02:00,0.151455
2026-04-27T02:45:00+02:00,0.151973
2026-04-27T03:00:00+02:00,0.151973
2026-04-27T03:15:00+02:00,0.151973
2026-04-27T03:30:00+02:00,0.152318
2026-04-27T03:45:00+02:00,0.152318
2026-04-27T04:00:00+02:00,0.150938
2026-04-27T04:15:00+02:00,0.153353
2026-04-27T04:30:00+02:00,0.151455
2026-04-27T04:45:00+02:00,0.1518
2026-04-27T05:00:00+02:00,0.151455
2026-04-27T05:15:00+02:00,0.15111
2026-04-27T05:30:00+02:00,0.150938
2026-04-27T05:45:00+02:00,0.15111
2026-04-27T06:00:00+02:00,0.15111
2026-04-27T06:15:00+02:00,0.151455
2026-04-27T06:30:00+02:00,0.150938
2026-04-27T06:45:00+02:00,0.151973
2026-04-27T07:00:00+02:00,0.151628
2026-04-27T07:15:00+02:00,0.150765
2026-04-27T07:30:00+02:00,0.150938
2026-04-27T07:45:00+02:00,0.151283
2026-04-27T08:00:00+02:00,0.151628
2026-04-27T08:15:00+02:00,0.151628
2026-04-27T08:30:00+02:00,0.152318
2026-04-27T08:45:00+02:00,0.151455
2026-04-27T09:00:00+02:00,0.150248
2026-04-27T09:15:00+02:00,0.15111
2026-04-27T09:30:00+02:00,0.151455
2026-04-27T09:45:00+02:00,0.151283
2026-04-27T10:00:00+02:00,0.151283
2026-04-27T10:15:00+02:00,0.151628
2026-04-27T10:30:00+02:00,0.151283
2026-04-27T10:45:00+02:00,0.151283
2026-04-27T11:00:00+02:00,0.151628
2026-04-27T11:15:00+02:00,0.151628
2026-04-27T11:30:00+02:00,0.151283
2026-04-27T11:45:00+02:00,0.150765
2026-04-27T12:00:00+02:00,0.150765
2026-04-27T12:15:00+02:00,0.151283
2026-04-27T12:30:00+02:00,0.150765
2026-04-27T12:45:00+02:00,0.150765
2026-04-27T13:00:00+02:00,0.150765
2026-04-27T13:15:00+02:00,0.151283
2026-04-27T13:30:00+02:00,0.151283
2026-04-27T13:45:00+02:00,0.152145
2026-04-27T14:00:00+02:00,0.151283
2026-04-27T14:15:00+02:00,0.150765
2026-04-27T14:30:00+02:00,0.151455
2026-04-27T14:45:00+02:00,0.151973
2026-04-27T15:00:00+02:00,0.151628
2026-04-27T15:15:00+02:00,0.150765
2026-04-27T15:30:00+02:00,0.151628
2026-04-27T15:45:00+02:00,0.151455
2026-04-27T16:00:00+02:00,0.150938
2026-04-27T16:15:00+02:00,0.1518
2026-04-27T16:30:00+02:00,0.1518
2026-04-27T16:45:00+02:00,0.151283
2026-04-27T17:00:00+02:00,0.1518
2026-04-27T17:15:00+02:00,0.151455
2026-04-27T17:30:00+02:00,0.152145
2026-04-27T17:45:00+02:00,0.150851
2026-04-27T18:00:00+02:00,0.151973
2026-04-27T18:15:00+02:00,0.151283
2026-04-27T18:30:00+02:00,0.151455
2026-04-27T18:45:00+02:00,0.150765
2026-04-27T19:00:00+02:00,0.150765
2026-04-27T19:15:00+02:00,0.151455
2026-04-27T19:30:00+02:00,0.151973
2026-04-27T19:45:00+02:00,0.15111
2026-04-27T20:00:00+02:00,0.15111
2026-04-27T20:15:00+02:00,0.150938
2026-04-27T20:30:00+02:00,0.15111
2026-04-27T20:45:00+02:00,0.151283
2026-04-27T21:00:00+02:00,0.151973
2026-04-27T21:15:00+02:00,0.152318
2026-04-27T21:30:00+02:00,0.151283
2026-04-27T21:45:00+02:00,0.151283
2026-04-27T22:00:00+02:00,0.151973
2026-04-27T22:15:00+02:00,0.151283
2026-04-27T22:30:00+02:00,0.151455
2026-04-27T22:45:00+02:00,0.1518
2026-04-27T23:00:00+02:00,0.152145
2026-04-27T23:15:00+02:00,0.151973
2026-04-27T23:30:00+02:00,0.152318
2026-04-27T23:45:00+02:00,0.1518
2026-04-28T00:00:00+02:00,0.151283
2026-04-28T00:15:00+02:00,0.151196
2026-04-28T00:30:00+02:00,0.151455
2026-04-28T00:45:00+02:00,0.1518
2026-04-28T01:00:00+02:00,0.15111
2026-04-28T01:15:00+02:00,0.1518
2026-04-28T01:30:00+02:00,0.150938
2026-04-28T01:45:00+02:00,0.150938
2026-04-28T02:00:00+02:00,0.151455
2026-04-28T02:15:00+02:00,0.15249
2026-04-28T02:30:00+02:00,0.150765
2026-04-28T02:45:00+02:00,0.151455
2026-04-28T03:00:00+02:00,0.15111
2026-04-28T03:15:00+02:00,0.150765
2026-04-28T03:30:00+02:00,0.150248
2026-04-28T03:45:00+02:00,0.150593
2026-04-28T04:00:00+02:00,0.150765
2026-04-28T04:15:00+02:00,0.150938
2026-04-28T04:30:00+02:00,0.15111
2026-04-28T04:45:00+02:00,0.15111
2026-04-28T05:00:00+02:00,0.151973
2026-04-28T05:15:00+02:00,0.152145
2026-04-28T05:30:00+02:00,0.151628
2026-04-28T05:45:00+02:00,0.150593
2026-04-28T06:00:00+02:00,0.15042
2026-04-28T06:15:00+02:00,0.1518
2026-04-28T06:30:00+02:00,0.150938
2026-04-28T06:45:00+02:00,0.151455
2026-04-28T07:00:00+02:00,0.150765
2026-04-28T07:15:00+02:00,0.151283
2026-04-28T07:30:00+02:00,0.151628
2026-04-28T07:45:00+02:00,0.151283
2026-04-28T08:00:00+02:00,0.150765
2026-04-28T08:15:00+02:00,0.152318
2026-04-28T08:30:00+02:00,0.151973
2026-04-28T08:45:00+02:00,0.150679
2026-04-28T09:00:00+02:00,0.15111
2026-04-28T09:15:00+02:00,0.152145
2026-04-28T09:30:00+02:00,0.151541
2026-04-28T09:45:00+02:00,0.1518
2026-04-28T10:00:00+02:00,0.152318
2026-04-28T10:15:00+02:00,0.150765
2026-04-28T10:30:00+02:00,0.1518
2026-04-28T10:45:00+02:00,0.1518
2026-04-28T11:00:00+02:00,0.153008
2026-04-28T11:15:00+02:00,0.151455
2026-04-28T11:30:00+02:00,0.15111
2026-04-28T11:45:00+02:00,0.150938
2026-04-28T12:00:00+02:00,0.149558
2026-04-28T12:15:00+02:00,0.150593
2026-04-28T12:30:00+02:00,0.150938
2026-04-28T12:45:00+02:00,0.150765
2026-04-28T13:00:00+02:00,0.150593
2026-04-28T13:15:00+02:00,0.151628
2026-04-28T13:30:00+02:00,0.151455
2026-04-28T13:45:00+02:00,0.150593
2026-04-28T14:00:00+02:00,0.150075
2026-04-28T14:15:00+02:00,0.14973
2026-04-28T14:30:00+02:00,0.15042
2026-04-28T14:45:00+02:00,0.150075
2026-04-28T15:00:00+02:00,0.151628
2026-04-28T15:15:00+02:00,0.149558
2026-04-28T15:30:00+02:00,0.14973
2026-04-28T15:45:00+02:00,0.149903
2026-04-28T16:00:00+02:00,0.148178
2026-04-28T16:15:00+02:00,0.148695
2026-04-28T16:30:00+02:00,0.150248
2026-04-28T16:45:00+02:00,0.149385
2026-04-28T17:00:00+02:00,0.151628
2026-04-28T17:15:00+02:00,0.15111
2026-04-28T17:30:00+02:00,0.15042
2026-04-28T17:45:00+02:00,0.1518
2026-04-28T18:00:00+02:00,0.15042
2026-04-28T18:15:00+02:00,0.150593
2026-04-28T18:30:00+02:00,0.150593
2026-04-28T18:45:00+02:00,0.151369
2026-04-28T19:00:00+02:00,0.151283
2026-04-28T19:15:00+02:00,0.152145
2026-04-28T19:30:00+02:00,0.151455
2026-04-28T19:45:00+02:00,0.151283
2026-04-28T20:00:00+02:00,0.15111
2026-04-28T20:15:00+02:00,0.150938
2026-04-28T20:30:00+02:00,0.15111
2026-04-28T20:45:00+02:00,0.15111
2026-04-28T21:00:00+02:00,0.151973
2026-04-28T21:15:00+02:00,0.15111
2026-04-28T21:30:00+02:00,0.151455
2026-04-28T21:45:00+02:00,0.1518
2026-04-28T22:00:00+02:00,0.150593
2026-04-28T22:15:00+02:00,0.164565
2026-04-28T22:30:00+02:00,0.151628
2026-04-28T22:45:00+02:00,0.150765
2026-04-28T23:00:00+02:00,0.150075
2026-04-28T23:15:00+02:00,0.150075
2026-04-28T23:30:00+02:00,0.150765
2026-04-28T23:45:00+02:00,0.148695
2026-04-29T00:00:00+02:00,0.149213
2026-04-29T00:15:00+02:00,0.148868
2026-04-29T00:30:00+02:00,0.150161
2026-04-29T00:45:00+02:00,0.150593
2026-04-29T01:00:00+02:00,0.151628
2026-04-29T01:15:00+02:00,0.150938
2026-04-29T01:30:00+02:00,0.151973
2026-04-29T01:45:00+02:00,0.151455
2026-04-29T02:00:00+02:00,0.1518
2026-04-29T02:15:00+02:00,0.151973
2026-04-29T02:30:00+02:00,0.151973
2026-04-29T02:45:00+02:00,0.151455
2026-04-29T03:00:00+02:00,0.15111
2026-04-29T03:15:00+02:00,0.1518
2026-04-29T03:30:00+02:00,0.152318
2026-04-29T03:45:00+02:00,0.151973
2026-04-29T04:00:00+02:00,0.15249
2026-04-29T04:15:00+02:00,0.1518
2026-04-29T04:30:00+02:00,0.15042
2026-04-29T04:45:00+02:00,0.151283
2026-04-29T05:00:00+02:00,0.151973
2026-04-29T05:15:00+02:00,0.152318
2026-04-29T05:30:00+02:00,0.152835
2026-04-29T05:45:00+02:00,0.150248
2026-04-29T06:00:00+02:00,0.167325
2026-04-29T06:15:00+02:00,0.231668
2026-04-29T06:30:00+02:00,0.236153
2026-04-29T06:45:00+02:00,0.183713
2026-04-29T07:00:00+02:00,0.22839
2026-04-29T07:15:00+02:00,0.229943
2026-04-29T07:30:00+02:00,0.217695
2026-04-29T07:45:00+02:00,0.220282
2026-04-29T08:00:00+02:00,0.207604
2026-04-29T08:15:00+02:00,0.166463
2026-04-29T08:30:00+02:00,0.227182
2026-04-29T08:45:00+02:00,0.21528
2026-04-29T09:00:00+02:00,0.210968
2026-04-29T09:15:00+02:00,0.235031
2026-04-29T09:30:00+02:00,0.204585
2026-04-29T09:45:00+02:00,0.150593
2026-04-29T10:00:00+02:00,0.221835
2026-04-29T10:15:00+02:00,0.218558
2026-04-29T10:30:00+02:00,0.224768
2026-04-29T10:45:00+02:00,0.212175
2026-04-29T11:00:00+02:00,0.203723
2026-04-29T11:15:00+02:00,0.165773
2026-04-29T11:30:00+02:00,0.226924
2026-04-29T11:45:00+02:00,0.21321
2026-04-29T12:00:00+02:00,0.225285
2026-04-29T12:15:00+02:00,0.223043
2026-04-29T12:30:00+02:00,0.220886
2026-04-29T12:45:00+02:00,0.22701
2026-04-29T13:00:00+02:00,0.222698
2026-04-29T13:15:00+02:00,0.23322
2026-04-29T13:30:00+02:00,0.203291
2026-04-29T13:45:00+02:00,0.15042
2026-04-29T14:00:00+02:00,0.248228
2026-04-29T14:15:00+02:00,0.234255
2026-04-29T14:30:00+02:00,0.24702
2026-04-29T14:45:00+02:00,0.248572
2026-04-29T15:00:00+02:00,0.228045
2026-04-29T15:15:00+02:00,0.240983
2026-04-29T15:30:00+02:00,0.24219
2026-04-29T15:45:00+02:00,0.240293
2026-04-29T16:00:00+02:00,0.237188
2026-04-29T16:15:00+02:00,0.238567
2026-04-29T16:30:00+02:00,0.235894
2026-04-29T16:45:00+02:00,0.249607
2026-04-29T17:00:00+02:00,0.164048
2026-04-29T17:15:00+02:00,0.194408
2026-04-29T17:30:00+02:00,0.241241
2026-04-29T17:45:00+02:00,0.24219
2026-04-29T18:00:00+02:00,0.229943
2026-04-29T18:15:00+02:00,0.150765
2026-04-29T18:30:00+02:00,0.232444
2026-04-29T18:45:00+02:00,0.248918
2026-04-29T19:00:00+02:00,0.244605
2026-04-29T19:15:00+02:00,0.261338
2026-04-29T19:30:00+02:00,0.227873
2026-04-29T19:45:00+02:00,0.15111
2026-04-29T20:00:00+02:00,0.219506
2026-04-29T20:15:00+02:00,0.227182
2026-04-29T20:30:00+02:00,0.241845
2026-04-29T20:45:00+02:00,0.246848
2026-04-29T21:00:00+02:00,0.239258
2026-04-29T21:15:00+02:00,0.240465
2026-04-29T21:30:00+02:00,0.160598
2026-04-29T21:45:00+02:00,0.148523
2026-04-29T22:00:00+02:00,0.14766
2026-04-29T22:15:00+02:00,0.150765
2026-04-29T22:30:00+02:00,0.148178
2026-04-29T22:45:00+02:00,0.148868
2026-04-29T23:00:00+02:00,0.148178
2026-04-29T23:15:00+02:00,0.148523
2026-04-29T23:30:00+02:00,0.148005
2026-04-29T23:45:00+02:00,0.148868
2026-04-30T00:00:00+02:00,0.148005
2026-04-30T00:15:00+02:00,0.14973
2026-04-30T00:30:00+02:00,0.150075
2026-04-30T00:45:00+02:00,0.151369
2026-04-30T01:00:00+02:00,0.149558
2026-04-30T01:15:00+02:00,0.152145
2026-04-30T01:30:00+02:00,0.15111
2026-04-30T01:45:00+02:00,0.15111
2026-04-30T02:00:00+02:00,0.15042
2026-04-30T02:15:00+02:00,0.150765
2026-04-30T02:30:00+02:00,0.150765
2026-04-30T02:45:00+02:00,0.15111
2026-04-30T03:00:00+02:00,0.148868
2026-04-30T03:15:00+02:00,0.147488
2026-04-30T03:30:00+02:00,0.150938
2026-04-30T03:45:00+02:00,0.151283
2026-04-30T04:00:00+02:00,0.151455
2026-04-30T04:15:00+02:00,0.152145
2026-04-30T04:30:00+02:00,0.151024
2026-04-30T04:45:00+02:00,0.150075
2026-04-30T05:00:00+02:00,0.1518
2026-04-30T05:15:00+02:00,0.15249
2026-04-30T05:30:00+02:00,0.150765
2026-04-30T05:45:00+02:00,0.151628
2026-04-30T06:00:00+02:00,0.188543
2026-04-30T06:15:00+02:00,0.236843
2026-04-30T06:30:00+02:00,0.225458
2026-04-30T06:45:00+02:00,0.218385
2026-04-30T07:00:00+02:00,0.225975
2026-04-30T07:15:00+02:00,0.237015
2026-04-30T07:30:00+02:00,0.211485
2026-04-30T07:45:00+02:00,0.182678
2026-04-30T08:00:00+02:00,0.224423
2026-04-30T08:15:00+02:00,0.2277
2026-04-30T08:30:00+02:00,0.214245
2026-04-30T08:45:00+02:00,0.210105
2026-04-30T09:00:00+02:00,0.219937
2026-04-30T09:15:00+02:00,0.207863
2026-04-30T09:30:00+02:00,0.21528
2026-04-30T09:45:00+02:00,0.185869
2026-04-30T10:00:00+02:00,0.222007
2026-04-30T10:15:00+02:00,0.189405
2026-04-30T10:30:00+02:00,0.207
2026-04-30T10:45:00+02:00,0.225112
2026-04-30T11:00:00+02:00,0.195874
2026-04-30T11:15:00+02:00,0.219075
2026-04-30T11:30:00+02:00,0.201998
2026-04-30T11:45:00+02:00,0.22839
2026-04-30T12:00:00+02:00,0.19872
2026-04-30T12:15:00+02:00,0.23322
2026-04-30T12:30:00+02:00,0.243225
2026-04-30T12:45:00+02:00,0.146625
2026-04-30T13:00:00+02:00,0.0
2026-04-30T13:15:00+02:00,0.0
2026-04-30T13:30:00+02:00,0.177503
2026-04-30T13:45:00+02:00,0.144727
2026-04-30T14:00:00+02:00,0.234773
2026-04-30T14:15:00+02:00,0.246071
2026-04-30T14:30:00+02:00,0.240983
2026-04-30T14:45:00+02:00,0.23667
2026-04-30T15:00:00+02:00,0.238136
2026-04-30T15:15:00+02:00,0.235808
2026-04-30T15:30:00+02:00,0.22149
2026-04-30T15:45:00+02:00,0.236497
2026-04-30T16:00:00+02:00,0.244174
2026-04-30T16:15:00+02:00,0.23736
2026-04-30T16:30:00+02:00,0.227873
2026-04-30T16:45:00+02:00,0.176985
2026-04-30T17:00:00+02:00,0.206828
2026-04-30T17:15:00+02:00,0.236843
2026-04-30T17:30:00+02:00,0.240292
2026-04-30T17:45:00+02:00,0.244174
2026-04-30T18:00:00+02:00,0.161287
2026-04-30T18:15:00+02:00,0.14697
2026-04-30T18:30:00+02:00,0.227872
2026-04-30T18:45:00+02:00,0.245726
2026-04-30T19:00:00+02:00,0.234773
2026-04-30T19:15:00+02:00,0.227528
2026-04-30T19:30:00+02:00,0.214763
2026-04-30T19:45:00+02:00,0.228476
2026-04-30T20:00:00+02:00,0.244433
2026-04-30T20:15:00+02:00,0.23529
2026-04-30T20:30:00+02:00,0.233996
2026-04-30T20:45:00+02:00,0.233048
2026-04-30T21:00:00+02:00,0.244605
2026-04-30T21:15:00+02:00,0.220628
2026-04-30T21:30:00+02:00,0.152835
2026-04-30T21:45:00+02:00,0.14628
2026-04-30T22:00:00+02:00,0.145245
2026-04-30T22:15:00+02:00,0.14559
2026-04-30T22:30:00+02:00,0.148523
2026-04-30T22:45:00+02:00,0.148178
2026-04-30T23:00:00+02:00,0.146798
2026-04-30T23:15:00+02:00,0.147833
2026-04-30T23:30:00+02:00,0.150593
2026-04-30T23:45:00+02:00,0.149213
2026-05-01T00:00:00+02:00,0.150075
2026-05-01T00:15:00+02:00,0.150075
2026-05-01T00:30:00+02:00,0.148868
2026-05-01T00:45:00+02:00,0.147833
2026-05-01T01:00:00+02:00,0.14766
2026-05-01T01:15:00+02:00,0.146625
2026-05-01T01:30:00+02:00,0.148005
2026-05-01T01:45:00+02:00,0.147833
2026-05-01T02:00:00+02:00,0.148005
2026-05-01T02:15:00+02:00,0.14697
2026-05-01T02:30:00+02:00,0.14766
2026-05-01T02:45:00+02:00,0.147143
2026-05-01T03:00:00+02:00,0.148178
2026-05-01T03:15:00+02:00,0.146798
2026-05-01T03:30:00+02:00,0.146625
2026-05-01T03:45:00+02:00,0.145245
2026-05-01T04:00:00+02:00,0.146798
2026-05-01T04:15:00+02:00,0.147488
2026-05-01T04:30:00+02:00,0.146798
2026-05-01T04:45:00+02:00,0.147488
2026-05-01T05:00:00+02:00,0.14766
2026-05-01T05:15:00+02:00,0.148178
2026-05-01T05:30:00+02:00,0.14766
2026-05-01T05:45:00+02:00,0.147143
2026-05-01T06:00:00+02:00,0.14766
2026-05-01T06:15:00+02:00,0.14766
2026-05-01T06:30:00+02:00,0.148868
2026-05-01T06:45:00+02:00,0.147833
2026-05-01T07:00:00+02:00,0.149213
2026-05-01T07:15:00+02:00,0.14973
2026-05-01T07:30:00+02:00,0.148695
2026-05-01T07:45:00+02:00,0.14973
2026-05-01T08:00:00+02:00,0.14766
2026-05-01T08:15:00+02:00,0.147488
2026-05-01T08:30:00+02:00,0.146625
2026-05-01T08:45:00+02:00,0.147488
2026-05-01T09:00:00+02:00,0.14766
2026-05-01T09:15:00+02:00,0.14766
2026-05-01T09:30:00+02:00,0.146798
2026-05-01T09:45:00+02:00,0.150248
2026-05-01T10:00:00+02:00,0.150075
2026-05-01T10:15:00+02:00,0.15042
2026-05-01T10:30:00+02:00,0.150938
2026-05-01T10:45:00+02:00,0.151283
2026-05-01T11:00:00+02:00,0.149558
2026-05-01T11:15:00+02:00,0.149213
2026-05-01T11:30:00+02:00,0.149385
2026-05-01T11:45:00+02:00,0.148523
2026-05-01T12:00:00+02:00,0.149385
2026-05-01T12:15:00+02:00,0.146539
2026-05-01T12:30:00+02:00,0.14697
2026-05-01T12:45:00+02:00,0.147833
2026-05-01T13:00:00+02:00,0.146798
2026-05-01T13:15:00+02:00,0.146625
2026-05-01T13:30:00+02:00,0.146798
2026-05-01T13:45:00+02:00,0.14628
2026-05-01T14:00:00+02:00,0.14835
2026-05-01T14:15:00+02:00,0.148523
2026-05-01T14:30:00+02:00,0.146625
2026-05-01T14:45:00+02:00,0.147143
2026-05-01T15:00:00+02:00,0.145935
2026-05-01T15:15:00+02:00,0.146108
2026-05-01T15:30:00+02:00,0.14628
2026-05-01T15:45:00+02:00,0.145763
2026-05-01T16:00:00+02:00,0.146884
2026-05-01T16:15:00+02:00,0.145073
2026-05-01T16:30:00+02:00,0.147833
2026-05-01T16:45:00+02:00,0.146108
2026-05-01T17:00:00+02:00,0.145245
2026-05-01T17:15:00+02:00,0.148695
2026-05-01T17:30:00+02:00,0.148868
2026-05-01T17:45:00+02:00,0.14973
2026-05-01T18:00:00+02:00,0.147833
2026-05-01T18:15:00+02:00,0.149213
2026-05-01T18:30:00+02:00,0.15042
2026-05-01T18:45:00+02:00,0.151886
2026-05-01T19:00:00+02:00,0.152663
2026-05-01T19:15:00+02:00,0.151455
2026-05-01T19:30:00+02:00,0.152145
2026-05-01T19:45:00+02:00,0.151283
2026-05-01T20:00:00+02:00,0.151973
2026-05-01T20:15:00+02:00,0.149385
2026-05-01T20:30:00+02:00,0.150765
2026-05-01T20:45:00+02:00,0.14835
2026-05-01T21:00:00+02:00,0.149903
2026-05-01T21:15:00+02:00,0.149213
2026-05-01T21:30:00+02:00,0.14973
2026-05-01T21:45:00+02:00,0.150075
2026-05-01T22:00:00+02:00,0.149385
2026-05-01T22:15:00+02:00,0.146798
2026-05-01T22:30:00+02:00,0.14835
2026-05-01T22:45:00+02:00,0.14697
2026-05-01T23:00:00+02:00,0.146625
2026-05-01T23:15:00+02:00,0.146625
2026-05-01T23:30:00+02:00,0.145245
2026-05-01T23:45:00+02:00,0.145935
2026-05-02T00:00:00+02:00,0.145245
2026-05-02T00:15:00+02:00,0.146021
2026-05-02T00:30:00+02:00,0.14628
2026-05-02T00:45:00+02:00,0.14697
2026-05-02T01:00:00+02:00,0.146625
2026-05-02T01:15:00+02:00,0.14766
2026-05-02T01:30:00+02:00,0.147315
2026-05-02T01:45:00+02:00,0.147488
2026-05-02T02:00:00+02:00,0.146798
2026-05-02T02:15:00+02:00,0.148178
2026-05-02T02:30:00+02:00,0.14697
2026-05-02T02:45:00+02:00,0.146108
2026-05-02T03:00:00+02:00,0.14628
2026-05-02T03:15:00+02:00,0.145935
2026-05-02T03:30:00+02:00,0.14559
2026-05-02T03:45:00+02:00,0.147143
2026-05-02T04:00:00+02:00,0.145245
2026-05-02T04:15:00+02:00,0.14628
2026-05-02T04:30:00+02:00,0.146453
2026-05-02T04:45:00+02:00,0.147143
2026-05-02T05:00:00+02:00,0.148868
2026-05-02T05:15:00+02:00,0.146798
2026-05-02T05:30:00+02:00,0.148178
2026-05-02T05:45:00+02:00,0.146798
2026-05-02T06:00:00+02:00,0.14835
2026-05-02T06:15:00+02:00,0.147143
2026-05-02T06:30:00+02:00,0.146453
2026-05-02T06:45:00+02:00,0.147143
2026-05-02T07:00:00+02:00,0.146798
2026-05-02T07:15:00+02:00,0.14559
2026-05-02T07:30:00+02:00,0.145418
2026-05-02T07:45:00+02:00,0.145245
2026-05-02T08:00:00+02:00,0.145763
2026-05-02T08:15:00+02:00,0.14766
2026-05-02T08:30:00+02:00,0.148178
2026-05-02T08:45:00+02:00,0.147488
2026-05-02T09:00:00+02:00,0.14628
2026-05-02T09:15:00+02:00,0.149558
2026-05-02T09:30:00+02:00,0.14973
2026-05-02T09:45:00+02:00,0.149213
2026-05-02T10:00:00+02:00,0.146798
2026-05-02T10:15:00+02:00,0.146453
2026-05-02T10:30:00+02:00,0.147488
2026-05-02T10:45:00+02:00,0.14973
2026-05-02T11:00:00+02:00,0.148868
2026-05-02T11:15:00+02:00,0.146884
2026-05-02T11:30:00+02:00,0.14766
2026-05-02T11:45:00+02:00,0.149558
2026-05-02T12:00:00+02:00,0.148005
2026-05-02T12:15:00+02:00,0.149213
2026-05-02T12:30:00+02:00,0.147488
2026-05-02T12:45:00+02:00,0.148695
2026-05-02T13:00:00+02:00,0.148868
2026-05-02T13:15:00+02:00,0.14973
2026-05-02T13:30:00+02:00,0.150765
2026-05-02T13:45:00+02:00,0.149385
2026-05-02T14:00:00+02:00,0.14973
2026-05-02T14:15:00+02:00,0.148868
2026-05-02T14:30:00+02:00,0.147315
2026-05-02T14:45:00+02:00,0.148523
2026-05-02T15:00:00+02:00,0.14835
2026-05-02T15:15:00+02:00,0.14697
2026-05-02T15:30:00+02:00,0.146625
2026-05-02T15:45:00+02:00,0.14628
2026-05-02T16:00:00+02:00,0.14697
2026-05-02T16:15:00+02:00,0.146625
2026-05-02T16:30:00+02:00,0.147143
2026-05-02T16:45:00+02:00,0.149213
2026-05-02T17:00:00+02:00,0.149385
2026-05-02T17:15:00+02:00,0.14973
2026-05-02T17:30:00+02:00,0.152318
2026-05-02T17:45:00+02:00,0.151283
2026-05-02T18:00:00+02:00,0.15318
2026-05-02T18:15:00+02:00,0.15249
2026-05-02T18:30:00+02:00,0.153008
2026-05-02T18:45:00+02:00,0.15318
2026-05-02T19:00:00+02:00,0.152835
2026-05-02T19:15:00+02:00,0.15387
2026-05-02T19:30:00+02:00,0.152835
2026-05-02T19:45:00+02:00,0.15318
2026-05-02T20:00:00+02:00,0.15318
2026-05-02T20:15:00+02:00,0.153525
2026-05-02T20:30:00+02:00,0.15318
2026-05-02T20:45:00+02:00,0.153525
2026-05-02T21:00:00+02:00,0.152835
2026-05-02T21:15:00+02:00,0.152318
2026-05-02T21:30:00+02:00,0.153525
2026-05-02T21:45:00+02:00,0.1518
2026-05-02T22:00:00+02:00,0.152835
2026-05-02T22:15:00+02:00,0.15318
2026-05-02T22:30:00+02:00,0.15249
2026-05-02T22:45:00+02:00,0.153353
2026-05-02T23:00:00+02:00,0.153525
2026-05-02T23:15:00+02:00,0.15318
2026-05-02T23:30:00+02:00,0.153008
2026-05-02T23:45:00+02:00,0.15249
2026-05-03T00:00:00+02:00,0.151283
2026-05-03T00:15:00+02:00,0.150075
2026-05-03T00:30:00+02:00,0.15042
2026-05-03T00:45:00+02:00,0.148523
2026-05-03T01:00:00+02:00,0.152145
2026-05-03T01:15:00+02:00,0.149213
2026-05-03T01:30:00+02:00,0.150593
2026-05-03T01:45:00+02:00,0.148005
2026-05-03T02:00:00+02:00,0.148695
2026-05-03T02:15:00+02:00,0.149213
2026-05-03T02:30:00+02:00,0.149385
2026-05-03T02:45:00+02:00,0.14766
2026-05-03T03:00:00+02:00,0.148868
2026-05-03T03:15:00+02:00,0.14904
2026-05-03T03:30:00+02:00,0.148695
2026-05-03T03:45:00+02:00,0.14766
2026-05-03T04:00:00+02:00,0.148868
2026-05-03T04:15:00+02:00,0.148868
2026-05-03T04:30:00+02:00,0.14766
2026-05-03T04:45:00+02:00,0.14904
2026-05-03T05:00:00+02:00,0.15042
2026-05-03T05:15:00+02:00,0.148695
2026-05-03T05:30:00+02:00,0.147143
2026-05-03T05:45:00+02:00,0.148695
2026-05-03T06:00:00+02:00,0.148178
2026-05-03T06:15:00+02:00,0.148868
2026-05-03T06:30:00+02:00,0.150075
2026-05-03T06:45:00+02:00,0.148091
2026-05-03T07:00:00+02:00,0.146453
2026-05-03T07:15:00+02:00,0.147488
2026-05-03T07:30:00+02:00,0.148523
2026-05-03T07:45:00+02:00,0.147488
2026-05-03T08:00:00+02:00,0.148695
2026-05-03T08:15:00+02:00,0.150248
2026-05-03T08:30:00+02:00,0.149213
2026-05-03T08:45:00+02:00,0.149385
2026-05-03T09:00:00+02:00,0.148178
2026-05-03T09:15:00+02:00,0.148868
2026-05-03T09:30:00+02:00,0.148695
2026-05-03T09:45:00+02:00,0.148695
2026-05-03T10:00:00+02:00,0.14904
2026-05-03T10:15:00+02:00,0.150075
2026-05-03T10:30:00+02:00,0.14766
2026-05-03T10:45:00+02:00,0.14628
2026-05-03T11:00:00+02:00,0.147833
2026-05-03T11:15:00+02:00,0.14973
2026-05-03T11:30:00+02:00,0.14904
2026-05-03T11:45:00+02:00,0.14766
2026-05-03T12:00:00+02:00,0.1518
2026-05-03T12:15:00+02:00,0.150938
2026-05-03T12:30:00+02:00,0.148868
2026-05-03T12:45:00+02:00,0.149213
2026-05-03T13:00:00+02:00,0.149385
2026-05-03T13:15:00+02:00,0.14904
2026-05-03T13:30:00+02:00,0.150248
2026-05-03T13:45:00+02:00,0.149126
2026-05-03T14:00:00+02:00,0.150075
2026-05-03T14:15:00+02:00,0.14904
2026-05-03T14:30:00+02:00,0.148178
2026-05-03T14:45:00+02:00,0.14835
2026-05-03T15:00:00+02:00,0.147488
2026-05-03T15:15:00+02:00,0.148005
2026-05-03T15:30:00+02:00,0.147315
2026-05-03T15:45:00+02:00,0.14766
2026-05-03T16:00:00+02:00,0.147488
2026-05-03T16:15:00+02:00,0.146711
2026-05-03T16:30:00+02:00,0.14628
2026-05-03T16:45:00+02:00,0.145418
2026-05-03T17:00:00+02:00,0.147143
2026-05-03T17:15:00+02:00,0.145418
2026-05-03T17:30:00+02:00,0.146108
2026-05-03T17:45:00+02:00,0.146453
2026-05-03T18:00:00+02:00,0.148178
2026-05-03T18:15:00+02:00,0.148523
2026-05-03T18:30:00+02:00,0.148695
2026-05-03T18:45:00+02:00,0.150248
2026-05-03T19:00:00+02:00,0.150075
2026-05-03T19:15:00+02:00,0.149903
2026-05-03T19:30:00+02:00,0.151283
2026-05-03T19:45:00+02:00,0.150765
2026-05-03T20:00:00+02:00,0.148091
2026-05-03T20:15:00+02:00,0.14973
2026-05-03T20:30:00+02:00,0.150593
2026-05-03T20:45:00+02:00,0.148178
2026-05-03T21:00:00+02:00,0.148695
2026-05-03T21:15:00+02:00,0.148868
2026-05-03T21:30:00+02:00,0.148005
2026-05-03T21:45:00+02:00,0.150851
2026-05-03T22:00:00+02:00,0.18285
2026-05-03T22:15:00+02:00,0.218213
2026-05-03T22:30:00+02:00,0.21183
2026-05-03T22:45:00+02:00,0.236411
2026-05-03T23:00:00+02:00,0.1863
2026-05-03T23:15:00+02:00,0.22425
2026-05-03T23:30:00+02:00,0.209501
2026-05-03T23:45:00+02:00,0.236498
2026-05-04T00:00:00+02:00,0.217781
2026-05-04T00:15:00+02:00,0.18423
2026-05-04T00:30:00+02:00,0.199238
2026-05-04T00:45:00+02:00,0.210968
2026-05-04T01:00:00+02:00,0.20562
2026-05-04T01:15:00+02:00,0.191648
2026-05-04T01:30:00+02:00,0.176123
2026-05-04T01:45:00+02:00,0.200962
2026-05-04T02:00:00+02:00,0.23529
2026-05-04T02:15:00+02:00,0.191475
2026-05-04T02:30:00+02:00,0.23253
2026-05-04T02:45:00+02:00,0.230978
2026-05-04T03:00:00+02:00,0.216746
2026-05-04T03:15:00+02:00,0.203895
2026-05-04T03:30:00+02:00,0.183885
2026-05-04T03:45:00+02:00,0.224595
2026-05-04T04:00:00+02:00,0.221145
2026-05-04T04:15:00+02:00,0.183023
2026-05-04T04:30:00+02:00,0.221663
2026-05-04T04:45:00+02:00,0.226148
2026-05-04T05:00:00+02:00,0.226234
2026-05-04T05:15:00+02:00,0.230633
2026-05-04T05:30:00+02:00,0.209243
2026-05-04T05:45:00+02:00,0.172845
2026-05-04T06:00:00+02:00,0.314036
2026-05-04T06:15:00+02:00,0.315158
2026-05-04T06:30:00+02:00,0.303945
2026-05-04T06:45:00+02:00,0.315847
2026-05-04T07:00:00+02:00,0.310672
2026-05-04T07:15:00+02:00,0.313691
2026-05-04T07:30:00+02:00,0.295837
2026-05-04T07:45:00+02:00,0.305498
2026-05-04T08:00:00+02:00,0.310759
2026-05-04T08:15:00+02:00,0.293423
2026-05-04T08:30:00+02:00,0.286868
2026-05-04T08:45:00+02:00,0.19941
2026-05-04T09:00:00+02:00,0.159218
2026-05-04T09:15:00+02:00,0.196822
2026-05-04T09:30:00+02:00,0.15249
2026-05-04T09:45:00+02:00,0.152145
2026-05-04T10:00:00+02:00,0.150938
2026-05-04T10:15:00+02:00,0.15111
2026-05-04T10:30:00+02:00,0.15111
2026-05-04T10:45:00+02:00,0.1518
2026-05-04T11:00:00+02:00,0.150765
2026-05-04T11:15:00+02:00,0.151628
2026-05-04T11:30:00+02:00,0.150593
2026-05-04T11:45:00+02:00,0.151196
2026-05-04T12:00:00+02:00,0.149558
2026-05-04T12:15:00+02:00,0.15318
2026-05-04T12:30:00+02:00,0.151283
2026-05-04T12:45:00+02:00,0.15042
2026-05-04T13:00:00+02:00,0.148868
2026-05-04T13:15:00+02:00,0.150938
2026-05-04T13:30:00+02:00,0.148868
2026-05-04T13:45:00+02:00,0.150593
2026-05-04T14:00:00+02:00,0.151973
2026-05-04T14:15:00+02:00,0.152145
2026-05-04T14:30:00+02:00,0.150765
2026-05-04T14:45:00+02:00,0.150765
2026-05-04T15:00:00+02:00,0.15111
2026-05-04T15:15:00+02:00,0.150938
2026-05-04T15:30:00+02:00,0.15042
2026-05-04T15:45:00+02:00,0.152145
2026-05-04T16:00:00+02:00,0.150765
2026-05-04T16:15:00+02:00,0.151283
2026-05-04T16:30:00+02:00,0.14973
2026-05-04T16:45:00+02:00,0.151196
2026-05-04T17:00:00+02:00,0.150248
2026-05-04T17:15:00+02:00,0.15111
2026-05-04T17:30:00+02:00,0.150765
2026-05-04T17:45:00+02:00,0.151455
2026-05-04T18:00:00+02:00,0.152145
2026-05-04T18:15:00+02:00,0.150938
2026-05-04T18:30:00+02:00,0.150593
2026-05-04T18:45:00+02:00,0.1518
2026-05-04T19:00:00+02:00,0.151628
2026-05-04T19:15:00+02:00,0.1518
2026-05-04T19:30:00+02:00,0.151283
2026-05-04T19:45:00+02:00,0.151455
2026-05-04T20:00:00+02:00,0.150593
2026-05-04T20:15:00+02:00,0.151283
2026-05-04T20:30:00+02:00,0.150593
2026-05-04T20:45:00+02:00,0.151455
2026-05-04T21:00:00+02:00,0.151455
2026-05-04T21:15:00+02:00,0.151283
2026-05-04T21:30:00+02:00,0.150593
2026-05-04T21:45:00+02:00,0.1518
2026-05-04T22:00:00+02:00,0.15111
2026-05-04T22:15:00+02:00,0.151455
2026-05-04T22:30:00+02:00,0.154215
2026-05-04T22:45:00+02:00,0.152059
2026-05-04T23:00:00+02:00,0.151283
2026-05-04T23:15:00+02:00,0.151973
2026-05-04T23:30:00+02:00,0.151973
2026-05-04T23:45:00+02:00,0.1518
2026-05-05T00:00:00+02:00,0.15111
2026-05-05T00:15:00+02:00,0.1518
2026-05-05T00:30:00+02:00,0.15249
2026-05-05T00:45:00+02:00,0.151283
2026-05-05T01:00:00+02:00,0.151024
2026-05-05T01:15:00+02:00,0.151973
2026-05-05T01:30:00+02:00,0.151283
2026-05-05T01:45:00+02:00,0.151628
2026-05-05T02:00:00+02:00,0.15111
2026-05-05T02:15:00+02:00,0.151628
2026-05-05T02:30:00+02:00,0.151455
2026-05-05T02:45:00+02:00,0.151973
2026-05-05T03:00:00+02:00,0.151455
2026-05-05T03:15:00+02:00,0.151455
2026-05-05T03:30:00+02:00,0.151455
2026-05-05T03:45:00+02:00,0.1518
2026-05-05T04:00:00+02:00,0.150765
2026-05-05T04:15:00+02:00,0.150938
2026-05-05T04:30:00+02:00,0.150248
2026-05-05T04:45:00+02:00,0.152145
2026-05-05T05:00:00+02:00,0.152318
2026-05-05T05:15:00+02:00,0.152145
2026-05-05T05:30:00+02:00,0.15111
2026-05-05T05:45:00+02:00,0.156458
2026-05-05T06:00:00+02:00,0.25047
2026-05-05T06:15:00+02:00,0.22287
2026-05-05T06:30:00+02:00,0.253575
2026-05-05T06:45:00+02:00,0.167153
2026-05-05T07:00:00+02:00,0.25323
2026-05-05T07:15:00+02:00,0.245123
2026-05-05T07:30:00+02:00,0.224768
2026-05-05T07:45:00+02:00,0.248055
2026-05-05T08:00:00+02:00,0.237877
2026-05-05T08:15:00+02:00,0.2415
2026-05-05T08:30:00+02:00,0.241155
2026-05-05T08:45:00+02:00,0.236929
2026-05-05T09:00:00+02:00,0.240293
2026-05-05T09:15:00+02:00,0.229598
2026-05-05T09:30:00+02:00,0.154991
2026-05-05T09:45:00+02:00,0.24081
2026-05-05T10:00:00+02:00,0.224423
2026-05-05T10:15:00+02:00,0.226838
2026-05-05T10:30:00+02:00,0.2277
2026-05-05T10:45:00+02:00,0.238567
2026-05-05T11:00:00+02:00,0.240551
2026-05-05T11:15:00+02:00,0.255817
2026-05-05T11:30:00+02:00,0.17457
2026-05-05T11:45:00+02:00,0.194925
2026-05-05T12:00:00+02:00,0.246416
2026-05-05T12:15:00+02:00,0.236842
2026-05-05T12:30:00+02:00,0.235463
2026-05-05T12:45:00+02:00,0.257284
2026-05-05T13:00:00+02:00,0.236325
2026-05-05T13:15:00+02:00,0.17457
2026-05-05T13:30:00+02:00,0.214245
2026-05-05T13:45:00+02:00,0.151283
2026-05-05T14:00:00+02:00,0.151283
2026-05-05T14:15:00+02:00,0.151455
2026-05-05T14:30:00+02:00,0.151283
2026-05-05T14:45:00+02:00,0.151628
2026-05-05T15:00:00+02:00,0.15042
2026-05-05T15:15:00+02:00,0.151455
2026-05-05T15:30:00+02:00,0.152145
2026-05-05T15:45:00+02:00,0.150765
2026-05-05T16:00:00+02:00,0.149903
2026-05-05T16:15:00+02:00,0.15042
2026-05-05T16:30:00+02:00,0.150248
2026-05-05T16:45:00+02:00,0.150075
2026-05-05T17:00:00+02:00,0.150075
2026-05-05T17:15:00+02:00,0.1518
2026-05-05T17:30:00+02:00,0.15111
2026-05-05T17:45:00+02:00,0.151973
2026-05-05T18:00:00+02:00,0.151628
2026-05-05T18:15:00+02:00,0.151628
2026-05-05T18:30:00+02:00,0.1518
2026-05-05T18:45:00+02:00,0.151628
2026-05-05T19:00:00+02:00,0.151455
2026-05-05T19:15:00+02:00,0.151283
2026-05-05T19:30:00+02:00,0.152663
2026-05-05T19:45:00+02:00,0.150334
2026-05-05T20:00:00+02:00,0.151283
2026-05-05T20:15:00+02:00,0.150593
2026-05-05T20:30:00+02:00,0.151283
2026-05-05T20:45:00+02:00,0.150248
2026-05-05T21:00:00+02:00,0.15111
2026-05-05T21:15:00+02:00,0.152145
2026-05-05T21:30:00+02:00,0.150938
2026-05-05T21:45:00+02:00,0.150075
2026-05-05T22:00:00+02:00,0.173018
2026-05-05T22:15:00+02:00,0.204413
2026-05-05T22:30:00+02:00,0.212865
2026-05-05T22:45:00+02:00,0.225371
2026-05-05T23:00:00+02:00,0.216833
2026-05-05T23:15:00+02:00,0.217005
2026-05-05T23:30:00+02:00,0.218558
2026-05-05T23:45:00+02:00,0.224423
2026-05-06T00:00:00+02:00,0.21459
2026-05-06T00:15:00+02:00,0.191303
2026-05-06T00:30:00+02:00,0.219248
2026-05-06T00:45:00+02:00,0.20148
2026-05-06T01:00:00+02:00,0.219851
2026-05-06T01:15:00+02:00,0.185093
2026-05-06T01:30:00+02:00,0.220455
2026-05-06T01:45:00+02:00,0.212865
2026-05-06T02:00:00+02:00,0.231754
2026-05-06T02:15:00+02:00,0.219938
2026-05-06T02:30:00+02:00,0.224423
2026-05-06T02:45:00+02:00,0.232702
2026-05-06T03:00:00+02:00,0.219593
2026-05-06T03:15:00+02:00,0.201653
2026-05-06T03:30:00+02:00,0.205275
2026-05-06T03:45:00+02:00,0.216833
2026-05-06T04:00:00+02:00,0.195098
2026-05-06T04:15:00+02:00,0.214245
2026-05-06T04:30:00+02:00,0.203723
2026-05-06T04:45:00+02:00,0.2139
2026-05-06T05:00:00+02:00,0.21045
2026-05-06T05:15:00+02:00,0.211313
2026-05-06T05:30:00+02:00,0.218471
2026-05-06T05:45:00+02:00,0.182678
2026-05-06T06:00:00+02:00,0.150765
2026-05-06T06:15:00+02:00,0.152318
2026-05-06T06:30:00+02:00,0.150765
2026-05-06T06:45:00+02:00,0.265305
2026-05-06T07:00:00+02:00,0.30843
2026-05-06T07:15:00+02:00,0.299115
2026-05-06T07:30:00+02:00,0.314122
2026-05-06T07:45:00+02:00,0.15249
2026-05-06T08:00:00+02:00,0.151973
2026-05-06T08:15:00+02:00,0.150075
2026-05-06T08:30:00+02:00,0.151628
2026-05-06T08:45:00+02:00,0.1518
2026-05-06T09:00:00+02:00,0.152145
2026-05-06T09:15:00+02:00,0.151283
2026-05-06T09:30:00+02:00,0.150938
2026-05-06T09:45:00+02:00,0.150248
2026-05-06T10:00:00+02:00,0.149903
2026-05-06T10:15:00+02:00,0.150075
2026-05-06T10:30:00+02:00,0.15042
2026-05-06T10:45:00+02:00,0.15042
2026-05-06T11:00:00+02:00,0.15111
2026-05-06T11:15:00+02:00,0.14973
2026-05-06T11:30:00+02:00,0.150938
2026-05-06T11:45:00+02:00,0.151283
2026-05-06T12:00:00+02:00,0.15111
2026-05-06T12:15:00+02:00,0.151024
2026-05-06T12:30:00+02:00,0.153008
2026-05-06T12:45:00+02:00,0.150593
2026-05-06T13:00:00+02:00,0.151628
2026-05-06T13:15:00+02:00,0.152663
2026-05-06T13:30:00+02:00,0.151455
2026-05-06T13:45:00+02:00,0.150593
2026-05-06T14:00:00+02:00,0.150938
2026-05-06T14:15:00+02:00,0.151283
2026-05-06T14:30:00+02:00,0.150938
2026-05-06T14:45:00+02:00,0.150248
2026-05-06T15:00:00+02:00,0.1518
2026-05-06T15:15:00+02:00,0.14973
2026-05-06T15:30:00+02:00,0.15042
2026-05-06T15:45:00+02:00,0.15111
2026-05-06T16:00:00+02:00,0.150938
2026-05-06T16:15:00+02:00,0.150161
2026-05-06T16:30:00+02:00,0.150593
2026-05-06T16:45:00+02:00,0.150248
2026-05-06T17:00:00+02:00,0.149903
2026-05-06T17:15:00+02:00,0.151973
2026-05-06T17:30:00+02:00,0.15042
2026-05-06T17:45:00+02:00,0.15042
2026-05-06T18:00:00+02:00,0.151541
2026-05-06T18:15:00+02:00,0.150765
2026-05-06T18:30:00+02:00,0.151283
2026-05-06T18:45:00+02:00,0.15042
2026-05-06T19:00:00+02:00,0.151628
2026-05-06T19:15:00+02:00,0.15042
2026-05-06T19:30:00+02:00,0.151628
2026-05-06T19:45:00+02:00,0.150593
2026-05-06T20:00:00+02:00,0.150765
2026-05-06T20:15:00+02:00,0.151455
2026-05-06T20:30:00+02:00,0.151455
2026-05-06T20:45:00+02:00,0.1518
2026-05-06T21:00:00+02:00,0.151455
2026-05-06T21:15:00+02:00,0.151628
2026-05-06T21:30:00+02:00,0.151886
2026-05-06T21:45:00+02:00,0.1518
2026-05-06T22:00:00+02:00,0.15111
2026-05-06T22:15:00+02:00,0.151973
2026-05-06T22:30:00+02:00,0.150248
2026-05-06T22:45:00+02:00,0.1518
2026-05-06T23:00:00+02:00,0.15111
2026-05-06T23:15:00+02:00,0.152145
2026-05-06T23:30:00+02:00,0.152059
2026-05-06T23:45:00+02:00,0.151973
2026-05-07T00:00:00+02:00,0.152318
2026-05-07T00:15:00+02:00,0.15111
2026-05-07T00:30:00+02:00,0.151628
2026-05-07T00:45:00+02:00,0.15249
2026-05-07T01:00:00+02:00,0.15318
2026-05-07T01:15:00+02:00,0.152663
2026-05-07T01:30:00+02:00,0.152059
2026-05-07T01:45:00+02:00,0.1518
2026-05-07T02:00:00+02:00,0.15318
2026-05-07T02:15:00+02:00,0.15249
2026-05-07T02:30:00+02:00,0.15249
2026-05-07T02:45:00+02:00,0.151283
2026-05-07T03:00:00+02:00,0.152835
2026-05-07T03:15:00+02:00,0.151628
2026-05-07T03:30:00+02:00,0.151455
2026-05-07T03:45:00+02:00,0.152231
2026-05-07T04:00:00+02:00,0.151455
2026-05-07T04:15:00+02:00,0.152145
2026-05-07T04:30:00+02:00,0.1518
2026-05-07T04:45:00+02:00,0.151628
2026-05-07T05:00:00+02:00,0.1518
2026-05-07T05:15:00+02:00,0.1518
2026-05-07T05:30:00+02:00,0.152835
2026-05-07T05:45:00+02:00,0.152318
2026-05-07T06:00:00+02:00,0.250815
2026-05-07T06:15:00+02:00,0.247883
2026-05-07T06:30:00+02:00,0.198203
2026-05-07T06:45:00+02:00,0.19872
2026-05-07T07:00:00+02:00,0.237532
2026-05-07T07:15:00+02:00,0.25047
2026-05-07T07:30:00+02:00,0.240293
2026-05-07T07:45:00+02:00,0.239085
2026-05-07T08:00:00+02:00,0.243742
2026-05-07T08:15:00+02:00,0.240638
2026-05-07T08:30:00+02:00,0.235118
2026-05-07T08:45:00+02:00,0.24288
2026-05-07T09:00:00+02:00,0.244605
2026-05-07T09:15:00+02:00,0.213383
2026-05-07T09:30:00+02:00,0.16491
2026-05-07T09:45:00+02:00,0.229943
2026-05-07T10:00:00+02:00,0.244778
2026-05-07T10:15:00+02:00,0.246848
2026-05-07T10:30:00+02:00,0.249435
2026-05-07T10:45:00+02:00,0.22839
2026-05-07T11:00:00+02:00,0.239775
2026-05-07T11:15:00+02:00,0.21045
2026-05-07T11:30:00+02:00,0.1656
2026-05-07T11:45:00+02:00,0.246502
2026-05-07T12:00:00+02:00,0.225026
2026-05-07T12:15:00+02:00,0.221145
2026-05-07T12:30:00+02:00,0.223043
2026-05-07T12:45:00+02:00,0.260648
2026-05-07T13:00:00+02:00,0.19458
2026-05-07T13:15:00+02:00,0.150938
2026-05-07T13:30:00+02:00,0.151628
2026-05-07T13:45:00+02:00,0.15042
2026-05-07T14:00:00+02:00,0.151628
2026-05-07T14:15:00+02:00,0.152059
2026-05-07T14:30:00+02:00,0.150938
2026-05-07T14:45:00+02:00,0.151628
2026-05-07T15:00:00+02:00,0.150593
2026-05-07T15:15:00+02:00,0.151283
2026-05-07T15:30:00+02:00,0.15111
2026-05-07T15:45:00+02:00,0.1518
2026-05-07T16:00:00+02:00,0.15111
2026-05-07T16:15:00+02:00,0.151455
2026-05-07T16:30:00+02:00,0.15042
2026-05-07T16:45:00+02:00,0.15111
2026-05-07T17:00:00+02:00,0.15111
2026-05-07T17:15:00+02:00,0.150593
2026-05-07T17:30:00+02:00,0.152145
2026-05-07T17:45:00+02:00,0.151455
2026-05-07T18:00:00+02:00,0.1518
2026-05-07T18:15:00+02:00,0.151886
2026-05-07T18:30:00+02:00,0.151283
2026-05-07T18:45:00+02:00,0.150938
2026-05-07T19:00:00+02:00,0.151283
2026-05-07T19:15:00+02:00,0.151973
2026-05-07T19:30:00+02:00,0.1518
2026-05-07T19:45:00+02:00,0.152145
2026-05-07T20:00:00+02:00,0.151628
2026-05-07T20:15:00+02:00,0.152059
2026-05-07T20:30:00+02:00,0.151628
2026-05-07T20:45:00+02:00,0.151628
2026-05-07T21:00:00+02:00,0.150765
2026-05-07T21:15:00+02:00,0.15111
2026-05-07T21:30:00+02:00,0.151283
2026-05-07T21:45:00+02:00,0.151973
2026-05-07T22:00:00+02:00,0.151283
2026-05-07T22:15:00+02:00,0.15111
2026-05-07T22:30:00+02:00,0.150765
2026-05-07T22:45:00+02:00,0.151283
2026-05-07T23:00:00+02:00,0.150765
2026-05-07T23:15:00+02:00,0.151283
2026-05-07T23:30:00+02:00,0.151283
2026-05-07T23:45:00+02:00,0.150938
2026-05-08T00:00:00+02:00,0.151628
2026-05-08T00:15:00+02:00,0.151455
2026-05-08T00:30:00+02:00,0.152145
2026-05-08T00:45:00+02:00,0.150938
2026-05-08T01:00:00+02:00,0.15111
2026-05-08T01:15:00+02:00,0.151283
2026-05-08T01:30:00+02:00,0.151455
2026-05-08T01:45:00+02:00,0.15111
2026-05-08T02:00:00+02:00,0.151455
2026-05-08T02:15:00+02:00,0.151455
2026-05-08T02:30:00+02:00,0.15111
2026-05-08T02:45:00+02:00,0.151283
2026-05-08T03:00:00+02:00,0.151628
2026-05-08T03:15:00+02:00,0.150938
2026-05-08T03:30:00+02:00,0.150938
2026-05-08T03:45:00+02:00,0.150593
2026-05-08T04:00:00+02:00,0.151628
2026-05-08T04:15:00+02:00,0.151714
2026-05-08T04:30:00+02:00,0.15111
2026-05-08T04:45:00+02:00,0.151455
2026-05-08T05:00:00+02:00,0.1518
2026-05-08T05:15:00+02:00,0.150248
2026-05-08T05:30:00+02:00,0.150765
2026-05-08T05:45:00+02:00,0.15111
2026-05-08T06:00:00+02:00,0.151455
2026-05-08T06:15:00+02:00,0.15111
2026-05-08T06:30:00+02:00,0.150593
2026-05-08T06:45:00+02:00,0.150765
2026-05-08T07:00:00+02:00,0.151283
2026-05-08T07:15:00+02:00,0.150938
2026-05-08T07:30:00+02:00,0.150593
2026-05-08T07:45:00+02:00,0.149903
2026-05-08T08:00:00+02:00,0.150938
2026-05-08T08:15:00+02:00,0.151628
2026-05-08T08:30:00+02:00,0.15042
2026-05-08T08:45:00+02:00,0.151455
2026-05-08T09:00:00+02:00,0.150248
2026-05-08T09:15:00+02:00,0.150765
2026-05-08T09:30:00+02:00,0.15042
2026-05-08T09:45:00+02:00,0.1518
2026-05-08T10:00:00+02:00,0.150593
2026-05-08T10:15:00+02:00,0.150938
2026-05-08T10:30:00+02:00,0.1518
2026-05-08T10:45:00+02:00,0.151283
2026-05-08T11:00:00+02:00,0.151455
2026-05-08T11:15:00+02:00,0.151714
2026-05-08T11:30:00+02:00,0.150938
2026-05-08T11:45:00+02:00,0.151973
2026-05-08T12:00:00+02:00,0.15111
2026-05-08T12:15:00+02:00,0.150938
2026-05-08T12:30:00+02:00,0.150593
2026-05-08T12:45:00+02:00,0.151455
2026-05-08T13:00:00+02:00,0.152318
2026-05-08T13:15:00+02:00,0.150075
2026-05-08T13:30:00+02:00,0.151283
2026-05-08T13:45:00+02:00,0.150938
2026-05-08T14:00:00+02:00,0.152318
2026-05-08T14:15:00+02:00,0.150938
2026-05-08T14:30:00+02:00,0.15111
2026-05-08T14:45:00+02:00,0.150593
2026-05-08T15:00:00+02:00,0.151973
2026-05-08T15:15:00+02:00,0.1518
2026-05-08T15:30:00+02:00,0.15111
2026-05-08T15:45:00+02:00,0.150765
2026-05-08T16:00:00+02:00,0.150248
2026-05-08T16:15:00+02:00,0.15111
2026-05-08T16:30:00+02:00,0.15042
2026-05-08T16:45:00+02:00,0.151455
2026-05-08T17:00:00+02:00,0.151283
2026-05-08T17:15:00+02:00,0.152318
2026-05-08T17:30:00+02:00,0.151628
2026-05-08T17:45:00+02:00,0.151455
2026-05-08T18:00:00+02:00,0.151455
2026-05-08T18:15:00+02:00,0.151283
2026-05-08T18:30:00+02:00,0.15249
2026-05-08T18:45:00+02:00,0.152663
2026-05-08T19:00:00+02:00,0.151455
2026-05-08T19:15:00+02:00,0.151283
2026-05-08T19:30:00+02:00,0.150938
2026-05-08T19:45:00+02:00,0.151283
2026-05-08T20:00:00+02:00,0.152145
2026-05-08T20:15:00+02:00,0.15111
2026-05-08T20:30:00+02:00,0.151455
2026-05-08T20:45:00+02:00,0.151628
2026-05-08T21:00:00+02:00,0.151283
2026-05-08T21:15:00+02:00,0.15111
2026-05-08T21:30:00+02:00,0.1518
2026-05-08T21:45:00+02:00,0.152318
2026-05-08T22:00:00+02:00,0.151283
2026-05-08T22:15:00+02:00,0.149903
2026-05-08T22:30:00+02:00,0.149385
2026-05-08T22:45:00+02:00,0.149558
2026-05-08T23:00:00+02:00,0.15111
2026-05-08T23:15:00+02:00,0.15042
2026-05-08T23:30:00+02:00,0.150248
2026-05-08T23:45:00+02:00,0.150248
2026-05-09T00:00:00+02:00,0.148868
2026-05-09T00:15:00+02:00,0.148695
2026-05-09T00:30:00+02:00,0.148523
2026-05-09T00:45:00+02:00,0.151283
2026-05-09T01:00:00+02:00,0.147315
2026-05-09T01:15:00+02:00,0.148695
2026-05-09T01:30:00+02:00,0.14973
2026-05-09T01:45:00+02:00,0.15111
2026-05-09T02:00:00+02:00,0.150938
2026-05-09T02:15:00+02:00,0.148695
2026-05-09T02:30:00+02:00,0.15111
2026-05-09T02:45:00+02:00,0.15042
2026-05-09T03:00:00+02:00,0.149213
2026-05-09T03:15:00+02:00,0.150938
2026-05-09T03:30:00+02:00,0.15249
2026-05-09T03:45:00+02:00,0.151455
2026-05-09T04:00:00+02:00,0.151283
2026-05-09T04:15:00+02:00,0.15042
2026-05-09T04:30:00+02:00,0.149903
2026-05-09T04:45:00+02:00,0.15042
2026-05-09T05:00:00+02:00,0.147833
2026-05-09T05:15:00+02:00,0.14697
2026-05-09T05:30:00+02:00,0.14697
2026-05-09T05:45:00+02:00,0.14766
2026-05-09T06:00:00+02:00,0.147143
2026-05-09T06:15:00+02:00,0.1449
2026-05-09T06:30:00+02:00,0.145245
2026-05-09T06:45:00+02:00,0.14835
2026-05-09T07:00:00+02:00,0.146108
2026-05-09T07:15:00+02:00,0.148005
2026-05-09T07:30:00+02:00,0.149385
2026-05-09T07:45:00+02:00,0.14766
2026-05-09T08:00:00+02:00,0.14628
2026-05-09T08:15:00+02:00,0.146798
2026-05-09T08:30:00+02:00,0.14697
2026-05-09T08:45:00+02:00,0.14559
2026-05-09T09:00:00+02:00,0.145418
2026-05-09T09:15:00+02:00,0.145935
2026-05-09T09:30:00+02:00,0.14559
2026-05-09T09:45:00+02:00,0.145417
2026-05-09T10:00:00+02:00,0.147143
2026-05-09T10:15:00+02:00,0.14766
2026-05-09T10:30:00+02:00,0.146108
2026-05-09T10:45:00+02:00,0.146108
2026-05-09T11:00:00+02:00,0.145935
2026-05-09T11:15:00+02:00,0.144727
2026-05-09T11:30:00+02:00,0.14421
2026-05-09T11:45:00+02:00,0.146453
2026-05-09T12:00:00+02:00,0.149385
2026-05-09T12:15:00+02:00,0.14835
2026-05-09T12:30:00+02:00,0.149213
2026-05-09T12:45:00+02:00,0.147143
2026-05-09T13:00:00+02:00,0.147833
2026-05-09T13:15:00+02:00,0.14904
2026-05-09T13:30:00+02:00,0.148695
2026-05-09T13:45:00+02:00,0.147315
2026-05-09T14:00:00+02:00,0.148178
2026-05-09T14:15:00+02:00,0.14766
2026-05-09T14:30:00+02:00,0.148695
2026-05-09T14:45:00+02:00,0.14697
2026-05-09T15:00:00+02:00,0.148523
2026-05-09T15:15:00+02:00,0.147919
2026-05-09T15:30:00+02:00,0.147315
2026-05-09T15:45:00+02:00,0.147143
2026-05-09T16:00:00+02:00,0.147833
2026-05-09T16:15:00+02:00,0.148005
2026-05-09T16:30:00+02:00,0.147833
2026-05-09T16:45:00+02:00,0.14697
2026-05-09T17:00:00+02:00,0.14835
2026-05-09T17:15:00+02:00,0.14766
2026-05-09T17:30:00+02:00,0.14697
2026-05-09T17:45:00+02:00,0.14766
2026-05-09T18:00:00+02:00,0.147833
2026-05-09T18:15:00+02:00,0.147229
2026-05-09T18:30:00+02:00,0.148868
2026-05-09T18:45:00+02:00,0.14904
2026-05-09T19:00:00+02:00,0.148005
2026-05-09T19:15:00+02:00,0.14766
2026-05-09T19:30:00+02:00,0.148868
2026-05-09T19:45:00+02:00,0.148695
2026-05-09T20:00:00+02:00,0.147833
2026-05-09T20:15:00+02:00,0.145763
2026-05-09T20:30:00+02:00,0.14628
2026-05-09T20:45:00+02:00,0.147143
2026-05-09T21:00:00+02:00,0.147833
2026-05-09T21:15:00+02:00,0.149385
2026-05-09T21:30:00+02:00,0.149385
2026-05-09T21:45:00+02:00,0.148523
2026-05-09T22:00:00+02:00,0.149385
2026-05-09T22:15:00+02:00,0.149558
2026-05-09T22:30:00+02:00,0.148523
2026-05-09T22:45:00+02:00,0.147833
2026-05-09T23:00:00+02:00,0.148868
2026-05-09T23:15:00+02:00,0.148005
2026-05-09T23:30:00+02:00,0.148868
2026-05-09T23:45:00+02:00,0.149299
2026-05-10T00:00:00+02:00,0.149903
2026-05-10T00:15:00+02:00,0.149903
2026-05-10T00:30:00+02:00,0.14904
2026-05-10T00:45:00+02:00,0.147833
2026-05-10T01:00:00+02:00,0.148695
2026-05-10T01:15:00+02:00,0.147488
2026-05-10T01:30:00+02:00,0.148523
2026-05-10T01:45:00+02:00,0.149385
2026-05-10T02:00:00+02:00,0.14904
2026-05-10T02:15:00+02:00,0.14835
2026-05-10T02:30:00+02:00,0.14904
2026-05-10T02:45:00+02:00,0.150248
2026-05-10T03:00:00+02:00,0.14835
2026-05-10T03:15:00+02:00,0.148868
2026-05-10T03:30:00+02:00,0.147833
2026-05-10T03:45:00+02:00,0.148868
2026-05-10T04:00:00+02:00,0.147143
2026-05-10T04:15:00+02:00,0.146625
2026-05-10T04:30:00+02:00,0.145763
2026-05-10T04:45:00+02:00,0.148178
2026-05-10T05:00:00+02:00,0.146453
2026-05-10T05:15:00+02:00,0.147315
2026-05-10T05:30:00+02:00,0.148868
2026-05-10T05:45:00+02:00,0.14697
2026-05-10T06:00:00+02:00,0.148178
2026-05-10T06:15:00+02:00,0.148523
2026-05-10T06:30:00+02:00,0.148005
2026-05-10T06:45:00+02:00,0.149385
2026-05-10T07:00:00+02:00,0.148954
2026-05-10T07:15:00+02:00,0.147315
2026-05-10T07:30:00+02:00,0.147488
2026-05-10T07:45:00+02:00,0.148005
2026-05-10T08:00:00+02:00,0.146453
2026-05-10T08:15:00+02:00,0.146453
2026-05-10T08:30:00+02:00,0.14697
2026-05-10T08:45:00+02:00,0.148523
2026-05-10T09:00:00+02:00,0.14559
2026-05-10T09:15:00+02:00,0.14697
2026-05-10T09:30:00+02:00,0.148178
2026-05-10T09:45:00+02:00,0.14835
2026-05-10T10:00:00+02:00,0.145935
2026-05-10T10:15:00+02:00,0.148005
2026-05-10T10:30:00+02:00,0.147315
2026-05-10T10:45:00+02:00,0.147143
2026-05-10T11:00:00+02:00,0.14835
2026-05-10T11:15:00+02:00,0.148695
2026-05-10T11:30:00+02:00,0.147488
2026-05-10T11:45:00+02:00,0.147143
2026-05-10T12:00:00+02:00,0.147488
2026-05-10T12:15:00+02:00,0.146108
2026-05-10T12:30:00+02:00,0.14766
2026-05-10T12:45:00+02:00,0.147143
2026-05-10T13:00:00+02:00,0.146798
2026-05-10T13:15:00+02:00,0.145763
2026-05-10T13:30:00+02:00,0.145935
2026-05-10T13:45:00+02:00,0.145935
2026-05-10T14:00:00+02:00,0.145935
2026-05-10T14:15:00+02:00,0.14628
2026-05-10T14:30:00+02:00,0.145763
2026-05-10T14:45:00+02:00,0.145763
2026-05-10T15:00:00+02:00,0.144382
2026-05-10T15:15:00+02:00,0.145763
2026-05-10T15:30:00+02:00,0.145072
2026-05-10T15:45:00+02:00,0.14628
2026-05-10T16:00:00+02:00,0.14559
2026-05-10T16:15:00+02:00,0.146108
2026-05-10T16:30:00+02:00,0.14559
2026-05-10T16:45:00+02:00,0.146453
2026-05-10T17:00:00+02:00,0.145417
2026-05-10T17:15:00+02:00,0.146194
2026-05-10T17:30:00+02:00,0.146798
2026-05-10T17:45:00+02:00,0.145763
2026-05-10T18:00:00+02:00,0.146108
2026-05-10T18:15:00+02:00,0.148178
2026-05-10T18:30:00+02:00,0.148005
2026-05-10T18:45:00+02:00,0.148695
2026-05-10T19:00:00+02:00,0.147833
2026-05-10T19:15:00+02:00,0.148178
2026-05-10T19:30:00+02:00,0.149299
2026-05-10T19:45:00+02:00,0.14835
2026-05-10T20:00:00+02:00,0.148868
2026-05-10T20:15:00+02:00,0.147315
2026-05-10T20:30:00+02:00,0.14904
2026-05-10T20:45:00+02:00,0.150248
2026-05-10T21:00:00+02:00,0.151628
2026-05-10T21:15:00+02:00,0.15111
2026-05-10T21:30:00+02:00,0.150765
2026-05-10T21:45:00+02:00,0.151886
2026-05-10T22:00:00+02:00,0.150248
2026-05-10T22:15:00+02:00,0.149385
2026-05-10T22:30:00+02:00,0.14904
2026-05-10T22:45:00+02:00,0.149385
2026-05-10T23:00:00+02:00,0.149213
2026-05-10T23:15:00+02:00,0.1518
2026-05-10T23:30:00+02:00,0.150593
2026-05-10T23:45:00+02:00,0.150851
2026-05-11T00:00:00+02:00,0.150248
2026-05-11T00:15:00+02:00,0.150334
2026-05-11T00:30:00+02:00,0.150248
2026-05-11T00:45:00+02:00,0.150765
2026-05-11T01:00:00+02:00,0.150248
2026-05-11T01:15:00+02:00,0.150938
2026-05-11T01:30:00+02:00,0.150248
2026-05-11T01:45:00+02:00,0.1518
2026-05-11T02:00:00+02:00,0.150938
2026-05-11T02:15:00+02:00,0.152318
2026-05-11T02:30:00+02:00,0.151628
2026-05-11T02:45:00+02:00,0.1518
2026-05-11T03:00:00+02:00,0.150248
2026-05-11T03:15:00+02:00,0.148178
2026-05-11T03:30:00+02:00,0.150075
2026-05-11T03:45:00+02:00,0.150765
2026-05-11T04:00:00+02:00,0.151455
2026-05-11T04:15:00+02:00,0.1518
2026-05-11T04:30:00+02:00,0.151455
2026-05-11T04:45:00+02:00,0.150938
2026-05-11T05:00:00+02:00,0.151455
2026-05-11T05:15:00+02:00,0.152318
2026-05-11T05:30:00+02:00,0.151455
2026-05-11T05:45:00+02:00,0.15111
2026-05-11T06:00:00+02:00,0.154043
2026-05-11T06:15:00+02:00,0.152145
2026-05-11T06:30:00+02:00,0.151628
2026-05-11T06:45:00+02:00,0.153008
2026-05-11T07:00:00+02:00,0.152318
2026-05-11T07:15:00+02:00,0.151283
2026-05-11T07:30:00+02:00,0.151628
2026-05-11T07:45:00+02:00,0.15318
2026-05-11T08:00:00+02:00,0.150765
2026-05-11T08:15:00+02:00,0.150248
2026-05-11T08:30:00+02:00,0.150593
2026-05-11T08:45:00+02:00,0.150593
2026-05-11T09:00:00+02:00,0.148005
2026-05-11T09:15:00+02:00,0.148178
2026-05-11T09:30:00+02:00,0.148695
2026-05-11T09:45:00+02:00,0.150075
2026-05-11T10:00:00+02:00,0.150075
2026-05-11T10:15:00+02:00,0.14697
2026-05-11T10:30:00+02:00,0.148178
2026-05-11T10:45:00+02:00,0.14973
2026-05-11T11:00:00+02:00,0.14766
2026-05-11T11:15:00+02:00,0.148005
2026-05-11T11:30:00+02:00,0.148005
2026-05-11T11:45:00+02:00,0.148523
2026-05-11T12:00:00+02:00,0.14697
2026-05-11T12:15:00+02:00,0.149213
2026-05-11T12:30:00+02:00,0.149558
2026-05-11T12:45:00+02:00,0.14904
2026-05-11T13:00:00+02:00,0.149903
2026-05-11T13:15:00+02:00,0.15111
2026-05-11T13:30:00+02:00,0.152145
2026-05-11T13:45:00+02:00,0.150248
2026-05-11T14:00:00+02:00,0.15042
2026-05-11T14:15:00+02:00,0.149385
2026-05-11T14:30:00+02:00,0.147833
2026-05-11T14:45:00+02:00,0.208035
2026-05-11T15:00:00+02:00,0.219938
2026-05-11T15:15:00+02:00,0.213641
2026-05-11T15:30:00+02:00,0.22149
2026-05-11T15:45:00+02:00,0.225026
2026-05-11T16:00:00+02:00,0.222008
2026-05-11T16:15:00+02:00,0.219593
2026-05-11T16:30:00+02:00,0.219851
2026-05-11T16:45:00+02:00,0.21873
2026-05-11T17:00:00+02:00,0.163185
2026-05-11T17:15:00+02:00,0.15525
2026-05-11T17:30:00+02:00,0.223387
2026-05-11T17:45:00+02:00,0.239257
2026-05-11T18:00:00+02:00,0.195615
2026-05-11T18:15:00+02:00,0.222956
2026-05-11T18:30:00+02:00,0.22011
2026-05-11T18:45:00+02:00,0.246244
2026-05-11T19:00:00+02:00,0.23529
2026-05-11T19:15:00+02:00,0.216488
2026-05-11T19:30:00+02:00,0.221921
2026-05-11T19:45:00+02:00,0.223215
2026-05-11T20:00:00+02:00,0.205965
2026-05-11T20:15:00+02:00,0.243311
2026-05-11T20:30:00+02:00,0.258232
2026-05-11T20:45:00+02:00,0.224768
2026-05-11T21:00:00+02:00,0.22356
2026-05-11T21:15:00+02:00,0.229943
2026-05-11T21:30:00+02:00,0.224768
2026-05-11T21:45:00+02:00,0.20493
2026-05-11T22:00:00+02:00,0.268065
2026-05-11T22:15:00+02:00,0.270566
2026-05-11T22:30:00+02:00,0.26151
2026-05-11T22:45:00+02:00,0.308948
2026-05-11T23:00:00+02:00,0.274792
2026-05-11T23:15:00+02:00,0.219075
2026-05-11T23:30:00+02:00,0.294457
2026-05-11T23:45:00+02:00,0.324041
2026-05-12T00:00:00+02:00,0.305842
2026-05-12T00:15:00+02:00,0.30291
2026-05-12T00:30:00+02:00,0.33603
2026-05-12T00:45:00+02:00,0.327405
2026-05-12T01:00:00+02:00,0.308948
2026-05-12T01:15:00+02:00,0.305152
2026-05-12T01:30:00+02:00,0.310241
2026-05-12T01:45:00+02:00,0.30429
2026-05-12T02:00:00+02:00,0.308775
2026-05-12T02:15:00+02:00,0.316365
2026-05-12T02:30:00+02:00,0.312225
2026-05-12T02:45:00+02:00,0.305239
2026-05-12T03:00:00+02:00,0.306015
2026-05-12T03:15:00+02:00,0.305325
2026-05-12T03:30:00+02:00,0.210967
2026-05-12T03:45:00+02:00,0.17112
2026-05-12T04:00:00+02:00,0.30498
2026-05-12T04:15:00+02:00,0.309379
2026-05-12T04:30:00+02:00,0.305842
2026-05-12T04:45:00+02:00,0.318435
2026-05-12T05:00:00+02:00,0.301012
2026-05-12T05:15:00+02:00,0.306877
2026-05-12T05:30:00+02:00,0.222007
2026-05-12T05:45:00+02:00,0.168188
2026-05-12T06:00:00+02:00,0.149903
2026-05-12T06:15:00+02:00,0.15042
2026-05-12T06:30:00+02:00,0.150075
2026-05-12T06:45:00+02:00,0.16077
2026-05-12T07:00:00+02:00,0.151628
2026-05-12T07:15:00+02:00,0.151283
2026-05-12T07:30:00+02:00,0.151283
2026-05-12T07:45:00+02:00,0.151283
2026-05-12T08:00:00+02:00,0.152145
2026-05-12T08:15:00+02:00,0.150075
2026-05-12T08:30:00+02:00,0.151628
2026-05-12T08:45:00+02:00,0.15111
2026-05-12T09:00:00+02:00,0.149903
2026-05-12T09:15:00+02:00,0.149385
2026-05-12T09:30:00+02:00,0.150593
2026-05-12T09:45:00+02:00,0.150593
2026-05-12T10:00:00+02:00,0.151283
2026-05-12T10:15:00+02:00,0.151628
2026-05-12T10:30:00+02:00,0.150765
2026-05-12T10:45:00+02:00,0.150593
2026-05-12T11:00:00+02:00,0.15111
2026-05-12T11:15:00+02:00,0.15111
2026-05-12T11:30:00+02:00,0.149385
2026-05-12T11:45:00+02:00,0.148695
2026-05-12T12:00:00+02:00,0.147833
2026-05-12T12:15:00+02:00,0.150334
2026-05-12T12:30:00+02:00,0.150765
2026-05-12T12:45:00+02:00,0.150075
2026-05-12T13:00:00+02:00,0.149558
2026-05-12T13:15:00+02:00,0.151283
2026-05-12T13:30:00+02:00,0.15042
2026-05-12T13:45:00+02:00,0.15111
2026-05-12T14:00:00+02:00,0.222525
2026-05-12T14:15:00+02:00,0.226493
2026-05-12T14:30:00+02:00,0.23736
2026-05-12T14:45:00+02:00,0.23667
2026-05-12T15:00:00+02:00,0.23391
2026-05-12T15:15:00+02:00,0.234083
2026-05-12T15:30:00+02:00,0.240465
2026-05-12T15:45:00+02:00,0.247365
2026-05-12T16:00:00+02:00,0.252023
2026-05-12T16:15:00+02:00,0.233565
2026-05-12T16:30:00+02:00,0.253058
2026-05-12T16:45:00+02:00,0.239861
2026-05-12T17:00:00+02:00,0.244778
2026-05-12T17:15:00+02:00,0.23529
2026-05-12T17:30:00+02:00,0.23805
2026-05-12T17:45:00+02:00,0.22494
2026-05-12T18:00:00+02:00,0.214073
2026-05-12T18:15:00+02:00,0.234083
2026-05-12T18:30:00+02:00,0.23046
2026-05-12T18:45:00+02:00,0.250125
2026-05-12T19:00:00+02:00,0.224595
2026-05-12T19:15:00+02:00,0.22977
2026-05-12T19:30:00+02:00,0.225199
2026-05-12T19:45:00+02:00,0.208035
2026-05-12T20:00:00+02:00,0.218557
2026-05-12T20:15:00+02:00,0.216143
2026-05-12T20:30:00+02:00,0.21114
2026-05-12T20:45:00+02:00,0.207518
2026-05-12T21:00:00+02:00,0.234083
2026-05-12T21:15:00+02:00,0.234945
2026-05-12T21:30:00+02:00,0.187163
2026-05-12T21:45:00+02:00,0.152663
2026-05-12T22:00:00+02:00,0.151973
2026-05-12T22:15:00+02:00,0.150765
2026-05-12T22:30:00+02:00,0.1518
2026-05-12T22:45:00+02:00,0.150593
2026-05-12T23:00:00+02:00,0.151455
2026-05-12T23:15:00+02:00,0.150938
2026-05-12T23:30:00+02:00,0.14973
2026-05-12T23:45:00+02:00,0.150075
2026-05-13T00:00:00+02:00,0.14973
2026-05-13T00:15:00+02:00,0.150593
2026-05-13T00:30:00+02:00,0.151541
2026-05-13T00:45:00+02:00,0.152318
2026-05-13T01:00:00+02:00,0.150938
2026-05-13T01:15:00+02:00,0.1518
2026-05-13T01:30:00+02:00,0.151628
2026-05-13T01:45:00+02:00,0.151283
2026-05-13T02:00:00+02:00,0.151628
2026-05-13T02:15:00+02:00,0.153008
2026-05-13T02:30:00+02:00,0.152318
2026-05-13T02:45:00+02:00,0.1518
2026-05-13T03:00:00+02:00,0.151283
2026-05-13T03:15:00+02:00,0.148695
2026-05-13T03:30:00+02:00,0.1518
2026-05-13T03:45:00+02:00,0.151455
2026-05-13T04:00:00+02:00,0.151455
2026-05-13T04:15:00+02:00,0.151973
2026-05-13T04:30:00+02:00,0.152835
2026-05-13T04:45:00+02:00,0.151973
2026-05-13T05:00:00+02:00,0.151628
2026-05-13T05:15:00+02:00,0.15111
2026-05-13T05:30:00+02:00,0.1518
2026-05-13T05:45:00+02:00,0.150765
2026-05-13T06:00:00+02:00,0.150593
2026-05-13T06:15:00+02:00,0.15042
2026-05-13T06:30:00+02:00,0.151973
2026-05-13T06:45:00+02:00,0.151973
2026-05-13T07:00:00+02:00,0.150938
2026-05-13T07:15:00+02:00,0.151455
2026-05-13T07:30:00+02:00,0.150593
2026-05-13T07:45:00+02:00,0.151628
2026-05-13T08:00:00+02:00,0.149385
2026-05-13T08:15:00+02:00,0.150765
2026-05-13T08:30:00+02:00,0.152835
2026-05-13T08:45:00+02:00,0.151283
2026-05-13T09:00:00+02:00,0.150248
2026-05-13T09:15:00+02:00,0.150248
2026-05-13T09:30:00+02:00,0.150593
2026-05-13T09:45:00+02:00,0.149385
2026-05-13T10:00:00+02:00,0.15249
2026-05-13T10:15:00+02:00,0.151973
2026-05-13T10:30:00+02:00,0.151973
2026-05-13T10:45:00+02:00,0.150938
2026-05-13T11:00:00+02:00,0.15042
2026-05-13T11:15:00+02:00,0.1518
2026-05-13T11:30:00+02:00,0.150938
2026-05-13T11:45:00+02:00,0.152145
2026-05-13T12:00:00+02:00,0.151886
2026-05-13T12:15:00+02:00,0.150938
2026-05-13T12:30:00+02:00,0.151455
2026-05-13T12:45:00+02:00,0.152145
2026-05-13T13:00:00+02:00,0.151283
2026-05-13T13:15:00+02:00,0.15111
2026-05-13T13:30:00+02:00,0.15111
2026-05-13T13:45:00+02:00,0.150679
2026-05-13T14:00:00+02:00,0.18354
2026-05-13T14:15:00+02:00,0.210795
2026-05-13T14:30:00+02:00,0.243742
2026-05-13T14:45:00+02:00,0.233393
2026-05-13T15:00:00+02:00,0.216488
2026-05-13T15:15:00+02:00,0.220973
2026-05-13T15:30:00+02:00,0.224595
2026-05-13T15:45:00+02:00,0.229253
2026-05-13T16:00:00+02:00,0.25668
2026-05-13T16:15:00+02:00,0.232875
2026-05-13T16:30:00+02:00,0.227355
2026-05-13T16:45:00+02:00,0.228907
2026-05-13T17:00:00+02:00,0.219938
2026-05-13T17:15:00+02:00,0.20424
2026-05-13T17:30:00+02:00,0.214676
2026-05-13T17:45:00+02:00,0.234082
2026-05-13T18:00:00+02:00,0.236153
2026-05-13T18:15:00+02:00,0.22977
2026-05-13T18:30:00+02:00,0.238912
2026-05-13T18:45:00+02:00,0.226751
2026-05-13T19:00:00+02:00,0.236152
2026-05-13T19:15:00+02:00,0.235635
2026-05-13T19:30:00+02:00,0.229253
2026-05-13T19:45:00+02:00,0.224078
2026-05-13T20:00:00+02:00,0.222008
2026-05-13T20:15:00+02:00,0.191648
2026-05-13T20:30:00+02:00,0.185955
2026-05-13T20:45:00+02:00,0.149385
2026-05-13T21:00:00+02:00,0.150938
2026-05-13T21:15:00+02:00,0.150938
2026-05-13T21:30:00+02:00,0.15111
2026-05-13T21:45:00+02:00,0.14835
2026-05-13T22:00:00+02:00,0.146711
2026-05-13T22:15:00+02:00,0.147143
2026-05-13T22:30:00+02:00,0.14835
2026-05-13T22:45:00+02:00,0.146625
2026-05-13T23:00:00+02:00,0.147143
2026-05-13T23:15:00+02:00,0.14766
2026-05-13T23:30:00+02:00,0.146108
2026-05-13T23:45:00+02:00,0.146108
2026-05-14T00:00:00+02:00,0.147488
2026-05-14T00:15:00+02:00,0.147315
2026-05-14T00:30:00+02:00,0.146625
2026-05-14T00:45:00+02:00,0.14628
2026-05-14T01:00:00+02:00,0.146108
2026-05-14T01:15:00+02:00,0.145763
2026-05-14T01:30:00+02:00,0.14628
2026-05-14T01:45:00+02:00,0.14628
2026-05-14T02:00:00+02:00,0.146108
2026-05-14T02:15:00+02:00,0.147488
2026-05-14T02:30:00+02:00,0.147488
2026-05-14T02:45:00+02:00,0.145763
2026-05-14T03:00:00+02:00,0.14559
2026-05-14T03:15:00+02:00,0.146625
2026-05-14T03:30:00+02:00,0.14559
2026-05-14T03:45:00+02:00,0.144727
2026-05-14T04:00:00+02:00,0.14628
2026-05-14T04:15:00+02:00,0.144727
2026-05-14T04:30:00+02:00,0.144728
2026-05-14T04:45:00+02:00,0.144382
2026-05-14T05:00:00+02:00,0.145245
2026-05-14T05:15:00+02:00,0.145245
2026-05-14T05:30:00+02:00,0.145418
2026-05-14T05:45:00+02:00,0.14559
2026-05-14T06:00:00+02:00,0.147833
2026-05-14T06:15:00+02:00,0.148178
2026-05-14T06:30:00+02:00,0.149903
2026-05-14T06:45:00+02:00,0.146453
2026-05-14T07:00:00+02:00,0.146798
2026-05-14T07:15:00+02:00,0.14697
2026-05-14T07:30:00+02:00,0.146625
2026-05-14T07:45:00+02:00,0.144037
2026-05-14T08:00:00+02:00,0.14697
2026-05-14T08:15:00+02:00,0.145418
2026-05-14T08:30:00+02:00,0.146453
2026-05-14T08:45:00+02:00,0.14628
2026-05-14T09:00:00+02:00,0.146453
2026-05-14T09:15:00+02:00,0.14766
2026-05-14T09:30:00+02:00,0.146108
2026-05-14T09:45:00+02:00,0.145418
2026-05-14T10:00:00+02:00,0.144037
2026-05-14T10:15:00+02:00,0.14352
2026-05-14T10:30:00+02:00,0.1449
2026-05-14T10:45:00+02:00,0.144727
2026-05-14T11:00:00+02:00,0.145418
2026-05-14T11:15:00+02:00,0.145245
2026-05-14T11:30:00+02:00,0.147143
2026-05-14T11:45:00+02:00,0.148005
2026-05-14T12:00:00+02:00,0.147315
2026-05-14T12:15:00+02:00,0.148178
2026-05-14T12:30:00+02:00,0.146453
2026-05-14T12:45:00+02:00,0.148005
2026-05-14T13:00:00+02:00,0.147833
2026-05-14T13:15:00+02:00,0.149385
2026-05-14T13:30:00+02:00,0.148781
2026-05-14T13:45:00+02:00,0.146798
2026-05-14T14:00:00+02:00,0.146108
2026-05-14T14:15:00+02:00,0.1449
2026-05-14T14:30:00+02:00,0.144037
2026-05-14T14:45:00+02:00,0.144555
2026-05-14T15:00:00+02:00,0.145245
2026-05-14T15:15:00+02:00,0.145072
2026-05-14T15:30:00+02:00,0.143002
2026-05-14T15:45:00+02:00,0.145763
2026-05-14T16:00:00+02:00,0.14559
2026-05-14T16:15:00+02:00,0.14559
2026-05-14T16:30:00+02:00,0.146021
2026-05-14T16:45:00+02:00,0.146625
2026-05-14T17:00:00+02:00,0.14628
2026-05-14T17:15:00+02:00,0.14766
2026-05-14T17:30:00+02:00,0.145935
2026-05-14T17:45:00+02:00,0.145763
2026-05-14T18:00:00+02:00,0.147315
2026-05-14T18:15:00+02:00,0.15042
2026-05-14T18:30:00+02:00,0.148005
2026-05-14T18:45:00+02:00,0.149385
2026-05-14T19:00:00+02:00,0.148523
2026-05-14T19:15:00+02:00,0.149558
2026-05-14T19:30:00+02:00,0.148178
2026-05-14T19:45:00+02:00,0.147833
2026-05-14T20:00:00+02:00,0.14835
2026-05-14T20:15:00+02:00,0.146625
2026-05-14T20:30:00+02:00,0.145245
2026-05-14T20:45:00+02:00,0.146798
2026-05-14T21:00:00+02:00,0.145245
2026-05-14T21:15:00+02:00,0.14697
2026-05-14T21:30:00+02:00,0.145417
2026-05-14T21:45:00+02:00,0.145418
2026-05-14T22:00:00+02:00,0.145935
2026-05-14T22:15:00+02:00,0.146108
2026-05-14T22:30:00+02:00,0.145245
2026-05-14T22:45:00+02:00,0.144382
2026-05-14T23:00:00+02:00,0.146625
2026-05-14T23:15:00+02:00,0.144555
2026-05-14T23:30:00+02:00,0.149213
2026-05-14T23:45:00+02:00,0.148178
2026-05-15T00:00:00+02:00,0.14697
2026-05-15T00:15:00+02:00,0.14559
2026-05-15T00:30:00+02:00,0.145245
2026-05-15T00:45:00+02:00,0.144296
2026-05-15T01:00:00+02:00,0.145935
2026-05-15T01:15:00+02:00,0.14697
2026-05-15T01:30:00+02:00,0.146108
2026-05-15T01:45:00+02:00,0.146798
2026-05-15T02:00:00+02:00,0.148695
2026-05-15T02:15:00+02:00,0.149385
2026-05-15T02:30:00+02:00,0.147488
2026-05-15T02:45:00+02:00,0.14835
2026-05-15T03:00:00+02:00,0.14835
2026-05-15T03:15:00+02:00,0.148005
2026-05-15T03:30:00+02:00,0.14697
2026-05-15T03:45:00+02:00,0.148695
2026-05-15T04:00:00+02:00,0.147833
2026-05-15T04:15:00+02:00,0.14973
2026-05-15T04:30:00+02:00,0.148178
2026-05-15T04:45:00+02:00,0.14766
2026-05-15T05:00:00+02:00,0.150075
2026-05-15T05:15:00+02:00,0.15111
2026-05-15T05:30:00+02:00,0.151283
2026-05-15T05:45:00+02:00,0.151283
2026-05-15T06:00:00+02:00,0.150593
2026-05-15T06:15:00+02:00,0.148523
2026-05-15T06:30:00+02:00,0.14904
2026-05-15T06:45:00+02:00,0.149558
2026-05-15T07:00:00+02:00,0.150593
2026-05-15T07:15:00+02:00,0.150938
2026-05-15T07:30:00+02:00,0.149213
2026-05-15T07:45:00+02:00,0.150938
2026-05-15T08:00:00+02:00,0.151628
2026-05-15T08:15:00+02:00,0.149903
2026-05-15T08:30:00+02:00,0.148868
2026-05-15T08:45:00+02:00,0.149213
2026-05-15T09:00:00+02:00,0.149385
2026-05-15T09:15:00+02:00,0.148178
2026-05-15T09:30:00+02:00,0.145763
2026-05-15T09:45:00+02:00,0.147143
2026-05-15T10:00:00+02:00,0.147315
2026-05-15T10:15:00+02:00,0.156803
2026-05-15T10:30:00+02:00,0.163358
2026-05-15T10:45:00+02:00,0.148523
2026-05-15T11:00:00+02:00,0.148695
2026-05-15T11:15:00+02:00,0.150075
2026-05-15T11:30:00+02:00,0.14835
2026-05-15T11:45:00+02:00,0.147833
2026-05-15T12:00:00+02:00,0.147315
2026-05-15T12:15:00+02:00,0.146539
2026-05-15T12:30:00+02:00,0.147833
2026-05-15T12:45:00+02:00,0.14904
2026-05-15T13:00:00+02:00,0.149903
2026-05-15T13:15:00+02:00,0.14904
2026-05-15T13:30:00+02:00,0.150938
2026-05-15T13:45:00+02:00,0.149213
2026-05-15T14:00:00+02:00,0.149213
2026-05-15T14:15:00+02:00,0.14835
2026-05-15T14:30:00+02:00,0.150248
2026-05-15T14:45:00+02:00,0.150248
2026-05-15T15:00:00+02:00,0.150765
2026-05-15T15:15:00+02:00,0.14973
2026-05-15T15:30:00+02:00,0.1518
2026-05-15T15:45:00+02:00,0.151283
2026-05-15T16:00:00+02:00,0.15042
2026-05-15T16:15:00+02:00,0.150593
2026-05-15T16:30:00+02:00,0.150765
2026-05-15T16:45:00+02:00,0.149213
2026-05-15T17:00:00+02:00,0.148695
2026-05-15T17:15:00+02:00,0.150248
2026-05-15T17:30:00+02:00,0.149126
2026-05-15T17:45:00+02:00,0.147833
2026-05-15T18:00:00+02:00,0.151455
2026-05-15T18:15:00+02:00,0.151628
2026-05-15T18:30:00+02:00,0.1518
2026-05-15T18:45:00+02:00,0.151628
2026-05-15T19:00:00+02:00,0.152145
2026-05-15T19:15:00+02:00,0.150075
2026-05-15T19:30:00+02:00,0.151283
2026-05-15T19:45:00+02:00,0.152663
2026-05-15T20:00:00+02:00,0.151541
2026-05-15T20:15:00+02:00,0.150075
2026-05-15T20:30:00+02:00,0.15042
2026-05-15T20:45:00+02:00,0.15111
2026-05-15T21:00:00+02:00,0.151455
2026-05-15T21:15:00+02:00,0.149903
2026-05-15T21:30:00+02:00,0.150765
2026-05-15T21:45:00+02:00,0.15111
2026-05-15T22:00:00+02:00,0.150765
2026-05-15T22:15:00+02:00,0.150765
2026-05-15T22:30:00+02:00,0.15042
2026-05-15T22:45:00+02:00,0.150938
2026-05-15T23:00:00+02:00,0.151455
2026-05-15T23:15:00+02:00,0.149385
2026-05-15T23:30:00+02:00,0.149558
2026-05-15T23:45:00+02:00,0.148005
2026-05-16T00:00:00+02:00,0.148523
2026-05-16T00:15:00+02:00,0.148523
2026-05-16T00:30:00+02:00,0.149903
2026-05-16T00:45:00+02:00,0.14697
2026-05-16T01:00:00+02:00,0.150075
2026-05-16T01:15:00+02:00,0.148523
2026-05-16T01:30:00+02:00,0.148695
2026-05-16T01:45:00+02:00,0.149385
2026-05-16T02:00:00+02:00,0.149558
2026-05-16T02:15:00+02:00,0.14904
2026-05-16T02:30:00+02:00,0.150075
2026-05-16T02:45:00+02:00,0.150075
2026-05-16T03:00:00+02:00,0.14973
2026-05-16T03:15:00+02:00,0.150075
2026-05-16T03:30:00+02:00,0.149385
2026-05-16T03:45:00+02:00,0.147833
2026-05-16T04:00:00+02:00,0.149385
2026-05-16T04:15:00+02:00,0.148178
2026-05-16T04:30:00+02:00,0.147833
2026-05-16T04:45:00+02:00,0.147488
2026-05-16T05:00:00+02:00,0.148695
2026-05-16T05:15:00+02:00,0.150248
2026-05-16T05:30:00+02:00,0.149558
2026-05-16T05:45:00+02:00,0.149903
2026-05-16T06:00:00+02:00,0.15111
2026-05-16T06:15:00+02:00,0.150248
2026-05-16T06:30:00+02:00,0.148523
2026-05-16T06:45:00+02:00,0.149385
2026-05-16T07:00:00+02:00,0.148695
2026-05-16T07:15:00+02:00,0.152318
2026-05-16T07:30:00+02:00,0.151455
2026-05-16T07:45:00+02:00,0.151628
2026-05-16T08:00:00+02:00,0.15042
2026-05-16T08:15:00+02:00,0.150248
2026-05-16T08:30:00+02:00,0.15111
2026-05-16T08:45:00+02:00,0.150938
2026-05-16T09:00:00+02:00,0.151628
2026-05-16T09:15:00+02:00,0.15111
2026-05-16T09:30:00+02:00,0.151455
2026-05-16T09:45:00+02:00,0.148695
2026-05-16T10:00:00+02:00,0.149385
2026-05-16T10:15:00+02:00,0.151283
2026-05-16T10:30:00+02:00,0.151628
2026-05-16T10:45:00+02:00,0.1518
2026-05-16T11:00:00+02:00,0.152318
2026-05-16T11:15:00+02:00,0.152835
2026-05-16T11:30:00+02:00,0.151024
2026-05-16T11:45:00+02:00,0.151628
2026-05-16T12:00:00+02:00,0.150593
2026-05-16T12:15:00+02:00,0.152663
2026-05-16T12:30:00+02:00,0.151973
2026-05-16T12:45:00+02:00,0.152318
2026-05-16T13:00:00+02:00,0.151973
2026-05-16T13:15:00+02:00,0.150938
2026-05-16T13:30:00+02:00,0.150593
2026-05-16T13:45:00+02:00,0.15249
2026-05-16T14:00:00+02:00,0.149558
2026-05-16T14:15:00+02:00,0.150248
2026-05-16T14:30:00+02:00,0.150938
2026-05-16T14:45:00+02:00,0.150248
2026-05-16T15:00:00+02:00,0.1518
2026-05-16T15:15:00+02:00,0.15111
2026-05-16T15:30:00+02:00,0.150248
2026-05-16T15:45:00+02:00,0.151283
2026-05-16T16:00:00+02:00,0.151973
2026-05-16T16:15:00+02:00,0.151455
2026-05-16T16:30:00+02:00,0.151455
2026-05-16T16:45:00+02:00,0.151973
2026-05-16T17:00:00+02:00,0.152318
2026-05-16T17:15:00+02:00,0.151973
2026-05-16T17:30:00+02:00,0.15111
2026-05-16T17:45:00+02:00,0.150938
2026-05-16T18:00:00+02:00,0.150765
2026-05-16T18:15:00+02:00,0.15042
2026-05-16T18:30:00+02:00,0.149385
2026-05-16T18:45:00+02:00,0.15042
2026-05-16T19:00:00+02:00,0.150765
2026-05-16T19:15:00+02:00,0.149903
2026-05-16T19:30:00+02:00,0.149385
2026-05-16T19:45:00+02:00,0.15042
2026-05-16T20:00:00+02:00,0.15042
2026-05-16T20:15:00+02:00,0.150938
2026-05-16T20:30:00+02:00,0.151455
2026-05-16T20:45:00+02:00,0.150679
2026-05-16T21:00:00+02:00,0.1518
2026-05-16T21:15:00+02:00,0.15111
2026-05-16T21:30:00+02:00,0.151283
2026-05-16T21:45:00+02:00,0.151973
2026-05-16T22:00:00+02:00,0.15111
2026-05-16T22:15:00+02:00,0.150765
2026-05-16T22:30:00+02:00,0.152145
2026-05-16T22:45:00+02:00,0.153008
2026-05-16T23:00:00+02:00,0.15111
2026-05-16T23:15:00+02:00,0.150248
2026-05-16T23:30:00+02:00,0.150851
2026-05-16T23:45:00+02:00,0.151455
2026-05-17T00:00:00+02:00,0.149903
2026-05-17T00:15:00+02:00,0.15042
2026-05-17T00:30:00+02:00,0.15042
2026-05-17T00:45:00+02:00,0.148178
2026-05-17T01:00:00+02:00,0.147488
2026-05-17T01:15:00+02:00,0.147488
2026-05-17T01:30:00+02:00,0.148523
2026-05-17T01:45:00+02:00,0.147488
2026-05-17T02:00:00+02:00,0.147143
2026-05-17T02:15:00+02:00,0.146453
2026-05-17T02:30:00+02:00,0.14835
2026-05-17T02:45:00+02:00,0.148523
2026-05-17T03:00:00+02:00,0.148523
2026-05-17T03:15:00+02:00,0.14973
2026-05-17T03:30:00+02:00,0.148178
2026-05-17T03:45:00+02:00,0.149385
2026-05-17T04:00:00+02:00,0.148178
2026-05-17T04:15:00+02:00,0.149213
2026-05-17T04:30:00+02:00,0.148868
2026-05-17T04:45:00+02:00,0.152145
2026-05-17T05:00:00+02:00,0.151283
2026-05-17T05:15:00+02:00,0.15111
2026-05-17T05:30:00+02:00,0.150593
2026-05-17T05:45:00+02:00,0.15111
2026-05-17T06:00:00+02:00,0.149903
2026-05-17T06:15:00+02:00,0.150075
2026-05-17T06:30:00+02:00,0.150765
2026-05-17T06:45:00+02:00,0.149213
2026-05-17T07:00:00+02:00,0.148868
2026-05-17T07:15:00+02:00,0.148695
2026-05-17T07:30:00+02:00,0.14904
2026-05-17T07:45:00+02:00,0.14973
2026-05-17T08:00:00+02:00,0.150248
2026-05-17T08:15:00+02:00,0.149213
2026-05-17T08:30:00+02:00,0.151455
2026-05-17T08:45:00+02:00,0.15042
2026-05-17T09:00:00+02:00,0.148523
2026-05-17T09:15:00+02:00,0.14973
2026-05-17T09:30:00+02:00,0.14835
2026-05-17T09:45:00+02:00,0.149385
2026-05-17T10:00:00+02:00,0.149385
2026-05-17T10:15:00+02:00,0.14973
2026-05-17T10:30:00+02:00,0.150248
2026-05-17T10:45:00+02:00,0.149903
2026-05-17T11:00:00+02:00,0.148695
2026-05-17T11:15:00+02:00,0.147833
2026-05-17T11:30:00+02:00,0.149385
2026-05-17T11:45:00+02:00,0.14973
2026-05-17T12:00:00+02:00,0.149903
2026-05-17T12:15:00+02:00,0.14973
2026-05-17T12:30:00+02:00,0.149385
2026-05-17T12:45:00+02:00,0.148005
2026-05-17T13:00:00+02:00,0.150765
2026-05-17T13:15:00+02:00,0.150593
2026-05-17T13:30:00+02:00,0.148523
2026-05-17T13:45:00+02:00,0.148178
2026-05-17T14:00:00+02:00,0.148695
2026-05-17T14:15:00+02:00,0.14973
2026-05-17T14:30:00+02:00,0.148868
2026-05-17T14:45:00+02:00,0.149816
2026-05-17T15:00:00+02:00,0.150593
2026-05-17T15:15:00+02:00,0.147315
2026-05-17T15:30:00+02:00,0.147488
2026-05-17T15:45:00+02:00,0.146625
2026-05-17T16:00:00+02:00,0.146453
2026-05-17T16:15:00+02:00,0.147746
2026-05-17T16:30:00+02:00,0.14766
2026-05-17T16:45:00+02:00,0.150248
2026-05-17T17:00:00+02:00,0.148523
2026-05-17T17:15:00+02:00,0.148523
2026-05-17T17:30:00+02:00,0.148005
2026-05-17T17:45:00+02:00,0.147488
2026-05-17T18:00:00+02:00,0.146453
2026-05-17T18:15:00+02:00,0.150765
2026-05-17T18:30:00+02:00,0.148695
2026-05-17T18:45:00+02:00,0.149903
2026-05-17T19:00:00+02:00,0.148695
2026-05-17T19:15:00+02:00,0.150248
2026-05-17T19:30:00+02:00,0.149558
2026-05-17T19:45:00+02:00,0.150248
2026-05-17T20:00:00+02:00,0.150248
2026-05-17T20:15:00+02:00,0.150075
2026-05-17T20:30:00+02:00,0.150765
2026-05-17T20:45:00+02:00,0.150765
2026-05-17T21:00:00+02:00,0.150765
2026-05-17T21:15:00+02:00,0.15111
2026-05-17T21:30:00+02:00,0.15249
2026-05-17T21:45:00+02:00,0.151628
2026-05-17T22:00:00+02:00,0.153525
2026-05-17T22:15:00+02:00,0.151455
2026-05-17T22:30:00+02:00,0.152835
2026-05-17T22:45:00+02:00,0.151628
2026-05-17T23:00:00+02:00,0.1518
2026-05-17T23:15:00+02:00,0.152318
2026-05-17T23:30:00+02:00,0.152835
2026-05-17T23:45:00+02:00,0.151283
2026-05-18T00:00:00+02:00,0.152663
2026-05-18T00:15:00+02:00,0.151973
2026-05-18T00:30:00+02:00,0.152318
2026-05-18T00:45:00+02:00,0.152145
2026-05-18T01:00:00+02:00,0.15249
2026-05-18T01:15:00+02:00,0.152145
2026-05-18T01:30:00+02:00,0.151455
2026-05-18T01:45:00+02:00,0.151628
2026-05-18T02:00:00+02:00,0.152145
2026-05-18T02:15:00+02:00,0.150765
2026-05-18T02:30:00+02:00,0.150938
2026-05-18T02:45:00+02:00,0.1518
2026-05-18T03:00:00+02:00,0.154043
2026-05-18T03:15:00+02:00,0.15249
2026-05-18T03:30:00+02:00,0.152663
2026-05-18T03:45:00+02:00,0.152663
2026-05-18T04:00:00+02:00,0.151973
2026-05-18T04:15:00+02:00,0.1518
2026-05-18T04:30:00+02:00,0.151628
2026-05-18T04:45:00+02:00,0.1518
2026-05-18T05:00:00+02:00,0.150938
2026-05-18T05:15:00+02:00,0.151628
2026-05-18T05:30:00+02:00,0.152145
2026-05-18T05:45:00+02:00,0.151455
2026-05-18T06:00:00+02:00,0.198375
2026-05-18T06:15:00+02:00,0.226838
2026-05-18T06:30:00+02:00,0.238826
2026-05-18T06:45:00+02:00,0.238481
2026-05-18T07:00:00+02:00,0.220283
2026-05-18T07:15:00+02:00,0.20424
2026-05-18T07:30:00+02:00,0.211658
2026-05-18T07:45:00+02:00,0.203723
2026-05-18T08:00:00+02:00,0.23322
2026-05-18T08:15:00+02:00,0.22632
2026-05-18T08:30:00+02:00,0.236411
2026-05-18T08:45:00+02:00,0.18906
2026-05-18T09:00:00+02:00,0.206655
2026-05-18T09:15:00+02:00,0.169913
2026-05-18T09:30:00+02:00,0.190095
2026-05-18T09:45:00+02:00,0.212865
2026-05-18T10:00:00+02:00,0.150075
2026-05-18T10:15:00+02:00,0.207
2026-05-18T10:30:00+02:00,0.216833
2026-05-18T10:45:00+02:00,0.221145
2026-05-18T11:00:00+02:00,0.232875
2026-05-18T11:15:00+02:00,0.184575
2026-05-18T11:30:00+02:00,0.225457
2026-05-18T11:45:00+02:00,0.220196
2026-05-18T12:00:00+02:00,0.237532
2026-05-18T12:15:00+02:00,0.224595
2026-05-18T12:30:00+02:00,0.243484
2026-05-18T12:45:00+02:00,0.21528
2026-05-18T13:00:00+02:00,0.202688
2026-05-18T13:15:00+02:00,0.222525
2026-05-18T13:30:00+02:00,0.193114
2026-05-18T13:45:00+02:00,0.14904
2026-05-18T14:00:00+02:00,0.2139
2026-05-18T14:15:00+02:00,0.230287
2026-05-18T14:30:00+02:00,0.245813
2026-05-18T14:45:00+02:00,0.213728
2026-05-18T15:00:00+02:00,0.207173
2026-05-18T15:15:00+02:00,0.223819
2026-05-18T15:30:00+02:00,0.23253
2026-05-18T15:45:00+02:00,0.244778
2026-05-18T16:00:00+02:00,0.221404
2026-05-18T16:15:00+02:00,0.21942
2026-05-18T16:30:00+02:00,0.226492
2026-05-18T16:45:00+02:00,0.22908
2026-05-18T17:00:00+02:00,0.21597
2026-05-18T17:15:00+02:00,0.227528
2026-05-18T17:30:00+02:00,0.218644
2026-05-18T17:45:00+02:00,0.217005
2026-05-18T18:00:00+02:00,0.161632
2026-05-18T18:15:00+02:00,0.229943
2026-05-18T18:30:00+02:00,0.218903
2026-05-18T18:45:00+02:00,0.235808
2026-05-18T19:00:00+02:00,0.225285
2026-05-18T19:15:00+02:00,0.227528
2026-05-18T19:30:00+02:00,0.221663
2026-05-18T19:45:00+02:00,0.234255
2026-05-18T20:00:00+02:00,0.215625
2026-05-18T20:15:00+02:00,0.216488
2026-05-18T20:30:00+02:00,0.213555
2026-05-18T20:45:00+02:00,0.203205
2026-05-18T21:00:00+02:00,0.207259
2026-05-18T21:15:00+02:00,0.179917
2026-05-18T21:30:00+02:00,0.186128
2026-05-18T21:45:00+02:00,0.15111
2026-05-18T22:00:00+02:00,0.150938
2026-05-18T22:15:00+02:00,0.150938
2026-05-18T22:30:00+02:00,0.15111
2026-05-18T22:45:00+02:00,0.151455
2026-05-18T23:00:00+02:00,0.1518
2026-05-18T23:15:00+02:00,0.151973
2026-05-18T23:30:00+02:00,0.151455
2026-05-18T23:45:00+02:00,0.150938
2026-05-19T00:00:00+02:00,0.151628
2026-05-19T00:15:00+02:00,0.152835
2026-05-19T00:30:00+02:00,0.152145
2026-05-19T00:45:00+02:00,0.152318
2026-05-19T01:00:00+02:00,0.151455
2026-05-19T01:15:00+02:00,0.150938
2026-05-19T01:30:00+02:00,0.150765
2026-05-19T01:45:00+02:00,0.151455
2026-05-19T02:00:00+02:00,0.15249
2026-05-19T02:15:00+02:00,0.151628
2026-05-19T02:30:00+02:00,0.151973
2026-05-19T02:45:00+02:00,0.150248
2026-05-19T03:00:00+02:00,0.151283
2026-05-19T03:15:00+02:00,0.15111
2026-05-19T03:30:00+02:00,0.151283
2026-05-19T03:45:00+02:00,0.150938
2026-05-19T04:00:00+02:00,0.150765
2026-05-19T04:15:00+02:00,0.15042
2026-05-19T04:30:00+02:00,0.15111
2026-05-19T04:45:00+02:00,0.1518
2026-05-19T05:00:00+02:00,0.151283
2026-05-19T05:15:00+02:00,0.151283
2026-05-19T05:30:00+02:00,0.150593
2026-05-19T05:45:00+02:00,0.1518
2026-05-19T06:00:00+02:00,0.215884
2026-05-19T06:15:00+02:00,0.225285
2026-05-19T06:30:00+02:00,0.243052
2026-05-19T06:45:00+02:00,0.221835
2026-05-19T07:00:00+02:00,0.225975
2026-05-19T07:15:00+02:00,0.158183
2026-05-19T07:30:00+02:00,0.186645
2026-05-19T07:45:00+02:00,0.228304
2026-05-19T08:00:00+02:00,0.239775
2026-05-19T08:15:00+02:00,0.235807
2026-05-19T08:30:00+02:00,0.233738
2026-05-19T08:45:00+02:00,0.231495
2026-05-19T09:00:00+02:00,0.21183
2026-05-19T09:15:00+02:00,0.227183
2026-05-19T09:30:00+02:00,0.23805
2026-05-19T09:45:00+02:00,0.242018
2026-05-19T10:00:00+02:00,0.213555
2026-05-19T10:15:00+02:00,0.228563
2026-05-19T10:30:00+02:00,0.22977
2026-05-19T10:45:00+02:00,0.224768
2026-05-19T11:00:00+02:00,0.225285
2026-05-19T11:15:00+02:00,0.232702
2026-05-19T11:30:00+02:00,0.181298
2026-05-19T11:45:00+02:00,0.215453
2026-05-19T12:00:00+02:00,0.227614
2026-05-19T12:15:00+02:00,0.219937
2026-05-19T12:30:00+02:00,0.226148
2026-05-19T12:45:00+02:00,0.20838
2026-05-19T13:00:00+02:00,0.22494
2026-05-19T13:15:00+02:00,0.179227
2026-05-19T13:30:00+02:00,0.169999
2026-05-19T13:45:00+02:00,0.150075
2026-05-19T14:00:00+02:00,0.204585
2026-05-19T14:15:00+02:00,0.232358
2026-05-19T14:30:00+02:00,0.229253
2026-05-19T14:45:00+02:00,0.236066
2026-05-19T15:00:00+02:00,0.186645
2026-05-19T15:15:00+02:00,0.206482
2026-05-19T15:30:00+02:00,0.224078
2026-05-19T15:45:00+02:00,0.25116
2026-05-19T16:00:00+02:00,0.22977
2026-05-19T16:15:00+02:00,0.231495
2026-05-19T16:30:00+02:00,0.215798
2026-05-19T16:45:00+02:00,0.235635
2026-05-19T17:00:00+02:00,0.24081
2026-05-19T17:15:00+02:00,0.228908
2026-05-19T17:30:00+02:00,0.235807
2026-05-19T17:45:00+02:00,0.238568
2026-05-19T18:00:00+02:00,0.230633
2026-05-19T18:15:00+02:00,0.221835
2026-05-19T18:30:00+02:00,0.224681
2026-05-19T18:45:00+02:00,0.223215
2026-05-19T19:00:00+02:00,0.19458
2026-05-19T19:15:00+02:00,0.243743
2026-05-19T19:30:00+02:00,0.2208
2026-05-19T19:45:00+02:00,0.219248
2026-05-19T20:00:00+02:00,0.228735
2026-05-19T20:15:00+02:00,0.235376
2026-05-19T20:30:00+02:00,0.227528
2026-05-19T20:45:00+02:00,0.229943
2026-05-19T21:00:00+02:00,0.2208
2026-05-19T21:15:00+02:00,0.210105
2026-05-19T21:30:00+02:00,0.217695
2026-05-19T21:45:00+02:00,0.157665
2026-05-19T22:00:00+02:00,0.168274
2026-05-19T22:15:00+02:00,0.201825
2026-05-19T22:30:00+02:00,0.212175
2026-05-19T22:45:00+02:00,0.178193
2026-05-19T23:00:00+02:00,0.244778
2026-05-19T23:15:00+02:00,0.252713
2026-05-19T23:30:00+02:00,0.18078
2026-05-19T23:45:00+02:00,0.15111
2026-05-20T00:00:00+02:00,0.244605
2026-05-20T00:15:00+02:00,0.246675
2026-05-20T00:30:00+02:00,0.237877
2026-05-20T00:45:00+02:00,0.216487
2026-05-20T01:00:00+02:00,0.205448
2026-05-20T01:15:00+02:00,0.206138
2026-05-20T01:30:00+02:00,0.223905
2026-05-20T01:45:00+02:00,0.220024
2026-05-20T02:00:00+02:00,0.23046
2026-05-20T02:15:00+02:00,0.233047
2026-05-20T02:30:00+02:00,0.173363
2026-05-20T02:45:00+02:00,0.239171
2026-05-20T03:00:00+02:00,0.246158
2026-05-20T03:15:00+02:00,0.22701
2026-05-20T03:30:00+02:00,0.221318
2026-05-20T03:45:00+02:00,0.200618
2026-05-20T04:00:00+02:00,0.214935
2026-05-20T04:15:00+02:00,0.227786
2026-05-20T04:30:00+02:00,0.2208
2026-05-20T04:45:00+02:00,0.19113
2026-05-20T05:00:00+02:00,0.24771
2026-05-20T05:15:00+02:00,0.222698
2026-05-20T05:30:00+02:00,0.229253
2026-05-20T05:45:00+02:00,0.157838
2026-05-20T06:00:00+02:00,0.20631
2026-05-20T06:15:00+02:00,0.223905
2026-05-20T06:30:00+02:00,0.22425
2026-05-20T06:45:00+02:00,0.225889
2026-05-20T07:00:00+02:00,0.237878
2026-05-20T07:15:00+02:00,0.23667
2026-05-20T07:30:00+02:00,0.169654
2026-05-20T07:45:00+02:00,0.21942
2026-05-20T08:00:00+02:00,0.221145
2026-05-20T08:15:00+02:00,0.22425
2026-05-20T08:30:00+02:00,0.2208
2026-05-20T08:45:00+02:00,0.217523
2026-05-20T09:00:00+02:00,0.224854
2026-05-20T09:15:00+02:00,0.210795
2026-05-20T09:30:00+02:00,0.239085
2026-05-20T09:45:00+02:00,0.220714
2026-05-20T10:00:00+02:00,0.199583
2026-05-20T10:15:00+02:00,0.22563
2026-05-20T10:30:00+02:00,0.215194
2026-05-20T10:45:00+02:00,0.23115
2026-05-20T11:00:00+02:00,0.184575
2026-05-20T11:15:00+02:00,0.23115
2026-05-20T11:30:00+02:00,0.220541
2026-05-20T11:45:00+02:00,0.232012
2026-05-20T12:00:00+02:00,0.23391
2026-05-20T12:15:00+02:00,0.233824
2026-05-20T12:30:00+02:00,0.201135
2026-05-20T12:45:00+02:00,0.229425
2026-05-20T13:00:00+02:00,0.221059
2026-05-20T13:15:00+02:00,0.216143
2026-05-20T13:30:00+02:00,0.181298
2026-05-20T13:45:00+02:00,0.151628
2026-05-20T14:00:00+02:00,0.151196
2026-05-20T14:15:00+02:00,0.150593
2026-05-20T14:30:00+02:00,0.150765
2026-05-20T14:45:00+02:00,0.150765
2026-05-20T15:00:00+02:00,0.149903
2026-05-20T15:15:00+02:00,0.178365
2026-05-20T15:30:00+02:00,0.28842
2026-05-20T15:45:00+02:00,0.259958
2026-05-20T16:00:00+02:00,0.289369
2026-05-20T16:15:00+02:00,0.299632
2026-05-20T16:30:00+02:00,0.304808
2026-05-20T16:45:00+02:00,0.250643
2026-05-20T17:00:00+02:00,0.277035
2026-05-20T17:15:00+02:00,0.30429
2026-05-20T17:30:00+02:00,0.294975
2026-05-20T17:45:00+02:00,0.313346
2026-05-20T18:00:00+02:00,0.293423
2026-05-20T18:15:00+02:00,0.29325
2026-05-20T18:30:00+02:00,0.310155
2026-05-20T18:45:00+02:00,0.2967
2026-05-20T19:00:00+02:00,0.301271
2026-05-20T19:15:00+02:00,0.318952
2026-05-20T19:30:00+02:00,0.22356
2026-05-20T19:45:00+02:00,0.215625
2026-05-20T20:00:00+02:00,0.33879
2026-05-20T20:15:00+02:00,0.306705
2026-05-20T20:30:00+02:00,0.301357
2026-05-20T20:45:00+02:00,0.289973
2026-05-20T21:00:00+02:00,0.306964
2026-05-20T21:15:00+02:00,0.284107
2026-05-20T21:30:00+02:00,0.253316
2026-05-20T21:45:00+02:00,0.216142
2026-05-20T22:00:00+02:00,0.246847
2026-05-20T22:15:00+02:00,0.284452
2026-05-20T22:30:00+02:00,0.298597
2026-05-20T22:45:00+02:00,0.283417
2026-05-20T23:00:00+02:00,0.272205
2026-05-20T23:15:00+02:00,0.297563
2026-05-20T23:30:00+02:00,0.281002
2026-05-20T23:45:00+02:00,0.216056
2026-05-21T00:00:00+02:00,0.282037
2026-05-21T00:15:00+02:00,0.302737
2026-05-21T00:30:00+02:00,0.327146
2026-05-21T00:45:00+02:00,0.301702
2026-05-21T01:00:00+02:00,0.299029
2026-05-21T01:15:00+02:00,0.28911
2026-05-21T01:30:00+02:00,0.291525
2026-05-21T01:45:00+02:00,0.29463
2026-05-21T02:00:00+02:00,0.243052
2026-05-21T02:15:00+02:00,0.28842
2026-05-21T02:30:00+02:00,0.262459
2026-05-21T02:45:00+02:00,0.32085
2026-05-21T03:00:00+02:00,0.280485
2026-05-21T03:15:00+02:00,0.30222
2026-05-21T03:30:00+02:00,0.293595
2026-05-21T03:45:00+02:00,0.201135
2026-05-21T04:00:00+02:00,0.295837
2026-05-21T04:15:00+02:00,0.294285
2026-05-21T04:30:00+02:00,0.29049
2026-05-21T04:45:00+02:00,0.252885
2026-05-21T05:00:00+02:00,0.311449
2026-05-21T05:15:00+02:00,0.294975
2026-05-21T05:30:00+02:00,0.280485
2026-05-21T05:45:00+02:00,0.217177
2026-05-21T06:00:00+02:00,0.26427
2026-05-21T06:15:00+02:00,0.287126
2026-05-21T06:30:00+02:00,0.285832
2026-05-21T06:45:00+02:00,0.259612
2026-05-21T07:00:00+02:00,0.260389
2026-05-21T07:15:00+02:00,0.288075
2026-05-21T07:30:00+02:00,0.301702
2026-05-21T07:45:00+02:00,0.315934
2026-05-21T08:00:00+02:00,0.262545
2026-05-21T08:15:00+02:00,0.20148
2026-05-21T08:30:00+02:00,0.178969
2026-05-21T08:45:00+02:00,0.168877
2026-05-21T09:00:00+02:00,0.169222
2026-05-21T09:15:00+02:00,0.163875
2026-05-21T09:30:00+02:00,0.176468
2026-05-21T09:45:00+02:00,0.17733
2026-05-21T10:00:00+02:00,0.183195
2026-05-21T10:15:00+02:00,0.19872
2026-05-21T10:30:00+02:00,0.19182
2026-05-21T10:45:00+02:00,0.242276
2026-05-21T11:00:00+02:00,0.243398
2026-05-21T11:15:00+02:00,0.250815
2026-05-21T11:30:00+02:00,0.268238
2026-05-21T11:45:00+02:00,0.22839
2026-05-21T12:00:00+02:00,0.234773
2026-05-21T12:15:00+02:00,0.240896
2026-05-21T12:30:00+02:00,0.21666
2026-05-21T12:45:00+02:00,0.225285
2026-05-21T13:00:00+02:00,0.250298
2026-05-21T13:15:00+02:00,0.241241
2026-05-21T13:30:00+02:00,0.221663
2026-05-21T13:45:00+02:00,0.184575
2026-05-21T14:00:00+02:00,0.239171
2026-05-21T14:15:00+02:00,0.239775
2026-05-21T14:30:00+02:00,0.245985
2026-05-21T14:45:00+02:00,0.253316
2026-05-21T15:00:00+02:00,0.220972
2026-05-21T15:15:00+02:00,0.244433
2026-05-21T15:30:00+02:00,0.241328
2026-05-21T15:45:00+02:00,0.257801
2026-05-21T16:00:00+02:00,0.272895
2026-05-21T16:15:00+02:00,0.24771
2026-05-21T16:30:00+02:00,0.25875
2026-05-21T16:45:00+02:00,0.241673
2026-05-21T17:00:00+02:00,0.275051
2026-05-21T17:15:00+02:00,0.264443
2026-05-21T17:30:00+02:00,0.196305
2026-05-21T17:45:00+02:00,0.262545
2026-05-21T18:00:00+02:00,0.268841
2026-05-21T18:15:00+02:00,0.28566
2026-05-21T18:30:00+02:00,0.293767
2026-05-21T18:45:00+02:00,0.296528
2026-05-21T19:00:00+02:00,0.290145
2026-05-21T19:15:00+02:00,0.269531
2026-05-21T19:30:00+02:00,0.229252
2026-05-21T19:45:00+02:00,0.295665
2026-05-21T20:00:00+02:00,0.280312
2026-05-21T20:15:00+02:00,0.291525
2026-05-21T20:30:00+02:00,0.285401
2026-05-21T20:45:00+02:00,0.286695
2026-05-21T21:00:00+02:00,0.295838
2026-05-21T21:15:00+02:00,0.293164
2026-05-21T21:30:00+02:00,0.25392
2026-05-21T21:45:00+02:00,0.21735
2026-05-21T22:00:00+02:00,0.159735
2026-05-21T22:15:00+02:00,0.150938
2026-05-21T22:30:00+02:00,0.150938
2026-05-21T22:45:00+02:00,0.150938
2026-05-21T23:00:00+02:00,0.15111
2026-05-21T23:15:00+02:00,0.1518
2026-05-21T23:30:00+02:00,0.150765
2026-05-21T23:45:00+02:00,0.150938
2026-05-22T00:00:00+02:00,0.150765
2026-05-22T00:15:00+02:00,0.151283
2026-05-22T00:30:00+02:00,0.151455
2026-05-22T00:45:00+02:00,0.1518
2026-05-22T01:00:00+02:00,0.151455
2026-05-22T01:15:00+02:00,0.151455
2026-05-22T01:30:00+02:00,0.15111
2026-05-22T01:45:00+02:00,0.151541
2026-05-22T02:00:00+02:00,0.150248
2026-05-22T02:15:00+02:00,0.15042
2026-05-22T02:30:00+02:00,0.150593
2026-05-22T02:45:00+02:00,0.152145
2026-05-22T03:00:00+02:00,0.150938
2026-05-22T03:15:00+02:00,0.15111
2026-05-22T03:30:00+02:00,0.151886
2026-05-22T03:45:00+02:00,0.1518
2026-05-22T04:00:00+02:00,0.150765
2026-05-22T04:15:00+02:00,0.150593
2026-05-22T04:30:00+02:00,0.15111
2026-05-22T04:45:00+02:00,0.150593
2026-05-22T05:00:00+02:00,0.150593
2026-05-22T05:15:00+02:00,0.151455
2026-05-22T05:30:00+02:00,0.15111
2026-05-22T05:45:00+02:00,0.155423
2026-05-22T06:00:00+02:00,0.187853
2026-05-22T06:15:00+02:00,0.215625
2026-05-22T06:30:00+02:00,0.216315
2026-05-22T06:45:00+02:00,0.223215
2026-05-22T07:00:00+02:00,0.224768
2026-05-22T07:15:00+02:00,0.184058
2026-05-22T07:30:00+02:00,0.211054
2026-05-22T07:45:00+02:00,0.209588
2026-05-22T08:00:00+02:00,0.240465
2026-05-22T08:15:00+02:00,0.217609
2026-05-22T08:30:00+02:00,0.22356
2026-05-22T08:45:00+02:00,0.223733
2026-05-22T09:00:00+02:00,0.208294
2026-05-22T09:15:00+02:00,0.209932
2026-05-22T09:30:00+02:00,0.210105
2026-05-22T09:45:00+02:00,0.207172
2026-05-22T10:00:00+02:00,0.20838
2026-05-22T10:15:00+02:00,0.21735
2026-05-22T10:30:00+02:00,0.210105
2026-05-22T10:45:00+02:00,0.218126
2026-05-22T11:00:00+02:00,0.201998
2026-05-22T11:15:00+02:00,0.199065
2026-05-22T11:30:00+02:00,0.149385
2026-05-22T11:45:00+02:00,0.203119
2026-05-22T12:00:00+02:00,0.230633
2026-05-22T12:15:00+02:00,0.232012
2026-05-22T12:30:00+02:00,0.219765
2026-05-22T12:45:00+02:00,0.220973
2026-05-22T13:00:00+02:00,0.223043
2026-05-22T13:15:00+02:00,0.212003
2026-05-22T13:30:00+02:00,0.193373
2026-05-22T13:45:00+02:00,0.150938
2026-05-22T14:00:00+02:00,0.223388
2026-05-22T14:15:00+02:00,0.222266
2026-05-22T14:30:00+02:00,0.238568
2026-05-22T14:45:00+02:00,0.227873
2026-05-22T15:00:00+02:00,0.228304
2026-05-22T15:15:00+02:00,0.23115
2026-05-22T15:30:00+02:00,0.224768
2026-05-22T15:45:00+02:00,0.225716
2026-05-22T16:00:00+02:00,0.202343
2026-05-22T16:15:00+02:00,0.228563
2026-05-22T16:30:00+02:00,0.237878
2026-05-22T16:45:00+02:00,0.216487
2026-05-22T17:00:00+02:00,0.216487
2026-05-22T17:15:00+02:00,0.228045
2026-05-22T17:30:00+02:00,0.224164
2026-05-22T17:45:00+02:00,0.21597
2026-05-22T18:00:00+02:00,0.198203
2026-05-22T18:15:00+02:00,0.221663
2026-05-22T18:30:00+02:00,0.225802
2026-05-22T18:45:00+02:00,0.232961
2026-05-22T19:00:00+02:00,0.16905
2026-05-22T19:15:00+02:00,0.1449
2026-05-22T19:30:00+02:00,0.221662
2026-05-22T19:45:00+02:00,0.229856
2026-05-22T20:00:00+02:00,0.288247
2026-05-22T20:15:00+02:00,0.297649
2026-05-22T20:30:00+02:00,0.280313
2026-05-22T20:45:00+02:00,0.29808
2026-05-22T21:00:00+02:00,0.293595
2026-05-22T21:15:00+02:00,0.287385
2026-05-22T21:30:00+02:00,0.2208
2026-05-22T21:45:00+02:00,0.150765
2026-05-22T22:00:00+02:00,0.15042
2026-05-22T22:15:00+02:00,0.149903
2026-05-22T22:30:00+02:00,0.150593
2026-05-22T22:45:00+02:00,0.150593
2026-05-22T23:00:00+02:00,0.150593
2026-05-22T23:15:00+02:00,0.151283
2026-05-22T23:30:00+02:00,0.151628
2026-05-22T23:45:00+02:00,0.14904
2026-05-23T00:00:00+02:00,0.149213
2026-05-23T00:15:00+02:00,0.15042
2026-05-23T00:30:00+02:00,0.148695
2026-05-23T00:45:00+02:00,0.15042
2026-05-23T01:00:00+02:00,0.15111
2026-05-23T01:15:00+02:00,0.150075
2026-05-23T01:30:00+02:00,0.15042
2026-05-23T01:45:00+02:00,0.150593
2026-05-23T02:00:00+02:00,0.150248
2026-05-23T02:15:00+02:00,0.1518
2026-05-23T02:30:00+02:00,0.150248
2026-05-23T02:45:00+02:00,0.150593
2026-05-23T03:00:00+02:00,0.150593
2026-05-23T03:15:00+02:00,0.150593
2026-05-23T03:30:00+02:00,0.150248
2026-05-23T03:45:00+02:00,0.150938
2026-05-23T04:00:00+02:00,0.149903
2026-05-23T04:15:00+02:00,0.150765
2026-05-23T04:30:00+02:00,0.149903
2026-05-23T04:45:00+02:00,0.14973
2026-05-23T05:00:00+02:00,0.15042
2026-05-23T05:15:00+02:00,0.150938
2026-05-23T05:30:00+02:00,0.149558
2026-05-23T05:45:00+02:00,0.149385
2026-05-23T06:00:00+02:00,0.150593
2026-05-23T06:15:00+02:00,0.149903
2026-05-23T06:30:00+02:00,0.15042
2026-05-23T06:45:00+02:00,0.150593
2026-05-23T07:00:00+02:00,0.149385
2026-05-23T07:15:00+02:00,0.14973
2026-05-23T07:30:00+02:00,0.15042
2026-05-23T07:45:00+02:00,0.15042
2026-05-23T08:00:00+02:00,0.14973
2026-05-23T08:15:00+02:00,0.15111
2026-05-23T08:30:00+02:00,0.148695
2026-05-23T08:45:00+02:00,0.150765
2026-05-23T09:00:00+02:00,0.14973
2026-05-23T09:15:00+02:00,0.15111
2026-05-23T09:30:00+02:00,0.150593
2026-05-23T09:45:00+02:00,0.150075
2026-05-23T10:00:00+02:00,0.148868
2026-05-23T10:15:00+02:00,0.150075
2026-05-23T10:30:00+02:00,0.150938
2026-05-23T10:45:00+02:00,0.15111
2026-05-23T11:00:00+02:00,0.150765
2026-05-23T11:15:00+02:00,0.15111
2026-05-23T11:30:00+02:00,0.150938
2026-05-23T11:45:00+02:00,0.151628
2026-05-23T12:00:00+02:00,0.15042
2026-05-23T12:15:00+02:00,0.150593
2026-05-23T12:30:00+02:00,0.151455
2026-05-23T12:45:00+02:00,0.151455
2026-05-23T13:00:00+02:00,0.14973
2026-05-23T13:15:00+02:00,0.148178
2026-05-23T13:30:00+02:00,0.14766
2026-05-23T13:45:00+02:00,0.146798
2026-05-23T14:00:00+02:00,0.149299
2026-05-23T14:15:00+02:00,0.146453
2026-05-23T14:30:00+02:00,0.147143
2026-05-23T14:45:00+02:00,0.147488
2026-05-23T15:00:00+02:00,0.14835
2026-05-23T15:15:00+02:00,0.14973
2026-05-23T15:30:00+02:00,0.150765
2026-05-23T15:45:00+02:00,0.14973
2026-05-23T16:00:00+02:00,0.150075
2026-05-23T16:15:00+02:00,0.14973
2026-05-23T16:30:00+02:00,0.150593
2026-05-23T16:45:00+02:00,0.148178
2026-05-23T17:00:00+02:00,0.148005
2026-05-23T17:15:00+02:00,0.148868
2026-05-23T17:30:00+02:00,0.148005
2026-05-23T17:45:00+02:00,0.147401
2026-05-23T18:00:00+02:00,0.148695
2026-05-23T18:15:00+02:00,0.148695
2026-05-23T18:30:00+02:00,0.148523
2026-05-23T18:45:00+02:00,0.150075
2026-05-23T19:00:00+02:00,0.148695
2026-05-23T19:15:00+02:00,0.150506
2026-05-23T19:30:00+02:00,0.150765
2026-05-23T19:45:00+02:00,0.150248
2026-05-23T20:00:00+02:00,0.150593
2026-05-23T20:15:00+02:00,0.150765
2026-05-23T20:30:00+02:00,0.150248
2026-05-23T20:45:00+02:00,0.15111
2026-05-23T21:00:00+02:00,0.150765
2026-05-23T21:15:00+02:00,0.150765
2026-05-23T21:30:00+02:00,0.150593
2026-05-23T21:45:00+02:00,0.150938
2026-05-23T22:00:00+02:00,0.150593
2026-05-23T22:15:00+02:00,0.150593
2026-05-23T22:30:00+02:00,0.15042
2026-05-23T22:45:00+02:00,0.149903
2026-05-23T23:00:00+02:00,0.150593
2026-05-23T23:15:00+02:00,0.149385
2026-05-23T23:30:00+02:00,0.149903
2026-05-23T23:45:00+02:00,0.150075
2026-05-24T00:00:00+02:00,0.149385
2026-05-24T00:15:00+02:00,0.148523
2026-05-24T00:30:00+02:00,0.149213
2026-05-24T00:45:00+02:00,0.150851
2026-05-24T01:00:00+02:00,0.15042
2026-05-24T01:15:00+02:00,0.149213
2026-05-24T01:30:00+02:00,0.15042
2026-05-24T01:45:00+02:00,0.148868
2026-05-24T02:00:00+02:00,0.14904
2026-05-24T02:15:00+02:00,0.149989
2026-05-24T02:30:00+02:00,0.151455
2026-05-24T02:45:00+02:00,0.14904
2026-05-24T03:00:00+02:00,0.150593
2026-05-24T03:15:00+02:00,0.14973
2026-05-24T03:30:00+02:00,0.151455
2026-05-24T03:45:00+02:00,0.15111
2026-05-24T04:00:00+02:00,0.150248
2026-05-24T04:15:00+02:00,0.150075
2026-05-24T04:30:00+02:00,0.151283
2026-05-24T04:45:00+02:00,0.1518
2026-05-24T05:00:00+02:00,0.152145
2026-05-24T05:15:00+02:00,0.151283
2026-05-24T05:30:00+02:00,0.151973
2026-05-24T05:45:00+02:00,0.15111
2026-05-24T06:00:00+02:00,0.151628
2026-05-24T06:15:00+02:00,0.151369
2026-05-24T06:30:00+02:00,0.150075
2026-05-24T06:45:00+02:00,0.150938
2026-05-24T07:00:00+02:00,0.15249
2026-05-24T07:15:00+02:00,0.151455
2026-05-24T07:30:00+02:00,0.151973
2026-05-24T07:45:00+02:00,0.152663
2026-05-24T08:00:00+02:00,0.151455
2026-05-24T08:15:00+02:00,0.150248
2026-05-24T08:30:00+02:00,0.148609
2026-05-24T08:45:00+02:00,0.147833
2026-05-24T09:00:00+02:00,0.14697
2026-05-24T09:15:00+02:00,0.15111
2026-05-24T09:30:00+02:00,0.15042
2026-05-24T09:45:00+02:00,0.150248
2026-05-24T10:00:00+02:00,0.150593
2026-05-24T10:15:00+02:00,0.150075
2026-05-24T10:30:00+02:00,0.149903
2026-05-24T10:45:00+02:00,0.150075
2026-05-24T11:00:00+02:00,0.15042
2026-05-24T11:15:00+02:00,0.148868
2026-05-24T11:30:00+02:00,0.150248
2026-05-24T11:45:00+02:00,0.15042
2026-05-24T12:00:00+02:00,0.14973
2026-05-24T12:15:00+02:00,0.15042
2026-05-24T12:30:00+02:00,0.15042
2026-05-24T12:45:00+02:00,0.151369
2026-05-24T13:00:00+02:00,0.15111
2026-05-24T13:15:00+02:00,0.150248
2026-05-24T13:30:00+02:00,0.150075
2026-05-24T13:45:00+02:00,0.15111
2026-05-24T14:00:00+02:00,0.15042
2026-05-24T14:15:00+02:00,0.149126
2026-05-24T14:30:00+02:00,0.150248
2026-05-24T14:45:00+02:00,0.15111
2026-05-24T15:00:00+02:00,0.150938
2026-05-24T15:15:00+02:00,0.149213
2026-05-24T15:30:00+02:00,0.150765
2026-05-24T15:45:00+02:00,0.149471
2026-05-24T16:00:00+02:00,0.149213
2026-05-24T16:15:00+02:00,0.14904
2026-05-24T16:30:00+02:00,0.149903
2026-05-24T16:45:00+02:00,0.151455
2026-05-24T17:00:00+02:00,0.149558
2026-05-24T17:15:00+02:00,0.150765
2026-05-24T17:30:00+02:00,0.150593
2026-05-24T17:45:00+02:00,0.150938
2026-05-24T18:00:00+02:00,0.15111
2026-05-24T18:15:00+02:00,0.151541
2026-05-24T18:30:00+02:00,0.151628
2026-05-24T18:45:00+02:00,0.152318
2026-05-24T19:00:00+02:00,0.151973
2026-05-24T19:15:00+02:00,0.151455
2026-05-24T19:30:00+02:00,0.152318
2026-05-24T19:45:00+02:00,0.152145
2026-05-24T20:00:00+02:00,0.152318
2026-05-24T20:15:00+02:00,0.150765
2026-05-24T20:30:00+02:00,0.150765
2026-05-24T20:45:00+02:00,0.15249
2026-05-24T21:00:00+02:00,0.151973
2026-05-24T21:15:00+02:00,0.151628
2026-05-24T21:30:00+02:00,0.152318
2026-05-24T21:45:00+02:00,0.152145
2026-05-24T22:00:00+02:00,0.151283
2026-05-24T22:15:00+02:00,0.150075
2026-05-24T22:30:00+02:00,0.151283
2026-05-24T22:45:00+02:00,0.152663
2026-05-24T23:00:00+02:00,0.152145
2026-05-24T23:15:00+02:00,0.151973
2026-05-24T23:30:00+02:00,0.152663
2026-05-24T23:45:00+02:00,0.1518
2026-05-25T00:00:00+02:00,0.151628
2026-05-25T00:15:00+02:00,0.151973
2026-05-25T00:30:00+02:00,0.150075
2026-05-25T00:45:00+02:00,0.14766
2026-05-25T01:00:00+02:00,0.151973
2026-05-25T01:15:00+02:00,0.151283
2026-05-25T01:30:00+02:00,0.14973
2026-05-25T01:45:00+02:00,0.1518
2026-05-25T02:00:00+02:00,0.151973
2026-05-25T02:15:00+02:00,0.150248
2026-05-25T02:30:00+02:00,0.150593
2026-05-25T02:45:00+02:00,0.149558
2026-05-25T03:00:00+02:00,0.150765
2026-05-25T03:15:00+02:00,0.151283
2026-05-25T03:30:00+02:00,0.152145
2026-05-25T03:45:00+02:00,0.152663
2026-05-25T04:00:00+02:00,0.150938
2026-05-25T04:15:00+02:00,0.152835
2026-05-25T04:30:00+02:00,0.150679
2026-05-25T04:45:00+02:00,0.152145
2026-05-25T05:00:00+02:00,0.152318
2026-05-25T05:15:00+02:00,0.151628
2026-05-25T05:30:00+02:00,0.152145
2026-05-25T05:45:00+02:00,0.151455
2026-05-25T06:00:00+02:00,0.1518
2026-05-25T06:15:00+02:00,0.150248
2026-05-25T06:30:00+02:00,0.151369
2026-05-25T06:45:00+02:00,0.150075
2026-05-25T07:00:00+02:00,0.15042
2026-05-25T07:15:00+02:00,0.149385
2026-05-25T07:30:00+02:00,0.147833
2026-05-25T07:45:00+02:00,0.150248
2026-05-25T08:00:00+02:00,0.15042
2026-05-25T08:15:00+02:00,0.149558
2026-05-25T08:30:00+02:00,0.14904
2026-05-25T08:45:00+02:00,0.15042
2026-05-25T09:00:00+02:00,0.149213
2026-05-25T09:15:00+02:00,0.150765
2026-05-25T09:30:00+02:00,0.15042
2026-05-25T09:45:00+02:00,0.151283
2026-05-25T10:00:00+02:00,0.15111
2026-05-25T10:15:00+02:00,0.150938
2026-05-25T10:30:00+02:00,0.151541
2026-05-25T10:45:00+02:00,0.153008
2026-05-25T11:00:00+02:00,0.151973
2026-05-25T11:15:00+02:00,0.151628
2026-05-25T11:30:00+02:00,0.151628
2026-05-25T11:45:00+02:00,0.152663
2026-05-25T12:00:00+02:00,0.149213
2026-05-25T12:15:00+02:00,0.14835
2026-05-25T12:30:00+02:00,0.149903
2026-05-25T12:45:00+02:00,0.14904
2026-05-25T13:00:00+02:00,0.14835
2026-05-25T13:15:00+02:00,0.14973
2026-05-25T13:30:00+02:00,0.148868
2026-05-25T13:45:00+02:00,0.149213
2026-05-25T14:00:00+02:00,0.149385
2026-05-25T14:15:00+02:00,0.147833
2026-05-25T14:30:00+02:00,0.148523
2026-05-25T14:45:00+02:00,0.148005
2026-05-25T15:00:00+02:00,0.148264
2026-05-25T15:15:00+02:00,0.147315
2026-05-25T15:30:00+02:00,0.148178
2026-05-25T15:45:00+02:00,0.147833
2026-05-25T16:00:00+02:00,0.147488
2026-05-25T16:15:00+02:00,0.149385
2026-05-25T16:30:00+02:00,0.151283
2026-05-25T16:45:00+02:00,0.151283
2026-05-25T17:00:00+02:00,0.150248
2026-05-25T17:15:00+02:00,0.15042
2026-05-25T17:30:00+02:00,0.14973
2026-05-25T17:45:00+02:00,0.151455
2026-05-25T18:00:00+02:00,0.15111
2026-05-25T18:15:00+02:00,0.150248
2026-05-25T18:30:00+02:00,0.15111
2026-05-25T18:45:00+02:00,0.151628
2026-05-25T19:00:00+02:00,0.151973
2026-05-25T19:15:00+02:00,0.152231
2026-05-25T19:30:00+02:00,0.150506
2026-05-25T19:45:00+02:00,0.15249
2026-05-25T20:00:00+02:00,0.15111
2026-05-25T20:15:00+02:00,0.152231
2026-05-25T20:30:00+02:00,0.15249
2026-05-25T20:45:00+02:00,0.152145
2026-05-25T21:00:00+02:00,0.152145
2026-05-25T21:15:00+02:00,0.151973
2026-05-25T21:30:00+02:00,0.1518
2026-05-25T21:45:00+02:00,0.151283
2026-05-25T22:00:00+02:00,0.154387
2026-05-25T22:15:00+02:00,0.163358
2026-05-25T22:30:00+02:00,0.1518
2026-05-25T22:45:00+02:00,0.151455
2026-05-25T23:00:00+02:00,0.150248
2026-05-25T23:15:00+02:00,0.149903
2026-05-25T23:30:00+02:00,0.150248
2026-05-25T23:45:00+02:00,0.150075
2026-05-26T00:00:00+02:00,0.149213
2026-05-26T00:15:00+02:00,0.15042
2026-05-26T00:30:00+02:00,0.151283
2026-05-26T00:45:00+02:00,0.151455
2026-05-26T01:00:00+02:00,0.150593
2026-05-26T01:15:00+02:00,0.149213
2026-05-26T01:30:00+02:00,0.15042
2026-05-26T01:45:00+02:00,0.150938
2026-05-26T02:00:00+02:00,0.15042
2026-05-26T02:15:00+02:00,0.15042
2026-05-26T02:30:00+02:00,0.150506
2026-05-26T02:45:00+02:00,0.150593
2026-05-26T03:00:00+02:00,0.150248
2026-05-26T03:15:00+02:00,0.14835
2026-05-26T03:30:00+02:00,0.148523
2026-05-26T03:45:00+02:00,0.14904
2026-05-26T04:00:00+02:00,0.150075
2026-05-26T04:15:00+02:00,0.150075
2026-05-26T04:30:00+02:00,0.150075
2026-05-26T04:45:00+02:00,0.150593
2026-05-26T05:00:00+02:00,0.14904
2026-05-26T05:15:00+02:00,0.149558
2026-05-26T05:30:00+02:00,0.149385
2026-05-26T05:45:00+02:00,0.151024
2026-05-26T06:00:00+02:00,0.185437
2026-05-26T06:15:00+02:00,0.208898
2026-05-26T06:30:00+02:00,0.203981
2026-05-26T06:45:00+02:00,0.185955
2026-05-26T07:00:00+02:00,0.212865
2026-05-26T07:15:00+02:00,0.207949
2026-05-26T07:30:00+02:00,0.204758
2026-05-26T07:45:00+02:00,0.20493
2026-05-26T08:00:00+02:00,0.21597
2026-05-26T08:15:00+02:00,0.214763
2026-05-26T08:30:00+02:00,0.220628
2026-05-26T08:45:00+02:00,0.232012
2026-05-26T09:00:00+02:00,0.242018
2026-05-26T09:15:00+02:00,0.227528
2026-05-26T09:30:00+02:00,0.219765
2026-05-26T09:45:00+02:00,0.236842
2026-05-26T10:00:00+02:00,0.240293
2026-05-26T10:15:00+02:00,0.227269
2026-05-26T10:30:00+02:00,0.191303
2026-05-26T10:45:00+02:00,0.229253
2026-05-26T11:00:00+02:00,0.206396
2026-05-26T11:15:00+02:00,0.210623
2026-05-26T11:30:00+02:00,0.159045
2026-05-26T11:45:00+02:00,0.151628
2026-05-26T12:00:00+02:00,0.219075
2026-05-26T12:15:00+02:00,0.22425
2026-05-26T12:30:00+02:00,0.202515
2026-05-26T12:45:00+02:00,0.239085
2026-05-26T13:00:00+02:00,0.21873
2026-05-26T13:15:00+02:00,0.223301
2026-05-26T13:30:00+02:00,0.202343
2026-05-26T13:45:00+02:00,0.177848
2026-05-26T14:00:00+02:00,0.196995
2026-05-26T14:15:00+02:00,0.198203
2026-05-26T14:30:00+02:00,0.199496
2026-05-26T14:45:00+02:00,0.181125
2026-05-26T15:00:00+02:00,0.14766
2026-05-26T15:15:00+02:00,0.188111
2026-05-26T15:30:00+02:00,0.202688
2026-05-26T15:45:00+02:00,0.209243
2026-05-26T16:00:00+02:00,0.188025
2026-05-26T16:15:00+02:00,0.212348
2026-05-26T16:30:00+02:00,0.206741
2026-05-26T16:45:00+02:00,0.206828
2026-05-26T17:00:00+02:00,0.163703
2026-05-26T17:15:00+02:00,0.254265
2026-05-26T17:30:00+02:00,0.201135
2026-05-26T17:45:00+02:00,0.190785
2026-05-26T18:00:00+02:00,0.160253
2026-05-26T18:15:00+02:00,0.20976
2026-05-26T18:30:00+02:00,0.207
2026-05-26T18:45:00+02:00,0.201998
2026-05-26T19:00:00+02:00,0.186214
2026-05-26T19:15:00+02:00,0.203378
2026-05-26T19:30:00+02:00,0.204326
2026-05-26T19:45:00+02:00,0.224078
2026-05-26T20:00:00+02:00,0.208639
2026-05-26T20:15:00+02:00,0.210623
2026-05-26T20:30:00+02:00,0.202256
2026-05-26T20:45:00+02:00,0.149903
2026-05-26T21:00:00+02:00,0.19872
2026-05-26T21:15:00+02:00,0.218212
2026-05-26T21:30:00+02:00,0.214245
2026-05-26T21:45:00+02:00,0.152145
2026-05-26T22:00:00+02:00,0.2001
2026-05-26T22:15:00+02:00,0.20838
2026-05-26T22:30:00+02:00,0.216056
2026-05-26T22:45:00+02:00,0.203723
2026-05-26T23:00:00+02:00,0.15594
2026-05-26T23:15:00+02:00,0.150593
2026-05-26T23:30:00+02:00,0.151455
2026-05-26T23:45:00+02:00,0.151455
2026-05-27T00:00:00+02:00,0.150593
2026-05-27T00:15:00+02:00,0.15042
2026-05-27T00:30:00+02:00,0.151283
2026-05-27T00:45:00+02:00,0.15042
2026-05-27T01:00:00+02:00,0.15042
2026-05-27T01:15:00+02:00,0.150938
2026-05-27T01:30:00+02:00,0.151369
2026-05-27T01:45:00+02:00,0.15111
2026-05-27T02:00:00+02:00,0.150248
2026-05-27T02:15:00+02:00,0.150938
2026-05-27T02:30:00+02:00,0.150765
2026-05-27T02:45:00+02:00,0.15111
2026-05-27T03:00:00+02:00,0.150851
2026-05-27T03:15:00+02:00,0.150765
2026-05-27T03:30:00+02:00,0.150765
2026-05-27T03:45:00+02:00,0.150938
2026-05-27T04:00:00+02:00,0.150248
2026-05-27T04:15:00+02:00,0.15111
2026-05-27T04:30:00+02:00,0.15042
2026-05-27T04:45:00+02:00,0.150938
2026-05-27T05:00:00+02:00,0.15111
2026-05-27T05:15:00+02:00,0.1518
2026-05-27T05:30:00+02:00,0.150765
2026-05-27T05:45:00+02:00,0.149903
2026-05-27T06:00:00+02:00,0.150765
2026-05-27T06:15:00+02:00,0.151973
2026-05-27T06:30:00+02:00,0.15042
2026-05-27T06:45:00+02:00,0.151283
2026-05-27T07:00:00+02:00,0.151455
2026-05-27T07:15:00+02:00,0.150765
2026-05-27T07:30:00+02:00,0.15042
2026-05-27T07:45:00+02:00,0.150593
2026-05-27T08:00:00+02:00,0.150593
2026-05-27T08:15:00+02:00,0.16836
2026-05-27T08:30:00+02:00,0.22425
2026-05-27T08:45:00+02:00,0.24771
2026-05-27T09:00:00+02:00,0.2346
2026-05-27T09:15:00+02:00,0.234945
2026-05-27T09:30:00+02:00,0.233565
2026-05-27T09:45:00+02:00,0.22356
2026-05-27T10:00:00+02:00,0.243915
2026-05-27T10:15:00+02:00,0.234945
2026-05-27T10:30:00+02:00,0.175433
2026-05-27T10:45:00+02:00,0.212003
2026-05-27T11:00:00+02:00,0.238912
2026-05-27T11:15:00+02:00,0.204844
2026-05-27T11:30:00+02:00,0.161632
2026-05-27T11:45:00+02:00,0.149385
2026-05-27T12:00:00+02:00,0.21804
2026-05-27T12:15:00+02:00,0.225285
2026-05-27T12:30:00+02:00,0.216401
2026-05-27T12:45:00+02:00,0.22287
2026-05-27T13:00:00+02:00,0.23667
2026-05-27T13:15:00+02:00,0.22701
2026-05-27T13:30:00+02:00,0.237015
2026-05-27T13:45:00+02:00,0.155423
2026-05-27T14:00:00+02:00,0.150765
2026-05-27T14:15:00+02:00,0.14835
2026-05-27T14:30:00+02:00,0.149213
2026-05-27T14:45:00+02:00,0.193718
2026-05-27T15:00:00+02:00,0.187508
2026-05-27T15:15:00+02:00,0.219851
2026-05-27T15:30:00+02:00,0.212693
2026-05-27T15:45:00+02:00,0.213038
2026-05-27T16:00:00+02:00,0.213382
2026-05-27T16:15:00+02:00,0.220455
2026-05-27T16:30:00+02:00,0.16146
2026-05-27T16:45:00+02:00,0.20493
2026-05-27T17:00:00+02:00,0.209243
2026-05-27T17:15:00+02:00,0.21528
2026-05-27T17:30:00+02:00,0.208294
2026-05-27T17:45:00+02:00,0.205793
2026-05-27T18:00:00+02:00,0.174053
2026-05-27T18:15:00+02:00,0.212865
2026-05-27T18:30:00+02:00,0.225371
2026-05-27T18:45:00+02:00,0.19113
2026-05-27T19:00:00+02:00,0.194063
2026-05-27T19:15:00+02:00,0.218557
2026-05-27T19:30:00+02:00,0.22149
2026-05-27T19:45:00+02:00,0.184058
2026-05-27T20:00:00+02:00,0.218989
2026-05-27T20:15:00+02:00,0.221835
2026-05-27T20:30:00+02:00,0.223388
2026-05-27T20:45:00+02:00,0.216315
2026-05-27T21:00:00+02:00,0.216488
2026-05-27T21:15:00+02:00,0.222611
2026-05-27T21:30:00+02:00,0.22563
2026-05-27T21:45:00+02:00,0.174053
2026-05-27T22:00:00+02:00,0.181298
2026-05-27T22:15:00+02:00,0.221231
2026-05-27T22:30:00+02:00,0.218558
2026-05-27T22:45:00+02:00,0.216143
2026-05-27T23:00:00+02:00,0.205448
2026-05-27T23:15:00+02:00,0.179745
2026-05-27T23:30:00+02:00,0.188543
2026-05-27T23:45:00+02:00,0.229425
2026-05-28T00:00:00+02:00,0.207518
2026-05-28T00:15:00+02:00,0.225975
2026-05-28T00:30:00+02:00,0.222525
2026-05-28T00:45:00+02:00,0.216229
2026-05-28T01:00:00+02:00,0.204585
2026-05-28T01:15:00+02:00,0.217868
2026-05-28T01:30:00+02:00,0.222008
2026-05-28T01:45:00+02:00,0.189577
2026-05-28T02:00:00+02:00,0.222352
2026-05-28T02:15:00+02:00,0.217005
2026-05-28T02:30:00+02:00,0.22494
2026-05-28T02:45:00+02:00,0.236584
2026-05-28T03:00:00+02:00,0.214763
2026-05-28T03:15:00+02:00,0.199755
2026-05-28T03:30:00+02:00,0.181298
2026-05-28T03:45:00+02:00,0.224423
2026-05-28T04:00:00+02:00,0.21666
2026-05-28T04:15:00+02:00,0.20286
2026-05-28T04:30:00+02:00,0.20355
2026-05-28T04:45:00+02:00,0.213986
2026-05-28T05:00:00+02:00,0.219593
2026-05-28T05:15:00+02:00,0.207517
2026-05-28T05:30:00+02:00,0.207863
2026-05-28T05:45:00+02:00,0.150593
2026-05-28T06:00:00+02:00,0.217954
2026-05-28T06:15:00+02:00,0.22356
2026-05-28T06:30:00+02:00,0.226493
2026-05-28T06:45:00+02:00,0.223043
2026-05-28T07:00:00+02:00,0.226234
2026-05-28T07:15:00+02:00,0.201998
2026-05-28T07:30:00+02:00,0.200963
2026-05-28T07:45:00+02:00,0.22977
2026-05-28T08:00:00+02:00,0.2346
2026-05-28T08:15:00+02:00,0.21942
2026-05-28T08:30:00+02:00,0.230287
2026-05-28T08:45:00+02:00,0.22839
2026-05-28T09:00:00+02:00,0.22149
2026-05-28T09:15:00+02:00,0.230288
2026-05-28T09:30:00+02:00,0.221662
2026-05-28T09:45:00+02:00,0.239258
2026-05-28T10:00:00+02:00,0.224336
2026-05-28T10:15:00+02:00,0.176813
2026-05-28T10:30:00+02:00,0.150938
2026-05-28T10:45:00+02:00,0.150938
2026-05-28T11:00:00+02:00,0.15042
2026-05-28T11:15:00+02:00,0.15042
2026-05-28T11:30:00+02:00,0.15042
2026-05-28T11:45:00+02:00,0.149903
2026-05-28T12:00:00+02:00,0.14973
2026-05-28T12:15:00+02:00,0.149989
2026-05-28T12:30:00+02:00,0.15111
2026-05-28T12:45:00+02:00,0.151283
2026-05-28T13:00:00+02:00,0.151455
2026-05-28T13:15:00+02:00,0.150593
2026-05-28T13:30:00+02:00,0.150248
2026-05-28T13:45:00+02:00,0.151455
2026-05-28T14:00:00+02:00,0.151283
2026-05-28T14:15:00+02:00,0.152318
2026-05-28T14:30:00+02:00,0.150765
2026-05-28T14:45:00+02:00,0.17526
2026-05-28T15:00:00+02:00,0.218902
2026-05-28T15:15:00+02:00,0.210536
2026-05-28T15:30:00+02:00,0.226148
2026-05-28T15:45:00+02:00,0.215798
2026-05-28T16:00:00+02:00,0.22494
2026-05-28T16:15:00+02:00,0.21459
2026-05-28T16:30:00+02:00,0.208035
2026-05-28T16:45:00+02:00,0.1656
2026-05-28T17:00:00+02:00,0.205361
2026-05-28T17:15:00+02:00,0.220283
2026-05-28T17:30:00+02:00,0.20976
2026-05-28T17:45:00+02:00,0.22425
2026-05-28T18:00:00+02:00,0.161115
2026-05-28T18:15:00+02:00,0.16767
2026-05-28T18:30:00+02:00,0.216315
2026-05-28T18:45:00+02:00,0.228304
2026-05-28T19:00:00+02:00,0.165083
2026-05-28T19:15:00+02:00,0.223733
2026-05-28T19:30:00+02:00,0.187335
2026-05-28T19:45:00+02:00,0.163185
2026-05-28T20:00:00+02:00,0.225113
2026-05-28T20:15:00+02:00,0.219075
2026-05-28T20:30:00+02:00,0.218213
2026-05-28T20:45:00+02:00,0.22149
2026-05-28T21:00:00+02:00,0.176813
2026-05-28T21:15:00+02:00,0.222956
2026-05-28T21:30:00+02:00,0.20562
2026-05-28T21:45:00+02:00,0.151455
2026-05-28T22:00:00+02:00,0.184748
2026-05-28T22:15:00+02:00,0.221835
2026-05-28T22:30:00+02:00,0.205275
2026-05-28T22:45:00+02:00,0.212003
2026-05-28T23:00:00+02:00,0.212261
2026-05-28T23:15:00+02:00,0.193545
2026-05-28T23:30:00+02:00,0.216315
2026-05-28T23:45:00+02:00,0.168015
2026-05-29T00:00:00+02:00,0.208898
2026-05-29T00:15:00+02:00,0.204844
2026-05-29T00:30:00+02:00,0.234945
2026-05-29T00:45:00+02:00,0.217178
2026-05-29T01:00:00+02:00,0.228908
2026-05-29T01:15:00+02:00,0.215107
2026-05-29T01:30:00+02:00,0.214245
2026-05-29T01:45:00+02:00,0.224768
2026-05-29T02:00:00+02:00,0.20631
2026-05-29T02:15:00+02:00,0.203032
2026-05-29T02:30:00+02:00,0.216315
2026-05-29T02:45:00+02:00,0.227355
2026-05-29T03:00:00+02:00,0.201308
2026-05-29T03:15:00+02:00,0.21735
2026-05-29T03:30:00+02:00,0.217436
2026-05-29T03:45:00+02:00,0.220455
2026-05-29T04:00:00+02:00,0.206828
2026-05-29T04:15:00+02:00,0.217178
2026-05-29T04:30:00+02:00,0.205275
2026-05-29T04:45:00+02:00,0.206396
2026-05-29T05:00:00+02:00,0.207345
2026-05-29T05:15:00+02:00,0.218385
2026-05-29T05:30:00+02:00,0.172845
2026-05-29T05:45:00+02:00,0.150938
2026-05-29T06:00:00+02:00,0.198203
2026-05-29T06:15:00+02:00,0.235031
2026-05-29T06:30:00+02:00,0.230287
2026-05-29T06:45:00+02:00,0.22839
2026-05-29T07:00:00+02:00,0.220455
2026-05-29T07:15:00+02:00,0.228476
2026-05-29T07:30:00+02:00,0.229942
2026-05-29T07:45:00+02:00,0.181988
2026-05-29T08:00:00+02:00,0.235117
2026-05-29T08:15:00+02:00,0.230029
2026-05-29T08:30:00+02:00,0.233392
2026-05-29T08:45:00+02:00,0.22287
2026-05-29T09:00:00+02:00,0.213383
2026-05-29T09:15:00+02:00,0.21804
2026-05-29T09:30:00+02:00,0.214762
2026-05-29T09:45:00+02:00,0.228735
2026-05-29T10:00:00+02:00,0.22632
2026-05-29T10:15:00+02:00,0.223215
2026-05-29T10:30:00+02:00,0.236325
2026-05-29T10:45:00+02:00,0.206828
2026-05-29T11:00:00+02:00,0.174225
2026-05-29T11:15:00+02:00,0.21666
2026-05-29T11:30:00+02:00,0.156199
2026-05-29T11:45:00+02:00,0.158355
2026-05-29T12:00:00+02:00,0.228908
2026-05-29T12:15:00+02:00,0.232185
2026-05-29T12:30:00+02:00,0.233393
2026-05-29T12:45:00+02:00,0.247192
2026-05-29T13:00:00+02:00,0.2346
2026-05-29T13:15:00+02:00,0.239344
2026-05-29T13:30:00+02:00,0.233565
2026-05-29T13:45:00+02:00,0.16353
2026-05-29T14:00:00+02:00,0.150593
2026-05-29T14:15:00+02:00,0.150075
2026-05-29T14:30:00+02:00,0.150765
2026-05-29T14:45:00+02:00,0.149385
2026-05-29T15:00:00+02:00,0.150593
2026-05-29T15:15:00+02:00,0.14973
2026-05-29T15:30:00+02:00,0.151455
2026-05-29T15:45:00+02:00,0.15042
2026-05-29T16:00:00+02:00,0.15042
2026-05-29T16:15:00+02:00,0.150765
2026-05-29T16:30:00+02:00,0.150248
2026-05-29T16:45:00+02:00,0.149903
2026-05-29T17:00:00+02:00,0.150248
2026-05-29T17:15:00+02:00,0.151455
2026-05-29T17:30:00+02:00,0.150938
2026-05-29T17:45:00+02:00,0.150075
2026-05-29T18:00:00+02:00,0.150593
2026-05-29T18:15:00+02:00,0.150938
2026-05-29T18:30:00+02:00,0.150248
2026-05-29T18:45:00+02:00,0.150765
2026-05-29T19:00:00+02:00,0.150765
2026-05-29T19:15:00+02:00,0.149385
2026-05-29T19:30:00+02:00,0.150938
2026-05-29T19:45:00+02:00,0.150679
2026-05-29T20:00:00+02:00,0.129548
2026-05-29T20:15:00+02:00,0.0
2026-05-29T20:30:00+02:00,0.0
2026-05-29T20:45:00+02:00,0.0
2026-05-29T21:00:00+02:00,0.0
2026-05-29T21:15:00+02:00,0.0
2026-05-29T21:30:00+02:00,0.0
2026-05-29T21:45:00+02:00,0.0
2026-05-29T22:00:00+02:00,0.0
2026-05-29T22:15:00+02:00,0.0
2026-05-29T22:30:00+02:00,0.0
2026-05-29T22:45:00+02:00,0.0
2026-05-29T23:00:00+02:00,0.0
2026-05-29T23:15:00+02:00,0.0
2026-05-29T23:30:00+02:00,0.0
2026-05-29T23:45:00+02:00,0.0
2026-05-30T00:00:00+02:00,0.0
2026-05-30T00:15:00+02:00,0.0
2026-05-30T00:30:00+02:00,0.0
2026-05-30T00:45:00+02:00,0.0
2026-05-30T01:00:00+02:00,0.0
2026-05-30T01:15:00+02:00,0.0
2026-05-30T01:30:00+02:00,0.0
2026-05-30T01:45:00+02:00,0.0
2026-05-30T02:00:00+02:00,0.0
2026-05-30T02:15:00+02:00,0.0
2026-05-30T02:30:00+02:00,0.0
2026-05-30T02:45:00+02:00,0.0
2026-05-30T03:00:00+02:00,0.0
2026-05-30T03:15:00+02:00,0.0
2026-05-30T03:30:00+02:00,0.0
2026-05-30T03:45:00+02:00,0.0
2026-05-30T04:00:00+02:00,0.0
2026-05-30T04:15:00+02:00,0.0
2026-05-30T04:30:00+02:00,0.0
2026-05-30T04:45:00+02:00,0.0
2026-05-30T05:00:00+02:00,0.0
2026-05-30T05:15:00+02:00,0.0
2026-05-30T05:30:00+02:00,0.0
2026-05-30T05:45:00+02:00,0.0
2026-05-30T06:00:00+02:00,0.0
2026-05-30T06:15:00+02:00,0.0
2026-05-30T06:30:00+02:00,0.0
2026-05-30T06:45:00+02:00,0.0
2026-05-30T07:00:00+02:00,0.0
2026-05-30T07:15:00+02:00,0.0
2026-05-30T07:30:00+02:00,0.0
2026-05-30T07:45:00+02:00,0.0
2026-05-30T08:00:00+02:00,0.0
2026-05-30T08:15:00+02:00,0.0
2026-05-30T08:30:00+02:00,0.0
2026-05-30T08:45:00+02:00,0.0
2026-05-30T09:00:00+02:00,0.0
2026-05-30T09:15:00+02:00,0.0
2026-05-30T09:30:00+02:00,0.0
2026-05-30T09:45:00+02:00,0.0
2026-05-30T10:00:00+02:00,0.0
2026-05-30T10:15:00+02:00,0.0
2026-05-30T10:30:00+02:00,0.0
2026-05-30T10:45:00+02:00,0.0
2026-05-30T11:00:00+02:00,0.0
2026-05-30T11:15:00+02:00,0.0
2026-05-30T11:30:00+02:00,0.0
2026-05-30T11:45:00+02:00,0.0
2026-05-30T12:00:00+02:00,0.0
2026-05-30T12:15:00+02:00,0.0
2026-05-30T12:30:00+02:00,0.0
2026-05-30T12:45:00+02:00,0.0
2026-05-30T13:00:00+02:00,0.0
2026-05-30T13:15:00+02:00,0.0
2026-05-30T13:30:00+02:00,0.019493
2026-05-30T13:45:00+02:00,0.13662
2026-05-30T14:00:00+02:00,0.140932
2026-05-30T14:15:00+02:00,0.140587
2026-05-30T14:30:00+02:00,0.140415
2026-05-30T14:45:00+02:00,0.14007
2026-05-30T15:00:00+02:00,0.140242
2026-05-30T15:15:00+02:00,0.1449
2026-05-30T15:30:00+02:00,0.150075
2026-05-30T15:45:00+02:00,0.14973
2026-05-30T16:00:00+02:00,0.148868
2026-05-30T16:15:00+02:00,0.148264
2026-05-30T16:30:00+02:00,0.14766
2026-05-30T16:45:00+02:00,0.147488
2026-05-30T17:00:00+02:00,0.14973
2026-05-30T17:15:00+02:00,0.14973
2026-05-30T17:30:00+02:00,0.148178
2026-05-30T17:45:00+02:00,0.147315
2026-05-30T18:00:00+02:00,0.148005
2026-05-30T18:15:00+02:00,0.151628
2026-05-30T18:30:00+02:00,0.149385
2026-05-30T18:45:00+02:00,0.146625
2026-05-30T19:00:00+02:00,0.14697
2026-05-30T19:15:00+02:00,0.14973
2026-05-30T19:30:00+02:00,0.15042
2026-05-30T19:45:00+02:00,0.150248
2026-05-30T20:00:00+02:00,0.149471
2026-05-30T20:15:00+02:00,0.151628
2026-05-30T20:30:00+02:00,0.151455
2026-05-30T20:45:00+02:00,0.15042
2026-05-30T21:00:00+02:00,0.151455
2026-05-30T21:15:00+02:00,0.151628
2026-05-30T21:30:00+02:00,0.151455
2026-05-30T21:45:00+02:00,0.151973
2026-05-30T22:00:00+02:00,0.151283
2026-05-30T22:15:00+02:00,0.150593
2026-05-30T22:30:00+02:00,0.149903
2026-05-30T22:45:00+02:00,0.148695
2026-05-30T23:00:00+02:00,0.14973
2026-05-30T23:15:00+02:00,0.149213
2026-05-30T23:30:00+02:00,0.148868
2026-05-30T23:45:00+02:00,0.148523
2026-05-31T00:00:00+02:00,0.14766
2026-05-31T00:15:00+02:00,0.14697
2026-05-31T00:30:00+02:00,0.149385
2026-05-31T00:45:00+02:00,0.148954
2026-05-31T01:00:00+02:00,0.14973
2026-05-31T01:15:00+02:00,0.14973
2026-05-31T01:30:00+02:00,0.148005
2026-05-31T01:45:00+02:00,0.14835
2026-05-31T02:00:00+02:00,0.149385
2026-05-31T02:15:00+02:00,0.15249
2026-05-31T02:30:00+02:00,0.151628
2026-05-31T02:45:00+02:00,0.151628
2026-05-31T03:00:00+02:00,0.151886
2026-05-31T03:15:00+02:00,0.151973
2026-05-31T03:30:00+02:00,0.152318
2026-05-31T03:45:00+02:00,0.151973
2026-05-31T04:00:00+02:00,0.151973
2026-05-31T04:15:00+02:00,0.152145
2026-05-31T04:30:00+02:00,0.151628
2026-05-31T04:45:00+02:00,0.152663
2026-05-31T05:00:00+02:00,0.15318
2026-05-31T05:15:00+02:00,0.152835
2026-05-31T05:30:00+02:00,0.153784
2026-05-31T05:45:00+02:00,0.150593
2026-05-31T06:00:00+02:00,0.151628
2026-05-31T06:15:00+02:00,0.152663
2026-05-31T06:30:00+02:00,0.151973
2026-05-31T06:45:00+02:00,0.150938
2026-05-31T07:00:00+02:00,0.152663
2026-05-31T07:15:00+02:00,0.152318
2026-05-31T07:30:00+02:00,0.152663
2026-05-31T07:45:00+02:00,0.148005
2026-05-31T08:00:00+02:00,0.147143
2026-05-31T08:15:00+02:00,0.146366
2026-05-31T08:30:00+02:00,0.146108
2026-05-31T08:45:00+02:00,0.14628
2026-05-31T09:00:00+02:00,0.146625
2026-05-31T09:15:00+02:00,0.145935
2026-05-31T09:30:00+02:00,0.147488
2026-05-31T09:45:00+02:00,0.149558
2026-05-31T10:00:00+02:00,0.149903
2026-05-31T10:15:00+02:00,0.150593
2026-05-31T10:30:00+02:00,0.148523
2026-05-31T10:45:00+02:00,0.150593
2026-05-31T11:00:00+02:00,0.15042
2026-05-31T11:15:00+02:00,0.152663
2026-05-31T11:30:00+02:00,0.153008
2026-05-31T11:45:00+02:00,0.151973
2026-05-31T12:00:00+02:00,0.151455
2026-05-31T12:15:00+02:00,0.15111
2026-05-31T12:30:00+02:00,0.150248
2026-05-31T12:45:00+02:00,0.14766
2026-05-31T13:00:00+02:00,0.15042
2026-05-31T13:15:00+02:00,0.150765
2026-05-31T13:30:00+02:00,0.15042
2026-05-31T13:45:00+02:00,0.15042
2026-05-31T14:00:00+02:00,0.150248
2026-05-31T14:15:00+02:00,0.149903
2026-05-31T14:30:00+02:00,0.150248
2026-05-31T14:45:00+02:00,0.150248
2026-05-31T15:00:00+02:00,0.15111
2026-05-31T15:15:00+02:00,0.150938
2026-05-31T15:30:00+02:00,0.151455
2026-05-31T15:45:00+02:00,0.151628
2026-05-31T16:00:00+02:00,0.14835
2026-05-31T16:15:00+02:00,0.149385
2026-05-31T16:30:00+02:00,0.148868
2026-05-31T16:45:00+02:00,0.148868
2026-05-31T17:00:00+02:00,0.148695
2026-05-31T17:15:00+02:00,0.15042
2026-05-31T17:30:00+02:00,0.151455
2026-05-31T17:45:00+02:00,0.151455
2026-05-31T18:00:00+02:00,0.151973
2026-05-31T18:15:00+02:00,0.150075
2026-05-31T18:30:00+02:00,0.149385
2026-05-31T18:45:00+02:00,0.151973
2026-05-31T19:00:00+02:00,0.152145
2026-05-31T19:15:00+02:00,0.151455
2026-05-31T19:30:00+02:00,0.149385
2026-05-31T19:45:00+02:00,0.148178
2026-05-31T20:00:00+02:00,0.14766
2026-05-31T20:15:00+02:00,0.148005
2026-05-31T20:30:00+02:00,0.147919
2026-05-31T20:45:00+02:00,0.149558
2026-05-31T21:00:00+02:00,0.151455
2026-05-31T21:15:00+02:00,0.151455
2026-05-31T21:30:00+02:00,0.16284
2026-05-31T21:45:00+02:00,0.214762
2026-05-31T22:00:00+02:00,0.222094
2026-05-31T22:15:00+02:00,0.23253
2026-05-31T22:30:00+02:00,0.293423
2026-05-31T22:45:00+02:00,0.280657
2026-05-31T23:00:00+02:00,0.26772
2026-05-31T23:15:00+02:00,0.27876
2026-05-31T23:30:00+02:00,0.29877
2026-05-31T23:45:00+02:00,0.291094
2026-06-01T00:00:00+02:00,0.29187
2026-06-01T00:15:00+02:00,0.294285
2026-06-01T00:30:00+02:00,0.291439
2026-06-01T00:45:00+02:00,0.275483
2026-06-01T01:00:00+02:00,0.301013
2026-06-01T01:15:00+02:00,0.286005
2026-06-01T01:30:00+02:00,0.268065
2026-06-01T01:45:00+02:00,0.279967
2026-06-01T02:00:00+02:00,0.277552
2026-06-01T02:15:00+02:00,0.21114
2026-06-01T02:30:00+02:00,0.152231
2026-06-01T02:45:00+02:00,0.150248
2026-06-01T03:00:00+02:00,0.151455
2026-06-01T03:15:00+02:00,0.1518
2026-06-01T03:30:00+02:00,0.151283
2026-06-01T03:45:00+02:00,0.150938
2026-06-01T04:00:00+02:00,0.151455
2026-06-01T04:15:00+02:00,0.150593
2026-06-01T04:30:00+02:00,0.152145
2026-06-01T04:45:00+02:00,0.152318
2026-06-01T05:00:00+02:00,0.150593
2026-06-01T05:15:00+02:00,0.150593
2026-06-01T05:30:00+02:00,0.151283
2026-06-01T05:45:00+02:00,0.150506
2026-06-01T06:00:00+02:00,0.144037
2026-06-01T06:15:00+02:00,0.139897
2026-06-01T06:30:00+02:00,0.139552
2026-06-01T06:45:00+02:00,0.1449
2026-06-01T07:00:00+02:00,0.14766
2026-06-01T07:15:00+02:00,0.16008
2026-06-01T07:30:00+02:00,0.151973
2026-06-01T07:45:00+02:00,0.165514
2026-06-01T08:00:00+02:00,0.189577
2026-06-01T08:15:00+02:00,0.224077
2026-06-01T08:30:00+02:00,0.22563
2026-06-01T08:45:00+02:00,0.218558
2026-06-01T09:00:00+02:00,0.19182
2026-06-01T09:15:00+02:00,0.215625
2026-06-01T09:30:00+02:00,0.195442
2026-06-01T09:45:00+02:00,0.24219
2026-06-01T10:00:00+02:00,0.173535
2026-06-01T10:15:00+02:00,0.216919
2026-06-01T10:30:00+02:00,0.221663
2026-06-01T10:45:00+02:00,0.209587
2026-06-01T11:00:00+02:00,0.206914
2026-06-01T11:15:00+02:00,0.212865
2026-06-01T11:30:00+02:00,0.218213
2026-06-01T11:45:00+02:00,0.230029
2026-06-01T12:00:00+02:00,0.185437
2026-06-01T12:15:00+02:00,0.236843
2026-06-01T12:30:00+02:00,0.216315
2026-06-01T12:45:00+02:00,0.183109
2026-06-01T13:00:00+02:00,0.219075
2026-06-01T13:15:00+02:00,0.212865
2026-06-01T13:30:00+02:00,0.221059
2026-06-01T13:45:00+02:00,0.154043
2026-06-01T14:00:00+02:00,0.201653
2026-06-01T14:15:00+02:00,0.224595
2026-06-01T14:30:00+02:00,0.22149
2026-06-01T14:45:00+02:00,0.220455
2026-06-01T15:00:00+02:00,0.21183
2026-06-01T15:15:00+02:00,0.215194
2026-06-01T15:30:00+02:00,0.147488
2026-06-01T15:45:00+02:00,0.156285
2026-06-01T16:00:00+02:00,0.231495
2026-06-01T16:15:00+02:00,0.25116
2026-06-01T16:30:00+02:00,0.23598
2026-06-01T16:45:00+02:00,0.204413
2026-06-01T17:00:00+02:00,0.218816
2026-06-01T17:15:00+02:00,0.24081
2026-06-01T17:30:00+02:00,0.248314
2026-06-01T17:45:00+02:00,0.257542
2026-06-01T18:00:00+02:00,0.2139
2026-06-01T18:15:00+02:00,0.246675
2026-06-01T18:30:00+02:00,0.231322
2026-06-01T18:45:00+02:00,0.245726
2026-06-01T19:00:00+02:00,0.228045
2026-06-01T19:15:00+02:00,0.220455
2026-06-01T19:30:00+02:00,0.241931
2026-06-01T19:45:00+02:00,0.206655
2026-06-01T20:00:00+02:00,0.216488
2026-06-01T20:15:00+02:00,0.223905
2026-06-01T20:30:00+02:00,0.24219
2026-06-01T20:45:00+02:00,0.187939
2026-06-01T21:00:00+02:00,0.174398
2026-06-01T21:15:00+02:00,0.262027
2026-06-01T21:30:00+02:00,0.175433
2026-06-01T21:45:00+02:00,0.150075
2026-06-01T22:00:00+02:00,0.249262
2026-06-01T22:15:00+02:00,0.28014
2026-06-01T22:30:00+02:00,0.288679
2026-06-01T22:45:00+02:00,0.298597
2026-06-01T23:00:00+02:00,0.309724
2026-06-01T23:15:00+02:00,0.307568
2026-06-01T23:30:00+02:00,0.33051
2026-06-01T23:45:00+02:00,0.338531
2026-06-02T00:00:00+02:00,0.308085
2026-06-02T00:15:00+02:00,0.291266
2026-06-02T00:30:00+02:00,0.316537
2026-06-02T00:45:00+02:00,0.308603
2026-06-02T01:00:00+02:00,0.322575
2026-06-02T01:15:00+02:00,0.30084
2026-06-02T01:30:00+02:00,0.291525
2026-06-02T01:45:00+02:00,0.30498
2026-06-02T02:00:00+02:00,0.30567
2026-06-02T02:15:00+02:00,0.295234
2026-06-02T02:30:00+02:00,0.307568
2026-06-02T02:45:00+02:00,0.31464
2026-06-02T03:00:00+02:00,0.28221
2026-06-02T03:15:00+02:00,0.315675
2026-06-02T03:30:00+02:00,0.23667
2026-06-02T03:45:00+02:00,0.171638
2026-06-02T04:00:00+02:00,0.301185
2026-06-02T04:15:00+02:00,0.323265
2026-06-02T04:30:00+02:00,0.314812
2026-06-02T04:45:00+02:00,0.3174
2026-06-02T05:00:00+02:00,0.311707
2026-06-02T05:15:00+02:00,0.322747
2026-06-02T05:30:00+02:00,0.30498
2026-06-02T05:45:00+02:00,0.217005
2026-06-02T06:00:00+02:00,0.270825
2026-06-02T06:15:00+02:00,0.316537
2026-06-02T06:30:00+02:00,0.21459
2026-06-02T06:45:00+02:00,0.196478
2026-06-02T07:00:00+02:00,0.191302
2026-06-02T07:15:00+02:00,0.1932
2026-06-02T07:30:00+02:00,0.217005
2026-06-02T07:45:00+02:00,0.215107
2026-06-02T08:00:00+02:00,0.24978
2026-06-02T08:15:00+02:00,0.251333
2026-06-02T08:30:00+02:00,0.253403
2026-06-02T08:45:00+02:00,0.282727
2026-06-02T09:00:00+02:00,0.22149
2026-06-02T09:15:00+02:00,0.222007
2026-06-02T09:30:00+02:00,0.252368
2026-06-02T09:45:00+02:00,0.195443
2026-06-02T10:00:00+02:00,0.23598
2026-06-02T10:15:00+02:00,0.19734
2026-06-02T10:30:00+02:00,0.242708
2026-06-02T10:45:00+02:00,0.237015
2026-06-02T11:00:00+02:00,0.18906
2026-06-02T11:15:00+02:00,0.217523
2026-06-02T11:30:00+02:00,0.241672
2026-06-02T11:45:00+02:00,0.250211
2026-06-02T12:00:00+02:00,0.201652
2026-06-02T12:15:00+02:00,0.234945
2026-06-02T12:30:00+02:00,0.253489
2026-06-02T12:45:00+02:00,0.212693
2026-06-02T13:00:00+02:00,0.204068
2026-06-02T13:15:00+02:00,0.228045
2026-06-02T13:30:00+02:00,0.247192
2026-06-02T13:45:00+02:00,0.17388
2026-06-02T14:00:00+02:00,0.236498
2026-06-02T14:15:00+02:00,0.22839
2026-06-02T14:30:00+02:00,0.236929
2026-06-02T14:45:00+02:00,0.250297
2026-06-02T15:00:00+02:00,0.241673
2026-06-02T15:15:00+02:00,0.247106
2026-06-02T15:30:00+02:00,0.245468
2026-06-02T15:45:00+02:00,0.268065
2026-06-02T16:00:00+02:00,0.255127
2026-06-02T16:15:00+02:00,0.262286
2026-06-02T16:30:00+02:00,0.262373
2026-06-02T16:45:00+02:00,0.271515
2026-06-02T17:00:00+02:00,0.209415
2026-06-02T17:15:00+02:00,0.266857
2026-06-02T17:30:00+02:00,0.282383
2026-06-02T17:45:00+02:00,0.276
2026-06-02T18:00:00+02:00,0.272464
2026-06-02T18:15:00+02:00,0.267892
2026-06-02T18:30:00+02:00,0.266858
2026-06-02T18:45:00+02:00,0.313605
2026-06-02T19:00:00+02:00,0.295492
2026-06-02T19:15:00+02:00,0.295837
2026-06-02T19:30:00+02:00,0.286522
2026-06-02T19:45:00+02:00,0.311362
2026-06-02T20:00:00+02:00,0.274189
2026-06-02T20:15:00+02:00,0.293422
2026-06-02T20:30:00+02:00,0.287385
2026-06-02T20:45:00+02:00,0.250815
2026-06-02T21:00:00+02:00,0.294975
2026-06-02T21:15:00+02:00,0.30774
2026-06-02T21:30:00+02:00,0.240292
2026-06-02T21:45:00+02:00,0.217005
2026-06-02T22:00:00+02:00,0.298252
2026-06-02T22:15:00+02:00,0.30084
2026-06-02T22:30:00+02:00,0.323092
2026-06-02T22:45:00+02:00,0.311707
2026-06-02T23:00:00+02:00,0.318608
2026-06-02T23:15:00+02:00,0.295234
2026-06-02T23:30:00+02:00,0.312397
2026-06-02T23:45:00+02:00,0.29946
2026-06-03T00:00:00+02:00,0.285832
2026-06-03T00:15:00+02:00,0.237532
2026-06-03T00:30:00+02:00,0.286867
2026-06-03T00:45:00+02:00,0.31395
2026-06-03T01:00:00+02:00,0.286177
2026-06-03T01:15:00+02:00,0.306878
2026-06-03T01:30:00+02:00,0.302392
2026-06-03T01:45:00+02:00,0.316365
2026-06-03T02:00:00+02:00,0.307136
2026-06-03T02:15:00+02:00,0.303428
2026-06-03T02:30:00+02:00,0.308085
2026-06-03T02:45:00+02:00,0.315502
2026-06-03T03:00:00+02:00,0.306705
2026-06-03T03:15:00+02:00,0.289455
2026-06-03T03:30:00+02:00,0.212002
2026-06-03T03:45:00+02:00,0.159735
2026-06-03T04:00:00+02:00,0.314381
2026-06-03T04:15:00+02:00,0.305842
2026-06-03T04:30:00+02:00,0.298942
2026-06-03T04:45:00+02:00,0.316279
2026-06-03T05:00:00+02:00,0.319987
2026-06-03T05:15:00+02:00,0.316451
2026-06-03T05:30:00+02:00,0.315157
2026-06-03T05:45:00+02:00,0.21873
2026-06-03T06:00:00+02:00,0.274275
2026-06-03T06:15:00+02:00,0.293595
2026-06-03T06:30:00+02:00,0.289886
2026-06-03T06:45:00+02:00,0.298942
2026-06-03T07:00:00+02:00,0.283245
2026-06-03T07:15:00+02:00,0.234945
2026-06-03T07:30:00+02:00,0.211916
2026-06-03T07:45:00+02:00,0.296182
2026-06-03T08:00:00+02:00,0.299805
2026-06-03T08:15:00+02:00,0.276949
2026-06-03T08:30:00+02:00,0.28221
2026-06-03T08:45:00+02:00,0.275396
2026-06-03T09:00:00+02:00,0.283073
2026-06-03T09:15:00+02:00,0.24909
2026-06-03T09:30:00+02:00,0.276517
2026-06-03T09:45:00+02:00,0.267893
2026-06-03T10:00:00+02:00,0.254437
2026-06-03T10:15:00+02:00,0.268238
2026-06-03T10:30:00+02:00,0.266857
2026-06-03T10:45:00+02:00,0.250297
2026-06-03T11:00:00+02:00,0.19665
2026-06-03T11:15:00+02:00,0.250729
2026-06-03T11:30:00+02:00,0.263063
2026-06-03T11:45:00+02:00,0.254093
2026-06-03T12:00:00+02:00,0.260647
2026-06-03T12:15:00+02:00,0.249263
2026-06-03T12:30:00+02:00,0.252885
2026-06-03T12:45:00+02:00,0.21183
2026-06-03T13:00:00+02:00,0.24012
2026-06-03T13:15:00+02:00,0.237533
2026-06-03T13:30:00+02:00,0.249607
2026-06-03T13:45:00+02:00,0.175088
2026-06-03T14:00:00+02:00,0.23184
2026-06-03T14:15:00+02:00,0.276776
2026-06-03T14:30:00+02:00,0.28566
2026-06-03T14:45:00+02:00,0.277207
2026-06-03T15:00:00+02:00,0.283072
2026-06-03T15:15:00+02:00,0.302047
2026-06-03T15:30:00+02:00,0.293681
2026-06-03T15:45:00+02:00,0.298252
2026-06-03T16:00:00+02:00,0.23667
2026-06-03T16:15:00+02:00,0.281434
2026-06-03T16:30:00+02:00,0.25461
2026-06-03T16:45:00+02:00,0.254783
2026-06-03T17:00:00+02:00,0.247365
2026-06-03T17:15:00+02:00,0.24633
2026-06-03T17:30:00+02:00,0.276
2026-06-03T17:45:00+02:00,0.27117
2026-06-03T18:00:00+02:00,0.28152
2026-06-03T18:15:00+02:00,0.286695
2026-06-03T18:30:00+02:00,0.268582
2026-06-03T18:45:00+02:00,0.309465
2026-06-03T19:00:00+02:00,0.246847
2026-06-03T19:15:00+02:00,0.306619
2026-06-03T19:30:00+02:00,0.289627
2026-06-03T19:45:00+02:00,0.289628
2026-06-03T20:00:00+02:00,0.285832
2026-06-03T20:15:00+02:00,0.297735
2026-06-03T20:30:00+02:00,0.306705
2026-06-03T20:45:00+02:00,0.297562
2026-06-03T21:00:00+02:00,0.27462
2026-06-03T21:15:00+02:00,0.28911
2026-06-03T21:30:00+02:00,0.240637
2026-06-03T21:45:00+02:00,0.215797
2026-06-03T22:00:00+02:00,0.262717
2026-06-03T22:15:00+02:00,0.293164
2026-06-03T22:30:00+02:00,0.292042
2026-06-03T22:45:00+02:00,0.281692
2026-06-03T23:00:00+02:00,0.29049
2026-06-03T23:15:00+02:00,0.299288
2026-06-03T23:30:00+02:00,0.274792
2026-06-03T23:45:00+02:00,0.261337
2026-06-04T00:00:00+02:00,0.317055
2026-06-04T00:15:00+02:00,0.300926
2026-06-04T00:30:00+02:00,0.314295
2026-06-04T00:45:00+02:00,0.2967
2026-06-04T01:00:00+02:00,0.301012
2026-06-04T01:15:00+02:00,0.316883
2026-06-04T01:30:00+02:00,0.285142
2026-06-04T01:45:00+02:00,0.297476
2026-06-04T02:00:00+02:00,0.291352
2026-06-04T02:15:00+02:00,0.291956
2026-06-04T02:30:00+02:00,0.288592
2026-06-04T02:45:00+02:00,0.301185
2026-06-04T03:00:00+02:00,0.30015
2026-06-04T03:15:00+02:00,0.295665
2026-06-04T03:30:00+02:00,0.212692
2026-06-04T03:45:00+02:00,0.151628
2026-06-04T04:00:00+02:00,0.291008
2026-06-04T04:15:00+02:00,0.277897
2026-06-04T04:30:00+02:00,0.297217
2026-06-04T04:45:00+02:00,0.311535
2026-06-04T05:00:00+02:00,0.311017
2026-06-04T05:15:00+02:00,0.289455
2026-06-04T05:30:00+02:00,0.306532
2026-06-04T05:45:00+02:00,0.19527
2026-06-04T06:00:00+02:00,0.165255
2026-06-04T06:15:00+02:00,0.232702
2026-06-04T06:30:00+02:00,0.234427
2026-06-04T06:45:00+02:00,0.203205
2026-06-04T07:00:00+02:00,0.150938
2026-06-04T07:15:00+02:00,0.183023
2026-06-04T07:30:00+02:00,0.245381
2026-06-04T07:45:00+02:00,0.228908
2026-06-04T08:00:00+02:00,0.226837
2026-06-04T08:15:00+02:00,0.214245
2026-06-04T08:30:00+02:00,0.228045
2026-06-04T08:45:00+02:00,0.208553
2026-06-04T09:00:00+02:00,0.158873
2026-06-04T09:15:00+02:00,0.225026
2026-06-04T09:30:00+02:00,0.223215
2026-06-04T09:45:00+02:00,0.22218
2026-06-04T10:00:00+02:00,0.223905
2026-06-04T10:15:00+02:00,0.220283
2026-06-04T10:30:00+02:00,0.22011
2026-06-04T10:45:00+02:00,0.203723
2026-06-04T11:00:00+02:00,0.185438
2026-06-04T11:15:00+02:00,0.220628
2026-06-04T11:30:00+02:00,0.22356
2026-06-04T11:45:00+02:00,0.215107
2026-06-04T12:00:00+02:00,0.237532
2026-06-04T12:15:00+02:00,0.222956
2026-06-04T12:30:00+02:00,0.222525
2026-06-04T12:45:00+02:00,0.177848
2026-06-04T13:00:00+02:00,0.226493
2026-06-04T13:15:00+02:00,0.230201
2026-06-04T13:30:00+02:00,0.226493
2026-06-04T13:45:00+02:00,0.160425
2026-06-04T14:00:00+02:00,0.200445
2026-06-04T14:15:00+02:00,0.2208
2026-06-04T14:30:00+02:00,0.23874
2026-06-04T14:45:00+02:00,0.225716
2026-06-04T15:00:00+02:00,0.200273
2026-06-04T15:15:00+02:00,0.228045
2026-06-04T15:30:00+02:00,0.227614
2026-06-04T15:45:00+02:00,0.229942
2026-06-04T16:00:00+02:00,0.198375
2026-06-04T16:15:00+02:00,0.158355
2026-06-04T16:30:00+02:00,0.233996
2026-06-04T16:45:00+02:00,0.233737
2026-06-04T17:00:00+02:00,0.20286
2026-06-04T17:15:00+02:00,0.244087
2026-06-04T17:30:00+02:00,0.22839
2026-06-04T17:45:00+02:00,0.206569
2026-06-04T18:00:00+02:00,0.239603
2026-06-04T18:15:00+02:00,0.21804
2026-06-04T18:30:00+02:00,0.22908
2026-06-04T18:45:00+02:00,0.195443
2026-06-04T19:00:00+02:00,0.241155
2026-06-04T19:15:00+02:00,0.218385
2026-06-04T19:30:00+02:00,0.220627
2026-06-04T19:45:00+02:00,0.20907
2026-06-04T20:00:00+02:00,0.24771
2026-06-04T20:15:00+02:00,0.231323
2026-06-04T20:30:00+02:00,0.220628
2026-06-04T20:45:00+02:00,0.235808
2026-06-04T21:00:00+02:00,0.225802
2026-06-04T21:15:00+02:00,0.214417
2026-06-04T21:30:00+02:00,0.170948
2026-06-04T21:45:00+02:00,0.185093
2026-06-04T22:00:00+02:00,0.242707
2026-06-04T22:15:00+02:00,0.243915
2026-06-04T22:30:00+02:00,0.302565
2026-06-04T22:45:00+02:00,0.312397
2026-06-04T23:00:00+02:00,0.297217
2026-06-04T23:15:00+02:00,0.29739
2026-06-04T23:30:00+02:00,0.304462
2026-06-04T23:45:00+02:00,0.29877
2026-06-05T00:00:00+02:00,0.276259
2026-06-05T00:15:00+02:00,0.270825
2026-06-05T00:30:00+02:00,0.292387
2026-06-05T00:45:00+02:00,0.3105
2026-06-05T01:00:00+02:00,0.315416
2026-06-05T01:15:00+02:00,0.321367
2026-06-05T01:30:00+02:00,0.303255
2026-06-05T01:45:00+02:00,0.294716
2026-06-05T02:00:00+02:00,0.283072
2026-06-05T02:15:00+02:00,0.304462
2026-06-05T02:30:00+02:00,0.287212
2026-06-05T02:45:00+02:00,0.307999
2026-06-05T03:00:00+02:00,0.288592
2026-06-05T03:15:00+02:00,0.306532
2026-06-05T03:30:00+02:00,0.234686
2026-06-05T03:45:00+02:00,0.151283
2026-06-05T04:00:00+02:00,0.268927
2026-06-05T04:15:00+02:00,0.308775
2026-06-05T04:30:00+02:00,0.300064
2026-06-05T04:45:00+02:00,0.308258
2026-06-05T05:00:00+02:00,0.291266
2026-06-05T05:15:00+02:00,0.28635
2026-06-05T05:30:00+02:00,0.273757
2026-06-05T05:45:00+02:00,0.152145
2026-06-05T06:00:00+02:00,0.151196
2026-06-05T06:15:00+02:00,0.15111
2026-06-05T06:30:00+02:00,0.151283
2026-06-05T06:45:00+02:00,0.15249
2026-06-05T07:00:00+02:00,0.150938
2026-06-05T07:15:00+02:00,0.1518
2026-06-05T07:30:00+02:00,0.151455
2026-06-05T07:45:00+02:00,0.151283
2026-06-05T08:00:00+02:00,0.151369
2026-06-05T08:15:00+02:00,0.15111
2026-06-05T08:30:00+02:00,0.15042
2026-06-05T08:45:00+02:00,0.151283
2026-06-05T09:00:00+02:00,0.151283
2026-06-05T09:15:00+02:00,0.15111
2026-06-05T09:30:00+02:00,0.150765
2026-06-05T09:45:00+02:00,0.1518
2026-06-05T10:00:00+02:00,0.150938
2026-06-05T10:15:00+02:00,0.150938
2026-06-05T10:30:00+02:00,0.150938
2026-06-05T10:45:00+02:00,0.150765
2026-06-05T11:00:00+02:00,0.1518
2026-06-05T11:15:00+02:00,0.151455
2026-06-05T11:30:00+02:00,0.151455
2026-06-05T11:45:00+02:00,0.151455
2026-06-05T12:00:00+02:00,0.15111
2026-06-05T12:15:00+02:00,0.15111
2026-06-05T12:30:00+02:00,0.151283
2026-06-05T12:45:00+02:00,0.150938
2026-06-05T13:00:00+02:00,0.15111
2026-06-05T13:15:00+02:00,0.152145
2026-06-05T13:30:00+02:00,0.15111
2026-06-05T13:45:00+02:00,0.150593
2026-06-05T14:00:00+02:00,0.200531
2026-06-05T14:15:00+02:00,0.232185
2026-06-05T14:30:00+02:00,0.21459
2026-06-05T14:45:00+02:00,0.230201
2026-06-05T15:00:00+02:00,0.23184
2026-06-05T15:15:00+02:00,0.239948
2026-06-05T15:30:00+02:00,0.224423
2026-06-05T15:45:00+02:00,0.199928
2026-06-05T16:00:00+02:00,0.153525
2026-06-05T16:15:00+02:00,0.234859
2026-06-05T16:30:00+02:00,0.24081
2026-06-05T16:45:00+02:00,0.215798
2026-06-05T17:00:00+02:00,0.237274
2026-06-05T17:15:00+02:00,0.222698
2026-06-05T17:30:00+02:00,0.237015
2026-06-05T17:45:00+02:00,0.212693
2026-06-05T18:00:00+02:00,0.195615
2026-06-05T18:15:00+02:00,0.237619
2026-06-05T18:30:00+02:00,0.2208
2026-06-05T18:45:00+02:00,0.231495
2026-06-05T19:00:00+02:00,0.204499
2026-06-05T19:15:00+02:00,0.24219
2026-06-05T19:30:00+02:00,0.222525
2026-06-05T19:45:00+02:00,0.233393
2026-06-05T20:00:00+02:00,0.194925
2026-06-05T20:15:00+02:00,0.244605
2026-06-05T20:30:00+02:00,0.23115
2026-06-05T20:45:00+02:00,0.226493
2026-06-05T21:00:00+02:00,0.200704
2026-06-05T21:15:00+02:00,0.191993
2026-06-05T21:30:00+02:00,0.191303
2026-06-05T21:45:00+02:00,0.14973
2026-06-05T22:00:00+02:00,0.23322
2026-06-05T22:15:00+02:00,0.301357
2026-06-05T22:30:00+02:00,0.31257
2026-06-05T22:45:00+02:00,0.316538
2026-06-05T23:00:00+02:00,0.307395
2026-06-05T23:15:00+02:00,0.304807
2026-06-05T23:30:00+02:00,0.29463
2026-06-05T23:45:00+02:00,0.309465
2026-06-06T00:00:00+02:00,0.248572
2026-06-06T00:15:00+02:00,0.3036
2026-06-06T00:30:00+02:00,0.29808
2026-06-06T00:45:00+02:00,0.30636
2026-06-06T01:00:00+02:00,0.28842
2026-06-06T01:15:00+02:00,0.28428
2026-06-06T01:30:00+02:00,0.288592
2026-06-06T01:45:00+02:00,0.292215
2026-06-06T02:00:00+02:00,0.28842
2026-06-06T02:15:00+02:00,0.294026
2026-06-06T02:30:00+02:00,0.294457
2026-06-06T02:45:00+02:00,0.255818
2026-06-06T03:00:00+02:00,0.284539
2026-06-06T03:15:00+02:00,0.281175
2026-06-06T03:30:00+02:00,0.220282
2026-06-06T03:45:00+02:00,0.19527
2026-06-06T04:00:00+02:00,0.313605
2026-06-06T04:15:00+02:00,0.30429
2026-06-06T04:30:00+02:00,0.30084
2026-06-06T04:45:00+02:00,0.301961
2026-06-06T05:00:00+02:00,0.291525
2026-06-06T05:15:00+02:00,0.304635
2026-06-06T05:30:00+02:00,0.282124
2026-06-06T05:45:00+02:00,0.163013
2026-06-06T06:00:00+02:00,0.14835
2026-06-06T06:15:00+02:00,0.14835
2026-06-06T06:30:00+02:00,0.148523
2026-06-06T06:45:00+02:00,0.150593
2026-06-06T07:00:00+02:00,0.151283
2026-06-06T07:15:00+02:00,0.150075
2026-06-06T07:30:00+02:00,0.148178
2026-06-06T07:45:00+02:00,0.14766
2026-06-06T08:00:00+02:00,0.145073
2026-06-06T08:15:00+02:00,0.146108
2026-06-06T08:30:00+02:00,0.14697
2026-06-06T08:45:00+02:00,0.147315
2026-06-06T09:00:00+02:00,0.146625
2026-06-06T09:15:00+02:00,0.147488
2026-06-06T09:30:00+02:00,0.146625
2026-06-06T09:45:00+02:00,0.145245
2026-06-06T10:00:00+02:00,0.14559
2026-06-06T10:15:00+02:00,0.144728
2026-06-06T10:30:00+02:00,0.144555
2026-06-06T10:45:00+02:00,0.14352
2026-06-06T11:00:00+02:00,0.145245
2026-06-06T11:15:00+02:00,0.143347
2026-06-06T11:30:00+02:00,0.145418
2026-06-06T11:45:00+02:00,0.14559
2026-06-06T12:00:00+02:00,0.143865
2026-06-06T12:15:00+02:00,0.144037
2026-06-06T12:30:00+02:00,0.14628
2026-06-06T12:45:00+02:00,0.144727
2026-06-06T13:00:00+02:00,0.1449
2026-06-06T13:15:00+02:00,0.1449
2026-06-06T13:30:00+02:00,0.144727
2026-06-06T13:45:00+02:00,0.146453
2026-06-06T14:00:00+02:00,0.14559
2026-06-06T14:15:00+02:00,0.145245
2026-06-06T14:30:00+02:00,0.146625
2026-06-06T14:45:00+02:00,0.145935
2026-06-06T15:00:00+02:00,0.146108
2026-06-06T15:15:00+02:00,0.145763
2026-06-06T15:30:00+02:00,0.147488
2026-06-06T15:45:00+02:00,0.147488
2026-06-06T16:00:00+02:00,0.148523
2026-06-06T16:15:00+02:00,0.14628
2026-06-06T16:30:00+02:00,0.146108
2026-06-06T16:45:00+02:00,0.147143
2026-06-06T17:00:00+02:00,0.14697
2026-06-06T17:15:00+02:00,0.146798
2026-06-06T17:30:00+02:00,0.14904
2026-06-06T17:45:00+02:00,0.148695
2026-06-06T18:00:00+02:00,0.149558
2026-06-06T18:15:00+02:00,0.14973
2026-06-06T18:30:00+02:00,0.150765
2026-06-06T18:45:00+02:00,0.150765
2026-06-06T19:00:00+02:00,0.151628
2026-06-06T19:15:00+02:00,0.15042
2026-06-06T19:30:00+02:00,0.1518
2026-06-06T19:45:00+02:00,0.151283
2026-06-06T20:00:00+02:00,0.150765
2026-06-06T20:15:00+02:00,0.151455
2026-06-06T20:30:00+02:00,0.149903
2026-06-06T20:45:00+02:00,0.15111
2026-06-06T21:00:00+02:00,0.151973
2026-06-06T21:15:00+02:00,0.151455
2026-06-06T21:30:00+02:00,0.151283
2026-06-06T21:45:00+02:00,0.14973
2026-06-06T22:00:00+02:00,0.152835
2026-06-06T22:15:00+02:00,0.151455
2026-06-06T22:30:00+02:00,0.149903
2026-06-06T22:45:00+02:00,0.149471
2026-06-06T23:00:00+02:00,0.1518
2026-06-06T23:15:00+02:00,0.1518
2026-06-06T23:30:00+02:00,0.15042
2026-06-06T23:45:00+02:00,0.152145
2026-06-07T00:00:00+02:00,0.151455
2026-06-07T00:15:00+02:00,0.152145
2026-06-07T00:30:00+02:00,0.151628
2026-06-07T00:45:00+02:00,0.151455
2026-06-07T01:00:00+02:00,0.150938
2026-06-07T01:15:00+02:00,0.149816
2026-06-07T01:30:00+02:00,0.149385
2026-06-07T01:45:00+02:00,0.14904
2026-06-07T02:00:00+02:00,0.149385
2026-06-07T02:15:00+02:00,0.150593
2026-06-07T02:30:00+02:00,0.149558
2026-06-07T02:45:00+02:00,0.14973
2026-06-07T03:00:00+02:00,0.148868
2026-06-07T03:15:00+02:00,0.149385
2026-06-07T03:30:00+02:00,0.148868
2026-06-07T03:45:00+02:00,0.148523
2026-06-07T04:00:00+02:00,0.150765
2026-06-07T04:15:00+02:00,0.151283
2026-06-07T04:30:00+02:00,0.150938
2026-06-07T04:45:00+02:00,0.149903
2026-06-07T05:00:00+02:00,0.14973
2026-06-07T05:15:00+02:00,0.151283
2026-06-07T05:30:00+02:00,0.150593
2026-06-07T05:45:00+02:00,0.149558
2026-06-07T06:00:00+02:00,0.150248
2026-06-07T06:15:00+02:00,0.150248
2026-06-07T06:30:00+02:00,0.149126
2026-06-07T06:45:00+02:00,0.147833
2026-06-07T07:00:00+02:00,0.146798
2026-06-07T07:15:00+02:00,0.148178
2026-06-07T07:30:00+02:00,0.14766
2026-06-07T07:45:00+02:00,0.147488
2026-06-07T08:00:00+02:00,0.147488
2026-06-07T08:15:00+02:00,0.148005
2026-06-07T08:30:00+02:00,0.145935
2026-06-07T08:45:00+02:00,0.145935
2026-06-07T09:00:00+02:00,0.147315
2026-06-07T09:15:00+02:00,0.146108
2026-06-07T09:30:00+02:00,0.145418
2026-06-07T09:45:00+02:00,0.145935
2026-06-07T10:00:00+02:00,0.14973
2026-06-07T10:15:00+02:00,0.151455
2026-06-07T10:30:00+02:00,0.151628
2026-06-07T10:45:00+02:00,0.15111
2026-06-07T11:00:00+02:00,0.1518
2026-06-07T11:15:00+02:00,0.149213
2026-06-07T11:30:00+02:00,0.14697
2026-06-07T11:45:00+02:00,0.14628
2026-06-07T12:00:00+02:00,0.146798
2026-06-07T12:15:00+02:00,0.145073
2026-06-07T12:30:00+02:00,0.14766
2026-06-07T12:45:00+02:00,0.149213
2026-06-07T13:00:00+02:00,0.150075
2026-06-07T13:15:00+02:00,0.150593
2026-06-07T13:30:00+02:00,0.150765
2026-06-07T13:45:00+02:00,0.15042
2026-06-07T14:00:00+02:00,0.149213
2026-06-07T14:15:00+02:00,0.148436
2026-06-07T14:30:00+02:00,0.148523
2026-06-07T14:45:00+02:00,0.149385
2026-06-07T15:00:00+02:00,0.149213
2026-06-07T15:15:00+02:00,0.147143
2026-06-07T15:30:00+02:00,0.14904
2026-06-07T15:45:00+02:00,0.147833
2026-06-07T16:00:00+02:00,0.14904
2026-06-07T16:15:00+02:00,0.148868
2026-06-07T16:30:00+02:00,0.150248
2026-06-07T16:45:00+02:00,0.149126
2026-06-07T17:00:00+02:00,0.150593
2026-06-07T17:15:00+02:00,0.148178
2026-06-07T17:30:00+02:00,0.150593
2026-06-07T17:45:00+02:00,0.14766
2026-06-07T18:00:00+02:00,0.14697
2026-06-07T18:15:00+02:00,0.147315
2026-06-07T18:30:00+02:00,0.146625
2026-06-07T18:45:00+02:00,0.146798
2026-06-07T19:00:00+02:00,0.146798
2026-06-07T19:15:00+02:00,0.14766
2026-06-07T19:30:00+02:00,0.149213
2026-06-07T19:45:00+02:00,0.148178
2026-06-07T20:00:00+02:00,0.15111
2026-06-07T20:15:00+02:00,0.149558
2026-06-07T20:30:00+02:00,0.150248
2026-06-07T20:45:00+02:00,0.149126
2026-06-07T21:00:00+02:00,0.150765
2026-06-07T21:15:00+02:00,0.150248
2026-06-07T21:30:00+02:00,0.149558
2026-06-07T21:45:00+02:00,0.152145
2026-06-07T22:00:00+02:00,0.152835
2026-06-07T22:15:00+02:00,0.151628
2026-06-07T22:30:00+02:00,0.15318
2026-06-07T22:45:00+02:00,0.152318
2026-06-07T23:00:00+02:00,0.151973
2026-06-07T23:15:00+02:00,0.150765
2026-06-07T23:30:00+02:00,0.151628
2026-06-07T23:45:00+02:00,0.151973
2026-06-08T00:00:00+02:00,0.152145
2026-06-08T00:15:00+02:00,0.152318
2026-06-08T00:30:00+02:00,0.152663
2026-06-08T00:45:00+02:00,0.152145
2026-06-08T01:00:00+02:00,0.151541
2026-06-08T01:15:00+02:00,0.150938
2026-06-08T01:30:00+02:00,0.151283
2026-06-08T01:45:00+02:00,0.152145
2026-06-08T02:00:00+02:00,0.152318
2026-06-08T02:15:00+02:00,0.152318
2026-06-08T02:30:00+02:00,0.15111
2026-06-08T02:45:00+02:00,0.152663
2026-06-08T03:00:00+02:00,0.152576
2026-06-08T03:15:00+02:00,0.151973
2026-06-08T03:30:00+02:00,0.151283
2026-06-08T03:45:00+02:00,0.15111
2026-06-08T04:00:00+02:00,0.1518
2026-06-08T04:15:00+02:00,0.151455
2026-06-08T04:30:00+02:00,0.15249
2026-06-08T04:45:00+02:00,0.1518
2026-06-08T05:00:00+02:00,0.151973
2026-06-08T05:15:00+02:00,0.152835
2026-06-08T05:30:00+02:00,0.150765
2026-06-08T05:45:00+02:00,0.151628
2026-06-08T06:00:00+02:00,0.150938
2026-06-08T06:15:00+02:00,0.15042
2026-06-08T06:30:00+02:00,0.150938
2026-06-08T06:45:00+02:00,0.152317
2026-06-08T07:00:00+02:00,0.140587
2026-06-08T07:15:00+02:00,0.140587
2026-06-08T07:30:00+02:00,0.140932
2026-06-08T07:45:00+02:00,0.14076
2026-06-08T08:00:00+02:00,0.139725
2026-06-08T08:15:00+02:00,0.1449
2026-06-08T08:30:00+02:00,0.14835
2026-06-08T08:45:00+02:00,0.146798
2026-06-08T09:00:00+02:00,0.14628
2026-06-08T09:15:00+02:00,0.145935
2026-06-08T09:30:00+02:00,0.14904
2026-06-08T09:45:00+02:00,0.158528
2026-06-08T10:00:00+02:00,0.19665
2026-06-08T10:15:00+02:00,0.19182
2026-06-08T10:30:00+02:00,0.167325
2026-06-08T10:45:00+02:00,0.145245
2026-06-08T11:00:00+02:00,0.14628
2026-06-08T11:15:00+02:00,0.162668
2026-06-08T11:30:00+02:00,0.170775
2026-06-08T11:45:00+02:00,0.170085
2026-06-08T12:00:00+02:00,0.16629
2026-06-08T12:15:00+02:00,0.181815
2026-06-08T12:30:00+02:00,0.18285
2026-06-08T12:45:00+02:00,0.17664
2026-06-08T13:00:00+02:00,0.198461
2026-06-08T13:15:00+02:00,0.16077
2026-06-08T13:30:00+02:00,0.16008
2026-06-08T13:45:00+02:00,0.154301
2026-06-08T14:00:00+02:00,0.15456
2026-06-08T14:15:00+02:00,0.15042
2026-06-08T14:30:00+02:00,0.151283
2026-06-08T14:45:00+02:00,0.150248
2026-06-08T15:00:00+02:00,0.14973
2026-06-08T15:15:00+02:00,0.15111
2026-06-08T15:30:00+02:00,0.151628
2026-06-08T15:45:00+02:00,0.152318
2026-06-08T16:00:00+02:00,0.151973
2026-06-08T16:15:00+02:00,0.150075
2026-06-08T16:30:00+02:00,0.151455
2026-06-08T16:45:00+02:00,0.14835
2026-06-08T17:00:00+02:00,0.150161
2026-06-08T17:15:00+02:00,0.15111
2026-06-08T17:30:00+02:00,0.151455
2026-06-08T17:45:00+02:00,0.151283
2026-06-08T18:00:00+02:00,0.15111
2026-06-08T18:15:00+02:00,0.150938
2026-06-08T18:30:00+02:00,0.150938
2026-06-08T18:45:00+02:00,0.151283
2026-06-08T19:00:00+02:00,0.14904
2026-06-08T19:15:00+02:00,0.148868
2026-06-08T19:30:00+02:00,0.150593
2026-06-08T19:45:00+02:00,0.15111
2026-06-08T20:00:00+02:00,0.15111
2026-06-08T20:15:00+02:00,0.149385
2026-06-08T20:30:00+02:00,0.150593
2026-06-08T20:45:00+02:00,0.150593
2026-06-08T21:00:00+02:00,0.150765
2026-06-08T21:15:00+02:00,0.15111
2026-06-08T21:30:00+02:00,0.14973
2026-06-08T21:45:00+02:00,0.149558
2026-06-08T22:00:00+02:00,0.150075
2026-06-08T22:15:00+02:00,0.152318
2026-06-08T22:30:00+02:00,0.151455
2026-06-08T22:45:00+02:00,0.15318
2026-06-08T23:00:00+02:00,0.15318
2026-06-08T23:15:00+02:00,0.151628
2026-06-08T23:30:00+02:00,0.152145
2026-06-08T23:45:00+02:00,0.152318
2026-06-09T00:00:00+02:00,0.150593
2026-06-09T00:15:00+02:00,0.151283
2026-06-09T00:30:00+02:00,0.1518
2026-06-09T00:45:00+02:00,0.151628
2026-06-09T01:00:00+02:00,0.150765
2026-06-09T01:15:00+02:00,0.151283
2026-06-09T01:30:00+02:00,0.152145
2026-06-09T01:45:00+02:00,0.152318
2026-06-09T02:00:00+02:00,0.151973
2026-06-09T02:15:00+02:00,0.152318
2026-06-09T02:30:00+02:00,0.151455
2026-06-09T02:45:00+02:00,0.151973
2026-06-09T03:00:00+02:00,0.150593
2026-06-09T03:15:00+02:00,0.14973
2026-06-09T03:30:00+02:00,0.152318
2026-06-09T03:45:00+02:00,0.150938
2026-06-09T04:00:00+02:00,0.151283
2026-06-09T04:15:00+02:00,0.152231
2026-06-09T04:30:00+02:00,0.15111
2026-06-09T04:45:00+02:00,0.14973
2026-06-09T05:00:00+02:00,0.150248
2026-06-09T05:15:00+02:00,0.14904
2026-06-09T05:30:00+02:00,0.150938
2026-06-09T05:45:00+02:00,0.148178
2026-06-09T06:00:00+02:00,0.140932
2026-06-09T06:15:00+02:00,0.139897
2026-06-09T06:30:00+02:00,0.139725
2026-06-09T06:45:00+02:00,0.139207
2026-06-09T07:00:00+02:00,0.139552
2026-06-09T07:15:00+02:00,0.138862
2026-06-09T07:30:00+02:00,0.13938
2026-06-09T07:45:00+02:00,0.154732
2026-06-09T08:00:00+02:00,0.192683
2026-06-09T08:15:00+02:00,0.17526
2026-06-09T08:30:00+02:00,0.140932
2026-06-09T08:45:00+02:00,0.15111
2026-06-09T09:00:00+02:00,0.161115
2026-06-09T09:15:00+02:00,0.149558
2026-06-09T09:30:00+02:00,0.150075
2026-06-09T09:45:00+02:00,0.149903
2026-06-09T10:00:00+02:00,0.150938
2026-06-09T10:15:00+02:00,0.150248
2026-06-09T10:30:00+02:00,0.150075
2026-06-09T10:45:00+02:00,0.150506
2026-06-09T11:00:00+02:00,0.151628
2026-06-09T11:15:00+02:00,0.15042
2026-06-09T11:30:00+02:00,0.149903
2026-06-09T11:45:00+02:00,0.149903
2026-06-09T12:00:00+02:00,0.15111
2026-06-09T12:15:00+02:00,0.149558
2026-06-09T12:30:00+02:00,0.150938
2026-06-09T12:45:00+02:00,0.149385
2026-06-09T13:00:00+02:00,0.150248
2026-06-09T13:15:00+02:00,0.150075
2026-06-09T13:30:00+02:00,0.150938
2026-06-09T13:45:00+02:00,0.151283
2026-06-09T14:00:00+02:00,0.150248
2026-06-09T14:15:00+02:00,0.1518
2026-06-09T14:30:00+02:00,0.15111
2026-06-09T14:45:00+02:00,0.151973
2026-06-09T15:00:00+02:00,0.151283
2026-06-09T15:15:00+02:00,0.150506
2026-06-09T15:30:00+02:00,0.150938
2026-06-09T15:45:00+02:00,0.1518
2026-06-09T16:00:00+02:00,0.150593
2026-06-09T16:15:00+02:00,0.150593
2026-06-09T16:30:00+02:00,0.151283
2026-06-09T16:45:00+02:00,0.1518
2026-06-09T17:00:00+02:00,0.148523
2026-06-09T17:15:00+02:00,0.150938
2026-06-09T17:30:00+02:00,0.14973
2026-06-09T17:45:00+02:00,0.149213
2026-06-09T18:00:00+02:00,0.149558
2026-06-09T18:15:00+02:00,0.148005
2026-06-09T18:30:00+02:00,0.149558
2026-06-09T18:45:00+02:00,0.1518
2026-06-09T19:00:00+02:00,0.14904
2026-06-09T19:15:00+02:00,0.151455
2026-06-09T19:30:00+02:00,0.151455
2026-06-09T19:45:00+02:00,0.151283
2026-06-09T20:00:00+02:00,0.151283
2026-06-09T20:15:00+02:00,0.151714
2026-06-09T20:30:00+02:00,0.151628
2026-06-09T20:45:00+02:00,0.15111
2026-06-09T21:00:00+02:00,0.149903
2026-06-09T21:15:00+02:00,0.152145
2026-06-09T21:30:00+02:00,0.150938
2026-06-09T21:45:00+02:00,0.150075
2026-06-09T22:00:00+02:00,0.15111
2026-06-09T22:15:00+02:00,0.149903
2026-06-09T22:30:00+02:00,0.15111
2026-06-09T22:45:00+02:00,0.151628
2026-06-09T23:00:00+02:00,0.151973
2026-06-09T23:15:00+02:00,0.151628
2026-06-09T23:30:00+02:00,0.15042
2026-06-09T23:45:00+02:00,0.151628
2026-06-10T00:00:00+02:00,0.151283
2026-06-10T00:15:00+02:00,0.1518
2026-06-10T00:30:00+02:00,0.151455
2026-06-10T00:45:00+02:00,0.151973
2026-06-10T01:00:00+02:00,0.15249
2026-06-10T01:15:00+02:00,0.151283
2026-06-10T01:30:00+02:00,0.150938
2026-06-10T01:45:00+02:00,0.15111
2026-06-10T02:00:00+02:00,0.150765
2026-06-10T02:15:00+02:00,0.151973
2026-06-10T02:30:00+02:00,0.151455
2026-06-10T02:45:00+02:00,0.151628
2026-06-10T03:00:00+02:00,0.151973
2026-06-10T03:15:00+02:00,0.150851
2026-06-10T03:30:00+02:00,0.1518
2026-06-10T03:45:00+02:00,0.151455
2026-06-10T04:00:00+02:00,0.151628
2026-06-10T04:15:00+02:00,0.1518
2026-06-10T04:30:00+02:00,0.151628
2026-06-10T04:45:00+02:00,0.15318
2026-06-10T05:00:00+02:00,0.151455
2026-06-10T05:15:00+02:00,0.152145
2026-06-10T05:30:00+02:00,0.150765
2026-06-10T05:45:00+02:00,0.152145
2026-06-10T06:00:00+02:00,0.150765
2026-06-10T06:15:00+02:00,0.14904
2026-06-10T06:30:00+02:00,0.149213
2026-06-10T06:45:00+02:00,0.148868
2026-06-10T07:00:00+02:00,0.150075
2026-06-10T07:15:00+02:00,0.15042
2026-06-10T07:30:00+02:00,0.15042
2026-06-10T07:45:00+02:00,0.150938
2026-06-10T08:00:00+02:00,0.151628
2026-06-10T08:15:00+02:00,0.150248
2026-06-10T08:30:00+02:00,0.150938
2026-06-10T08:45:00+02:00,0.150765
2026-06-10T09:00:00+02:00,0.151973
2026-06-10T09:15:00+02:00,0.15042
2026-06-10T09:30:00+02:00,0.15111
2026-06-10T09:45:00+02:00,0.151455
2026-06-10T10:00:00+02:00,0.151455
2026-06-10T10:15:00+02:00,0.150938
2026-06-10T10:30:00+02:00,0.150938
2026-06-10T10:45:00+02:00,0.151283
2026-06-10T11:00:00+02:00,0.150938
2026-06-10T11:15:00+02:00,0.152231
2026-06-10T11:30:00+02:00,0.149903
2026-06-10T11:45:00+02:00,0.15042
2026-06-10T12:00:00+02:00,0.149213
2026-06-10T12:15:00+02:00,0.148523
2026-06-10T12:30:00+02:00,0.149558
2026-06-10T12:45:00+02:00,0.1518
2026-06-10T13:00:00+02:00,0.151628
2026-06-10T13:15:00+02:00,0.14973
2026-06-10T13:30:00+02:00,0.149385
2026-06-10T13:45:00+02:00,0.151283
2026-06-10T14:00:00+02:00,0.150593
2026-06-10T14:15:00+02:00,0.150938
2026-06-10T14:30:00+02:00,0.150593
2026-06-10T14:45:00+02:00,0.149213
2026-06-10T15:00:00+02:00,0.15111
2026-06-10T15:15:00+02:00,0.150075
2026-06-10T15:30:00+02:00,0.150075
2026-06-10T15:45:00+02:00,0.148868
2026-06-10T16:00:00+02:00,0.149213
2026-06-10T16:15:00+02:00,0.149558
2026-06-10T16:30:00+02:00,0.149903
2026-06-10T16:45:00+02:00,0.150765
2026-06-10T17:00:00+02:00,0.150765
2026-06-10T17:15:00+02:00,0.151455
2026-06-10T17:30:00+02:00,0.151455
2026-06-10T17:45:00+02:00,0.150765
2026-06-10T18:00:00+02:00,0.149903
2026-06-10T18:15:00+02:00,0.149903
2026-06-10T18:30:00+02:00,0.151455
2026-06-10T18:45:00+02:00,0.150938
2026-06-10T19:00:00+02:00,0.149903
2026-06-10T19:15:00+02:00,0.15042
2026-06-10T19:30:00+02:00,0.151283
2026-06-10T19:45:00+02:00,0.150765
2026-06-10T20:00:00+02:00,0.15111
2026-06-10T20:15:00+02:00,0.150075
2026-06-10T20:30:00+02:00,0.150851
2026-06-10T20:45:00+02:00,0.151455
2026-06-10T21:00:00+02:00,0.150765
2026-06-10T21:15:00+02:00,0.150938
2026-06-10T21:30:00+02:00,0.15111
2026-06-10T21:45:00+02:00,0.15111
2026-06-10T22:00:00+02:00,0.151283
2026-06-10T22:15:00+02:00,0.150593
2026-06-10T22:30:00+02:00,0.15042
2026-06-10T22:45:00+02:00,0.151283
2026-06-10T23:00:00+02:00,0.150765
2026-06-10T23:15:00+02:00,0.151455
2026-06-10T23:30:00+02:00,0.150075
2026-06-10T23:45:00+02:00,0.150765
2026-06-11T00:00:00+02:00,0.14973
2026-06-11T00:15:00+02:00,0.149903
2026-06-11T00:30:00+02:00,0.149385
2026-06-11T00:45:00+02:00,0.150765
2026-06-11T01:00:00+02:00,0.149558
2026-06-11T01:15:00+02:00,0.150938
2026-06-11T01:30:00+02:00,0.15111
2026-06-11T01:45:00+02:00,0.149213
2026-06-11T02:00:00+02:00,0.150075
2026-06-11T02:15:00+02:00,0.15042
2026-06-11T02:30:00+02:00,0.149558
2026-06-11T02:45:00+02:00,0.149558
2026-06-11T03:00:00+02:00,0.15042
2026-06-11T03:15:00+02:00,0.150248
2026-06-11T03:30:00+02:00,0.150938
2026-06-11T03:45:00+02:00,0.151628
2026-06-11T04:00:00+02:00,0.150938
2026-06-11T04:15:00+02:00,0.150593
2026-06-11T04:30:00+02:00,0.1518
2026-06-11T04:45:00+02:00,0.150593
2026-06-11T05:00:00+02:00,0.150938
2026-06-11T05:15:00+02:00,0.150765
2026-06-11T05:30:00+02:00,0.150765
2026-06-11T05:45:00+02:00,0.15111
2026-06-11T06:00:00+02:00,0.15042
2026-06-11T06:15:00+02:00,0.149903
2026-06-11T06:30:00+02:00,0.150938
2026-06-11T06:45:00+02:00,0.151283
2026-06-11T07:00:00+02:00,0.150938
2026-06-11T07:15:00+02:00,0.15042
2026-06-11T07:30:00+02:00,0.158355
2026-06-11T07:45:00+02:00,0.15042
2026-06-11T08:00:00+02:00,0.151455
2026-06-11T08:15:00+02:00,0.15042
2026-06-11T08:30:00+02:00,0.151283
2026-06-11T08:45:00+02:00,0.151283
2026-06-11T09:00:00+02:00,0.150075
2026-06-11T09:15:00+02:00,0.1518
2026-06-11T09:30:00+02:00,0.150765
2026-06-11T09:45:00+02:00,0.151283
2026-06-11T10:00:00+02:00,0.150765
2026-06-11T10:15:00+02:00,0.150765
2026-06-11T10:30:00+02:00,0.149903
2026-06-11T10:45:00+02:00,0.1518
2026-06-11T11:00:00+02:00,0.15249
2026-06-11T11:15:00+02:00,0.150593
2026-06-11T11:30:00+02:00,0.151628
2026-06-11T11:45:00+02:00,0.150765
2026-06-11T12:00:00+02:00,0.150593
2026-06-11T12:15:00+02:00,0.149903
2026-06-11T12:30:00+02:00,0.150938
2026-06-11T12:45:00+02:00,0.15111
2026-06-11T13:00:00+02:00,0.150938
2026-06-11T13:15:00+02:00,0.15042
2026-06-11T13:30:00+02:00,0.15042
2026-06-11T13:45:00+02:00,0.152318
2026-06-11T14:00:00+02:00,0.149385
2026-06-11T14:15:00+02:00,0.150593
2026-06-11T14:30:00+02:00,0.150248
2026-06-11T14:45:00+02:00,0.151283
2026-06-11T15:00:00+02:00,0.149385
2026-06-11T15:15:00+02:00,0.150161
2026-06-11T15:30:00+02:00,0.150765
2026-06-11T15:45:00+02:00,0.15042
2026-06-11T16:00:00+02:00,0.148523
2026-06-11T16:15:00+02:00,0.148695
2026-06-11T16:30:00+02:00,0.151283
2026-06-11T16:45:00+02:00,0.14973
2026-06-11T17:00:00+02:00,0.150248
2026-06-11T17:15:00+02:00,0.150075
2026-06-11T17:30:00+02:00,0.15042
2026-06-11T17:45:00+02:00,0.149816
2026-06-11T18:00:00+02:00,0.15042
2026-06-11T18:15:00+02:00,0.150593
2026-06-11T18:30:00+02:00,0.150075
2026-06-11T18:45:00+02:00,0.15042
2026-06-11T19:00:00+02:00,0.150765
2026-06-11T19:15:00+02:00,0.1518
2026-06-11T19:30:00+02:00,0.150593
2026-06-11T19:45:00+02:00,0.1518
2026-06-11T20:00:00+02:00,0.150938
2026-06-11T20:15:00+02:00,0.151628
2026-06-11T20:30:00+02:00,0.151283
2026-06-11T20:45:00+02:00,0.15111
2026-06-11T21:00:00+02:00,0.151283
2026-06-11T21:15:00+02:00,0.151455
2026-06-11T21:30:00+02:00,0.151283
2026-06-11T21:45:00+02:00,0.15042
2026-06-11T22:00:00+02:00,0.150938
2026-06-11T22:15:00+02:00,0.151283
2026-06-11T22:30:00+02:00,0.149903
2026-06-11T22:45:00+02:00,0.149903
2026-06-11T23:00:00+02:00,0.14904
2026-06-11T23:15:00+02:00,0.150938
2026-06-11T23:30:00+02:00,0.15111
2026-06-11T23:45:00+02:00,0.150938
2026-06-12T00:00:00+02:00,0.150765
2026-06-12T00:15:00+02:00,0.150248
2026-06-12T00:30:00+02:00,0.151973
2026-06-12T00:45:00+02:00,0.151455
2026-06-12T01:00:00+02:00,0.150938
2026-06-12T01:15:00+02:00,0.152145
2026-06-12T01:30:00+02:00,0.150593
2026-06-12T01:45:00+02:00,0.150938
2026-06-12T02:00:00+02:00,0.152318
2026-06-12T02:15:00+02:00,0.153008
2026-06-12T02:30:00+02:00,0.152318
2026-06-12T02:45:00+02:00,0.151628
2026-06-12T03:00:00+02:00,0.15249
2026-06-12T03:15:00+02:00,0.151283
2026-06-12T03:30:00+02:00,0.152145
2026-06-12T03:45:00+02:00,0.153353
2026-06-12T04:00:00+02:00,0.150765
2026-06-12T04:15:00+02:00,0.152835
2026-06-12T04:30:00+02:00,0.15111
2026-06-12T04:45:00+02:00,0.150765
2026-06-12T05:00:00+02:00,0.151628
2026-06-12T05:15:00+02:00,0.151283
2026-06-12T05:30:00+02:00,0.151455
2026-06-12T05:45:00+02:00,0.151283
2026-06-12T06:00:00+02:00,0.150765
2026-06-12T06:15:00+02:00,0.15111
2026-06-12T06:30:00+02:00,0.151628
2026-06-12T06:45:00+02:00,0.150938
2026-06-12T07:00:00+02:00,0.150765
2026-06-12T07:15:00+02:00,0.150938
2026-06-12T07:30:00+02:00,0.14973
2026-06-12T07:45:00+02:00,0.150506
2026-06-12T08:00:00+02:00,0.151455
2026-06-12T08:15:00+02:00,0.152145
2026-06-12T08:30:00+02:00,0.151455
2026-06-12T08:45:00+02:00,0.151455
2026-06-12T09:00:00+02:00,0.149903
2026-06-12T09:15:00+02:00,0.15042
2026-06-12T09:30:00+02:00,0.151973
2026-06-12T09:45:00+02:00,0.151628
2026-06-12T10:00:00+02:00,0.15111
2026-06-12T10:15:00+02:00,0.152318
2026-06-12T10:30:00+02:00,0.151973
2026-06-12T10:45:00+02:00,0.150593
2026-06-12T11:00:00+02:00,0.14973
2026-06-12T11:15:00+02:00,0.149558
2026-06-12T11:30:00+02:00,0.15042
2026-06-12T11:45:00+02:00,0.148695
2026-06-12T12:00:00+02:00,0.150248
2026-06-12T12:15:00+02:00,0.150938
2026-06-12T12:30:00+02:00,0.151628
2026-06-12T12:45:00+02:00,0.150938
2026-06-12T13:00:00+02:00,0.150248
2026-06-12T13:15:00+02:00,0.150938
2026-06-12T13:30:00+02:00,0.151283
2026-06-12T13:45:00+02:00,0.150593
2026-06-12T14:00:00+02:00,0.152318
2026-06-12T14:15:00+02:00,0.150938
2026-06-12T14:30:00+02:00,0.15111
2026-06-12T14:45:00+02:00,0.15249
2026-06-12T15:00:00+02:00,0.151973
2026-06-12T15:15:00+02:00,0.152145
2026-06-12T15:30:00+02:00,0.1518
2026-06-12T15:45:00+02:00,0.151973
2026-06-12T16:00:00+02:00,0.151628
2026-06-12T16:15:00+02:00,0.152145
2026-06-12T16:30:00+02:00,0.152663
2026-06-12T16:45:00+02:00,0.1518
2026-06-12T17:00:00+02:00,0.151628
2026-06-12T17:15:00+02:00,0.151455
2026-06-12T17:30:00+02:00,0.152318
2026-06-12T17:45:00+02:00,0.151628
2026-06-12T18:00:00+02:00,0.151283
2026-06-12T18:15:00+02:00,0.15042
2026-06-12T18:30:00+02:00,0.151628
2026-06-12T18:45:00+02:00,0.152663
2026-06-12T19:00:00+02:00,0.151455
2026-06-12T19:15:00+02:00,0.15249
2026-06-12T19:30:00+02:00,0.152145
2026-06-12T19:45:00+02:00,0.151973
2026-06-12T20:00:00+02:00,0.151455
2026-06-12T20:15:00+02:00,0.151973
2026-06-12T20:30:00+02:00,0.151973
2026-06-12T20:45:00+02:00,0.151973
2026-06-12T21:00:00+02:00,0.15111
2026-06-12T21:15:00+02:00,0.150593
2026-06-12T21:30:00+02:00,0.1518
2026-06-12T21:45:00+02:00,0.147833
2026-06-12T22:00:00+02:00,0.14904
2026-06-12T22:15:00+02:00,0.148178
2026-06-12T22:30:00+02:00,0.146194
2026-06-12T22:45:00+02:00,0.146625
2026-06-12T23:00:00+02:00,0.147488
2026-06-12T23:15:00+02:00,0.148523
2026-06-12T23:30:00+02:00,0.146798
2026-06-12T23:45:00+02:00,0.148523
2026-06-13T00:00:00+02:00,0.145935
2026-06-13T00:15:00+02:00,0.14697
2026-06-13T00:30:00+02:00,0.147143
2026-06-13T00:45:00+02:00,0.147143
2026-06-13T01:00:00+02:00,0.147833
2026-06-13T01:15:00+02:00,0.148005
2026-06-13T01:30:00+02:00,0.147143
2026-06-13T01:45:00+02:00,0.148178
2026-06-13T02:00:00+02:00,0.147315
2026-06-13T02:15:00+02:00,0.146453
2026-06-13T02:30:00+02:00,0.14835
2026-06-13T02:45:00+02:00,0.149213
2026-06-13T03:00:00+02:00,0.14766
2026-06-13T03:15:00+02:00,0.148868
2026-06-13T03:30:00+02:00,0.147488
2026-06-13T03:45:00+02:00,0.145417
2026-06-13T04:00:00+02:00,0.148091
2026-06-13T04:15:00+02:00,0.14766
2026-06-13T04:30:00+02:00,0.146453
2026-06-13T04:45:00+02:00,0.14697
2026-06-13T05:00:00+02:00,0.145417
2026-06-13T05:15:00+02:00,0.145935
2026-06-13T05:30:00+02:00,0.14628
2026-06-13T05:45:00+02:00,0.145072
2026-06-13T06:00:00+02:00,0.145935
2026-06-13T06:15:00+02:00,0.145072
2026-06-13T06:30:00+02:00,0.146108
2026-06-13T06:45:00+02:00,0.144727
2026-06-13T07:00:00+02:00,0.146108
2026-06-13T07:15:00+02:00,0.14628
2026-06-13T07:30:00+02:00,0.14835
2026-06-13T07:45:00+02:00,0.14835
2026-06-13T08:00:00+02:00,0.147833
2026-06-13T08:15:00+02:00,0.14904
2026-06-13T08:30:00+02:00,0.147143
2026-06-13T08:45:00+02:00,0.148005
2026-06-13T09:00:00+02:00,0.14628
2026-06-13T09:15:00+02:00,0.147143
2026-06-13T09:30:00+02:00,0.14904
2026-06-13T09:45:00+02:00,0.148178
2026-06-13T10:00:00+02:00,0.146625
2026-06-13T10:15:00+02:00,0.147833
2026-06-13T10:30:00+02:00,0.145935
2026-06-13T10:45:00+02:00,0.145417
2026-06-13T11:00:00+02:00,0.145072
2026-06-13T11:15:00+02:00,0.145245
2026-06-13T11:30:00+02:00,0.14421
2026-06-13T11:45:00+02:00,0.144727
2026-06-13T12:00:00+02:00,0.147315
2026-06-13T12:15:00+02:00,0.14559
2026-06-13T12:30:00+02:00,0.145245
2026-06-13T12:45:00+02:00,0.144727
2026-06-13T13:00:00+02:00,0.145245
2026-06-13T13:15:00+02:00,0.1449
2026-06-13T13:30:00+02:00,0.142916
2026-06-13T13:45:00+02:00,0.144037
2026-06-13T14:00:00+02:00,0.145072
2026-06-13T14:15:00+02:00,0.146453
2026-06-13T14:30:00+02:00,0.148868
2026-06-13T14:45:00+02:00,0.14766
2026-06-13T15:00:00+02:00,0.150075
2026-06-13T15:15:00+02:00,0.149385
2026-06-13T15:30:00+02:00,0.14973
2026-06-13T15:45:00+02:00,0.149385
2026-06-13T16:00:00+02:00,0.146798
2026-06-13T16:15:00+02:00,0.150593
2026-06-13T16:30:00+02:00,0.148178
2026-06-13T16:45:00+02:00,0.14559
2026-06-13T17:00:00+02:00,0.145763
2026-06-13T17:15:00+02:00,0.143692
2026-06-13T17:30:00+02:00,0.144555
2026-06-13T17:45:00+02:00,0.1449
2026-06-13T18:00:00+02:00,0.14559
2026-06-13T18:15:00+02:00,0.14628
2026-06-13T18:30:00+02:00,0.148005
2026-06-13T18:45:00+02:00,0.145072
2026-06-13T19:00:00+02:00,0.148609
2026-06-13T19:15:00+02:00,0.148005
2026-06-13T19:30:00+02:00,0.14697
2026-06-13T19:45:00+02:00,0.146625
2026-06-13T20:00:00+02:00,0.145763
2026-06-13T20:15:00+02:00,0.149213
2026-06-13T20:30:00+02:00,0.149558
2026-06-13T20:45:00+02:00,0.148005
2026-06-13T21:00:00+02:00,0.14835
2026-06-13T21:15:00+02:00,0.148695
2026-06-13T21:30:00+02:00,0.148609
2026-06-13T21:45:00+02:00,0.14835
2026-06-13T22:00:00+02:00,0.148868
2026-06-13T22:15:00+02:00,0.148695
2026-06-13T22:30:00+02:00,0.148005
2026-06-13T22:45:00+02:00,0.148523
2026-06-13T23:00:00+02:00,0.146453
2026-06-13T23:15:00+02:00,0.145763
2026-06-13T23:30:00+02:00,0.146798
2026-06-13T23:45:00+02:00,0.145763
2026-06-14T00:00:00+02:00,0.144555
2026-06-14T00:15:00+02:00,0.146108
2026-06-14T00:30:00+02:00,0.14766
2026-06-14T00:45:00+02:00,0.147833
2026-06-14T01:00:00+02:00,0.147143
2026-06-14T01:15:00+02:00,0.147315
2026-06-14T01:30:00+02:00,0.148005
2026-06-14T01:45:00+02:00,0.146798
2026-06-14T02:00:00+02:00,0.14628
2026-06-14T02:15:00+02:00,0.148178
2026-06-14T02:30:00+02:00,0.146625
2026-06-14T02:45:00+02:00,0.14628
2026-06-14T03:00:00+02:00,0.14628
2026-06-14T03:15:00+02:00,0.14421
2026-06-14T03:30:00+02:00,0.147143
2026-06-14T03:45:00+02:00,0.14559
2026-06-14T04:00:00+02:00,0.145417
2026-06-14T04:15:00+02:00,0.146108
2026-06-14T04:30:00+02:00,0.147488
2026-06-14T04:45:00+02:00,0.145935
2026-06-14T05:00:00+02:00,0.14559
2026-06-14T05:15:00+02:00,0.14697
2026-06-14T05:30:00+02:00,0.142485
2026-06-14T05:45:00+02:00,0.143692
2026-06-14T06:00:00+02:00,0.145763
2026-06-14T06:15:00+02:00,0.143692
2026-06-14T06:30:00+02:00,0.147315
2026-06-14T06:45:00+02:00,0.148005
2026-06-14T07:00:00+02:00,0.14697
2026-06-14T07:15:00+02:00,0.145935
2026-06-14T07:30:00+02:00,0.147315
2026-06-14T07:45:00+02:00,0.148178
2026-06-14T08:00:00+02:00,0.147143
2026-06-14T08:15:00+02:00,0.148523
2026-06-14T08:30:00+02:00,0.147488
2026-06-14T08:45:00+02:00,0.146625
2026-06-14T09:00:00+02:00,0.148005
2026-06-14T09:15:00+02:00,0.14766
2026-06-14T09:30:00+02:00,0.148005
2026-06-14T09:45:00+02:00,0.145072
2026-06-14T10:00:00+02:00,0.147143
2026-06-14T10:15:00+02:00,0.147315
2026-06-14T10:30:00+02:00,0.145935
2026-06-14T10:45:00+02:00,0.145763
2026-06-14T11:00:00+02:00,0.146108
2026-06-14T11:15:00+02:00,0.146453
2026-06-14T11:30:00+02:00,0.14421
2026-06-14T11:45:00+02:00,0.146108
2026-06-14T12:00:00+02:00,0.145072
2026-06-14T12:15:00+02:00,0.146108
2026-06-14T12:30:00+02:00,0.145417
2026-06-14T12:45:00+02:00,0.1449
2026-06-14T13:00:00+02:00,0.145072
2026-06-14T13:15:00+02:00,0.14559
2026-06-14T13:30:00+02:00,0.14628
2026-06-14T13:45:00+02:00,0.145072
2026-06-14T14:00:00+02:00,0.145245
2026-06-14T14:15:00+02:00,0.14283
2026-06-14T14:30:00+02:00,0.146108
2026-06-14T14:45:00+02:00,0.1449
2026-06-14T15:00:00+02:00,0.145245
2026-06-14T15:15:00+02:00,0.144037
2026-06-14T15:30:00+02:00,0.146798
2026-06-14T15:45:00+02:00,0.14697
2026-06-14T16:00:00+02:00,0.14697
2026-06-14T16:15:00+02:00,0.145245
2026-06-14T16:30:00+02:00,0.145245
2026-06-14T16:45:00+02:00,0.147833
2026-06-14T17:00:00+02:00,0.144727
2026-06-14T17:15:00+02:00,0.143692
2026-06-14T17:30:00+02:00,0.14421
2026-06-14T17:45:00+02:00,0.144727
2026-06-14T18:00:00+02:00,0.147833
2026-06-14T18:15:00+02:00,0.14628
2026-06-14T18:30:00+02:00,0.146453
2026-06-14T18:45:00+02:00,0.145072
2026-06-14T19:00:00+02:00,0.146453
2026-06-14T19:15:00+02:00,0.147833
2026-06-14T19:30:00+02:00,0.14766
2026-06-14T19:45:00+02:00,0.147143
2026-06-14T20:00:00+02:00,0.147143
2026-06-14T20:15:00+02:00,0.147919
2026-06-14T20:30:00+02:00,0.14835
2026-06-14T20:45:00+02:00,0.148695
2026-06-14T21:00:00+02:00,0.149558
2026-06-14T21:15:00+02:00,0.148178
2026-06-14T21:30:00+02:00,0.148523
2026-06-14T21:45:00+02:00,0.148695
2026-06-14T22:00:00+02:00,0.147315
2026-06-14T22:15:00+02:00,0.149385
2026-06-14T22:30:00+02:00,0.147833
2026-06-14T22:45:00+02:00,0.15042
2026-06-14T23:00:00+02:00,0.150248
2026-06-14T23:15:00+02:00,0.150593
2026-06-14T23:30:00+02:00,0.14904
2026-06-14T23:45:00+02:00,0.149213
2026-06-15T00:00:00+02:00,0.149558
2026-06-15T00:15:00+02:00,0.14973
2026-06-15T00:30:00+02:00,0.149558
2026-06-15T00:45:00+02:00,0.148523
2026-06-15T01:00:00+02:00,0.148523
2026-06-15T01:15:00+02:00,0.148178
2026-06-15T01:30:00+02:00,0.148005
2026-06-15T01:45:00+02:00,0.145935
2026-06-15T02:00:00+02:00,0.148005
2026-06-15T02:15:00+02:00,0.148695
2026-06-15T02:30:00+02:00,0.14835
2026-06-15T02:45:00+02:00,0.149558
2026-06-15T03:00:00+02:00,0.148436
2026-06-15T03:15:00+02:00,0.14835
2026-06-15T03:30:00+02:00,0.148178
2026-06-15T03:45:00+02:00,0.147833
2026-06-15T04:00:00+02:00,0.148523
2026-06-15T04:15:00+02:00,0.147833
2026-06-15T04:30:00+02:00,0.149213
2026-06-15T04:45:00+02:00,0.148868
2026-06-15T05:00:00+02:00,0.150248
2026-06-15T05:15:00+02:00,0.15111
2026-06-15T05:30:00+02:00,0.1518
2026-06-15T05:45:00+02:00,0.151283
2026-06-15T06:00:00+02:00,0.151283
2026-06-15T06:15:00+02:00,0.150593
2026-06-15T06:30:00+02:00,0.151455
2026-06-15T06:45:00+02:00,0.151628
2026-06-15T07:00:00+02:00,0.150679
2026-06-15T07:15:00+02:00,0.150938
2026-06-15T07:30:00+02:00,0.150765
2026-06-15T07:45:00+02:00,0.150938
2026-06-15T08:00:00+02:00,0.151455
2026-06-15T08:15:00+02:00,0.150593
2026-06-15T08:30:00+02:00,0.151628
2026-06-15T08:45:00+02:00,0.1518
2026-06-15T09:00:00+02:00,0.152145
2026-06-15T09:15:00+02:00,0.151455
2026-06-15T09:30:00+02:00,0.150765
2026-06-15T09:45:00+02:00,0.151628
2026-06-15T10:00:00+02:00,0.151628
2026-06-15T10:15:00+02:00,0.150248
2026-06-15T10:30:00+02:00,0.151628
2026-06-15T10:45:00+02:00,0.151369
2026-06-15T11:00:00+02:00,0.151455
2026-06-15T11:15:00+02:00,0.15042
2026-06-15T11:30:00+02:00,0.150765
2026-06-15T11:45:00+02:00,0.1518
2026-06-15T12:00:00+02:00,0.1656
2026-06-15T12:15:00+02:00,0.149385
2026-06-15T12:30:00+02:00,0.144555
2026-06-15T12:45:00+02:00,0.15111
2026-06-15T13:00:00+02:00,0.144727
2026-06-15T13:15:00+02:00,0.141277
2026-06-15T13:30:00+02:00,0.1518
2026-06-15T13:45:00+02:00,0.144555
2026-06-15T14:00:00+02:00,0.143175
2026-06-15T14:15:00+02:00,0.143175
2026-06-15T14:30:00+02:00,0.141277
2026-06-15T14:45:00+02:00,0.143347
2026-06-15T15:00:00+02:00,0.14283
2026-06-15T15:15:00+02:00,0.141967
2026-06-15T15:30:00+02:00,0.143175
2026-06-15T15:45:00+02:00,0.143175
2026-06-15T16:00:00+02:00,0.14352
2026-06-15T16:15:00+02:00,0.143175
2026-06-15T16:30:00+02:00,0.144037
2026-06-15T16:45:00+02:00,0.143865
2026-06-15T17:00:00+02:00,0.143865
2026-06-15T17:15:00+02:00,0.142485
2026-06-15T17:30:00+02:00,0.140846
2026-06-15T17:45:00+02:00,0.141277
2026-06-15T18:00:00+02:00,0.140932
2026-06-15T18:15:00+02:00,0.141277
2026-06-15T18:30:00+02:00,0.140415
2026-06-15T18:45:00+02:00,0.141622
2026-06-15T19:00:00+02:00,0.14283
2026-06-15T19:15:00+02:00,0.140587
2026-06-15T19:30:00+02:00,0.141277
2026-06-15T19:45:00+02:00,0.141795
2026-06-15T20:00:00+02:00,0.141622
2026-06-15T20:15:00+02:00,0.141795
2026-06-15T20:30:00+02:00,0.141536
2026-06-15T20:45:00+02:00,0.14145
2026-06-15T21:00:00+02:00,0.141277
2026-06-15T21:15:00+02:00,0.141622
2026-06-15T21:30:00+02:00,0.14352
2026-06-15T21:45:00+02:00,0.141795
2026-06-15T22:00:00+02:00,0.14283
2026-06-15T22:15:00+02:00,0.142485
2026-06-15T22:30:00+02:00,0.143175
2026-06-15T22:45:00+02:00,0.143347
2026-06-15T23:00:00+02:00,0.14283
2026-06-15T23:15:00+02:00,0.143002
2026-06-15T23:30:00+02:00,0.144555
2026-06-15T23:45:00+02:00,0.142312
2026-06-16T00:00:00+02:00,0.141105
2026-06-16T00:15:00+02:00,0.142485
2026-06-16T00:30:00+02:00,0.14283
2026-06-16T00:45:00+02:00,0.143175
2026-06-16T01:00:00+02:00,0.144037
2026-06-16T01:15:00+02:00,0.14421
2026-06-16T01:30:00+02:00,0.142312
2026-06-16T01:45:00+02:00,0.142485
2026-06-16T02:00:00+02:00,0.141967
2026-06-16T02:15:00+02:00,0.142657
2026-06-16T02:30:00+02:00,0.141967
2026-06-16T02:45:00+02:00,0.141795
2026-06-16T03:00:00+02:00,0.142312
2026-06-16T03:15:00+02:00,0.14076
2026-06-16T03:30:00+02:00,0.14214
2026-06-16T03:45:00+02:00,0.142657
2026-06-16T04:00:00+02:00,0.14283
2026-06-16T04:15:00+02:00,0.14145
2026-06-16T04:30:00+02:00,0.143347
2026-06-16T04:45:00+02:00,0.143175
2026-06-16T05:00:00+02:00,0.143002
2026-06-16T05:15:00+02:00,0.143347
2026-06-16T05:30:00+02:00,0.14421
2026-06-16T05:45:00+02:00,0.143002
2026-06-16T06:00:00+02:00,0.14214
2026-06-16T06:15:00+02:00,0.141277
2026-06-16T06:30:00+02:00,0.144037
2026-06-16T06:45:00+02:00,0.14421
2026-06-16T07:00:00+02:00,0.145935
2026-06-16T07:15:00+02:00,0.141536
2026-06-16T07:30:00+02:00,0.141795
2026-06-16T07:45:00+02:00,0.148177
2026-06-16T08:00:00+02:00,0.141105
2026-06-16T08:15:00+02:00,0.15042
2026-06-16T08:30:00+02:00,0.139897
2026-06-16T08:45:00+02:00,0.141795
2026-06-16T09:00:00+02:00,0.142312
2026-06-16T09:15:00+02:00,0.15042
2026-06-16T09:30:00+02:00,0.14283
2026-06-16T09:45:00+02:00,0.15801
2026-06-16T10:00:00+02:00,0.151455
2026-06-16T10:15:00+02:00,0.17181
2026-06-16T10:30:00+02:00,0.166463
2026-06-16T10:45:00+02:00,0.177675
2026-06-16T11:00:00+02:00,0.1518
2026-06-16T11:15:00+02:00,0.153784
2026-06-16T11:30:00+02:00,0.140932
2026-06-16T11:45:00+02:00,0.139897
2026-06-16T12:00:00+02:00,0.140587
2026-06-16T12:15:00+02:00,0.142657
2026-06-16T12:30:00+02:00,0.14214
2026-06-16T12:45:00+02:00,0.144037
2026-06-16T13:00:00+02:00,0.1449
2026-06-16T13:15:00+02:00,0.145072
2026-06-16T13:30:00+02:00,0.143779
2026-06-16T13:45:00+02:00,0.14628
2026-06-16T14:00:00+02:00,0.1449
2026-06-16T14:15:00+02:00,0.142485
2026-06-16T14:30:00+02:00,0.142312
2026-06-16T14:45:00+02:00,0.14214
2026-06-16T15:00:00+02:00,0.141277
2026-06-16T15:15:00+02:00,0.141881
2026-06-16T15:30:00+02:00,0.142312
2026-06-16T15:45:00+02:00,0.143347
2026-06-16T16:00:00+02:00,0.144727
2026-06-16T16:15:00+02:00,0.14214
2026-06-16T16:30:00+02:00,0.141105
2026-06-16T16:45:00+02:00,0.141795
2026-06-16T17:00:00+02:00,0.141881
2026-06-16T17:15:00+02:00,0.142657
2026-06-16T17:30:00+02:00,0.14283
2026-06-16T17:45:00+02:00,0.14283
2026-06-16T18:00:00+02:00,0.142312
2026-06-16T18:15:00+02:00,0.14214
2026-06-16T18:30:00+02:00,0.14283
2026-06-16T18:45:00+02:00,0.142571
2026-06-16T19:00:00+02:00,0.141967
2026-06-16T19:15:00+02:00,0.143002
2026-06-16T19:30:00+02:00,0.143865
2026-06-16T19:45:00+02:00,0.142485
2026-06-16T20:00:00+02:00,0.141967
2026-06-16T20:15:00+02:00,0.14283
2026-06-16T20:30:00+02:00,0.142226
2026-06-16T20:45:00+02:00,0.143002
2026-06-16T21:00:00+02:00,0.143347
2026-06-16T21:15:00+02:00,0.144382
2026-06-16T21:30:00+02:00,0.143175
2026-06-16T21:45:00+02:00,0.143692
2026-06-16T22:00:00+02:00,0.142312
2026-06-16T22:15:00+02:00,0.143865
2026-06-16T22:30:00+02:00,0.144382
2026-06-16T22:45:00+02:00,0.14283
2026-06-16T23:00:00+02:00,0.143347
2026-06-16T23:15:00+02:00,0.144037
2026-06-16T23:30:00+02:00,0.143002
2026-06-16T23:45:00+02:00,0.141967
2026-06-17T00:00:00+02:00,0.141795
2026-06-17T00:15:00+02:00,0.142657
2026-06-17T00:30:00+02:00,0.14145
2026-06-17T00:45:00+02:00,0.143002
2026-06-17T01:00:00+02:00,0.141967
2026-06-17T01:15:00+02:00,0.144382
2026-06-17T01:30:00+02:00,0.14421
2026-06-17T01:45:00+02:00,0.143692
2026-06-17T02:00:00+02:00,0.144037
2026-06-17T02:15:00+02:00,0.144555
2026-06-17T02:30:00+02:00,0.143347
2026-06-17T02:45:00+02:00,0.142657
2026-06-17T03:00:00+02:00,0.14283
2026-06-17T03:15:00+02:00,0.143175
2026-06-17T03:30:00+02:00,0.142485
2026-06-17T03:45:00+02:00,0.14421
2026-06-17T04:00:00+02:00,0.143865
2026-06-17T04:15:00+02:00,0.1449
2026-06-17T04:30:00+02:00,0.1449
2026-06-17T04:45:00+02:00,0.144382
2026-06-17T05:00:00+02:00,0.144727
2026-06-17T05:15:00+02:00,0.14628
2026-06-17T05:30:00+02:00,0.14421
2026-06-17T05:45:00+02:00,0.144037
2026-06-17T06:00:00+02:00,0.144986
2026-06-17T06:15:00+02:00,0.143692
2026-06-17T06:30:00+02:00,0.143002
2026-06-17T06:45:00+02:00,0.143002
2026-06-17T07:00:00+02:00,0.142657
2026-06-17T07:15:00+02:00,0.144037
2026-06-17T07:30:00+02:00,0.142485
2026-06-17T07:45:00+02:00,0.143175
2026-06-17T08:00:00+02:00,0.142657
2026-06-17T08:15:00+02:00,0.14283
2026-06-17T08:30:00+02:00,0.142485
2026-06-17T08:45:00+02:00,0.142312
2026-06-17T09:00:00+02:00,0.141191
2026-06-17T09:15:00+02:00,0.142312
2026-06-17T09:30:00+02:00,0.14145
2026-06-17T09:45:00+02:00,0.154387
2026-06-17T10:00:00+02:00,0.176123
2026-06-17T10:15:00+02:00,0.174743
2026-06-17T10:30:00+02:00,0.209156
2026-06-17T10:45:00+02:00,0.24771
2026-06-17T11:00:00+02:00,0.195615
2026-06-17T11:15:00+02:00,0.227959
2026-06-17T11:30:00+02:00,0.228735
2026-06-17T11:45:00+02:00,0.168188
2026-06-17T12:00:00+02:00,0.217695
2026-06-17T12:15:00+02:00,0.183885
2026-06-17T12:30:00+02:00,0.189577
2026-06-17T12:45:00+02:00,0.253748
2026-06-17T13:00:00+02:00,0.219248
2026-06-17T13:15:00+02:00,0.153008
2026-06-17T13:30:00+02:00,0.150938
2026-06-17T13:45:00+02:00,0.152318
2026-06-17T14:00:00+02:00,0.152145
2026-06-17T14:15:00+02:00,0.151283
2026-06-17T14:30:00+02:00,0.150938
2026-06-17T14:45:00+02:00,0.151283
2026-06-17T15:00:00+02:00,0.152145
2026-06-17T15:15:00+02:00,0.151628
2026-06-17T15:30:00+02:00,0.150248
2026-06-17T15:45:00+02:00,0.15249
2026-06-17T16:00:00+02:00,0.1518
2026-06-17T16:15:00+02:00,0.151455
2026-06-17T16:30:00+02:00,0.151283
2026-06-17T16:45:00+02:00,0.15111
2026-06-17T17:00:00+02:00,0.151628
2026-06-17T17:15:00+02:00,0.151628
2026-06-17T17:30:00+02:00,0.1518
2026-06-17T17:45:00+02:00,0.1518
2026-06-17T18:00:00+02:00,0.152663
2026-06-17T18:15:00+02:00,0.152145
2026-06-17T18:30:00+02:00,0.152663
2026-06-17T18:45:00+02:00,0.150851
2026-06-17T19:00:00+02:00,0.152318
2026-06-17T19:15:00+02:00,0.1518
2026-06-17T19:30:00+02:00,0.151628
2026-06-17T19:45:00+02:00,0.151283
2026-06-17T20:00:00+02:00,0.152145
2026-06-17T20:15:00+02:00,0.152318
2026-06-17T20:30:00+02:00,0.15111
2026-06-17T20:45:00+02:00,0.152145
2026-06-17T21:00:00+02:00,0.151455
2026-06-17T21:15:00+02:00,0.1518
2026-06-17T21:30:00+02:00,0.152059
2026-06-17T21:45:00+02:00,0.151283
2026-06-17T22:00:00+02:00,0.151628
2026-06-17T22:15:00+02:00,0.1518
2026-06-17T22:30:00+02:00,0.152145
2026-06-17T22:45:00+02:00,0.1518
2026-06-17T23:00:00+02:00,0.150765
2026-06-17T23:15:00+02:00,0.150938
2026-06-17T23:30:00+02:00,0.152318
2026-06-17T23:45:00+02:00,0.152145
2026-06-18T00:00:00+02:00,0.153525
2026-06-18T00:15:00+02:00,0.152318
2026-06-18T00:30:00+02:00,0.152318
2026-06-18T00:45:00+02:00,0.151886
2026-06-18T01:00:00+02:00,0.1518
2026-06-18T01:15:00+02:00,0.151455
2026-06-18T01:30:00+02:00,0.15111
2026-06-18T01:45:00+02:00,0.152145
2026-06-18T02:00:00+02:00,0.152145
2026-06-18T02:15:00+02:00,0.150075
2026-06-18T02:30:00+02:00,0.150938
2026-06-18T02:45:00+02:00,0.149903
2026-06-18T03:00:00+02:00,0.150593
2026-06-18T03:15:00+02:00,0.151973
2026-06-18T03:30:00+02:00,0.151283
2026-06-18T03:45:00+02:00,0.151628
2026-06-18T04:00:00+02:00,0.150765
2026-06-18T04:15:00+02:00,0.150593
2026-06-18T04:30:00+02:00,0.150765
2026-06-18T04:45:00+02:00,0.151283
2026-06-18T05:00:00+02:00,0.151973
2026-06-18T05:15:00+02:00,0.151973
2026-06-18T05:30:00+02:00,0.150938
2026-06-18T05:45:00+02:00,0.151628
2026-06-18T06:00:00+02:00,0.17526
2026-06-18T06:15:00+02:00,0.227096
2026-06-18T06:30:00+02:00,0.25185
2026-06-18T06:45:00+02:00,0.226924
2026-06-18T07:00:00+02:00,0.217695
2026-06-18T07:15:00+02:00,0.24633
2026-06-18T07:30:00+02:00,0.228735
2026-06-18T07:45:00+02:00,0.257888
2026-06-18T08:00:00+02:00,0.243052
2026-06-18T08:15:00+02:00,0.260993
2026-06-18T08:30:00+02:00,0.238567
2026-06-18T08:45:00+02:00,0.26496
2026-06-18T09:00:00+02:00,0.24012
2026-06-18T09:15:00+02:00,0.25116
2026-06-18T09:30:00+02:00,0.184661
2026-06-18T09:45:00+02:00,0.236153
2026-06-18T10:00:00+02:00,0.186818
2026-06-18T10:15:00+02:00,0.23598
2026-06-18T10:30:00+02:00,0.22287
2026-06-18T10:45:00+02:00,0.250642
2026-06-18T11:00:00+02:00,0.279105
2026-06-18T11:15:00+02:00,0.241845
2026-06-18T11:30:00+02:00,0.156458
2026-06-18T11:45:00+02:00,0.210191
2026-06-18T12:00:00+02:00,0.245812
2026-06-18T12:15:00+02:00,0.230288
2026-06-18T12:30:00+02:00,0.236325
2026-06-18T12:45:00+02:00,0.263062
2026-06-18T13:00:00+02:00,0.250729
2026-06-18T13:15:00+02:00,0.248227
2026-06-18T13:30:00+02:00,0.187249
2026-06-18T13:45:00+02:00,0.151628
2026-06-18T14:00:00+02:00,0.150248
2026-06-18T14:15:00+02:00,0.151283
2026-06-18T14:30:00+02:00,0.150593
2026-06-18T14:45:00+02:00,0.151973
2026-06-18T15:00:00+02:00,0.151455
2026-06-18T15:15:00+02:00,0.15042
2026-06-18T15:30:00+02:00,0.150593
2026-06-18T15:45:00+02:00,0.151455
2026-06-18T16:00:00+02:00,0.150938
2026-06-18T16:15:00+02:00,0.150075
2026-06-18T16:30:00+02:00,0.156458
2026-06-18T16:45:00+02:00,0.196736
2026-06-18T17:00:00+02:00,0.15249
2026-06-18T17:15:00+02:00,0.151628
2026-06-18T17:30:00+02:00,0.151886
2026-06-18T17:45:00+02:00,0.152318
2026-06-18T18:00:00+02:00,0.152318
2026-06-18T18:15:00+02:00,0.153008
2026-06-18T18:30:00+02:00,0.152318
2026-06-18T18:45:00+02:00,0.152663
2026-06-18T19:00:00+02:00,0.180435
2026-06-18T19:15:00+02:00,0.177848
2026-06-18T19:30:00+02:00,0.15249
2026-06-18T19:45:00+02:00,0.153094
2026-06-18T20:00:00+02:00,0.153698
2026-06-18T20:15:00+02:00,0.15111
2026-06-18T20:30:00+02:00,0.151628
2026-06-18T20:45:00+02:00,0.152059
2026-06-18T21:00:00+02:00,0.151455
2026-06-18T21:15:00+02:00,0.1518
2026-06-18T21:30:00+02:00,0.152318
2026-06-18T21:45:00+02:00,0.153008
2026-06-18T22:00:00+02:00,0.152145
2026-06-18T22:15:00+02:00,0.152835
2026-06-18T22:30:00+02:00,0.153008
2026-06-18T22:45:00+02:00,0.151973
2026-06-18T23:00:00+02:00,0.152663
2026-06-18T23:15:00+02:00,0.1518
2026-06-18T23:30:00+02:00,0.1518
2026-06-18T23:45:00+02:00,0.151628
2026-06-19T00:00:00+02:00,0.151628
2026-06-19T00:15:00+02:00,0.152663
2026-06-19T00:30:00+02:00,0.151714
2026-06-19T00:45:00+02:00,0.15318
2026-06-19T01:00:00+02:00,0.177503
2026-06-19T01:15:00+02:00,0.153353
2026-06-19T01:30:00+02:00,0.15387
2026-06-19T01:45:00+02:00,0.1518
2026-06-19T02:00:00+02:00,0.152663
2026-06-19T02:15:00+02:00,0.152145
2026-06-19T02:30:00+02:00,0.152318
2026-06-19T02:45:00+02:00,0.151973
2026-06-19T03:00:00+02:00,0.15042
2026-06-19T03:15:00+02:00,0.14973
2026-06-19T03:30:00+02:00,0.153525
2026-06-19T03:45:00+02:00,0.15249
2026-06-19T04:00:00+02:00,0.152145
2026-06-19T04:15:00+02:00,0.152663
2026-06-19T04:30:00+02:00,0.151283
2026-06-19T04:45:00+02:00,0.149385
2026-06-19T05:00:00+02:00,0.1518
2026-06-19T05:15:00+02:00,0.150938
2026-06-19T05:30:00+02:00,0.151628
2026-06-19T05:45:00+02:00,0.151973
2026-06-19T06:00:00+02:00,0.151973
2026-06-19T06:15:00+02:00,0.1518
2026-06-19T06:30:00+02:00,0.151283
2026-06-19T06:45:00+02:00,0.151628
2026-06-19T07:00:00+02:00,0.1518
2026-06-19T07:15:00+02:00,0.149903
2026-06-19T07:30:00+02:00,0.15111
2026-06-19T07:45:00+02:00,0.151283
2026-06-19T08:00:00+02:00,0.150938
2026-06-19T08:15:00+02:00,0.150938
2026-06-19T08:30:00+02:00,0.152145
2026-06-19T08:45:00+02:00,0.152059
2026-06-19T09:00:00+02:00,0.15111
2026-06-19T09:15:00+02:00,0.151455
2026-06-19T09:30:00+02:00,0.150248
2026-06-19T09:45:00+02:00,0.151283
2026-06-19T10:00:00+02:00,0.151973
2026-06-19T10:15:00+02:00,0.15249
2026-06-19T10:30:00+02:00,0.151455
2026-06-19T10:45:00+02:00,0.150765
2026-06-19T11:00:00+02:00,0.151628
2026-06-19T11:15:00+02:00,0.1518
2026-06-19T11:30:00+02:00,0.151283
2026-06-19T11:45:00+02:00,0.150938
2026-06-19T12:00:00+02:00,0.151455
2026-06-19T12:15:00+02:00,0.15111
2026-06-19T12:30:00+02:00,0.15111
2026-06-19T12:45:00+02:00,0.151628
2026-06-19T13:00:00+02:00,0.149816
2026-06-19T13:15:00+02:00,0.159045
2026-06-19T13:30:00+02:00,0.19872
2026-06-19T13:45:00+02:00,0.15042
2026-06-19T14:00:00+02:00,0.149558
2026-06-19T14:15:00+02:00,0.149558
2026-06-19T14:30:00+02:00,0.176468
2026-06-19T14:45:00+02:00,0.189319
2026-06-19T15:00:00+02:00,0.151455
2026-06-19T15:15:00+02:00,0.150938
2026-06-19T15:30:00+02:00,0.171465
2026-06-19T15:45:00+02:00,0.200273
2026-06-19T16:00:00+02:00,0.1518
2026-06-19T16:15:00+02:00,0.151024
2026-06-19T16:30:00+02:00,0.155423
2026-06-19T16:45:00+02:00,0.212693
2026-06-19T17:00:00+02:00,0.151196
2026-06-19T17:15:00+02:00,0.150593
2026-06-19T17:30:00+02:00,0.151283
2026-06-19T17:45:00+02:00,0.221576
2026-06-19T18:00:00+02:00,0.150248
2026-06-19T18:15:00+02:00,0.150765
2026-06-19T18:30:00+02:00,0.151628
2026-06-19T18:45:00+02:00,0.22149
2026-06-19T19:00:00+02:00,0.1518
2026-06-19T19:15:00+02:00,0.15249
2026-06-19T19:30:00+02:00,0.151541
2026-06-19T19:45:00+02:00,0.206828
2026-06-19T20:00:00+02:00,0.16215
2026-06-19T20:15:00+02:00,0.151541
2026-06-19T20:30:00+02:00,0.151283
2026-06-19T20:45:00+02:00,0.151628
2026-06-19T21:00:00+02:00,0.2139
2026-06-19T21:15:00+02:00,0.15111
2026-06-19T21:30:00+02:00,0.152231
2026-06-19T21:45:00+02:00,0.150593
2026-06-19T22:00:00+02:00,0.151455
2026-06-19T22:15:00+02:00,0.152059
2026-06-19T22:30:00+02:00,0.153008
2026-06-19T22:45:00+02:00,0.152663
2026-06-19T23:00:00+02:00,0.151541
2026-06-19T23:15:00+02:00,0.153525
2026-06-19T23:30:00+02:00,0.151283
2026-06-19T23:45:00+02:00,0.150248
2026-06-20T00:00:00+02:00,0.151455
2026-06-20T00:15:00+02:00,0.150765
2026-06-20T00:30:00+02:00,0.148523
2026-06-20T00:45:00+02:00,0.150765
2026-06-20T01:00:00+02:00,0.148436
2026-06-20T01:15:00+02:00,0.14835
2026-06-20T01:30:00+02:00,0.150248
2026-06-20T01:45:00+02:00,0.150248
2026-06-20T02:00:00+02:00,0.147833
2026-06-20T02:15:00+02:00,0.149299
2026-06-20T02:30:00+02:00,0.146453
2026-06-20T02:45:00+02:00,0.147315
2026-06-20T03:00:00+02:00,0.148868
2026-06-20T03:15:00+02:00,0.14628
2026-06-20T03:30:00+02:00,0.145073
2026-06-20T03:45:00+02:00,0.148436
2026-06-20T04:00:00+02:00,0.148005
2026-06-20T04:15:00+02:00,0.147833
2026-06-20T04:30:00+02:00,0.146453
2026-06-20T04:45:00+02:00,0.148868
2026-06-20T05:00:00+02:00,0.150248
2026-06-20T05:15:00+02:00,0.150334
2026-06-20T05:30:00+02:00,0.14559
2026-06-20T05:45:00+02:00,0.143347
2026-06-20T06:00:00+02:00,0.145073
2026-06-20T06:15:00+02:00,0.146108
2026-06-20T06:30:00+02:00,0.145935
2026-06-20T06:45:00+02:00,0.145418
2026-06-20T07:00:00+02:00,0.146107
2026-06-20T07:15:00+02:00,0.14628
2026-06-20T07:30:00+02:00,0.14628
2026-06-20T07:45:00+02:00,0.146108
2026-06-20T08:00:00+02:00,0.144555
2026-06-20T08:15:00+02:00,0.144037
2026-06-20T08:30:00+02:00,0.145676
2026-06-20T08:45:00+02:00,0.146625
2026-06-20T09:00:00+02:00,0.146108
2026-06-20T09:15:00+02:00,0.145418
2026-06-20T09:30:00+02:00,0.145245
2026-06-20T09:45:00+02:00,0.144382
2026-06-20T10:00:00+02:00,0.14352
2026-06-20T10:15:00+02:00,0.144124
2026-06-20T10:30:00+02:00,0.14628
2026-06-20T10:45:00+02:00,0.14835
2026-06-20T11:00:00+02:00,0.14697
2026-06-20T11:15:00+02:00,0.150765
2026-06-20T11:30:00+02:00,0.149558
2026-06-20T11:45:00+02:00,0.15042
2026-06-20T12:00:00+02:00,0.147833
2026-06-20T12:15:00+02:00,0.146625
2026-06-20T12:30:00+02:00,0.146798
2026-06-20T12:45:00+02:00,0.14559
2026-06-20T13:00:00+02:00,0.146366
2026-06-20T13:15:00+02:00,0.145418
2026-06-20T13:30:00+02:00,0.144555
2026-06-20T13:45:00+02:00,0.146453
2026-06-20T14:00:00+02:00,0.144555
2026-06-20T14:15:00+02:00,0.145504
2026-06-20T14:30:00+02:00,0.143692
2026-06-20T14:45:00+02:00,0.1449
2026-06-20T15:00:00+02:00,0.145073
2026-06-20T15:15:00+02:00,0.144037
2026-06-20T15:30:00+02:00,0.144727
2026-06-20T15:45:00+02:00,0.144037
2026-06-20T16:00:00+02:00,0.145245
2026-06-20T16:15:00+02:00,0.14697
2026-06-20T16:30:00+02:00,0.200704
2026-06-20T16:45:00+02:00,0.14559
2026-06-20T17:00:00+02:00,0.14697
2026-06-20T17:15:00+02:00,0.146453
2026-06-20T17:30:00+02:00,0.146625
2026-06-20T17:45:00+02:00,0.147143
2026-06-20T18:00:00+02:00,0.148695
2026-06-20T18:15:00+02:00,0.167584
2026-06-20T18:30:00+02:00,0.184403
2026-06-20T18:45:00+02:00,0.15042
2026-06-20T19:00:00+02:00,0.147488
2026-06-20T19:15:00+02:00,0.149903
2026-06-20T19:30:00+02:00,0.14904
2026-06-20T19:45:00+02:00,0.15111
2026-06-20T20:00:00+02:00,0.14835
2026-06-20T20:15:00+02:00,0.163358
2026-06-20T20:30:00+02:00,0.187335
2026-06-20T20:45:00+02:00,0.14904
2026-06-20T21:00:00+02:00,0.148695
2026-06-20T21:15:00+02:00,0.14766
2026-06-20T21:30:00+02:00,0.147488
2026-06-20T21:45:00+02:00,0.148178
2026-06-20T22:00:00+02:00,0.148695
2026-06-20T22:15:00+02:00,0.148264
2026-06-20T22:30:00+02:00,0.148868
2026-06-20T22:45:00+02:00,0.148005
2026-06-20T23:00:00+02:00,0.148523
2026-06-20T23:15:00+02:00,0.148264
2026-06-20T23:30:00+02:00,0.147488
2026-06-20T23:45:00+02:00,0.147315
2026-06-21T00:00:00+02:00,0.146453
2026-06-21T00:15:00+02:00,0.145418
2026-06-21T00:30:00+02:00,0.145418
2026-06-21T00:45:00+02:00,0.148178
2026-06-21T01:00:00+02:00,0.14766
2026-06-21T01:15:00+02:00,0.146625
2026-06-21T01:30:00+02:00,0.149213
2026-06-21T01:45:00+02:00,0.150765
2026-06-21T02:00:00+02:00,0.15042
2026-06-21T02:15:00+02:00,0.150938
2026-06-21T02:30:00+02:00,0.149385
2026-06-21T02:45:00+02:00,0.14973
2026-06-21T03:00:00+02:00,0.148695
2026-06-21T03:15:00+02:00,0.148005
2026-06-21T03:30:00+02:00,0.15042
2026-06-21T03:45:00+02:00,0.150765
2026-06-21T04:00:00+02:00,0.150075
2026-06-21T04:15:00+02:00,0.151628
2026-06-21T04:30:00+02:00,0.151369
2026-06-21T04:45:00+02:00,0.15111
2026-06-21T05:00:00+02:00,0.151628
2026-06-21T05:15:00+02:00,0.14628
2026-06-21T05:30:00+02:00,0.146625
2026-06-21T05:45:00+02:00,0.149644
2026-06-21T06:00:00+02:00,0.149558
2026-06-21T06:15:00+02:00,0.149213
2026-06-21T06:30:00+02:00,0.148523
2026-06-21T06:45:00+02:00,0.145417
2026-06-21T07:00:00+02:00,0.145417
2026-06-21T07:15:00+02:00,0.147401
2026-06-21T07:30:00+02:00,0.146453
2026-06-21T07:45:00+02:00,0.145072
2026-06-21T08:00:00+02:00,0.144037
2026-06-21T08:15:00+02:00,0.147315
2026-06-21T08:30:00+02:00,0.14697
2026-06-21T08:45:00+02:00,0.14766
2026-06-21T09:00:00+02:00,0.14766
2026-06-21T09:15:00+02:00,0.146625
2026-06-21T09:30:00+02:00,0.147143
2026-06-21T09:45:00+02:00,0.146798
2026-06-21T10:00:00+02:00,0.144555
2026-06-21T10:15:00+02:00,0.147488
2026-06-21T10:30:00+02:00,0.149213
2026-06-21T10:45:00+02:00,0.149903
2026-06-21T11:00:00+02:00,0.146625
2026-06-21T11:15:00+02:00,0.14628
2026-06-21T11:30:00+02:00,0.146625
2026-06-21T11:45:00+02:00,0.145763
2026-06-21T12:00:00+02:00,0.144555
2026-06-21T12:15:00+02:00,0.144555
2026-06-21T12:30:00+02:00,0.146108
2026-06-21T12:45:00+02:00,0.14421
2026-06-21T13:00:00+02:00,0.16836
2026-06-21T13:15:00+02:00,0.174225
2026-06-21T13:30:00+02:00,0.14421
2026-06-21T13:45:00+02:00,0.14559
2026-06-21T14:00:00+02:00,0.144296
2026-06-21T14:15:00+02:00,0.14421
2026-06-21T14:30:00+02:00,0.145418
2026-06-21T14:45:00+02:00,0.145072
2026-06-21T15:00:00+02:00,0.144124
2026-06-21T15:15:00+02:00,0.173535
2026-06-21T15:30:00+02:00,0.169223
2026-06-21T15:45:00+02:00,0.14421
2026-06-21T16:00:00+02:00,0.145159
2026-06-21T16:15:00+02:00,0.14352
2026-06-21T16:30:00+02:00,0.145417
2026-06-21T16:45:00+02:00,0.144382
2026-06-21T17:00:00+02:00,0.20079
2026-06-21T17:15:00+02:00,0.144555
2026-06-21T17:30:00+02:00,0.144382
2026-06-21T17:45:00+02:00,0.14421
2026-06-21T18:00:00+02:00,0.144555
2026-06-21T18:15:00+02:00,0.145245
2026-06-21T18:30:00+02:00,0.145418
2026-06-21T18:45:00+02:00,0.199583
2026-06-21T19:00:00+02:00,0.145073
2026-06-21T19:15:00+02:00,0.144383
2026-06-21T19:30:00+02:00,0.144555
2026-06-21T19:45:00+02:00,0.14559
2026-06-21T20:00:00+02:00,0.145245
2026-06-21T20:15:00+02:00,0.14766
2026-06-21T20:30:00+02:00,0.143951
2026-06-21T20:45:00+02:00,0.145935
2026-06-21T21:00:00+02:00,0.148523
2026-06-21T21:15:00+02:00,0.151973
2026-06-21T21:30:00+02:00,0.148954
2026-06-21T21:45:00+02:00,0.148178
2026-06-21T22:00:00+02:00,0.14904
2026-06-21T22:15:00+02:00,0.15111
2026-06-21T22:30:00+02:00,0.1518
2026-06-21T22:45:00+02:00,0.151455
2026-06-21T23:00:00+02:00,0.15249
2026-06-21T23:15:00+02:00,0.15249
2026-06-21T23:30:00+02:00,0.152145
2026-06-21T23:45:00+02:00,0.15249
2026-06-22T00:00:00+02:00,0.150248
2026-06-22T00:15:00+02:00,0.15111
2026-06-22T00:30:00+02:00,0.152835
2026-06-22T00:45:00+02:00,0.15318
2026-06-22T01:00:00+02:00,0.152835
2026-06-22T01:15:00+02:00,0.152145
2026-06-22T01:30:00+02:00,0.152145
2026-06-22T01:45:00+02:00,0.150765
2026-06-22T02:00:00+02:00,0.151283
2026-06-22T02:15:00+02:00,0.152318
2026-06-22T02:30:00+02:00,0.15249
2026-06-22T02:45:00+02:00,0.15042
2026-06-22T03:00:00+02:00,0.150248
2026-06-22T03:15:00+02:00,0.152145
2026-06-22T03:30:00+02:00,0.151455
2026-06-22T03:45:00+02:00,0.152145
2026-06-22T04:00:00+02:00,0.152835
2026-06-22T04:15:00+02:00,0.152318
2026-06-22T04:30:00+02:00,0.152576
2026-06-22T04:45:00+02:00,0.152318
2026-06-22T05:00:00+02:00,0.150938
2026-06-22T05:15:00+02:00,0.15042
2026-06-22T05:30:00+02:00,0.151628
2026-06-22T05:45:00+02:00,0.151455
2026-06-22T06:00:00+02:00,0.152663
2026-06-22T06:15:00+02:00,0.152145
2026-06-22T06:30:00+02:00,0.152145
2026-06-22T06:45:00+02:00,0.179659
2026-06-22T07:00:00+02:00,0.15387
2026-06-22T07:15:00+02:00,0.150938
2026-06-22T07:30:00+02:00,0.151455
2026-06-22T07:45:00+02:00,0.150938
2026-06-22T08:00:00+02:00,0.150075
2026-06-22T08:15:00+02:00,0.151628
2026-06-22T08:30:00+02:00,0.150075
2026-06-22T08:45:00+02:00,0.1518
2026-06-22T09:00:00+02:00,0.151283
2026-06-22T09:15:00+02:00,0.15111
2026-06-22T09:30:00+02:00,0.15042
2026-06-22T09:45:00+02:00,0.14973
2026-06-22T10:00:00+02:00,0.186645
2026-06-22T10:15:00+02:00,0.216574
2026-06-22T10:30:00+02:00,0.224595
2026-06-22T10:45:00+02:00,0.175778
2026-06-22T11:00:00+02:00,0.204499
2026-06-22T11:15:00+02:00,0.166808
2026-06-22T11:30:00+02:00,0.145245
2026-06-22T11:45:00+02:00,0.142312
2026-06-22T12:00:00+02:00,0.143434
2026-06-22T12:15:00+02:00,0.143692
2026-06-22T12:30:00+02:00,0.143865
2026-06-22T12:45:00+02:00,0.145935
2026-06-22T13:00:00+02:00,0.144727
2026-06-22T13:15:00+02:00,0.144296
2026-06-22T13:30:00+02:00,0.144555
2026-06-22T13:45:00+02:00,0.144037
2026-06-22T14:00:00+02:00,0.157838
2026-06-22T14:15:00+02:00,0.16629
2026-06-22T14:30:00+02:00,0.14007
2026-06-22T14:45:00+02:00,0.140415
2026-06-22T15:00:00+02:00,0.141277
2026-06-22T15:15:00+02:00,0.141795
2026-06-22T15:30:00+02:00,0.142312
2026-06-22T15:45:00+02:00,0.193028
2026-06-22T16:00:00+02:00,0.141536
2026-06-22T16:15:00+02:00,0.144037
2026-06-22T16:30:00+02:00,0.14214
2026-06-22T16:45:00+02:00,0.143347
2026-06-22T17:00:00+02:00,0.170344
2026-06-22T17:15:00+02:00,0.162495
2026-06-22T17:30:00+02:00,0.193718
2026-06-22T17:45:00+02:00,0.150506
2026-06-22T18:00:00+02:00,0.150593
2026-06-22T18:15:00+02:00,0.14973
2026-06-22T18:30:00+02:00,0.151973
2026-06-22T18:45:00+02:00,0.152231
2026-06-22T19:00:00+02:00,0.149903
2026-06-22T19:15:00+02:00,0.196478
2026-06-22T19:30:00+02:00,0.157924
2026-06-22T19:45:00+02:00,0.15111
2026-06-22T20:00:00+02:00,0.149558
2026-06-22T20:15:00+02:00,0.148436
2026-06-22T20:30:00+02:00,0.148868
2026-06-22T20:45:00+02:00,0.15111
2026-06-22T21:00:00+02:00,0.14973
2026-06-22T21:15:00+02:00,0.149644
2026-06-22T21:30:00+02:00,0.15111
2026-06-22T21:45:00+02:00,0.149213
2026-06-22T22:00:00+02:00,0.14904
2026-06-22T22:15:00+02:00,0.150506
2026-06-22T22:30:00+02:00,0.151455
2026-06-22T22:45:00+02:00,0.150938
2026-06-22T23:00:00+02:00,0.15042
2026-06-22T23:15:00+02:00,0.149989
2026-06-22T23:30:00+02:00,0.14904
2026-06-22T23:45:00+02:00,0.14973
2026-06-23T00:00:00+02:00,0.147488
2026-06-23T00:15:00+02:00,0.148695
2026-06-23T00:30:00+02:00,0.150679
2026-06-23T00:45:00+02:00,0.150765
2026-06-23T01:00:00+02:00,0.15042
2026-06-23T01:15:00+02:00,0.150593
2026-06-23T01:30:00+02:00,0.150938
2026-06-23T01:45:00+02:00,0.150161
2026-06-23T02:00:00+02:00,0.14973
2026-06-23T02:15:00+02:00,0.151455
2026-06-23T02:30:00+02:00,0.150593
2026-06-23T02:45:00+02:00,0.150938
2026-06-23T03:00:00+02:00,0.149213
2026-06-23T03:15:00+02:00,0.147401
2026-06-23T03:30:00+02:00,0.150593
2026-06-23T03:45:00+02:00,0.150248
2026-06-23T04:00:00+02:00,0.15042
2026-06-23T04:15:00+02:00,0.150075
2026-06-23T04:30:00+02:00,0.150248
2026-06-23T04:45:00+02:00,0.150765
2026-06-23T05:00:00+02:00,0.150938
2026-06-23T05:15:00+02:00,0.151455
2026-06-23T05:30:00+02:00,0.150938
2026-06-23T05:45:00+02:00,0.15111
2026-06-23T06:00:00+02:00,0.150938
2026-06-23T06:15:00+02:00,0.150593
2026-06-23T06:30:00+02:00,0.15042
2026-06-23T06:45:00+02:00,0.151455
2026-06-23T07:00:00+02:00,0.150161
2026-06-23T07:15:00+02:00,0.150938
2026-06-23T07:30:00+02:00,0.150938
2026-06-23T07:45:00+02:00,0.15042
2026-06-23T08:00:00+02:00,0.150593
2026-06-23T08:15:00+02:00,0.15111
2026-06-23T08:30:00+02:00,0.15042
2026-06-23T08:45:00+02:00,0.150593
2026-06-23T09:00:00+02:00,0.150161
2026-06-23T09:15:00+02:00,0.150593
2026-06-23T09:30:00+02:00,0.150248
2026-06-23T09:45:00+02:00,0.15111
2026-06-23T10:00:00+02:00,0.15042
2026-06-23T10:15:00+02:00,0.151455
2026-06-23T10:30:00+02:00,0.15111
2026-06-23T10:45:00+02:00,0.15042
2026-06-23T11:00:00+02:00,0.151628
2026-06-23T11:15:00+02:00,0.1518
2026-06-23T11:30:00+02:00,0.150765
2026-06-23T11:45:00+02:00,0.15111
2026-06-23T12:00:00+02:00,0.149816
2026-06-23T12:15:00+02:00,0.151455
2026-06-23T12:30:00+02:00,0.150248
2026-06-23T12:45:00+02:00,0.150593
2026-06-23T13:00:00+02:00,0.150938
2026-06-23T13:15:00+02:00,0.150765
2026-06-23T13:30:00+02:00,0.15111
2026-06-23T13:45:00+02:00,0.14973
2026-06-23T14:00:00+02:00,0.150938
2026-06-23T14:15:00+02:00,0.150938
2026-06-23T14:30:00+02:00,0.150593
2026-06-23T14:45:00+02:00,0.150593
2026-06-23T15:00:00+02:00,0.151973
2026-06-23T15:15:00+02:00,0.151714
2026-06-23T15:30:00+02:00,0.18078
2026-06-23T15:45:00+02:00,0.168705
2026-06-23T16:00:00+02:00,0.149903
2026-06-23T16:15:00+02:00,0.1518
2026-06-23T16:30:00+02:00,0.151455
2026-06-23T16:45:00+02:00,0.151283
2026-06-23T17:00:00+02:00,0.152059
2026-06-23T17:15:00+02:00,0.191475
2026-06-23T17:30:00+02:00,0.166808
2026-06-23T17:45:00+02:00,0.152231
2026-06-23T18:00:00+02:00,0.150248
2026-06-23T18:15:00+02:00,0.150765
2026-06-23T18:30:00+02:00,0.151628
2026-06-23T18:45:00+02:00,0.152231
2026-06-23T19:00:00+02:00,0.205965
2026-06-23T19:15:00+02:00,0.150765
2026-06-23T19:30:00+02:00,0.151455
2026-06-23T19:45:00+02:00,0.151973
2026-06-23T20:00:00+02:00,0.152145
2026-06-23T20:15:00+02:00,0.151714
2026-06-23T20:30:00+02:00,0.151283
2026-06-23T20:45:00+02:00,0.149558
2026-06-23T21:00:00+02:00,0.149299
2026-06-23T21:15:00+02:00,0.149903
2026-06-23T21:30:00+02:00,0.149213
2026-06-23T21:45:00+02:00,0.15042
2026-06-23T22:00:00+02:00,0.150506
2026-06-23T22:15:00+02:00,0.149385
2026-06-23T22:30:00+02:00,0.150075
2026-06-23T22:45:00+02:00,0.1518
2026-06-23T23:00:00+02:00,0.150161
2026-06-23T23:15:00+02:00,0.1518
2026-06-23T23:30:00+02:00,0.150248
2026-06-23T23:45:00+02:00,0.15042
2026-06-24T00:00:00+02:00,0.146625
2026-06-24T00:15:00+02:00,0.147143
2026-06-24T00:30:00+02:00,0.150593
2026-06-24T00:45:00+02:00,0.1518
2026-06-24T01:00:00+02:00,0.150248
2026-06-24T01:15:00+02:00,0.150765
2026-06-24T01:30:00+02:00,0.15111
2026-06-24T01:45:00+02:00,0.151283
2026-06-24T02:00:00+02:00,0.151283
2026-06-24T02:15:00+02:00,0.15042
2026-06-24T02:30:00+02:00,0.150248
2026-06-24T02:45:00+02:00,0.15042
2026-06-24T03:00:00+02:00,0.148178
2026-06-24T03:15:00+02:00,0.148868
2026-06-24T03:30:00+02:00,0.150248
2026-06-24T03:45:00+02:00,0.15042
2026-06-24T04:00:00+02:00,0.14973
2026-06-24T04:15:00+02:00,0.151455
2026-06-24T04:30:00+02:00,0.15111
2026-06-24T04:45:00+02:00,0.150593
2026-06-24T05:00:00+02:00,0.151455
2026-06-24T05:15:00+02:00,0.15042
2026-06-24T05:30:00+02:00,0.151455
2026-06-24T05:45:00+02:00,0.150938
2026-06-24T06:00:00+02:00,0.150248
2026-06-24T06:15:00+02:00,0.15042
2026-06-24T06:30:00+02:00,0.149903
2026-06-24T06:45:00+02:00,0.150938
2026-06-24T07:00:00+02:00,0.150593
2026-06-24T07:15:00+02:00,0.150593
2026-06-24T07:30:00+02:00,0.15042
2026-06-24T07:45:00+02:00,0.149213
2026-06-24T08:00:00+02:00,0.150248
2026-06-24T08:15:00+02:00,0.14835
2026-06-24T08:30:00+02:00,0.15042
2026-06-24T08:45:00+02:00,0.150075
2026-06-24T09:00:00+02:00,0.15111
2026-06-24T09:15:00+02:00,0.150075
2026-06-24T09:30:00+02:00,0.150765
2026-06-24T09:45:00+02:00,0.150765
2026-06-24T10:00:00+02:00,0.150938
2026-06-24T10:15:00+02:00,0.151455
2026-06-24T10:30:00+02:00,0.150161
2026-06-24T10:45:00+02:00,0.149385
2026-06-24T11:00:00+02:00,0.149558
2026-06-24T11:15:00+02:00,0.149558
2026-06-24T11:30:00+02:00,0.148868
2026-06-24T11:45:00+02:00,0.149213
2026-06-24T12:00:00+02:00,0.149558
2026-06-24T12:15:00+02:00,0.150938
2026-06-24T12:30:00+02:00,0.150938
2026-06-24T12:45:00+02:00,0.150593
2026-06-24T13:00:00+02:00,0.152318
2026-06-24T13:15:00+02:00,0.151196
2026-06-24T13:30:00+02:00,0.151283
2026-06-24T13:45:00+02:00,0.151455
2026-06-24T14:00:00+02:00,0.20355
2026-06-24T14:15:00+02:00,0.150938
2026-06-24T14:30:00+02:00,0.149903
2026-06-24T14:45:00+02:00,0.15042
2026-06-24T15:00:00+02:00,0.150161
2026-06-24T15:15:00+02:00,0.199583
2026-06-24T15:30:00+02:00,0.16008
2026-06-24T15:45:00+02:00,0.149126
2026-06-24T16:00:00+02:00,0.151283
2026-06-24T16:15:00+02:00,0.172845
2026-06-24T16:30:00+02:00,0.191389
2026-06-24T16:45:00+02:00,0.149558
2026-06-24T17:00:00+02:00,0.150075
2026-06-24T17:15:00+02:00,0.173621
2026-06-24T17:30:00+02:00,0.195443
2026-06-24T17:45:00+02:00,0.149558
2026-06-24T18:00:00+02:00,0.147746
2026-06-24T18:15:00+02:00,0.175605
2026-06-24T18:30:00+02:00,0.190871
2026-06-24T18:45:00+02:00,0.148868
2026-06-24T19:00:00+02:00,0.150593
2026-06-24T19:15:00+02:00,0.15939
2026-06-24T19:30:00+02:00,0.208725
2026-06-24T19:45:00+02:00,0.150765
2026-06-24T20:00:00+02:00,0.151714
2026-06-24T20:15:00+02:00,0.151973
2026-06-24T20:30:00+02:00,0.216315
2026-06-24T20:45:00+02:00,0.150938
2026-06-24T21:00:00+02:00,0.15042
2026-06-24T21:15:00+02:00,0.151628
2026-06-24T21:30:00+02:00,0.151283
2026-06-24T21:45:00+02:00,0.151628
2026-06-24T22:00:00+02:00,0.194063
2026-06-24T22:15:00+02:00,0.161115
2026-06-24T22:30:00+02:00,0.152404
2026-06-24T22:45:00+02:00,0.15111
2026-06-24T23:00:00+02:00,0.150765
2026-06-24T23:15:00+02:00,0.151455
2026-06-24T23:30:00+02:00,0.1518
2026-06-24T23:45:00+02:00,0.150938
2026-06-25T00:00:00+02:00,0.151369
2026-06-25T00:15:00+02:00,0.151455
2026-06-25T00:30:00+02:00,0.151455
2026-06-25T00:45:00+02:00,0.152835
2026-06-25T01:00:00+02:00,0.152145
2026-06-25T01:15:00+02:00,0.152145
2026-06-25T01:30:00+02:00,0.151455
2026-06-25T01:45:00+02:00,0.150248
2026-06-25T02:00:00+02:00,0.151628
2026-06-25T02:15:00+02:00,0.150938
2026-06-25T02:30:00+02:00,0.151283
2026-06-25T02:45:00+02:00,0.149558
2026-06-25T03:00:00+02:00,0.151455
2026-06-25T03:15:00+02:00,0.15042
2026-06-25T03:30:00+02:00,0.150765
2026-06-25T03:45:00+02:00,0.150938
2026-06-25T04:00:00+02:00,0.150938
2026-06-25T04:15:00+02:00,0.152318
2026-06-25T04:30:00+02:00,0.151973
2026-06-25T04:45:00+02:00,0.1518
2026-06-25T05:00:00+02:00,0.151455
2026-06-25T05:15:00+02:00,0.151628
2026-06-25T05:30:00+02:00,0.151628
2026-06-25T05:45:00+02:00,0.151628
2026-06-25T06:00:00+02:00,0.151973
2026-06-25T06:15:00+02:00,0.150938
2026-06-25T06:30:00+02:00,0.150248
2026-06-25T06:45:00+02:00,0.151283
2026-06-25T07:00:00+02:00,0.151283
2026-06-25T07:15:00+02:00,0.150075
2026-06-25T07:30:00+02:00,0.150765
2026-06-25T07:45:00+02:00,0.149989
2026-06-25T08:00:00+02:00,0.150938
2026-06-25T08:15:00+02:00,0.151283
2026-06-25T08:30:00+02:00,0.15042
2026-06-25T08:45:00+02:00,0.149903
2026-06-25T09:00:00+02:00,0.150248
2026-06-25T09:15:00+02:00,0.15111
2026-06-25T09:30:00+02:00,0.150593
2026-06-25T09:45:00+02:00,0.15042
2026-06-25T10:00:00+02:00,0.14904
2026-06-25T10:15:00+02:00,0.150765
2026-06-25T10:30:00+02:00,0.149558
2026-06-25T10:45:00+02:00,0.150248
2026-06-25T11:00:00+02:00,0.149385
2026-06-25T11:15:00+02:00,0.150593
2026-06-25T11:30:00+02:00,0.15042
2026-06-25T11:45:00+02:00,0.150506
2026-06-25T12:00:00+02:00,0.149903
2026-06-25T12:15:00+02:00,0.18078
2026-06-25T12:30:00+02:00,0.176036
2026-06-25T12:45:00+02:00,0.149558
2026-06-25T13:00:00+02:00,0.150075
2026-06-25T13:15:00+02:00,0.150765
2026-06-25T13:30:00+02:00,0.212348
2026-06-25T13:45:00+02:00,0.157665
2026-06-25T14:00:00+02:00,0.14904
2026-06-25T14:15:00+02:00,0.152663
2026-06-25T14:30:00+02:00,0.218213
2026-06-25T14:45:00+02:00,0.150938
2026-06-25T15:00:00+02:00,0.14973
2026-06-25T15:15:00+02:00,0.192683
2026-06-25T15:30:00+02:00,0.183799
2026-06-25T15:45:00+02:00,0.149385
2026-06-25T16:00:00+02:00,0.161029
2026-06-25T16:15:00+02:00,0.215625
2026-06-25T16:30:00+02:00,0.149903
2026-06-25T16:45:00+02:00,0.150851
2026-06-25T17:00:00+02:00,0.22011
2026-06-25T17:15:00+02:00,0.163875
2026-06-25T17:30:00+02:00,0.150075
2026-06-25T17:45:00+02:00,0.205275
2026-06-25T18:00:00+02:00,0.181815
2026-06-25T18:15:00+02:00,0.150075
2026-06-25T18:30:00+02:00,0.184403
2026-06-25T18:45:00+02:00,0.201653
2026-06-25T19:00:00+02:00,0.15111
2026-06-25T19:15:00+02:00,0.160253
2026-06-25T19:30:00+02:00,0.223819
2026-06-25T19:45:00+02:00,0.150938
2026-06-25T20:00:00+02:00,0.152231
2026-06-25T20:15:00+02:00,0.210105
2026-06-25T20:30:00+02:00,0.173621
2026-06-25T20:45:00+02:00,0.15111
2026-06-25T21:00:00+02:00,0.167066
2026-06-25T21:15:00+02:00,0.206827
2026-06-25T21:30:00+02:00,0.149989
2026-06-25T21:45:00+02:00,0.152145
2026-06-25T22:00:00+02:00,0.156803
2026-06-25T22:15:00+02:00,0.208035
2026-06-25T22:30:00+02:00,0.151283
2026-06-25T22:45:00+02:00,0.150765
2026-06-25T23:00:00+02:00,0.151455
2026-06-25T23:15:00+02:00,0.15111
2026-06-25T23:30:00+02:00,0.151283
2026-06-25T23:45:00+02:00,0.151455
2026-06-26T00:00:00+02:00,0.185955
2026-06-26T00:15:00+02:00,0.168705
2026-06-26T00:30:00+02:00,0.150938
2026-06-26T00:45:00+02:00,0.150765
2026-06-26T01:00:00+02:00,0.15042
2026-06-26T01:15:00+02:00,0.15042
2026-06-26T01:30:00+02:00,0.148868
2026-06-26T01:45:00+02:00,0.150593
2026-06-26T02:00:00+02:00,0.150075
2026-06-26T02:15:00+02:00,0.150765
2026-06-26T02:30:00+02:00,0.151628
2026-06-26T02:45:00+02:00,0.151973
2026-06-26T03:00:00+02:00,0.148523
2026-06-26T03:15:00+02:00,0.14904
2026-06-26T03:30:00+02:00,0.151973
2026-06-26T03:45:00+02:00,0.150679
2026-06-26T04:00:00+02:00,0.1518
2026-06-26T04:15:00+02:00,0.152145
2026-06-26T04:30:00+02:00,0.152145
2026-06-26T04:45:00+02:00,0.150938
2026-06-26T05:00:00+02:00,0.151455
2026-06-26T05:15:00+02:00,0.151455
2026-06-26T05:30:00+02:00,0.151973
2026-06-26T05:45:00+02:00,0.150938
2026-06-26T06:00:00+02:00,0.15111
2026-06-26T06:15:00+02:00,0.151628
2026-06-26T06:30:00+02:00,0.150938
2026-06-26T06:45:00+02:00,0.150938
2026-06-26T07:00:00+02:00,0.151283
2026-06-26T07:15:00+02:00,0.150765
2026-06-26T07:30:00+02:00,0.150593
2026-06-26T07:45:00+02:00,0.151973
2026-06-26T08:00:00+02:00,0.152663
2026-06-26T08:15:00+02:00,0.151628
2026-06-26T08:30:00+02:00,0.150765
2026-06-26T08:45:00+02:00,0.14904
2026-06-26T09:00:00+02:00,0.14766
2026-06-26T09:15:00+02:00,0.149903
2026-06-26T09:30:00+02:00,0.148954
2026-06-26T09:45:00+02:00,0.149558
2026-06-26T10:00:00+02:00,0.148178
2026-06-26T10:15:00+02:00,0.150248
2026-06-26T10:30:00+02:00,0.14973
2026-06-26T10:45:00+02:00,0.149558
2026-06-26T11:00:00+02:00,0.150593
2026-06-26T11:15:00+02:00,0.150248
2026-06-26T11:30:00+02:00,0.149558
2026-06-26T11:45:00+02:00,0.204499
2026-06-26T12:00:00+02:00,0.147143
2026-06-26T12:15:00+02:00,0.148005
2026-06-26T12:30:00+02:00,0.148178
2026-06-26T12:45:00+02:00,0.185696
2026-06-26T13:00:00+02:00,0.181643
2026-06-26T13:15:00+02:00,0.151455
2026-06-26T13:30:00+02:00,0.148523
2026-06-26T13:45:00+02:00,0.215625
2026-06-26T14:00:00+02:00,0.16077
2026-06-26T14:15:00+02:00,0.15111
2026-06-26T14:30:00+02:00,0.18906
2026-06-26T14:45:00+02:00,0.19458
2026-06-26T15:00:00+02:00,0.150851
2026-06-26T15:15:00+02:00,0.171465
2026-06-26T15:30:00+02:00,0.221576
2026-06-26T15:45:00+02:00,0.149558
2026-06-26T16:00:00+02:00,0.1518
2026-06-26T16:15:00+02:00,0.225199
2026-06-26T16:30:00+02:00,0.159045
2026-06-26T16:45:00+02:00,0.150938
2026-06-26T17:00:00+02:00,0.21597
2026-06-26T17:15:00+02:00,0.181039
2026-06-26T17:30:00+02:00,0.150765
2026-06-26T17:45:00+02:00,0.201653
2026-06-26T18:00:00+02:00,0.198893
2026-06-26T18:15:00+02:00,0.151886
2026-06-26T18:30:00+02:00,0.185955
2026-06-26T18:45:00+02:00,0.217091
2026-06-26T19:00:00+02:00,0.149385
2026-06-26T19:15:00+02:00,0.167843
2026-06-26T19:30:00+02:00,0.228907
2026-06-26T19:45:00+02:00,0.152921
2026-06-26T20:00:00+02:00,0.151628
2026-06-26T20:15:00+02:00,0.223388
2026-06-26T20:30:00+02:00,0.168878
2026-06-26T20:45:00+02:00,0.148005
2026-06-26T21:00:00+02:00,0.19389
2026-06-26T21:15:00+02:00,0.18975
2026-06-26T21:30:00+02:00,0.148178
2026-06-26T21:45:00+02:00,0.158527
2026-06-26T22:00:00+02:00,0.214935
2026-06-26T22:15:00+02:00,0.150248
2026-06-26T22:30:00+02:00,0.150075
2026-06-26T22:45:00+02:00,0.155595
2026-06-26T23:00:00+02:00,0.208035
2026-06-26T23:15:00+02:00,0.145935
2026-06-26T23:30:00+02:00,0.14904
2026-06-26T23:45:00+02:00,0.148178
2026-06-27T00:00:00+02:00,0.145072
2026-06-27T00:15:00+02:00,0.147488
2026-06-27T00:30:00+02:00,0.188715
2026-06-27T00:45:00+02:00,0.161115
2026-06-27T01:00:00+02:00,0.149385
2026-06-27T01:15:00+02:00,0.14904
2026-06-27T01:30:00+02:00,0.147833
2026-06-27T01:45:00+02:00,0.147315
2026-06-27T02:00:00+02:00,0.14904
2026-06-27T02:15:00+02:00,0.14835
2026-06-27T02:30:00+02:00,0.147833
2026-06-27T02:45:00+02:00,0.146711
2026-06-27T03:00:00+02:00,0.143692
2026-06-27T03:15:00+02:00,0.144555
2026-06-27T03:30:00+02:00,0.14559
2026-06-27T03:45:00+02:00,0.14766
2026-06-27T04:00:00+02:00,0.145245
2026-06-27T04:15:00+02:00,0.145072
2026-06-27T04:30:00+02:00,0.14214
2026-06-27T04:45:00+02:00,0.143002
2026-06-27T05:00:00+02:00,0.1449
2026-06-27T05:15:00+02:00,0.144382
2026-06-27T05:30:00+02:00,0.144382
2026-06-27T05:45:00+02:00,0.143692
2026-06-27T06:00:00+02:00,0.143865
2026-06-27T06:15:00+02:00,0.144382
2026-06-27T06:30:00+02:00,0.1449
2026-06-27T06:45:00+02:00,0.144382
2026-06-27T07:00:00+02:00,0.144555
2026-06-27T07:15:00+02:00,0.146625
2026-06-27T07:30:00+02:00,0.145935
2026-06-27T07:45:00+02:00,0.145763
2026-06-27T08:00:00+02:00,0.143951
2026-06-27T08:15:00+02:00,0.142485
2026-06-27T08:30:00+02:00,0.144037
2026-06-27T08:45:00+02:00,0.143347
2026-06-27T09:00:00+02:00,0.143175
2026-06-27T09:15:00+02:00,0.144641
2026-06-27T09:30:00+02:00,0.144555
2026-06-27T09:45:00+02:00,0.15318
2026-06-27T10:00:00+02:00,0.194235
2026-06-27T10:15:00+02:00,0.14352
2026-06-27T10:30:00+02:00,0.14559
2026-06-27T10:45:00+02:00,0.14421
2026-06-27T11:00:00+02:00,0.194494
2026-06-27T11:15:00+02:00,0.162495
2026-06-27T11:30:00+02:00,0.143347
2026-06-27T11:45:00+02:00,0.145418
2026-06-27T12:00:00+02:00,0.220973
2026-06-27T12:15:00+02:00,0.143347
2026-06-27T12:30:00+02:00,0.145763
2026-06-27T12:45:00+02:00,0.194925
2026-06-27T13:00:00+02:00,0.175778
2026-06-27T13:15:00+02:00,0.14421
2026-06-27T13:30:00+02:00,0.174743
2026-06-27T13:45:00+02:00,0.202601
2026-06-27T14:00:00+02:00,0.14421
2026-06-27T14:15:00+02:00,0.164306
2026-06-27T14:30:00+02:00,0.21666
2026-06-27T14:45:00+02:00,0.144037
2026-06-27T15:00:00+02:00,0.155595
2026-06-27T15:15:00+02:00,0.224423
2026-06-27T15:30:00+02:00,0.145331
2026-06-27T15:45:00+02:00,0.150765
2026-06-27T16:00:00+02:00,0.22425
2026-06-27T16:15:00+02:00,0.153698
2026-06-27T16:30:00+02:00,0.143434
2026-06-27T16:45:00+02:00,0.219248
2026-06-27T17:00:00+02:00,0.16629
2026-06-27T17:15:00+02:00,0.14352
2026-06-27T17:30:00+02:00,0.21114
2026-06-27T17:45:00+02:00,0.1794
2026-06-27T18:00:00+02:00,0.149558
2026-06-27T18:15:00+02:00,0.202688
2026-06-27T18:30:00+02:00,0.191561
2026-06-27T18:45:00+02:00,0.148178
2026-06-27T19:00:00+02:00,0.193028
2026-06-27T19:15:00+02:00,0.201135
2026-06-27T19:30:00+02:00,0.14973
2026-06-27T19:45:00+02:00,0.179917
2026-06-27T20:00:00+02:00,0.211485
2026-06-27T20:15:00+02:00,0.14904
2026-06-27T20:30:00+02:00,0.165686
2026-06-27T20:45:00+02:00,0.22218
2026-06-27T21:00:00+02:00,0.14766
2026-06-27T21:15:00+02:00,0.147488
2026-06-27T21:30:00+02:00,0.225458
2026-06-27T21:45:00+02:00,0.156803
2026-06-27T22:00:00+02:00,0.146366
2026-06-27T22:15:00+02:00,0.19941
2026-06-27T22:30:00+02:00,0.176123
2026-06-27T22:45:00+02:00,0.145763
2026-06-27T23:00:00+02:00,0.167066
2026-06-27T23:15:00+02:00,0.202343
2026-06-27T23:30:00+02:00,0.147315
2026-06-27T23:45:00+02:00,0.146108
2026-06-28T00:00:00+02:00,0.205965
2026-06-28T00:15:00+02:00,0.161115
2026-06-28T00:30:00+02:00,0.145073
2026-06-28T00:45:00+02:00,0.14766
2026-06-28T01:00:00+02:00,0.21735
2026-06-28T01:15:00+02:00,0.143692
2026-06-28T01:30:00+02:00,0.144728
2026-06-28T01:45:00+02:00,0.15801
2026-06-28T02:00:00+02:00,0.196822
2026-06-28T02:15:00+02:00,0.1449
2026-06-28T02:30:00+02:00,0.144382
2026-06-28T02:45:00+02:00,0.14559
2026-06-28T03:00:00+02:00,0.2139
2026-06-28T03:15:00+02:00,0.147833
2026-06-28T03:30:00+02:00,0.147056
2026-06-28T03:45:00+02:00,0.14559
2026-06-28T04:00:00+02:00,0.181556
2026-06-28T04:15:00+02:00,0.175778
2026-06-28T04:30:00+02:00,0.147143
2026-06-28T04:45:00+02:00,0.149299
2026-06-28T05:00:00+02:00,0.149385
2026-06-28T05:15:00+02:00,0.168878
2026-06-28T05:30:00+02:00,0.187508
2026-06-28T05:45:00+02:00,0.14697
2026-06-28T06:00:00+02:00,0.146625
2026-06-28T06:15:00+02:00,0.146625
2026-06-28T06:30:00+02:00,0.147143
2026-06-28T06:45:00+02:00,0.206051
2026-06-28T07:00:00+02:00,0.14628
2026-06-28T07:15:00+02:00,0.146108
2026-06-28T07:30:00+02:00,0.146453
2026-06-28T07:45:00+02:00,0.144727
2026-06-28T08:00:00+02:00,0.204758
2026-06-28T08:15:00+02:00,0.145159
2026-06-28T08:30:00+02:00,0.145073
2026-06-28T08:45:00+02:00,0.145072
2026-06-28T09:00:00+02:00,0.201566
2026-06-28T09:15:00+02:00,0.152318
2026-06-28T09:30:00+02:00,0.14559
2026-06-28T09:45:00+02:00,0.144986
2026-06-28T10:00:00+02:00,0.212693
2026-06-28T10:15:00+02:00,0.143865
2026-06-28T10:30:00+02:00,0.144728
2026-06-28T10:45:00+02:00,0.184058
2026-06-28T11:00:00+02:00,0.180349
2026-06-28T11:15:00+02:00,0.143865
2026-06-28T11:30:00+02:00,0.163875
2026-06-28T11:45:00+02:00,0.206138
2026-06-28T12:00:00+02:00,0.142485
2026-06-28T12:15:00+02:00,0.148867
2026-06-28T12:30:00+02:00,0.22425
2026-06-28T12:45:00+02:00,0.146108
2026-06-28T13:00:00+02:00,0.1449
2026-06-28T13:15:00+02:00,0.225803
2026-06-28T13:30:00+02:00,0.158183
2026-06-28T13:45:00+02:00,0.143779
2026-06-28T14:00:00+02:00,0.221663
2026-06-28T14:15:00+02:00,0.167411
2026-06-28T14:30:00+02:00,0.145245
2026-06-28T14:45:00+02:00,0.217781
2026-06-28T15:00:00+02:00,0.17802
2026-06-28T15:15:00+02:00,0.142657
2026-06-28T15:30:00+02:00,0.214073
2026-06-28T15:45:00+02:00,0.182936
2026-06-28T16:00:00+02:00,0.14421
2026-06-28T16:15:00+02:00,0.19665
2026-06-28T16:30:00+02:00,0.197858
2026-06-28T16:45:00+02:00,0.143951
2026-06-28T17:00:00+02:00,0.18354
2026-06-28T17:15:00+02:00,0.20493
2026-06-28T17:30:00+02:00,0.14283
2026-06-28T17:45:00+02:00,0.179572
2026-06-28T18:00:00+02:00,0.213728
2026-06-28T18:15:00+02:00,0.144037
2026-06-28T18:30:00+02:00,0.170257
2026-06-28T18:45:00+02:00,0.222698
2026-06-28T19:00:00+02:00,0.143347
2026-06-28T19:15:00+02:00,0.160942
2026-06-28T19:30:00+02:00,0.22701
2026-06-28T19:45:00+02:00,0.154043
2026-06-28T20:00:00+02:00,0.14973
2026-06-28T20:15:00+02:00,0.225975
2026-06-28T20:30:00+02:00,0.160339
2026-06-28T20:45:00+02:00,0.14559
2026-06-28T21:00:00+02:00,0.222698
2026-06-28T21:15:00+02:00,0.164565
2026-06-28T21:30:00+02:00,0.145762
2026-06-28T21:45:00+02:00,0.198375
2026-06-28T22:00:00+02:00,0.172845
2026-06-28T22:15:00+02:00,0.146108
2026-06-28T22:30:00+02:00,0.177158
2026-06-28T22:45:00+02:00,0.194408
2026-06-28T23:00:00+02:00,0.147143
2026-06-28T23:15:00+02:00,0.155595
2026-06-28T23:30:00+02:00,0.213296
2026-06-28T23:45:00+02:00,0.148523
2026-06-29T00:00:00+02:00,0.149299
2026-06-29T00:15:00+02:00,0.207345
2026-06-29T00:30:00+02:00,0.157493
2026-06-29T00:45:00+02:00,0.148523
2026-06-29T01:00:00+02:00,0.168188
2026-06-29T01:15:00+02:00,0.195098
2026-06-29T01:30:00+02:00,0.148178
2026-06-29T01:45:00+02:00,0.147143
2026-06-29T02:00:00+02:00,0.18492
2026-06-29T02:15:00+02:00,0.17112
2026-06-29T02:30:00+02:00,0.147315
2026-06-29T02:45:00+02:00,0.148178
2026-06-29T03:00:00+02:00,0.158441
2026-06-29T03:15:00+02:00,0.197168
2026-06-29T03:30:00+02:00,0.14766
2026-06-29T03:45:00+02:00,0.148868
2026-06-29T04:00:00+02:00,0.150938
2026-06-29T04:15:00+02:00,0.180694
2026-06-29T04:30:00+02:00,0.17112
2026-06-29T04:45:00+02:00,0.148523
2026-06-29T05:00:00+02:00,0.14904
2026-06-29T05:15:00+02:00,0.150593
2026-06-29T05:30:00+02:00,0.150765
2026-06-29T05:45:00+02:00,0.149126
2026-06-29T06:00:00+02:00,0.150938
2026-06-29T06:15:00+02:00,0.15042
2026-06-29T06:30:00+02:00,0.150938
2026-06-29T06:45:00+02:00,0.15111
2026-06-29T07:00:00+02:00,0.15042
2026-06-29T07:15:00+02:00,0.14145
2026-06-29T07:30:00+02:00,0.140932
2026-06-29T07:45:00+02:00,0.165427
2026-06-29T08:00:00+02:00,0.162495
2026-06-29T08:15:00+02:00,0.20424
2026-06-29T08:30:00+02:00,0.151283
2026-06-29T08:45:00+02:00,0.1518
2026-06-29T09:00:00+02:00,0.151886
2026-06-29T09:15:00+02:00,0.1518
2026-06-29T09:30:00+02:00,0.151455
2026-06-29T09:45:00+02:00,0.152835
2026-06-29T10:00:00+02:00,0.152231
2026-06-29T10:15:00+02:00,0.151283
2026-06-29T10:30:00+02:00,0.150938
2026-06-29T10:45:00+02:00,0.151973
2026-06-29T11:00:00+02:00,0.152145
2026-06-29T11:15:00+02:00,0.15249
2026-06-29T11:30:00+02:00,0.151973
2026-06-29T11:45:00+02:00,0.151283
2026-06-29T12:00:00+02:00,0.150593
2026-06-29T12:15:00+02:00,0.15111
2026-06-29T12:30:00+02:00,0.15111
2026-06-29T12:45:00+02:00,0.150679
2026-06-29T13:00:00+02:00,0.1518
2026-06-29T13:15:00+02:00,0.162322
2026-06-29T13:30:00+02:00,0.18837
2026-06-29T13:45:00+02:00,0.149989
2026-06-29T14:00:00+02:00,0.149385
2026-06-29T14:15:00+02:00,0.14697
2026-06-29T14:30:00+02:00,0.15042
2026-06-29T14:45:00+02:00,0.151714
2026-06-29T15:00:00+02:00,0.203723
2026-06-29T15:15:00+02:00,0.150248
2026-06-29T15:30:00+02:00,0.151455
2026-06-29T15:45:00+02:00,0.150593
2026-06-29T16:00:00+02:00,0.147833
2026-06-29T16:15:00+02:00,0.162926
2026-06-29T16:30:00+02:00,0.195098
2026-06-29T16:45:00+02:00,0.152145
2026-06-29T17:00:00+02:00,0.15111
2026-06-29T17:15:00+02:00,0.151541
2026-06-29T17:30:00+02:00,0.153525
2026-06-29T17:45:00+02:00,0.152318
2026-06-29T18:00:00+02:00,0.169136
2026-06-29T18:15:00+02:00,0.183713
2026-06-29T18:30:00+02:00,0.151973
2026-06-29T18:45:00+02:00,0.151369
2026-06-29T19:00:00+02:00,0.15111
2026-06-29T19:15:00+02:00,0.149385
2026-06-29T19:30:00+02:00,0.151628
2026-06-29T19:45:00+02:00,0.150938
2026-06-29T20:00:00+02:00,0.152318
2026-06-29T20:15:00+02:00,0.151455
2026-06-29T20:30:00+02:00,0.151455
2026-06-29T20:45:00+02:00,0.15042
2026-06-29T21:00:00+02:00,0.150851
2026-06-29T21:15:00+02:00,0.15042
2026-06-29T21:30:00+02:00,0.15111
2026-06-29T21:45:00+02:00,0.148523
2026-06-29T22:00:00+02:00,0.149558
2026-06-29T22:15:00+02:00,0.152318
2026-06-29T22:30:00+02:00,0.151973
2026-06-29T22:45:00+02:00,0.1518
2026-06-29T23:00:00+02:00,0.150593
2026-06-29T23:15:00+02:00,0.152318
2026-06-29T23:30:00+02:00,0.152921
2026-06-29T23:45:00+02:00,0.151628
2026-06-30T00:00:00+02:00,0.15042
2026-06-30T00:15:00+02:00,0.152145
2026-06-30T00:30:00+02:00,0.151628
2026-06-30T00:45:00+02:00,0.152663
2026-06-30T01:00:00+02:00,0.152318
2026-06-30T01:15:00+02:00,0.152663
2026-06-30T01:30:00+02:00,0.151455
2026-06-30T01:45:00+02:00,0.152318
2026-06-30T02:00:00+02:00,0.152835
2026-06-30T02:15:00+02:00,0.152921
2026-06-30T02:30:00+02:00,0.151628
2026-06-30T02:45:00+02:00,0.152318
2026-06-30T03:00:00+02:00,0.152318
2026-06-30T03:15:00+02:00,0.150765
2026-06-30T03:30:00+02:00,0.15249
2026-06-30T03:45:00+02:00,0.151973
2026-06-30T04:00:00+02:00,0.15249
2026-06-30T04:15:00+02:00,0.152145
2026-06-30T04:30:00+02:00,0.153008
2026-06-30T04:45:00+02:00,0.152663
2026-06-30T05:00:00+02:00,0.151714
2026-06-30T05:15:00+02:00,0.152835
2026-06-30T05:30:00+02:00,0.1518
2026-06-30T05:45:00+02:00,0.151455
2026-06-30T06:00:00+02:00,0.15249
2026-06-30T06:15:00+02:00,0.152145
2026-06-30T06:30:00+02:00,0.152231
2026-06-30T06:45:00+02:00,0.151283
2026-06-30T07:00:00+02:00,0.15042
2026-06-30T07:15:00+02:00,0.15042
2026-06-30T07:30:00+02:00,0.149903
2026-06-30T07:45:00+02:00,0.151714
2026-06-30T08:00:00+02:00,0.15111
2026-06-30T08:15:00+02:00,0.150938
2026-06-30T08:30:00+02:00,0.151455
2026-06-30T08:45:00+02:00,0.150765
2026-06-30T09:00:00+02:00,0.150765
2026-06-30T09:15:00+02:00,0.150593
2026-06-30T09:30:00+02:00,0.152145
2026-06-30T09:45:00+02:00,0.150765
2026-06-30T10:00:00+02:00,0.151455
2026-06-30T10:15:00+02:00,0.151628
2026-06-30T10:30:00+02:00,0.151541
2026-06-30T10:45:00+02:00,0.150938
2026-06-30T11:00:00+02:00,0.151628
2026-06-30T11:15:00+02:00,0.150938
2026-06-30T11:30:00+02:00,0.150938
2026-06-30T11:45:00+02:00,0.150593
2026-06-30T12:00:00+02:00,0.151455
2026-06-30T12:15:00+02:00,0.151973
2026-06-30T12:30:00+02:00,0.15111
2026-06-30T12:45:00+02:00,0.1518
2026-06-30T13:00:00+02:00,0.151541
2026-06-30T13:15:00+02:00,0.150765
2026-06-30T13:30:00+02:00,0.149903
2026-06-30T13:45:00+02:00,0.150938
2026-06-30T14:00:00+02:00,0.148868
2026-06-30T14:15:00+02:00,0.149558
2026-06-30T14:30:00+02:00,0.14973
2026-06-30T14:45:00+02:00,0.147833
2026-06-30T15:00:00+02:00,0.14973
2026-06-30T15:15:00+02:00,0.15042
2026-06-30T15:30:00+02:00,0.150679
2026-06-30T15:45:00+02:00,0.150593
2026-06-30T16:00:00+02:00,0.15042
2026-06-30T16:15:00+02:00,0.14973
2026-06-30T16:30:00+02:00,0.1518
2026-06-30T16:45:00+02:00,0.15111
2026-06-30T17:00:00+02:00,0.150765
2026-06-30T17:15:00+02:00,0.148868
2026-06-30T17:30:00+02:00,0.149903
2026-06-30T17:45:00+02:00,0.148178
2026-06-30T18:00:00+02:00,0.149903
2026-06-30T18:15:00+02:00,0.151455
2026-06-30T18:30:00+02:00,0.151283
2026-06-30T18:45:00+02:00,0.150248
2026-06-30T19:00:00+02:00,0.150593
2026-06-30T19:15:00+02:00,0.15111
2026-06-30T19:30:00+02:00,0.151541
2026-06-30T19:45:00+02:00,0.150765
2026-06-30T20:00:00+02:00,0.150938
2026-06-30T20:15:00+02:00,0.151973
2026-06-30T20:30:00+02:00,0.151369
2026-06-30T20:45:00+02:00,0.151283
2026-06-30T21:00:00+02:00,0.151455
2026-06-30T21:15:00+02:00,0.151283
2026-06-30T21:30:00+02:00,0.150938
2026-06-30T21:45:00+02:00,0.152231
2026-06-30T22:00:00+02:00,0.151973
2026-06-30T22:15:00+02:00,0.152318
2026-06-30T22:30:00+02:00,0.151455
2026-06-30T22:45:00+02:00,0.151628
2026-06-30T23:00:00+02:00,0.15111
2026-06-30T23:15:00+02:00,0.14973
2026-06-30T23:30:00+02:00,0.1518
2026-06-30T23:45:00+02:00,0.152663
2026-07-01T00:00:00+02:00,0.14973
2026-07-01T00:15:00+02:00,0.15111
2026-07-01T00:30:00+02:00,0.152145
2026-07-01T00:45:00+02:00,0.151973
2026-07-01T01:00:00+02:00,0.152318
2026-07-01T01:15:00+02:00,0.152318
2026-07-01T01:30:00+02:00,0.15318
2026-07-01T01:45:00+02:00,0.1518
2026-07-01T02:00:00+02:00,0.152145
2026-07-01T02:15:00+02:00,0.152145
2026-07-01T02:30:00+02:00,0.15318
2026-07-01T02:45:00+02:00,0.152663
2026-07-01T03:00:00+02:00,0.1518
2026-07-01T03:15:00+02:00,0.152059
2026-07-01T03:30:00+02:00,0.15318
2026-07-01T03:45:00+02:00,0.152318
2026-07-01T04:00:00+02:00,0.152663
2026-07-01T04:15:00+02:00,0.152663
2026-07-01T04:30:00+02:00,0.153008
2026-07-01T04:45:00+02:00,0.152145
2026-07-01T05:00:00+02:00,0.15318
2026-07-01T05:15:00+02:00,0.151628
2026-07-01T05:30:00+02:00,0.150938
2026-07-01T05:45:00+02:00,0.15111
2026-07-01T06:00:00+02:00,0.152145
2026-07-01T06:15:00+02:00,0.15249
2026-07-01T06:30:00+02:00,0.15318
2026-07-01T06:45:00+02:00,0.152835
2026-07-01T07:00:00+02:00,0.151455
2026-07-01T07:15:00+02:00,0.152145
2026-07-01T07:30:00+02:00,0.15318
2026-07-01T07:45:00+02:00,0.151455
2026-07-01T08:00:00+02:00,0.151973
2026-07-01T08:15:00+02:00,0.151628
2026-07-01T08:30:00+02:00,0.15318
2026-07-01T08:45:00+02:00,0.153698
2026-07-01T09:00:00+02:00,0.152145
2026-07-01T09:15:00+02:00,0.152663
2026-07-01T09:30:00+02:00,0.152663
2026-07-01T09:45:00+02:00,0.152318
2026-07-01T10:00:00+02:00,0.150593
2026-07-01T10:15:00+02:00,0.150765
2026-07-01T10:30:00+02:00,0.153698
2026-07-01T10:45:00+02:00,0.152318
2026-07-01T11:00:00+02:00,0.152663
2026-07-01T11:15:00+02:00,0.152318
2026-07-01T11:30:00+02:00,0.15318
2026-07-01T11:45:00+02:00,0.1518
2026-07-01T12:00:00+02:00,0.152318
2026-07-01T12:15:00+02:00,0.151973
2026-07-01T12:30:00+02:00,0.152145
2026-07-01T12:45:00+02:00,0.15111
2026-07-01T13:00:00+02:00,0.1518
2026-07-01T13:15:00+02:00,0.151455
2026-07-01T13:30:00+02:00,0.15042
2026-07-01T13:45:00+02:00,0.15111
2026-07-01T14:00:00+02:00,0.151024
2026-07-01T14:15:00+02:00,0.150593
2026-07-01T14:30:00+02:00,0.15111
2026-07-01T14:45:00+02:00,0.15111
2026-07-01T15:00:00+02:00,0.150938
2026-07-01T15:15:00+02:00,0.15111
2026-07-01T15:30:00+02:00,0.150075
2026-07-01T15:45:00+02:00,0.151283
2026-07-01T16:00:00+02:00,0.151628
2026-07-01T16:15:00+02:00,0.149903
2026-07-01T16:30:00+02:00,0.150075
2026-07-01T16:45:00+02:00,0.15111
2026-07-01T17:00:00+02:00,0.15042
2026-07-01T17:15:00+02:00,0.153008
2026-07-01T17:30:00+02:00,0.150593
2026-07-01T17:45:00+02:00,0.150593
2026-07-01T18:00:00+02:00,0.15111
2026-07-01T18:15:00+02:00,0.150765
2026-07-01T18:30:00+02:00,0.151283
2026-07-01T18:45:00+02:00,0.152145
2026-07-01T19:00:00+02:00,0.151455
2026-07-01T19:15:00+02:00,0.150765
2026-07-01T19:30:00+02:00,0.1518
2026-07-01T19:45:00+02:00,0.151283
2026-07-01T20:00:00+02:00,0.152145
2026-07-01T20:15:00+02:00,0.1518
2026-07-01T20:30:00+02:00,0.1518
2026-07-01T20:45:00+02:00,0.150765
2026-07-01T21:00:00+02:00,0.15111
2026-07-01T21:15:00+02:00,0.1518
2026-07-01T21:30:00+02:00,0.151541
2026-07-01T21:45:00+02:00,0.151973
2026-07-01T22:00:00+02:00,0.151973
2026-07-01T22:15:00+02:00,0.152145
2026-07-01T22:30:00+02:00,0.15111
2026-07-01T22:45:00+02:00,0.151973
2026-07-01T23:00:00+02:00,0.150593
2026-07-01T23:15:00+02:00,0.150765
2026-07-01T23:30:00+02:00,0.15249
2026-07-01T23:45:00+02:00,0.151455
2026-07-02T00:00:00+02:00,0.152145
2026-07-02T00:15:00+02:00,0.150938
2026-07-02T00:30:00+02:00,0.1518
2026-07-02T00:45:00+02:00,0.151628
2026-07-02T01:00:00+02:00,0.15249
2026-07-02T01:15:00+02:00,0.152318
2026-07-02T01:30:00+02:00,0.151628
2026-07-02T01:45:00+02:00,0.152145
2026-07-02T02:00:00+02:00,0.152318
2026-07-02T02:15:00+02:00,0.152663
2026-07-02T02:30:00+02:00,0.152318
2026-07-02T02:45:00+02:00,0.152145
2026-07-02T03:00:00+02:00,0.15318
2026-07-02T03:15:00+02:00,0.151541
2026-07-02T03:30:00+02:00,0.152318
2026-07-02T03:45:00+02:00,0.151455
2026-07-02T04:00:00+02:00,0.1518
2026-07-02T04:15:00+02:00,0.152145
2026-07-02T04:30:00+02:00,0.151455
2026-07-02T04:45:00+02:00,0.15249
2026-07-02T05:00:00+02:00,0.150765
2026-07-02T05:15:00+02:00,0.15111
2026-07-02T05:30:00+02:00,0.1518
2026-07-02T05:45:00+02:00,0.152318
2026-07-02T06:00:00+02:00,0.152145
2026-07-02T06:15:00+02:00,0.151283
2026-07-02T06:30:00+02:00,0.151455
2026-07-02T06:45:00+02:00,0.151455
2026-07-02T07:00:00+02:00,0.150938
2026-07-02T07:15:00+02:00,0.150248
2026-07-02T07:30:00+02:00,0.151628
2026-07-02T07:45:00+02:00,0.151455
2026-07-02T08:00:00+02:00,0.152145
2026-07-02T08:15:00+02:00,0.15111
2026-07-02T08:30:00+02:00,0.151283
2026-07-02T08:45:00+02:00,0.150765
2026-07-02T09:00:00+02:00,0.152145
2026-07-02T09:15:00+02:00,0.15111
2026-07-02T09:30:00+02:00,0.152576
2026-07-02T09:45:00+02:00,0.151455
2026-07-02T10:00:00+02:00,0.151973
2026-07-02T10:15:00+02:00,0.1518
2026-07-02T10:30:00+02:00,0.150938
2026-07-02T10:45:00+02:00,0.1518
2026-07-02T11:00:00+02:00,0.151283
2026-07-02T11:15:00+02:00,0.151283
2026-07-02T11:30:00+02:00,0.151283
2026-07-02T11:45:00+02:00,0.15249
2026-07-02T12:00:00+02:00,0.153008
2026-07-02T12:15:00+02:00,0.150593
2026-07-02T12:30:00+02:00,0.1518
2026-07-02T12:45:00+02:00,0.150938
2026-07-02T13:00:00+02:00,0.15249
2026-07-02T13:15:00+02:00,0.150593
2026-07-02T13:30:00+02:00,0.151628
2026-07-02T13:45:00+02:00,0.150075
2026-07-02T14:00:00+02:00,0.150938
2026-07-02T14:15:00+02:00,0.151283
2026-07-02T14:30:00+02:00,0.150161
2026-07-02T14:45:00+02:00,0.15042
2026-07-02T15:00:00+02:00,0.149558
2026-07-02T15:15:00+02:00,0.149903
2026-07-02T15:30:00+02:00,0.150248
2026-07-02T15:45:00+02:00,0.150765
2026-07-02T16:00:00+02:00,0.150765
2026-07-02T16:15:00+02:00,0.15111
2026-07-02T16:30:00+02:00,0.152145
2026-07-02T16:45:00+02:00,0.15111
2026-07-02T17:00:00+02:00,0.151455
2026-07-02T17:15:00+02:00,0.1518
2026-07-02T17:30:00+02:00,0.152145
2026-07-02T17:45:00+02:00,0.152835
2026-07-02T18:00:00+02:00,0.151973
2026-07-02T18:15:00+02:00,0.152318
2026-07-02T18:30:00+02:00,0.15111
2026-07-02T18:45:00+02:00,0.151455
2026-07-02T19:00:00+02:00,0.152231
2026-07-02T19:15:00+02:00,0.151973
2026-07-02T19:30:00+02:00,0.15249
2026-07-02T19:45:00+02:00,0.151455
2026-07-02T20:00:00+02:00,0.150593
2026-07-02T20:15:00+02:00,0.152318
2026-07-02T20:30:00+02:00,0.151628
2026-07-02T20:45:00+02:00,0.152318
2026-07-02T21:00:00+02:00,0.151886
2026-07-02T21:15:00+02:00,0.1518
2026-07-02T21:30:00+02:00,0.151283
2026-07-02T21:45:00+02:00,0.152145
2026-07-02T22:00:00+02:00,0.1518
2026-07-02T22:15:00+02:00,0.1518
2026-07-02T22:30:00+02:00,0.1518
2026-07-02T22:45:00+02:00,0.1518
2026-07-02T23:00:00+02:00,0.150765
2026-07-02T23:15:00+02:00,0.151628
2026-07-02T23:30:00+02:00,0.151973
2026-07-02T23:45:00+02:00,0.152663
2026-07-03T00:00:00+02:00,0.150938
2026-07-03T00:15:00+02:00,0.151628
2026-07-03T00:30:00+02:00,0.152318
2026-07-03T00:45:00+02:00,0.151455
2026-07-03T01:00:00+02:00,0.152835
2026-07-03T01:15:00+02:00,0.152835
2026-07-03T01:30:00+02:00,0.152145
2026-07-03T01:45:00+02:00,0.151628
2026-07-03T02:00:00+02:00,0.152231
2026-07-03T02:15:00+02:00,0.152835
2026-07-03T02:30:00+02:00,0.152835
2026-07-03T02:45:00+02:00,0.151455
2026-07-03T03:00:00+02:00,0.15111
2026-07-03T03:15:00+02:00,0.151973
2026-07-03T03:30:00+02:00,0.152318
2026-07-03T03:45:00+02:00,0.1518
2026-07-03T04:00:00+02:00,0.153525
2026-07-03T04:15:00+02:00,0.153008
2026-07-03T04:30:00+02:00,0.15249
2026-07-03T04:45:00+02:00,0.152318
2026-07-03T05:00:00+02:00,0.151628
2026-07-03T05:15:00+02:00,0.151455
2026-07-03T05:30:00+02:00,0.151283
2026-07-03T05:45:00+02:00,0.151628
2026-07-03T06:00:00+02:00,0.216056
2026-07-03T06:15:00+02:00,0.219593
2026-07-03T06:30:00+02:00,0.243053
2026-07-03T06:45:00+02:00,0.231236
2026-07-03T07:00:00+02:00,0.24426
2026-07-03T07:15:00+02:00,0.212003
2026-07-03T07:30:00+02:00,0.211313
2026-07-03T07:45:00+02:00,0.224422
2026-07-03T08:00:00+02:00,0.223043
2026-07-03T08:15:00+02:00,0.177158
2026-07-03T08:30:00+02:00,0.185093
2026-07-03T08:45:00+02:00,0.194235
2026-07-03T09:00:00+02:00,0.20907
2026-07-03T09:15:00+02:00,0.164048
2026-07-03T09:30:00+02:00,0.198893
2026-07-03T09:45:00+02:00,0.230115
2026-07-03T10:00:00+02:00,0.216143
2026-07-03T10:15:00+02:00,0.212175
2026-07-03T10:30:00+02:00,0.233996
2026-07-03T10:45:00+02:00,0.225458
2026-07-03T11:00:00+02:00,0.205275
2026-07-03T11:15:00+02:00,0.227269
2026-07-03T11:30:00+02:00,0.215107
2026-07-03T11:45:00+02:00,0.220628
2026-07-03T12:00:00+02:00,0.198893
2026-07-03T12:15:00+02:00,0.181643
2026-07-03T12:30:00+02:00,0.222525
2026-07-03T12:45:00+02:00,0.20976
2026-07-03T13:00:00+02:00,0.211399
2026-07-03T13:15:00+02:00,0.22356
2026-07-03T13:30:00+02:00,0.197512
2026-07-03T13:45:00+02:00,0.15042
2026-07-03T14:00:00+02:00,0.149903
2026-07-03T14:15:00+02:00,0.14973
2026-07-03T14:30:00+02:00,0.151455
2026-07-03T14:45:00+02:00,0.150075
2026-07-03T15:00:00+02:00,0.151283
2026-07-03T15:15:00+02:00,0.149558
2026-07-03T15:30:00+02:00,0.1518
2026-07-03T15:45:00+02:00,0.1518
2026-07-03T16:00:00+02:00,0.148523
2026-07-03T16:15:00+02:00,0.149558
2026-07-03T16:30:00+02:00,0.150765
2026-07-03T16:45:00+02:00,0.151283
2026-07-03T17:00:00+02:00,0.150765
2026-07-03T17:15:00+02:00,0.15801
2026-07-03T17:30:00+02:00,0.180953
2026-07-03T17:45:00+02:00,0.28221
2026-07-03T18:00:00+02:00,0.282038
2026-07-03T18:15:00+02:00,0.308085
2026-07-03T18:30:00+02:00,0.27738
2026-07-03T18:45:00+02:00,0.303772
2026-07-03T19:00:00+02:00,0.294716
2026-07-03T19:15:00+02:00,0.297908
2026-07-03T19:30:00+02:00,0.225371
2026-07-03T19:45:00+02:00,0.161978
2026-07-03T20:00:00+02:00,0.311535
2026-07-03T20:15:00+02:00,0.286695
2026-07-03T20:30:00+02:00,0.325335
2026-07-03T20:45:00+02:00,0.288765
2026-07-03T21:00:00+02:00,0.294975
2026-07-03T21:15:00+02:00,0.309034
2026-07-03T21:30:00+02:00,0.272205
2026-07-03T21:45:00+02:00,0.157493
2026-07-03T22:00:00+02:00,0.14766
2026-07-03T22:15:00+02:00,0.14766
2026-07-03T22:30:00+02:00,0.14628
2026-07-03T22:45:00+02:00,0.147315
2026-07-03T23:00:00+02:00,0.148868
2026-07-03T23:15:00+02:00,0.147833
2026-07-03T23:30:00+02:00,0.148523
2026-07-03T23:45:00+02:00,0.150938
2026-07-04T00:00:00+02:00,0.148695
2026-07-04T00:15:00+02:00,0.14904
2026-07-04T00:30:00+02:00,0.150248
2026-07-04T00:45:00+02:00,0.15042
2026-07-04T01:00:00+02:00,0.150593
2026-07-04T01:15:00+02:00,0.14973
2026-07-04T01:30:00+02:00,0.150765
2026-07-04T01:45:00+02:00,0.148005
2026-07-04T02:00:00+02:00,0.149213
2026-07-04T02:15:00+02:00,0.150938
2026-07-04T02:30:00+02:00,0.150765
2026-07-04T02:45:00+02:00,0.148868
2026-07-04T03:00:00+02:00,0.14835
2026-07-04T03:15:00+02:00,0.149213
2026-07-04T03:30:00+02:00,0.149213
2026-07-04T03:45:00+02:00,0.15042
2026-07-04T04:00:00+02:00,0.149903
2026-07-04T04:15:00+02:00,0.14904
2026-07-04T04:30:00+02:00,0.149903
2026-07-04T04:45:00+02:00,0.148523
2026-07-04T05:00:00+02:00,0.14904
2026-07-04T05:15:00+02:00,0.150765
2026-07-04T05:30:00+02:00,0.148868
2026-07-04T05:45:00+02:00,0.145417
2026-07-04T06:00:00+02:00,0.148005
2026-07-04T06:15:00+02:00,0.150075
2026-07-04T06:30:00+02:00,0.150075
2026-07-04T06:45:00+02:00,0.14766
2026-07-04T07:00:00+02:00,0.149385
2026-07-04T07:15:00+02:00,0.149558
2026-07-04T07:30:00+02:00,0.14835
2026-07-04T07:45:00+02:00,0.150765
2026-07-04T08:00:00+02:00,0.149385
2026-07-04T08:15:00+02:00,0.1518
2026-07-04T08:30:00+02:00,0.15111
2026-07-04T08:45:00+02:00,0.15111
2026-07-04T09:00:00+02:00,0.150248
2026-07-04T09:15:00+02:00,0.14904
2026-07-04T09:30:00+02:00,0.148868
2026-07-04T09:45:00+02:00,0.147143
2026-07-04T10:00:00+02:00,0.14835
2026-07-04T10:15:00+02:00,0.148868
2026-07-04T10:30:00+02:00,0.149385
2026-07-04T10:45:00+02:00,0.14697
2026-07-04T11:00:00+02:00,0.146798
2026-07-04T11:15:00+02:00,0.14904
2026-07-04T11:30:00+02:00,0.148868
2026-07-04T11:45:00+02:00,0.149385
2026-07-04T12:00:00+02:00,0.150248
2026-07-04T12:15:00+02:00,0.149903
2026-07-04T12:30:00+02:00,0.149213
2026-07-04T12:45:00+02:00,0.149558
2026-07-04T13:00:00+02:00,0.149558
2026-07-04T13:15:00+02:00,0.148868
2026-07-04T13:30:00+02:00,0.147315
2026-07-04T13:45:00+02:00,0.147488
2026-07-04T14:00:00+02:00,0.145245
2026-07-04T14:15:00+02:00,0.14697
2026-07-04T14:30:00+02:00,0.145763
2026-07-04T14:45:00+02:00,0.148178
2026-07-04T15:00:00+02:00,0.148868
2026-07-04T15:15:00+02:00,0.15042
2026-07-04T15:30:00+02:00,0.14973
2026-07-04T15:45:00+02:00,0.148695
2026-07-04T16:00:00+02:00,0.14835
2026-07-04T16:15:00+02:00,0.149644
2026-07-04T16:30:00+02:00,0.15042
2026-07-04T16:45:00+02:00,0.150765
2026-07-04T17:00:00+02:00,0.150938
2026-07-04T17:15:00+02:00,0.150248
2026-07-04T17:30:00+02:00,0.15111
2026-07-04T17:45:00+02:00,0.1518
2026-07-04T18:00:00+02:00,0.150593
2026-07-04T18:15:00+02:00,0.150765
2026-07-04T18:30:00+02:00,0.152318
2026-07-04T18:45:00+02:00,0.152404
2026-07-04T19:00:00+02:00,0.151283
2026-07-04T19:15:00+02:00,0.151455
2026-07-04T19:30:00+02:00,0.152318
2026-07-04T19:45:00+02:00,0.152318
2026-07-04T20:00:00+02:00,0.151455
2026-07-04T20:15:00+02:00,0.1518
2026-07-04T20:30:00+02:00,0.151973
2026-07-04T20:45:00+02:00,0.151455
2026-07-04T21:00:00+02:00,0.152404
2026-07-04T21:15:00+02:00,0.151973
2026-07-04T21:30:00+02:00,0.151628
2026-07-04T21:45:00+02:00,0.149558
2026-07-04T22:00:00+02:00,0.150593
2026-07-04T22:15:00+02:00,0.150248
2026-07-04T22:30:00+02:00,0.150593
2026-07-04T22:45:00+02:00,0.15042
2026-07-04T23:00:00+02:00,0.151628
2026-07-04T23:15:00+02:00,0.150938
2026-07-04T23:30:00+02:00,0.148005
2026-07-04T23:45:00+02:00,0.149903
2026-07-05T00:00:00+02:00,0.150938
2026-07-05T00:15:00+02:00,0.14973
2026-07-05T00:30:00+02:00,0.15111
2026-07-05T00:45:00+02:00,0.151283
2026-07-05T01:00:00+02:00,0.149558
2026-07-05T01:15:00+02:00,0.150938
2026-07-05T01:30:00+02:00,0.150765
2026-07-05T01:45:00+02:00,0.150075
2026-07-05T02:00:00+02:00,0.148954
2026-07-05T02:15:00+02:00,0.148695
2026-07-05T02:30:00+02:00,0.149213
2026-07-05T02:45:00+02:00,0.149213
2026-07-05T03:00:00+02:00,0.146625
2026-07-05T03:15:00+02:00,0.14766
2026-07-05T03:30:00+02:00,0.150248
2026-07-05T03:45:00+02:00,0.149213
2026-07-05T04:00:00+02:00,0.149903
2026-07-05T04:15:00+02:00,0.149558
2026-07-05T04:30:00+02:00,0.149558
2026-07-05T04:45:00+02:00,0.150075
2026-07-05T05:00:00+02:00,0.150765
2026-07-05T05:15:00+02:00,0.14973
2026-07-05T05:30:00+02:00,0.147833
2026-07-05T05:45:00+02:00,0.148523
2026-07-05T06:00:00+02:00,0.150075
2026-07-05T06:15:00+02:00,0.150248
2026-07-05T06:30:00+02:00,0.149385
2026-07-05T06:45:00+02:00,0.148695
2026-07-05T07:00:00+02:00,0.148609
2026-07-05T07:15:00+02:00,0.149213
2026-07-05T07:30:00+02:00,0.148695
2026-07-05T07:45:00+02:00,0.14904
2026-07-05T08:00:00+02:00,0.14835
2026-07-05T08:15:00+02:00,0.148523
2026-07-05T08:30:00+02:00,0.14697
2026-07-05T08:45:00+02:00,0.145935
2026-07-05T09:00:00+02:00,0.147143
2026-07-05T09:15:00+02:00,0.147315
2026-07-05T09:30:00+02:00,0.147488
2026-07-05T09:45:00+02:00,0.14904
2026-07-05T10:00:00+02:00,0.148178
2026-07-05T10:15:00+02:00,0.14766
2026-07-05T10:30:00+02:00,0.148005
2026-07-05T10:45:00+02:00,0.147488
2026-07-05T11:00:00+02:00,0.147143
2026-07-05T11:15:00+02:00,0.14697
2026-07-05T11:30:00+02:00,0.14835
2026-07-05T11:45:00+02:00,0.146625
2026-07-05T12:00:00+02:00,0.148523
2026-07-05T12:15:00+02:00,0.148609
2026-07-05T12:30:00+02:00,0.14697
2026-07-05T12:45:00+02:00,0.147143
2026-07-05T13:00:00+02:00,0.147315
2026-07-05T13:15:00+02:00,0.145935
2026-07-05T13:30:00+02:00,0.146453
2026-07-05T13:45:00+02:00,0.14697
2026-07-05T14:00:00+02:00,0.145072
2026-07-05T14:15:00+02:00,0.145245
2026-07-05T14:30:00+02:00,0.146798
2026-07-05T14:45:00+02:00,0.148091
2026-07-05T15:00:00+02:00,0.147315
2026-07-05T15:15:00+02:00,0.14628
2026-07-05T15:30:00+02:00,0.144728
2026-07-05T15:45:00+02:00,0.14628
2026-07-05T16:00:00+02:00,0.14559
2026-07-05T16:15:00+02:00,0.14421
2026-07-05T16:30:00+02:00,0.1449
2026-07-05T16:45:00+02:00,0.14766
2026-07-05T17:00:00+02:00,0.146625
2026-07-05T17:15:00+02:00,0.14559
2026-07-05T17:30:00+02:00,0.147488
2026-07-05T17:45:00+02:00,0.14697
2026-07-05T18:00:00+02:00,0.149385
2026-07-05T18:15:00+02:00,0.147833
2026-07-05T18:30:00+02:00,0.147488
2026-07-05T18:45:00+02:00,0.147315
2026-07-05T19:00:00+02:00,0.148695
2026-07-05T19:15:00+02:00,0.145935
2026-07-05T19:30:00+02:00,0.145763
2026-07-05T19:45:00+02:00,0.150248
2026-07-05T20:00:00+02:00,0.14973
2026-07-05T20:15:00+02:00,0.149213
2026-07-05T20:30:00+02:00,0.150248
2026-07-05T20:45:00+02:00,0.14973
2026-07-05T21:00:00+02:00,0.150248
2026-07-05T21:15:00+02:00,0.15042
2026-07-05T21:30:00+02:00,0.14973
2026-07-05T21:45:00+02:00,0.14835
2026-07-05T22:00:00+02:00,0.153008
2026-07-05T22:15:00+02:00,0.20838
2026-07-05T22:30:00+02:00,0.247969
2026-07-05T22:45:00+02:00,0.2208
2026-07-05T23:00:00+02:00,0.235376
2026-07-05T23:15:00+02:00,0.261855
2026-07-05T23:30:00+02:00,0.206828
2026-07-05T23:45:00+02:00,0.206914
2026-07-06T00:00:00+02:00,0.242708
2026-07-06T00:15:00+02:00,0.22494
2026-07-06T00:30:00+02:00,0.194235
2026-07-06T00:45:00+02:00,0.214417
2026-07-06T01:00:00+02:00,0.229684
2026-07-06T01:15:00+02:00,0.237188
2026-07-06T01:30:00+02:00,0.21873
2026-07-06T01:45:00+02:00,0.23184
2026-07-06T02:00:00+02:00,0.246503
2026-07-06T02:15:00+02:00,0.232702
2026-07-06T02:30:00+02:00,0.245899
2026-07-06T02:45:00+02:00,0.226665
2026-07-06T03:00:00+02:00,0.220886
2026-07-06T03:15:00+02:00,0.203378
2026-07-06T03:30:00+02:00,0.201653
2026-07-06T03:45:00+02:00,0.216488
2026-07-06T04:00:00+02:00,0.217781
2026-07-06T04:15:00+02:00,0.23253
2026-07-06T04:30:00+02:00,0.235118
2026-07-06T04:45:00+02:00,0.219161
2026-07-06T05:00:00+02:00,0.208725
2026-07-06T05:15:00+02:00,0.173708
2026-07-06T05:30:00+02:00,0.15042
2026-07-06T05:45:00+02:00,0.150248
2026-07-06T06:00:00+02:00,0.150593
2026-07-06T06:15:00+02:00,0.149644
2026-07-06T06:30:00+02:00,0.15042
2026-07-06T06:45:00+02:00,0.147488
2026-07-06T07:00:00+02:00,0.14697
2026-07-06T07:15:00+02:00,0.148868
2026-07-06T07:30:00+02:00,0.14835
2026-07-06T07:45:00+02:00,0.149213
2026-07-06T08:00:00+02:00,0.148868
2026-07-06T08:15:00+02:00,0.14973
2026-07-06T08:30:00+02:00,0.14835
2026-07-06T08:45:00+02:00,0.14559
2026-07-06T09:00:00+02:00,0.14973
2026-07-06T09:15:00+02:00,0.149213
2026-07-06T09:30:00+02:00,0.14973
2026-07-06T09:45:00+02:00,0.14835
2026-07-06T10:00:00+02:00,0.14973
2026-07-06T10:15:00+02:00,0.147833
2026-07-06T10:30:00+02:00,0.149385
2026-07-06T10:45:00+02:00,0.150248
2026-07-06T11:00:00+02:00,0.150248
2026-07-06T11:15:00+02:00,0.149213
2026-07-06T11:30:00+02:00,0.150075
2026-07-06T11:45:00+02:00,0.149385
2026-07-06T12:00:00+02:00,0.147488
2026-07-06T12:15:00+02:00,0.145763
2026-07-06T12:30:00+02:00,0.14835
2026-07-06T12:45:00+02:00,0.14766
2026-07-06T13:00:00+02:00,0.14835
2026-07-06T13:15:00+02:00,0.149644
2026-07-06T13:30:00+02:00,0.149213
2026-07-06T13:45:00+02:00,0.150075
2026-07-06T14:00:00+02:00,0.170085
2026-07-06T14:15:00+02:00,0.21183
2026-07-06T14:30:00+02:00,0.196736
2026-07-06T14:45:00+02:00,0.1518
2026-07-06T15:00:00+02:00,0.214245
2026-07-06T15:15:00+02:00,0.198375
2026-07-06T15:30:00+02:00,0.236239
2026-07-06T15:45:00+02:00,0.23046
2026-07-06T16:00:00+02:00,0.23184
2026-07-06T16:15:00+02:00,0.172155
2026-07-06T16:30:00+02:00,0.24702
2026-07-06T16:45:00+02:00,0.239775
2026-07-06T17:00:00+02:00,0.23115
2026-07-06T17:15:00+02:00,0.24219
2026-07-06T17:30:00+02:00,0.255473
2026-07-06T17:45:00+02:00,0.196305
2026-07-06T18:00:00+02:00,0.151455
2026-07-06T18:15:00+02:00,0.183713
2026-07-06T18:30:00+02:00,0.143175
2026-07-06T18:45:00+02:00,0.159908
2026-07-06T19:00:00+02:00,0.163616
2026-07-06T19:15:00+02:00,0.176468
2026-07-06T19:30:00+02:00,0.173708
2026-07-06T19:45:00+02:00,0.267202
2026-07-06T20:00:00+02:00,0.240292
2026-07-06T20:15:00+02:00,0.220283
2026-07-06T20:30:00+02:00,0.24978
2026-07-06T20:45:00+02:00,0.194063
2026-07-06T21:00:00+02:00,0.23391
2026-07-06T21:15:00+02:00,0.2484
2026-07-06T21:30:00+02:00,0.15387
2026-07-06T21:45:00+02:00,0.150248
2026-07-06T22:00:00+02:00,0.150938
2026-07-06T22:15:00+02:00,0.150075
2026-07-06T22:30:00+02:00,0.15111
2026-07-06T22:45:00+02:00,0.15042
2026-07-06T23:00:00+02:00,0.151196
2026-07-06T23:15:00+02:00,0.15249
2026-07-06T23:30:00+02:00,0.150593
2026-07-06T23:45:00+02:00,0.152145
2026-07-07T00:00:00+02:00,0.151628
2026-07-07T00:15:00+02:00,0.150248
2026-07-07T00:30:00+02:00,0.151628
2026-07-07T00:45:00+02:00,0.148005
2026-07-07T01:00:00+02:00,0.150248
2026-07-07T01:15:00+02:00,0.14973
2026-07-07T01:30:00+02:00,0.150248
2026-07-07T01:45:00+02:00,0.148178
2026-07-07T02:00:00+02:00,0.148523
2026-07-07T02:15:00+02:00,0.148868
2026-07-07T02:30:00+02:00,0.149385
2026-07-07T02:45:00+02:00,0.148695
2026-07-07T03:00:00+02:00,0.150075
2026-07-07T03:15:00+02:00,0.149558
2026-07-07T03:30:00+02:00,0.14904
2026-07-07T03:45:00+02:00,0.14904
2026-07-07T04:00:00+02:00,0.149903
2026-07-07T04:15:00+02:00,0.14766
2026-07-07T04:30:00+02:00,0.148695
2026-07-07T04:45:00+02:00,0.149558
2026-07-07T05:00:00+02:00,0.15042
2026-07-07T05:15:00+02:00,0.150248
2026-07-07T05:30:00+02:00,0.15111
2026-07-07T05:45:00+02:00,0.149558
2026-07-07T06:00:00+02:00,0.150938
2026-07-07T06:15:00+02:00,0.15042
2026-07-07T06:30:00+02:00,0.150593
2026-07-07T06:45:00+02:00,0.150593
2026-07-07T07:00:00+02:00,0.151283
2026-07-07T07:15:00+02:00,0.14973
2026-07-07T07:30:00+02:00,0.150248
2026-07-07T07:45:00+02:00,0.149385
2026-07-07T08:00:00+02:00,0.155077
2026-07-07T08:15:00+02:00,0.150765
2026-07-07T08:30:00+02:00,0.151196
2026-07-07T08:45:00+02:00,0.151973
2026-07-07T09:00:00+02:00,0.150593
2026-07-07T09:15:00+02:00,0.15111
2026-07-07T09:30:00+02:00,0.152318
2026-07-07T09:45:00+02:00,0.151455
2026-07-07T10:00:00+02:00,0.150938
2026-07-07T10:15:00+02:00,0.149903
2026-07-07T10:30:00+02:00,0.150593
2026-07-07T10:45:00+02:00,0.149903
2026-07-07T11:00:00+02:00,0.150765
2026-07-07T11:15:00+02:00,0.148868
2026-07-07T11:30:00+02:00,0.150938
2026-07-07T11:45:00+02:00,0.148868
2026-07-07T12:00:00+02:00,0.148695
2026-07-07T12:15:00+02:00,0.150075
2026-07-07T12:30:00+02:00,0.150593
2026-07-07T12:45:00+02:00,0.148005
2026-07-07T13:00:00+02:00,0.14904
2026-07-07T13:15:00+02:00,0.150248
2026-07-07T13:30:00+02:00,0.148695
2026-07-07T13:45:00+02:00,0.149558
2026-07-07T14:00:00+02:00,0.213728
2026-07-07T14:15:00+02:00,0.263494
2026-07-07T14:30:00+02:00,0.22011
2026-07-07T14:45:00+02:00,0.242621
2026-07-07T15:00:00+02:00,0.250298
2026-07-07T15:15:00+02:00,0.240206
2026-07-07T15:30:00+02:00,0.1794
2026-07-07T15:45:00+02:00,0.202688
2026-07-07T16:00:00+02:00,0.239344
2026-07-07T16:15:00+02:00,0.183713
2026-07-07T16:30:00+02:00,0.243743
2026-07-07T16:45:00+02:00,0.24357
2026-07-07T17:00:00+02:00,0.223732
2026-07-07T17:15:00+02:00,0.21114
2026-07-07T17:30:00+02:00,0.230978
2026-07-07T17:45:00+02:00,0.257111
2026-07-07T18:00:00+02:00,0.152835
2026-07-07T18:15:00+02:00,0.151283
2026-07-07T18:30:00+02:00,0.239344
2026-07-07T18:45:00+02:00,0.23736
2026-07-07T19:00:00+02:00,0.240292
2026-07-07T19:15:00+02:00,0.224423
2026-07-07T19:30:00+02:00,0.245554
2026-07-07T19:45:00+02:00,0.218385
2026-07-07T20:00:00+02:00,0.180608
2026-07-07T20:15:00+02:00,0.15111
2026-07-07T20:30:00+02:00,0.194925
2026-07-07T20:45:00+02:00,0.221145
2026-07-07T21:00:00+02:00,0.15939
2026-07-07T21:15:00+02:00,0.255645
2026-07-07T21:30:00+02:00,0.163013
2026-07-07T21:45:00+02:00,0.144727
2026-07-07T22:00:00+02:00,0.215194
2026-07-07T22:15:00+02:00,0.218903
2026-07-07T22:30:00+02:00,0.198203
2026-07-07T22:45:00+02:00,0.208897
2026-07-07T23:00:00+02:00,0.232875
2026-07-07T23:15:00+02:00,0.2139
2026-07-07T23:30:00+02:00,0.20976
2026-07-07T23:45:00+02:00,0.216833
2026-07-08T00:00:00+02:00,0.197685
2026-07-08T00:15:00+02:00,0.223215
2026-07-08T00:30:00+02:00,0.206483
2026-07-08T00:45:00+02:00,0.191993
2026-07-08T01:00:00+02:00,0.23529
2026-07-08T01:15:00+02:00,0.228476
2026-07-08T01:30:00+02:00,0.216315
2026-07-08T01:45:00+02:00,0.224768
2026-07-08T02:00:00+02:00,0.21735
2026-07-08T02:15:00+02:00,0.218385
2026-07-08T02:30:00+02:00,0.225458
2026-07-08T02:45:00+02:00,0.208898
2026-07-08T03:00:00+02:00,0.202342
2026-07-08T03:15:00+02:00,0.217264
2026-07-08T03:30:00+02:00,0.224423
2026-07-08T03:45:00+02:00,0.176813
2026-07-08T04:00:00+02:00,0.229252
2026-07-08T04:15:00+02:00,0.238567
2026-07-08T04:30:00+02:00,0.218471
2026-07-08T04:45:00+02:00,0.23736
2026-07-08T05:00:00+02:00,0.231323
2026-07-08T05:15:00+02:00,0.228735
2026-07-08T05:30:00+02:00,0.178538
2026-07-08T05:45:00+02:00,0.148178
2026-07-08T06:00:00+02:00,0.149213
2026-07-08T06:15:00+02:00,0.150248
2026-07-08T06:30:00+02:00,0.149385
2026-07-08T06:45:00+02:00,0.148178
2026-07-08T07:00:00+02:00,0.14904
2026-07-08T07:15:00+02:00,0.14973
2026-07-08T07:30:00+02:00,0.149385
2026-07-08T07:45:00+02:00,0.148868
2026-07-08T08:00:00+02:00,0.146453
2026-07-08T08:15:00+02:00,0.147833
2026-07-08T08:30:00+02:00,0.148523
2026-07-08T08:45:00+02:00,0.14973
2026-07-08T09:00:00+02:00,0.154905
2026-07-08T09:15:00+02:00,0.150161
2026-07-08T09:30:00+02:00,0.150765
2026-07-08T09:45:00+02:00,0.15111
2026-07-08T10:00:00+02:00,0.150593
2026-07-08T10:15:00+02:00,0.150075
2026-07-08T10:30:00+02:00,0.149903
2026-07-08T10:45:00+02:00,0.151628
2026-07-08T11:00:00+02:00,0.15042
2026-07-08T11:15:00+02:00,0.151283
2026-07-08T11:30:00+02:00,0.150161
2026-07-08T11:45:00+02:00,0.150765
2026-07-08T12:00:00+02:00,0.14973
2026-07-08T12:15:00+02:00,0.149903
2026-07-08T12:30:00+02:00,0.164048
2026-07-08T12:45:00+02:00,0.163358
2026-07-08T13:00:00+02:00,0.151283
2026-07-08T13:15:00+02:00,0.15111
2026-07-08T13:30:00+02:00,0.151628
2026-07-08T13:45:00+02:00,0.150334
2026-07-08T14:00:00+02:00,0.165773
2026-07-08T14:15:00+02:00,0.197858
2026-07-08T14:30:00+02:00,0.215798
2026-07-08T14:45:00+02:00,0.225026
2026-07-08T15:00:00+02:00,0.16284
2026-07-08T15:15:00+02:00,0.200963
2026-07-08T15:30:00+02:00,0.210968
2026-07-08T15:45:00+02:00,0.207949
2026-07-08T16:00:00+02:00,0.15042
2026-07-08T16:15:00+02:00,0.223905
2026-07-08T16:30:00+02:00,0.22908
2026-07-08T16:45:00+02:00,0.211313
2026-07-08T17:00:00+02:00,0.204068
2026-07-08T17:15:00+02:00,0.214159
2026-07-08T17:30:00+02:00,0.150248
2026-07-08T17:45:00+02:00,0.150075
2026-07-08T18:00:00+02:00,0.17457
2026-07-08T18:15:00+02:00,0.24357
2026-07-08T18:30:00+02:00,0.23115
2026-07-08T18:45:00+02:00,0.22839
2026-07-08T19:00:00+02:00,0.171982
2026-07-08T19:15:00+02:00,0.218903
2026-07-08T19:30:00+02:00,0.208121
2026-07-08T19:45:00+02:00,0.21735
2026-07-08T20:00:00+02:00,0.211313
2026-07-08T20:15:00+02:00,0.196132
2026-07-08T20:30:00+02:00,0.223733
2026-07-08T20:45:00+02:00,0.247624
2026-07-08T21:00:00+02:00,0.243398
2026-07-08T21:15:00+02:00,0.226838
2026-07-08T21:30:00+02:00,0.210968
2026-07-08T21:45:00+02:00,0.172845
2026-07-08T22:00:00+02:00,0.174225
2026-07-08T22:15:00+02:00,0.224078
2026-07-08T22:30:00+02:00,0.21528
2026-07-08T22:45:00+02:00,0.229942
2026-07-08T23:00:00+02:00,0.220628
2026-07-08T23:15:00+02:00,0.21459
2026-07-08T23:30:00+02:00,0.221576
2026-07-08T23:45:00+02:00,0.218989
2026-07-09T00:00:00+02:00,0.23943
2026-07-09T00:15:00+02:00,0.231667
2026-07-09T00:30:00+02:00,0.205793
2026-07-09T00:45:00+02:00,0.242362
2026-07-09T01:00:00+02:00,0.221318
2026-07-09T01:15:00+02:00,0.221835
2026-07-09T01:30:00+02:00,0.222698
2026-07-09T01:45:00+02:00,0.209933
2026-07-09T02:00:00+02:00,0.173535
2026-07-09T02:15:00+02:00,0.212175
2026-07-09T02:30:00+02:00,0.221145
2026-07-09T02:45:00+02:00,0.237878
2026-07-09T03:00:00+02:00,0.224768
2026-07-09T03:15:00+02:00,0.198375
2026-07-09T03:30:00+02:00,0.197685
2026-07-09T03:45:00+02:00,0.226493
2026-07-09T04:00:00+02:00,0.241931
2026-07-09T04:15:00+02:00,0.22908
2026-07-09T04:30:00+02:00,0.219247
2026-07-09T04:45:00+02:00,0.21321
2026-07-09T05:00:00+02:00,0.23184
2026-07-09T05:15:00+02:00,0.216143
2026-07-09T05:30:00+02:00,0.168015
2026-07-09T05:45:00+02:00,0.14904
2026-07-09T06:00:00+02:00,0.148695
2026-07-09T06:15:00+02:00,0.150248
2026-07-09T06:30:00+02:00,0.1518
2026-07-09T06:45:00+02:00,0.150075
2026-07-09T07:00:00+02:00,0.148436
2026-07-09T07:15:00+02:00,0.14766
2026-07-09T07:30:00+02:00,0.14697
2026-07-09T07:45:00+02:00,0.14766
2026-07-09T08:00:00+02:00,0.145935
2026-07-09T08:15:00+02:00,0.145763
2026-07-09T08:30:00+02:00,0.148178
2026-07-09T08:45:00+02:00,0.14766
2026-07-09T09:00:00+02:00,0.150075
2026-07-09T09:15:00+02:00,0.14835
2026-07-09T09:30:00+02:00,0.149558
2026-07-09T09:45:00+02:00,0.149385
2026-07-09T10:00:00+02:00,0.148695
2026-07-09T10:15:00+02:00,0.14973
2026-07-09T10:30:00+02:00,0.15042
2026-07-09T10:45:00+02:00,0.150593
2026-07-09T11:00:00+02:00,0.14904
2026-07-09T11:15:00+02:00,0.148178
2026-07-09T11:30:00+02:00,0.149385
2026-07-09T11:45:00+02:00,0.150765
2026-07-09T12:00:00+02:00,0.14904
2026-07-09T12:15:00+02:00,0.148695
2026-07-09T12:30:00+02:00,0.149213
2026-07-09T12:45:00+02:00,0.150075
2026-07-09T13:00:00+02:00,0.150248
2026-07-09T13:15:00+02:00,0.149385
2026-07-09T13:30:00+02:00,0.148005
2026-07-09T13:45:00+02:00,0.14835
2026-07-09T14:00:00+02:00,0.184748
2026-07-09T14:15:00+02:00,0.207
2026-07-09T14:30:00+02:00,0.219247
2026-07-09T14:45:00+02:00,0.219679
2026-07-09T15:00:00+02:00,0.198203
2026-07-09T15:15:00+02:00,0.215625
2026-07-09T15:30:00+02:00,0.217091
2026-07-09T15:45:00+02:00,0.208725
2026-07-09T16:00:00+02:00,0.225457
2026-07-09T16:15:00+02:00,0.202256
2026-07-09T16:30:00+02:00,0.217005
2026-07-09T16:45:00+02:00,0.226493
2026-07-09T17:00:00+02:00,0.24081
2026-07-09T17:15:00+02:00,0.216833
2026-07-09T17:30:00+02:00,0.23322
2026-07-09T17:45:00+02:00,0.221835
2026-07-09T18:00:00+02:00,0.158183
2026-07-09T18:15:00+02:00,0.217005
2026-07-09T18:30:00+02:00,0.186904
2026-07-09T18:45:00+02:00,0.216143
2026-07-09T19:00:00+02:00,0.196995
2026-07-09T19:15:00+02:00,0.148868
2026-07-09T19:30:00+02:00,0.173104
2026-07-09T19:45:00+02:00,0.1863
2026-07-09T20:00:00+02:00,0.151283
2026-07-09T20:15:00+02:00,0.228735
2026-07-09T20:30:00+02:00,0.227528
2026-07-09T20:45:00+02:00,0.2415
2026-07-09T21:00:00+02:00,0.220455
2026-07-09T21:15:00+02:00,0.218558
2026-07-09T21:30:00+02:00,0.217868
2026-07-09T21:45:00+02:00,0.165083
2026-07-09T22:00:00+02:00,0.19389
2026-07-09T22:15:00+02:00,0.20907
2026-07-09T22:30:00+02:00,0.210191
2026-07-09T22:45:00+02:00,0.246848
2026-07-09T23:00:00+02:00,0.215107
2026-07-09T23:15:00+02:00,0.231064
2026-07-09T23:30:00+02:00,0.213038
2026-07-09T23:45:00+02:00,0.208035
2026-07-10T00:00:00+02:00,0.22425
2026-07-10T00:15:00+02:00,0.223215
2026-07-10T00:30:00+02:00,0.215453
2026-07-10T00:45:00+02:00,0.176554
2026-07-10T01:00:00+02:00,0.223215
2026-07-10T01:15:00+02:00,0.221835
2026-07-10T01:30:00+02:00,0.241673
2026-07-10T01:45:00+02:00,0.241155
2026-07-10T02:00:00+02:00,0.229943
2026-07-10T02:15:00+02:00,0.226061
2026-07-10T02:30:00+02:00,0.231322
2026-07-10T02:45:00+02:00,0.229425
2026-07-10T03:00:00+02:00,0.24288
2026-07-10T03:15:00+02:00,0.215453
2026-07-10T03:30:00+02:00,0.22425
2026-07-10T03:45:00+02:00,0.223905
2026-07-10T04:00:00+02:00,0.170948
2026-07-10T04:15:00+02:00,0.210795
2026-07-10T04:30:00+02:00,0.216143
2026-07-10T04:45:00+02:00,0.225803
2026-07-10T05:00:00+02:00,0.225285
2026-07-10T05:15:00+02:00,0.21804
2026-07-10T05:30:00+02:00,0.190613
2026-07-10T05:45:00+02:00,0.147833
2026-07-10T06:00:00+02:00,0.148523
2026-07-10T06:15:00+02:00,0.150765
2026-07-10T06:30:00+02:00,0.14973
2026-07-10T06:45:00+02:00,0.149385
2026-07-10T07:00:00+02:00,0.150765
2026-07-10T07:15:00+02:00,0.150075
2026-07-10T07:30:00+02:00,0.150075
2026-07-10T07:45:00+02:00,0.150248
2026-07-10T08:00:00+02:00,0.150593
2026-07-10T08:15:00+02:00,0.149213
2026-07-10T08:30:00+02:00,0.14973
2026-07-10T08:45:00+02:00,0.14973
2026-07-10T09:00:00+02:00,0.150248
2026-07-10T09:15:00+02:00,0.150075
2026-07-10T09:30:00+02:00,0.149558
2026-07-10T09:45:00+02:00,0.14973
2026-07-10T10:00:00+02:00,0.149385
2026-07-10T10:15:00+02:00,0.151369
2026-07-10T10:30:00+02:00,0.14835
2026-07-10T10:45:00+02:00,0.149385
2026-07-10T11:00:00+02:00,0.156803
2026-07-10T11:15:00+02:00,0.153353
2026-07-10T11:30:00+02:00,0.15318
2026-07-10T11:45:00+02:00,0.164134
2026-07-10T12:00:00+02:00,0.161805
2026-07-10T12:15:00+02:00,0.163358
2026-07-10T12:30:00+02:00,0.166463
2026-07-10T12:45:00+02:00,0.157493
2026-07-10T13:00:00+02:00,0.160684
2026-07-10T13:15:00+02:00,0.1587
2026-07-10T13:30:00+02:00,0.163013
2026-07-10T13:45:00+02:00,0.165255
2026-07-10T14:00:00+02:00,0.15732
2026-07-10T14:15:00+02:00,0.196478
2026-07-10T14:30:00+02:00,0.193028
2026-07-10T14:45:00+02:00,0.241845
2026-07-10T15:00:00+02:00,0.244088
2026-07-10T15:15:00+02:00,0.210623
2026-07-10T15:30:00+02:00,0.239344
2026-07-10T15:45:00+02:00,0.236325
2026-07-10T16:00:00+02:00,0.208553
2026-07-10T16:15:00+02:00,0.221404
2026-07-10T16:30:00+02:00,0.239258
2026-07-10T16:45:00+02:00,0.255128
2026-07-10T17:00:00+02:00,0.178193
2026-07-10T17:15:00+02:00,0.240983
2026-07-10T17:30:00+02:00,0.168274
2026-07-10T17:45:00+02:00,0.04485
2026-07-10T18:00:00+02:00,0.046403
2026-07-10T18:15:00+02:00,0.159217
2026-07-10T18:30:00+02:00,0.167325
2026-07-10T18:45:00+02:00,0.164565
2026-07-10T19:00:00+02:00,0.176036
2026-07-10T19:15:00+02:00,0.150075
2026-07-10T19:30:00+02:00,0.152318
2026-07-10T19:45:00+02:00,0.152835
2026-07-10T20:00:00+02:00,0.152145
2026-07-10T20:15:00+02:00,0.152835
2026-07-10T20:30:00+02:00,0.15249
2026-07-10T20:45:00+02:00,0.15249
2026-07-10T21:00:00+02:00,0.152145
2026-07-10T21:15:00+02:00,0.15111
2026-07-10T21:30:00+02:00,0.150248
2026-07-10T21:45:00+02:00,0.149385
2026-07-10T22:00:00+02:00,0.15042
2026-07-10T22:15:00+02:00,0.150075
2026-07-10T22:30:00+02:00,0.149558
2026-07-10T22:45:00+02:00,0.150248
2026-07-10T23:00:00+02:00,0.149903
2026-07-10T23:15:00+02:00,0.150248
2026-07-10T23:30:00+02:00,0.14904
2026-07-10T23:45:00+02:00,0.149213
2026-07-11T00:00:00+02:00,0.149558
2026-07-11T00:15:00+02:00,0.14904
2026-07-11T00:30:00+02:00,0.146108
2026-07-11T00:45:00+02:00,0.147315
2026-07-11T01:00:00+02:00,0.14835
2026-07-11T01:15:00+02:00,0.148005
2026-07-11T01:30:00+02:00,0.14904
2026-07-11T01:45:00+02:00,0.151628
2026-07-11T02:00:00+02:00,0.152318
2026-07-11T02:15:00+02:00,0.14973
2026-07-11T02:30:00+02:00,0.149213
2026-07-11T02:45:00+02:00,0.148523
2026-07-11T03:00:00+02:00,0.148954
2026-07-11T03:15:00+02:00,0.151455
2026-07-11T03:30:00+02:00,0.15042
2026-07-11T03:45:00+02:00,0.150075
2026-07-11T04:00:00+02:00,0.148695
2026-07-11T04:15:00+02:00,0.147833
2026-07-11T04:30:00+02:00,0.14835
2026-07-11T04:45:00+02:00,0.150075
2026-07-11T05:00:00+02:00,0.149385
2026-07-11T05:15:00+02:00,0.14904
2026-07-11T05:30:00+02:00,0.147746
2026-07-11T05:45:00+02:00,0.147488
2026-07-11T06:00:00+02:00,0.146625
2026-07-11T06:15:00+02:00,0.153353
2026-07-11T06:30:00+02:00,0.168188
2026-07-11T06:45:00+02:00,0.161288
2026-07-11T07:00:00+02:00,0.15249
2026-07-11T07:15:00+02:00,0.151628
2026-07-11T07:30:00+02:00,0.149558
2026-07-11T07:45:00+02:00,0.15042
2026-07-11T08:00:00+02:00,0.149385
2026-07-11T08:15:00+02:00,0.148868
2026-07-11T08:30:00+02:00,0.148091
2026-07-11T08:45:00+02:00,0.149213
2026-07-11T09:00:00+02:00,0.148523
2026-07-11T09:15:00+02:00,0.14766
2026-07-11T09:30:00+02:00,0.149385
2026-07-11T09:45:00+02:00,0.148005
2026-07-11T10:00:00+02:00,0.147919
2026-07-11T10:15:00+02:00,0.14697
2026-07-11T10:30:00+02:00,0.147315
2026-07-11T10:45:00+02:00,0.147833
2026-07-11T11:00:00+02:00,0.147488
2026-07-11T11:15:00+02:00,0.14697
2026-07-11T11:30:00+02:00,0.14697
2026-07-11T11:45:00+02:00,0.148868
2026-07-11T12:00:00+02:00,0.14904
2026-07-11T12:15:00+02:00,0.148523
2026-07-11T12:30:00+02:00,0.149471
2026-07-11T12:45:00+02:00,0.148005
2026-07-11T13:00:00+02:00,0.148868
2026-07-11T13:15:00+02:00,0.14904
2026-07-11T13:30:00+02:00,0.147488
2026-07-11T13:45:00+02:00,0.15111
2026-07-11T14:00:00+02:00,0.14904
2026-07-11T14:15:00+02:00,0.148695
2026-07-11T14:30:00+02:00,0.150593
2026-07-11T14:45:00+02:00,0.148868
2026-07-11T15:00:00+02:00,0.149213
2026-07-11T15:15:00+02:00,0.148695
2026-07-11T15:30:00+02:00,0.148178
2026-07-11T15:45:00+02:00,0.149385
2026-07-11T16:00:00+02:00,0.148523
2026-07-11T16:15:00+02:00,0.147143
2026-07-11T16:30:00+02:00,0.148005
2026-07-11T16:45:00+02:00,0.147574
2026-07-11T17:00:00+02:00,0.148005
2026-07-11T17:15:00+02:00,0.147315
2026-07-11T17:30:00+02:00,0.147056
2026-07-11T17:45:00+02:00,0.148695
2026-07-11T18:00:00+02:00,0.14904
2026-07-11T18:15:00+02:00,0.150851
2026-07-11T18:30:00+02:00,0.152318
2026-07-11T18:45:00+02:00,0.148695
2026-07-11T19:00:00+02:00,0.151455
2026-07-11T19:15:00+02:00,0.150938
2026-07-11T19:30:00+02:00,0.152145
2026-07-11T19:45:00+02:00,0.152835
2026-07-11T20:00:00+02:00,0.151973
2026-07-11T20:15:00+02:00,0.152835
2026-07-11T20:30:00+02:00,0.151628
2026-07-11T20:45:00+02:00,0.152663
2026-07-11T21:00:00+02:00,0.152318
2026-07-11T21:15:00+02:00,0.152318
2026-07-11T21:30:00+02:00,0.15042
2026-07-11T21:45:00+02:00,0.149903
2026-07-11T22:00:00+02:00,0.149903
2026-07-11T22:15:00+02:00,0.149299
2026-07-11T22:30:00+02:00,0.150593
2026-07-11T22:45:00+02:00,0.149558
2026-07-11T23:00:00+02:00,0.150593
2026-07-11T23:15:00+02:00,0.151973
2026-07-11T23:30:00+02:00,0.15249
2026-07-11T23:45:00+02:00,0.152145
2026-07-12T00:00:00+02:00,0.152145
2026-07-12T00:15:00+02:00,0.151628
2026-07-12T00:30:00+02:00,0.152318
2026-07-12T00:45:00+02:00,0.150506
2026-07-12T01:00:00+02:00,0.15249
2026-07-12T01:15:00+02:00,0.151628
2026-07-12T01:30:00+02:00,0.151455
2026-07-12T01:45:00+02:00,0.151024
2026-07-12T02:00:00+02:00,0.152145
2026-07-12T02:15:00+02:00,0.15111
2026-07-12T02:30:00+02:00,0.152318
2026-07-12T02:45:00+02:00,0.153266
2026-07-12T03:00:00+02:00,0.151628
2026-07-12T03:15:00+02:00,0.15318
2026-07-12T03:30:00+02:00,0.152663
2026-07-12T03:45:00+02:00,0.151541
2026-07-12T04:00:00+02:00,0.152663
2026-07-12T04:15:00+02:00,0.151455
2026-07-12T04:30:00+02:00,0.150593
2026-07-12T04:45:00+02:00,0.153094
2026-07-12T05:00:00+02:00,0.152835
2026-07-12T05:15:00+02:00,0.152663
2026-07-12T05:30:00+02:00,0.152318
2026-07-12T05:45:00+02:00,0.152145
2026-07-12T06:00:00+02:00,0.152145
2026-07-12T06:15:00+02:00,0.151283
2026-07-12T06:30:00+02:00,0.151283
2026-07-12T06:45:00+02:00,0.15111
2026-07-12T07:00:00+02:00,0.150938
2026-07-12T07:15:00+02:00,0.151196
2026-07-12T07:30:00+02:00,0.150938
2026-07-12T07:45:00+02:00,0.148005
2026-07-12T08:00:00+02:00,0.148523
2026-07-12T08:15:00+02:00,0.148178
2026-07-12T08:30:00+02:00,0.150075
2026-07-12T08:45:00+02:00,0.149903
2026-07-12T09:00:00+02:00,0.150593
2026-07-12T09:15:00+02:00,0.148695
2026-07-12T09:30:00+02:00,0.148005
2026-07-12T09:45:00+02:00,0.148178
2026-07-12T10:00:00+02:00,0.14835
2026-07-12T10:15:00+02:00,0.15042
2026-07-12T10:30:00+02:00,0.149385
2026-07-12T10:45:00+02:00,0.149213
2026-07-12T11:00:00+02:00,0.148695
2026-07-12T11:15:00+02:00,0.148005
2026-07-12T11:30:00+02:00,0.148523
2026-07-12T11:45:00+02:00,0.147833
2026-07-12T12:00:00+02:00,0.14904
2026-07-12T12:15:00+02:00,0.149558
2026-07-12T12:30:00+02:00,0.150248
2026-07-12T12:45:00+02:00,0.150248
2026-07-12T13:00:00+02:00,0.149213
2026-07-12T13:15:00+02:00,0.150248
2026-07-12T13:30:00+02:00,0.148868
2026-07-12T13:45:00+02:00,0.148523
2026-07-12T14:00:00+02:00,0.148695
2026-07-12T14:15:00+02:00,0.148178
2026-07-12T14:30:00+02:00,0.14766
2026-07-12T14:45:00+02:00,0.147143
2026-07-12T15:00:00+02:00,0.147143
2026-07-12T15:15:00+02:00,0.14766
2026-07-12T15:30:00+02:00,0.146798
2026-07-12T15:45:00+02:00,0.148523
2026-07-12T16:00:00+02:00,0.147488
2026-07-12T16:15:00+02:00,0.146625
2026-07-12T16:30:00+02:00,0.146625
2026-07-12T16:45:00+02:00,0.146108
2026-07-12T17:00:00+02:00,0.146798
2026-07-12T17:15:00+02:00,0.146453
2026-07-12T17:30:00+02:00,0.147488
2026-07-12T17:45:00+02:00,0.146798
2026-07-12T18:00:00+02:00,0.146625
2026-07-12T18:15:00+02:00,0.147488
2026-07-12T18:30:00+02:00,0.14766
2026-07-12T18:45:00+02:00,0.148695
2026-07-12T19:00:00+02:00,0.148609
2026-07-12T19:15:00+02:00,0.149213
2026-07-12T19:30:00+02:00,0.149558
2026-07-12T19:45:00+02:00,0.150075
2026-07-12T20:00:00+02:00,0.14973
2026-07-12T20:15:00+02:00,0.147315
2026-07-12T20:30:00+02:00,0.147833
2026-07-12T20:45:00+02:00,0.148005
2026-07-12T21:00:00+02:00,0.159218
2026-07-12T21:15:00+02:00,0.147833
2026-07-12T21:30:00+02:00,0.14766
2026-07-12T21:45:00+02:00,0.149213
2026-07-12T22:00:00+02:00,0.250901
2026-07-12T22:15:00+02:00,0.253058
2026-07-12T22:30:00+02:00,0.256421
2026-07-12T22:45:00+02:00,0.25944
2026-07-12T23:00:00+02:00,0.249435
2026-07-12T23:15:00+02:00,0.250729
2026-07-12T23:30:00+02:00,0.203895
2026-07-12T23:45:00+02:00,0.191475
2026-07-13T00:00:00+02:00,0.209933
2026-07-13T00:15:00+02:00,0.26151
2026-07-13T00:30:00+02:00,0.238223
2026-07-13T00:45:00+02:00,0.245295
2026-07-13T01:00:00+02:00,0.241759
2026-07-13T01:15:00+02:00,0.261165
2026-07-13T01:30:00+02:00,0.246158
2026-07-13T01:45:00+02:00,0.166463
2026-07-13T02:00:00+02:00,0.244605
2026-07-13T02:15:00+02:00,0.250297
2026-07-13T02:30:00+02:00,0.183713
2026-07-13T02:45:00+02:00,0.150248
2026-07-13T03:00:00+02:00,0.150593
2026-07-13T03:15:00+02:00,0.151628
2026-07-13T03:30:00+02:00,0.150248
2026-07-13T03:45:00+02:00,0.151628
2026-07-13T04:00:00+02:00,0.15111
2026-07-13T04:15:00+02:00,0.150765
2026-07-13T04:30:00+02:00,0.150938
2026-07-13T04:45:00+02:00,0.149213
2026-07-13T05:00:00+02:00,0.146625
2026-07-13T05:15:00+02:00,0.149385
2026-07-13T05:30:00+02:00,0.149558
2026-07-13T05:45:00+02:00,0.150938
2026-07-13T06:00:00+02:00,0.151455
2026-07-13T06:15:00+02:00,0.151455
2026-07-13T06:30:00+02:00,0.150765
2026-07-13T06:45:00+02:00,0.143347
2026-07-13T07:00:00+02:00,0.141105
2026-07-13T07:15:00+02:00,0.142657
2026-07-13T07:30:00+02:00,0.144555
2026-07-13T07:45:00+02:00,0.150247
2026-07-13T08:00:00+02:00,0.155595
2026-07-13T08:15:00+02:00,0.174225
2026-07-13T08:30:00+02:00,0.148005
2026-07-13T08:45:00+02:00,0.14007
2026-07-13T09:00:00+02:00,0.13869
2026-07-13T09:15:00+02:00,0.13938
2026-07-13T09:30:00+02:00,0.139552
2026-07-13T09:45:00+02:00,0.154387
2026-07-13T10:00:00+02:00,0.15042
2026-07-13T10:15:00+02:00,0.158873
2026-07-13T10:30:00+02:00,0.14559
2026-07-13T10:45:00+02:00,0.150765
2026-07-13T11:00:00+02:00,0.160425
2026-07-13T11:15:00+02:00,0.16767
2026-07-13T11:30:00+02:00,0.166376
2026-07-13T11:45:00+02:00,0.1587
2026-07-13T12:00:00+02:00,0.14421
2026-07-13T12:15:00+02:00,0.164565
2026-07-13T12:30:00+02:00,0.15801
2026-07-13T12:45:00+02:00,0.169136
2026-07-13T13:00:00+02:00,0.164048
2026-07-13T13:15:00+02:00,0.150593
2026-07-13T13:30:00+02:00,0.149385
2026-07-13T13:45:00+02:00,0.149213
2026-07-13T14:00:00+02:00,0.16146
2026-07-13T14:15:00+02:00,0.203033
2026-07-13T14:30:00+02:00,0.195184
2026-07-13T14:45:00+02:00,0.196305
2026-07-13T15:00:00+02:00,0.194925
2026-07-13T15:15:00+02:00,0.20286
2026-07-13T15:30:00+02:00,0.208898
2026-07-13T15:45:00+02:00,0.199841
2026-07-13T16:00:00+02:00,0.189577
2026-07-13T16:15:00+02:00,0.163185
2026-07-13T16:30:00+02:00,0.212348
2026-07-13T16:45:00+02:00,0.234428
2026-07-13T17:00:00+02:00,0.242621
2026-07-13T17:15:00+02:00,0.210968
2026-07-13T17:30:00+02:00,0.210968
2026-07-13T17:45:00+02:00,0.200273
2026-07-13T18:00:00+02:00,0.19665
2026-07-13T18:15:00+02:00,0.191993
2026-07-13T18:30:00+02:00,0.272378
2026-07-13T18:45:00+02:00,0.158786
2026-07-13T19:00:00+02:00,0.219765
2026-07-13T19:15:00+02:00,0.208035
2026-07-13T19:30:00+02:00,0.221663
2026-07-13T19:45:00+02:00,0.21942
2026-07-13T20:00:00+02:00,0.201825
2026-07-13T20:15:00+02:00,0.250643
2026-07-13T20:30:00+02:00,0.214417
2026-07-13T20:45:00+02:00,0.216488
2026-07-13T21:00:00+02:00,0.199065
2026-07-13T21:15:00+02:00,0.2208
2026-07-13T21:30:00+02:00,0.175605
2026-07-13T21:45:00+02:00,0.152576
2026-07-13T22:00:00+02:00,0.21114
2026-07-13T22:15:00+02:00,0.216143
2026-07-13T22:30:00+02:00,0.221318
2026-07-13T22:45:00+02:00,0.228994
2026-07-13T23:00:00+02:00,0.177158
2026-07-13T23:15:00+02:00,0.197512
2026-07-13T23:30:00+02:00,0.221145
2026-07-13T23:45:00+02:00,0.235721
2026-07-14T00:00:00+02:00,0.234255
2026-07-14T00:15:00+02:00,0.207345
2026-07-14T00:30:00+02:00,0.193545
2026-07-14T00:45:00+02:00,0.198203
2026-07-14T01:00:00+02:00,0.154387
2026-07-14T01:15:00+02:00,0.14076
2026-07-14T01:30:00+02:00,0.141277
2026-07-14T01:45:00+02:00,0.141967
2026-07-14T02:00:00+02:00,0.140415
2026-07-14T02:15:00+02:00,0.140587
2026-07-14T02:30:00+02:00,0.162322
2026-07-14T02:45:00+02:00,0.182678
2026-07-14T03:00:00+02:00,0.178883
2026-07-14T03:15:00+02:00,0.190871
2026-07-14T03:30:00+02:00,0.221145
2026-07-14T03:45:00+02:00,0.223646
2026-07-14T04:00:00+02:00,0.22563
2026-07-14T04:15:00+02:00,0.19803
2026-07-14T04:30:00+02:00,0.208639
2026-07-14T04:45:00+02:00,0.229598
2026-07-14T05:00:00+02:00,0.210191
2026-07-14T05:15:00+02:00,0.232357
2026-07-14T05:30:00+02:00,0.191561
2026-07-14T05:45:00+02:00,0.149558
2026-07-14T06:00:00+02:00,0.158528
2026-07-14T06:15:00+02:00,0.208035
2026-07-14T06:30:00+02:00,0.183023
2026-07-14T06:45:00+02:00,0.213383
2026-07-14T07:00:00+02:00,0.221663
2026-07-14T07:15:00+02:00,0.18906
2026-07-14T07:30:00+02:00,0.19665
2026-07-14T07:45:00+02:00,0.180263
2026-07-14T08:00:00+02:00,0.207431
2026-07-14T08:15:00+02:00,0.203723
2026-07-14T08:30:00+02:00,0.20424
2026-07-14T08:45:00+02:00,0.200617
2026-07-14T09:00:00+02:00,0.150593
2026-07-14T09:15:00+02:00,0.201308
2026-07-14T09:30:00+02:00,0.197771
2026-07-14T09:45:00+02:00,0.193718
2026-07-14T10:00:00+02:00,0.20976
2026-07-14T10:15:00+02:00,0.205016
2026-07-14T10:30:00+02:00,0.160425
2026-07-14T10:45:00+02:00,0.150593
2026-07-14T11:00:00+02:00,0.180608
2026-07-14T11:15:00+02:00,0.19458
2026-07-14T11:30:00+02:00,0.14973
2026-07-14T11:45:00+02:00,0.189923
2026-07-14T12:00:00+02:00,0.19734
2026-07-14T12:15:00+02:00,0.197599
2026-07-14T12:30:00+02:00,0.16629
2026-07-14T12:45:00+02:00,0.206655
2026-07-14T13:00:00+02:00,0.206482
2026-07-14T13:15:00+02:00,0.186473
2026-07-14T13:30:00+02:00,0.201307
2026-07-14T13:45:00+02:00,0.165773
2026-07-14T14:00:00+02:00,0.156458
2026-07-14T14:15:00+02:00,0.19251
2026-07-14T14:30:00+02:00,0.206914
2026-07-14T14:45:00+02:00,0.18906
2026-07-14T15:00:00+02:00,0.23046
2026-07-14T15:15:00+02:00,0.218471
2026-07-14T15:30:00+02:00,0.208898
2026-07-14T15:45:00+02:00,0.203291
2026-07-14T16:00:00+02:00,0.203205
2026-07-14T16:15:00+02:00,0.200273
2026-07-14T16:30:00+02:00,0.197426
2026-07-14T16:45:00+02:00,0.189405
2026-07-14T17:00:00+02:00,0.21804
2026-07-14T17:15:00+02:00,0.162322
2026-07-14T17:30:00+02:00,0.214073
2026-07-14T17:45:00+02:00,0.210105
2026-07-14T18:00:00+02:00,0.202343
2026-07-14T18:15:00+02:00,0.220714
2026-07-14T18:30:00+02:00,0.206138
2026-07-14T18:45:00+02:00,0.216919
2026-07-14T19:00:00+02:00,0.209588
2026-07-14T19:15:00+02:00,0.201653
2026-07-14T19:30:00+02:00,0.199928
2026-07-14T19:45:00+02:00,0.20562
2026-07-14T20:00:00+02:00,0.210968
2026-07-14T20:15:00+02:00,0.198203
2026-07-14T20:30:00+02:00,0.209243
2026-07-14T20:45:00+02:00,0.193545
2026-07-14T21:00:00+02:00,0.213555
2026-07-14T21:15:00+02:00,0.212348
2026-07-14T21:30:00+02:00,0.164565
2026-07-14T21:45:00+02:00,0.149126
2026-07-14T22:00:00+02:00,0.22908
2026-07-14T22:15:00+02:00,0.222525
2026-07-14T22:30:00+02:00,0.230115
2026-07-14T22:45:00+02:00,0.236411
2026-07-14T23:00:00+02:00,0.224078
2026-07-14T23:15:00+02:00,0.227183
2026-07-14T23:30:00+02:00,0.225544
2026-07-14T23:45:00+02:00,0.220283
2026-07-15T00:00:00+02:00,0.214159
2026-07-15T00:15:00+02:00,0.205793
2026-07-15T00:30:00+02:00,0.227096
2026-07-15T00:45:00+02:00,0.220283
2026-07-15T01:00:00+02:00,0.21183
2026-07-15T01:15:00+02:00,0.150593
2026-07-15T01:30:00+02:00,0.181815
2026-07-15T01:45:00+02:00,0.22908
2026-07-15T02:00:00+02:00,0.226838
2026-07-15T02:15:00+02:00,0.224595
2026-07-15T02:30:00+02:00,0.224595
2026-07-15T02:45:00+02:00,0.22356
2026-07-15T03:00:00+02:00,0.230633
2026-07-15T03:15:00+02:00,0.223991
2026-07-15T03:30:00+02:00,0.234082
2026-07-15T03:45:00+02:00,0.223732
2026-07-15T04:00:00+02:00,0.231667
2026-07-15T04:15:00+02:00,0.164565
2026-07-15T04:30:00+02:00,0.152318
2026-07-15T04:45:00+02:00,0.22632
2026-07-15T05:00:00+02:00,0.22011
2026-07-15T05:15:00+02:00,0.206655
2026-07-15T05:30:00+02:00,0.17871
2026-07-15T05:45:00+02:00,0.150075
2026-07-15T06:00:00+02:00,0.163358
2026-07-15T06:15:00+02:00,0.163013
2026-07-15T06:30:00+02:00,0.171638
2026-07-15T06:45:00+02:00,0.216488
2026-07-15T07:00:00+02:00,0.232875
2026-07-15T07:15:00+02:00,0.218902
2026-07-15T07:30:00+02:00,0.171293
2026-07-15T07:45:00+02:00,0.210105
2026-07-15T08:00:00+02:00,0.229598
2026-07-15T08:15:00+02:00,0.209243
2026-07-15T08:30:00+02:00,0.15801
2026-07-15T08:45:00+02:00,0.192165
2026-07-15T09:00:00+02:00,0.196478
2026-07-15T09:15:00+02:00,0.20838
2026-07-15T09:30:00+02:00,0.208898
2026-07-15T09:45:00+02:00,0.150248
2026-07-15T10:00:00+02:00,0.209846
2026-07-15T10:15:00+02:00,0.202515
2026-07-15T10:30:00+02:00,0.149558
2026-07-15T10:45:00+02:00,0.216143
2026-07-15T11:00:00+02:00,0.215625
2026-07-15T11:15:00+02:00,0.197685
2026-07-15T11:30:00+02:00,0.208035
2026-07-15T11:45:00+02:00,0.18768
2026-07-15T12:00:00+02:00,0.207345
2026-07-15T12:15:00+02:00,0.197168
2026-07-15T12:30:00+02:00,0.19803
2026-07-15T12:45:00+02:00,0.21183
2026-07-15T13:00:00+02:00,0.22149
2026-07-15T13:15:00+02:00,0.22632
2026-07-15T13:30:00+02:00,0.204413
2026-07-15T13:45:00+02:00,0.153353
2026-07-15T14:00:00+02:00,0.176985
2026-07-15T14:15:00+02:00,0.201135
2026-07-15T14:30:00+02:00,0.218385
2026-07-15T14:45:00+02:00,0.21114
2026-07-15T15:00:00+02:00,0.22356
2026-07-15T15:15:00+02:00,0.217523
2026-07-15T15:30:00+02:00,0.210967
2026-07-15T15:45:00+02:00,0.213555
2026-07-15T16:00:00+02:00,0.210709
2026-07-15T16:15:00+02:00,0.22701
2026-07-15T16:30:00+02:00,0.210364
2026-07-15T16:45:00+02:00,0.227355
2026-07-15T17:00:00+02:00,0.204758
2026-07-15T17:15:00+02:00,0.207862
2026-07-15T17:30:00+02:00,0.170258
2026-07-15T17:45:00+02:00,0.2139
2026-07-15T18:00:00+02:00,0.205103
2026-07-15T18:15:00+02:00,0.214245
2026-07-15T18:30:00+02:00,0.201135
2026-07-15T18:45:00+02:00,0.214159
2026-07-15T19:00:00+02:00,0.207518
2026-07-15T19:15:00+02:00,0.210623
2026-07-15T19:30:00+02:00,0.154215
2026-07-15T19:45:00+02:00,0.220628
2026-07-15T20:00:00+02:00,0.20769
2026-07-15T20:15:00+02:00,0.21114
2026-07-15T20:30:00+02:00,0.206224
2026-07-15T20:45:00+02:00,0.201653
2026-07-15T21:00:00+02:00,0.181298
2026-07-15T21:15:00+02:00,0.196736
2026-07-15T21:30:00+02:00,0.171638
2026-07-15T21:45:00+02:00,0.149558
2026-07-15T22:00:00+02:00,0.212348
2026-07-15T22:15:00+02:00,0.222353
2026-07-15T22:30:00+02:00,0.230029
2026-07-15T22:45:00+02:00,0.221145
2026-07-15T23:00:00+02:00,0.22356
2026-07-15T23:15:00+02:00,0.224078
2026-07-15T23:30:00+02:00,0.231064
2026-07-15T23:45:00+02:00,0.175433
2026-07-16T00:00:00+02:00,0.215625
2026-07-16T00:15:00+02:00,0.224768
2026-07-16T00:30:00+02:00,0.224595
2026-07-16T00:45:00+02:00,0.151541
2026-07-16T01:00:00+02:00,0.151628
2026-07-16T01:15:00+02:00,0.150765
2026-07-16T01:30:00+02:00,0.15111
2026-07-16T01:45:00+02:00,0.1518
2026-07-16T02:00:00+02:00,0.15111
2026-07-16T02:15:00+02:00,0.150938
2026-07-16T02:30:00+02:00,0.151628
2026-07-16T02:45:00+02:00,0.152145
2026-07-16T03:00:00+02:00,0.151455
2026-07-16T03:15:00+02:00,0.150765
2026-07-16T03:30:00+02:00,0.151455
2026-07-16T03:45:00+02:00,0.152145
2026-07-16T04:00:00+02:00,0.151455
2026-07-16T04:15:00+02:00,0.150593
2026-07-16T04:30:00+02:00,0.150765
2026-07-16T04:45:00+02:00,0.151455
2026-07-16T05:00:00+02:00,0.151628
2026-07-16T05:15:00+02:00,0.150593
2026-07-16T05:30:00+02:00,0.151283
2026-07-16T05:45:00+02:00,0.14973
2026-07-16T06:00:00+02:00,0.150938
2026-07-16T06:15:00+02:00,0.150593
2026-07-16T06:30:00+02:00,0.150765
2026-07-16T06:45:00+02:00,0.15111
2026-07-16T07:00:00+02:00,0.151283
2026-07-16T07:15:00+02:00,0.150248
2026-07-16T07:30:00+02:00,0.150765
2026-07-16T07:45:00+02:00,0.14697
2026-07-16T08:00:00+02:00,0.139897
2026-07-16T08:15:00+02:00,0.139897
2026-07-16T08:30:00+02:00,0.13938
2026-07-16T08:45:00+02:00,0.139725
2026-07-16T09:00:00+02:00,0.140415
2026-07-16T09:15:00+02:00,0.14973
2026-07-16T09:30:00+02:00,0.15249
2026-07-16T09:45:00+02:00,0.158183
2026-07-16T10:00:00+02:00,0.146798
2026-07-16T10:15:00+02:00,0.146798
2026-07-16T10:30:00+02:00,0.149903
2026-07-16T10:45:00+02:00,0.150248
2026-07-16T11:00:00+02:00,0.14973
2026-07-16T11:15:00+02:00,0.14973
2026-07-16T11:30:00+02:00,0.149558
2026-07-16T11:45:00+02:00,0.149558
2026-07-16T12:00:00+02:00,0.14697
2026-07-16T12:15:00+02:00,0.161115
2026-07-16T12:30:00+02:00,0.146625
2026-07-16T12:45:00+02:00,0.16629
2026-07-16T13:00:00+02:00,0.148178
2026-07-16T13:15:00+02:00,0.148005
2026-07-16T13:30:00+02:00,0.14835
2026-07-16T13:45:00+02:00,0.146194
2026-07-16T14:00:00+02:00,0.176295
2026-07-16T14:15:00+02:00,0.20286
2026-07-16T14:30:00+02:00,0.193373
2026-07-16T14:45:00+02:00,0.204757
2026-07-16T15:00:00+02:00,0.20355
2026-07-16T15:15:00+02:00,0.178365
2026-07-16T15:30:00+02:00,0.21252
2026-07-16T15:45:00+02:00,0.211485
2026-07-16T16:00:00+02:00,0.214763
2026-07-16T16:15:00+02:00,0.180263
2026-07-16T16:30:00+02:00,0.150161
2026-07-16T16:45:00+02:00,0.15042
2026-07-16T17:00:00+02:00,0.14973
2026-07-16T17:15:00+02:00,0.15042
2026-07-16T17:30:00+02:00,0.152318
2026-07-16T17:45:00+02:00,0.151455
2026-07-16T18:00:00+02:00,0.175433
2026-07-16T18:15:00+02:00,0.172759
2026-07-16T18:30:00+02:00,0.15318
2026-07-16T18:45:00+02:00,0.152318
2026-07-16T19:00:00+02:00,0.151973
2026-07-16T19:15:00+02:00,0.153266
2026-07-16T19:30:00+02:00,0.15249
2026-07-16T19:45:00+02:00,0.15318
2026-07-16T20:00:00+02:00,0.151283
2026-07-16T20:15:00+02:00,0.15042
2026-07-16T20:30:00+02:00,0.151455
2026-07-16T20:45:00+02:00,0.15111
2026-07-16T21:00:00+02:00,0.151541
2026-07-16T21:15:00+02:00,0.152318
2026-07-16T21:30:00+02:00,0.151455
2026-07-16T21:45:00+02:00,0.149903
2026-07-16T22:00:00+02:00,0.168274
2026-07-16T22:15:00+02:00,0.179745
2026-07-16T22:30:00+02:00,0.183281
2026-07-16T22:45:00+02:00,0.19251
2026-07-16T23:00:00+02:00,0.172673
2026-07-16T23:15:00+02:00,0.190871
2026-07-16T23:30:00+02:00,0.19113
2026-07-16T23:45:00+02:00,0.189233
2026-07-17T00:00:00+02:00,0.24426
2026-07-17T00:15:00+02:00,0.230115
2026-07-17T00:30:00+02:00,0.258233
2026-07-17T00:45:00+02:00,0.254869
2026-07-17T01:00:00+02:00,0.248572
2026-07-17T01:15:00+02:00,0.258319
2026-07-17T01:30:00+02:00,0.223215
2026-07-17T01:45:00+02:00,0.242621
2026-07-17T02:00:00+02:00,0.229943
2026-07-17T02:15:00+02:00,0.227959
2026-07-17T02:30:00+02:00,0.198893
2026-07-17T02:45:00+02:00,0.248831
2026-07-17T03:00:00+02:00,0.248917
2026-07-17T03:15:00+02:00,0.255127
2026-07-17T03:30:00+02:00,0.24633
2026-07-17T03:45:00+02:00,0.247538
2026-07-17T04:00:00+02:00,0.20217
2026-07-17T04:15:00+02:00,0.238568
2026-07-17T04:30:00+02:00,0.226493
2026-07-17T04:45:00+02:00,0.204068
2026-07-17T05:00:00+02:00,0.182333
2026-07-17T05:15:00+02:00,0.227528
2026-07-17T05:30:00+02:00,0.171465
2026-07-17T05:45:00+02:00,0.1518
2026-07-17T06:00:00+02:00,0.151973
2026-07-17T06:15:00+02:00,0.151628
2026-07-17T06:30:00+02:00,0.151455
2026-07-17T06:45:00+02:00,0.150765
2026-07-17T07:00:00+02:00,0.150593
2026-07-17T07:15:00+02:00,0.149385
2026-07-17T07:30:00+02:00,0.150334
2026-07-17T07:45:00+02:00,0.148868
2026-07-17T08:00:00+02:00,0.148005
2026-07-17T08:15:00+02:00,0.148523
2026-07-17T08:30:00+02:00,0.14904
2026-07-17T08:45:00+02:00,0.146798
2026-07-17T09:00:00+02:00,0.148005
2026-07-17T09:15:00+02:00,0.150161
2026-07-17T09:30:00+02:00,0.14835
2026-07-17T09:45:00+02:00,0.14904
2026-07-17T10:00:00+02:00,0.149558
2026-07-17T10:15:00+02:00,0.148523
2026-07-17T10:30:00+02:00,0.147143
2026-07-17T10:45:00+02:00,0.14973
2026-07-17T11:00:00+02:00,0.149471
2026-07-17T11:15:00+02:00,0.14628
2026-07-17T11:30:00+02:00,0.148005
2026-07-17T11:45:00+02:00,0.147833
2026-07-17T12:00:00+02:00,0.14628
2026-07-17T12:15:00+02:00,0.147488
2026-07-17T12:30:00+02:00,0.14835
2026-07-17T12:45:00+02:00,0.148005
2026-07-17T13:00:00+02:00,0.14766
2026-07-17T13:15:00+02:00,0.146798
2026-07-17T13:30:00+02:00,0.14766
2026-07-17T13:45:00+02:00,0.144641
2026-07-17T14:00:00+02:00,0.14628
2026-07-17T14:15:00+02:00,0.147143
2026-07-17T14:30:00+02:00,0.14697
2026-07-17T14:45:00+02:00,0.148868
2026-07-17T15:00:00+02:00,0.148005
2026-07-17T15:15:00+02:00,0.150075
2026-07-17T15:30:00+02:00,0.150765
2026-07-17T15:45:00+02:00,0.14973
2026-07-17T16:00:00+02:00,0.147488
2026-07-17T16:15:00+02:00,0.149903
2026-07-17T16:30:00+02:00,0.14766
2026-07-17T16:45:00+02:00,0.14697
2026-07-17T17:00:00+02:00,0.149213
2026-07-17T17:15:00+02:00,0.145245
2026-07-17T17:30:00+02:00,0.149213
2026-07-17T17:45:00+02:00,0.149385
2026-07-17T18:00:00+02:00,0.14835
2026-07-17T18:15:00+02:00,0.149213
2026-07-17T18:30:00+02:00,0.151283
2026-07-17T18:45:00+02:00,0.14835
2026-07-17T19:00:00+02:00,0.149558
2026-07-17T19:15:00+02:00,0.149989
2026-07-17T19:30:00+02:00,0.14835
2026-07-17T19:45:00+02:00,0.148178
2026-07-17T20:00:00+02:00,0.147315
2026-07-17T20:15:00+02:00,0.147833
2026-07-17T20:30:00+02:00,0.148005
2026-07-17T20:45:00+02:00,0.14766
2026-07-17T21:00:00+02:00,0.148005
2026-07-17T21:15:00+02:00,0.147833
2026-07-17T21:30:00+02:00,0.147833
2026-07-17T21:45:00+02:00,0.147488
2026-07-17T22:00:00+02:00,0.14904
2026-07-17T22:15:00+02:00,0.148005
2026-07-17T22:30:00+02:00,0.148178
2026-07-17T22:45:00+02:00,0.147488
2026-07-17T23:00:00+02:00,0.147833
2026-07-17T23:15:00+02:00,0.146798
2026-07-17T23:30:00+02:00,0.14766
2026-07-17T23:45:00+02:00,0.147315
2026-07-18T00:00:00+02:00,0.14628
2026-07-18T00:15:00+02:00,0.154043
2026-07-18T00:30:00+02:00,0.153698
2026-07-18T00:45:00+02:00,0.151628
2026-07-18T01:00:00+02:00,0.151455
2026-07-18T01:15:00+02:00,0.152145
2026-07-18T01:30:00+02:00,0.150938
2026-07-18T01:45:00+02:00,0.148868
2026-07-18T02:00:00+02:00,0.147143
2026-07-18T02:15:00+02:00,0.145935
2026-07-18T02:30:00+02:00,0.145418
2026-07-18T02:45:00+02:00,0.144728
2026-07-18T03:00:00+02:00,0.145245
2026-07-18T03:15:00+02:00,0.143865
2026-07-18T03:30:00+02:00,0.144382
2026-07-18T03:45:00+02:00,0.147833
2026-07-18T04:00:00+02:00,0.146625
2026-07-18T04:15:00+02:00,0.146108
2026-07-18T04:30:00+02:00,0.144727
2026-07-18T04:45:00+02:00,0.1449
2026-07-18T05:00:00+02:00,0.146453
2026-07-18T05:15:00+02:00,0.146453
2026-07-18T05:30:00+02:00,0.144555
2026-07-18T05:45:00+02:00,0.14352
2026-07-18T06:00:00+02:00,0.144383
2026-07-18T06:15:00+02:00,0.145418
2026-07-18T06:30:00+02:00,0.144555
2026-07-18T06:45:00+02:00,0.144037
2026-07-18T07:00:00+02:00,0.143693
2026-07-18T07:15:00+02:00,0.143692
2026-07-18T07:30:00+02:00,0.145245
2026-07-18T07:45:00+02:00,0.145073
2026-07-18T08:00:00+02:00,0.1449
2026-07-18T08:15:00+02:00,0.1449
2026-07-18T08:30:00+02:00,0.144037
2026-07-18T08:45:00+02:00,0.144383
2026-07-18T09:00:00+02:00,0.144728
2026-07-18T09:15:00+02:00,0.144555
2026-07-18T09:30:00+02:00,0.144037
2026-07-18T09:45:00+02:00,0.144555
2026-07-18T10:00:00+02:00,0.144727
2026-07-18T10:15:00+02:00,0.146798
2026-07-18T10:30:00+02:00,0.146798
2026-07-18T10:45:00+02:00,0.14766
2026-07-18T11:00:00+02:00,0.14628
2026-07-18T11:15:00+02:00,0.146625
2026-07-18T11:30:00+02:00,0.145763
2026-07-18T11:45:00+02:00,0.146798
2026-07-18T12:00:00+02:00,0.1449
2026-07-18T12:15:00+02:00,0.145245
2026-07-18T12:30:00+02:00,0.145418
2026-07-18T12:45:00+02:00,0.143692
2026-07-18T13:00:00+02:00,0.1449
2026-07-18T13:15:00+02:00,0.142657
2026-07-18T13:30:00+02:00,0.14421
2026-07-18T13:45:00+02:00,0.143865
2026-07-18T14:00:00+02:00,0.143175
2026-07-18T14:15:00+02:00,0.14283
2026-07-18T14:30:00+02:00,0.144383
2026-07-18T14:45:00+02:00,0.14283
2026-07-18T15:00:00+02:00,0.14352
2026-07-18T15:15:00+02:00,0.1449
2026-07-18T15:30:00+02:00,0.145073
2026-07-18T15:45:00+02:00,0.14628
2026-07-18T16:00:00+02:00,0.144037
2026-07-18T16:15:00+02:00,0.144469
2026-07-18T16:30:00+02:00,0.145418
2026-07-18T16:45:00+02:00,0.144555
2026-07-18T17:00:00+02:00,0.144383
2026-07-18T17:15:00+02:00,0.143693
2026-07-18T17:30:00+02:00,0.145073
2026-07-18T17:45:00+02:00,0.145245
2026-07-18T18:00:00+02:00,0.145245
2026-07-18T18:15:00+02:00,0.14628
2026-07-18T18:30:00+02:00,0.1449
2026-07-18T18:45:00+02:00,0.145418
2026-07-18T19:00:00+02:00,0.14628
2026-07-18T19:15:00+02:00,0.14766
2026-07-18T19:30:00+02:00,0.147315
2026-07-18T19:45:00+02:00,0.147833
2026-07-18T20:00:00+02:00,0.14697
2026-07-18T20:15:00+02:00,0.147488
2026-07-18T20:30:00+02:00,0.148523
2026-07-18T20:45:00+02:00,0.147833
2026-07-18T21:00:00+02:00,0.147833
2026-07-18T21:15:00+02:00,0.14766
2026-07-18T21:30:00+02:00,0.148868
2026-07-18T21:45:00+02:00,0.14766
2026-07-18T22:00:00+02:00,0.148178
2026-07-18T22:15:00+02:00,0.146711
2026-07-18T22:30:00+02:00,0.14697
2026-07-18T22:45:00+02:00,0.148178
2026-07-18T23:00:00+02:00,0.148005
2026-07-18T23:15:00+02:00,0.14697
2026-07-18T23:30:00+02:00,0.145935
2026-07-18T23:45:00+02:00,0.144555
2026-07-19T00:00:00+02:00,0.144383
2026-07-19T00:15:00+02:00,0.144555
2026-07-19T00:30:00+02:00,0.143865
2026-07-19T00:45:00+02:00,0.144382
2026-07-19T01:00:00+02:00,0.1449
2026-07-19T01:15:00+02:00,0.144555
2026-07-19T01:30:00+02:00,0.147143
2026-07-19T01:45:00+02:00,0.146453
2026-07-19T02:00:00+02:00,0.146108
2026-07-19T02:15:00+02:00,0.147315
2026-07-19T02:30:00+02:00,0.145935
2026-07-19T02:45:00+02:00,0.14697
2026-07-19T03:00:00+02:00,0.146194
2026-07-19T03:15:00+02:00,0.148005
2026-07-19T03:30:00+02:00,0.147315
2026-07-19T03:45:00+02:00,0.148178
2026-07-19T04:00:00+02:00,0.14835
2026-07-19T04:15:00+02:00,0.146453
2026-07-19T04:30:00+02:00,0.148264
2026-07-19T04:45:00+02:00,0.147143
2026-07-19T05:00:00+02:00,0.148005
2026-07-19T05:15:00+02:00,0.148523
2026-07-19T05:30:00+02:00,0.148178
2026-07-19T05:45:00+02:00,0.148005
2026-07-19T06:00:00+02:00,0.148264
2026-07-19T06:15:00+02:00,0.147315
2026-07-19T06:30:00+02:00,0.146108
2026-07-19T06:45:00+02:00,0.145245
2026-07-19T07:00:00+02:00,0.145073
2026-07-19T07:15:00+02:00,0.146625
2026-07-19T07:30:00+02:00,0.14628
2026-07-19T07:45:00+02:00,0.145418
2026-07-19T08:00:00+02:00,0.146108
2026-07-19T08:15:00+02:00,0.146453
2026-07-19T08:30:00+02:00,0.146625
2026-07-19T08:45:00+02:00,0.147315
2026-07-19T09:00:00+02:00,0.146625
2026-07-19T09:15:00+02:00,0.146453
2026-07-19T09:30:00+02:00,0.145935
2026-07-19T09:45:00+02:00,0.14628
2026-07-19T10:00:00+02:00,0.145763
2026-07-19T10:15:00+02:00,0.148178
2026-07-19T10:30:00+02:00,0.146453
2026-07-19T10:45:00+02:00,0.147833
2026-07-19T11:00:00+02:00,0.147833
2026-07-19T11:15:00+02:00,0.147315
2026-07-19T11:30:00+02:00,0.14697
2026-07-19T11:45:00+02:00,0.147315
2026-07-19T12:00:00+02:00,0.14628
2026-07-19T12:15:00+02:00,0.146539
2026-07-19T12:30:00+02:00,0.145935
2026-07-19T12:45:00+02:00,0.14559
2026-07-19T13:00:00+02:00,0.145245
2026-07-19T13:15:00+02:00,0.145418
2026-07-19T13:30:00+02:00,0.14697
2026-07-19T13:45:00+02:00,0.145849
2026-07-19T14:00:00+02:00,0.146625
2026-07-19T14:15:00+02:00,0.14697
2026-07-19T14:30:00+02:00,0.146625
2026-07-19T14:45:00+02:00,0.146108
2026-07-19T15:00:00+02:00,0.146884
2026-07-19T15:15:00+02:00,0.145418
2026-07-19T15:30:00+02:00,0.145418
2026-07-19T15:45:00+02:00,0.146108
2026-07-19T16:00:00+02:00,0.147143
2026-07-19T16:15:00+02:00,0.146108
2026-07-19T16:30:00+02:00,0.144037
2026-07-19T16:45:00+02:00,0.14421
2026-07-19T17:00:00+02:00,0.145245
2026-07-19T17:15:00+02:00,0.145073
2026-07-19T17:30:00+02:00,0.146798
2026-07-19T17:45:00+02:00,0.145245
2026-07-19T18:00:00+02:00,0.145935
2026-07-19T18:15:00+02:00,0.14697
2026-07-19T18:30:00+02:00,0.145935
2026-07-19T18:45:00+02:00,0.147488
2026-07-19T19:00:00+02:00,0.14628
2026-07-19T19:15:00+02:00,0.146108
2026-07-19T19:30:00+02:00,0.14628
2026-07-19T19:45:00+02:00,0.147143
2026-07-19T20:00:00+02:00,0.148954
2026-07-19T20:15:00+02:00,0.146453
2026-07-19T20:30:00+02:00,0.14628
2026-07-19T20:45:00+02:00,0.14628
2026-07-19T21:00:00+02:00,0.148005
2026-07-19T21:15:00+02:00,0.14835
2026-07-19T21:30:00+02:00,0.149213
2026-07-19T21:45:00+02:00,0.14904
2026-07-19T22:00:00+02:00,0.149213
2026-07-19T22:15:00+02:00,0.149558
2026-07-19T22:30:00+02:00,0.149558
2026-07-19T22:45:00+02:00,0.14835
2026-07-19T23:00:00+02:00,0.14904
2026-07-19T23:15:00+02:00,0.147488
2026-07-19T23:30:00+02:00,0.148523
2026-07-19T23:45:00+02:00,0.148695
2026-07-20T00:00:00+02:00,0.148264
2026-07-20T00:15:00+02:00,0.149385
2026-07-20T00:30:00+02:00,0.148695
2026-07-20T00:45:00+02:00,0.147833
2026-07-20T01:00:00+02:00,0.147315
2026-07-20T01:15:00+02:00,0.148868
2026-07-20T01:30:00+02:00,0.148005
2026-07-20T01:45:00+02:00,0.147833
2026-07-20T02:00:00+02:00,0.14766
2026-07-20T02:15:00+02:00,0.149126
2026-07-20T02:30:00+02:00,0.148695
2026-07-20T02:45:00+02:00,0.147833
2026-07-20T03:00:00+02:00,0.148695
2026-07-20T03:15:00+02:00,0.14904
2026-07-20T03:30:00+02:00,0.148868
2026-07-20T03:45:00+02:00,0.148523
2026-07-20T04:00:00+02:00,0.147833
2026-07-20T04:15:00+02:00,0.14835
2026-07-20T04:30:00+02:00,0.147833
2026-07-20T04:45:00+02:00,0.14835
2026-07-20T05:00:00+02:00,0.147746
2026-07-20T05:15:00+02:00,0.148523
2026-07-20T05:30:00+02:00,0.148523
2026-07-20T05:45:00+02:00,0.14904
2026-07-20T06:00:00+02:00,0.147315
2026-07-20T06:15:00+02:00,0.146625
2026-07-20T06:30:00+02:00,0.146798
2026-07-20T06:45:00+02:00,0.146798
2026-07-20T07:00:00+02:00,0.146453
2026-07-20T07:15:00+02:00,0.146453
2026-07-20T07:30:00+02:00,0.146625
2026-07-20T07:45:00+02:00,0.14835
2026-07-20T08:00:00+02:00,0.141622
2026-07-20T08:15:00+02:00,0.13869
2026-07-20T08:30:00+02:00,0.16629
2026-07-20T08:45:00+02:00,0.145849
2026-07-20T09:00:00+02:00,0.140932
2026-07-20T09:15:00+02:00,0.140415
2026-07-20T09:30:00+02:00,0.140932
2026-07-20T09:45:00+02:00,0.141277
2026-07-20T10:00:00+02:00,0.14007
2026-07-20T10:15:00+02:00,0.14145
2026-07-20T10:30:00+02:00,0.14076
2026-07-20T10:45:00+02:00,0.14076
2026-07-20T11:00:00+02:00,0.140415
2026-07-20T11:15:00+02:00,0.141105
2026-07-20T11:30:00+02:00,0.141105
2026-07-20T11:45:00+02:00,0.141277
2026-07-20T12:00:00+02:00,0.140932
2026-07-20T12:15:00+02:00,0.140587
2026-07-20T12:30:00+02:00,0.14076
2026-07-20T12:45:00+02:00,0.142657
2026-07-20T13:00:00+02:00,0.145072
2026-07-20T13:15:00+02:00,0.153008
2026-07-20T13:30:00+02:00,0.14766
2026-07-20T13:45:00+02:00,0.147833
2026-07-20T14:00:00+02:00,0.14766
2026-07-20T14:15:00+02:00,0.149644
2026-07-20T14:30:00+02:00,0.149213
2026-07-20T14:45:00+02:00,0.150248
2026-07-20T15:00:00+02:00,0.148868
2026-07-20T15:15:00+02:00,0.147143
2026-07-20T15:30:00+02:00,0.147833
2026-07-20T15:45:00+02:00,0.148695
2026-07-20T16:00:00+02:00,0.147315
2026-07-20T16:15:00+02:00,0.145418
2026-07-20T16:30:00+02:00,0.145935
2026-07-20T16:45:00+02:00,0.146108
2026-07-20T17:00:00+02:00,0.147143
2026-07-20T17:15:00+02:00,0.146021
2026-07-20T17:30:00+02:00,0.147315
2026-07-20T17:45:00+02:00,0.145763
2026-07-20T18:00:00+02:00,0.147143
2026-07-20T18:15:00+02:00,0.14697
2026-07-20T18:30:00+02:00,0.148005
2026-07-20T18:45:00+02:00,0.14697
2026-07-20T19:00:00+02:00,0.148178
2026-07-20T19:15:00+02:00,0.146453
2026-07-20T19:30:00+02:00,0.147315
2026-07-20T19:45:00+02:00,0.15042
2026-07-20T20:00:00+02:00,0.149213
2026-07-20T20:15:00+02:00,0.14904
2026-07-20T20:30:00+02:00,0.149385
2026-07-20T20:45:00+02:00,0.148178
2026-07-20T21:00:00+02:00,0.14904
2026-07-20T21:15:00+02:00,0.15249
2026-07-20T21:30:00+02:00,0.149213
2026-07-20T21:45:00+02:00,0.149385
2026-07-20T22:00:00+02:00,0.149385
2026-07-20T22:15:00+02:00,0.148695
2026-07-20T22:30:00+02:00,0.149558
2026-07-20T22:45:00+02:00,0.15111
2026-07-20T23:00:00+02:00,0.149644
2026-07-20T23:15:00+02:00,0.149385
2026-07-20T23:30:00+02:00,0.149903
2026-07-20T23:45:00+02:00,0.149385
2026-07-21T00:00:00+02:00,0.149385
2026-07-21T00:15:00+02:00,0.149213
2026-07-21T00:30:00+02:00,0.149903
2026-07-21T00:45:00+02:00,0.149903
2026-07-21T01:00:00+02:00,0.149213
2026-07-21T01:15:00+02:00,0.14973
2026-07-21T01:30:00+02:00,0.149903
2026-07-21T01:45:00+02:00,0.15042
2026-07-21T02:00:00+02:00,0.149385
2026-07-21T02:15:00+02:00,0.14904
2026-07-21T02:30:00+02:00,0.149213
2026-07-21T02:45:00+02:00,0.147746
2026-07-21T03:00:00+02:00,0.150248
2026-07-21T03:15:00+02:00,0.149558
2026-07-21T03:30:00+02:00,0.150248
2026-07-21T03:45:00+02:00,0.149558
2026-07-21T04:00:00+02:00,0.150075
2026-07-21T04:15:00+02:00,0.149903
2026-07-21T04:30:00+02:00,0.149903
2026-07-21T04:45:00+02:00,0.149385
2026-07-21T05:00:00+02:00,0.149558
2026-07-21T05:15:00+02:00,0.149213
2026-07-21T05:30:00+02:00,0.149558
2026-07-21T05:45:00+02:00,0.149903
2026-07-21T06:00:00+02:00,0.15042
2026-07-21T06:15:00+02:00,0.149558
2026-07-21T06:30:00+02:00,0.15111
2026-07-21T06:45:00+02:00,0.138862
2026-07-21T07:00:00+02:00,0.13938
2026-07-21T07:15:00+02:00,0.140242
2026-07-21T07:30:00+02:00,0.140587
2026-07-21T07:45:00+02:00,0.141277
2026-07-21T08:00:00+02:00,0.13938
2026-07-21T08:15:00+02:00,0.139725
2026-07-21T08:30:00+02:00,0.139035
2026-07-21T08:45:00+02:00,0.139725
2026-07-21T09:00:00+02:00,0.142657
2026-07-21T09:15:00+02:00,0.145935
2026-07-21T09:30:00+02:00,0.145763
2026-07-21T09:45:00+02:00,0.145935
2026-07-21T10:00:00+02:00,0.145763
2026-07-21T10:15:00+02:00,0.143692
2026-07-21T10:30:00+02:00,0.139897
2026-07-21T10:45:00+02:00,0.139725
2026-07-21T11:00:00+02:00,0.139897
2026-07-21T11:15:00+02:00,0.139725
2026-07-21T11:30:00+02:00,0.139725
2026-07-21T11:45:00+02:00,0.140415
2026-07-21T12:00:00+02:00,0.139897
2026-07-21T12:15:00+02:00,0.14007
2026-07-21T12:30:00+02:00,0.147832
2026-07-21T12:45:00+02:00,0.147488
2026-07-21T13:00:00+02:00,0.148436
2026-07-21T13:15:00+02:00,0.147488
2026-07-21T13:30:00+02:00,0.14904
2026-07-21T13:45:00+02:00,0.147315
2026-07-21T14:00:00+02:00,0.149385
2026-07-21T14:15:00+02:00,0.149903
2026-07-21T14:30:00+02:00,0.15111
2026-07-21T14:45:00+02:00,0.150765
2026-07-21T15:00:00+02:00,0.149213
2026-07-21T15:15:00+02:00,0.150075
2026-07-21T15:30:00+02:00,0.148523
2026-07-21T15:45:00+02:00,0.148868
2026-07-21T16:00:00+02:00,0.147315
2026-07-21T16:15:00+02:00,0.147315
2026-07-21T16:30:00+02:00,0.147488
2026-07-21T16:45:00+02:00,0.146798
2026-07-21T17:00:00+02:00,0.14628
2026-07-21T17:15:00+02:00,0.146625
2026-07-21T17:30:00+02:00,0.147315
2026-07-21T17:45:00+02:00,0.146453
2026-07-21T18:00:00+02:00,0.147488
2026-07-21T18:15:00+02:00,0.146798
2026-07-21T18:30:00+02:00,0.146625
2026-07-21T18:45:00+02:00,0.147746
2026-07-21T19:00:00+02:00,0.146625
2026-07-21T19:15:00+02:00,0.147315
2026-07-21T19:30:00+02:00,0.146453
2026-07-21T19:45:00+02:00,0.147488
2026-07-21T20:00:00+02:00,0.14697
2026-07-21T20:15:00+02:00,0.14766
2026-07-21T20:30:00+02:00,0.146798
2026-07-21T20:45:00+02:00,0.149385
2026-07-21T21:00:00+02:00,0.148695
2026-07-21T21:15:00+02:00,0.148178
2026-07-21T21:30:00+02:00,0.14766
2026-07-21T21:45:00+02:00,0.147315
2026-07-21T22:00:00+02:00,0.14697
2026-07-21T22:15:00+02:00,0.147143
2026-07-21T22:30:00+02:00,0.146453
2026-07-21T22:45:00+02:00,0.148695
2026-07-21T23:00:00+02:00,0.148868
2026-07-21T23:15:00+02:00,0.149385
2026-07-21T23:30:00+02:00,0.148868
2026-07-21T23:45:00+02:00,0.147488
2026-07-22T00:00:00+02:00,0.147229
2026-07-22T00:15:00+02:00,0.147315
2026-07-22T00:30:00+02:00,0.14835
2026-07-22T00:45:00+02:00,0.148695
2026-07-22T01:00:00+02:00,0.146625
2026-07-22T01:15:00+02:00,0.146453
2026-07-22T01:30:00+02:00,0.14697
2026-07-22T01:45:00+02:00,0.14697
2026-07-22T02:00:00+02:00,0.146453
2026-07-22T02:15:00+02:00,0.145072
2026-07-22T02:30:00+02:00,0.147143
2026-07-22T02:45:00+02:00,0.147143
2026-07-22T03:00:00+02:00,0.14559
2026-07-22T03:15:00+02:00,0.146108
2026-07-22T03:30:00+02:00,0.147315
2026-07-22T03:45:00+02:00,0.14766
2026-07-22T04:00:00+02:00,0.146798
2026-07-22T04:15:00+02:00,0.145676
2026-07-22T04:30:00+02:00,0.147143
2026-07-22T04:45:00+02:00,0.146798
2026-07-22T05:00:00+02:00,0.147488
2026-07-22T05:15:00+02:00,0.147315
2026-07-22T05:30:00+02:00,0.146453
2026-07-22T05:45:00+02:00,0.14766
2026-07-22T06:00:00+02:00,0.148178
2026-07-22T06:15:00+02:00,0.147833
2026-07-22T06:30:00+02:00,0.14697
2026-07-22T06:45:00+02:00,0.148178
2026-07-22T07:00:00+02:00,0.148178
2026-07-22T07:15:00+02:00,0.149385
2026-07-22T07:30:00+02:00,0.147488
2026-07-22T07:45:00+02:00,0.14766
2026-07-22T08:00:00+02:00,0.146453
2026-07-22T08:15:00+02:00,0.146453
2026-07-22T08:30:00+02:00,0.145418
2026-07-22T08:45:00+02:00,0.14628
2026-07-22T09:00:00+02:00,0.145935
2026-07-22T09:15:00+02:00,0.14628
2026-07-22T09:30:00+02:00,0.146453
2026-07-22T09:45:00+02:00,0.14697
2026-07-22T10:00:00+02:00,0.14559
2026-07-22T10:15:00+02:00,0.14766
2026-07-22T10:30:00+02:00,0.146108
2026-07-22T10:45:00+02:00,0.14628
2026-07-22T11:00:00+02:00,0.147315
2026-07-22T11:15:00+02:00,0.146108
2026-07-22T11:30:00+02:00,0.146798
2026-07-22T11:45:00+02:00,0.146625
2026-07-22T12:00:00+02:00,0.145935
2026-07-22T12:15:00+02:00,0.146625
2026-07-22T12:30:00+02:00,0.146108
2026-07-22T12:45:00+02:00,0.146108
2026-07-22T13:00:00+02:00,0.145073
2026-07-22T13:15:00+02:00,0.145935
2026-07-22T13:30:00+02:00,0.14697
2026-07-22T13:45:00+02:00,0.146798
2026-07-22T14:00:00+02:00,0.144727
2026-07-22T14:15:00+02:00,0.145935
2026-07-22T14:30:00+02:00,0.145418
2026-07-22T14:45:00+02:00,0.146625
2026-07-22T15:00:00+02:00,0.146798
2026-07-22T15:15:00+02:00,0.147143
2026-07-22T15:30:00+02:00,0.14559
2026-07-22T15:45:00+02:00,0.146625
2026-07-22T16:00:00+02:00,0.147833
2026-07-22T16:15:00+02:00,0.1449
2026-07-22T16:30:00+02:00,0.14628
2026-07-22T16:45:00+02:00,0.145073
2026-07-22T17:00:00+02:00,0.14628
2026-07-22T17:15:00+02:00,0.145935
2026-07-22T17:30:00+02:00,0.145763
2026-07-22T17:45:00+02:00,0.145418
2026-07-22T18:00:00+02:00,0.146798
2026-07-22T18:15:00+02:00,0.145245
2026-07-22T18:30:00+02:00,0.145245
2026-07-22T18:45:00+02:00,0.14697
2026-07-22T19:00:00+02:00,0.145763
2026-07-22T19:15:00+02:00,0.145763
2026-07-22T19:30:00+02:00,0.146453
2026-07-22T19:45:00+02:00,0.146625
2026-07-22T20:00:00+02:00,0.145504
2026-07-22T20:15:00+02:00,0.14766
2026-07-22T20:30:00+02:00,0.149213
2026-07-22T20:45:00+02:00,0.14766
2026-07-22T21:00:00+02:00,0.148695
2026-07-22T21:15:00+02:00,0.147833
2026-07-22T21:30:00+02:00,0.147833
2026-07-22T21:45:00+02:00,0.14766
2026-07-22T22:00:00+02:00,0.149213
2026-07-22T22:15:00+02:00,0.14973
2026-07-22T22:30:00+02:00,0.148868
2026-07-22T22:45:00+02:00,0.147746
2026-07-22T23:00:00+02:00,0.14835
2026-07-22T23:15:00+02:00,0.148868
2026-07-22T23:30:00+02:00,0.150248
2026-07-22T23:45:00+02:00,0.148523
2026-07-23T00:00:00+02:00,0.148178
2026-07-23T00:15:00+02:00,0.148523
2026-07-23T00:30:00+02:00,0.14973
2026-07-23T00:45:00+02:00,0.14904
2026-07-23T01:00:00+02:00,0.148178
2026-07-23T01:15:00+02:00,0.147833
2026-07-23T01:30:00+02:00,0.147488
2026-07-23T01:45:00+02:00,0.146625
2026-07-23T02:00:00+02:00,0.14697
2026-07-23T02:15:00+02:00,0.147488
2026-07-23T02:30:00+02:00,0.14835
2026-07-23T02:45:00+02:00,0.147488
2026-07-23T03:00:00+02:00,0.148178
2026-07-23T03:15:00+02:00,0.147488
2026-07-23T03:30:00+02:00,0.147833
2026-07-23T03:45:00+02:00,0.148523
2026-07-23T04:00:00+02:00,0.14766
2026-07-23T04:15:00+02:00,0.147143
2026-07-23T04:30:00+02:00,0.14697
2026-07-23T04:45:00+02:00,0.144986
2026-07-23T05:00:00+02:00,0.145245
2026-07-23T05:15:00+02:00,0.147315
2026-07-23T05:30:00+02:00,0.148695
2026-07-23T05:45:00+02:00,0.147315
2026-07-23T06:00:00+02:00,0.147833
2026-07-23T06:15:00+02:00,0.149558
2026-07-23T06:30:00+02:00,0.150765
2026-07-23T06:45:00+02:00,0.150938
2026-07-23T07:00:00+02:00,0.14835
2026-07-23T07:15:00+02:00,0.1518
2026-07-23T07:30:00+02:00,0.148868
2026-07-23T07:45:00+02:00,0.147833
2026-07-23T08:00:00+02:00,0.150248
2026-07-23T08:15:00+02:00,0.148523
2026-07-23T08:30:00+02:00,0.14973
2026-07-23T08:45:00+02:00,0.14973
2026-07-23T09:00:00+02:00,0.148523
2026-07-23T09:15:00+02:00,0.148523
2026-07-23T09:30:00+02:00,0.150938
2026-07-23T09:45:00+02:00,0.146798
2026-07-23T10:00:00+02:00,0.145935
2026-07-23T10:15:00+02:00,0.146453
2026-07-23T10:30:00+02:00,0.146453
2026-07-23T10:45:00+02:00,0.146625
2026-07-23T11:00:00+02:00,0.145418
2026-07-23T11:15:00+02:00,0.146108
2026-07-23T11:30:00+02:00,0.14697
2026-07-23T11:45:00+02:00,0.147488
2026-07-23T12:00:00+02:00,0.145763
2026-07-23T12:15:00+02:00,0.145763
2026-07-23T12:30:00+02:00,0.14559
2026-07-23T12:45:00+02:00,0.146453
2026-07-23T13:00:00+02:00,0.148005
2026-07-23T13:15:00+02:00,0.146625
2026-07-23T13:30:00+02:00,0.14697
2026-07-23T13:45:00+02:00,0.146108
2026-07-23T14:00:00+02:00,0.147833
2026-07-23T14:15:00+02:00,0.147488
2026-07-23T14:30:00+02:00,0.14835
2026-07-23T14:45:00+02:00,0.14835
2026-07-23T15:00:00+02:00,0.148005
2026-07-23T15:15:00+02:00,0.147488
2026-07-23T15:30:00+02:00,0.147833
2026-07-23T15:45:00+02:00,0.146798
2026-07-23T16:00:00+02:00,0.14628
2026-07-23T16:15:00+02:00,0.146798
2026-07-23T16:30:00+02:00,0.146108
2026-07-23T16:45:00+02:00,0.147315
2026-07-23T17:00:00+02:00,0.147315
2026-07-23T17:15:00+02:00,0.147143
2026-07-23T17:30:00+02:00,0.14835
2026-07-23T17:45:00+02:00,0.148695
2026-07-23T18:00:00+02:00,0.149558
2026-07-23T18:15:00+02:00,0.147315
2026-07-23T18:30:00+02:00,0.148005
2026-07-23T18:45:00+02:00,0.147143
2026-07-23T19:00:00+02:00,0.148178
2026-07-23T19:15:00+02:00,0.14697
2026-07-23T19:30:00+02:00,0.147833
2026-07-23T19:45:00+02:00,0.14697
2026-07-23T20:00:00+02:00,0.148005
2026-07-23T20:15:00+02:00,0.147488
2026-07-23T20:30:00+02:00,0.148695
2026-07-23T20:45:00+02:00,0.147833
2026-07-23T21:00:00+02:00,0.148695
2026-07-23T21:15:00+02:00,0.148178
2026-07-23T21:30:00+02:00,0.148178
2026-07-23T21:45:00+02:00,0.15042
2026-07-23T22:00:00+02:00,0.148005
2026-07-23T22:15:00+02:00,0.148523
2026-07-23T22:30:00+02:00,0.14904
2026-07-23T22:45:00+02:00,0.149903
2026-07-23T23:00:00+02:00,0.149213
2026-07-23T23:15:00+02:00,0.148695
2026-07-23T23:30:00+02:00,0.148695
2026-07-23T23:45:00+02:00,0.148695
2026-07-24T00:00:00+02:00,0.149213
2026-07-24T00:15:00+02:00,0.149213
2026-07-24T00:30:00+02:00,0.148178
2026-07-24T00:45:00+02:00,0.149213
2026-07-24T01:00:00+02:00,0.150248
2026-07-24T01:15:00+02:00,0.149385
2026-07-24T01:30:00+02:00,0.147833
2026-07-24T01:45:00+02:00,0.14835
2026-07-24T02:00:00+02:00,0.14835
2026-07-24T02:15:00+02:00,0.149213
2026-07-24T02:30:00+02:00,0.14835
2026-07-24T02:45:00+02:00,0.148005
2026-07-24T03:00:00+02:00,0.14766
2026-07-24T03:15:00+02:00,0.146625
2026-07-24T03:30:00+02:00,0.145763
2026-07-24T03:45:00+02:00,0.146798
2026-07-24T04:00:00+02:00,0.147143
2026-07-24T04:15:00+02:00,0.145935
2026-07-24T04:30:00+02:00,0.14559
2026-07-24T04:45:00+02:00,0.145763
2026-07-24T05:00:00+02:00,0.14766
2026-07-24T05:15:00+02:00,0.145763
2026-07-24T05:30:00+02:00,0.146453
2026-07-24T05:45:00+02:00,0.14766
2026-07-24T06:00:00+02:00,0.147488
2026-07-24T06:15:00+02:00,0.148523
2026-07-24T06:30:00+02:00,0.147833
2026-07-24T06:45:00+02:00,0.147833
2026-07-24T07:00:00+02:00,0.147833
2026-07-24T07:15:00+02:00,0.14835
2026-07-24T07:30:00+02:00,0.149558
2026-07-24T07:45:00+02:00,0.14766
2026-07-24T08:00:00+02:00,0.146108
2026-07-24T08:15:00+02:00,0.145763
2026-07-24T08:30:00+02:00,0.145418
2026-07-24T08:45:00+02:00,0.148005
2026-07-24T09:00:00+02:00,0.146798
2026-07-24T09:15:00+02:00,0.147315
2026-07-24T09:30:00+02:00,0.149385
2026-07-24T09:45:00+02:00,0.150075
2026-07-24T10:00:00+02:00,0.14973
2026-07-24T10:15:00+02:00,0.148868
2026-07-24T10:30:00+02:00,0.14835
2026-07-24T10:45:00+02:00,0.147488
2026-07-24T11:00:00+02:00,0.148523
2026-07-24T11:15:00+02:00,0.147143
2026-07-24T11:30:00+02:00,0.14835
2026-07-24T11:45:00+02:00,0.148523
2026-07-24T12:00:00+02:00,0.146453
2026-07-24T12:15:00+02:00,0.147488
2026-07-24T12:30:00+02:00,0.147143
2026-07-24T12:45:00+02:00,0.146625
2026-07-24T13:00:00+02:00,0.146625
2026-07-24T13:15:00+02:00,0.14697
2026-07-24T13:30:00+02:00,0.147488
2026-07-24T13:45:00+02:00,0.144382
2026-07-24T14:00:00+02:00,0.146798
2026-07-24T14:15:00+02:00,0.146453
2026-07-24T14:30:00+02:00,0.145763
2026-07-24T14:45:00+02:00,0.147488
2026-07-24T15:00:00+02:00,0.146453
2026-07-24T15:15:00+02:00,0.145935
2026-07-24T15:30:00+02:00,0.14628
2026-07-24T15:45:00+02:00,0.147488
2026-07-24T16:00:00+02:00,0.145417
2026-07-24T16:15:00+02:00,0.145072
2026-07-24T16:30:00+02:00,0.146453
2026-07-24T16:45:00+02:00,0.147315
2026-07-24T17:00:00+02:00,0.14559
2026-07-24T17:15:00+02:00,0.148005
2026-07-24T17:30:00+02:00,0.145418
2026-07-24T17:45:00+02:00,0.146625
2026-07-24T18:00:00+02:00,0.147056
2026-07-24T18:15:00+02:00,0.147488
2026-07-24T18:30:00+02:00,0.14766
2026-07-24T18:45:00+02:00,0.146798
2026-07-24T19:00:00+02:00,0.145245
2026-07-24T19:15:00+02:00,0.146453
2026-07-24T19:30:00+02:00,0.148178
2026-07-24T19:45:00+02:00,0.148005
2026-07-24T20:00:00+02:00,0.14697
2026-07-24T20:15:00+02:00,0.147401
2026-07-24T20:30:00+02:00,0.147833
2026-07-24T20:45:00+02:00,0.148523
2026-07-24T21:00:00+02:00,0.147315
2026-07-24T21:15:00+02:00,0.14628
2026-07-24T21:30:00+02:00,0.146108
2026-07-24T21:45:00+02:00,0.146798
2026-07-24T22:00:00+02:00,0.148523
2026-07-24T22:15:00+02:00,0.147315
2026-07-24T22:30:00+02:00,0.148695
2026-07-24T22:45:00+02:00,0.147315
2026-07-24T23:00:00+02:00,0.148868
2026-07-24T23:15:00+02:00,0.149213
2026-07-24T23:30:00+02:00,0.14835
2026-07-24T23:45:00+02:00,0.147143
2026-07-25T00:00:00+02:00,0.14697
2026-07-25T00:15:00+02:00,0.147143
2026-07-25T00:30:00+02:00,0.146625
2026-07-25T00:45:00+02:00,0.147056
2026-07-25T01:00:00+02:00,0.146625
2026-07-25T01:15:00+02:00,0.148005
2026-07-25T01:30:00+02:00,0.148005
2026-07-25T01:45:00+02:00,0.14697
2026-07-25T02:00:00+02:00,0.14697
2026-07-25T02:15:00+02:00,0.14766
2026-07-25T02:30:00+02:00,0.146798
2026-07-25T02:45:00+02:00,0.146453
2026-07-25T03:00:00+02:00,0.147315
2026-07-25T03:15:00+02:00,0.146108
2026-07-25T03:30:00+02:00,0.14766
2026-07-25T03:45:00+02:00,0.14835
2026-07-25T04:00:00+02:00,0.14835
2026-07-25T04:15:00+02:00,0.148005
2026-07-25T04:30:00+02:00,0.147315
2026-07-25T04:45:00+02:00,0.148868
2026-07-25T05:00:00+02:00,0.147315
2026-07-25T05:15:00+02:00,0.148695
2026-07-25T05:30:00+02:00,0.14835
2026-07-25T05:45:00+02:00,0.146625
2026-07-25T06:00:00+02:00,0.145763
2026-07-25T06:15:00+02:00,0.146798
2026-07-25T06:30:00+02:00,0.146625
2026-07-25T06:45:00+02:00,0.14766
2026-07-25T07:00:00+02:00,0.148868
2026-07-25T07:15:00+02:00,0.148178
2026-07-25T07:30:00+02:00,0.14697
2026-07-25T07:45:00+02:00,0.144037
2026-07-25T08:00:00+02:00,0.144728
2026-07-25T08:15:00+02:00,0.14421
2026-07-25T08:30:00+02:00,0.144728
2026-07-25T08:45:00+02:00,0.144555
2026-07-25T09:00:00+02:00,0.144383
2026-07-25T09:15:00+02:00,0.143348
2026-07-25T09:30:00+02:00,0.143692
2026-07-25T09:45:00+02:00,0.143348
2026-07-25T10:00:00+02:00,0.144728
2026-07-25T10:15:00+02:00,0.144728
2026-07-25T10:30:00+02:00,0.144555
2026-07-25T10:45:00+02:00,0.1449
2026-07-25T11:00:00+02:00,0.14421
2026-07-25T11:15:00+02:00,0.144037
2026-07-25T11:30:00+02:00,0.144555
2026-07-25T11:45:00+02:00,0.14352
2026-07-25T12:00:00+02:00,0.143175
2026-07-25T12:15:00+02:00,0.143347
2026-07-25T12:30:00+02:00,0.143951
2026-07-25T12:45:00+02:00,0.143347
2026-07-25T13:00:00+02:00,0.143002
2026-07-25T13:15:00+02:00,0.14352
2026-07-25T13:30:00+02:00,0.143175
2026-07-25T13:45:00+02:00,0.143692
2026-07-25T14:00:00+02:00,0.14421
2026-07-25T14:15:00+02:00,0.143692
2026-07-25T14:30:00+02:00,0.143692
2026-07-25T14:45:00+02:00,0.143865
2026-07-25T15:00:00+02:00,0.14352
2026-07-25T15:15:00+02:00,0.143865
2026-07-25T15:30:00+02:00,0.143692
2026-07-25T15:45:00+02:00,0.143175
2026-07-25T16:00:00+02:00,0.144728
2026-07-25T16:15:00+02:00,0.145418
2026-07-25T16:30:00+02:00,0.146453
2026-07-25T16:45:00+02:00,0.146108
2026-07-25T17:00:00+02:00,0.145073
2026-07-25T17:15:00+02:00,0.144728
2026-07-25T17:30:00+02:00,0.1449
2026-07-25T17:45:00+02:00,0.145763
2026-07-25T18:00:00+02:00,0.14628
2026-07-25T18:15:00+02:00,0.146884
2026-07-25T18:30:00+02:00,0.14628
2026-07-25T18:45:00+02:00,0.146798
2026-07-25T19:00:00+02:00,0.14628
2026-07-25T19:15:00+02:00,0.148005
2026-07-25T19:30:00+02:00,0.147833
2026-07-25T19:45:00+02:00,0.14904
2026-07-25T20:00:00+02:00,0.14835
2026-07-25T20:15:00+02:00,0.146625
2026-07-25T20:30:00+02:00,0.145072
2026-07-25T20:45:00+02:00,0.1449
2026-07-25T21:00:00+02:00,0.146798
2026-07-25T21:15:00+02:00,0.146021
2026-07-25T21:30:00+02:00,0.145935
2026-07-25T21:45:00+02:00,0.144037
2026-07-25T22:00:00+02:00,0.14352
2026-07-25T22:15:00+02:00,0.145245
2026-07-25T22:30:00+02:00,0.145935
2026-07-25T22:45:00+02:00,0.144382
2026-07-25T23:00:00+02:00,0.14697
2026-07-25T23:15:00+02:00,0.147488
2026-07-25T23:30:00+02:00,0.147833
2026-07-25T23:45:00+02:00,0.145763
2026-07-26T00:00:00+02:00,0.146453
2026-07-26T00:15:00+02:00,0.147315
2026-07-26T00:30:00+02:00,0.14559
2026-07-26T00:45:00+02:00,0.145935
2026-07-26T01:00:00+02:00,0.146798
2026-07-26T01:15:00+02:00,0.147315
2026-07-26T01:30:00+02:00,0.146711
2026-07-26T01:45:00+02:00,0.146108
2026-07-26T02:00:00+02:00,0.145935
2026-07-26T02:15:00+02:00,0.145763
2026-07-26T02:30:00+02:00,0.147143
2026-07-26T02:45:00+02:00,0.146798
2026-07-26T03:00:00+02:00,0.146625
2026-07-26T03:15:00+02:00,0.146625
2026-07-26T03:30:00+02:00,0.14766
2026-07-26T03:45:00+02:00,0.147488
2026-07-26T04:00:00+02:00,0.146108
2026-07-26T04:15:00+02:00,0.14697
2026-07-26T04:30:00+02:00,0.14697
2026-07-26T04:45:00+02:00,0.147143
2026-07-26T05:00:00+02:00,0.147143
2026-07-26T05:15:00+02:00,0.147229
2026-07-26T05:30:00+02:00,0.146625
2026-07-26T05:45:00+02:00,0.147315
2026-07-26T06:00:00+02:00,0.146625
2026-07-26T06:15:00+02:00,0.146798
2026-07-26T06:30:00+02:00,0.14766
2026-07-26T06:45:00+02:00,0.146625
2026-07-26T07:00:00+02:00,0.146625
2026-07-26T07:15:00+02:00,0.146453
2026-07-26T07:30:00+02:00,0.148523
2026-07-26T07:45:00+02:00,0.149385
2026-07-26T08:00:00+02:00,0.14766
2026-07-26T08:15:00+02:00,0.147488
2026-07-26T08:30:00+02:00,0.14697
2026-07-26T08:45:00+02:00,0.147488
2026-07-26T09:00:00+02:00,0.14628
2026-07-26T09:15:00+02:00,0.145935
2026-07-26T09:30:00+02:00,0.14559
2026-07-26T09:45:00+02:00,0.144728
2026-07-26T10:00:00+02:00,0.146108
2026-07-26T10:15:00+02:00,0.14697
2026-07-26T10:30:00+02:00,0.145763
2026-07-26T10:45:00+02:00,0.146625
2026-07-26T11:00:00+02:00,0.146798
2026-07-26T11:15:00+02:00,0.145073
2026-07-26T11:30:00+02:00,0.145418
2026-07-26T11:45:00+02:00,0.146108
2026-07-26T12:00:00+02:00,0.148523
2026-07-26T12:15:00+02:00,0.147315
2026-07-26T12:30:00+02:00,0.145935
2026-07-26T12:45:00+02:00,0.146453
2026-07-26T13:00:00+02:00,0.147833
2026-07-26T13:15:00+02:00,0.147488
2026-07-26T13:30:00+02:00,0.148005
2026-07-26T13:45:00+02:00,0.146453
2026-07-26T14:00:00+02:00,0.146798
2026-07-26T14:15:00+02:00,0.14697
2026-07-26T14:30:00+02:00,0.147488
2026-07-26T14:45:00+02:00,0.14835
2026-07-26T15:00:00+02:00,0.147401
2026-07-26T15:15:00+02:00,0.146453
2026-07-26T15:30:00+02:00,0.146453
2026-07-26T15:45:00+02:00,0.1449
2026-07-26T16:00:00+02:00,0.146453
2026-07-26T16:15:00+02:00,0.144555
2026-07-26T16:30:00+02:00,0.143951
2026-07-26T16:45:00+02:00,0.144037
2026-07-26T17:00:00+02:00,0.145245
2026-07-26T17:15:00+02:00,0.145418
2026-07-26T17:30:00+02:00,0.145935
2026-07-26T17:45:00+02:00,0.1449
2026-07-26T18:00:00+02:00,0.146798
2026-07-26T18:15:00+02:00,0.14628
2026-07-26T18:30:00+02:00,0.14628
2026-07-26T18:45:00+02:00,0.146798
2026-07-26T19:00:00+02:00,0.146366
2026-07-26T19:15:00+02:00,0.145245
2026-07-26T19:30:00+02:00,0.145245
2026-07-26T19:45:00+02:00,0.1449
2026-07-26T20:00:00+02:00,0.146108
2026-07-26T20:15:00+02:00,0.14628
2026-07-26T20:30:00+02:00,0.147143
2026-07-26T20:45:00+02:00,0.14835
2026-07-26T21:00:00+02:00,0.146625
2026-07-26T21:15:00+02:00,0.1449
2026-07-26T21:30:00+02:00,0.144555
2026-07-26T21:45:00+02:00,0.145763
2026-07-26T22:00:00+02:00,0.147143
2026-07-26T22:15:00+02:00,0.14559
2026-07-26T22:30:00+02:00,0.143692
2026-07-26T22:45:00+02:00,0.145763
2026-07-26T23:00:00+02:00,0.146625
2026-07-26T23:15:00+02:00,0.145418
2026-07-26T23:30:00+02:00,0.146453
2026-07-26T23:45:00+02:00,0.147143
2026-07-27T00:00:00+02:00,0.145073
2026-07-27T00:15:00+02:00,0.145418
2026-07-27T00:30:00+02:00,0.145245
2026-07-27T00:45:00+02:00,0.145763
2026-07-27T01:00:00+02:00,0.145935
2026-07-27T01:15:00+02:00,0.146625
2026-07-27T01:30:00+02:00,0.145763
2026-07-27T01:45:00+02:00,0.145418
2026-07-27T02:00:00+02:00,0.14421
2026-07-27T02:15:00+02:00,0.145073
2026-07-27T02:30:00+02:00,0.14697
2026-07-27T02:45:00+02:00,0.146453
2026-07-27T03:00:00+02:00,0.145763
2026-07-27T03:15:00+02:00,0.145418
2026-07-27T03:30:00+02:00,0.1449
2026-07-27T03:45:00+02:00,0.1449
2026-07-27T04:00:00+02:00,0.144727
2026-07-27T04:15:00+02:00,0.14628
2026-07-27T04:30:00+02:00,0.147143
2026-07-27T04:45:00+02:00,0.14697
2026-07-27T05:00:00+02:00,0.147315
2026-07-27T05:15:00+02:00,0.14697
2026-07-27T05:30:00+02:00,0.14697
2026-07-27T05:45:00+02:00,0.145935
2026-07-27T06:00:00+02:00,0.147488
2026-07-27T06:15:00+02:00,0.147833
2026-07-27T06:30:00+02:00,0.148523
2026-07-27T06:45:00+02:00,0.147488
2026-07-27T07:00:00+02:00,0.149213
2026-07-27T07:15:00+02:00,0.148523
2026-07-27T07:30:00+02:00,0.14973
2026-07-27T07:45:00+02:00,0.14766
2026-07-27T08:00:00+02:00,0.146453
2026-07-27T08:15:00+02:00,0.145763
2026-07-27T08:30:00+02:00,0.146453
2026-07-27T08:45:00+02:00,0.145245
2026-07-27T09:00:00+02:00,0.145245
2026-07-27T09:15:00+02:00,0.14628
2026-07-27T09:30:00+02:00,0.145418
2026-07-27T09:45:00+02:00,0.14559
2026-07-27T10:00:00+02:00,0.14628
2026-07-27T10:15:00+02:00,0.146108
2026-07-27T10:30:00+02:00,0.14628
2026-07-27T10:45:00+02:00,0.145935
2026-07-27T11:00:00+02:00,0.146108
2026-07-27T11:15:00+02:00,0.145676
2026-07-27T11:30:00+02:00,0.144555
2026-07-27T11:45:00+02:00,0.148005
2026-07-27T12:00:00+02:00,0.149213
2026-07-27T12:15:00+02:00,0.14835
2026-07-27T12:30:00+02:00,0.148178
2026-07-27T12:45:00+02:00,0.149903
2026-07-27T13:00:00+02:00,0.150248
2026-07-27T13:15:00+02:00,0.149558
2026-07-27T13:30:00+02:00,0.148695
2026-07-27T13:45:00+02:00,0.149903
2026-07-27T14:00:00+02:00,0.151196
2026-07-27T14:15:00+02:00,0.14973
2026-07-27T14:30:00+02:00,0.14904
2026-07-27T14:45:00+02:00,0.149903
2026-07-27T15:00:00+02:00,0.149558
2026-07-27T15:15:00+02:00,0.149385
2026-07-27T15:30:00+02:00,0.148868
2026-07-27T15:45:00+02:00,0.146108
2026-07-27T16:00:00+02:00,0.14697
2026-07-27T16:15:00+02:00,0.147315
2026-07-27T16:30:00+02:00,0.148868
2026-07-27T16:45:00+02:00,0.147143
2026-07-27T17:00:00+02:00,0.148178
2026-07-27T17:15:00+02:00,0.148178
2026-07-27T17:30:00+02:00,0.148005
2026-07-27T17:45:00+02:00,0.14766
2026-07-27T18:00:00+02:00,0.148868
2026-07-27T18:15:00+02:00,0.146798
2026-07-27T18:30:00+02:00,0.147229
2026-07-27T18:45:00+02:00,0.147488
2026-07-27T19:00:00+02:00,0.14766
2026-07-27T19:15:00+02:00,0.146453
2026-07-27T19:30:00+02:00,0.14835
2026-07-27T19:45:00+02:00,0.14697
2026-07-27T20:00:00+02:00,0.147488
2026-07-27T20:15:00+02:00,0.147488
2026-07-27T20:30:00+02:00,0.14766
2026-07-27T20:45:00+02:00,0.14973
2026-07-27T21:00:00+02:00,0.149558
2026-07-27T21:15:00+02:00,0.149903
2026-07-27T21:30:00+02:00,0.149385
2026-07-27T21:45:00+02:00,0.148523
2026-07-27T22:00:00+02:00,0.148695
2026-07-27T22:15:00+02:00,0.149213
2026-07-27T22:30:00+02:00,0.148695
2026-07-27T22:45:00+02:00,0.149558
2026-07-27T23:00:00+02:00,0.14904
2026-07-27T23:15:00+02:00,0.149213
2026-07-27T23:30:00+02:00,0.149213
2026-07-27T23:45:00+02:00,0.14766
2026-07-28T00:00:00+02:00,0.14973
2026-07-28T00:15:00+02:00,0.148695
2026-07-28T00:30:00+02:00,0.150075
2026-07-28T00:45:00+02:00,0.148523
2026-07-28T01:00:00+02:00,0.150938
2026-07-28T01:15:00+02:00,0.14904
2026-07-28T01:30:00+02:00,0.148868
2026-07-28T01:45:00+02:00,0.148695
2026-07-28T02:00:00+02:00,0.148523
2026-07-28T02:15:00+02:00,0.148523
2026-07-28T02:30:00+02:00,0.148695
2026-07-28T02:45:00+02:00,0.147919
2026-07-28T03:00:00+02:00,0.148005
2026-07-28T03:15:00+02:00,0.148178
2026-07-28T03:30:00+02:00,0.146453
2026-07-28T03:45:00+02:00,0.14628
2026-07-28T04:00:00+02:00,0.14766
2026-07-28T04:15:00+02:00,0.145072
2026-07-28T04:30:00+02:00,0.146798
2026-07-28T04:45:00+02:00,0.146798
2026-07-28T05:00:00+02:00,0.146625
2026-07-28T05:15:00+02:00,0.148091
2026-07-28T05:30:00+02:00,0.14766
2026-07-28T05:45:00+02:00,0.145935
2026-07-28T06:00:00+02:00,0.145763
2026-07-28T06:15:00+02:00,0.147143
2026-07-28T06:30:00+02:00,0.146453
2026-07-28T06:45:00+02:00,0.148005
2026-07-28T07:00:00+02:00,0.147833
2026-07-28T07:15:00+02:00,0.147833
2026-07-28T07:30:00+02:00,0.148868
2026-07-28T07:45:00+02:00,0.148695
2026-07-28T08:00:00+02:00,0.148523
2026-07-28T08:15:00+02:00,0.149213
2026-07-28T08:30:00+02:00,0.148868
2026-07-28T08:45:00+02:00,0.14973
2026-07-28T09:00:00+02:00,0.148954
2026-07-28T09:15:00+02:00,0.147833
2026-07-28T09:30:00+02:00,0.14904
2026-07-28T09:45:00+02:00,0.147833
2026-07-28T10:00:00+02:00,0.147315
2026-07-28T10:15:00+02:00,0.14766
2026-07-28T10:30:00+02:00,0.149385
2026-07-28T10:45:00+02:00,0.148178
2026-07-28T11:00:00+02:00,0.14628
2026-07-28T11:15:00+02:00,0.1449
2026-07-28T11:30:00+02:00,0.146453
2026-07-28T11:45:00+02:00,0.14628
2026-07-28T12:00:00+02:00,0.145417
2026-07-28T12:15:00+02:00,0.147315
2026-07-28T12:30:00+02:00,0.146798
2026-07-28T12:45:00+02:00,0.146798
2026-07-28T13:00:00+02:00,0.14766
2026-07-28T13:15:00+02:00,0.147833
2026-07-28T13:30:00+02:00,0.148005
2026-07-28T13:45:00+02:00,0.148523
2026-07-28T14:00:00+02:00,0.14697
2026-07-28T14:15:00+02:00,0.147143
2026-07-28T14:30:00+02:00,0.149385
2026-07-28T14:45:00+02:00,0.146798
2026-07-28T15:00:00+02:00,0.14766
2026-07-28T15:15:00+02:00,0.147488
2026-07-28T15:30:00+02:00,0.148695
2026-07-28T15:45:00+02:00,0.147315
2026-07-28T16:00:00+02:00,0.147315
2026-07-28T16:15:00+02:00,0.146108
2026-07-28T16:30:00+02:00,0.148523
2026-07-28T16:45:00+02:00,0.14766
2026-07-28T17:00:00+02:00,0.148523
2026-07-28T17:15:00+02:00,0.147746
2026-07-28T17:30:00+02:00,0.147833
2026-07-28T17:45:00+02:00,0.148868
2026-07-28T18:00:00+02:00,0.14697
2026-07-28T18:15:00+02:00,0.147833
2026-07-28T18:30:00+02:00,0.14766
2026-07-28T18:45:00+02:00,0.14697
2026-07-28T19:00:00+02:00,0.146108
2026-07-28T19:15:00+02:00,0.147315
2026-07-28T19:30:00+02:00,0.146798
2026-07-28T19:45:00+02:00,0.147143
2026-07-28T20:00:00+02:00,0.148523
2026-07-28T20:15:00+02:00,0.149385
2026-07-28T20:30:00+02:00,0.148005
2026-07-28T20:45:00+02:00,0.149213
2026-07-28T21:00:00+02:00,0.148523
2026-07-28T21:15:00+02:00,0.148695
2026-07-28T21:30:00+02:00,0.148005
2026-07-28T21:45:00+02:00,0.147833
2026-07-28T22:00:00+02:00,0.161805
2026-07-28T22:15:00+02:00,0.154387
2026-07-28T22:30:00+02:00,0.1518
2026-07-28T22:45:00+02:00,0.149558
2026-07-28T23:00:00+02:00,0.150075
2026-07-28T23:15:00+02:00,0.150765
2026-07-28T23:30:00+02:00,0.14973
2026-07-28T23:45:00+02:00,0.150075
2026-07-29T00:00:00+02:00,0.14904
2026-07-29T00:15:00+02:00,0.148178
2026-07-29T00:30:00+02:00,0.147315
2026-07-29T00:45:00+02:00,0.145935
2026-07-29T01:00:00+02:00,0.146453
2026-07-29T01:15:00+02:00,0.146798
2026-07-29T01:30:00+02:00,0.145935
2026-07-29T01:45:00+02:00,0.145935
2026-07-29T02:00:00+02:00,0.14835
2026-07-29T02:15:00+02:00,0.146798
2026-07-29T02:30:00+02:00,0.148868
2026-07-29T02:45:00+02:00,0.148868
2026-07-29T03:00:00+02:00,0.148178
2026-07-29T03:15:00+02:00,0.148178
2026-07-29T03:30:00+02:00,0.151283
2026-07-29T03:45:00+02:00,0.149903
2026-07-29T04:00:00+02:00,0.147315
2026-07-29T04:15:00+02:00,0.14904
2026-07-29T04:30:00+02:00,0.149385
2026-07-29T04:45:00+02:00,0.150765
2026-07-29T05:00:00+02:00,0.14835
2026-07-29T05:15:00+02:00,0.150075
2026-07-29T05:30:00+02:00,0.15111
2026-07-29T05:45:00+02:00,0.15663
2026-07-29T06:00:00+02:00,0.148005
2026-07-29T06:15:00+02:00,0.14835
2026-07-29T06:30:00+02:00,0.146798
2026-07-29T06:45:00+02:00,0.145245
2026-07-29T07:00:00+02:00,0.145763
2026-07-29T07:15:00+02:00,0.147315
2026-07-29T07:30:00+02:00,0.147143
2026-07-29T07:45:00+02:00,0.14766
2026-07-29T08:00:00+02:00,0.146625
2026-07-29T08:15:00+02:00,0.147315
2026-07-29T08:30:00+02:00,0.1587
2026-07-29T08:45:00+02:00,0.156457
2026-07-29T09:00:00+02:00,0.186128
2026-07-29T09:15:00+02:00,0.15456
2026-07-29T09:30:00+02:00,0.15387
2026-07-29T09:45:00+02:00,0.163875
2026-07-29T10:00:00+02:00,0.140932
2026-07-29T10:15:00+02:00,0.164393
2026-07-29T10:30:00+02:00,0.166635
2026-07-29T10:45:00+02:00,0.151196
2026-07-29T11:00:00+02:00,0.150765
2026-07-29T11:15:00+02:00,0.151283
2026-07-29T11:30:00+02:00,0.15111
2026-07-29T11:45:00+02:00,0.15042
2026-07-29T12:00:00+02:00,0.148695
2026-07-29T12:15:00+02:00,0.148868
2026-07-29T12:30:00+02:00,0.149558
2026-07-29T12:45:00+02:00,0.15111
2026-07-29T13:00:00+02:00,0.151283
2026-07-29T13:15:00+02:00,0.153353
2026-07-29T13:30:00+02:00,0.171982
2026-07-29T13:45:00+02:00,0.17457
2026-07-29T14:00:00+02:00,0.19458
2026-07-29T14:15:00+02:00,0.189923
2026-07-29T14:30:00+02:00,0.175088
2026-07-29T14:45:00+02:00,0.195615
2026-07-29T15:00:00+02:00,0.184489
2026-07-29T15:15:00+02:00,0.170775
2026-07-29T15:30:00+02:00,0.223905
2026-07-29T15:45:00+02:00,0.269186
2026-07-29T16:00:00+02:00,0.229425
2026-07-29T16:15:00+02:00,0.150161
2026-07-29T16:30:00+02:00,0.190268
2026-07-29T16:45:00+02:00,0.217005
2026-07-29T17:00:00+02:00,0.261079
2026-07-29T17:15:00+02:00,0.20148
2026-07-29T17:30:00+02:00,0.176295
2026-07-29T17:45:00+02:00,0.2346
2026-07-29T18:00:00+02:00,0.209243
2026-07-29T18:15:00+02:00,0.218385
2026-07-29T18:30:00+02:00,0.247882
2026-07-29T18:45:00+02:00,0.226837
2026-07-29T19:00:00+02:00,0.208466
2026-07-29T19:15:00+02:00,0.229252
2026-07-29T19:30:00+02:00,0.229511
2026-07-29T19:45:00+02:00,0.1656
2026-07-29T20:00:00+02:00,0.150765
2026-07-29T20:15:00+02:00,0.212003
2026-07-29T20:30:00+02:00,0.26772
2026-07-29T20:45:00+02:00,0.230632
2026-07-29T21:00:00+02:00,0.176468
2026-07-29T21:15:00+02:00,0.234083
2026-07-29T21:30:00+02:00,0.195615
2026-07-29T21:45:00+02:00,0.14973
2026-07-29T22:00:00+02:00,0.210536
2026-07-29T22:15:00+02:00,0.207345
2026-07-29T22:30:00+02:00,0.222094
2026-07-29T22:45:00+02:00,0.217005
2026-07-29T23:00:00+02:00,0.232444
2026-07-29T23:15:00+02:00,0.233738
2026-07-29T23:30:00+02:00,0.245036
2026-07-29T23:45:00+02:00,0.211485
2026-07-30T00:00:00+02:00,0.201394
2026-07-30T00:15:00+02:00,0.216315
2026-07-30T00:30:00+02:00,0.192596
2026-07-30T00:45:00+02:00,0.224423
2026-07-30T01:00:00+02:00,0.229943
2026-07-30T01:15:00+02:00,0.244433
2026-07-30T01:30:00+02:00,0.223388
2026-07-30T01:45:00+02:00,0.218213
2026-07-30T02:00:00+02:00,0.224423
2026-07-30T02:15:00+02:00,0.230805
2026-07-30T02:30:00+02:00,0.234255
2026-07-30T02:45:00+02:00,0.224423
2026-07-30T03:00:00+02:00,0.228735
2026-07-30T03:15:00+02:00,0.223388
2026-07-30T03:30:00+02:00,0.207518
2026-07-30T03:45:00+02:00,0.192855
2026-07-30T04:00:00+02:00,0.218816
2026-07-30T04:15:00+02:00,0.228218
2026-07-30T04:30:00+02:00,0.21735
2026-07-30T04:45:00+02:00,0.238568
2026-07-30T05:00:00+02:00,0.219938
2026-07-30T05:15:00+02:00,0.21735
2026-07-30T05:30:00+02:00,0.214504
2026-07-30T05:45:00+02:00,0.150938
2026-07-30T06:00:00+02:00,0.266685
2026-07-30T06:15:00+02:00,0.254696
2026-07-30T06:30:00+02:00,0.267893
2026-07-30T06:45:00+02:00,0.257025
2026-07-30T07:00:00+02:00,0.254524
2026-07-30T07:15:00+02:00,0.23529
2026-07-30T07:30:00+02:00,0.17319
2026-07-30T07:45:00+02:00,0.253144
2026-07-30T08:00:00+02:00,0.224595
2026-07-30T08:15:00+02:00,0.189405
2026-07-30T08:30:00+02:00,0.211399
2026-07-30T08:45:00+02:00,0.19803
2026-07-30T09:00:00+02:00,0.150248
2026-07-30T09:15:00+02:00,0.148005
2026-07-30T09:30:00+02:00,0.149903
2026-07-30T09:45:00+02:00,0.148868
2026-07-30T10:00:00+02:00,0.286954
2026-07-30T10:15:00+02:00,0.256853
2026-07-30T10:30:00+02:00,0.25599
2026-07-30T10:45:00+02:00,0.244087
2026-07-30T11:00:00+02:00,0.277984
2026-07-30T11:15:00+02:00,0.247882
2026-07-30T11:30:00+02:00,0.158873
2026-07-30T11:45:00+02:00,0.215021
2026-07-30T12:00:00+02:00,0.263752
2026-07-30T12:15:00+02:00,0.306705
2026-07-30T12:30:00+02:00,0.243397
2026-07-30T12:45:00+02:00,0.265736
2026-07-30T13:00:00+02:00,0.237015
2026-07-30T13:15:00+02:00,0.316796
2026-07-30T13:30:00+02:00,0.185437
2026-07-30T13:45:00+02:00,0.14904
2026-07-30T14:00:00+02:00,0.213383
2026-07-30T14:15:00+02:00,0.163875
2026-07-30T14:30:00+02:00,0.150248
2026-07-30T14:45:00+02:00,0.20424
2026-07-30T15:00:00+02:00,0.17457
2026-07-30T15:15:00+02:00,0.14904
2026-07-30T15:30:00+02:00,0.206138
2026-07-30T15:45:00+02:00,0.1863
2026-07-30T16:00:00+02:00,0.14835
2026-07-30T16:15:00+02:00,0.204412
2026-07-30T16:30:00+02:00,0.193631
2026-07-30T16:45:00+02:00,0.149385
2026-07-30T17:00:00+02:00,0.200014
2026-07-30T17:15:00+02:00,0.197168
2026-07-30T17:30:00+02:00,0.151024
2026-07-30T17:45:00+02:00,0.193373
2026-07-30T18:00:00+02:00,0.199669
2026-07-30T18:15:00+02:00,0.150765
2026-07-30T18:30:00+02:00,0.184575
2026-07-30T18:45:00+02:00,0.212003
2026-07-30T19:00:00+02:00,0.150075
2026-07-30T19:15:00+02:00,0.167325
2026-07-30T19:30:00+02:00,0.21597
2026-07-30T19:45:00+02:00,0.151541
2026-07-30T20:00:00+02:00,0.150248
2026-07-30T20:15:00+02:00,0.22494
2026-07-30T20:30:00+02:00,0.15525
2026-07-30T20:45:00+02:00,0.1518
2026-07-30T21:00:00+02:00,0.178538
2026-07-30T21:15:00+02:00,0.191389
2026-07-30T21:30:00+02:00,0.151628
2026-07-30T21:45:00+02:00,0.152145
2026-07-30T22:00:00+02:00,0.184316
2026-07-30T22:15:00+02:00,0.278243
2026-07-30T22:30:00+02:00,0.220455
2026-07-30T22:45:00+02:00,0.181556
2026-07-30T23:00:00+02:00,0.193373
2026-07-30T23:15:00+02:00,0.20769
2026-07-30T23:30:00+02:00,0.23736
2026-07-30T23:45:00+02:00,0.154474
2026-07-31T00:00:00+02:00,0.14973
2026-07-31T00:15:00+02:00,0.150248
2026-07-31T00:30:00+02:00,0.148178
2026-07-31T00:45:00+02:00,0.147833
2026-07-31T01:00:00+02:00,0.150248
2026-07-31T01:15:00+02:00,0.150679
2026-07-31T01:30:00+02:00,0.150248
2026-07-31T01:45:00+02:00,0.150248
2026-07-31T02:00:00+02:00,0.15042
2026-07-31T02:15:00+02:00,0.150851
2026-07-31T02:30:00+02:00,0.151455
2026-07-31T02:45:00+02:00,0.149903
2026-07-31T03:00:00+02:00,0.151283
2026-07-31T03:15:00+02:00,0.150075
2026-07-31T03:30:00+02:00,0.15042
2026-07-31T03:45:00+02:00,0.15111
2026-07-31T04:00:00+02:00,0.149385
2026-07-31T04:15:00+02:00,0.147919
2026-07-31T04:30:00+02:00,0.149385
2026-07-31T04:45:00+02:00,0.150938
2026-07-31T05:00:00+02:00,0.15111
2026-07-31T05:15:00+02:00,0.151455
2026-07-31T05:30:00+02:00,0.150593
2026-07-31T05:45:00+02:00,0.148178
2026-07-31T06:00:00+02:00,0.148523
2026-07-31T06:15:00+02:00,0.150248
2026-07-31T06:30:00+02:00,0.150938
2026-07-31T06:45:00+02:00,0.150248
2026-07-31T07:00:00+02:00,0.150593
2026-07-31T07:15:00+02:00,0.150938
2026-07-31T07:30:00+02:00,0.150938
2026-07-31T07:45:00+02:00,0.15042
2026-07-31T08:00:00+02:00,0.159735
2026-07-31T08:15:00+02:00,0.149903
2026-07-31T08:30:00+02:00,0.15042
2026-07-31T08:45:00+02:00,0.152318
2026-07-31T09:00:00+02:00,0.147746
2026-07-31T09:15:00+02:00,0.15042
2026-07-31T09:30:00+02:00,0.152318
2026-07-31T09:45:00+02:00,0.15042
2026-07-31T10:00:00+02:00,0.149385
2026-07-31T10:15:00+02:00,0.15042
2026-07-31T10:30:00+02:00,0.150161
2026-07-31T10:45:00+02:00,0.148695
2026-07-31T11:00:00+02:00,0.14766
2026-07-31T11:15:00+02:00,0.147488
2026-07-31T11:30:00+02:00,0.150075
2026-07-31T11:45:00+02:00,0.14904
2026-07-31T12:00:00+02:00,0.14697
2026-07-31T12:15:00+02:00,0.147833
2026-07-31T12:30:00+02:00,0.14904
2026-07-31T12:45:00+02:00,0.150075
2026-07-31T13:00:00+02:00,0.150075
2026-07-31T13:15:00+02:00,0.196564
2026-07-31T13:30:00+02:00,0.15732
2026-07-31T13:45:00+02:00,0.14973
2026-07-31T14:00:00+02:00,0.150593
2026-07-31T14:15:00+02:00,0.149816
2026-07-31T14:30:00+02:00,0.143347
2026-07-31T14:45:00+02:00,0.199238
2026-07-31T15:00:00+02:00,0.16215
2026-07-31T15:15:00+02:00,0.167325
2026-07-31T15:30:00+02:00,0.148523
2026-07-31T15:45:00+02:00,0.199151
2026-07-31T16:00:00+02:00,0.164048
2026-07-31T16:15:00+02:00,0.14766
2026-07-31T16:30:00+02:00,0.149903
2026-07-31T16:45:00+02:00,0.200445
2026-07-31T17:00:00+02:00,0.164738
2026-07-31T17:15:00+02:00,0.151369
2026-07-31T17:30:00+02:00,0.14973
2026-07-31T17:45:00+02:00,0.220455
2026-07-31T18:00:00+02:00,0.150075
2026-07-31T18:15:00+02:00,0.152145
2026-07-31T18:30:00+02:00,0.154215
2026-07-31T18:45:00+02:00,0.219506
2026-07-31T19:00:00+02:00,0.146625
2026-07-31T19:15:00+02:00,0.147746
2026-07-31T19:30:00+02:00,0.148523
2026-07-31T19:45:00+02:00,0.215194
2026-07-31T20:00:00+02:00,0.149385
2026-07-31T20:15:00+02:00,0.149213
2026-07-31T20:30:00+02:00,0.150248
2026-07-31T20:45:00+02:00,0.149385
2026-07-31T21:00:00+02:00,0.180953
2026-07-31T21:15:00+02:00,0.174829
2026-07-31T21:30:00+02:00,0.148523
2026-07-31T21:45:00+02:00,0.144555
2026-07-31T22:00:00+02:00,0.146108
2026-07-31T22:15:00+02:00,0.14628
2026-07-31T22:30:00+02:00,0.147143
2026-07-31T22:45:00+02:00,0.202946
2026-07-31T23:00:00+02:00,0.148695
2026-07-31T23:15:00+02:00,0.148005
2026-07-31T23:30:00+02:00,0.14904
2026-07-31T23:45:00+02:00,0.151455
2026-08-01T00:00:00+02:00,0.1518
2026-08-01T00:15:00+02:00,0.149558
2026-08-01T00:30:00+02:00,0.147919
2026-08-01T00:45:00+02:00,0.14766
2026-08-01T01:00:00+02:00,0.148695
2026-08-01T01:15:00+02:00,0.149385
2026-08-01T01:30:00+02:00,0.150248
2026-08-01T01:45:00+02:00,0.150075
2026-08-01T02:00:00+02:00,0.14904
2026-08-01T02:15:00+02:00,0.150765
2026-08-01T02:30:00+02:00,0.150593
2026-08-01T02:45:00+02:00,0.150593
2026-08-01T03:00:00+02:00,0.14973
2026-08-01T03:15:00+02:00,0.149385
2026-08-01T03:30:00+02:00,0.150938
2026-08-01T03:45:00+02:00,0.150765
2026-08-01T04:00:00+02:00,0.149385
2026-08-01T04:15:00+02:00,0.151024
2026-08-01T04:30:00+02:00,0.15111
2026-08-01T04:45:00+02:00,0.14904
2026-08-01T05:00:00+02:00,0.15111
2026-08-01T05:15:00+02:00,0.150506
2026-08-01T05:30:00+02:00,0.14904
2026-08-01T05:45:00+02:00,0.14628
2026-08-01T06:00:00+02:00,0.146625
2026-08-01T06:15:00+02:00,0.143865
2026-08-01T06:30:00+02:00,0.145159
2026-08-01T06:45:00+02:00,0.14559
2026-08-01T07:00:00+02:00,0.144727
2026-08-01T07:15:00+02:00,0.146108
2026-08-01T07:30:00+02:00,0.145763
2026-08-01T07:45:00+02:00,0.144641
2026-08-01T08:00:00+02:00,0.145073
2026-08-01T08:15:00+02:00,0.145935
2026-08-01T08:30:00+02:00,0.144555
2026-08-01T08:45:00+02:00,0.146108
2026-08-01T09:00:00+02:00,0.145073
2026-08-01T09:15:00+02:00,0.145072
2026-08-01T09:30:00+02:00,0.146625
2026-08-01T09:45:00+02:00,0.146108
2026-08-01T10:00:00+02:00,0.145417
2026-08-01T10:15:00+02:00,0.143692
2026-08-01T10:30:00+02:00,0.145935
2026-08-01T10:45:00+02:00,0.148436
2026-08-01T11:00:00+02:00,0.145935
2026-08-01T11:15:00+02:00,0.145418
2026-08-01T11:30:00+02:00,0.14421
2026-08-01T11:45:00+02:00,0.146108
2026-08-01T12:00:00+02:00,0.147143
2026-08-01T12:15:00+02:00,0.145763
2026-08-01T12:30:00+02:00,0.1449
2026-08-01T12:45:00+02:00,0.14559
2026-08-01T13:00:00+02:00,0.1449
2026-08-01T13:15:00+02:00,0.146798
2026-08-01T13:30:00+02:00,0.145331
2026-08-01T13:45:00+02:00,0.147315
2026-08-01T14:00:00+02:00,0.146107
2026-08-01T14:15:00+02:00,0.147315
2026-08-01T14:30:00+02:00,0.146625
2026-08-01T14:45:00+02:00,0.145418
2026-08-01T15:00:00+02:00,0.1449
2026-08-01T15:15:00+02:00,0.144382
2026-08-01T15:30:00+02:00,0.1449
2026-08-01T15:45:00+02:00,0.145935
2026-08-01T16:00:00+02:00,0.146625
2026-08-01T16:15:00+02:00,0.14697
2026-08-01T16:30:00+02:00,0.14697
2026-08-01T16:45:00+02:00,0.147833
2026-08-01T17:00:00+02:00,0.147143
2026-08-01T17:15:00+02:00,0.146453
2026-08-01T17:30:00+02:00,0.14559
2026-08-01T17:45:00+02:00,0.146798
2026-08-01T18:00:00+02:00,0.146453
2026-08-01T18:15:00+02:00,0.148178
2026-08-01T18:30:00+02:00,0.147833
2026-08-01T18:45:00+02:00,0.147143
2026-08-01T19:00:00+02:00,0.145849
2026-08-01T19:15:00+02:00,0.14559
2026-08-01T19:30:00+02:00,0.147833
2026-08-01T19:45:00+02:00,0.14697
2026-08-01T20:00:00+02:00,0.146625
2026-08-01T20:15:00+02:00,0.147833
2026-08-01T20:30:00+02:00,0.145849
2026-08-01T20:45:00+02:00,0.147488
2026-08-01T21:00:00+02:00,0.146625
2026-08-01T21:15:00+02:00,0.145073
2026-08-01T21:30:00+02:00,0.145763
2026-08-01T21:45:00+02:00,0.14697
2026-08-01T22:00:00+02:00,0.146194
2026-08-01T22:15:00+02:00,0.148178
2026-08-01T22:30:00+02:00,0.146453
2026-08-01T22:45:00+02:00,0.146798
2026-08-01T23:00:00+02:00,0.147143
2026-08-01T23:15:00+02:00,0.147315
2026-08-01T23:30:00+02:00,0.145935
2026-08-01T23:45:00+02:00,0.145935
2026-08-02T00:00:00+02:00,0.145935
2026-08-02T00:15:00+02:00,0.146366
2026-08-02T00:30:00+02:00,0.147488
2026-08-02T00:45:00+02:00,0.147143
2026-08-02T01:00:00+02:00,0.149213
2026-08-02T01:15:00+02:00,0.149385
2026-08-02T01:30:00+02:00,0.149213
2026-08-02T01:45:00+02:00,0.149558
2026-08-02T02:00:00+02:00,0.149903
2026-08-02T02:15:00+02:00,0.14835
2026-08-02T02:30:00+02:00,0.147833
2026-08-02T02:45:00+02:00,0.147833
2026-08-02T03:00:00+02:00,0.14904
2026-08-02T03:15:00+02:00,0.14766
2026-08-02T03:30:00+02:00,0.147833
2026-08-02T03:45:00+02:00,0.147315
2026-08-02T04:00:00+02:00,0.147488
2026-08-02T04:15:00+02:00,0.149385
2026-08-02T04:30:00+02:00,0.14766
2026-08-02T04:45:00+02:00,0.146798
2026-08-02T05:00:00+02:00,0.149385
2026-08-02T05:15:00+02:00,0.150075
2026-08-02T05:30:00+02:00,0.150938
2026-08-02T05:45:00+02:00,0.149471
2026-08-02T06:00:00+02:00,0.14904
2026-08-02T06:15:00+02:00,0.14766
2026-08-02T06:30:00+02:00,0.148005
2026-08-02T06:45:00+02:00,0.149903
2026-08-02T07:00:00+02:00,0.147833
2026-08-02T07:15:00+02:00,0.149213
2026-08-02T07:30:00+02:00,0.149213
2026-08-02T07:45:00+02:00,0.146453
2026-08-02T08:00:00+02:00,0.147143
2026-08-02T08:15:00+02:00,0.14766
2026-08-02T08:30:00+02:00,0.147143
2026-08-02T08:45:00+02:00,0.149385
2026-08-02T09:00:00+02:00,0.145763
2026-08-02T09:15:00+02:00,0.14628
2026-08-02T09:30:00+02:00,0.144555
2026-08-02T09:45:00+02:00,0.146108
2026-08-02T10:00:00+02:00,0.147143
2026-08-02T10:15:00+02:00,0.145072
2026-08-02T10:30:00+02:00,0.1449
2026-08-02T10:45:00+02:00,0.14559
2026-08-02T11:00:00+02:00,0.144382
2026-08-02T11:15:00+02:00,0.145935
2026-08-02T11:30:00+02:00,0.146108
2026-08-02T11:45:00+02:00,0.148091
2026-08-02T12:00:00+02:00,0.147315
2026-08-02T12:15:00+02:00,0.148005
2026-08-02T12:30:00+02:00,0.145072
2026-08-02T12:45:00+02:00,0.145935
2026-08-02T13:00:00+02:00,0.145935
2026-08-02T13:15:00+02:00,0.149213
2026-08-02T13:30:00+02:00,0.14697
2026-08-02T13:45:00+02:00,0.148695
2026-08-02T14:00:00+02:00,0.147143
2026-08-02T14:15:00+02:00,0.14628
2026-08-02T14:30:00+02:00,0.148005
2026-08-02T14:45:00+02:00,0.146798
2026-08-02T15:00:00+02:00,0.147833
2026-08-02T15:15:00+02:00,0.146625
2026-08-02T15:30:00+02:00,0.148091
2026-08-02T15:45:00+02:00,0.146453
2026-08-02T16:00:00+02:00,0.147833
2026-08-02T16:15:00+02:00,0.147143
2026-08-02T16:30:00+02:00,0.145417
2026-08-02T16:45:00+02:00,0.1449
2026-08-02T17:00:00+02:00,0.1449
2026-08-02T17:15:00+02:00,0.144555
2026-08-02T17:30:00+02:00,0.143692
2026-08-02T17:45:00+02:00,0.145245
2026-08-02T18:00:00+02:00,0.146108
2026-08-02T18:15:00+02:00,0.146711
2026-08-02T18:30:00+02:00,0.147488
2026-08-02T18:45:00+02:00,0.146798
2026-08-02T19:00:00+02:00,0.14904
2026-08-02T19:15:00+02:00,0.148868
2026-08-02T19:30:00+02:00,0.147401
2026-08-02T19:45:00+02:00,0.14904
2026-08-02T20:00:00+02:00,0.147143
2026-08-02T20:15:00+02:00,0.148868
2026-08-02T20:30:00+02:00,0.148178
2026-08-02T20:45:00+02:00,0.148954
2026-08-02T21:00:00+02:00,0.14973
2026-08-02T21:15:00+02:00,0.15111
2026-08-02T21:30:00+02:00,0.150765
2026-08-02T21:45:00+02:00,0.150765
2026-08-02T22:00:00+02:00,0.196995
2026-08-02T22:15:00+02:00,0.307568
2026-08-02T22:30:00+02:00,0.31533
2026-08-02T22:45:00+02:00,0.303083
2026-08-02T23:00:00+02:00,0.265909
2026-08-02T23:15:00+02:00,0.258578
2026-08-02T23:30:00+02:00,0.255386
2026-08-02T23:45:00+02:00,0.28014
2026-08-03T00:00:00+02:00,0.3174
2026-08-03T00:15:00+02:00,0.330165
2026-08-03T00:30:00+02:00,0.303945
2026-08-03T00:45:00+02:00,0.308947
2026-08-03T01:00:00+02:00,0.307568
2026-08-03T01:15:00+02:00,0.306532
2026-08-03T01:30:00+02:00,0.311621
2026-08-03T01:45:00+02:00,0.295665
2026-08-03T02:00:00+02:00,0.29946
2026-08-03T02:15:00+02:00,0.307826
2026-08-03T02:30:00+02:00,0.330683
2026-08-03T02:45:00+02:00,0.283159
2026-08-03T03:00:00+02:00,0.306533
2026-08-03T03:15:00+02:00,0.314209
2026-08-03T03:30:00+02:00,0.259958
2026-08-03T03:45:00+02:00,0.20424
2026-08-03T04:00:00+02:00,0.193545
2026-08-03T04:15:00+02:00,0.294889
2026-08-03T04:30:00+02:00,0.312053
2026-08-03T04:45:00+02:00,0.316365
2026-08-03T05:00:00+02:00,0.32637
2026-08-03T05:15:00+02:00,0.31188
2026-08-03T05:30:00+02:00,0.308258
2026-08-03T05:45:00+02:00,0.179055
2026-08-03T06:00:00+02:00,0.151628
2026-08-03T06:15:00+02:00,0.150593
2026-08-03T06:30:00+02:00,0.1518
2026-08-03T06:45:00+02:00,0.150075
2026-08-03T07:00:00+02:00,0.150765
2026-08-03T07:15:00+02:00,0.151283
2026-08-03T07:30:00+02:00,0.150938
2026-08-03T07:45:00+02:00,0.149558
2026-08-03T08:00:00+02:00,0.150248
2026-08-03T08:15:00+02:00,0.14973
2026-08-03T08:30:00+02:00,0.150248
2026-08-03T08:45:00+02:00,0.149903
2026-08-03T09:00:00+02:00,0.149903
2026-08-03T09:15:00+02:00,0.150938
2026-08-03T09:30:00+02:00,0.14973
2026-08-03T09:45:00+02:00,0.15042
2026-08-03T10:00:00+02:00,0.14973
2026-08-03T10:15:00+02:00,0.15042
2026-08-03T10:30:00+02:00,0.150075
2026-08-03T10:45:00+02:00,0.14973
2026-08-03T11:00:00+02:00,0.150248
2026-08-03T11:15:00+02:00,0.150075
2026-08-03T11:30:00+02:00,0.150593
2026-08-03T11:45:00+02:00,0.150593
2026-08-03T12:00:00+02:00,0.14973
2026-08-03T12:15:00+02:00,0.151283
2026-08-03T12:30:00+02:00,0.150248
2026-08-03T12:45:00+02:00,0.150075
2026-08-03T13:00:00+02:00,0.150938
2026-08-03T13:15:00+02:00,0.151283
2026-08-03T13:30:00+02:00,0.150593
2026-08-03T13:45:00+02:00,0.14973
2026-08-03T14:00:00+02:00,0.1518
2026-08-03T14:15:00+02:00,0.15042
2026-08-03T14:30:00+02:00,0.147833
2026-08-03T14:45:00+02:00,0.147229
2026-08-03T15:00:00+02:00,0.148178
2026-08-03T15:15:00+02:00,0.149213
2026-08-03T15:30:00+02:00,0.148005
2026-08-03T15:45:00+02:00,0.149385
2026-08-03T16:00:00+02:00,0.147833
2026-08-03T16:15:00+02:00,0.146539
2026-08-03T16:30:00+02:00,0.149385
2026-08-03T16:45:00+02:00,0.149213
2026-08-03T17:00:00+02:00,0.171982
2026-08-03T17:15:00+02:00,0.180521
2026-08-03T17:30:00+02:00,0.148178
2026-08-03T17:45:00+02:00,0.150593
2026-08-03T18:00:00+02:00,0.149903
2026-08-03T18:15:00+02:00,0.148436
2026-08-03T18:30:00+02:00,0.151455
2026-08-03T18:45:00+02:00,0.204068
2026-08-03T19:00:00+02:00,0.154474
2026-08-03T19:15:00+02:00,0.151455
2026-08-03T19:30:00+02:00,0.14973
2026-08-03T19:45:00+02:00,0.148781
2026-08-03T20:00:00+02:00,0.150248
2026-08-03T20:15:00+02:00,0.14973
2026-08-03T20:30:00+02:00,0.150506
2026-08-03T20:45:00+02:00,0.205103
2026-08-03T21:00:00+02:00,0.151455
2026-08-03T21:15:00+02:00,0.150851
2026-08-03T21:30:00+02:00,0.154215
2026-08-03T21:45:00+02:00,0.216832
2026-08-03T22:00:00+02:00,0.294889
2026-08-03T22:15:00+02:00,0.323696
2026-08-03T22:30:00+02:00,0.31464
2026-08-03T22:45:00+02:00,0.304894
2026-08-03T23:00:00+02:00,0.292129
2026-08-03T23:15:00+02:00,0.312052
2026-08-03T23:30:00+02:00,0.301012
2026-08-03T23:45:00+02:00,0.311707
2026-08-04T00:00:00+02:00,0.31188
2026-08-04T00:15:00+02:00,0.30705
2026-08-04T00:30:00+02:00,0.293423
2026-08-04T00:45:00+02:00,0.308344
2026-08-04T01:00:00+02:00,0.32292
2026-08-04T01:15:00+02:00,0.249176
2026-08-04T01:30:00+02:00,0.25392
2026-08-04T01:45:00+02:00,0.240379
2026-08-04T02:00:00+02:00,0.27324
2026-08-04T02:15:00+02:00,0.326284
2026-08-04T02:30:00+02:00,0.30084
2026-08-04T02:45:00+02:00,0.301961
2026-08-04T03:00:00+02:00,0.303083
2026-08-04T03:15:00+02:00,0.324904
2026-08-04T03:30:00+02:00,0.22218
2026-08-04T03:45:00+02:00,0.21459
2026-08-04T04:00:00+02:00,0.285315
2026-08-04T04:15:00+02:00,0.317831
2026-08-04T04:30:00+02:00,0.28773
2026-08-04T04:45:00+02:00,0.296959
2026-08-04T05:00:00+02:00,0.28083
2026-08-04T05:15:00+02:00,0.295406
2026-08-04T05:30:00+02:00,0.277553
2026-08-04T05:45:00+02:00,0.203033
2026-08-04T06:00:00+02:00,0.150593
2026-08-04T06:15:00+02:00,0.149558
2026-08-04T06:30:00+02:00,0.15042
2026-08-04T06:45:00+02:00,0.15111
2026-08-04T07:00:00+02:00,0.150593
2026-08-04T07:15:00+02:00,0.149903
2026-08-04T07:30:00+02:00,0.15111
2026-08-04T07:45:00+02:00,0.149903
2026-08-04T08:00:00+02:00,0.15042
2026-08-04T08:15:00+02:00,0.15111
2026-08-04T08:30:00+02:00,0.150765
2026-08-04T08:45:00+02:00,0.151455
2026-08-04T09:00:00+02:00,0.15111
2026-08-04T09:15:00+02:00,0.149558
2026-08-04T09:30:00+02:00,0.1518
2026-08-04T09:45:00+02:00,0.151283
2026-08-04T10:00:00+02:00,0.150938
2026-08-04T10:15:00+02:00,0.149903
2026-08-04T10:30:00+02:00,0.151628
2026-08-04T10:45:00+02:00,0.150938
2026-08-04T11:00:00+02:00,0.152318
2026-08-04T11:15:00+02:00,0.151283
2026-08-04T11:30:00+02:00,0.151455
2026-08-04T11:45:00+02:00,0.15042
2026-08-04T12:00:00+02:00,0.149989
2026-08-04T12:15:00+02:00,0.150765
2026-08-04T12:30:00+02:00,0.150075
2026-08-04T12:45:00+02:00,0.151283
2026-08-04T13:00:00+02:00,0.150765
2026-08-04T13:15:00+02:00,0.1518
2026-08-04T13:30:00+02:00,0.149385
2026-08-04T13:45:00+02:00,0.151455
2026-08-04T14:00:00+02:00,0.15042
2026-08-04T14:15:00+02:00,0.18285
2026-08-04T14:30:00+02:00,0.17802
2026-08-04T14:45:00+02:00,0.15042
2026-08-04T15:00:00+02:00,0.151369
2026-08-04T15:15:00+02:00,0.151455
2026-08-04T15:30:00+02:00,0.215453
2026-08-04T15:45:00+02:00,0.155681
2026-08-04T16:00:00+02:00,0.149558
2026-08-04T16:15:00+02:00,0.149558
2026-08-04T16:30:00+02:00,0.22356
2026-08-04T16:45:00+02:00,0.149385
2026-08-04T17:00:00+02:00,0.147315
2026-08-04T17:15:00+02:00,0.1587
2026-08-04T17:30:00+02:00,0.213038
2026-08-04T17:45:00+02:00,0.149558
2026-08-04T18:00:00+02:00,0.14973
2026-08-04T18:15:00+02:00,0.18216
2026-08-04T18:30:00+02:00,0.19803
2026-08-04T18:45:00+02:00,0.149903
2026-08-04T19:00:00+02:00,0.151628
2026-08-04T19:15:00+02:00,0.200014
2026-08-04T19:30:00+02:00,0.174743
2026-08-04T19:45:00+02:00,0.149903
2026-08-04T20:00:00+02:00,0.148868
2026-08-04T20:15:00+02:00,0.204326
2026-08-04T20:30:00+02:00,0.167325
2026-08-04T20:45:00+02:00,0.150075
2026-08-04T21:00:00+02:00,0.149903
2026-08-04T21:15:00+02:00,0.172328
2026-08-04T21:30:00+02:00,0.234945
2026-08-04T21:45:00+02:00,0.211399
2026-08-04T22:00:00+02:00,0.304808
2026-08-04T22:15:00+02:00,0.285056
2026-08-04T22:30:00+02:00,0.336116
2026-08-04T22:45:00+02:00,0.352762
2026-08-04T23:00:00+02:00,0.302996
2026-08-04T23:15:00+02:00,0.312139
2026-08-04T23:30:00+02:00,0.304376
2026-08-04T23:45:00+02:00,0.28359
2026-08-05T00:00:00+02:00,0.284884
2026-08-05T00:15:00+02:00,0.346725
2026-08-05T00:30:00+02:00,0.295492
2026-08-05T00:45:00+02:00,0.303686
2026-08-05T01:00:00+02:00,0.305153
2026-08-05T01:15:00+02:00,0.307223
2026-08-05T01:30:00+02:00,0.30084
2026-08-05T01:45:00+02:00,0.308257
2026-08-05T02:00:00+02:00,0.313346
2026-08-05T02:15:00+02:00,0.311535
2026-08-05T02:30:00+02:00,0.32361
2026-08-05T02:45:00+02:00,0.329044
2026-08-05T03:00:00+02:00,0.306532
2026-08-05T03:15:00+02:00,0.301875
2026-08-05T03:30:00+02:00,0.215107
2026-08-05T03:45:00+02:00,0.225802
2026-08-05T04:00:00+02:00,0.277725
2026-08-05T04:15:00+02:00,0.31395
2026-08-05T04:30:00+02:00,0.29256
2026-08-05T04:45:00+02:00,0.31464
2026-08-05T05:00:00+02:00,0.296959
2026-08-05T05:15:00+02:00,0.291698
2026-08-05T05:30:00+02:00,0.269617
2026-08-05T05:45:00+02:00,0.157665
2026-08-05T06:00:00+02:00,0.15042
2026-08-05T06:15:00+02:00,0.15042
2026-08-05T06:30:00+02:00,0.150075
2026-08-05T06:45:00+02:00,0.151455
2026-08-05T07:00:00+02:00,0.15111
2026-08-05T07:15:00+02:00,0.150334
2026-08-05T07:30:00+02:00,0.150938
2026-08-05T07:45:00+02:00,0.149903
2026-08-05T08:00:00+02:00,0.147315
2026-08-05T08:15:00+02:00,0.150248
2026-08-05T08:30:00+02:00,0.150248
2026-08-05T08:45:00+02:00,0.14904
2026-08-05T09:00:00+02:00,0.14973
2026-08-05T09:15:00+02:00,0.150938
2026-08-05T09:30:00+02:00,0.15111
2026-08-05T09:45:00+02:00,0.148868
2026-08-05T10:00:00+02:00,0.149558
2026-08-05T10:15:00+02:00,0.150593
2026-08-05T10:30:00+02:00,0.151283
2026-08-05T10:45:00+02:00,0.150075
2026-08-05T11:00:00+02:00,0.149903
2026-08-05T11:15:00+02:00,0.150075
2026-08-05T11:30:00+02:00,0.149213
2026-08-05T11:45:00+02:00,0.151455
2026-08-05T12:00:00+02:00,0.149558
2026-08-05T12:15:00+02:00,0.149989
2026-08-05T12:30:00+02:00,0.14973
2026-08-05T12:45:00+02:00,0.150593
2026-08-05T13:00:00+02:00,0.166463
2026-08-05T13:15:00+02:00,0.189233
2026-08-05T13:30:00+02:00,0.14973
2026-08-05T13:45:00+02:00,0.148868
2026-08-05T14:00:00+02:00,0.215194
2026-08-05T14:15:00+02:00,0.225458
2026-08-05T14:30:00+02:00,0.287816
2026-08-05T14:45:00+02:00,0.217178
2026-08-05T15:00:00+02:00,0.204326
2026-08-05T15:15:00+02:00,0.227873
2026-08-05T15:30:00+02:00,0.227441
2026-08-05T15:45:00+02:00,0.275483
2026-08-05T16:00:00+02:00,0.214935
2026-08-05T16:15:00+02:00,0.218816
2026-08-05T16:30:00+02:00,0.223043
2026-08-05T16:45:00+02:00,0.221835
2026-08-05T17:00:00+02:00,0.28704
2026-08-05T17:15:00+02:00,0.208553
2026-08-05T17:30:00+02:00,0.22977
2026-08-05T17:45:00+02:00,0.21321
2026-08-05T18:00:00+02:00,0.266771
2026-08-05T18:15:00+02:00,0.210795
2026-08-05T18:30:00+02:00,0.219765
2026-08-05T18:45:00+02:00,0.244433
2026-08-05T19:00:00+02:00,0.299288
2026-08-05T19:15:00+02:00,0.213986
2026-08-05T19:30:00+02:00,0.203205
2026-08-05T19:45:00+02:00,0.221576
2026-08-05T20:00:00+02:00,0.260475
2026-08-05T20:15:00+02:00,0.218558
2026-08-05T20:30:00+02:00,0.212434
2026-08-05T20:45:00+02:00,0.230288
2026-08-05T21:00:00+02:00,0.268928
2026-08-05T21:15:00+02:00,0.205189
2026-08-05T21:30:00+02:00,0.236325
2026-08-05T21:45:00+02:00,0.155595
2026-08-05T22:00:00+02:00,0.3105
2026-08-05T22:15:00+02:00,0.367942
2026-08-05T22:30:00+02:00,0.269272
2026-08-05T22:45:00+02:00,0.298684
2026-08-05T23:00:00+02:00,0.294716
2026-08-05T23:15:00+02:00,0.30843
2026-08-05T23:30:00+02:00,0.292215
2026-08-05T23:45:00+02:00,0.287126
2026-08-06T00:00:00+02:00,0.339997
2026-08-06T00:15:00+02:00,0.301616
2026-08-06T00:30:00+02:00,0.274792
2026-08-06T00:45:00+02:00,0.285746
2026-08-06T01:00:00+02:00,0.286005
2026-08-06T01:15:00+02:00,0.297735
2026-08-06T01:30:00+02:00,0.303686
2026-08-06T01:45:00+02:00,0.308948
2026-08-06T02:00:00+02:00,0.289541
2026-08-06T02:15:00+02:00,0.297217
2026-08-06T02:30:00+02:00,0.294112
2026-08-06T02:45:00+02:00,0.2967
2026-08-06T03:00:00+02:00,0.304635
2026-08-06T03:15:00+02:00,0.283418
2026-08-06T03:30:00+02:00,0.213555
2026-08-06T03:45:00+02:00,0.200273
2026-08-06T04:00:00+02:00,0.288334
2026-08-06T04:15:00+02:00,0.310586
2026-08-06T04:30:00+02:00,0.29325
2026-08-06T04:45:00+02:00,0.313346
2026-08-06T05:00:00+02:00,0.307912
2026-08-06T05:15:00+02:00,0.293422
2026-08-06T05:30:00+02:00,0.28566
2026-08-06T05:45:00+02:00,0.1725
2026-08-06T06:00:00+02:00,0.151973
2026-08-06T06:15:00+02:00,0.152145
2026-08-06T06:30:00+02:00,0.151628
2026-08-06T06:45:00+02:00,0.150765
2026-08-06T07:00:00+02:00,0.152145
2026-08-06T07:15:00+02:00,0.15111
2026-08-06T07:30:00+02:00,0.151283
2026-08-06T07:45:00+02:00,0.151283
2026-08-06T08:00:00+02:00,0.15111
2026-08-06T08:15:00+02:00,0.150765
2026-08-06T08:30:00+02:00,0.150938
2026-08-06T08:45:00+02:00,0.150765
2026-08-06T09:00:00+02:00,0.150765
2026-08-06T09:15:00+02:00,0.15111
2026-08-06T09:30:00+02:00,0.150075
2026-08-06T09:45:00+02:00,0.149903
2026-08-06T10:00:00+02:00,0.14973
2026-08-06T10:15:00+02:00,0.150248
2026-08-06T10:30:00+02:00,0.149903
2026-08-06T10:45:00+02:00,0.14973
2026-08-06T11:00:00+02:00,0.150248
2026-08-06T11:15:00+02:00,0.15042
2026-08-06T11:30:00+02:00,0.15042
2026-08-06T11:45:00+02:00,0.149213
2026-08-06T12:00:00+02:00,0.148005
2026-08-06T12:15:00+02:00,0.149558
2026-08-06T12:30:00+02:00,0.151283
2026-08-06T12:45:00+02:00,0.150765
2026-08-06T13:00:00+02:00,0.150765
2026-08-06T13:15:00+02:00,0.201998
2026-08-06T13:30:00+02:00,0.15042
2026-08-06T13:45:00+02:00,0.15111
2026-08-06T14:00:00+02:00,0.237791
2026-08-06T14:15:00+02:00,0.229425
2026-08-06T14:30:00+02:00,0.27462
2026-08-06T14:45:00+02:00,0.238481
2026-08-06T15:00:00+02:00,0.215798
2026-08-06T15:15:00+02:00,0.233479
2026-08-06T15:30:00+02:00,0.260647
2026-08-06T15:45:00+02:00,0.262027
2026-08-06T16:00:00+02:00,0.23253
2026-08-06T16:15:00+02:00,0.223991
2026-08-06T16:30:00+02:00,0.231236
2026-08-06T16:45:00+02:00,0.288765
2026-08-06T17:00:00+02:00,0.214676
2026-08-06T17:15:00+02:00,0.252713
2026-08-06T17:30:00+02:00,0.242104
2026-08-06T17:45:00+02:00,0.280916
2026-08-06T18:00:00+02:00,0.2208
2026-08-06T18:15:00+02:00,0.151455
2026-08-06T18:30:00+02:00,0.162754
2026-08-06T18:45:00+02:00,0.22977
2026-08-06T19:00:00+02:00,0.251764
2026-08-06T19:15:00+02:00,0.230374
2026-08-06T19:30:00+02:00,0.201135
2026-08-06T19:45:00+02:00,0.251419
2026-08-06T20:00:00+02:00,0.23598
2026-08-06T20:15:00+02:00,0.224595
2026-08-06T20:30:00+02:00,0.180435
2026-08-06T20:45:00+02:00,0.232357
2026-08-06T21:00:00+02:00,0.239603
2026-08-06T21:15:00+02:00,0.246416
2026-08-06T21:30:00+02:00,0.208725
2026-08-06T21:45:00+02:00,0.150334
2026-08-06T22:00:00+02:00,0.30084
2026-08-06T22:15:00+02:00,0.31809
2026-08-06T22:30:00+02:00,0.33948
2026-08-06T22:45:00+02:00,0.308085
2026-08-06T23:00:00+02:00,0.310327
2026-08-06T23:15:00+02:00,0.32223
2026-08-06T23:30:00+02:00,0.308171
2026-08-06T23:45:00+02:00,0.326543
2026-08-07T00:00:00+02:00,0.286867
2026-08-07T00:15:00+02:00,0.307654
2026-08-07T00:30:00+02:00,0.299115
2026-08-07T00:45:00+02:00,0.326456
2026-08-07T01:00:00+02:00,0.274102
2026-08-07T01:15:00+02:00,0.292301
2026-08-07T01:30:00+02:00,0.313777
2026-08-07T01:45:00+02:00,0.327577
2026-08-07T02:00:00+02:00,0.293422
2026-08-07T02:15:00+02:00,0.310414
2026-08-07T02:30:00+02:00,0.312742
2026-08-07T02:45:00+02:00,0.304376
2026-08-07T03:00:00+02:00,0.306187
2026-08-07T03:15:00+02:00,0.28773
2026-08-07T03:30:00+02:00,0.220627
2026-08-07T03:45:00+02:00,0.216315
2026-08-07T04:00:00+02:00,0.306274
2026-08-07T04:15:00+02:00,0.334823
2026-08-07T04:30:00+02:00,0.326025
2026-08-07T04:45:00+02:00,0.30153
2026-08-07T05:00:00+02:00,0.292215
2026-08-07T05:15:00+02:00,0.309637
2026-08-07T05:30:00+02:00,0.278846
2026-08-07T05:45:00+02:00,0.155768
2026-08-07T06:00:00+02:00,0.150938
2026-08-07T06:15:00+02:00,0.151628
2026-08-07T06:30:00+02:00,0.151628
2026-08-07T06:45:00+02:00,0.151283
2026-08-07T07:00:00+02:00,0.1518
2026-08-07T07:15:00+02:00,0.150593
2026-08-07T07:30:00+02:00,0.150938
2026-08-07T07:45:00+02:00,0.151283
2026-08-07T08:00:00+02:00,0.1518
2026-08-07T08:15:00+02:00,0.150248
2026-08-07T08:30:00+02:00,0.150938
2026-08-07T08:45:00+02:00,0.150248
2026-08-07T09:00:00+02:00,0.150248
2026-08-07T09:15:00+02:00,0.150765
2026-08-07T09:30:00+02:00,0.149903
2026-08-07T09:45:00+02:00,0.150938
2026-08-07T10:00:00+02:00,0.149903
2026-08-07T10:15:00+02:00,0.147488
2026-08-07T10:30:00+02:00,0.14835
2026-08-07T10:45:00+02:00,0.150075
2026-08-07T11:00:00+02:00,0.149126
2026-08-07T11:15:00+02:00,0.150248
2026-08-07T11:30:00+02:00,0.150075
2026-08-07T11:45:00+02:00,0.150248
2026-08-07T12:00:00+02:00,0.150075
2026-08-07T12:15:00+02:00,0.150248
2026-08-07T12:30:00+02:00,0.149213
2026-08-07T12:45:00+02:00,0.148695
2026-08-07T13:00:00+02:00,0.150075
2026-08-07T13:15:00+02:00,0.150765
2026-08-07T13:30:00+02:00,0.15042
2026-08-07T13:45:00+02:00,0.149903
2026-08-07T14:00:00+02:00,0.148005
2026-08-07T14:15:00+02:00,0.14835
2026-08-07T14:30:00+02:00,0.147315
2026-08-07T14:45:00+02:00,0.149213
2026-08-07T15:00:00+02:00,0.149903
2026-08-07T15:15:00+02:00,0.151283
2026-08-07T15:30:00+02:00,0.150593
2026-08-07T15:45:00+02:00,0.14973
2026-08-07T16:00:00+02:00,0.149558
2026-08-07T16:15:00+02:00,0.147315
2026-08-07T16:30:00+02:00,0.150075
2026-08-07T16:45:00+02:00,0.15042
2026-08-07T17:00:00+02:00,0.148695
2026-08-07T17:15:00+02:00,0.149213
2026-08-07T17:30:00+02:00,0.148264
2026-08-07T17:45:00+02:00,0.149903
2026-08-07T18:00:00+02:00,0.15042
2026-08-07T18:15:00+02:00,0.151628
2026-08-07T18:30:00+02:00,0.152318
2026-08-07T18:45:00+02:00,0.150248
2026-08-07T19:00:00+02:00,0.149644
2026-08-07T19:15:00+02:00,0.15111
2026-08-07T19:30:00+02:00,0.150765
2026-08-07T19:45:00+02:00,0.15042
2026-08-07T20:00:00+02:00,0.149213
2026-08-07T20:15:00+02:00,0.147833
2026-08-07T20:30:00+02:00,0.150506
2026-08-07T20:45:00+02:00,0.149903
2026-08-07T21:00:00+02:00,0.1518
2026-08-07T21:15:00+02:00,0.14973
2026-08-07T21:30:00+02:00,0.14766
2026-08-07T21:45:00+02:00,0.146625
2026-08-07T22:00:00+02:00,0.147833
2026-08-07T22:15:00+02:00,0.14559
2026-08-07T22:30:00+02:00,0.145245
2026-08-07T22:45:00+02:00,0.145417
2026-08-07T23:00:00+02:00,0.145762
2026-08-07T23:15:00+02:00,0.146798
2026-08-07T23:30:00+02:00,0.145417
2026-08-07T23:45:00+02:00,0.147315
2026-08-08T00:00:00+02:00,0.1449
2026-08-08T00:15:00+02:00,0.144037
2026-08-08T00:30:00+02:00,0.146453
2026-08-08T00:45:00+02:00,0.148005
2026-08-08T01:00:00+02:00,0.147833
2026-08-08T01:15:00+02:00,0.148178
2026-08-08T01:30:00+02:00,0.148005
2026-08-08T01:45:00+02:00,0.150075
2026-08-08T02:00:00+02:00,0.150765
2026-08-08T02:15:00+02:00,0.149989
2026-08-08T02:30:00+02:00,0.150248
2026-08-08T02:45:00+02:00,0.148781
2026-08-08T03:00:00+02:00,0.146625
2026-08-08T03:15:00+02:00,0.145935
2026-08-08T03:30:00+02:00,0.148005
2026-08-08T03:45:00+02:00,0.147488
2026-08-08T04:00:00+02:00,0.150075
2026-08-08T04:15:00+02:00,0.14766
2026-08-08T04:30:00+02:00,0.147488
2026-08-08T04:45:00+02:00,0.14697
2026-08-08T05:00:00+02:00,0.145763
2026-08-08T05:15:00+02:00,0.146453
2026-08-08T05:30:00+02:00,0.146884
2026-08-08T05:45:00+02:00,0.146108
2026-08-08T06:00:00+02:00,0.148005
2026-08-08T06:15:00+02:00,0.148523
2026-08-08T06:30:00+02:00,0.149385
2026-08-08T06:45:00+02:00,0.148868
2026-08-08T07:00:00+02:00,0.149903
2026-08-08T07:15:00+02:00,0.150075
2026-08-08T07:30:00+02:00,0.148695
2026-08-08T07:45:00+02:00,0.14766
2026-08-08T08:00:00+02:00,0.14766
2026-08-08T08:15:00+02:00,0.14904
2026-08-08T08:30:00+02:00,0.150075
2026-08-08T08:45:00+02:00,0.14835
2026-08-08T09:00:00+02:00,0.14835
2026-08-08T09:15:00+02:00,0.147315
2026-08-08T09:30:00+02:00,0.146625
2026-08-08T09:45:00+02:00,0.145762
2026-08-08T10:00:00+02:00,0.147833
2026-08-08T10:15:00+02:00,0.14766
2026-08-08T10:30:00+02:00,0.145245
2026-08-08T10:45:00+02:00,0.149903
2026-08-08T11:00:00+02:00,0.149558
2026-08-08T11:15:00+02:00,0.148868
2026-08-08T11:30:00+02:00,0.146884
2026-08-08T11:45:00+02:00,0.149558
2026-08-08T12:00:00+02:00,0.150938
2026-08-08T12:15:00+02:00,0.149558
2026-08-08T12:30:00+02:00,0.146453
2026-08-08T12:45:00+02:00,0.150075
2026-08-08T13:00:00+02:00,0.148523
2026-08-08T13:15:00+02:00,0.148868
2026-08-08T13:30:00+02:00,0.145763
2026-08-08T13:45:00+02:00,0.14904
2026-08-08T14:00:00+02:00,0.14697
2026-08-08T14:15:00+02:00,0.146798
2026-08-08T14:30:00+02:00,0.145072
2026-08-08T14:45:00+02:00,0.145417
2026-08-08T15:00:00+02:00,0.148695
2026-08-08T15:15:00+02:00,0.147919
2026-08-08T15:30:00+02:00,0.147833
2026-08-08T15:45:00+02:00,0.148178
2026-08-08T16:00:00+02:00,0.147143
2026-08-08T16:15:00+02:00,0.147143
2026-08-08T16:30:00+02:00,0.145676
2026-08-08T16:45:00+02:00,0.147315
2026-08-08T17:00:00+02:00,0.146453
2026-08-08T17:15:00+02:00,0.146625
2026-08-08T17:30:00+02:00,0.145935
2026-08-08T17:45:00+02:00,0.14559
2026-08-08T18:00:00+02:00,0.146108
2026-08-08T18:15:00+02:00,0.147315
2026-08-08T18:30:00+02:00,0.14904
2026-08-08T18:45:00+02:00,0.14835
2026-08-08T19:00:00+02:00,0.148264
2026-08-08T19:15:00+02:00,0.147488
2026-08-08T19:30:00+02:00,0.14835
2026-08-08T19:45:00+02:00,0.147315
2026-08-08T20:00:00+02:00,0.14766
2026-08-08T20:15:00+02:00,0.14766
2026-08-08T20:30:00+02:00,0.149903
2026-08-08T20:45:00+02:00,0.14973
2026-08-08T21:00:00+02:00,0.149903
2026-08-08T21:15:00+02:00,0.149903
2026-08-08T21:30:00+02:00,0.148523
2026-08-08T21:45:00+02:00,0.148695
2026-08-08T22:00:00+02:00,0.147143
2026-08-08T22:15:00+02:00,0.147833
2026-08-08T22:30:00+02:00,0.149126
2026-08-08T22:45:00+02:00,0.148695
2026-08-08T23:00:00+02:00,0.147488
2026-08-08T23:15:00+02:00,0.149558
2026-08-08T23:30:00+02:00,0.149644
2026-08-08T23:45:00+02:00,0.14904
2026-08-09T00:00:00+02:00,0.147833
2026-08-09T00:15:00+02:00,0.148005
2026-08-09T00:30:00+02:00,0.14766
2026-08-09T00:45:00+02:00,0.147488
2026-08-09T01:00:00+02:00,0.146798
2026-08-09T01:15:00+02:00,0.147315
2026-08-09T01:30:00+02:00,0.14697
2026-08-09T01:45:00+02:00,0.146453
2026-08-09T02:00:00+02:00,0.148609
2026-08-09T02:15:00+02:00,0.147315
2026-08-09T02:30:00+02:00,0.147488
2026-08-09T02:45:00+02:00,0.14766
2026-08-09T03:00:00+02:00,0.14835
2026-08-09T03:15:00+02:00,0.148178
2026-08-09T03:30:00+02:00,0.14697
2026-08-09T03:45:00+02:00,0.147833
2026-08-09T04:00:00+02:00,0.146453
2026-08-09T04:15:00+02:00,0.148695
2026-08-09T04:30:00+02:00,0.148523
2026-08-09T04:45:00+02:00,0.14697
2026-08-09T05:00:00+02:00,0.146884
2026-08-09T05:15:00+02:00,0.14766
2026-08-09T05:30:00+02:00,0.147833
2026-08-09T05:45:00+02:00,0.14835
2026-08-09T06:00:00+02:00,0.147833
2026-08-09T06:15:00+02:00,0.14835
2026-08-09T06:30:00+02:00,0.147833
2026-08-09T06:45:00+02:00,0.14904
2026-08-09T07:00:00+02:00,0.15042
2026-08-09T07:15:00+02:00,0.149558
2026-08-09T07:30:00+02:00,0.149385
2026-08-09T07:45:00+02:00,0.14766
2026-08-09T08:00:00+02:00,0.145763
2026-08-09T08:15:00+02:00,0.145763
2026-08-09T08:30:00+02:00,0.14559
2026-08-09T08:45:00+02:00,0.146108
2026-08-09T09:00:00+02:00,0.145763
2026-08-09T09:15:00+02:00,0.145418
2026-08-09T09:30:00+02:00,0.1449
2026-08-09T09:45:00+02:00,0.14421
2026-08-09T10:00:00+02:00,0.14421
2026-08-09T10:15:00+02:00,0.14421
2026-08-09T10:30:00+02:00,0.146798
2026-08-09T10:45:00+02:00,0.148005
2026-08-09T11:00:00+02:00,0.147315
2026-08-09T11:15:00+02:00,0.145935
2026-08-09T11:30:00+02:00,0.148264
2026-08-09T11:45:00+02:00,0.149558
2026-08-09T12:00:00+02:00,0.148695
2026-08-09T12:15:00+02:00,0.149385
2026-08-09T12:30:00+02:00,0.147833
2026-08-09T12:45:00+02:00,0.14835
2026-08-09T13:00:00+02:00,0.14766
2026-08-09T13:15:00+02:00,0.14697
2026-08-09T13:30:00+02:00,0.148178
2026-08-09T13:45:00+02:00,0.14697
2026-08-09T14:00:00+02:00,0.148005
2026-08-09T14:15:00+02:00,0.145849
2026-08-09T14:30:00+02:00,0.145245
2026-08-09T14:45:00+02:00,0.146798
2026-08-09T15:00:00+02:00,0.14766
2026-08-09T15:15:00+02:00,0.154991
2026-08-09T15:30:00+02:00,0.185265
2026-08-09T15:45:00+02:00,0.146453
2026-08-09T16:00:00+02:00,0.147833
2026-08-09T16:15:00+02:00,0.14559
2026-08-09T16:30:00+02:00,0.145935
2026-08-09T16:45:00+02:00,0.144727
2026-08-09T17:00:00+02:00,0.146798
2026-08-09T17:15:00+02:00,0.202601
2026-08-09T17:30:00+02:00,0.147143
2026-08-09T17:45:00+02:00,0.147488
2026-08-09T18:00:00+02:00,0.146798
2026-08-09T18:15:00+02:00,0.149903
2026-08-09T18:30:00+02:00,0.150593
2026-08-09T18:45:00+02:00,0.14973
2026-08-09T19:00:00+02:00,0.204326
2026-08-09T19:15:00+02:00,0.149213
2026-08-09T19:30:00+02:00,0.149385
2026-08-09T19:45:00+02:00,0.147488
2026-08-09T20:00:00+02:00,0.14904
2026-08-09T20:15:00+02:00,0.149903
2026-08-09T20:30:00+02:00,0.15042
2026-08-09T20:45:00+02:00,0.148868
2026-08-09T21:00:00+02:00,0.14973
2026-08-09T21:15:00+02:00,0.149385
2026-08-09T21:30:00+02:00,0.151628
2026-08-09T21:45:00+02:00,0.15042
2026-08-09T22:00:00+02:00,0.15111
2026-08-09T22:15:00+02:00,0.150248
2026-08-09T22:30:00+02:00,0.148264
2026-08-09T22:45:00+02:00,0.149558
2026-08-09T23:00:00+02:00,0.149385
2026-08-09T23:15:00+02:00,0.150334
2026-08-09T23:30:00+02:00,0.14904
2026-08-09T23:45:00+02:00,0.149558
2026-08-10T00:00:00+02:00,0.149213
2026-08-10T00:15:00+02:00,0.149903
2026-08-10T00:30:00+02:00,0.150248
2026-08-10T00:45:00+02:00,0.14904
2026-08-10T01:00:00+02:00,0.149903
2026-08-10T01:15:00+02:00,0.149903
2026-08-10T01:30:00+02:00,0.149385
2026-08-10T01:45:00+02:00,0.151455
2026-08-10T02:00:00+02:00,0.149213
2026-08-10T02:15:00+02:00,0.148523
2026-08-10T02:30:00+02:00,0.149385
2026-08-10T02:45:00+02:00,0.14766
2026-08-10T03:00:00+02:00,0.14766
2026-08-10T03:15:00+02:00,0.147574
2026-08-10T03:30:00+02:00,0.148695
2026-08-10T03:45:00+02:00,0.149213
2026-08-10T04:00:00+02:00,0.149385
2026-08-10T04:15:00+02:00,0.147143
2026-08-10T04:30:00+02:00,0.14628
2026-08-10T04:45:00+02:00,0.148868
2026-08-10T05:00:00+02:00,0.148695
2026-08-10T05:15:00+02:00,0.149558
2026-08-10T05:30:00+02:00,0.150248
2026-08-10T05:45:00+02:00,0.150334
2026-08-10T06:00:00+02:00,0.151283
2026-08-10T06:15:00+02:00,0.150765
2026-08-10T06:30:00+02:00,0.150938
2026-08-10T06:45:00+02:00,0.150765
2026-08-10T07:00:00+02:00,0.151196
2026-08-10T07:15:00+02:00,0.150765
2026-08-10T07:30:00+02:00,0.150938
2026-08-10T07:45:00+02:00,0.150765
2026-08-10T08:00:00+02:00,0.150765
2026-08-10T08:15:00+02:00,0.151973
2026-08-10T08:30:00+02:00,0.150938
2026-08-10T08:45:00+02:00,0.15042
2026-08-10T09:00:00+02:00,0.148695
2026-08-10T09:15:00+02:00,0.150765
2026-08-10T09:30:00+02:00,0.15249
2026-08-10T09:45:00+02:00,0.152145
2026-08-10T10:00:00+02:00,0.150765
2026-08-10T10:15:00+02:00,0.15111
2026-08-10T10:30:00+02:00,0.150075
2026-08-10T10:45:00+02:00,0.150765
2026-08-10T11:00:00+02:00,0.150248
2026-08-10T11:15:00+02:00,0.150765
2026-08-10T11:30:00+02:00,0.150765
2026-08-10T11:45:00+02:00,0.15042
2026-08-10T12:00:00+02:00,0.149385
2026-08-10T12:15:00+02:00,0.149213
2026-08-10T12:30:00+02:00,0.204758
2026-08-10T12:45:00+02:00,0.149903
2026-08-10T13:00:00+02:00,0.150593
2026-08-10T13:15:00+02:00,0.148695
2026-08-10T13:30:00+02:00,0.175691
2026-08-10T13:45:00+02:00,0.186818
2026-08-10T14:00:00+02:00,0.237878
2026-08-10T14:15:00+02:00,0.221663
2026-08-10T14:30:00+02:00,0.309465
2026-08-10T14:45:00+02:00,0.264615
2026-08-10T15:00:00+02:00,0.220973
2026-08-10T15:15:00+02:00,0.228563
2026-08-10T15:30:00+02:00,0.281434
2026-08-10T15:45:00+02:00,0.238481
2026-08-10T16:00:00+02:00,0.252023
2026-08-10T16:15:00+02:00,0.305153
2026-08-10T16:30:00+02:00,0.24633
2026-08-10T16:45:00+02:00,0.263235
2026-08-10T17:00:00+02:00,0.32016
2026-08-10T17:15:00+02:00,0.239085
2026-08-10T17:30:00+02:00,0.254955
2026-08-10T17:45:00+02:00,0.239344
2026-08-10T18:00:00+02:00,0.219679
2026-08-10T18:15:00+02:00,0.262718
2026-08-10T18:30:00+02:00,0.247192
2026-08-10T18:45:00+02:00,0.321281
2026-08-10T19:00:00+02:00,0.259095
2026-08-10T19:15:00+02:00,0.255904
2026-08-10T19:30:00+02:00,0.158873
2026-08-10T19:45:00+02:00,0.259526
2026-08-10T20:00:00+02:00,0.240206
2026-08-10T20:15:00+02:00,0.250125
2026-08-10T20:30:00+02:00,0.188025
2026-08-10T20:45:00+02:00,0.247193
2026-08-10T21:00:00+02:00,0.262545
2026-08-10T21:15:00+02:00,0.250125
2026-08-10T21:30:00+02:00,0.196995
2026-08-10T21:45:00+02:00,0.14973
2026-08-10T22:00:00+02:00,0.151541
2026-08-10T22:15:00+02:00,0.150593
2026-08-10T22:30:00+02:00,0.15249
2026-08-10T22:45:00+02:00,0.151283
2026-08-10T23:00:00+02:00,0.152404
2026-08-10T23:15:00+02:00,0.1518
2026-08-10T23:30:00+02:00,0.151283
2026-08-10T23:45:00+02:00,0.151283
2026-08-11T00:00:00+02:00,0.150765
2026-08-11T00:15:00+02:00,0.14973
2026-08-11T00:30:00+02:00,0.151283
2026-08-11T00:45:00+02:00,0.14904
2026-08-11T01:00:00+02:00,0.15042
2026-08-11T01:15:00+02:00,0.149471
2026-08-11T01:30:00+02:00,0.150593
2026-08-11T01:45:00+02:00,0.150248
2026-08-11T02:00:00+02:00,0.149385
2026-08-11T02:15:00+02:00,0.149903
2026-08-11T02:30:00+02:00,0.149385
2026-08-11T02:45:00+02:00,0.150851
2026-08-11T03:00:00+02:00,0.147833
2026-08-11T03:15:00+02:00,0.148868
2026-08-11T03:30:00+02:00,0.150248
2026-08-11T03:45:00+02:00,0.149385
2026-08-11T04:00:00+02:00,0.149903
2026-08-11T04:15:00+02:00,0.150593
2026-08-11T04:30:00+02:00,0.150075
2026-08-11T04:45:00+02:00,0.14973
2026-08-11T05:00:00+02:00,0.150248
2026-08-11T05:15:00+02:00,0.149558
2026-08-11T05:30:00+02:00,0.1518
2026-08-11T05:45:00+02:00,0.14973
2026-08-11T06:00:00+02:00,0.202515
2026-08-11T06:15:00+02:00,0.217954
2026-08-11T06:30:00+02:00,0.24081
2026-08-11T06:45:00+02:00,0.234945
2026-08-11T07:00:00+02:00,0.248228
2026-08-11T07:15:00+02:00,0.240983
2026-08-11T07:30:00+02:00,0.227614
2026-08-11T07:45:00+02:00,0.176813
2026-08-11T08:00:00+02:00,0.21459
2026-08-11T08:15:00+02:00,0.227183
2026-08-11T08:30:00+02:00,0.260993
2026-08-11T08:45:00+02:00,0.246675
2026-08-11T09:00:00+02:00,0.221404
2026-08-11T09:15:00+02:00,0.219075
2026-08-11T09:30:00+02:00,0.218903
2026-08-11T09:45:00+02:00,0.25875
2026-08-11T10:00:00+02:00,0.245295
2026-08-11T10:15:00+02:00,0.20148
2026-08-11T10:30:00+02:00,0.2277
2026-08-11T10:45:00+02:00,0.199582
2026-08-11T11:00:00+02:00,0.216488
2026-08-11T11:15:00+02:00,0.242449
2026-08-11T11:30:00+02:00,0.197512
2026-08-11T11:45:00+02:00,0.210968
2026-08-11T12:00:00+02:00,0.223042
2026-08-11T12:15:00+02:00,0.223043
2026-08-11T12:30:00+02:00,0.20976
2026-08-11T12:45:00+02:00,0.214159
2026-08-11T13:00:00+02:00,0.229425
2026-08-11T13:15:00+02:00,0.237705
2026-08-11T13:30:00+02:00,0.232357
2026-08-11T13:45:00+02:00,0.155595
2026-08-11T14:00:00+02:00,0.241328
2026-08-11T14:15:00+02:00,0.251591
2026-08-11T14:30:00+02:00,0.257542
2026-08-11T14:45:00+02:00,0.24978
2026-08-11T15:00:00+02:00,0.245812
2026-08-11T15:15:00+02:00,0.24288
2026-08-11T15:30:00+02:00,0.25185
2026-08-11T15:45:00+02:00,0.23598
2026-08-11T16:00:00+02:00,0.231236
2026-08-11T16:15:00+02:00,0.2415
2026-08-11T16:30:00+02:00,0.21873
2026-08-11T16:45:00+02:00,0.250297
2026-08-11T17:00:00+02:00,0.215107
2026-08-11T17:15:00+02:00,0.17388
2026-08-11T17:30:00+02:00,0.21942
2026-08-11T17:45:00+02:00,0.192855
2026-08-11T18:00:00+02:00,0.243915
2026-08-11T18:15:00+02:00,0.233048
2026-08-11T18:30:00+02:00,0.254092
2026-08-11T18:45:00+02:00,0.278933
2026-08-11T19:00:00+02:00,0.231668
2026-08-11T19:15:00+02:00,0.242104
2026-08-11T19:30:00+02:00,0.160253
2026-08-11T19:45:00+02:00,0.203378
2026-08-11T20:00:00+02:00,0.232702
2026-08-11T20:15:00+02:00,0.249953
2026-08-11T20:30:00+02:00,0.234859
2026-08-11T20:45:00+02:00,0.240983
2026-08-11T21:00:00+02:00,0.239085
2026-08-11T21:15:00+02:00,0.24012
2026-08-11T21:30:00+02:00,0.185438
2026-08-11T21:45:00+02:00,0.149385
2026-08-11T22:00:00+02:00,0.151283
2026-08-11T22:15:00+02:00,0.151628
2026-08-11T22:30:00+02:00,0.150248
2026-08-11T22:45:00+02:00,0.14904
2026-08-11T23:00:00+02:00,0.150075
2026-08-11T23:15:00+02:00,0.149385
2026-08-11T23:30:00+02:00,0.149385
2026-08-11T23:45:00+02:00,0.149213
2026-08-12T00:00:00+02:00,0.146625
2026-08-12T00:15:00+02:00,0.14421
2026-08-12T00:30:00+02:00,0.146625
2026-08-12T00:45:00+02:00,0.145418
2026-08-12T01:00:00+02:00,0.145935
2026-08-12T01:15:00+02:00,0.144986
2026-08-12T01:30:00+02:00,0.144727
2026-08-12T01:45:00+02:00,0.145935
2026-08-12T02:00:00+02:00,0.146798
2026-08-12T02:15:00+02:00,0.147315
2026-08-12T02:30:00+02:00,0.148523
2026-08-12T02:45:00+02:00,0.149385
2026-08-12T03:00:00+02:00,0.145072
2026-08-12T03:15:00+02:00,0.145073
2026-08-12T03:30:00+02:00,0.14559
2026-08-12T03:45:00+02:00,0.144555
2026-08-12T04:00:00+02:00,0.145935
2026-08-12T04:15:00+02:00,0.14628
2026-08-12T04:30:00+02:00,0.14628
2026-08-12T04:45:00+02:00,0.146021
2026-08-12T05:00:00+02:00,0.146453
2026-08-12T05:15:00+02:00,0.14628
2026-08-12T05:30:00+02:00,0.146625
2026-08-12T05:45:00+02:00,0.147833
2026-08-12T06:00:00+02:00,0.252885
2026-08-12T06:15:00+02:00,0.243915
2026-08-12T06:30:00+02:00,0.23322
2026-08-12T06:45:00+02:00,0.221145
2026-08-12T07:00:00+02:00,0.226492
2026-08-12T07:15:00+02:00,0.215107
2026-08-12T07:30:00+02:00,0.225975
2026-08-12T07:45:00+02:00,0.231236
2026-08-12T08:00:00+02:00,0.20976
2026-08-12T08:15:00+02:00,0.176813
2026-08-12T08:30:00+02:00,0.20976
2026-08-12T08:45:00+02:00,0.241241
2026-08-12T09:00:00+02:00,0.218213
2026-08-12T09:15:00+02:00,0.223991
2026-08-12T09:30:00+02:00,0.22011
2026-08-12T09:45:00+02:00,0.213383
2026-08-12T10:00:00+02:00,0.196132
2026-08-12T10:15:00+02:00,0.218903
2026-08-12T10:30:00+02:00,0.232357
2026-08-12T10:45:00+02:00,0.218989
2026-08-12T11:00:00+02:00,0.230978
2026-08-12T11:15:00+02:00,0.231668
2026-08-12T11:30:00+02:00,0.245036
2026-08-12T11:45:00+02:00,0.261683
2026-08-12T12:00:00+02:00,0.236756
2026-08-12T12:15:00+02:00,0.228045
2026-08-12T12:30:00+02:00,0.22839
2026-08-12T12:45:00+02:00,0.236756
2026-08-12T13:00:00+02:00,0.23322
2026-08-12T13:15:00+02:00,0.23184
2026-08-12T13:30:00+02:00,0.205448
2026-08-12T13:45:00+02:00,0.159735
2026-08-12T14:00:00+02:00,0.150248
2026-08-12T14:15:00+02:00,0.15111
2026-08-12T14:30:00+02:00,0.146453
2026-08-12T14:45:00+02:00,0.145245
2026-08-12T15:00:00+02:00,0.14766
2026-08-12T15:15:00+02:00,0.147488
2026-08-12T15:30:00+02:00,0.148005
2026-08-12T15:45:00+02:00,0.146021
2026-08-12T16:00:00+02:00,0.145763
2026-08-12T16:15:00+02:00,0.14697
2026-08-12T16:30:00+02:00,0.146625
2026-08-12T16:45:00+02:00,0.147488
2026-08-12T17:00:00+02:00,0.15042
2026-08-12T17:15:00+02:00,0.148954
2026-08-12T17:30:00+02:00,0.14766
2026-08-12T17:45:00+02:00,0.149213
2026-08-12T18:00:00+02:00,0.152145
2026-08-12T18:15:00+02:00,0.148695
2026-08-12T18:30:00+02:00,0.148868
2026-08-12T18:45:00+02:00,0.151455
2026-08-12T19:00:00+02:00,0.149558
2026-08-12T19:15:00+02:00,0.149903
2026-08-12T19:30:00+02:00,0.15111
2026-08-12T19:45:00+02:00,0.150075
2026-08-12T20:00:00+02:00,0.151455
2026-08-12T20:15:00+02:00,0.15042
2026-08-12T20:30:00+02:00,0.149903
2026-08-12T20:45:00+02:00,0.15042
2026-08-12T21:00:00+02:00,0.150248
2026-08-12T21:15:00+02:00,0.148868
2026-08-12T21:30:00+02:00,0.148695
2026-08-12T21:45:00+02:00,0.14766
2026-08-12T22:00:00+02:00,0.14766
2026-08-12T22:15:00+02:00,0.148523
2026-08-12T22:30:00+02:00,0.149903
2026-08-12T22:45:00+02:00,0.149385
2026-08-12T23:00:00+02:00,0.148178
2026-08-12T23:15:00+02:00,0.149558
2026-08-12T23:30:00+02:00,0.14973
2026-08-12T23:45:00+02:00,0.148868
2026-08-13T00:00:00+02:00,0.145935
2026-08-13T00:15:00+02:00,0.145763
2026-08-13T00:30:00+02:00,0.14973
2026-08-13T00:45:00+02:00,0.148695
2026-08-13T01:00:00+02:00,0.149558
2026-08-13T01:15:00+02:00,0.147833
2026-08-13T01:30:00+02:00,0.147488
2026-08-13T01:45:00+02:00,0.14835
2026-08-13T02:00:00+02:00,0.147315
2026-08-13T02:15:00+02:00,0.147833
2026-08-13T02:30:00+02:00,0.147143
2026-08-13T02:45:00+02:00,0.147488
2026-08-13T03:00:00+02:00,0.146453
2026-08-13T03:15:00+02:00,0.144555
2026-08-13T03:30:00+02:00,0.147315
2026-08-13T03:45:00+02:00,0.147143
2026-08-13T04:00:00+02:00,0.148695
2026-08-13T04:15:00+02:00,0.14628
2026-08-13T04:30:00+02:00,0.145763
2026-08-13T04:45:00+02:00,0.148695
2026-08-13T05:00:00+02:00,0.147488
2026-08-13T05:15:00+02:00,0.148868
2026-08-13T05:30:00+02:00,0.147833
2026-08-13T05:45:00+02:00,0.148868
2026-08-13T06:00:00+02:00,0.148868
2026-08-13T06:15:00+02:00,0.151973
2026-08-13T06:30:00+02:00,0.151628
2026-08-13T06:45:00+02:00,0.151628
2026-08-13T07:00:00+02:00,0.150593
2026-08-13T07:15:00+02:00,0.151283
2026-08-13T07:30:00+02:00,0.150765
2026-08-13T07:45:00+02:00,0.15042
2026-08-13T08:00:00+02:00,0.15042
2026-08-13T08:15:00+02:00,0.15042
2026-08-13T08:30:00+02:00,0.15042
2026-08-13T08:45:00+02:00,0.150938
2026-08-13T09:00:00+02:00,0.150248
2026-08-13T09:15:00+02:00,0.14973
2026-08-13T09:30:00+02:00,0.150075
2026-08-13T09:45:00+02:00,0.151283
2026-08-13T10:00:00+02:00,0.151628
2026-08-13T10:15:00+02:00,0.15111
2026-08-13T10:30:00+02:00,0.145935
2026-08-13T10:45:00+02:00,0.140587
2026-08-13T11:00:00+02:00,0.14145
2026-08-13T11:15:00+02:00,0.140242
2026-08-13T11:30:00+02:00,0.139725
2026-08-13T11:45:00+02:00,0.140932
2026-08-13T12:00:00+02:00,0.140242
2026-08-13T12:15:00+02:00,0.149557
2026-08-13T12:30:00+02:00,0.147488
2026-08-13T12:45:00+02:00,0.1656
2026-08-13T13:00:00+02:00,0.161288
2026-08-13T13:15:00+02:00,0.161978
2026-08-13T13:30:00+02:00,0.14973
2026-08-13T13:45:00+02:00,0.150075
2026-08-13T14:00:00+02:00,0.150765
2026-08-13T14:15:00+02:00,0.152145
2026-08-13T14:30:00+02:00,0.151024
2026-08-13T14:45:00+02:00,0.148695
2026-08-13T15:00:00+02:00,0.148868
2026-08-13T15:15:00+02:00,0.14835
2026-08-13T15:30:00+02:00,0.149903
2026-08-13T15:45:00+02:00,0.148609
2026-08-13T16:00:00+02:00,0.14559
2026-08-13T16:15:00+02:00,0.14421
2026-08-13T16:30:00+02:00,0.147143
2026-08-13T16:45:00+02:00,0.14835
2026-08-13T17:00:00+02:00,0.148523
2026-08-13T17:15:00+02:00,0.148868
2026-08-13T17:30:00+02:00,0.149385
2026-08-13T17:45:00+02:00,0.14766
2026-08-13T18:00:00+02:00,0.149816
2026-08-13T18:15:00+02:00,0.199755
2026-08-13T18:30:00+02:00,0.149903
2026-08-13T18:45:00+02:00,0.149558
2026-08-13T19:00:00+02:00,0.146194
2026-08-13T19:15:00+02:00,0.14559
2026-08-13T19:30:00+02:00,0.146453
2026-08-13T19:45:00+02:00,0.144037
2026-08-13T20:00:00+02:00,0.146453
2026-08-13T20:15:00+02:00,0.146625
2026-08-13T20:30:00+02:00,0.147143
2026-08-13T20:45:00+02:00,0.149213
2026-08-13T21:00:00+02:00,0.148695
2026-08-13T21:15:00+02:00,0.146798
2026-08-13T21:30:00+02:00,0.147488
2026-08-13T21:45:00+02:00,0.143865
2026-08-13T22:00:00+02:00,0.145417
2026-08-13T22:15:00+02:00,0.149213
2026-08-13T22:30:00+02:00,0.148523
2026-08-13T22:45:00+02:00,0.146625
2026-08-13T23:00:00+02:00,0.146453
2026-08-13T23:15:00+02:00,0.14766
2026-08-13T23:30:00+02:00,0.149385
2026-08-13T23:45:00+02:00,0.14835
2026-08-14T00:00:00+02:00,0.148695
2026-08-14T00:15:00+02:00,0.147833
2026-08-14T00:30:00+02:00,0.14904
2026-08-14T00:45:00+02:00,0.150075
2026-08-14T01:00:00+02:00,0.149903
2026-08-14T01:15:00+02:00,0.149385
2026-08-14T01:30:00+02:00,0.149558
2026-08-14T01:45:00+02:00,0.149903
2026-08-14T02:00:00+02:00,0.14973
2026-08-14T02:15:00+02:00,0.147746
2026-08-14T02:30:00+02:00,0.149213
2026-08-14T02:45:00+02:00,0.146625
2026-08-14T03:00:00+02:00,0.14352
2026-08-14T03:15:00+02:00,0.14766
2026-08-14T03:30:00+02:00,0.149385
2026-08-14T03:45:00+02:00,0.150075
2026-08-14T04:00:00+02:00,0.149213
2026-08-14T04:15:00+02:00,0.148868
2026-08-14T04:30:00+02:00,0.148523
2026-08-14T04:45:00+02:00,0.148178
2026-08-14T05:00:00+02:00,0.150593
2026-08-14T05:15:00+02:00,0.151283
2026-08-14T05:30:00+02:00,0.1518
2026-08-14T05:45:00+02:00,0.148868
2026-08-14T06:00:00+02:00,0.147833
2026-08-14T06:15:00+02:00,0.149385
2026-08-14T06:30:00+02:00,0.149558
2026-08-14T06:45:00+02:00,0.149471
2026-08-14T07:00:00+02:00,0.150248
2026-08-14T07:15:00+02:00,0.148178
2026-08-14T07:30:00+02:00,0.150593
2026-08-14T07:45:00+02:00,0.152145
2026-08-14T08:00:00+02:00,0.150938
2026-08-14T08:15:00+02:00,0.150248
2026-08-14T08:30:00+02:00,0.150593
2026-08-14T08:45:00+02:00,0.167325
2026-08-14T09:00:00+02:00,0.237533
2026-08-14T09:15:00+02:00,0.22908
2026-08-14T09:30:00+02:00,0.232961
2026-08-14T09:45:00+02:00,0.217695
2026-08-14T10:00:00+02:00,0.21321
2026-08-14T10:15:00+02:00,0.211226
2026-08-14T10:30:00+02:00,0.198548
2026-08-14T10:45:00+02:00,0.17181
2026-08-14T11:00:00+02:00,0.23805
2026-08-14T11:15:00+02:00,0.224595
2026-08-14T11:30:00+02:00,0.214245
2026-08-14T11:45:00+02:00,0.24219
2026-08-14T12:00:00+02:00,0.229597
2026-08-14T12:15:00+02:00,0.220196
2026-08-14T12:30:00+02:00,0.207345
2026-08-14T12:45:00+02:00,0.231581
2026-08-14T13:00:00+02:00,0.20493
2026-08-14T13:15:00+02:00,0.21942
2026-08-14T13:30:00+02:00,0.215107
2026-08-14T13:45:00+02:00,0.147488
2026-08-14T14:00:00+02:00,0.187335
2026-08-14T14:15:00+02:00,0.164565
2026-08-14T14:30:00+02:00,0.148695
2026-08-14T14:45:00+02:00,0.14973
2026-08-14T15:00:00+02:00,0.15111
2026-08-14T15:15:00+02:00,0.176813
2026-08-14T15:30:00+02:00,0.187508
2026-08-14T15:45:00+02:00,0.150248
2026-08-14T16:00:00+02:00,0.14835
2026-08-14T16:15:00+02:00,0.14835
2026-08-14T16:30:00+02:00,0.203723
2026-08-14T16:45:00+02:00,0.162495
2026-08-14T17:00:00+02:00,0.149816
2026-08-14T17:15:00+02:00,0.14904
2026-08-14T17:30:00+02:00,0.1863
2026-08-14T17:45:00+02:00,0.179141
2026-08-14T18:00:00+02:00,0.148868
2026-08-14T18:15:00+02:00,0.150593
2026-08-14T18:30:00+02:00,0.193028
2026-08-14T18:45:00+02:00,0.176468
2026-08-14T19:00:00+02:00,0.148005
2026-08-14T19:15:00+02:00,0.15042
2026-08-14T19:30:00+02:00,0.164738
2026-08-14T19:45:00+02:00,0.20079
2026-08-14T20:00:00+02:00,0.151973
2026-08-14T20:15:00+02:00,0.151455
2026-08-14T20:30:00+02:00,0.151283
2026-08-14T20:45:00+02:00,0.151455
2026-08-14T21:00:00+02:00,0.158528
2026-08-14T21:15:00+02:00,0.198893
2026-08-14T21:30:00+02:00,0.150075
2026-08-14T21:45:00+02:00,0.14835
2026-08-14T22:00:00+02:00,0.149903
2026-08-14T22:15:00+02:00,0.151973
2026-08-14T22:30:00+02:00,0.15249
2026-08-14T22:45:00+02:00,0.151973
2026-08-14T23:00:00+02:00,0.151628
2026-08-14T23:15:00+02:00,0.151973
2026-08-14T23:30:00+02:00,0.151455
2026-08-14T23:45:00+02:00,0.151283
2026-08-15T00:00:00+02:00,0.147056
2026-08-15T00:15:00+02:00,0.14766
2026-08-15T00:30:00+02:00,0.149213
2026-08-15T00:45:00+02:00,0.147833
2026-08-15T01:00:00+02:00,0.150075
2026-08-15T01:15:00+02:00,0.149213
2026-08-15T01:30:00+02:00,0.148178
2026-08-15T01:45:00+02:00,0.14766
2026-08-15T02:00:00+02:00,0.148005
2026-08-15T02:15:00+02:00,0.147143
2026-08-15T02:30:00+02:00,0.149213
2026-08-15T02:45:00+02:00,0.14904
2026-08-15T03:00:00+02:00,0.14697
2026-08-15T03:15:00+02:00,0.146798
2026-08-15T03:30:00+02:00,0.14697
2026-08-15T03:45:00+02:00,0.14697
2026-08-15T04:00:00+02:00,0.145935
2026-08-15T04:15:00+02:00,0.147315
2026-08-15T04:30:00+02:00,0.146108
2026-08-15T04:45:00+02:00,0.148005
2026-08-15T05:00:00+02:00,0.145072
2026-08-15T05:15:00+02:00,0.14835
2026-08-15T05:30:00+02:00,0.146108
2026-08-15T05:45:00+02:00,0.145418
2026-08-15T06:00:00+02:00,0.144037
2026-08-15T06:15:00+02:00,0.144382
2026-08-15T06:30:00+02:00,0.144727
2026-08-15T06:45:00+02:00,0.14352
2026-08-15T07:00:00+02:00,0.14559
2026-08-15T07:15:00+02:00,0.145418
2026-08-15T07:30:00+02:00,0.146108
2026-08-15T07:45:00+02:00,0.14559
2026-08-15T08:00:00+02:00,0.145073
2026-08-15T08:15:00+02:00,0.144727
2026-08-15T08:30:00+02:00,0.146108
2026-08-15T08:45:00+02:00,0.146108
2026-08-15T09:00:00+02:00,0.144728
2026-08-15T09:15:00+02:00,0.1449
2026-08-15T09:30:00+02:00,0.14559
2026-08-15T09:45:00+02:00,0.144727
2026-08-15T10:00:00+02:00,0.144555
2026-08-15T10:15:00+02:00,0.14559
2026-08-15T10:30:00+02:00,0.146625
2026-08-15T10:45:00+02:00,0.144555
2026-08-15T11:00:00+02:00,0.145245
2026-08-15T11:15:00+02:00,0.146798
2026-08-15T11:30:00+02:00,0.146108
2026-08-15T11:45:00+02:00,0.14559
2026-08-15T12:00:00+02:00,0.146453
2026-08-15T12:15:00+02:00,0.146798
2026-08-15T12:30:00+02:00,0.148005
2026-08-15T12:45:00+02:00,0.147143
2026-08-15T13:00:00+02:00,0.146798
2026-08-15T13:15:00+02:00,0.145935
2026-08-15T13:30:00+02:00,0.14421
2026-08-15T13:45:00+02:00,0.145073
2026-08-15T14:00:00+02:00,0.145418
2026-08-15T14:15:00+02:00,0.199496
2026-08-15T14:30:00+02:00,0.146108
2026-08-15T14:45:00+02:00,0.145073
2026-08-15T15:00:00+02:00,0.147315
2026-08-15T15:15:00+02:00,0.147574
2026-08-15T15:30:00+02:00,0.17457
2026-08-15T15:45:00+02:00,0.17595
2026-08-15T16:00:00+02:00,0.14559
2026-08-15T16:15:00+02:00,0.14628
2026-08-15T16:30:00+02:00,0.14697
2026-08-15T16:45:00+02:00,0.16767
2026-08-15T17:00:00+02:00,0.186128
2026-08-15T17:15:00+02:00,0.145245
2026-08-15T17:30:00+02:00,0.145245
2026-08-15T17:45:00+02:00,0.146108
2026-08-15T18:00:00+02:00,0.168188
2026-08-15T18:15:00+02:00,0.18699
2026-08-15T18:30:00+02:00,0.148005
2026-08-15T18:45:00+02:00,0.146625
2026-08-15T19:00:00+02:00,0.14559
2026-08-15T19:15:00+02:00,0.165083
2026-08-15T19:30:00+02:00,0.19044
2026-08-15T19:45:00+02:00,0.146798
2026-08-15T20:00:00+02:00,0.145245
2026-08-15T20:15:00+02:00,0.147143
2026-08-15T20:30:00+02:00,0.146625
2026-08-15T20:45:00+02:00,0.183109
2026-08-15T21:00:00+02:00,0.168015
2026-08-15T21:15:00+02:00,0.14421
2026-08-15T21:30:00+02:00,0.144124
2026-08-15T21:45:00+02:00,0.144555
2026-08-15T22:00:00+02:00,0.145073
2026-08-15T22:15:00+02:00,0.145073
2026-08-15T22:30:00+02:00,0.17388
2026-08-15T22:45:00+02:00,0.16974
2026-08-15T23:00:00+02:00,0.1449
2026-08-15T23:15:00+02:00,0.144727
2026-08-15T23:30:00+02:00,0.144727
2026-08-15T23:45:00+02:00,0.145073
2026-08-16T00:00:00+02:00,0.1449
2026-08-16T00:15:00+02:00,0.14421
2026-08-16T00:30:00+02:00,0.143692
2026-08-16T00:45:00+02:00,0.144728
2026-08-16T01:00:00+02:00,0.143951
2026-08-16T01:15:00+02:00,0.144555
2026-08-16T01:30:00+02:00,0.144728
2026-08-16T01:45:00+02:00,0.1449
2026-08-16T02:00:00+02:00,0.145159
2026-08-16T02:15:00+02:00,0.144555
2026-08-16T02:30:00+02:00,0.145935
2026-08-16T02:45:00+02:00,0.145245
2026-08-16T03:00:00+02:00,0.144555
2026-08-16T03:15:00+02:00,0.145159
2026-08-16T03:30:00+02:00,0.144555
2026-08-16T03:45:00+02:00,0.145073
2026-08-16T04:00:00+02:00,0.14352
2026-08-16T04:15:00+02:00,0.144037
2026-08-16T04:30:00+02:00,0.14421
2026-08-16T04:45:00+02:00,0.145935
2026-08-16T05:00:00+02:00,0.145418
2026-08-16T05:15:00+02:00,0.145763
2026-08-16T05:30:00+02:00,0.145763
2026-08-16T05:45:00+02:00,0.145763
2026-08-16T06:00:00+02:00,0.144382
2026-08-16T06:15:00+02:00,0.144555
2026-08-16T06:30:00+02:00,0.145073
2026-08-16T06:45:00+02:00,0.145245
2026-08-16T07:00:00+02:00,0.14628
2026-08-16T07:15:00+02:00,0.148005
2026-08-16T07:30:00+02:00,0.150248
2026-08-16T07:45:00+02:00,0.147833
2026-08-16T08:00:00+02:00,0.146625
2026-08-16T08:15:00+02:00,0.146625
2026-08-16T08:30:00+02:00,0.145418
2026-08-16T08:45:00+02:00,0.145763
2026-08-16T09:00:00+02:00,0.146453
2026-08-16T09:15:00+02:00,0.147833
2026-08-16T09:30:00+02:00,0.145245
2026-08-16T09:45:00+02:00,0.1449
2026-08-16T10:00:00+02:00,0.1449
2026-08-16T10:15:00+02:00,0.145763
2026-08-16T10:30:00+02:00,0.145245
2026-08-16T10:45:00+02:00,0.145935
2026-08-16T11:00:00+02:00,0.144727
2026-08-16T11:15:00+02:00,0.146108
2026-08-16T11:30:00+02:00,0.146194
2026-08-16T11:45:00+02:00,0.145245
2026-08-16T12:00:00+02:00,0.145073
2026-08-16T12:15:00+02:00,0.144555
2026-08-16T12:30:00+02:00,0.145935
2026-08-16T12:45:00+02:00,0.144986
2026-08-16T13:00:00+02:00,0.145763
2026-08-16T13:15:00+02:00,0.145763
2026-08-16T13:30:00+02:00,0.145418
2026-08-16T13:45:00+02:00,0.143865
2026-08-16T14:00:00+02:00,0.145849
2026-08-16T14:15:00+02:00,0.144727
2026-08-16T14:30:00+02:00,0.1449
2026-08-16T14:45:00+02:00,0.172845
2026-08-16T15:00:00+02:00,0.167843
2026-08-16T15:15:00+02:00,0.146798
2026-08-16T15:30:00+02:00,0.144382
2026-08-16T15:45:00+02:00,0.144728
2026-08-16T16:00:00+02:00,0.14559
2026-08-16T16:15:00+02:00,0.145073
2026-08-16T16:30:00+02:00,0.203378
2026-08-16T16:45:00+02:00,0.145418
2026-08-16T17:00:00+02:00,0.144469
2026-08-16T17:15:00+02:00,0.144555
2026-08-16T17:30:00+02:00,0.145418
2026-08-16T17:45:00+02:00,0.146798
2026-08-16T18:00:00+02:00,0.18423
2026-08-16T18:15:00+02:00,0.16767
2026-08-16T18:30:00+02:00,0.148005
2026-08-16T18:45:00+02:00,0.147919
2026-08-16T19:00:00+02:00,0.146625
2026-08-16T19:15:00+02:00,0.147488
2026-08-16T19:30:00+02:00,0.146625
2026-08-16T19:45:00+02:00,0.146798
2026-08-16T20:00:00+02:00,0.147488
2026-08-16T20:15:00+02:00,0.150248
2026-08-16T20:30:00+02:00,0.203119
2026-08-16T20:45:00+02:00,0.150593
2026-08-16T21:00:00+02:00,0.152145
2026-08-16T21:15:00+02:00,0.151369
2026-08-16T21:30:00+02:00,0.150938
2026-08-16T21:45:00+02:00,0.150248
2026-08-16T22:00:00+02:00,0.224768
2026-08-16T22:15:00+02:00,0.226665
2026-08-16T22:30:00+02:00,0.22149
2026-08-16T22:45:00+02:00,0.171465
2026-08-16T23:00:00+02:00,0.24288
2026-08-16T23:15:00+02:00,0.237015
2026-08-16T23:30:00+02:00,0.19044
2026-08-16T23:45:00+02:00,0.223905
2026-08-17T00:00:00+02:00,0.212692
2026-08-17T00:15:00+02:00,0.165341
2026-08-17T00:30:00+02:00,0.211313
2026-08-17T00:45:00+02:00,0.266599
2026-08-17T01:00:00+02:00,0.25323
2026-08-17T01:15:00+02:00,0.23874
2026-08-17T01:30:00+02:00,0.227183
2026-08-17T01:45:00+02:00,0.236756
2026-08-17T02:00:00+02:00,0.196995
2026-08-17T02:15:00+02:00,0.199928
2026-08-17T02:30:00+02:00,0.217523
2026-08-17T02:45:00+02:00,0.203205
2026-08-17T03:00:00+02:00,0.24495
2026-08-17T03:15:00+02:00,0.229942
2026-08-17T03:30:00+02:00,0.20148
2026-08-17T03:45:00+02:00,0.245813
2026-08-17T04:00:00+02:00,0.178193
2026-08-17T04:15:00+02:00,0.167325
2026-08-17T04:30:00+02:00,0.247451
2026-08-17T04:45:00+02:00,0.228045
2026-08-17T05:00:00+02:00,0.21321
2026-08-17T05:15:00+02:00,0.212693
2026-08-17T05:30:00+02:00,0.150765
2026-08-17T05:45:00+02:00,0.151973
2026-08-17T06:00:00+02:00,0.239344
2026-08-17T06:15:00+02:00,0.185783
2026-08-17T06:30:00+02:00,0.150593
2026-08-17T06:45:00+02:00,0.151455
2026-08-17T07:00:00+02:00,0.150765
2026-08-17T07:15:00+02:00,0.151024
2026-08-17T07:30:00+02:00,0.151283
2026-08-17T07:45:00+02:00,0.151283
2026-08-17T08:00:00+02:00,0.15042
2026-08-17T08:15:00+02:00,0.150765
2026-08-17T08:30:00+02:00,0.15042
2026-08-17T08:45:00+02:00,0.1518
2026-08-17T09:00:00+02:00,0.150765
2026-08-17T09:15:00+02:00,0.151628
2026-08-17T09:30:00+02:00,0.150593
2026-08-17T09:45:00+02:00,0.15111
2026-08-17T10:00:00+02:00,0.1518
2026-08-17T10:15:00+02:00,0.151283
2026-08-17T10:30:00+02:00,0.1518
2026-08-17T10:45:00+02:00,0.151283
2026-08-17T11:00:00+02:00,0.149903
2026-08-17T11:15:00+02:00,0.151541
2026-08-17T11:30:00+02:00,0.151973
2026-08-17T11:45:00+02:00,0.150593
2026-08-17T12:00:00+02:00,0.151973
2026-08-17T12:15:00+02:00,0.15111
2026-08-17T12:30:00+02:00,0.152145
2026-08-17T12:45:00+02:00,0.151283
2026-08-17T13:00:00+02:00,0.1518
2026-08-17T13:15:00+02:00,0.152318
2026-08-17T13:30:00+02:00,0.15042
2026-08-17T13:45:00+02:00,0.151973
2026-08-17T14:00:00+02:00,0.15111
2026-08-17T14:15:00+02:00,0.151628
2026-08-17T14:30:00+02:00,0.151455
2026-08-17T14:45:00+02:00,0.1518
2026-08-17T15:00:00+02:00,0.1518
2026-08-17T15:15:00+02:00,0.151628
2026-08-17T15:30:00+02:00,0.150938
2026-08-17T15:45:00+02:00,0.151455
2026-08-17T16:00:00+02:00,0.152318
2026-08-17T16:15:00+02:00,0.1518
2026-08-17T16:30:00+02:00,0.151973
2026-08-17T16:45:00+02:00,0.151973
2026-08-17T17:00:00+02:00,0.150938
2026-08-17T17:15:00+02:00,0.150248
2026-08-17T17:30:00+02:00,0.149213
2026-08-17T17:45:00+02:00,0.150765
2026-08-17T18:00:00+02:00,0.15111
2026-08-17T18:15:00+02:00,0.151283
2026-08-17T18:30:00+02:00,0.150938
2026-08-17T18:45:00+02:00,0.151283
2026-08-17T19:00:00+02:00,0.149558
2026-08-17T19:15:00+02:00,0.169913
2026-08-17T19:30:00+02:00,0.228562
2026-08-17T19:45:00+02:00,0.208208
2026-08-17T20:00:00+02:00,0.158528
2026-08-17T20:15:00+02:00,0.19044
2026-08-17T20:30:00+02:00,0.225716
2026-08-17T20:45:00+02:00,0.204758
2026-08-17T21:00:00+02:00,0.194408
2026-08-17T21:15:00+02:00,0.21597
2026-08-17T21:30:00+02:00,0.186473
2026-08-17T21:45:00+02:00,0.152318
2026-08-17T22:00:00+02:00,0.179055
2026-08-17T22:15:00+02:00,0.20286
2026-08-17T22:30:00+02:00,0.215107
2026-08-17T22:45:00+02:00,0.205965
2026-08-17T23:00:00+02:00,0.186645
2026-08-17T23:15:00+02:00,0.194925
2026-08-17T23:30:00+02:00,0.18837
2026-08-17T23:45:00+02:00,0.149903
2026-08-18T00:00:00+02:00,0.149385
2026-08-18T00:15:00+02:00,0.151455
2026-08-18T00:30:00+02:00,0.150938
2026-08-18T00:45:00+02:00,0.150765
2026-08-18T01:00:00+02:00,0.15042
2026-08-18T01:15:00+02:00,0.150938
2026-08-18T01:30:00+02:00,0.151973
2026-08-18T01:45:00+02:00,0.1518
2026-08-18T02:00:00+02:00,0.150765
2026-08-18T02:15:00+02:00,0.15111
2026-08-18T02:30:00+02:00,0.150075
2026-08-18T02:45:00+02:00,0.148695
2026-08-18T03:00:00+02:00,0.148695
2026-08-18T03:15:00+02:00,0.14973
2026-08-18T03:30:00+02:00,0.149213
2026-08-18T03:45:00+02:00,0.150938
2026-08-18T04:00:00+02:00,0.149903
2026-08-18T04:15:00+02:00,0.15042
2026-08-18T04:30:00+02:00,0.150593
2026-08-18T04:45:00+02:00,0.148868
2026-08-18T05:00:00+02:00,0.147315
2026-08-18T05:15:00+02:00,0.150075
2026-08-18T05:30:00+02:00,0.151283
2026-08-18T05:45:00+02:00,0.149903
2026-08-18T06:00:00+02:00,0.152318
2026-08-18T06:15:00+02:00,0.151455
2026-08-18T06:30:00+02:00,0.151455
2026-08-18T06:45:00+02:00,0.150765
2026-08-18T07:00:00+02:00,0.151455
2026-08-18T07:15:00+02:00,0.150765
2026-08-18T07:30:00+02:00,0.151628
2026-08-18T07:45:00+02:00,0.150938
2026-08-18T08:00:00+02:00,0.150765
2026-08-18T08:15:00+02:00,0.151973
2026-08-18T08:30:00+02:00,0.150765
2026-08-18T08:45:00+02:00,0.151455
2026-08-18T09:00:00+02:00,0.150248
2026-08-18T09:15:00+02:00,0.15042
2026-08-18T09:30:00+02:00,0.15042
2026-08-18T09:45:00+02:00,0.151283
2026-08-18T10:00:00+02:00,0.150593
2026-08-18T10:15:00+02:00,0.151455
2026-08-18T10:30:00+02:00,0.151455
2026-08-18T10:45:00+02:00,0.150075
2026-08-18T11:00:00+02:00,0.149903
2026-08-18T11:15:00+02:00,0.149903
2026-08-18T11:30:00+02:00,0.149558
2026-08-18T11:45:00+02:00,0.148005
2026-08-18T12:00:00+02:00,0.14628
2026-08-18T12:15:00+02:00,0.148695
2026-08-18T12:30:00+02:00,0.150248
2026-08-18T12:45:00+02:00,0.15042
2026-08-18T13:00:00+02:00,0.148868
2026-08-18T13:15:00+02:00,0.150506
2026-08-18T13:30:00+02:00,0.151973
2026-08-18T13:45:00+02:00,0.149903
2026-08-18T14:00:00+02:00,0.14973
2026-08-18T14:15:00+02:00,0.15111
2026-08-18T14:30:00+02:00,0.150248
2026-08-18T14:45:00+02:00,0.14835
2026-08-18T15:00:00+02:00,0.14904
2026-08-18T15:15:00+02:00,0.14835
2026-08-18T15:30:00+02:00,0.150075
2026-08-18T15:45:00+02:00,0.149903
2026-08-18T16:00:00+02:00,0.146798
2026-08-18T16:15:00+02:00,0.146453
2026-08-18T16:30:00+02:00,0.148523
2026-08-18T16:45:00+02:00,0.148523
2026-08-18T17:00:00+02:00,0.14973
2026-08-18T17:15:00+02:00,0.148523
2026-08-18T17:30:00+02:00,0.148523
2026-08-18T17:45:00+02:00,0.150593
2026-08-18T18:00:00+02:00,0.148868
2026-08-18T18:15:00+02:00,0.147833
2026-08-18T18:30:00+02:00,0.147833
2026-08-18T18:45:00+02:00,0.148695
2026-08-18T19:00:00+02:00,0.14766
2026-08-18T19:15:00+02:00,0.145935
2026-08-18T19:30:00+02:00,0.147315
2026-08-18T19:45:00+02:00,0.14766
2026-08-18T20:00:00+02:00,0.149385
2026-08-18T20:15:00+02:00,0.149385
2026-08-18T20:30:00+02:00,0.148695
2026-08-18T20:45:00+02:00,0.149385
2026-08-18T21:00:00+02:00,0.147833
2026-08-18T21:15:00+02:00,0.150938
2026-08-18T21:30:00+02:00,0.15042
2026-08-18T21:45:00+02:00,0.149903
2026-08-18T22:00:00+02:00,0.149385
2026-08-18T22:15:00+02:00,0.150075
2026-08-18T22:30:00+02:00,0.15249
2026-08-18T22:45:00+02:00,0.150593
2026-08-18T23:00:00+02:00,0.152145
2026-08-18T23:15:00+02:00,0.151628
2026-08-18T23:30:00+02:00,0.152835
2026-08-18T23:45:00+02:00,0.151283
2026-08-19T00:00:00+02:00,0.151973
2026-08-19T00:15:00+02:00,0.149903
2026-08-19T00:30:00+02:00,0.15042
2026-08-19T00:45:00+02:00,0.15042
2026-08-19T01:00:00+02:00,0.150765
2026-08-19T01:15:00+02:00,0.15042
2026-08-19T01:30:00+02:00,0.150593
2026-08-19T01:45:00+02:00,0.150765
2026-08-19T02:00:00+02:00,0.151973
2026-08-19T02:15:00+02:00,0.152318
2026-08-19T02:30:00+02:00,0.15111
2026-08-19T02:45:00+02:00,0.15249
2026-08-19T03:00:00+02:00,0.150938
2026-08-19T03:15:00+02:00,0.151283
2026-08-19T03:30:00+02:00,0.151973
2026-08-19T03:45:00+02:00,0.1518
2026-08-19T04:00:00+02:00,0.149558
2026-08-19T04:15:00+02:00,0.149213
2026-08-19T04:30:00+02:00,0.149558
2026-08-19T04:45:00+02:00,0.151628
2026-08-19T05:00:00+02:00,0.152145
2026-08-19T05:15:00+02:00,0.151455
2026-08-19T05:30:00+02:00,0.15042
2026-08-19T05:45:00+02:00,0.15042
2026-08-19T06:00:00+02:00,0.15042
2026-08-19T06:15:00+02:00,0.151628
2026-08-19T06:30:00+02:00,0.15111
2026-08-19T06:45:00+02:00,0.15042
2026-08-19T07:00:00+02:00,0.150765
2026-08-19T07:15:00+02:00,0.15249
2026-08-19T07:30:00+02:00,0.150593
2026-08-19T07:45:00+02:00,0.151283
2026-08-19T08:00:00+02:00,0.150593
2026-08-19T08:15:00+02:00,0.149558
2026-08-19T08:30:00+02:00,0.15111
2026-08-19T08:45:00+02:00,0.15042
2026-08-19T09:00:00+02:00,0.150765
2026-08-19T09:15:00+02:00,0.150248
2026-08-19T09:30:00+02:00,0.15042
2026-08-19T09:45:00+02:00,0.149213
2026-08-19T10:00:00+02:00,0.148695
2026-08-19T10:15:00+02:00,0.15042
2026-08-19T10:30:00+02:00,0.15042
2026-08-19T10:45:00+02:00,0.150765
2026-08-19T11:00:00+02:00,0.150075
2026-08-19T11:15:00+02:00,0.150075
2026-08-19T11:30:00+02:00,0.149558
2026-08-19T11:45:00+02:00,0.14973
2026-08-19T12:00:00+02:00,0.14835
2026-08-19T12:15:00+02:00,0.148091
2026-08-19T12:30:00+02:00,0.150075
2026-08-19T12:45:00+02:00,0.148695
2026-08-19T13:00:00+02:00,0.149903
2026-08-19T13:15:00+02:00,0.150938
2026-08-19T13:30:00+02:00,0.149558
2026-08-19T13:45:00+02:00,0.148178
2026-08-19T14:00:00+02:00,0.149558
2026-08-19T14:15:00+02:00,0.150938
2026-08-19T14:30:00+02:00,0.149558
2026-08-19T14:45:00+02:00,0.14835
2026-08-19T15:00:00+02:00,0.14766
2026-08-19T15:15:00+02:00,0.148695
2026-08-19T15:30:00+02:00,0.149385
2026-08-19T15:45:00+02:00,0.149213
2026-08-19T16:00:00+02:00,0.150765
2026-08-19T16:15:00+02:00,0.149903
2026-08-19T16:30:00+02:00,0.151455
2026-08-19T16:45:00+02:00,0.150593
2026-08-19T17:00:00+02:00,0.15042
2026-08-19T17:15:00+02:00,0.149558
2026-08-19T17:30:00+02:00,0.150075
2026-08-19T17:45:00+02:00,0.150938
2026-08-19T18:00:00+02:00,0.150593
2026-08-19T18:15:00+02:00,0.151455
2026-08-19T18:30:00+02:00,0.149558
2026-08-19T18:45:00+02:00,0.15111
2026-08-19T19:00:00+02:00,0.151283
2026-08-19T19:15:00+02:00,0.151283
2026-08-19T19:30:00+02:00,0.149213
2026-08-19T19:45:00+02:00,0.150938
2026-08-19T20:00:00+02:00,0.15111
2026-08-19T20:15:00+02:00,0.151714
2026-08-19T20:30:00+02:00,0.149903
2026-08-19T20:45:00+02:00,0.151455
2026-08-19T21:00:00+02:00,0.149558
2026-08-19T21:15:00+02:00,0.14973
2026-08-19T21:30:00+02:00,0.149903
2026-08-19T21:45:00+02:00,0.148695
2026-08-19T22:00:00+02:00,0.149558
2026-08-19T22:15:00+02:00,0.149213
2026-08-19T22:30:00+02:00,0.148523
2026-08-19T22:45:00+02:00,0.149903
2026-08-19T23:00:00+02:00,0.150075
2026-08-19T23:15:00+02:00,0.148868
2026-08-19T23:30:00+02:00,0.151455
2026-08-19T23:45:00+02:00,0.15042
2026-08-20T00:00:00+02:00,0.14973
2026-08-20T00:15:00+02:00,0.150765
2026-08-20T00:30:00+02:00,0.14973
2026-08-20T00:45:00+02:00,0.14835
2026-08-20T01:00:00+02:00,0.148695
2026-08-20T01:15:00+02:00,0.14835
2026-08-20T01:30:00+02:00,0.14904
2026-08-20T01:45:00+02:00,0.150248
2026-08-20T02:00:00+02:00,0.150248
2026-08-20T02:15:00+02:00,0.150765
2026-08-20T02:30:00+02:00,0.150851
2026-08-20T02:45:00+02:00,0.15111
2026-08-20T03:00:00+02:00,0.15111
2026-08-20T03:15:00+02:00,0.14904
2026-08-20T03:30:00+02:00,0.149385
2026-08-20T03:45:00+02:00,0.149385
2026-08-20T04:00:00+02:00,0.14973
2026-08-20T04:15:00+02:00,0.150938
2026-08-20T04:30:00+02:00,0.149558
2026-08-20T04:45:00+02:00,0.151455
2026-08-20T05:00:00+02:00,0.151455
2026-08-20T05:15:00+02:00,0.150593
2026-08-20T05:30:00+02:00,0.150765
2026-08-20T05:45:00+02:00,0.151628
2026-08-20T06:00:00+02:00,0.150593
2026-08-20T06:15:00+02:00,0.151283
2026-08-20T06:30:00+02:00,0.151455
2026-08-20T06:45:00+02:00,0.149903
2026-08-20T07:00:00+02:00,0.151628
2026-08-20T07:15:00+02:00,0.151283
2026-08-20T07:30:00+02:00,0.150938
2026-08-20T07:45:00+02:00,0.150248
2026-08-20T08:00:00+02:00,0.148695
2026-08-20T08:15:00+02:00,0.149213
2026-08-20T08:30:00+02:00,0.151455
2026-08-20T08:45:00+02:00,0.150938
2026-08-20T09:00:00+02:00,0.151973
2026-08-20T09:15:00+02:00,0.151283
2026-08-20T09:30:00+02:00,0.151283
2026-08-20T09:45:00+02:00,0.146798
2026-08-20T10:00:00+02:00,0.15042
2026-08-20T10:15:00+02:00,0.150248
2026-08-20T10:30:00+02:00,0.148868
2026-08-20T10:45:00+02:00,0.149903
2026-08-20T11:00:00+02:00,0.16353
2026-08-20T11:15:00+02:00,0.161632
2026-08-20T11:30:00+02:00,0.149385
2026-08-20T11:45:00+02:00,0.149385
2026-08-20T12:00:00+02:00,0.14904
2026-08-20T12:15:00+02:00,0.150593
2026-08-20T12:30:00+02:00,0.150593
2026-08-20T12:45:00+02:00,0.14973
2026-08-20T13:00:00+02:00,0.151455
2026-08-20T13:15:00+02:00,0.151024
2026-08-20T13:30:00+02:00,0.150593
2026-08-20T13:45:00+02:00,0.148695
2026-08-20T14:00:00+02:00,0.150248
2026-08-20T14:15:00+02:00,0.15042
2026-08-20T14:30:00+02:00,0.151455
2026-08-20T14:45:00+02:00,0.150938
2026-08-20T15:00:00+02:00,0.151024
2026-08-20T15:15:00+02:00,0.149903
2026-08-20T15:30:00+02:00,0.150075
2026-08-20T15:45:00+02:00,0.15042
2026-08-20T16:00:00+02:00,0.15042
2026-08-20T16:15:00+02:00,0.150679
2026-08-20T16:30:00+02:00,0.150938
2026-08-20T16:45:00+02:00,0.1518
2026-08-20T17:00:00+02:00,0.15042
2026-08-20T17:15:00+02:00,0.150765
2026-08-20T17:30:00+02:00,0.149385
2026-08-20T17:45:00+02:00,0.150938
2026-08-20T18:00:00+02:00,0.149213
2026-08-20T18:15:00+02:00,0.150248
2026-08-20T18:30:00+02:00,0.150938
2026-08-20T18:45:00+02:00,0.14973
2026-08-20T19:00:00+02:00,0.148523
2026-08-20T19:15:00+02:00,0.150248
2026-08-20T19:30:00+02:00,0.150248
2026-08-20T19:45:00+02:00,0.151455
2026-08-20T20:00:00+02:00,0.150593
2026-08-20T20:15:00+02:00,0.149903
2026-08-20T20:30:00+02:00,0.150075
2026-08-20T20:45:00+02:00,0.15042
2026-08-20T21:00:00+02:00,0.151196
2026-08-20T21:15:00+02:00,0.151973
2026-08-20T21:30:00+02:00,0.150593
2026-08-20T21:45:00+02:00,0.150593
2026-08-20T22:00:00+02:00,0.150075
2026-08-20T22:15:00+02:00,0.15042
2026-08-20T22:30:00+02:00,0.15042
2026-08-20T22:45:00+02:00,0.149558
2026-08-20T23:00:00+02:00,0.14904
2026-08-20T23:15:00+02:00,0.149903
2026-08-20T23:30:00+02:00,0.1518
2026-08-20T23:45:00+02:00,0.15042
2026-08-21T00:00:00+02:00,0.175001
2026-08-21T00:15:00+02:00,0.20631
2026-08-21T00:30:00+02:00,0.189923
2026-08-21T00:45:00+02:00,0.22011
2026-08-21T01:00:00+02:00,0.183713
2026-08-21T01:15:00+02:00,0.212347
2026-08-21T01:30:00+02:00,0.218126
2026-08-21T01:45:00+02:00,0.198375
2026-08-21T02:00:00+02:00,0.186128
2026-08-21T02:15:00+02:00,0.19527
2026-08-21T02:30:00+02:00,0.202515
2026-08-21T02:45:00+02:00,0.2139
2026-08-21T03:00:00+02:00,0.19596
2026-08-21T03:15:00+02:00,0.180349
2026-08-21T03:30:00+02:00,0.2001
2026-08-21T03:45:00+02:00,0.210968
2026-08-21T04:00:00+02:00,0.190181
2026-08-21T04:15:00+02:00,0.16698
2026-08-21T04:30:00+02:00,0.205103
2026-08-21T04:45:00+02:00,0.217523
2026-08-21T05:00:00+02:00,0.16905
2026-08-21T05:15:00+02:00,0.208207
2026-08-21T05:30:00+02:00,0.157665
2026-08-21T05:45:00+02:00,0.150765
2026-08-21T06:00:00+02:00,0.149903
2026-08-21T06:15:00+02:00,0.152318
2026-08-21T06:30:00+02:00,0.157493
2026-08-21T06:45:00+02:00,0.152663
2026-08-21T07:00:00+02:00,0.150593
2026-08-21T07:15:00+02:00,0.150938
2026-08-21T07:30:00+02:00,0.150938
2026-08-21T07:45:00+02:00,0.150593
2026-08-21T08:00:00+02:00,0.150248
2026-08-21T08:15:00+02:00,0.15111
2026-08-21T08:30:00+02:00,0.14904
2026-08-21T08:45:00+02:00,0.150075
2026-08-21T09:00:00+02:00,0.150938
2026-08-21T09:15:00+02:00,0.150593
2026-08-21T09:30:00+02:00,0.151283
2026-08-21T09:45:00+02:00,0.151628
2026-08-21T10:00:00+02:00,0.149903
2026-08-21T10:15:00+02:00,0.14973
2026-08-21T10:30:00+02:00,0.148695
2026-08-21T10:45:00+02:00,0.148523
2026-08-21T11:00:00+02:00,0.14973
2026-08-21T11:15:00+02:00,0.150679
2026-08-21T11:30:00+02:00,0.149558
2026-08-21T11:45:00+02:00,0.149558
2026-08-21T12:00:00+02:00,0.149903
2026-08-21T12:15:00+02:00,0.148523
2026-08-21T12:30:00+02:00,0.14835
2026-08-21T12:45:00+02:00,0.14973
2026-08-21T13:00:00+02:00,0.150248
2026-08-21T13:15:00+02:00,0.150248
2026-08-21T13:30:00+02:00,0.150334
2026-08-21T13:45:00+02:00,0.150075
2026-08-21T14:00:00+02:00,0.175605
2026-08-21T14:15:00+02:00,0.21321
2026-08-21T14:30:00+02:00,0.257629
2026-08-21T14:45:00+02:00,0.234255
2026-08-21T15:00:00+02:00,0.215625
2026-08-21T15:15:00+02:00,0.217522
2026-08-21T15:30:00+02:00,0.213124
2026-08-21T15:45:00+02:00,0.18078
2026-08-21T16:00:00+02:00,0.209243
2026-08-21T16:15:00+02:00,0.232185
2026-08-21T16:30:00+02:00,0.226147
2026-08-21T16:45:00+02:00,0.208725
2026-08-21T17:00:00+02:00,0.150938
2026-08-21T17:15:00+02:00,0.158355
2026-08-21T17:30:00+02:00,0.20976
2026-08-21T17:45:00+02:00,0.216833
2026-08-21T18:00:00+02:00,0.232012
2026-08-21T18:15:00+02:00,0.207
2026-08-21T18:30:00+02:00,0.22494
2026-08-21T18:45:00+02:00,0.21183
2026-08-21T19:00:00+02:00,0.158183
2026-08-21T19:15:00+02:00,0.219592
2026-08-21T19:30:00+02:00,0.232961
2026-08-21T19:45:00+02:00,0.222525
2026-08-21T20:00:00+02:00,0.190268
2026-08-21T20:15:00+02:00,0.185869
2026-08-21T20:30:00+02:00,0.253748
2026-08-21T20:45:00+02:00,0.204585
2026-08-21T21:00:00+02:00,0.235031
2026-08-21T21:15:00+02:00,0.228735
2026-08-21T21:30:00+02:00,0.229511
2026-08-21T21:45:00+02:00,0.16353
2026-08-21T22:00:00+02:00,0.19527
2026-08-21T22:15:00+02:00,0.222007
2026-08-21T22:30:00+02:00,0.226838
2026-08-21T22:45:00+02:00,0.255818
2026-08-21T23:00:00+02:00,0.223905
2026-08-21T23:15:00+02:00,0.156975
2026-08-21T23:30:00+02:00,0.161288
2026-08-21T23:45:00+02:00,0.151455
2026-08-22T00:00:00+02:00,0.14904
2026-08-22T00:15:00+02:00,0.150248
2026-08-22T00:30:00+02:00,0.15111
2026-08-22T00:45:00+02:00,0.150593
2026-08-22T01:00:00+02:00,0.14904
2026-08-22T01:15:00+02:00,0.149903
2026-08-22T01:30:00+02:00,0.151455
2026-08-22T01:45:00+02:00,0.149903
2026-08-22T02:00:00+02:00,0.15042
2026-08-22T02:15:00+02:00,0.150248
2026-08-22T02:30:00+02:00,0.14835
2026-08-22T02:45:00+02:00,0.151455
2026-08-22T03:00:00+02:00,0.147143
2026-08-22T03:15:00+02:00,0.147143
2026-08-22T03:30:00+02:00,0.148523
2026-08-22T03:45:00+02:00,0.14904
2026-08-22T04:00:00+02:00,0.14766
2026-08-22T04:15:00+02:00,0.146798
2026-08-22T04:30:00+02:00,0.148523
2026-08-22T04:45:00+02:00,0.149558
2026-08-22T05:00:00+02:00,0.14835
2026-08-22T05:15:00+02:00,0.148523
2026-08-22T05:30:00+02:00,0.14628
2026-08-22T05:45:00+02:00,0.145935
2026-08-22T06:00:00+02:00,0.14835
2026-08-22T06:15:00+02:00,0.145935
2026-08-22T06:30:00+02:00,0.145072
2026-08-22T06:45:00+02:00,0.14421
2026-08-22T07:00:00+02:00,0.143865
2026-08-22T07:15:00+02:00,0.144383
2026-08-22T07:30:00+02:00,0.14421
2026-08-22T07:45:00+02:00,0.144037
2026-08-22T08:00:00+02:00,0.143347
2026-08-22T08:15:00+02:00,0.143692
2026-08-22T08:30:00+02:00,0.143692
2026-08-22T08:45:00+02:00,0.145072
2026-08-22T09:00:00+02:00,0.145073
2026-08-22T09:15:00+02:00,0.144037
2026-08-22T09:30:00+02:00,0.14421
2026-08-22T09:45:00+02:00,0.144037
2026-08-22T10:00:00+02:00,0.143175
2026-08-22T10:15:00+02:00,0.145418
2026-08-22T10:30:00+02:00,0.146625
2026-08-22T10:45:00+02:00,0.144555
2026-08-22T11:00:00+02:00,0.144469
2026-08-22T11:15:00+02:00,0.144037
2026-08-22T11:30:00+02:00,0.144383
2026-08-22T11:45:00+02:00,0.144037
2026-08-22T12:00:00+02:00,0.14421
2026-08-22T12:15:00+02:00,0.144382
2026-08-22T12:30:00+02:00,0.145763
2026-08-22T12:45:00+02:00,0.145935
2026-08-22T13:00:00+02:00,0.146625
2026-08-22T13:15:00+02:00,0.145935
2026-08-22T13:30:00+02:00,0.146625
2026-08-22T13:45:00+02:00,0.145245
2026-08-22T14:00:00+02:00,0.146194
2026-08-22T14:15:00+02:00,0.14628
2026-08-22T14:30:00+02:00,0.146453
2026-08-22T14:45:00+02:00,0.147315
2026-08-22T15:00:00+02:00,0.147143
2026-08-22T15:15:00+02:00,0.147315
2026-08-22T15:30:00+02:00,0.146798
2026-08-22T15:45:00+02:00,0.147143
2026-08-22T16:00:00+02:00,0.147315
2026-08-22T16:15:00+02:00,0.148005
2026-08-22T16:30:00+02:00,0.147833
2026-08-22T16:45:00+02:00,0.145935
2026-08-22T17:00:00+02:00,0.147488
2026-08-22T17:15:00+02:00,0.146625
2026-08-22T17:30:00+02:00,0.148005
2026-08-22T17:45:00+02:00,0.148005
2026-08-22T18:00:00+02:00,0.148868
2026-08-22T18:15:00+02:00,0.14835
2026-08-22T18:30:00+02:00,0.147315
2026-08-22T18:45:00+02:00,0.14697
2026-08-22T19:00:00+02:00,0.146625
2026-08-22T19:15:00+02:00,0.14697
2026-08-22T19:30:00+02:00,0.147056
2026-08-22T19:45:00+02:00,0.148005
2026-08-22T20:00:00+02:00,0.147315
2026-08-22T20:15:00+02:00,0.147143
2026-08-22T20:30:00+02:00,0.14697
2026-08-22T20:45:00+02:00,0.14697
2026-08-22T21:00:00+02:00,0.14628
2026-08-22T21:15:00+02:00,0.147833
2026-08-22T21:30:00+02:00,0.147488
2026-08-22T21:45:00+02:00,0.146108
2026-08-22T22:00:00+02:00,0.144728
2026-08-22T22:15:00+02:00,0.14421
2026-08-22T22:30:00+02:00,0.145763
2026-08-22T22:45:00+02:00,0.146108
2026-08-22T23:00:00+02:00,0.145935
2026-08-22T23:15:00+02:00,0.144555
2026-08-22T23:30:00+02:00,0.14628
2026-08-22T23:45:00+02:00,0.14628
2026-08-23T00:00:00+02:00,0.145763
2026-08-23T00:15:00+02:00,0.146108
2026-08-23T00:30:00+02:00,0.145935
2026-08-23T00:45:00+02:00,0.145763
2026-08-23T01:00:00+02:00,0.146108
2026-08-23T01:15:00+02:00,0.146453
2026-08-23T01:30:00+02:00,0.146108
2026-08-23T01:45:00+02:00,0.145763
2026-08-23T02:00:00+02:00,0.148005
2026-08-23T02:15:00+02:00,0.146453
2026-08-23T02:30:00+02:00,0.147488
2026-08-23T02:45:00+02:00,0.145763
2026-08-23T03:00:00+02:00,0.147401
2026-08-23T03:15:00+02:00,0.147488
2026-08-23T03:30:00+02:00,0.147488
2026-08-23T03:45:00+02:00,0.147315
2026-08-23T04:00:00+02:00,0.145245
2026-08-23T04:15:00+02:00,0.14628
2026-08-23T04:30:00+02:00,0.146108
2026-08-23T04:45:00+02:00,0.146108
2026-08-23T05:00:00+02:00,0.145072
2026-08-23T05:15:00+02:00,0.14628
2026-08-23T05:30:00+02:00,0.145072
2026-08-23T05:45:00+02:00,0.14697
2026-08-23T06:00:00+02:00,0.14628
2026-08-23T06:15:00+02:00,0.146625
2026-08-23T06:30:00+02:00,0.145762
2026-08-23T06:45:00+02:00,0.145935
2026-08-23T07:00:00+02:00,0.14628
2026-08-23T07:15:00+02:00,0.145418
2026-08-23T07:30:00+02:00,0.147315
2026-08-23T07:45:00+02:00,0.14628
2026-08-23T08:00:00+02:00,0.145763
2026-08-23T08:15:00+02:00,0.146798
2026-08-23T08:30:00+02:00,0.145763
2026-08-23T08:45:00+02:00,0.146108
2026-08-23T09:00:00+02:00,0.144555
2026-08-23T09:15:00+02:00,0.144727
2026-08-23T09:30:00+02:00,0.145935
2026-08-23T09:45:00+02:00,0.144555
2026-08-23T10:00:00+02:00,0.144382
2026-08-23T10:15:00+02:00,0.145763
2026-08-23T10:30:00+02:00,0.14559
2026-08-23T10:45:00+02:00,0.145763
2026-08-23T11:00:00+02:00,0.144555
2026-08-23T11:15:00+02:00,0.1449
2026-08-23T11:30:00+02:00,0.144382
2026-08-23T11:45:00+02:00,0.143692
2026-08-23T12:00:00+02:00,0.145418
2026-08-23T12:15:00+02:00,0.145935
2026-08-23T12:30:00+02:00,0.14628
2026-08-23T12:45:00+02:00,0.145072
2026-08-23T13:00:00+02:00,0.146625
2026-08-23T13:15:00+02:00,0.145935
2026-08-23T13:30:00+02:00,0.146884
2026-08-23T13:45:00+02:00,0.14559
2026-08-23T14:00:00+02:00,0.145763
2026-08-23T14:15:00+02:00,0.146453
2026-08-23T14:30:00+02:00,0.145763
2026-08-23T14:45:00+02:00,0.145417
2026-08-23T15:00:00+02:00,0.146108
2026-08-23T15:15:00+02:00,0.14628
2026-08-23T15:30:00+02:00,0.145073
2026-08-23T15:45:00+02:00,0.145504
2026-08-23T16:00:00+02:00,0.145417
2026-08-23T16:15:00+02:00,0.145935
2026-08-23T16:30:00+02:00,0.145072
2026-08-23T16:45:00+02:00,0.145245
2026-08-23T17:00:00+02:00,0.147315
2026-08-23T17:15:00+02:00,0.148523
2026-08-23T17:30:00+02:00,0.148178
2026-08-23T17:45:00+02:00,0.14697
2026-08-23T18:00:00+02:00,0.147488
2026-08-23T18:15:00+02:00,0.14697
2026-08-23T18:30:00+02:00,0.147143
2026-08-23T18:45:00+02:00,0.14766
2026-08-23T19:00:00+02:00,0.14697
2026-08-23T19:15:00+02:00,0.148005
2026-08-23T19:30:00+02:00,0.147315
2026-08-23T19:45:00+02:00,0.146798
2026-08-23T20:00:00+02:00,0.147488
2026-08-23T20:15:00+02:00,0.148523
2026-08-23T20:30:00+02:00,0.148523
2026-08-23T20:45:00+02:00,0.14835
2026-08-23T21:00:00+02:00,0.152835
2026-08-23T21:15:00+02:00,0.148264
2026-08-23T21:30:00+02:00,0.149903
2026-08-23T21:45:00+02:00,0.150593
2026-08-23T22:00:00+02:00,0.188715
2026-08-23T22:15:00+02:00,0.225199
2026-08-23T22:30:00+02:00,0.196822
2026-08-23T22:45:00+02:00,0.223042
2026-08-23T23:00:00+02:00,0.23115
2026-08-23T23:15:00+02:00,0.24357
2026-08-23T23:30:00+02:00,0.234255
2026-08-23T23:45:00+02:00,0.230805
2026-08-24T00:00:00+02:00,0.227183
2026-08-24T00:15:00+02:00,0.184316
2026-08-24T00:30:00+02:00,0.192338
2026-08-24T00:45:00+02:00,0.188543
2026-08-24T01:00:00+02:00,0.245985
2026-08-24T01:15:00+02:00,0.248055
2026-08-24T01:30:00+02:00,0.192337
2026-08-24T01:45:00+02:00,0.210967
2026-08-24T02:00:00+02:00,0.225458
2026-08-24T02:15:00+02:00,0.23529
2026-08-24T02:30:00+02:00,0.232185
2026-08-24T02:45:00+02:00,0.150075
2026-08-24T03:00:00+02:00,0.194753
2026-08-24T03:15:00+02:00,0.239258
2026-08-24T03:30:00+02:00,0.201307
2026-08-24T03:45:00+02:00,0.170085
2026-08-24T04:00:00+02:00,0.219593
2026-08-24T04:15:00+02:00,0.223733
2026-08-24T04:30:00+02:00,0.228304
2026-08-24T04:45:00+02:00,0.22563
2026-08-24T05:00:00+02:00,0.23943
2026-08-24T05:15:00+02:00,0.22218
2026-08-24T05:30:00+02:00,0.17319
2026-08-24T05:45:00+02:00,0.151628
2026-08-24T06:00:00+02:00,0.19803
2026-08-24T06:15:00+02:00,0.23667
2026-08-24T06:30:00+02:00,0.247796
2026-08-24T06:45:00+02:00,0.235118
2026-08-24T07:00:00+02:00,0.260992
2026-08-24T07:15:00+02:00,0.242104
2026-08-24T07:30:00+02:00,0.24702
2026-08-24T07:45:00+02:00,0.233565
2026-08-24T08:00:00+02:00,0.23184
2026-08-24T08:15:00+02:00,0.221835
2026-08-24T08:30:00+02:00,0.217523
2026-08-24T08:45:00+02:00,0.212348
2026-08-24T09:00:00+02:00,0.16491
2026-08-24T09:15:00+02:00,0.226148
2026-08-24T09:30:00+02:00,0.250125
2026-08-24T09:45:00+02:00,0.228908
2026-08-24T10:00:00+02:00,0.174915
2026-08-24T10:15:00+02:00,0.14904
2026-08-24T10:30:00+02:00,0.217178
2026-08-24T10:45:00+02:00,0.220283
2026-08-24T11:00:00+02:00,0.253747
2026-08-24T11:15:00+02:00,0.239689
2026-08-24T11:30:00+02:00,0.160425
2026-08-24T11:45:00+02:00,0.209243
2026-08-24T12:00:00+02:00,0.205965
2026-08-24T12:15:00+02:00,0.231581
2026-08-24T12:30:00+02:00,0.20631
2026-08-24T12:45:00+02:00,0.203205
2026-08-24T13:00:00+02:00,0.168878
2026-08-24T13:15:00+02:00,0.225458
2026-08-24T13:30:00+02:00,0.215107
2026-08-24T13:45:00+02:00,0.156458
2026-08-24T14:00:00+02:00,0.223043
2026-08-24T14:15:00+02:00,0.22563
2026-08-24T14:30:00+02:00,0.203378
2026-08-24T14:45:00+02:00,0.20286
2026-08-24T15:00:00+02:00,0.214763
2026-08-24T15:15:00+02:00,0.224681
2026-08-24T15:30:00+02:00,0.248572
2026-08-24T15:45:00+02:00,0.21597
2026-08-24T16:00:00+02:00,0.228908
2026-08-24T16:15:00+02:00,0.25185
2026-08-24T16:30:00+02:00,0.23736
2026-08-24T16:45:00+02:00,0.235635
2026-08-24T17:00:00+02:00,0.232185
2026-08-24T17:15:00+02:00,0.228218
2026-08-24T17:30:00+02:00,0.192855
2026-08-24T17:45:00+02:00,0.231667
2026-08-24T18:00:00+02:00,0.230719
2026-08-24T18:15:00+02:00,0.227873
2026-08-24T18:30:00+02:00,0.243656
2026-08-24T18:45:00+02:00,0.23391
2026-08-24T19:00:00+02:00,0.239258
2026-08-24T19:15:00+02:00,0.20493
2026-08-24T19:30:00+02:00,0.159218
2026-08-24T19:45:00+02:00,0.169568
2026-08-24T20:00:00+02:00,0.196822
2026-08-24T20:15:00+02:00,0.243743
2026-08-24T20:30:00+02:00,0.245813
2026-08-24T20:45:00+02:00,0.239948
2026-08-24T21:00:00+02:00,0.243052
2026-08-24T21:15:00+02:00,0.241328
2026-08-24T21:30:00+02:00,0.231409
2026-08-24T21:45:00+02:00,0.152663
2026-08-24T22:00:00+02:00,0.23322
2026-08-24T22:15:00+02:00,0.257974
2026-08-24T22:30:00+02:00,0.245295
2026-08-24T22:45:00+02:00,0.211313
2026-08-24T23:00:00+02:00,0.237791
2026-08-24T23:15:00+02:00,0.228735
2026-08-24T23:30:00+02:00,0.242362
2026-08-24T23:45:00+02:00,0.256507
2026-08-25T00:00:00+02:00,0.228562
2026-08-25T00:15:00+02:00,0.181298
2026-08-25T00:30:00+02:00,0.23598
2026-08-25T00:45:00+02:00,0.240982
2026-08-25T01:00:00+02:00,0.257887
2026-08-25T01:15:00+02:00,0.218557
2026-08-25T01:30:00+02:00,0.175605
2026-08-25T01:45:00+02:00,0.23943
2026-08-25T02:00:00+02:00,0.250987
2026-08-25T02:15:00+02:00,0.24495
2026-08-25T02:30:00+02:00,0.209243
2026-08-25T02:45:00+02:00,0.237015
2026-08-25T03:00:00+02:00,0.207
2026-08-25T03:15:00+02:00,0.15042
2026-08-25T03:30:00+02:00,0.21804
2026-08-25T03:45:00+02:00,0.234255
2026-08-25T04:00:00+02:00,0.20838
2026-08-25T04:15:00+02:00,0.234945
2026-08-25T04:30:00+02:00,0.22218
2026-08-25T04:45:00+02:00,0.196995
2026-08-25T05:00:00+02:00,0.188198
2026-08-25T05:15:00+02:00,0.220282
2026-08-25T05:30:00+02:00,0.204758
2026-08-25T05:45:00+02:00,0.151283
2026-08-25T06:00:00+02:00,0.190613
2026-08-25T06:15:00+02:00,0.222525
2026-08-25T06:30:00+02:00,0.228218
2026-08-25T06:45:00+02:00,0.178538
2026-08-25T07:00:00+02:00,0.142657
2026-08-25T07:15:00+02:00,0.139897
2026-08-25T07:30:00+02:00,0.14007
2026-08-25T07:45:00+02:00,0.139552
2026-08-25T08:00:00+02:00,0.141277
2026-08-25T08:15:00+02:00,0.146452
2026-08-25T08:30:00+02:00,0.16077
2026-08-25T08:45:00+02:00,0.150075
2026-08-25T09:00:00+02:00,0.15042
2026-08-25T09:15:00+02:00,0.150938
2026-08-25T09:30:00+02:00,0.150765
2026-08-25T09:45:00+02:00,0.151283
2026-08-25T10:00:00+02:00,0.151628
2026-08-25T10:15:00+02:00,0.150765
2026-08-25T10:30:00+02:00,0.150938
2026-08-25T10:45:00+02:00,0.152145
2026-08-25T11:00:00+02:00,0.148523
2026-08-25T11:15:00+02:00,0.14973
2026-08-25T11:30:00+02:00,0.161805
2026-08-25T11:45:00+02:00,0.14835
2026-08-25T12:00:00+02:00,0.14766
2026-08-25T12:15:00+02:00,0.15042
2026-08-25T12:30:00+02:00,0.15111
2026-08-25T12:45:00+02:00,0.15042
2026-08-25T13:00:00+02:00,0.15042
2026-08-25T13:15:00+02:00,0.150075
2026-08-25T13:30:00+02:00,0.14973
2026-08-25T13:45:00+02:00,0.15042
2026-08-25T14:00:00+02:00,0.229253
2026-08-25T14:15:00+02:00,0.249176
2026-08-25T14:30:00+02:00,0.211485
2026-08-25T14:45:00+02:00,0.212348
2026-08-25T15:00:00+02:00,0.248314
2026-08-25T15:15:00+02:00,0.24495
2026-08-25T15:30:00+02:00,0.242018
2026-08-25T15:45:00+02:00,0.244432
2026-08-25T16:00:00+02:00,0.251677
2026-08-25T16:15:00+02:00,0.267461
2026-08-25T16:30:00+02:00,0.245295
2026-08-25T16:45:00+02:00,0.207431
2026-08-25T17:00:00+02:00,0.239775
2026-08-25T17:15:00+02:00,0.216574
2026-08-25T17:30:00+02:00,0.243742
2026-08-25T17:45:00+02:00,0.248572
2026-08-25T18:00:00+02:00,0.235549
2026-08-25T18:15:00+02:00,0.2208
2026-08-25T18:30:00+02:00,0.246157
2026-08-25T18:45:00+02:00,0.20079
2026-08-25T19:00:00+02:00,0.16146
2026-08-25T19:15:00+02:00,0.256853
2026-08-25T19:30:00+02:00,0.22563
2026-08-25T19:45:00+02:00,0.19734
2026-08-25T20:00:00+02:00,0.22563
2026-08-25T20:15:00+02:00,0.246503
2026-08-25T20:30:00+02:00,0.2277
2026-08-25T20:45:00+02:00,0.186128
2026-08-25T21:00:00+02:00,0.235721
2026-08-25T21:15:00+02:00,0.1656
2026-08-25T21:30:00+02:00,0.150938
2026-08-25T21:45:00+02:00,0.151283
2026-08-25T22:00:00+02:00,0.245468
2026-08-25T22:15:00+02:00,0.2346
2026-08-25T22:30:00+02:00,0.254437
2026-08-25T22:45:00+02:00,0.240638
2026-08-25T23:00:00+02:00,0.26358
2026-08-25T23:15:00+02:00,0.255731
2026-08-25T23:30:00+02:00,0.239258
2026-08-25T23:45:00+02:00,0.25392
2026-08-26T00:00:00+02:00,0.257542
2026-08-26T00:15:00+02:00,0.200618
2026-08-26T00:30:00+02:00,0.183195
2026-08-26T00:45:00+02:00,0.237188
2026-08-26T01:00:00+02:00,0.26151
2026-08-26T01:15:00+02:00,0.236325
2026-08-26T01:30:00+02:00,0.22563
2026-08-26T01:45:00+02:00,0.235204
2026-08-26T02:00:00+02:00,0.22149
2026-08-26T02:15:00+02:00,0.223732
2026-08-26T02:30:00+02:00,0.25599
2026-08-26T02:45:00+02:00,0.18009
2026-08-26T03:00:00+02:00,0.1518
2026-08-26T03:15:00+02:00,0.252023
2026-08-26T03:30:00+02:00,0.25185
2026-08-26T03:45:00+02:00,0.240465
2026-08-26T04:00:00+02:00,0.243915
2026-08-26T04:15:00+02:00,0.253144
2026-08-26T04:30:00+02:00,0.230115
2026-08-26T04:45:00+02:00,0.244864
2026-08-26T05:00:00+02:00,0.24357
2026-08-26T05:15:00+02:00,0.242707
2026-08-26T05:30:00+02:00,0.175346
2026-08-26T05:45:00+02:00,0.15318
2026-08-26T06:00:00+02:00,0.234773
2026-08-26T06:15:00+02:00,0.234428
2026-08-26T06:30:00+02:00,0.230633
2026-08-26T06:45:00+02:00,0.262545
2026-08-26T07:00:00+02:00,0.211313
2026-08-26T07:15:00+02:00,0.241327
2026-08-26T07:30:00+02:00,0.228045
2026-08-26T07:45:00+02:00,0.237878
2026-08-26T08:00:00+02:00,0.212865
2026-08-26T08:15:00+02:00,0.186214
2026-08-26T08:30:00+02:00,0.167325
2026-08-26T08:45:00+02:00,0.26289
2026-08-26T09:00:00+02:00,0.211485
2026-08-26T09:15:00+02:00,0.235808
2026-08-26T09:30:00+02:00,0.225112
2026-08-26T09:45:00+02:00,0.150248
2026-08-26T10:00:00+02:00,0.248055
2026-08-26T10:15:00+02:00,0.252022
2026-08-26T10:30:00+02:00,0.166808
2026-08-26T10:45:00+02:00,0.155595
2026-08-26T11:00:00+02:00,0.255473
2026-08-26T11:15:00+02:00,0.23322
2026-08-26T11:30:00+02:00,0.205792
2026-08-26T11:45:00+02:00,0.242708
2026-08-26T12:00:00+02:00,0.242363
2026-08-26T12:15:00+02:00,0.184748
2026-08-26T12:30:00+02:00,0.199928
2026-08-26T12:45:00+02:00,0.19941
2026-08-26T13:00:00+02:00,0.213555
2026-08-26T13:15:00+02:00,0.223905
2026-08-26T13:30:00+02:00,0.191993
2026-08-26T13:45:00+02:00,0.148695
2026-08-26T14:00:00+02:00,0.229598
2026-08-26T14:15:00+02:00,0.219765
2026-08-26T14:30:00+02:00,0.21183
2026-08-26T14:45:00+02:00,0.23805
2026-08-26T15:00:00+02:00,0.242018
2026-08-26T15:15:00+02:00,0.235894
2026-08-26T15:30:00+02:00,0.251333
2026-08-26T15:45:00+02:00,0.226579
2026-08-26T16:00:00+02:00,0.183713
2026-08-26T16:15:00+02:00,0.213038
2026-08-26T16:30:00+02:00,0.247538
2026-08-26T16:45:00+02:00,0.250987
2026-08-26T17:00:00+02:00,0.203723
2026-08-26T17:15:00+02:00,0.223129
2026-08-26T17:30:00+02:00,0.243225
2026-08-26T17:45:00+02:00,0.240638
2026-08-26T18:00:00+02:00,0.215366
2026-08-26T18:15:00+02:00,0.25392
2026-08-26T18:30:00+02:00,0.256421
2026-08-26T18:45:00+02:00,0.237533
2026-08-26T19:00:00+02:00,0.244433
2026-08-26T19:15:00+02:00,0.222956
2026-08-26T19:30:00+02:00,0.237532
2026-08-26T19:45:00+02:00,0.162495
2026-08-26T20:00:00+02:00,0.261683
2026-08-26T20:15:00+02:00,0.26703
2026-08-26T20:30:00+02:00,0.270308
2026-08-26T20:45:00+02:00,0.25668
2026-08-26T21:00:00+02:00,0.24288
2026-08-26T21:15:00+02:00,0.226493
2026-08-26T21:30:00+02:00,0.151628
2026-08-26T21:45:00+02:00,0.151628
2026-08-26T22:00:00+02:00,0.239516
2026-08-26T22:15:00+02:00,0.24081
2026-08-26T22:30:00+02:00,0.258233
2026-08-26T22:45:00+02:00,0.268151
2026-08-26T23:00:00+02:00,0.203378
2026-08-26T23:15:00+02:00,0.23184
2026-08-26T23:30:00+02:00,0.260992
2026-08-26T23:45:00+02:00,0.23667
2026-08-27T00:00:00+02:00,0.24495
2026-08-27T00:15:00+02:00,0.24633
2026-08-27T00:30:00+02:00,0.244778
2026-08-27T00:45:00+02:00,0.253747
2026-08-27T01:00:00+02:00,0.238913
2026-08-27T01:15:00+02:00,0.217178
2026-08-27T01:30:00+02:00,0.157493
2026-08-27T01:45:00+02:00,0.25599
2026-08-27T02:00:00+02:00,0.24978
2026-08-27T02:15:00+02:00,0.27669
2026-08-27T02:30:00+02:00,0.247365
2026-08-27T02:45:00+02:00,0.255128
2026-08-27T03:00:00+02:00,0.243053
2026-08-27T03:15:00+02:00,0.20286
2026-08-27T03:30:00+02:00,0.15801
2026-08-27T03:45:00+02:00,0.197685
2026-08-27T04:00:00+02:00,0.23874
2026-08-27T04:15:00+02:00,0.253057
2026-08-27T04:30:00+02:00,0.2484
2026-08-27T04:45:00+02:00,0.209501
2026-08-27T05:00:00+02:00,0.221662
2026-08-27T05:15:00+02:00,0.25392
2026-08-27T05:30:00+02:00,0.180953
2026-08-27T05:45:00+02:00,0.149903
2026-08-27T06:00:00+02:00,0.22563
2026-08-27T06:15:00+02:00,0.24633
2026-08-27T06:30:00+02:00,0.192338
2026-08-27T06:45:00+02:00,0.216315
2026-08-27T07:00:00+02:00,0.165255
2026-08-27T07:15:00+02:00,0.211658
2026-08-27T07:30:00+02:00,0.24771
2026-08-27T07:45:00+02:00,0.232702
2026-08-27T08:00:00+02:00,0.25116
2026-08-27T08:15:00+02:00,0.228476
2026-08-27T08:30:00+02:00,0.192855
2026-08-27T08:45:00+02:00,0.21321
2026-08-27T09:00:00+02:00,0.192165
2026-08-27T09:15:00+02:00,0.179141
2026-08-27T09:30:00+02:00,0.247365
2026-08-27T09:45:00+02:00,0.217695
2026-08-27T10:00:00+02:00,0.20493
2026-08-27T10:15:00+02:00,0.151283
2026-08-27T10:30:00+02:00,0.151283
2026-08-27T10:45:00+02:00,0.234082
2026-08-27T11:00:00+02:00,0.225975
2026-08-27T11:15:00+02:00,0.242707
2026-08-27T11:30:00+02:00,0.234427
2026-08-27T11:45:00+02:00,0.172155
2026-08-27T12:00:00+02:00,0.184661
2026-08-27T12:15:00+02:00,0.253575
2026-08-27T12:30:00+02:00,0.259871
2026-08-27T12:45:00+02:00,0.209933
2026-08-27T13:00:00+02:00,0.216833
2026-08-27T13:15:00+02:00,0.224422
2026-08-27T13:30:00+02:00,0.172328
2026-08-27T13:45:00+02:00,0.151455
2026-08-27T14:00:00+02:00,0.150593
2026-08-27T14:15:00+02:00,0.150248
2026-08-27T14:30:00+02:00,0.151283
2026-08-27T14:45:00+02:00,0.151455
2026-08-27T15:00:00+02:00,0.149903
2026-08-27T15:15:00+02:00,0.150593
2026-08-27T15:30:00+02:00,0.15042
2026-08-27T15:45:00+02:00,0.150248
2026-08-27T16:00:00+02:00,0.149385
2026-08-27T16:15:00+02:00,0.14766
2026-08-27T16:30:00+02:00,0.148609
2026-08-27T16:45:00+02:00,0.15042
2026-08-27T17:00:00+02:00,0.150248
2026-08-27T17:15:00+02:00,0.150765
2026-08-27T17:30:00+02:00,0.151024
2026-08-27T17:45:00+02:00,0.15111
2026-08-27T18:00:00+02:00,0.150938
2026-08-27T18:15:00+02:00,0.151628
2026-08-27T18:30:00+02:00,0.179486
2026-08-27T18:45:00+02:00,0.263235
2026-08-27T19:00:00+02:00,0.287557
2026-08-27T19:15:00+02:00,0.252023
2026-08-27T19:30:00+02:00,0.247882
2026-08-27T19:45:00+02:00,0.237015
2026-08-27T20:00:00+02:00,0.252454
2026-08-27T20:15:00+02:00,0.176295
2026-08-27T20:30:00+02:00,0.223819
2026-08-27T20:45:00+02:00,0.245985
2026-08-27T21:00:00+02:00,0.260648
2026-08-27T21:15:00+02:00,0.2484
2026-08-27T21:30:00+02:00,0.192596
2026-08-27T21:45:00+02:00,0.151973
2026-08-27T22:00:00+02:00,0.255645
2026-08-27T22:15:00+02:00,0.270049
2026-08-27T22:30:00+02:00,0.257801
2026-08-27T22:45:00+02:00,0.23529
2026-08-27T23:00:00+02:00,0.249262
2026-08-27T23:15:00+02:00,0.251678
2026-08-27T23:30:00+02:00,0.233651
2026-08-27T23:45:00+02:00,0.20769
2026-08-28T00:00:00+02:00,0.243915
2026-08-28T00:15:00+02:00,0.242535
2026-08-28T00:30:00+02:00,0.246158
2026-08-28T00:45:00+02:00,0.257974
2026-08-28T01:00:00+02:00,0.236842
2026-08-28T01:15:00+02:00,0.232789
2026-08-28T01:30:00+02:00,0.156458
2026-08-28T01:45:00+02:00,0.217868
2026-08-28T02:00:00+02:00,0.243656
2026-08-28T02:15:00+02:00,0.236325
2026-08-28T02:30:00+02:00,0.2346
2026-08-28T02:45:00+02:00,0.240293
2026-08-28T03:00:00+02:00,0.23391
2026-08-28T03:15:00+02:00,0.23184
2026-08-28T03:30:00+02:00,0.151455
2026-08-28T03:45:00+02:00,0.20286
2026-08-28T04:00:00+02:00,0.253402
2026-08-28T04:15:00+02:00,0.22632
2026-08-28T04:30:00+02:00,0.238568
2026-08-28T04:45:00+02:00,0.243225
2026-08-28T05:00:00+02:00,0.2415
2026-08-28T05:15:00+02:00,0.183023
2026-08-28T05:30:00+02:00,0.180953
2026-08-28T05:45:00+02:00,0.14904
2026-08-28T06:00:00+02:00,0.20286
2026-08-28T06:15:00+02:00,0.204585
2026-08-28T06:30:00+02:00,0.17112
2026-08-28T06:45:00+02:00,0.247365
2026-08-28T07:00:00+02:00,0.226234
2026-08-28T07:15:00+02:00,0.210795
2026-08-28T07:30:00+02:00,0.231323
2026-08-28T07:45:00+02:00,0.246502
2026-08-28T08:00:00+02:00,0.23874
2026-08-28T08:15:00+02:00,0.191303
2026-08-28T08:30:00+02:00,0.21666
2026-08-28T08:45:00+02:00,0.24978
2026-08-28T09:00:00+02:00,0.200704
2026-08-28T09:15:00+02:00,0.183368
2026-08-28T09:30:00+02:00,0.245985
2026-08-28T09:45:00+02:00,0.230891
2026-08-28T10:00:00+02:00,0.148868
2026-08-28T10:15:00+02:00,0.150765
2026-08-28T10:30:00+02:00,0.24978
2026-08-28T10:45:00+02:00,0.238481
2026-08-28T11:00:00+02:00,0.18906
2026-08-28T11:15:00+02:00,0.174052
2026-08-28T11:30:00+02:00,0.230287
2026-08-28T11:45:00+02:00,0.254265
2026-08-28T12:00:00+02:00,0.234082
2026-08-28T12:15:00+02:00,0.17733
2026-08-28T12:30:00+02:00,0.211313
2026-08-28T12:45:00+02:00,0.22149
2026-08-28T13:00:00+02:00,0.249176
2026-08-28T13:15:00+02:00,0.182332
2026-08-28T13:30:00+02:00,0.147315
2026-08-28T13:45:00+02:00,0.148868
2026-08-28T14:00:00+02:00,0.204671
2026-08-28T14:15:00+02:00,0.2208
2026-08-28T14:30:00+02:00,0.188715
2026-08-28T14:45:00+02:00,0.246848
2026-08-28T15:00:00+02:00,0.19734
2026-08-28T15:15:00+02:00,0.264443
2026-08-28T15:30:00+02:00,0.23667
2026-08-28T15:45:00+02:00,0.236239
2026-08-28T16:00:00+02:00,0.22149
2026-08-28T16:15:00+02:00,0.156803
2026-08-28T16:30:00+02:00,0.240551
2026-08-28T16:45:00+02:00,0.249953
2026-08-28T17:00:00+02:00,0.244088
2026-08-28T17:15:00+02:00,0.238568
2026-08-28T17:30:00+02:00,0.23667
2026-08-28T17:45:00+02:00,0.223732
2026-08-28T18:00:00+02:00,0.237533
2026-08-28T18:15:00+02:00,0.241414
2026-08-28T18:30:00+02:00,0.217867
2026-08-28T18:45:00+02:00,0.176468
2026-08-28T19:00:00+02:00,0.220455
2026-08-28T19:15:00+02:00,0.20493
2026-08-28T19:30:00+02:00,0.255041
2026-08-28T19:45:00+02:00,0.248227
2026-08-28T20:00:00+02:00,0.23391
2026-08-28T20:15:00+02:00,0.14697
2026-08-28T20:30:00+02:00,0.225975
2026-08-28T20:45:00+02:00,0.237533
2026-08-28T21:00:00+02:00,0.23805
2026-08-28T21:15:00+02:00,0.248486
2026-08-28T21:30:00+02:00,0.155077
2026-08-28T21:45:00+02:00,0.150938
2026-08-28T22:00:00+02:00,0.150593
2026-08-28T22:15:00+02:00,0.15111
2026-08-28T22:30:00+02:00,0.1518
2026-08-28T22:45:00+02:00,0.151628
2026-08-28T23:00:00+02:00,0.148868
2026-08-28T23:15:00+02:00,0.15318
2026-08-28T23:30:00+02:00,0.152663
2026-08-28T23:45:00+02:00,0.149558
2026-08-29T00:00:00+02:00,0.149213
2026-08-29T00:15:00+02:00,0.148695
2026-08-29T00:30:00+02:00,0.15042
2026-08-29T00:45:00+02:00,0.15042
2026-08-29T01:00:00+02:00,0.148868
2026-08-29T01:15:00+02:00,0.146798
2026-08-29T01:30:00+02:00,0.14628
2026-08-29T01:45:00+02:00,0.150075
2026-08-29T02:00:00+02:00,0.15042
2026-08-29T02:15:00+02:00,0.150075
2026-08-29T02:30:00+02:00,0.150075
2026-08-29T02:45:00+02:00,0.148178
2026-08-29T03:00:00+02:00,0.146108
2026-08-29T03:15:00+02:00,0.146453
2026-08-29T03:30:00+02:00,0.148005
2026-08-29T03:45:00+02:00,0.149903
2026-08-29T04:00:00+02:00,0.15042
2026-08-29T04:15:00+02:00,0.14973
2026-08-29T04:30:00+02:00,0.14835
2026-08-29T04:45:00+02:00,0.148005
2026-08-29T05:00:00+02:00,0.148695
2026-08-29T05:15:00+02:00,0.148695
2026-08-29T05:30:00+02:00,0.147143
2026-08-29T05:45:00+02:00,0.147315
2026-08-29T06:00:00+02:00,0.14766
2026-08-29T06:15:00+02:00,0.148523
2026-08-29T06:30:00+02:00,0.146798
2026-08-29T06:45:00+02:00,0.14559
2026-08-29T07:00:00+02:00,0.146453
2026-08-29T07:15:00+02:00,0.14559
2026-08-29T07:30:00+02:00,0.147488
2026-08-29T07:45:00+02:00,0.147315
2026-08-29T08:00:00+02:00,0.147488
2026-08-29T08:15:00+02:00,0.148695
2026-08-29T08:30:00+02:00,0.149385
2026-08-29T08:45:00+02:00,0.14559
2026-08-29T09:00:00+02:00,0.146453
2026-08-29T09:15:00+02:00,0.147315
2026-08-29T09:30:00+02:00,0.148178
2026-08-29T09:45:00+02:00,0.148868
2026-08-29T10:00:00+02:00,0.149558
2026-08-29T10:15:00+02:00,0.149385
2026-08-29T10:30:00+02:00,0.14904
2026-08-29T10:45:00+02:00,0.149558
2026-08-29T11:00:00+02:00,0.148695
2026-08-29T11:15:00+02:00,0.147746
2026-08-29T11:30:00+02:00,0.146625
2026-08-29T11:45:00+02:00,0.147833
2026-08-29T12:00:00+02:00,0.148178
2026-08-29T12:15:00+02:00,0.147315
2026-08-29T12:30:00+02:00,0.147315
2026-08-29T12:45:00+02:00,0.14628
2026-08-29T13:00:00+02:00,0.148005
2026-08-29T13:15:00+02:00,0.145935
2026-08-29T13:30:00+02:00,0.146625
2026-08-29T13:45:00+02:00,0.146798
2026-08-29T14:00:00+02:00,0.145418
2026-08-29T14:15:00+02:00,0.146625
2026-08-29T14:30:00+02:00,0.147143
2026-08-29T14:45:00+02:00,0.14697
2026-08-29T15:00:00+02:00,0.147143
2026-08-29T15:15:00+02:00,0.147488
2026-08-29T15:30:00+02:00,0.145763
2026-08-29T15:45:00+02:00,0.145763
2026-08-29T16:00:00+02:00,0.145418
2026-08-29T16:15:00+02:00,0.145245
2026-08-29T16:30:00+02:00,0.146453
2026-08-29T16:45:00+02:00,0.146625
2026-08-29T17:00:00+02:00,0.147143
2026-08-29T17:15:00+02:00,0.14697
2026-08-29T17:30:00+02:00,0.147143
2026-08-29T17:45:00+02:00,0.14766
2026-08-29T18:00:00+02:00,0.15111
2026-08-29T18:15:00+02:00,0.150765
2026-08-29T18:30:00+02:00,0.149385
2026-08-29T18:45:00+02:00,0.148868
2026-08-29T19:00:00+02:00,0.149385
2026-08-29T19:15:00+02:00,0.149213
2026-08-29T19:30:00+02:00,0.150248
2026-08-29T19:45:00+02:00,0.148005
2026-08-29T20:00:00+02:00,0.148523
2026-08-29T20:15:00+02:00,0.14904
2026-08-29T20:30:00+02:00,0.150248
2026-08-29T20:45:00+02:00,0.15042
2026-08-29T21:00:00+02:00,0.149903
2026-08-29T21:15:00+02:00,0.148523
2026-08-29T21:30:00+02:00,0.149213
2026-08-29T21:45:00+02:00,0.14766
2026-08-29T22:00:00+02:00,0.148695
2026-08-29T22:15:00+02:00,0.148005
2026-08-29T22:30:00+02:00,0.148523
2026-08-29T22:45:00+02:00,0.147833
2026-08-29T23:00:00+02:00,0.14766
2026-08-29T23:15:00+02:00,0.146108
2026-08-29T23:30:00+02:00,0.145763
2026-08-29T23:45:00+02:00,0.147833
2026-08-30T00:00:00+02:00,0.146625
2026-08-30T00:15:00+02:00,0.146108
2026-08-30T00:30:00+02:00,0.146625
2026-08-30T00:45:00+02:00,0.14835
2026-08-30T01:00:00+02:00,0.146108
2026-08-30T01:15:00+02:00,0.147143
2026-08-30T01:30:00+02:00,0.14697
2026-08-30T01:45:00+02:00,0.146453
2026-08-30T02:00:00+02:00,0.146798
2026-08-30T02:15:00+02:00,0.14628
2026-08-30T02:30:00+02:00,0.146625
2026-08-30T02:45:00+02:00,0.1449
2026-08-30T03:00:00+02:00,0.145073
2026-08-30T03:15:00+02:00,0.146625
2026-08-30T03:30:00+02:00,0.146625
2026-08-30T03:45:00+02:00,0.146625
2026-08-30T04:00:00+02:00,0.145676
2026-08-30T04:15:00+02:00,0.14628
2026-08-30T04:30:00+02:00,0.146625
2026-08-30T04:45:00+02:00,0.146453
2026-08-30T05:00:00+02:00,0.148868
2026-08-30T05:15:00+02:00,0.148005
2026-08-30T05:30:00+02:00,0.147143
2026-08-30T05:45:00+02:00,0.146625
2026-08-30T06:00:00+02:00,0.149213
2026-08-30T06:15:00+02:00,0.14766
2026-08-30T06:30:00+02:00,0.147833
2026-08-30T06:45:00+02:00,0.148695
2026-08-30T07:00:00+02:00,0.148005
2026-08-30T07:15:00+02:00,0.14766
2026-08-30T07:30:00+02:00,0.146108
2026-08-30T07:45:00+02:00,0.14835
2026-08-30T08:00:00+02:00,0.14835
2026-08-30T08:15:00+02:00,0.146108
2026-08-30T08:30:00+02:00,0.14628
2026-08-30T08:45:00+02:00,0.146453
2026-08-30T09:00:00+02:00,0.146108
2026-08-30T09:15:00+02:00,0.146108
2026-08-30T09:30:00+02:00,0.145245
2026-08-30T09:45:00+02:00,0.1449
2026-08-30T10:00:00+02:00,0.145935
2026-08-30T10:15:00+02:00,0.146453
2026-08-30T10:30:00+02:00,0.146625
2026-08-30T10:45:00+02:00,0.147143
2026-08-30T11:00:00+02:00,0.14697
2026-08-30T11:15:00+02:00,0.145763
2026-08-30T11:30:00+02:00,0.145935
2026-08-30T11:45:00+02:00,0.146453
2026-08-30T12:00:00+02:00,0.145935
2026-08-30T12:15:00+02:00,0.14559
2026-08-30T12:30:00+02:00,0.145935
2026-08-30T12:45:00+02:00,0.146453
2026-08-30T13:00:00+02:00,0.146798
2026-08-30T13:15:00+02:00,0.145763
2026-08-30T13:30:00+02:00,0.144383
2026-08-30T13:45:00+02:00,0.145073
2026-08-30T14:00:00+02:00,0.145245
2026-08-30T14:15:00+02:00,0.1449
2026-08-30T14:30:00+02:00,0.14559
2026-08-30T14:45:00+02:00,0.144124
2026-08-30T15:00:00+02:00,0.144728
2026-08-30T15:15:00+02:00,0.14628
2026-08-30T15:30:00+02:00,0.145763
2026-08-30T15:45:00+02:00,0.145935
2026-08-30T16:00:00+02:00,0.14628
2026-08-30T16:15:00+02:00,0.145763
2026-08-30T16:30:00+02:00,0.145763
2026-08-30T16:45:00+02:00,0.145763
2026-08-30T17:00:00+02:00,0.145763
2026-08-30T17:15:00+02:00,0.147143
2026-08-30T17:30:00+02:00,0.147315
2026-08-30T17:45:00+02:00,0.14559
2026-08-30T18:00:00+02:00,0.144728
2026-08-30T18:15:00+02:00,0.144728
2026-08-30T18:30:00+02:00,0.146453
2026-08-30T18:45:00+02:00,0.146108
2026-08-30T19:00:00+02:00,0.145245
2026-08-30T19:15:00+02:00,0.14628
2026-08-30T19:30:00+02:00,0.14628
2026-08-30T19:45:00+02:00,0.146625
2026-08-30T20:00:00+02:00,0.14697
2026-08-30T20:15:00+02:00,0.146625
2026-08-30T20:30:00+02:00,0.148609
2026-08-30T20:45:00+02:00,0.150938
2026-08-30T21:00:00+02:00,0.151455
2026-08-30T21:15:00+02:00,0.151283
2026-08-30T21:30:00+02:00,0.150075
2026-08-30T21:45:00+02:00,0.151283
2026-08-30T22:00:00+02:00,0.198203
2026-08-30T22:15:00+02:00,0.256852
2026-08-30T22:30:00+02:00,0.206655
2026-08-30T22:45:00+02:00,0.256335
2026-08-30T23:00:00+02:00,0.239085
2026-08-30T23:15:00+02:00,0.23805
2026-08-30T23:30:00+02:00,0.155595
2026-08-30T23:45:00+02:00,0.267548
2026-08-31T00:00:00+02:00,0.171638
2026-08-31T00:15:00+02:00,0.2346
2026-08-31T00:30:00+02:00,0.237791
2026-08-31T00:45:00+02:00,0.197685
2026-08-31T01:00:00+02:00,0.246244
2026-08-31T01:15:00+02:00,0.15387
2026-08-31T01:30:00+02:00,0.222525
2026-08-31T01:45:00+02:00,0.2484
2026-08-31T02:00:00+02:00,0.239085
2026-08-31T02:15:00+02:00,0.181298
2026-08-31T02:30:00+02:00,0.14904
2026-08-31T02:45:00+02:00,0.151455
2026-08-31T03:00:00+02:00,0.150765
2026-08-31T03:15:00+02:00,0.238395
2026-08-31T03:30:00+02:00,0.262027
2026-08-31T03:45:00+02:00,0.241759
2026-08-31T04:00:00+02:00,0.242018
2026-08-31T04:15:00+02:00,0.154387
2026-08-31T04:30:00+02:00,0.251505
2026-08-31T04:45:00+02:00,0.259267
2026-08-31T05:00:00+02:00,0.269704
2026-08-31T05:15:00+02:00,0.191303
2026-08-31T05:30:00+02:00,0.203033
2026-08-31T05:45:00+02:00,0.152145
2026-08-31T06:00:00+02:00,0.213469
2026-08-31T06:15:00+02:00,0.23046
2026-08-31T06:30:00+02:00,0.217005
2026-08-31T06:45:00+02:00,0.236929
2026-08-31T07:00:00+02:00,0.230288
2026-08-31T07:15:00+02:00,0.233738
2026-08-31T07:30:00+02:00,0.20631
2026-08-31T07:45:00+02:00,0.20769
2026-08-31T08:00:00+02:00,0.23184
2026-08-31T08:15:00+02:00,0.217178
2026-08-31T08:30:00+02:00,0.226665
2026-08-31T08:45:00+02:00,0.203895
2026-08-31T09:00:00+02:00,0.185093
2026-08-31T09:15:00+02:00,0.219938
2026-08-31T09:30:00+02:00,0.231754
2026-08-31T09:45:00+02:00,0.18906
2026-08-31T10:00:00+02:00,0.219851
2026-08-31T10:15:00+02:00,0.22908
2026-08-31T10:30:00+02:00,0.22218
2026-08-31T10:45:00+02:00,0.220024
2026-08-31T11:00:00+02:00,0.20217
2026-08-31T11:15:00+02:00,0.213555
2026-08-31T11:30:00+02:00,0.215194
2026-08-31T11:45:00+02:00,0.23046
2026-08-31T12:00:00+02:00,0.21804
2026-08-31T12:15:00+02:00,0.225285
2026-08-31T12:30:00+02:00,0.176295
2026-08-31T12:45:00+02:00,0.228045
2026-08-31T13:00:00+02:00,0.24702
2026-08-31T13:15:00+02:00,0.223043
2026-08-31T13:30:00+02:00,0.176123
2026-08-31T13:45:00+02:00,0.147488
2026-08-31T14:00:00+02:00,0.253575
2026-08-31T14:15:00+02:00,0.254524
2026-08-31T14:30:00+02:00,0.246848
2026-08-31T14:45:00+02:00,0.245899
2026-08-31T15:00:00+02:00,0.229425
2026-08-31T15:15:00+02:00,0.253058
2026-08-31T15:30:00+02:00,0.23943
2026-08-31T15:45:00+02:00,0.238395
2026-08-31T16:00:00+02:00,0.239171
2026-08-31T16:15:00+02:00,0.2346
2026-08-31T16:30:00+02:00,0.227872
2026-08-31T16:45:00+02:00,0.246675
2026-08-31T17:00:00+02:00,0.228735
2026-08-31T17:15:00+02:00,0.1725
2026-08-31T17:30:00+02:00,0.192338
2026-08-31T17:45:00+02:00,0.239603
2026-08-31T18:00:00+02:00,0.25875
2026-08-31T18:15:00+02:00,0.221145
2026-08-31T18:30:00+02:00,0.248486
2026-08-31T18:45:00+02:00,0.257197
2026-08-31T19:00:00+02:00,0.23046
2026-08-31T19:15:00+02:00,0.241845
2026-08-31T19:30:00+02:00,0.182333
2026-08-31T19:45:00+02:00,0.158528
2026-08-31T20:00:00+02:00,0.249435
2026-08-31T20:15:00+02:00,0.227959
2026-08-31T20:30:00+02:00,0.263753
2026-08-31T20:45:00+02:00,0.250297
2026-08-31T21:00:00+02:00,0.233565
2026-08-31T21:15:00+02:00,0.249866
2026-08-31T21:30:00+02:00,0.200963
2026-08-31T21:45:00+02:00,0.149558
2026-08-31T22:00:00+02:00,0.202688
2026-08-31T22:15:00+02:00,0.23805
2026-08-31T22:30:00+02:00,0.266599
2026-08-31T22:45:00+02:00,0.229597
2026-08-31T23:00:00+02:00,0.21459
2026-08-31T23:15:00+02:00,0.259354
2026-08-31T23:30:00+02:00,0.198375
2026-08-31T23:45:00+02:00,0.241241
2026-09-01T00:00:00+02:00,0.239948
