timestamp,value_kwh
2025-12-22T12:15:00+01:00,
2025-12-22T12:30:00+01:00,0.0
2025-12-22T12:45:00+01:00,0.0
2025-12-22T13:00:00+01:00,0.0
2025-12-22T13:15:00+01:00,0.0
2025-12-22T13:30:00+01:00,0.0
2025-12-22T13:45:00+01:00,0.0
2025-12-22T14:00:00+01:00,0.0
2025-12-22T14:15:00+01:00,0.0
2025-12-22T14:30:00+01:00,0.0
2025-12-22T14:45:00+01:00,0.0
2025-12-22T15:00:00+01:00,0.0
2025-12-22T15:15:00+01:00,0.0
2025-12-22T15:30:00+01:00,0.0
2025-12-22T15:45:00+01:00,0.0
2025-12-22T16:00:00+01:00,0.0
2025-12-22T16:15:00+01:00,0.0
2025-12-22T16:30:00+01:00,0.0
2025-12-22T16:45:00+01:00,0.0
2025-12-22T17:00:00+01:00,0.0
2025-12-22T17:15:00+01:00,0.0
2025-12-22T17:30:00+01:00,0.074927
2025-12-22T17:45:00+01:00,0.154666
2025-12-22T18:00:00+01:00,0.154666
2025-12-22T18:15:00+01:00,0.154666
2025-12-22T18:30:00+01:00,0.154666
2025-12-22T18:45:00+01:00,0.154666
2025-12-22T19:00:00+01:00,0.151744
2025-12-22T19:15:00+01:00,0.0
2025-12-22T19:30:00+01:00,0.0
2025-12-22T19:45:00+01:00,0.0
2025-12-22T20:00:00+01:00,0.0
2025-12-22T20:15:00+01:00,0.0
2025-12-22T20:30:00+01:00,0.0
2025-12-22T20:45:00+01:00,0.0
2025-12-22T21:00:00+01:00,0.0
2025-12-22T21:15:00+01:00,0.0
2025-12-22T21:30:00+01:00,0.0
2025-12-22T21:45:00+01:00,0.0
2025-12-22T22:00:00+01:00,0.0
2025-12-22T22:15:00+01:00,0.0
2025-12-22T22:30:00+01:00,0.0
2025-12-22T22:45:00+01:00,0.0
2025-12-22T23:00:00+01:00,0.0
2025-12-22T23:15:00+01:00,0.0
2025-12-22T23:30:00+01:00,0.0
2025-12-22T23:45:00+01:00,0.0
2025-12-23T00:00:00+01:00,0.0
2025-12-23T00:15:00+01:00,0.0
2025-12-23T00:30:00+01:00,0.0
2025-12-23T00:45:00+01:00,0.0
2025-12-23T01:00:00+01:00,0.0
2025-12-23T01:15:00+01:00,0.0
2025-12-23T01:30:00+01:00,0.0
2025-12-23T01:45:00+01:00,0.0
2025-12-23T02:00:00+01:00,0.0
2025-12-23T02:15:00+01:00,0.0
2025-12-23T02:30:00+01:00,0.0
2025-12-23T02:45:00+01:00,0.46092
2025-12-23T03:00:00+01:00,0.517241
2025-12-23T03:15:00+01:00,0.021839
2025-12-23T03:30:00+01:00,0.0
2025-12-23T03:45:00+01:00,0.0
2025-12-23T04:00:00+01:00,0.0
2025-12-23T04:15:00+01:00,0.0
2025-12-23T04:30:00+01:00,0.0
2025-12-23T04:45:00+01:00,0.0
2025-12-23T05:00:00+01:00,0.0
2025-12-23T05:15:00+01:00,0.0
2025-12-23T05:30:00+01:00,0.0
2025-12-23T05:45:00+01:00,0.0
2025-12-23T06:00:00+01:00,0.0
2025-12-23T06:15:00+01:00,0.0
2025-12-23T06:30:00+01:00,0.0
2025-12-23T06:45:00+01:00,0.0
2025-12-23T07:00:00+01:00,0.0
2025-12-23T07:15:00+01:00,0.0
2025-12-23T07:30:00+01:00,0.0
2025-12-23T07:45:00+01:00,0.0
2025-12-23T08:00:00+01:00,0.0
2025-12-23T08:15:00+01:00,0.0
2025-12-23T08:30:00+01:00,0.0
2025-12-23T08:45:00+01:00,0.0
2025-12-23T09:00:00+01:00,0.0
2025-12-23T09:15:00+01:00,0.0
2025-12-23T09:30:00+01:00,0.802564
2025-12-23T09:45:00+01:00,0.197436
2025-12-23T10:00:00+01:00,0.0
2025-12-23T10:15:00+01:00,0.0
2025-12-23T10:30:00+01:00,0.0
2025-12-23T10:45:00+01:00,0.043411
2025-12-23T11:00:00+01:00,0.066558
2025-12-23T11:15:00+01:00,0.066558
2025-12-23T11:30:00+01:00,0.066558
2025-12-23T11:45:00+01:00,0.066558
2025-12-23T12:00:00+01:00,0.066558
2025-12-23T12:15:00+01:00,0.066558
2025-12-23T12:30:00+01:00,0.066558
2025-12-23T12:45:00+01:00,0.066558
2025-12-23T13:00:00+01:00,0.066558
2025-12-23T13:15:00+01:00,0.066558
2025-12-23T13:30:00+01:00,0.066558
2025-12-23T13:45:00+01:00,0.066558
2025-12-23T14:00:00+01:00,0.066558
2025-12-23T14:15:00+01:00,0.066558
2025-12-23T14:30:00+01:00,0.024774
2025-12-23T14:45:00+01:00,0.0
2025-12-23T15:00:00+01:00,0.0
2025-12-23T15:15:00+01:00,0.0
2025-12-23T15:30:00+01:00,0.0
2025-12-23T15:45:00+01:00,0.0
2025-12-23T16:00:00+01:00,0.0
2025-12-23T16:15:00+01:00,0.0
2025-12-23T16:30:00+01:00,0.0
2025-12-23T16:45:00+01:00,0.0
2025-12-23T17:00:00+01:00,0.103578
2025-12-23T17:15:00+01:00,0.242131
2025-12-23T17:30:00+01:00,0.242131
2025-12-23T17:45:00+01:00,0.242131
2025-12-23T18:00:00+01:00,0.17003
2025-12-23T18:15:00+01:00,0.0
2025-12-23T18:30:00+01:00,0.0
2025-12-23T18:45:00+01:00,0.0
2025-12-23T19:00:00+01:00,0.0
2025-12-23T19:15:00+01:00,0.0
2025-12-23T19:30:00+01:00,0.0
2025-12-23T19:45:00+01:00,0.0
2025-12-23T20:00:00+01:00,0.0
2025-12-23T20:15:00+01:00,0.0
2025-12-23T20:30:00+01:00,0.0
2025-12-23T20:45:00+01:00,0.0
2025-12-23T21:00:00+01:00,0.0
2025-12-23T21:15:00+01:00,0.0
2025-12-23T21:30:00+01:00,0.0
2025-12-23T21:45:00+01:00,0.0
2025-12-23T22:00:00+01:00,0.0
2025-12-23T22:15:00+01:00,0.0
2025-12-23T22:30:00+01:00,0.0
2025-12-23T22:45:00+01:00,0.0
2025-12-23T23:00:00+01:00,0.0
2025-12-23T23:15:00+01:00,0.0
2025-12-23T23:30:00+01:00,0.0
2025-12-23T23:45:00+01:00,0.0
2025-12-24T00:00:00+01:00,0.0
2025-12-24T00:15:00+01:00,0.0
2025-12-24T00:30:00+01:00,0.0
2025-12-24T00:45:00+01:00,0.0
2025-12-24T01:00:00+01:00,0.0
2025-12-24T01:15:00+01:00,0.0
2025-12-24T01:30:00+01:00,0.141699
2025-12-24T01:45:00+01:00,0.384123
2025-12-24T02:00:00+01:00,0.384123
2025-12-24T02:15:00+01:00,0.110429
2025-12-24T02:30:00+01:00,0.119063
2025-12-24T02:45:00+01:00,0.119063
2025-12-24T03:00:00+01:00,0.119063
2025-12-24T03:15:00+01:00,0.119063
2025-12-24T03:30:00+01:00,0.119063
2025-12-24T03:45:00+01:00,0.119063
2025-12-24T04:00:00+01:00,0.119063
2025-12-24T04:15:00+01:00,0.119063
2025-12-24T04:30:00+01:00,0.02712
2025-12-24T04:45:00+01:00,0.0
2025-12-24T05:00:00+01:00,0.0
2025-12-24T05:15:00+01:00,0.0
2025-12-24T05:30:00+01:00,0.0
2025-12-24T05:45:00+01:00,0.022371
2025-12-24T06:00:00+01:00,0.074294
2025-12-24T06:15:00+01:00,0.074294
2025-12-24T06:30:00+01:00,0.074294
2025-12-24T06:45:00+01:00,0.074294
2025-12-24T07:00:00+01:00,0.074294
2025-12-24T07:15:00+01:00,0.074294
2025-12-24T07:30:00+01:00,0.074294
2025-12-24T07:45:00+01:00,0.074294
2025-12-24T08:00:00+01:00,0.074294
2025-12-24T08:15:00+01:00,0.074294
2025-12-24T08:30:00+01:00,0.074294
2025-12-24T08:45:00+01:00,0.074294
2025-12-24T09:00:00+01:00,0.074294
2025-12-24T09:15:00+01:00,0.147395
2025-12-24T09:30:00+01:00,0.161204
2025-12-24T09:45:00+01:00,0.161204
2025-12-24T10:00:00+01:00,0.161204
2025-12-24T10:15:00+01:00,0.161204
2025-12-24T10:30:00+01:00,0.161204
2025-12-24T10:45:00+01:00,0.103972
2025-12-24T11:00:00+01:00,0.071468
2025-12-24T11:15:00+01:00,0.071468
2025-12-24T11:30:00+01:00,0.071468
2025-12-24T11:45:00+01:00,0.071468
2025-12-24T12:00:00+01:00,0.071468
2025-12-24T12:15:00+01:00,0.071468
2025-12-24T12:30:00+01:00,0.071468
2025-12-24T12:45:00+01:00,0.071468
2025-12-24T13:00:00+01:00,0.071468
2025-12-24T13:15:00+01:00,0.071468
2025-12-24T13:30:00+01:00,0.071468
2025-12-24T13:45:00+01:00,0.071468
2025-12-24T14:00:00+01:00,0.071468
2025-12-24T14:15:00+01:00,0.025332
2025-12-24T14:30:00+01:00,0.0
2025-12-24T14:45:00+01:00,0.0
2025-12-24T15:00:00+01:00,0.0
2025-12-24T15:15:00+01:00,0.110156
2025-12-24T15:30:00+01:00,0.154666
2025-12-24T15:45:00+01:00,0.154666
2025-12-24T16:00:00+01:00,0.154666
2025-12-24T16:15:00+01:00,0.154666
2025-12-24T16:30:00+01:00,0.154666
2025-12-24T16:45:00+01:00,0.116515
2025-12-24T17:00:00+01:00,0.0
2025-12-24T17:15:00+01:00,0.0
2025-12-24T17:30:00+01:00,0.0
2025-12-24T17:45:00+01:00,0.0
2025-12-24T18:00:00+01:00,0.0
2025-12-24T18:15:00+01:00,0.0
2025-12-24T18:30:00+01:00,0.0
2025-12-24T18:45:00+01:00,0.0
2025-12-24T19:00:00+01:00,0.0
2025-12-24T19:15:00+01:00,0.0
2025-12-24T19:30:00+01:00,0.0
2025-12-24T19:45:00+01:00,0.0
2025-12-24T20:00:00+01:00,0.326984
2025-12-24T20:15:00+01:00,0.357143
2025-12-24T20:30:00+01:00,0.315873
2025-12-24T20:45:00+01:00,0.0
2025-12-24T21:00:00+01:00,0.0
2025-12-24T21:15:00+01:00,0.0
2025-12-24T21:30:00+01:00,0.0
2025-12-24T21:45:00+01:00,0.0
2025-12-24T22:00:00+01:00,0.0
2025-12-24T22:15:00+01:00,0.0
2025-12-24T22:30:00+01:00,0.0
2025-12-24T22:45:00+01:00,0.0
2025-12-24T23:00:00+01:00,0.0
2025-12-24T23:15:00+01:00,0.0
2025-12-24T23:30:00+01:00,0.0
2025-12-24T23:45:00+01:00,0.0
2025-12-25T00:00:00+01:00,0.0
2025-12-25T00:15:00+01:00,0.0
2025-12-25T00:30:00+01:00,0.0
2025-12-25T00:45:00+01:00,0.0
2025-12-25T01:00:00+01:00,0.0
2025-12-25T01:15:00+01:00,0.0
2025-12-25T01:30:00+01:00,0.004673
2025-12-25T01:45:00+01:00,0.095592
2025-12-25T02:00:00+01:00,0.095592
2025-12-25T02:15:00+01:00,0.095592
2025-12-25T02:30:00+01:00,0.095592
2025-12-25T02:45:00+01:00,0.095592
2025-12-25T03:00:00+01:00,0.095592
2025-12-25T03:15:00+01:00,0.095592
2025-12-25T03:30:00+01:00,0.095592
2025-12-25T03:45:00+01:00,0.095592
2025-12-25T04:00:00+01:00,0.095592
2025-12-25T04:15:00+01:00,0.166279
2025-12-25T04:30:00+01:00,0.215853
2025-12-25T04:45:00+01:00,0.215853
2025-12-25T05:00:00+01:00,0.215853
2025-12-25T05:15:00+01:00,0.215853
2025-12-25T05:30:00+01:00,0.215853
2025-12-25T05:45:00+01:00,0.215853
2025-12-25T06:00:00+01:00,0.215853
2025-12-25T06:15:00+01:00,0.215853
2025-12-25T06:30:00+01:00,0.146301
2025-12-25T06:45:00+01:00,0.0
2025-12-25T07:00:00+01:00,0.0
2025-12-25T07:15:00+01:00,0.0
2025-12-25T07:30:00+01:00,0.0
2025-12-25T07:45:00+01:00,0.0
2025-12-25T08:00:00+01:00,0.010754
2025-12-25T08:15:00+01:00,0.087192
2025-12-25T08:30:00+01:00,0.087192
2025-12-25T08:45:00+01:00,0.087192
2025-12-25T09:00:00+01:00,0.087192
2025-12-25T09:15:00+01:00,0.087192
2025-12-25T09:30:00+01:00,0.087192
2025-12-25T09:45:00+01:00,0.087192
2025-12-25T10:00:00+01:00,0.087192
2025-12-25T10:15:00+01:00,0.087192
2025-12-25T10:30:00+01:00,0.087192
2025-12-25T10:45:00+01:00,0.087192
2025-12-25T11:00:00+01:00,0.151448
2025-12-25T11:15:00+01:00,0.185376
2025-12-25T11:30:00+01:00,0.185376
2025-12-25T11:45:00+01:00,0.185376
2025-12-25T12:00:00+01:00,0.185376
2025-12-25T12:15:00+01:00,0.137178
2025-12-25T12:30:00+01:00,0.0
2025-12-25T12:45:00+01:00,0.0
2025-12-25T13:00:00+01:00,0.0
2025-12-25T13:15:00+01:00,0.0
2025-12-25T13:30:00+01:00,0.0
2025-12-25T13:45:00+01:00,0.0
2025-12-25T14:00:00+01:00,0.0
2025-12-25T14:15:00+01:00,0.585866
2025-12-25T14:30:00+01:00,0.414134
2025-12-25T14:45:00+01:00,0.0
2025-12-25T15:00:00+01:00,0.0
2025-12-25T15:15:00+01:00,0.0
2025-12-25T15:30:00+01:00,0.0
2025-12-25T15:45:00+01:00,0.0
2025-12-25T16:00:00+01:00,0.0
2025-12-25T16:15:00+01:00,0.0
2025-12-25T16:30:00+01:00,0.0
2025-12-25T16:45:00+01:00,0.100347
2025-12-25T17:00:00+01:00,0.100682
2025-12-25T17:15:00+01:00,0.100682
2025-12-25T17:30:00+01:00,0.100682
2025-12-25T17:45:00+01:00,0.100682
2025-12-25T18:00:00+01:00,0.100682
2025-12-25T18:15:00+01:00,0.100682
2025-12-25T18:30:00+01:00,0.100682
2025-12-25T18:45:00+01:00,0.100682
2025-12-25T19:00:00+01:00,0.094194
2025-12-25T19:15:00+01:00,0.0
2025-12-25T19:30:00+01:00,0.0
2025-12-25T19:45:00+01:00,0.0
2025-12-25T20:00:00+01:00,0.0
2025-12-25T20:15:00+01:00,0.017192
2025-12-25T20:30:00+01:00,0.052451
2025-12-25T20:45:00+01:00,0.052451
2025-12-25T21:00:00+01:00,0.052451
2025-12-25T21:15:00+01:00,0.052451
2025-12-25T21:30:00+01:00,0.052451
2025-12-25T21:45:00+01:00,0.052451
2025-12-25T22:00:00+01:00,0.052451
2025-12-25T22:15:00+01:00,0.052451
2025-12-25T22:30:00+01:00,0.052451
2025-12-25T22:45:00+01:00,0.052451
2025-12-25T23:00:00+01:00,0.052451
2025-12-25T23:15:00+01:00,0.052451
2025-12-25T23:30:00+01:00,0.052451
2025-12-25T23:45:00+01:00,0.052451
2025-12-26T00:00:00+01:00,0.052451
2025-12-26T00:15:00+01:00,0.052451
2025-12-26T00:30:00+01:00,0.052451
2025-12-26T00:45:00+01:00,0.052451
2025-12-26T01:00:00+01:00,0.087568
2025-12-26T01:15:00+01:00,0.186374
2025-12-26T01:30:00+01:00,0.186374
2025-12-26T01:45:00+01:00,0.186374
2025-12-26T02:00:00+01:00,0.186374
2025-12-26T02:15:00+01:00,0.186374
2025-12-26T02:30:00+01:00,0.186374
2025-12-26T02:45:00+01:00,0.186374
2025-12-26T03:00:00+01:00,0.186374
2025-12-26T03:15:00+01:00,0.186374
2025-12-26T03:30:00+01:00,0.186374
2025-12-26T03:45:00+01:00,0.087389
2025-12-26T04:00:00+01:00,0.0
2025-12-26T04:15:00+01:00,0.0
2025-12-26T04:30:00+01:00,0.0
2025-12-26T04:45:00+01:00,0.008301
2025-12-26T05:00:00+01:00,0.060249
2025-12-26T05:15:00+01:00,0.060249
2025-12-26T05:30:00+01:00,0.060249
2025-12-26T05:45:00+01:00,0.060249
2025-12-26T06:00:00+01:00,0.060249
2025-12-26T06:15:00+01:00,0.060249
2025-12-26T06:30:00+01:00,0.060249
2025-12-26T06:45:00+01:00,0.060249
2025-12-26T07:00:00+01:00,0.060249
2025-12-26T07:15:00+01:00,0.060249
2025-12-26T07:30:00+01:00,0.060249
2025-12-26T07:45:00+01:00,0.060249
2025-12-26T08:00:00+01:00,0.060249
2025-12-26T08:15:00+01:00,0.060249
2025-12-26T08:30:00+01:00,0.060249
2025-12-26T08:45:00+01:00,0.060249
2025-12-26T09:00:00+01:00,0.027715
2025-12-26T09:15:00+01:00,0.0
2025-12-26T09:30:00+01:00,0.0
2025-12-26T09:45:00+01:00,0.0
2025-12-26T10:00:00+01:00,0.0
2025-12-26T10:15:00+01:00,0.0
2025-12-26T10:30:00+01:00,0.0
2025-12-26T10:45:00+01:00,0.0
2025-12-26T11:00:00+01:00,0.0
2025-12-26T11:15:00+01:00,0.0
2025-12-26T11:30:00+01:00,0.0
2025-12-26T11:45:00+01:00,0.0
2025-12-26T12:00:00+01:00,0.0
2025-12-26T12:15:00+01:00,0.0
2025-12-26T12:30:00+01:00,0.0
2025-12-26T12:45:00+01:00,0.0
2025-12-26T13:00:00+01:00,0.0
2025-12-26T13:15:00+01:00,0.0
2025-12-26T13:30:00+01:00,0.0
2025-12-26T13:45:00+01:00,0.0
2025-12-26T14:00:00+01:00,0.056823
2025-12-26T14:15:00+01:00,0.205386
2025-12-26T14:30:00+01:00,0.205386
2025-12-26T14:45:00+01:00,0.205386
2025-12-26T15:00:00+01:00,0.205386
2025-12-26T15:15:00+01:00,0.121634
2025-12-26T15:30:00+01:00,0.0
2025-12-26T15:45:00+01:00,0.0
2025-12-26T16:00:00+01:00,0.0
2025-12-26T16:15:00+01:00,0.0
2025-12-26T16:30:00+01:00,0.0
2025-12-26T16:45:00+01:00,0.0
2025-12-26T17:00:00+01:00,0.0
2025-12-26T17:15:00+01:00,0.0
2025-12-26T17:30:00+01:00,0.0
2025-12-26T17:45:00+01:00,0.0
2025-12-26T18:00:00+01:00,0.0
2025-12-26T18:15:00+01:00,0.0
2025-12-26T18:30:00+01:00,0.0
2025-12-26T18:45:00+01:00,0.0
2025-12-26T19:00:00+01:00,0.0
2025-12-26T19:15:00+01:00,0.0
2025-12-26T19:30:00+01:00,0.0
2025-12-26T19:45:00+01:00,0.0
2025-12-26T20:00:00+01:00,0.0
2025-12-26T20:15:00+01:00,0.0
2025-12-26T20:30:00+01:00,0.0
2025-12-26T20:45:00+01:00,0.0
2025-12-26T21:00:00+01:00,0.0
2025-12-26T21:15:00+01:00,0.037725
2025-12-26T21:30:00+01:00,0.061733
2025-12-26T21:45:00+01:00,0.061733
2025-12-26T22:00:00+01:00,0.061733
2025-12-26T22:15:00+01:00,0.061733
2025-12-26T22:30:00+01:00,0.061733
2025-12-26T22:45:00+01:00,0.061733
2025-12-26T23:00:00+01:00,0.061733
2025-12-26T23:15:00+01:00,0.061733
2025-12-26T23:30:00+01:00,0.061733
2025-12-26T23:45:00+01:00,0.061733
2025-12-27T00:00:00+01:00,0.061733
2025-12-27T00:15:00+01:00,0.061733
2025-12-27T00:30:00+01:00,0.061733
2025-12-27T00:45:00+01:00,0.061733
2025-12-27T01:00:00+01:00,0.061733
2025-12-27T01:15:00+01:00,0.036285
2025-12-27T01:30:00+01:00,0.0
2025-12-27T01:45:00+01:00,0.0
2025-12-27T02:00:00+01:00,0.0
2025-12-27T02:15:00+01:00,0.0
2025-12-27T02:30:00+01:00,0.0
2025-12-27T02:45:00+01:00,0.0
2025-12-27T03:00:00+01:00,0.0
2025-12-27T03:15:00+01:00,0.018612
2025-12-27T03:30:00+01:00,0.064926
2025-12-27T03:45:00+01:00,0.064926
2025-12-27T04:00:00+01:00,0.064926
2025-12-27T04:15:00+01:00,0.064926
2025-12-27T04:30:00+01:00,0.064926
2025-12-27T04:45:00+01:00,0.064926
2025-12-27T05:00:00+01:00,0.064926
2025-12-27T05:15:00+01:00,0.064926
2025-12-27T05:30:00+01:00,0.064926
2025-12-27T05:45:00+01:00,0.064926
2025-12-27T06:00:00+01:00,0.064926
2025-12-27T06:15:00+01:00,0.064926
2025-12-27T06:30:00+01:00,0.064926
2025-12-27T06:45:00+01:00,0.064926
2025-12-27T07:00:00+01:00,0.064926
2025-12-27T07:15:00+01:00,0.007503
2025-12-27T07:30:00+01:00,0.0
2025-12-27T07:45:00+01:00,0.0
2025-12-27T08:00:00+01:00,0.0
2025-12-27T08:15:00+01:00,0.0
2025-12-27T08:30:00+01:00,0.0
2025-12-27T08:45:00+01:00,0.0
2025-12-27T09:00:00+01:00,0.0
2025-12-27T09:15:00+01:00,0.0
2025-12-27T09:30:00+01:00,0.0
2025-12-27T09:45:00+01:00,0.0
2025-12-27T10:00:00+01:00,0.0
2025-12-27T10:15:00+01:00,0.0
2025-12-27T10:30:00+01:00,0.0
2025-12-27T10:45:00+01:00,0.0
2025-12-27T11:00:00+01:00,0.0
2025-12-27T11:15:00+01:00,0.0
2025-12-27T11:30:00+01:00,0.0
2025-12-27T11:45:00+01:00,0.0
2025-12-27T12:00:00+01:00,0.0
2025-12-27T12:15:00+01:00,0.0
2025-12-27T12:30:00+01:00,0.0
2025-12-27T12:45:00+01:00,0.0
2025-12-27T13:00:00+01:00,0.054092
2025-12-27T13:15:00+01:00,0.096785
2025-12-27T13:30:00+01:00,0.096785
2025-12-27T13:45:00+01:00,0.096785
2025-12-27T14:00:00+01:00,0.096785
2025-12-27T14:15:00+01:00,0.096785
2025-12-27T14:30:00+01:00,0.096785
2025-12-27T14:45:00+01:00,0.096785
2025-12-27T15:00:00+01:00,0.096785
2025-12-27T15:15:00+01:00,0.096785
2025-12-27T15:30:00+01:00,0.07992
2025-12-27T15:45:00+01:00,0.022383
2025-12-27T16:00:00+01:00,0.022383
2025-12-27T16:15:00+01:00,0.022383
2025-12-27T16:30:00+01:00,0.022383
2025-12-27T16:45:00+01:00,0.022383
2025-12-27T17:00:00+01:00,0.022383
2025-12-27T17:15:00+01:00,0.022383
2025-12-27T17:30:00+01:00,0.022383
2025-12-27T17:45:00+01:00,0.022383
2025-12-27T18:00:00+01:00,0.022383
2025-12-27T18:15:00+01:00,0.022383
2025-12-27T18:30:00+01:00,0.022383
2025-12-27T18:45:00+01:00,0.022383
2025-12-27T19:00:00+01:00,0.022383
2025-12-27T19:15:00+01:00,0.022383
2025-12-27T19:30:00+01:00,0.022383
2025-12-27T19:45:00+01:00,0.022383
2025-12-27T20:00:00+01:00,0.022383
2025-12-27T20:15:00+01:00,0.022383
2025-12-27T20:30:00+01:00,0.022383
2025-12-27T20:45:00+01:00,0.022383
2025-12-27T21:00:00+01:00,0.022383
2025-12-27T21:15:00+01:00,0.022383
2025-12-27T21:30:00+01:00,0.022383
2025-12-27T21:45:00+01:00,0.022383
2025-12-27T22:00:00+01:00,0.022383
2025-12-27T22:15:00+01:00,0.022383
2025-12-27T22:30:00+01:00,0.022383
2025-12-27T22:45:00+01:00,0.022383
2025-12-27T23:00:00+01:00,0.022383
2025-12-27T23:15:00+01:00,0.022383
2025-12-27T23:30:00+01:00,0.022383
2025-12-27T23:45:00+01:00,0.022383
2025-12-28T00:00:00+01:00,0.022383
2025-12-28T00:15:00+01:00,0.022383
2025-12-28T00:30:00+01:00,0.022383
2025-12-28T00:45:00+01:00,0.022383
2025-12-28T01:00:00+01:00,0.022383
2025-12-28T01:15:00+01:00,0.022383
2025-12-28T01:30:00+01:00,0.022383
2025-12-28T01:45:00+01:00,0.022383
2025-12-28T02:00:00+01:00,0.022383
2025-12-28T02:15:00+01:00,0.022383
2025-12-28T02:30:00+01:00,0.022383
2025-12-28T02:45:00+01:00,0.022383
2025-12-28T03:00:00+01:00,0.022383
2025-12-28T03:15:00+01:00,0.022383
2025-12-28T03:30:00+01:00,0.022383
2025-12-28T03:45:00+01:00,0.022383
2025-12-28T04:00:00+01:00,0.022383
2025-12-28T04:15:00+01:00,0.022383
2025-12-28T04:30:00+01:00,0.022383
2025-12-28T04:45:00+01:00,0.022383
2025-12-28T05:00:00+01:00,0.022383
2025-12-28T05:15:00+01:00,0.022383
2025-12-28T05:30:00+01:00,0.022383
2025-12-28T05:45:00+01:00,0.022383
2025-12-28T06:00:00+01:00,0.022383
2025-12-28T06:15:00+01:00,0.022383
2025-12-28T06:30:00+01:00,0.022383
2025-12-28T06:45:00+01:00,0.022383
2025-12-28T07:00:00+01:00,0.022383
2025-12-28T07:15:00+01:00,0.022383
2025-12-28T07:30:00+01:00,0.022383
2025-12-28T07:45:00+01:00,0.022383
2025-12-28T08:00:00+01:00,0.022383
2025-12-28T08:15:00+01:00,0.022383
2025-12-28T08:30:00+01:00,0.022383
2025-12-28T08:45:00+01:00,0.022383
2025-12-28T09:00:00+01:00,0.022383
2025-12-28T09:15:00+01:00,0.022383
2025-12-28T09:30:00+01:00,0.022383
2025-12-28T09:45:00+01:00,0.022383
2025-12-28T10:00:00+01:00,0.022383
2025-12-28T10:15:00+01:00,0.022383
2025-12-28T10:30:00+01:00,0.022383
2025-12-28T10:45:00+01:00,0.022383
2025-12-28T11:00:00+01:00,0.022383
2025-12-28T11:15:00+01:00,0.022383
2025-12-28T11:30:00+01:00,0.022383
2025-12-28T11:45:00+01:00,0.022383
2025-12-28T12:00:00+01:00,0.022383
2025-12-28T12:15:00+01:00,0.022383
2025-12-28T12:30:00+01:00,0.022383
2025-12-28T12:45:00+01:00,0.022383
2025-12-28T13:00:00+01:00,0.022383
2025-12-28T13:15:00+01:00,0.022383
2025-12-28T13:30:00+01:00,0.022383
2025-12-28T13:45:00+01:00,0.022383
2025-12-28T14:00:00+01:00,0.022383
2025-12-28T14:15:00+01:00,0.022383
2025-12-28T14:30:00+01:00,0.022383
2025-12-28T14:45:00+01:00,0.022383
2025-12-28T15:00:00+01:00,0.022383
2025-12-28T15:15:00+01:00,0.022383
2025-12-28T15:30:00+01:00,0.022383
2025-12-28T15:45:00+01:00,0.022383
2025-12-28T16:00:00+01:00,0.022383
2025-12-28T16:15:00+01:00,0.022383
2025-12-28T16:30:00+01:00,0.022383
2025-12-28T16:45:00+01:00,0.022383
2025-12-28T17:00:00+01:00,0.022383
2025-12-28T17:15:00+01:00,0.022383
2025-12-28T17:30:00+01:00,0.022383
2025-12-28T17:45:00+01:00,0.022383
2025-12-28T18:00:00+01:00,0.022383
2025-12-28T18:15:00+01:00,0.022383
2025-12-28T18:30:00+01:00,0.022383
2025-12-28T18:45:00+01:00,0.022383
2025-12-28T19:00:00+01:00,0.022383
2025-12-28T19:15:00+01:00,0.022383
2025-12-28T19:30:00+01:00,0.022383
2025-12-28T19:45:00+01:00,0.022383
2025-12-28T20:00:00+01:00,0.022383
2025-12-28T20:15:00+01:00,0.022383
2025-12-28T20:30:00+01:00,0.022383
2025-12-28T20:45:00+01:00,0.022383
2025-12-28T21:00:00+01:00,0.022383
2025-12-28T21:15:00+01:00,0.022383
2025-12-28T21:30:00+01:00,0.022383
2025-12-28T21:45:00+01:00,0.022383
2025-12-28T22:00:00+01:00,0.022383
2025-12-28T22:15:00+01:00,0.022383
2025-12-28T22:30:00+01:00,0.022383
2025-12-28T22:45:00+01:00,0.022383
2025-12-28T23:00:00+01:00,0.022383
2025-12-28T23:15:00+01:00,0.022383
2025-12-28T23:30:00+01:00,0.022383
2025-12-28T23:45:00+01:00,0.022383
2025-12-29T00:00:00+01:00,0.022383
2025-12-29T00:15:00+01:00,0.022383
2025-12-29T00:30:00+01:00,0.022383
2025-12-29T00:45:00+01:00,0.022383
2025-12-29T01:00:00+01:00,0.022383
2025-12-29T01:15:00+01:00,0.022383
2025-12-29T01:30:00+01:00,0.022383
2025-12-29T01:45:00+01:00,0.022383
2025-12-29T02:00:00+01:00,0.022383
2025-12-29T02:15:00+01:00,0.022383
2025-12-29T02:30:00+01:00,0.022383
2025-12-29T02:45:00+01:00,0.022383
2025-12-29T03:00:00+01:00,0.022383
2025-12-29T03:15:00+01:00,0.022383
2025-12-29T03:30:00+01:00,0.022383
2025-12-29T03:45:00+01:00,0.022383
2025-12-29T04:00:00+01:00,0.022383
2025-12-29T04:15:00+01:00,0.022383
2025-12-29T04:30:00+01:00,0.022383
2025-12-29T04:45:00+01:00,0.022383
2025-12-29T05:00:00+01:00,0.022383
2025-12-29T05:15:00+01:00,0.022383
2025-12-29T05:30:00+01:00,0.022383
2025-12-29T05:45:00+01:00,0.022383
2025-12-29T06:00:00+01:00,0.022383
2025-12-29T06:15:00+01:00,0.022383
2025-12-29T06:30:00+01:00,0.022383
2025-12-29T06:45:00+01:00,0.022383
2025-12-29T07:00:00+01:00,0.022383
2025-12-29T07:15:00+01:00,0.022383
2025-12-29T07:30:00+01:00,0.022383
2025-12-29T07:45:00+01:00,0.022383
2025-12-29T08:00:00+01:00,0.022383
2025-12-29T08:15:00+01:00,0.022383
2025-12-29T08:30:00+01:00,0.022383
2025-12-29T08:45:00+01:00,0.022383
2025-12-29T09:00:00+01:00,0.022383
2025-12-29T09:15:00+01:00,0.022383
2025-12-29T09:30:00+01:00,0.022383
2025-12-29T09:45:00+01:00,0.022383
2025-12-29T10:00:00+01:00,0.022383
2025-12-29T10:15:00+01:00,0.022383
2025-12-29T10:30:00+01:00,0.022383
2025-12-29T10:45:00+01:00,0.022383
2025-12-29T11:00:00+01:00,0.022383
2025-12-29T11:15:00+01:00,0.022383
2025-12-29T11:30:00+01:00,0.022383
2025-12-29T11:45:00+01:00,0.022383
2025-12-29T12:00:00+01:00,0.022383
2025-12-29T12:15:00+01:00,0.014902
2025-12-29T12:30:00+01:00,0.008088
2025-12-29T12:45:00+01:00,0.008088
2025-12-29T13:00:00+01:00,0.008088
2025-12-29T13:15:00+01:00,0.008088
2025-12-29T13:30:00+01:00,0.008088
2025-12-29T13:45:00+01:00,0.008088
2025-12-29T14:00:00+01:00,0.008088
2025-12-29T14:15:00+01:00,0.008088
2025-12-29T14:30:00+01:00,0.008088
2025-12-29T14:45:00+01:00,0.008088
2025-12-29T15:00:00+01:00,0.008088
2025-12-29T15:15:00+01:00,0.008088
2025-12-29T15:30:00+01:00,0.008088
2025-12-29T15:45:00+01:00,0.008088
2025-12-29T16:00:00+01:00,0.008088
2025-12-29T16:15:00+01:00,0.008088
2025-12-29T16:30:00+01:00,0.008088
2025-12-29T16:45:00+01:00,0.008088
2025-12-29T17:00:00+01:00,0.008088
2025-12-29T17:15:00+01:00,0.008088
2025-12-29T17:30:00+01:00,0.008088
2025-12-29T17:45:00+01:00,0.008088
2025-12-29T18:00:00+01:00,0.008088
2025-12-29T18:15:00+01:00,0.008088
2025-12-29T18:30:00+01:00,0.008088
2025-12-29T18:45:00+01:00,0.008088
2025-12-29T19:00:00+01:00,0.008088
2025-12-29T19:15:00+01:00,0.008088
2025-12-29T19:30:00+01:00,0.008088
2025-12-29T19:45:00+01:00,0.008088
2025-12-29T20:00:00+01:00,0.008088
2025-12-29T20:15:00+01:00,0.008088
2025-12-29T20:30:00+01:00,0.008088
2025-12-29T20:45:00+01:00,0.008088
2025-12-29T21:00:00+01:00,0.008088
2025-12-29T21:15:00+01:00,0.008088
2025-12-29T21:30:00+01:00,0.008088
2025-12-29T21:45:00+01:00,0.008088
2025-12-29T22:00:00+01:00,0.008088
2025-12-29T22:15:00+01:00,0.008088
2025-12-29T22:30:00+01:00,0.008088
2025-12-29T22:45:00+01:00,0.008088
2025-12-29T23:00:00+01:00,0.008088
2025-12-29T23:15:00+01:00,0.008088
2025-12-29T23:30:00+01:00,0.008088
2025-12-29T23:45:00+01:00,0.008088
2025-12-30T00:00:00+01:00,0.008088
2025-12-30T00:15:00+01:00,0.008088
2025-12-30T00:30:00+01:00,0.008088
2025-12-30T00:45:00+01:00,0.008088
2025-12-30T01:00:00+01:00,0.008088
2025-12-30T01:15:00+01:00,0.008088
2025-12-30T01:30:00+01:00,0.008088
2025-12-30T01:45:00+01:00,0.008088
2025-12-30T02:00:00+01:00,0.008088
2025-12-30T02:15:00+01:00,0.008088
2025-12-30T02:30:00+01:00,0.008088
2025-12-30T02:45:00+01:00,0.008088
2025-12-30T03:00:00+01:00,0.008088
2025-12-30T03:15:00+01:00,0.008088
2025-12-30T03:30:00+01:00,0.008088
2025-12-30T03:45:00+01:00,0.008088
2025-12-30T04:00:00+01:00,0.008088
2025-12-30T04:15:00+01:00,0.008088
2025-12-30T04:30:00+01:00,0.008088
2025-12-30T04:45:00+01:00,0.008088
2025-12-30T05:00:00+01:00,0.008088
2025-12-30T05:15:00+01:00,0.008088
2025-12-30T05:30:00+01:00,0.008088
2025-12-30T05:45:00+01:00,0.008088
2025-12-30T06:00:00+01:00,0.008088
2025-12-30T06:15:00+01:00,0.008088
2025-12-30T06:30:00+01:00,0.008088
2025-12-30T06:45:00+01:00,0.008088
2025-12-30T07:00:00+01:00,0.008088
2025-12-30T07:15:00+01:00,0.008088
2025-12-30T07:30:00+01:00,0.008088
2025-12-30T07:45:00+01:00,0.008088
2025-12-30T08:00:00+01:00,0.008088
2025-12-30T08:15:00+01:00,0.008088
2025-12-30T08:30:00+01:00,0.008088
2025-12-30T08:45:00+01:00,0.008088
2025-12-30T09:00:00+01:00,0.008088
2025-12-30T09:15:00+01:00,0.008088
2025-12-30T09:30:00+01:00,0.008088
2025-12-30T09:45:00+01:00,0.008088
2025-12-30T10:00:00+01:00,0.008088
2025-12-30T10:15:00+01:00,0.008088
2025-12-30T10:30:00+01:00,0.008088
2025-12-30T10:45:00+01:00,0.008088
2025-12-30T11:00:00+01:00,0.008088
2025-12-30T11:15:00+01:00,0.008088
2025-12-30T11:30:00+01:00,0.008088
2025-12-30T11:45:00+01:00,0.008088
2025-12-30T12:00:00+01:00,0.008088
2025-12-30T12:15:00+01:00,0.008088
2025-12-30T12:30:00+01:00,0.008088
2025-12-30T12:45:00+01:00,0.008088
2025-12-30T13:00:00+01:00,0.008088
2025-12-30T13:15:00+01:00,0.008088
2025-12-30T13:30:00+01:00,0.008088
2025-12-30T13:45:00+01:00,0.008088
2025-12-30T14:00:00+01:00,0.008088
2025-12-30T14:15:00+01:00,0.008088
2025-12-30T14:30:00+01:00,0.008088
2025-12-30T14:45:00+01:00,0.008088
2025-12-30T15:00:00+01:00,0.008088
2025-12-30T15:15:00+01:00,0.008088
2025-12-30T15:30:00+01:00,0.008088
2025-12-30T15:45:00+01:00,0.008088
2025-12-30T16:00:00+01:00,0.008088
2025-12-30T16:15:00+01:00,0.008088
2025-12-30T16:30:00+01:00,0.008088
2025-12-30T16:45:00+01:00,0.008088
2025-12-30T17:00:00+01:00,0.008088
2025-12-30T17:15:00+01:00,0.008088
2025-12-30T17:30:00+01:00,0.008088
2025-12-30T17:45:00+01:00,0.008088
2025-12-30T18:00:00+01:00,0.008088
2025-12-30T18:15:00+01:00,0.008088
2025-12-30T18:30:00+01:00,0.008088
2025-12-30T18:45:00+01:00,0.008088
2025-12-30T19:00:00+01:00,0.008088
2025-12-30T19:15:00+01:00,0.000988
2025-12-30T19:30:00+01:00,0.0
2025-12-30T19:45:00+01:00,0.0
2025-12-30T20:00:00+01:00,0.0
2025-12-30T20:15:00+01:00,0.0
2025-12-30T20:30:00+01:00,0.0
2025-12-30T20:45:00+01:00,0.0
2025-12-30T21:00:00+01:00,0.0
2025-12-30T21:15:00+01:00,0.0
2025-12-30T21:30:00+01:00,0.0
2025-12-30T21:45:00+01:00,0.0
2025-12-30T22:00:00+01:00,0.0
2025-12-30T22:15:00+01:00,0.0
2025-12-30T22:30:00+01:00,0.0
2025-12-30T22:45:00+01:00,0.0
2025-12-30T23:00:00+01:00,0.0
2025-12-30T23:15:00+01:00,0.0
2025-12-30T23:30:00+01:00,0.0
2025-12-30T23:45:00+01:00,0.0
2025-12-31T00:00:00+01:00,0.0
2025-12-31T00:15:00+01:00,0.0
2025-12-31T00:30:00+01:00,0.0
2025-12-31T00:45:00+01:00,0.0
2025-12-31T01:00:00+01:00,0.0
2025-12-31T01:15:00+01:00,0.0
2025-12-31T01:30:00+01:00,0.0
2025-12-31T01:45:00+01:00,0.0
2025-12-31T02:00:00+01:00,0.0
2025-12-31T02:15:00+01:00,0.0
2025-12-31T02:30:00+01:00,0.0
2025-12-31T02:45:00+01:00,0.0
2025-12-31T03:00:00+01:00,0.0
2025-12-31T03:15:00+01:00,0.0
2025-12-31T03:30:00+01:00,0.0
2025-12-31T03:45:00+01:00,0.0
2025-12-31T04:00:00+01:00,0.0
2025-12-31T04:15:00+01:00,0.0
2025-12-31T04:30:00+01:00,0.0
2025-12-31T04:45:00+01:00,0.0
2025-12-31T05:00:00+01:00,0.0
2025-12-31T05:15:00+01:00,0.0
2025-12-31T05:30:00+01:00,0.0
2025-12-31T05:45:00+01:00,0.0
2025-12-31T06:00:00+01:00,0.0
2025-12-31T06:15:00+01:00,0.0
2025-12-31T06:30:00+01:00,0.0
2025-12-31T06:45:00+01:00,0.0
2025-12-31T07:00:00+01:00,0.0
2025-12-31T07:15:00+01:00,0.0
2025-12-31T07:30:00+01:00,0.0
2025-12-31T07:45:00+01:00,0.0
2025-12-31T08:00:00+01:00,0.0
2025-12-31T08:15:00+01:00,0.0
2025-12-31T08:30:00+01:00,0.0
2025-12-31T08:45:00+01:00,0.0
2025-12-31T09:00:00+01:00,0.0
2025-12-31T09:15:00+01:00,0.0
2025-12-31T09:30:00+01:00,0.0
2025-12-31T09:45:00+01:00,0.0
2025-12-31T10:00:00+01:00,0.0
2025-12-31T10:15:00+01:00,0.0
2025-12-31T10:30:00+01:00,0.0
2025-12-31T10:45:00+01:00,0.0
2025-12-31T11:00:00+01:00,0.0
2025-12-31T11:15:00+01:00,0.0
2025-12-31T11:30:00+01:00,0.0
2025-12-31T11:45:00+01:00,0.0
2025-12-31T12:00:00+01:00,0.0
2025-12-31T12:15:00+01:00,0.0
2025-12-31T12:30:00+01:00,0.0
2025-12-31T12:45:00+01:00,0.0
2025-12-31T13:00:00+01:00,0.0
2025-12-31T13:15:00+01:00,0.0
2025-12-31T13:30:00+01:00,0.0
2025-12-31T13:45:00+01:00,0.0
2025-12-31T14:00:00+01:00,0.0
2025-12-31T14:15:00+01:00,0.0
2025-12-31T14:30:00+01:00,0.0
2025-12-31T14:45:00+01:00,0.0
2025-12-31T15:00:00+01:00,0.0
2025-12-31T15:15:00+01:00,0.0
2025-12-31T15:30:00+01:00,0.0
2025-12-31T15:45:00+01:00,0.0
2025-12-31T16:00:00+01:00,0.0
2025-12-31T16:15:00+01:00,0.0
2025-12-31T16:30:00+01:00,0.0
2025-12-31T16:45:00+01:00,0.0
2025-12-31T17:00:00+01:00,0.0
2025-12-31T17:15:00+01:00,0.0
2025-12-31T17:30:00+01:00,0.0
2025-12-31T17:45:00+01:00,0.0
2025-12-31T18:00:00+01:00,0.0
2025-12-31T18:15:00+01:00,0.0
2025-12-31T18:30:00+01:00,0.0
2025-12-31T18:45:00+01:00,0.0
2025-12-31T19:00:00+01:00,0.0
2025-12-31T19:15:00+01:00,0.0
2025-12-31T19:30:00+01:00,0.0
2025-12-31T19:45:00+01:00,0.0
2025-12-31T20:00:00+01:00,0.0
2025-12-31T20:15:00+01:00,0.0
2025-12-31T20:30:00+01:00,0.0
2025-12-31T20:45:00+01:00,0.0
2025-12-31T21:00:00+01:00,0.0
2025-12-31T21:15:00+01:00,0.0
2025-12-31T21:30:00+01:00,0.0
2025-12-31T21:45:00+01:00,0.0
2025-12-31T22:00:00+01:00,0.0
2025-12-31T22:15:00+01:00,0.0
2025-12-31T22:30:00+01:00,0.0
2025-12-31T22:45:00+01:00,0.0
2025-12-31T23:00:00+01:00,0.0
2025-12-31T23:15:00+01:00,0.0
2025-12-31T23:30:00+01:00,0.0
2025-12-31T23:45:00+01:00,0.0
2026-01-01T00:00:00+01:00,0.0
2026-01-01T00:15:00+01:00,0.0
2026-01-01T00:30:00+01:00,0.0
2026-01-01T00:45:00+01:00,0.0
2026-01-01T01:00:00+01:00,0.0
2026-01-01T01:15:00+01:00,0.0
2026-01-01T01:30:00+01:00,0.0
2026-01-01T01:45:00+01:00,0.0
2026-01-01T02:00:00+01:00,0.0
2026-01-01T02:15:00+01:00,0.0
2026-01-01T02:30:00+01:00,0.0
2026-01-01T02:45:00+01:00,0.0
2026-01-01T03:00:00+01:00,0.0
2026-01-01T03:15:00+01:00,0.0
2026-01-01T03:30:00+01:00,0.0
2026-01-01T03:45:00+01:00,0.0
2026-01-01T04:00:00+01:00,0.0
2026-01-01T04:15:00+01:00,0.0
2026-01-01T04:30:00+01:00,0.0
2026-01-01T04:45:00+01:00,0.0
2026-01-01T05:00:00+01:00,0.0
2026-01-01T05:15:00+01:00,0.0
2026-01-01T05:30:00+01:00,0.0
2026-01-01T05:45:00+01:00,0.0
2026-01-01T06:00:00+01:00,0.0
2026-01-01T06:15:00+01:00,0.0
2026-01-01T06:30:00+01:00,0.0
2026-01-01T06:45:00+01:00,0.0
2026-01-01T07:00:00+01:00,0.0
2026-01-01T07:15:00+01:00,0.0
2026-01-01T07:30:00+01:00,0.0
2026-01-01T07:45:00+01:00,0.0
2026-01-01T08:00:00+01:00,0.0
2026-01-01T08:15:00+01:00,0.0
2026-01-01T08:30:00+01:00,0.0
2026-01-01T08:45:00+01:00,0.0
2026-01-01T09:00:00+01:00,0.0
2026-01-01T09:15:00+01:00,0.0
2026-01-01T09:30:00+01:00,0.0
2026-01-01T09:45:00+01:00,0.0
2026-01-01T10:00:00+01:00,0.0
2026-01-01T10:15:00+01:00,0.0
2026-01-01T10:30:00+01:00,0.0
2026-01-01T10:45:00+01:00,0.0
2026-01-01T11:00:00+01:00,0.0
2026-01-01T11:15:00+01:00,0.0
2026-01-01T11:30:00+01:00,0.0
2026-01-01T11:45:00+01:00,0.0
2026-01-01T12:00:00+01:00,0.0
2026-01-01T12:15:00+01:00,0.0
2026-01-01T12:30:00+01:00,0.0
2026-01-01T12:45:00+01:00,0.0
2026-01-01T13:00:00+01:00,0.0
2026-01-01T13:15:00+01:00,0.0
2026-01-01T13:30:00+01:00,0.0
2026-01-01T13:45:00+01:00,0.0
2026-01-01T14:00:00+01:00,0.0
2026-01-01T14:15:00+01:00,0.0
2026-01-01T14:30:00+01:00,0.0
2026-01-01T14:45:00+01:00,0.0
2026-01-01T15:00:00+01:00,0.0
2026-01-01T15:15:00+01:00,0.0
2026-01-01T15:30:00+01:00,0.0
2026-01-01T15:45:00+01:00,0.0
2026-01-01T16:00:00+01:00,0.0
2026-01-01T16:15:00+01:00,0.0
2026-01-01T16:30:00+01:00,0.0
2026-01-01T16:45:00+01:00,0.0
2026-01-01T17:00:00+01:00,0.0
2026-01-01T17:15:00+01:00,0.0
2026-01-01T17:30:00+01:00,0.0
2026-01-01T17:45:00+01:00,0.0
2026-01-01T18:00:00+01:00,0.0
2026-01-01T18:15:00+01:00,0.0
2026-01-01T18:30:00+01:00,0.0
2026-01-01T18:45:00+01:00,0.0
2026-01-01T19:00:00+01:00,0.0
2026-01-01T19:15:00+01:00,0.0
2026-01-01T19:30:00+01:00,0.0
2026-01-01T19:45:00+01:00,0.0
2026-01-01T20:00:00+01:00,0.0
2026-01-01T20:15:00+01:00,0.0
2026-01-01T20:30:00+01:00,0.0
2026-01-01T20:45:00+01:00,0.0
2026-01-01T21:00:00+01:00,0.0
2026-01-01T21:15:00+01:00,0.0
2026-01-01T21:30:00+01:00,0.0
2026-01-01T21:45:00+01:00,0.0
2026-01-01T22:00:00+01:00,0.0
2026-01-01T22:15:00+01:00,0.0
2026-01-01T22:30:00+01:00,0.0
2026-01-01T22:45:00+01:00,0.0
2026-01-01T23:00:00+01:00,0.0
2026-01-01T23:15:00+01:00,0.0
2026-01-01T23:30:00+01:00,0.0
2026-01-01T23:45:00+01:00,0.0
2026-01-02T00:00:00+01:00,0.0
2026-01-02T00:15:00+01:00,0.0
2026-01-02T00:30:00+01:00,0.0
2026-01-02T00:45:00+01:00,0.0
2026-01-02T01:00:00+01:00,0.0
2026-01-02T01:15:00+01:00,0.0
2026-01-02T01:30:00+01:00,0.0
2026-01-02T01:45:00+01:00,0.0
2026-01-02T02:00:00+01:00,0.0
2026-01-02T02:15:00+01:00,0.0
2026-01-02T02:30:00+01:00,0.0
2026-01-02T02:45:00+01:00,0.0
2026-01-02T03:00:00+01:00,0.0
2026-01-02T03:15:00+01:00,0.0
2026-01-02T03:30:00+01:00,0.0
2026-01-02T03:45:00+01:00,0.0
2026-01-02T04:00:00+01:00,0.0
2026-01-02T04:15:00+01:00,0.0
2026-01-02T04:30:00+01:00,0.0
2026-01-02T04:45:00+01:00,0.0
2026-01-02T05:00:00+01:00,0.0
2026-01-02T05:15:00+01:00,0.0
2026-01-02T05:30:00+01:00,0.0
2026-01-02T05:45:00+01:00,0.0
2026-01-02T06:00:00+01:00,0.0
2026-01-02T06:15:00+01:00,0.0
2026-01-02T06:30:00+01:00,0.0
2026-01-02T06:45:00+01:00,0.0
2026-01-02T07:00:00+01:00,0.0
2026-01-02T07:15:00+01:00,0.0
2026-01-02T07:30:00+01:00,0.0
2026-01-02T07:45:00+01:00,0.0
2026-01-02T08:00:00+01:00,0.0
2026-01-02T08:15:00+01:00,0.0
2026-01-02T08:30:00+01:00,0.0
2026-01-02T08:45:00+01:00,0.0
2026-01-02T09:00:00+01:00,0.0
2026-01-02T09:15:00+01:00,0.003935
2026-01-02T09:30:00+01:00,0.00672
2026-01-02T09:45:00+01:00,0.00672
2026-01-02T10:00:00+01:00,0.00672
2026-01-02T10:15:00+01:00,0.00672
2026-01-02T10:30:00+01:00,0.00672
2026-01-02T10:45:00+01:00,0.00672
2026-01-02T11:00:00+01:00,0.00672
2026-01-02T11:15:00+01:00,0.00672
2026-01-02T11:30:00+01:00,0.00672
2026-01-02T11:45:00+01:00,0.00672
2026-01-02T12:00:00+01:00,0.00672
2026-01-02T12:15:00+01:00,0.00672
2026-01-02T12:30:00+01:00,0.00672
2026-01-02T12:45:00+01:00,0.00672
2026-01-02T13:00:00+01:00,0.00672
2026-01-02T13:15:00+01:00,0.00672
2026-01-02T13:30:00+01:00,0.00672
2026-01-02T13:45:00+01:00,0.00672
2026-01-02T14:00:00+01:00,0.00672
2026-01-02T14:15:00+01:00,0.00672
2026-01-02T14:30:00+01:00,0.00672
2026-01-02T14:45:00+01:00,0.00672
2026-01-02T15:00:00+01:00,0.00672
2026-01-02T15:15:00+01:00,0.00672
2026-01-02T15:30:00+01:00,0.00672
2026-01-02T15:45:00+01:00,0.00672
2026-01-02T16:00:00+01:00,0.00672
2026-01-02T16:15:00+01:00,0.00672
2026-01-02T16:30:00+01:00,0.00672
2026-01-02T16:45:00+01:00,0.00672
2026-01-02T17:00:00+01:00,0.00672
2026-01-02T17:15:00+01:00,0.00672
2026-01-02T17:30:00+01:00,0.00672
2026-01-02T17:45:00+01:00,0.00672
2026-01-02T18:00:00+01:00,0.00672
2026-01-02T18:15:00+01:00,0.00672
2026-01-02T18:30:00+01:00,0.00672
2026-01-02T18:45:00+01:00,0.00672
2026-01-02T19:00:00+01:00,0.00672
2026-01-02T19:15:00+01:00,0.00672
2026-01-02T19:30:00+01:00,0.00672
2026-01-02T19:45:00+01:00,0.00672
2026-01-02T20:00:00+01:00,0.00672
2026-01-02T20:15:00+01:00,0.00672
2026-01-02T20:30:00+01:00,0.00672
2026-01-02T20:45:00+01:00,0.00672
2026-01-02T21:00:00+01:00,0.00672
2026-01-02T21:15:00+01:00,0.00672
2026-01-02T21:30:00+01:00,0.00672
2026-01-02T21:45:00+01:00,0.00672
2026-01-02T22:00:00+01:00,0.00672
2026-01-02T22:15:00+01:00,0.00672
2026-01-02T22:30:00+01:00,0.00672
2026-01-02T22:45:00+01:00,0.00672
2026-01-02T23:00:00+01:00,0.00672
2026-01-02T23:15:00+01:00,0.00672
2026-01-02T23:30:00+01:00,0.00672
2026-01-02T23:45:00+01:00,0.00672
2026-01-03T00:00:00+01:00,0.00672
2026-01-03T00:15:00+01:00,0.00672
2026-01-03T00:30:00+01:00,0.00672
2026-01-03T00:45:00+01:00,0.00672
2026-01-03T01:00:00+01:00,0.00672
2026-01-03T01:15:00+01:00,0.00672
2026-01-03T01:30:00+01:00,0.00672
2026-01-03T01:45:00+01:00,0.00672
2026-01-03T02:00:00+01:00,0.00672
2026-01-03T02:15:00+01:00,0.00672
2026-01-03T02:30:00+01:00,0.00672
2026-01-03T02:45:00+01:00,0.00672
2026-01-03T03:00:00+01:00,0.00672
2026-01-03T03:15:00+01:00,0.00672
2026-01-03T03:30:00+01:00,0.00672
2026-01-03T03:45:00+01:00,0.00672
2026-01-03T04:00:00+01:00,0.00672
2026-01-03T04:15:00+01:00,0.00672
2026-01-03T04:30:00+01:00,0.00672
2026-01-03T04:45:00+01:00,0.00672
2026-01-03T05:00:00+01:00,0.00672
2026-01-03T05:15:00+01:00,0.00672
2026-01-03T05:30:00+01:00,0.00672
2026-01-03T05:45:00+01:00,0.00672
2026-01-03T06:00:00+01:00,0.00672
2026-01-03T06:15:00+01:00,0.00672
2026-01-03T06:30:00+01:00,0.00672
2026-01-03T06:45:00+01:00,0.00672
2026-01-03T07:00:00+01:00,0.00672
2026-01-03T07:15:00+01:00,0.00672
2026-01-03T07:30:00+01:00,0.00672
2026-01-03T07:45:00+01:00,0.00672
2026-01-03T08:00:00+01:00,0.00672
2026-01-03T08:15:00+01:00,0.00672
2026-01-03T08:30:00+01:00,0.00672
2026-01-03T08:45:00+01:00,0.00672
2026-01-03T09:00:00+01:00,0.00672
2026-01-03T09:15:00+01:00,0.00672
2026-01-03T09:30:00+01:00,0.00672
2026-01-03T09:45:00+01:00,0.00672
2026-01-03T10:00:00+01:00,0.00672
2026-01-03T10:15:00+01:00,0.00672
2026-01-03T10:30:00+01:00,0.00672
2026-01-03T10:45:00+01:00,0.00672
2026-01-03T11:00:00+01:00,0.00672
2026-01-03T11:15:00+01:00,0.00672
2026-01-03T11:30:00+01:00,0.00672
2026-01-03T11:45:00+01:00,0.00672
2026-01-03T12:00:00+01:00,0.00672
2026-01-03T12:15:00+01:00,0.00672
2026-01-03T12:30:00+01:00,0.00672
2026-01-03T12:45:00+01:00,0.00672
2026-01-03T13:00:00+01:00,0.00672
2026-01-03T13:15:00+01:00,0.00672
2026-01-03T13:30:00+01:00,0.00672
2026-01-03T13:45:00+01:00,0.00672
2026-01-03T14:00:00+01:00,0.00672
2026-01-03T14:15:00+01:00,0.00672
2026-01-03T14:30:00+01:00,0.00672
2026-01-03T14:45:00+01:00,0.00672
2026-01-03T15:00:00+01:00,0.00672
2026-01-03T15:15:00+01:00,0.00672
2026-01-03T15:30:00+01:00,0.00672
2026-01-03T15:45:00+01:00,0.00672
2026-01-03T16:00:00+01:00,0.00672
2026-01-03T16:15:00+01:00,0.00672
2026-01-03T16:30:00+01:00,0.00672
2026-01-03T16:45:00+01:00,0.00672
2026-01-03T17:00:00+01:00,0.00672
2026-01-03T17:15:00+01:00,0.00672
2026-01-03T17:30:00+01:00,0.00672
2026-01-03T17:45:00+01:00,0.00672
2026-01-03T18:00:00+01:00,0.00672
2026-01-03T18:15:00+01:00,0.00672
2026-01-03T18:30:00+01:00,0.00672
2026-01-03T18:45:00+01:00,0.00672
2026-01-03T19:00:00+01:00,0.00672
2026-01-03T19:15:00+01:00,0.00672
2026-01-03T19:30:00+01:00,0.00672
2026-01-03T19:45:00+01:00,0.00672
2026-01-03T20:00:00+01:00,0.00672
2026-01-03T20:15:00+01:00,0.00672
2026-01-03T20:30:00+01:00,0.00672
2026-01-03T20:45:00+01:00,0.00672
2026-01-03T21:00:00+01:00,0.00672
2026-01-03T21:15:00+01:00,0.00672
2026-01-03T21:30:00+01:00,0.00672
2026-01-03T21:45:00+01:00,0.00672
2026-01-03T22:00:00+01:00,0.00672
2026-01-03T22:15:00+01:00,0.00672
2026-01-03T22:30:00+01:00,0.00672
2026-01-03T22:45:00+01:00,0.00672
2026-01-03T23:00:00+01:00,0.00672
2026-01-03T23:15:00+01:00,0.00672
2026-01-03T23:30:00+01:00,0.00672
2026-01-03T23:45:00+01:00,0.00672
2026-01-04T00:00:00+01:00,0.00672
2026-01-04T00:15:00+01:00,0.00672
2026-01-04T00:30:00+01:00,0.00672
2026-01-04T00:45:00+01:00,0.00672
2026-01-04T01:00:00+01:00,0.00672
2026-01-04T01:15:00+01:00,0.00672
2026-01-04T01:30:00+01:00,0.00672
2026-01-04T01:45:00+01:00,0.00672
2026-01-04T02:00:00+01:00,0.00672
2026-01-04T02:15:00+01:00,0.00672
2026-01-04T02:30:00+01:00,0.00672
2026-01-04T02:45:00+01:00,0.00672
2026-01-04T03:00:00+01:00,0.00672
2026-01-04T03:15:00+01:00,0.00672
2026-01-04T03:30:00+01:00,0.00672
2026-01-04T03:45:00+01:00,0.00672
2026-01-04T04:00:00+01:00,0.00672
2026-01-04T04:15:00+01:00,0.00672
2026-01-04T04:30:00+01:00,0.00672
2026-01-04T04:45:00+01:00,0.00672
2026-01-04T05:00:00+01:00,0.00672
2026-01-04T05:15:00+01:00,0.00672
2026-01-04T05:30:00+01:00,0.00672
2026-01-04T05:45:00+01:00,0.00672
2026-01-04T06:00:00+01:00,0.00672
2026-01-04T06:15:00+01:00,0.00672
2026-01-04T06:30:00+01:00,0.00672
2026-01-04T06:45:00+01:00,0.00672
2026-01-04T07:00:00+01:00,0.00672
2026-01-04T07:15:00+01:00,0.00672
2026-01-04T07:30:00+01:00,0.00672
2026-01-04T07:45:00+01:00,0.00672
2026-01-04T08:00:00+01:00,0.00672
2026-01-04T08:15:00+01:00,0.00672
2026-01-04T08:30:00+01:00,0.00672
2026-01-04T08:45:00+01:00,0.00672
2026-01-04T09:00:00+01:00,0.00672
2026-01-04T09:15:00+01:00,0.00672
2026-01-04T09:30:00+01:00,0.00672
2026-01-04T09:45:00+01:00,0.00672
2026-01-04T10:00:00+01:00,0.00672
2026-01-04T10:15:00+01:00,0.00672
2026-01-04T10:30:00+01:00,0.00672
2026-01-04T10:45:00+01:00,0.00672
2026-01-04T11:00:00+01:00,0.00672
2026-01-04T11:15:00+01:00,0.00672
2026-01-04T11:30:00+01:00,0.00672
2026-01-04T11:45:00+01:00,0.00672
2026-01-04T12:00:00+01:00,0.00672
2026-01-04T12:15:00+01:00,0.00672
2026-01-04T12:30:00+01:00,0.00672
2026-01-04T12:45:00+01:00,0.00672
2026-01-04T13:00:00+01:00,0.00672
2026-01-04T13:15:00+01:00,0.00672
2026-01-04T13:30:00+01:00,0.00672
2026-01-04T13:45:00+01:00,0.00672
2026-01-04T14:00:00+01:00,0.00672
2026-01-04T14:15:00+01:00,0.00672
2026-01-04T14:30:00+01:00,0.00672
2026-01-04T14:45:00+01:00,0.00672
2026-01-04T15:00:00+01:00,0.00672
2026-01-04T15:15:00+01:00,0.00672
2026-01-04T15:30:00+01:00,0.00672
2026-01-04T15:45:00+01:00,0.00672
2026-01-04T16:00:00+01:00,0.00672
2026-01-04T16:15:00+01:00,0.00672
2026-01-04T16:30:00+01:00,0.00672
2026-01-04T16:45:00+01:00,0.00672
2026-01-04T17:00:00+01:00,0.00672
2026-01-04T17:15:00+01:00,0.00672
2026-01-04T17:30:00+01:00,0.00672
2026-01-04T17:45:00+01:00,0.00672
2026-01-04T18:00:00+01:00,0.00672
2026-01-04T18:15:00+01:00,0.00672
2026-01-04T18:30:00+01:00,0.00672
2026-01-04T18:45:00+01:00,0.00672
2026-01-04T19:00:00+01:00,0.00672
2026-01-04T19:15:00+01:00,0.00672
2026-01-04T19:30:00+01:00,0.00672
2026-01-04T19:45:00+01:00,0.00672
2026-01-04T20:00:00+01:00,0.00672
2026-01-04T20:15:00+01:00,0.00672
2026-01-04T20:30:00+01:00,0.00672
2026-01-04T20:45:00+01:00,0.00672
2026-01-04T21:00:00+01:00,0.00672
2026-01-04T21:15:00+01:00,0.00672
2026-01-04T21:30:00+01:00,0.00672
2026-01-04T21:45:00+01:00,0.00672
2026-01-04T22:00:00+01:00,0.00672
2026-01-04T22:15:00+01:00,0.00672
2026-01-04T22:30:00+01:00,0.00672
2026-01-04T22:45:00+01:00,0.00672
2026-01-04T23:00:00+01:00,0.00672
2026-01-04T23:15:00+01:00,0.00672
2026-01-04T23:30:00+01:00,0.00672
2026-01-04T23:45:00+01:00,0.00672
2026-01-05T00:00:00+01:00,0.00672
2026-01-05T00:15:00+01:00,0.00672
2026-01-05T00:30:00+01:00,0.00672
2026-01-05T00:45:00+01:00,0.00672
2026-01-05T01:00:00+01:00,0.00672
2026-01-05T01:15:00+01:00,0.00672
2026-01-05T01:30:00+01:00,0.00672
2026-01-05T01:45:00+01:00,0.00672
2026-01-05T02:00:00+01:00,0.00672
2026-01-05T02:15:00+01:00,0.00672
2026-01-05T02:30:00+01:00,0.00672
2026-01-05T02:45:00+01:00,0.00672
2026-01-05T03:00:00+01:00,0.00672
2026-01-05T03:15:00+01:00,0.00672
2026-01-05T03:30:00+01:00,0.00672
2026-01-05T03:45:00+01:00,0.00672
2026-01-05T04:00:00+01:00,0.00672
2026-01-05T04:15:00+01:00,0.00672
2026-01-05T04:30:00+01:00,0.00672
2026-01-05T04:45:00+01:00,0.00672
2026-01-05T05:00:00+01:00,0.00672
2026-01-05T05:15:00+01:00,0.00672
2026-01-05T05:30:00+01:00,0.00672
2026-01-05T05:45:00+01:00,0.00672
2026-01-05T06:00:00+01:00,0.00672
2026-01-05T06:15:00+01:00,0.00672
2026-01-05T06:30:00+01:00,0.00672
2026-01-05T06:45:00+01:00,0.00672
2026-01-05T07:00:00+01:00,0.00672
2026-01-05T07:15:00+01:00,0.00672
2026-01-05T07:30:00+01:00,0.00672
2026-01-05T07:45:00+01:00,0.00672
2026-01-05T08:00:00+01:00,0.00672
2026-01-05T08:15:00+01:00,0.00672
2026-01-05T08:30:00+01:00,0.00672
2026-01-05T08:45:00+01:00,0.00672
2026-01-05T09:00:00+01:00,0.00672
2026-01-05T09:15:00+01:00,0.00672
2026-01-05T09:30:00+01:00,0.00672
2026-01-05T09:45:00+01:00,0.00672
2026-01-05T10:00:00+01:00,0.00672
2026-01-05T10:15:00+01:00,0.00672
2026-01-05T10:30:00+01:00,0.00672
2026-01-05T10:45:00+01:00,0.00672
2026-01-05T11:00:00+01:00,0.00672
2026-01-05T11:15:00+01:00,0.00672
2026-01-05T11:30:00+01:00,0.00672
2026-01-05T11:45:00+01:00,0.385879
2026-01-05T12:00:00+01:00,0.398054
2026-01-05T12:15:00+01:00,0.398054
2026-01-05T12:30:00+01:00,0.398054
2026-01-05T12:45:00+01:00,0.398054
2026-01-05T13:00:00+01:00,0.398054
2026-01-05T13:15:00+01:00,0.398054
2026-01-05T13:30:00+01:00,3.662108
2026-01-05T13:45:00+01:00,7.94985
2026-01-05T14:00:00+01:00,7.94985
2026-01-05T14:15:00+01:00,7.94985
2026-01-05T14:30:00+01:00,7.94985
2026-01-05T14:45:00+01:00,7.94985
2026-01-05T15:00:00+01:00,7.94985
2026-01-05T15:15:00+01:00,7.94985
2026-01-05T15:30:00+01:00,14.017554
2026-01-05T15:45:00+01:00,17.530435
2026-01-05T16:00:00+01:00,17.530435
2026-01-05T16:15:00+01:00,17.151337
2026-01-05T16:30:00+01:00,16.666667
2026-01-05T16:45:00+01:00,16.666667
2026-01-05T17:00:00+01:00,16.666667
2026-01-05T17:15:00+01:00,16.666667
2026-01-05T17:30:00+01:00,16.054977
2026-01-05T17:45:00+01:00,0.9375
2026-01-05T18:00:00+01:00,14.155353
2026-01-05T18:15:00+01:00,14.533006
2026-01-05T18:30:00+01:00,14.533006
2026-01-05T18:45:00+01:00,14.533006
2026-01-05T19:00:00+01:00,14.533006
2026-01-05T19:15:00+01:00,14.533006
2026-01-05T19:30:00+01:00,14.533006
2026-01-05T19:45:00+01:00,14.533006
2026-01-05T20:00:00+01:00,16.166124
2026-01-05T20:15:00+01:00,18.933624
2026-01-05T20:30:00+01:00,18.933624
2026-01-05T20:45:00+01:00,16.231158
2026-01-05T21:00:00+01:00,10.15305
2026-01-05T21:15:00+01:00,10.15305
2026-01-05T21:30:00+01:00,10.15305
2026-01-05T21:45:00+01:00,10.15305
2026-01-05T22:00:00+01:00,10.15305
2026-01-05T22:15:00+01:00,10.15305
2026-01-05T22:30:00+01:00,10.15305
2026-01-05T22:45:00+01:00,10.15305
2026-01-05T23:00:00+01:00,10.15305
2026-01-05T23:15:00+01:00,10.15305
2026-01-05T23:30:00+01:00,10.15305
2026-01-05T23:45:00+01:00,10.15305
2026-01-06T00:00:00+01:00,10.15305
2026-01-06T00:15:00+01:00,10.15305
2026-01-06T00:30:00+01:00,10.15305
2026-01-06T00:45:00+01:00,14.530255
2026-01-06T01:00:00+01:00,5.485911
2026-01-06T01:15:00+01:00,5.485911
2026-01-06T01:30:00+01:00,5.485911
2026-01-06T01:45:00+01:00,5.485911
2026-01-06T02:00:00+01:00,5.485911
2026-01-06T02:15:00+01:00,5.485911
2026-01-06T02:30:00+01:00,5.485911
2026-01-06T02:45:00+01:00,5.485911
2026-01-06T03:00:00+01:00,5.485911
2026-01-06T03:15:00+01:00,10.841321
2026-01-06T03:30:00+01:00,15.941159
2026-01-06T03:45:00+01:00,15.941159
2026-01-06T04:00:00+01:00,15.941159
2026-01-06T04:15:00+01:00,15.941159
2026-01-06T04:30:00+01:00,15.941159
2026-01-06T04:45:00+01:00,15.941159
2026-01-06T05:00:00+01:00,16.026853
2026-01-06T05:15:00+01:00,16.720201
2026-01-06T05:30:00+01:00,16.720201
2026-01-06T05:45:00+01:00,16.720201
2026-01-06T06:00:00+01:00,16.720201
2026-01-06T06:15:00+01:00,16.720201
2026-01-06T06:30:00+01:00,16.720201
2026-01-06T06:45:00+01:00,16.720201
2026-01-06T07:00:00+01:00,16.720201
2026-01-06T07:15:00+01:00,16.720201
2026-01-06T07:30:00+01:00,16.720201
2026-01-06T07:45:00+01:00,16.720201
2026-01-06T08:00:00+01:00,16.720201
2026-01-06T08:15:00+01:00,13.30618
2026-01-06T08:30:00+01:00,5.746562
2026-01-06T08:45:00+01:00,5.758882
2026-01-06T09:00:00+01:00,5.998572
2026-01-06T09:15:00+01:00,5.998572
2026-01-06T09:30:00+01:00,5.998572
2026-01-06T09:45:00+01:00,5.998572
2026-01-06T10:00:00+01:00,5.998572
2026-01-06T10:15:00+01:00,5.998572
2026-01-06T10:30:00+01:00,5.998572
2026-01-06T10:45:00+01:00,5.998572
2026-01-06T11:00:00+01:00,5.998572
2026-01-06T11:15:00+01:00,6.06722
2026-01-06T11:30:00+01:00,6.094808
2026-01-06T11:45:00+01:00,4.928356
2026-01-06T12:00:00+01:00,1.470108
2026-01-06T12:15:00+01:00,1.470108
2026-01-06T12:30:00+01:00,1.470108
2026-01-06T12:45:00+01:00,1.470108
2026-01-06T13:00:00+01:00,1.470108
2026-01-06T13:15:00+01:00,1.470108
2026-01-06T13:30:00+01:00,1.470108
2026-01-06T13:45:00+01:00,1.470108
2026-01-06T14:00:00+01:00,1.470108
2026-01-06T14:15:00+01:00,2.01761
2026-01-06T14:30:00+01:00,12.669013
2026-01-06T14:45:00+01:00,12.669013
2026-01-06T15:00:00+01:00,12.669013
2026-01-06T15:15:00+01:00,12.669013
2026-01-06T15:30:00+01:00,12.669013
2026-01-06T15:45:00+01:00,12.260616
2026-01-06T16:00:00+01:00,4.501072
2026-01-06T16:15:00+01:00,4.501072
2026-01-06T16:30:00+01:00,4.501072
2026-01-06T16:45:00+01:00,4.501072
2026-01-06T17:00:00+01:00,4.919728
2026-01-06T17:15:00+01:00,5.590062
2026-01-06T17:30:00+01:00,5.590062
2026-01-06T17:45:00+01:00,8.618338
2026-01-06T18:00:00+01:00,11.388889
2026-01-06T18:15:00+01:00,11.388889
2026-01-06T18:30:00+01:00,11.388889
2026-01-06T18:45:00+01:00,10.235276
2026-01-06T19:00:00+01:00,1.405316
2026-01-06T19:15:00+01:00,4.716117
2026-01-06T19:30:00+01:00,5.683356
2026-01-06T19:45:00+01:00,7.848379
2026-01-06T20:00:00+01:00,12.379304
2026-01-06T20:15:00+01:00,12.379304
2026-01-06T20:30:00+01:00,12.379304
2026-01-06T20:45:00+01:00,12.379304
2026-01-06T21:00:00+01:00,12.379304
2026-01-06T21:15:00+01:00,12.379304
2026-01-06T21:30:00+01:00,12.379304
2026-01-06T21:45:00+01:00,12.379304
2026-01-06T22:00:00+01:00,12.379304
2026-01-06T22:15:00+01:00,12.379304
2026-01-06T22:30:00+01:00,12.379304
2026-01-06T22:45:00+01:00,13.136961
2026-01-06T23:00:00+01:00,18.413741
2026-01-06T23:15:00+01:00,18.413741
2026-01-06T23:30:00+01:00,18.413741
2026-01-06T23:45:00+01:00,18.413741
2026-01-07T00:00:00+01:00,21.732412
2026-01-07T00:15:00+01:00,22.980719
2026-01-07T00:30:00+01:00,18.552474
2026-01-07T00:45:00+01:00,15.531335
2026-01-07T01:00:00+01:00,15.531335
2026-01-07T01:15:00+01:00,15.531335
2026-01-07T01:30:00+01:00,16.83775
2026-01-07T01:45:00+01:00,16.944524
2026-01-07T02:00:00+01:00,16.944524
2026-01-07T02:15:00+01:00,16.944524
2026-01-07T02:30:00+01:00,16.944524
2026-01-07T02:45:00+01:00,16.944524
2026-01-07T03:00:00+01:00,16.944524
2026-01-07T03:15:00+01:00,16.944524
2026-01-07T03:30:00+01:00,16.944524
2026-01-07T03:45:00+01:00,16.944524
2026-01-07T04:00:00+01:00,16.944524
2026-01-07T04:15:00+01:00,16.944524
2026-01-07T04:30:00+01:00,16.944524
2026-01-07T04:45:00+01:00,16.944524
2026-01-07T05:00:00+01:00,16.944524
2026-01-07T05:15:00+01:00,16.507245
2026-01-07T05:30:00+01:00,15.998487
2026-01-07T05:45:00+01:00,15.998487
2026-01-07T06:00:00+01:00,13.694713
2026-01-07T06:15:00+01:00,11.605698
2026-01-07T06:30:00+01:00,11.605698
2026-01-07T06:45:00+01:00,11.605698
2026-01-07T07:00:00+01:00,11.605698
2026-01-07T07:15:00+01:00,11.605698
2026-01-07T07:30:00+01:00,11.605698
2026-01-07T07:45:00+01:00,11.605698
2026-01-07T08:00:00+01:00,11.605698
2026-01-07T08:15:00+01:00,11.605698
2026-01-07T08:30:00+01:00,11.605698
2026-01-07T08:45:00+01:00,11.605698
2026-01-07T09:00:00+01:00,11.605698
2026-01-07T09:15:00+01:00,11.605698
2026-01-07T09:30:00+01:00,11.605698
2026-01-07T09:45:00+01:00,11.605698
2026-01-07T10:00:00+01:00,11.605698
2026-01-07T10:15:00+01:00,11.605698
2026-01-07T10:30:00+01:00,11.605698
2026-01-07T10:45:00+01:00,11.605698
2026-01-07T11:00:00+01:00,11.605698
2026-01-07T11:15:00+01:00,11.605698
2026-01-07T11:30:00+01:00,11.605698
2026-01-07T11:45:00+01:00,11.605698
2026-01-07T12:00:00+01:00,11.605698
2026-01-07T12:15:00+01:00,11.605698
2026-01-07T12:30:00+01:00,11.605698
2026-01-07T12:45:00+01:00,11.605698
2026-01-07T13:00:00+01:00,11.605698
2026-01-07T13:15:00+01:00,11.605698
2026-01-07T13:30:00+01:00,11.605698
2026-01-07T13:45:00+01:00,11.605698
2026-01-07T14:00:00+01:00,11.605698
2026-01-07T14:15:00+01:00,11.605698
2026-01-07T14:30:00+01:00,11.605698
2026-01-07T14:45:00+01:00,11.605698
2026-01-07T15:00:00+01:00,11.605698
2026-01-07T15:15:00+01:00,11.605698
2026-01-07T15:30:00+01:00,11.605698
2026-01-07T15:45:00+01:00,11.605698
2026-01-07T16:00:00+01:00,11.605698
2026-01-07T16:15:00+01:00,9.850269
2026-01-07T16:30:00+01:00,6.408706
2026-01-07T16:45:00+01:00,6.408706
2026-01-07T17:00:00+01:00,6.408706
2026-01-07T17:15:00+01:00,6.408706
2026-01-07T17:30:00+01:00,6.408706
2026-01-07T17:45:00+01:00,6.408706
2026-01-07T18:00:00+01:00,6.408706
2026-01-07T18:15:00+01:00,6.718241
2026-01-07T18:30:00+01:00,10.97561
2026-01-07T18:45:00+01:00,10.97561
2026-01-07T19:00:00+01:00,10.97561
2026-01-07T19:15:00+01:00,11.151243
2026-01-07T19:30:00+01:00,10.574555
2026-01-07T19:45:00+01:00,10.408922
2026-01-07T20:00:00+01:00,10.408922
2026-01-07T20:15:00+01:00,10.408922
2026-01-07T20:30:00+01:00,10.408922
2026-01-07T20:45:00+01:00,10.408922
2026-01-07T21:00:00+01:00,10.408922
2026-01-07T21:15:00+01:00,10.408922
2026-01-07T21:30:00+01:00,10.641108
2026-01-07T21:45:00+01:00,10.724106
2026-01-07T22:00:00+01:00,10.724106
2026-01-07T22:15:00+01:00,10.724106
2026-01-07T22:30:00+01:00,10.724106
2026-01-07T22:45:00+01:00,10.724106
2026-01-07T23:00:00+01:00,10.724106
2026-01-07T23:15:00+01:00,10.724106
2026-01-07T23:30:00+01:00,10.724106
2026-01-07T23:45:00+01:00,10.724106
2026-01-08T00:00:00+01:00,10.724106
2026-01-08T00:15:00+01:00,10.724106
2026-01-08T00:30:00+01:00,10.724106
2026-01-08T00:45:00+01:00,10.724106
2026-01-08T01:00:00+01:00,10.724106
2026-01-08T01:15:00+01:00,10.724106
2026-01-08T01:30:00+01:00,10.724106
2026-01-08T01:45:00+01:00,10.724106
2026-01-08T02:00:00+01:00,10.724106
2026-01-08T02:15:00+01:00,13.709818
2026-01-08T02:30:00+01:00,19.477006
2026-01-08T02:45:00+01:00,19.477006
2026-01-08T03:00:00+01:00,19.477006
2026-01-08T03:15:00+01:00,19.477006
2026-01-08T03:30:00+01:00,18.965964
2026-01-08T03:45:00+01:00,18.237281
2026-01-08T04:00:00+01:00,18.237281
2026-01-08T04:15:00+01:00,18.237281
2026-01-08T04:30:00+01:00,18.237281
2026-01-08T04:45:00+01:00,18.237281
2026-01-08T05:00:00+01:00,18.237281
2026-01-08T05:15:00+01:00,18.237281
2026-01-08T05:30:00+01:00,18.237281
2026-01-08T05:45:00+01:00,18.237281
2026-01-08T06:00:00+01:00,16.379403
2026-01-08T06:15:00+01:00,9.528478
2026-01-08T06:30:00+01:00,9.528478
2026-01-08T06:45:00+01:00,9.528478
2026-01-08T07:00:00+01:00,9.528478
2026-01-08T07:15:00+01:00,9.528478
2026-01-08T07:30:00+01:00,9.528478
2026-01-08T07:45:00+01:00,9.528478
2026-01-08T08:00:00+01:00,9.528478
2026-01-08T08:15:00+01:00,9.528478
2026-01-08T08:30:00+01:00,9.528478
2026-01-08T08:45:00+01:00,9.528478
2026-01-08T09:00:00+01:00,11.915909
2026-01-08T09:15:00+01:00,12.324334
2026-01-08T09:30:00+01:00,13.211009
2026-01-08T09:45:00+01:00,13.211009
2026-01-08T10:00:00+01:00,13.211009
2026-01-08T10:15:00+01:00,13.211009
2026-01-08T10:30:00+01:00,13.211009
2026-01-08T10:45:00+01:00,13.211009
2026-01-08T11:00:00+01:00,13.211009
2026-01-08T11:15:00+01:00,8.215167
2026-01-08T11:30:00+01:00,7.085317
2026-01-08T11:45:00+01:00,7.085317
2026-01-08T12:00:00+01:00,7.085317
2026-01-08T12:15:00+01:00,7.085317
2026-01-08T12:30:00+01:00,7.085317
2026-01-08T12:45:00+01:00,6.98199
2026-01-08T13:00:00+01:00,6.946933
2026-01-08T13:15:00+01:00,6.946933
2026-01-08T13:30:00+01:00,6.946933
2026-01-08T13:45:00+01:00,6.946933
2026-01-08T14:00:00+01:00,6.946933
2026-01-08T14:15:00+01:00,6.946933
2026-01-08T14:30:00+01:00,6.946933
2026-01-08T14:45:00+01:00,13.385867
2026-01-08T15:00:00+01:00,16.339219
2026-01-08T15:15:00+01:00,16.339219
2026-01-08T15:30:00+01:00,16.339219
2026-01-08T15:45:00+01:00,16.339219
2026-01-08T16:00:00+01:00,16.339219
2026-01-08T16:15:00+01:00,16.339219
2026-01-08T16:30:00+01:00,16.339219
2026-01-08T16:45:00+01:00,16.339219
2026-01-08T17:00:00+01:00,9.843336
2026-01-08T17:15:00+01:00,7.678042
2026-01-08T17:30:00+01:00,7.678042
2026-01-08T17:45:00+01:00,11.184162
2026-01-08T18:00:00+01:00,12.325329
2026-01-08T18:15:00+01:00,12.325329
2026-01-08T18:30:00+01:00,12.325329
2026-01-08T18:45:00+01:00,12.325329
2026-01-08T19:00:00+01:00,12.325329
2026-01-08T19:15:00+01:00,12.325329
2026-01-08T19:30:00+01:00,12.325329
2026-01-08T19:45:00+01:00,12.325329
2026-01-08T20:00:00+01:00,12.325329
2026-01-08T20:15:00+01:00,12.325329
2026-01-08T20:30:00+01:00,12.325329
2026-01-08T20:45:00+01:00,12.325329
2026-01-08T21:00:00+01:00,12.325329
2026-01-08T21:15:00+01:00,12.325329
2026-01-08T21:30:00+01:00,12.325329
2026-01-08T21:45:00+01:00,12.325329
2026-01-08T22:00:00+01:00,12.325329
2026-01-08T22:15:00+01:00,12.325329
2026-01-08T22:30:00+01:00,12.325329
2026-01-08T22:45:00+01:00,12.325329
2026-01-08T23:00:00+01:00,12.325329
2026-01-08T23:15:00+01:00,12.325329
2026-01-08T23:30:00+01:00,12.325329
2026-01-08T23:45:00+01:00,12.325329
2026-01-09T00:00:00+01:00,12.325329
2026-01-09T00:15:00+01:00,12.325329
2026-01-09T00:30:00+01:00,12.325329
2026-01-09T00:45:00+01:00,12.325329
2026-01-09T01:00:00+01:00,12.325329
2026-01-09T01:15:00+01:00,12.325329
2026-01-09T01:30:00+01:00,12.325329
2026-01-09T01:45:00+01:00,12.325329
2026-01-09T02:00:00+01:00,12.325329
2026-01-09T02:15:00+01:00,12.325329
2026-01-09T02:30:00+01:00,12.325329
2026-01-09T02:45:00+01:00,16.42772
2026-01-09T03:00:00+01:00,17.430743
2026-01-09T03:15:00+01:00,17.430743
2026-01-09T03:30:00+01:00,17.430743
2026-01-09T03:45:00+01:00,17.430743
2026-01-09T04:00:00+01:00,5.658013
2026-01-09T04:15:00+01:00,1.962923
2026-01-09T04:30:00+01:00,1.962923
2026-01-09T04:45:00+01:00,1.962923
2026-01-09T05:00:00+01:00,1.962923
2026-01-09T05:15:00+01:00,1.962923
2026-01-09T05:30:00+01:00,1.962923
2026-01-09T05:45:00+01:00,0.833297
2026-01-09T06:00:00+01:00,0.166698
2026-01-09T06:15:00+01:00,0.166698
2026-01-09T06:30:00+01:00,0.166698
2026-01-09T06:45:00+01:00,0.166698
2026-01-09T07:00:00+01:00,0.166698
2026-01-09T07:15:00+01:00,0.061678
2026-01-09T07:30:00+01:00,0.0
2026-01-09T07:45:00+01:00,0.0
2026-01-09T08:00:00+01:00,0.0
2026-01-09T08:15:00+01:00,0.0
2026-01-09T08:30:00+01:00,0.055097
2026-01-09T08:45:00+01:00,0.078961
2026-01-09T09:00:00+01:00,0.078961
2026-01-09T09:15:00+01:00,0.078961
2026-01-09T09:30:00+01:00,0.078961
2026-01-09T09:45:00+01:00,0.078961
2026-01-09T10:00:00+01:00,0.078961
2026-01-09T10:15:00+01:00,0.078961
2026-01-09T10:30:00+01:00,0.078961
2026-01-09T10:45:00+01:00,0.078961
2026-01-09T11:00:00+01:00,0.078961
2026-01-09T11:15:00+01:00,0.078961
2026-01-09T11:30:00+01:00,0.079555
2026-01-09T11:45:00+01:00,0.096785
2026-01-09T12:00:00+01:00,0.096785
2026-01-09T12:15:00+01:00,0.096785
2026-01-09T12:30:00+01:00,0.096785
2026-01-09T12:45:00+01:00,0.096785
2026-01-09T13:00:00+01:00,0.096785
2026-01-09T13:15:00+01:00,0.096785
2026-01-09T13:30:00+01:00,0.096785
2026-01-09T13:45:00+01:00,0.096785
2026-01-09T14:00:00+01:00,0.096785
2026-01-09T14:15:00+01:00,0.028928
2026-01-09T14:30:00+01:00,0.0
2026-01-09T14:45:00+01:00,0.0
2026-01-09T15:00:00+01:00,0.0
2026-01-09T15:15:00+01:00,0.0
2026-01-09T15:30:00+01:00,0.0
2026-01-09T15:45:00+01:00,0.0
2026-01-09T16:00:00+01:00,0.0
2026-01-09T16:15:00+01:00,0.0
2026-01-09T16:30:00+01:00,0.0
2026-01-09T16:45:00+01:00,0.0
2026-01-09T17:00:00+01:00,0.0
2026-01-09T17:15:00+01:00,0.0
2026-01-09T17:30:00+01:00,0.0
2026-01-09T17:45:00+01:00,0.0
2026-01-09T18:00:00+01:00,0.0
2026-01-09T18:15:00+01:00,0.0
2026-01-09T18:30:00+01:00,0.0
2026-01-09T18:45:00+01:00,0.0
2026-01-09T19:00:00+01:00,0.0
2026-01-09T19:15:00+01:00,0.0
2026-01-09T19:30:00+01:00,0.0
2026-01-09T19:45:00+01:00,0.0
2026-01-09T20:00:00+01:00,0.0
2026-01-09T20:15:00+01:00,0.0
2026-01-09T20:30:00+01:00,0.0
2026-01-09T20:45:00+01:00,0.0
2026-01-09T21:00:00+01:00,0.0
2026-01-09T21:15:00+01:00,0.0
2026-01-09T21:30:00+01:00,0.0
2026-01-09T21:45:00+01:00,0.0
2026-01-09T22:00:00+01:00,0.0
2026-01-09T22:15:00+01:00,0.0
2026-01-09T22:30:00+01:00,0.0
2026-01-09T22:45:00+01:00,0.0
2026-01-09T23:00:00+01:00,0.0
2026-01-09T23:15:00+01:00,0.0
2026-01-09T23:30:00+01:00,0.0
2026-01-09T23:45:00+01:00,0.0
2026-01-10T00:00:00+01:00,0.0
2026-01-10T00:15:00+01:00,0.0
2026-01-10T00:30:00+01:00,0.0
2026-01-10T00:45:00+01:00,0.0
2026-01-10T01:00:00+01:00,0.0
2026-01-10T01:15:00+01:00,0.0
2026-01-10T01:30:00+01:00,0.0
2026-01-10T01:45:00+01:00,0.0
2026-01-10T02:00:00+01:00,0.0
2026-01-10T02:15:00+01:00,0.0
2026-01-10T02:30:00+01:00,0.0
2026-01-10T02:45:00+01:00,0.0
2026-01-10T03:00:00+01:00,0.0
2026-01-10T03:15:00+01:00,0.0
2026-01-10T03:30:00+01:00,0.0
2026-01-10T03:45:00+01:00,0.0
2026-01-10T04:00:00+01:00,0.0
2026-01-10T04:15:00+01:00,0.0
2026-01-10T04:30:00+01:00,0.0
2026-01-10T04:45:00+01:00,0.0
2026-01-10T05:00:00+01:00,0.0
2026-01-10T05:15:00+01:00,0.0
2026-01-10T05:30:00+01:00,0.0
2026-01-10T05:45:00+01:00,0.0
2026-01-10T06:00:00+01:00,0.0
2026-01-10T06:15:00+01:00,0.0
2026-01-10T06:30:00+01:00,0.0
2026-01-10T06:45:00+01:00,0.0
2026-01-10T07:00:00+01:00,0.0
2026-01-10T07:15:00+01:00,0.0
2026-01-10T07:30:00+01:00,0.0
2026-01-10T07:45:00+01:00,0.0
2026-01-10T08:00:00+01:00,0.0
2026-01-10T08:15:00+01:00,0.0
2026-01-10T08:30:00+01:00,0.381176
2026-01-10T08:45:00+01:00,0.618824
2026-01-10T09:00:00+01:00,0.0
2026-01-10T09:15:00+01:00,0.0
2026-01-10T09:30:00+01:00,0.0
2026-01-10T09:45:00+01:00,0.0
2026-01-10T10:00:00+01:00,0.0
2026-01-10T10:15:00+01:00,0.0
2026-01-10T10:30:00+01:00,0.0
2026-01-10T10:45:00+01:00,0.0
2026-01-10T11:00:00+01:00,0.0
2026-01-10T11:15:00+01:00,0.0
2026-01-10T11:30:00+01:00,0.0
2026-01-10T11:45:00+01:00,0.0
2026-01-10T12:00:00+01:00,0.0
2026-01-10T12:15:00+01:00,0.0
2026-01-10T12:30:00+01:00,0.0
2026-01-10T12:45:00+01:00,0.0
2026-01-10T13:00:00+01:00,0.0
2026-01-10T13:15:00+01:00,0.0
2026-01-10T13:30:00+01:00,0.0
2026-01-10T13:45:00+01:00,0.0
2026-01-10T14:00:00+01:00,0.0
2026-01-10T14:15:00+01:00,0.0
2026-01-10T14:30:00+01:00,0.0
2026-01-10T14:45:00+01:00,0.0
2026-01-10T15:00:00+01:00,0.0
2026-01-10T15:15:00+01:00,0.0
2026-01-10T15:30:00+01:00,0.0
2026-01-10T15:45:00+01:00,0.0
2026-01-10T16:00:00+01:00,0.0
2026-01-10T16:15:00+01:00,0.0
2026-01-10T16:30:00+01:00,0.0
2026-01-10T16:45:00+01:00,0.0
2026-01-10T17:00:00+01:00,0.0
2026-01-10T17:15:00+01:00,0.0
2026-01-10T17:30:00+01:00,0.0
2026-01-10T17:45:00+01:00,0.0
2026-01-10T18:00:00+01:00,0.0
2026-01-10T18:15:00+01:00,0.0
2026-01-10T18:30:00+01:00,0.0
2026-01-10T18:45:00+01:00,0.0
2026-01-10T19:00:00+01:00,0.0
2026-01-10T19:15:00+01:00,0.0
2026-01-10T19:30:00+01:00,0.0
2026-01-10T19:45:00+01:00,0.0
2026-01-10T20:00:00+01:00,0.0
2026-01-10T20:15:00+01:00,0.0
2026-01-10T20:30:00+01:00,0.0
2026-01-10T20:45:00+01:00,0.0
2026-01-10T21:00:00+01:00,0.0
2026-01-10T21:15:00+01:00,0.0
2026-01-10T21:30:00+01:00,0.0
2026-01-10T21:45:00+01:00,0.0
2026-01-10T22:00:00+01:00,0.0
2026-01-10T22:15:00+01:00,0.0
2026-01-10T22:30:00+01:00,0.0
2026-01-10T22:45:00+01:00,0.0
2026-01-10T23:00:00+01:00,0.0
2026-01-10T23:15:00+01:00,0.0
2026-01-10T23:30:00+01:00,0.0
2026-01-10T23:45:00+01:00,0.0
2026-01-11T00:00:00+01:00,0.0
2026-01-11T00:15:00+01:00,0.0
2026-01-11T00:30:00+01:00,0.0
2026-01-11T00:45:00+01:00,0.0
2026-01-11T01:00:00+01:00,0.0
2026-01-11T01:15:00+01:00,0.0
2026-01-11T01:30:00+01:00,0.0
2026-01-11T01:45:00+01:00,0.0
2026-01-11T02:00:00+01:00,0.0
2026-01-11T02:15:00+01:00,0.0
2026-01-11T02:30:00+01:00,0.0
2026-01-11T02:45:00+01:00,0.0
2026-01-11T03:00:00+01:00,0.0
2026-01-11T03:15:00+01:00,0.0
2026-01-11T03:30:00+01:00,0.0
2026-01-11T03:45:00+01:00,0.0
2026-01-11T04:00:00+01:00,0.0
2026-01-11T04:15:00+01:00,0.0
2026-01-11T04:30:00+01:00,0.0
2026-01-11T04:45:00+01:00,0.0
2026-01-11T05:00:00+01:00,0.0
2026-01-11T05:15:00+01:00,0.0
2026-01-11T05:30:00+01:00,0.0
2026-01-11T05:45:00+01:00,0.0
2026-01-11T06:00:00+01:00,0.0
2026-01-11T06:15:00+01:00,0.0
2026-01-11T06:30:00+01:00,0.0
2026-01-11T06:45:00+01:00,0.0
2026-01-11T07:00:00+01:00,0.0
2026-01-11T07:15:00+01:00,0.0
2026-01-11T07:30:00+01:00,0.0
2026-01-11T07:45:00+01:00,0.0
2026-01-11T08:00:00+01:00,0.0
2026-01-11T08:15:00+01:00,0.0
2026-01-11T08:30:00+01:00,0.0
2026-01-11T08:45:00+01:00,0.0
2026-01-11T09:00:00+01:00,0.0
2026-01-11T09:15:00+01:00,0.0
2026-01-11T09:30:00+01:00,0.0
2026-01-11T09:45:00+01:00,0.0
2026-01-11T10:00:00+01:00,0.0
2026-01-11T10:15:00+01:00,0.0
2026-01-11T10:30:00+01:00,0.0
2026-01-11T10:45:00+01:00,0.0
2026-01-11T11:00:00+01:00,0.0
2026-01-11T11:15:00+01:00,0.0
2026-01-11T11:30:00+01:00,0.0
2026-01-11T11:45:00+01:00,0.021651
2026-01-11T12:00:00+01:00,0.081529
2026-01-11T12:15:00+01:00,0.081529
2026-01-11T12:30:00+01:00,0.081529
2026-01-11T12:45:00+01:00,0.081529
2026-01-11T13:00:00+01:00,0.081529
2026-01-11T13:15:00+01:00,0.081529
2026-01-11T13:30:00+01:00,0.081529
2026-01-11T13:45:00+01:00,0.081529
2026-01-11T14:00:00+01:00,0.081529
2026-01-11T14:15:00+01:00,0.081529
2026-01-11T14:30:00+01:00,0.081529
2026-01-11T14:45:00+01:00,0.081529
2026-01-11T15:00:00+01:00,1.097019
2026-01-11T15:15:00+01:00,1.097019
2026-01-11T15:30:00+01:00,1.097019
2026-01-11T15:45:00+01:00,1.097019
2026-01-11T16:00:00+01:00,1.097019
2026-01-11T16:15:00+01:00,1.097019
2026-01-11T16:30:00+01:00,1.097019
2026-01-11T16:45:00+01:00,1.097019
2026-01-11T17:00:00+01:00,1.097019
2026-01-11T17:15:00+01:00,1.097019
2026-01-11T17:30:00+01:00,1.097019
2026-01-11T17:45:00+01:00,1.097019
2026-01-11T18:00:00+01:00,1.097019
2026-01-11T18:15:00+01:00,1.097019
2026-01-11T18:30:00+01:00,1.097019
2026-01-11T18:45:00+01:00,1.097019
2026-01-11T19:00:00+01:00,1.097019
2026-01-11T19:15:00+01:00,1.097019
2026-01-11T19:30:00+01:00,1.097019
2026-01-11T19:45:00+01:00,1.097019
2026-01-11T20:00:00+01:00,1.097019
2026-01-11T20:15:00+01:00,1.097019
2026-01-11T20:30:00+01:00,1.097019
2026-01-11T20:45:00+01:00,1.097019
2026-01-11T21:00:00+01:00,1.097019
2026-01-11T21:15:00+01:00,1.097019
2026-01-11T21:30:00+01:00,1.097019
2026-01-11T21:45:00+01:00,1.097019
2026-01-11T22:00:00+01:00,1.097019
2026-01-11T22:15:00+01:00,1.097019
2026-01-11T22:30:00+01:00,1.097019
2026-01-11T22:45:00+01:00,1.097019
2026-01-11T23:00:00+01:00,1.097019
2026-01-11T23:15:00+01:00,1.097019
2026-01-11T23:30:00+01:00,1.097019
2026-01-11T23:45:00+01:00,1.097019
2026-01-12T00:00:00+01:00,1.097019
2026-01-12T00:15:00+01:00,1.097019
2026-01-12T00:30:00+01:00,1.097019
2026-01-12T00:45:00+01:00,1.097019
2026-01-12T01:00:00+01:00,1.097019
2026-01-12T01:15:00+01:00,1.097019
2026-01-12T01:30:00+01:00,1.097019
2026-01-12T01:45:00+01:00,1.097019
2026-01-12T02:00:00+01:00,1.097019
2026-01-12T02:15:00+01:00,1.097019
2026-01-12T02:30:00+01:00,1.097019
2026-01-12T02:45:00+01:00,1.097019
2026-01-12T03:00:00+01:00,1.097019
2026-01-12T03:15:00+01:00,1.097019
2026-01-12T03:30:00+01:00,1.097019
2026-01-12T03:45:00+01:00,1.097019
2026-01-12T04:00:00+01:00,1.097019
2026-01-12T04:15:00+01:00,1.097019
2026-01-12T04:30:00+01:00,1.097019
2026-01-12T04:45:00+01:00,1.097019
2026-01-12T05:00:00+01:00,1.097019
2026-01-12T05:15:00+01:00,1.097019
2026-01-12T05:30:00+01:00,1.097019
2026-01-12T05:45:00+01:00,1.097019
2026-01-12T06:00:00+01:00,1.097019
2026-01-12T06:15:00+01:00,1.097019
2026-01-12T06:30:00+01:00,1.097019
2026-01-12T06:45:00+01:00,1.097019
2026-01-12T07:00:00+01:00,1.097019
2026-01-12T07:15:00+01:00,1.097019
2026-01-12T07:30:00+01:00,1.097019
2026-01-12T07:45:00+01:00,0.699021
2026-01-12T08:00:00+01:00,0.366002
2026-01-12T08:15:00+01:00,0.366002
2026-01-12T08:30:00+01:00,0.366002
2026-01-12T08:45:00+01:00,0.366002
2026-01-12T09:00:00+01:00,0.38118
2026-01-12T09:15:00+01:00,0.555727
2026-01-12T09:30:00+01:00,0.555727
2026-01-12T09:45:00+01:00,0.555727
2026-01-12T10:00:00+01:00,3.43777
2026-01-12T10:15:00+01:00,6.546116
2026-01-12T10:30:00+01:00,6.546116
2026-01-12T10:45:00+01:00,6.546116
2026-01-12T11:00:00+01:00,6.546116
2026-01-12T11:15:00+01:00,6.546116
2026-01-12T11:30:00+01:00,6.546116
2026-01-12T11:45:00+01:00,6.546116
2026-01-12T12:00:00+01:00,6.546116
2026-01-12T12:15:00+01:00,6.546116
2026-01-12T12:30:00+01:00,6.546116
2026-01-12T12:45:00+01:00,5.658714
2026-01-12T13:00:00+01:00,4.705882
2026-01-12T13:15:00+01:00,4.705882
2026-01-12T13:30:00+01:00,4.705882
2026-01-12T13:45:00+01:00,4.705882
2026-01-12T14:00:00+01:00,4.705882
2026-01-12T14:15:00+01:00,4.705882
2026-01-12T14:30:00+01:00,11.875693
2026-01-12T14:45:00+01:00,15.215377
2026-01-12T15:00:00+01:00,15.215377
2026-01-12T15:15:00+01:00,15.215377
2026-01-12T15:30:00+01:00,15.215377
2026-01-12T15:45:00+01:00,13.008863
2026-01-12T16:00:00+01:00,12.703165
2026-01-12T16:15:00+01:00,12.703165
2026-01-12T16:30:00+01:00,12.703165
2026-01-12T16:45:00+01:00,12.703165
2026-01-12T17:00:00+01:00,12.129284
2026-01-12T17:15:00+01:00,10.067997
2026-01-12T17:30:00+01:00,10.067997
2026-01-12T17:45:00+01:00,10.067997
2026-01-12T18:00:00+01:00,10.067997
2026-01-12T18:15:00+01:00,10.067997
2026-01-12T18:30:00+01:00,10.067997
2026-01-12T18:45:00+01:00,10.067997
2026-01-12T19:00:00+01:00,10.067997
2026-01-12T19:15:00+01:00,10.067997
2026-01-12T19:30:00+01:00,10.859438
2026-01-12T19:45:00+01:00,19.2
2026-01-12T20:00:00+01:00,19.011
2026-01-12T20:15:00+01:00,17.810402
2026-01-12T20:30:00+01:00,17.234519
2026-01-12T20:45:00+01:00,17.234519
2026-01-12T21:00:00+01:00,17.234519
2026-01-12T21:15:00+01:00,17.234519
2026-01-12T21:30:00+01:00,17.234519
2026-01-12T21:45:00+01:00,17.234519
2026-01-12T22:00:00+01:00,17.234519
2026-01-12T22:15:00+01:00,17.234519
2026-01-12T22:30:00+01:00,5.438448
2026-01-12T22:45:00+01:00,13.771892
2026-01-12T23:00:00+01:00,19.991457
2026-01-12T23:15:00+01:00,20.286551
2026-01-12T23:30:00+01:00,23.353293
2026-01-12T23:45:00+01:00,25.912314
2026-01-13T00:00:00+01:00,29.47861
2026-01-13T00:15:00+01:00,14.927554
2026-01-13T00:30:00+01:00,10.21986
2026-01-13T00:45:00+01:00,10.21986
2026-01-13T01:00:00+01:00,10.21986
2026-01-13T01:15:00+01:00,10.15763
2026-01-13T01:30:00+01:00,9.822647
2026-01-13T01:45:00+01:00,9.822647
2026-01-13T02:00:00+01:00,9.822647
2026-01-13T02:15:00+01:00,9.822647
2026-01-13T02:30:00+01:00,9.822647
2026-01-13T02:45:00+01:00,9.822647
2026-01-13T03:00:00+01:00,9.822647
2026-01-13T03:15:00+01:00,9.822647
2026-01-13T03:30:00+01:00,9.822647
2026-01-13T03:45:00+01:00,9.822647
2026-01-13T04:00:00+01:00,9.822647
2026-01-13T04:15:00+01:00,54.592912
2026-01-13T04:30:00+01:00,69.164678
2026-01-13T04:45:00+01:00,47.74885
2026-01-13T05:00:00+01:00,18.971332
2026-01-13T05:15:00+01:00,18.971332
2026-01-13T05:30:00+01:00,18.971332
2026-01-13T05:45:00+01:00,18.971332
2026-01-13T06:00:00+01:00,18.969362
2026-01-13T06:15:00+01:00,18.958665
2026-01-13T06:30:00+01:00,18.958665
2026-01-13T06:45:00+01:00,13.682583
2026-01-13T07:00:00+01:00,4.302882
2026-01-13T07:15:00+01:00,4.302882
2026-01-13T07:30:00+01:00,4.302882
2026-01-13T07:45:00+01:00,4.302882
2026-01-13T08:00:00+01:00,4.302882
2026-01-13T08:15:00+01:00,4.302882
2026-01-13T08:30:00+01:00,4.302882
2026-01-13T08:45:00+01:00,4.302882
2026-01-13T09:00:00+01:00,5.548617
2026-01-13T09:15:00+01:00,5.939614
2026-01-13T09:30:00+01:00,5.939614
2026-01-13T09:45:00+01:00,5.939614
2026-01-13T10:00:00+01:00,5.939614
2026-01-13T10:15:00+01:00,5.939614
2026-01-13T10:30:00+01:00,5.932058
2026-01-13T10:45:00+01:00,5.656273
2026-01-13T11:00:00+01:00,5.656273
2026-01-13T11:15:00+01:00,5.656273
2026-01-13T11:30:00+01:00,5.656273
2026-01-13T11:45:00+01:00,4.478436
2026-01-13T12:00:00+01:00,2.917117
2026-01-13T12:15:00+01:00,2.917117
2026-01-13T12:30:00+01:00,2.917117
2026-01-13T12:45:00+01:00,2.917117
2026-01-13T13:00:00+01:00,2.917117
2026-01-13T13:15:00+01:00,2.917117
2026-01-13T13:30:00+01:00,3.04914
2026-01-13T13:45:00+01:00,3.488372
2026-01-13T14:00:00+01:00,3.488372
2026-01-13T14:15:00+01:00,7.801617
2026-01-13T14:30:00+01:00,15.323496
2026-01-13T14:45:00+01:00,15.323496
2026-01-13T15:00:00+01:00,13.93623
2026-01-13T15:15:00+01:00,12.080537
2026-01-13T15:30:00+01:00,12.080537
2026-01-13T15:45:00+01:00,12.080537
2026-01-13T16:00:00+01:00,12.080537
2026-01-13T16:15:00+01:00,12.080537
2026-01-13T16:30:00+01:00,12.080537
2026-01-13T16:45:00+01:00,12.080537
2026-01-13T17:00:00+01:00,12.080537
2026-01-13T17:15:00+01:00,12.080537
2026-01-13T17:30:00+01:00,12.080537
2026-01-13T17:45:00+01:00,12.105228
2026-01-13T18:00:00+01:00,12.12981
2026-01-13T18:15:00+01:00,12.12981
2026-01-13T18:30:00+01:00,12.12981
2026-01-13T18:45:00+01:00,12.12981
2026-01-13T19:00:00+01:00,12.12981
2026-01-13T19:15:00+01:00,10.073633
2026-01-13T19:30:00+01:00,3.400756
2026-01-13T19:45:00+01:00,3.400756
2026-01-13T20:00:00+01:00,3.400756
2026-01-13T20:15:00+01:00,3.400756
2026-01-13T20:30:00+01:00,9.098223
2026-01-13T20:45:00+01:00,26.971849
2026-01-13T21:00:00+01:00,13.335803
2026-01-13T21:15:00+01:00,13.335803
2026-01-13T21:30:00+01:00,13.335803
2026-01-13T21:45:00+01:00,13.335803
2026-01-13T22:00:00+01:00,13.335803
2026-01-13T22:15:00+01:00,12.874346
2026-01-13T22:30:00+01:00,0.750626
2026-01-13T22:45:00+01:00,31.109031
2026-01-13T23:00:00+01:00,23.249338
2026-01-13T23:15:00+01:00,19.261095
2026-01-13T23:30:00+01:00,19.261095
2026-01-13T23:45:00+01:00,19.261095
2026-01-14T00:00:00+01:00,19.261095
2026-01-14T00:15:00+01:00,7.101511
2026-01-14T00:30:00+01:00,5.833333
2026-01-14T00:45:00+01:00,5.833333
2026-01-14T01:00:00+01:00,5.833333
2026-01-14T01:15:00+01:00,5.833333
2026-01-14T01:30:00+01:00,5.833333
2026-01-14T01:45:00+01:00,5.698472
2026-01-14T02:00:00+01:00,5.684407
2026-01-14T02:15:00+01:00,5.684407
2026-01-14T02:30:00+01:00,5.684407
2026-01-14T02:45:00+01:00,5.684407
2026-01-14T03:00:00+01:00,5.684407
2026-01-14T03:15:00+01:00,5.684407
2026-01-14T03:30:00+01:00,5.684407
2026-01-14T03:45:00+01:00,5.684407
2026-01-14T04:00:00+01:00,5.684407
2026-01-14T04:15:00+01:00,10.504707
2026-01-14T04:30:00+01:00,33.316703
2026-01-14T04:45:00+01:00,33.316703
2026-01-14T05:00:00+01:00,33.316703
2026-01-14T05:15:00+01:00,33.316703
2026-01-14T05:30:00+01:00,33.316703
2026-01-14T05:45:00+01:00,33.316703
2026-01-14T06:00:00+01:00,33.316703
2026-01-14T06:15:00+01:00,33.316703
2026-01-14T06:30:00+01:00,33.316703
2026-01-14T06:45:00+01:00,33.316703
2026-01-14T07:00:00+01:00,32.108627
2026-01-14T07:15:00+01:00,2.251877
2026-01-14T07:30:00+01:00,2.251877
2026-01-14T07:45:00+01:00,2.251877
2026-01-14T08:00:00+01:00,2.251877
2026-01-14T08:15:00+01:00,2.251877
2026-01-14T08:30:00+01:00,3.865108
2026-01-14T08:45:00+01:00,4.524034
2026-01-14T09:00:00+01:00,4.524034
2026-01-14T09:15:00+01:00,5.271337
2026-01-14T09:30:00+01:00,8.835395
2026-01-14T09:45:00+01:00,8.835395
2026-01-14T10:00:00+01:00,8.835395
2026-01-14T10:15:00+01:00,8.835395
2026-01-14T10:30:00+01:00,8.835395
2026-01-14T10:45:00+01:00,8.835395
2026-01-14T11:00:00+01:00,8.835395
2026-01-14T11:15:00+01:00,8.835395
2026-01-14T11:30:00+01:00,8.55052
2026-01-14T11:45:00+01:00,8.522727
2026-01-14T12:00:00+01:00,8.522727
2026-01-14T12:15:00+01:00,8.522727
2026-01-14T12:30:00+01:00,8.522727
2026-01-14T12:45:00+01:00,8.522727
2026-01-14T13:00:00+01:00,8.522727
2026-01-14T13:15:00+01:00,8.522727
2026-01-14T13:30:00+01:00,8.522727
2026-01-14T13:45:00+01:00,8.522727
2026-01-14T14:00:00+01:00,8.522727
2026-01-14T14:15:00+01:00,8.522727
2026-01-14T14:30:00+01:00,8.522727
2026-01-14T14:45:00+01:00,8.522727
2026-01-14T15:00:00+01:00,7.209039
2026-01-14T15:15:00+01:00,3.148547
2026-01-14T15:30:00+01:00,3.148547
2026-01-14T15:45:00+01:00,3.148547
2026-01-14T16:00:00+01:00,2.936784
2026-01-14T16:15:00+01:00,1.315982
2026-01-14T16:30:00+01:00,1.315982
2026-01-14T16:45:00+01:00,1.315982
2026-01-14T17:00:00+01:00,1.315982
2026-01-14T17:15:00+01:00,1.315982
2026-01-14T17:30:00+01:00,1.315982
2026-01-14T17:45:00+01:00,1.315982
2026-01-14T18:00:00+01:00,11.647435
2026-01-14T18:15:00+01:00,21.312343
2026-01-14T18:30:00+01:00,21.312343
2026-01-14T18:45:00+01:00,21.312343
2026-01-14T19:00:00+01:00,21.312343
2026-01-14T19:15:00+01:00,21.312343
2026-01-14T19:30:00+01:00,21.312343
2026-01-14T19:45:00+01:00,21.312343
2026-01-14T20:00:00+01:00,19.331062
2026-01-14T20:15:00+01:00,4.490144
2026-01-14T20:30:00+01:00,4.490144
2026-01-14T20:45:00+01:00,4.490144
2026-01-14T21:00:00+01:00,4.490144
2026-01-14T21:15:00+01:00,4.490144
2026-01-14T21:30:00+01:00,4.490144
2026-01-14T21:45:00+01:00,4.490144
2026-01-14T22:00:00+01:00,4.490144
2026-01-14T22:15:00+01:00,4.490144
2026-01-14T22:30:00+01:00,2.235039
2026-01-14T22:45:00+01:00,2.204564
2026-01-14T23:00:00+01:00,2.204564
2026-01-14T23:15:00+01:00,2.204564
2026-01-14T23:30:00+01:00,2.204564
2026-01-14T23:45:00+01:00,2.204564
2026-01-15T00:00:00+01:00,2.204564
2026-01-15T00:15:00+01:00,2.204564
2026-01-15T00:30:00+01:00,2.204564
2026-01-15T00:45:00+01:00,2.204564
2026-01-15T01:00:00+01:00,2.204564
2026-01-15T01:15:00+01:00,2.204564
2026-01-15T01:30:00+01:00,2.204564
2026-01-15T01:45:00+01:00,2.204564
2026-01-15T02:00:00+01:00,2.204564
2026-01-15T02:15:00+01:00,2.204564
2026-01-15T02:30:00+01:00,2.204564
2026-01-15T02:45:00+01:00,2.204564
2026-01-15T03:00:00+01:00,9.17866
2026-01-15T03:15:00+01:00,20.137954
2026-01-15T03:30:00+01:00,20.137954
2026-01-15T03:45:00+01:00,20.137954
2026-01-15T04:00:00+01:00,20.137954
2026-01-15T04:15:00+01:00,20.137954
2026-01-15T04:30:00+01:00,20.137954
2026-01-15T04:45:00+01:00,11.693244
2026-01-15T05:00:00+01:00,9.372743
2026-01-15T05:15:00+01:00,9.372743
2026-01-15T05:30:00+01:00,9.372743
2026-01-15T05:45:00+01:00,9.372743
2026-01-15T06:00:00+01:00,9.372743
2026-01-15T06:15:00+01:00,9.372743
2026-01-15T06:30:00+01:00,9.372743
2026-01-15T06:45:00+01:00,9.372743
2026-01-15T07:00:00+01:00,9.372743
2026-01-15T07:15:00+01:00,9.372743
2026-01-15T07:30:00+01:00,9.372743
2026-01-15T07:45:00+01:00,9.372743
2026-01-15T08:00:00+01:00,9.372743
2026-01-15T08:15:00+01:00,9.372743
2026-01-15T08:30:00+01:00,9.372743
2026-01-15T08:45:00+01:00,9.372743
2026-01-15T09:00:00+01:00,9.372743
2026-01-15T09:15:00+01:00,9.024577
2026-01-15T09:30:00+01:00,8.306929
2026-01-15T09:45:00+01:00,8.306929
2026-01-15T10:00:00+01:00,8.306929
2026-01-15T10:15:00+01:00,8.306929
2026-01-15T10:30:00+01:00,8.306929
2026-01-15T10:45:00+01:00,8.306929
2026-01-15T11:00:00+01:00,8.306929
2026-01-15T11:15:00+01:00,9.920594
2026-01-15T11:30:00+01:00,14.486922
2026-01-15T11:45:00+01:00,14.486922
2026-01-15T12:00:00+01:00,14.486922
2026-01-15T12:15:00+01:00,14.776
2026-01-15T12:30:00+01:00,15.217738
2026-01-15T12:45:00+01:00,15.217738
2026-01-15T13:00:00+01:00,15.217738
2026-01-15T13:15:00+01:00,15.217738
2026-01-15T13:30:00+01:00,15.217738
2026-01-15T13:45:00+01:00,15.217738
2026-01-15T14:00:00+01:00,15.217738
2026-01-15T14:15:00+01:00,15.217738
2026-01-15T14:30:00+01:00,15.217738
2026-01-15T14:45:00+01:00,15.217738
2026-01-15T15:00:00+01:00,15.217738
2026-01-15T15:15:00+01:00,15.217738
2026-01-15T15:30:00+01:00,15.217738
2026-01-15T15:45:00+01:00,14.404754
2026-01-15T16:00:00+01:00,13.467294
2026-01-15T16:15:00+01:00,13.467294
2026-01-15T16:30:00+01:00,10.051206
2026-01-15T16:45:00+01:00,9.520594
2026-01-15T17:00:00+01:00,9.520594
2026-01-15T17:15:00+01:00,9.520594
2026-01-15T17:30:00+01:00,9.520594
2026-01-15T17:45:00+01:00,6.538722
2026-01-15T18:00:00+01:00,6.310445
2026-01-15T18:15:00+01:00,6.310445
2026-01-15T18:30:00+01:00,6.310445
2026-01-15T18:45:00+01:00,7.57971
2026-01-15T19:00:00+01:00,10.11824
2026-01-15T19:15:00+01:00,10.11824
2026-01-15T19:30:00+01:00,10.11824
2026-01-15T19:45:00+01:00,10.11824
2026-01-15T20:00:00+01:00,10.11824
2026-01-15T20:15:00+01:00,9.832482
2026-01-15T20:30:00+01:00,9.642857
2026-01-15T20:45:00+01:00,9.642857
2026-01-15T21:00:00+01:00,8.638058
2026-01-15T21:15:00+01:00,8.3886
2026-01-15T21:30:00+01:00,8.3886
2026-01-15T21:45:00+01:00,8.3886
2026-01-15T22:00:00+01:00,8.3886
2026-01-15T22:15:00+01:00,8.3886
2026-01-15T22:30:00+01:00,8.3886
2026-01-15T22:45:00+01:00,8.3886
2026-01-15T23:00:00+01:00,8.3886
2026-01-15T23:15:00+01:00,8.3886
2026-01-15T23:30:00+01:00,8.3886
2026-01-15T23:45:00+01:00,8.3886
2026-01-16T00:00:00+01:00,7.572513
2026-01-16T00:15:00+01:00,6.365244
2026-01-16T00:30:00+01:00,6.365244
2026-01-16T00:45:00+01:00,6.365244
2026-01-16T01:00:00+01:00,6.337733
2026-01-16T01:15:00+01:00,0.175387
2026-01-16T01:30:00+01:00,0.175387
2026-01-16T01:45:00+01:00,0.175387
2026-01-16T02:00:00+01:00,0.175387
2026-01-16T02:15:00+01:00,0.175387
2026-01-16T02:30:00+01:00,0.175387
2026-01-16T02:45:00+01:00,0.175387
2026-01-16T03:00:00+01:00,0.175387
2026-01-16T03:15:00+01:00,0.175387
2026-01-16T03:30:00+01:00,0.175387
2026-01-16T03:45:00+01:00,0.175387
2026-01-16T04:00:00+01:00,52.060211
2026-01-16T04:15:00+01:00,86.101586
2026-01-16T04:30:00+01:00,16.530612
2026-01-16T04:45:00+01:00,16.530612
2026-01-16T05:00:00+01:00,16.530612
2026-01-16T05:15:00+01:00,16.530612
2026-01-16T05:30:00+01:00,16.530612
2026-01-16T05:45:00+01:00,16.530612
2026-01-16T06:00:00+01:00,11.261358
2026-01-16T06:15:00+01:00,5.372191
2026-01-16T06:30:00+01:00,5.372191
2026-01-16T06:45:00+01:00,5.372191
2026-01-16T07:00:00+01:00,5.372191
2026-01-16T07:15:00+01:00,5.372191
2026-01-16T07:30:00+01:00,5.875661
2026-01-16T07:45:00+01:00,8.884776
2026-01-16T08:00:00+01:00,8.884776
2026-01-16T08:15:00+01:00,8.884776
2026-01-16T08:30:00+01:00,8.884776
2026-01-16T08:45:00+01:00,8.884776
2026-01-16T09:00:00+01:00,8.884776
2026-01-16T09:15:00+01:00,8.884776
2026-01-16T09:30:00+01:00,25.081509
2026-01-16T09:45:00+01:00,26.115343
2026-01-16T10:00:00+01:00,26.115343
2026-01-16T10:15:00+01:00,3.220892
2026-01-16T10:30:00+01:00,0.0
2026-01-16T10:45:00+01:00,0.0
2026-01-16T11:00:00+01:00,0.0
2026-01-16T11:15:00+01:00,0.0
2026-01-16T11:30:00+01:00,0.0
2026-01-16T11:45:00+01:00,0.049856
2026-01-16T12:00:00+01:00,0.236158
2026-01-16T12:15:00+01:00,0.236158
2026-01-16T12:30:00+01:00,0.236158
2026-01-16T12:45:00+01:00,0.236158
2026-01-16T13:00:00+01:00,0.236158
2026-01-16T13:15:00+01:00,0.236158
2026-01-16T13:30:00+01:00,0.236158
2026-01-16T13:45:00+01:00,0.236158
2026-01-16T14:00:00+01:00,0.060876
2026-01-16T14:15:00+01:00,0.0
2026-01-16T14:30:00+01:00,0.0
2026-01-16T14:45:00+01:00,0.0
2026-01-16T15:00:00+01:00,0.03935
2026-01-16T15:15:00+01:00,0.094947
2026-01-16T15:30:00+01:00,0.094947
2026-01-16T15:45:00+01:00,0.094947
2026-01-16T16:00:00+01:00,0.094947
2026-01-16T16:15:00+01:00,0.094947
2026-01-16T16:30:00+01:00,0.094947
2026-01-16T16:45:00+01:00,0.094947
2026-01-16T17:00:00+01:00,0.094947
2026-01-16T17:15:00+01:00,0.094947
2026-01-16T17:30:00+01:00,0.094947
2026-01-16T17:45:00+01:00,0.011183
2026-01-16T18:00:00+01:00,0.0
2026-01-16T18:15:00+01:00,0.0
2026-01-16T18:30:00+01:00,0.0
2026-01-16T18:45:00+01:00,0.0
2026-01-16T19:00:00+01:00,0.0
2026-01-16T19:15:00+01:00,0.0
2026-01-16T19:30:00+01:00,0.0
2026-01-16T19:45:00+01:00,0.0
2026-01-16T20:00:00+01:00,0.0
2026-01-16T20:15:00+01:00,0.0
2026-01-16T20:30:00+01:00,0.0
2026-01-16T20:45:00+01:00,0.0
2026-01-16T21:00:00+01:00,0.0
2026-01-16T21:15:00+01:00,0.0
2026-01-16T21:30:00+01:00,0.0
2026-01-16T21:45:00+01:00,0.0
2026-01-16T22:00:00+01:00,0.0
2026-01-16T22:15:00+01:00,0.0
2026-01-16T22:30:00+01:00,0.0
2026-01-16T22:45:00+01:00,0.0
2026-01-16T23:00:00+01:00,0.0
2026-01-16T23:15:00+01:00,0.0
2026-01-16T23:30:00+01:00,0.0
2026-01-16T23:45:00+01:00,0.0
2026-01-17T00:00:00+01:00,0.0
2026-01-17T00:15:00+01:00,0.06466
2026-01-17T00:30:00+01:00,0.078961
2026-01-17T00:45:00+01:00,0.078961
2026-01-17T01:00:00+01:00,0.078961
2026-01-17T01:15:00+01:00,0.078961
2026-01-17T01:30:00+01:00,0.078961
2026-01-17T01:45:00+01:00,0.078961
2026-01-17T02:00:00+01:00,0.078961
2026-01-17T02:15:00+01:00,0.078961
2026-01-17T02:30:00+01:00,0.078961
2026-01-17T02:45:00+01:00,0.078961
2026-01-17T03:00:00+01:00,0.078961
2026-01-17T03:15:00+01:00,0.066766
2026-01-17T03:30:00+01:00,0.0
2026-01-17T03:45:00+01:00,0.0
2026-01-17T04:00:00+01:00,0.0
2026-01-17T04:15:00+01:00,0.0
2026-01-17T04:30:00+01:00,0.0
2026-01-17T04:45:00+01:00,0.0
2026-01-17T05:00:00+01:00,0.0
2026-01-17T05:15:00+01:00,0.0
2026-01-17T05:30:00+01:00,0.0
2026-01-17T05:45:00+01:00,0.0
2026-01-17T06:00:00+01:00,0.0
2026-01-17T06:15:00+01:00,0.0
2026-01-17T06:30:00+01:00,0.0
2026-01-17T06:45:00+01:00,0.0
2026-01-17T07:00:00+01:00,0.0
2026-01-17T07:15:00+01:00,0.0
2026-01-17T07:30:00+01:00,0.0
2026-01-17T07:45:00+01:00,0.0
2026-01-17T08:00:00+01:00,0.0
2026-01-17T08:15:00+01:00,0.0
2026-01-17T08:30:00+01:00,0.0
2026-01-17T08:45:00+01:00,0.0
2026-01-17T09:00:00+01:00,0.0
2026-01-17T09:15:00+01:00,0.0
2026-01-17T09:30:00+01:00,0.0
2026-01-17T09:45:00+01:00,0.0
2026-01-17T10:00:00+01:00,0.0
2026-01-17T10:15:00+01:00,0.0
2026-01-17T10:30:00+01:00,0.0
2026-01-17T10:45:00+01:00,0.0
2026-01-17T11:00:00+01:00,0.0
2026-01-17T11:15:00+01:00,0.0
2026-01-17T11:30:00+01:00,0.0
2026-01-17T11:45:00+01:00,0.0
2026-01-17T12:00:00+01:00,0.124621
2026-01-17T12:15:00+01:00,0.151566
2026-01-17T12:30:00+01:00,0.151566
2026-01-17T12:45:00+01:00,0.151566
2026-01-17T13:00:00+01:00,0.151566
2026-01-17T13:15:00+01:00,0.151566
2026-01-17T13:30:00+01:00,0.117548
2026-01-17T13:45:00+01:00,0.0
2026-01-17T14:00:00+01:00,0.0
2026-01-17T14:15:00+01:00,0.0
2026-01-17T14:30:00+01:00,0.0
2026-01-17T14:45:00+01:00,0.0
2026-01-17T15:00:00+01:00,0.0
2026-01-17T15:15:00+01:00,0.0
2026-01-17T15:30:00+01:00,0.0
2026-01-17T15:45:00+01:00,0.0
2026-01-17T16:00:00+01:00,0.0
2026-01-17T16:15:00+01:00,0.0
2026-01-17T16:30:00+01:00,0.0
2026-01-17T16:45:00+01:00,0.0
2026-01-17T17:00:00+01:00,0.0
2026-01-17T17:15:00+01:00,0.0
2026-01-17T17:30:00+01:00,0.0
2026-01-17T17:45:00+01:00,0.0
2026-01-17T18:00:00+01:00,0.0
2026-01-17T18:15:00+01:00,0.0
2026-01-17T18:30:00+01:00,0.0
2026-01-17T18:45:00+01:00,0.0
2026-01-17T19:00:00+01:00,0.0
2026-01-17T19:15:00+01:00,0.0
2026-01-17T19:30:00+01:00,0.0
2026-01-17T19:45:00+01:00,0.0
2026-01-17T20:00:00+01:00,0.0
2026-01-17T20:15:00+01:00,0.0
2026-01-17T20:30:00+01:00,0.0
2026-01-17T20:45:00+01:00,0.0
2026-01-17T21:00:00+01:00,0.0
2026-01-17T21:15:00+01:00,0.0
2026-01-17T21:30:00+01:00,0.0
2026-01-17T21:45:00+01:00,0.0
2026-01-17T22:00:00+01:00,0.0
2026-01-17T22:15:00+01:00,0.0
2026-01-17T22:30:00+01:00,0.0
2026-01-17T22:45:00+01:00,0.0
2026-01-17T23:00:00+01:00,0.0
2026-01-17T23:15:00+01:00,0.0
2026-01-17T23:30:00+01:00,0.0
2026-01-17T23:45:00+01:00,0.0
2026-01-18T00:00:00+01:00,0.0
2026-01-18T00:15:00+01:00,0.0
2026-01-18T00:30:00+01:00,0.0
2026-01-18T00:45:00+01:00,0.0
2026-01-18T01:00:00+01:00,0.0
2026-01-18T01:15:00+01:00,0.0
2026-01-18T01:30:00+01:00,0.0
2026-01-18T01:45:00+01:00,0.0
2026-01-18T02:00:00+01:00,0.0
2026-01-18T02:15:00+01:00,0.0
2026-01-18T02:30:00+01:00,0.0
2026-01-18T02:45:00+01:00,0.0
2026-01-18T03:00:00+01:00,0.0
2026-01-18T03:15:00+01:00,0.0
2026-01-18T03:30:00+01:00,0.0
2026-01-18T03:45:00+01:00,0.0
2026-01-18T04:00:00+01:00,0.0
2026-01-18T04:15:00+01:00,0.0
2026-01-18T04:30:00+01:00,0.0
2026-01-18T04:45:00+01:00,0.0
2026-01-18T05:00:00+01:00,0.0
2026-01-18T05:15:00+01:00,0.0
2026-01-18T05:30:00+01:00,0.0
2026-01-18T05:45:00+01:00,0.0
2026-01-18T06:00:00+01:00,0.0
2026-01-18T06:15:00+01:00,0.0
2026-01-18T06:30:00+01:00,0.0
2026-01-18T06:45:00+01:00,0.0
2026-01-18T07:00:00+01:00,0.0
2026-01-18T07:15:00+01:00,0.0
2026-01-18T07:30:00+01:00,0.0
2026-01-18T07:45:00+01:00,0.0
2026-01-18T08:00:00+01:00,0.0
2026-01-18T08:15:00+01:00,0.0
2026-01-18T08:30:00+01:00,0.0
2026-01-18T08:45:00+01:00,0.0
2026-01-18T09:00:00+01:00,0.0
2026-01-18T09:15:00+01:00,0.0
2026-01-18T09:30:00+01:00,0.0
2026-01-18T09:45:00+01:00,0.0
2026-01-18T10:00:00+01:00,0.0
2026-01-18T10:15:00+01:00,0.008435
2026-01-18T10:30:00+01:00,0.022526
2026-01-18T10:45:00+01:00,0.022526
2026-01-18T11:00:00+01:00,0.022526
2026-01-18T11:15:00+01:00,0.022526
2026-01-18T11:30:00+01:00,0.022526
2026-01-18T11:45:00+01:00,0.022526
2026-01-18T12:00:00+01:00,0.022526
2026-01-18T12:15:00+01:00,0.022526
2026-01-18T12:30:00+01:00,0.022526
2026-01-18T12:45:00+01:00,0.022526
2026-01-18T13:00:00+01:00,0.022526
2026-01-18T13:15:00+01:00,0.022526
2026-01-18T13:30:00+01:00,0.022526
2026-01-18T13:45:00+01:00,0.022526
2026-01-18T14:00:00+01:00,0.022526
2026-01-18T14:15:00+01:00,0.022526
2026-01-18T14:30:00+01:00,0.022526
2026-01-18T14:45:00+01:00,0.022526
2026-01-18T15:00:00+01:00,0.022526
2026-01-18T15:15:00+01:00,0.022526
2026-01-18T15:30:00+01:00,0.022526
2026-01-18T15:45:00+01:00,0.022526
2026-01-18T16:00:00+01:00,0.022526
2026-01-18T16:15:00+01:00,0.022526
2026-01-18T16:30:00+01:00,0.022526
2026-01-18T16:45:00+01:00,0.022526
2026-01-18T17:00:00+01:00,0.022526
2026-01-18T17:15:00+01:00,0.022526
2026-01-18T17:30:00+01:00,0.022526
2026-01-18T17:45:00+01:00,0.022526
2026-01-18T18:00:00+01:00,0.022526
2026-01-18T18:15:00+01:00,0.022526
2026-01-18T18:30:00+01:00,0.022526
2026-01-18T18:45:00+01:00,0.022526
2026-01-18T19:00:00+01:00,0.022526
2026-01-18T19:15:00+01:00,0.022526
2026-01-18T19:30:00+01:00,0.022526
2026-01-18T19:45:00+01:00,0.022526
2026-01-18T20:00:00+01:00,0.022526
2026-01-18T20:15:00+01:00,0.022526
2026-01-18T20:30:00+01:00,0.022526
2026-01-18T20:45:00+01:00,0.022526
2026-01-18T21:00:00+01:00,0.022526
2026-01-18T21:15:00+01:00,0.022526
2026-01-18T21:30:00+01:00,1.272929
2026-01-18T21:45:00+01:00,1.295561
2026-01-18T22:00:00+01:00,1.295561
2026-01-18T22:15:00+01:00,1.295561
2026-01-18T22:30:00+01:00,1.295561
2026-01-18T22:45:00+01:00,1.295561
2026-01-18T23:00:00+01:00,1.295561
2026-01-18T23:15:00+01:00,1.295561
2026-01-18T23:30:00+01:00,1.295561
2026-01-18T23:45:00+01:00,1.295561
2026-01-19T00:00:00+01:00,1.295561
2026-01-19T00:15:00+01:00,1.295561
2026-01-19T00:30:00+01:00,1.295561
2026-01-19T00:45:00+01:00,1.295561
2026-01-19T01:00:00+01:00,1.295561
2026-01-19T01:15:00+01:00,1.295561
2026-01-19T01:30:00+01:00,1.295561
2026-01-19T01:45:00+01:00,1.295561
2026-01-19T02:00:00+01:00,1.295561
2026-01-19T02:15:00+01:00,1.295561
2026-01-19T02:30:00+01:00,1.295561
2026-01-19T02:45:00+01:00,1.295561
2026-01-19T03:00:00+01:00,1.295561
2026-01-19T03:15:00+01:00,1.295561
2026-01-19T03:30:00+01:00,1.295561
2026-01-19T03:45:00+01:00,1.295561
2026-01-19T04:00:00+01:00,1.295561
2026-01-19T04:15:00+01:00,1.295561
2026-01-19T04:30:00+01:00,1.295561
2026-01-19T04:45:00+01:00,1.295561
2026-01-19T05:00:00+01:00,1.295561
2026-01-19T05:15:00+01:00,1.295561
2026-01-19T05:30:00+01:00,1.295561
2026-01-19T05:45:00+01:00,1.295561
2026-01-19T06:00:00+01:00,1.295561
2026-01-19T06:15:00+01:00,1.295561
2026-01-19T06:30:00+01:00,1.295561
2026-01-19T06:45:00+01:00,1.295561
2026-01-19T07:00:00+01:00,6.00975
2026-01-19T07:15:00+01:00,13.417762
2026-01-19T07:30:00+01:00,13.417762
2026-01-19T07:45:00+01:00,13.417762
2026-01-19T08:00:00+01:00,13.417762
2026-01-19T08:15:00+01:00,13.417762
2026-01-19T08:30:00+01:00,13.417762
2026-01-19T08:45:00+01:00,7.32991
2026-01-19T09:00:00+01:00,0.119055
2026-01-19T09:15:00+01:00,0.119055
2026-01-19T09:30:00+01:00,0.119055
2026-01-19T09:45:00+01:00,0.119055
2026-01-19T10:00:00+01:00,0.119055
2026-01-19T10:15:00+01:00,0.119055
2026-01-19T10:30:00+01:00,0.119055
2026-01-19T10:45:00+01:00,0.119055
2026-01-19T11:00:00+01:00,0.119055
2026-01-19T11:15:00+01:00,0.119055
2026-01-19T11:30:00+01:00,0.119055
2026-01-19T11:45:00+01:00,0.119055
2026-01-19T12:00:00+01:00,0.119055
2026-01-19T12:15:00+01:00,0.119055
2026-01-19T12:30:00+01:00,0.119055
2026-01-19T12:45:00+01:00,0.119055
2026-01-19T13:00:00+01:00,136.049202
2026-01-19T13:15:00+01:00,7.962559
2026-01-19T13:30:00+01:00,7.962559
2026-01-19T13:45:00+01:00,7.962559
2026-01-19T14:00:00+01:00,7.962559
2026-01-19T14:15:00+01:00,7.962559
2026-01-19T14:30:00+01:00,7.962559
2026-01-19T14:45:00+01:00,7.962559
2026-01-19T15:00:00+01:00,7.962559
2026-01-19T15:15:00+01:00,6.491692
2026-01-19T15:30:00+01:00,4.772727
2026-01-19T15:45:00+01:00,7.857765
2026-01-19T16:00:00+01:00,7.875
2026-01-19T16:15:00+01:00,6.678502
2026-01-19T16:30:00+01:00,4.224668
2026-01-19T16:45:00+01:00,4.224668
2026-01-19T17:00:00+01:00,4.224668
2026-01-19T17:15:00+01:00,4.224668
2026-01-19T17:30:00+01:00,4.224668
2026-01-19T17:45:00+01:00,4.224668
2026-01-19T18:00:00+01:00,5.086448
2026-01-19T18:15:00+01:00,6.084625
2026-01-19T18:30:00+01:00,6.084625
2026-01-19T18:45:00+01:00,6.084625
2026-01-19T19:00:00+01:00,6.084625
2026-01-19T19:15:00+01:00,6.084625
2026-01-19T19:30:00+01:00,6.084625
2026-01-19T19:45:00+01:00,6.084625
2026-01-19T20:00:00+01:00,6.084625
2026-01-19T20:15:00+01:00,6.084625
2026-01-19T20:30:00+01:00,8.672193
2026-01-19T20:45:00+01:00,6.855765
2026-01-19T21:00:00+01:00,4.540469
2026-01-19T21:15:00+01:00,4.540469
2026-01-19T21:30:00+01:00,4.540469
2026-01-19T21:45:00+01:00,4.540469
2026-01-19T22:00:00+01:00,7.081441
2026-01-19T22:15:00+01:00,10.910594
2026-01-19T22:30:00+01:00,10.910594
2026-01-19T22:45:00+01:00,10.910594
2026-01-19T23:00:00+01:00,10.910594
2026-01-19T23:15:00+01:00,10.910594
2026-01-19T23:30:00+01:00,10.910594
2026-01-19T23:45:00+01:00,10.910594
2026-01-20T00:00:00+01:00,10.87493
2026-01-20T00:15:00+01:00,10.803601
2026-01-20T00:30:00+01:00,10.803601
2026-01-20T00:45:00+01:00,10.804287
2026-01-20T01:00:00+01:00,11.420751
2026-01-20T01:15:00+01:00,11.420751
2026-01-20T01:30:00+01:00,11.420751
2026-01-20T01:45:00+01:00,11.420751
2026-01-20T02:00:00+01:00,11.420751
2026-01-20T02:15:00+01:00,11.420751
2026-01-20T02:30:00+01:00,11.420751
2026-01-20T02:45:00+01:00,11.420751
2026-01-20T03:00:00+01:00,12.065049
2026-01-20T03:15:00+01:00,20.625
2026-01-20T03:30:00+01:00,20.625
2026-01-20T03:45:00+01:00,20.625
2026-01-20T04:00:00+01:00,20.625
2026-01-20T04:15:00+01:00,15.170361
2026-01-20T04:30:00+01:00,0.422634
2026-01-20T04:45:00+01:00,0.422634
2026-01-20T05:00:00+01:00,0.422634
2026-01-20T05:15:00+01:00,0.422634
2026-01-20T05:30:00+01:00,7.032153
2026-01-20T05:45:00+01:00,12.713061
2026-01-20T06:00:00+01:00,12.713061
2026-01-20T06:15:00+01:00,12.713061
2026-01-20T06:30:00+01:00,12.713061
2026-01-20T06:45:00+01:00,12.713061
2026-01-20T07:00:00+01:00,12.713061
2026-01-20T07:15:00+01:00,12.713061
2026-01-20T07:30:00+01:00,12.713061
2026-01-20T07:45:00+01:00,12.713061
2026-01-20T08:00:00+01:00,12.713061
2026-01-20T08:15:00+01:00,12.713061
2026-01-20T08:30:00+01:00,8.53606
2026-01-20T08:45:00+01:00,7.059977
2026-01-20T09:00:00+01:00,7.059977
2026-01-20T09:15:00+01:00,7.059977
2026-01-20T09:30:00+01:00,7.059977
2026-01-20T09:45:00+01:00,7.059977
2026-01-20T10:00:00+01:00,7.059977
2026-01-20T10:15:00+01:00,6.503024
2026-01-20T10:30:00+01:00,6.467474
2026-01-20T10:45:00+01:00,6.481855
2026-01-20T11:00:00+01:00,12.939221
2026-01-20T11:15:00+01:00,12.939221
2026-01-20T11:30:00+01:00,12.939221
2026-01-20T11:45:00+01:00,12.939221
2026-01-20T12:00:00+01:00,12.939221
2026-01-20T12:15:00+01:00,12.939221
2026-01-20T12:30:00+01:00,12.939221
2026-01-20T12:45:00+01:00,12.939221
2026-01-20T13:00:00+01:00,12.939221
2026-01-20T13:15:00+01:00,12.939221
2026-01-20T13:30:00+01:00,12.939221
2026-01-20T13:45:00+01:00,12.939221
2026-01-20T14:00:00+01:00,12.939221
2026-01-20T14:15:00+01:00,12.939221
2026-01-20T14:30:00+01:00,12.939221
2026-01-20T14:45:00+01:00,12.939221
2026-01-20T15:00:00+01:00,12.939221
2026-01-20T15:15:00+01:00,12.939221
2026-01-20T15:30:00+01:00,12.939221
2026-01-20T15:45:00+01:00,12.939221
2026-01-20T16:00:00+01:00,12.939221
2026-01-20T16:15:00+01:00,12.939221
2026-01-20T16:30:00+01:00,12.939221
2026-01-20T16:45:00+01:00,12.939221
2026-01-20T17:00:00+01:00,12.939221
2026-01-20T17:15:00+01:00,12.939221
2026-01-20T17:30:00+01:00,12.939221
2026-01-20T17:45:00+01:00,12.939221
2026-01-20T18:00:00+01:00,12.939221
2026-01-20T18:15:00+01:00,12.939221
2026-01-20T18:30:00+01:00,12.939221
2026-01-20T18:45:00+01:00,12.939221
2026-01-20T19:00:00+01:00,12.939221
2026-01-20T19:15:00+01:00,12.939221
2026-01-20T19:30:00+01:00,12.939221
2026-01-20T19:45:00+01:00,12.939221
2026-01-20T20:00:00+01:00,12.939221
2026-01-20T20:15:00+01:00,12.939221
2026-01-20T20:30:00+01:00,12.939221
2026-01-20T20:45:00+01:00,12.939221
2026-01-20T21:00:00+01:00,12.939221
2026-01-20T21:15:00+01:00,12.939221
2026-01-20T21:30:00+01:00,21.502191
2026-01-20T21:45:00+01:00,22.645359
2026-01-20T22:00:00+01:00,22.645359
2026-01-20T22:15:00+01:00,19.820702
2026-01-20T22:30:00+01:00,18.048269
2026-01-20T22:45:00+01:00,18.048269
2026-01-20T23:00:00+01:00,18.048269
2026-01-20T23:15:00+01:00,18.048269
2026-01-20T23:30:00+01:00,18.048269
2026-01-20T23:45:00+01:00,18.048269
2026-01-21T00:00:00+01:00,18.048269
2026-01-21T00:15:00+01:00,18.048269
2026-01-21T00:30:00+01:00,17.6088
2026-01-21T00:45:00+01:00,12.844037
2026-01-21T01:00:00+01:00,12.844037
2026-01-21T01:15:00+01:00,12.844037
2026-01-21T01:30:00+01:00,16.784354
2026-01-21T01:45:00+01:00,17.68208
2026-01-21T02:00:00+01:00,17.68208
2026-01-21T02:15:00+01:00,17.68208
2026-01-21T02:30:00+01:00,17.68208
2026-01-21T02:45:00+01:00,13.986292
2026-01-21T03:00:00+01:00,0.536673
2026-01-21T03:15:00+01:00,0.525261
2026-01-21T03:30:00+01:00,0.504272
2026-01-21T03:45:00+01:00,0.504272
2026-01-21T04:00:00+01:00,0.504272
2026-01-21T04:15:00+01:00,0.504272
2026-01-21T04:30:00+01:00,0.504272
2026-01-21T04:45:00+01:00,0.504272
2026-01-21T05:00:00+01:00,0.504272
2026-01-21T05:15:00+01:00,0.504272
2026-01-21T05:30:00+01:00,0.504272
2026-01-21T05:45:00+01:00,0.504272
2026-01-21T06:00:00+01:00,0.504272
2026-01-21T06:15:00+01:00,0.504272
2026-01-21T06:30:00+01:00,0.504272
2026-01-21T06:45:00+01:00,0.504272
2026-01-21T07:00:00+01:00,0.504272
2026-01-21T07:15:00+01:00,13.405258
2026-01-21T07:30:00+01:00,26.952763
2026-01-21T07:45:00+01:00,26.952763
2026-01-21T08:00:00+01:00,26.952763
2026-01-21T08:15:00+01:00,15.168758
2026-01-21T08:30:00+01:00,13.695757
2026-01-21T08:45:00+01:00,13.695757
2026-01-21T09:00:00+01:00,13.695757
2026-01-21T09:15:00+01:00,13.695757
2026-01-21T09:30:00+01:00,13.695757
2026-01-21T09:45:00+01:00,13.695757
2026-01-21T10:00:00+01:00,13.695757
2026-01-21T10:15:00+01:00,13.695757
2026-01-21T10:30:00+01:00,13.695757
2026-01-21T10:45:00+01:00,13.695757
2026-01-21T11:00:00+01:00,13.695757
2026-01-21T11:15:00+01:00,13.695757
2026-01-21T11:30:00+01:00,13.695757
2026-01-21T11:45:00+01:00,13.695757
2026-01-21T12:00:00+01:00,13.695757
2026-01-21T12:15:00+01:00,13.695757
2026-01-21T12:30:00+01:00,13.695757
2026-01-21T12:45:00+01:00,13.695757
2026-01-21T13:00:00+01:00,13.695757
2026-01-21T13:15:00+01:00,11.004259
2026-01-21T13:30:00+01:00,1.763008
2026-01-21T13:45:00+01:00,1.763008
2026-01-21T14:00:00+01:00,1.763008
2026-01-21T14:15:00+01:00,1.763008
2026-01-21T14:30:00+01:00,1.763008
2026-01-21T14:45:00+01:00,1.763008
2026-01-21T15:00:00+01:00,1.763008
2026-01-21T15:15:00+01:00,1.763008
2026-01-21T15:30:00+01:00,1.763008
2026-01-21T15:45:00+01:00,1.763008
2026-01-21T16:00:00+01:00,1.763008
2026-01-21T16:15:00+01:00,1.763008
2026-01-21T16:30:00+01:00,1.763008
2026-01-21T16:45:00+01:00,1.763008
2026-01-21T17:00:00+01:00,1.763008
2026-01-21T17:15:00+01:00,1.763008
2026-01-21T17:30:00+01:00,1.763008
2026-01-21T17:45:00+01:00,1.763008
2026-01-21T18:00:00+01:00,1.763008
2026-01-21T18:15:00+01:00,1.763008
2026-01-21T18:30:00+01:00,1.763008
2026-01-21T18:45:00+01:00,1.763008
2026-01-21T19:00:00+01:00,1.763008
2026-01-21T19:15:00+01:00,1.763008
2026-01-21T19:30:00+01:00,1.763008
2026-01-21T19:45:00+01:00,1.763008
2026-01-21T20:00:00+01:00,1.763008
2026-01-21T20:15:00+01:00,1.763008
2026-01-21T20:30:00+01:00,1.763008
2026-01-21T20:45:00+01:00,1.763008
2026-01-21T21:00:00+01:00,1.763008
2026-01-21T21:15:00+01:00,1.763008
2026-01-21T21:30:00+01:00,85.922998
2026-01-21T21:45:00+01:00,95.854922
2026-01-21T22:00:00+01:00,9.330844
2026-01-21T22:15:00+01:00,5.82122
2026-01-21T22:30:00+01:00,5.5
2026-01-21T22:45:00+01:00,5.279596
2026-01-21T23:00:00+01:00,5.05821
2026-01-21T23:15:00+01:00,5.05821
2026-01-21T23:30:00+01:00,5.05821
2026-01-21T23:45:00+01:00,5.05821
2026-01-22T00:00:00+01:00,5.05821
2026-01-22T00:15:00+01:00,11.311146
2026-01-22T00:30:00+01:00,11.549147
2026-01-22T00:45:00+01:00,11.549147
2026-01-22T01:00:00+01:00,11.549147
2026-01-22T01:15:00+01:00,11.549147
2026-01-22T01:30:00+01:00,11.549147
2026-01-22T01:45:00+01:00,11.549147
2026-01-22T02:00:00+01:00,11.549147
2026-01-22T02:15:00+01:00,17.410101
2026-01-22T02:30:00+01:00,21.932728
2026-01-22T02:45:00+01:00,21.932728
2026-01-22T03:00:00+01:00,21.932728
2026-01-22T03:15:00+01:00,21.932728
2026-01-22T03:30:00+01:00,21.932728
2026-01-22T03:45:00+01:00,21.932728
2026-01-22T04:00:00+01:00,21.932728
2026-01-22T04:15:00+01:00,21.932728
2026-01-22T04:30:00+01:00,21.932728
2026-01-22T04:45:00+01:00,21.932728
2026-01-22T05:00:00+01:00,21.932728
2026-01-22T05:15:00+01:00,21.932728
2026-01-22T05:30:00+01:00,21.932728
2026-01-22T05:45:00+01:00,21.932728
2026-01-22T06:00:00+01:00,21.932728
2026-01-22T06:15:00+01:00,21.932728
2026-01-22T06:30:00+01:00,21.932728
2026-01-22T06:45:00+01:00,21.518849
2026-01-22T07:00:00+01:00,17.74744
2026-01-22T07:15:00+01:00,17.74744
2026-01-22T07:30:00+01:00,17.74744
2026-01-22T07:45:00+01:00,17.74744
2026-01-22T08:00:00+01:00,17.74744
2026-01-22T08:15:00+01:00,14.894536
2026-01-22T08:30:00+01:00,5.805052
2026-01-22T08:45:00+01:00,5.805052
2026-01-22T09:00:00+01:00,5.805052
2026-01-22T09:15:00+01:00,5.805052
2026-01-22T09:30:00+01:00,5.805052
2026-01-22T09:45:00+01:00,5.805052
2026-01-22T10:00:00+01:00,5.805052
2026-01-22T10:15:00+01:00,5.805052
2026-01-22T10:30:00+01:00,5.805052
2026-01-22T10:45:00+01:00,5.805052
2026-01-22T11:00:00+01:00,5.805052
2026-01-22T11:15:00+01:00,5.805052
2026-01-22T11:30:00+01:00,5.805052
2026-01-22T11:45:00+01:00,5.805052
2026-01-22T12:00:00+01:00,5.805052
2026-01-22T12:15:00+01:00,5.805052
2026-01-22T12:30:00+01:00,5.805052
2026-01-22T12:45:00+01:00,5.805052
2026-01-22T13:00:00+01:00,5.805052
2026-01-22T13:15:00+01:00,5.805052
2026-01-22T13:30:00+01:00,5.805052
2026-01-22T13:45:00+01:00,5.805052
2026-01-22T14:00:00+01:00,5.805052
2026-01-22T14:15:00+01:00,5.805052
2026-01-22T14:30:00+01:00,5.805052
2026-01-22T14:45:00+01:00,5.805052
2026-01-22T15:00:00+01:00,5.805052
2026-01-22T15:15:00+01:00,5.805052
2026-01-22T15:30:00+01:00,5.805052
2026-01-22T15:45:00+01:00,5.805052
2026-01-22T16:00:00+01:00,5.805052
2026-01-22T16:15:00+01:00,5.805052
2026-01-22T16:30:00+01:00,5.805052
2026-01-22T16:45:00+01:00,5.805052
2026-01-22T17:00:00+01:00,5.805052
2026-01-22T17:15:00+01:00,5.805052
2026-01-22T17:30:00+01:00,13.262191
2026-01-22T17:45:00+01:00,25.72026
2026-01-22T18:00:00+01:00,25.72026
2026-01-22T18:15:00+01:00,25.72026
2026-01-22T18:30:00+01:00,25.72026
2026-01-22T18:45:00+01:00,25.72026
2026-01-22T19:00:00+01:00,25.72026
2026-01-22T19:15:00+01:00,25.72026
2026-01-22T19:30:00+01:00,25.72026
2026-01-22T19:45:00+01:00,25.72026
2026-01-22T20:00:00+01:00,25.72026
2026-01-22T20:15:00+01:00,25.72026
2026-01-22T20:30:00+01:00,25.72026
2026-01-22T20:45:00+01:00,25.72026
2026-01-22T21:00:00+01:00,25.72026
2026-01-22T21:15:00+01:00,25.72026
2026-01-22T21:30:00+01:00,25.72026
2026-01-22T21:45:00+01:00,25.72026
2026-01-22T22:00:00+01:00,25.72026
2026-01-22T22:15:00+01:00,21.651442
2026-01-22T22:30:00+01:00,9.150412
2026-01-22T22:45:00+01:00,9.150412
2026-01-22T23:00:00+01:00,9.150412
2026-01-22T23:15:00+01:00,9.150412
2026-01-22T23:30:00+01:00,9.150412
2026-01-22T23:45:00+01:00,9.150412
2026-01-23T00:00:00+01:00,9.150412
2026-01-23T00:15:00+01:00,9.150412
2026-01-23T00:30:00+01:00,9.150412
2026-01-23T00:45:00+01:00,9.150412
2026-01-23T01:00:00+01:00,9.150412
2026-01-23T01:15:00+01:00,9.150412
2026-01-23T01:30:00+01:00,9.150412
2026-01-23T01:45:00+01:00,9.150412
2026-01-23T02:00:00+01:00,9.150412
2026-01-23T02:15:00+01:00,9.150412
2026-01-23T02:30:00+01:00,9.150412
2026-01-23T02:45:00+01:00,9.150412
2026-01-23T03:00:00+01:00,9.150412
2026-01-23T03:15:00+01:00,9.150412
2026-01-23T03:30:00+01:00,9.150412
2026-01-23T03:45:00+01:00,9.150412
2026-01-23T04:00:00+01:00,9.150412
2026-01-23T04:15:00+01:00,9.150412
2026-01-23T04:30:00+01:00,9.150412
2026-01-23T04:45:00+01:00,20.369941
2026-01-23T05:00:00+01:00,23.49356
2026-01-23T05:15:00+01:00,23.49356
2026-01-23T05:30:00+01:00,23.49356
2026-01-23T05:45:00+01:00,23.49356
2026-01-23T06:00:00+01:00,23.49356
2026-01-23T06:15:00+01:00,23.49356
2026-01-23T06:30:00+01:00,23.49356
2026-01-23T06:45:00+01:00,23.49356
2026-01-23T07:00:00+01:00,21.484267
2026-01-23T07:15:00+01:00,6.749453
2026-01-23T07:30:00+01:00,6.749453
2026-01-23T07:45:00+01:00,6.749453
2026-01-23T08:00:00+01:00,6.749453
2026-01-23T08:15:00+01:00,6.749453
2026-01-23T08:30:00+01:00,6.749453
2026-01-23T08:45:00+01:00,6.749453
2026-01-23T09:00:00+01:00,6.749453
2026-01-23T09:15:00+01:00,6.749453
2026-01-23T09:30:00+01:00,6.749453
2026-01-23T09:45:00+01:00,6.749453
2026-01-23T10:00:00+01:00,6.749453
2026-01-23T10:15:00+01:00,6.749453
2026-01-23T10:30:00+01:00,6.749453
2026-01-23T10:45:00+01:00,6.749453
2026-01-23T11:00:00+01:00,6.749453
2026-01-23T11:15:00+01:00,6.749453
2026-01-23T11:30:00+01:00,6.749453
2026-01-23T11:45:00+01:00,6.749453
2026-01-23T12:00:00+01:00,6.749453
2026-01-23T12:15:00+01:00,6.749453
2026-01-23T12:30:00+01:00,6.749453
2026-01-23T12:45:00+01:00,6.749453
2026-01-23T13:00:00+01:00,6.749453
2026-01-23T13:15:00+01:00,6.749453
2026-01-23T13:30:00+01:00,6.749453
2026-01-23T13:45:00+01:00,6.749453
2026-01-23T14:00:00+01:00,6.749453
2026-01-23T14:15:00+01:00,6.749453
2026-01-23T14:30:00+01:00,6.749453
2026-01-23T14:45:00+01:00,6.749453
2026-01-23T15:00:00+01:00,6.749453
2026-01-23T15:15:00+01:00,6.749453
2026-01-23T15:30:00+01:00,6.749453
2026-01-23T15:45:00+01:00,6.749453
2026-01-23T16:00:00+01:00,6.749453
2026-01-23T16:15:00+01:00,3.20974
2026-01-23T16:30:00+01:00,0.0
2026-01-23T16:45:00+01:00,0.0
2026-01-23T17:00:00+01:00,0.0
2026-01-23T17:15:00+01:00,0.0
2026-01-23T17:30:00+01:00,0.0
2026-01-23T17:45:00+01:00,0.0
2026-01-23T18:00:00+01:00,0.0
2026-01-23T18:15:00+01:00,0.0
2026-01-23T18:30:00+01:00,0.0
2026-01-23T18:45:00+01:00,0.0
2026-01-23T19:00:00+01:00,0.0
2026-01-23T19:15:00+01:00,0.0
2026-01-23T19:30:00+01:00,0.0
2026-01-23T19:45:00+01:00,0.0
2026-01-23T20:00:00+01:00,0.0
2026-01-23T20:15:00+01:00,0.0
2026-01-23T20:30:00+01:00,0.0
2026-01-23T20:45:00+01:00,0.0
2026-01-23T21:00:00+01:00,0.0
2026-01-23T21:15:00+01:00,0.0
2026-01-23T21:30:00+01:00,0.0
2026-01-23T21:45:00+01:00,0.0
2026-01-23T22:00:00+01:00,0.0
2026-01-23T22:15:00+01:00,0.0
2026-01-23T22:30:00+01:00,0.0
2026-01-23T22:45:00+01:00,0.0
2026-01-23T23:00:00+01:00,0.0
2026-01-23T23:15:00+01:00,0.0
2026-01-23T23:30:00+01:00,0.0
2026-01-23T23:45:00+01:00,0.0
2026-01-24T00:00:00+01:00,0.0
2026-01-24T00:15:00+01:00,0.0
2026-01-24T00:30:00+01:00,0.0
2026-01-24T00:45:00+01:00,0.0
2026-01-24T01:00:00+01:00,0.0
2026-01-24T01:15:00+01:00,0.0
2026-01-24T01:30:00+01:00,0.0
2026-01-24T01:45:00+01:00,0.0
2026-01-24T02:00:00+01:00,0.0
2026-01-24T02:15:00+01:00,0.0
2026-01-24T02:30:00+01:00,0.0
2026-01-24T02:45:00+01:00,0.0
2026-01-24T03:00:00+01:00,0.0
2026-01-24T03:15:00+01:00,0.0
2026-01-24T03:30:00+01:00,0.0
2026-01-24T03:45:00+01:00,0.0
2026-01-24T04:00:00+01:00,0.0
2026-01-24T04:15:00+01:00,0.0
2026-01-24T04:30:00+01:00,0.0
2026-01-24T04:45:00+01:00,0.0
2026-01-24T05:00:00+01:00,0.0
2026-01-24T05:15:00+01:00,0.0
2026-01-24T05:30:00+01:00,0.0
2026-01-24T05:45:00+01:00,0.0
2026-01-24T06:00:00+01:00,0.0
2026-01-24T06:15:00+01:00,0.0
2026-01-24T06:30:00+01:00,0.0
2026-01-24T06:45:00+01:00,0.0
2026-01-24T07:00:00+01:00,0.0
2026-01-24T07:15:00+01:00,0.0
2026-01-24T07:30:00+01:00,0.0
2026-01-24T07:45:00+01:00,0.0
2026-01-24T08:00:00+01:00,0.0
2026-01-24T08:15:00+01:00,0.0
2026-01-24T08:30:00+01:00,0.0
2026-01-24T08:45:00+01:00,0.0
2026-01-24T09:00:00+01:00,0.0
2026-01-24T09:15:00+01:00,0.0
2026-01-24T09:30:00+01:00,0.0
2026-01-24T09:45:00+01:00,0.0
2026-01-24T10:00:00+01:00,0.0
2026-01-24T10:15:00+01:00,0.0
2026-01-24T10:30:00+01:00,0.0
2026-01-24T10:45:00+01:00,0.0
2026-01-24T11:00:00+01:00,0.0
2026-01-24T11:15:00+01:00,0.043778
2026-01-24T11:30:00+01:00,0.065232
2026-01-24T11:45:00+01:00,0.065232
2026-01-24T12:00:00+01:00,0.065232
2026-01-24T12:15:00+01:00,0.065232
2026-01-24T12:30:00+01:00,0.065232
2026-01-24T12:45:00+01:00,0.065232
2026-01-24T13:00:00+01:00,0.065232
2026-01-24T13:15:00+01:00,0.065232
2026-01-24T13:30:00+01:00,0.065232
2026-01-24T13:45:00+01:00,0.065232
2026-01-24T14:00:00+01:00,0.065232
2026-01-24T14:15:00+01:00,0.065232
2026-01-24T14:30:00+01:00,0.065232
2026-01-24T14:45:00+01:00,0.065232
2026-01-24T15:00:00+01:00,0.37641
2026-01-24T15:15:00+01:00,0.977482
2026-01-24T15:30:00+01:00,0.977482
2026-01-24T15:45:00+01:00,0.977482
2026-01-24T16:00:00+01:00,0.977482
2026-01-24T16:15:00+01:00,0.977482
2026-01-24T16:30:00+01:00,0.977482
2026-01-24T16:45:00+01:00,0.977482
2026-01-24T17:00:00+01:00,0.977482
2026-01-24T17:15:00+01:00,0.977482
2026-01-24T17:30:00+01:00,0.977482
2026-01-24T17:45:00+01:00,0.977482
2026-01-24T18:00:00+01:00,0.977482
2026-01-24T18:15:00+01:00,0.977482
2026-01-24T18:30:00+01:00,0.977482
2026-01-24T18:45:00+01:00,0.977482
2026-01-24T19:00:00+01:00,0.977482
2026-01-24T19:15:00+01:00,0.977482
2026-01-24T19:30:00+01:00,0.977482
2026-01-24T19:45:00+01:00,0.977482
2026-01-24T20:00:00+01:00,0.977482
2026-01-24T20:15:00+01:00,0.977482
2026-01-24T20:30:00+01:00,0.977482
2026-01-24T20:45:00+01:00,0.977482
2026-01-24T21:00:00+01:00,0.977482
2026-01-24T21:15:00+01:00,0.977482
2026-01-24T21:30:00+01:00,0.977482
2026-01-24T21:45:00+01:00,0.977482
2026-01-24T22:00:00+01:00,0.977482
2026-01-24T22:15:00+01:00,0.977482
2026-01-24T22:30:00+01:00,0.977482
2026-01-24T22:45:00+01:00,0.977482
2026-01-24T23:00:00+01:00,0.977482
2026-01-24T23:15:00+01:00,0.977482
2026-01-24T23:30:00+01:00,0.977482
2026-01-24T23:45:00+01:00,0.977482
2026-01-25T00:00:00+01:00,0.977482
2026-01-25T00:15:00+01:00,0.977482
2026-01-25T00:30:00+01:00,0.977482
2026-01-25T00:45:00+01:00,0.977482
2026-01-25T01:00:00+01:00,0.977482
2026-01-25T01:15:00+01:00,0.977482
2026-01-25T01:30:00+01:00,0.977482
2026-01-25T01:45:00+01:00,0.977482
2026-01-25T02:00:00+01:00,0.977482
2026-01-25T02:15:00+01:00,0.977482
2026-01-25T02:30:00+01:00,0.977482
2026-01-25T02:45:00+01:00,0.977482
2026-01-25T03:00:00+01:00,0.977482
2026-01-25T03:15:00+01:00,0.977482
2026-01-25T03:30:00+01:00,0.977482
2026-01-25T03:45:00+01:00,0.977482
2026-01-25T04:00:00+01:00,0.977482
2026-01-25T04:15:00+01:00,0.977482
2026-01-25T04:30:00+01:00,0.977482
2026-01-25T04:45:00+01:00,0.977482
2026-01-25T05:00:00+01:00,0.977482
2026-01-25T05:15:00+01:00,0.977482
2026-01-25T05:30:00+01:00,0.977482
2026-01-25T05:45:00+01:00,0.977482
2026-01-25T06:00:00+01:00,0.977482
2026-01-25T06:15:00+01:00,0.977482
2026-01-25T06:30:00+01:00,0.977482
2026-01-25T06:45:00+01:00,0.977482
2026-01-25T07:00:00+01:00,0.977482
2026-01-25T07:15:00+01:00,0.977482
2026-01-25T07:30:00+01:00,0.977482
2026-01-25T07:45:00+01:00,0.977482
2026-01-25T08:00:00+01:00,0.977482
2026-01-25T08:15:00+01:00,0.977482
2026-01-25T08:30:00+01:00,0.977482
2026-01-25T08:45:00+01:00,0.977482
2026-01-25T09:00:00+01:00,0.977482
2026-01-25T09:15:00+01:00,0.977482
2026-01-25T09:30:00+01:00,0.977482
2026-01-25T09:45:00+01:00,0.977482
2026-01-25T10:00:00+01:00,0.977482
2026-01-25T10:15:00+01:00,0.977482
2026-01-25T10:30:00+01:00,0.977482
2026-01-25T10:45:00+01:00,0.977482
2026-01-25T11:00:00+01:00,0.977482
2026-01-25T11:15:00+01:00,0.977482
2026-01-25T11:30:00+01:00,0.977482
2026-01-25T11:45:00+01:00,0.977482
2026-01-25T12:00:00+01:00,0.977482
2026-01-25T12:15:00+01:00,0.977482
2026-01-25T12:30:00+01:00,0.977482
2026-01-25T12:45:00+01:00,0.977482
2026-01-25T13:00:00+01:00,0.977482
2026-01-25T13:15:00+01:00,0.977482
2026-01-25T13:30:00+01:00,0.977482
2026-01-25T13:45:00+01:00,0.977482
2026-01-25T14:00:00+01:00,0.977482
2026-01-25T14:15:00+01:00,0.977482
2026-01-25T14:30:00+01:00,0.977482
2026-01-25T14:45:00+01:00,0.977482
2026-01-25T15:00:00+01:00,0.977482
2026-01-25T15:15:00+01:00,0.977482
2026-01-25T15:30:00+01:00,0.977482
2026-01-25T15:45:00+01:00,0.977482
2026-01-25T16:00:00+01:00,0.977482
2026-01-25T16:15:00+01:00,0.977482
2026-01-25T16:30:00+01:00,0.977482
2026-01-25T16:45:00+01:00,0.977482
2026-01-25T17:00:00+01:00,0.977482
2026-01-25T17:15:00+01:00,0.977482
2026-01-25T17:30:00+01:00,0.977482
2026-01-25T17:45:00+01:00,0.977482
2026-01-25T18:00:00+01:00,0.977482
2026-01-25T18:15:00+01:00,0.977482
2026-01-25T18:30:00+01:00,0.977482
2026-01-25T18:45:00+01:00,0.977482
2026-01-25T19:00:00+01:00,0.977482
2026-01-25T19:15:00+01:00,0.977482
2026-01-25T19:30:00+01:00,0.977482
2026-01-25T19:45:00+01:00,0.977482
2026-01-25T20:00:00+01:00,0.977482
2026-01-25T20:15:00+01:00,0.977482
2026-01-25T20:30:00+01:00,0.977482
2026-01-25T20:45:00+01:00,0.977482
2026-01-25T21:00:00+01:00,0.977482
2026-01-25T21:15:00+01:00,0.977482
2026-01-25T21:30:00+01:00,0.977482
2026-01-25T21:45:00+01:00,0.977482
2026-01-25T22:00:00+01:00,0.977482
2026-01-25T22:15:00+01:00,0.977482
2026-01-25T22:30:00+01:00,0.977482
2026-01-25T22:45:00+01:00,0.977482
2026-01-25T23:00:00+01:00,0.977482
2026-01-25T23:15:00+01:00,0.977482
2026-01-25T23:30:00+01:00,0.977482
2026-01-25T23:45:00+01:00,0.977482
2026-01-26T00:00:00+01:00,0.977482
2026-01-26T00:15:00+01:00,0.977482
2026-01-26T00:30:00+01:00,0.977482
2026-01-26T00:45:00+01:00,0.977482
2026-01-26T01:00:00+01:00,0.977482
2026-01-26T01:15:00+01:00,0.977482
2026-01-26T01:30:00+01:00,0.977482
2026-01-26T01:45:00+01:00,0.977482
2026-01-26T02:00:00+01:00,0.977482
2026-01-26T02:15:00+01:00,0.977482
2026-01-26T02:30:00+01:00,0.977482
2026-01-26T02:45:00+01:00,0.977482
2026-01-26T03:00:00+01:00,0.977482
2026-01-26T03:15:00+01:00,0.977482
2026-01-26T03:30:00+01:00,0.977482
2026-01-26T03:45:00+01:00,0.977482
2026-01-26T04:00:00+01:00,0.977482
2026-01-26T04:15:00+01:00,0.977482
2026-01-26T04:30:00+01:00,0.977482
2026-01-26T04:45:00+01:00,0.977482
2026-01-26T05:00:00+01:00,0.977482
2026-01-26T05:15:00+01:00,0.977482
2026-01-26T05:30:00+01:00,0.977482
2026-01-26T05:45:00+01:00,0.977482
2026-01-26T06:00:00+01:00,0.977482
2026-01-26T06:15:00+01:00,0.977482
2026-01-26T06:30:00+01:00,0.977482
2026-01-26T06:45:00+01:00,0.977482
2026-01-26T07:00:00+01:00,0.977482
2026-01-26T07:15:00+01:00,0.977482
2026-01-26T07:30:00+01:00,0.977482
2026-01-26T07:45:00+01:00,0.977482
2026-01-26T08:00:00+01:00,0.977482
2026-01-26T08:15:00+01:00,10.807576
2026-01-26T08:30:00+01:00,16.52596
2026-01-26T08:45:00+01:00,16.52596
2026-01-26T09:00:00+01:00,16.52596
2026-01-26T09:15:00+01:00,16.52596
2026-01-26T09:30:00+01:00,16.52596
2026-01-26T09:45:00+01:00,16.52596
2026-01-26T10:00:00+01:00,16.52596
2026-01-26T10:15:00+01:00,16.52596
2026-01-26T10:30:00+01:00,16.52596
2026-01-26T10:45:00+01:00,15.87156
2026-01-26T11:00:00+01:00,10.19305
2026-01-26T11:15:00+01:00,10.19305
2026-01-26T11:30:00+01:00,10.19305
2026-01-26T11:45:00+01:00,10.19305
2026-01-26T12:00:00+01:00,10.19305
2026-01-26T12:15:00+01:00,10.19305
2026-01-26T12:30:00+01:00,10.19305
2026-01-26T12:45:00+01:00,10.19305
2026-01-26T13:00:00+01:00,10.19305
2026-01-26T13:15:00+01:00,10.19305
2026-01-26T13:30:00+01:00,10.19305
2026-01-26T13:45:00+01:00,10.19305
2026-01-26T14:00:00+01:00,10.19305
2026-01-26T14:15:00+01:00,10.19305
2026-01-26T14:30:00+01:00,10.19305
2026-01-26T14:45:00+01:00,10.19305
2026-01-26T15:00:00+01:00,10.19305
2026-01-26T15:15:00+01:00,3.862627
2026-01-26T15:30:00+01:00,2.626808
2026-01-26T15:45:00+01:00,2.626808
2026-01-26T16:00:00+01:00,2.626808
2026-01-26T16:15:00+01:00,2.626808
2026-01-26T16:30:00+01:00,2.626808
2026-01-26T16:45:00+01:00,2.626808
2026-01-26T17:00:00+01:00,2.626808
2026-01-26T17:15:00+01:00,2.626808
2026-01-26T17:30:00+01:00,2.626808
2026-01-26T17:45:00+01:00,2.626808
2026-01-26T18:00:00+01:00,2.626808
2026-01-26T18:15:00+01:00,2.626808
2026-01-26T18:30:00+01:00,2.626808
2026-01-26T18:45:00+01:00,2.626808
2026-01-26T19:00:00+01:00,2.626808
2026-01-26T19:15:00+01:00,2.626808
2026-01-26T19:30:00+01:00,2.626808
2026-01-26T19:45:00+01:00,2.626808
2026-01-26T20:00:00+01:00,2.626808
2026-01-26T20:15:00+01:00,2.626808
2026-01-26T20:30:00+01:00,2.626808
2026-01-26T20:45:00+01:00,2.626808
2026-01-26T21:00:00+01:00,2.626808
2026-01-26T21:15:00+01:00,2.626808
2026-01-26T21:30:00+01:00,27.507948
2026-01-26T21:45:00+01:00,37.615912
2026-01-26T22:00:00+01:00,37.615912
2026-01-26T22:15:00+01:00,37.615912
2026-01-26T22:30:00+01:00,37.615912
2026-01-26T22:45:00+01:00,37.615912
2026-01-26T23:00:00+01:00,37.615912
2026-01-26T23:15:00+01:00,37.615912
2026-01-26T23:30:00+01:00,34.066046
2026-01-26T23:45:00+01:00,29.608696
2026-01-27T00:00:00+01:00,29.608696
2026-01-27T00:15:00+01:00,29.608696
2026-01-27T00:30:00+01:00,29.608696
2026-01-27T00:45:00+01:00,29.608696
2026-01-27T01:00:00+01:00,29.608696
2026-01-27T01:15:00+01:00,29.608696
2026-01-27T01:30:00+01:00,12.443325
2026-01-27T01:45:00+01:00,7.50736
2026-01-27T02:00:00+01:00,7.50736
2026-01-27T02:15:00+01:00,7.50736
2026-01-27T02:30:00+01:00,15.423469
2026-01-27T02:45:00+01:00,39.455782
2026-01-27T03:00:00+01:00,20.978797
2026-01-27T03:15:00+01:00,15.699659
2026-01-27T03:30:00+01:00,15.699659
2026-01-27T03:45:00+01:00,3.683423
2026-01-27T04:00:00+01:00,1.525855
2026-01-27T04:15:00+01:00,1.525855
2026-01-27T04:30:00+01:00,1.525855
2026-01-27T04:45:00+01:00,9.162639
2026-01-27T05:00:00+01:00,9.867002
2026-01-27T05:15:00+01:00,9.867002
2026-01-27T05:30:00+01:00,9.867002
2026-01-27T05:45:00+01:00,9.867002
2026-01-27T06:00:00+01:00,9.867002
2026-01-27T06:15:00+01:00,9.867002
2026-01-27T06:30:00+01:00,9.867002
2026-01-27T06:45:00+01:00,9.867002
2026-01-27T07:00:00+01:00,9.867002
2026-01-27T07:15:00+01:00,9.867002
2026-01-27T07:30:00+01:00,9.867002
2026-01-27T07:45:00+01:00,9.867002
2026-01-27T08:00:00+01:00,9.867002
2026-01-27T08:15:00+01:00,9.867002
2026-01-27T08:30:00+01:00,9.867002
2026-01-27T08:45:00+01:00,9.867002
2026-01-27T09:00:00+01:00,9.867002
2026-01-27T09:15:00+01:00,9.867002
2026-01-27T09:30:00+01:00,9.867002
2026-01-27T09:45:00+01:00,9.867002
2026-01-27T10:00:00+01:00,9.867002
2026-01-27T10:15:00+01:00,9.867002
2026-01-27T10:30:00+01:00,9.867002
2026-01-27T10:45:00+01:00,8.704506
2026-01-27T11:00:00+01:00,3.639344
2026-01-27T11:15:00+01:00,3.639344
2026-01-27T11:30:00+01:00,3.639344
2026-01-27T11:45:00+01:00,3.639344
2026-01-27T12:00:00+01:00,3.639344
2026-01-27T12:15:00+01:00,3.639344
2026-01-27T12:30:00+01:00,3.639344
2026-01-27T12:45:00+01:00,3.639344
2026-01-27T13:00:00+01:00,3.639344
2026-01-27T13:15:00+01:00,3.639344
2026-01-27T13:30:00+01:00,3.639344
2026-01-27T13:45:00+01:00,3.639344
2026-01-27T14:00:00+01:00,3.639344
2026-01-27T14:15:00+01:00,3.639344
2026-01-27T14:30:00+01:00,3.639344
2026-01-27T14:45:00+01:00,3.639344
2026-01-27T15:00:00+01:00,3.639344
2026-01-27T15:15:00+01:00,3.639344
2026-01-27T15:30:00+01:00,3.639344
2026-01-27T15:45:00+01:00,3.639344
2026-01-27T16:00:00+01:00,14.207361
2026-01-27T16:15:00+01:00,16.023739
2026-01-27T16:30:00+01:00,16.023739
2026-01-27T16:45:00+01:00,11.829447
2026-01-27T17:00:00+01:00,11.134021
2026-01-27T17:15:00+01:00,11.134021
2026-01-27T17:30:00+01:00,11.134021
2026-01-27T17:45:00+01:00,11.134021
2026-01-27T18:00:00+01:00,11.134021
2026-01-27T18:15:00+01:00,13.106287
2026-01-27T18:30:00+01:00,16.176746
2026-01-27T18:45:00+01:00,16.176746
2026-01-27T19:00:00+01:00,16.176746
2026-01-27T19:15:00+01:00,16.176746
2026-01-27T19:30:00+01:00,16.176746
2026-01-27T19:45:00+01:00,17.717081
2026-01-27T20:00:00+01:00,19.549741
2026-01-27T20:15:00+01:00,19.549741
2026-01-27T20:30:00+01:00,19.549741
2026-01-27T20:45:00+01:00,19.549741
2026-01-27T21:00:00+01:00,19.549741
2026-01-27T21:15:00+01:00,19.549741
2026-01-27T21:30:00+01:00,19.549741
2026-01-27T21:45:00+01:00,19.549741
2026-01-27T22:00:00+01:00,19.549741
2026-01-27T22:15:00+01:00,19.549741
2026-01-27T22:30:00+01:00,19.549741
2026-01-27T22:45:00+01:00,19.549741
2026-01-27T23:00:00+01:00,19.549741
2026-01-27T23:15:00+01:00,19.549741
2026-01-27T23:30:00+01:00,19.549741
2026-01-27T23:45:00+01:00,19.549741
2026-01-28T00:00:00+01:00,19.549741
2026-01-28T00:15:00+01:00,17.593348
2026-01-28T00:30:00+01:00,19.451616
2026-01-28T00:45:00+01:00,30.977054
2026-01-28T01:00:00+01:00,30.977054
2026-01-28T01:15:00+01:00,23.025627
2026-01-28T01:30:00+01:00,13.691343
2026-01-28T01:45:00+01:00,13.691343
2026-01-28T02:00:00+01:00,13.691343
2026-01-28T02:15:00+01:00,13.691343
2026-01-28T02:30:00+01:00,13.691343
2026-01-28T02:45:00+01:00,13.691343
2026-01-28T03:00:00+01:00,13.691343
2026-01-28T03:15:00+01:00,13.691343
2026-01-28T03:30:00+01:00,13.691343
2026-01-28T03:45:00+01:00,13.691343
2026-01-28T04:00:00+01:00,13.691343
2026-01-28T04:15:00+01:00,13.691343
2026-01-28T04:30:00+01:00,13.691343
2026-01-28T04:45:00+01:00,13.691343
2026-01-28T05:00:00+01:00,13.691343
2026-01-28T05:15:00+01:00,13.691343
2026-01-28T05:30:00+01:00,13.691343
2026-01-28T05:45:00+01:00,13.691343
2026-01-28T06:00:00+01:00,13.691343
2026-01-28T06:15:00+01:00,13.691343
2026-01-28T06:30:00+01:00,13.691343
2026-01-28T06:45:00+01:00,13.691343
2026-01-28T07:00:00+01:00,13.691343
2026-01-28T07:15:00+01:00,13.691343
2026-01-28T07:30:00+01:00,13.691343
2026-01-28T07:45:00+01:00,13.691343
2026-01-28T08:00:00+01:00,13.691343
2026-01-28T08:15:00+01:00,13.691343
2026-01-28T08:30:00+01:00,13.691343
2026-01-28T08:45:00+01:00,13.691343
2026-01-28T09:00:00+01:00,13.691343
2026-01-28T09:15:00+01:00,13.691343
2026-01-28T09:30:00+01:00,10.927508
2026-01-28T09:45:00+01:00,9.538669
2026-01-28T10:00:00+01:00,9.538669
2026-01-28T10:15:00+01:00,9.538669
2026-01-28T10:30:00+01:00,9.538669
2026-01-28T10:45:00+01:00,9.538669
2026-01-28T11:00:00+01:00,9.538669
2026-01-28T11:15:00+01:00,9.538669
2026-01-28T11:30:00+01:00,9.538669
2026-01-28T11:45:00+01:00,9.538669
2026-01-28T12:00:00+01:00,9.538669
2026-01-28T12:15:00+01:00,9.538669
2026-01-28T12:30:00+01:00,9.538669
2026-01-28T12:45:00+01:00,9.538669
2026-01-28T13:00:00+01:00,9.538669
2026-01-28T13:15:00+01:00,9.538669
2026-01-28T13:30:00+01:00,9.538669
2026-01-28T13:45:00+01:00,9.538669
2026-01-28T14:00:00+01:00,9.538669
2026-01-28T14:15:00+01:00,9.538669
2026-01-28T14:30:00+01:00,9.538669
2026-01-28T14:45:00+01:00,9.538669
2026-01-28T15:00:00+01:00,9.538669
2026-01-28T15:15:00+01:00,9.538669
2026-01-28T15:30:00+01:00,9.538669
2026-01-28T15:45:00+01:00,9.538669
2026-01-28T16:00:00+01:00,9.538669
2026-01-28T16:15:00+01:00,9.538669
2026-01-28T16:30:00+01:00,9.538669
2026-01-28T16:45:00+01:00,9.538669
2026-01-28T17:00:00+01:00,9.538669
2026-01-28T17:15:00+01:00,9.538669
2026-01-28T17:30:00+01:00,9.538669
2026-01-28T17:45:00+01:00,9.538669
2026-01-28T18:00:00+01:00,9.538669
2026-01-28T18:15:00+01:00,9.538669
2026-01-28T18:30:00+01:00,9.538669
2026-01-28T18:45:00+01:00,9.538669
2026-01-28T19:00:00+01:00,9.538669
2026-01-28T19:15:00+01:00,10.672853
2026-01-28T19:30:00+01:00,17.5134
2026-01-28T19:45:00+01:00,17.5134
2026-01-28T20:00:00+01:00,17.5134
2026-01-28T20:15:00+01:00,17.5134
2026-01-28T20:30:00+01:00,17.5134
2026-01-28T20:45:00+01:00,17.5134
2026-01-28T21:00:00+01:00,17.5134
2026-01-28T21:15:00+01:00,17.5134
2026-01-28T21:30:00+01:00,17.5134
2026-01-28T21:45:00+01:00,14.738829
2026-01-28T22:00:00+01:00,12.939931
2026-01-28T22:15:00+01:00,12.939931
2026-01-28T22:30:00+01:00,12.939931
2026-01-28T22:45:00+01:00,12.939931
2026-01-28T23:00:00+01:00,12.939931
2026-01-28T23:15:00+01:00,12.939931
2026-01-28T23:30:00+01:00,12.939931
2026-01-28T23:45:00+01:00,12.939931
2026-01-29T00:00:00+01:00,12.939931
2026-01-29T00:15:00+01:00,12.939931
2026-01-29T00:30:00+01:00,12.939931
2026-01-29T00:45:00+01:00,12.952102
2026-01-29T01:00:00+01:00,14.157031
2026-01-29T01:15:00+01:00,14.157031
2026-01-29T01:30:00+01:00,14.157031
2026-01-29T01:45:00+01:00,14.157031
2026-01-29T02:00:00+01:00,14.157031
2026-01-29T02:15:00+01:00,14.157031
2026-01-29T02:30:00+01:00,14.157031
2026-01-29T02:45:00+01:00,14.157031
2026-01-29T03:00:00+01:00,14.157031
2026-01-29T03:15:00+01:00,14.157031
2026-01-29T03:30:00+01:00,14.157031
2026-01-29T03:45:00+01:00,14.157031
2026-01-29T04:00:00+01:00,14.157031
2026-01-29T04:15:00+01:00,14.157031
2026-01-29T04:30:00+01:00,14.157031
2026-01-29T04:45:00+01:00,14.157031
2026-01-29T05:00:00+01:00,15.276742
2026-01-29T05:15:00+01:00,16.484375
2026-01-29T05:30:00+01:00,16.484375
2026-01-29T05:45:00+01:00,16.484375
2026-01-29T06:00:00+01:00,16.484375
2026-01-29T06:15:00+01:00,16.484375
2026-01-29T06:30:00+01:00,16.484375
2026-01-29T06:45:00+01:00,16.484375
2026-01-29T07:00:00+01:00,16.484375
2026-01-29T07:15:00+01:00,16.484375
2026-01-29T07:30:00+01:00,16.484375
2026-01-29T07:45:00+01:00,16.484375
2026-01-29T08:00:00+01:00,16.484375
2026-01-29T08:15:00+01:00,16.884984
2026-01-29T08:30:00+01:00,17.072546
2026-01-29T08:45:00+01:00,17.072546
2026-01-29T09:00:00+01:00,17.072546
2026-01-29T09:15:00+01:00,16.319995
2026-01-29T09:30:00+01:00,14.901727
2026-01-29T09:45:00+01:00,14.901727
2026-01-29T10:00:00+01:00,14.901727
2026-01-29T10:15:00+01:00,14.901727
2026-01-29T10:30:00+01:00,14.901727
2026-01-29T10:45:00+01:00,14.901727
2026-01-29T11:00:00+01:00,14.901727
2026-01-29T11:15:00+01:00,14.901727
2026-01-29T11:30:00+01:00,14.971545
2026-01-29T11:45:00+01:00,18.597973
2026-01-29T12:00:00+01:00,18.597973
2026-01-29T12:15:00+01:00,18.597973
2026-01-29T12:30:00+01:00,18.597973
2026-01-29T12:45:00+01:00,18.597973
2026-01-29T13:00:00+01:00,18.597973
2026-01-29T13:15:00+01:00,18.597973
2026-01-29T13:30:00+01:00,18.597973
2026-01-29T13:45:00+01:00,18.597973
2026-01-29T14:00:00+01:00,18.597973
2026-01-29T14:15:00+01:00,18.597973
2026-01-29T14:30:00+01:00,18.597973
2026-01-29T14:45:00+01:00,18.597973
2026-01-29T15:00:00+01:00,18.597973
2026-01-29T15:15:00+01:00,18.597973
2026-01-29T15:30:00+01:00,18.597973
2026-01-29T15:45:00+01:00,18.597973
2026-01-29T16:00:00+01:00,18.597973
2026-01-29T16:15:00+01:00,18.597973
2026-01-29T16:30:00+01:00,14.205622
2026-01-29T16:45:00+01:00,3.2162
2026-01-29T17:00:00+01:00,11.864144
2026-01-29T17:15:00+01:00,23.806542
2026-01-29T17:30:00+01:00,23.806542
2026-01-29T17:45:00+01:00,23.806542
2026-01-29T18:00:00+01:00,23.806542
2026-01-29T18:15:00+01:00,23.806542
2026-01-29T18:30:00+01:00,23.806542
2026-01-29T18:45:00+01:00,23.806542
2026-01-29T19:00:00+01:00,23.806542
2026-01-29T19:15:00+01:00,23.806542
2026-01-29T19:30:00+01:00,23.806542
2026-01-29T19:45:00+01:00,23.806542
2026-01-29T20:00:00+01:00,23.806542
2026-01-29T20:15:00+01:00,23.806542
2026-01-29T20:30:00+01:00,23.274608
2026-01-29T20:45:00+01:00,21.412836
2026-01-29T21:00:00+01:00,21.412836
2026-01-29T21:15:00+01:00,21.412836
2026-01-29T21:30:00+01:00,21.412836
2026-01-29T21:45:00+01:00,21.412836
2026-01-29T22:00:00+01:00,21.412836
2026-01-29T22:15:00+01:00,21.412836
2026-01-29T22:30:00+01:00,21.412836
2026-01-29T22:45:00+01:00,21.412836
2026-01-29T23:00:00+01:00,21.412836
2026-01-29T23:15:00+01:00,21.412836
2026-01-29T23:30:00+01:00,21.412836
2026-01-29T23:45:00+01:00,21.412836
2026-01-30T00:00:00+01:00,21.412836
2026-01-30T00:15:00+01:00,21.511889
2026-01-30T00:30:00+01:00,22.5
2026-01-30T00:45:00+01:00,18.551124
2026-01-30T01:00:00+01:00,17.288873
2026-01-30T01:15:00+01:00,17.288873
2026-01-30T01:30:00+01:00,17.288873
2026-01-30T01:45:00+01:00,17.288873
2026-01-30T02:00:00+01:00,17.288873
2026-01-30T02:15:00+01:00,17.288873
2026-01-30T02:30:00+01:00,17.288873
2026-01-30T02:45:00+01:00,17.288873
2026-01-30T03:00:00+01:00,13.764428
2026-01-30T03:15:00+01:00,11.007685
2026-01-30T03:30:00+01:00,11.007685
2026-01-30T03:45:00+01:00,11.007685
2026-01-30T04:00:00+01:00,11.007685
2026-01-30T04:15:00+01:00,11.007685
2026-01-30T04:30:00+01:00,11.007685
2026-01-30T04:45:00+01:00,11.007685
2026-01-30T05:00:00+01:00,11.007685
2026-01-30T05:15:00+01:00,11.007685
2026-01-30T05:30:00+01:00,11.12851
2026-01-30T05:45:00+01:00,11.41649
2026-01-30T06:00:00+01:00,11.41649
2026-01-30T06:15:00+01:00,11.41649
2026-01-30T06:30:00+01:00,11.41649
2026-01-30T06:45:00+01:00,5.002676
2026-01-30T07:00:00+01:00,0.075758
2026-01-30T07:15:00+01:00,0.075758
2026-01-30T07:30:00+01:00,0.075758
2026-01-30T07:45:00+01:00,0.075758
2026-01-30T08:00:00+01:00,0.075758
2026-01-30T08:15:00+01:00,0.075758
2026-01-30T08:30:00+01:00,0.075758
2026-01-30T08:45:00+01:00,0.075758
2026-01-30T09:00:00+01:00,0.075758
2026-01-30T09:15:00+01:00,0.075758
2026-01-30T09:30:00+01:00,0.075758
2026-01-30T09:45:00+01:00,0.075758
2026-01-30T10:00:00+01:00,0.052031
2026-01-30T10:15:00+01:00,0.010853
2026-01-30T10:30:00+01:00,0.010853
2026-01-30T10:45:00+01:00,0.010853
2026-01-30T11:00:00+01:00,0.010853
2026-01-30T11:15:00+01:00,0.010853
2026-01-30T11:30:00+01:00,0.010853
2026-01-30T11:45:00+01:00,0.010853
2026-01-30T12:00:00+01:00,0.010853
2026-01-30T12:15:00+01:00,0.010853
2026-01-30T12:30:00+01:00,0.010853
2026-01-30T12:45:00+01:00,0.010853
2026-01-30T13:00:00+01:00,0.010853
2026-01-30T13:15:00+01:00,0.010853
2026-01-30T13:30:00+01:00,0.010853
2026-01-30T13:45:00+01:00,0.010853
2026-01-30T14:00:00+01:00,0.010853
2026-01-30T14:15:00+01:00,0.010853
2026-01-30T14:30:00+01:00,0.010853
2026-01-30T14:45:00+01:00,0.010853
2026-01-30T15:00:00+01:00,0.010853
2026-01-30T15:15:00+01:00,0.010853
2026-01-30T15:30:00+01:00,0.010853
2026-01-30T15:45:00+01:00,0.010853
2026-01-30T16:00:00+01:00,0.010853
2026-01-30T16:15:00+01:00,0.010853
2026-01-30T16:30:00+01:00,0.010853
2026-01-30T16:45:00+01:00,0.010853
2026-01-30T17:00:00+01:00,0.010853
2026-01-30T17:15:00+01:00,0.010853
2026-01-30T17:30:00+01:00,0.010853
2026-01-30T17:45:00+01:00,0.010853
2026-01-30T18:00:00+01:00,0.010853
2026-01-30T18:15:00+01:00,0.010853
2026-01-30T18:30:00+01:00,0.010853
2026-01-30T18:45:00+01:00,0.010853
2026-01-30T19:00:00+01:00,0.010853
2026-01-30T19:15:00+01:00,0.010853
2026-01-30T19:30:00+01:00,0.010853
2026-01-30T19:45:00+01:00,0.010853
2026-01-30T20:00:00+01:00,0.010853
2026-01-30T20:15:00+01:00,0.010853
2026-01-30T20:30:00+01:00,0.010853
2026-01-30T20:45:00+01:00,0.010853
2026-01-30T21:00:00+01:00,0.010853
2026-01-30T21:15:00+01:00,0.010853
2026-01-30T21:30:00+01:00,0.010853
2026-01-30T21:45:00+01:00,0.010853
2026-01-30T22:00:00+01:00,0.010853
2026-01-30T22:15:00+01:00,0.010853
2026-01-30T22:30:00+01:00,0.010853
2026-01-30T22:45:00+01:00,0.010853
2026-01-30T23:00:00+01:00,0.010853
2026-01-30T23:15:00+01:00,0.010853
2026-01-30T23:30:00+01:00,0.010853
2026-01-30T23:45:00+01:00,0.010853
2026-01-31T00:00:00+01:00,0.010853
2026-01-31T00:15:00+01:00,0.010853
2026-01-31T00:30:00+01:00,0.010853
2026-01-31T00:45:00+01:00,0.010853
2026-01-31T01:00:00+01:00,0.010853
2026-01-31T01:15:00+01:00,0.010853
2026-01-31T01:30:00+01:00,0.010853
2026-01-31T01:45:00+01:00,0.010853
2026-01-31T02:00:00+01:00,0.010853
2026-01-31T02:15:00+01:00,0.010853
2026-01-31T02:30:00+01:00,0.010853
2026-01-31T02:45:00+01:00,0.010853
2026-01-31T03:00:00+01:00,0.010853
2026-01-31T03:15:00+01:00,0.010853
2026-01-31T03:30:00+01:00,0.010853
2026-01-31T03:45:00+01:00,0.010853
2026-01-31T04:00:00+01:00,0.010853
2026-01-31T04:15:00+01:00,0.010853
2026-01-31T04:30:00+01:00,0.010853
2026-01-31T04:45:00+01:00,0.010853
2026-01-31T05:00:00+01:00,0.010853
2026-01-31T05:15:00+01:00,0.010853
2026-01-31T05:30:00+01:00,0.010853
2026-01-31T05:45:00+01:00,0.010853
2026-01-31T06:00:00+01:00,0.010853
2026-01-31T06:15:00+01:00,0.010853
2026-01-31T06:30:00+01:00,0.010853
2026-01-31T06:45:00+01:00,0.010853
2026-01-31T07:00:00+01:00,0.010853
2026-01-31T07:15:00+01:00,0.010853
2026-01-31T07:30:00+01:00,0.010853
2026-01-31T07:45:00+01:00,0.010853
2026-01-31T08:00:00+01:00,0.010853
2026-01-31T08:15:00+01:00,0.010853
2026-01-31T08:30:00+01:00,0.010853
2026-01-31T08:45:00+01:00,0.010853
2026-01-31T09:00:00+01:00,0.010853
2026-01-31T09:15:00+01:00,0.010853
2026-01-31T09:30:00+01:00,0.010853
2026-01-31T09:45:00+01:00,0.010853
2026-01-31T10:00:00+01:00,0.010853
2026-01-31T10:15:00+01:00,0.010853
2026-01-31T10:30:00+01:00,0.010853
2026-01-31T10:45:00+01:00,0.010853
2026-01-31T11:00:00+01:00,0.010853
2026-01-31T11:15:00+01:00,0.010853
2026-01-31T11:30:00+01:00,0.010853
2026-01-31T11:45:00+01:00,0.010853
2026-01-31T12:00:00+01:00,0.010853
2026-01-31T12:15:00+01:00,0.010853
2026-01-31T12:30:00+01:00,0.010853
2026-01-31T12:45:00+01:00,0.010853
2026-01-31T13:00:00+01:00,0.010853
2026-01-31T13:15:00+01:00,0.010853
2026-01-31T13:30:00+01:00,0.010853
2026-01-31T13:45:00+01:00,0.010853
2026-01-31T14:00:00+01:00,0.010853
2026-01-31T14:15:00+01:00,0.010853
2026-01-31T14:30:00+01:00,0.010853
2026-01-31T14:45:00+01:00,0.010853
2026-01-31T15:00:00+01:00,0.010853
2026-01-31T15:15:00+01:00,0.010853
2026-01-31T15:30:00+01:00,0.010853
2026-01-31T15:45:00+01:00,0.010853
2026-01-31T16:00:00+01:00,0.010853
2026-01-31T16:15:00+01:00,0.010853
2026-01-31T16:30:00+01:00,0.010853
2026-01-31T16:45:00+01:00,0.010853
2026-01-31T17:00:00+01:00,0.010853
2026-01-31T17:15:00+01:00,0.010853
2026-01-31T17:30:00+01:00,0.010853
2026-01-31T17:45:00+01:00,0.010853
2026-01-31T18:00:00+01:00,0.010853
2026-01-31T18:15:00+01:00,0.010853
2026-01-31T18:30:00+01:00,0.010853
2026-01-31T18:45:00+01:00,0.010853
2026-01-31T19:00:00+01:00,0.010853
2026-01-31T19:15:00+01:00,0.010853
2026-01-31T19:30:00+01:00,0.010853
2026-01-31T19:45:00+01:00,0.010853
2026-01-31T20:00:00+01:00,0.010853
2026-01-31T20:15:00+01:00,0.010853
2026-01-31T20:30:00+01:00,0.010853
2026-01-31T20:45:00+01:00,0.010853
2026-01-31T21:00:00+01:00,0.010853
2026-01-31T21:15:00+01:00,0.010853
2026-01-31T21:30:00+01:00,0.010853
2026-01-31T21:45:00+01:00,0.010853
2026-01-31T22:00:00+01:00,0.010853
2026-01-31T22:15:00+01:00,0.010853
2026-01-31T22:30:00+01:00,0.010853
2026-01-31T22:45:00+01:00,0.010853
2026-01-31T23:00:00+01:00,0.010853
2026-01-31T23:15:00+01:00,0.010853
2026-01-31T23:30:00+01:00,0.010853
2026-01-31T23:45:00+01:00,0.010853
2026-02-01T00:00:00+01:00,0.010853
2026-02-01T00:15:00+01:00,0.010853
2026-02-01T00:30:00+01:00,0.010853
2026-02-01T00:45:00+01:00,0.010853
2026-02-01T01:00:00+01:00,0.010853
2026-02-01T01:15:00+01:00,0.010853
2026-02-01T01:30:00+01:00,0.010853
2026-02-01T01:45:00+01:00,0.010853
2026-02-01T02:00:00+01:00,0.010853
2026-02-01T02:15:00+01:00,0.010853
2026-02-01T02:30:00+01:00,0.010853
2026-02-01T02:45:00+01:00,0.010853
2026-02-01T03:00:00+01:00,0.010853
2026-02-01T03:15:00+01:00,0.010853
2026-02-01T03:30:00+01:00,0.010853
2026-02-01T03:45:00+01:00,0.010853
2026-02-01T04:00:00+01:00,0.010853
2026-02-01T04:15:00+01:00,0.010853
2026-02-01T04:30:00+01:00,0.010853
2026-02-01T04:45:00+01:00,0.010853
2026-02-01T05:00:00+01:00,0.010853
2026-02-01T05:15:00+01:00,0.010853
2026-02-01T05:30:00+01:00,0.010853
2026-02-01T05:45:00+01:00,0.010853
2026-02-01T06:00:00+01:00,0.010853
2026-02-01T06:15:00+01:00,0.010853
2026-02-01T06:30:00+01:00,0.010853
2026-02-01T06:45:00+01:00,0.010853
2026-02-01T07:00:00+01:00,0.010853
2026-02-01T07:15:00+01:00,0.010853
2026-02-01T07:30:00+01:00,0.010853
2026-02-01T07:45:00+01:00,0.010853
2026-02-01T08:00:00+01:00,0.010853
2026-02-01T08:15:00+01:00,0.010853
2026-02-01T08:30:00+01:00,0.010853
2026-02-01T08:45:00+01:00,0.010853
2026-02-01T09:00:00+01:00,0.010853
2026-02-01T09:15:00+01:00,0.010853
2026-02-01T09:30:00+01:00,0.010853
2026-02-01T09:45:00+01:00,0.010853
2026-02-01T10:00:00+01:00,0.010853
2026-02-01T10:15:00+01:00,0.010853
2026-02-01T10:30:00+01:00,0.010853
2026-02-01T10:45:00+01:00,0.010853
2026-02-01T11:00:00+01:00,0.010853
2026-02-01T11:15:00+01:00,0.010853
2026-02-01T11:30:00+01:00,0.010853
2026-02-01T11:45:00+01:00,0.010853
2026-02-01T12:00:00+01:00,0.010853
2026-02-01T12:15:00+01:00,0.010853
2026-02-01T12:30:00+01:00,0.010853
2026-02-01T12:45:00+01:00,0.010853
2026-02-01T13:00:00+01:00,0.010853
2026-02-01T13:15:00+01:00,0.010853
2026-02-01T13:30:00+01:00,0.010853
2026-02-01T13:45:00+01:00,0.010853
2026-02-01T14:00:00+01:00,0.010853
2026-02-01T14:15:00+01:00,0.010853
2026-02-01T14:30:00+01:00,0.010853
2026-02-01T14:45:00+01:00,0.010853
2026-02-01T15:00:00+01:00,0.010853
2026-02-01T15:15:00+01:00,0.010853
2026-02-01T15:30:00+01:00,0.010853
2026-02-01T15:45:00+01:00,0.010853
2026-02-01T16:00:00+01:00,0.010853
2026-02-01T16:15:00+01:00,0.010853
2026-02-01T16:30:00+01:00,0.010853
2026-02-01T16:45:00+01:00,0.010853
2026-02-01T17:00:00+01:00,0.010853
2026-02-01T17:15:00+01:00,0.010853
2026-02-01T17:30:00+01:00,0.010853
2026-02-01T17:45:00+01:00,0.010853
2026-02-01T18:00:00+01:00,0.010853
2026-02-01T18:15:00+01:00,0.010853
2026-02-01T18:30:00+01:00,0.010853
2026-02-01T18:45:00+01:00,0.010853
2026-02-01T19:00:00+01:00,0.010853
2026-02-01T19:15:00+01:00,0.010853
2026-02-01T19:30:00+01:00,0.010853
2026-02-01T19:45:00+01:00,0.010853
2026-02-01T20:00:00+01:00,0.010853
2026-02-01T20:15:00+01:00,0.010853
2026-02-01T20:30:00+01:00,0.010853
2026-02-01T20:45:00+01:00,0.010853
2026-02-01T21:00:00+01:00,0.010853
2026-02-01T21:15:00+01:00,0.010853
2026-02-01T21:30:00+01:00,0.010853
2026-02-01T21:45:00+01:00,0.010853
2026-02-01T22:00:00+01:00,0.010853
2026-02-01T22:15:00+01:00,0.010853
2026-02-01T22:30:00+01:00,0.010853
2026-02-01T22:45:00+01:00,0.010853
2026-02-01T23:00:00+01:00,0.010853
2026-02-01T23:15:00+01:00,0.010853
2026-02-01T23:30:00+01:00,0.010853
2026-02-01T23:45:00+01:00,0.010853
2026-02-02T00:00:00+01:00,0.010853
2026-02-02T00:15:00+01:00,0.010853
2026-02-02T00:30:00+01:00,0.010853
2026-02-02T00:45:00+01:00,0.010853
2026-02-02T01:00:00+01:00,0.010853
2026-02-02T01:15:00+01:00,0.010853
2026-02-02T01:30:00+01:00,0.010853
2026-02-02T01:45:00+01:00,0.010853
2026-02-02T02:00:00+01:00,0.010853
2026-02-02T02:15:00+01:00,0.010853
2026-02-02T02:30:00+01:00,0.010853
2026-02-02T02:45:00+01:00,0.010853
2026-02-02T03:00:00+01:00,0.010853
2026-02-02T03:15:00+01:00,0.010853
2026-02-02T03:30:00+01:00,0.010853
2026-02-02T03:45:00+01:00,0.010853
2026-02-02T04:00:00+01:00,0.010853
2026-02-02T04:15:00+01:00,0.010853
2026-02-02T04:30:00+01:00,0.010853
2026-02-02T04:45:00+01:00,0.010853
2026-02-02T05:00:00+01:00,0.010853
2026-02-02T05:15:00+01:00,0.010853
2026-02-02T05:30:00+01:00,0.010853
2026-02-02T05:45:00+01:00,0.010853
2026-02-02T06:00:00+01:00,0.010853
2026-02-02T06:15:00+01:00,0.010853
2026-02-02T06:30:00+01:00,0.010853
2026-02-02T06:45:00+01:00,0.010853
2026-02-02T07:00:00+01:00,0.010853
2026-02-02T07:15:00+01:00,15.021147
2026-02-02T07:30:00+01:00,16.211459
2026-02-02T07:45:00+01:00,16.291142
2026-02-02T08:00:00+01:00,16.291142
2026-02-02T08:15:00+01:00,16.291142
2026-02-02T08:30:00+01:00,16.291142
2026-02-02T08:45:00+01:00,16.291142
2026-02-02T09:00:00+01:00,16.291142
2026-02-02T09:15:00+01:00,16.291142
2026-02-02T09:30:00+01:00,16.291142
2026-02-02T09:45:00+01:00,16.291142
2026-02-02T10:00:00+01:00,16.291142
2026-02-02T10:15:00+01:00,16.291142
2026-02-02T10:30:00+01:00,16.291142
2026-02-02T10:45:00+01:00,16.291142
2026-02-02T11:00:00+01:00,16.291142
2026-02-02T11:15:00+01:00,16.291142
2026-02-02T11:30:00+01:00,16.291142
2026-02-02T11:45:00+01:00,16.291142
2026-02-02T12:00:00+01:00,16.291142
2026-02-02T12:15:00+01:00,16.291142
2026-02-02T12:30:00+01:00,16.291142
2026-02-02T12:45:00+01:00,16.291142
2026-02-02T13:00:00+01:00,16.291142
2026-02-02T13:15:00+01:00,16.291142
2026-02-02T13:30:00+01:00,16.291142
2026-02-02T13:45:00+01:00,16.291142
2026-02-02T14:00:00+01:00,16.291142
2026-02-02T14:15:00+01:00,16.291142
2026-02-02T14:30:00+01:00,16.291142
2026-02-02T14:45:00+01:00,16.291142
2026-02-02T15:00:00+01:00,16.291142
2026-02-02T15:15:00+01:00,16.291142
2026-02-02T15:30:00+01:00,16.291142
2026-02-02T15:45:00+01:00,16.291142
2026-02-02T16:00:00+01:00,16.291142
2026-02-02T16:15:00+01:00,16.291142
2026-02-02T16:30:00+01:00,16.291142
2026-02-02T16:45:00+01:00,16.291142
2026-02-02T17:00:00+01:00,16.291142
2026-02-02T17:15:00+01:00,16.291142
2026-02-02T17:30:00+01:00,16.291142
2026-02-02T17:45:00+01:00,16.291142
2026-02-02T18:00:00+01:00,16.291142
2026-02-02T18:15:00+01:00,16.291142
2026-02-02T18:30:00+01:00,16.291142
2026-02-02T18:45:00+01:00,16.291142
2026-02-02T19:00:00+01:00,16.291142
2026-02-02T19:15:00+01:00,16.291142
2026-02-02T19:30:00+01:00,16.291142
2026-02-02T19:45:00+01:00,17.800742
2026-02-02T20:00:00+01:00,26.136364
2026-02-02T20:15:00+01:00,26.136364
2026-02-02T20:30:00+01:00,26.136364
2026-02-02T20:45:00+01:00,26.136364
2026-02-02T21:00:00+01:00,23.79291
2026-02-02T21:15:00+01:00,17.386429
2026-02-02T21:30:00+01:00,15.551005
2026-02-02T21:45:00+01:00,15.551005
2026-02-02T22:00:00+01:00,15.551005
2026-02-02T22:15:00+01:00,15.551005
2026-02-02T22:30:00+01:00,15.551005
2026-02-02T22:45:00+01:00,15.551005
2026-02-02T23:00:00+01:00,15.551005
2026-02-02T23:15:00+01:00,15.551005
2026-02-02T23:30:00+01:00,15.551005
2026-02-02T23:45:00+01:00,15.551005
2026-02-03T00:00:00+01:00,15.551005
2026-02-03T00:15:00+01:00,15.551005
2026-02-03T00:30:00+01:00,15.551005
2026-02-03T00:45:00+01:00,15.551005
2026-02-03T01:00:00+01:00,15.551005
2026-02-03T01:15:00+01:00,15.551005
2026-02-03T01:30:00+01:00,15.551005
2026-02-03T01:45:00+01:00,15.551005
2026-02-03T02:00:00+01:00,15.551005
2026-02-03T02:15:00+01:00,15.551005
2026-02-03T02:30:00+01:00,15.551005
2026-02-03T02:45:00+01:00,15.551005
2026-02-03T03:00:00+01:00,15.551005
2026-02-03T03:15:00+01:00,15.551005
2026-02-03T03:30:00+01:00,15.551005
2026-02-03T03:45:00+01:00,15.551005
2026-02-03T04:00:00+01:00,15.551005
2026-02-03T04:15:00+01:00,15.551005
2026-02-03T04:30:00+01:00,15.551005
2026-02-03T04:45:00+01:00,15.551005
2026-02-03T05:00:00+01:00,15.551005
2026-02-03T05:15:00+01:00,15.551005
2026-02-03T05:30:00+01:00,15.551005
2026-02-03T05:45:00+01:00,15.483338
2026-02-03T06:00:00+01:00,13.295455
2026-02-03T06:15:00+01:00,13.295455
2026-02-03T06:30:00+01:00,13.295455
2026-02-03T06:45:00+01:00,13.295455
2026-02-03T07:00:00+01:00,13.295455
2026-02-03T07:15:00+01:00,13.077958
2026-02-03T07:30:00+01:00,11.963843
2026-02-03T07:45:00+01:00,11.963843
2026-02-03T08:00:00+01:00,11.963843
2026-02-03T08:15:00+01:00,11.963843
2026-02-03T08:30:00+01:00,11.963843
2026-02-03T08:45:00+01:00,11.963843
2026-02-03T09:00:00+01:00,4.325478
2026-02-03T09:15:00+01:00,3.424056
2026-02-03T09:30:00+01:00,3.424056
2026-02-03T09:45:00+01:00,3.764064
2026-02-03T10:00:00+01:00,6.901408
2026-02-03T10:15:00+01:00,6.901408
2026-02-03T10:30:00+01:00,6.901408
2026-02-03T10:45:00+01:00,6.901408
2026-02-03T11:00:00+01:00,6.901408
2026-02-03T11:15:00+01:00,6.901408
2026-02-03T11:30:00+01:00,6.901408
2026-02-03T11:45:00+01:00,6.901408
2026-02-03T12:00:00+01:00,6.901408
2026-02-03T12:15:00+01:00,6.901408
2026-02-03T12:30:00+01:00,6.901408
2026-02-03T12:45:00+01:00,6.901408
2026-02-03T13:00:00+01:00,6.901408
2026-02-03T13:15:00+01:00,6.901408
2026-02-03T13:30:00+01:00,14.552176
2026-02-03T13:45:00+01:00,15.423303
2026-02-03T14:00:00+01:00,15.423303
2026-02-03T14:15:00+01:00,15.423303
2026-02-03T14:30:00+01:00,15.423303
2026-02-03T14:45:00+01:00,15.423303
2026-02-03T15:00:00+01:00,15.423303
2026-02-03T15:15:00+01:00,15.423303
2026-02-03T15:30:00+01:00,15.423303
2026-02-03T15:45:00+01:00,15.423303
2026-02-03T16:00:00+01:00,15.423303
2026-02-03T16:15:00+01:00,15.423303
2026-02-03T16:30:00+01:00,15.423303
2026-02-03T16:45:00+01:00,15.423303
2026-02-03T17:00:00+01:00,15.423303
2026-02-03T17:15:00+01:00,15.423303
2026-02-03T17:30:00+01:00,15.423303
2026-02-03T17:45:00+01:00,15.423303
2026-02-03T18:00:00+01:00,15.423303
2026-02-03T18:15:00+01:00,15.423303
2026-02-03T18:30:00+01:00,15.423303
2026-02-03T18:45:00+01:00,15.423303
2026-02-03T19:00:00+01:00,15.423303
2026-02-03T19:15:00+01:00,15.802684
2026-02-03T19:30:00+01:00,25.465752
2026-02-03T19:45:00+01:00,25.465752
2026-02-03T20:00:00+01:00,25.465752
2026-02-03T20:15:00+01:00,25.465752
2026-02-03T20:30:00+01:00,25.465752
2026-02-03T20:45:00+01:00,25.465752
2026-02-03T21:00:00+01:00,25.465752
2026-02-03T21:15:00+01:00,25.486621
2026-02-03T21:30:00+01:00,25.663467
2026-02-03T21:45:00+01:00,25.663467
2026-02-03T22:00:00+01:00,25.663467
2026-02-03T22:15:00+01:00,23.886693
2026-02-03T22:30:00+01:00,15.211855
2026-02-03T22:45:00+01:00,15.211855
2026-02-03T23:00:00+01:00,15.211855
2026-02-03T23:15:00+01:00,15.211855
2026-02-03T23:30:00+01:00,15.211855
2026-02-03T23:45:00+01:00,15.211855
2026-02-04T00:00:00+01:00,15.211855
2026-02-04T00:15:00+01:00,15.211855
2026-02-04T00:30:00+01:00,15.211855
2026-02-04T00:45:00+01:00,14.552073
2026-02-04T01:00:00+01:00,14.058839
2026-02-04T01:15:00+01:00,14.058839
2026-02-04T01:30:00+01:00,14.058839
2026-02-04T01:45:00+01:00,14.692142
2026-02-04T02:00:00+01:00,16.13903
2026-02-04T02:15:00+01:00,16.13903
2026-02-04T02:30:00+01:00,16.13903
2026-02-04T02:45:00+01:00,16.13903
2026-02-04T03:00:00+01:00,16.13903
2026-02-04T03:15:00+01:00,16.13903
2026-02-04T03:30:00+01:00,16.13903
2026-02-04T03:45:00+01:00,16.13903
2026-02-04T04:00:00+01:00,16.13903
2026-02-04T04:15:00+01:00,16.13903
2026-02-04T04:30:00+01:00,16.13903
2026-02-04T04:45:00+01:00,16.13903
2026-02-04T05:00:00+01:00,16.13903
2026-02-04T05:15:00+01:00,16.13903
2026-02-04T05:30:00+01:00,16.13903
2026-02-04T05:45:00+01:00,16.13903
2026-02-04T06:00:00+01:00,16.13903
2026-02-04T06:15:00+01:00,16.13903
2026-02-04T06:30:00+01:00,16.13903
2026-02-04T06:45:00+01:00,16.13903
2026-02-04T07:00:00+01:00,16.13903
2026-02-04T07:15:00+01:00,16.13903
2026-02-04T07:30:00+01:00,16.13903
2026-02-04T07:45:00+01:00,16.13903
2026-02-04T08:00:00+01:00,16.13903
2026-02-04T08:15:00+01:00,16.13903
2026-02-04T08:30:00+01:00,16.13903
2026-02-04T08:45:00+01:00,16.13903
2026-02-04T09:00:00+01:00,16.13903
2026-02-04T09:15:00+01:00,16.13903
2026-02-04T09:30:00+01:00,16.13903
2026-02-04T09:45:00+01:00,16.13903
2026-02-04T10:00:00+01:00,16.13903
2026-02-04T10:15:00+01:00,16.13903
2026-02-04T10:30:00+01:00,16.13903
2026-02-04T10:45:00+01:00,16.13903
2026-02-04T11:00:00+01:00,16.13903
2026-02-04T11:15:00+01:00,16.13903
2026-02-04T11:30:00+01:00,16.13903
2026-02-04T11:45:00+01:00,16.13903
2026-02-04T12:00:00+01:00,16.13903
2026-02-04T12:15:00+01:00,16.13903
2026-02-04T12:30:00+01:00,16.13903
2026-02-04T12:45:00+01:00,16.13903
2026-02-04T13:00:00+01:00,16.13903
2026-02-04T13:15:00+01:00,16.13903
2026-02-04T13:30:00+01:00,16.13903
2026-02-04T13:45:00+01:00,16.13903
2026-02-04T14:00:00+01:00,16.13903
2026-02-04T14:15:00+01:00,17.664523
2026-02-04T14:30:00+01:00,29.340409
2026-02-04T14:45:00+01:00,29.340409
2026-02-04T15:00:00+01:00,25.50406
2026-02-04T15:15:00+01:00,10.69473
2026-02-04T15:30:00+01:00,17.23341
2026-02-04T15:45:00+01:00,17.23341
2026-02-04T16:00:00+01:00,17.23341
2026-02-04T16:15:00+01:00,17.23341
2026-02-04T16:30:00+01:00,17.23341
2026-02-04T16:45:00+01:00,17.23341
2026-02-04T17:00:00+01:00,17.23341
2026-02-04T17:15:00+01:00,17.23341
2026-02-04T17:30:00+01:00,17.23341
2026-02-04T17:45:00+01:00,17.23341
2026-02-04T18:00:00+01:00,17.23341
2026-02-04T18:15:00+01:00,17.23341
2026-02-04T18:30:00+01:00,17.23341
2026-02-04T18:45:00+01:00,17.23341
2026-02-04T19:00:00+01:00,17.23341
2026-02-04T19:15:00+01:00,17.23341
2026-02-04T19:30:00+01:00,17.23341
2026-02-04T19:45:00+01:00,17.23341
2026-02-04T20:00:00+01:00,17.23341
2026-02-04T20:15:00+01:00,17.415729
2026-02-04T20:30:00+01:00,20.582121
2026-02-04T20:45:00+01:00,12.592194
2026-02-04T21:00:00+01:00,2.870461
2026-02-04T21:15:00+01:00,2.870461
2026-02-04T21:30:00+01:00,2.870461
2026-02-04T21:45:00+01:00,2.870461
2026-02-04T22:00:00+01:00,10.000431
2026-02-04T22:15:00+01:00,10.601754
2026-02-04T22:30:00+01:00,10.601754
2026-02-04T22:45:00+01:00,10.601754
2026-02-04T23:00:00+01:00,10.601754
2026-02-04T23:15:00+01:00,10.601754
2026-02-04T23:30:00+01:00,10.601754
2026-02-04T23:45:00+01:00,10.601754
2026-02-05T00:00:00+01:00,10.601754
2026-02-05T00:15:00+01:00,10.601754
2026-02-05T00:30:00+01:00,10.601754
2026-02-05T00:45:00+01:00,10.601754
2026-02-05T01:00:00+01:00,10.601754
2026-02-05T01:15:00+01:00,10.601754
2026-02-05T01:30:00+01:00,10.601754
2026-02-05T01:45:00+01:00,10.601754
2026-02-05T02:00:00+01:00,10.601754
2026-02-05T02:15:00+01:00,10.601754
2026-02-05T02:30:00+01:00,10.601754
2026-02-05T02:45:00+01:00,10.601754
2026-02-05T03:00:00+01:00,10.601754
2026-02-05T03:15:00+01:00,10.601754
2026-02-05T03:30:00+01:00,10.601754
2026-02-05T03:45:00+01:00,10.601754
2026-02-05T04:00:00+01:00,10.601754
2026-02-05T04:15:00+01:00,10.601754
2026-02-05T04:30:00+01:00,10.601754
2026-02-05T04:45:00+01:00,10.601754
2026-02-05T05:00:00+01:00,10.601754
2026-02-05T05:15:00+01:00,10.601754
2026-02-05T05:30:00+01:00,10.601754
2026-02-05T05:45:00+01:00,10.601754
2026-02-05T06:00:00+01:00,10.601754
2026-02-05T06:15:00+01:00,10.601754
2026-02-05T06:30:00+01:00,10.601754
2026-02-05T06:45:00+01:00,10.601754
2026-02-05T07:00:00+01:00,10.601754
2026-02-05T07:15:00+01:00,10.601754
2026-02-05T07:30:00+01:00,10.601754
2026-02-05T07:45:00+01:00,10.601754
2026-02-05T08:00:00+01:00,10.601754
2026-02-05T08:15:00+01:00,10.601754
2026-02-05T08:30:00+01:00,10.601754
2026-02-05T08:45:00+01:00,10.601754
2026-02-05T09:00:00+01:00,10.601754
2026-02-05T09:15:00+01:00,10.601754
2026-02-05T09:30:00+01:00,19.352999
2026-02-05T09:45:00+01:00,21.571281
2026-02-05T10:00:00+01:00,21.571281
2026-02-05T10:15:00+01:00,21.571281
2026-02-05T10:30:00+01:00,21.571281
2026-02-05T10:45:00+01:00,21.571281
2026-02-05T11:00:00+01:00,21.571281
2026-02-05T11:15:00+01:00,21.571281
2026-02-05T11:30:00+01:00,21.571281
2026-02-05T11:45:00+01:00,21.571281
2026-02-05T12:00:00+01:00,21.571281
2026-02-05T12:15:00+01:00,21.571281
2026-02-05T12:30:00+01:00,21.571281
2026-02-05T12:45:00+01:00,21.571281
2026-02-05T13:00:00+01:00,21.571281
2026-02-05T13:15:00+01:00,21.571281
2026-02-05T13:30:00+01:00,21.571281
2026-02-05T13:45:00+01:00,21.571281
2026-02-05T14:00:00+01:00,21.571281
2026-02-05T14:15:00+01:00,21.571281
2026-02-05T14:30:00+01:00,21.571281
2026-02-05T14:45:00+01:00,21.571281
2026-02-05T15:00:00+01:00,21.571281
2026-02-05T15:15:00+01:00,21.571281
2026-02-05T15:30:00+01:00,21.571281
2026-02-05T15:45:00+01:00,21.571281
2026-02-05T16:00:00+01:00,21.571281
2026-02-05T16:15:00+01:00,21.571281
2026-02-05T16:30:00+01:00,21.571281
2026-02-05T16:45:00+01:00,21.571281
2026-02-05T17:00:00+01:00,21.571281
2026-02-05T17:15:00+01:00,23.57008
2026-02-05T17:30:00+01:00,24.908794
2026-02-05T17:45:00+01:00,24.908794
2026-02-05T18:00:00+01:00,24.908794
2026-02-05T18:15:00+01:00,24.908794
2026-02-05T18:30:00+01:00,24.908794
2026-02-05T18:45:00+01:00,24.908794
2026-02-05T19:00:00+01:00,24.908794
2026-02-05T19:15:00+01:00,24.908794
2026-02-05T19:30:00+01:00,24.908794
2026-02-05T19:45:00+01:00,24.908794
2026-02-05T20:00:00+01:00,24.908794
2026-02-05T20:15:00+01:00,24.908794
2026-02-05T20:30:00+01:00,24.908794
2026-02-05T20:45:00+01:00,24.908794
2026-02-05T21:00:00+01:00,24.908794
2026-02-05T21:15:00+01:00,24.908794
2026-02-05T21:30:00+01:00,24.908794
2026-02-05T21:45:00+01:00,10.898095
2026-02-05T22:00:00+01:00,9.91518
2026-02-05T22:15:00+01:00,9.91518
2026-02-05T22:30:00+01:00,9.91518
2026-02-05T22:45:00+01:00,9.91518
2026-02-05T23:00:00+01:00,9.91518
2026-02-05T23:15:00+01:00,9.91518
2026-02-05T23:30:00+01:00,9.91518
2026-02-05T23:45:00+01:00,9.91518
2026-02-06T00:00:00+01:00,9.91518
2026-02-06T00:15:00+01:00,9.91518
2026-02-06T00:30:00+01:00,13.210183
2026-02-06T00:45:00+01:00,16.042251
2026-02-06T01:00:00+01:00,16.042251
2026-02-06T01:15:00+01:00,16.042251
2026-02-06T01:30:00+01:00,16.042251
2026-02-06T01:45:00+01:00,16.042251
2026-02-06T02:00:00+01:00,16.042251
2026-02-06T02:15:00+01:00,12.48391
2026-02-06T02:30:00+01:00,11.625
2026-02-06T02:45:00+01:00,11.625
2026-02-06T03:00:00+01:00,11.625
2026-02-06T03:15:00+01:00,11.625
2026-02-06T03:30:00+01:00,11.625
2026-02-06T03:45:00+01:00,11.625
2026-02-06T04:00:00+01:00,11.625
2026-02-06T04:15:00+01:00,14.708295
2026-02-06T04:30:00+01:00,15.452539
2026-02-06T04:45:00+01:00,15.452539
2026-02-06T05:00:00+01:00,15.452539
2026-02-06T05:15:00+01:00,15.186457
2026-02-06T05:30:00+01:00,14.486922
2026-02-06T05:45:00+01:00,14.486922
2026-02-06T06:00:00+01:00,14.486922
2026-02-06T06:15:00+01:00,16.354085
2026-02-06T06:30:00+01:00,19.04098
2026-02-06T06:45:00+01:00,19.04098
2026-02-06T07:00:00+01:00,19.04098
2026-02-06T07:15:00+01:00,19.04098
2026-02-06T07:30:00+01:00,19.04098
2026-02-06T07:45:00+01:00,19.04098
2026-02-06T08:00:00+01:00,19.04098
2026-02-06T08:15:00+01:00,19.04098
2026-02-06T08:30:00+01:00,19.04098
2026-02-06T08:45:00+01:00,19.04098
2026-02-06T09:00:00+01:00,19.04098
2026-02-06T09:15:00+01:00,19.04098
2026-02-06T09:30:00+01:00,19.04098
2026-02-06T09:45:00+01:00,19.04098
2026-02-06T10:00:00+01:00,19.04098
2026-02-06T10:15:00+01:00,19.04098
2026-02-06T10:30:00+01:00,19.04098
2026-02-06T10:45:00+01:00,18.622645
2026-02-06T11:00:00+01:00,13.883425
2026-02-06T11:15:00+01:00,13.883425
2026-02-06T11:30:00+01:00,13.883425
2026-02-06T11:45:00+01:00,13.883425
2026-02-06T12:00:00+01:00,13.883425
2026-02-06T12:15:00+01:00,13.883425
2026-02-06T12:30:00+01:00,13.883425
2026-02-06T12:45:00+01:00,13.883425
2026-02-06T13:00:00+01:00,13.883425
2026-02-06T13:15:00+01:00,13.883425
2026-02-06T13:30:00+01:00,9.044915
2026-02-06T13:45:00+01:00,0.015085
2026-02-06T14:00:00+01:00,0.015085
2026-02-06T14:15:00+01:00,0.015085
2026-02-06T14:30:00+01:00,0.015085
2026-02-06T14:45:00+01:00,0.015085
2026-02-06T15:00:00+01:00,0.015085
2026-02-06T15:15:00+01:00,0.015085
2026-02-06T15:30:00+01:00,0.015085
2026-02-06T15:45:00+01:00,0.015085
2026-02-06T16:00:00+01:00,0.015085
2026-02-06T16:15:00+01:00,0.015085
2026-02-06T16:30:00+01:00,0.015085
2026-02-06T16:45:00+01:00,0.015085
2026-02-06T17:00:00+01:00,0.015085
2026-02-06T17:15:00+01:00,0.015085
2026-02-06T17:30:00+01:00,0.015085
2026-02-06T17:45:00+01:00,0.015085
2026-02-06T18:00:00+01:00,0.015085
2026-02-06T18:15:00+01:00,0.015085
2026-02-06T18:30:00+01:00,0.015085
2026-02-06T18:45:00+01:00,0.015085
2026-02-06T19:00:00+01:00,0.015085
2026-02-06T19:15:00+01:00,0.015085
2026-02-06T19:30:00+01:00,0.015085
2026-02-06T19:45:00+01:00,0.015085
2026-02-06T20:00:00+01:00,0.015085
2026-02-06T20:15:00+01:00,0.015085
2026-02-06T20:30:00+01:00,0.015085
2026-02-06T20:45:00+01:00,0.015085
2026-02-06T21:00:00+01:00,0.015085
2026-02-06T21:15:00+01:00,0.015085
2026-02-06T21:30:00+01:00,0.015085
2026-02-06T21:45:00+01:00,0.015085
2026-02-06T22:00:00+01:00,0.015085
2026-02-06T22:15:00+01:00,0.015085
2026-02-06T22:30:00+01:00,0.015085
2026-02-06T22:45:00+01:00,0.015085
2026-02-06T23:00:00+01:00,0.015085
2026-02-06T23:15:00+01:00,0.015085
2026-02-06T23:30:00+01:00,0.015085
2026-02-06T23:45:00+01:00,0.015085
2026-02-07T00:00:00+01:00,0.015085
2026-02-07T00:15:00+01:00,0.015085
2026-02-07T00:30:00+01:00,0.015085
2026-02-07T00:45:00+01:00,0.015085
2026-02-07T01:00:00+01:00,0.015085
2026-02-07T01:15:00+01:00,0.015085
2026-02-07T01:30:00+01:00,0.015085
2026-02-07T01:45:00+01:00,0.015085
2026-02-07T02:00:00+01:00,0.015085
2026-02-07T02:15:00+01:00,0.015085
2026-02-07T02:30:00+01:00,0.015085
2026-02-07T02:45:00+01:00,0.015085
2026-02-07T03:00:00+01:00,0.015085
2026-02-07T03:15:00+01:00,0.015085
2026-02-07T03:30:00+01:00,0.015085
2026-02-07T03:45:00+01:00,0.015085
2026-02-07T04:00:00+01:00,0.015085
2026-02-07T04:15:00+01:00,0.015085
2026-02-07T04:30:00+01:00,0.015085
2026-02-07T04:45:00+01:00,0.015085
2026-02-07T05:00:00+01:00,0.015085
2026-02-07T05:15:00+01:00,0.015085
2026-02-07T05:30:00+01:00,0.015085
2026-02-07T05:45:00+01:00,0.015085
2026-02-07T06:00:00+01:00,0.015085
2026-02-07T06:15:00+01:00,0.015085
2026-02-07T06:30:00+01:00,0.015085
2026-02-07T06:45:00+01:00,0.015085
2026-02-07T07:00:00+01:00,0.015085
2026-02-07T07:15:00+01:00,0.015085
2026-02-07T07:30:00+01:00,0.015085
2026-02-07T07:45:00+01:00,0.015085
2026-02-07T08:00:00+01:00,0.015085
2026-02-07T08:15:00+01:00,0.015085
2026-02-07T08:30:00+01:00,0.015085
2026-02-07T08:45:00+01:00,0.015085
2026-02-07T09:00:00+01:00,0.015085
2026-02-07T09:15:00+01:00,0.015085
2026-02-07T09:30:00+01:00,0.015085
2026-02-07T09:45:00+01:00,0.015085
2026-02-07T10:00:00+01:00,0.015085
2026-02-07T10:15:00+01:00,0.015085
2026-02-07T10:30:00+01:00,0.015085
2026-02-07T10:45:00+01:00,0.015085
2026-02-07T11:00:00+01:00,0.015085
2026-02-07T11:15:00+01:00,0.015085
2026-02-07T11:30:00+01:00,0.015085
2026-02-07T11:45:00+01:00,0.015085
2026-02-07T12:00:00+01:00,0.015085
2026-02-07T12:15:00+01:00,0.015085
2026-02-07T12:30:00+01:00,0.015085
2026-02-07T12:45:00+01:00,0.015085
2026-02-07T13:00:00+01:00,0.015085
2026-02-07T13:15:00+01:00,0.015085
2026-02-07T13:30:00+01:00,0.015085
2026-02-07T13:45:00+01:00,0.015085
2026-02-07T14:00:00+01:00,0.015085
2026-02-07T14:15:00+01:00,0.015085
2026-02-07T14:30:00+01:00,0.015085
2026-02-07T14:45:00+01:00,0.015085
2026-02-07T15:00:00+01:00,0.015085
2026-02-07T15:15:00+01:00,0.015085
2026-02-07T15:30:00+01:00,0.015085
2026-02-07T15:45:00+01:00,0.015085
2026-02-07T16:00:00+01:00,0.015085
2026-02-07T16:15:00+01:00,0.015085
2026-02-07T16:30:00+01:00,0.015085
2026-02-07T16:45:00+01:00,0.015085
2026-02-07T17:00:00+01:00,0.015085
2026-02-07T17:15:00+01:00,0.015085
2026-02-07T17:30:00+01:00,0.015085
2026-02-07T17:45:00+01:00,0.015085
2026-02-07T18:00:00+01:00,0.015085
2026-02-07T18:15:00+01:00,0.015085
2026-02-07T18:30:00+01:00,0.015085
2026-02-07T18:45:00+01:00,0.015085
2026-02-07T19:00:00+01:00,0.015085
2026-02-07T19:15:00+01:00,0.015085
2026-02-07T19:30:00+01:00,0.015085
2026-02-07T19:45:00+01:00,0.015085
2026-02-07T20:00:00+01:00,0.015085
2026-02-07T20:15:00+01:00,0.015085
2026-02-07T20:30:00+01:00,0.015085
2026-02-07T20:45:00+01:00,0.015085
2026-02-07T21:00:00+01:00,0.015085
2026-02-07T21:15:00+01:00,0.015085
2026-02-07T21:30:00+01:00,0.015085
2026-02-07T21:45:00+01:00,0.015085
2026-02-07T22:00:00+01:00,0.015085
2026-02-07T22:15:00+01:00,0.015085
2026-02-07T22:30:00+01:00,0.015085
2026-02-07T22:45:00+01:00,0.015085
2026-02-07T23:00:00+01:00,0.015085
2026-02-07T23:15:00+01:00,0.015085
2026-02-07T23:30:00+01:00,0.015085
2026-02-07T23:45:00+01:00,0.015085
2026-02-08T00:00:00+01:00,0.015085
2026-02-08T00:15:00+01:00,0.015085
2026-02-08T00:30:00+01:00,0.015085
2026-02-08T00:45:00+01:00,0.015085
2026-02-08T01:00:00+01:00,0.015085
2026-02-08T01:15:00+01:00,0.015085
2026-02-08T01:30:00+01:00,0.015085
2026-02-08T01:45:00+01:00,0.015085
2026-02-08T02:00:00+01:00,0.015085
2026-02-08T02:15:00+01:00,0.015085
2026-02-08T02:30:00+01:00,0.015085
2026-02-08T02:45:00+01:00,0.015085
2026-02-08T03:00:00+01:00,0.015085
2026-02-08T03:15:00+01:00,0.015085
2026-02-08T03:30:00+01:00,0.015085
2026-02-08T03:45:00+01:00,0.015085
2026-02-08T04:00:00+01:00,0.015085
2026-02-08T04:15:00+01:00,0.015085
2026-02-08T04:30:00+01:00,0.015085
2026-02-08T04:45:00+01:00,0.015085
2026-02-08T05:00:00+01:00,0.015085
2026-02-08T05:15:00+01:00,0.015085
2026-02-08T05:30:00+01:00,0.015085
2026-02-08T05:45:00+01:00,0.015085
2026-02-08T06:00:00+01:00,0.015085
2026-02-08T06:15:00+01:00,0.015085
2026-02-08T06:30:00+01:00,0.015085
2026-02-08T06:45:00+01:00,0.015085
2026-02-08T07:00:00+01:00,0.015085
2026-02-08T07:15:00+01:00,0.015085
2026-02-08T07:30:00+01:00,0.015085
2026-02-08T07:45:00+01:00,0.015085
2026-02-08T08:00:00+01:00,0.015085
2026-02-08T08:15:00+01:00,0.015085
2026-02-08T08:30:00+01:00,0.015085
2026-02-08T08:45:00+01:00,0.015085
2026-02-08T09:00:00+01:00,0.015085
2026-02-08T09:15:00+01:00,0.015085
2026-02-08T09:30:00+01:00,0.015085
2026-02-08T09:45:00+01:00,0.015085
2026-02-08T10:00:00+01:00,0.015085
2026-02-08T10:15:00+01:00,0.015085
2026-02-08T10:30:00+01:00,0.015085
2026-02-08T10:45:00+01:00,0.015085
2026-02-08T11:00:00+01:00,0.015085
2026-02-08T11:15:00+01:00,0.015085
2026-02-08T11:30:00+01:00,0.015085
2026-02-08T11:45:00+01:00,0.015085
2026-02-08T12:00:00+01:00,0.015085
2026-02-08T12:15:00+01:00,0.015085
2026-02-08T12:30:00+01:00,0.015085
2026-02-08T12:45:00+01:00,0.015085
2026-02-08T13:00:00+01:00,0.015085
2026-02-08T13:15:00+01:00,0.015085
2026-02-08T13:30:00+01:00,0.015085
2026-02-08T13:45:00+01:00,0.015085
2026-02-08T14:00:00+01:00,0.015085
2026-02-08T14:15:00+01:00,0.015085
2026-02-08T14:30:00+01:00,0.015085
2026-02-08T14:45:00+01:00,0.015085
2026-02-08T15:00:00+01:00,0.015085
2026-02-08T15:15:00+01:00,0.015085
2026-02-08T15:30:00+01:00,0.015085
2026-02-08T15:45:00+01:00,0.015085
2026-02-08T16:00:00+01:00,0.015085
2026-02-08T16:15:00+01:00,0.015085
2026-02-08T16:30:00+01:00,0.015085
2026-02-08T16:45:00+01:00,0.015085
2026-02-08T17:00:00+01:00,0.015085
2026-02-08T17:15:00+01:00,0.015085
2026-02-08T17:30:00+01:00,0.015085
2026-02-08T17:45:00+01:00,0.015085
2026-02-08T18:00:00+01:00,0.015085
2026-02-08T18:15:00+01:00,0.015085
2026-02-08T18:30:00+01:00,0.015085
2026-02-08T18:45:00+01:00,0.015085
2026-02-08T19:00:00+01:00,0.015085
2026-02-08T19:15:00+01:00,0.015085
2026-02-08T19:30:00+01:00,0.015085
2026-02-08T19:45:00+01:00,0.015085
2026-02-08T20:00:00+01:00,0.015085
2026-02-08T20:15:00+01:00,0.015085
2026-02-08T20:30:00+01:00,0.015085
2026-02-08T20:45:00+01:00,0.015085
2026-02-08T21:00:00+01:00,0.015085
2026-02-08T21:15:00+01:00,0.015085
2026-02-08T21:30:00+01:00,0.015085
2026-02-08T21:45:00+01:00,0.015085
2026-02-08T22:00:00+01:00,0.015085
2026-02-08T22:15:00+01:00,0.015085
2026-02-08T22:30:00+01:00,0.015085
2026-02-08T22:45:00+01:00,0.015085
2026-02-08T23:00:00+01:00,0.015085
2026-02-08T23:15:00+01:00,0.015085
2026-02-08T23:30:00+01:00,0.015085
2026-02-08T23:45:00+01:00,0.015085
2026-02-09T00:00:00+01:00,0.015085
2026-02-09T00:15:00+01:00,0.015085
2026-02-09T00:30:00+01:00,0.015085
2026-02-09T00:45:00+01:00,0.015085
2026-02-09T01:00:00+01:00,0.015085
2026-02-09T01:15:00+01:00,0.015085
2026-02-09T01:30:00+01:00,0.015085
2026-02-09T01:45:00+01:00,0.015085
2026-02-09T02:00:00+01:00,0.015085
2026-02-09T02:15:00+01:00,0.015085
2026-02-09T02:30:00+01:00,0.015085
2026-02-09T02:45:00+01:00,0.015085
2026-02-09T03:00:00+01:00,0.015085
2026-02-09T03:15:00+01:00,0.015085
2026-02-09T03:30:00+01:00,0.015085
2026-02-09T03:45:00+01:00,0.015085
2026-02-09T04:00:00+01:00,0.015085
2026-02-09T04:15:00+01:00,0.015085
2026-02-09T04:30:00+01:00,0.015085
2026-02-09T04:45:00+01:00,0.015085
2026-02-09T05:00:00+01:00,0.015085
2026-02-09T05:15:00+01:00,0.015085
2026-02-09T05:30:00+01:00,0.015085
2026-02-09T05:45:00+01:00,0.015085
2026-02-09T06:00:00+01:00,0.015085
2026-02-09T06:15:00+01:00,0.015085
2026-02-09T06:30:00+01:00,0.015085
2026-02-09T06:45:00+01:00,0.015085
2026-02-09T07:00:00+01:00,0.015085
2026-02-09T07:15:00+01:00,0.015085
2026-02-09T07:30:00+01:00,0.015085
2026-02-09T07:45:00+01:00,7.834793
2026-02-09T08:00:00+01:00,41.171441
2026-02-09T08:15:00+01:00,41.171441
2026-02-09T08:30:00+01:00,41.171441
2026-02-09T08:45:00+01:00,41.171441
2026-02-09T09:00:00+01:00,41.171441
2026-02-09T09:15:00+01:00,41.171441
2026-02-09T09:30:00+01:00,41.171441
2026-02-09T09:45:00+01:00,41.171441
2026-02-09T10:00:00+01:00,41.171441
2026-02-09T10:15:00+01:00,41.171441
2026-02-09T10:30:00+01:00,21.039872
2026-02-09T10:45:00+01:00,15.831004
2026-02-09T11:00:00+01:00,15.831004
2026-02-09T11:15:00+01:00,15.831004
2026-02-09T11:30:00+01:00,15.831004
2026-02-09T11:45:00+01:00,15.831004
2026-02-09T12:00:00+01:00,15.831004
2026-02-09T12:15:00+01:00,15.831004
2026-02-09T12:30:00+01:00,15.831004
2026-02-09T12:45:00+01:00,15.831004
2026-02-09T13:00:00+01:00,15.831004
2026-02-09T13:15:00+01:00,15.831004
2026-02-09T13:30:00+01:00,15.831004
2026-02-09T13:45:00+01:00,15.831004
2026-02-09T14:00:00+01:00,15.831004
2026-02-09T14:15:00+01:00,15.831004
2026-02-09T14:30:00+01:00,15.831004
2026-02-09T14:45:00+01:00,15.831004
2026-02-09T15:00:00+01:00,15.831004
2026-02-09T15:15:00+01:00,15.831004
2026-02-09T15:30:00+01:00,15.831004
2026-02-09T15:45:00+01:00,15.831004
2026-02-09T16:00:00+01:00,15.831004
2026-02-09T16:15:00+01:00,15.831004
2026-02-09T16:30:00+01:00,15.831004
2026-02-09T16:45:00+01:00,15.831004
2026-02-09T17:00:00+01:00,15.831004
2026-02-09T17:15:00+01:00,15.831004
2026-02-09T17:30:00+01:00,15.831004
2026-02-09T17:45:00+01:00,15.831004
2026-02-09T18:00:00+01:00,15.831004
2026-02-09T18:15:00+01:00,15.831004
2026-02-09T18:30:00+01:00,15.831004
2026-02-09T18:45:00+01:00,15.831004
2026-02-09T19:00:00+01:00,18.099288
2026-02-09T19:15:00+01:00,18.099288
2026-02-09T19:30:00+01:00,18.099288
2026-02-09T19:45:00+01:00,18.099288
2026-02-09T20:00:00+01:00,18.099288
2026-02-09T20:15:00+01:00,18.099288
2026-02-09T20:30:00+01:00,18.099288
2026-02-09T20:45:00+01:00,18.099288
2026-02-09T21:00:00+01:00,18.099288
2026-02-09T21:15:00+01:00,16.980901
2026-02-09T21:30:00+01:00,14.721611
2026-02-09T21:45:00+01:00,14.721611
2026-02-09T22:00:00+01:00,14.721611
2026-02-09T22:15:00+01:00,14.721611
2026-02-09T22:30:00+01:00,14.721611
2026-02-09T22:45:00+01:00,14.721611
2026-02-09T23:00:00+01:00,14.721611
2026-02-09T23:15:00+01:00,14.721611
2026-02-09T23:30:00+01:00,14.721611
2026-02-09T23:45:00+01:00,14.721611
2026-02-10T00:00:00+01:00,14.721611
2026-02-10T00:15:00+01:00,14.721611
2026-02-10T00:30:00+01:00,14.721611
2026-02-10T00:45:00+01:00,14.854356
2026-02-10T01:00:00+01:00,15.378044
2026-02-10T01:15:00+01:00,15.378044
2026-02-10T01:30:00+01:00,14.757619
2026-02-10T01:45:00+01:00,14.345914
2026-02-10T02:00:00+01:00,14.345914
2026-02-10T02:15:00+01:00,14.345914
2026-02-10T02:30:00+01:00,14.345914
2026-02-10T02:45:00+01:00,14.345914
2026-02-10T03:00:00+01:00,15.342873
2026-02-10T03:15:00+01:00,16.203601
2026-02-10T03:30:00+01:00,16.203601
2026-02-10T03:45:00+01:00,16.203601
2026-02-10T04:00:00+01:00,16.203601
2026-02-10T04:15:00+01:00,18.865317
2026-02-10T04:30:00+01:00,21.153074
2026-02-10T04:45:00+01:00,21.153074
2026-02-10T05:00:00+01:00,21.153074
2026-02-10T05:15:00+01:00,21.153074
2026-02-10T05:30:00+01:00,21.07401
2026-02-10T05:45:00+01:00,9.293478
2026-02-10T06:00:00+01:00,9.293478
2026-02-10T06:15:00+01:00,9.293478
2026-02-10T06:30:00+01:00,9.293478
2026-02-10T06:45:00+01:00,9.293478
2026-02-10T07:00:00+01:00,9.293478
2026-02-10T07:15:00+01:00,6.300625
2026-02-10T07:30:00+01:00,5.866547
2026-02-10T07:45:00+01:00,5.866547
2026-02-10T08:00:00+01:00,5.866547
2026-02-10T08:15:00+01:00,5.866547
2026-02-10T08:30:00+01:00,5.866547
2026-02-10T08:45:00+01:00,5.866547
2026-02-10T09:00:00+01:00,5.866547
2026-02-10T09:15:00+01:00,5.866547
2026-02-10T09:30:00+01:00,5.866547
2026-02-10T09:45:00+01:00,5.866547
2026-02-10T10:00:00+01:00,5.866547
2026-02-10T10:15:00+01:00,5.866547
2026-02-10T10:30:00+01:00,5.866547
2026-02-10T10:45:00+01:00,5.866547
2026-02-10T11:00:00+01:00,5.866547
2026-02-10T11:15:00+01:00,5.866547
2026-02-10T11:30:00+01:00,5.866547
2026-02-10T11:45:00+01:00,5.866547
2026-02-10T12:00:00+01:00,5.866547
2026-02-10T12:15:00+01:00,5.866547
2026-02-10T12:30:00+01:00,5.866547
2026-02-10T12:45:00+01:00,8.146703
2026-02-10T13:00:00+01:00,10.063154
2026-02-10T13:15:00+01:00,10.063154
2026-02-10T13:30:00+01:00,10.063154
2026-02-10T13:45:00+01:00,10.063154
2026-02-10T14:00:00+01:00,10.063154
2026-02-10T14:15:00+01:00,10.063154
2026-02-10T14:30:00+01:00,10.063154
2026-02-10T14:45:00+01:00,10.063154
2026-02-10T15:00:00+01:00,10.063154
2026-02-10T15:15:00+01:00,10.063154
2026-02-10T15:30:00+01:00,2.060141
2026-02-10T15:45:00+01:00,0.196426
2026-02-10T16:00:00+01:00,0.196426
2026-02-10T16:15:00+01:00,0.196426
2026-02-10T16:30:00+01:00,0.196426
2026-02-10T16:45:00+01:00,0.196426
2026-02-10T17:00:00+01:00,0.196426
2026-02-10T17:15:00+01:00,0.196426
2026-02-10T17:30:00+01:00,0.196426
2026-02-10T17:45:00+01:00,0.196426
2026-02-10T18:00:00+01:00,0.196426
2026-02-10T18:15:00+01:00,0.196426
2026-02-10T18:30:00+01:00,0.196426
2026-02-10T18:45:00+01:00,0.196426
2026-02-10T19:00:00+01:00,0.196426
2026-02-10T19:15:00+01:00,0.196426
2026-02-10T19:30:00+01:00,0.196426
2026-02-10T19:45:00+01:00,0.196426
2026-02-10T20:00:00+01:00,0.196426
2026-02-10T20:15:00+01:00,0.196426
2026-02-10T20:30:00+01:00,0.196426
2026-02-10T20:45:00+01:00,0.196426
2026-02-10T21:00:00+01:00,0.196426
2026-02-10T21:15:00+01:00,0.196426
2026-02-10T21:30:00+01:00,0.196426
2026-02-10T21:45:00+01:00,0.196426
2026-02-10T22:00:00+01:00,0.196426
2026-02-10T22:15:00+01:00,0.196426
2026-02-10T22:30:00+01:00,0.196426
2026-02-10T22:45:00+01:00,0.196426
2026-02-10T23:00:00+01:00,0.196426
2026-02-10T23:15:00+01:00,0.196426
2026-02-10T23:30:00+01:00,0.196426
2026-02-10T23:45:00+01:00,0.196426
2026-02-11T00:00:00+01:00,0.196426
2026-02-11T00:15:00+01:00,0.196426
2026-02-11T00:30:00+01:00,0.196426
2026-02-11T00:45:00+01:00,0.196426
2026-02-11T01:00:00+01:00,0.196426
2026-02-11T01:15:00+01:00,0.196426
2026-02-11T01:30:00+01:00,15.841161
2026-02-11T01:45:00+01:00,187.933248
2026-02-11T02:00:00+01:00,187.933248
2026-02-11T02:15:00+01:00,108.087239
2026-02-11T02:30:00+01:00,23.866106
2026-02-11T02:45:00+01:00,23.866106
2026-02-11T03:00:00+01:00,23.866106
2026-02-11T03:15:00+01:00,23.866106
2026-02-11T03:30:00+01:00,23.866106
2026-02-11T03:45:00+01:00,23.866106
2026-02-11T04:00:00+01:00,23.866106
2026-02-11T04:15:00+01:00,13.797289
2026-02-11T04:30:00+01:00,11.5704
2026-02-11T04:45:00+01:00,11.5704
2026-02-11T05:00:00+01:00,11.5704
2026-02-11T05:15:00+01:00,11.5704
2026-02-11T05:30:00+01:00,11.5704
2026-02-11T05:45:00+01:00,11.5704
2026-02-11T06:00:00+01:00,11.5704
2026-02-11T06:15:00+01:00,11.5704
2026-02-11T06:30:00+01:00,11.5704
2026-02-11T06:45:00+01:00,11.5704
2026-02-11T07:00:00+01:00,11.5704
2026-02-11T07:15:00+01:00,11.5704
2026-02-11T07:30:00+01:00,11.5704
2026-02-11T07:45:00+01:00,11.5704
2026-02-11T08:00:00+01:00,11.5704
2026-02-11T08:15:00+01:00,11.5704
2026-02-11T08:30:00+01:00,11.5704
2026-02-11T08:45:00+01:00,5.174496
2026-02-11T09:00:00+01:00,3.105233
2026-02-11T09:15:00+01:00,0.548591
2026-02-11T09:30:00+01:00,0.0
2026-02-11T09:45:00+01:00,0.0
2026-02-11T10:00:00+01:00,0.0
2026-02-11T10:15:00+01:00,0.0
2026-02-11T10:30:00+01:00,0.0
2026-02-11T10:45:00+01:00,20.849408
2026-02-11T11:00:00+01:00,23.964836
2026-02-11T11:15:00+01:00,23.964836
2026-02-11T11:30:00+01:00,23.964836
2026-02-11T11:45:00+01:00,23.964836
2026-02-11T12:00:00+01:00,23.964836
2026-02-11T12:15:00+01:00,23.964836
2026-02-11T12:30:00+01:00,23.964836
2026-02-11T12:45:00+01:00,23.964836
2026-02-11T13:00:00+01:00,23.964836
2026-02-11T13:15:00+01:00,23.964836
2026-02-11T13:30:00+01:00,23.964836
2026-02-11T13:45:00+01:00,23.964836
2026-02-11T14:00:00+01:00,23.964836
2026-02-11T14:15:00+01:00,23.964836
2026-02-11T14:30:00+01:00,23.964836
2026-02-11T14:45:00+01:00,23.964836
2026-02-11T15:00:00+01:00,18.871913
2026-02-11T15:15:00+01:00,12.059301
2026-02-11T15:30:00+01:00,12.059301
2026-02-11T15:45:00+01:00,12.059301
2026-02-11T16:00:00+01:00,12.059301
2026-02-11T16:15:00+01:00,12.059301
2026-02-11T16:30:00+01:00,12.059301
2026-02-11T16:45:00+01:00,12.059301
2026-02-11T17:00:00+01:00,12.059301
2026-02-11T17:15:00+01:00,12.059301
2026-02-11T17:30:00+01:00,12.059301
2026-02-11T17:45:00+01:00,12.059301
2026-02-11T18:00:00+01:00,12.059301
2026-02-11T18:15:00+01:00,12.059301
2026-02-11T18:30:00+01:00,12.059301
2026-02-11T18:45:00+01:00,12.059301
2026-02-11T19:00:00+01:00,12.059301
2026-02-11T19:15:00+01:00,12.059301
2026-02-11T19:30:00+01:00,12.059301
2026-02-11T19:45:00+01:00,12.059301
2026-02-11T20:00:00+01:00,12.059301
2026-02-11T20:15:00+01:00,12.059301
2026-02-11T20:30:00+01:00,12.059301
2026-02-11T20:45:00+01:00,12.059301
2026-02-11T21:00:00+01:00,12.059301
2026-02-11T21:15:00+01:00,12.059301
2026-02-11T21:30:00+01:00,12.059301
2026-02-11T21:45:00+01:00,12.059301
2026-02-11T22:00:00+01:00,12.059301
2026-02-11T22:15:00+01:00,12.059301
2026-02-11T22:30:00+01:00,12.059301
2026-02-11T22:45:00+01:00,12.059301
2026-02-11T23:00:00+01:00,12.059301
2026-02-11T23:15:00+01:00,12.059301
2026-02-11T23:30:00+01:00,12.059301
2026-02-11T23:45:00+01:00,12.059301
2026-02-12T00:00:00+01:00,12.059301
2026-02-12T00:15:00+01:00,12.059301
2026-02-12T00:30:00+01:00,12.059301
2026-02-12T00:45:00+01:00,12.059301
2026-02-12T01:00:00+01:00,12.059301
2026-02-12T01:15:00+01:00,12.059301
2026-02-12T01:30:00+01:00,12.059301
2026-02-12T01:45:00+01:00,12.059301
2026-02-12T02:00:00+01:00,12.059301
2026-02-12T02:15:00+01:00,10.055698
2026-02-12T02:30:00+01:00,3.51313
2026-02-12T02:45:00+01:00,3.51313
2026-02-12T03:00:00+01:00,4.810217
2026-02-12T03:15:00+01:00,16.065589
2026-02-12T03:30:00+01:00,16.065589
2026-02-12T03:45:00+01:00,16.065589
2026-02-12T04:00:00+01:00,16.065589
2026-02-12T04:15:00+01:00,16.065589
2026-02-12T04:30:00+01:00,16.065589
2026-02-12T04:45:00+01:00,16.065589
2026-02-12T05:00:00+01:00,16.065589
2026-02-12T05:15:00+01:00,16.065589
2026-02-12T05:30:00+01:00,16.065589
2026-02-12T05:45:00+01:00,16.065589
2026-02-12T06:00:00+01:00,16.065589
2026-02-12T06:15:00+01:00,16.065589
2026-02-12T06:30:00+01:00,16.065589
2026-02-12T06:45:00+01:00,16.065589
2026-02-12T07:00:00+01:00,16.065589
2026-02-12T07:15:00+01:00,16.065589
2026-02-12T07:30:00+01:00,16.065589
2026-02-12T07:45:00+01:00,16.065589
2026-02-12T08:00:00+01:00,16.065589
2026-02-12T08:15:00+01:00,16.065589
2026-02-12T08:30:00+01:00,16.065589
2026-02-12T08:45:00+01:00,16.065589
2026-02-12T09:00:00+01:00,16.065589
2026-02-12T09:15:00+01:00,11.066982
2026-02-12T09:30:00+01:00,8.268802
2026-02-12T09:45:00+01:00,8.268802
2026-02-12T10:00:00+01:00,8.268802
2026-02-12T10:15:00+01:00,8.268802
2026-02-12T10:30:00+01:00,8.268802
2026-02-12T10:45:00+01:00,8.268802
2026-02-12T11:00:00+01:00,8.268802
2026-02-12T11:15:00+01:00,11.315635
2026-02-12T11:30:00+01:00,25.624179
2026-02-12T11:45:00+01:00,25.624179
2026-02-12T12:00:00+01:00,13.599552
2026-02-12T12:15:00+01:00,6.803024
2026-02-12T12:30:00+01:00,6.803024
2026-02-12T12:45:00+01:00,6.803024
2026-02-12T13:00:00+01:00,6.803024
2026-02-12T13:15:00+01:00,5.151086
2026-02-12T13:30:00+01:00,4.226344
2026-02-12T13:45:00+01:00,4.226344
2026-02-12T14:00:00+01:00,4.226344
2026-02-12T14:15:00+01:00,4.226344
2026-02-12T14:30:00+01:00,4.226344
2026-02-12T14:45:00+01:00,4.226344
2026-02-12T15:00:00+01:00,4.226344
2026-02-12T15:15:00+01:00,4.226344
2026-02-12T15:30:00+01:00,4.226344
2026-02-12T15:45:00+01:00,4.226344
2026-02-12T16:00:00+01:00,4.226344
2026-02-12T16:15:00+01:00,4.226344
2026-02-12T16:30:00+01:00,4.226344
2026-02-12T16:45:00+01:00,4.795485
2026-02-12T17:00:00+01:00,5.50691
2026-02-12T17:15:00+01:00,5.50691
2026-02-12T17:30:00+01:00,5.50691
2026-02-12T17:45:00+01:00,5.50691
2026-02-12T18:00:00+01:00,5.50691
2026-02-12T18:15:00+01:00,5.50691
2026-02-12T18:30:00+01:00,5.50691
2026-02-12T18:45:00+01:00,5.50691
2026-02-12T19:00:00+01:00,5.50691
2026-02-12T19:15:00+01:00,5.50691
2026-02-12T19:30:00+01:00,26.47121
2026-02-12T19:45:00+01:00,28.488481
2026-02-12T20:00:00+01:00,28.488481
2026-02-12T20:15:00+01:00,28.488481
2026-02-12T20:30:00+01:00,28.488481
2026-02-12T20:45:00+01:00,28.488481
2026-02-12T21:00:00+01:00,21.111569
2026-02-12T21:15:00+01:00,20.96102
2026-02-12T21:30:00+01:00,20.96102
2026-02-12T21:45:00+01:00,20.96102
2026-02-12T22:00:00+01:00,15.50623
2026-02-12T22:15:00+01:00,8.779106
2026-02-12T22:30:00+01:00,8.779106
2026-02-12T22:45:00+01:00,8.779106
2026-02-12T23:00:00+01:00,8.164025
2026-02-12T23:15:00+01:00,8.108108
2026-02-12T23:30:00+01:00,8.108108
2026-02-12T23:45:00+01:00,8.108108
2026-02-13T00:00:00+01:00,8.108108
2026-02-13T00:15:00+01:00,8.108108
2026-02-13T00:30:00+01:00,8.108108
2026-02-13T00:45:00+01:00,8.108108
2026-02-13T01:00:00+01:00,8.108108
2026-02-13T01:15:00+01:00,8.108108
2026-02-13T01:30:00+01:00,8.108108
2026-02-13T01:45:00+01:00,8.108108
2026-02-13T02:00:00+01:00,8.108108
2026-02-13T02:15:00+01:00,14.730211
2026-02-13T02:30:00+01:00,17.305474
2026-02-13T02:45:00+01:00,17.305474
2026-02-13T03:00:00+01:00,17.305474
2026-02-13T03:15:00+01:00,17.305474
2026-02-13T03:30:00+01:00,17.305474
2026-02-13T03:45:00+01:00,17.305474
2026-02-13T04:00:00+01:00,17.305474
2026-02-13T04:15:00+01:00,17.343323
2026-02-13T04:30:00+01:00,18.030244
2026-02-13T04:45:00+01:00,18.030244
2026-02-13T05:00:00+01:00,18.030244
2026-02-13T05:15:00+01:00,18.030244
2026-02-13T05:30:00+01:00,18.030244
2026-02-13T05:45:00+01:00,18.030244
2026-02-13T06:00:00+01:00,18.030244
2026-02-13T06:15:00+01:00,18.030244
2026-02-13T06:30:00+01:00,14.946731
2026-02-13T06:45:00+01:00,11.261556
2026-02-13T07:00:00+01:00,11.261556
2026-02-13T07:15:00+01:00,11.261556
2026-02-13T07:30:00+01:00,11.261556
2026-02-13T07:45:00+01:00,11.261556
2026-02-13T08:00:00+01:00,11.261556
2026-02-13T08:15:00+01:00,11.261556
2026-02-13T08:30:00+01:00,11.261556
2026-02-13T08:45:00+01:00,11.261556
2026-02-13T09:00:00+01:00,11.261556
2026-02-13T09:15:00+01:00,11.261556
2026-02-13T09:30:00+01:00,11.261556
2026-02-13T09:45:00+01:00,11.261556
2026-02-13T10:00:00+01:00,11.261556
2026-02-13T10:15:00+01:00,11.261556
2026-02-13T10:30:00+01:00,11.261556
2026-02-13T10:45:00+01:00,11.261556
2026-02-13T11:00:00+01:00,11.261556
2026-02-13T11:15:00+01:00,11.261556
2026-02-13T11:30:00+01:00,11.261556
2026-02-13T11:45:00+01:00,11.261556
2026-02-13T12:00:00+01:00,11.261556
2026-02-13T12:15:00+01:00,11.261556
2026-02-13T12:30:00+01:00,3.908177
2026-02-13T12:45:00+01:00,0.082433
2026-02-13T13:00:00+01:00,0.082433
2026-02-13T13:15:00+01:00,0.082433
2026-02-13T13:30:00+01:00,0.082433
2026-02-13T13:45:00+01:00,0.082433
2026-02-13T14:00:00+01:00,0.082433
2026-02-13T14:15:00+01:00,0.082433
2026-02-13T14:30:00+01:00,0.082433
2026-02-13T14:45:00+01:00,0.082433
2026-02-13T15:00:00+01:00,0.082433
2026-02-13T15:15:00+01:00,0.082433
2026-02-13T15:30:00+01:00,2.190304
2026-02-13T15:45:00+01:00,1.14219
2026-02-13T16:00:00+01:00,0.370447
2026-02-13T16:15:00+01:00,0.370447
2026-02-13T16:30:00+01:00,0.370447
2026-02-13T16:45:00+01:00,0.370447
2026-02-13T17:00:00+01:00,0.317229
2026-02-13T17:15:00+01:00,0.235147
2026-02-13T17:30:00+01:00,0.235147
2026-02-13T17:45:00+01:00,0.235147
2026-02-13T18:00:00+01:00,0.235147
2026-02-13T18:15:00+01:00,0.235147
2026-02-13T18:30:00+01:00,0.235147
2026-02-13T18:45:00+01:00,0.235147
2026-02-13T19:00:00+01:00,0.235147
2026-02-13T19:15:00+01:00,0.235147
2026-02-13T19:30:00+01:00,0.235147
2026-02-13T19:45:00+01:00,0.235147
2026-02-13T20:00:00+01:00,0.235147
2026-02-13T20:15:00+01:00,0.235147
2026-02-13T20:30:00+01:00,0.235147
2026-02-13T20:45:00+01:00,0.235147
2026-02-13T21:00:00+01:00,0.235147
2026-02-13T21:15:00+01:00,0.235147
2026-02-13T21:30:00+01:00,0.235147
2026-02-13T21:45:00+01:00,0.235147
2026-02-13T22:00:00+01:00,0.235147
2026-02-13T22:15:00+01:00,0.236551
2026-02-13T22:30:00+01:00,0.245946
2026-02-13T22:45:00+01:00,0.245946
2026-02-13T23:00:00+01:00,0.245946
2026-02-13T23:15:00+01:00,0.245946
2026-02-13T23:30:00+01:00,0.245946
2026-02-13T23:45:00+01:00,0.245946
2026-02-14T00:00:00+01:00,0.245946
2026-02-14T00:15:00+01:00,0.245946
2026-02-14T00:30:00+01:00,0.245946
2026-02-14T00:45:00+01:00,0.245946
2026-02-14T01:00:00+01:00,0.245946
2026-02-14T01:15:00+01:00,0.245946
2026-02-14T01:30:00+01:00,0.219858
2026-02-14T01:45:00+01:00,0.217962
2026-02-14T02:00:00+01:00,0.217962
2026-02-14T02:15:00+01:00,0.217962
2026-02-14T02:30:00+01:00,0.217962
2026-02-14T02:45:00+01:00,0.217962
2026-02-14T03:00:00+01:00,0.217962
2026-02-14T03:15:00+01:00,0.217962
2026-02-14T03:30:00+01:00,0.217962
2026-02-14T03:45:00+01:00,0.217962
2026-02-14T04:00:00+01:00,0.217962
2026-02-14T04:15:00+01:00,0.217962
2026-02-14T04:30:00+01:00,0.217962
2026-02-14T04:45:00+01:00,0.217962
2026-02-14T05:00:00+01:00,0.217962
2026-02-14T05:15:00+01:00,0.217962
2026-02-14T05:30:00+01:00,0.217962
2026-02-14T05:45:00+01:00,0.217962
2026-02-14T06:00:00+01:00,0.217962
2026-02-14T06:15:00+01:00,0.217962
2026-02-14T06:30:00+01:00,0.217962
2026-02-14T06:45:00+01:00,0.217962
2026-02-14T07:00:00+01:00,0.217962
2026-02-14T07:15:00+01:00,0.217962
2026-02-14T07:30:00+01:00,0.217962
2026-02-14T07:45:00+01:00,0.217962
2026-02-14T08:00:00+01:00,0.217962
2026-02-14T08:15:00+01:00,0.246484
2026-02-14T08:30:00+01:00,0.288485
2026-02-14T08:45:00+01:00,0.288485
2026-02-14T09:00:00+01:00,0.288485
2026-02-14T09:15:00+01:00,0.288485
2026-02-14T09:30:00+01:00,0.288485
2026-02-14T09:45:00+01:00,0.288485
2026-02-14T10:00:00+01:00,0.288485
2026-02-14T10:15:00+01:00,0.288485
2026-02-14T10:30:00+01:00,0.288485
2026-02-14T10:45:00+01:00,0.288485
2026-02-14T11:00:00+01:00,0.288485
2026-02-14T11:15:00+01:00,0.288485
2026-02-14T11:30:00+01:00,0.288485
2026-02-14T11:45:00+01:00,0.230452
2026-02-14T12:00:00+01:00,0.180796
2026-02-14T12:15:00+01:00,0.180796
2026-02-14T12:30:00+01:00,0.180796
2026-02-14T12:45:00+01:00,0.180796
2026-02-14T13:00:00+01:00,0.180796
2026-02-14T13:15:00+01:00,0.180796
2026-02-14T13:30:00+01:00,0.180796
2026-02-14T13:45:00+01:00,0.180796
2026-02-14T14:00:00+01:00,0.180796
2026-02-14T14:15:00+01:00,0.180796
2026-02-14T14:30:00+01:00,0.206335
2026-02-14T14:45:00+01:00,0.234375
2026-02-14T15:00:00+01:00,0.234375
2026-02-14T15:15:00+01:00,0.234375
2026-02-14T15:30:00+01:00,0.234375
2026-02-14T15:45:00+01:00,0.234375
2026-02-14T16:00:00+01:00,0.234375
2026-02-14T16:15:00+01:00,0.234375
2026-02-14T16:30:00+01:00,0.234375
2026-02-14T16:45:00+01:00,0.302253
2026-02-14T17:00:00+01:00,0.306331
2026-02-14T17:15:00+01:00,0.306331
2026-02-14T17:30:00+01:00,0.290384
2026-02-14T17:45:00+01:00,0.282841
2026-02-14T18:00:00+01:00,0.282841
2026-02-14T18:15:00+01:00,0.277267
2026-02-14T18:30:00+01:00,0.243952
2026-02-14T18:45:00+01:00,0.243952
2026-02-14T19:00:00+01:00,0.243952
2026-02-14T19:15:00+01:00,0.243952
2026-02-14T19:30:00+01:00,0.243952
2026-02-14T19:45:00+01:00,0.243952
2026-02-14T20:00:00+01:00,0.243952
2026-02-14T20:15:00+01:00,0.243952
2026-02-14T20:30:00+01:00,0.243952
2026-02-14T20:45:00+01:00,0.243952
2026-02-14T21:00:00+01:00,0.243952
2026-02-14T21:15:00+01:00,0.243952
2026-02-14T21:30:00+01:00,0.243952
2026-02-14T21:45:00+01:00,0.243952
2026-02-14T22:00:00+01:00,0.243952
2026-02-14T22:15:00+01:00,0.243952
2026-02-14T22:30:00+01:00,0.284761
2026-02-14T22:45:00+01:00,0.298607
2026-02-14T23:00:00+01:00,0.298607
2026-02-14T23:15:00+01:00,0.298607
2026-02-14T23:30:00+01:00,0.298607
2026-02-14T23:45:00+01:00,0.298607
2026-02-15T00:00:00+01:00,0.298607
2026-02-15T00:15:00+01:00,0.298607
2026-02-15T00:30:00+01:00,0.298607
2026-02-15T00:45:00+01:00,0.298607
2026-02-15T01:00:00+01:00,0.298607
2026-02-15T01:15:00+01:00,0.298607
2026-02-15T01:30:00+01:00,0.298607
2026-02-15T01:45:00+01:00,0.300169
2026-02-15T02:00:00+01:00,0.303056
2026-02-15T02:15:00+01:00,0.303056
2026-02-15T02:30:00+01:00,0.303056
2026-02-15T02:45:00+01:00,0.303056
2026-02-15T03:00:00+01:00,0.303056
2026-02-15T03:15:00+01:00,0.303056
2026-02-15T03:30:00+01:00,0.303056
2026-02-15T03:45:00+01:00,0.303056
2026-02-15T04:00:00+01:00,0.303056
2026-02-15T04:15:00+01:00,0.303056
2026-02-15T04:30:00+01:00,0.303056
2026-02-15T04:45:00+01:00,0.303056
2026-02-15T05:00:00+01:00,0.288195
2026-02-15T05:15:00+01:00,0.205433
2026-02-15T05:30:00+01:00,0.205433
2026-02-15T05:45:00+01:00,0.205433
2026-02-15T06:00:00+01:00,0.205433
2026-02-15T06:15:00+01:00,0.2039
2026-02-15T06:30:00+01:00,0.200044
2026-02-15T06:45:00+01:00,0.200044
2026-02-15T07:00:00+01:00,0.200044
2026-02-15T07:15:00+01:00,0.200044
2026-02-15T07:30:00+01:00,0.212035
2026-02-15T07:45:00+01:00,0.242033
2026-02-15T08:00:00+01:00,0.242033
2026-02-15T08:15:00+01:00,0.242033
2026-02-15T08:30:00+01:00,0.242033
2026-02-15T08:45:00+01:00,0.242033
2026-02-15T09:00:00+01:00,0.242033
2026-02-15T09:15:00+01:00,0.242033
2026-02-15T09:30:00+01:00,0.243166
2026-02-15T09:45:00+01:00,0.293026
2026-02-15T10:00:00+01:00,0.293026
2026-02-15T10:15:00+01:00,0.293026
2026-02-15T10:30:00+01:00,0.293026
2026-02-15T10:45:00+01:00,0.293026
2026-02-15T11:00:00+01:00,0.293026
2026-02-15T11:15:00+01:00,0.293026
2026-02-15T11:30:00+01:00,0.293026
2026-02-15T11:45:00+01:00,0.293026
2026-02-15T12:00:00+01:00,0.293026
2026-02-15T12:15:00+01:00,0.293026
2026-02-15T12:30:00+01:00,0.293026
2026-02-15T12:45:00+01:00,0.293026
2026-02-15T13:00:00+01:00,0.293026
2026-02-15T13:15:00+01:00,0.293026
2026-02-15T13:30:00+01:00,0.293026
2026-02-15T13:45:00+01:00,0.293026
2026-02-15T14:00:00+01:00,0.271206
2026-02-15T14:15:00+01:00,0.27027
2026-02-15T14:30:00+01:00,0.27027
2026-02-15T14:45:00+01:00,0.27027
2026-02-15T15:00:00+01:00,0.27027
2026-02-15T15:15:00+01:00,0.27027
2026-02-15T15:30:00+01:00,0.27027
2026-02-15T15:45:00+01:00,0.274442
2026-02-15T16:00:00+01:00,0.277735
2026-02-15T16:15:00+01:00,0.277735
2026-02-15T16:30:00+01:00,0.277735
2026-02-15T16:45:00+01:00,0.277735
2026-02-15T17:00:00+01:00,0.277735
2026-02-15T17:15:00+01:00,0.277735
2026-02-15T17:30:00+01:00,0.323347
2026-02-15T17:45:00+01:00,0.405223
2026-02-15T18:00:00+01:00,0.405223
2026-02-15T18:15:00+01:00,0.283048
2026-02-15T18:30:00+01:00,0.267948
2026-02-15T18:45:00+01:00,0.267948
2026-02-15T19:00:00+01:00,0.267948
2026-02-15T19:15:00+01:00,0.267948
2026-02-15T19:30:00+01:00,0.267948
2026-02-15T19:45:00+01:00,0.267948
2026-02-15T20:00:00+01:00,0.267948
2026-02-15T20:15:00+01:00,0.267948
2026-02-15T20:30:00+01:00,0.267948
2026-02-15T20:45:00+01:00,0.267948
2026-02-15T21:00:00+01:00,0.267948
2026-02-15T21:15:00+01:00,0.267948
2026-02-15T21:30:00+01:00,0.267948
2026-02-15T21:45:00+01:00,0.267948
2026-02-15T22:00:00+01:00,0.267948
2026-02-15T22:15:00+01:00,0.267948
2026-02-15T22:30:00+01:00,0.267948
2026-02-15T22:45:00+01:00,0.267948
2026-02-15T23:00:00+01:00,0.267948
2026-02-15T23:15:00+01:00,0.267948
2026-02-15T23:30:00+01:00,0.267948
2026-02-15T23:45:00+01:00,0.267948
2026-02-16T00:00:00+01:00,0.267948
2026-02-16T00:15:00+01:00,0.267948
2026-02-16T00:30:00+01:00,0.267948
2026-02-16T00:45:00+01:00,0.12592
2026-02-16T01:00:00+01:00,0.082425
2026-02-16T01:15:00+01:00,0.082425
2026-02-16T01:30:00+01:00,0.082425
2026-02-16T01:45:00+01:00,0.082425
2026-02-16T02:00:00+01:00,0.082425
2026-02-16T02:15:00+01:00,0.082425
2026-02-16T02:30:00+01:00,0.082425
2026-02-16T02:45:00+01:00,0.082425
2026-02-16T03:00:00+01:00,0.082425
2026-02-16T03:15:00+01:00,0.082425
2026-02-16T03:30:00+01:00,0.082425
2026-02-16T03:45:00+01:00,0.521884
2026-02-16T04:00:00+01:00,0.776308
2026-02-16T04:15:00+01:00,0.776308
2026-02-16T04:30:00+01:00,0.776308
2026-02-16T04:45:00+01:00,0.179413
2026-02-16T05:00:00+01:00,7.536809
2026-02-16T05:15:00+01:00,10.732798
2026-02-16T05:30:00+01:00,10.732798
2026-02-16T05:45:00+01:00,10.732798
2026-02-16T06:00:00+01:00,10.732798
2026-02-16T06:15:00+01:00,10.732798
2026-02-16T06:30:00+01:00,10.732798
2026-02-16T06:45:00+01:00,10.732798
2026-02-16T07:00:00+01:00,10.732798
2026-02-16T07:15:00+01:00,10.732798
2026-02-16T07:30:00+01:00,10.732798
2026-02-16T07:45:00+01:00,10.732798
2026-02-16T08:00:00+01:00,10.732798
2026-02-16T08:15:00+01:00,10.732798
2026-02-16T08:30:00+01:00,10.732798
2026-02-16T08:45:00+01:00,10.732798
2026-02-16T09:00:00+01:00,10.732798
2026-02-16T09:15:00+01:00,10.732798
2026-02-16T09:30:00+01:00,10.732798
2026-02-16T09:45:00+01:00,10.732798
2026-02-16T10:00:00+01:00,10.732798
2026-02-16T10:15:00+01:00,10.732798
2026-02-16T10:30:00+01:00,10.732798
2026-02-16T10:45:00+01:00,10.732798
2026-02-16T11:00:00+01:00,10.732798
2026-02-16T11:15:00+01:00,10.732798
2026-02-16T11:30:00+01:00,10.732798
2026-02-16T11:45:00+01:00,10.732798
2026-02-16T12:00:00+01:00,10.732798
2026-02-16T12:15:00+01:00,10.732798
2026-02-16T12:30:00+01:00,10.732798
2026-02-16T12:45:00+01:00,10.732798
2026-02-16T13:00:00+01:00,10.732798
2026-02-16T13:15:00+01:00,13.915304
2026-02-16T13:30:00+01:00,14.247221
2026-02-16T13:45:00+01:00,14.247221
2026-02-16T14:00:00+01:00,14.247221
2026-02-16T14:15:00+01:00,14.247221
2026-02-16T14:30:00+01:00,14.247221
2026-02-16T14:45:00+01:00,14.385012
2026-02-16T15:00:00+01:00,14.694915
2026-02-16T15:15:00+01:00,14.694915
2026-02-16T15:30:00+01:00,14.694915
2026-02-16T15:45:00+01:00,14.694915
2026-02-16T16:00:00+01:00,14.694915
2026-02-16T16:15:00+01:00,14.694915
2026-02-16T16:30:00+01:00,14.694915
2026-02-16T16:45:00+01:00,14.694915
2026-02-16T17:00:00+01:00,14.694915
2026-02-16T17:15:00+01:00,14.694915
2026-02-16T17:30:00+01:00,14.694915
2026-02-16T17:45:00+01:00,14.694915
2026-02-16T18:00:00+01:00,14.694915
2026-02-16T18:15:00+01:00,14.694915
2026-02-16T18:30:00+01:00,14.694915
2026-02-16T18:45:00+01:00,14.694915
2026-02-16T19:00:00+01:00,14.694915
2026-02-16T19:15:00+01:00,14.694915
2026-02-16T19:30:00+01:00,14.694915
2026-02-16T19:45:00+01:00,11.535681
2026-02-16T20:00:00+01:00,9.767167
2026-02-16T20:15:00+01:00,9.767167
2026-02-16T20:30:00+01:00,9.767167
2026-02-16T20:45:00+01:00,9.767167
2026-02-16T21:00:00+01:00,9.767167
2026-02-16T21:15:00+01:00,9.767167
2026-02-16T21:30:00+01:00,9.767167
2026-02-16T21:45:00+01:00,9.767167
2026-02-16T22:00:00+01:00,9.767167
2026-02-16T22:15:00+01:00,9.767167
2026-02-16T22:30:00+01:00,7.669487
2026-02-16T22:45:00+01:00,4.230769
2026-02-16T23:00:00+01:00,4.230769
2026-02-16T23:15:00+01:00,4.230769
2026-02-16T23:30:00+01:00,4.230769
2026-02-16T23:45:00+01:00,4.230769
2026-02-17T00:00:00+01:00,4.230769
2026-02-17T00:15:00+01:00,4.230769
2026-02-17T00:30:00+01:00,10.965121
2026-02-17T00:45:00+01:00,15.864006
2026-02-17T01:00:00+01:00,15.864006
2026-02-17T01:15:00+01:00,15.864006
2026-02-17T01:30:00+01:00,15.864006
2026-02-17T01:45:00+01:00,15.864006
2026-02-17T02:00:00+01:00,15.864006
2026-02-17T02:15:00+01:00,15.864006
2026-02-17T02:30:00+01:00,15.864006
2026-02-17T02:45:00+01:00,15.864006
2026-02-17T03:00:00+01:00,15.864006
2026-02-17T03:15:00+01:00,15.864006
2026-02-17T03:30:00+01:00,15.864006
2026-02-17T03:45:00+01:00,15.864006
2026-02-17T04:00:00+01:00,15.864006
2026-02-17T04:15:00+01:00,15.864006
2026-02-17T04:30:00+01:00,15.864006
2026-02-17T04:45:00+01:00,15.864006
2026-02-17T05:00:00+01:00,15.864006
2026-02-17T05:15:00+01:00,14.530749
2026-02-17T05:30:00+01:00,14.508152
2026-02-17T05:45:00+01:00,14.508152
2026-02-17T06:00:00+01:00,14.508152
2026-02-17T06:15:00+01:00,14.508152
2026-02-17T06:30:00+01:00,14.508152
2026-02-17T06:45:00+01:00,11.505744
2026-02-17T07:00:00+01:00,11.236763
2026-02-17T07:15:00+01:00,11.236763
2026-02-17T07:30:00+01:00,11.236763
2026-02-17T07:45:00+01:00,11.236763
2026-02-17T08:00:00+01:00,11.236763
2026-02-17T08:15:00+01:00,11.236763
2026-02-17T08:30:00+01:00,11.236763
2026-02-17T08:45:00+01:00,11.236763
2026-02-17T09:00:00+01:00,11.236763
2026-02-17T09:15:00+01:00,11.236763
2026-02-17T09:30:00+01:00,11.236763
2026-02-17T09:45:00+01:00,11.236763
2026-02-17T10:00:00+01:00,11.236763
2026-02-17T10:15:00+01:00,11.236763
2026-02-17T10:30:00+01:00,11.236763
2026-02-17T10:45:00+01:00,11.236763
2026-02-17T11:00:00+01:00,8.979819
2026-02-17T11:15:00+01:00,8.783563
2026-02-17T11:30:00+01:00,8.783563
2026-02-17T11:45:00+01:00,8.783563
2026-02-17T12:00:00+01:00,8.783563
2026-02-17T12:15:00+01:00,8.783563
2026-02-17T12:30:00+01:00,8.783563
2026-02-17T12:45:00+01:00,8.783563
2026-02-17T13:00:00+01:00,8.783563
2026-02-17T13:15:00+01:00,8.783563
2026-02-17T13:30:00+01:00,8.783563
2026-02-17T13:45:00+01:00,8.783563
2026-02-17T14:00:00+01:00,8.783563
2026-02-17T14:15:00+01:00,8.783563
2026-02-17T14:30:00+01:00,8.783563
2026-02-17T14:45:00+01:00,8.783563
2026-02-17T15:00:00+01:00,8.783563
2026-02-17T15:15:00+01:00,8.783563
2026-02-17T15:30:00+01:00,8.783563
2026-02-17T15:45:00+01:00,8.783563
2026-02-17T16:00:00+01:00,8.783563
2026-02-17T16:15:00+01:00,8.783563
2026-02-17T16:30:00+01:00,8.783563
2026-02-17T16:45:00+01:00,9.854068
2026-02-17T17:00:00+01:00,17.30971
2026-02-17T17:15:00+01:00,17.30971
2026-02-17T17:30:00+01:00,17.30971
2026-02-17T17:45:00+01:00,17.30971
2026-02-17T18:00:00+01:00,17.30971
2026-02-17T18:15:00+01:00,17.30971
2026-02-17T18:30:00+01:00,17.30971
2026-02-17T18:45:00+01:00,17.30971
2026-02-17T19:00:00+01:00,17.30971
2026-02-17T19:15:00+01:00,20.082552
2026-02-17T19:30:00+01:00,21.98304
2026-02-17T19:45:00+01:00,21.98304
2026-02-17T20:00:00+01:00,21.98304
2026-02-17T20:15:00+01:00,21.98304
2026-02-17T20:30:00+01:00,21.98304
2026-02-17T20:45:00+01:00,21.98304
2026-02-17T21:00:00+01:00,21.98304
2026-02-17T21:15:00+01:00,21.98304
2026-02-17T21:30:00+01:00,21.98304
2026-02-17T21:45:00+01:00,21.98304
2026-02-17T22:00:00+01:00,21.98304
2026-02-17T22:15:00+01:00,21.98304
2026-02-17T22:30:00+01:00,21.98304
2026-02-17T22:45:00+01:00,21.98304
2026-02-17T23:00:00+01:00,21.922866
2026-02-17T23:15:00+01:00,21.754532
2026-02-17T23:30:00+01:00,21.754532
2026-02-17T23:45:00+01:00,21.754532
2026-02-18T00:00:00+01:00,21.754532
2026-02-18T00:15:00+01:00,21.754532
2026-02-18T00:30:00+01:00,16.97381
2026-02-18T00:45:00+01:00,16.620105
2026-02-18T01:00:00+01:00,16.620105
2026-02-18T01:15:00+01:00,16.620105
2026-02-18T01:30:00+01:00,16.620105
2026-02-18T01:45:00+01:00,16.620105
2026-02-18T02:00:00+01:00,16.620105
2026-02-18T02:15:00+01:00,16.620105
2026-02-18T02:30:00+01:00,16.620105
2026-02-18T02:45:00+01:00,16.620105
2026-02-18T03:00:00+01:00,16.620105
2026-02-18T03:15:00+01:00,16.620105
2026-02-18T03:30:00+01:00,16.620105
2026-02-18T03:45:00+01:00,16.620105
2026-02-18T04:00:00+01:00,16.620105
2026-02-18T04:15:00+01:00,16.620105
2026-02-18T04:30:00+01:00,16.620105
2026-02-18T04:45:00+01:00,16.620105
2026-02-18T05:00:00+01:00,16.620105
2026-02-18T05:15:00+01:00,16.620105
2026-02-18T05:30:00+01:00,16.620105
2026-02-18T05:45:00+01:00,16.620105
2026-02-18T06:00:00+01:00,16.620105
2026-02-18T06:15:00+01:00,12.134596
2026-02-18T06:30:00+01:00,6.985359
2026-02-18T06:45:00+01:00,6.985359
2026-02-18T07:00:00+01:00,6.985359
2026-02-18T07:15:00+01:00,6.985359
2026-02-18T07:30:00+01:00,6.985359
2026-02-18T07:45:00+01:00,6.985359
2026-02-18T08:00:00+01:00,6.985359
2026-02-18T08:15:00+01:00,6.985359
2026-02-18T08:30:00+01:00,6.985359
2026-02-18T08:45:00+01:00,6.985359
2026-02-18T09:00:00+01:00,6.985359
2026-02-18T09:15:00+01:00,6.985359
2026-02-18T09:30:00+01:00,6.985359
2026-02-18T09:45:00+01:00,6.985359
2026-02-18T10:00:00+01:00,6.985359
2026-02-18T10:15:00+01:00,6.985359
2026-02-18T10:30:00+01:00,6.985359
2026-02-18T10:45:00+01:00,6.985359
2026-02-18T11:00:00+01:00,6.985359
2026-02-18T11:15:00+01:00,6.985359
2026-02-18T11:30:00+01:00,6.985359
2026-02-18T11:45:00+01:00,6.985359
2026-02-18T12:00:00+01:00,6.985359
2026-02-18T12:15:00+01:00,6.985359
2026-02-18T12:30:00+01:00,6.985359
2026-02-18T12:45:00+01:00,6.985359
2026-02-18T13:00:00+01:00,6.985359
2026-02-18T13:15:00+01:00,6.985359
2026-02-18T13:30:00+01:00,6.985359
2026-02-18T13:45:00+01:00,6.985359
2026-02-18T14:00:00+01:00,6.985359
2026-02-18T14:15:00+01:00,6.985359
2026-02-18T14:30:00+01:00,6.985359
2026-02-18T14:45:00+01:00,6.985359
2026-02-18T15:00:00+01:00,6.985359
2026-02-18T15:15:00+01:00,6.985359
2026-02-18T15:30:00+01:00,6.985359
2026-02-18T15:45:00+01:00,32.253582
2026-02-18T16:00:00+01:00,44.574451
2026-02-18T16:15:00+01:00,44.574451
2026-02-18T16:30:00+01:00,44.574451
2026-02-18T16:45:00+01:00,44.574451
2026-02-18T17:00:00+01:00,44.574451
2026-02-18T17:15:00+01:00,44.574451
2026-02-18T17:30:00+01:00,64.507962
2026-02-18T17:45:00+01:00,71.511628
2026-02-18T18:00:00+01:00,71.511628
2026-02-18T18:15:00+01:00,27.327479
2026-02-18T18:30:00+01:00,20.919092
2026-02-18T18:45:00+01:00,20.919092
2026-02-18T19:00:00+01:00,20.919092
2026-02-18T19:15:00+01:00,20.919092
2026-02-18T19:30:00+01:00,20.919092
2026-02-18T19:45:00+01:00,15.593883
2026-02-18T20:00:00+01:00,12.205114
2026-02-18T20:15:00+01:00,12.205114
2026-02-18T20:30:00+01:00,12.205114
2026-02-18T20:45:00+01:00,12.205114
2026-02-18T21:00:00+01:00,12.205114
2026-02-18T21:15:00+01:00,12.205114
2026-02-18T21:30:00+01:00,12.205114
2026-02-18T21:45:00+01:00,8.075894
2026-02-18T22:00:00+01:00,6.666667
2026-02-18T22:15:00+01:00,6.666667
2026-02-18T22:30:00+01:00,6.835166
2026-02-18T22:45:00+01:00,7.824296
2026-02-18T23:00:00+01:00,7.824296
2026-02-18T23:15:00+01:00,7.824296
2026-02-18T23:30:00+01:00,7.824296
2026-02-18T23:45:00+01:00,7.824296
2026-02-19T00:00:00+01:00,7.824296
2026-02-19T00:15:00+01:00,7.824296
2026-02-19T00:30:00+01:00,7.824296
2026-02-19T00:45:00+01:00,7.824296
2026-02-19T01:00:00+01:00,7.824296
2026-02-19T01:15:00+01:00,7.824296
2026-02-19T01:30:00+01:00,7.824296
2026-02-19T01:45:00+01:00,7.824296
2026-02-19T02:00:00+01:00,7.824296
2026-02-19T02:15:00+01:00,7.824296
2026-02-19T02:30:00+01:00,7.824296
2026-02-19T02:45:00+01:00,7.824296
2026-02-19T03:00:00+01:00,7.824296
2026-02-19T03:15:00+01:00,7.824296
2026-02-19T03:30:00+01:00,7.824296
2026-02-19T03:45:00+01:00,7.824296
2026-02-19T04:00:00+01:00,7.824296
2026-02-19T04:15:00+01:00,7.824296
2026-02-19T04:30:00+01:00,7.824296
2026-02-19T04:45:00+01:00,7.824296
2026-02-19T05:00:00+01:00,7.824296
2026-02-19T05:15:00+01:00,7.824296
2026-02-19T05:30:00+01:00,7.824296
2026-02-19T05:45:00+01:00,7.824296
2026-02-19T06:00:00+01:00,7.824296
2026-02-19T06:15:00+01:00,7.824296
2026-02-19T06:30:00+01:00,7.824296
2026-02-19T06:45:00+01:00,7.824296
2026-02-19T07:00:00+01:00,8.839937
2026-02-19T07:15:00+01:00,14.645763
2026-02-19T07:30:00+01:00,14.645763
2026-02-19T07:45:00+01:00,14.645763
2026-02-19T08:00:00+01:00,14.645763
2026-02-19T08:15:00+01:00,14.645763
2026-02-19T08:30:00+01:00,14.645763
2026-02-19T08:45:00+01:00,14.645763
2026-02-19T09:00:00+01:00,14.645763
2026-02-19T09:15:00+01:00,14.645763
2026-02-19T09:30:00+01:00,14.645763
2026-02-19T09:45:00+01:00,14.645763
2026-02-19T10:00:00+01:00,9.524664
2026-02-19T10:15:00+01:00,9.26143
2026-02-19T10:30:00+01:00,9.26143
2026-02-19T10:45:00+01:00,9.26143
2026-02-19T11:00:00+01:00,9.26143
2026-02-19T11:15:00+01:00,9.26143
2026-02-19T11:30:00+01:00,9.26143
2026-02-19T11:45:00+01:00,9.26143
2026-02-19T12:00:00+01:00,17.837389
2026-02-19T12:15:00+01:00,29.626503
2026-02-19T12:30:00+01:00,29.626503
2026-02-19T12:45:00+01:00,29.626503
2026-02-19T13:00:00+01:00,29.626503
2026-02-19T13:15:00+01:00,31.198883
2026-02-19T13:30:00+01:00,39.734656
2026-02-19T13:45:00+01:00,39.734656
2026-02-19T14:00:00+01:00,39.734656
2026-02-19T14:15:00+01:00,39.734656
2026-02-19T14:30:00+01:00,39.734656
2026-02-19T14:45:00+01:00,39.734656
2026-02-19T15:00:00+01:00,39.734656
2026-02-19T15:15:00+01:00,39.734656
2026-02-19T15:30:00+01:00,39.734656
2026-02-19T15:45:00+01:00,39.734656
2026-02-19T16:00:00+01:00,39.734656
2026-02-19T16:15:00+01:00,39.734656
2026-02-19T16:30:00+01:00,39.734656
2026-02-19T16:45:00+01:00,39.734656
2026-02-19T17:00:00+01:00,39.734656
2026-02-19T17:15:00+01:00,39.734656
2026-02-19T17:30:00+01:00,39.734656
2026-02-19T17:45:00+01:00,39.734656
2026-02-19T18:00:00+01:00,39.734656
2026-02-19T18:15:00+01:00,37.722029
2026-02-19T18:30:00+01:00,30.722892
2026-02-19T18:45:00+01:00,30.722892
2026-02-19T19:00:00+01:00,30.722892
2026-02-19T19:15:00+01:00,30.722892
2026-02-19T19:30:00+01:00,30.722892
2026-02-19T19:45:00+01:00,15.527648
2026-02-19T20:00:00+01:00,8.700799
2026-02-19T20:15:00+01:00,8.700799
2026-02-19T20:30:00+01:00,8.700799
2026-02-19T20:45:00+01:00,8.700799
2026-02-19T21:00:00+01:00,8.700799
2026-02-19T21:15:00+01:00,8.700799
2026-02-19T21:30:00+01:00,8.700799
2026-02-19T21:45:00+01:00,8.700799
2026-02-19T22:00:00+01:00,8.700799
2026-02-19T22:15:00+01:00,8.700799
2026-02-19T22:30:00+01:00,9.554451
2026-02-19T22:45:00+01:00,8.003985
2026-02-19T23:00:00+01:00,5.221175
2026-02-19T23:15:00+01:00,16.228624
2026-02-19T23:30:00+01:00,15.737862
2026-02-19T23:45:00+01:00,10.834767
2026-02-20T00:00:00+01:00,10.834767
2026-02-20T00:15:00+01:00,10.834767
2026-02-20T00:30:00+01:00,10.834767
2026-02-20T00:45:00+01:00,10.834767
2026-02-20T01:00:00+01:00,10.834767
2026-02-20T01:15:00+01:00,10.834767
2026-02-20T01:30:00+01:00,10.834767
2026-02-20T01:45:00+01:00,16.717095
2026-02-20T02:00:00+01:00,18.540874
2026-02-20T02:15:00+01:00,18.540874
2026-02-20T02:30:00+01:00,18.540874
2026-02-20T02:45:00+01:00,18.540874
2026-02-20T03:00:00+01:00,18.540874
2026-02-20T03:15:00+01:00,18.540874
2026-02-20T03:30:00+01:00,18.540874
2026-02-20T03:45:00+01:00,15.726478
2026-02-20T04:00:00+01:00,9.01848
2026-02-20T04:15:00+01:00,9.01848
2026-02-20T04:30:00+01:00,9.01848
2026-02-20T04:45:00+01:00,9.01848
2026-02-20T05:00:00+01:00,9.01848
2026-02-20T05:15:00+01:00,9.01848
2026-02-20T05:30:00+01:00,9.01848
2026-02-20T05:45:00+01:00,9.01848
2026-02-20T06:00:00+01:00,9.01848
2026-02-20T06:15:00+01:00,9.01848
2026-02-20T06:30:00+01:00,9.01848
2026-02-20T06:45:00+01:00,9.01848
2026-02-20T07:00:00+01:00,9.01848
2026-02-20T07:15:00+01:00,2.094292
2026-02-20T07:30:00+01:00,0.0
2026-02-20T07:45:00+01:00,0.0
2026-02-20T08:00:00+01:00,0.0
2026-02-20T08:15:00+01:00,0.0
2026-02-20T08:30:00+01:00,0.0
2026-02-20T08:45:00+01:00,0.0
2026-02-20T09:00:00+01:00,0.0
2026-02-20T09:15:00+01:00,0.0
2026-02-20T09:30:00+01:00,0.0
2026-02-20T09:45:00+01:00,0.0
2026-02-20T10:00:00+01:00,0.0
2026-02-20T10:15:00+01:00,0.0
2026-02-20T10:30:00+01:00,0.0
2026-02-20T10:45:00+01:00,0.0
2026-02-20T11:00:00+01:00,0.0
2026-02-20T11:15:00+01:00,0.0
2026-02-20T11:30:00+01:00,0.0
2026-02-20T11:45:00+01:00,0.0
2026-02-20T12:00:00+01:00,0.0
2026-02-20T12:15:00+01:00,0.0
2026-02-20T12:30:00+01:00,0.0
2026-02-20T12:45:00+01:00,0.0
2026-02-20T13:00:00+01:00,0.319976
2026-02-20T13:15:00+01:00,0.86221
2026-02-20T13:30:00+01:00,0.86221
2026-02-20T13:45:00+01:00,0.86221
2026-02-20T14:00:00+01:00,0.86221
2026-02-20T14:15:00+01:00,0.86221
2026-02-20T14:30:00+01:00,0.86221
2026-02-20T14:45:00+01:00,0.86221
2026-02-20T15:00:00+01:00,0.86221
2026-02-20T15:15:00+01:00,0.86221
2026-02-20T15:30:00+01:00,0.86221
2026-02-20T15:45:00+01:00,0.86221
2026-02-20T16:00:00+01:00,0.86221
2026-02-20T16:15:00+01:00,0.86221
2026-02-20T16:30:00+01:00,0.86221
2026-02-20T16:45:00+01:00,0.86221
2026-02-20T17:00:00+01:00,0.86221
2026-02-20T17:15:00+01:00,0.86221
2026-02-20T17:30:00+01:00,0.86221
2026-02-20T17:45:00+01:00,0.86221
2026-02-20T18:00:00+01:00,0.86221
2026-02-20T18:15:00+01:00,0.86221
2026-02-20T18:30:00+01:00,0.86221
2026-02-20T18:45:00+01:00,0.86221
2026-02-20T19:00:00+01:00,0.86221
2026-02-20T19:15:00+01:00,0.86221
2026-02-20T19:30:00+01:00,0.86221
2026-02-20T19:45:00+01:00,0.86221
2026-02-20T20:00:00+01:00,0.86221
2026-02-20T20:15:00+01:00,0.86221
2026-02-20T20:30:00+01:00,0.86221
2026-02-20T20:45:00+01:00,0.86221
2026-02-20T21:00:00+01:00,0.86221
2026-02-20T21:15:00+01:00,0.86221
2026-02-20T21:30:00+01:00,0.86221
2026-02-20T21:45:00+01:00,0.86221
2026-02-20T22:00:00+01:00,0.86221
2026-02-20T22:15:00+01:00,0.86221
2026-02-20T22:30:00+01:00,0.86221
2026-02-20T22:45:00+01:00,0.86221
2026-02-20T23:00:00+01:00,0.86221
2026-02-20T23:15:00+01:00,0.86221
2026-02-20T23:30:00+01:00,0.86221
2026-02-20T23:45:00+01:00,0.86221
2026-02-21T00:00:00+01:00,0.86221
2026-02-21T00:15:00+01:00,0.86221
2026-02-21T00:30:00+01:00,0.86221
2026-02-21T00:45:00+01:00,0.86221
2026-02-21T01:00:00+01:00,0.86221
2026-02-21T01:15:00+01:00,0.86221
2026-02-21T01:30:00+01:00,0.86221
2026-02-21T01:45:00+01:00,0.86221
2026-02-21T02:00:00+01:00,0.86221
2026-02-21T02:15:00+01:00,0.86221
2026-02-21T02:30:00+01:00,0.86221
2026-02-21T02:45:00+01:00,0.86221
2026-02-21T03:00:00+01:00,0.86221
2026-02-21T03:15:00+01:00,0.86221
2026-02-21T03:30:00+01:00,0.86221
2026-02-21T03:45:00+01:00,0.86221
2026-02-21T04:00:00+01:00,0.86221
2026-02-21T04:15:00+01:00,0.86221
2026-02-21T04:30:00+01:00,0.86221
2026-02-21T04:45:00+01:00,0.86221
2026-02-21T05:00:00+01:00,0.86221
2026-02-21T05:15:00+01:00,0.86221
2026-02-21T05:30:00+01:00,0.86221
2026-02-21T05:45:00+01:00,0.86221
2026-02-21T06:00:00+01:00,0.86221
2026-02-21T06:15:00+01:00,0.86221
2026-02-21T06:30:00+01:00,0.86221
2026-02-21T06:45:00+01:00,0.86221
2026-02-21T07:00:00+01:00,0.86221
2026-02-21T07:15:00+01:00,0.86221
2026-02-21T07:30:00+01:00,0.86221
2026-02-21T07:45:00+01:00,0.86221
2026-02-21T08:00:00+01:00,0.86221
2026-02-21T08:15:00+01:00,0.86221
2026-02-21T08:30:00+01:00,0.86221
2026-02-21T08:45:00+01:00,0.86221
2026-02-21T09:00:00+01:00,0.86221
2026-02-21T09:15:00+01:00,0.86221
2026-02-21T09:30:00+01:00,0.86221
2026-02-21T09:45:00+01:00,0.86221
2026-02-21T10:00:00+01:00,0.86221
2026-02-21T10:15:00+01:00,0.86221
2026-02-21T10:30:00+01:00,0.86221
2026-02-21T10:45:00+01:00,0.86221
2026-02-21T11:00:00+01:00,0.86221
2026-02-21T11:15:00+01:00,0.86221
2026-02-21T11:30:00+01:00,0.86221
2026-02-21T11:45:00+01:00,0.86221
2026-02-21T12:00:00+01:00,0.86221
2026-02-21T12:15:00+01:00,0.86221
2026-02-21T12:30:00+01:00,0.86221
2026-02-21T12:45:00+01:00,0.86221
2026-02-21T13:00:00+01:00,0.86221
2026-02-21T13:15:00+01:00,0.86221
2026-02-21T13:30:00+01:00,0.86221
2026-02-21T13:45:00+01:00,0.86221
2026-02-21T14:00:00+01:00,0.86221
2026-02-21T14:15:00+01:00,0.86221
2026-02-21T14:30:00+01:00,0.86221
2026-02-21T14:45:00+01:00,0.86221
2026-02-21T15:00:00+01:00,0.86221
2026-02-21T15:15:00+01:00,0.86221
2026-02-21T15:30:00+01:00,0.86221
2026-02-21T15:45:00+01:00,0.86221
2026-02-21T16:00:00+01:00,0.86221
2026-02-21T16:15:00+01:00,0.86221
2026-02-21T16:30:00+01:00,0.86221
2026-02-21T16:45:00+01:00,0.86221
2026-02-21T17:00:00+01:00,0.86221
2026-02-21T17:15:00+01:00,0.86221
2026-02-21T17:30:00+01:00,0.86221
2026-02-21T17:45:00+01:00,0.86221
2026-02-21T18:00:00+01:00,0.86221
2026-02-21T18:15:00+01:00,0.86221
2026-02-21T18:30:00+01:00,0.86221
2026-02-21T18:45:00+01:00,0.86221
2026-02-21T19:00:00+01:00,0.86221
2026-02-21T19:15:00+01:00,0.86221
2026-02-21T19:30:00+01:00,0.86221
2026-02-21T19:45:00+01:00,0.86221
2026-02-21T20:00:00+01:00,0.86221
2026-02-21T20:15:00+01:00,0.86221
2026-02-21T20:30:00+01:00,0.86221
2026-02-21T20:45:00+01:00,0.86221
2026-02-21T21:00:00+01:00,0.86221
2026-02-21T21:15:00+01:00,0.86221
2026-02-21T21:30:00+01:00,0.86221
2026-02-21T21:45:00+01:00,0.86221
2026-02-21T22:00:00+01:00,0.86221
2026-02-21T22:15:00+01:00,0.86221
2026-02-21T22:30:00+01:00,0.86221
2026-02-21T22:45:00+01:00,0.86221
2026-02-21T23:00:00+01:00,0.86221
2026-02-21T23:15:00+01:00,0.86221
2026-02-21T23:30:00+01:00,0.86221
2026-02-21T23:45:00+01:00,0.86221
2026-02-22T00:00:00+01:00,0.86221
2026-02-22T00:15:00+01:00,0.86221
2026-02-22T00:30:00+01:00,0.86221
2026-02-22T00:45:00+01:00,0.86221
2026-02-22T01:00:00+01:00,0.86221
2026-02-22T01:15:00+01:00,0.86221
2026-02-22T01:30:00+01:00,0.86221
2026-02-22T01:45:00+01:00,0.86221
2026-02-22T02:00:00+01:00,0.86221
2026-02-22T02:15:00+01:00,0.86221
2026-02-22T02:30:00+01:00,0.86221
2026-02-22T02:45:00+01:00,0.86221
2026-02-22T03:00:00+01:00,0.86221
2026-02-22T03:15:00+01:00,0.86221
2026-02-22T03:30:00+01:00,0.86221
2026-02-22T03:45:00+01:00,0.86221
2026-02-22T04:00:00+01:00,0.86221
2026-02-22T04:15:00+01:00,0.86221
2026-02-22T04:30:00+01:00,0.86221
2026-02-22T04:45:00+01:00,0.86221
2026-02-22T05:00:00+01:00,0.86221
2026-02-22T05:15:00+01:00,0.86221
2026-02-22T05:30:00+01:00,0.86221
2026-02-22T05:45:00+01:00,0.86221
2026-02-22T06:00:00+01:00,0.86221
2026-02-22T06:15:00+01:00,0.86221
2026-02-22T06:30:00+01:00,0.86221
2026-02-22T06:45:00+01:00,0.86221
2026-02-22T07:00:00+01:00,0.86221
2026-02-22T07:15:00+01:00,0.86221
2026-02-22T07:30:00+01:00,0.86221
2026-02-22T07:45:00+01:00,0.86221
2026-02-22T08:00:00+01:00,0.86221
2026-02-22T08:15:00+01:00,0.86221
2026-02-22T08:30:00+01:00,0.86221
2026-02-22T08:45:00+01:00,0.86221
2026-02-22T09:00:00+01:00,0.86221
2026-02-22T09:15:00+01:00,0.86221
2026-02-22T09:30:00+01:00,0.86221
2026-02-22T09:45:00+01:00,0.86221
2026-02-22T10:00:00+01:00,0.86221
2026-02-22T10:15:00+01:00,0.86221
2026-02-22T10:30:00+01:00,0.86221
2026-02-22T10:45:00+01:00,0.86221
2026-02-22T11:00:00+01:00,0.86221
2026-02-22T11:15:00+01:00,0.86221
2026-02-22T11:30:00+01:00,0.86221
2026-02-22T11:45:00+01:00,0.86221
2026-02-22T12:00:00+01:00,0.86221
2026-02-22T12:15:00+01:00,0.86221
2026-02-22T12:30:00+01:00,0.86221
2026-02-22T12:45:00+01:00,0.86221
2026-02-22T13:00:00+01:00,0.86221
2026-02-22T13:15:00+01:00,0.86221
2026-02-22T13:30:00+01:00,0.86221
2026-02-22T13:45:00+01:00,0.86221
2026-02-22T14:00:00+01:00,0.86221
2026-02-22T14:15:00+01:00,0.86221
2026-02-22T14:30:00+01:00,0.86221
2026-02-22T14:45:00+01:00,0.86221
2026-02-22T15:00:00+01:00,0.86221
2026-02-22T15:15:00+01:00,0.86221
2026-02-22T15:30:00+01:00,0.86221
2026-02-22T15:45:00+01:00,0.86221
2026-02-22T16:00:00+01:00,0.86221
2026-02-22T16:15:00+01:00,0.86221
2026-02-22T16:30:00+01:00,0.86221
2026-02-22T16:45:00+01:00,0.86221
2026-02-22T17:00:00+01:00,0.86221
2026-02-22T17:15:00+01:00,0.86221
2026-02-22T17:30:00+01:00,0.86221
2026-02-22T17:45:00+01:00,0.86221
2026-02-22T18:00:00+01:00,0.86221
2026-02-22T18:15:00+01:00,0.86221
2026-02-22T18:30:00+01:00,0.86221
2026-02-22T18:45:00+01:00,0.86221
2026-02-22T19:00:00+01:00,0.86221
2026-02-22T19:15:00+01:00,0.86221
2026-02-22T19:30:00+01:00,0.86221
2026-02-22T19:45:00+01:00,0.86221
2026-02-22T20:00:00+01:00,0.86221
2026-02-22T20:15:00+01:00,0.86221
2026-02-22T20:30:00+01:00,0.86221
2026-02-22T20:45:00+01:00,0.86221
2026-02-22T21:00:00+01:00,0.86221
2026-02-22T21:15:00+01:00,0.86221
2026-02-22T21:30:00+01:00,0.86221
2026-02-22T21:45:00+01:00,0.86221
2026-02-22T22:00:00+01:00,0.86221
2026-02-22T22:15:00+01:00,0.86221
2026-02-22T22:30:00+01:00,0.86221
2026-02-22T22:45:00+01:00,0.86221
2026-02-22T23:00:00+01:00,0.86221
2026-02-22T23:15:00+01:00,0.86221
2026-02-22T23:30:00+01:00,0.86221
2026-02-22T23:45:00+01:00,0.86221
2026-02-23T00:00:00+01:00,0.86221
2026-02-23T00:15:00+01:00,0.86221
2026-02-23T00:30:00+01:00,0.86221
2026-02-23T00:45:00+01:00,0.86221
2026-02-23T01:00:00+01:00,0.86221
2026-02-23T01:15:00+01:00,0.86221
2026-02-23T01:30:00+01:00,0.86221
2026-02-23T01:45:00+01:00,0.86221
2026-02-23T02:00:00+01:00,0.86221
2026-02-23T02:15:00+01:00,0.86221
2026-02-23T02:30:00+01:00,0.86221
2026-02-23T02:45:00+01:00,0.86221
2026-02-23T03:00:00+01:00,0.86221
2026-02-23T03:15:00+01:00,0.86221
2026-02-23T03:30:00+01:00,0.86221
2026-02-23T03:45:00+01:00,0.86221
2026-02-23T04:00:00+01:00,0.86221
2026-02-23T04:15:00+01:00,0.86221
2026-02-23T04:30:00+01:00,0.86221
2026-02-23T04:45:00+01:00,0.86221
2026-02-23T05:00:00+01:00,0.86221
2026-02-23T05:15:00+01:00,0.86221
2026-02-23T05:30:00+01:00,0.86221
2026-02-23T05:45:00+01:00,0.86221
2026-02-23T06:00:00+01:00,0.86221
2026-02-23T06:15:00+01:00,0.86221
2026-02-23T06:30:00+01:00,0.86221
2026-02-23T06:45:00+01:00,0.86221
2026-02-23T07:00:00+01:00,0.86221
2026-02-23T07:15:00+01:00,0.86221
2026-02-23T07:30:00+01:00,0.86221
2026-02-23T07:45:00+01:00,0.86221
2026-02-23T08:00:00+01:00,0.86221
2026-02-23T08:15:00+01:00,0.86221
2026-02-23T08:30:00+01:00,0.86221
2026-02-23T08:45:00+01:00,0.86221
2026-02-23T09:00:00+01:00,0.86221
2026-02-23T09:15:00+01:00,16.53699
2026-02-23T09:30:00+01:00,20.081967
2026-02-23T09:45:00+01:00,20.081967
2026-02-23T10:00:00+01:00,20.081967
2026-02-23T10:15:00+01:00,20.081967
2026-02-23T10:30:00+01:00,20.081967
2026-02-23T10:45:00+01:00,20.081967
2026-02-23T11:00:00+01:00,20.081967
2026-02-23T11:15:00+01:00,20.081967
2026-02-23T11:30:00+01:00,20.081967
2026-02-23T11:45:00+01:00,20.081967
2026-02-23T12:00:00+01:00,20.081967
2026-02-23T12:15:00+01:00,13.432994
2026-02-23T12:30:00+01:00,9.280386
2026-02-23T12:45:00+01:00,9.280386
2026-02-23T13:00:00+01:00,9.280386
2026-02-23T13:15:00+01:00,9.280386
2026-02-23T13:30:00+01:00,12.629698
2026-02-23T13:45:00+01:00,15.357766
2026-02-23T14:00:00+01:00,15.357766
2026-02-23T14:15:00+01:00,15.357766
2026-02-23T14:30:00+01:00,15.357766
2026-02-23T14:45:00+01:00,15.357766
2026-02-23T15:00:00+01:00,13.462232
2026-02-23T15:15:00+01:00,13.049268
2026-02-23T15:30:00+01:00,13.049268
2026-02-23T15:45:00+01:00,13.049268
2026-02-23T16:00:00+01:00,13.049268
2026-02-23T16:15:00+01:00,13.049268
2026-02-23T16:30:00+01:00,13.049268
2026-02-23T16:45:00+01:00,13.049268
2026-02-23T17:00:00+01:00,13.049268
2026-02-23T17:15:00+01:00,13.049268
2026-02-23T17:30:00+01:00,13.049268
2026-02-23T17:45:00+01:00,13.049268
2026-02-23T18:00:00+01:00,13.049268
2026-02-23T18:15:00+01:00,13.049268
2026-02-23T18:30:00+01:00,13.049268
2026-02-23T18:45:00+01:00,13.049268
2026-02-23T19:00:00+01:00,13.049268
2026-02-23T19:15:00+01:00,13.049268
2026-02-23T19:30:00+01:00,13.049268
2026-02-23T19:45:00+01:00,13.049268
2026-02-23T20:00:00+01:00,13.049268
2026-02-23T20:15:00+01:00,13.049268
2026-02-23T20:30:00+01:00,15.209665
2026-02-23T20:45:00+01:00,20.470478
2026-02-23T21:00:00+01:00,20.470478
2026-02-23T21:15:00+01:00,20.470478
2026-02-23T21:30:00+01:00,20.470478
2026-02-23T21:45:00+01:00,20.470478
2026-02-23T22:00:00+01:00,20.470478
2026-02-23T22:15:00+01:00,20.470478
2026-02-23T22:30:00+01:00,20.470478
2026-02-23T22:45:00+01:00,20.470478
2026-02-23T23:00:00+01:00,20.470478
2026-02-23T23:15:00+01:00,20.470478
2026-02-23T23:30:00+01:00,20.470478
2026-02-23T23:45:00+01:00,20.470478
2026-02-24T00:00:00+01:00,20.470478
2026-02-24T00:15:00+01:00,20.470478
2026-02-24T00:30:00+01:00,20.470478
2026-02-24T00:45:00+01:00,20.470478
2026-02-24T01:00:00+01:00,20.470478
2026-02-24T01:15:00+01:00,20.470478
2026-02-24T01:30:00+01:00,20.470478
2026-02-24T01:45:00+01:00,20.470478
2026-02-24T02:00:00+01:00,20.470478
2026-02-24T02:15:00+01:00,20.470478
2026-02-24T02:30:00+01:00,20.470478
2026-02-24T02:45:00+01:00,20.470478
2026-02-24T03:00:00+01:00,20.470478
2026-02-24T03:15:00+01:00,20.470478
2026-02-24T03:30:00+01:00,20.470478
2026-02-24T03:45:00+01:00,20.470478
2026-02-24T04:00:00+01:00,20.470478
2026-02-24T04:15:00+01:00,20.470478
2026-02-24T04:30:00+01:00,20.470478
2026-02-24T04:45:00+01:00,20.470478
2026-02-24T05:00:00+01:00,20.470478
2026-02-24T05:15:00+01:00,20.470478
2026-02-24T05:30:00+01:00,14.146402
2026-02-24T05:45:00+01:00,10.432263
2026-02-24T06:00:00+01:00,10.432263
2026-02-24T06:15:00+01:00,10.432263
2026-02-24T06:30:00+01:00,10.522389
2026-02-24T06:45:00+01:00,13.55203
2026-02-24T07:00:00+01:00,13.55203
2026-02-24T07:15:00+01:00,13.55203
2026-02-24T07:30:00+01:00,13.55203
2026-02-24T07:45:00+01:00,4.202849
2026-02-24T08:00:00+01:00,3.125434
2026-02-24T08:15:00+01:00,3.125434
2026-02-24T08:30:00+01:00,3.125434
2026-02-24T08:45:00+01:00,3.125434
2026-02-24T09:00:00+01:00,3.125434
2026-02-24T09:15:00+01:00,3.125434
2026-02-24T09:30:00+01:00,3.125434
2026-02-24T09:45:00+01:00,3.32691
2026-02-24T10:00:00+01:00,3.34985
2026-02-24T10:15:00+01:00,3.34985
2026-02-24T10:30:00+01:00,3.34985
2026-02-24T10:45:00+01:00,3.34985
2026-02-24T11:00:00+01:00,3.34985
2026-02-24T11:15:00+01:00,3.34985
2026-02-24T11:30:00+01:00,3.34985
2026-02-24T11:45:00+01:00,3.34985
2026-02-24T12:00:00+01:00,3.34985
2026-02-24T12:15:00+01:00,3.34985
2026-02-24T12:30:00+01:00,3.34985
2026-02-24T12:45:00+01:00,3.34985
2026-02-24T13:00:00+01:00,3.34985
2026-02-24T13:15:00+01:00,3.34985
2026-02-24T13:30:00+01:00,3.34985
2026-02-24T13:45:00+01:00,3.34985
2026-02-24T14:00:00+01:00,3.34985
2026-02-24T14:15:00+01:00,3.34985
2026-02-24T14:30:00+01:00,3.34985
2026-02-24T14:45:00+01:00,3.34985
2026-02-24T15:00:00+01:00,3.34985
2026-02-24T15:15:00+01:00,3.34985
2026-02-24T15:30:00+01:00,3.34985
2026-02-24T15:45:00+01:00,3.34985
2026-02-24T16:00:00+01:00,3.34985
2026-02-24T16:15:00+01:00,3.34985
2026-02-24T16:30:00+01:00,3.34985
2026-02-24T16:45:00+01:00,3.34985
2026-02-24T17:00:00+01:00,3.34985
2026-02-24T17:15:00+01:00,3.34985
2026-02-24T17:30:00+01:00,3.34985
2026-02-24T17:45:00+01:00,3.34985
2026-02-24T18:00:00+01:00,3.34985
2026-02-24T18:15:00+01:00,3.34985
2026-02-24T18:30:00+01:00,3.34985
2026-02-24T18:45:00+01:00,3.34985
2026-02-24T19:00:00+01:00,3.34985
2026-02-24T19:15:00+01:00,3.34985
2026-02-24T19:30:00+01:00,3.34985
2026-02-24T19:45:00+01:00,3.34985
2026-02-24T20:00:00+01:00,3.34985
2026-02-24T20:15:00+01:00,3.34985
2026-02-24T20:30:00+01:00,3.34985
2026-02-24T20:45:00+01:00,3.34985
2026-02-24T21:00:00+01:00,3.34985
2026-02-24T21:15:00+01:00,3.34985
2026-02-24T21:30:00+01:00,3.34985
2026-02-24T21:45:00+01:00,18.538109
2026-02-24T22:00:00+01:00,66.928606
2026-02-24T22:15:00+01:00,66.928606
2026-02-24T22:30:00+01:00,66.928606
2026-02-24T22:45:00+01:00,66.928606
2026-02-24T23:00:00+01:00,66.928606
2026-02-24T23:15:00+01:00,66.928606
2026-02-24T23:30:00+01:00,66.928606
2026-02-24T23:45:00+01:00,66.928606
2026-02-25T00:00:00+01:00,66.928606
2026-02-25T00:15:00+01:00,66.928606
2026-02-25T00:30:00+01:00,66.928606
2026-02-25T00:45:00+01:00,43.886693
2026-02-25T01:00:00+01:00,31.173913
2026-02-25T01:15:00+01:00,31.173913
2026-02-25T01:30:00+01:00,31.173913
2026-02-25T01:45:00+01:00,31.173913
2026-02-25T02:00:00+01:00,31.173913
2026-02-25T02:15:00+01:00,31.173913
2026-02-25T02:30:00+01:00,31.173913
2026-02-25T02:45:00+01:00,15.35942
2026-02-25T03:00:00+01:00,16.213679
2026-02-25T03:15:00+01:00,17.730777
2026-02-25T03:30:00+01:00,17.730777
2026-02-25T03:45:00+01:00,17.730777
2026-02-25T04:00:00+01:00,17.730777
2026-02-25T04:15:00+01:00,17.730777
2026-02-25T04:30:00+01:00,17.730777
2026-02-25T04:45:00+01:00,17.730777
2026-02-25T05:00:00+01:00,17.730777
2026-02-25T05:15:00+01:00,17.730777
2026-02-25T05:30:00+01:00,17.730777
2026-02-25T05:45:00+01:00,17.730777
2026-02-25T06:00:00+01:00,17.730777
2026-02-25T06:15:00+01:00,17.730777
2026-02-25T06:30:00+01:00,17.730777
2026-02-25T06:45:00+01:00,17.730777
2026-02-25T07:00:00+01:00,17.730777
2026-02-25T07:15:00+01:00,17.730777
2026-02-25T07:30:00+01:00,17.730777
2026-02-25T07:45:00+01:00,17.730777
2026-02-25T08:00:00+01:00,17.730777
2026-02-25T08:15:00+01:00,17.730777
2026-02-25T08:30:00+01:00,17.730777
2026-02-25T08:45:00+01:00,17.730777
2026-02-25T09:00:00+01:00,17.730777
2026-02-25T09:15:00+01:00,17.730777
2026-02-25T09:30:00+01:00,17.730777
2026-02-25T09:45:00+01:00,17.730777
2026-02-25T10:00:00+01:00,17.730777
2026-02-25T10:15:00+01:00,17.730777
2026-02-25T10:30:00+01:00,17.730777
2026-02-25T10:45:00+01:00,17.730777
2026-02-25T11:00:00+01:00,17.730777
2026-02-25T11:15:00+01:00,17.730777
2026-02-25T11:30:00+01:00,14.479949
2026-02-25T11:45:00+01:00,13.20176
2026-02-25T12:00:00+01:00,13.20176
2026-02-25T12:15:00+01:00,13.20176
2026-02-25T12:30:00+01:00,13.20176
2026-02-25T12:45:00+01:00,13.20176
2026-02-25T13:00:00+01:00,13.20176
2026-02-25T13:15:00+01:00,13.20176
2026-02-25T13:30:00+01:00,15.489586
2026-02-25T13:45:00+01:00,19.135602
2026-02-25T14:00:00+01:00,19.135602
2026-02-25T14:15:00+01:00,19.135602
2026-02-25T14:30:00+01:00,19.135602
2026-02-25T14:45:00+01:00,19.135602
2026-02-25T15:00:00+01:00,19.135602
2026-02-25T15:15:00+01:00,19.135602
2026-02-25T15:30:00+01:00,19.135602
2026-02-25T15:45:00+01:00,19.135602
2026-02-25T16:00:00+01:00,19.135602
2026-02-25T16:15:00+01:00,19.135602
2026-02-25T16:30:00+01:00,19.135602
2026-02-25T16:45:00+01:00,19.135602
2026-02-25T17:00:00+01:00,19.135602
2026-02-25T17:15:00+01:00,19.135602
2026-02-25T17:30:00+01:00,19.135602
2026-02-25T17:45:00+01:00,19.135602
2026-02-25T18:00:00+01:00,19.135602
2026-02-25T18:15:00+01:00,19.135602
2026-02-25T18:30:00+01:00,19.135602
2026-02-25T18:45:00+01:00,19.135602
2026-02-25T19:00:00+01:00,19.135602
2026-02-25T19:15:00+01:00,19.135602
2026-02-25T19:30:00+01:00,17.71042
2026-02-25T19:45:00+01:00,15.976331
2026-02-25T20:00:00+01:00,15.976331
2026-02-25T20:15:00+01:00,15.976331
2026-02-25T20:30:00+01:00,15.976331
2026-02-25T20:45:00+01:00,15.976331
2026-02-25T21:00:00+01:00,15.976331
2026-02-25T21:15:00+01:00,15.976331
2026-02-25T21:30:00+01:00,15.976331
2026-02-25T21:45:00+01:00,15.976331
2026-02-25T22:00:00+01:00,15.976331
2026-02-25T22:15:00+01:00,15.976331
2026-02-25T22:30:00+01:00,15.976331
2026-02-25T22:45:00+01:00,15.976331
2026-02-25T23:00:00+01:00,15.976331
2026-02-25T23:15:00+01:00,15.976331
2026-02-25T23:30:00+01:00,15.976331
2026-02-25T23:45:00+01:00,15.976331
2026-02-26T00:00:00+01:00,15.976331
2026-02-26T00:15:00+01:00,15.976331
2026-02-26T00:30:00+01:00,15.976331
2026-02-26T00:45:00+01:00,15.976331
2026-02-26T01:00:00+01:00,3.974608
2026-02-26T01:15:00+01:00,1.966538
2026-02-26T01:30:00+01:00,1.966538
2026-02-26T01:45:00+01:00,1.966538
2026-02-26T02:00:00+01:00,1.966538
2026-02-26T02:15:00+01:00,1.966538
2026-02-26T02:30:00+01:00,1.966538
2026-02-26T02:45:00+01:00,1.966538
2026-02-26T03:00:00+01:00,1.966538
2026-02-26T03:15:00+01:00,1.966538
2026-02-26T03:30:00+01:00,1.966538
2026-02-26T03:45:00+01:00,1.966538
2026-02-26T04:00:00+01:00,1.966538
2026-02-26T04:15:00+01:00,1.966538
2026-02-26T04:30:00+01:00,1.966538
2026-02-26T04:45:00+01:00,1.966538
2026-02-26T05:00:00+01:00,1.966538
2026-02-26T05:15:00+01:00,4.153444
2026-02-26T05:30:00+01:00,39.102678
2026-02-26T05:45:00+01:00,39.102678
2026-02-26T06:00:00+01:00,39.102678
2026-02-26T06:15:00+01:00,39.102678
2026-02-26T06:30:00+01:00,39.102678
2026-02-26T06:45:00+01:00,39.102678
2026-02-26T07:00:00+01:00,16.876852
2026-02-26T07:15:00+01:00,11.086931
2026-02-26T07:30:00+01:00,11.086931
2026-02-26T07:45:00+01:00,11.086931
2026-02-26T08:00:00+01:00,11.086931
2026-02-26T08:15:00+01:00,11.086931
2026-02-26T08:30:00+01:00,11.086931
2026-02-26T08:45:00+01:00,11.086931
2026-02-26T09:00:00+01:00,11.086931
2026-02-26T09:15:00+01:00,11.086931
2026-02-26T09:30:00+01:00,11.086931
2026-02-26T09:45:00+01:00,11.086931
2026-02-26T10:00:00+01:00,11.086931
2026-02-26T10:15:00+01:00,11.086931
2026-02-26T10:30:00+01:00,11.086931
2026-02-26T10:45:00+01:00,11.086931
2026-02-26T11:00:00+01:00,11.086931
2026-02-26T11:15:00+01:00,11.086931
2026-02-26T11:30:00+01:00,11.086931
2026-02-26T11:45:00+01:00,11.086931
2026-02-26T12:00:00+01:00,11.086931
2026-02-26T12:15:00+01:00,11.086931
2026-02-26T12:30:00+01:00,11.086931
2026-02-26T12:45:00+01:00,11.086931
2026-02-26T13:00:00+01:00,11.086931
2026-02-26T13:15:00+01:00,11.086931
2026-02-26T13:30:00+01:00,11.086931
2026-02-26T13:45:00+01:00,11.086931
2026-02-26T14:00:00+01:00,11.358021
2026-02-26T14:15:00+01:00,12.434892
2026-02-26T14:30:00+01:00,12.434892
2026-02-26T14:45:00+01:00,12.434892
2026-02-26T15:00:00+01:00,12.434892
2026-02-26T15:15:00+01:00,12.434892
2026-02-26T15:30:00+01:00,12.434892
2026-02-26T15:45:00+01:00,12.434892
2026-02-26T16:00:00+01:00,12.434892
2026-02-26T16:15:00+01:00,12.434892
2026-02-26T16:30:00+01:00,12.434892
2026-02-26T16:45:00+01:00,12.434892
2026-02-26T17:00:00+01:00,12.434892
2026-02-26T17:15:00+01:00,12.434892
2026-02-26T17:30:00+01:00,12.434892
2026-02-26T17:45:00+01:00,12.434892
2026-02-26T18:00:00+01:00,12.434892
2026-02-26T18:15:00+01:00,12.434892
2026-02-26T18:30:00+01:00,12.434892
2026-02-26T18:45:00+01:00,12.434892
2026-02-26T19:00:00+01:00,12.434892
2026-02-26T19:15:00+01:00,18.593058
2026-02-26T19:30:00+01:00,19.017254
2026-02-26T19:45:00+01:00,19.017254
2026-02-26T20:00:00+01:00,19.017254
2026-02-26T20:15:00+01:00,19.017254
2026-02-26T20:30:00+01:00,19.017254
2026-02-26T20:45:00+01:00,19.017254
2026-02-26T21:00:00+01:00,19.017254
2026-02-26T21:15:00+01:00,19.017254
2026-02-26T21:30:00+01:00,19.017254
2026-02-26T21:45:00+01:00,19.017254
2026-02-26T22:00:00+01:00,19.017254
2026-02-26T22:15:00+01:00,19.017254
2026-02-26T22:30:00+01:00,19.017254
2026-02-26T22:45:00+01:00,19.017254
2026-02-26T23:00:00+01:00,19.017254
2026-02-26T23:15:00+01:00,19.017254
2026-02-26T23:30:00+01:00,19.017254
2026-02-26T23:45:00+01:00,19.017254
2026-02-27T00:00:00+01:00,19.017254
2026-02-27T00:15:00+01:00,19.017254
2026-02-27T00:30:00+01:00,19.017254
2026-02-27T00:45:00+01:00,19.017254
2026-02-27T01:00:00+01:00,19.017254
2026-02-27T01:15:00+01:00,19.017254
2026-02-27T01:30:00+01:00,19.017254
2026-02-27T01:45:00+01:00,18.196936
2026-02-27T02:00:00+01:00,16.040294
2026-02-27T02:15:00+01:00,16.040294
2026-02-27T02:30:00+01:00,16.040294
2026-02-27T02:45:00+01:00,16.040294
2026-02-27T03:00:00+01:00,16.040294
2026-02-27T03:15:00+01:00,15.228608
2026-02-27T03:30:00+01:00,14.537171
2026-02-27T03:45:00+01:00,14.537171
2026-02-27T04:00:00+01:00,14.537171
2026-02-27T04:15:00+01:00,14.537171
2026-02-27T04:30:00+01:00,14.537171
2026-02-27T04:45:00+01:00,14.537171
2026-02-27T05:00:00+01:00,14.537171
2026-02-27T05:15:00+01:00,14.537171
2026-02-27T05:30:00+01:00,14.537171
2026-02-27T05:45:00+01:00,14.537171
2026-02-27T06:00:00+01:00,14.537171
2026-02-27T06:15:00+01:00,14.537171
2026-02-27T06:30:00+01:00,14.537171
2026-02-27T06:45:00+01:00,14.537171
2026-02-27T07:00:00+01:00,14.537171
2026-02-27T07:15:00+01:00,14.537171
2026-02-27T07:30:00+01:00,14.537171
2026-02-27T07:45:00+01:00,14.537171
2026-02-27T08:00:00+01:00,14.537171
2026-02-27T08:15:00+01:00,14.537171
2026-02-27T08:30:00+01:00,14.105823
2026-02-27T08:45:00+01:00,8.991266
2026-02-27T09:00:00+01:00,8.991266
2026-02-27T09:15:00+01:00,8.991266
2026-02-27T09:30:00+01:00,8.991266
2026-02-27T09:45:00+01:00,8.991266
2026-02-27T10:00:00+01:00,8.991266
2026-02-27T10:15:00+01:00,8.991266
2026-02-27T10:30:00+01:00,8.991266
2026-02-27T10:45:00+01:00,8.991266
2026-02-27T11:00:00+01:00,8.991266
2026-02-27T11:15:00+01:00,8.991266
2026-02-27T11:30:00+01:00,8.991266
2026-02-27T11:45:00+01:00,8.991266
2026-02-27T12:00:00+01:00,8.991266
2026-02-27T12:15:00+01:00,8.991266
2026-02-27T12:30:00+01:00,8.991266
2026-02-27T12:45:00+01:00,8.991266
2026-02-27T13:00:00+01:00,8.991266
2026-02-27T13:15:00+01:00,8.991266
2026-02-27T13:30:00+01:00,3.576634
2026-02-27T13:45:00+01:00,0.179026
2026-02-27T14:00:00+01:00,0.179026
2026-02-27T14:15:00+01:00,0.179026
2026-02-27T14:30:00+01:00,0.179026
2026-02-27T14:45:00+01:00,0.179026
2026-02-27T15:00:00+01:00,0.179026
2026-02-27T15:15:00+01:00,0.179026
2026-02-27T15:30:00+01:00,0.179026
2026-02-27T15:45:00+01:00,0.179026
2026-02-27T16:00:00+01:00,0.179026
2026-02-27T16:15:00+01:00,0.179026
2026-02-27T16:30:00+01:00,0.179026
2026-02-27T16:45:00+01:00,0.179026
2026-02-27T17:00:00+01:00,0.179026
2026-02-27T17:15:00+01:00,0.179026
2026-02-27T17:30:00+01:00,0.179026
2026-02-27T17:45:00+01:00,0.179026
2026-02-27T18:00:00+01:00,0.179026
2026-02-27T18:15:00+01:00,0.179026
2026-02-27T18:30:00+01:00,0.179026
2026-02-27T18:45:00+01:00,0.179026
2026-02-27T19:00:00+01:00,0.179026
2026-02-27T19:15:00+01:00,0.179026
2026-02-27T19:30:00+01:00,0.179026
2026-02-27T19:45:00+01:00,0.179026
2026-02-27T20:00:00+01:00,0.179026
2026-02-27T20:15:00+01:00,0.179026
2026-02-27T20:30:00+01:00,0.21095
2026-02-27T20:45:00+01:00,0.225592
2026-02-27T21:00:00+01:00,0.225592
2026-02-27T21:15:00+01:00,0.225592
2026-02-27T21:30:00+01:00,0.225592
2026-02-27T21:45:00+01:00,0.225592
2026-02-27T22:00:00+01:00,0.225592
2026-02-27T22:15:00+01:00,0.225592
2026-02-27T22:30:00+01:00,0.225592
2026-02-27T22:45:00+01:00,0.067007
2026-02-27T23:00:00+01:00,0.032196
2026-02-27T23:15:00+01:00,0.032196
2026-02-27T23:30:00+01:00,0.032196
2026-02-27T23:45:00+01:00,0.032196
2026-02-28T00:00:00+01:00,0.032196
2026-02-28T00:15:00+01:00,0.032196
2026-02-28T00:30:00+01:00,0.032196
2026-02-28T00:45:00+01:00,0.032196
2026-02-28T01:00:00+01:00,0.032196
2026-02-28T01:15:00+01:00,0.032196
2026-02-28T01:30:00+01:00,0.032196
2026-02-28T01:45:00+01:00,0.032196
2026-02-28T02:00:00+01:00,0.032196
2026-02-28T02:15:00+01:00,0.032196
2026-02-28T02:30:00+01:00,0.032196
2026-02-28T02:45:00+01:00,0.032196
2026-02-28T03:00:00+01:00,0.032196
2026-02-28T03:15:00+01:00,0.032196
2026-02-28T03:30:00+01:00,0.032196
2026-02-28T03:45:00+01:00,0.032196
2026-02-28T04:00:00+01:00,0.032196
2026-02-28T04:15:00+01:00,0.032196
2026-02-28T04:30:00+01:00,0.032196
2026-02-28T04:45:00+01:00,0.032196
2026-02-28T05:00:00+01:00,0.032196
2026-02-28T05:15:00+01:00,0.032196
2026-02-28T05:30:00+01:00,0.032196
2026-02-28T05:45:00+01:00,0.032196
2026-02-28T06:00:00+01:00,0.032196
2026-02-28T06:15:00+01:00,0.032196
2026-02-28T06:30:00+01:00,0.356249
2026-02-28T06:45:00+01:00,0.458582
2026-02-28T07:00:00+01:00,0.458582
2026-02-28T07:15:00+01:00,0.458582
2026-02-28T07:30:00+01:00,0.458582
2026-02-28T07:45:00+01:00,0.458582
2026-02-28T08:00:00+01:00,0.458582
2026-02-28T08:15:00+01:00,0.458582
2026-02-28T08:30:00+01:00,0.458582
2026-02-28T08:45:00+01:00,0.458582
2026-02-28T09:00:00+01:00,0.458582
2026-02-28T09:15:00+01:00,0.458582
2026-02-28T09:30:00+01:00,0.458582
2026-02-28T09:45:00+01:00,0.458582
2026-02-28T10:00:00+01:00,0.458582
2026-02-28T10:15:00+01:00,0.26143
2026-02-28T10:30:00+01:00,0.060741
2026-02-28T10:45:00+01:00,0.060741
2026-02-28T11:00:00+01:00,0.060741
2026-02-28T11:15:00+01:00,0.060741
2026-02-28T11:30:00+01:00,0.060741
2026-02-28T11:45:00+01:00,0.060741
2026-02-28T12:00:00+01:00,0.060741
2026-02-28T12:15:00+01:00,0.060741
2026-02-28T12:30:00+01:00,0.060741
2026-02-28T12:45:00+01:00,0.060741
2026-02-28T13:00:00+01:00,0.060741
2026-02-28T13:15:00+01:00,0.060741
2026-02-28T13:30:00+01:00,0.060741
2026-02-28T13:45:00+01:00,0.060741
2026-02-28T14:00:00+01:00,0.060741
2026-02-28T14:15:00+01:00,0.060741
2026-02-28T14:30:00+01:00,0.060741
2026-02-28T14:45:00+01:00,0.060741
2026-02-28T15:00:00+01:00,0.060741
2026-02-28T15:15:00+01:00,0.060741
2026-02-28T15:30:00+01:00,0.060741
2026-02-28T15:45:00+01:00,0.060741
2026-02-28T16:00:00+01:00,0.060741
2026-02-28T16:15:00+01:00,0.060741
2026-02-28T16:30:00+01:00,0.060741
2026-02-28T16:45:00+01:00,0.060741
2026-02-28T17:00:00+01:00,0.060741
2026-02-28T17:15:00+01:00,0.060741
2026-02-28T17:30:00+01:00,0.060741
2026-02-28T17:45:00+01:00,0.060741
2026-02-28T18:00:00+01:00,0.060741
2026-02-28T18:15:00+01:00,0.060741
2026-02-28T18:30:00+01:00,0.026186
2026-02-28T18:45:00+01:00,0.0
2026-02-28T19:00:00+01:00,0.0
2026-02-28T19:15:00+01:00,0.0
2026-02-28T19:30:00+01:00,0.0
2026-02-28T19:45:00+01:00,0.0
2026-02-28T20:00:00+01:00,0.0
2026-02-28T20:15:00+01:00,0.0
2026-02-28T20:30:00+01:00,0.046022
2026-02-28T20:45:00+01:00,0.092043
2026-02-28T21:00:00+01:00,0.092043
2026-02-28T21:15:00+01:00,0.092043
2026-02-28T21:30:00+01:00,0.092043
2026-02-28T21:45:00+01:00,0.092043
2026-02-28T22:00:00+01:00,0.092043
2026-02-28T22:15:00+01:00,0.092043
2026-02-28T22:30:00+01:00,0.092043
2026-02-28T22:45:00+01:00,0.092043
2026-02-28T23:00:00+01:00,0.092043
2026-02-28T23:15:00+01:00,0.092043
2026-02-28T23:30:00+01:00,0.092043
2026-02-28T23:45:00+01:00,0.092043
2026-03-01T00:00:00+01:00,0.092043
2026-03-01T00:15:00+01:00,0.092043
2026-03-01T00:30:00+01:00,0.092043
2026-03-01T00:45:00+01:00,0.092043
2026-03-01T01:00:00+01:00,0.092043
2026-03-01T01:15:00+01:00,0.092043
2026-03-01T01:30:00+01:00,0.092043
2026-03-01T01:45:00+01:00,0.092043
2026-03-01T02:00:00+01:00,0.051674
2026-03-01T02:15:00+01:00,0.039691
2026-03-01T02:30:00+01:00,0.039691
2026-03-01T02:45:00+01:00,0.039691
2026-03-01T03:00:00+01:00,0.039691
2026-03-01T03:15:00+01:00,0.039691
2026-03-01T03:30:00+01:00,0.039691
2026-03-01T03:45:00+01:00,0.039691
2026-03-01T04:00:00+01:00,0.039691
2026-03-01T04:15:00+01:00,0.039691
2026-03-01T04:30:00+01:00,0.039691
2026-03-01T04:45:00+01:00,0.039691
2026-03-01T05:00:00+01:00,0.039691
2026-03-01T05:15:00+01:00,0.039691
2026-03-01T05:30:00+01:00,0.039691
2026-03-01T05:45:00+01:00,0.039691
2026-03-01T06:00:00+01:00,0.039691
2026-03-01T06:15:00+01:00,0.039691
2026-03-01T06:30:00+01:00,0.039691
2026-03-01T06:45:00+01:00,0.039691
2026-03-01T07:00:00+01:00,0.039691
2026-03-01T07:15:00+01:00,0.039691
2026-03-01T07:30:00+01:00,0.039691
2026-03-01T07:45:00+01:00,0.039691
2026-03-01T08:00:00+01:00,0.039691
2026-03-01T08:15:00+01:00,0.058003
2026-03-01T08:30:00+01:00,0.071446
2026-03-01T08:45:00+01:00,0.071446
2026-03-01T09:00:00+01:00,0.071446
2026-03-01T09:15:00+01:00,0.071446
2026-03-01T09:30:00+01:00,0.071446
2026-03-01T09:45:00+01:00,0.071446
2026-03-01T10:00:00+01:00,0.071446
2026-03-01T10:15:00+01:00,0.071446
2026-03-01T10:30:00+01:00,0.071446
2026-03-01T10:45:00+01:00,0.071446
2026-03-01T11:00:00+01:00,0.071446
2026-03-01T11:15:00+01:00,0.071446
2026-03-01T11:30:00+01:00,0.071446
2026-03-01T11:45:00+01:00,0.030007
2026-03-01T12:00:00+01:00,0.0
2026-03-01T12:15:00+01:00,0.0
2026-03-01T12:30:00+01:00,0.089116
2026-03-01T12:45:00+01:00,0.137573
2026-03-01T13:00:00+01:00,0.137573
2026-03-01T13:15:00+01:00,0.137573
2026-03-01T13:30:00+01:00,0.137573
2026-03-01T13:45:00+01:00,0.137573
2026-03-01T14:00:00+01:00,0.137573
2026-03-01T14:15:00+01:00,0.1209
2026-03-01T14:30:00+01:00,0.093568
2026-03-01T14:45:00+01:00,0.093568
2026-03-01T15:00:00+01:00,0.093568
2026-03-01T15:15:00+01:00,0.093568
2026-03-01T15:30:00+01:00,0.093568
2026-03-01T15:45:00+01:00,0.093568
2026-03-01T16:00:00+01:00,0.093568
2026-03-01T16:15:00+01:00,0.093568
2026-03-01T16:30:00+01:00,0.093568
2026-03-01T16:45:00+01:00,0.093568
2026-03-01T17:00:00+01:00,0.093568
2026-03-01T17:15:00+01:00,0.093568
2026-03-01T17:30:00+01:00,0.093568
2026-03-01T17:45:00+01:00,0.093568
2026-03-01T18:00:00+01:00,0.093568
2026-03-01T18:15:00+01:00,0.093568
2026-03-01T18:30:00+01:00,0.093568
2026-03-01T18:45:00+01:00,0.093568
2026-03-01T19:00:00+01:00,0.093568
2026-03-01T19:15:00+01:00,0.093568
2026-03-01T19:30:00+01:00,0.093568
2026-03-01T19:45:00+01:00,0.093568
2026-03-01T20:00:00+01:00,0.093568
2026-03-01T20:15:00+01:00,0.093568
2026-03-01T20:30:00+01:00,0.093568
2026-03-01T20:45:00+01:00,0.093568
2026-03-01T21:00:00+01:00,0.093568
2026-03-01T21:15:00+01:00,0.093568
2026-03-01T21:30:00+01:00,0.093568
2026-03-01T21:45:00+01:00,0.093568
2026-03-01T22:00:00+01:00,0.093568
2026-03-01T22:15:00+01:00,0.103752
2026-03-01T22:30:00+01:00,0.125728
2026-03-01T22:45:00+01:00,0.125728
2026-03-01T23:00:00+01:00,0.125728
2026-03-01T23:15:00+01:00,0.125728
2026-03-01T23:30:00+01:00,0.125728
2026-03-01T23:45:00+01:00,0.125728
2026-03-02T00:00:00+01:00,0.125728
2026-03-02T00:15:00+01:00,0.125728
2026-03-02T00:30:00+01:00,0.125728
2026-03-02T00:45:00+01:00,0.125728
2026-03-02T01:00:00+01:00,0.125728
2026-03-02T01:15:00+01:00,0.125728
2026-03-02T01:30:00+01:00,0.125728
2026-03-02T01:45:00+01:00,0.125728
2026-03-02T02:00:00+01:00,0.125728
2026-03-02T02:15:00+01:00,0.125728
2026-03-02T02:30:00+01:00,0.125728
2026-03-02T02:45:00+01:00,0.125728
2026-03-02T03:00:00+01:00,0.125728
2026-03-02T03:15:00+01:00,0.125728
2026-03-02T03:30:00+01:00,0.125728
2026-03-02T03:45:00+01:00,0.125728
2026-03-02T04:00:00+01:00,0.125728
2026-03-02T04:15:00+01:00,0.199988
2026-03-02T04:30:00+01:00,0.288739
2026-03-02T04:45:00+01:00,0.288739
2026-03-02T05:00:00+01:00,0.288739
2026-03-02T05:15:00+01:00,12.934712
2026-03-02T05:30:00+01:00,13.033841
2026-03-02T05:45:00+01:00,13.033841
2026-03-02T06:00:00+01:00,13.033841
2026-03-02T06:15:00+01:00,13.033841
2026-03-02T06:30:00+01:00,13.033841
2026-03-02T06:45:00+01:00,13.033841
2026-03-02T07:00:00+01:00,13.033841
2026-03-02T07:15:00+01:00,13.033841
2026-03-02T07:30:00+01:00,13.033841
2026-03-02T07:45:00+01:00,13.033841
2026-03-02T08:00:00+01:00,13.033841
2026-03-02T08:15:00+01:00,13.033841
2026-03-02T08:30:00+01:00,13.033841
2026-03-02T08:45:00+01:00,13.033841
2026-03-02T09:00:00+01:00,13.033841
2026-03-02T09:15:00+01:00,13.033841
2026-03-02T09:30:00+01:00,13.033841
2026-03-02T09:45:00+01:00,13.033841
2026-03-02T10:00:00+01:00,13.033841
2026-03-02T10:15:00+01:00,13.033841
2026-03-02T10:30:00+01:00,13.033841
2026-03-02T10:45:00+01:00,13.033841
2026-03-02T11:00:00+01:00,13.033841
2026-03-02T11:15:00+01:00,13.033841
2026-03-02T11:30:00+01:00,13.033841
2026-03-02T11:45:00+01:00,13.033841
2026-03-02T12:00:00+01:00,13.033841
2026-03-02T12:15:00+01:00,13.033841
2026-03-02T12:30:00+01:00,13.033841
2026-03-02T12:45:00+01:00,13.033841
2026-03-02T13:00:00+01:00,13.033841
2026-03-02T13:15:00+01:00,13.033841
2026-03-02T13:30:00+01:00,13.033841
2026-03-02T13:45:00+01:00,13.033841
2026-03-02T14:00:00+01:00,13.033841
2026-03-02T14:15:00+01:00,13.033841
2026-03-02T14:30:00+01:00,14.838656
2026-03-02T14:45:00+01:00,17.571085
2026-03-02T15:00:00+01:00,17.571085
2026-03-02T15:15:00+01:00,17.571085
2026-03-02T15:30:00+01:00,17.571085
2026-03-02T15:45:00+01:00,17.571085
2026-03-02T16:00:00+01:00,17.571085
2026-03-02T16:15:00+01:00,17.571085
2026-03-02T16:30:00+01:00,17.571085
2026-03-02T16:45:00+01:00,17.571085
2026-03-02T17:00:00+01:00,17.571085
2026-03-02T17:15:00+01:00,17.571085
2026-03-02T17:30:00+01:00,17.571085
2026-03-02T17:45:00+01:00,17.571085
2026-03-02T18:00:00+01:00,17.571085
2026-03-02T18:15:00+01:00,17.571085
2026-03-02T18:30:00+01:00,17.571085
2026-03-02T18:45:00+01:00,17.571085
2026-03-02T19:00:00+01:00,17.571085
2026-03-02T19:15:00+01:00,17.571085
2026-03-02T19:30:00+01:00,17.571085
2026-03-02T19:45:00+01:00,17.571085
2026-03-02T20:00:00+01:00,15.512367
2026-03-02T20:15:00+01:00,7.390612
2026-03-02T20:30:00+01:00,7.390612
2026-03-02T20:45:00+01:00,7.390612
2026-03-02T21:00:00+01:00,7.390612
2026-03-02T21:15:00+01:00,7.390612
2026-03-02T21:30:00+01:00,7.390612
2026-03-02T21:45:00+01:00,7.390612
2026-03-02T22:00:00+01:00,7.390612
2026-03-02T22:15:00+01:00,8.083842
2026-03-02T22:30:00+01:00,12.463028
2026-03-02T22:45:00+01:00,12.463028
2026-03-02T23:00:00+01:00,12.463028
2026-03-02T23:15:00+01:00,12.463028
2026-03-02T23:30:00+01:00,12.463028
2026-03-02T23:45:00+01:00,12.463028
2026-03-03T00:00:00+01:00,12.463028
2026-03-03T00:15:00+01:00,12.463028
2026-03-03T00:30:00+01:00,12.463028
2026-03-03T00:45:00+01:00,12.463028
2026-03-03T01:00:00+01:00,12.463028
2026-03-03T01:15:00+01:00,12.463028
2026-03-03T01:30:00+01:00,12.463028
2026-03-03T01:45:00+01:00,12.463028
2026-03-03T02:00:00+01:00,12.463028
2026-03-03T02:15:00+01:00,12.463028
2026-03-03T02:30:00+01:00,14.644097
2026-03-03T02:45:00+01:00,16.051625
2026-03-03T03:00:00+01:00,16.051625
2026-03-03T03:15:00+01:00,16.051625
2026-03-03T03:30:00+01:00,16.051625
2026-03-03T03:45:00+01:00,16.051625
2026-03-03T04:00:00+01:00,16.051625
2026-03-03T04:15:00+01:00,16.051625
2026-03-03T04:30:00+01:00,16.051625
2026-03-03T04:45:00+01:00,16.051625
2026-03-03T05:00:00+01:00,16.051625
2026-03-03T05:15:00+01:00,16.051625
2026-03-03T05:30:00+01:00,16.051625
2026-03-03T05:45:00+01:00,16.051625
2026-03-03T06:00:00+01:00,16.051625
2026-03-03T06:15:00+01:00,16.051625
2026-03-03T06:30:00+01:00,16.051625
2026-03-03T06:45:00+01:00,12.855895
2026-03-03T07:00:00+01:00,9.331632
2026-03-03T07:15:00+01:00,9.331632
2026-03-03T07:30:00+01:00,9.331632
2026-03-03T07:45:00+01:00,9.331632
2026-03-03T08:00:00+01:00,9.331632
2026-03-03T08:15:00+01:00,9.331632
2026-03-03T08:30:00+01:00,9.331632
2026-03-03T08:45:00+01:00,9.331632
2026-03-03T09:00:00+01:00,9.331632
2026-03-03T09:15:00+01:00,9.331632
2026-03-03T09:30:00+01:00,9.331632
2026-03-03T09:45:00+01:00,9.331632
2026-03-03T10:00:00+01:00,9.331632
2026-03-03T10:15:00+01:00,8.04312
2026-03-03T10:30:00+01:00,6.964977
2026-03-03T10:45:00+01:00,6.964977
2026-03-03T11:00:00+01:00,6.964977
2026-03-03T11:15:00+01:00,6.964977
2026-03-03T11:30:00+01:00,6.964977
2026-03-03T11:45:00+01:00,6.964977
2026-03-03T12:00:00+01:00,6.964977
2026-03-03T12:15:00+01:00,6.964977
2026-03-03T12:30:00+01:00,6.964977
2026-03-03T12:45:00+01:00,6.964977
2026-03-03T13:00:00+01:00,8.480347
2026-03-03T13:15:00+01:00,11.350294
2026-03-03T13:30:00+01:00,11.350294
2026-03-03T13:45:00+01:00,11.350294
2026-03-03T14:00:00+01:00,11.350294
2026-03-03T14:15:00+01:00,11.350294
2026-03-03T14:30:00+01:00,11.350294
2026-03-03T14:45:00+01:00,11.350294
2026-03-03T15:00:00+01:00,11.350294
2026-03-03T15:15:00+01:00,11.350294
2026-03-03T15:30:00+01:00,11.350294
2026-03-03T15:45:00+01:00,11.350294
2026-03-03T16:00:00+01:00,11.350294
2026-03-03T16:15:00+01:00,11.350294
2026-03-03T16:30:00+01:00,11.350294
2026-03-03T16:45:00+01:00,11.405185
2026-03-03T17:00:00+01:00,14.879057
2026-03-03T17:15:00+01:00,14.879057
2026-03-03T17:30:00+01:00,14.879057
2026-03-03T17:45:00+01:00,14.879057
2026-03-03T18:00:00+01:00,14.879057
2026-03-03T18:15:00+01:00,14.879057
2026-03-03T18:30:00+01:00,14.879057
2026-03-03T18:45:00+01:00,14.879057
2026-03-03T19:00:00+01:00,14.879057
2026-03-03T19:15:00+01:00,14.879057
2026-03-03T19:30:00+01:00,14.879057
2026-03-03T19:45:00+01:00,14.879057
2026-03-03T20:00:00+01:00,14.879057
2026-03-03T20:15:00+01:00,14.879057
2026-03-03T20:30:00+01:00,14.879057
2026-03-03T20:45:00+01:00,14.879057
2026-03-03T21:00:00+01:00,15.192796
2026-03-03T21:15:00+01:00,15.387823
2026-03-03T21:30:00+01:00,15.387823
2026-03-03T21:45:00+01:00,2.679977
2026-03-03T22:00:00+01:00,7.954365
2026-03-03T22:15:00+01:00,14.274095
2026-03-03T22:30:00+01:00,14.274095
2026-03-03T22:45:00+01:00,14.274095
2026-03-03T23:00:00+01:00,14.274095
2026-03-03T23:15:00+01:00,14.274095
2026-03-03T23:30:00+01:00,14.274095
2026-03-03T23:45:00+01:00,14.274095
2026-03-04T00:00:00+01:00,14.274095
2026-03-04T00:15:00+01:00,14.274095
2026-03-04T00:30:00+01:00,14.274095
2026-03-04T00:45:00+01:00,6.80925
2026-03-04T01:00:00+01:00,0.810446
2026-03-04T01:15:00+01:00,0.810446
2026-03-04T01:30:00+01:00,0.810446
2026-03-04T01:45:00+01:00,0.810446
2026-03-04T02:00:00+01:00,13.94404
2026-03-04T02:15:00+01:00,22.031693
2026-03-04T02:30:00+01:00,22.031693
2026-03-04T02:45:00+01:00,22.031693
2026-03-04T03:00:00+01:00,22.031693
2026-03-04T03:15:00+01:00,22.031693
2026-03-04T03:30:00+01:00,22.031693
2026-03-04T03:45:00+01:00,22.031693
2026-03-04T04:00:00+01:00,22.031693
2026-03-04T04:15:00+01:00,20.87293
2026-03-04T04:30:00+01:00,16.8432
2026-03-04T04:45:00+01:00,16.8432
2026-03-04T05:00:00+01:00,16.8432
2026-03-04T05:15:00+01:00,16.8432
2026-03-04T05:30:00+01:00,16.8432
2026-03-04T05:45:00+01:00,16.8432
2026-03-04T06:00:00+01:00,16.8432
2026-03-04T06:15:00+01:00,16.8432
2026-03-04T06:30:00+01:00,16.8432
2026-03-04T06:45:00+01:00,16.8432
2026-03-04T07:00:00+01:00,16.8432
2026-03-04T07:15:00+01:00,16.8432
2026-03-04T07:30:00+01:00,16.8432
2026-03-04T07:45:00+01:00,16.8432
2026-03-04T08:00:00+01:00,16.8432
2026-03-04T08:15:00+01:00,16.8432
2026-03-04T08:30:00+01:00,16.8432
2026-03-04T08:45:00+01:00,16.8432
2026-03-04T09:00:00+01:00,16.8432
2026-03-04T09:15:00+01:00,16.8432
2026-03-04T09:30:00+01:00,16.8432
2026-03-04T09:45:00+01:00,16.8432
2026-03-04T10:00:00+01:00,16.8432
2026-03-04T10:15:00+01:00,16.8432
2026-03-04T10:30:00+01:00,16.8432
2026-03-04T10:45:00+01:00,16.8432
2026-03-04T11:00:00+01:00,16.8432
2026-03-04T11:15:00+01:00,16.8432
2026-03-04T11:30:00+01:00,16.8432
2026-03-04T11:45:00+01:00,16.8432
2026-03-04T12:00:00+01:00,16.8432
2026-03-04T12:15:00+01:00,16.8432
2026-03-04T12:30:00+01:00,16.8432
2026-03-04T12:45:00+01:00,16.735943
2026-03-04T13:00:00+01:00,12.646186
2026-03-04T13:15:00+01:00,12.646186
2026-03-04T13:30:00+01:00,12.646186
2026-03-04T13:45:00+01:00,12.646186
2026-03-04T14:00:00+01:00,12.646186
2026-03-04T14:15:00+01:00,12.646186
2026-03-04T14:30:00+01:00,12.646186
2026-03-04T14:45:00+01:00,12.646186
2026-03-04T15:00:00+01:00,12.646186
2026-03-04T15:15:00+01:00,12.646186
2026-03-04T15:30:00+01:00,12.646186
2026-03-04T15:45:00+01:00,12.646186
2026-03-04T16:00:00+01:00,23.243545
2026-03-04T16:15:00+01:00,48.637218
2026-03-04T16:30:00+01:00,48.637218
2026-03-04T16:45:00+01:00,48.637218
2026-03-04T17:00:00+01:00,48.637218
2026-03-04T17:15:00+01:00,25.1259
2026-03-04T17:30:00+01:00,7.065143
2026-03-04T17:45:00+01:00,7.065143
2026-03-04T18:00:00+01:00,7.065143
2026-03-04T18:15:00+01:00,7.065143
2026-03-04T18:30:00+01:00,7.065143
2026-03-04T18:45:00+01:00,7.065143
2026-03-04T19:00:00+01:00,7.065143
2026-03-04T19:15:00+01:00,4.522302
2026-03-04T19:30:00+01:00,1.956758
2026-03-04T19:45:00+01:00,1.956758
2026-03-04T20:00:00+01:00,1.956758
2026-03-04T20:15:00+01:00,1.956758
2026-03-04T20:30:00+01:00,1.956758
2026-03-04T20:45:00+01:00,1.956758
2026-03-04T21:00:00+01:00,1.956758
2026-03-04T21:15:00+01:00,1.956758
2026-03-04T21:30:00+01:00,2.581693
2026-03-04T21:45:00+01:00,4.047619
2026-03-04T22:00:00+01:00,4.047619
2026-03-04T22:15:00+01:00,4.047619
2026-03-04T22:30:00+01:00,5.245815
2026-03-04T22:45:00+01:00,16.164208
2026-03-04T23:00:00+01:00,12.502038
2026-03-04T23:15:00+01:00,5.769581
2026-03-04T23:30:00+01:00,4.432658
2026-03-04T23:45:00+01:00,4.432658
2026-03-05T00:00:00+01:00,4.432658
2026-03-05T00:15:00+01:00,4.432658
2026-03-05T00:30:00+01:00,4.432658
2026-03-05T00:45:00+01:00,10.211145
2026-03-05T01:00:00+01:00,20.144556
2026-03-05T01:15:00+01:00,20.144556
2026-03-05T01:30:00+01:00,20.144556
2026-03-05T01:45:00+01:00,20.144556
2026-03-05T02:00:00+01:00,20.144556
2026-03-05T02:15:00+01:00,20.144556
2026-03-05T02:30:00+01:00,20.144556
2026-03-05T02:45:00+01:00,20.144556
2026-03-05T03:00:00+01:00,20.144556
2026-03-05T03:15:00+01:00,18.111033
2026-03-05T03:30:00+01:00,17.71405
2026-03-05T03:45:00+01:00,17.71405
2026-03-05T04:00:00+01:00,17.71405
2026-03-05T04:15:00+01:00,17.71405
2026-03-05T04:30:00+01:00,17.71405
2026-03-05T04:45:00+01:00,17.71405
2026-03-05T05:00:00+01:00,17.71405
2026-03-05T05:15:00+01:00,17.71405
2026-03-05T05:30:00+01:00,17.71405
2026-03-05T05:45:00+01:00,17.71405
2026-03-05T06:00:00+01:00,17.71405
2026-03-05T06:15:00+01:00,17.71405
2026-03-05T06:30:00+01:00,17.71405
2026-03-05T06:45:00+01:00,17.71405
2026-03-05T07:00:00+01:00,17.71405
2026-03-05T07:15:00+01:00,17.71405
2026-03-05T07:30:00+01:00,17.71405
2026-03-05T07:45:00+01:00,17.71405
2026-03-05T08:00:00+01:00,17.71405
2026-03-05T08:15:00+01:00,17.71405
2026-03-05T08:30:00+01:00,17.71405
2026-03-05T08:45:00+01:00,17.71405
2026-03-05T09:00:00+01:00,17.71405
2026-03-05T09:15:00+01:00,17.71405
2026-03-05T09:30:00+01:00,17.71405
2026-03-05T09:45:00+01:00,17.71405
2026-03-05T10:00:00+01:00,19.60959
2026-03-05T10:15:00+01:00,19.799608
2026-03-05T10:30:00+01:00,19.799608
2026-03-05T10:45:00+01:00,19.799608
2026-03-05T11:00:00+01:00,19.799608
2026-03-05T11:15:00+01:00,19.799608
2026-03-05T11:30:00+01:00,19.799608
2026-03-05T11:45:00+01:00,19.799608
2026-03-05T12:00:00+01:00,19.799608
2026-03-05T12:15:00+01:00,19.799608
2026-03-05T12:30:00+01:00,10.703791
2026-03-05T12:45:00+01:00,6.928169
2026-03-05T13:00:00+01:00,6.928169
2026-03-05T13:15:00+01:00,6.928169
2026-03-05T13:30:00+01:00,6.928169
2026-03-05T13:45:00+01:00,6.928169
2026-03-05T14:00:00+01:00,6.928169
2026-03-05T14:15:00+01:00,6.928169
2026-03-05T14:30:00+01:00,6.928169
2026-03-05T14:45:00+01:00,6.928169
2026-03-05T15:00:00+01:00,6.928169
2026-03-05T15:15:00+01:00,6.928169
2026-03-05T15:30:00+01:00,6.928169
2026-03-05T15:45:00+01:00,6.928169
2026-03-05T16:00:00+01:00,6.928169
2026-03-05T16:15:00+01:00,6.928169
2026-03-05T16:30:00+01:00,6.928169
2026-03-05T16:45:00+01:00,6.928169
2026-03-05T17:00:00+01:00,6.928169
2026-03-05T17:15:00+01:00,6.928169
2026-03-05T17:30:00+01:00,6.928169
2026-03-05T17:45:00+01:00,6.928169
2026-03-05T18:00:00+01:00,7.421929
2026-03-05T18:15:00+01:00,17.766811
2026-03-05T18:30:00+01:00,14.336743
2026-03-05T18:45:00+01:00,3.734717
2026-03-05T19:00:00+01:00,3.734717
2026-03-05T19:15:00+01:00,3.734717
2026-03-05T19:30:00+01:00,3.734717
2026-03-05T19:45:00+01:00,3.734717
2026-03-05T20:00:00+01:00,3.734717
2026-03-05T20:15:00+01:00,3.734717
2026-03-05T20:30:00+01:00,3.734717
2026-03-05T20:45:00+01:00,3.734717
2026-03-05T21:00:00+01:00,3.734717
2026-03-05T21:15:00+01:00,3.734717
2026-03-05T21:30:00+01:00,3.734717
2026-03-05T21:45:00+01:00,3.734717
2026-03-05T22:00:00+01:00,3.734717
2026-03-05T22:15:00+01:00,18.212401
2026-03-05T22:30:00+01:00,61.645453
2026-03-05T22:45:00+01:00,61.645453
2026-03-05T23:00:00+01:00,61.645453
2026-03-05T23:15:00+01:00,61.645453
2026-03-05T23:30:00+01:00,61.645453
2026-03-05T23:45:00+01:00,61.645453
2026-03-06T00:00:00+01:00,61.645453
2026-03-06T00:15:00+01:00,61.645453
2026-03-06T00:30:00+01:00,37.221322
2026-03-06T00:45:00+01:00,30.421422
2026-03-06T01:00:00+01:00,29.545649
2026-03-06T01:15:00+01:00,26.93383
2026-03-06T01:30:00+01:00,26.93383
2026-03-06T01:45:00+01:00,26.93383
2026-03-06T02:00:00+01:00,26.93383
2026-03-06T02:15:00+01:00,26.93383
2026-03-06T02:30:00+01:00,26.93383
2026-03-06T02:45:00+01:00,26.93383
2026-03-06T03:00:00+01:00,26.93383
2026-03-06T03:15:00+01:00,26.93383
2026-03-06T03:30:00+01:00,26.93383
2026-03-06T03:45:00+01:00,26.93383
2026-03-06T04:00:00+01:00,26.93383
2026-03-06T04:15:00+01:00,26.93383
2026-03-06T04:30:00+01:00,26.93383
2026-03-06T04:45:00+01:00,26.93383
2026-03-06T05:00:00+01:00,26.93383
2026-03-06T05:15:00+01:00,26.93383
2026-03-06T05:30:00+01:00,26.93383
2026-03-06T05:45:00+01:00,26.93383
2026-03-06T06:00:00+01:00,26.93383
2026-03-06T06:15:00+01:00,26.93383
2026-03-06T06:30:00+01:00,14.473557
2026-03-06T06:45:00+01:00,11.183485
2026-03-06T07:00:00+01:00,11.183485
2026-03-06T07:15:00+01:00,11.183485
2026-03-06T07:30:00+01:00,11.183485
2026-03-06T07:45:00+01:00,11.183485
2026-03-06T08:00:00+01:00,11.183485
2026-03-06T08:15:00+01:00,11.183485
2026-03-06T08:30:00+01:00,11.183485
2026-03-06T08:45:00+01:00,11.183485
2026-03-06T09:00:00+01:00,11.183485
2026-03-06T09:15:00+01:00,11.183485
2026-03-06T09:30:00+01:00,11.183485
2026-03-06T09:45:00+01:00,11.183485
2026-03-06T10:00:00+01:00,11.183485
2026-03-06T10:15:00+01:00,11.183485
2026-03-06T10:30:00+01:00,11.183485
2026-03-06T10:45:00+01:00,11.183485
2026-03-06T11:00:00+01:00,11.183485
2026-03-06T11:15:00+01:00,11.183485
2026-03-06T11:30:00+01:00,11.183485
2026-03-06T11:45:00+01:00,11.183485
2026-03-06T12:00:00+01:00,11.183485
2026-03-06T12:15:00+01:00,11.183485
2026-03-06T12:30:00+01:00,11.183485
2026-03-06T12:45:00+01:00,11.183485
2026-03-06T13:00:00+01:00,11.183485
2026-03-06T13:15:00+01:00,11.183485
2026-03-06T13:30:00+01:00,11.183485
2026-03-06T13:45:00+01:00,11.183485
2026-03-06T14:00:00+01:00,11.183485
2026-03-06T14:15:00+01:00,11.183485
2026-03-06T14:30:00+01:00,11.183485
2026-03-06T14:45:00+01:00,5.474023
2026-03-06T15:00:00+01:00,0.365556
2026-03-06T15:15:00+01:00,0.365556
2026-03-06T15:30:00+01:00,0.158784
2026-03-06T15:45:00+01:00,0.104554
2026-03-06T16:00:00+01:00,0.104554
2026-03-06T16:15:00+01:00,0.104554
2026-03-06T16:30:00+01:00,0.104554
2026-03-06T16:45:00+01:00,0.104554
2026-03-06T17:00:00+01:00,0.104554
2026-03-06T17:15:00+01:00,0.104554
2026-03-06T17:30:00+01:00,0.104554
2026-03-06T17:45:00+01:00,0.104554
2026-03-06T18:00:00+01:00,0.104554
2026-03-06T18:15:00+01:00,0.104554
2026-03-06T18:30:00+01:00,0.104554
2026-03-06T18:45:00+01:00,0.104554
2026-03-06T19:00:00+01:00,0.104554
2026-03-06T19:15:00+01:00,0.104554
2026-03-06T19:30:00+01:00,0.104554
2026-03-06T19:45:00+01:00,0.104554
2026-03-06T20:00:00+01:00,0.104554
2026-03-06T20:15:00+01:00,0.113563
2026-03-06T20:30:00+01:00,0.118136
2026-03-06T20:45:00+01:00,0.118136
2026-03-06T21:00:00+01:00,0.118136
2026-03-06T21:15:00+01:00,0.118136
2026-03-06T21:30:00+01:00,0.118136
2026-03-06T21:45:00+01:00,0.118136
2026-03-06T22:00:00+01:00,0.118136
2026-03-06T22:15:00+01:00,0.118136
2026-03-06T22:30:00+01:00,0.118136
2026-03-06T22:45:00+01:00,0.118136
2026-03-06T23:00:00+01:00,0.118136
2026-03-06T23:15:00+01:00,0.118136
2026-03-06T23:30:00+01:00,0.118136
2026-03-06T23:45:00+01:00,0.118136
2026-03-07T00:00:00+01:00,0.118136
2026-03-07T00:15:00+01:00,0.118136
2026-03-07T00:30:00+01:00,0.118136
2026-03-07T00:45:00+01:00,0.118136
2026-03-07T01:00:00+01:00,0.118136
2026-03-07T01:15:00+01:00,0.118136
2026-03-07T01:30:00+01:00,0.118136
2026-03-07T01:45:00+01:00,0.118136
2026-03-07T02:00:00+01:00,0.118136
2026-03-07T02:15:00+01:00,0.118136
2026-03-07T02:30:00+01:00,0.12207
2026-03-07T02:45:00+01:00,0.132767
2026-03-07T03:00:00+01:00,0.132767
2026-03-07T03:15:00+01:00,0.132767
2026-03-07T03:30:00+01:00,0.132767
2026-03-07T03:45:00+01:00,0.132767
2026-03-07T04:00:00+01:00,0.132767
2026-03-07T04:15:00+01:00,0.132767
2026-03-07T04:30:00+01:00,0.132767
2026-03-07T04:45:00+01:00,0.132767
2026-03-07T05:00:00+01:00,0.132767
2026-03-07T05:15:00+01:00,0.132767
2026-03-07T05:30:00+01:00,0.132767
2026-03-07T05:45:00+01:00,0.132767
2026-03-07T06:00:00+01:00,0.132767
2026-03-07T06:15:00+01:00,0.132767
2026-03-07T06:30:00+01:00,0.132767
2026-03-07T06:45:00+01:00,0.132767
2026-03-07T07:00:00+01:00,0.132767
2026-03-07T07:15:00+01:00,0.132767
2026-03-07T07:30:00+01:00,0.132767
2026-03-07T07:45:00+01:00,0.132767
2026-03-07T08:00:00+01:00,0.132767
2026-03-07T08:15:00+01:00,0.132767
2026-03-07T08:30:00+01:00,0.132767
2026-03-07T08:45:00+01:00,0.132767
2026-03-07T09:00:00+01:00,0.132767
2026-03-07T09:15:00+01:00,0.132767
2026-03-07T09:30:00+01:00,0.132767
2026-03-07T09:45:00+01:00,0.132767
2026-03-07T10:00:00+01:00,0.132767
2026-03-07T10:15:00+01:00,0.132767
2026-03-07T10:30:00+01:00,0.132767
2026-03-07T10:45:00+01:00,0.132767
2026-03-07T11:00:00+01:00,0.132767
2026-03-07T11:15:00+01:00,0.132767
2026-03-07T11:30:00+01:00,0.132767
2026-03-07T11:45:00+01:00,0.132767
2026-03-07T12:00:00+01:00,0.133118
2026-03-07T12:15:00+01:00,0.133343
2026-03-07T12:30:00+01:00,0.133343
2026-03-07T12:45:00+01:00,0.133343
2026-03-07T13:00:00+01:00,0.133343
2026-03-07T13:15:00+01:00,0.133343
2026-03-07T13:30:00+01:00,0.133343
2026-03-07T13:45:00+01:00,0.133343
2026-03-07T14:00:00+01:00,0.133343
2026-03-07T14:15:00+01:00,0.133343
2026-03-07T14:30:00+01:00,0.133343
2026-03-07T14:45:00+01:00,0.133343
2026-03-07T15:00:00+01:00,0.133343
2026-03-07T15:15:00+01:00,0.133343
2026-03-07T15:30:00+01:00,0.133343
2026-03-07T15:45:00+01:00,0.150617
2026-03-07T16:00:00+01:00,0.161661
2026-03-07T16:15:00+01:00,0.161661
2026-03-07T16:30:00+01:00,0.161661
2026-03-07T16:45:00+01:00,0.161661
2026-03-07T17:00:00+01:00,0.161661
2026-03-07T17:15:00+01:00,0.161661
2026-03-07T17:30:00+01:00,0.161661
2026-03-07T17:45:00+01:00,0.161661
2026-03-07T18:00:00+01:00,0.161661
2026-03-07T18:15:00+01:00,0.161661
2026-03-07T18:30:00+01:00,0.161661
2026-03-07T18:45:00+01:00,0.161661
2026-03-07T19:00:00+01:00,0.161661
2026-03-07T19:15:00+01:00,0.161661
2026-03-07T19:30:00+01:00,0.161661
2026-03-07T19:45:00+01:00,0.161661
2026-03-07T20:00:00+01:00,0.161661
2026-03-07T20:15:00+01:00,0.161661
2026-03-07T20:30:00+01:00,0.161661
2026-03-07T20:45:00+01:00,0.161661
2026-03-07T21:00:00+01:00,0.161661
2026-03-07T21:15:00+01:00,0.161661
2026-03-07T21:30:00+01:00,0.161661
2026-03-07T21:45:00+01:00,0.161661
2026-03-07T22:00:00+01:00,0.161661
2026-03-07T22:15:00+01:00,0.161661
2026-03-07T22:30:00+01:00,0.161661
2026-03-07T22:45:00+01:00,0.161661
2026-03-07T23:00:00+01:00,0.161661
2026-03-07T23:15:00+01:00,0.161661
2026-03-07T23:30:00+01:00,0.156171
2026-03-07T23:45:00+01:00,0.153601
2026-03-08T00:00:00+01:00,0.153601
2026-03-08T00:15:00+01:00,0.153601
2026-03-08T00:30:00+01:00,0.153601
2026-03-08T00:45:00+01:00,0.153601
2026-03-08T01:00:00+01:00,0.153601
2026-03-08T01:15:00+01:00,0.153601
2026-03-08T01:30:00+01:00,0.153601
2026-03-08T01:45:00+01:00,0.153601
2026-03-08T02:00:00+01:00,0.153601
2026-03-08T02:15:00+01:00,0.153601
2026-03-08T02:30:00+01:00,0.153601
2026-03-08T02:45:00+01:00,0.153601
2026-03-08T03:00:00+01:00,0.153601
2026-03-08T03:15:00+01:00,0.153601
2026-03-08T03:30:00+01:00,0.153601
2026-03-08T03:45:00+01:00,0.153601
2026-03-08T04:00:00+01:00,0.153601
2026-03-08T04:15:00+01:00,0.150834
2026-03-08T04:30:00+01:00,0.135155
2026-03-08T04:45:00+01:00,0.135155
2026-03-08T05:00:00+01:00,0.135155
2026-03-08T05:15:00+01:00,0.135155
2026-03-08T05:30:00+01:00,0.135155
2026-03-08T05:45:00+01:00,0.135155
2026-03-08T06:00:00+01:00,0.135155
2026-03-08T06:15:00+01:00,0.135155
2026-03-08T06:30:00+01:00,0.135155
2026-03-08T06:45:00+01:00,0.135155
2026-03-08T07:00:00+01:00,0.135155
2026-03-08T07:15:00+01:00,0.135155
2026-03-08T07:30:00+01:00,0.135155
2026-03-08T07:45:00+01:00,0.135155
2026-03-08T08:00:00+01:00,0.087551
2026-03-08T08:15:00+01:00,0.0
2026-03-08T08:30:00+01:00,0.085751
2026-03-08T08:45:00+01:00,0.15466
2026-03-08T09:00:00+01:00,0.15466
2026-03-08T09:15:00+01:00,0.15466
2026-03-08T09:30:00+01:00,0.15466
2026-03-08T09:45:00+01:00,0.15466
2026-03-08T10:00:00+01:00,0.15466
2026-03-08T10:15:00+01:00,0.15466
2026-03-08T10:30:00+01:00,0.15466
2026-03-08T10:45:00+01:00,0.15466
2026-03-08T11:00:00+01:00,0.15466
2026-03-08T11:15:00+01:00,0.15466
2026-03-08T11:30:00+01:00,0.15466
2026-03-08T11:45:00+01:00,0.15466
2026-03-08T12:00:00+01:00,0.15466
2026-03-08T12:15:00+01:00,0.15466
2026-03-08T12:30:00+01:00,0.15466
2026-03-08T12:45:00+01:00,0.15466
2026-03-08T13:00:00+01:00,0.15466
2026-03-08T13:15:00+01:00,0.15466
2026-03-08T13:30:00+01:00,0.15466
2026-03-08T13:45:00+01:00,0.15466
2026-03-08T14:00:00+01:00,0.15466
2026-03-08T14:15:00+01:00,0.15466
2026-03-08T14:30:00+01:00,0.15466
2026-03-08T14:45:00+01:00,0.15466
2026-03-08T15:00:00+01:00,0.15466
2026-03-08T15:15:00+01:00,0.15466
2026-03-08T15:30:00+01:00,0.15466
2026-03-08T15:45:00+01:00,0.15466
2026-03-08T16:00:00+01:00,0.15466
2026-03-08T16:15:00+01:00,0.15466
2026-03-08T16:30:00+01:00,0.156883
2026-03-08T16:45:00+01:00,0.164516
2026-03-08T17:00:00+01:00,0.164516
2026-03-08T17:15:00+01:00,0.164516
2026-03-08T17:30:00+01:00,0.164516
2026-03-08T17:45:00+01:00,0.164516
2026-03-08T18:00:00+01:00,0.164516
2026-03-08T18:15:00+01:00,0.164516
2026-03-08T18:30:00+01:00,0.164516
2026-03-08T18:45:00+01:00,0.164516
2026-03-08T19:00:00+01:00,0.164516
2026-03-08T19:15:00+01:00,0.164516
2026-03-08T19:30:00+01:00,0.164516
2026-03-08T19:45:00+01:00,0.164516
2026-03-08T20:00:00+01:00,0.164516
2026-03-08T20:15:00+01:00,0.164516
2026-03-08T20:30:00+01:00,0.164516
2026-03-08T20:45:00+01:00,0.164516
2026-03-08T21:00:00+01:00,0.164516
2026-03-08T21:15:00+01:00,0.164516
2026-03-08T21:30:00+01:00,0.164516
2026-03-08T21:45:00+01:00,0.164516
2026-03-08T22:00:00+01:00,0.164516
2026-03-08T22:15:00+01:00,0.164516
2026-03-08T22:30:00+01:00,0.164516
2026-03-08T22:45:00+01:00,0.164516
2026-03-08T23:00:00+01:00,0.164516
2026-03-08T23:15:00+01:00,0.164516
2026-03-08T23:30:00+01:00,0.164516
2026-03-08T23:45:00+01:00,0.164516
2026-03-09T00:00:00+01:00,0.164516
2026-03-09T00:15:00+01:00,1.813374
2026-03-09T00:30:00+01:00,2.143146
2026-03-09T00:45:00+01:00,2.143146
2026-03-09T01:00:00+01:00,2.143146
2026-03-09T01:15:00+01:00,2.143146
2026-03-09T01:30:00+01:00,2.143146
2026-03-09T01:45:00+01:00,2.143146
2026-03-09T02:00:00+01:00,2.143146
2026-03-09T02:15:00+01:00,2.143146
2026-03-09T02:30:00+01:00,2.143146
2026-03-09T02:45:00+01:00,2.143146
2026-03-09T03:00:00+01:00,2.143146
2026-03-09T03:15:00+01:00,2.143146
2026-03-09T03:30:00+01:00,2.143146
2026-03-09T03:45:00+01:00,2.143146
2026-03-09T04:00:00+01:00,2.143146
2026-03-09T04:15:00+01:00,2.143146
2026-03-09T04:30:00+01:00,2.143146
2026-03-09T04:45:00+01:00,2.143146
2026-03-09T05:00:00+01:00,2.143146
2026-03-09T05:15:00+01:00,2.143146
2026-03-09T05:30:00+01:00,2.143146
2026-03-09T05:45:00+01:00,2.143146
2026-03-09T06:00:00+01:00,2.143146
2026-03-09T06:15:00+01:00,3.563081
2026-03-09T06:30:00+01:00,15.884457
2026-03-09T06:45:00+01:00,15.884457
2026-03-09T07:00:00+01:00,15.884457
2026-03-09T07:15:00+01:00,15.884457
2026-03-09T07:30:00+01:00,15.884457
2026-03-09T07:45:00+01:00,15.884457
2026-03-09T08:00:00+01:00,15.884457
2026-03-09T08:15:00+01:00,15.884457
2026-03-09T08:30:00+01:00,15.884457
2026-03-09T08:45:00+01:00,15.884457
2026-03-09T09:00:00+01:00,15.884457
2026-03-09T09:15:00+01:00,15.884457
2026-03-09T09:30:00+01:00,15.884457
2026-03-09T09:45:00+01:00,15.884457
2026-03-09T10:00:00+01:00,15.884457
2026-03-09T10:15:00+01:00,15.884457
2026-03-09T10:30:00+01:00,15.884457
2026-03-09T10:45:00+01:00,15.884457
2026-03-09T11:00:00+01:00,15.884457
2026-03-09T11:15:00+01:00,15.884457
2026-03-09T11:30:00+01:00,15.884457
2026-03-09T11:45:00+01:00,15.884457
2026-03-09T12:00:00+01:00,15.884457
2026-03-09T12:15:00+01:00,15.884457
2026-03-09T12:30:00+01:00,15.884457
2026-03-09T12:45:00+01:00,15.884457
2026-03-09T13:00:00+01:00,15.884457
2026-03-09T13:15:00+01:00,15.884457
2026-03-09T13:30:00+01:00,15.884457
2026-03-09T13:45:00+01:00,15.884457
2026-03-09T14:00:00+01:00,15.884457
2026-03-09T14:15:00+01:00,15.884457
2026-03-09T14:30:00+01:00,15.884457
2026-03-09T14:45:00+01:00,15.884457
2026-03-09T15:00:00+01:00,15.884457
2026-03-09T15:15:00+01:00,15.884457
2026-03-09T15:30:00+01:00,15.884457
2026-03-09T15:45:00+01:00,15.884457
2026-03-09T16:00:00+01:00,15.884457
2026-03-09T16:15:00+01:00,15.884457
2026-03-09T16:30:00+01:00,15.884457
2026-03-09T16:45:00+01:00,15.570215
2026-03-09T17:00:00+01:00,14.094468
2026-03-09T17:15:00+01:00,14.094468
2026-03-09T17:30:00+01:00,14.094468
2026-03-09T17:45:00+01:00,14.094468
2026-03-09T18:00:00+01:00,14.094468
2026-03-09T18:15:00+01:00,14.094468
2026-03-09T18:30:00+01:00,14.094468
2026-03-09T18:45:00+01:00,14.094468
2026-03-09T19:00:00+01:00,14.094468
2026-03-09T19:15:00+01:00,14.094468
2026-03-09T19:30:00+01:00,14.094468
2026-03-09T19:45:00+01:00,14.094468
2026-03-09T20:00:00+01:00,14.094468
2026-03-09T20:15:00+01:00,14.094468
2026-03-09T20:30:00+01:00,14.094468
2026-03-09T20:45:00+01:00,14.094468
2026-03-09T21:00:00+01:00,14.094468
2026-03-09T21:15:00+01:00,14.094468
2026-03-09T21:30:00+01:00,14.094468
2026-03-09T21:45:00+01:00,14.094468
2026-03-09T22:00:00+01:00,14.094468
2026-03-09T22:15:00+01:00,13.562745
2026-03-09T22:30:00+01:00,11.158575
2026-03-09T22:45:00+01:00,11.158575
2026-03-09T23:00:00+01:00,11.158575
2026-03-09T23:15:00+01:00,11.158575
2026-03-09T23:30:00+01:00,11.158575
2026-03-09T23:45:00+01:00,11.158575
2026-03-10T00:00:00+01:00,11.158575
2026-03-10T00:15:00+01:00,11.158575
2026-03-10T00:30:00+01:00,11.158575
2026-03-10T00:45:00+01:00,11.158575
2026-03-10T01:00:00+01:00,11.38974
2026-03-10T01:15:00+01:00,11.605991
2026-03-10T01:30:00+01:00,11.605991
2026-03-10T01:45:00+01:00,11.605991
2026-03-10T02:00:00+01:00,11.605991
2026-03-10T02:15:00+01:00,11.605991
2026-03-10T02:30:00+01:00,11.605991
2026-03-10T02:45:00+01:00,11.605991
2026-03-10T03:00:00+01:00,11.605991
2026-03-10T03:15:00+01:00,11.605991
2026-03-10T03:30:00+01:00,11.605991
2026-03-10T03:45:00+01:00,10.99622
2026-03-10T04:00:00+01:00,9.673617
2026-03-10T04:15:00+01:00,9.673617
2026-03-10T04:30:00+01:00,9.673617
2026-03-10T04:45:00+01:00,9.673617
2026-03-10T05:00:00+01:00,9.673617
2026-03-10T05:15:00+01:00,9.673617
2026-03-10T05:30:00+01:00,9.673617
2026-03-10T05:45:00+01:00,9.673617
2026-03-10T06:00:00+01:00,9.673617
2026-03-10T06:15:00+01:00,9.673617
2026-03-10T06:30:00+01:00,9.673617
2026-03-10T06:45:00+01:00,9.673617
2026-03-10T07:00:00+01:00,9.673617
2026-03-10T07:15:00+01:00,9.673617
2026-03-10T07:30:00+01:00,9.673617
2026-03-10T07:45:00+01:00,9.673617
2026-03-10T08:00:00+01:00,9.673617
2026-03-10T08:15:00+01:00,9.673617
2026-03-10T08:30:00+01:00,9.673617
2026-03-10T08:45:00+01:00,9.673617
2026-03-10T09:00:00+01:00,9.673617
2026-03-10T09:15:00+01:00,9.673617
2026-03-10T09:30:00+01:00,9.673617
2026-03-10T09:45:00+01:00,9.673617
2026-03-10T10:00:00+01:00,9.673617
2026-03-10T10:15:00+01:00,9.673617
2026-03-10T10:30:00+01:00,9.673617
2026-03-10T10:45:00+01:00,9.673617
2026-03-10T11:00:00+01:00,9.673617
2026-03-10T11:15:00+01:00,9.673617
2026-03-10T11:30:00+01:00,9.673617
2026-03-10T11:45:00+01:00,9.673617
2026-03-10T12:00:00+01:00,9.673617
2026-03-10T12:15:00+01:00,9.673617
2026-03-10T12:30:00+01:00,9.673617
2026-03-10T12:45:00+01:00,9.673617
2026-03-10T13:00:00+01:00,9.673617
2026-03-10T13:15:00+01:00,9.673617
2026-03-10T13:30:00+01:00,9.673617
2026-03-10T13:45:00+01:00,21.230779
2026-03-10T14:00:00+01:00,25.651261
2026-03-10T14:15:00+01:00,25.651261
2026-03-10T14:30:00+01:00,25.651261
2026-03-10T14:45:00+01:00,25.651261
2026-03-10T15:00:00+01:00,25.651261
2026-03-10T15:15:00+01:00,25.651261
2026-03-10T15:30:00+01:00,25.651261
2026-03-10T15:45:00+01:00,25.651261
2026-03-10T16:00:00+01:00,25.651261
2026-03-10T16:15:00+01:00,25.651261
2026-03-10T16:30:00+01:00,25.651261
2026-03-10T16:45:00+01:00,25.651261
2026-03-10T17:00:00+01:00,25.651261
2026-03-10T17:15:00+01:00,25.651261
2026-03-10T17:30:00+01:00,25.651261
2026-03-10T17:45:00+01:00,27.27208
2026-03-10T18:00:00+01:00,27.543267
2026-03-10T18:15:00+01:00,27.543267
2026-03-10T18:30:00+01:00,27.543267
2026-03-10T18:45:00+01:00,27.543267
2026-03-10T19:00:00+01:00,12.853329
2026-03-10T19:15:00+01:00,2.738493
2026-03-10T19:30:00+01:00,2.738493
2026-03-10T19:45:00+01:00,2.738493
2026-03-10T20:00:00+01:00,2.738493
2026-03-10T20:15:00+01:00,2.738493
2026-03-10T20:30:00+01:00,2.738493
2026-03-10T20:45:00+01:00,2.738493
2026-03-10T21:00:00+01:00,2.738493
2026-03-10T21:15:00+01:00,2.738493
2026-03-10T21:30:00+01:00,2.738493
2026-03-10T21:45:00+01:00,2.738493
2026-03-10T22:00:00+01:00,2.738493
2026-03-10T22:15:00+01:00,2.738493
2026-03-10T22:30:00+01:00,2.738493
2026-03-10T22:45:00+01:00,2.738493
2026-03-10T23:00:00+01:00,2.738493
2026-03-10T23:15:00+01:00,2.738493
2026-03-10T23:30:00+01:00,2.738493
2026-03-10T23:45:00+01:00,2.738493
2026-03-11T00:00:00+01:00,2.738493
2026-03-11T00:15:00+01:00,2.738493
2026-03-11T00:30:00+01:00,2.738493
2026-03-11T00:45:00+01:00,2.738493
2026-03-11T01:00:00+01:00,2.738493
2026-03-11T01:15:00+01:00,2.738493
2026-03-11T01:30:00+01:00,30.558953
2026-03-11T01:45:00+01:00,44.538851
2026-03-11T02:00:00+01:00,44.538851
2026-03-11T02:15:00+01:00,44.538851
2026-03-11T02:30:00+01:00,44.538851
2026-03-11T02:45:00+01:00,44.538851
2026-03-11T03:00:00+01:00,44.538851
2026-03-11T03:15:00+01:00,44.538851
2026-03-11T03:30:00+01:00,44.538851
2026-03-11T03:45:00+01:00,44.538851
2026-03-11T04:00:00+01:00,44.538851
2026-03-11T04:15:00+01:00,44.538851
2026-03-11T04:30:00+01:00,44.538851
2026-03-11T04:45:00+01:00,44.538851
2026-03-11T05:00:00+01:00,44.538851
2026-03-11T05:15:00+01:00,44.538851
2026-03-11T05:30:00+01:00,44.538851
2026-03-11T05:45:00+01:00,27.316579
2026-03-11T06:00:00+01:00,12.314225
2026-03-11T06:15:00+01:00,12.314225
2026-03-11T06:30:00+01:00,12.314225
2026-03-11T06:45:00+01:00,12.314225
2026-03-11T07:00:00+01:00,12.314225
2026-03-11T07:15:00+01:00,12.314225
2026-03-11T07:30:00+01:00,12.314225
2026-03-11T07:45:00+01:00,12.314225
2026-03-11T08:00:00+01:00,12.314225
2026-03-11T08:15:00+01:00,12.314225
2026-03-11T08:30:00+01:00,12.314225
2026-03-11T08:45:00+01:00,12.314225
2026-03-11T09:00:00+01:00,12.314225
2026-03-11T09:15:00+01:00,11.300171
2026-03-11T09:30:00+01:00,9.806948
2026-03-11T09:45:00+01:00,9.806948
2026-03-11T10:00:00+01:00,9.806948
2026-03-11T10:15:00+01:00,9.806948
2026-03-11T10:30:00+01:00,9.806948
2026-03-11T10:45:00+01:00,9.806948
2026-03-11T11:00:00+01:00,9.806948
2026-03-11T11:15:00+01:00,9.806948
2026-03-11T11:30:00+01:00,9.806948
2026-03-11T11:45:00+01:00,9.806948
2026-03-11T12:00:00+01:00,9.806948
2026-03-11T12:15:00+01:00,9.806948
2026-03-11T12:30:00+01:00,9.806948
2026-03-11T12:45:00+01:00,9.806948
2026-03-11T13:00:00+01:00,9.806948
2026-03-11T13:15:00+01:00,9.806948
2026-03-11T13:30:00+01:00,9.806948
2026-03-11T13:45:00+01:00,9.806948
2026-03-11T14:00:00+01:00,9.806948
2026-03-11T14:15:00+01:00,9.806948
2026-03-11T14:30:00+01:00,9.806948
2026-03-11T14:45:00+01:00,9.806948
2026-03-11T15:00:00+01:00,9.806948
2026-03-11T15:15:00+01:00,9.806948
2026-03-11T15:30:00+01:00,9.806948
2026-03-11T15:45:00+01:00,9.806948
2026-03-11T16:00:00+01:00,9.806948
2026-03-11T16:15:00+01:00,9.806948
2026-03-11T16:30:00+01:00,9.806948
2026-03-11T16:45:00+01:00,9.806948
2026-03-11T17:00:00+01:00,9.806948
2026-03-11T17:15:00+01:00,9.806948
2026-03-11T17:30:00+01:00,9.806948
2026-03-11T17:45:00+01:00,9.806948
2026-03-11T18:00:00+01:00,9.806948
2026-03-11T18:15:00+01:00,9.806948
2026-03-11T18:30:00+01:00,9.806948
2026-03-11T18:45:00+01:00,9.806948
2026-03-11T19:00:00+01:00,9.806948
2026-03-11T19:15:00+01:00,9.806948
2026-03-11T19:30:00+01:00,9.806948
2026-03-11T19:45:00+01:00,9.806948
2026-03-11T20:00:00+01:00,9.806948
2026-03-11T20:15:00+01:00,9.806948
2026-03-11T20:30:00+01:00,9.806948
2026-03-11T20:45:00+01:00,9.806948
2026-03-11T21:00:00+01:00,9.806948
2026-03-11T21:15:00+01:00,9.806948
2026-03-11T21:30:00+01:00,9.806948
2026-03-11T21:45:00+01:00,9.806948
2026-03-11T22:00:00+01:00,9.806948
2026-03-11T22:15:00+01:00,9.806948
2026-03-11T22:30:00+01:00,9.806948
2026-03-11T22:45:00+01:00,9.806948
2026-03-11T23:00:00+01:00,9.806948
2026-03-11T23:15:00+01:00,9.806948
2026-03-11T23:30:00+01:00,9.806948
2026-03-11T23:45:00+01:00,9.806948
2026-03-12T00:00:00+01:00,9.806948
2026-03-12T00:15:00+01:00,9.806948
2026-03-12T00:30:00+01:00,9.806948
2026-03-12T00:45:00+01:00,9.806948
2026-03-12T01:00:00+01:00,9.806948
2026-03-12T01:15:00+01:00,9.806948
2026-03-12T01:30:00+01:00,9.806948
2026-03-12T01:45:00+01:00,9.806948
2026-03-12T02:00:00+01:00,9.806948
2026-03-12T02:15:00+01:00,9.806948
2026-03-12T02:30:00+01:00,9.806948
2026-03-12T02:45:00+01:00,9.806948
2026-03-12T03:00:00+01:00,9.806948
2026-03-12T03:15:00+01:00,9.806948
2026-03-12T03:30:00+01:00,9.806948
2026-03-12T03:45:00+01:00,9.806948
2026-03-12T04:00:00+01:00,9.806948
2026-03-12T04:15:00+01:00,9.806948
2026-03-12T04:30:00+01:00,9.806948
2026-03-12T04:45:00+01:00,9.806948
2026-03-12T05:00:00+01:00,9.806948
2026-03-12T05:15:00+01:00,9.806948
2026-03-12T05:30:00+01:00,9.806948
2026-03-12T05:45:00+01:00,9.806948
2026-03-12T06:00:00+01:00,9.806948
2026-03-12T06:15:00+01:00,9.806948
2026-03-12T06:30:00+01:00,9.806948
2026-03-12T06:45:00+01:00,9.806948
2026-03-12T07:00:00+01:00,9.806948
2026-03-12T07:15:00+01:00,9.806948
2026-03-12T07:30:00+01:00,9.806948
2026-03-12T07:45:00+01:00,9.806948
2026-03-12T08:00:00+01:00,9.806948
2026-03-12T08:15:00+01:00,9.806948
2026-03-12T08:30:00+01:00,9.806948
2026-03-12T08:45:00+01:00,9.806948
2026-03-12T09:00:00+01:00,9.806948
2026-03-12T09:15:00+01:00,9.806948
2026-03-12T09:30:00+01:00,9.806948
2026-03-12T09:45:00+01:00,9.806948
2026-03-12T10:00:00+01:00,9.806948
2026-03-12T10:15:00+01:00,9.806948
2026-03-12T10:30:00+01:00,9.806948
2026-03-12T10:45:00+01:00,9.806948
2026-03-12T11:00:00+01:00,9.806948
2026-03-12T11:15:00+01:00,9.806948
2026-03-12T11:30:00+01:00,9.806948
2026-03-12T11:45:00+01:00,9.806948
2026-03-12T12:00:00+01:00,9.806948
2026-03-12T12:15:00+01:00,9.806948
2026-03-12T12:30:00+01:00,9.806948
2026-03-12T12:45:00+01:00,9.806948
2026-03-12T13:00:00+01:00,9.806948
2026-03-12T13:15:00+01:00,9.806948
2026-03-12T13:30:00+01:00,9.806948
2026-03-12T13:45:00+01:00,9.806948
2026-03-12T14:00:00+01:00,9.806948
2026-03-12T14:15:00+01:00,9.806948
2026-03-12T14:30:00+01:00,9.806948
2026-03-12T14:45:00+01:00,9.806948
2026-03-12T15:00:00+01:00,9.806948
2026-03-12T15:15:00+01:00,9.806948
2026-03-12T15:30:00+01:00,9.806948
2026-03-12T15:45:00+01:00,9.806948
2026-03-12T16:00:00+01:00,9.806948
2026-03-12T16:15:00+01:00,9.806948
2026-03-12T16:30:00+01:00,9.806948
2026-03-12T16:45:00+01:00,9.806948
2026-03-12T17:00:00+01:00,9.806948
2026-03-12T17:15:00+01:00,9.806948
2026-03-12T17:30:00+01:00,9.806948
2026-03-12T17:45:00+01:00,9.806948
2026-03-12T18:00:00+01:00,9.806948
2026-03-12T18:15:00+01:00,9.806948
2026-03-12T18:30:00+01:00,9.806948
2026-03-12T18:45:00+01:00,9.806948
2026-03-12T19:00:00+01:00,9.806948
2026-03-12T19:15:00+01:00,9.806948
2026-03-12T19:30:00+01:00,9.806948
2026-03-12T19:45:00+01:00,9.806948
2026-03-12T20:00:00+01:00,9.806948
2026-03-12T20:15:00+01:00,9.806948
2026-03-12T20:30:00+01:00,9.806948
2026-03-12T20:45:00+01:00,9.806948
2026-03-12T21:00:00+01:00,9.806948
2026-03-12T21:15:00+01:00,9.806948
2026-03-12T21:30:00+01:00,9.806948
2026-03-12T21:45:00+01:00,9.806948
2026-03-12T22:00:00+01:00,9.806948
2026-03-12T22:15:00+01:00,9.806948
2026-03-12T22:30:00+01:00,9.806948
2026-03-12T22:45:00+01:00,9.806948
2026-03-12T23:00:00+01:00,9.806948
2026-03-12T23:15:00+01:00,9.806948
2026-03-12T23:30:00+01:00,9.806948
2026-03-12T23:45:00+01:00,9.806948
2026-03-13T00:00:00+01:00,9.806948
2026-03-13T00:15:00+01:00,9.806948
2026-03-13T00:30:00+01:00,9.806948
2026-03-13T00:45:00+01:00,9.806948
2026-03-13T01:00:00+01:00,9.806948
2026-03-13T01:15:00+01:00,9.806948
2026-03-13T01:30:00+01:00,9.806948
2026-03-13T01:45:00+01:00,9.806948
2026-03-13T02:00:00+01:00,9.806948
2026-03-13T02:15:00+01:00,9.806948
2026-03-13T02:30:00+01:00,9.806948
2026-03-13T02:45:00+01:00,9.806948
2026-03-13T03:00:00+01:00,9.806948
2026-03-13T03:15:00+01:00,9.806948
2026-03-13T03:30:00+01:00,9.806948
2026-03-13T03:45:00+01:00,9.806948
2026-03-13T04:00:00+01:00,9.806948
2026-03-13T04:15:00+01:00,9.806948
2026-03-13T04:30:00+01:00,9.806948
2026-03-13T04:45:00+01:00,9.806948
2026-03-13T05:00:00+01:00,9.806948
2026-03-13T05:15:00+01:00,9.806948
2026-03-13T05:30:00+01:00,9.806948
2026-03-13T05:45:00+01:00,9.806948
2026-03-13T06:00:00+01:00,9.806948
2026-03-13T06:15:00+01:00,9.806948
2026-03-13T06:30:00+01:00,9.806948
2026-03-13T06:45:00+01:00,9.806948
2026-03-13T07:00:00+01:00,9.806948
2026-03-13T07:15:00+01:00,9.806948
2026-03-13T07:30:00+01:00,9.806948
2026-03-13T07:45:00+01:00,9.806948
2026-03-13T08:00:00+01:00,9.806948
2026-03-13T08:15:00+01:00,9.806948
2026-03-13T08:30:00+01:00,9.806948
2026-03-13T08:45:00+01:00,9.806948
2026-03-13T09:00:00+01:00,9.806948
2026-03-13T09:15:00+01:00,9.806948
2026-03-13T09:30:00+01:00,9.806948
2026-03-13T09:45:00+01:00,9.806948
2026-03-13T10:00:00+01:00,9.806948
2026-03-13T10:15:00+01:00,9.806948
2026-03-13T10:30:00+01:00,9.806948
2026-03-13T10:45:00+01:00,9.806948
2026-03-13T11:00:00+01:00,9.806948
2026-03-13T11:15:00+01:00,9.806948
2026-03-13T11:30:00+01:00,9.806948
2026-03-13T11:45:00+01:00,9.806948
2026-03-13T12:00:00+01:00,9.806948
2026-03-13T12:15:00+01:00,9.806948
2026-03-13T12:30:00+01:00,9.806948
2026-03-13T12:45:00+01:00,9.806948
2026-03-13T13:00:00+01:00,9.806948
2026-03-13T13:15:00+01:00,9.806948
2026-03-13T13:30:00+01:00,9.806948
2026-03-13T13:45:00+01:00,9.806948
2026-03-13T14:00:00+01:00,9.806948
2026-03-13T14:15:00+01:00,9.806948
2026-03-13T14:30:00+01:00,9.806948
2026-03-13T14:45:00+01:00,9.806948
2026-03-13T15:00:00+01:00,9.806948
2026-03-13T15:15:00+01:00,9.806948
2026-03-13T15:30:00+01:00,9.806948
2026-03-13T15:45:00+01:00,9.806948
2026-03-13T16:00:00+01:00,9.806948
2026-03-13T16:15:00+01:00,9.806948
2026-03-13T16:30:00+01:00,9.806948
2026-03-13T16:45:00+01:00,9.806948
2026-03-13T17:00:00+01:00,9.806948
2026-03-13T17:15:00+01:00,9.806948
2026-03-13T17:30:00+01:00,9.806948
2026-03-13T17:45:00+01:00,9.806948
2026-03-13T18:00:00+01:00,9.806948
2026-03-13T18:15:00+01:00,9.806948
2026-03-13T18:30:00+01:00,9.806948
2026-03-13T18:45:00+01:00,9.806948
2026-03-13T19:00:00+01:00,9.806948
2026-03-13T19:15:00+01:00,9.806948
2026-03-13T19:30:00+01:00,9.806948
2026-03-13T19:45:00+01:00,9.806948
2026-03-13T20:00:00+01:00,9.806948
2026-03-13T20:15:00+01:00,9.806948
2026-03-13T20:30:00+01:00,9.806948
2026-03-13T20:45:00+01:00,9.806948
2026-03-13T21:00:00+01:00,9.806948
2026-03-13T21:15:00+01:00,9.806948
2026-03-13T21:30:00+01:00,9.806948
2026-03-13T21:45:00+01:00,9.806948
2026-03-13T22:00:00+01:00,9.806948
2026-03-13T22:15:00+01:00,9.806948
2026-03-13T22:30:00+01:00,9.806948
2026-03-13T22:45:00+01:00,9.806948
2026-03-13T23:00:00+01:00,9.806948
2026-03-13T23:15:00+01:00,9.806948
2026-03-13T23:30:00+01:00,9.806948
2026-03-13T23:45:00+01:00,9.806948
2026-03-14T00:00:00+01:00,9.806948
2026-03-14T00:15:00+01:00,9.806948
2026-03-14T00:30:00+01:00,9.806948
2026-03-14T00:45:00+01:00,9.806948
2026-03-14T01:00:00+01:00,9.806948
2026-03-14T01:15:00+01:00,9.806948
2026-03-14T01:30:00+01:00,9.806948
2026-03-14T01:45:00+01:00,9.806948
2026-03-14T02:00:00+01:00,9.806948
2026-03-14T02:15:00+01:00,9.806948
2026-03-14T02:30:00+01:00,9.806948
2026-03-14T02:45:00+01:00,9.806948
2026-03-14T03:00:00+01:00,9.806948
2026-03-14T03:15:00+01:00,9.806948
2026-03-14T03:30:00+01:00,9.806948
2026-03-14T03:45:00+01:00,9.806948
2026-03-14T04:00:00+01:00,9.806948
2026-03-14T04:15:00+01:00,9.806948
2026-03-14T04:30:00+01:00,9.806948
2026-03-14T04:45:00+01:00,9.806948
2026-03-14T05:00:00+01:00,9.806948
2026-03-14T05:15:00+01:00,9.806948
2026-03-14T05:30:00+01:00,9.806948
2026-03-14T05:45:00+01:00,9.806948
2026-03-14T06:00:00+01:00,9.806948
2026-03-14T06:15:00+01:00,9.806948
2026-03-14T06:30:00+01:00,9.806948
2026-03-14T06:45:00+01:00,9.806948
2026-03-14T07:00:00+01:00,9.806948
2026-03-14T07:15:00+01:00,9.806948
2026-03-14T07:30:00+01:00,9.806948
2026-03-14T07:45:00+01:00,9.806948
2026-03-14T08:00:00+01:00,9.806948
2026-03-14T08:15:00+01:00,9.806948
2026-03-14T08:30:00+01:00,9.806948
2026-03-14T08:45:00+01:00,9.806948
2026-03-14T09:00:00+01:00,9.806948
2026-03-14T09:15:00+01:00,9.806948
2026-03-14T09:30:00+01:00,9.806948
2026-03-14T09:45:00+01:00,9.806948
2026-03-14T10:00:00+01:00,9.806948
2026-03-14T10:15:00+01:00,9.806948
2026-03-14T10:30:00+01:00,9.806948
2026-03-14T10:45:00+01:00,9.806948
2026-03-14T11:00:00+01:00,9.806948
2026-03-14T11:15:00+01:00,9.806948
2026-03-14T11:30:00+01:00,9.806948
2026-03-14T11:45:00+01:00,9.806948
2026-03-14T12:00:00+01:00,9.806948
2026-03-14T12:15:00+01:00,9.806948
2026-03-14T12:30:00+01:00,9.806948
2026-03-14T12:45:00+01:00,9.806948
2026-03-14T13:00:00+01:00,9.806948
2026-03-14T13:15:00+01:00,9.806948
2026-03-14T13:30:00+01:00,9.806948
2026-03-14T13:45:00+01:00,9.806948
2026-03-14T14:00:00+01:00,9.806948
2026-03-14T14:15:00+01:00,9.806948
2026-03-14T14:30:00+01:00,9.806948
2026-03-14T14:45:00+01:00,9.806948
2026-03-14T15:00:00+01:00,9.806948
2026-03-14T15:15:00+01:00,9.806948
2026-03-14T15:30:00+01:00,9.806948
2026-03-14T15:45:00+01:00,9.806948
2026-03-14T16:00:00+01:00,9.806948
2026-03-14T16:15:00+01:00,9.806948
2026-03-14T16:30:00+01:00,9.806948
2026-03-14T16:45:00+01:00,9.806948
2026-03-14T17:00:00+01:00,9.806948
2026-03-14T17:15:00+01:00,9.806948
2026-03-14T17:30:00+01:00,9.806948
2026-03-14T17:45:00+01:00,9.806948
2026-03-14T18:00:00+01:00,9.806948
2026-03-14T18:15:00+01:00,9.806948
2026-03-14T18:30:00+01:00,9.806948
2026-03-14T18:45:00+01:00,9.806948
2026-03-14T19:00:00+01:00,9.806948
2026-03-14T19:15:00+01:00,8.185646
2026-03-14T19:30:00+01:00,0.143558
2026-03-14T19:45:00+01:00,0.143558
2026-03-14T20:00:00+01:00,0.143558
2026-03-14T20:15:00+01:00,0.143558
2026-03-14T20:30:00+01:00,0.143558
2026-03-14T20:45:00+01:00,0.143558
2026-03-14T21:00:00+01:00,0.143558
2026-03-14T21:15:00+01:00,0.143558
2026-03-14T21:30:00+01:00,0.143558
2026-03-14T21:45:00+01:00,0.143558
2026-03-14T22:00:00+01:00,0.143558
2026-03-14T22:15:00+01:00,0.143558
2026-03-14T22:30:00+01:00,0.143558
2026-03-14T22:45:00+01:00,0.143558
2026-03-14T23:00:00+01:00,0.143558
2026-03-14T23:15:00+01:00,0.143558
2026-03-14T23:30:00+01:00,0.143558
2026-03-14T23:45:00+01:00,0.143558
2026-03-15T00:00:00+01:00,0.143558
2026-03-15T00:15:00+01:00,0.143558
2026-03-15T00:30:00+01:00,0.143558
2026-03-15T00:45:00+01:00,0.143558
2026-03-15T01:00:00+01:00,0.143558
2026-03-15T01:15:00+01:00,0.143558
2026-03-15T01:30:00+01:00,0.143558
2026-03-15T01:45:00+01:00,0.143558
2026-03-15T02:00:00+01:00,0.143558
2026-03-15T02:15:00+01:00,1.766763
2026-03-15T02:30:00+01:00,5.475254
2026-03-15T02:45:00+01:00,5.475254
2026-03-15T03:00:00+01:00,5.475254
2026-03-15T03:15:00+01:00,5.475254
2026-03-15T03:30:00+01:00,5.475254
2026-03-15T03:45:00+01:00,5.475254
2026-03-15T04:00:00+01:00,5.475254
2026-03-15T04:15:00+01:00,5.475254
2026-03-15T04:30:00+01:00,5.475254
2026-03-15T04:45:00+01:00,5.475254
2026-03-15T05:00:00+01:00,5.475254
2026-03-15T05:15:00+01:00,5.475254
2026-03-15T05:30:00+01:00,5.475254
2026-03-15T05:45:00+01:00,5.475254
2026-03-15T06:00:00+01:00,5.475254
2026-03-15T06:15:00+01:00,5.475254
2026-03-15T06:30:00+01:00,5.475254
2026-03-15T06:45:00+01:00,5.475254
2026-03-15T07:00:00+01:00,5.475254
2026-03-15T07:15:00+01:00,5.475254
2026-03-15T07:30:00+01:00,5.475254
2026-03-15T07:45:00+01:00,5.475254
2026-03-15T08:00:00+01:00,5.475254
2026-03-15T08:15:00+01:00,5.475254
2026-03-15T08:30:00+01:00,5.475254
2026-03-15T08:45:00+01:00,5.475254
2026-03-15T09:00:00+01:00,5.475254
2026-03-15T09:15:00+01:00,5.475254
2026-03-15T09:30:00+01:00,5.475254
2026-03-15T09:45:00+01:00,5.475254
2026-03-15T10:00:00+01:00,5.475254
2026-03-15T10:15:00+01:00,5.475254
2026-03-15T10:30:00+01:00,5.475254
2026-03-15T10:45:00+01:00,5.475254
2026-03-15T11:00:00+01:00,5.475254
2026-03-15T11:15:00+01:00,5.475254
2026-03-15T11:30:00+01:00,5.475254
2026-03-15T11:45:00+01:00,5.475254
2026-03-15T12:00:00+01:00,5.475254
2026-03-15T12:15:00+01:00,5.475254
2026-03-15T12:30:00+01:00,5.475254
2026-03-15T12:45:00+01:00,5.475254
2026-03-15T13:00:00+01:00,5.475254
2026-03-15T13:15:00+01:00,5.475254
2026-03-15T13:30:00+01:00,5.475254
2026-03-15T13:45:00+01:00,5.475254
2026-03-15T14:00:00+01:00,5.475254
2026-03-15T14:15:00+01:00,5.475254
2026-03-15T14:30:00+01:00,5.475254
2026-03-15T14:45:00+01:00,5.475254
2026-03-15T15:00:00+01:00,5.475254
2026-03-15T15:15:00+01:00,5.475254
2026-03-15T15:30:00+01:00,5.475254
2026-03-15T15:45:00+01:00,5.475254
2026-03-15T16:00:00+01:00,5.475254
2026-03-15T16:15:00+01:00,5.475254
2026-03-15T16:30:00+01:00,5.475254
2026-03-15T16:45:00+01:00,5.475254
2026-03-15T17:00:00+01:00,5.475254
2026-03-15T17:15:00+01:00,5.475254
2026-03-15T17:30:00+01:00,5.475254
2026-03-15T17:45:00+01:00,5.475254
2026-03-15T18:00:00+01:00,5.475254
2026-03-15T18:15:00+01:00,5.475254
2026-03-15T18:30:00+01:00,5.475254
2026-03-15T18:45:00+01:00,5.475254
2026-03-15T19:00:00+01:00,5.475254
2026-03-15T19:15:00+01:00,5.475254
2026-03-15T19:30:00+01:00,5.475254
2026-03-15T19:45:00+01:00,5.475254
2026-03-15T20:00:00+01:00,5.475254
2026-03-15T20:15:00+01:00,5.475254
2026-03-15T20:30:00+01:00,5.475254
2026-03-15T20:45:00+01:00,5.475254
2026-03-15T21:00:00+01:00,5.475254
2026-03-15T21:15:00+01:00,5.475254
2026-03-15T21:30:00+01:00,5.475254
2026-03-15T21:45:00+01:00,5.475254
2026-03-15T22:00:00+01:00,5.475254
2026-03-15T22:15:00+01:00,5.475254
2026-03-15T22:30:00+01:00,5.475254
2026-03-15T22:45:00+01:00,5.475254
2026-03-15T23:00:00+01:00,5.475254
2026-03-15T23:15:00+01:00,5.475254
2026-03-15T23:30:00+01:00,5.475254
2026-03-15T23:45:00+01:00,5.475254
2026-03-16T00:00:00+01:00,5.475254
2026-03-16T00:15:00+01:00,5.475254
2026-03-16T00:30:00+01:00,5.475254
2026-03-16T00:45:00+01:00,5.475254
2026-03-16T01:00:00+01:00,5.475254
2026-03-16T01:15:00+01:00,5.475254
2026-03-16T01:30:00+01:00,5.475254
2026-03-16T01:45:00+01:00,5.475254
2026-03-16T02:00:00+01:00,5.475254
2026-03-16T02:15:00+01:00,5.475254
2026-03-16T02:30:00+01:00,5.475254
2026-03-16T02:45:00+01:00,5.475254
2026-03-16T03:00:00+01:00,5.475254
2026-03-16T03:15:00+01:00,5.475254
2026-03-16T03:30:00+01:00,5.475254
2026-03-16T03:45:00+01:00,5.475254
2026-03-16T04:00:00+01:00,5.475254
2026-03-16T04:15:00+01:00,5.475254
2026-03-16T04:30:00+01:00,5.475254
2026-03-16T04:45:00+01:00,5.475254
2026-03-16T05:00:00+01:00,5.475254
2026-03-16T05:15:00+01:00,5.475254
2026-03-16T05:30:00+01:00,5.475254
2026-03-16T05:45:00+01:00,5.475254
2026-03-16T06:00:00+01:00,5.475254
2026-03-16T06:15:00+01:00,5.475254
2026-03-16T06:30:00+01:00,5.475254
2026-03-16T06:45:00+01:00,5.475254
2026-03-16T07:00:00+01:00,5.475254
2026-03-16T07:15:00+01:00,5.475254
2026-03-16T07:30:00+01:00,5.475254
2026-03-16T07:45:00+01:00,5.475254
2026-03-16T08:00:00+01:00,5.475254
2026-03-16T08:15:00+01:00,5.475254
2026-03-16T08:30:00+01:00,5.475254
2026-03-16T08:45:00+01:00,5.475254
2026-03-16T09:00:00+01:00,5.475254
2026-03-16T09:15:00+01:00,5.475254
2026-03-16T09:30:00+01:00,5.475254
2026-03-16T09:45:00+01:00,5.475254
2026-03-16T10:00:00+01:00,5.475254
2026-03-16T10:15:00+01:00,5.475254
2026-03-16T10:30:00+01:00,5.475254
2026-03-16T10:45:00+01:00,5.475254
2026-03-16T11:00:00+01:00,5.475254
2026-03-16T11:15:00+01:00,5.475254
2026-03-16T11:30:00+01:00,5.475254
2026-03-16T11:45:00+01:00,5.475254
2026-03-16T12:00:00+01:00,5.475254
2026-03-16T12:15:00+01:00,5.475254
2026-03-16T12:30:00+01:00,5.475254
2026-03-16T12:45:00+01:00,5.475254
2026-03-16T13:00:00+01:00,5.475254
2026-03-16T13:15:00+01:00,5.475254
2026-03-16T13:30:00+01:00,5.475254
2026-03-16T13:45:00+01:00,5.475254
2026-03-16T14:00:00+01:00,5.475254
2026-03-16T14:15:00+01:00,5.475254
2026-03-16T14:30:00+01:00,5.475254
2026-03-16T14:45:00+01:00,5.475254
2026-03-16T15:00:00+01:00,5.475254
2026-03-16T15:15:00+01:00,5.475254
2026-03-16T15:30:00+01:00,5.475254
2026-03-16T15:45:00+01:00,5.475254
2026-03-16T16:00:00+01:00,5.475254
2026-03-16T16:15:00+01:00,5.475254
2026-03-16T16:30:00+01:00,5.475254
2026-03-16T16:45:00+01:00,5.475254
2026-03-16T17:00:00+01:00,5.475254
2026-03-16T17:15:00+01:00,5.475254
2026-03-16T17:30:00+01:00,5.475254
2026-03-16T17:45:00+01:00,5.475254
2026-03-16T18:00:00+01:00,5.475254
2026-03-16T18:15:00+01:00,5.475254
2026-03-16T18:30:00+01:00,5.475254
2026-03-16T18:45:00+01:00,5.475254
2026-03-16T19:00:00+01:00,5.475254
2026-03-16T19:15:00+01:00,5.475254
2026-03-16T19:30:00+01:00,5.475254
2026-03-16T19:45:00+01:00,5.475254
2026-03-16T20:00:00+01:00,5.475254
2026-03-16T20:15:00+01:00,5.475254
2026-03-16T20:30:00+01:00,5.475254
2026-03-16T20:45:00+01:00,4.784402
2026-03-16T21:00:00+01:00,2.88456
2026-03-16T21:15:00+01:00,2.88456
2026-03-16T21:30:00+01:00,2.88456
2026-03-16T21:45:00+01:00,2.88456
2026-03-16T22:00:00+01:00,2.88456
2026-03-16T22:15:00+01:00,2.88456
2026-03-16T22:30:00+01:00,2.88456
2026-03-16T22:45:00+01:00,2.88456
2026-03-16T23:00:00+01:00,2.88456
2026-03-16T23:15:00+01:00,2.88456
2026-03-16T23:30:00+01:00,2.88456
2026-03-16T23:45:00+01:00,2.88456
2026-03-17T00:00:00+01:00,2.88456
2026-03-17T00:15:00+01:00,2.88456
2026-03-17T00:30:00+01:00,2.88456
2026-03-17T00:45:00+01:00,2.88456
2026-03-17T01:00:00+01:00,2.88456
2026-03-17T01:15:00+01:00,2.88456
2026-03-17T01:30:00+01:00,2.88456
2026-03-17T01:45:00+01:00,2.88456
2026-03-17T02:00:00+01:00,2.88456
2026-03-17T02:15:00+01:00,2.88456
2026-03-17T02:30:00+01:00,2.88456
2026-03-17T02:45:00+01:00,2.88456
2026-03-17T03:00:00+01:00,2.88456
2026-03-17T03:15:00+01:00,2.88456
2026-03-17T03:30:00+01:00,2.88456
2026-03-17T03:45:00+01:00,2.88456
2026-03-17T04:00:00+01:00,2.88456
2026-03-17T04:15:00+01:00,2.88456
2026-03-17T04:30:00+01:00,2.88456
2026-03-17T04:45:00+01:00,2.88456
2026-03-17T05:00:00+01:00,2.88456
2026-03-17T05:15:00+01:00,2.88456
2026-03-17T05:30:00+01:00,2.88456
2026-03-17T05:45:00+01:00,2.88456
2026-03-17T06:00:00+01:00,2.88456
2026-03-17T06:15:00+01:00,2.88456
2026-03-17T06:30:00+01:00,2.88456
2026-03-17T06:45:00+01:00,2.88456
2026-03-17T07:00:00+01:00,2.88456
2026-03-17T07:15:00+01:00,2.88456
2026-03-17T07:30:00+01:00,2.88456
2026-03-17T07:45:00+01:00,2.88456
2026-03-17T08:00:00+01:00,2.88456
2026-03-17T08:15:00+01:00,2.88456
2026-03-17T08:30:00+01:00,2.88456
2026-03-17T08:45:00+01:00,2.88456
2026-03-17T09:00:00+01:00,2.88456
2026-03-17T09:15:00+01:00,2.88456
2026-03-17T09:30:00+01:00,2.88456
2026-03-17T09:45:00+01:00,2.88456
2026-03-17T10:00:00+01:00,2.88456
2026-03-17T10:15:00+01:00,2.88456
2026-03-17T10:30:00+01:00,2.88456
2026-03-17T10:45:00+01:00,2.88456
2026-03-17T11:00:00+01:00,2.88456
2026-03-17T11:15:00+01:00,2.88456
2026-03-17T11:30:00+01:00,2.88456
2026-03-17T11:45:00+01:00,2.88456
2026-03-17T12:00:00+01:00,2.88456
2026-03-17T12:15:00+01:00,2.88456
2026-03-17T12:30:00+01:00,2.88456
2026-03-17T12:45:00+01:00,2.88456
2026-03-17T13:00:00+01:00,2.88456
2026-03-17T13:15:00+01:00,2.88456
2026-03-17T13:30:00+01:00,2.88456
2026-03-17T13:45:00+01:00,2.88456
2026-03-17T14:00:00+01:00,2.88456
2026-03-17T14:15:00+01:00,2.88456
2026-03-17T14:30:00+01:00,2.88456
2026-03-17T14:45:00+01:00,2.88456
2026-03-17T15:00:00+01:00,2.88456
2026-03-17T15:15:00+01:00,2.88456
2026-03-17T15:30:00+01:00,2.88456
2026-03-17T15:45:00+01:00,2.88456
2026-03-17T16:00:00+01:00,2.88456
2026-03-17T16:15:00+01:00,2.88456
2026-03-17T16:30:00+01:00,2.88456
2026-03-17T16:45:00+01:00,2.88456
2026-03-17T17:00:00+01:00,2.88456
2026-03-17T17:15:00+01:00,2.88456
2026-03-17T17:30:00+01:00,2.88456
2026-03-17T17:45:00+01:00,2.88456
2026-03-17T18:00:00+01:00,2.88456
2026-03-17T18:15:00+01:00,2.88456
2026-03-17T18:30:00+01:00,2.88456
2026-03-17T18:45:00+01:00,2.88456
2026-03-17T19:00:00+01:00,2.88456
2026-03-17T19:15:00+01:00,2.88456
2026-03-17T19:30:00+01:00,2.88456
2026-03-17T19:45:00+01:00,2.88456
2026-03-17T20:00:00+01:00,2.88456
2026-03-17T20:15:00+01:00,2.88456
2026-03-17T20:30:00+01:00,2.88456
2026-03-17T20:45:00+01:00,2.88456
2026-03-17T21:00:00+01:00,2.88456
2026-03-17T21:15:00+01:00,2.88456
2026-03-17T21:30:00+01:00,2.88456
2026-03-17T21:45:00+01:00,2.88456
2026-03-17T22:00:00+01:00,2.88456
2026-03-17T22:15:00+01:00,2.88456
2026-03-17T22:30:00+01:00,2.88456
2026-03-17T22:45:00+01:00,2.88456
2026-03-17T23:00:00+01:00,2.88456
2026-03-17T23:15:00+01:00,2.88456
2026-03-17T23:30:00+01:00,2.88456
2026-03-17T23:45:00+01:00,2.88456
2026-03-18T00:00:00+01:00,2.88456
2026-03-18T00:15:00+01:00,2.88456
2026-03-18T00:30:00+01:00,2.88456
2026-03-18T00:45:00+01:00,2.88456
2026-03-18T01:00:00+01:00,2.88456
2026-03-18T01:15:00+01:00,2.88456
2026-03-18T01:30:00+01:00,2.88456
2026-03-18T01:45:00+01:00,2.88456
2026-03-18T02:00:00+01:00,2.88456
2026-03-18T02:15:00+01:00,2.88456
2026-03-18T02:30:00+01:00,2.88456
2026-03-18T02:45:00+01:00,2.88456
2026-03-18T03:00:00+01:00,2.88456
2026-03-18T03:15:00+01:00,2.88456
2026-03-18T03:30:00+01:00,2.88456
2026-03-18T03:45:00+01:00,2.88456
2026-03-18T04:00:00+01:00,2.88456
2026-03-18T04:15:00+01:00,2.88456
2026-03-18T04:30:00+01:00,2.88456
2026-03-18T04:45:00+01:00,2.88456
2026-03-18T05:00:00+01:00,2.88456
2026-03-18T05:15:00+01:00,2.88456
2026-03-18T05:30:00+01:00,2.88456
2026-03-18T05:45:00+01:00,2.88456
2026-03-18T06:00:00+01:00,2.88456
2026-03-18T06:15:00+01:00,2.88456
2026-03-18T06:30:00+01:00,2.88456
2026-03-18T06:45:00+01:00,2.88456
2026-03-18T07:00:00+01:00,2.88456
2026-03-18T07:15:00+01:00,2.88456
2026-03-18T07:30:00+01:00,2.88456
2026-03-18T07:45:00+01:00,2.88456
2026-03-18T08:00:00+01:00,2.88456
2026-03-18T08:15:00+01:00,2.88456
2026-03-18T08:30:00+01:00,2.88456
2026-03-18T08:45:00+01:00,2.88456
2026-03-18T09:00:00+01:00,2.88456
2026-03-18T09:15:00+01:00,2.88456
2026-03-18T09:30:00+01:00,2.88456
2026-03-18T09:45:00+01:00,2.88456
2026-03-18T10:00:00+01:00,2.88456
2026-03-18T10:15:00+01:00,2.88456
2026-03-18T10:30:00+01:00,2.88456
2026-03-18T10:45:00+01:00,2.88456
2026-03-18T11:00:00+01:00,2.88456
2026-03-18T11:15:00+01:00,2.88456
2026-03-18T11:30:00+01:00,2.88456
2026-03-18T11:45:00+01:00,2.88456
2026-03-18T12:00:00+01:00,2.88456
2026-03-18T12:15:00+01:00,2.88456
2026-03-18T12:30:00+01:00,2.88456
2026-03-18T12:45:00+01:00,2.88456
2026-03-18T13:00:00+01:00,2.88456
2026-03-18T13:15:00+01:00,2.88456
2026-03-18T13:30:00+01:00,2.88456
2026-03-18T13:45:00+01:00,2.88456
2026-03-18T14:00:00+01:00,2.88456
2026-03-18T14:15:00+01:00,2.88456
2026-03-18T14:30:00+01:00,2.88456
2026-03-18T14:45:00+01:00,2.88456
2026-03-18T15:00:00+01:00,2.88456
2026-03-18T15:15:00+01:00,2.88456
2026-03-18T15:30:00+01:00,2.88456
2026-03-18T15:45:00+01:00,2.88456
2026-03-18T16:00:00+01:00,2.88456
2026-03-18T16:15:00+01:00,2.88456
2026-03-18T16:30:00+01:00,2.88456
2026-03-18T16:45:00+01:00,2.88456
2026-03-18T17:00:00+01:00,2.88456
2026-03-18T17:15:00+01:00,2.88456
2026-03-18T17:30:00+01:00,2.88456
2026-03-18T17:45:00+01:00,2.88456
2026-03-18T18:00:00+01:00,2.88456
2026-03-18T18:15:00+01:00,2.88456
2026-03-18T18:30:00+01:00,2.88456
2026-03-18T18:45:00+01:00,2.88456
2026-03-18T19:00:00+01:00,2.88456
2026-03-18T19:15:00+01:00,2.88456
2026-03-18T19:30:00+01:00,2.88456
2026-03-18T19:45:00+01:00,2.88456
2026-03-18T20:00:00+01:00,2.88456
2026-03-18T20:15:00+01:00,2.88456
2026-03-18T20:30:00+01:00,2.88456
2026-03-18T20:45:00+01:00,2.88456
2026-03-18T21:00:00+01:00,2.88456
2026-03-18T21:15:00+01:00,2.88456
2026-03-18T21:30:00+01:00,2.88456
2026-03-18T21:45:00+01:00,2.88456
2026-03-18T22:00:00+01:00,2.88456
2026-03-18T22:15:00+01:00,2.88456
2026-03-18T22:30:00+01:00,2.88456
2026-03-18T22:45:00+01:00,2.88456
2026-03-18T23:00:00+01:00,2.88456
2026-03-18T23:15:00+01:00,2.88456
2026-03-18T23:30:00+01:00,2.88456
2026-03-18T23:45:00+01:00,2.88456
2026-03-19T00:00:00+01:00,2.88456
2026-03-19T00:15:00+01:00,2.88456
2026-03-19T00:30:00+01:00,2.88456
2026-03-19T00:45:00+01:00,2.88456
2026-03-19T01:00:00+01:00,2.88456
2026-03-19T01:15:00+01:00,2.88456
2026-03-19T01:30:00+01:00,2.88456
2026-03-19T01:45:00+01:00,2.88456
2026-03-19T02:00:00+01:00,2.88456
2026-03-19T02:15:00+01:00,2.88456
2026-03-19T02:30:00+01:00,2.88456
2026-03-19T02:45:00+01:00,2.88456
2026-03-19T03:00:00+01:00,2.88456
2026-03-19T03:15:00+01:00,2.88456
2026-03-19T03:30:00+01:00,2.88456
2026-03-19T03:45:00+01:00,2.88456
2026-03-19T04:00:00+01:00,2.88456
2026-03-19T04:15:00+01:00,2.88456
2026-03-19T04:30:00+01:00,2.88456
2026-03-19T04:45:00+01:00,2.88456
2026-03-19T05:00:00+01:00,2.88456
2026-03-19T05:15:00+01:00,2.88456
2026-03-19T05:30:00+01:00,2.88456
2026-03-19T05:45:00+01:00,2.88456
2026-03-19T06:00:00+01:00,2.88456
2026-03-19T06:15:00+01:00,2.88456
2026-03-19T06:30:00+01:00,2.88456
2026-03-19T06:45:00+01:00,2.88456
2026-03-19T07:00:00+01:00,2.88456
2026-03-19T07:15:00+01:00,2.88456
2026-03-19T07:30:00+01:00,2.88456
2026-03-19T07:45:00+01:00,2.88456
2026-03-19T08:00:00+01:00,2.88456
2026-03-19T08:15:00+01:00,2.88456
2026-03-19T08:30:00+01:00,2.88456
2026-03-19T08:45:00+01:00,2.88456
2026-03-19T09:00:00+01:00,2.88456
2026-03-19T09:15:00+01:00,2.88456
2026-03-19T09:30:00+01:00,2.88456
2026-03-19T09:45:00+01:00,2.88456
2026-03-19T10:00:00+01:00,2.88456
2026-03-19T10:15:00+01:00,2.88456
2026-03-19T10:30:00+01:00,2.88456
2026-03-19T10:45:00+01:00,2.88456
2026-03-19T11:00:00+01:00,2.88456
2026-03-19T11:15:00+01:00,2.88456
2026-03-19T11:30:00+01:00,2.88456
2026-03-19T11:45:00+01:00,2.88456
2026-03-19T12:00:00+01:00,2.88456
2026-03-19T12:15:00+01:00,2.88456
2026-03-19T12:30:00+01:00,2.88456
2026-03-19T12:45:00+01:00,2.88456
2026-03-19T13:00:00+01:00,2.88456
2026-03-19T13:15:00+01:00,2.88456
2026-03-19T13:30:00+01:00,2.88456
2026-03-19T13:45:00+01:00,2.88456
2026-03-19T14:00:00+01:00,2.88456
2026-03-19T14:15:00+01:00,2.88456
2026-03-19T14:30:00+01:00,2.88456
2026-03-19T14:45:00+01:00,2.88456
2026-03-19T15:00:00+01:00,2.88456
2026-03-19T15:15:00+01:00,2.88456
2026-03-19T15:30:00+01:00,2.88456
2026-03-19T15:45:00+01:00,2.88456
2026-03-19T16:00:00+01:00,2.88456
2026-03-19T16:15:00+01:00,2.88456
2026-03-19T16:30:00+01:00,2.88456
2026-03-19T16:45:00+01:00,2.88456
2026-03-19T17:00:00+01:00,2.88456
2026-03-19T17:15:00+01:00,2.88456
2026-03-19T17:30:00+01:00,2.88456
2026-03-19T17:45:00+01:00,2.88456
2026-03-19T18:00:00+01:00,2.88456
2026-03-19T18:15:00+01:00,2.88456
2026-03-19T18:30:00+01:00,2.88456
2026-03-19T18:45:00+01:00,2.88456
2026-03-19T19:00:00+01:00,2.88456
2026-03-19T19:15:00+01:00,2.88456
2026-03-19T19:30:00+01:00,2.88456
2026-03-19T19:45:00+01:00,2.88456
2026-03-19T20:00:00+01:00,2.88456
2026-03-19T20:15:00+01:00,2.88456
2026-03-19T20:30:00+01:00,2.88456
2026-03-19T20:45:00+01:00,2.88456
2026-03-19T21:00:00+01:00,2.88456
2026-03-19T21:15:00+01:00,2.88456
2026-03-19T21:30:00+01:00,2.88456
2026-03-19T21:45:00+01:00,2.88456
2026-03-19T22:00:00+01:00,2.88456
2026-03-19T22:15:00+01:00,2.88456
2026-03-19T22:30:00+01:00,2.88456
2026-03-19T22:45:00+01:00,2.88456
2026-03-19T23:00:00+01:00,2.88456
2026-03-19T23:15:00+01:00,2.88456
2026-03-19T23:30:00+01:00,2.88456
2026-03-19T23:45:00+01:00,2.88456
2026-03-20T00:00:00+01:00,2.88456
2026-03-20T00:15:00+01:00,2.88456
2026-03-20T00:30:00+01:00,2.88456
2026-03-20T00:45:00+01:00,2.88456
2026-03-20T01:00:00+01:00,2.88456
2026-03-20T01:15:00+01:00,2.88456
2026-03-20T01:30:00+01:00,2.88456
2026-03-20T01:45:00+01:00,2.88456
2026-03-20T02:00:00+01:00,2.88456
2026-03-20T02:15:00+01:00,2.88456
2026-03-20T02:30:00+01:00,2.88456
2026-03-20T02:45:00+01:00,2.88456
2026-03-20T03:00:00+01:00,2.88456
2026-03-20T03:15:00+01:00,2.88456
2026-03-20T03:30:00+01:00,2.88456
2026-03-20T03:45:00+01:00,2.88456
2026-03-20T04:00:00+01:00,2.88456
2026-03-20T04:15:00+01:00,2.88456
2026-03-20T04:30:00+01:00,2.88456
2026-03-20T04:45:00+01:00,2.88456
2026-03-20T05:00:00+01:00,2.88456
2026-03-20T05:15:00+01:00,2.88456
2026-03-20T05:30:00+01:00,2.88456
2026-03-20T05:45:00+01:00,2.88456
2026-03-20T06:00:00+01:00,2.88456
2026-03-20T06:15:00+01:00,2.88456
2026-03-20T06:30:00+01:00,2.88456
2026-03-20T06:45:00+01:00,2.88456
2026-03-20T07:00:00+01:00,2.88456
2026-03-20T07:15:00+01:00,2.88456
2026-03-20T07:30:00+01:00,2.88456
2026-03-20T07:45:00+01:00,2.88456
2026-03-20T08:00:00+01:00,2.88456
2026-03-20T08:15:00+01:00,2.88456
2026-03-20T08:30:00+01:00,2.88456
2026-03-20T08:45:00+01:00,2.88456
2026-03-20T09:00:00+01:00,2.88456
2026-03-20T09:15:00+01:00,2.88456
2026-03-20T09:30:00+01:00,2.88456
2026-03-20T09:45:00+01:00,2.88456
2026-03-20T10:00:00+01:00,2.88456
2026-03-20T10:15:00+01:00,2.88456
2026-03-20T10:30:00+01:00,2.88456
2026-03-20T10:45:00+01:00,2.88456
2026-03-20T11:00:00+01:00,2.88456
2026-03-20T11:15:00+01:00,2.88456
2026-03-20T11:30:00+01:00,2.88456
2026-03-20T11:45:00+01:00,2.88456
2026-03-20T12:00:00+01:00,2.88456
2026-03-20T12:15:00+01:00,2.88456
2026-03-20T12:30:00+01:00,2.88456
2026-03-20T12:45:00+01:00,2.88456
2026-03-20T13:00:00+01:00,2.88456
2026-03-20T13:15:00+01:00,2.88456
2026-03-20T13:30:00+01:00,2.88456
2026-03-20T13:45:00+01:00,2.88456
2026-03-20T14:00:00+01:00,2.88456
2026-03-20T14:15:00+01:00,2.88456
2026-03-20T14:30:00+01:00,2.88456
2026-03-20T14:45:00+01:00,2.88456
2026-03-20T15:00:00+01:00,2.88456
2026-03-20T15:15:00+01:00,2.88456
2026-03-20T15:30:00+01:00,2.88456
2026-03-20T15:45:00+01:00,2.88456
2026-03-20T16:00:00+01:00,2.88456
2026-03-20T16:15:00+01:00,2.88456
2026-03-20T16:30:00+01:00,2.88456
2026-03-20T16:45:00+01:00,2.88456
2026-03-20T17:00:00+01:00,2.88456
2026-03-20T17:15:00+01:00,2.88456
2026-03-20T17:30:00+01:00,2.88456
2026-03-20T17:45:00+01:00,2.88456
2026-03-20T18:00:00+01:00,2.88456
2026-03-20T18:15:00+01:00,2.88456
2026-03-20T18:30:00+01:00,2.88456
2026-03-20T18:45:00+01:00,2.88456
2026-03-20T19:00:00+01:00,2.88456
2026-03-20T19:15:00+01:00,2.88456
2026-03-20T19:30:00+01:00,2.88456
2026-03-20T19:45:00+01:00,2.88456
2026-03-20T20:00:00+01:00,2.88456
2026-03-20T20:15:00+01:00,2.88456
2026-03-20T20:30:00+01:00,2.88456
2026-03-20T20:45:00+01:00,2.88456
2026-03-20T21:00:00+01:00,2.88456
2026-03-20T21:15:00+01:00,2.88456
2026-03-20T21:30:00+01:00,2.88456
2026-03-20T21:45:00+01:00,2.88456
2026-03-20T22:00:00+01:00,2.88456
2026-03-20T22:15:00+01:00,2.88456
2026-03-20T22:30:00+01:00,2.88456
2026-03-20T22:45:00+01:00,2.88456
2026-03-20T23:00:00+01:00,2.88456
2026-03-20T23:15:00+01:00,2.88456
2026-03-20T23:30:00+01:00,2.88456
2026-03-20T23:45:00+01:00,2.88456
2026-03-21T00:00:00+01:00,2.88456
2026-03-21T00:15:00+01:00,2.88456
2026-03-21T00:30:00+01:00,2.88456
2026-03-21T00:45:00+01:00,2.88456
2026-03-21T01:00:00+01:00,2.88456
2026-03-21T01:15:00+01:00,2.88456
2026-03-21T01:30:00+01:00,2.88456
2026-03-21T01:45:00+01:00,2.88456
2026-03-21T02:00:00+01:00,2.88456
2026-03-21T02:15:00+01:00,2.88456
2026-03-21T02:30:00+01:00,2.88456
2026-03-21T02:45:00+01:00,2.88456
2026-03-21T03:00:00+01:00,2.88456
2026-03-21T03:15:00+01:00,2.88456
2026-03-21T03:30:00+01:00,2.88456
2026-03-21T03:45:00+01:00,2.88456
2026-03-21T04:00:00+01:00,2.88456
2026-03-21T04:15:00+01:00,2.88456
2026-03-21T04:30:00+01:00,2.88456
2026-03-21T04:45:00+01:00,2.88456
2026-03-21T05:00:00+01:00,2.88456
2026-03-21T05:15:00+01:00,2.88456
2026-03-21T05:30:00+01:00,2.88456
2026-03-21T05:45:00+01:00,2.88456
2026-03-21T06:00:00+01:00,2.88456
2026-03-21T06:15:00+01:00,2.88456
2026-03-21T06:30:00+01:00,2.88456
2026-03-21T06:45:00+01:00,2.88456
2026-03-21T07:00:00+01:00,2.88456
2026-03-21T07:15:00+01:00,2.88456
2026-03-21T07:30:00+01:00,2.88456
2026-03-21T07:45:00+01:00,2.88456
2026-03-21T08:00:00+01:00,2.88456
2026-03-21T08:15:00+01:00,2.88456
2026-03-21T08:30:00+01:00,2.88456
2026-03-21T08:45:00+01:00,2.88456
2026-03-21T09:00:00+01:00,2.88456
2026-03-21T09:15:00+01:00,2.88456
2026-03-21T09:30:00+01:00,2.88456
2026-03-21T09:45:00+01:00,2.88456
2026-03-21T10:00:00+01:00,2.88456
2026-03-21T10:15:00+01:00,2.88456
2026-03-21T10:30:00+01:00,2.88456
2026-03-21T10:45:00+01:00,2.88456
2026-03-21T11:00:00+01:00,2.88456
2026-03-21T11:15:00+01:00,2.88456
2026-03-21T11:30:00+01:00,2.88456
2026-03-21T11:45:00+01:00,2.88456
2026-03-21T12:00:00+01:00,2.88456
2026-03-21T12:15:00+01:00,2.88456
2026-03-21T12:30:00+01:00,2.88456
2026-03-21T12:45:00+01:00,2.88456
2026-03-21T13:00:00+01:00,2.88456
2026-03-21T13:15:00+01:00,2.88456
2026-03-21T13:30:00+01:00,2.88456
2026-03-21T13:45:00+01:00,2.88456
2026-03-21T14:00:00+01:00,2.88456
2026-03-21T14:15:00+01:00,2.88456
2026-03-21T14:30:00+01:00,2.88456
2026-03-21T14:45:00+01:00,2.88456
2026-03-21T15:00:00+01:00,2.88456
2026-03-21T15:15:00+01:00,2.88456
2026-03-21T15:30:00+01:00,2.88456
2026-03-21T15:45:00+01:00,2.88456
2026-03-21T16:00:00+01:00,2.88456
2026-03-21T16:15:00+01:00,2.88456
2026-03-21T16:30:00+01:00,2.88456
2026-03-21T16:45:00+01:00,2.88456
2026-03-21T17:00:00+01:00,2.88456
2026-03-21T17:15:00+01:00,2.88456
2026-03-21T17:30:00+01:00,2.88456
2026-03-21T17:45:00+01:00,2.88456
2026-03-21T18:00:00+01:00,2.88456
2026-03-21T18:15:00+01:00,2.88456
2026-03-21T18:30:00+01:00,2.88456
2026-03-21T18:45:00+01:00,2.88456
2026-03-21T19:00:00+01:00,2.88456
2026-03-21T19:15:00+01:00,2.88456
2026-03-21T19:30:00+01:00,2.88456
2026-03-21T19:45:00+01:00,2.88456
2026-03-21T20:00:00+01:00,2.88456
2026-03-21T20:15:00+01:00,2.88456
2026-03-21T20:30:00+01:00,2.88456
2026-03-21T20:45:00+01:00,2.88456
2026-03-21T21:00:00+01:00,2.88456
2026-03-21T21:15:00+01:00,2.88456
2026-03-21T21:30:00+01:00,2.88456
2026-03-21T21:45:00+01:00,2.88456
2026-03-21T22:00:00+01:00,2.88456
2026-03-21T22:15:00+01:00,2.88456
2026-03-21T22:30:00+01:00,2.88456
2026-03-21T22:45:00+01:00,2.88456
2026-03-21T23:00:00+01:00,2.88456
2026-03-21T23:15:00+01:00,2.88456
2026-03-21T23:30:00+01:00,2.88456
2026-03-21T23:45:00+01:00,2.88456
2026-03-22T00:00:00+01:00,2.88456
2026-03-22T00:15:00+01:00,2.88456
2026-03-22T00:30:00+01:00,2.88456
2026-03-22T00:45:00+01:00,2.88456
2026-03-22T01:00:00+01:00,2.88456
2026-03-22T01:15:00+01:00,2.88456
2026-03-22T01:30:00+01:00,2.88456
2026-03-22T01:45:00+01:00,2.88456
2026-03-22T02:00:00+01:00,2.88456
2026-03-22T02:15:00+01:00,2.88456
2026-03-22T02:30:00+01:00,2.88456
2026-03-22T02:45:00+01:00,2.88456
2026-03-22T03:00:00+01:00,2.88456
2026-03-22T03:15:00+01:00,2.88456
2026-03-22T03:30:00+01:00,2.88456
2026-03-22T03:45:00+01:00,2.88456
2026-03-22T04:00:00+01:00,2.88456
2026-03-22T04:15:00+01:00,2.88456
2026-03-22T04:30:00+01:00,2.88456
2026-03-22T04:45:00+01:00,2.88456
2026-03-22T05:00:00+01:00,2.88456
2026-03-22T05:15:00+01:00,2.88456
2026-03-22T05:30:00+01:00,2.88456
2026-03-22T05:45:00+01:00,2.88456
2026-03-22T06:00:00+01:00,2.88456
2026-03-22T06:15:00+01:00,2.88456
2026-03-22T06:30:00+01:00,2.88456
2026-03-22T06:45:00+01:00,2.88456
2026-03-22T07:00:00+01:00,2.88456
2026-03-22T07:15:00+01:00,2.88456
2026-03-22T07:30:00+01:00,2.88456
2026-03-22T07:45:00+01:00,2.88456
2026-03-22T08:00:00+01:00,2.88456
2026-03-22T08:15:00+01:00,2.88456
2026-03-22T08:30:00+01:00,2.88456
2026-03-22T08:45:00+01:00,2.88456
2026-03-22T09:00:00+01:00,2.88456
2026-03-22T09:15:00+01:00,2.88456
2026-03-22T09:30:00+01:00,2.88456
2026-03-22T09:45:00+01:00,2.88456
2026-03-22T10:00:00+01:00,2.88456
2026-03-22T10:15:00+01:00,2.88456
2026-03-22T10:30:00+01:00,2.88456
2026-03-22T10:45:00+01:00,2.88456
2026-03-22T11:00:00+01:00,2.88456
2026-03-22T11:15:00+01:00,2.88456
2026-03-22T11:30:00+01:00,2.88456
2026-03-22T11:45:00+01:00,2.88456
2026-03-22T12:00:00+01:00,2.88456
2026-03-22T12:15:00+01:00,2.88456
2026-03-22T12:30:00+01:00,2.88456
2026-03-22T12:45:00+01:00,2.88456
2026-03-22T13:00:00+01:00,2.88456
2026-03-22T13:15:00+01:00,2.88456
2026-03-22T13:30:00+01:00,2.88456
2026-03-22T13:45:00+01:00,2.88456
2026-03-22T14:00:00+01:00,2.88456
2026-03-22T14:15:00+01:00,2.88456
2026-03-22T14:30:00+01:00,2.88456
2026-03-22T14:45:00+01:00,2.88456
2026-03-22T15:00:00+01:00,2.88456
2026-03-22T15:15:00+01:00,2.88456
2026-03-22T15:30:00+01:00,2.88456
2026-03-22T15:45:00+01:00,2.88456
2026-03-22T16:00:00+01:00,2.88456
2026-03-22T16:15:00+01:00,2.88456
2026-03-22T16:30:00+01:00,2.88456
2026-03-22T16:45:00+01:00,2.88456
2026-03-22T17:00:00+01:00,2.88456
2026-03-22T17:15:00+01:00,2.88456
2026-03-22T17:30:00+01:00,2.88456
2026-03-22T17:45:00+01:00,2.88456
2026-03-22T18:00:00+01:00,2.88456
2026-03-22T18:15:00+01:00,2.88456
2026-03-22T18:30:00+01:00,2.88456
2026-03-22T18:45:00+01:00,2.88456
2026-03-22T19:00:00+01:00,2.88456
2026-03-22T19:15:00+01:00,2.88456
2026-03-22T19:30:00+01:00,2.88456
2026-03-22T19:45:00+01:00,2.88456
2026-03-22T20:00:00+01:00,2.88456
2026-03-22T20:15:00+01:00,2.88456
2026-03-22T20:30:00+01:00,2.88456
2026-03-22T20:45:00+01:00,2.88456
2026-03-22T21:00:00+01:00,2.88456
2026-03-22T21:15:00+01:00,2.617183
2026-03-22T21:30:00+01:00,2.146403
2026-03-22T21:45:00+01:00,2.146403
2026-03-22T22:00:00+01:00,2.146403
2026-03-22T22:15:00+01:00,2.146403
2026-03-22T22:30:00+01:00,2.146403
2026-03-22T22:45:00+01:00,2.146403
2026-03-22T23:00:00+01:00,2.146403
2026-03-22T23:15:00+01:00,2.146403
2026-03-22T23:30:00+01:00,2.146403
2026-03-22T23:45:00+01:00,2.146403
2026-03-23T00:00:00+01:00,2.146403
2026-03-23T00:15:00+01:00,2.146403
2026-03-23T00:30:00+01:00,2.146403
2026-03-23T00:45:00+01:00,2.146403
2026-03-23T01:00:00+01:00,2.146403
2026-03-23T01:15:00+01:00,2.146403
2026-03-23T01:30:00+01:00,2.146403
2026-03-23T01:45:00+01:00,2.146403
2026-03-23T02:00:00+01:00,2.146403
2026-03-23T02:15:00+01:00,2.146403
2026-03-23T02:30:00+01:00,2.146403
2026-03-23T02:45:00+01:00,2.146403
2026-03-23T03:00:00+01:00,2.146403
2026-03-23T03:15:00+01:00,2.146403
2026-03-23T03:30:00+01:00,2.146403
2026-03-23T03:45:00+01:00,2.146403
2026-03-23T04:00:00+01:00,2.146403
2026-03-23T04:15:00+01:00,2.146403
2026-03-23T04:30:00+01:00,2.146403
2026-03-23T04:45:00+01:00,2.146403
2026-03-23T05:00:00+01:00,2.146403
2026-03-23T05:15:00+01:00,2.146403
2026-03-23T05:30:00+01:00,2.146403
2026-03-23T05:45:00+01:00,2.146403
2026-03-23T06:00:00+01:00,2.146403
2026-03-23T06:15:00+01:00,2.146403
2026-03-23T06:30:00+01:00,2.146403
2026-03-23T06:45:00+01:00,2.146403
2026-03-23T07:00:00+01:00,2.146403
2026-03-23T07:15:00+01:00,2.146403
2026-03-23T07:30:00+01:00,2.146403
2026-03-23T07:45:00+01:00,2.146403
2026-03-23T08:00:00+01:00,2.146403
2026-03-23T08:15:00+01:00,2.146403
2026-03-23T08:30:00+01:00,2.146403
2026-03-23T08:45:00+01:00,6.541294
2026-03-23T09:00:00+01:00,8.385207
2026-03-23T09:15:00+01:00,8.385207
2026-03-23T09:30:00+01:00,8.385207
2026-03-23T09:45:00+01:00,8.385207
2026-03-23T10:00:00+01:00,8.385207
2026-03-23T10:15:00+01:00,8.385207
2026-03-23T10:30:00+01:00,8.385207
2026-03-23T10:45:00+01:00,8.385207
2026-03-23T11:00:00+01:00,8.385207
2026-03-23T11:15:00+01:00,8.385207
2026-03-23T11:30:00+01:00,8.385207
2026-03-23T11:45:00+01:00,8.385207
2026-03-23T12:00:00+01:00,8.385207
2026-03-23T12:15:00+01:00,8.385207
2026-03-23T12:30:00+01:00,8.385207
2026-03-23T12:45:00+01:00,8.385207
2026-03-23T13:00:00+01:00,8.385207
2026-03-23T13:15:00+01:00,8.385207
2026-03-23T13:30:00+01:00,8.385207
2026-03-23T13:45:00+01:00,8.385207
2026-03-23T14:00:00+01:00,8.385207
2026-03-23T14:15:00+01:00,8.385207
2026-03-23T14:30:00+01:00,8.385207
2026-03-23T14:45:00+01:00,8.385207
2026-03-23T15:00:00+01:00,8.385207
2026-03-23T15:15:00+01:00,8.385207
2026-03-23T15:30:00+01:00,10.084119
2026-03-23T15:45:00+01:00,13.910256
2026-03-23T16:00:00+01:00,15.0
2026-03-23T16:15:00+01:00,14.993632
2026-03-23T16:30:00+01:00,8.189701
2026-03-23T16:45:00+01:00,22.225301
2026-03-23T17:00:00+01:00,15.602876
2026-03-23T17:15:00+01:00,15.064763
2026-03-23T17:30:00+01:00,15.596919
2026-03-23T17:45:00+01:00,15.360141
2026-03-23T18:00:00+01:00,14.59359
2026-03-23T18:15:00+01:00,15.377651
2026-03-23T18:30:00+01:00,14.999374
2026-03-23T18:45:00+01:00,15.012719
2026-03-23T19:00:00+01:00,15.986932
2026-03-23T19:15:00+01:00,13.536045
2026-03-23T19:30:00+01:00,16.493689
2026-03-23T19:45:00+01:00,11.78
2026-03-23T20:00:00+01:00,18.240199
2026-03-23T20:15:00+01:00,8.626147
2026-03-23T20:30:00+01:00,2.090432
2026-03-23T20:45:00+01:00,2.310655
2026-03-23T21:00:00+01:00,7.952567
2026-03-23T21:15:00+01:00,12.369703
2026-03-23T21:30:00+01:00,10.789952
2026-03-23T21:45:00+01:00,10.374688
2026-03-23T22:00:00+01:00,10.4826
2026-03-23T22:15:00+01:00,10.677502
2026-03-23T22:30:00+01:00,9.96585
2026-03-23T22:45:00+01:00,11.230527
2026-03-23T23:00:00+01:00,10.159178
2026-03-23T23:15:00+01:00,9.98892
2026-03-23T23:30:00+01:00,10.28489
2026-03-23T23:45:00+01:00,8.72619
2026-03-24T00:00:00+01:00,1.0
2026-03-24T00:15:00+01:00,4.671004
2026-03-24T00:30:00+01:00,16.318963
2026-03-24T00:45:00+01:00,16.800731
2026-03-24T01:00:00+01:00,17.723865
2026-03-24T01:15:00+01:00,16.994477
2026-03-24T01:30:00+01:00,16.312442
2026-03-24T01:45:00+01:00,15.181303
2026-03-24T02:00:00+01:00,14.854357
2026-03-24T02:15:00+01:00,16.506494
2026-03-24T02:30:00+01:00,16.272727
2026-03-24T02:45:00+01:00,13.662924
2026-03-24T03:00:00+01:00,18.750546
2026-03-24T03:15:00+01:00,15.819611
2026-03-24T03:30:00+01:00,15.151832
2026-03-24T03:45:00+01:00,15.632529
2026-03-24T04:00:00+01:00,16.38438
2026-03-24T04:15:00+01:00,16.441368
2026-03-24T04:30:00+01:00,16.553779
2026-03-24T04:45:00+01:00,15.983403
2026-03-24T05:00:00+01:00,15.021633
2026-03-24T05:15:00+01:00,15.523614
2026-03-24T05:30:00+01:00,15.495024
2026-03-24T05:45:00+01:00,16.616515
2026-03-24T06:00:00+01:00,16.919071
2026-03-24T06:15:00+01:00,16.395824
2026-03-24T06:30:00+01:00,17.770248
2026-03-24T06:45:00+01:00,14.137385
2026-03-24T07:00:00+01:00,1.10395
2026-03-24T07:15:00+01:00,1.0
2026-03-24T07:30:00+01:00,3.83
2026-03-24T07:45:00+01:00,7.61186
2026-03-24T08:00:00+01:00,7.159991
2026-03-24T08:15:00+01:00,7.937357
2026-03-24T08:30:00+01:00,7.494795
2026-03-24T08:45:00+01:00,6.811684
2026-03-24T09:00:00+01:00,7.558567
2026-03-24T09:15:00+01:00,7.620849
2026-03-24T09:30:00+01:00,6.392097
2026-03-24T09:45:00+01:00,6.846249
2026-03-24T10:00:00+01:00,7.286549
2026-03-24T10:15:00+01:00,7.489933
2026-03-24T10:30:00+01:00,7.502255
2026-03-24T10:45:00+01:00,7.511753
2026-03-24T11:00:00+01:00,6.996058
2026-03-24T11:15:00+01:00,7.35
2026-03-24T11:30:00+01:00,7.009091
2026-03-24T11:45:00+01:00,6.820629
2026-03-24T12:00:00+01:00,6.82894
2026-03-24T12:15:00+01:00,6.727504
2026-03-24T12:30:00+01:00,3.041631
2026-03-24T12:45:00+01:00,0.172205
2026-03-24T13:00:00+01:00,0.936905
2026-03-24T13:15:00+01:00,14.165936
2026-03-24T13:30:00+01:00,12.801846
2026-03-24T13:45:00+01:00,12.152502
2026-03-24T14:00:00+01:00,11.274908
2026-03-24T14:15:00+01:00,10.441262
2026-03-24T14:30:00+01:00,10.240258
2026-03-24T14:45:00+01:00,10.001227
2026-03-24T15:00:00+01:00,0.985158
2026-03-24T15:15:00+01:00,0.0
2026-03-24T15:30:00+01:00,0.524272
2026-03-24T15:45:00+01:00,8.233658
2026-03-24T16:00:00+01:00,17.611018
2026-03-24T16:15:00+01:00,17.483993
2026-03-24T16:30:00+01:00,18.450201
2026-03-24T16:45:00+01:00,17.878401
2026-03-24T17:00:00+01:00,16.421045
2026-03-24T17:15:00+01:00,13.73288
2026-03-24T17:30:00+01:00,13.569295
2026-03-24T17:45:00+01:00,22.266803
2026-03-24T18:00:00+01:00,17.156473
2026-03-24T18:15:00+01:00,16.886248
2026-03-24T18:30:00+01:00,16.967532
2026-03-24T18:45:00+01:00,1.198121
2026-03-24T19:00:00+01:00,1.52781
2026-03-24T19:15:00+01:00,14.27282
2026-03-24T19:30:00+01:00,15.750752
2026-03-24T19:45:00+01:00,15.272493
2026-03-24T20:00:00+01:00,15.520252
2026-03-24T20:15:00+01:00,15.894684
2026-03-24T20:30:00+01:00,15.564583
2026-03-24T20:45:00+01:00,16.078717
2026-03-24T21:00:00+01:00,15.775635
2026-03-24T21:15:00+01:00,16.146158
2026-03-24T21:30:00+01:00,15.041783
2026-03-24T21:45:00+01:00,16.151552
2026-03-24T22:00:00+01:00,15.840091
2026-03-24T22:15:00+01:00,15.448075
2026-03-24T22:30:00+01:00,15.785191
2026-03-24T22:45:00+01:00,15.77107
2026-03-24T23:00:00+01:00,15.51109
2026-03-24T23:15:00+01:00,15.500205
2026-03-24T23:30:00+01:00,14.989526
2026-03-24T23:45:00+01:00,13.744263
2026-03-25T00:00:00+01:00,9.123823
2026-03-25T00:15:00+01:00,3.059653
2026-03-25T00:30:00+01:00,1.172874
2026-03-25T00:45:00+01:00,11.79657
2026-03-25T01:00:00+01:00,2.880389
2026-03-25T01:15:00+01:00,2.808333
2026-03-25T01:30:00+01:00,13.399845
2026-03-25T01:45:00+01:00,13.331416
2026-03-25T02:00:00+01:00,13.002072
2026-03-25T02:15:00+01:00,11.533333
2026-03-25T02:30:00+01:00,1.925
2026-03-25T02:45:00+01:00,4.150167
2026-03-25T03:00:00+01:00,9.009302
2026-03-25T03:15:00+01:00,9.798515
2026-03-25T03:30:00+01:00,9.089834
2026-03-25T03:45:00+01:00,8.825842
2026-03-25T04:00:00+01:00,9.354254
2026-03-25T04:15:00+01:00,8.330382
2026-03-25T04:30:00+01:00,8.994004
2026-03-25T04:45:00+01:00,8.08817
2026-03-25T05:00:00+01:00,0.359532
2026-03-25T05:15:00+01:00,5.47803
2026-03-25T05:30:00+01:00,15.681818
2026-03-25T05:45:00+01:00,24.516622
2026-03-25T06:00:00+01:00,19.977974
2026-03-25T06:15:00+01:00,34.325859
2026-03-25T06:30:00+01:00,27.936537
2026-03-25T06:45:00+01:00,14.511732
2026-03-25T07:00:00+01:00,40.128571
2026-03-25T07:15:00+01:00,27.859175
2026-03-25T07:30:00+01:00,28.140825
2026-03-25T07:45:00+01:00,27.924675
2026-03-25T08:00:00+01:00,28.651717
2026-03-25T08:15:00+01:00,28.612496
2026-03-25T08:30:00+01:00,28.566155
2026-03-25T08:45:00+01:00,29.509242
2026-03-25T09:00:00+01:00,30.382702
2026-03-25T09:15:00+01:00,25.021183
2026-03-25T09:30:00+01:00,5.774687
2026-03-25T09:45:00+01:00,4.35
2026-03-25T10:00:00+01:00,12.272727
2026-03-25T10:15:00+01:00,12.703676
2026-03-25T10:30:00+01:00,16.641339
2026-03-25T10:45:00+01:00,14.365591
2026-03-25T11:00:00+01:00,15.0
2026-03-25T11:15:00+01:00,8.666667
2026-03-25T11:30:00+01:00,0.535893
2026-03-25T11:45:00+01:00,0.464107
2026-03-25T12:00:00+01:00,0.179718
2026-03-25T12:15:00+01:00,0.820282
2026-03-25T12:30:00+01:00,14.829522
2026-03-25T12:45:00+01:00,21.677785
2026-03-25T13:00:00+01:00,22.542693
2026-03-25T13:15:00+01:00,22.954762
2026-03-25T13:30:00+01:00,22.042963
2026-03-25T13:45:00+01:00,21.098704
2026-03-25T14:00:00+01:00,24.547321
2026-03-25T14:15:00+01:00,23.10435
2026-03-25T14:30:00+01:00,22.258504
2026-03-25T14:45:00+01:00,22.863129
2026-03-25T15:00:00+01:00,21.640434
2026-03-25T15:15:00+01:00,22.846526
2026-03-25T15:30:00+01:00,21.759974
2026-03-25T15:45:00+01:00,21.718852
2026-03-25T16:00:00+01:00,22.638093
2026-03-25T16:15:00+01:00,22.52924
2026-03-25T16:30:00+01:00,22.540464
2026-03-25T16:45:00+01:00,22.778907
2026-03-25T17:00:00+01:00,23.164815
2026-03-25T17:15:00+01:00,22.418519
2026-03-25T17:30:00+01:00,21.669444
2026-03-25T17:45:00+01:00,21.580342
2026-03-25T18:00:00+01:00,21.069658
2026-03-25T18:15:00+01:00,19.571154
2026-03-25T18:30:00+01:00,23.59008
2026-03-25T18:45:00+01:00,20.141544
2026-03-25T19:00:00+01:00,21.184127
2026-03-25T19:15:00+01:00,14.964411
2026-03-25T19:30:00+01:00,5.515754
2026-03-25T19:45:00+01:00,0.75793
2026-03-25T20:00:00+01:00,3.793296
2026-03-25T20:15:00+01:00,5.351416
2026-03-25T20:30:00+01:00,5.711376
2026-03-25T20:45:00+01:00,6.288356
2026-03-25T21:00:00+01:00,4.515647
2026-03-25T21:15:00+01:00,5.828563
2026-03-25T21:30:00+01:00,5.674735
2026-03-25T21:45:00+01:00,5.451179
2026-03-25T22:00:00+01:00,5.202099
2026-03-25T22:15:00+01:00,5.610049
2026-03-25T22:30:00+01:00,5.873284
2026-03-25T22:45:00+01:00,4.880301
2026-03-25T23:00:00+01:00,5.871837
2026-03-25T23:15:00+01:00,5.692997
2026-03-25T23:30:00+01:00,5.681406
2026-03-25T23:45:00+01:00,5.010676
2026-03-26T00:00:00+01:00,5.040725
2026-03-26T00:15:00+01:00,6.022059
2026-03-26T00:30:00+01:00,5.306653
2026-03-26T00:45:00+01:00,4.601819
2026-03-26T01:00:00+01:00,6.247084
2026-03-26T01:15:00+01:00,5.413492
2026-03-26T01:30:00+01:00,0.930952
2026-03-26T01:45:00+01:00,1.0
2026-03-26T02:00:00+01:00,0.0
2026-03-26T02:15:00+01:00,1.503333
2026-03-26T02:30:00+01:00,21.934733
2026-03-26T02:45:00+01:00,25.836181
2026-03-26T03:00:00+01:00,21.295449
2026-03-26T03:15:00+01:00,21.512361
2026-03-26T03:30:00+01:00,21.234169
2026-03-26T03:45:00+01:00,20.88419
2026-03-26T04:00:00+01:00,21.757916
2026-03-26T04:15:00+01:00,12.633472
2026-03-26T04:30:00+01:00,1.218207
2026-03-26T04:45:00+01:00,13.390405
2026-03-26T05:00:00+01:00,15.388656
2026-03-26T05:15:00+01:00,17.105487
2026-03-26T05:30:00+01:00,16.751934
2026-03-26T05:45:00+01:00,17.645843
2026-03-26T06:00:00+01:00,16.820706
2026-03-26T06:15:00+01:00,17.205176
2026-03-26T06:30:00+01:00,16.087978
2026-03-26T06:45:00+01:00,10.048378
2026-03-26T07:00:00+01:00,1.188128
2026-03-26T07:15:00+01:00,1.060336
2026-03-26T07:30:00+01:00,0.49696
2026-03-26T07:45:00+01:00,0.0
2026-03-26T08:00:00+01:00,0.81178
2026-03-26T08:15:00+01:00,15.812437
2026-03-26T08:30:00+01:00,20.224772
2026-03-26T08:45:00+01:00,22.635151
2026-03-26T09:00:00+01:00,24.480609
2026-03-26T09:15:00+01:00,24.490704
2026-03-26T09:30:00+01:00,25.434148
2026-03-26T09:45:00+01:00,24.388176
2026-03-26T10:00:00+01:00,25.658783
2026-03-26T10:15:00+01:00,25.496045
2026-03-26T10:30:00+01:00,20.162235
2026-03-26T10:45:00+01:00,29.090874
2026-03-26T11:00:00+01:00,25.592063
2026-03-26T11:15:00+01:00,24.761676
2026-03-26T11:30:00+01:00,21.477213
2026-03-26T11:45:00+01:00,1.929412
2026-03-26T12:00:00+01:00,4.043505
2026-03-26T12:15:00+01:00,16.756246
2026-03-26T12:30:00+01:00,20.176393
2026-03-26T12:45:00+01:00,21.002778
2026-03-26T13:00:00+01:00,21.956616
2026-03-26T13:15:00+01:00,22.070963
2026-03-26T13:30:00+01:00,21.489932
2026-03-26T13:45:00+01:00,22.478901
2026-03-26T14:00:00+01:00,22.466786
2026-03-26T14:15:00+01:00,23.430584
2026-03-26T14:30:00+01:00,24.813326
2026-03-26T14:45:00+01:00,24.351561
2026-03-26T15:00:00+01:00,23.766505
2026-03-26T15:15:00+01:00,23.375752
2026-03-26T15:30:00+01:00,24.086631
2026-03-26T15:45:00+01:00,23.250715
2026-03-26T16:00:00+01:00,24.759975
2026-03-26T16:15:00+01:00,13.538856
2026-03-26T16:30:00+01:00,1.129349
2026-03-26T16:45:00+01:00,0.769231
2026-03-26T17:00:00+01:00,0.769231
2026-03-26T17:15:00+01:00,51.893124
2026-03-26T17:30:00+01:00,24.016962
2026-03-26T17:45:00+01:00,25.102857
2026-03-26T18:00:00+01:00,21.332748
2026-03-26T18:15:00+01:00,5.451724
2026-03-26T18:30:00+01:00,2.220851
2026-03-26T18:45:00+01:00,16.544221
2026-03-26T19:00:00+01:00,17.750023
2026-03-26T19:15:00+01:00,16.769867
2026-03-26T19:30:00+01:00,16.194569
2026-03-26T19:45:00+01:00,17.375603
2026-03-26T20:00:00+01:00,15.914754
2026-03-26T20:15:00+01:00,16.998021
2026-03-26T20:30:00+01:00,16.75165
2026-03-26T20:45:00+01:00,16.886724
2026-03-26T21:00:00+01:00,17.55148
2026-03-26T21:15:00+01:00,15.166648
2026-03-26T21:30:00+01:00,15.818094
2026-03-26T21:45:00+01:00,15.043065
2026-03-26T22:00:00+01:00,14.975947
2026-03-26T22:15:00+01:00,15.501631
2026-03-26T22:30:00+01:00,14.395214
2026-03-26T22:45:00+01:00,7.215385
2026-03-26T23:00:00+01:00,4.83871
2026-03-26T23:15:00+01:00,9.275215
2026-03-26T23:30:00+01:00,21.44367
2026-03-26T23:45:00+01:00,18.583816
2026-03-27T00:00:00+01:00,18.746039
2026-03-27T00:15:00+01:00,14.98928
2026-03-27T00:30:00+01:00,22.836481
2026-03-27T00:45:00+01:00,18.208861
2026-03-27T01:00:00+01:00,9.276853
2026-03-27T01:15:00+01:00,1.634508
2026-03-27T01:30:00+01:00,14.786004
2026-03-27T01:45:00+01:00,18.51427
2026-03-27T02:00:00+01:00,19.717713
2026-03-27T02:15:00+01:00,19.671448
2026-03-27T02:30:00+01:00,18.25939
2026-03-27T02:45:00+01:00,9.071735
2026-03-27T03:00:00+01:00,26.009003
2026-03-27T03:15:00+01:00,2.623189
2026-03-27T03:30:00+01:00,1.120903
2026-03-27T03:45:00+01:00,14.30508
2026-03-27T04:00:00+01:00,21.616387
2026-03-27T04:15:00+01:00,20.742293
2026-03-27T04:30:00+01:00,17.032057
2026-03-27T04:45:00+01:00,11.427271
2026-03-27T05:00:00+01:00,0.46875
2026-03-27T05:15:00+01:00,0.915836
2026-03-27T05:30:00+01:00,0.16383
2026-03-27T05:45:00+01:00,0.682853
2026-03-27T06:00:00+01:00,0.237481
2026-03-27T06:15:00+01:00,1.0
2026-03-27T06:30:00+01:00,0.0
2026-03-27T06:45:00+01:00,0.0
2026-03-27T07:00:00+01:00,0.0
2026-03-27T07:15:00+01:00,0.0
2026-03-27T07:30:00+01:00,0.135135
2026-03-27T07:45:00+01:00,0.864865
2026-03-27T08:00:00+01:00,0.0
2026-03-27T08:15:00+01:00,0.0
2026-03-27T08:30:00+01:00,0.0
2026-03-27T08:45:00+01:00,0.0
2026-03-27T09:00:00+01:00,0.722917
2026-03-27T09:15:00+01:00,0.277083
2026-03-27T09:30:00+01:00,0.0
2026-03-27T09:45:00+01:00,0.0
2026-03-27T10:00:00+01:00,0.0
2026-03-27T10:15:00+01:00,0.0
2026-03-27T10:30:00+01:00,0.0
2026-03-27T10:45:00+01:00,0.0
2026-03-27T11:00:00+01:00,0.0
2026-03-27T11:15:00+01:00,0.0
2026-03-27T11:30:00+01:00,0.448718
2026-03-27T11:45:00+01:00,0.551282
2026-03-27T12:00:00+01:00,0.0
2026-03-27T12:15:00+01:00,0.0
2026-03-27T12:30:00+01:00,0.0
2026-03-27T12:45:00+01:00,0.0
2026-03-27T13:00:00+01:00,0.0
2026-03-27T13:15:00+01:00,0.0
2026-03-27T13:30:00+01:00,0.0
2026-03-27T13:45:00+01:00,0.0
2026-03-27T14:00:00+01:00,0.0
2026-03-27T14:15:00+01:00,0.0
2026-03-27T14:30:00+01:00,0.0
2026-03-27T14:45:00+01:00,0.0
2026-03-27T15:00:00+01:00,0.0
2026-03-27T15:15:00+01:00,0.45925
2026-03-27T15:30:00+01:00,0.535396
2026-03-27T15:45:00+01:00,0.005354
2026-03-27T16:00:00+01:00,0.0
2026-03-27T16:15:00+01:00,0.0
2026-03-27T16:30:00+01:00,0.0
2026-03-27T16:45:00+01:00,0.0
2026-03-27T17:00:00+01:00,0.0
2026-03-27T17:15:00+01:00,0.0
2026-03-27T17:30:00+01:00,0.0
2026-03-27T17:45:00+01:00,0.0
2026-03-27T18:00:00+01:00,0.0
2026-03-27T18:15:00+01:00,0.0
2026-03-27T18:30:00+01:00,0.0
2026-03-27T18:45:00+01:00,0.0
2026-03-27T19:00:00+01:00,0.0
2026-03-27T19:15:00+01:00,0.0
2026-03-27T19:30:00+01:00,0.0
2026-03-27T19:45:00+01:00,0.0
2026-03-27T20:00:00+01:00,0.0
2026-03-27T20:15:00+01:00,0.0
2026-03-27T20:30:00+01:00,0.0
2026-03-27T20:45:00+01:00,0.0
2026-03-27T21:00:00+01:00,0.0
2026-03-27T21:15:00+01:00,0.0
2026-03-27T21:30:00+01:00,0.0
2026-03-27T21:45:00+01:00,0.0
2026-03-27T22:00:00+01:00,0.0
2026-03-27T22:15:00+01:00,0.0
2026-03-27T22:30:00+01:00,0.0
2026-03-27T22:45:00+01:00,0.0
2026-03-27T23:00:00+01:00,0.0
2026-03-27T23:15:00+01:00,0.0
2026-03-27T23:30:00+01:00,0.0
2026-03-27T23:45:00+01:00,0.0
2026-03-28T00:00:00+01:00,0.0
2026-03-28T00:15:00+01:00,0.0
2026-03-28T00:30:00+01:00,0.0
2026-03-28T00:45:00+01:00,0.0
2026-03-28T01:00:00+01:00,0.0
2026-03-28T01:15:00+01:00,0.0
2026-03-28T01:30:00+01:00,0.0
2026-03-28T01:45:00+01:00,0.0
2026-03-28T02:00:00+01:00,0.0
2026-03-28T02:15:00+01:00,0.0
2026-03-28T02:30:00+01:00,0.0
2026-03-28T02:45:00+01:00,0.059219
2026-03-28T03:00:00+01:00,0.223936
2026-03-28T03:15:00+01:00,0.223936
2026-03-28T03:30:00+01:00,0.223936
2026-03-28T03:45:00+01:00,0.223936
2026-03-28T04:00:00+01:00,0.045036
2026-03-28T04:15:00+01:00,0.0
2026-03-28T04:30:00+01:00,0.0
2026-03-28T04:45:00+01:00,0.0
2026-03-28T05:00:00+01:00,0.0
2026-03-28T05:15:00+01:00,0.0
2026-03-28T05:30:00+01:00,0.0
2026-03-28T05:45:00+01:00,0.0
2026-03-28T06:00:00+01:00,0.0
2026-03-28T06:15:00+01:00,0.0
2026-03-28T06:30:00+01:00,0.0
2026-03-28T06:45:00+01:00,0.0
2026-03-28T07:00:00+01:00,0.0
2026-03-28T07:15:00+01:00,0.0
2026-03-28T07:30:00+01:00,0.0
2026-03-28T07:45:00+01:00,0.0
2026-03-28T08:00:00+01:00,0.0
2026-03-28T08:15:00+01:00,0.0
2026-03-28T08:30:00+01:00,0.0
2026-03-28T08:45:00+01:00,0.0
2026-03-28T09:00:00+01:00,0.0
2026-03-28T09:15:00+01:00,0.0
2026-03-28T09:30:00+01:00,0.0
2026-03-28T09:45:00+01:00,0.0
2026-03-28T10:00:00+01:00,0.0
2026-03-28T10:15:00+01:00,0.0
2026-03-28T10:30:00+01:00,0.0
2026-03-28T10:45:00+01:00,0.0
2026-03-28T11:00:00+01:00,0.0
2026-03-28T11:15:00+01:00,0.0
2026-03-28T11:30:00+01:00,0.0
2026-03-28T11:45:00+01:00,0.0
2026-03-28T12:00:00+01:00,0.0
2026-03-28T12:15:00+01:00,0.0
2026-03-28T12:30:00+01:00,0.0
2026-03-28T12:45:00+01:00,0.0
2026-03-28T13:00:00+01:00,0.0
2026-03-28T13:15:00+01:00,0.0
2026-03-28T13:30:00+01:00,0.0
2026-03-28T13:45:00+01:00,0.0
2026-03-28T14:00:00+01:00,0.0
2026-03-28T14:15:00+01:00,0.0
2026-03-28T14:30:00+01:00,0.0
2026-03-28T14:45:00+01:00,0.0
2026-03-28T15:00:00+01:00,0.0
2026-03-28T15:15:00+01:00,0.0
2026-03-28T15:30:00+01:00,0.0
2026-03-28T15:45:00+01:00,0.0
2026-03-28T16:00:00+01:00,0.0
2026-03-28T16:15:00+01:00,0.0
2026-03-28T16:30:00+01:00,0.0
2026-03-28T16:45:00+01:00,0.0
2026-03-28T17:00:00+01:00,0.0
2026-03-28T17:15:00+01:00,0.0
2026-03-28T17:30:00+01:00,0.0
2026-03-28T17:45:00+01:00,0.0
2026-03-28T18:00:00+01:00,0.0
2026-03-28T18:15:00+01:00,0.0
2026-03-28T18:30:00+01:00,0.0
2026-03-28T18:45:00+01:00,0.0
2026-03-28T19:00:00+01:00,0.0
2026-03-28T19:15:00+01:00,0.0
2026-03-28T19:30:00+01:00,0.0805
2026-03-28T19:45:00+01:00,0.197412
2026-03-28T20:00:00+01:00,0.197412
2026-03-28T20:15:00+01:00,0.197412
2026-03-28T20:30:00+01:00,0.197412
2026-03-28T20:45:00+01:00,0.129853
2026-03-28T21:00:00+01:00,0.0
2026-03-28T21:15:00+01:00,0.0
2026-03-28T21:30:00+01:00,0.0
2026-03-28T21:45:00+01:00,0.0
2026-03-28T22:00:00+01:00,0.0
2026-03-28T22:15:00+01:00,0.0
2026-03-28T22:30:00+01:00,0.0
2026-03-28T22:45:00+01:00,0.0
2026-03-28T23:00:00+01:00,0.0
2026-03-28T23:15:00+01:00,0.0
2026-03-28T23:30:00+01:00,0.0
2026-03-28T23:45:00+01:00,0.0
2026-03-29T00:00:00+01:00,0.0
2026-03-29T00:15:00+01:00,0.0
2026-03-29T00:30:00+01:00,0.0
2026-03-29T00:45:00+01:00,0.0
2026-03-29T01:00:00+01:00,0.0
2026-03-29T01:15:00+01:00,0.0
2026-03-29T01:30:00+01:00,0.0
2026-03-29T01:45:00+01:00,0.0
2026-03-29T03:00:00+02:00,0.0
2026-03-29T03:15:00+02:00,0.0
2026-03-29T03:30:00+02:00,0.0
2026-03-29T03:45:00+02:00,0.0
2026-03-29T04:00:00+02:00,0.0
2026-03-29T04:15:00+02:00,0.0
2026-03-29T04:30:00+02:00,0.0
2026-03-29T04:45:00+02:00,0.0
2026-03-29T05:00:00+02:00,0.0
2026-03-29T05:15:00+02:00,0.0
2026-03-29T05:30:00+02:00,0.0
2026-03-29T05:45:00+02:00,0.0
2026-03-29T06:00:00+02:00,0.0
2026-03-29T06:15:00+02:00,0.0
2026-03-29T06:30:00+02:00,0.0
2026-03-29T06:45:00+02:00,0.0
2026-03-29T07:00:00+02:00,0.0
2026-03-29T07:15:00+02:00,0.0
2026-03-29T07:30:00+02:00,0.0
2026-03-29T07:45:00+02:00,0.0
2026-03-29T08:00:00+02:00,0.0
2026-03-29T08:15:00+02:00,0.0
2026-03-29T08:30:00+02:00,0.0
2026-03-29T08:45:00+02:00,0.0
2026-03-29T09:00:00+02:00,0.0
2026-03-29T09:15:00+02:00,0.0
2026-03-29T09:30:00+02:00,0.0
2026-03-29T09:45:00+02:00,0.0
2026-03-29T10:00:00+02:00,0.0
2026-03-29T10:15:00+02:00,0.0
2026-03-29T10:30:00+02:00,0.0
2026-03-29T10:45:00+02:00,0.0
2026-03-29T11:00:00+02:00,0.0
2026-03-29T11:15:00+02:00,0.0
2026-03-29T11:30:00+02:00,0.0
2026-03-29T11:45:00+02:00,0.0
2026-03-29T12:00:00+02:00,0.0
2026-03-29T12:15:00+02:00,0.0
2026-03-29T12:30:00+02:00,0.0
2026-03-29T12:45:00+02:00,0.0
2026-03-29T13:00:00+02:00,0.0
2026-03-29T13:15:00+02:00,0.0
2026-03-29T13:30:00+02:00,0.0
2026-03-29T13:45:00+02:00,0.0
2026-03-29T14:00:00+02:00,0.0
2026-03-29T14:15:00+02:00,0.0
2026-03-29T14:30:00+02:00,0.0
2026-03-29T14:45:00+02:00,0.0
2026-03-29T15:00:00+02:00,0.0
2026-03-29T15:15:00+02:00,0.0
2026-03-29T15:30:00+02:00,0.0
2026-03-29T15:45:00+02:00,0.0
2026-03-29T16:00:00+02:00,0.0
2026-03-29T16:15:00+02:00,0.0
2026-03-29T16:30:00+02:00,0.0
2026-03-29T16:45:00+02:00,0.0
2026-03-29T17:00:00+02:00,0.0
2026-03-29T17:15:00+02:00,0.0
2026-03-29T17:30:00+02:00,0.0
2026-03-29T17:45:00+02:00,0.0
2026-03-29T18:00:00+02:00,0.0
2026-03-29T18:15:00+02:00,0.0
2026-03-29T18:30:00+02:00,0.0
2026-03-29T18:45:00+02:00,0.0
2026-03-29T19:00:00+02:00,0.0
2026-03-29T19:15:00+02:00,0.0
2026-03-29T19:30:00+02:00,0.0
2026-03-29T19:45:00+02:00,0.0
2026-03-29T20:00:00+02:00,0.0
2026-03-29T20:15:00+02:00,0.148861
2026-03-29T20:30:00+02:00,0.166636
2026-03-29T20:45:00+02:00,0.166636
2026-03-29T21:00:00+02:00,0.166636
2026-03-29T21:15:00+02:00,0.166636
2026-03-29T21:30:00+02:00,0.166636
2026-03-29T21:45:00+02:00,0.01796
2026-03-29T22:00:00+02:00,0.0
2026-03-29T22:15:00+02:00,0.0
2026-03-29T22:30:00+02:00,0.0
2026-03-29T22:45:00+02:00,0.0
2026-03-29T23:00:00+02:00,0.0
2026-03-29T23:15:00+02:00,0.0
2026-03-29T23:30:00+02:00,0.0
2026-03-29T23:45:00+02:00,0.0
2026-03-30T00:00:00+02:00,0.0
2026-03-30T00:15:00+02:00,0.0
2026-03-30T00:30:00+02:00,0.0
2026-03-30T00:45:00+02:00,0.0
2026-03-30T01:00:00+02:00,0.0
2026-03-30T01:15:00+02:00,0.0
2026-03-30T01:30:00+02:00,0.0
2026-03-30T01:45:00+02:00,0.0
2026-03-30T02:00:00+02:00,0.0
2026-03-30T02:15:00+02:00,0.0
2026-03-30T02:30:00+02:00,0.0
2026-03-30T02:45:00+02:00,0.0
2026-03-30T03:00:00+02:00,0.0
2026-03-30T03:15:00+02:00,0.0
2026-03-30T03:30:00+02:00,0.0
2026-03-30T03:45:00+02:00,0.0
2026-03-30T04:00:00+02:00,0.0
2026-03-30T04:15:00+02:00,0.0
2026-03-30T04:30:00+02:00,0.0
2026-03-30T04:45:00+02:00,0.0
2026-03-30T05:00:00+02:00,0.0
2026-03-30T05:15:00+02:00,0.0
2026-03-30T05:30:00+02:00,0.0
2026-03-30T05:45:00+02:00,0.0
2026-03-30T06:00:00+02:00,0.129825
2026-03-30T06:15:00+02:00,0.789474
2026-03-30T06:30:00+02:00,19.593561
2026-03-30T06:45:00+02:00,23.146747
2026-03-30T07:00:00+02:00,23.72428
2026-03-30T07:15:00+02:00,24.904817
2026-03-30T07:30:00+02:00,25.089323
2026-03-30T07:45:00+02:00,21.832617
2026-03-30T08:00:00+02:00,30.351857
2026-03-30T08:15:00+02:00,22.539993
2026-03-30T08:30:00+02:00,26.879917
2026-03-30T08:45:00+02:00,30.69501
2026-03-30T09:00:00+02:00,29.322581
2026-03-30T09:15:00+02:00,33.36485
2026-03-30T09:30:00+02:00,30.583298
2026-03-30T09:45:00+02:00,24.488889
2026-03-30T10:00:00+02:00,29.06603
2026-03-30T10:15:00+02:00,27.607362
2026-03-30T10:30:00+02:00,26.777957
2026-03-30T10:45:00+02:00,25.446351
2026-03-30T11:00:00+02:00,24.434013
2026-03-30T11:15:00+02:00,23.809821
2026-03-30T11:30:00+02:00,24.079121
2026-03-30T11:45:00+02:00,22.562682
2026-03-30T12:00:00+02:00,25.140671
2026-03-30T12:15:00+02:00,13.256733
2026-03-30T12:30:00+02:00,11.317955
2026-03-30T12:45:00+02:00,6.430934
2026-03-30T13:00:00+02:00,9.982804
2026-03-30T13:15:00+02:00,9.788991
2026-03-30T13:30:00+02:00,9.953396
2026-03-30T13:45:00+02:00,9.044923
2026-03-30T14:00:00+02:00,10.169342
2026-03-30T14:15:00+02:00,6.42119
2026-03-30T14:30:00+02:00,3.945638
2026-03-30T14:45:00+02:00,3.945638
2026-03-30T15:00:00+02:00,8.749441
2026-03-30T15:15:00+02:00,10.020859
2026-03-30T15:30:00+02:00,10.317976
2026-03-30T15:45:00+02:00,9.663094
2026-03-30T16:00:00+02:00,9.27819
2026-03-30T16:15:00+02:00,10.787536
2026-03-30T16:30:00+02:00,10.301216
2026-03-30T16:45:00+02:00,4.001254
2026-03-30T17:00:00+02:00,1.261845
2026-03-30T17:15:00+02:00,0.986936
2026-03-30T17:30:00+02:00,6.857336
2026-03-30T17:45:00+02:00,13.133506
2026-03-30T18:00:00+02:00,13.301972
2026-03-30T18:15:00+02:00,13.346496
2026-03-30T18:30:00+02:00,14.989567
2026-03-30T18:45:00+02:00,14.027893
2026-03-30T19:00:00+02:00,13.569386
2026-03-30T19:15:00+02:00,13.895797
2026-03-30T19:30:00+02:00,13.555694
2026-03-30T19:45:00+02:00,13.013241
2026-03-30T20:00:00+02:00,14.172591
2026-03-30T20:15:00+02:00,13.164969
2026-03-30T20:30:00+02:00,13.541096
2026-03-30T20:45:00+02:00,12.840194
2026-03-30T21:00:00+02:00,12.296659
2026-03-30T21:15:00+02:00,12.527961
2026-03-30T21:30:00+02:00,13.412039
2026-03-30T21:45:00+02:00,5.366667
2026-03-30T22:00:00+02:00,0.174833
2026-03-30T22:15:00+02:00,3.176369
2026-03-30T22:30:00+02:00,16.440465
2026-03-30T22:45:00+02:00,15.132345
2026-03-30T23:00:00+02:00,15.656901
2026-03-30T23:15:00+02:00,19.416453
2026-03-30T23:30:00+02:00,21.418019
2026-03-30T23:45:00+02:00,17.251282
2026-03-31T00:00:00+02:00,17.534676
2026-03-31T00:15:00+02:00,18.00796
2026-03-31T00:30:00+02:00,17.533555
2026-03-31T00:45:00+02:00,17.328273
2026-03-31T01:00:00+02:00,18.175466
2026-03-31T01:15:00+02:00,17.229594
2026-03-31T01:30:00+02:00,17.997007
2026-03-31T01:45:00+02:00,17.5963
2026-03-31T02:00:00+02:00,17.664328
2026-03-31T02:15:00+02:00,18.601819
2026-03-31T02:30:00+02:00,17.178641
2026-03-31T02:45:00+02:00,17.209788
2026-03-31T03:00:00+02:00,17.690642
2026-03-31T03:15:00+02:00,17.354034
2026-03-31T03:30:00+02:00,16.682917
2026-03-31T03:45:00+02:00,16.438077
2026-03-31T04:00:00+02:00,16.83433
2026-03-31T04:15:00+02:00,18.102849
2026-03-31T04:30:00+02:00,17.277839
2026-03-31T04:45:00+02:00,11.359821
2026-03-31T05:00:00+02:00,1.508185
2026-03-31T05:15:00+02:00,0.867231
2026-03-31T05:30:00+02:00,0.857143
2026-03-31T05:45:00+02:00,2.892401
2026-03-31T06:00:00+02:00,5.900828
2026-03-31T06:15:00+02:00,5.903378
2026-03-31T06:30:00+02:00,6.00291
2026-03-31T06:45:00+02:00,6.79045
2026-03-31T07:00:00+02:00,5.095785
2026-03-31T07:15:00+02:00,5.921053
2026-03-31T07:30:00+02:00,5.921053
2026-03-31T07:45:00+02:00,5.76875
2026-03-31T08:00:00+02:00,5.802579
2026-03-31T08:15:00+02:00,5.834921
2026-03-31T08:30:00+02:00,6.089695
2026-03-31T08:45:00+02:00,4.720481
2026-03-31T09:00:00+02:00,6.447393
2026-03-31T09:15:00+02:00,5.133142
2026-03-31T09:30:00+02:00,6.790159
2026-03-31T09:45:00+02:00,5.621212
2026-03-31T10:00:00+02:00,6.203201
2026-03-31T10:15:00+02:00,5.838466
2026-03-31T10:30:00+02:00,6.232143
2026-03-31T10:45:00+02:00,5.612188
2026-03-31T11:00:00+02:00,6.129154
2026-03-31T11:15:00+02:00,4.992397
2026-03-31T11:30:00+02:00,0.659118
2026-03-31T11:45:00+02:00,2.75139
2026-03-31T12:00:00+02:00,15.011914
2026-03-31T12:15:00+02:00,22.460545
2026-03-31T12:30:00+02:00,24.724395
2026-03-31T12:45:00+02:00,22.201756
2026-03-31T13:00:00+02:00,22.783216
2026-03-31T13:15:00+02:00,23.15942
2026-03-31T13:30:00+02:00,24.508314
2026-03-31T13:45:00+02:00,23.993644
2026-03-31T14:00:00+02:00,23.639296
2026-03-31T14:15:00+02:00,23.66312
2026-03-31T14:30:00+02:00,24.440037
2026-03-31T14:45:00+02:00,24.538161
2026-03-31T15:00:00+02:00,24.147709
2026-03-31T15:15:00+02:00,22.192639
2026-03-31T15:30:00+02:00,20.567344
2026-03-31T15:45:00+02:00,20.565938
2026-03-31T16:00:00+02:00,20.764799
2026-03-31T16:15:00+02:00,20.629697
2026-03-31T16:30:00+02:00,20.678889
2026-03-31T16:45:00+02:00,20.0
2026-03-31T17:00:00+02:00,20.989652
2026-03-31T17:15:00+02:00,20.217069
2026-03-31T17:30:00+02:00,22.101507
2026-03-31T17:45:00+02:00,22.067329
2026-03-31T18:00:00+02:00,22.826296
2026-03-31T18:15:00+02:00,23.104527
2026-03-31T18:30:00+02:00,23.974524
2026-03-31T18:45:00+02:00,23.803125
2026-03-31T19:00:00+02:00,24.577083
2026-03-31T19:15:00+02:00,25.297917
2026-03-31T19:30:00+02:00,24.499844
2026-03-31T19:45:00+02:00,24.175881
2026-03-31T20:00:00+02:00,21.304649
2026-03-31T20:15:00+02:00,26.530268
2026-03-31T20:30:00+02:00,21.653563
2026-03-31T20:45:00+02:00,26.275676
2026-03-31T21:00:00+02:00,24.352203
2026-03-31T21:15:00+02:00,25.843333
2026-03-31T21:30:00+02:00,25.076117
2026-03-31T21:45:00+02:00,25.673396
2026-03-31T22:00:00+02:00,25.750549
2026-03-31T22:15:00+02:00,24.543528
2026-03-31T22:30:00+02:00,10.148021
2026-03-31T22:45:00+02:00,3.604806
2026-03-31T23:00:00+02:00,7.327995
2026-03-31T23:15:00+02:00,8.023736
2026-03-31T23:30:00+02:00,16.898725
2026-03-31T23:45:00+02:00,11.404101
2026-04-01T00:00:00+02:00,1.532359
2026-04-01T00:15:00+02:00,1.654545
2026-04-01T00:30:00+02:00,13.470455
2026-04-01T00:45:00+02:00,20.065388
2026-04-01T01:00:00+02:00,19.023535
2026-04-01T01:15:00+02:00,20.232052
2026-04-01T01:30:00+02:00,20.529634
2026-04-01T01:45:00+02:00,20.354557
2026-04-01T02:00:00+02:00,22.357264
2026-04-01T02:15:00+02:00,23.665388
2026-04-01T02:30:00+02:00,16.597077
2026-04-01T02:45:00+02:00,28.921215
2026-04-01T03:00:00+02:00,23.294861
2026-04-01T03:15:00+02:00,17.094565
2026-04-01T03:30:00+02:00,4.633936
2026-04-01T03:45:00+02:00,1.105528
2026-04-01T04:00:00+02:00,2.539834
2026-04-01T04:15:00+02:00,6.545668
2026-04-01T04:30:00+02:00,7.397329
2026-04-01T04:45:00+02:00,7.492196
2026-04-01T05:00:00+02:00,7.506902
2026-04-01T05:15:00+02:00,8.199783
2026-04-01T05:30:00+02:00,7.784956
2026-04-01T05:45:00+02:00,7.506278
2026-04-01T06:00:00+02:00,7.703246
2026-04-01T06:15:00+02:00,8.293759
2026-04-01T06:30:00+02:00,7.948598
2026-04-01T06:45:00+02:00,7.065751
2026-04-01T07:00:00+02:00,5.846471
2026-04-01T07:15:00+02:00,7.959823
2026-04-01T07:30:00+02:00,7.539649
2026-04-01T07:45:00+02:00,1.565108
2026-04-01T08:00:00+02:00,2.46619
2026-04-01T08:15:00+02:00,11.91574
2026-04-01T08:30:00+02:00,16.377031
2026-04-01T08:45:00+02:00,16.741917
2026-04-01T09:00:00+02:00,16.953046
2026-04-01T09:15:00+02:00,18.111839
2026-04-01T09:30:00+02:00,17.5
2026-04-01T09:45:00+02:00,17.020336
2026-04-01T10:00:00+02:00,18.118402
2026-04-01T10:15:00+02:00,17.134461
2026-04-01T10:30:00+02:00,17.787119
2026-04-01T10:45:00+02:00,12.980235
2026-04-01T11:00:00+02:00,1.747814
2026-04-01T11:15:00+02:00,0.250522
2026-04-01T11:30:00+02:00,6.21976
2026-04-01T11:45:00+02:00,10.958513
2026-04-01T12:00:00+02:00,12.715297
2026-04-01T12:15:00+02:00,12.884208
2026-04-01T12:30:00+02:00,11.656603
2026-04-01T12:45:00+02:00,11.859458
2026-04-01T13:00:00+02:00,10.82861
2026-04-01T13:15:00+02:00,3.877551
2026-04-01T13:30:00+02:00,5.213333
2026-04-01T13:45:00+02:00,15.662857
2026-04-01T14:00:00+02:00,13.784326
2026-04-01T14:15:00+02:00,10.520691
2026-04-01T14:30:00+02:00,11.843688
2026-04-01T14:45:00+02:00,8.73681
2026-04-01T15:00:00+02:00,3.49246
2026-04-01T15:15:00+02:00,0.745833
2026-04-01T15:30:00+02:00,0.0
2026-04-01T15:45:00+02:00,6.909308
2026-04-01T16:00:00+02:00,18.05502
2026-04-01T16:15:00+02:00,17.657551
2026-04-01T16:30:00+02:00,18.370511
2026-04-01T16:45:00+02:00,16.96248
2026-04-01T17:00:00+02:00,18.680845
2026-04-01T17:15:00+02:00,17.424286
2026-04-01T17:30:00+02:00,17.711429
2026-04-01T17:45:00+02:00,13.602177
2026-04-01T18:00:00+02:00,2.626394
2026-04-01T18:15:00+02:00,0.0
2026-04-01T18:30:00+02:00,0.135135
2026-04-01T18:45:00+02:00,8.931532
2026-04-01T19:00:00+02:00,19.066035
2026-04-01T19:15:00+02:00,12.968087
2026-04-01T19:30:00+02:00,15.304222
2026-04-01T19:45:00+02:00,28.735991
2026-04-01T20:00:00+02:00,19.223264
2026-04-01T20:15:00+02:00,19.30371
2026-04-01T20:30:00+02:00,18.180365
2026-04-01T20:45:00+02:00,19.285239
2026-04-01T21:00:00+02:00,20.276836
2026-04-01T21:15:00+02:00,8.204328
2026-04-01T21:30:00+02:00,0.385256
2026-04-01T21:45:00+02:00,0.918182
2026-04-01T22:00:00+02:00,12.614852
2026-04-01T22:15:00+02:00,18.47338
2026-04-01T22:30:00+02:00,18.771711
2026-04-01T22:45:00+02:00,19.757292
2026-04-01T23:00:00+02:00,20.493689
2026-04-01T23:15:00+02:00,18.868598
2026-04-01T23:30:00+02:00,9.244259
2026-04-01T23:45:00+02:00,0.858038
2026-04-02T00:00:00+02:00,8.101695
2026-04-02T00:15:00+02:00,17.363305
2026-04-02T00:30:00+02:00,16.72211
2026-04-02T00:45:00+02:00,16.839917
2026-04-02T01:00:00+02:00,16.574086
2026-04-02T01:15:00+02:00,16.541405
2026-04-02T01:30:00+02:00,16.419982
2026-04-02T01:45:00+02:00,16.812915
2026-04-02T02:00:00+02:00,16.406403
2026-04-02T02:15:00+02:00,17.351515
2026-04-02T02:30:00+02:00,16.035417
2026-04-02T02:45:00+02:00,11.518098
2026-04-02T03:00:00+02:00,3.472875
2026-04-02T03:15:00+02:00,6.25
2026-04-02T03:30:00+02:00,6.25
2026-04-02T03:45:00+02:00,7.520816
2026-04-02T04:00:00+02:00,15.506962
2026-04-02T04:15:00+02:00,15.468837
2026-04-02T04:30:00+02:00,15.004125
2026-04-02T04:45:00+02:00,15.025474
2026-04-02T05:00:00+02:00,15.009223
2026-04-02T05:15:00+02:00,15.001502
2026-04-02T05:30:00+02:00,15.00334
2026-04-02T05:45:00+02:00,14.433333
2026-04-02T06:00:00+02:00,13.846667
2026-04-02T06:15:00+02:00,12.341853
2026-04-02T06:30:00+02:00,16.38835
2026-04-02T06:45:00+02:00,14.094762
2026-04-02T07:00:00+02:00,8.909875
2026-04-02T07:15:00+02:00,0.785161
2026-04-02T07:30:00+02:00,0.898551
2026-04-02T07:45:00+02:00,18.3776
2026-04-02T08:00:00+02:00,21.032638
2026-04-02T08:15:00+02:00,21.385811
2026-04-02T08:30:00+02:00,21.543231
2026-04-02T08:45:00+02:00,22.022093
2026-04-02T09:00:00+02:00,20.425262
2026-04-02T09:15:00+02:00,5.40291
2026-04-02T09:30:00+02:00,0.911905
2026-04-02T09:45:00+02:00,3.73
2026-04-02T10:00:00+02:00,9.683005
2026-04-02T10:15:00+02:00,9.490334
2026-04-02T10:30:00+02:00,9.992494
2026-04-02T10:45:00+02:00,10.899621
2026-04-02T11:00:00+02:00,9.910428
2026-04-02T11:15:00+02:00,11.322621
2026-04-02T11:30:00+02:00,6.966499
2026-04-02T11:45:00+02:00,3.498057
2026-04-02T12:00:00+02:00,5.912617
2026-04-02T12:15:00+02:00,11.813477
2026-04-02T12:30:00+02:00,11.32796
2026-04-02T12:45:00+02:00,11.311221
2026-04-02T13:00:00+02:00,12.117895
2026-04-02T13:15:00+02:00,11.41046
2026-04-02T13:30:00+02:00,6.639979
2026-04-02T13:45:00+02:00,0.973333
2026-04-02T14:00:00+02:00,3.582639
2026-04-02T14:15:00+02:00,6.695231
2026-04-02T14:30:00+02:00,14.030578
2026-04-02T14:45:00+02:00,12.591552
2026-04-02T15:00:00+02:00,12.200098
2026-04-02T15:15:00+02:00,5.299313
2026-04-02T15:30:00+02:00,20.828952
2026-04-02T15:45:00+02:00,12.810383
2026-04-02T16:00:00+02:00,15.011506
2026-04-02T16:15:00+02:00,12.698558
2026-04-02T16:30:00+02:00,12.224163
2026-04-02T16:45:00+02:00,7.052902
2026-04-02T17:00:00+02:00,0.974125
2026-04-02T17:15:00+02:00,1.618519
2026-04-02T17:30:00+02:00,15.691005
2026-04-02T17:45:00+02:00,21.446138
2026-04-02T18:00:00+02:00,22.224124
2026-04-02T18:15:00+02:00,21.665854
2026-04-02T18:30:00+02:00,21.927625
2026-04-02T18:45:00+02:00,22.368942
2026-04-02T19:00:00+02:00,20.234046
2026-04-02T19:15:00+02:00,7.462637
2026-04-02T19:30:00+02:00,2.984025
2026-04-02T19:45:00+02:00,0.377086
2026-04-02T20:00:00+02:00,0.955457
2026-04-02T20:15:00+02:00,17.299445
2026-04-02T20:30:00+02:00,17.535574
2026-04-02T20:45:00+02:00,17.283978
2026-04-02T21:00:00+02:00,17.795892
2026-04-02T21:15:00+02:00,17.154601
2026-04-02T21:30:00+02:00,17.111777
2026-04-02T21:45:00+02:00,17.636338
2026-04-02T22:00:00+02:00,11.126937
2026-04-02T22:15:00+02:00,10.0
2026-04-02T22:30:00+02:00,6.288703
2026-04-02T22:45:00+02:00,12.389074
2026-04-02T23:00:00+02:00,19.779963
2026-04-02T23:15:00+02:00,16.911009
2026-04-02T23:30:00+02:00,17.56973
2026-04-02T23:45:00+02:00,17.403187
2026-04-03T00:00:00+02:00,18.038889
2026-04-03T00:15:00+02:00,17.42896
2026-04-03T00:30:00+02:00,17.333745
2026-04-03T00:45:00+02:00,17.699756
2026-04-03T01:00:00+02:00,17.990686
2026-04-03T01:15:00+02:00,17.526297
2026-04-03T01:30:00+02:00,7.74
2026-04-03T01:45:00+02:00,0.365022
2026-04-03T02:00:00+02:00,0.634978
2026-04-03T02:15:00+02:00,0.0
2026-04-03T02:30:00+02:00,0.0
2026-04-03T02:45:00+02:00,0.12708
2026-04-03T03:00:00+02:00,0.87292
2026-04-03T03:15:00+02:00,0.0
2026-04-03T03:30:00+02:00,0.0
2026-04-03T03:45:00+02:00,0.0
2026-04-03T04:00:00+02:00,0.0
2026-04-03T04:15:00+02:00,0.0
2026-04-03T04:30:00+02:00,0.0
2026-04-03T04:45:00+02:00,0.0
2026-04-03T05:00:00+02:00,0.0
2026-04-03T05:15:00+02:00,0.0
2026-04-03T05:30:00+02:00,0.0
2026-04-03T05:45:00+02:00,0.0
2026-04-03T06:00:00+02:00,0.276398
2026-04-03T06:15:00+02:00,0.723602
2026-04-03T06:30:00+02:00,0.0
2026-04-03T06:45:00+02:00,0.0
2026-04-03T07:00:00+02:00,0.0
2026-04-03T07:15:00+02:00,0.0
2026-04-03T07:30:00+02:00,0.0
2026-04-03T07:45:00+02:00,0.0
2026-04-03T08:00:00+02:00,0.0
2026-04-03T08:15:00+02:00,0.0
2026-04-03T08:30:00+02:00,0.0
2026-04-03T08:45:00+02:00,0.0
2026-04-03T09:00:00+02:00,0.0
2026-04-03T09:15:00+02:00,0.0
2026-04-03T09:30:00+02:00,0.0
2026-04-03T09:45:00+02:00,0.0
2026-04-03T10:00:00+02:00,0.688642
2026-04-03T10:15:00+02:00,0.311358
2026-04-03T10:30:00+02:00,0.0
2026-04-03T10:45:00+02:00,0.0
2026-04-03T11:00:00+02:00,0.0
2026-04-03T11:15:00+02:00,0.0
2026-04-03T11:30:00+02:00,0.0
2026-04-03T11:45:00+02:00,0.0
2026-04-03T12:00:00+02:00,0.0
2026-04-03T12:15:00+02:00,0.0
2026-04-03T12:30:00+02:00,0.0
2026-04-03T12:45:00+02:00,0.0
2026-04-03T13:00:00+02:00,0.0
2026-04-03T13:15:00+02:00,0.0
2026-04-03T13:30:00+02:00,0.158169
2026-04-03T13:45:00+02:00,0.841831
2026-04-03T14:00:00+02:00,0.0
2026-04-03T14:15:00+02:00,0.0
2026-04-03T14:30:00+02:00,0.0
2026-04-03T14:45:00+02:00,0.0
2026-04-03T15:00:00+02:00,0.0
2026-04-03T15:15:00+02:00,0.0
2026-04-03T15:30:00+02:00,0.0
2026-04-03T15:45:00+02:00,0.0
2026-04-03T16:00:00+02:00,0.0
2026-04-03T16:15:00+02:00,0.0
2026-04-03T16:30:00+02:00,0.0
2026-04-03T16:45:00+02:00,0.0
2026-04-03T17:00:00+02:00,0.0
2026-04-03T17:15:00+02:00,0.0
2026-04-03T17:30:00+02:00,0.776935
2026-04-03T17:45:00+02:00,0.223065
2026-04-03T18:00:00+02:00,0.0
2026-04-03T18:15:00+02:00,0.0
2026-04-03T18:30:00+02:00,0.0
2026-04-03T18:45:00+02:00,0.0
2026-04-03T19:00:00+02:00,0.0
2026-04-03T19:15:00+02:00,0.0
2026-04-03T19:30:00+02:00,0.0
2026-04-03T19:45:00+02:00,0.0
2026-04-03T20:00:00+02:00,0.0
2026-04-03T20:15:00+02:00,0.0
2026-04-03T20:30:00+02:00,0.0
2026-04-03T20:45:00+02:00,0.0
2026-04-03T21:00:00+02:00,0.0
2026-04-03T21:15:00+02:00,0.0
2026-04-03T21:30:00+02:00,0.354719
2026-04-03T21:45:00+02:00,0.555213
2026-04-03T22:00:00+02:00,0.090068
2026-04-03T22:15:00+02:00,0.0
2026-04-03T22:30:00+02:00,0.0
2026-04-03T22:45:00+02:00,0.0
2026-04-03T23:00:00+02:00,0.0
2026-04-03T23:15:00+02:00,0.0
2026-04-03T23:30:00+02:00,0.0
2026-04-03T23:45:00+02:00,0.0
2026-04-04T00:00:00+02:00,0.0
2026-04-04T00:15:00+02:00,0.0
2026-04-04T00:30:00+02:00,0.0
2026-04-04T00:45:00+02:00,0.0
2026-04-04T01:00:00+02:00,0.0
2026-04-04T01:15:00+02:00,0.0
2026-04-04T01:30:00+02:00,1.0
2026-04-04T01:45:00+02:00,0.0
2026-04-04T02:00:00+02:00,0.0
2026-04-04T02:15:00+02:00,0.0
2026-04-04T02:30:00+02:00,0.0
2026-04-04T02:45:00+02:00,0.0
2026-04-04T03:00:00+02:00,0.0
2026-04-04T03:15:00+02:00,0.0
2026-04-04T03:30:00+02:00,0.0
2026-04-04T03:45:00+02:00,0.0
2026-04-04T04:00:00+02:00,0.0
2026-04-04T04:15:00+02:00,0.0
2026-04-04T04:30:00+02:00,0.0
2026-04-04T04:45:00+02:00,1.0
2026-04-04T05:00:00+02:00,0.0
2026-04-04T05:15:00+02:00,0.0
2026-04-04T05:30:00+02:00,0.0
2026-04-04T05:45:00+02:00,0.0
2026-04-04T06:00:00+02:00,0.0
2026-04-04T06:15:00+02:00,0.0
2026-04-04T06:30:00+02:00,0.0
2026-04-04T06:45:00+02:00,0.0
2026-04-04T07:00:00+02:00,0.0
2026-04-04T07:15:00+02:00,0.0
2026-04-04T07:30:00+02:00,0.0
2026-04-04T07:45:00+02:00,0.0
2026-04-04T08:00:00+02:00,0.0
2026-04-04T08:15:00+02:00,0.0
2026-04-04T08:30:00+02:00,0.761596
2026-04-04T08:45:00+02:00,0.238404
2026-04-04T09:00:00+02:00,0.0
2026-04-04T09:15:00+02:00,0.0
2026-04-04T09:30:00+02:00,0.0
2026-04-04T09:45:00+02:00,0.0
2026-04-04T10:00:00+02:00,0.0
2026-04-04T10:15:00+02:00,0.0
2026-04-04T10:30:00+02:00,0.0
2026-04-04T10:45:00+02:00,0.0
2026-04-04T11:00:00+02:00,0.0
2026-04-04T11:15:00+02:00,0.0
2026-04-04T11:30:00+02:00,0.0
2026-04-04T11:45:00+02:00,0.0
2026-04-04T12:00:00+02:00,1.0
2026-04-04T12:15:00+02:00,0.0
2026-04-04T12:30:00+02:00,0.0
2026-04-04T12:45:00+02:00,0.0
2026-04-04T13:00:00+02:00,0.0
2026-04-04T13:15:00+02:00,0.0
2026-04-04T13:30:00+02:00,0.0
2026-04-04T13:45:00+02:00,0.0
2026-04-04T14:00:00+02:00,0.0
2026-04-04T14:15:00+02:00,0.0
2026-04-04T14:30:00+02:00,0.0
2026-04-04T14:45:00+02:00,0.0
2026-04-04T15:00:00+02:00,0.0
2026-04-04T15:15:00+02:00,0.0
2026-04-04T15:30:00+02:00,0.0
2026-04-04T15:45:00+02:00,0.341906
2026-04-04T16:00:00+02:00,0.658094
2026-04-04T16:15:00+02:00,0.0
2026-04-04T16:30:00+02:00,0.0
2026-04-04T16:45:00+02:00,0.0
2026-04-04T17:00:00+02:00,0.0
2026-04-04T17:15:00+02:00,0.0
2026-04-04T17:30:00+02:00,0.0
2026-04-04T17:45:00+02:00,0.0
2026-04-04T18:00:00+02:00,0.0
2026-04-04T18:15:00+02:00,0.0
2026-04-04T18:30:00+02:00,0.0
2026-04-04T18:45:00+02:00,0.0
2026-04-04T19:00:00+02:00,0.0
2026-04-04T19:15:00+02:00,0.0
2026-04-04T19:30:00+02:00,0.0
2026-04-04T19:45:00+02:00,0.448468
2026-04-04T20:00:00+02:00,0.551532
2026-04-04T20:15:00+02:00,0.0
2026-04-04T20:30:00+02:00,0.0
2026-04-04T20:45:00+02:00,0.0
2026-04-04T21:00:00+02:00,0.0
2026-04-04T21:15:00+02:00,0.0
2026-04-04T21:30:00+02:00,0.0
2026-04-04T21:45:00+02:00,0.0
2026-04-04T22:00:00+02:00,0.0
2026-04-04T22:15:00+02:00,0.0
2026-04-04T22:30:00+02:00,0.0
2026-04-04T22:45:00+02:00,0.0
2026-04-04T23:00:00+02:00,0.0
2026-04-04T23:15:00+02:00,0.269017
2026-04-04T23:30:00+02:00,0.730983
2026-04-04T23:45:00+02:00,0.0
2026-04-05T00:00:00+02:00,0.0
2026-04-05T00:15:00+02:00,0.0
2026-04-05T00:30:00+02:00,0.0
2026-04-05T00:45:00+02:00,0.0
2026-04-05T01:00:00+02:00,0.0
2026-04-05T01:15:00+02:00,0.0
2026-04-05T01:30:00+02:00,0.0
2026-04-05T01:45:00+02:00,0.0
2026-04-05T02:00:00+02:00,0.0
2026-04-05T02:15:00+02:00,0.0
2026-04-05T02:30:00+02:00,0.0
2026-04-05T02:45:00+02:00,0.0
2026-04-05T03:00:00+02:00,0.0
2026-04-05T03:15:00+02:00,0.792873
2026-04-05T03:30:00+02:00,0.207127
2026-04-05T03:45:00+02:00,0.0
2026-04-05T04:00:00+02:00,0.0
2026-04-05T04:15:00+02:00,0.0
2026-04-05T04:30:00+02:00,0.0
2026-04-05T04:45:00+02:00,0.0
2026-04-05T05:00:00+02:00,0.0
2026-04-05T05:15:00+02:00,0.0
2026-04-05T05:30:00+02:00,0.0
2026-04-05T05:45:00+02:00,0.0
2026-04-05T06:00:00+02:00,0.0
2026-04-05T06:15:00+02:00,0.0
2026-04-05T06:30:00+02:00,0.0
2026-04-05T06:45:00+02:00,0.0
2026-04-05T07:00:00+02:00,0.182211
2026-04-05T07:15:00+02:00,0.555899
2026-04-05T07:30:00+02:00,0.26189
2026-04-05T07:45:00+02:00,0.0
2026-04-05T08:00:00+02:00,0.0
2026-04-05T08:15:00+02:00,0.0
2026-04-05T08:30:00+02:00,0.0
2026-04-05T08:45:00+02:00,0.0
2026-04-05T09:00:00+02:00,0.0
2026-04-05T09:15:00+02:00,0.0
2026-04-05T09:30:00+02:00,0.0
2026-04-05T09:45:00+02:00,0.0
2026-04-05T10:00:00+02:00,0.0
2026-04-05T10:15:00+02:00,0.0
2026-04-05T10:30:00+02:00,0.0
2026-04-05T10:45:00+02:00,0.0
2026-04-05T11:00:00+02:00,1.0
2026-04-05T11:15:00+02:00,0.0
2026-04-05T11:30:00+02:00,0.0
2026-04-05T11:45:00+02:00,0.0
2026-04-05T12:00:00+02:00,0.0
2026-04-05T12:15:00+02:00,0.0
2026-04-05T12:30:00+02:00,0.0
2026-04-05T12:45:00+02:00,0.0
2026-04-05T13:00:00+02:00,0.0
2026-04-05T13:15:00+02:00,0.0
2026-04-05T13:30:00+02:00,0.0
2026-04-05T13:45:00+02:00,0.0
2026-04-05T14:00:00+02:00,0.0
2026-04-05T14:15:00+02:00,0.0
2026-04-05T14:30:00+02:00,0.0
2026-04-05T14:45:00+02:00,0.541348
2026-04-05T15:00:00+02:00,0.458652
2026-04-05T15:15:00+02:00,0.0
2026-04-05T15:30:00+02:00,0.0
2026-04-05T15:45:00+02:00,0.0
2026-04-05T16:00:00+02:00,0.0
2026-04-05T16:15:00+02:00,0.0
2026-04-05T16:30:00+02:00,0.0
2026-04-05T16:45:00+02:00,0.0
2026-04-05T17:00:00+02:00,0.0
2026-04-05T17:15:00+02:00,0.0
2026-04-05T17:30:00+02:00,0.0
2026-04-05T17:45:00+02:00,0.0
2026-04-05T18:00:00+02:00,0.0
2026-04-05T18:15:00+02:00,0.0
2026-04-05T18:30:00+02:00,0.724745
2026-04-05T18:45:00+02:00,0.275255
2026-04-05T19:00:00+02:00,0.0
2026-04-05T19:15:00+02:00,0.0
2026-04-05T19:30:00+02:00,0.0
2026-04-05T19:45:00+02:00,0.0
2026-04-05T20:00:00+02:00,0.0
2026-04-05T20:15:00+02:00,0.0
2026-04-05T20:30:00+02:00,0.0
2026-04-05T20:45:00+02:00,0.0
2026-04-05T21:00:00+02:00,0.0
2026-04-05T21:15:00+02:00,0.0
2026-04-05T21:30:00+02:00,0.0
2026-04-05T21:45:00+02:00,0.0
2026-04-05T22:00:00+02:00,0.0
2026-04-05T22:15:00+02:00,0.0
2026-04-05T22:30:00+02:00,0.282407
2026-04-05T22:45:00+02:00,0.717593
2026-04-05T23:00:00+02:00,0.0
2026-04-05T23:15:00+02:00,0.0
2026-04-05T23:30:00+02:00,0.0
2026-04-05T23:45:00+02:00,0.0
2026-04-06T00:00:00+02:00,0.0
2026-04-06T00:15:00+02:00,0.0
2026-04-06T00:30:00+02:00,0.0
2026-04-06T00:45:00+02:00,0.0
2026-04-06T01:00:00+02:00,0.0
2026-04-06T01:15:00+02:00,0.0
2026-04-06T01:30:00+02:00,0.0
2026-04-06T01:45:00+02:00,0.0
2026-04-06T02:00:00+02:00,0.0
2026-04-06T02:15:00+02:00,0.0
2026-04-06T02:30:00+02:00,0.0
2026-04-06T02:45:00+02:00,0.771569
2026-04-06T03:00:00+02:00,0.228431
2026-04-06T03:15:00+02:00,0.0
2026-04-06T03:30:00+02:00,0.0
2026-04-06T03:45:00+02:00,0.0
2026-04-06T04:00:00+02:00,0.0
2026-04-06T04:15:00+02:00,0.0
2026-04-06T04:30:00+02:00,0.0
2026-04-06T04:45:00+02:00,0.0
2026-04-06T05:00:00+02:00,0.0
2026-04-06T05:15:00+02:00,0.0
2026-04-06T05:30:00+02:00,0.0
2026-04-06T05:45:00+02:00,0.0
2026-04-06T06:00:00+02:00,0.0
2026-04-06T06:15:00+02:00,0.0
2026-04-06T06:30:00+02:00,0.0
2026-04-06T06:45:00+02:00,1.0
2026-04-06T07:00:00+02:00,0.0
2026-04-06T07:15:00+02:00,0.0
2026-04-06T07:30:00+02:00,0.0
2026-04-06T07:45:00+02:00,0.0
2026-04-06T08:00:00+02:00,0.0
2026-04-06T08:15:00+02:00,0.0
2026-04-06T08:30:00+02:00,0.0
2026-04-06T08:45:00+02:00,0.0
2026-04-06T09:00:00+02:00,0.0
2026-04-06T09:15:00+02:00,0.0
2026-04-06T09:30:00+02:00,0.0
2026-04-06T09:45:00+02:00,0.0
2026-04-06T10:00:00+02:00,0.0
2026-04-06T10:15:00+02:00,0.009276
2026-04-06T10:30:00+02:00,0.834879
2026-04-06T10:45:00+02:00,0.155844
2026-04-06T11:00:00+02:00,0.0
2026-04-06T11:15:00+02:00,0.0
2026-04-06T11:30:00+02:00,0.0
2026-04-06T11:45:00+02:00,0.0
2026-04-06T12:00:00+02:00,0.0
2026-04-06T12:15:00+02:00,0.0
2026-04-06T12:30:00+02:00,0.0
2026-04-06T12:45:00+02:00,0.0
2026-04-06T13:00:00+02:00,0.0
2026-04-06T13:15:00+02:00,0.0
2026-04-06T13:30:00+02:00,0.0
2026-04-06T13:45:00+02:00,0.0
2026-04-06T14:00:00+02:00,0.0
2026-04-06T14:15:00+02:00,0.0
2026-04-06T14:30:00+02:00,0.283659
2026-04-06T14:45:00+02:00,0.517837
2026-04-06T15:00:00+02:00,0.198504
2026-04-06T15:15:00+02:00,0.0
2026-04-06T15:30:00+02:00,0.0
2026-04-06T15:45:00+02:00,0.0
2026-04-06T16:00:00+02:00,0.0
2026-04-06T16:15:00+02:00,0.0
2026-04-06T16:30:00+02:00,0.0
2026-04-06T16:45:00+02:00,0.0
2026-04-06T17:00:00+02:00,0.0
2026-04-06T17:15:00+02:00,0.0
2026-04-06T17:30:00+02:00,0.0
2026-04-06T17:45:00+02:00,0.0
2026-04-06T18:00:00+02:00,0.0
2026-04-06T18:15:00+02:00,0.0
2026-04-06T18:30:00+02:00,1.0
2026-04-06T18:45:00+02:00,0.0
2026-04-06T19:00:00+02:00,0.0
2026-04-06T19:15:00+02:00,0.0
2026-04-06T19:30:00+02:00,0.0
2026-04-06T19:45:00+02:00,0.0
2026-04-06T20:00:00+02:00,0.0
2026-04-06T20:15:00+02:00,0.0
2026-04-06T20:30:00+02:00,0.0
2026-04-06T20:45:00+02:00,0.0
2026-04-06T21:00:00+02:00,0.0
2026-04-06T21:15:00+02:00,0.0
2026-04-06T21:30:00+02:00,0.0
2026-04-06T21:45:00+02:00,0.0
2026-04-06T22:00:00+02:00,0.0
2026-04-06T22:15:00+02:00,0.0
2026-04-06T22:30:00+02:00,1.0
2026-04-06T22:45:00+02:00,0.0
2026-04-06T23:00:00+02:00,0.0
2026-04-06T23:15:00+02:00,0.0
2026-04-06T23:30:00+02:00,0.0
2026-04-06T23:45:00+02:00,0.0
2026-04-07T00:00:00+02:00,0.0
2026-04-07T00:15:00+02:00,0.0
2026-04-07T00:30:00+02:00,0.0
2026-04-07T00:45:00+02:00,0.0
2026-04-07T01:00:00+02:00,0.0
2026-04-07T01:15:00+02:00,0.0
2026-04-07T01:30:00+02:00,0.0
2026-04-07T01:45:00+02:00,0.0
2026-04-07T02:00:00+02:00,0.021875
2026-04-07T02:15:00+02:00,0.9375
2026-04-07T02:30:00+02:00,0.040625
2026-04-07T02:45:00+02:00,0.0
2026-04-07T03:00:00+02:00,0.0
2026-04-07T03:15:00+02:00,0.0
2026-04-07T03:30:00+02:00,0.0
2026-04-07T03:45:00+02:00,0.0
2026-04-07T04:00:00+02:00,0.0
2026-04-07T04:15:00+02:00,0.0
2026-04-07T04:30:00+02:00,0.0
2026-04-07T04:45:00+02:00,0.0
2026-04-07T05:00:00+02:00,0.0
2026-04-07T05:15:00+02:00,0.599123
2026-04-07T05:30:00+02:00,0.400877
2026-04-07T05:45:00+02:00,0.0
2026-04-07T06:00:00+02:00,0.0
2026-04-07T06:15:00+02:00,8.475059
2026-04-07T06:30:00+02:00,17.007083
2026-04-07T06:45:00+02:00,16.303571
2026-04-07T07:00:00+02:00,17.532468
2026-04-07T07:15:00+02:00,16.750712
2026-04-07T07:30:00+02:00,17.102535
2026-04-07T07:45:00+02:00,17.857143
2026-04-07T08:00:00+02:00,7.752753
2026-04-07T08:15:00+02:00,3.430205
2026-04-07T08:30:00+02:00,3.430205
2026-04-07T08:45:00+02:00,14.758266
2026-04-07T09:00:00+02:00,12.992857
2026-04-07T09:15:00+02:00,17.026175
2026-04-07T09:30:00+02:00,14.746246
2026-04-07T09:45:00+02:00,14.375
2026-04-07T10:00:00+02:00,13.693765
2026-04-07T10:15:00+02:00,12.294322
2026-04-07T10:30:00+02:00,12.730894
2026-04-07T10:45:00+02:00,13.230324
2026-04-07T11:00:00+02:00,11.799916
2026-04-07T11:15:00+02:00,12.5105
2026-04-07T11:30:00+02:00,11.7875
2026-04-07T11:45:00+02:00,12.369643
2026-04-07T12:00:00+02:00,12.403947
2026-04-07T12:15:00+02:00,12.343645
2026-04-07T12:30:00+02:00,12.081242
2026-04-07T12:45:00+02:00,12.174022
2026-04-07T13:00:00+02:00,12.0
2026-04-07T13:15:00+02:00,9.759335
2026-04-07T13:30:00+02:00,14.345718
2026-04-07T13:45:00+02:00,11.302226
2026-04-07T14:00:00+02:00,11.970926
2026-04-07T14:15:00+02:00,12.381795
2026-04-07T14:30:00+02:00,11.63975
2026-04-07T14:45:00+02:00,12.070968
2026-04-07T15:00:00+02:00,11.628922
2026-04-07T15:15:00+02:00,7.312084
2026-04-07T15:30:00+02:00,4.236409
2026-04-07T15:45:00+02:00,7.863986
2026-04-07T16:00:00+02:00,15.027881
2026-04-07T16:15:00+02:00,14.973904
2026-04-07T16:30:00+02:00,16.637778
2026-04-07T16:45:00+02:00,17.485167
2026-04-07T17:00:00+02:00,15.888201
2026-04-07T17:15:00+02:00,23.001886
2026-04-07T17:30:00+02:00,22.747374
2026-04-07T17:45:00+02:00,21.121246
2026-04-07T18:00:00+02:00,23.381903
2026-04-07T18:15:00+02:00,22.844113
2026-04-07T18:30:00+02:00,23.361137
2026-04-07T18:45:00+02:00,23.844614
2026-04-07T19:00:00+02:00,24.131596
2026-04-07T19:15:00+02:00,23.808354
2026-04-07T19:30:00+02:00,23.569798
2026-04-07T19:45:00+02:00,19.515718
2026-04-07T20:00:00+02:00,19.496263
2026-04-07T20:15:00+02:00,37.115063
2026-04-07T20:30:00+02:00,27.543558
2026-04-07T20:45:00+02:00,27.21585
2026-04-07T21:00:00+02:00,25.339089
2026-04-07T21:15:00+02:00,26.874799
2026-04-07T21:30:00+02:00,29.669254
2026-04-07T21:45:00+02:00,30.045367
2026-04-07T22:00:00+02:00,22.971069
2026-04-07T22:15:00+02:00,19.690969
2026-04-07T22:30:00+02:00,19.105383
2026-04-07T22:45:00+02:00,15.916532
2026-04-07T23:00:00+02:00,15.739283
2026-04-07T23:15:00+02:00,12.936953
2026-04-07T23:30:00+02:00,13.087257
2026-04-07T23:45:00+02:00,11.122339
2026-04-08T00:00:00+02:00,17.401747
2026-04-08T00:15:00+02:00,22.493474
2026-04-08T00:30:00+02:00,23.280104
2026-04-08T00:45:00+02:00,23.672924
2026-04-08T01:00:00+02:00,24.972008
2026-04-08T01:15:00+02:00,9.43364
2026-04-08T01:30:00+02:00,5.110528
2026-04-08T01:45:00+02:00,9.06085
2026-04-08T02:00:00+02:00,19.964996
2026-04-08T02:15:00+02:00,17.367488
2026-04-08T02:30:00+02:00,19.282729
2026-04-08T02:45:00+02:00,19.460591
2026-04-08T03:00:00+02:00,19.928213
2026-04-08T03:15:00+02:00,20.042052
2026-04-08T03:30:00+02:00,19.851012
2026-04-08T03:45:00+02:00,19.132125
2026-04-08T04:00:00+02:00,20.159154
2026-04-08T04:15:00+02:00,18.820358
2026-04-08T04:30:00+02:00,19.90502
2026-04-08T04:45:00+02:00,18.177953
2026-04-08T05:00:00+02:00,20.496866
2026-04-08T05:15:00+02:00,20.415743
2026-04-08T05:30:00+02:00,19.407433
2026-04-08T05:45:00+02:00,19.745205
2026-04-08T06:00:00+02:00,19.828824
2026-04-08T06:15:00+02:00,18.98177
2026-04-08T06:30:00+02:00,18.956807
2026-04-08T06:45:00+02:00,22.81963
2026-04-08T07:00:00+02:00,19.680535
2026-04-08T07:15:00+02:00,20.21979
2026-04-08T07:30:00+02:00,11.248611
2026-04-08T07:45:00+02:00,1.0
2026-04-08T08:00:00+02:00,4.912992
2026-04-08T08:15:00+02:00,12.742351
2026-04-08T08:30:00+02:00,15.009265
2026-04-08T08:45:00+02:00,14.972624
2026-04-08T09:00:00+02:00,15.029435
2026-04-08T09:15:00+02:00,15.761905
2026-04-08T09:30:00+02:00,13.666215
2026-04-08T09:45:00+02:00,2.195838
2026-04-08T10:00:00+02:00,1.521991
2026-04-08T10:15:00+02:00,4.00466
2026-04-08T10:30:00+02:00,16.84452
2026-04-08T10:45:00+02:00,15.171538
2026-04-08T11:00:00+02:00,7.5
2026-04-08T11:15:00+02:00,14.998286
2026-04-08T11:30:00+02:00,25.565745
2026-04-08T11:45:00+02:00,2.740316
2026-04-08T12:00:00+02:00,14.347826
2026-04-08T12:15:00+02:00,15.835006
2026-04-08T12:30:00+02:00,18.345393
2026-04-08T12:45:00+02:00,18.013061
2026-04-08T13:00:00+02:00,16.7677
2026-04-08T13:15:00+02:00,5.053333
2026-04-08T13:30:00+02:00,0.0
2026-04-08T13:45:00+02:00,0.41858
2026-04-08T14:00:00+02:00,3.16314
2026-04-08T14:15:00+02:00,6.774194
2026-04-08T14:30:00+02:00,10.034562
2026-04-08T14:45:00+02:00,17.480976
2026-04-08T15:00:00+02:00,16.740198
2026-04-08T15:15:00+02:00,17.383208
2026-04-08T15:30:00+02:00,16.73704
2026-04-08T15:45:00+02:00,17.38684
2026-04-08T16:00:00+02:00,16.824119
2026-04-08T16:15:00+02:00,16.780761
2026-04-08T16:30:00+02:00,17.668983
2026-04-08T16:45:00+02:00,18.107399
2026-04-08T17:00:00+02:00,18.871429
2026-04-08T17:15:00+02:00,2.86627
2026-04-08T17:30:00+02:00,0.750626
2026-04-08T17:45:00+02:00,2.640997
2026-04-08T18:00:00+02:00,13.252882
2026-04-08T18:15:00+02:00,16.167867
2026-04-08T18:30:00+02:00,16.664216
2026-04-08T18:45:00+02:00,14.014811
2026-04-08T19:00:00+02:00,17.698583
2026-04-08T19:15:00+02:00,16.57232
2026-04-08T19:30:00+02:00,11.79219
2026-04-08T19:45:00+02:00,1.20781
2026-04-08T20:00:00+02:00,0.0
2026-04-08T20:15:00+02:00,1.704116
2026-04-08T20:30:00+02:00,9.076327
2026-04-08T20:45:00+02:00,16.500226
2026-04-08T21:00:00+02:00,18.495041
2026-04-08T21:15:00+02:00,18.760004
2026-04-08T21:30:00+02:00,19.394333
2026-04-08T21:45:00+02:00,18.600954
2026-04-08T22:00:00+02:00,18.847467
2026-04-08T22:15:00+02:00,18.178674
2026-04-08T22:30:00+02:00,19.034306
2026-04-08T22:45:00+02:00,18.936097
2026-04-08T23:00:00+02:00,19.183565
2026-04-08T23:15:00+02:00,19.01727
2026-04-08T23:30:00+02:00,20.903198
2026-04-08T23:45:00+02:00,20.422513
2026-04-09T00:00:00+02:00,20.665441
2026-04-09T00:15:00+02:00,20.613801
2026-04-09T00:30:00+02:00,20.186667
2026-04-09T00:45:00+02:00,20.32
2026-04-09T01:00:00+02:00,20.574465
2026-04-09T01:15:00+02:00,21.022876
2026-04-09T01:30:00+02:00,21.784697
2026-04-09T01:45:00+02:00,23.337903
2026-04-09T02:00:00+02:00,22.724342
2026-04-09T02:15:00+02:00,24.175179
2026-04-09T02:30:00+02:00,24.264371
2026-04-09T02:45:00+02:00,24.570706
2026-04-09T03:00:00+02:00,23.799409
2026-04-09T03:15:00+02:00,24.501292
2026-04-09T03:30:00+02:00,23.964701
2026-04-09T03:45:00+02:00,24.497028
2026-04-09T04:00:00+02:00,24.840205
2026-04-09T04:15:00+02:00,24.886161
2026-04-09T04:30:00+02:00,23.443127
2026-04-09T04:45:00+02:00,27.340862
2026-04-09T05:00:00+02:00,25.460847
2026-04-09T05:15:00+02:00,25.97628
2026-04-09T05:30:00+02:00,26.412217
2026-04-09T05:45:00+02:00,24.158584
2026-04-09T06:00:00+02:00,23.789652
2026-04-09T06:15:00+02:00,25.00058
2026-04-09T06:30:00+02:00,24.80058
2026-04-09T06:45:00+02:00,23.783833
2026-04-09T07:00:00+02:00,14.326178
2026-04-09T07:15:00+02:00,7.560031
2026-04-09T07:30:00+02:00,0.163895
2026-04-09T07:45:00+02:00,0.0
2026-04-09T08:00:00+02:00,2.724618
2026-04-09T08:15:00+02:00,13.527279
2026-04-09T08:30:00+02:00,13.034001
2026-04-09T08:45:00+02:00,14.360546
2026-04-09T09:00:00+02:00,10.247075
2026-04-09T09:15:00+02:00,3.234444
2026-04-09T09:30:00+02:00,7.793971
2026-04-09T09:45:00+02:00,11.857566
2026-04-09T10:00:00+02:00,12.365743
2026-04-09T10:15:00+02:00,11.773677
2026-04-09T10:30:00+02:00,12.012692
2026-04-09T10:45:00+02:00,13.76637
2026-04-09T11:00:00+02:00,14.223003
2026-04-09T11:15:00+02:00,14.016725
2026-04-09T11:30:00+02:00,2.062291
2026-04-09T11:45:00+02:00,1.728845
2026-04-09T12:00:00+02:00,2.223595
2026-04-09T12:15:00+02:00,5.387183
2026-04-09T12:30:00+02:00,7.031056
2026-04-09T12:45:00+02:00,8.246564
2026-04-09T13:00:00+02:00,8.246564
2026-04-09T13:15:00+02:00,7.60286
2026-04-09T13:30:00+02:00,7.616667
2026-04-09T13:45:00+02:00,7.890445
2026-04-09T14:00:00+02:00,6.980484
2026-04-09T14:15:00+02:00,7.102439
2026-04-09T14:30:00+02:00,7.755908
2026-04-09T14:45:00+02:00,7.663184
2026-04-09T15:00:00+02:00,7.50754
2026-04-09T15:15:00+02:00,7.810918
2026-04-09T15:30:00+02:00,7.612892
2026-04-09T15:45:00+02:00,8.031586
2026-04-09T16:00:00+02:00,7.389842
2026-04-09T16:15:00+02:00,7.857143
2026-04-09T16:30:00+02:00,3.228055
2026-04-09T16:45:00+02:00,1.762231
2026-04-09T17:00:00+02:00,1.8
2026-04-09T17:15:00+02:00,1.8
2026-04-09T17:30:00+02:00,5.212008
2026-04-09T17:45:00+02:00,15.467067
2026-04-09T18:00:00+02:00,14.282425
2026-04-09T18:15:00+02:00,7.27696
2026-04-09T18:30:00+02:00,16.618242
2026-04-09T18:45:00+02:00,4.166799
2026-04-09T19:00:00+02:00,2.344933
2026-04-09T19:15:00+02:00,3.08975
2026-04-09T19:30:00+02:00,6.826387
2026-04-09T19:45:00+02:00,17.63943
2026-04-09T20:00:00+02:00,18.3
2026-04-09T20:15:00+02:00,19.236952
2026-04-09T20:30:00+02:00,18.679021
2026-04-09T20:45:00+02:00,18.18838
2026-04-09T21:00:00+02:00,18.044583
2026-04-09T21:15:00+02:00,18.622957
2026-04-09T21:30:00+02:00,18.765638
2026-04-09T21:45:00+02:00,18.326609
2026-04-09T22:00:00+02:00,18.035333
2026-04-09T22:15:00+02:00,18.741007
2026-04-09T22:30:00+02:00,18.156578
2026-04-09T22:45:00+02:00,18.529412
2026-04-09T23:00:00+02:00,19.452127
2026-04-09T23:15:00+02:00,15.344107
2026-04-09T23:30:00+02:00,19.975756
2026-04-09T23:45:00+02:00,21.71678
2026-04-10T00:00:00+02:00,18.707044
2026-04-10T00:15:00+02:00,4.800443
2026-04-10T00:30:00+02:00,0.177273
2026-04-10T00:45:00+02:00,0.0
2026-04-10T01:00:00+02:00,1.0
2026-04-10T01:15:00+02:00,0.0
2026-04-10T01:30:00+02:00,0.0
2026-04-10T01:45:00+02:00,0.0
2026-04-10T02:00:00+02:00,0.527359
2026-04-10T02:15:00+02:00,0.472641
2026-04-10T02:30:00+02:00,0.0
2026-04-10T02:45:00+02:00,0.0
2026-04-10T03:00:00+02:00,0.0
2026-04-10T03:15:00+02:00,0.0
2026-04-10T03:30:00+02:00,0.0
2026-04-10T03:45:00+02:00,0.0
2026-04-10T04:00:00+02:00,0.0
2026-04-10T04:15:00+02:00,0.0
2026-04-10T04:30:00+02:00,0.0
2026-04-10T04:45:00+02:00,0.0
2026-04-10T05:00:00+02:00,0.0
2026-04-10T05:15:00+02:00,0.0
2026-04-10T05:30:00+02:00,0.228281
2026-04-10T05:45:00+02:00,0.771719
2026-04-10T06:00:00+02:00,0.0
2026-04-10T06:15:00+02:00,0.0
2026-04-10T06:30:00+02:00,0.0
2026-04-10T06:45:00+02:00,0.0
2026-04-10T07:00:00+02:00,0.871734
2026-04-10T07:15:00+02:00,0.128266
2026-04-10T07:30:00+02:00,0.0
2026-04-10T07:45:00+02:00,0.0
2026-04-10T08:00:00+02:00,0.0
2026-04-10T08:15:00+02:00,0.0
2026-04-10T08:30:00+02:00,0.16303
2026-04-10T08:45:00+02:00,0.83697
2026-04-10T09:00:00+02:00,0.0
2026-04-10T09:15:00+02:00,0.0
2026-04-10T09:30:00+02:00,0.0
2026-04-10T09:45:00+02:00,0.0
2026-04-10T10:00:00+02:00,0.0
2026-04-10T10:15:00+02:00,0.0
2026-04-10T10:30:00+02:00,0.0
2026-04-10T10:45:00+02:00,0.0
2026-04-10T11:00:00+02:00,0.0
2026-04-10T11:15:00+02:00,1.0
2026-04-10T11:30:00+02:00,0.0
2026-04-10T11:45:00+02:00,0.0
2026-04-10T12:00:00+02:00,0.0
2026-04-10T12:15:00+02:00,0.0
2026-04-10T12:30:00+02:00,0.0
2026-04-10T12:45:00+02:00,0.0
2026-04-10T13:00:00+02:00,0.0
2026-04-10T13:15:00+02:00,0.0
2026-04-10T13:30:00+02:00,0.0
2026-04-10T13:45:00+02:00,0.0
2026-04-10T14:00:00+02:00,0.507961
2026-04-10T14:15:00+02:00,0.492039
2026-04-10T14:30:00+02:00,0.0
2026-04-10T14:45:00+02:00,0.0
2026-04-10T15:00:00+02:00,0.0
2026-04-10T15:15:00+02:00,0.0
2026-04-10T15:30:00+02:00,0.0
2026-04-10T15:45:00+02:00,0.0
2026-04-10T16:00:00+02:00,0.0
2026-04-10T16:15:00+02:00,0.0
2026-04-10T16:30:00+02:00,0.0
2026-04-10T16:45:00+02:00,0.0
2026-04-10T17:00:00+02:00,0.0
2026-04-10T17:15:00+02:00,0.0
2026-04-10T17:30:00+02:00,0.0
2026-04-10T17:45:00+02:00,0.0
2026-04-10T18:00:00+02:00,0.0
2026-04-10T18:15:00+02:00,0.0
2026-04-10T18:30:00+02:00,0.0
2026-04-10T18:45:00+02:00,0.0
2026-04-10T19:00:00+02:00,0.0
2026-04-10T19:15:00+02:00,0.017857
2026-04-10T19:30:00+02:00,0.982143
2026-04-10T19:45:00+02:00,0.0
2026-04-10T20:00:00+02:00,0.0
2026-04-10T20:15:00+02:00,0.0
2026-04-10T20:30:00+02:00,0.0
2026-04-10T20:45:00+02:00,0.0
2026-04-10T21:00:00+02:00,0.0
2026-04-10T21:15:00+02:00,0.0
2026-04-10T21:30:00+02:00,0.0
2026-04-10T21:45:00+02:00,0.0
2026-04-10T22:00:00+02:00,0.0
2026-04-10T22:15:00+02:00,0.0
2026-04-10T22:30:00+02:00,0.0
2026-04-10T22:45:00+02:00,0.0
2026-04-10T23:00:00+02:00,0.0
2026-04-10T23:15:00+02:00,0.0
2026-04-10T23:30:00+02:00,0.0
2026-04-10T23:45:00+02:00,0.0
2026-04-11T00:00:00+02:00,0.0
2026-04-11T00:15:00+02:00,0.0
2026-04-11T00:30:00+02:00,0.510897
2026-04-11T00:45:00+02:00,0.489103
2026-04-11T01:00:00+02:00,0.0
2026-04-11T01:15:00+02:00,0.0
2026-04-11T01:30:00+02:00,0.0
2026-04-11T01:45:00+02:00,0.0
2026-04-11T02:00:00+02:00,0.0
2026-04-11T02:15:00+02:00,0.0
2026-04-11T02:30:00+02:00,0.0
2026-04-11T02:45:00+02:00,0.0
2026-04-11T03:00:00+02:00,0.0
2026-04-11T03:15:00+02:00,0.0
2026-04-11T03:30:00+02:00,0.0
2026-04-11T03:45:00+02:00,0.0
2026-04-11T04:00:00+02:00,0.0
2026-04-11T04:15:00+02:00,0.0
2026-04-11T04:30:00+02:00,0.0
2026-04-11T04:45:00+02:00,0.0
2026-04-11T05:00:00+02:00,0.0
2026-04-11T05:15:00+02:00,0.0
2026-04-11T05:30:00+02:00,0.0
2026-04-11T05:45:00+02:00,0.106061
2026-04-11T06:00:00+02:00,0.681818
2026-04-11T06:15:00+02:00,0.212121
2026-04-11T06:30:00+02:00,0.0
2026-04-11T06:45:00+02:00,0.0
2026-04-11T07:00:00+02:00,0.0
2026-04-11T07:15:00+02:00,0.0
2026-04-11T07:30:00+02:00,0.0
2026-04-11T07:45:00+02:00,0.0
2026-04-11T08:00:00+02:00,0.0
2026-04-11T08:15:00+02:00,0.0
2026-04-11T08:30:00+02:00,0.0
2026-04-11T08:45:00+02:00,0.0
2026-04-11T09:00:00+02:00,0.0
2026-04-11T09:15:00+02:00,0.0
2026-04-11T09:30:00+02:00,0.0
2026-04-11T09:45:00+02:00,0.0
2026-04-11T10:00:00+02:00,0.0
2026-04-11T10:15:00+02:00,0.0
2026-04-11T10:30:00+02:00,0.0
2026-04-11T10:45:00+02:00,0.177315
2026-04-11T11:00:00+02:00,0.416667
2026-04-11T11:15:00+02:00,0.406019
2026-04-11T11:30:00+02:00,0.0
2026-04-11T11:45:00+02:00,0.0
2026-04-11T12:00:00+02:00,0.0
2026-04-11T12:15:00+02:00,0.0
2026-04-11T12:30:00+02:00,0.0
2026-04-11T12:45:00+02:00,0.0
2026-04-11T13:00:00+02:00,0.0
2026-04-11T13:15:00+02:00,0.0
2026-04-11T13:30:00+02:00,0.0
2026-04-11T13:45:00+02:00,0.0
2026-04-11T14:00:00+02:00,0.0
2026-04-11T14:15:00+02:00,0.0
2026-04-11T14:30:00+02:00,0.0
2026-04-11T14:45:00+02:00,0.0
2026-04-11T15:00:00+02:00,0.0
2026-04-11T15:15:00+02:00,0.0
2026-04-11T15:30:00+02:00,0.0
2026-04-11T15:45:00+02:00,0.0
2026-04-11T16:00:00+02:00,0.0
2026-04-11T16:15:00+02:00,0.0
2026-04-11T16:30:00+02:00,0.0
2026-04-11T16:45:00+02:00,0.0
2026-04-11T17:00:00+02:00,0.151782
2026-04-11T17:15:00+02:00,0.416474
2026-04-11T17:30:00+02:00,0.416474
2026-04-11T17:45:00+02:00,0.015271
2026-04-11T18:00:00+02:00,0.0
2026-04-11T18:15:00+02:00,0.0
2026-04-11T18:30:00+02:00,0.0
2026-04-11T18:45:00+02:00,0.0
2026-04-11T19:00:00+02:00,0.0
2026-04-11T19:15:00+02:00,0.0
2026-04-11T19:30:00+02:00,0.0
2026-04-11T19:45:00+02:00,0.0
2026-04-11T20:00:00+02:00,0.0
2026-04-11T20:15:00+02:00,0.0
2026-04-11T20:30:00+02:00,0.0
2026-04-11T20:45:00+02:00,0.0
2026-04-11T21:00:00+02:00,0.0
2026-04-11T21:15:00+02:00,0.0
2026-04-11T21:30:00+02:00,0.0
2026-04-11T21:45:00+02:00,0.0
2026-04-11T22:00:00+02:00,0.0
2026-04-11T22:15:00+02:00,0.0
2026-04-11T22:30:00+02:00,0.0
2026-04-11T22:45:00+02:00,0.0
2026-04-11T23:00:00+02:00,0.0
2026-04-11T23:15:00+02:00,0.0
2026-04-11T23:30:00+02:00,0.0
2026-04-11T23:45:00+02:00,0.072337
2026-04-12T00:00:00+02:00,0.715421
2026-04-12T00:15:00+02:00,0.212242
2026-04-12T00:30:00+02:00,0.0
2026-04-12T00:45:00+02:00,0.0
2026-04-12T01:00:00+02:00,0.0
2026-04-12T01:15:00+02:00,0.0
2026-04-12T01:30:00+02:00,0.0
2026-04-12T01:45:00+02:00,0.0
2026-04-12T02:00:00+02:00,0.0
2026-04-12T02:15:00+02:00,0.0
2026-04-12T02:30:00+02:00,0.0
2026-04-12T02:45:00+02:00,0.0
2026-04-12T03:00:00+02:00,0.0
2026-04-12T03:15:00+02:00,0.0
2026-04-12T03:30:00+02:00,0.0
2026-04-12T03:45:00+02:00,0.0
2026-04-12T04:00:00+02:00,0.0
2026-04-12T04:15:00+02:00,0.0
2026-04-12T04:30:00+02:00,0.0
2026-04-12T04:45:00+02:00,0.0
2026-04-12T05:00:00+02:00,0.502551
2026-04-12T05:15:00+02:00,0.497449
2026-04-12T05:30:00+02:00,0.0
2026-04-12T05:45:00+02:00,0.0
2026-04-12T06:00:00+02:00,0.0
2026-04-12T06:15:00+02:00,0.0
2026-04-12T06:30:00+02:00,0.0
2026-04-12T06:45:00+02:00,0.0
2026-04-12T07:00:00+02:00,0.0
2026-04-12T07:15:00+02:00,0.0
2026-04-12T07:30:00+02:00,0.0
2026-04-12T07:45:00+02:00,0.0
2026-04-12T08:00:00+02:00,0.0
2026-04-12T08:15:00+02:00,0.0
2026-04-12T08:30:00+02:00,0.0
2026-04-12T08:45:00+02:00,0.0
2026-04-12T09:00:00+02:00,0.0
2026-04-12T09:15:00+02:00,0.0
2026-04-12T09:30:00+02:00,0.0
2026-04-12T09:45:00+02:00,0.0
2026-04-12T10:00:00+02:00,0.0
2026-04-12T10:15:00+02:00,0.0
2026-04-12T10:30:00+02:00,0.300986
2026-04-12T10:45:00+02:00,0.682335
2026-04-12T11:00:00+02:00,0.016679
2026-04-12T11:15:00+02:00,0.0
2026-04-12T11:30:00+02:00,0.0
2026-04-12T11:45:00+02:00,0.0
2026-04-12T12:00:00+02:00,0.0
2026-04-12T12:15:00+02:00,0.0
2026-04-12T12:30:00+02:00,0.0
2026-04-12T12:45:00+02:00,0.0
2026-04-12T13:00:00+02:00,0.0
2026-04-12T13:15:00+02:00,0.0
2026-04-12T13:30:00+02:00,0.0
2026-04-12T13:45:00+02:00,0.0
2026-04-12T14:00:00+02:00,0.0
2026-04-12T14:15:00+02:00,0.0
2026-04-12T14:30:00+02:00,0.0
2026-04-12T14:45:00+02:00,0.0
2026-04-12T15:00:00+02:00,0.0
2026-04-12T15:15:00+02:00,0.0
2026-04-12T15:30:00+02:00,0.0
2026-04-12T15:45:00+02:00,0.0
2026-04-12T16:00:00+02:00,0.334167
2026-04-12T16:15:00+02:00,0.665833
2026-04-12T16:30:00+02:00,0.0
2026-04-12T16:45:00+02:00,0.0
2026-04-12T17:00:00+02:00,0.0
2026-04-12T17:15:00+02:00,0.0
2026-04-12T17:30:00+02:00,0.0
2026-04-12T17:45:00+02:00,0.0
2026-04-12T18:00:00+02:00,0.0
2026-04-12T18:15:00+02:00,0.0
2026-04-12T18:30:00+02:00,0.0
2026-04-12T18:45:00+02:00,0.0
2026-04-12T19:00:00+02:00,0.0
2026-04-12T19:15:00+02:00,0.0
2026-04-12T19:30:00+02:00,0.0
2026-04-12T19:45:00+02:00,0.0
2026-04-12T20:00:00+02:00,0.0
2026-04-12T20:15:00+02:00,0.0
2026-04-12T20:30:00+02:00,0.0
2026-04-12T20:45:00+02:00,0.0
2026-04-12T21:00:00+02:00,0.0
2026-04-12T21:15:00+02:00,0.0
2026-04-12T21:30:00+02:00,0.510723
2026-04-12T21:45:00+02:00,0.489277
2026-04-12T22:00:00+02:00,0.0
2026-04-12T22:15:00+02:00,0.0
2026-04-12T22:30:00+02:00,0.0
2026-04-12T22:45:00+02:00,0.0
2026-04-12T23:00:00+02:00,0.0
2026-04-12T23:15:00+02:00,0.0
2026-04-12T23:30:00+02:00,0.0
2026-04-12T23:45:00+02:00,0.0
2026-04-13T00:00:00+02:00,0.0
2026-04-13T00:15:00+02:00,0.0
2026-04-13T00:30:00+02:00,0.0
2026-04-13T00:45:00+02:00,0.0
2026-04-13T01:00:00+02:00,0.0
2026-04-13T01:15:00+02:00,0.0
2026-04-13T01:30:00+02:00,0.0
2026-04-13T01:45:00+02:00,0.0
2026-04-13T02:00:00+02:00,0.0
2026-04-13T02:15:00+02:00,0.0
2026-04-13T02:30:00+02:00,0.0
2026-04-13T02:45:00+02:00,0.511674
2026-04-13T03:00:00+02:00,0.488326
2026-04-13T03:15:00+02:00,0.0
2026-04-13T03:30:00+02:00,0.0
2026-04-13T03:45:00+02:00,0.0
2026-04-13T04:00:00+02:00,0.0
2026-04-13T04:15:00+02:00,0.0
2026-04-13T04:30:00+02:00,0.0
2026-04-13T04:45:00+02:00,0.0
2026-04-13T05:00:00+02:00,0.0
2026-04-13T05:15:00+02:00,0.0
2026-04-13T05:30:00+02:00,0.0
2026-04-13T05:45:00+02:00,0.062821
2026-04-13T06:00:00+02:00,4.472744
2026-04-13T06:15:00+02:00,18.728586
2026-04-13T06:30:00+02:00,18.737937
2026-04-13T06:45:00+02:00,18.899023
2026-04-13T07:00:00+02:00,18.869722
2026-04-13T07:15:00+02:00,20.114363
2026-04-13T07:30:00+02:00,19.930317
2026-04-13T07:45:00+02:00,20.014712
2026-04-13T08:00:00+02:00,19.760683
2026-04-13T08:15:00+02:00,20.165098
2026-04-13T08:30:00+02:00,14.347179
2026-04-13T08:45:00+02:00,2.896813
2026-04-13T09:00:00+02:00,4.69783
2026-04-13T09:15:00+02:00,15.135504
2026-04-13T09:30:00+02:00,14.714225
2026-04-13T09:45:00+02:00,13.941008
2026-04-13T10:00:00+02:00,12.900416
2026-04-13T10:15:00+02:00,14.218711
2026-04-13T10:30:00+02:00,13.501422
2026-04-13T10:45:00+02:00,13.741242
2026-04-13T11:00:00+02:00,12.96328
2026-04-13T11:15:00+02:00,12.966364
2026-04-13T11:30:00+02:00,13.353333
2026-04-13T11:45:00+02:00,12.595238
2026-04-13T12:00:00+02:00,13.138095
2026-04-13T12:15:00+02:00,11.2625
2026-04-13T12:30:00+02:00,4.870833
2026-04-13T12:45:00+02:00,0.0
2026-04-13T13:00:00+02:00,15.825
2026-04-13T13:15:00+02:00,22.497245
2026-04-13T13:30:00+02:00,23.171872
2026-04-13T13:45:00+02:00,24.039216
2026-04-13T14:00:00+02:00,23.70078
2026-04-13T14:15:00+02:00,23.77422
2026-04-13T14:30:00+02:00,23.896916
2026-04-13T14:45:00+02:00,23.484687
2026-04-13T15:00:00+02:00,22.582336
2026-04-13T15:15:00+02:00,17.530111
2026-04-13T15:30:00+02:00,11.446741
2026-04-13T15:45:00+02:00,34.442724
2026-04-13T16:00:00+02:00,21.981285
2026-04-13T16:15:00+02:00,22.498141
2026-04-13T16:30:00+02:00,22.274621
2026-04-13T16:45:00+02:00,23.06831
2026-04-13T17:00:00+02:00,10.427303
2026-04-13T17:15:00+02:00,2.261226
2026-04-13T17:30:00+02:00,1.980147
2026-04-13T17:45:00+02:00,2.027027
2026-04-13T18:00:00+02:00,9.983202
2026-04-13T18:15:00+02:00,18.240668
2026-04-13T18:30:00+02:00,17.07468
2026-04-13T18:45:00+02:00,17.406925
2026-04-13T19:00:00+02:00,16.313634
2026-04-13T19:15:00+02:00,18.118952
2026-04-13T19:30:00+02:00,16.756657
2026-04-13T19:45:00+02:00,17.639123
2026-04-13T20:00:00+02:00,14.18384
2026-04-13T20:15:00+02:00,13.188479
2026-04-13T20:30:00+02:00,8.459038
2026-04-13T20:45:00+02:00,4.283674
2026-04-13T21:00:00+02:00,6.127106
2026-04-13T21:15:00+02:00,14.264231
2026-04-13T21:30:00+02:00,13.891548
2026-04-13T21:45:00+02:00,14.136703
2026-04-13T22:00:00+02:00,14.275045
2026-04-13T22:15:00+02:00,10.044566
2026-04-13T22:30:00+02:00,4.545455
2026-04-13T22:45:00+02:00,4.545455
2026-04-13T23:00:00+02:00,13.861111
2026-04-13T23:15:00+02:00,15.718134
2026-04-13T23:30:00+02:00,15.679644
2026-04-13T23:45:00+02:00,16.946817
2026-04-14T00:00:00+02:00,15.402835
2026-04-14T00:15:00+02:00,14.985904
2026-04-14T00:30:00+02:00,16.031642
2026-04-14T00:45:00+02:00,14.549829
2026-04-14T01:00:00+02:00,13.720196
2026-04-14T01:15:00+02:00,14.999444
2026-04-14T01:30:00+02:00,15.717401
2026-04-14T01:45:00+02:00,16.098016
2026-04-14T02:00:00+02:00,16.627411
2026-04-14T02:15:00+02:00,16.888112
2026-04-14T02:30:00+02:00,16.545032
2026-04-14T02:45:00+02:00,16.045139
2026-04-14T03:00:00+02:00,17.231111
2026-04-14T03:15:00+02:00,12.564615
2026-04-14T03:30:00+02:00,0.998718
2026-04-14T03:45:00+02:00,0.0
2026-04-14T04:00:00+02:00,1.251739
2026-04-14T04:15:00+02:00,3.340147
2026-04-14T04:30:00+02:00,6.422366
2026-04-14T04:45:00+02:00,6.20314
2026-04-14T05:00:00+02:00,6.053724
2026-04-14T05:15:00+02:00,5.976574
2026-04-14T05:30:00+02:00,6.218977
2026-04-14T05:45:00+02:00,6.54617
2026-04-14T06:00:00+02:00,5.918981
2026-04-14T06:15:00+02:00,5.590194
2026-04-14T06:30:00+02:00,7.161321
2026-04-14T06:45:00+02:00,6.157576
2026-04-14T07:00:00+02:00,6.515588
2026-04-14T07:15:00+02:00,6.254343
2026-04-14T07:30:00+02:00,6.21544
2026-04-14T07:45:00+02:00,6.327708
2026-04-14T08:00:00+02:00,6.453154
2026-04-14T08:15:00+02:00,6.420584
2026-04-14T08:30:00+02:00,5.678593
2026-04-14T08:45:00+02:00,5.947526
2026-04-14T09:00:00+02:00,6.628898
2026-04-14T09:15:00+02:00,6.090169
2026-04-14T09:30:00+02:00,6.13158
2026-04-14T09:45:00+02:00,6.254128
2026-04-14T10:00:00+02:00,4.879455
2026-04-14T10:15:00+02:00,0.413594
2026-04-14T10:30:00+02:00,0.715421
2026-04-14T10:45:00+02:00,15.754166
2026-04-14T11:00:00+02:00,24.563358
2026-04-14T11:15:00+02:00,13.915385
2026-04-14T11:30:00+02:00,0.701665
2026-04-14T11:45:00+02:00,0.952899
2026-04-14T12:00:00+02:00,0.345437
2026-04-14T12:15:00+02:00,17.65
2026-04-14T12:30:00+02:00,22.982777
2026-04-14T12:45:00+02:00,19.726155
2026-04-14T13:00:00+02:00,26.816068
2026-04-14T13:15:00+02:00,24.465103
2026-04-14T13:30:00+02:00,24.017356
2026-04-14T13:45:00+02:00,24.476046
2026-04-14T14:00:00+02:00,18.688348
2026-04-14T14:15:00+02:00,27.911481
2026-04-14T14:30:00+02:00,25.48
2026-04-14T14:45:00+02:00,24.675556
2026-04-14T15:00:00+02:00,24.718091
2026-04-14T15:15:00+02:00,24.775495
2026-04-14T15:30:00+02:00,23.564574
2026-04-14T15:45:00+02:00,23.189521
2026-04-14T16:00:00+02:00,23.026763
2026-04-14T16:15:00+02:00,23.586667
2026-04-14T16:30:00+02:00,22.519311
2026-04-14T16:45:00+02:00,22.676143
2026-04-14T17:00:00+02:00,14.577708
2026-04-14T17:15:00+02:00,11.117974
2026-04-14T17:30:00+02:00,42.608863
2026-04-14T17:45:00+02:00,22.858333
2026-04-14T18:00:00+02:00,22.986905
2026-04-14T18:15:00+02:00,23.31765
2026-04-14T18:30:00+02:00,21.46232
2026-04-14T18:45:00+02:00,6.867606
2026-04-14T19:00:00+02:00,9.277186
2026-04-14T19:15:00+02:00,1.628649
2026-04-14T19:30:00+02:00,2.275036
2026-04-14T19:45:00+02:00,10.003589
2026-04-14T20:00:00+02:00,15.26938
2026-04-14T20:15:00+02:00,15.020014
2026-04-14T20:30:00+02:00,14.955891
2026-04-14T20:45:00+02:00,14.034094
2026-04-14T21:00:00+02:00,14.880603
2026-04-14T21:15:00+02:00,14.339909
2026-04-14T21:30:00+02:00,14.772838
2026-04-14T21:45:00+02:00,14.84038
2026-04-14T22:00:00+02:00,14.190674
2026-04-14T22:15:00+02:00,13.170194
2026-04-14T22:30:00+02:00,0.598753
2026-04-14T22:45:00+02:00,2.103064
2026-04-14T23:00:00+02:00,14.130269
2026-04-14T23:15:00+02:00,14.999032
2026-04-14T23:30:00+02:00,14.984302
2026-04-14T23:45:00+02:00,15.05
2026-04-15T00:00:00+02:00,14.957471
2026-04-15T00:15:00+02:00,14.193607
2026-04-15T00:30:00+02:00,14.826514
2026-04-15T00:45:00+02:00,15.896385
2026-04-15T01:00:00+02:00,15.07654
2026-04-15T01:15:00+02:00,15.034713
2026-04-15T01:30:00+02:00,15.01477
2026-04-15T01:45:00+02:00,14.985276
2026-04-15T02:00:00+02:00,14.585028
2026-04-15T02:15:00+02:00,14.41303
2026-04-15T02:30:00+02:00,15.01228
2026-04-15T02:45:00+02:00,5.713948
2026-04-15T03:00:00+02:00,1.378026
2026-04-15T03:15:00+02:00,0.645746
2026-04-15T03:30:00+02:00,9.980333
2026-04-15T03:45:00+02:00,13.245798
2026-04-15T04:00:00+02:00,13.382565
2026-04-15T04:15:00+02:00,13.048447
2026-04-15T04:30:00+02:00,10.232275
2026-04-15T04:45:00+02:00,14.277621
2026-04-15T05:00:00+02:00,6.084943
2026-04-15T05:15:00+02:00,0.713154
2026-04-15T05:30:00+02:00,9.156204
2026-04-15T05:45:00+02:00,18.482828
2026-04-15T06:00:00+02:00,18.597024
2026-04-15T06:15:00+02:00,18.414002
2026-04-15T06:30:00+02:00,18.780641
2026-04-15T06:45:00+02:00,18.989881
2026-04-15T07:00:00+02:00,18.284189
2026-04-15T07:15:00+02:00,18.36343
2026-04-15T07:30:00+02:00,18.348485
2026-04-15T07:45:00+02:00,18.982007
2026-04-15T08:00:00+02:00,19.311932
2026-04-15T08:15:00+02:00,18.960858
2026-04-15T08:30:00+02:00,19.476355
2026-04-15T08:45:00+02:00,11.457029
2026-04-15T09:00:00+02:00,26.864511
2026-04-15T09:15:00+02:00,19.884638
2026-04-15T09:30:00+02:00,18.70228
2026-04-15T09:45:00+02:00,19.513187
2026-04-15T10:00:00+02:00,20.135018
2026-04-15T10:15:00+02:00,18.1637
2026-04-15T10:30:00+02:00,4.166667
2026-04-15T10:45:00+02:00,1.0
2026-04-15T11:00:00+02:00,1.621622
2026-04-15T11:15:00+02:00,21.515542
2026-04-15T11:30:00+02:00,24.780769
2026-04-15T11:45:00+02:00,23.17972
2026-04-15T12:00:00+02:00,23.490975
2026-04-15T12:15:00+02:00,23.851649
2026-04-15T12:30:00+02:00,24.060479
2026-04-15T12:45:00+02:00,17.718136
2026-04-15T13:00:00+02:00,10.650801
2026-04-15T13:15:00+02:00,10.650801
2026-04-15T13:30:00+02:00,10.650801
2026-04-15T13:45:00+02:00,10.650801
2026-04-15T14:00:00+02:00,10.650801
2026-04-15T14:15:00+02:00,10.650801
2026-04-15T14:30:00+02:00,10.650801
2026-04-15T14:45:00+02:00,10.650801
2026-04-15T15:00:00+02:00,10.650801
2026-04-15T15:15:00+02:00,10.650801
2026-04-15T15:30:00+02:00,10.650801
2026-04-15T15:45:00+02:00,10.650801
2026-04-15T16:00:00+02:00,10.650801
2026-04-15T16:15:00+02:00,10.650801
2026-04-15T16:30:00+02:00,10.650801
2026-04-15T16:45:00+02:00,10.650801
2026-04-15T17:00:00+02:00,10.650801
2026-04-15T17:15:00+02:00,10.650801
2026-04-15T17:30:00+02:00,10.650801
2026-04-15T17:45:00+02:00,10.650801
2026-04-15T18:00:00+02:00,10.650801
2026-04-15T18:15:00+02:00,10.650801
2026-04-15T18:30:00+02:00,10.650801
2026-04-15T18:45:00+02:00,10.650801
2026-04-15T19:00:00+02:00,10.650801
2026-04-15T19:15:00+02:00,10.650801
2026-04-15T19:30:00+02:00,10.650801
2026-04-15T19:45:00+02:00,10.650801
2026-04-15T20:00:00+02:00,10.650801
2026-04-15T20:15:00+02:00,10.650801
2026-04-15T20:30:00+02:00,10.650801
2026-04-15T20:45:00+02:00,10.650801
2026-04-15T21:00:00+02:00,10.650801
2026-04-15T21:15:00+02:00,10.650801
2026-04-15T21:30:00+02:00,10.650801
2026-04-15T21:45:00+02:00,10.650801
2026-04-15T22:00:00+02:00,10.650801
2026-04-15T22:15:00+02:00,10.650801
2026-04-15T22:30:00+02:00,10.650801
2026-04-15T22:45:00+02:00,10.650801
2026-04-15T23:00:00+02:00,10.650801
2026-04-15T23:15:00+02:00,10.650801
2026-04-15T23:30:00+02:00,10.650801
2026-04-15T23:45:00+02:00,10.650801
2026-04-16T00:00:00+02:00,10.650801
2026-04-16T00:15:00+02:00,10.650801
2026-04-16T00:30:00+02:00,10.650801
2026-04-16T00:45:00+02:00,10.650801
2026-04-16T01:00:00+02:00,10.650801
2026-04-16T01:15:00+02:00,10.650801
2026-04-16T01:30:00+02:00,10.650801
2026-04-16T01:45:00+02:00,10.650801
2026-04-16T02:00:00+02:00,10.650801
2026-04-16T02:15:00+02:00,10.650801
2026-04-16T02:30:00+02:00,10.650801
2026-04-16T02:45:00+02:00,10.650801
2026-04-16T03:00:00+02:00,10.650801
2026-04-16T03:15:00+02:00,10.650801
2026-04-16T03:30:00+02:00,10.650801
2026-04-16T03:45:00+02:00,10.650801
2026-04-16T04:00:00+02:00,10.650801
2026-04-16T04:15:00+02:00,10.650801
2026-04-16T04:30:00+02:00,10.650801
2026-04-16T04:45:00+02:00,10.650801
2026-04-16T05:00:00+02:00,10.650801
2026-04-16T05:15:00+02:00,10.650801
2026-04-16T05:30:00+02:00,10.650801
2026-04-16T05:45:00+02:00,10.650801
2026-04-16T06:00:00+02:00,10.650801
2026-04-16T06:15:00+02:00,10.650801
2026-04-16T06:30:00+02:00,10.650801
2026-04-16T06:45:00+02:00,10.650801
2026-04-16T07:00:00+02:00,10.650801
2026-04-16T07:15:00+02:00,10.650801
2026-04-16T07:30:00+02:00,10.650801
2026-04-16T07:45:00+02:00,10.650801
2026-04-16T08:00:00+02:00,10.650801
2026-04-16T08:15:00+02:00,10.650801
2026-04-16T08:30:00+02:00,10.650801
2026-04-16T08:45:00+02:00,10.650801
2026-04-16T09:00:00+02:00,10.650801
2026-04-16T09:15:00+02:00,10.650801
2026-04-16T09:30:00+02:00,10.650801
2026-04-16T09:45:00+02:00,10.650801
2026-04-16T10:00:00+02:00,10.650801
2026-04-16T10:15:00+02:00,10.650801
2026-04-16T10:30:00+02:00,10.650801
2026-04-16T10:45:00+02:00,10.650801
2026-04-16T11:00:00+02:00,10.650801
2026-04-16T11:15:00+02:00,10.650801
2026-04-16T11:30:00+02:00,10.650801
2026-04-16T11:45:00+02:00,10.650801
2026-04-16T12:00:00+02:00,10.650801
2026-04-16T12:15:00+02:00,10.650801
2026-04-16T12:30:00+02:00,10.650801
2026-04-16T12:45:00+02:00,10.650801
2026-04-16T13:00:00+02:00,10.650801
2026-04-16T13:15:00+02:00,10.650801
2026-04-16T13:30:00+02:00,10.650801
2026-04-16T13:45:00+02:00,10.650801
2026-04-16T14:00:00+02:00,10.650801
2026-04-16T14:15:00+02:00,10.650801
2026-04-16T14:30:00+02:00,10.650801
2026-04-16T14:45:00+02:00,10.650801
2026-04-16T15:00:00+02:00,10.650801
2026-04-16T15:15:00+02:00,10.650801
2026-04-16T15:30:00+02:00,10.650801
2026-04-16T15:45:00+02:00,10.650801
2026-04-16T16:00:00+02:00,10.650801
2026-04-16T16:15:00+02:00,10.650801
2026-04-16T16:30:00+02:00,10.650801
2026-04-16T16:45:00+02:00,10.650801
2026-04-16T17:00:00+02:00,10.650801
2026-04-16T17:15:00+02:00,10.650801
2026-04-16T17:30:00+02:00,10.650801
2026-04-16T17:45:00+02:00,10.650801
2026-04-16T18:00:00+02:00,10.650801
2026-04-16T18:15:00+02:00,10.650801
2026-04-16T18:30:00+02:00,10.650801
2026-04-16T18:45:00+02:00,10.650801
2026-04-16T19:00:00+02:00,10.650801
2026-04-16T19:15:00+02:00,10.650801
2026-04-16T19:30:00+02:00,10.650801
2026-04-16T19:45:00+02:00,10.650801
2026-04-16T20:00:00+02:00,10.650801
2026-04-16T20:15:00+02:00,10.650801
2026-04-16T20:30:00+02:00,10.650801
2026-04-16T20:45:00+02:00,10.650801
2026-04-16T21:00:00+02:00,10.650801
2026-04-16T21:15:00+02:00,10.650801
2026-04-16T21:30:00+02:00,10.650801
2026-04-16T21:45:00+02:00,10.650801
2026-04-16T22:00:00+02:00,10.650801
2026-04-16T22:15:00+02:00,10.650801
2026-04-16T22:30:00+02:00,10.650801
2026-04-16T22:45:00+02:00,10.650801
2026-04-16T23:00:00+02:00,10.650801
2026-04-16T23:15:00+02:00,10.650801
2026-04-16T23:30:00+02:00,10.650801
2026-04-16T23:45:00+02:00,10.650801
2026-04-17T00:00:00+02:00,10.650801
2026-04-17T00:15:00+02:00,10.650801
2026-04-17T00:30:00+02:00,10.650801
2026-04-17T00:45:00+02:00,10.650801
2026-04-17T01:00:00+02:00,10.650801
2026-04-17T01:15:00+02:00,10.650801
2026-04-17T01:30:00+02:00,10.650801
2026-04-17T01:45:00+02:00,10.650801
2026-04-17T02:00:00+02:00,10.650801
2026-04-17T02:15:00+02:00,10.650801
2026-04-17T02:30:00+02:00,10.650801
2026-04-17T02:45:00+02:00,10.650801
2026-04-17T03:00:00+02:00,10.650801
2026-04-17T03:15:00+02:00,10.650801
2026-04-17T03:30:00+02:00,10.650801
2026-04-17T03:45:00+02:00,10.650801
2026-04-17T04:00:00+02:00,10.650801
2026-04-17T04:15:00+02:00,10.650801
2026-04-17T04:30:00+02:00,10.650801
2026-04-17T04:45:00+02:00,10.650801
2026-04-17T05:00:00+02:00,10.650801
2026-04-17T05:15:00+02:00,10.650801
2026-04-17T05:30:00+02:00,10.650801
2026-04-17T05:45:00+02:00,10.650801
2026-04-17T06:00:00+02:00,10.650801
2026-04-17T06:15:00+02:00,10.650801
2026-04-17T06:30:00+02:00,10.650801
2026-04-17T06:45:00+02:00,10.650801
2026-04-17T07:00:00+02:00,10.650801
2026-04-17T07:15:00+02:00,10.650801
2026-04-17T07:30:00+02:00,10.650801
2026-04-17T07:45:00+02:00,10.650801
2026-04-17T08:00:00+02:00,10.650801
2026-04-17T08:15:00+02:00,10.650801
2026-04-17T08:30:00+02:00,10.650801
2026-04-17T08:45:00+02:00,10.650801
2026-04-17T09:00:00+02:00,10.650801
2026-04-17T09:15:00+02:00,10.650801
2026-04-17T09:30:00+02:00,10.650801
2026-04-17T09:45:00+02:00,10.650801
2026-04-17T10:00:00+02:00,10.650801
2026-04-17T10:15:00+02:00,10.650801
2026-04-17T10:30:00+02:00,10.650801
2026-04-17T10:45:00+02:00,10.650801
2026-04-17T11:00:00+02:00,10.650801
2026-04-17T11:15:00+02:00,10.650801
2026-04-17T11:30:00+02:00,10.650801
2026-04-17T11:45:00+02:00,10.650801
2026-04-17T12:00:00+02:00,10.650801
2026-04-17T12:15:00+02:00,10.650801
2026-04-17T12:30:00+02:00,10.650801
2026-04-17T12:45:00+02:00,10.650801
2026-04-17T13:00:00+02:00,10.650801
2026-04-17T13:15:00+02:00,10.650801
2026-04-17T13:30:00+02:00,10.650801
2026-04-17T13:45:00+02:00,10.650801
2026-04-17T14:00:00+02:00,10.650801
2026-04-17T14:15:00+02:00,10.650801
2026-04-17T14:30:00+02:00,10.650801
2026-04-17T14:45:00+02:00,10.650801
2026-04-17T15:00:00+02:00,10.650801
2026-04-17T15:15:00+02:00,10.650801
2026-04-17T15:30:00+02:00,10.650801
2026-04-17T15:45:00+02:00,10.650801
2026-04-17T16:00:00+02:00,10.650801
2026-04-17T16:15:00+02:00,2.366845
2026-04-17T16:30:00+02:00,0.0
2026-04-17T16:45:00+02:00,0.0
2026-04-17T17:00:00+02:00,0.032934
2026-04-17T17:15:00+02:00,0.046026
2026-04-17T17:30:00+02:00,0.046026
2026-04-17T17:45:00+02:00,0.046026
2026-04-17T18:00:00+02:00,0.046026
2026-04-17T18:15:00+02:00,0.046026
2026-04-17T18:30:00+02:00,0.046026
2026-04-17T18:45:00+02:00,0.046026
2026-04-17T19:00:00+02:00,0.046026
2026-04-17T19:15:00+02:00,0.046026
2026-04-17T19:30:00+02:00,0.046026
2026-04-17T19:45:00+02:00,0.046026
2026-04-17T20:00:00+02:00,0.046026
2026-04-17T20:15:00+02:00,0.046026
2026-04-17T20:30:00+02:00,0.046026
2026-04-17T20:45:00+02:00,0.046026
2026-04-17T21:00:00+02:00,0.046026
2026-04-17T21:15:00+02:00,0.046026
2026-04-17T21:30:00+02:00,0.046026
2026-04-17T21:45:00+02:00,0.046026
2026-04-17T22:00:00+02:00,0.046026
2026-04-17T22:15:00+02:00,0.046026
2026-04-17T22:30:00+02:00,0.000511
2026-04-17T22:45:00+02:00,0.0
2026-04-17T23:00:00+02:00,0.0
2026-04-17T23:15:00+02:00,0.0
2026-04-17T23:30:00+02:00,0.0
2026-04-17T23:45:00+02:00,0.0
2026-04-18T00:00:00+02:00,0.0
2026-04-18T00:15:00+02:00,0.0
2026-04-18T00:30:00+02:00,0.0
2026-04-18T00:45:00+02:00,0.0
2026-04-18T01:00:00+02:00,0.0
2026-04-18T01:15:00+02:00,0.006097
2026-04-18T01:30:00+02:00,0.050345
2026-04-18T01:45:00+02:00,0.050345
2026-04-18T02:00:00+02:00,0.050345
2026-04-18T02:15:00+02:00,0.050345
2026-04-18T02:30:00+02:00,0.050345
2026-04-18T02:45:00+02:00,0.050345
2026-04-18T03:00:00+02:00,0.050345
2026-04-18T03:15:00+02:00,0.050345
2026-04-18T03:30:00+02:00,0.050345
2026-04-18T03:45:00+02:00,0.050345
2026-04-18T04:00:00+02:00,0.050345
2026-04-18T04:15:00+02:00,0.050345
2026-04-18T04:30:00+02:00,0.050345
2026-04-18T04:45:00+02:00,0.050345
2026-04-18T05:00:00+02:00,0.050345
2026-04-18T05:15:00+02:00,0.050345
2026-04-18T05:30:00+02:00,0.050345
2026-04-18T05:45:00+02:00,0.050345
2026-04-18T06:00:00+02:00,0.050345
2026-04-18T06:15:00+02:00,0.050345
2026-04-18T06:30:00+02:00,0.050345
2026-04-18T06:45:00+02:00,0.050345
2026-04-18T07:00:00+02:00,0.050345
2026-04-18T07:15:00+02:00,0.050345
2026-04-18T07:30:00+02:00,0.050345
2026-04-18T07:45:00+02:00,0.050345
2026-04-18T08:00:00+02:00,0.050345
2026-04-18T08:15:00+02:00,0.050345
2026-04-18T08:30:00+02:00,0.050345
2026-04-18T08:45:00+02:00,0.050345
2026-04-18T09:00:00+02:00,0.050345
2026-04-18T09:15:00+02:00,0.050345
2026-04-18T09:30:00+02:00,0.050345
2026-04-18T09:45:00+02:00,0.050345
2026-04-18T10:00:00+02:00,0.050345
2026-04-18T10:15:00+02:00,0.050345
2026-04-18T10:30:00+02:00,0.050345
2026-04-18T10:45:00+02:00,0.050345
2026-04-18T11:00:00+02:00,0.050345
2026-04-18T11:15:00+02:00,0.030431
2026-04-18T11:30:00+02:00,0.0
2026-04-18T11:45:00+02:00,0.0
2026-04-18T12:00:00+02:00,0.0
2026-04-18T12:15:00+02:00,0.0
2026-04-18T12:30:00+02:00,0.0
2026-04-18T12:45:00+02:00,0.0
2026-04-18T13:00:00+02:00,0.0
2026-04-18T13:15:00+02:00,0.005372
2026-04-18T13:30:00+02:00,0.041326
2026-04-18T13:45:00+02:00,0.041326
2026-04-18T14:00:00+02:00,0.041326
2026-04-18T14:15:00+02:00,0.041326
2026-04-18T14:30:00+02:00,0.041326
2026-04-18T14:45:00+02:00,0.041326
2026-04-18T15:00:00+02:00,0.041326
2026-04-18T15:15:00+02:00,0.041326
2026-04-18T15:30:00+02:00,0.041326
2026-04-18T15:45:00+02:00,0.041326
2026-04-18T16:00:00+02:00,0.041326
2026-04-18T16:15:00+02:00,0.041326
2026-04-18T16:30:00+02:00,0.041326
2026-04-18T16:45:00+02:00,0.041326
2026-04-18T17:00:00+02:00,0.041326
2026-04-18T17:15:00+02:00,0.041326
2026-04-18T17:30:00+02:00,0.041326
2026-04-18T17:45:00+02:00,0.041326
2026-04-18T18:00:00+02:00,0.041326
2026-04-18T18:15:00+02:00,0.041326
2026-04-18T18:30:00+02:00,0.041326
2026-04-18T18:45:00+02:00,0.041326
2026-04-18T19:00:00+02:00,0.041326
2026-04-18T19:15:00+02:00,0.041326
2026-04-18T19:30:00+02:00,0.002801
2026-04-18T19:45:00+02:00,0.0
2026-04-18T20:00:00+02:00,0.0
2026-04-18T20:15:00+02:00,0.0
2026-04-18T20:30:00+02:00,0.0
2026-04-18T20:45:00+02:00,0.0
2026-04-18T21:00:00+02:00,0.0
2026-04-18T21:15:00+02:00,0.022473
2026-04-18T21:30:00+02:00,0.047928
2026-04-18T21:45:00+02:00,0.047928
2026-04-18T22:00:00+02:00,0.047928
2026-04-18T22:15:00+02:00,0.047928
2026-04-18T22:30:00+02:00,0.047928
2026-04-18T22:45:00+02:00,0.047928
2026-04-18T23:00:00+02:00,0.047928
2026-04-18T23:15:00+02:00,0.047928
2026-04-18T23:30:00+02:00,0.047928
2026-04-18T23:45:00+02:00,0.047928
2026-04-19T00:00:00+02:00,0.047928
2026-04-19T00:15:00+02:00,0.047928
2026-04-19T00:30:00+02:00,0.047928
2026-04-19T00:45:00+02:00,0.047928
2026-04-19T01:00:00+02:00,0.047928
2026-04-19T01:15:00+02:00,0.047928
2026-04-19T01:30:00+02:00,0.047928
2026-04-19T01:45:00+02:00,0.047928
2026-04-19T02:00:00+02:00,0.047928
2026-04-19T02:15:00+02:00,0.047928
2026-04-19T02:30:00+02:00,0.018958
2026-04-19T02:45:00+02:00,0.0
2026-04-19T03:00:00+02:00,0.0
2026-04-19T03:15:00+02:00,0.0
2026-04-19T03:30:00+02:00,0.0
2026-04-19T03:45:00+02:00,0.0
2026-04-19T04:00:00+02:00,0.0
2026-04-19T04:15:00+02:00,0.0
2026-04-19T04:30:00+02:00,0.0
2026-04-19T04:45:00+02:00,0.0
2026-04-19T05:00:00+02:00,0.0
2026-04-19T05:15:00+02:00,0.0
2026-04-19T05:30:00+02:00,0.0
2026-04-19T05:45:00+02:00,0.0
2026-04-19T06:00:00+02:00,0.0
2026-04-19T06:15:00+02:00,0.0
2026-04-19T06:30:00+02:00,0.0
2026-04-19T06:45:00+02:00,0.0
2026-04-19T07:00:00+02:00,0.0
2026-04-19T07:15:00+02:00,0.0
2026-04-19T07:30:00+02:00,0.0
2026-04-19T07:45:00+02:00,0.0
2026-04-19T08:00:00+02:00,0.0
2026-04-19T08:15:00+02:00,0.0
2026-04-19T08:30:00+02:00,0.0
2026-04-19T08:45:00+02:00,0.0
2026-04-19T09:00:00+02:00,0.0
2026-04-19T09:15:00+02:00,0.0
2026-04-19T09:30:00+02:00,0.0
2026-04-19T09:45:00+02:00,0.0
2026-04-19T10:00:00+02:00,0.095036
2026-04-19T10:15:00+02:00,0.100626
2026-04-19T10:30:00+02:00,0.100626
2026-04-19T10:45:00+02:00,0.100626
2026-04-19T11:00:00+02:00,0.100626
2026-04-19T11:15:00+02:00,0.100626
2026-04-19T11:30:00+02:00,0.100626
2026-04-19T11:45:00+02:00,0.100626
2026-04-19T12:00:00+02:00,0.100626
2026-04-19T12:15:00+02:00,0.100224
2026-04-19T12:30:00+02:00,0.040339
2026-04-19T12:45:00+02:00,0.040339
2026-04-19T13:00:00+02:00,0.040339
2026-04-19T13:15:00+02:00,0.040339
2026-04-19T13:30:00+02:00,0.040339
2026-04-19T13:45:00+02:00,0.040339
2026-04-19T14:00:00+02:00,0.040339
2026-04-19T14:15:00+02:00,0.040339
2026-04-19T14:30:00+02:00,0.040339
2026-04-19T14:45:00+02:00,0.040339
2026-04-19T15:00:00+02:00,0.040339
2026-04-19T15:15:00+02:00,0.040339
2026-04-19T15:30:00+02:00,0.040339
2026-04-19T15:45:00+02:00,0.040339
2026-04-19T16:00:00+02:00,0.040339
2026-04-19T16:15:00+02:00,0.040339
2026-04-19T16:30:00+02:00,0.040339
2026-04-19T16:45:00+02:00,0.040339
2026-04-19T17:00:00+02:00,0.040339
2026-04-19T17:15:00+02:00,0.040339
2026-04-19T17:30:00+02:00,0.040339
2026-04-19T17:45:00+02:00,0.040339
2026-04-19T18:00:00+02:00,0.040339
2026-04-19T18:15:00+02:00,0.040339
2026-04-19T18:30:00+02:00,0.031599
2026-04-19T18:45:00+02:00,0.0
2026-04-19T19:00:00+02:00,0.0
2026-04-19T19:15:00+02:00,0.0
2026-04-19T19:30:00+02:00,0.0
2026-04-19T19:45:00+02:00,0.0
2026-04-19T20:00:00+02:00,0.0
2026-04-19T20:15:00+02:00,0.0
2026-04-19T20:30:00+02:00,0.0
2026-04-19T20:45:00+02:00,0.025307
2026-04-19T21:00:00+02:00,0.046012
2026-04-19T21:15:00+02:00,0.046012
2026-04-19T21:30:00+02:00,0.046012
2026-04-19T21:45:00+02:00,0.046012
2026-04-19T22:00:00+02:00,0.046012
2026-04-19T22:15:00+02:00,0.046012
2026-04-19T22:30:00+02:00,0.046012
2026-04-19T22:45:00+02:00,0.046012
2026-04-19T23:00:00+02:00,0.046012
2026-04-19T23:15:00+02:00,0.046012
2026-04-19T23:30:00+02:00,0.046012
2026-04-19T23:45:00+02:00,0.046012
2026-04-20T00:00:00+02:00,0.046012
2026-04-20T00:15:00+02:00,0.046012
2026-04-20T00:30:00+02:00,0.046012
2026-04-20T00:45:00+02:00,0.046012
2026-04-20T01:00:00+02:00,0.046012
2026-04-20T01:15:00+02:00,0.046012
2026-04-20T01:30:00+02:00,0.046012
2026-04-20T01:45:00+02:00,0.046012
2026-04-20T02:00:00+02:00,0.046012
2026-04-20T02:15:00+02:00,7.088026
2026-04-20T02:30:00+02:00,8.668886
2026-04-20T02:45:00+02:00,8.668886
2026-04-20T03:00:00+02:00,8.668886
2026-04-20T03:15:00+02:00,8.668886
2026-04-20T03:30:00+02:00,8.668886
2026-04-20T03:45:00+02:00,8.668886
2026-04-20T04:00:00+02:00,8.668886
2026-04-20T04:15:00+02:00,8.668886
2026-04-20T04:30:00+02:00,8.668886
2026-04-20T04:45:00+02:00,8.668886
2026-04-20T05:00:00+02:00,8.668886
2026-04-20T05:15:00+02:00,8.668886
2026-04-20T05:30:00+02:00,8.668886
2026-04-20T05:45:00+02:00,8.668886
2026-04-20T06:00:00+02:00,8.668886
2026-04-20T06:15:00+02:00,8.668886
2026-04-20T06:30:00+02:00,8.668886
2026-04-20T06:45:00+02:00,8.668886
2026-04-20T07:00:00+02:00,8.668886
2026-04-20T07:15:00+02:00,8.668886
2026-04-20T07:30:00+02:00,8.668886
2026-04-20T07:45:00+02:00,8.668886
2026-04-20T08:00:00+02:00,8.668886
2026-04-20T08:15:00+02:00,8.668886
2026-04-20T08:30:00+02:00,8.668886
2026-04-20T08:45:00+02:00,8.668886
2026-04-20T09:00:00+02:00,8.668886
2026-04-20T09:15:00+02:00,8.668886
2026-04-20T09:30:00+02:00,8.668886
2026-04-20T09:45:00+02:00,8.668886
2026-04-20T10:00:00+02:00,8.668886
2026-04-20T10:15:00+02:00,8.668886
2026-04-20T10:30:00+02:00,8.668886
2026-04-20T10:45:00+02:00,8.668886
2026-04-20T11:00:00+02:00,8.668886
2026-04-20T11:15:00+02:00,8.668886
2026-04-20T11:30:00+02:00,9.116792
2026-04-20T11:45:00+02:00,13.356275
2026-04-20T12:00:00+02:00,13.356275
2026-04-20T12:15:00+02:00,13.356275
2026-04-20T12:30:00+02:00,13.356275
2026-04-20T12:45:00+02:00,13.356275
2026-04-20T13:00:00+02:00,13.356275
2026-04-20T13:15:00+02:00,13.356275
2026-04-20T13:30:00+02:00,13.356275
2026-04-20T13:45:00+02:00,13.356275
2026-04-20T14:00:00+02:00,13.356275
2026-04-20T14:15:00+02:00,13.642261
2026-04-20T14:30:00+02:00,0.919464
2026-04-20T14:45:00+02:00,0.416474
2026-04-20T15:00:00+02:00,0.887109
2026-04-20T15:15:00+02:00,0.295676
2026-04-20T15:30:00+02:00,3.504644
2026-04-20T15:45:00+02:00,5.572755
2026-04-20T16:00:00+02:00,5.572755
2026-04-20T16:15:00+02:00,5.572755
2026-04-20T16:30:00+02:00,5.572755
2026-04-20T16:45:00+02:00,9.613637
2026-04-20T17:00:00+02:00,9.767442
2026-04-20T17:15:00+02:00,9.767442
2026-04-20T17:30:00+02:00,9.767442
2026-04-20T17:45:00+02:00,9.767442
2026-04-20T18:00:00+02:00,10.441812
2026-04-20T18:15:00+02:00,12.699485
2026-04-20T18:30:00+02:00,12.699485
2026-04-20T18:45:00+02:00,12.699485
2026-04-20T19:00:00+02:00,12.699485
2026-04-20T19:15:00+02:00,12.699485
2026-04-20T19:30:00+02:00,12.699485
2026-04-20T19:45:00+02:00,12.699485
2026-04-20T20:00:00+02:00,12.699485
2026-04-20T20:15:00+02:00,12.699485
2026-04-20T20:30:00+02:00,12.699485
2026-04-20T20:45:00+02:00,12.699485
2026-04-20T21:00:00+02:00,12.699485
2026-04-20T21:15:00+02:00,12.699485
2026-04-20T21:30:00+02:00,12.699485
2026-04-20T21:45:00+02:00,12.699485
2026-04-20T22:00:00+02:00,12.699485
2026-04-20T22:15:00+02:00,12.699485
2026-04-20T22:30:00+02:00,12.699485
2026-04-20T22:45:00+02:00,12.699485
2026-04-20T23:00:00+02:00,12.699485
2026-04-20T23:15:00+02:00,12.699485
2026-04-20T23:30:00+02:00,12.699485
2026-04-20T23:45:00+02:00,12.699485
2026-04-21T00:00:00+02:00,12.699485
2026-04-21T00:15:00+02:00,12.699485
2026-04-21T00:30:00+02:00,12.699485
2026-04-21T00:45:00+02:00,12.699485
2026-04-21T01:00:00+02:00,12.699485
2026-04-21T01:15:00+02:00,12.699485
2026-04-21T01:30:00+02:00,12.699485
2026-04-21T01:45:00+02:00,12.699485
2026-04-21T02:00:00+02:00,12.263376
2026-04-21T02:15:00+02:00,12.249372
2026-04-21T02:30:00+02:00,12.249372
2026-04-21T02:45:00+02:00,12.249372
2026-04-21T03:00:00+02:00,12.249372
2026-04-21T03:15:00+02:00,12.249372
2026-04-21T03:30:00+02:00,12.249372
2026-04-21T03:45:00+02:00,12.249372
2026-04-21T04:00:00+02:00,12.249372
2026-04-21T04:15:00+02:00,12.249372
2026-04-21T04:30:00+02:00,12.249372
2026-04-21T04:45:00+02:00,12.249372
2026-04-21T05:00:00+02:00,12.249372
2026-04-21T05:15:00+02:00,12.249372
2026-04-21T05:30:00+02:00,12.249372
2026-04-21T05:45:00+02:00,12.249372
2026-04-21T06:00:00+02:00,12.249372
2026-04-21T06:15:00+02:00,12.249372
2026-04-21T06:30:00+02:00,12.249372
2026-04-21T06:45:00+02:00,12.249372
2026-04-21T07:00:00+02:00,12.249372
2026-04-21T07:15:00+02:00,12.249372
2026-04-21T07:30:00+02:00,12.249372
2026-04-21T07:45:00+02:00,12.249372
2026-04-21T08:00:00+02:00,9.652646
2026-04-21T08:15:00+02:00,8.199019
2026-04-21T08:30:00+02:00,8.199019
2026-04-21T08:45:00+02:00,8.199019
2026-04-21T09:00:00+02:00,8.199019
2026-04-21T09:15:00+02:00,8.199019
2026-04-21T09:30:00+02:00,8.199019
2026-04-21T09:45:00+02:00,8.199019
2026-04-21T10:00:00+02:00,8.199019
2026-04-21T10:15:00+02:00,8.199019
2026-04-21T10:30:00+02:00,8.199019
2026-04-21T10:45:00+02:00,8.199019
2026-04-21T11:00:00+02:00,8.199019
2026-04-21T11:15:00+02:00,8.199019
2026-04-21T11:30:00+02:00,8.199019
2026-04-21T11:45:00+02:00,8.199019
2026-04-21T12:00:00+02:00,8.199019
2026-04-21T12:15:00+02:00,8.199019
2026-04-21T12:30:00+02:00,8.199019
2026-04-21T12:45:00+02:00,8.199019
2026-04-21T13:00:00+02:00,8.199019
2026-04-21T13:15:00+02:00,8.199019
2026-04-21T13:30:00+02:00,7.945795
2026-04-21T13:45:00+02:00,7.627837
2026-04-21T14:00:00+02:00,7.627837
2026-04-21T14:15:00+02:00,7.627837
2026-04-21T14:30:00+02:00,7.627837
2026-04-21T14:45:00+02:00,7.627837
2026-04-21T15:00:00+02:00,7.627837
2026-04-21T15:15:00+02:00,7.627837
2026-04-21T15:30:00+02:00,7.627837
2026-04-21T15:45:00+02:00,7.627837
2026-04-21T16:00:00+02:00,7.627837
2026-04-21T16:15:00+02:00,7.627837
2026-04-21T16:30:00+02:00,10.414684
2026-04-21T16:45:00+02:00,11.952255
2026-04-21T17:00:00+02:00,11.952255
2026-04-21T17:15:00+02:00,11.952255
2026-04-21T17:30:00+02:00,11.952255
2026-04-21T17:45:00+02:00,11.952255
2026-04-21T18:00:00+02:00,11.952255
2026-04-21T18:15:00+02:00,11.952255
2026-04-21T18:30:00+02:00,11.952255
2026-04-21T18:45:00+02:00,11.952255
2026-04-21T19:00:00+02:00,11.952255
2026-04-21T19:15:00+02:00,11.952255
2026-04-21T19:30:00+02:00,11.952255
2026-04-21T19:45:00+02:00,11.952255
2026-04-21T20:00:00+02:00,11.952255
2026-04-21T20:15:00+02:00,11.952255
2026-04-21T20:30:00+02:00,11.952255
2026-04-21T20:45:00+02:00,11.952255
2026-04-21T21:00:00+02:00,11.952255
2026-04-21T21:15:00+02:00,11.952255
2026-04-21T21:30:00+02:00,11.952255
2026-04-21T21:45:00+02:00,12.532599
2026-04-21T22:00:00+02:00,12.545115
2026-04-21T22:15:00+02:00,12.545115
2026-04-21T22:30:00+02:00,12.545115
2026-04-21T22:45:00+02:00,12.545115
2026-04-21T23:00:00+02:00,12.545115
2026-04-21T23:15:00+02:00,12.545115
2026-04-21T23:30:00+02:00,12.545115
2026-04-21T23:45:00+02:00,12.561188
2026-04-22T00:00:00+02:00,12.859592
2026-04-22T00:15:00+02:00,12.859592
2026-04-22T00:30:00+02:00,12.859592
2026-04-22T00:45:00+02:00,12.859592
2026-04-22T01:00:00+02:00,12.859592
2026-04-22T01:15:00+02:00,12.859592
2026-04-22T01:30:00+02:00,12.859592
2026-04-22T01:45:00+02:00,12.859592
2026-04-22T02:00:00+02:00,12.859592
2026-04-22T02:15:00+02:00,12.859592
2026-04-22T02:30:00+02:00,12.859592
2026-04-22T02:45:00+02:00,13.163079
2026-04-22T03:00:00+02:00,13.644471
2026-04-22T03:15:00+02:00,13.644471
2026-04-22T03:30:00+02:00,13.644471
2026-04-22T03:45:00+02:00,13.666105
2026-04-22T04:00:00+02:00,13.677812
2026-04-22T04:15:00+02:00,12.49675
2026-04-22T04:30:00+02:00,11.085238
2026-04-22T04:45:00+02:00,11.085238
2026-04-22T05:00:00+02:00,11.085238
2026-04-22T05:15:00+02:00,11.085238
2026-04-22T05:30:00+02:00,11.085238
2026-04-22T05:45:00+02:00,11.085238
2026-04-22T06:00:00+02:00,11.085238
2026-04-22T06:15:00+02:00,11.085238
2026-04-22T06:30:00+02:00,11.085238
2026-04-22T06:45:00+02:00,11.085238
2026-04-22T07:00:00+02:00,11.085238
2026-04-22T07:15:00+02:00,11.085238
2026-04-22T07:30:00+02:00,11.085238
2026-04-22T07:45:00+02:00,11.085238
2026-04-22T08:00:00+02:00,11.085238
2026-04-22T08:15:00+02:00,11.085238
2026-04-22T08:30:00+02:00,11.085238
2026-04-22T08:45:00+02:00,10.606046
2026-04-22T09:00:00+02:00,9.603201
2026-04-22T09:15:00+02:00,9.603201
2026-04-22T09:30:00+02:00,9.603201
2026-04-22T09:45:00+02:00,12.228094
2026-04-22T10:00:00+02:00,18.933079
2026-04-22T10:15:00+02:00,18.933079
2026-04-22T10:30:00+02:00,18.933079
2026-04-22T10:45:00+02:00,18.933079
2026-04-22T11:00:00+02:00,18.933079
2026-04-22T11:15:00+02:00,18.933079
2026-04-22T11:30:00+02:00,18.933079
2026-04-22T11:45:00+02:00,18.933079
2026-04-22T12:00:00+02:00,18.933079
2026-04-22T12:15:00+02:00,18.933079
2026-04-22T12:30:00+02:00,18.933079
2026-04-22T12:45:00+02:00,18.933079
2026-04-22T13:00:00+02:00,18.933079
2026-04-22T13:15:00+02:00,22.888348
2026-04-22T13:30:00+02:00,31.320014
2026-04-22T13:45:00+02:00,31.976314
2026-04-22T14:00:00+02:00,31.976314
2026-04-22T14:15:00+02:00,28.145675
2026-04-22T14:30:00+02:00,20.209845
2026-04-22T14:45:00+02:00,20.209845
2026-04-22T15:00:00+02:00,20.209845
2026-04-22T15:15:00+02:00,20.209845
2026-04-22T15:30:00+02:00,20.209845
2026-04-22T15:45:00+02:00,20.209845
2026-04-22T16:00:00+02:00,20.209845
2026-04-22T16:15:00+02:00,20.209845
2026-04-22T16:30:00+02:00,20.209845
2026-04-22T16:45:00+02:00,20.209845
2026-04-22T17:00:00+02:00,20.209845
2026-04-22T17:15:00+02:00,8.454043
2026-04-22T17:30:00+02:00,8.388368
2026-04-22T17:45:00+02:00,8.388368
2026-04-22T18:00:00+02:00,8.388368
2026-04-22T18:15:00+02:00,8.388368
2026-04-22T18:30:00+02:00,8.388368
2026-04-22T18:45:00+02:00,8.388368
2026-04-22T19:00:00+02:00,8.388368
2026-04-22T19:15:00+02:00,8.388368
2026-04-22T19:30:00+02:00,8.388368
2026-04-22T19:45:00+02:00,8.388368
2026-04-22T20:00:00+02:00,8.388368
2026-04-22T20:15:00+02:00,8.388368
2026-04-22T20:30:00+02:00,8.388368
2026-04-22T20:45:00+02:00,8.388368
2026-04-22T21:00:00+02:00,8.388368
2026-04-22T21:15:00+02:00,8.388368
2026-04-22T21:30:00+02:00,8.388368
2026-04-22T21:45:00+02:00,8.388368
2026-04-22T22:00:00+02:00,8.388368
2026-04-22T22:15:00+02:00,8.326694
2026-04-22T22:30:00+02:00,7.921929
2026-04-22T22:45:00+02:00,7.921929
2026-04-22T23:00:00+02:00,7.921929
2026-04-22T23:15:00+02:00,7.921929
2026-04-22T23:30:00+02:00,7.921929
2026-04-22T23:45:00+02:00,7.921929
2026-04-23T00:00:00+02:00,7.921929
2026-04-23T00:15:00+02:00,7.921929
2026-04-23T00:30:00+02:00,7.921929
2026-04-23T00:45:00+02:00,7.921929
2026-04-23T01:00:00+02:00,7.921929
2026-04-23T01:15:00+02:00,7.921929
2026-04-23T01:30:00+02:00,7.921929
2026-04-23T01:45:00+02:00,7.921929
2026-04-23T02:00:00+02:00,7.921929
2026-04-23T02:15:00+02:00,7.921929
2026-04-23T02:30:00+02:00,7.921929
2026-04-23T02:45:00+02:00,7.921929
2026-04-23T03:00:00+02:00,7.921929
2026-04-23T03:15:00+02:00,7.921929
2026-04-23T03:30:00+02:00,7.921929
2026-04-23T03:45:00+02:00,7.921929
2026-04-23T04:00:00+02:00,7.921929
2026-04-23T04:15:00+02:00,7.921929
2026-04-23T04:30:00+02:00,7.921929
2026-04-23T04:45:00+02:00,7.945011
2026-04-23T05:00:00+02:00,18.308779
2026-04-23T05:15:00+02:00,18.308779
2026-04-23T05:30:00+02:00,18.308779
2026-04-23T05:45:00+02:00,18.308779
2026-04-23T06:00:00+02:00,18.308779
2026-04-23T06:15:00+02:00,18.308779
2026-04-23T06:30:00+02:00,18.308779
2026-04-23T06:45:00+02:00,18.308779
2026-04-23T07:00:00+02:00,18.308779
2026-04-23T07:15:00+02:00,18.308779
2026-04-23T07:30:00+02:00,18.308779
2026-04-23T07:45:00+02:00,18.308779
2026-04-23T08:00:00+02:00,18.308779
2026-04-23T08:15:00+02:00,18.308779
2026-04-23T08:30:00+02:00,18.308779
2026-04-23T08:45:00+02:00,18.308779
2026-04-23T09:00:00+02:00,18.308779
2026-04-23T09:15:00+02:00,18.308779
2026-04-23T09:30:00+02:00,18.308779
2026-04-23T09:45:00+02:00,18.308779
2026-04-23T10:00:00+02:00,18.308779
2026-04-23T10:15:00+02:00,18.308779
2026-04-23T10:30:00+02:00,18.308779
2026-04-23T10:45:00+02:00,18.308779
2026-04-23T11:00:00+02:00,18.308779
2026-04-23T11:15:00+02:00,18.308779
2026-04-23T11:30:00+02:00,18.308779
2026-04-23T11:45:00+02:00,15.342013
2026-04-23T12:00:00+02:00,12.055641
2026-04-23T12:15:00+02:00,12.055641
2026-04-23T12:30:00+02:00,12.055641
2026-04-23T12:45:00+02:00,12.055641
2026-04-23T13:00:00+02:00,12.055641
2026-04-23T13:15:00+02:00,12.021547
2026-04-23T13:30:00+02:00,4.384486
2026-04-23T13:45:00+02:00,4.384486
2026-04-23T14:00:00+02:00,4.384486
2026-04-23T14:15:00+02:00,4.384486
2026-04-23T14:30:00+02:00,4.384486
2026-04-23T14:45:00+02:00,4.384486
2026-04-23T15:00:00+02:00,4.384486
2026-04-23T15:15:00+02:00,4.384486
2026-04-23T15:30:00+02:00,4.384486
2026-04-23T15:45:00+02:00,4.384486
2026-04-23T16:00:00+02:00,4.384486
2026-04-23T16:15:00+02:00,3.786692
2026-04-23T16:30:00+02:00,0.245915
2026-04-23T16:45:00+02:00,0.245915
2026-04-23T17:00:00+02:00,0.245915
2026-04-23T17:15:00+02:00,0.245915
2026-04-23T17:30:00+02:00,0.245915
2026-04-23T17:45:00+02:00,0.245915
2026-04-23T18:00:00+02:00,0.245915
2026-04-23T18:15:00+02:00,0.245915
2026-04-23T18:30:00+02:00,0.245915
2026-04-23T18:45:00+02:00,0.245915
2026-04-23T19:00:00+02:00,0.245915
2026-04-23T19:15:00+02:00,0.245915
2026-04-23T19:30:00+02:00,0.245915
2026-04-23T19:45:00+02:00,0.245915
2026-04-23T20:00:00+02:00,0.245915
2026-04-23T20:15:00+02:00,0.245915
2026-04-23T20:30:00+02:00,0.245915
2026-04-23T20:45:00+02:00,0.245915
2026-04-23T21:00:00+02:00,0.245915
2026-04-23T21:15:00+02:00,0.245915
2026-04-23T21:30:00+02:00,0.27401
2026-04-23T21:45:00+02:00,0.280505
2026-04-23T22:00:00+02:00,0.280505
2026-04-23T22:15:00+02:00,0.280505
2026-04-23T22:30:00+02:00,0.280505
2026-04-23T22:45:00+02:00,0.280505
2026-04-23T23:00:00+02:00,0.280505
2026-04-23T23:15:00+02:00,0.135664
2026-04-23T23:30:00+02:00,0.068197
2026-04-23T23:45:00+02:00,0.068197
2026-04-24T00:00:00+02:00,0.068197
2026-04-24T00:15:00+02:00,0.068197
2026-04-24T00:30:00+02:00,0.068197
2026-04-24T00:45:00+02:00,0.068197
2026-04-24T01:00:00+02:00,0.068197
2026-04-24T01:15:00+02:00,0.068197
2026-04-24T01:30:00+02:00,0.068197
2026-04-24T01:45:00+02:00,0.068197
2026-04-24T02:00:00+02:00,0.068197
2026-04-24T02:15:00+02:00,0.068197
2026-04-24T02:30:00+02:00,0.068197
2026-04-24T02:45:00+02:00,0.073642
2026-04-24T03:00:00+02:00,0.356436
2026-04-24T03:15:00+02:00,0.356436
2026-04-24T03:30:00+02:00,0.330461
2026-04-24T03:45:00+02:00,0.234681
2026-04-24T04:00:00+02:00,0.234681
2026-04-24T04:15:00+02:00,0.234681
2026-04-24T04:30:00+02:00,0.234681
2026-04-24T04:45:00+02:00,0.113995
2026-04-24T05:00:00+02:00,0.10794
2026-04-24T05:15:00+02:00,0.10794
2026-04-24T05:30:00+02:00,0.10794
2026-04-24T05:45:00+02:00,0.10794
2026-04-24T06:00:00+02:00,0.10794
2026-04-24T06:15:00+02:00,0.10794
2026-04-24T06:30:00+02:00,0.10794
2026-04-24T06:45:00+02:00,0.10794
2026-04-24T07:00:00+02:00,0.033701
2026-04-24T07:15:00+02:00,0.015704
2026-04-24T07:30:00+02:00,0.054152
2026-04-24T07:45:00+02:00,0.054152
2026-04-24T08:00:00+02:00,0.054152
2026-04-24T08:15:00+02:00,0.054152
2026-04-24T08:30:00+02:00,0.054152
2026-04-24T08:45:00+02:00,0.054152
2026-04-24T09:00:00+02:00,0.054152
2026-04-24T09:15:00+02:00,0.054152
2026-04-24T09:30:00+02:00,0.054152
2026-04-24T09:45:00+02:00,0.054152
2026-04-24T10:00:00+02:00,0.054152
2026-04-24T10:15:00+02:00,0.054152
2026-04-24T10:30:00+02:00,0.054152
2026-04-24T10:45:00+02:00,0.054152
2026-04-24T11:00:00+02:00,0.054152
2026-04-24T11:15:00+02:00,0.054152
2026-04-24T11:30:00+02:00,0.054152
2026-04-24T11:45:00+02:00,0.054152
2026-04-24T12:00:00+02:00,0.148409
2026-04-24T12:15:00+02:00,0.168634
2026-04-24T12:30:00+02:00,0.168634
2026-04-24T12:45:00+02:00,0.168634
2026-04-24T13:00:00+02:00,0.168634
2026-04-24T13:15:00+02:00,0.168634
2026-04-24T13:30:00+02:00,0.057752
2026-04-24T13:45:00+02:00,0.044513
2026-04-24T14:00:00+02:00,0.044513
2026-04-24T14:15:00+02:00,0.044513
2026-04-24T14:30:00+02:00,0.044513
2026-04-24T14:45:00+02:00,0.044513
2026-04-24T15:00:00+02:00,0.044513
2026-04-24T15:15:00+02:00,0.044513
2026-04-24T15:30:00+02:00,0.044513
2026-04-24T15:45:00+02:00,0.044513
2026-04-24T16:00:00+02:00,0.044513
2026-04-24T16:15:00+02:00,0.044513
2026-04-24T16:30:00+02:00,0.044513
2026-04-24T16:45:00+02:00,0.044513
2026-04-24T17:00:00+02:00,0.044513
2026-04-24T17:15:00+02:00,0.044513
2026-04-24T17:30:00+02:00,0.044513
2026-04-24T17:45:00+02:00,0.044513
2026-04-24T18:00:00+02:00,0.044513
2026-04-24T18:15:00+02:00,0.044513
2026-04-24T18:30:00+02:00,0.044513
2026-04-24T18:45:00+02:00,0.044513
2026-04-24T19:00:00+02:00,0.215744
2026-04-24T19:15:00+02:00,0.444793
2026-04-24T19:30:00+02:00,0.444793
2026-04-24T19:45:00+02:00,0.444793
2026-04-24T20:00:00+02:00,0.444793
2026-04-24T20:15:00+02:00,0.444793
2026-04-24T20:30:00+02:00,0.444793
2026-04-24T20:45:00+02:00,0.444793
2026-04-24T21:00:00+02:00,0.444793
2026-04-24T21:15:00+02:00,0.444793
2026-04-24T21:30:00+02:00,0.444793
2026-04-24T21:45:00+02:00,0.444793
2026-04-24T22:00:00+02:00,0.444793
2026-04-24T22:15:00+02:00,0.444793
2026-04-24T22:30:00+02:00,0.444793
2026-04-24T22:45:00+02:00,0.444793
2026-04-24T23:00:00+02:00,0.444793
2026-04-24T23:15:00+02:00,0.444793
2026-04-24T23:30:00+02:00,0.444793
2026-04-24T23:45:00+02:00,0.444793
2026-04-25T00:00:00+02:00,0.444793
2026-04-25T00:15:00+02:00,0.444793
2026-04-25T00:30:00+02:00,0.444793
2026-04-25T00:45:00+02:00,0.444793
2026-04-25T01:00:00+02:00,0.444793
2026-04-25T01:15:00+02:00,0.444793
2026-04-25T01:30:00+02:00,0.444793
2026-04-25T01:45:00+02:00,0.444793
2026-04-25T02:00:00+02:00,0.444793
2026-04-25T02:15:00+02:00,0.444793
2026-04-25T02:30:00+02:00,0.444793
2026-04-25T02:45:00+02:00,0.444793
2026-04-25T03:00:00+02:00,0.444793
2026-04-25T03:15:00+02:00,0.444793
2026-04-25T03:30:00+02:00,0.444793
2026-04-25T03:45:00+02:00,0.444793
2026-04-25T04:00:00+02:00,0.444793
2026-04-25T04:15:00+02:00,0.444793
2026-04-25T04:30:00+02:00,0.444793
2026-04-25T04:45:00+02:00,0.444793
2026-04-25T05:00:00+02:00,0.444793
2026-04-25T05:15:00+02:00,0.444793
2026-04-25T05:30:00+02:00,0.444793
2026-04-25T05:45:00+02:00,0.444793
2026-04-25T06:00:00+02:00,0.444793
2026-04-25T06:15:00+02:00,0.444793
2026-04-25T06:30:00+02:00,0.444793
2026-04-25T06:45:00+02:00,0.444793
2026-04-25T07:00:00+02:00,0.444793
2026-04-25T07:15:00+02:00,0.444793
2026-04-25T07:30:00+02:00,0.444793
2026-04-25T07:45:00+02:00,0.444793
2026-04-25T08:00:00+02:00,0.444793
2026-04-25T08:15:00+02:00,0.444793
2026-04-25T08:30:00+02:00,0.444793
2026-04-25T08:45:00+02:00,0.444793
2026-04-25T09:00:00+02:00,0.444793
2026-04-25T09:15:00+02:00,0.444793
2026-04-25T09:30:00+02:00,0.444793
2026-04-25T09:45:00+02:00,0.444793
2026-04-25T10:00:00+02:00,0.444793
2026-04-25T10:15:00+02:00,0.444793
2026-04-25T10:30:00+02:00,0.444793
2026-04-25T10:45:00+02:00,0.444793
2026-04-25T11:00:00+02:00,0.444793
2026-04-25T11:15:00+02:00,0.444793
2026-04-25T11:30:00+02:00,0.444793
2026-04-25T11:45:00+02:00,0.444793
2026-04-25T12:00:00+02:00,0.444793
2026-04-25T12:15:00+02:00,0.444793
2026-04-25T12:30:00+02:00,0.444793
2026-04-25T12:45:00+02:00,0.444793
2026-04-25T13:00:00+02:00,0.444793
2026-04-25T13:15:00+02:00,0.444793
2026-04-25T13:30:00+02:00,0.444793
2026-04-25T13:45:00+02:00,0.444793
2026-04-25T14:00:00+02:00,0.444793
2026-04-25T14:15:00+02:00,0.444793
2026-04-25T14:30:00+02:00,0.444793
2026-04-25T14:45:00+02:00,0.444793
2026-04-25T15:00:00+02:00,0.444793
2026-04-25T15:15:00+02:00,0.444793
2026-04-25T15:30:00+02:00,0.444793
2026-04-25T15:45:00+02:00,0.444793
2026-04-25T16:00:00+02:00,0.444793
2026-04-25T16:15:00+02:00,0.444793
2026-04-25T16:30:00+02:00,0.444793
2026-04-25T16:45:00+02:00,0.444793
2026-04-25T17:00:00+02:00,0.444793
2026-04-25T17:15:00+02:00,0.444793
2026-04-25T17:30:00+02:00,0.444793
2026-04-25T17:45:00+02:00,0.444793
2026-04-25T18:00:00+02:00,0.444793
2026-04-25T18:15:00+02:00,0.444793
2026-04-25T18:30:00+02:00,0.444793
2026-04-25T18:45:00+02:00,0.444793
2026-04-25T19:00:00+02:00,0.444793
2026-04-25T19:15:00+02:00,0.444793
2026-04-25T19:30:00+02:00,0.444793
2026-04-25T19:45:00+02:00,0.444793
2026-04-25T20:00:00+02:00,0.444793
2026-04-25T20:15:00+02:00,0.444793
2026-04-25T20:30:00+02:00,0.444793
2026-04-25T20:45:00+02:00,0.444793
2026-04-25T21:00:00+02:00,0.444793
2026-04-25T21:15:00+02:00,0.444793
2026-04-25T21:30:00+02:00,0.444793
2026-04-25T21:45:00+02:00,0.444793
2026-04-25T22:00:00+02:00,0.444793
2026-04-25T22:15:00+02:00,0.444793
2026-04-25T22:30:00+02:00,0.444793
2026-04-25T22:45:00+02:00,0.444793
2026-04-25T23:00:00+02:00,0.444793
2026-04-25T23:15:00+02:00,0.444793
2026-04-25T23:30:00+02:00,0.444793
2026-04-25T23:45:00+02:00,0.444793
2026-04-26T00:00:00+02:00,0.444793
2026-04-26T00:15:00+02:00,0.444793
2026-04-26T00:30:00+02:00,0.444793
2026-04-26T00:45:00+02:00,0.444793
2026-04-26T01:00:00+02:00,0.444793
2026-04-26T01:15:00+02:00,0.444793
2026-04-26T01:30:00+02:00,0.444793
2026-04-26T01:45:00+02:00,0.444793
2026-04-26T02:00:00+02:00,0.444793
2026-04-26T02:15:00+02:00,0.444793
2026-04-26T02:30:00+02:00,0.444793
2026-04-26T02:45:00+02:00,0.444793
2026-04-26T03:00:00+02:00,0.444793
2026-04-26T03:15:00+02:00,0.444793
2026-04-26T03:30:00+02:00,0.444793
2026-04-26T03:45:00+02:00,0.444793
2026-04-26T04:00:00+02:00,0.444793
2026-04-26T04:15:00+02:00,0.444793
2026-04-26T04:30:00+02:00,0.444793
2026-04-26T04:45:00+02:00,0.444793
2026-04-26T05:00:00+02:00,0.444793
2026-04-26T05:15:00+02:00,0.444793
2026-04-26T05:30:00+02:00,0.444793
2026-04-26T05:45:00+02:00,0.444793
2026-04-26T06:00:00+02:00,0.444793
2026-04-26T06:15:00+02:00,0.444793
2026-04-26T06:30:00+02:00,0.444793
2026-04-26T06:45:00+02:00,0.444793
2026-04-26T07:00:00+02:00,0.444793
2026-04-26T07:15:00+02:00,0.444793
2026-04-26T07:30:00+02:00,0.444793
2026-04-26T07:45:00+02:00,0.444793
2026-04-26T08:00:00+02:00,0.444793
2026-04-26T08:15:00+02:00,0.444793
2026-04-26T08:30:00+02:00,0.444793
2026-04-26T08:45:00+02:00,0.444793
2026-04-26T09:00:00+02:00,0.444793
2026-04-26T09:15:00+02:00,0.444793
2026-04-26T09:30:00+02:00,0.444793
2026-04-26T09:45:00+02:00,0.444793
2026-04-26T10:00:00+02:00,0.444793
2026-04-26T10:15:00+02:00,0.444793
2026-04-26T10:30:00+02:00,0.444793
2026-04-26T10:45:00+02:00,0.444793
2026-04-26T11:00:00+02:00,0.444793
2026-04-26T11:15:00+02:00,0.444793
2026-04-26T11:30:00+02:00,0.444793
2026-04-26T11:45:00+02:00,0.444793
2026-04-26T12:00:00+02:00,0.444793
2026-04-26T12:15:00+02:00,0.444793
2026-04-26T12:30:00+02:00,0.444793
2026-04-26T12:45:00+02:00,0.444793
2026-04-26T13:00:00+02:00,0.444793
2026-04-26T13:15:00+02:00,0.444793
2026-04-26T13:30:00+02:00,0.444793
2026-04-26T13:45:00+02:00,0.444793
2026-04-26T14:00:00+02:00,0.444793
2026-04-26T14:15:00+02:00,0.444793
2026-04-26T14:30:00+02:00,0.444793
2026-04-26T14:45:00+02:00,0.444793
2026-04-26T15:00:00+02:00,0.444793
2026-04-26T15:15:00+02:00,0.444793
2026-04-26T15:30:00+02:00,0.444793
2026-04-26T15:45:00+02:00,0.444793
2026-04-26T16:00:00+02:00,0.444793
2026-04-26T16:15:00+02:00,0.444793
2026-04-26T16:30:00+02:00,0.444793
2026-04-26T16:45:00+02:00,0.444793
2026-04-26T17:00:00+02:00,0.444793
2026-04-26T17:15:00+02:00,0.444793
2026-04-26T17:30:00+02:00,0.444793
2026-04-26T17:45:00+02:00,0.444793
2026-04-26T18:00:00+02:00,0.444793
2026-04-26T18:15:00+02:00,0.444793
2026-04-26T18:30:00+02:00,0.444793
2026-04-26T18:45:00+02:00,0.444793
2026-04-26T19:00:00+02:00,0.444793
2026-04-26T19:15:00+02:00,0.444793
2026-04-26T19:30:00+02:00,0.444793
2026-04-26T19:45:00+02:00,0.444793
2026-04-26T20:00:00+02:00,0.444793
2026-04-26T20:15:00+02:00,0.444793
2026-04-26T20:30:00+02:00,0.444793
2026-04-26T20:45:00+02:00,0.444793
2026-04-26T21:00:00+02:00,0.444793
2026-04-26T21:15:00+02:00,0.444793
2026-04-26T21:30:00+02:00,0.444793
2026-04-26T21:45:00+02:00,0.444793
2026-04-26T22:00:00+02:00,0.444793
2026-04-26T22:15:00+02:00,0.444793
2026-04-26T22:30:00+02:00,0.444793
2026-04-26T22:45:00+02:00,0.444793
2026-04-26T23:00:00+02:00,0.444793
2026-04-26T23:15:00+02:00,0.444793
2026-04-26T23:30:00+02:00,0.444793
2026-04-26T23:45:00+02:00,0.444793
2026-04-27T00:00:00+02:00,0.444793
2026-04-27T00:15:00+02:00,0.444793
2026-04-27T00:30:00+02:00,0.444793
2026-04-27T00:45:00+02:00,0.444793
2026-04-27T01:00:00+02:00,0.444793
2026-04-27T01:15:00+02:00,0.444793
2026-04-27T01:30:00+02:00,0.444793
2026-04-27T01:45:00+02:00,0.444793
2026-04-27T02:00:00+02:00,0.444793
2026-04-27T02:15:00+02:00,0.444793
2026-04-27T02:30:00+02:00,0.444793
2026-04-27T02:45:00+02:00,0.444793
2026-04-27T03:00:00+02:00,0.444793
2026-04-27T03:15:00+02:00,0.444793
2026-04-27T03:30:00+02:00,0.444793
2026-04-27T03:45:00+02:00,0.444793
2026-04-27T04:00:00+02:00,0.444793
2026-04-27T04:15:00+02:00,0.444793
2026-04-27T04:30:00+02:00,0.444793
2026-04-27T04:45:00+02:00,0.444793
2026-04-27T05:00:00+02:00,0.444793
2026-04-27T05:15:00+02:00,0.444793
2026-04-27T05:30:00+02:00,0.444793
2026-04-27T05:45:00+02:00,0.444793
2026-04-27T06:00:00+02:00,0.444793
2026-04-27T06:15:00+02:00,0.444793
2026-04-27T06:30:00+02:00,0.444793
2026-04-27T06:45:00+02:00,0.444793
2026-04-27T07:00:00+02:00,0.444793
2026-04-27T07:15:00+02:00,16.049577
2026-04-27T07:30:00+02:00,18.450313
2026-04-27T07:45:00+02:00,18.450313
2026-04-27T08:00:00+02:00,18.65077
2026-04-27T08:15:00+02:00,18.627751
2026-04-27T08:30:00+02:00,18.609305
2026-04-27T08:45:00+02:00,18.609305
2026-04-27T09:00:00+02:00,18.609305
2026-04-27T09:15:00+02:00,18.609305
2026-04-27T09:30:00+02:00,18.609305
2026-04-27T09:45:00+02:00,17.821109
2026-04-27T10:00:00+02:00,14.774838
2026-04-27T10:15:00+02:00,14.774838
2026-04-27T10:30:00+02:00,14.774838
2026-04-27T10:45:00+02:00,14.774838
2026-04-27T11:00:00+02:00,14.774838
2026-04-27T11:15:00+02:00,14.774838
2026-04-27T11:30:00+02:00,14.774838
2026-04-27T11:45:00+02:00,14.774838
2026-04-27T12:00:00+02:00,14.774838
2026-04-27T12:15:00+02:00,14.774838
2026-04-27T12:30:00+02:00,14.774838
2026-04-27T12:45:00+02:00,14.774838
2026-04-27T13:00:00+02:00,14.774838
2026-04-27T13:15:00+02:00,14.774838
2026-04-27T13:30:00+02:00,14.774838
2026-04-27T13:45:00+02:00,14.774838
2026-04-27T14:00:00+02:00,14.774838
2026-04-27T14:15:00+02:00,14.774838
2026-04-27T14:30:00+02:00,14.774838
2026-04-27T14:45:00+02:00,14.774838
2026-04-27T15:00:00+02:00,14.774838
2026-04-27T15:15:00+02:00,14.831696
2026-04-27T15:30:00+02:00,15.550167
2026-04-27T15:45:00+02:00,15.550167
2026-04-27T16:00:00+02:00,15.550167
2026-04-27T16:15:00+02:00,15.265664
2026-04-27T16:30:00+02:00,14.852475
2026-04-27T16:45:00+02:00,14.852475
2026-04-27T17:00:00+02:00,14.852475
2026-04-27T17:15:00+02:00,14.852475
2026-04-27T17:30:00+02:00,14.852475
2026-04-27T17:45:00+02:00,14.852475
2026-04-27T18:00:00+02:00,9.536515
2026-04-27T18:15:00+02:00,7.690254
2026-04-27T18:30:00+02:00,7.690254
2026-04-27T18:45:00+02:00,7.690254
2026-04-27T19:00:00+02:00,7.690254
2026-04-27T19:15:00+02:00,7.690254
2026-04-27T19:30:00+02:00,7.690254
2026-04-27T19:45:00+02:00,7.690254
2026-04-27T20:00:00+02:00,7.690254
2026-04-27T20:15:00+02:00,7.690254
2026-04-27T20:30:00+02:00,7.690254
2026-04-27T20:45:00+02:00,7.690254
2026-04-27T21:00:00+02:00,7.690254
2026-04-27T21:15:00+02:00,7.690254
2026-04-27T21:30:00+02:00,7.690254
2026-04-27T21:45:00+02:00,7.690254
2026-04-27T22:00:00+02:00,7.690254
2026-04-27T22:15:00+02:00,7.690254
2026-04-27T22:30:00+02:00,7.690254
2026-04-27T22:45:00+02:00,7.690254
2026-04-27T23:00:00+02:00,7.690254
2026-04-27T23:15:00+02:00,7.690254
2026-04-27T23:30:00+02:00,7.690254
2026-04-27T23:45:00+02:00,7.690254
2026-04-28T00:00:00+02:00,7.690254
2026-04-28T00:15:00+02:00,7.690254
2026-04-28T00:30:00+02:00,7.690254
2026-04-28T00:45:00+02:00,7.690254
2026-04-28T01:00:00+02:00,7.690254
2026-04-28T01:15:00+02:00,18.244732
2026-04-28T01:30:00+02:00,24.867525
2026-04-28T01:45:00+02:00,24.867525
2026-04-28T02:00:00+02:00,20.292324
2026-04-28T02:15:00+02:00,18.128276
2026-04-28T02:30:00+02:00,18.128276
2026-04-28T02:45:00+02:00,18.128276
2026-04-28T03:00:00+02:00,18.128276
2026-04-28T03:15:00+02:00,18.128276
2026-04-28T03:30:00+02:00,18.128276
2026-04-28T03:45:00+02:00,18.128276
2026-04-28T04:00:00+02:00,18.128276
2026-04-28T04:15:00+02:00,18.128276
2026-04-28T04:30:00+02:00,18.128276
2026-04-28T04:45:00+02:00,18.128276
2026-04-28T05:00:00+02:00,18.128276
2026-04-28T05:15:00+02:00,18.128276
2026-04-28T05:30:00+02:00,18.128276
2026-04-28T05:45:00+02:00,18.128276
2026-04-28T06:00:00+02:00,18.128276
2026-04-28T06:15:00+02:00,18.128276
2026-04-28T06:30:00+02:00,18.128276
2026-04-28T06:45:00+02:00,10.653061
2026-04-28T07:00:00+02:00,8.937438
2026-04-28T07:15:00+02:00,8.937438
2026-04-28T07:30:00+02:00,8.937438
2026-04-28T07:45:00+02:00,8.937438
2026-04-28T08:00:00+02:00,9.017845
2026-04-28T08:15:00+02:00,9.304779
2026-04-28T08:30:00+02:00,9.304779
2026-04-28T08:45:00+02:00,9.304779
2026-04-28T09:00:00+02:00,9.304779
2026-04-28T09:15:00+02:00,9.304779
2026-04-28T09:30:00+02:00,9.304779
2026-04-28T09:45:00+02:00,9.304779
2026-04-28T10:00:00+02:00,9.304779
2026-04-28T10:15:00+02:00,9.304779
2026-04-28T10:30:00+02:00,9.304779
2026-04-28T10:45:00+02:00,11.551438
2026-04-28T11:00:00+02:00,12.576612
2026-04-28T11:15:00+02:00,12.576612
2026-04-28T11:30:00+02:00,12.576612
2026-04-28T11:45:00+02:00,11.529074
2026-04-28T12:00:00+02:00,5.793991
2026-04-28T12:15:00+02:00,6.306411
2026-04-28T12:30:00+02:00,11.943024
2026-04-28T12:45:00+02:00,11.943024
2026-04-28T13:00:00+02:00,11.943024
2026-04-28T13:15:00+02:00,11.943024
2026-04-28T13:30:00+02:00,11.943024
2026-04-28T13:45:00+02:00,11.943024
2026-04-28T14:00:00+02:00,11.943024
2026-04-28T14:15:00+02:00,11.943024
2026-04-28T14:30:00+02:00,11.943024
2026-04-28T14:45:00+02:00,10.953895
2026-04-28T15:00:00+02:00,8.623596
2026-04-28T15:15:00+02:00,6.244815
2026-04-28T15:30:00+02:00,6.244815
2026-04-28T15:45:00+02:00,6.244815
2026-04-28T16:00:00+02:00,6.244815
2026-04-28T16:15:00+02:00,6.244815
2026-04-28T16:30:00+02:00,6.244815
2026-04-28T16:45:00+02:00,6.244815
2026-04-28T17:00:00+02:00,6.244815
2026-04-28T17:15:00+02:00,6.244815
2026-04-28T17:30:00+02:00,6.244815
2026-04-28T17:45:00+02:00,6.244815
2026-04-28T18:00:00+02:00,6.244815
2026-04-28T18:15:00+02:00,6.244815
2026-04-28T18:30:00+02:00,6.244815
2026-04-28T18:45:00+02:00,10.529303
2026-04-28T19:00:00+02:00,11.898831
2026-04-28T19:15:00+02:00,11.898831
2026-04-28T19:30:00+02:00,11.898831
2026-04-28T19:45:00+02:00,11.898831
2026-04-28T20:00:00+02:00,11.898831
2026-04-28T20:15:00+02:00,10.500164
2026-04-28T20:30:00+02:00,10.440198
2026-04-28T20:45:00+02:00,10.440198
2026-04-28T21:00:00+02:00,10.440198
2026-04-28T21:15:00+02:00,10.440198
2026-04-28T21:30:00+02:00,10.440198
2026-04-28T21:45:00+02:00,10.440198
2026-04-28T22:00:00+02:00,10.440198
2026-04-28T22:15:00+02:00,10.440198
2026-04-28T22:30:00+02:00,10.440198
2026-04-28T22:45:00+02:00,10.440198
2026-04-28T23:00:00+02:00,10.440198
2026-04-28T23:15:00+02:00,10.440198
2026-04-28T23:30:00+02:00,10.440198
2026-04-28T23:45:00+02:00,10.440198
2026-04-29T00:00:00+02:00,10.440198
2026-04-29T00:15:00+02:00,10.440198
2026-04-29T00:30:00+02:00,10.440198
2026-04-29T00:45:00+02:00,12.189045
2026-04-29T01:00:00+02:00,7.51204
2026-04-29T01:15:00+02:00,6.90941
2026-04-29T01:30:00+02:00,6.90941
2026-04-29T01:45:00+02:00,6.90941
2026-04-29T02:00:00+02:00,6.90941
2026-04-29T02:15:00+02:00,12.893853
2026-04-29T02:30:00+02:00,14.109942
2026-04-29T02:45:00+02:00,14.109942
2026-04-29T03:00:00+02:00,14.109942
2026-04-29T03:15:00+02:00,14.109942
2026-04-29T03:30:00+02:00,13.106194
2026-04-29T03:45:00+02:00,9.78758
2026-04-29T04:00:00+02:00,9.78758
2026-04-29T04:15:00+02:00,9.78758
2026-04-29T04:30:00+02:00,9.78758
2026-04-29T04:45:00+02:00,9.78758
2026-04-29T05:00:00+02:00,9.78758
2026-04-29T05:15:00+02:00,9.78758
2026-04-29T05:30:00+02:00,9.78758
2026-04-29T05:45:00+02:00,9.78758
2026-04-29T06:00:00+02:00,9.78758
2026-04-29T06:15:00+02:00,11.581056
2026-04-29T06:30:00+02:00,15.765833
2026-04-29T06:45:00+02:00,15.765833
2026-04-29T07:00:00+02:00,15.765833
2026-04-29T07:15:00+02:00,15.765833
2026-04-29T07:30:00+02:00,15.765833
2026-04-29T07:45:00+02:00,15.765833
2026-04-29T08:00:00+02:00,15.765833
2026-04-29T08:15:00+02:00,15.765833
2026-04-29T08:30:00+02:00,15.765833
2026-04-29T08:45:00+02:00,15.765833
2026-04-29T09:00:00+02:00,15.765833
2026-04-29T09:15:00+02:00,15.765833
2026-04-29T09:30:00+02:00,15.765833
2026-04-29T09:45:00+02:00,15.765833
2026-04-29T10:00:00+02:00,15.765833
2026-04-29T10:15:00+02:00,15.765833
2026-04-29T10:30:00+02:00,15.765833
2026-04-29T10:45:00+02:00,15.765833
2026-04-29T11:00:00+02:00,15.765833
2026-04-29T11:15:00+02:00,15.765833
2026-04-29T11:30:00+02:00,15.765833
2026-04-29T11:45:00+02:00,15.774582
2026-04-29T12:00:00+02:00,16.004446
2026-04-29T12:15:00+02:00,16.004446
2026-04-29T12:30:00+02:00,16.004446
2026-04-29T12:45:00+02:00,15.889169
2026-04-29T13:00:00+02:00,12.952992
2026-04-29T13:15:00+02:00,12.952992
2026-04-29T13:30:00+02:00,12.952992
2026-04-29T13:45:00+02:00,12.952992
2026-04-29T14:00:00+02:00,12.952992
2026-04-29T14:15:00+02:00,12.952992
2026-04-29T14:30:00+02:00,12.952992
2026-04-29T14:45:00+02:00,12.952992
2026-04-29T15:00:00+02:00,12.952992
2026-04-29T15:15:00+02:00,12.952992
2026-04-29T15:30:00+02:00,14.522175
2026-04-29T15:45:00+02:00,18.069893
2026-04-29T16:00:00+02:00,18.069893
2026-04-29T16:15:00+02:00,18.069893
2026-04-29T16:30:00+02:00,18.069893
2026-04-29T16:45:00+02:00,18.069893
2026-04-29T17:00:00+02:00,18.069893
2026-04-29T17:15:00+02:00,18.069893
2026-04-29T17:30:00+02:00,18.069893
2026-04-29T17:45:00+02:00,18.069893
2026-04-29T18:00:00+02:00,18.069893
2026-04-29T18:15:00+02:00,18.069893
2026-04-29T18:30:00+02:00,19.638737
2026-04-29T18:45:00+02:00,20.800956
2026-04-29T19:00:00+02:00,20.800956
2026-04-29T19:15:00+02:00,20.800956
2026-04-29T19:30:00+02:00,20.800956
2026-04-29T19:45:00+02:00,20.800956
2026-04-29T20:00:00+02:00,20.800956
2026-04-29T20:15:00+02:00,20.800956
2026-04-29T20:30:00+02:00,20.800956
2026-04-29T20:45:00+02:00,20.800956
2026-04-29T21:00:00+02:00,20.800956
2026-04-29T21:15:00+02:00,20.800956
2026-04-29T21:30:00+02:00,20.800956
2026-04-29T21:45:00+02:00,20.800956
2026-04-29T22:00:00+02:00,20.800956
2026-04-29T22:15:00+02:00,20.800956
2026-04-29T22:30:00+02:00,20.800956
2026-04-29T22:45:00+02:00,8.498862
2026-04-29T23:00:00+02:00,7.385899
2026-04-29T23:15:00+02:00,11.037736
2026-04-29T23:30:00+02:00,11.037736
2026-04-29T23:45:00+02:00,11.037736
2026-04-30T00:00:00+02:00,5.860908
2026-04-30T00:15:00+02:00,3.712036
2026-04-30T00:30:00+02:00,3.712036
2026-04-30T00:45:00+02:00,3.712036
2026-04-30T01:00:00+02:00,3.712036
2026-04-30T01:15:00+02:00,3.712036
2026-04-30T01:30:00+02:00,17.726137
2026-04-30T01:45:00+02:00,21.678832
2026-04-30T02:00:00+02:00,21.678832
2026-04-30T02:15:00+02:00,21.678832
2026-04-30T02:30:00+02:00,21.678832
2026-04-30T02:45:00+02:00,21.678832
2026-04-30T03:00:00+02:00,21.678832
2026-04-30T03:15:00+02:00,21.678832
2026-04-30T03:30:00+02:00,21.678832
2026-04-30T03:45:00+02:00,17.364225
2026-04-30T04:00:00+02:00,15.00676
2026-04-30T04:15:00+02:00,15.00676
2026-04-30T04:30:00+02:00,15.00676
2026-04-30T04:45:00+02:00,15.00676
2026-04-30T05:00:00+02:00,4.358046
2026-04-30T05:15:00+02:00,0.125017
2026-04-30T05:30:00+02:00,0.125017
2026-04-30T05:45:00+02:00,0.125017
2026-04-30T06:00:00+02:00,0.125017
2026-04-30T06:15:00+02:00,0.125017
2026-04-30T06:30:00+02:00,0.125017
2026-04-30T06:45:00+02:00,0.125017
2026-04-30T07:00:00+02:00,1.011955
2026-04-30T07:15:00+02:00,1.023467
2026-04-30T07:30:00+02:00,0.042641
2026-04-30T07:45:00+02:00,0.232588
2026-04-30T08:00:00+02:00,0.232588
2026-04-30T08:15:00+02:00,0.232588
2026-04-30T08:30:00+02:00,0.232588
2026-04-30T08:45:00+02:00,0.232588
2026-04-30T09:00:00+02:00,0.232588
2026-04-30T09:15:00+02:00,0.232588
2026-04-30T09:30:00+02:00,0.232588
2026-04-30T09:45:00+02:00,0.232588
2026-04-30T10:00:00+02:00,0.232588
2026-04-30T10:15:00+02:00,0.232588
2026-04-30T10:30:00+02:00,0.232588
2026-04-30T10:45:00+02:00,0.232588
2026-04-30T11:00:00+02:00,0.232588
2026-04-30T11:15:00+02:00,0.232588
2026-04-30T11:30:00+02:00,0.232588
2026-04-30T11:45:00+02:00,0.232588
2026-04-30T12:00:00+02:00,0.05731
2026-04-30T12:15:00+02:00,0.054741
2026-04-30T12:30:00+02:00,0.054741
2026-04-30T12:45:00+02:00,0.054741
2026-04-30T13:00:00+02:00,0.054741
2026-04-30T13:15:00+02:00,0.054741
2026-04-30T13:30:00+02:00,0.054741
2026-04-30T13:45:00+02:00,0.054741
2026-04-30T14:00:00+02:00,0.054741
2026-04-30T14:15:00+02:00,0.054741
2026-04-30T14:30:00+02:00,0.054741
2026-04-30T14:45:00+02:00,0.054741
2026-04-30T15:00:00+02:00,0.054741
2026-04-30T15:15:00+02:00,0.054741
2026-04-30T15:30:00+02:00,0.054741
2026-04-30T15:45:00+02:00,0.054741
2026-04-30T16:00:00+02:00,0.054741
2026-04-30T16:15:00+02:00,0.054741
2026-04-30T16:30:00+02:00,0.024155
2026-04-30T16:45:00+02:00,0.012129
2026-04-30T17:00:00+02:00,0.012129
2026-04-30T17:15:00+02:00,0.012129
2026-04-30T17:30:00+02:00,0.012129
2026-04-30T17:45:00+02:00,0.012129
2026-04-30T18:00:00+02:00,0.012129
2026-04-30T18:15:00+02:00,0.012129
2026-04-30T18:30:00+02:00,0.012129
2026-04-30T18:45:00+02:00,0.012129
2026-04-30T19:00:00+02:00,0.012129
2026-04-30T19:15:00+02:00,0.012129
2026-04-30T19:30:00+02:00,0.012129
2026-04-30T19:45:00+02:00,0.012129
2026-04-30T20:00:00+02:00,0.012129
2026-04-30T20:15:00+02:00,0.012129
2026-04-30T20:30:00+02:00,0.012129
2026-04-30T20:45:00+02:00,0.012129
2026-04-30T21:00:00+02:00,0.012129
2026-04-30T21:15:00+02:00,0.012129
2026-04-30T21:30:00+02:00,0.012129
2026-04-30T21:45:00+02:00,0.012129
2026-04-30T22:00:00+02:00,0.012129
2026-04-30T22:15:00+02:00,0.012129
2026-04-30T22:30:00+02:00,0.012129
2026-04-30T22:45:00+02:00,0.012129
2026-04-30T23:00:00+02:00,0.012129
2026-04-30T23:15:00+02:00,0.012129
2026-04-30T23:30:00+02:00,0.012129
2026-04-30T23:45:00+02:00,0.012129
2026-05-01T00:00:00+02:00,0.012129
2026-05-01T00:15:00+02:00,0.012129
2026-05-01T00:30:00+02:00,0.012129
2026-05-01T00:45:00+02:00,0.012129
2026-05-01T01:00:00+02:00,0.012129
2026-05-01T01:15:00+02:00,0.012129
2026-05-01T01:30:00+02:00,0.012129
2026-05-01T01:45:00+02:00,0.012129
2026-05-01T02:00:00+02:00,0.012129
2026-05-01T02:15:00+02:00,0.012129
2026-05-01T02:30:00+02:00,0.012129
2026-05-01T02:45:00+02:00,0.012129
2026-05-01T03:00:00+02:00,0.012129
2026-05-01T03:15:00+02:00,0.012129
2026-05-01T03:30:00+02:00,0.012129
2026-05-01T03:45:00+02:00,0.012129
2026-05-01T04:00:00+02:00,0.012129
2026-05-01T04:15:00+02:00,0.012129
2026-05-01T04:30:00+02:00,0.012129
2026-05-01T04:45:00+02:00,0.012129
2026-05-01T05:00:00+02:00,0.012129
2026-05-01T05:15:00+02:00,0.012129
2026-05-01T05:30:00+02:00,0.012129
2026-05-01T05:45:00+02:00,0.012129
2026-05-01T06:00:00+02:00,0.012129
2026-05-01T06:15:00+02:00,0.012129
2026-05-01T06:30:00+02:00,0.012129
2026-05-01T06:45:00+02:00,0.012129
2026-05-01T07:00:00+02:00,0.012129
2026-05-01T07:15:00+02:00,0.012129
2026-05-01T07:30:00+02:00,0.012129
2026-05-01T07:45:00+02:00,0.012129
2026-05-01T08:00:00+02:00,0.012129
2026-05-01T08:15:00+02:00,0.012129
2026-05-01T08:30:00+02:00,0.012129
2026-05-01T08:45:00+02:00,0.012129
2026-05-01T09:00:00+02:00,0.012129
2026-05-01T09:15:00+02:00,0.012129
2026-05-01T09:30:00+02:00,0.012129
2026-05-01T09:45:00+02:00,0.012129
2026-05-01T10:00:00+02:00,0.012129
2026-05-01T10:15:00+02:00,0.012129
2026-05-01T10:30:00+02:00,0.012129
2026-05-01T10:45:00+02:00,0.012129
2026-05-01T11:00:00+02:00,0.012129
2026-05-01T11:15:00+02:00,0.012129
2026-05-01T11:30:00+02:00,0.012129
2026-05-01T11:45:00+02:00,0.012129
2026-05-01T12:00:00+02:00,0.012129
2026-05-01T12:15:00+02:00,0.012129
2026-05-01T12:30:00+02:00,0.012129
2026-05-01T12:45:00+02:00,0.012129
2026-05-01T13:00:00+02:00,0.008854
2026-05-01T13:15:00+02:00,0.0
2026-05-01T13:30:00+02:00,0.0
2026-05-01T13:45:00+02:00,0.064237
2026-05-01T14:00:00+02:00,0.068826
2026-05-01T14:15:00+02:00,0.068826
2026-05-01T14:30:00+02:00,0.068826
2026-05-01T14:45:00+02:00,0.068826
2026-05-01T15:00:00+02:00,0.068826
2026-05-01T15:15:00+02:00,0.068826
2026-05-01T15:30:00+02:00,0.068826
2026-05-01T15:45:00+02:00,0.068826
2026-05-01T16:00:00+02:00,0.068826
2026-05-01T16:15:00+02:00,0.068826
2026-05-01T16:30:00+02:00,0.068826
2026-05-01T16:45:00+02:00,0.068826
2026-05-01T17:00:00+02:00,0.068826
2026-05-01T17:15:00+02:00,0.068826
2026-05-01T17:30:00+02:00,0.068826
2026-05-01T17:45:00+02:00,0.068826
2026-05-01T18:00:00+02:00,0.068826
2026-05-01T18:15:00+02:00,0.068826
2026-05-01T18:30:00+02:00,0.068826
2026-05-01T18:45:00+02:00,0.068826
2026-05-01T19:00:00+02:00,0.068826
2026-05-01T19:15:00+02:00,0.068826
2026-05-01T19:30:00+02:00,0.068826
2026-05-01T19:45:00+02:00,0.068826
2026-05-01T20:00:00+02:00,0.068826
2026-05-01T20:15:00+02:00,0.068826
2026-05-01T20:30:00+02:00,0.068826
2026-05-01T20:45:00+02:00,0.068826
2026-05-01T21:00:00+02:00,0.072949
2026-05-01T21:15:00+02:00,0.073541
2026-05-01T21:30:00+02:00,0.073541
2026-05-01T21:45:00+02:00,0.073541
2026-05-01T22:00:00+02:00,0.073541
2026-05-01T22:15:00+02:00,0.073541
2026-05-01T22:30:00+02:00,0.073541
2026-05-01T22:45:00+02:00,0.073541
2026-05-01T23:00:00+02:00,0.073541
2026-05-01T23:15:00+02:00,0.073541
2026-05-01T23:30:00+02:00,0.073541
2026-05-01T23:45:00+02:00,0.073541
2026-05-02T00:00:00+02:00,0.073541
2026-05-02T00:15:00+02:00,0.053195
2026-05-02T00:30:00+02:00,0.0
2026-05-02T00:45:00+02:00,0.0
2026-05-02T01:00:00+02:00,0.0
2026-05-02T01:15:00+02:00,0.0
2026-05-02T01:30:00+02:00,0.0
2026-05-02T01:45:00+02:00,0.0
2026-05-02T02:00:00+02:00,0.0
2026-05-02T02:15:00+02:00,0.0
2026-05-02T02:30:00+02:00,0.0
2026-05-02T02:45:00+02:00,0.0
2026-05-02T03:00:00+02:00,0.0
2026-05-02T03:15:00+02:00,0.0
2026-05-02T03:30:00+02:00,0.0
2026-05-02T03:45:00+02:00,0.0
2026-05-02T04:00:00+02:00,0.0
2026-05-02T04:15:00+02:00,0.0
2026-05-02T04:30:00+02:00,0.0
2026-05-02T04:45:00+02:00,0.0
2026-05-02T05:00:00+02:00,0.0
2026-05-02T05:15:00+02:00,0.0
2026-05-02T05:30:00+02:00,0.0
2026-05-02T05:45:00+02:00,0.0
2026-05-02T06:00:00+02:00,0.0
2026-05-02T06:15:00+02:00,0.0
2026-05-02T06:30:00+02:00,0.0
2026-05-02T06:45:00+02:00,0.0
2026-05-02T07:00:00+02:00,0.280183
2026-05-02T07:15:00+02:00,0.374688
2026-05-02T07:30:00+02:00,0.351706
2026-05-02T07:45:00+02:00,0.083364
2026-05-02T08:00:00+02:00,0.083364
2026-05-02T08:15:00+02:00,0.083364
2026-05-02T08:30:00+02:00,0.083364
2026-05-02T08:45:00+02:00,0.083364
2026-05-02T09:00:00+02:00,0.083364
2026-05-02T09:15:00+02:00,0.083364
2026-05-02T09:30:00+02:00,0.083364
2026-05-02T09:45:00+02:00,0.083364
2026-05-02T10:00:00+02:00,0.083364
2026-05-02T10:15:00+02:00,0.083364
2026-05-02T10:30:00+02:00,0.076417
2026-05-02T10:45:00+02:00,0.0
2026-05-02T11:00:00+02:00,0.0
2026-05-02T11:15:00+02:00,0.0
2026-05-02T11:30:00+02:00,0.0
2026-05-02T11:45:00+02:00,0.0
2026-05-02T12:00:00+02:00,0.0
2026-05-02T12:15:00+02:00,0.0
2026-05-02T12:30:00+02:00,0.0
2026-05-02T12:45:00+02:00,0.0
2026-05-02T13:00:00+02:00,0.0
2026-05-02T13:15:00+02:00,0.0
2026-05-02T13:30:00+02:00,0.0
2026-05-02T13:45:00+02:00,0.0
2026-05-02T14:00:00+02:00,0.0
2026-05-02T14:15:00+02:00,0.0
2026-05-02T14:30:00+02:00,0.0
2026-05-02T14:45:00+02:00,0.0
2026-05-02T15:00:00+02:00,0.0
2026-05-02T15:15:00+02:00,0.110014
2026-05-02T15:30:00+02:00,0.115399
2026-05-02T15:45:00+02:00,0.115399
2026-05-02T16:00:00+02:00,0.115399
2026-05-02T16:15:00+02:00,0.115399
2026-05-02T16:30:00+02:00,0.115399
2026-05-02T16:45:00+02:00,0.115399
2026-05-02T17:00:00+02:00,0.115399
2026-05-02T17:15:00+02:00,0.08219
2026-05-02T17:30:00+02:00,0.0
2026-05-02T17:45:00+02:00,0.0
2026-05-02T18:00:00+02:00,0.0
2026-05-02T18:15:00+02:00,0.0
2026-05-02T18:30:00+02:00,0.0
2026-05-02T18:45:00+02:00,0.0
2026-05-02T19:00:00+02:00,0.0
2026-05-02T19:15:00+02:00,0.0
2026-05-02T19:30:00+02:00,0.0
2026-05-02T19:45:00+02:00,0.0
2026-05-02T20:00:00+02:00,0.0
2026-05-02T20:15:00+02:00,0.0
2026-05-02T20:30:00+02:00,0.0
2026-05-02T20:45:00+02:00,0.0
2026-05-02T21:00:00+02:00,0.0
2026-05-02T21:15:00+02:00,0.13319
2026-05-02T21:30:00+02:00,0.214439
2026-05-02T21:45:00+02:00,0.214439
2026-05-02T22:00:00+02:00,0.214439
2026-05-02T22:15:00+02:00,0.214439
2026-05-02T22:30:00+02:00,0.009054
2026-05-02T22:45:00+02:00,0.0
2026-05-02T23:00:00+02:00,0.0
2026-05-02T23:15:00+02:00,0.0
2026-05-02T23:30:00+02:00,0.040808
2026-05-02T23:45:00+02:00,0.053773
2026-05-03T00:00:00+02:00,0.053773
2026-05-03T00:15:00+02:00,0.053773
2026-05-03T00:30:00+02:00,0.053773
2026-05-03T00:45:00+02:00,0.053773
2026-05-03T01:00:00+02:00,0.053773
2026-05-03T01:15:00+02:00,0.053773
2026-05-03T01:30:00+02:00,0.053773
2026-05-03T01:45:00+02:00,0.053773
2026-05-03T02:00:00+02:00,0.053773
2026-05-03T02:15:00+02:00,0.053773
2026-05-03T02:30:00+02:00,0.053773
2026-05-03T02:45:00+02:00,0.053773
2026-05-03T03:00:00+02:00,0.053773
2026-05-03T03:15:00+02:00,0.053773
2026-05-03T03:30:00+02:00,0.053773
2026-05-03T03:45:00+02:00,0.053773
2026-05-03T04:00:00+02:00,0.04505
2026-05-03T04:15:00+02:00,0.0
2026-05-03T04:30:00+02:00,0.0
2026-05-03T04:45:00+02:00,0.0
2026-05-03T05:00:00+02:00,0.0
2026-05-03T05:15:00+02:00,0.0
2026-05-03T05:30:00+02:00,0.0
2026-05-03T05:45:00+02:00,0.0
2026-05-03T06:00:00+02:00,0.0
2026-05-03T06:15:00+02:00,0.0
2026-05-03T06:30:00+02:00,0.0
2026-05-03T06:45:00+02:00,0.0
2026-05-03T07:00:00+02:00,0.0
2026-05-03T07:15:00+02:00,0.0
2026-05-03T07:30:00+02:00,0.129043
2026-05-03T07:45:00+02:00,0.3001
2026-05-03T08:00:00+02:00,0.3001
2026-05-03T08:15:00+02:00,0.270757
2026-05-03T08:30:00+02:00,0.0
2026-05-03T08:45:00+02:00,0.0
2026-05-03T09:00:00+02:00,0.0
2026-05-03T09:15:00+02:00,0.0
2026-05-03T09:30:00+02:00,0.0
2026-05-03T09:45:00+02:00,0.0
2026-05-03T10:00:00+02:00,0.0
2026-05-03T10:15:00+02:00,0.0
2026-05-03T10:30:00+02:00,0.0
2026-05-03T10:45:00+02:00,0.0
2026-05-03T11:00:00+02:00,0.0
2026-05-03T11:15:00+02:00,0.0
2026-05-03T11:30:00+02:00,0.0
2026-05-03T11:45:00+02:00,0.0
2026-05-03T12:00:00+02:00,0.0
2026-05-03T12:15:00+02:00,0.0
2026-05-03T12:30:00+02:00,0.0
2026-05-03T12:45:00+02:00,0.008611
2026-05-03T13:00:00+02:00,0.25
2026-05-03T13:15:00+02:00,0.25
2026-05-03T13:30:00+02:00,0.25
2026-05-03T13:45:00+02:00,0.241389
2026-05-03T14:00:00+02:00,0.0
2026-05-03T14:15:00+02:00,0.0
2026-05-03T14:30:00+02:00,0.0
2026-05-03T14:45:00+02:00,0.0
2026-05-03T15:00:00+02:00,0.0
2026-05-03T15:15:00+02:00,0.0
2026-05-03T15:30:00+02:00,0.0
2026-05-03T15:45:00+02:00,0.0
2026-05-03T16:00:00+02:00,0.0
2026-05-03T16:15:00+02:00,0.0
2026-05-03T16:30:00+02:00,0.0
2026-05-03T16:45:00+02:00,0.0
2026-05-03T17:00:00+02:00,0.0
2026-05-03T17:15:00+02:00,0.0
2026-05-03T17:30:00+02:00,0.0
2026-05-03T17:45:00+02:00,0.0
2026-05-03T18:00:00+02:00,0.042099
2026-05-03T18:15:00+02:00,0.096164
2026-05-03T18:30:00+02:00,0.096164
2026-05-03T18:45:00+02:00,0.096164
2026-05-03T19:00:00+02:00,0.096164
2026-05-03T19:15:00+02:00,0.096164
2026-05-03T19:30:00+02:00,0.096164
2026-05-03T19:45:00+02:00,0.096164
2026-05-03T20:00:00+02:00,0.096164
2026-05-03T20:15:00+02:00,0.096164
2026-05-03T20:30:00+02:00,0.092424
2026-05-03T20:45:00+02:00,0.0
2026-05-03T21:00:00+02:00,0.0
2026-05-03T21:15:00+02:00,0.0
2026-05-03T21:30:00+02:00,0.0
2026-05-03T21:45:00+02:00,0.0
2026-05-03T22:00:00+02:00,0.0
2026-05-03T22:15:00+02:00,0.0
2026-05-03T22:30:00+02:00,0.0
2026-05-03T22:45:00+02:00,0.0
2026-05-03T23:00:00+02:00,0.0
2026-05-03T23:15:00+02:00,0.0
2026-05-03T23:30:00+02:00,0.0
2026-05-03T23:45:00+02:00,0.0
2026-05-04T00:00:00+02:00,0.0
2026-05-04T00:15:00+02:00,0.0
2026-05-04T00:30:00+02:00,0.0
2026-05-04T00:45:00+02:00,0.0
2026-05-04T01:00:00+02:00,0.332381
2026-05-04T01:15:00+02:00,0.428571
2026-05-04T01:30:00+02:00,0.492433
2026-05-04T01:45:00+02:00,0.572983
2026-05-04T02:00:00+02:00,0.572983
2026-05-04T02:15:00+02:00,0.572983
2026-05-04T02:30:00+02:00,0.572983
2026-05-04T02:45:00+02:00,0.572983
2026-05-04T03:00:00+02:00,0.572983
2026-05-04T03:15:00+02:00,0.572983
2026-05-04T03:30:00+02:00,0.572983
2026-05-04T03:45:00+02:00,0.572983
2026-05-04T04:00:00+02:00,0.572983
2026-05-04T04:15:00+02:00,0.572983
2026-05-04T04:30:00+02:00,0.572983
2026-05-04T04:45:00+02:00,0.572983
2026-05-04T05:00:00+02:00,0.572983
2026-05-04T05:15:00+02:00,0.572983
2026-05-04T05:30:00+02:00,0.572983
2026-05-04T05:45:00+02:00,0.572983
2026-05-04T06:00:00+02:00,0.572983
2026-05-04T06:15:00+02:00,3.340409
2026-05-04T06:30:00+02:00,11.894273
2026-05-04T06:45:00+02:00,11.894273
2026-05-04T07:00:00+02:00,11.894273
2026-05-04T07:15:00+02:00,5.451936
2026-05-04T07:30:00+02:00,2.86296
2026-05-04T07:45:00+02:00,2.86296
2026-05-04T08:00:00+02:00,2.86296
2026-05-04T08:15:00+02:00,2.86296
2026-05-04T08:30:00+02:00,2.86296
2026-05-04T08:45:00+02:00,2.86296
2026-05-04T09:00:00+02:00,2.86296
2026-05-04T09:15:00+02:00,2.86296
2026-05-04T09:30:00+02:00,10.824122
2026-05-04T09:45:00+02:00,10.977395
2026-05-04T10:00:00+02:00,10.977395
2026-05-04T10:15:00+02:00,10.977395
2026-05-04T10:30:00+02:00,10.977395
2026-05-04T10:45:00+02:00,10.977395
2026-05-04T11:00:00+02:00,10.977395
2026-05-04T11:15:00+02:00,10.977395
2026-05-04T11:30:00+02:00,10.977395
2026-05-04T11:45:00+02:00,10.977395
2026-05-04T12:00:00+02:00,10.977395
2026-05-04T12:15:00+02:00,10.977395
2026-05-04T12:30:00+02:00,10.977395
2026-05-04T12:45:00+02:00,12.672591
2026-05-04T13:00:00+02:00,16.330645
2026-05-04T13:15:00+02:00,16.330645
2026-05-04T13:30:00+02:00,16.330645
2026-05-04T13:45:00+02:00,16.330645
2026-05-04T14:00:00+02:00,16.330645
2026-05-04T14:15:00+02:00,16.330645
2026-05-04T14:30:00+02:00,16.330645
2026-05-04T14:45:00+02:00,16.330645
2026-05-04T15:00:00+02:00,16.330645
2026-05-04T15:15:00+02:00,16.330645
2026-05-04T15:30:00+02:00,16.330645
2026-05-04T15:45:00+02:00,16.330645
2026-05-04T16:00:00+02:00,16.330645
2026-05-04T16:15:00+02:00,16.330645
2026-05-04T16:30:00+02:00,16.330645
2026-05-04T16:45:00+02:00,16.330645
2026-05-04T17:00:00+02:00,16.330645
2026-05-04T17:15:00+02:00,16.330645
2026-05-04T17:30:00+02:00,16.330645
2026-05-04T17:45:00+02:00,16.330645
2026-05-04T18:00:00+02:00,16.330645
2026-05-04T18:15:00+02:00,16.330645
2026-05-04T18:30:00+02:00,13.453794
2026-05-04T18:45:00+02:00,12.341175
2026-05-04T19:00:00+02:00,12.341175
2026-05-04T19:15:00+02:00,12.341175
2026-05-04T19:30:00+02:00,12.341175
2026-05-04T19:45:00+02:00,12.341175
2026-05-04T20:00:00+02:00,12.341175
2026-05-04T20:15:00+02:00,12.341175
2026-05-04T20:30:00+02:00,12.341175
2026-05-04T20:45:00+02:00,12.341175
2026-05-04T21:00:00+02:00,12.341175
2026-05-04T21:15:00+02:00,12.341175
2026-05-04T21:30:00+02:00,12.341175
2026-05-04T21:45:00+02:00,12.341175
2026-05-04T22:00:00+02:00,12.341175
2026-05-04T22:15:00+02:00,12.341175
2026-05-04T22:30:00+02:00,12.341175
2026-05-04T22:45:00+02:00,11.850209
2026-05-04T23:00:00+02:00,3.677071
2026-05-04T23:15:00+02:00,3.677071
2026-05-04T23:30:00+02:00,3.677071
2026-05-04T23:45:00+02:00,3.677071
2026-05-05T00:00:00+02:00,3.677071
2026-05-05T00:15:00+02:00,3.677071
2026-05-05T00:30:00+02:00,6.930892
2026-05-05T00:45:00+02:00,16.29965
2026-05-05T01:00:00+02:00,16.29965
2026-05-05T01:15:00+02:00,16.29965
2026-05-05T01:30:00+02:00,16.29965
2026-05-05T01:45:00+02:00,16.29965
2026-05-05T02:00:00+02:00,5.68022
2026-05-05T02:15:00+02:00,3.935502
2026-05-05T02:30:00+02:00,3.935502
2026-05-05T02:45:00+02:00,3.935502
2026-05-05T03:00:00+02:00,7.597185
2026-05-05T03:15:00+02:00,6.563957
2026-05-05T03:30:00+02:00,6.234488
2026-05-05T03:45:00+02:00,6.234488
2026-05-05T04:00:00+02:00,6.234488
2026-05-05T04:15:00+02:00,6.234488
2026-05-05T04:30:00+02:00,6.234488
2026-05-05T04:45:00+02:00,6.234488
2026-05-05T05:00:00+02:00,6.234488
2026-05-05T05:15:00+02:00,6.234488
2026-05-05T05:30:00+02:00,6.234488
2026-05-05T05:45:00+02:00,6.234488
2026-05-05T06:00:00+02:00,6.234488
2026-05-05T06:15:00+02:00,6.234488
2026-05-05T06:30:00+02:00,6.234488
2026-05-05T06:45:00+02:00,6.234488
2026-05-05T07:00:00+02:00,6.234488
2026-05-05T07:15:00+02:00,6.234488
2026-05-05T07:30:00+02:00,6.234488
2026-05-05T07:45:00+02:00,6.234488
2026-05-05T08:00:00+02:00,6.234488
2026-05-05T08:15:00+02:00,6.234488
2026-05-05T08:30:00+02:00,6.234488
2026-05-05T08:45:00+02:00,6.234488
2026-05-05T09:00:00+02:00,6.234488
2026-05-05T09:15:00+02:00,6.234488
2026-05-05T09:30:00+02:00,6.234488
2026-05-05T09:45:00+02:00,6.234488
2026-05-05T10:00:00+02:00,6.234488
2026-05-05T10:15:00+02:00,6.234488
2026-05-05T10:30:00+02:00,6.234488
2026-05-05T10:45:00+02:00,4.93498
2026-05-05T11:00:00+02:00,4.729267
2026-05-05T11:15:00+02:00,4.729267
2026-05-05T11:30:00+02:00,4.729267
2026-05-05T11:45:00+02:00,4.729267
2026-05-05T12:00:00+02:00,4.347826
2026-05-05T12:15:00+02:00,4.347826
2026-05-05T12:30:00+02:00,6.767668
2026-05-05T12:45:00+02:00,6.949807
2026-05-05T13:00:00+02:00,6.949807
2026-05-05T13:15:00+02:00,6.949807
2026-05-05T13:30:00+02:00,6.949807
2026-05-05T13:45:00+02:00,6.949807
2026-05-05T14:00:00+02:00,6.949807
2026-05-05T14:15:00+02:00,6.949807
2026-05-05T14:30:00+02:00,6.949807
2026-05-05T14:45:00+02:00,6.949807
2026-05-05T15:00:00+02:00,6.949807
2026-05-05T15:15:00+02:00,6.949807
2026-05-05T15:30:00+02:00,8.16676
2026-05-05T15:45:00+02:00,11.494444
2026-05-05T16:00:00+02:00,11.494444
2026-05-05T16:15:00+02:00,11.494444
2026-05-05T16:30:00+02:00,11.494444
2026-05-05T16:45:00+02:00,11.494444
2026-05-05T17:00:00+02:00,11.494444
2026-05-05T17:15:00+02:00,11.494444
2026-05-05T17:30:00+02:00,11.494444
2026-05-05T17:45:00+02:00,11.494444
2026-05-05T18:00:00+02:00,11.494444
2026-05-05T18:15:00+02:00,11.494444
2026-05-05T18:30:00+02:00,11.494444
2026-05-05T18:45:00+02:00,11.494444
2026-05-05T19:00:00+02:00,11.494444
2026-05-05T19:15:00+02:00,11.494444
2026-05-05T19:30:00+02:00,11.494444
2026-05-05T19:45:00+02:00,11.494444
2026-05-05T20:00:00+02:00,11.494444
2026-05-05T20:15:00+02:00,11.494444
2026-05-05T20:30:00+02:00,11.494444
2026-05-05T20:45:00+02:00,11.494444
2026-05-05T21:00:00+02:00,11.494444
2026-05-05T21:15:00+02:00,11.494444
2026-05-05T21:30:00+02:00,11.494444
2026-05-05T21:45:00+02:00,11.494444
2026-05-05T22:00:00+02:00,11.494444
2026-05-05T22:15:00+02:00,11.494444
2026-05-05T22:30:00+02:00,11.494444
2026-05-05T22:45:00+02:00,11.494444
2026-05-05T23:00:00+02:00,11.494444
2026-05-05T23:15:00+02:00,11.494444
2026-05-05T23:30:00+02:00,11.494444
2026-05-05T23:45:00+02:00,11.494444
2026-05-06T00:00:00+02:00,11.494444
2026-05-06T00:15:00+02:00,11.494444
2026-05-06T00:30:00+02:00,11.494444
2026-05-06T00:45:00+02:00,11.494444
2026-05-06T01:00:00+02:00,11.494444
2026-05-06T01:15:00+02:00,11.494444
2026-05-06T01:30:00+02:00,11.494444
2026-05-06T01:45:00+02:00,11.494444
2026-05-06T02:00:00+02:00,11.494444
2026-05-06T02:15:00+02:00,11.494444
2026-05-06T02:30:00+02:00,11.494444
2026-05-06T02:45:00+02:00,11.494444
2026-05-06T03:00:00+02:00,11.494444
2026-05-06T03:15:00+02:00,11.494444
2026-05-06T03:30:00+02:00,11.494444
2026-05-06T03:45:00+02:00,11.494444
2026-05-06T04:00:00+02:00,11.494444
2026-05-06T04:15:00+02:00,11.494444
2026-05-06T04:30:00+02:00,11.494444
2026-05-06T04:45:00+02:00,11.494444
2026-05-06T05:00:00+02:00,12.178228
2026-05-06T05:15:00+02:00,12.504962
2026-05-06T05:30:00+02:00,12.504962
2026-05-06T05:45:00+02:00,12.601312
2026-05-06T06:00:00+02:00,6.563477
2026-05-06T06:15:00+02:00,6.563477
2026-05-06T06:30:00+02:00,6.563477
2026-05-06T06:45:00+02:00,6.563477
2026-05-06T07:00:00+02:00,6.563477
2026-05-06T07:15:00+02:00,6.563477
2026-05-06T07:30:00+02:00,6.563477
2026-05-06T07:45:00+02:00,4.074251
2026-05-06T08:00:00+02:00,2.000741
2026-05-06T08:15:00+02:00,2.000741
2026-05-06T08:30:00+02:00,1.163119
2026-05-06T08:45:00+02:00,0.468506
2026-05-06T09:00:00+02:00,0.468506
2026-05-06T09:15:00+02:00,0.468506
2026-05-06T09:30:00+02:00,0.602092
2026-05-06T09:45:00+02:00,0.949417
2026-05-06T10:00:00+02:00,0.949417
2026-05-06T10:15:00+02:00,0.949417
2026-05-06T10:30:00+02:00,0.949417
2026-05-06T10:45:00+02:00,0.949417
2026-05-06T11:00:00+02:00,0.949417
2026-05-06T11:15:00+02:00,0.949417
2026-05-06T11:30:00+02:00,0.949417
2026-05-06T11:45:00+02:00,0.949417
2026-05-06T12:00:00+02:00,0.949417
2026-05-06T12:15:00+02:00,0.949417
2026-05-06T12:30:00+02:00,0.949417
2026-05-06T12:45:00+02:00,0.949417
2026-05-06T13:00:00+02:00,0.949417
2026-05-06T13:15:00+02:00,0.949417
2026-05-06T13:30:00+02:00,0.949417
2026-05-06T13:45:00+02:00,0.949417
2026-05-06T14:00:00+02:00,0.949417
2026-05-06T14:15:00+02:00,0.949417
2026-05-06T14:30:00+02:00,0.949417
2026-05-06T14:45:00+02:00,1.388869
2026-05-06T15:00:00+02:00,3.653892
2026-05-06T15:15:00+02:00,4.172421
2026-05-06T15:30:00+02:00,4.172421
2026-05-06T15:45:00+02:00,4.172421
2026-05-06T16:00:00+02:00,4.172421
2026-05-06T16:15:00+02:00,4.172421
2026-05-06T16:30:00+02:00,4.172421
2026-05-06T16:45:00+02:00,4.172421
2026-05-06T17:00:00+02:00,4.172421
2026-05-06T17:15:00+02:00,4.172421
2026-05-06T17:30:00+02:00,4.172421
2026-05-06T17:45:00+02:00,5.182502
2026-05-06T18:00:00+02:00,7.709672
2026-05-06T18:15:00+02:00,7.709672
2026-05-06T18:30:00+02:00,7.709672
2026-05-06T18:45:00+02:00,7.709672
2026-05-06T19:00:00+02:00,7.709672
2026-05-06T19:15:00+02:00,7.709672
2026-05-06T19:30:00+02:00,7.709672
2026-05-06T19:45:00+02:00,7.709672
2026-05-06T20:00:00+02:00,7.709672
2026-05-06T20:15:00+02:00,7.709672
2026-05-06T20:30:00+02:00,7.709672
2026-05-06T20:45:00+02:00,7.709672
2026-05-06T21:00:00+02:00,7.709672
2026-05-06T21:15:00+02:00,7.709672
2026-05-06T21:30:00+02:00,7.709672
2026-05-06T21:45:00+02:00,7.709672
2026-05-06T22:00:00+02:00,7.709672
2026-05-06T22:15:00+02:00,7.709672
2026-05-06T22:30:00+02:00,7.875555
2026-05-06T22:45:00+02:00,9.575856
2026-05-06T23:00:00+02:00,9.575856
2026-05-06T23:15:00+02:00,9.575856
2026-05-06T23:30:00+02:00,9.575856
2026-05-06T23:45:00+02:00,9.575856
2026-05-07T00:00:00+02:00,9.575856
2026-05-07T00:15:00+02:00,9.575856
2026-05-07T00:30:00+02:00,9.575856
2026-05-07T00:45:00+02:00,9.575856
2026-05-07T01:00:00+02:00,9.575856
2026-05-07T01:15:00+02:00,9.575856
2026-05-07T01:30:00+02:00,9.575856
2026-05-07T01:45:00+02:00,9.575856
2026-05-07T02:00:00+02:00,9.575856
2026-05-07T02:15:00+02:00,9.575856
2026-05-07T02:30:00+02:00,9.575856
2026-05-07T02:45:00+02:00,9.575856
2026-05-07T03:00:00+02:00,9.575856
2026-05-07T03:15:00+02:00,9.575856
2026-05-07T03:30:00+02:00,9.575856
2026-05-07T03:45:00+02:00,9.575856
2026-05-07T04:00:00+02:00,9.575856
2026-05-07T04:15:00+02:00,9.575856
2026-05-07T04:30:00+02:00,9.575856
2026-05-07T04:45:00+02:00,9.575856
2026-05-07T05:00:00+02:00,9.575856
2026-05-07T05:15:00+02:00,9.575856
2026-05-07T05:30:00+02:00,9.575856
2026-05-07T05:45:00+02:00,9.575856
2026-05-07T06:00:00+02:00,9.575856
2026-05-07T06:15:00+02:00,9.575856
2026-05-07T06:30:00+02:00,9.575856
2026-05-07T06:45:00+02:00,9.575856
2026-05-07T07:00:00+02:00,9.575856
2026-05-07T07:15:00+02:00,9.575856
2026-05-07T07:30:00+02:00,9.575856
2026-05-07T07:45:00+02:00,9.575856
2026-05-07T08:00:00+02:00,9.575856
2026-05-07T08:15:00+02:00,14.446878
2026-05-07T08:30:00+02:00,15.957108
2026-05-07T08:45:00+02:00,15.957108
2026-05-07T09:00:00+02:00,15.957108
2026-05-07T09:15:00+02:00,15.957108
2026-05-07T09:30:00+02:00,15.957108
2026-05-07T09:45:00+02:00,15.957108
2026-05-07T10:00:00+02:00,15.957108
2026-05-07T10:15:00+02:00,15.957108
2026-05-07T10:30:00+02:00,15.957108
2026-05-07T10:45:00+02:00,15.957108
2026-05-07T11:00:00+02:00,15.957108
2026-05-07T11:15:00+02:00,15.957108
2026-05-07T11:30:00+02:00,15.957108
2026-05-07T11:45:00+02:00,15.957108
2026-05-07T12:00:00+02:00,15.957108
2026-05-07T12:15:00+02:00,15.957108
2026-05-07T12:30:00+02:00,15.957108
2026-05-07T12:45:00+02:00,15.957108
2026-05-07T13:00:00+02:00,15.957108
2026-05-07T13:15:00+02:00,15.957108
2026-05-07T13:30:00+02:00,18.249241
2026-05-07T13:45:00+02:00,18.71134
2026-05-07T14:00:00+02:00,18.71134
2026-05-07T14:15:00+02:00,18.71134
2026-05-07T14:30:00+02:00,18.71134
2026-05-07T14:45:00+02:00,18.71134
2026-05-07T15:00:00+02:00,15.006505
2026-05-07T15:15:00+02:00,8.576534
2026-05-07T15:30:00+02:00,20.939516
2026-05-07T15:45:00+02:00,28.812311
2026-05-07T16:00:00+02:00,12.475335
2026-05-07T16:15:00+02:00,2.545197
2026-05-07T16:30:00+02:00,2.545197
2026-05-07T16:45:00+02:00,2.545197
2026-05-07T17:00:00+02:00,2.545197
2026-05-07T17:15:00+02:00,2.545197
2026-05-07T17:30:00+02:00,2.545197
2026-05-07T17:45:00+02:00,2.545197
2026-05-07T18:00:00+02:00,2.545197
2026-05-07T18:15:00+02:00,2.545197
2026-05-07T18:30:00+02:00,2.545197
2026-05-07T18:45:00+02:00,1.65884
2026-05-07T19:00:00+02:00,0.135162
2026-05-07T19:15:00+02:00,0.135162
2026-05-07T19:30:00+02:00,0.135162
2026-05-07T19:45:00+02:00,0.135162
2026-05-07T20:00:00+02:00,0.135162
2026-05-07T20:15:00+02:00,0.135162
2026-05-07T20:30:00+02:00,0.135162
2026-05-07T20:45:00+02:00,0.135162
2026-05-07T21:00:00+02:00,0.135162
2026-05-07T21:15:00+02:00,0.135162
2026-05-07T21:30:00+02:00,0.135162
2026-05-07T21:45:00+02:00,0.135162
2026-05-07T22:00:00+02:00,0.135162
2026-05-07T22:15:00+02:00,0.135162
2026-05-07T22:30:00+02:00,0.135162
2026-05-07T22:45:00+02:00,0.135162
2026-05-07T23:00:00+02:00,0.135162
2026-05-07T23:15:00+02:00,0.135162
2026-05-07T23:30:00+02:00,0.135162
2026-05-07T23:45:00+02:00,0.135162
2026-05-08T00:00:00+02:00,0.135162
2026-05-08T00:15:00+02:00,0.187865
2026-05-08T00:30:00+02:00,0.441176
2026-05-08T00:45:00+02:00,0.441176
2026-05-08T01:00:00+02:00,0.136023
2026-05-08T01:15:00+02:00,0.104197
2026-05-08T01:30:00+02:00,0.104197
2026-05-08T01:45:00+02:00,0.104197
2026-05-08T02:00:00+02:00,0.104197
2026-05-08T02:15:00+02:00,0.104197
2026-05-08T02:30:00+02:00,0.104197
2026-05-08T02:45:00+02:00,0.104197
2026-05-08T03:00:00+02:00,0.104197
2026-05-08T03:15:00+02:00,0.104197
2026-05-08T03:30:00+02:00,0.104197
2026-05-08T03:45:00+02:00,0.104197
2026-05-08T04:00:00+02:00,0.104197
2026-05-08T04:15:00+02:00,0.104197
2026-05-08T04:30:00+02:00,0.104197
2026-05-08T04:45:00+02:00,0.104197
2026-05-08T05:00:00+02:00,0.104197
2026-05-08T05:15:00+02:00,0.104197
2026-05-08T05:30:00+02:00,0.104197
2026-05-08T05:45:00+02:00,0.112767
2026-05-08T06:00:00+02:00,0.116249
2026-05-08T06:15:00+02:00,0.116249
2026-05-08T06:30:00+02:00,0.116249
2026-05-08T06:45:00+02:00,0.116249
2026-05-08T07:00:00+02:00,0.116249
2026-05-08T07:15:00+02:00,0.116249
2026-05-08T07:30:00+02:00,0.116249
2026-05-08T07:45:00+02:00,0.116249
2026-05-08T08:00:00+02:00,0.116249
2026-05-08T08:15:00+02:00,0.116249
2026-05-08T08:30:00+02:00,0.116249
2026-05-08T08:45:00+02:00,0.116249
2026-05-08T09:00:00+02:00,0.116249
2026-05-08T09:15:00+02:00,0.116249
2026-05-08T09:30:00+02:00,0.116249
2026-05-08T09:45:00+02:00,0.116249
2026-05-08T10:00:00+02:00,0.131196
2026-05-08T10:15:00+02:00,0.145749
2026-05-08T10:30:00+02:00,0.145749
2026-05-08T10:45:00+02:00,0.145749
2026-05-08T11:00:00+02:00,0.145749
2026-05-08T11:15:00+02:00,0.145749
2026-05-08T11:30:00+02:00,0.145749
2026-05-08T11:45:00+02:00,0.149993
2026-05-08T12:00:00+02:00,0.152323
2026-05-08T12:15:00+02:00,0.152323
2026-05-08T12:30:00+02:00,0.152323
2026-05-08T12:45:00+02:00,0.152323
2026-05-08T13:00:00+02:00,0.152323
2026-05-08T13:15:00+02:00,0.152323
2026-05-08T13:30:00+02:00,0.152323
2026-05-08T13:45:00+02:00,0.152323
2026-05-08T14:00:00+02:00,0.152323
2026-05-08T14:15:00+02:00,0.152323
2026-05-08T14:30:00+02:00,0.152323
2026-05-08T14:45:00+02:00,0.152323
2026-05-08T15:00:00+02:00,0.129043
2026-05-08T15:15:00+02:00,0.107168
2026-05-08T15:30:00+02:00,0.107168
2026-05-08T15:45:00+02:00,0.107168
2026-05-08T16:00:00+02:00,0.107168
2026-05-08T16:15:00+02:00,0.107168
2026-05-08T16:30:00+02:00,0.107168
2026-05-08T16:45:00+02:00,0.107168
2026-05-08T17:00:00+02:00,0.107168
2026-05-08T17:15:00+02:00,0.171198
2026-05-08T17:30:00+02:00,0.454316
2026-05-08T17:45:00+02:00,0.454316
2026-05-08T18:00:00+02:00,0.007572
2026-05-08T18:15:00+02:00,0.0
2026-05-08T18:30:00+02:00,0.0
2026-05-08T18:45:00+02:00,0.0
2026-05-08T19:00:00+02:00,0.0
2026-05-08T19:15:00+02:00,0.0
2026-05-08T19:30:00+02:00,0.250952
2026-05-08T19:45:00+02:00,0.428571
2026-05-08T20:00:00+02:00,0.352543
2026-05-08T20:15:00+02:00,0.127137
2026-05-08T20:30:00+02:00,0.127137
2026-05-08T20:45:00+02:00,0.127137
2026-05-08T21:00:00+02:00,0.127137
2026-05-08T21:15:00+02:00,0.127137
2026-05-08T21:30:00+02:00,0.127137
2026-05-08T21:45:00+02:00,0.127137
2026-05-08T22:00:00+02:00,0.127137
2026-05-08T22:15:00+02:00,0.127137
2026-05-08T22:30:00+02:00,0.127137
2026-05-08T22:45:00+02:00,0.127137
2026-05-08T23:00:00+02:00,0.127137
2026-05-08T23:15:00+02:00,0.127137
2026-05-08T23:30:00+02:00,0.127137
2026-05-08T23:45:00+02:00,0.127137
2026-05-09T00:00:00+02:00,0.113339
2026-05-09T00:15:00+02:00,0.10066
2026-05-09T00:30:00+02:00,0.10066
2026-05-09T00:45:00+02:00,0.10066
2026-05-09T01:00:00+02:00,0.10066
2026-05-09T01:15:00+02:00,0.10066
2026-05-09T01:30:00+02:00,0.10066
2026-05-09T01:45:00+02:00,0.10066
2026-05-09T02:00:00+02:00,0.10066
2026-05-09T02:15:00+02:00,0.10066
2026-05-09T02:30:00+02:00,0.127916
2026-05-09T02:45:00+02:00,0.147119
2026-05-09T03:00:00+02:00,0.147119
2026-05-09T03:15:00+02:00,0.147119
2026-05-09T03:30:00+02:00,0.147119
2026-05-09T03:45:00+02:00,0.147119
2026-05-09T04:00:00+02:00,0.147119
2026-05-09T04:15:00+02:00,0.147119
2026-05-09T04:30:00+02:00,0.147119
2026-05-09T04:45:00+02:00,0.147119
2026-05-09T05:00:00+02:00,0.147119
2026-05-09T05:15:00+02:00,0.147119
2026-05-09T05:30:00+02:00,0.147119
2026-05-09T05:45:00+02:00,0.147119
2026-05-09T06:00:00+02:00,0.001144
2026-05-09T06:15:00+02:00,0.0
2026-05-09T06:30:00+02:00,0.0
2026-05-09T06:45:00+02:00,1.0
2026-05-09T07:00:00+02:00,0.060053
2026-05-09T07:15:00+02:00,0.082896
2026-05-09T07:30:00+02:00,0.082896
2026-05-09T07:45:00+02:00,0.082896
2026-05-09T08:00:00+02:00,0.082896
2026-05-09T08:15:00+02:00,0.082896
2026-05-09T08:30:00+02:00,0.082896
2026-05-09T08:45:00+02:00,0.082896
2026-05-09T09:00:00+02:00,0.082896
2026-05-09T09:15:00+02:00,0.082896
2026-05-09T09:30:00+02:00,0.082896
2026-05-09T09:45:00+02:00,0.082896
2026-05-09T10:00:00+02:00,0.150546
2026-05-09T10:15:00+02:00,0.185223
2026-05-09T10:30:00+02:00,0.185223
2026-05-09T10:45:00+02:00,0.185223
2026-05-09T11:00:00+02:00,0.185223
2026-05-09T11:15:00+02:00,0.136654
2026-05-09T11:30:00+02:00,0.079701
2026-05-09T11:45:00+02:00,0.17243
2026-05-09T12:00:00+02:00,0.17243
2026-05-09T12:15:00+02:00,0.17243
2026-05-09T12:30:00+02:00,0.17243
2026-05-09T12:45:00+02:00,0.17243
2026-05-09T13:00:00+02:00,0.17243
2026-05-09T13:15:00+02:00,0.17243
2026-05-09T13:30:00+02:00,0.17243
2026-05-09T13:45:00+02:00,0.17243
2026-05-09T14:00:00+02:00,0.17243
2026-05-09T14:15:00+02:00,0.17243
2026-05-09T14:30:00+02:00,0.107114
2026-05-09T14:45:00+02:00,0.096774
2026-05-09T15:00:00+02:00,0.096774
2026-05-09T15:15:00+02:00,0.096774
2026-05-09T15:30:00+02:00,0.096774
2026-05-09T15:45:00+02:00,0.096774
2026-05-09T16:00:00+02:00,0.096774
2026-05-09T16:15:00+02:00,0.096774
2026-05-09T16:30:00+02:00,0.096774
2026-05-09T16:45:00+02:00,0.096774
2026-05-09T17:00:00+02:00,0.096774
2026-05-09T17:15:00+02:00,0.096774
2026-05-09T17:30:00+02:00,0.096774
2026-05-09T17:45:00+02:00,0.096774
2026-05-09T18:00:00+02:00,0.096774
2026-05-09T18:15:00+02:00,0.096774
2026-05-09T18:30:00+02:00,0.096774
2026-05-09T18:45:00+02:00,0.096774
2026-05-09T19:00:00+02:00,0.096774
2026-05-09T19:15:00+02:00,0.096774
2026-05-09T19:30:00+02:00,0.111025
2026-05-09T19:45:00+02:00,0.169237
2026-05-09T20:00:00+02:00,0.169237
2026-05-09T20:15:00+02:00,0.169237
2026-05-09T20:30:00+02:00,0.169237
2026-05-09T20:45:00+02:00,0.169237
2026-05-09T21:00:00+02:00,0.169237
2026-05-09T21:15:00+02:00,0.169237
2026-05-09T21:30:00+02:00,0.169237
2026-05-09T21:45:00+02:00,0.169237
2026-05-09T22:00:00+02:00,0.169237
2026-05-09T22:15:00+02:00,0.169237
2026-05-09T22:30:00+02:00,0.169237
2026-05-09T22:45:00+02:00,0.169237
2026-05-09T23:00:00+02:00,0.169237
2026-05-09T23:15:00+02:00,0.169237
2026-05-09T23:30:00+02:00,0.169237
2026-05-09T23:45:00+02:00,0.169237
2026-05-10T00:00:00+02:00,0.159503
2026-05-10T00:15:00+02:00,0.148527
2026-05-10T00:30:00+02:00,0.148527
2026-05-10T00:45:00+02:00,0.148527
2026-05-10T01:00:00+02:00,0.148527
2026-05-10T01:15:00+02:00,0.148527
2026-05-10T01:30:00+02:00,0.148527
2026-05-10T01:45:00+02:00,0.148527
2026-05-10T02:00:00+02:00,0.148527
2026-05-10T02:15:00+02:00,0.148527
2026-05-10T02:30:00+02:00,0.148527
2026-05-10T02:45:00+02:00,0.148527
2026-05-10T03:00:00+02:00,0.148527
2026-05-10T03:15:00+02:00,0.147867
2026-05-10T03:30:00+02:00,0.0
2026-05-10T03:45:00+02:00,0.0
2026-05-10T04:00:00+02:00,0.11181
2026-05-10T04:15:00+02:00,0.151549
2026-05-10T04:30:00+02:00,0.151549
2026-05-10T04:45:00+02:00,0.151549
2026-05-10T05:00:00+02:00,0.151549
2026-05-10T05:15:00+02:00,0.151549
2026-05-10T05:30:00+02:00,0.151549
2026-05-10T05:45:00+02:00,0.151549
2026-05-10T06:00:00+02:00,0.151549
2026-05-10T06:15:00+02:00,0.151549
2026-05-10T06:30:00+02:00,0.151549
2026-05-10T06:45:00+02:00,0.151549
2026-05-10T07:00:00+02:00,0.151549
2026-05-10T07:15:00+02:00,0.151549
2026-05-10T07:30:00+02:00,0.151549
2026-05-10T07:45:00+02:00,0.151549
2026-05-10T08:00:00+02:00,0.151549
2026-05-10T08:15:00+02:00,0.151549
2026-05-10T08:30:00+02:00,0.151549
2026-05-10T08:45:00+02:00,0.151549
2026-05-10T09:00:00+02:00,0.131661
2026-05-10T09:15:00+02:00,0.130441
2026-05-10T09:30:00+02:00,0.130441
2026-05-10T09:45:00+02:00,0.130441
2026-05-10T10:00:00+02:00,0.130441
2026-05-10T10:15:00+02:00,0.130441
2026-05-10T10:30:00+02:00,0.130441
2026-05-10T10:45:00+02:00,0.130441
2026-05-10T11:00:00+02:00,0.130441
2026-05-10T11:15:00+02:00,0.130441
2026-05-10T11:30:00+02:00,0.130441
2026-05-10T11:45:00+02:00,0.130441
2026-05-10T12:00:00+02:00,0.130441
2026-05-10T12:15:00+02:00,0.130441
2026-05-10T12:30:00+02:00,0.130441
2026-05-10T12:45:00+02:00,0.130441
2026-05-10T13:00:00+02:00,0.130441
2026-05-10T13:15:00+02:00,0.130441
2026-05-10T13:30:00+02:00,0.130441
2026-05-10T13:45:00+02:00,0.130441
2026-05-10T14:00:00+02:00,0.130441
2026-05-10T14:15:00+02:00,0.130441
2026-05-10T14:30:00+02:00,0.130441
2026-05-10T14:45:00+02:00,0.107427
2026-05-10T15:00:00+02:00,0.106045
2026-05-10T15:15:00+02:00,0.106045
2026-05-10T15:30:00+02:00,0.106045
2026-05-10T15:45:00+02:00,0.106045
2026-05-10T16:00:00+02:00,0.106045
2026-05-10T16:15:00+02:00,0.106045
2026-05-10T16:30:00+02:00,0.106045
2026-05-10T16:45:00+02:00,0.106045
2026-05-10T17:00:00+02:00,0.106045
2026-05-10T17:15:00+02:00,0.106045
2026-05-10T17:30:00+02:00,0.106045
2026-05-10T17:45:00+02:00,0.106045
2026-05-10T18:00:00+02:00,0.106045
2026-05-10T18:15:00+02:00,0.106045
2026-05-10T18:30:00+02:00,0.106045
2026-05-10T18:45:00+02:00,0.106045
2026-05-10T19:00:00+02:00,0.106045
2026-05-10T19:15:00+02:00,0.10971
2026-05-10T19:30:00+02:00,0.150025
2026-05-10T19:45:00+02:00,0.150025
2026-05-10T20:00:00+02:00,0.150025
2026-05-10T20:15:00+02:00,0.150025
2026-05-10T20:30:00+02:00,0.150025
2026-05-10T20:45:00+02:00,0.150025
2026-05-10T21:00:00+02:00,0.150025
2026-05-10T21:15:00+02:00,0.150025
2026-05-10T21:30:00+02:00,0.150025
2026-05-10T21:45:00+02:00,0.150025
2026-05-10T22:00:00+02:00,0.150025
2026-05-10T22:15:00+02:00,0.150025
2026-05-10T22:30:00+02:00,0.150025
2026-05-10T22:45:00+02:00,0.101661
2026-05-10T23:00:00+02:00,0.085731
2026-05-10T23:15:00+02:00,0.085731
2026-05-10T23:30:00+02:00,0.085731
2026-05-10T23:45:00+02:00,0.085731
2026-05-11T00:00:00+02:00,0.085731
2026-05-11T00:15:00+02:00,0.085731
2026-05-11T00:30:00+02:00,0.085731
2026-05-11T00:45:00+02:00,0.085731
2026-05-11T01:00:00+02:00,0.085731
2026-05-11T01:15:00+02:00,0.085731
2026-05-11T01:30:00+02:00,0.10091
2026-05-11T01:45:00+02:00,0.258658
2026-05-11T02:00:00+02:00,0.258658
2026-05-11T02:15:00+02:00,0.258658
2026-05-11T02:30:00+02:00,0.258658
2026-05-11T02:45:00+02:00,0.258658
2026-05-11T03:00:00+02:00,0.258658
2026-05-11T03:15:00+02:00,0.258658
2026-05-11T03:30:00+02:00,2.356536
2026-05-11T03:45:00+02:00,6.15894
2026-05-11T04:00:00+02:00,6.15894
2026-05-11T04:15:00+02:00,6.15894
2026-05-11T04:30:00+02:00,6.15894
2026-05-11T04:45:00+02:00,6.15894
2026-05-11T05:00:00+02:00,6.15894
2026-05-11T05:15:00+02:00,6.15894
2026-05-11T05:30:00+02:00,6.15894
2026-05-11T05:45:00+02:00,6.15894
2026-05-11T06:00:00+02:00,6.15894
2026-05-11T06:15:00+02:00,6.15894
2026-05-11T06:30:00+02:00,6.15894
2026-05-11T06:45:00+02:00,6.15894
2026-05-11T07:00:00+02:00,6.15894
2026-05-11T07:15:00+02:00,6.15894
2026-05-11T07:30:00+02:00,6.15894
2026-05-11T07:45:00+02:00,6.15894
2026-05-11T08:00:00+02:00,6.15894
2026-05-11T08:15:00+02:00,6.15894
2026-05-11T08:30:00+02:00,6.902121
2026-05-11T08:45:00+02:00,9.503254
2026-05-11T09:00:00+02:00,9.503254
2026-05-11T09:15:00+02:00,9.503254
2026-05-11T09:30:00+02:00,9.503254
2026-05-11T09:45:00+02:00,9.503254
2026-05-11T10:00:00+02:00,9.503254
2026-05-11T10:15:00+02:00,9.503254
2026-05-11T10:30:00+02:00,9.503254
2026-05-11T10:45:00+02:00,9.503254
2026-05-11T11:00:00+02:00,9.503254
2026-05-11T11:15:00+02:00,9.503254
2026-05-11T11:30:00+02:00,9.503254
2026-05-11T11:45:00+02:00,9.503254
2026-05-11T12:00:00+02:00,9.503254
2026-05-11T12:15:00+02:00,9.503254
2026-05-11T12:30:00+02:00,9.503254
2026-05-11T12:45:00+02:00,9.261632
2026-05-11T13:00:00+02:00,9.011264
2026-05-11T13:15:00+02:00,9.011264
2026-05-11T13:30:00+02:00,16.505163
2026-05-11T13:45:00+02:00,18.064297
2026-05-11T14:00:00+02:00,18.064297
2026-05-11T14:15:00+02:00,18.064297
2026-05-11T14:30:00+02:00,18.064297
2026-05-11T14:45:00+02:00,18.064297
2026-05-11T15:00:00+02:00,18.93196
2026-05-11T15:15:00+02:00,14.535589
2026-05-11T15:30:00+02:00,10.720901
2026-05-11T15:45:00+02:00,10.720901
2026-05-11T16:00:00+02:00,10.720901
2026-05-11T16:15:00+02:00,10.720901
2026-05-11T16:30:00+02:00,10.720901
2026-05-11T16:45:00+02:00,10.720901
2026-05-11T17:00:00+02:00,10.720901
2026-05-11T17:15:00+02:00,10.720901
2026-05-11T17:30:00+02:00,10.720901
2026-05-11T17:45:00+02:00,10.720901
2026-05-11T18:00:00+02:00,10.720901
2026-05-11T18:15:00+02:00,10.720901
2026-05-11T18:30:00+02:00,10.720901
2026-05-11T18:45:00+02:00,10.720901
2026-05-11T19:00:00+02:00,10.720901
2026-05-11T19:15:00+02:00,10.720901
2026-05-11T19:30:00+02:00,10.720901
2026-05-11T19:45:00+02:00,10.720901
2026-05-11T20:00:00+02:00,10.720901
2026-05-11T20:15:00+02:00,10.720901
2026-05-11T20:30:00+02:00,10.720901
2026-05-11T20:45:00+02:00,10.720901
2026-05-11T21:00:00+02:00,10.720901
2026-05-11T21:15:00+02:00,10.720901
2026-05-11T21:30:00+02:00,10.720901
2026-05-11T21:45:00+02:00,10.720901
2026-05-11T22:00:00+02:00,10.720901
2026-05-11T22:15:00+02:00,10.720901
2026-05-11T22:30:00+02:00,10.720901
2026-05-11T22:45:00+02:00,10.658325
2026-05-11T23:00:00+02:00,8.904183
2026-05-11T23:15:00+02:00,8.904183
2026-05-11T23:30:00+02:00,8.904183
2026-05-11T23:45:00+02:00,8.904183
2026-05-12T00:00:00+02:00,8.904183
2026-05-12T00:15:00+02:00,8.904183
2026-05-12T00:30:00+02:00,8.904183
2026-05-12T00:45:00+02:00,8.904183
2026-05-12T01:00:00+02:00,8.904183
2026-05-12T01:15:00+02:00,8.904183
2026-05-12T01:30:00+02:00,11.251361
2026-05-12T01:45:00+02:00,12.246683
2026-05-12T02:00:00+02:00,12.246683
2026-05-12T02:15:00+02:00,12.246683
2026-05-12T02:30:00+02:00,12.246683
2026-05-12T02:45:00+02:00,12.246683
2026-05-12T03:00:00+02:00,12.246683
2026-05-12T03:15:00+02:00,12.246683
2026-05-12T03:30:00+02:00,12.246683
2026-05-12T03:45:00+02:00,12.246683
2026-05-12T04:00:00+02:00,12.246683
2026-05-12T04:15:00+02:00,12.246683
2026-05-12T04:30:00+02:00,12.246683
2026-05-12T04:45:00+02:00,12.246683
2026-05-12T05:00:00+02:00,12.246683
2026-05-12T05:15:00+02:00,12.246683
2026-05-12T05:30:00+02:00,12.246683
2026-05-12T05:45:00+02:00,12.246683
2026-05-12T06:00:00+02:00,12.246683
2026-05-12T06:15:00+02:00,12.246683
2026-05-12T06:30:00+02:00,12.246683
2026-05-12T06:45:00+02:00,12.246683
2026-05-12T07:00:00+02:00,12.246683
2026-05-12T07:15:00+02:00,11.935545
2026-05-12T07:30:00+02:00,11.87579
2026-05-12T07:45:00+02:00,11.87579
2026-05-12T08:00:00+02:00,11.87579
2026-05-12T08:15:00+02:00,11.87579
2026-05-12T08:30:00+02:00,11.87579
2026-05-12T08:45:00+02:00,11.87579
2026-05-12T09:00:00+02:00,11.87579
2026-05-12T09:15:00+02:00,11.87579
2026-05-12T09:30:00+02:00,11.87579
2026-05-12T09:45:00+02:00,11.87579
2026-05-12T10:00:00+02:00,11.87579
2026-05-12T10:15:00+02:00,11.87579
2026-05-12T10:30:00+02:00,11.87579
2026-05-12T10:45:00+02:00,3.687815
2026-05-12T11:00:00+02:00,1.333333
2026-05-12T11:15:00+02:00,1.333333
2026-05-12T11:30:00+02:00,4.181111
2026-05-12T11:45:00+02:00,4.476213
2026-05-12T12:00:00+02:00,4.325596
2026-05-12T12:15:00+02:00,4.325596
2026-05-12T12:30:00+02:00,4.325596
2026-05-12T12:45:00+02:00,4.325596
2026-05-12T13:00:00+02:00,4.325596
2026-05-12T13:15:00+02:00,4.325596
2026-05-12T13:30:00+02:00,4.325596
2026-05-12T13:45:00+02:00,4.325596
2026-05-12T14:00:00+02:00,4.325596
2026-05-12T14:15:00+02:00,4.325596
2026-05-12T14:30:00+02:00,5.852353
2026-05-12T14:45:00+02:00,6.001305
2026-05-12T15:00:00+02:00,6.001305
2026-05-12T15:15:00+02:00,6.001305
2026-05-12T15:30:00+02:00,6.001305
2026-05-12T15:45:00+02:00,6.001305
2026-05-12T16:00:00+02:00,6.001305
2026-05-12T16:15:00+02:00,6.001305
2026-05-12T16:30:00+02:00,6.001305
2026-05-12T16:45:00+02:00,6.001305
2026-05-12T17:00:00+02:00,6.001305
2026-05-12T17:15:00+02:00,6.001305
2026-05-12T17:30:00+02:00,6.001305
2026-05-12T17:45:00+02:00,6.001305
2026-05-12T18:00:00+02:00,6.001305
2026-05-12T18:15:00+02:00,3.75986
2026-05-12T18:30:00+02:00,2.144133
2026-05-12T18:45:00+02:00,1.504331
2026-05-12T19:00:00+02:00,10.68713
2026-05-12T19:15:00+02:00,11.557545
2026-05-12T19:30:00+02:00,11.557545
2026-05-12T19:45:00+02:00,11.557545
2026-05-12T20:00:00+02:00,11.557545
2026-05-12T20:15:00+02:00,11.557545
2026-05-12T20:30:00+02:00,11.557545
2026-05-12T20:45:00+02:00,11.557545
2026-05-12T21:00:00+02:00,11.557545
2026-05-12T21:15:00+02:00,11.557545
2026-05-12T21:30:00+02:00,11.557545
2026-05-12T21:45:00+02:00,11.557545
2026-05-12T22:00:00+02:00,11.557545
2026-05-12T22:15:00+02:00,11.557545
2026-05-12T22:30:00+02:00,11.557545
2026-05-12T22:45:00+02:00,11.557545
2026-05-12T23:00:00+02:00,11.557545
2026-05-12T23:15:00+02:00,11.557545
2026-05-12T23:30:00+02:00,11.557545
2026-05-12T23:45:00+02:00,11.557545
2026-05-13T00:00:00+02:00,11.557545
2026-05-13T00:15:00+02:00,11.557545
2026-05-13T00:30:00+02:00,11.557545
2026-05-13T00:45:00+02:00,11.557545
2026-05-13T01:00:00+02:00,11.557545
2026-05-13T01:15:00+02:00,11.557545
2026-05-13T01:30:00+02:00,11.557545
2026-05-13T01:45:00+02:00,11.557545
2026-05-13T02:00:00+02:00,11.557545
2026-05-13T02:15:00+02:00,11.557545
2026-05-13T02:30:00+02:00,11.557545
2026-05-13T02:45:00+02:00,11.557545
2026-05-13T03:00:00+02:00,11.557545
2026-05-13T03:15:00+02:00,11.557545
2026-05-13T03:30:00+02:00,12.048523
2026-05-13T03:45:00+02:00,12.310323
2026-05-13T04:00:00+02:00,12.310323
2026-05-13T04:15:00+02:00,12.310323
2026-05-13T04:30:00+02:00,12.310323
2026-05-13T04:45:00+02:00,12.310323
2026-05-13T05:00:00+02:00,12.310323
2026-05-13T05:15:00+02:00,12.310323
2026-05-13T05:30:00+02:00,12.310323
2026-05-13T05:45:00+02:00,12.310323
2026-05-13T06:00:00+02:00,12.310323
2026-05-13T06:15:00+02:00,12.310323
2026-05-13T06:30:00+02:00,12.310323
2026-05-13T06:45:00+02:00,12.310323
2026-05-13T07:00:00+02:00,12.310323
2026-05-13T07:15:00+02:00,11.636145
2026-05-13T07:30:00+02:00,0.175131
2026-05-13T07:45:00+02:00,0.175131
2026-05-13T08:00:00+02:00,0.175131
2026-05-13T08:15:00+02:00,0.175131
2026-05-13T08:30:00+02:00,0.175131
2026-05-13T08:45:00+02:00,0.175131
2026-05-13T09:00:00+02:00,0.175131
2026-05-13T09:15:00+02:00,0.175131
2026-05-13T09:30:00+02:00,0.175131
2026-05-13T09:45:00+02:00,0.175131
2026-05-13T10:00:00+02:00,0.175131
2026-05-13T10:15:00+02:00,0.175131
2026-05-13T10:30:00+02:00,0.175131
2026-05-13T10:45:00+02:00,0.175131
2026-05-13T11:00:00+02:00,0.175131
2026-05-13T11:15:00+02:00,0.175131
2026-05-13T11:30:00+02:00,0.175131
2026-05-13T11:45:00+02:00,288.288684
2026-05-13T12:00:00+02:00,23.430236
2026-05-13T12:15:00+02:00,23.430236
2026-05-13T12:30:00+02:00,23.430236
2026-05-13T12:45:00+02:00,23.430236
2026-05-13T13:00:00+02:00,23.430236
2026-05-13T13:15:00+02:00,23.430236
2026-05-13T13:30:00+02:00,23.430236
2026-05-13T13:45:00+02:00,23.430236
2026-05-13T14:00:00+02:00,23.430236
2026-05-13T14:15:00+02:00,23.430236
2026-05-13T14:30:00+02:00,23.430236
2026-05-13T14:45:00+02:00,23.430236
2026-05-13T15:00:00+02:00,23.430236
2026-05-13T15:15:00+02:00,23.430236
2026-05-13T15:30:00+02:00,23.430236
2026-05-13T15:45:00+02:00,23.430236
2026-05-13T16:00:00+02:00,23.430236
2026-05-13T16:15:00+02:00,23.02562
2026-05-13T16:30:00+02:00,20.290972
2026-05-13T16:45:00+02:00,20.290972
2026-05-13T17:00:00+02:00,20.290972
2026-05-13T17:15:00+02:00,20.290972
2026-05-13T17:30:00+02:00,20.290972
2026-05-13T17:45:00+02:00,20.290972
2026-05-13T18:00:00+02:00,20.290972
2026-05-13T18:15:00+02:00,20.290972
2026-05-13T18:30:00+02:00,20.290972
2026-05-13T18:45:00+02:00,20.290972
2026-05-13T19:00:00+02:00,20.290972
2026-05-13T19:15:00+02:00,11.081352
2026-05-13T19:30:00+02:00,4.855854
2026-05-13T19:45:00+02:00,4.855854
2026-05-13T20:00:00+02:00,4.855854
2026-05-13T20:15:00+02:00,4.855854
2026-05-13T20:30:00+02:00,4.855854
2026-05-13T20:45:00+02:00,4.855854
2026-05-13T21:00:00+02:00,4.855854
2026-05-13T21:15:00+02:00,4.855854
2026-05-13T21:30:00+02:00,4.855854
2026-05-13T21:45:00+02:00,4.855854
2026-05-13T22:00:00+02:00,4.855854
2026-05-13T22:15:00+02:00,4.855854
2026-05-13T22:30:00+02:00,4.855854
2026-05-13T22:45:00+02:00,3.197125
2026-05-13T23:00:00+02:00,2.779558
2026-05-13T23:15:00+02:00,2.779558
2026-05-13T23:30:00+02:00,2.779558
2026-05-13T23:45:00+02:00,2.779558
2026-05-14T00:00:00+02:00,2.779558
2026-05-14T00:15:00+02:00,2.779558
2026-05-14T00:30:00+02:00,2.779558
2026-05-14T00:45:00+02:00,2.779558
2026-05-14T01:00:00+02:00,2.779558
2026-05-14T01:15:00+02:00,2.779558
2026-05-14T01:30:00+02:00,2.779558
2026-05-14T01:45:00+02:00,2.779558
2026-05-14T02:00:00+02:00,2.779558
2026-05-14T02:15:00+02:00,2.779558
2026-05-14T02:30:00+02:00,2.779558
2026-05-14T02:45:00+02:00,2.779558
2026-05-14T03:00:00+02:00,2.779558
2026-05-14T03:15:00+02:00,2.779558
2026-05-14T03:30:00+02:00,1.044056
2026-05-14T03:45:00+02:00,0.405771
2026-05-14T04:00:00+02:00,0.405771
2026-05-14T04:15:00+02:00,0.405771
2026-05-14T04:30:00+02:00,0.405771
2026-05-14T04:45:00+02:00,0.405771
2026-05-14T05:00:00+02:00,0.405771
2026-05-14T05:15:00+02:00,0.356092
2026-05-14T05:30:00+02:00,0.258695
2026-05-14T05:45:00+02:00,0.258695
2026-05-14T06:00:00+02:00,0.258695
2026-05-14T06:15:00+02:00,0.258695
2026-05-14T06:30:00+02:00,0.258695
2026-05-14T06:45:00+02:00,0.258695
2026-05-14T07:00:00+02:00,0.258695
2026-05-14T07:15:00+02:00,0.258695
2026-05-14T07:30:00+02:00,0.258695
2026-05-14T07:45:00+02:00,0.258695
2026-05-14T08:00:00+02:00,0.258695
2026-05-14T08:15:00+02:00,0.31336
2026-05-14T08:30:00+02:00,0.332456
2026-05-14T08:45:00+02:00,0.332456
2026-05-14T09:00:00+02:00,0.332456
2026-05-14T09:15:00+02:00,0.332456
2026-05-14T09:30:00+02:00,0.332456
2026-05-14T09:45:00+02:00,0.332456
2026-05-14T10:00:00+02:00,0.332456
2026-05-14T10:15:00+02:00,0.332456
2026-05-14T10:30:00+02:00,0.332456
2026-05-14T10:45:00+02:00,0.332456
2026-05-14T11:00:00+02:00,0.332456
2026-05-14T11:15:00+02:00,0.332456
2026-05-14T11:30:00+02:00,0.332456
2026-05-14T11:45:00+02:00,0.332456
2026-05-14T12:00:00+02:00,0.332456
2026-05-14T12:15:00+02:00,0.332456
2026-05-14T12:30:00+02:00,0.332456
2026-05-14T12:45:00+02:00,0.332456
2026-05-14T13:00:00+02:00,0.332456
2026-05-14T13:15:00+02:00,0.332456
2026-05-14T13:30:00+02:00,0.332456
2026-05-14T13:45:00+02:00,0.332456
2026-05-14T14:00:00+02:00,0.332456
2026-05-14T14:15:00+02:00,0.285513
2026-05-14T14:30:00+02:00,0.263196
2026-05-14T14:45:00+02:00,0.263196
2026-05-14T15:00:00+02:00,0.263196
2026-05-14T15:15:00+02:00,0.263196
2026-05-14T15:30:00+02:00,0.263196
2026-05-14T15:45:00+02:00,0.263196
2026-05-14T16:00:00+02:00,0.265105
2026-05-14T16:15:00+02:00,0.287393
2026-05-14T16:30:00+02:00,0.287393
2026-05-14T16:45:00+02:00,0.287393
2026-05-14T17:00:00+02:00,0.287393
2026-05-14T17:15:00+02:00,0.287393
2026-05-14T17:30:00+02:00,0.287393
2026-05-14T17:45:00+02:00,0.287393
2026-05-14T18:00:00+02:00,0.287393
2026-05-14T18:15:00+02:00,0.287393
2026-05-14T18:30:00+02:00,0.287393
2026-05-14T18:45:00+02:00,0.287393
2026-05-14T19:00:00+02:00,0.287393
2026-05-14T19:15:00+02:00,0.287393
2026-05-14T19:30:00+02:00,0.287393
2026-05-14T19:45:00+02:00,0.287393
2026-05-14T20:00:00+02:00,0.287393
2026-05-14T20:15:00+02:00,0.287393
2026-05-14T20:30:00+02:00,0.091646
2026-05-14T20:45:00+02:00,0.0
2026-05-14T21:00:00+02:00,0.024916
2026-05-14T21:15:00+02:00,0.168602
2026-05-14T21:30:00+02:00,0.168602
2026-05-14T21:45:00+02:00,0.168602
2026-05-14T22:00:00+02:00,0.168602
2026-05-14T22:15:00+02:00,0.168602
2026-05-14T22:30:00+02:00,0.317698
2026-05-14T22:45:00+02:00,0.856735
2026-05-14T23:00:00+02:00,0.856735
2026-05-14T23:15:00+02:00,0.338238
2026-05-14T23:30:00+02:00,0.269018
2026-05-14T23:45:00+02:00,0.269018
2026-05-15T00:00:00+02:00,0.269018
2026-05-15T00:15:00+02:00,0.269018
2026-05-15T00:30:00+02:00,0.269018
2026-05-15T00:45:00+02:00,0.269018
2026-05-15T01:00:00+02:00,0.269018
2026-05-15T01:15:00+02:00,0.269018
2026-05-15T01:30:00+02:00,0.269018
2026-05-15T01:45:00+02:00,0.269018
2026-05-15T02:00:00+02:00,0.269018
2026-05-15T02:15:00+02:00,0.269018
2026-05-15T02:30:00+02:00,0.269018
2026-05-15T02:45:00+02:00,0.269284
2026-05-15T03:00:00+02:00,0.288925
2026-05-15T03:15:00+02:00,0.288925
2026-05-15T03:30:00+02:00,0.288925
2026-05-15T03:45:00+02:00,0.366097
2026-05-15T04:00:00+02:00,0.428673
2026-05-15T04:15:00+02:00,0.428673
2026-05-15T04:30:00+02:00,0.428673
2026-05-15T04:45:00+02:00,0.428673
2026-05-15T05:00:00+02:00,0.428673
2026-05-15T05:15:00+02:00,0.428673
2026-05-15T05:30:00+02:00,0.428673
2026-05-15T05:45:00+02:00,0.428673
2026-05-15T06:00:00+02:00,0.437535
2026-05-15T06:15:00+02:00,0.46875
2026-05-15T06:30:00+02:00,0.482465
2026-05-15T06:45:00+02:00,0.625
2026-05-15T07:00:00+02:00,0.625
2026-05-15T07:15:00+02:00,0.625
2026-05-15T07:30:00+02:00,0.625
2026-05-15T07:45:00+02:00,4.450394
2026-05-15T08:00:00+02:00,13.917874
2026-05-15T08:15:00+02:00,13.917874
2026-05-15T08:30:00+02:00,13.917874
2026-05-15T08:45:00+02:00,13.917874
2026-05-15T09:00:00+02:00,13.917874
2026-05-15T09:15:00+02:00,13.917874
2026-05-15T09:30:00+02:00,13.917874
2026-05-15T09:45:00+02:00,13.917874
2026-05-15T10:00:00+02:00,13.917874
2026-05-15T10:15:00+02:00,13.917874
2026-05-15T10:30:00+02:00,13.917874
2026-05-15T10:45:00+02:00,13.917874
2026-05-15T11:00:00+02:00,13.917874
2026-05-15T11:15:00+02:00,13.917874
2026-05-15T11:30:00+02:00,10.795981
2026-05-15T11:45:00+02:00,7.503025
2026-05-15T12:00:00+02:00,7.503025
2026-05-15T12:15:00+02:00,7.503025
2026-05-15T12:30:00+02:00,7.503025
2026-05-15T12:45:00+02:00,7.503025
2026-05-15T13:00:00+02:00,7.503025
2026-05-15T13:15:00+02:00,7.503025
2026-05-15T13:30:00+02:00,7.503025
2026-05-15T13:45:00+02:00,7.503025
2026-05-15T14:00:00+02:00,7.503025
2026-05-15T14:15:00+02:00,7.503025
2026-05-15T14:30:00+02:00,7.503025
2026-05-15T14:45:00+02:00,7.503025
2026-05-15T15:00:00+02:00,7.503025
2026-05-15T15:15:00+02:00,7.503025
2026-05-15T15:30:00+02:00,7.503025
2026-05-15T15:45:00+02:00,0.300121
2026-05-15T16:00:00+02:00,0.0
2026-05-15T16:15:00+02:00,0.213814
2026-05-15T16:30:00+02:00,0.258645
2026-05-15T16:45:00+02:00,0.258645
2026-05-15T17:00:00+02:00,0.258645
2026-05-15T17:15:00+02:00,0.258645
2026-05-15T17:30:00+02:00,0.258645
2026-05-15T17:45:00+02:00,0.258645
2026-05-15T18:00:00+02:00,0.258645
2026-05-15T18:15:00+02:00,0.258645
2026-05-15T18:30:00+02:00,0.258645
2026-05-15T18:45:00+02:00,0.258645
2026-05-15T19:00:00+02:00,0.252909
2026-05-15T19:15:00+02:00,0.233463
2026-05-15T19:30:00+02:00,0.233463
2026-05-15T19:45:00+02:00,0.233463
2026-05-15T20:00:00+02:00,0.233463
2026-05-15T20:15:00+02:00,0.233463
2026-05-15T20:30:00+02:00,0.233463
2026-05-15T20:45:00+02:00,0.233463
2026-05-15T21:00:00+02:00,0.233463
2026-05-15T21:15:00+02:00,0.233463
2026-05-15T21:30:00+02:00,0.233463
2026-05-15T21:45:00+02:00,0.233463
2026-05-15T22:00:00+02:00,0.233463
2026-05-15T22:15:00+02:00,0.233463
2026-05-15T22:30:00+02:00,0.233463
2026-05-15T22:45:00+02:00,0.233463
2026-05-15T23:00:00+02:00,0.233463
2026-05-15T23:15:00+02:00,0.233561
2026-05-15T23:30:00+02:00,0.234497
2026-05-15T23:45:00+02:00,0.234497
2026-05-16T00:00:00+02:00,0.234497
2026-05-16T00:15:00+02:00,0.234497
2026-05-16T00:30:00+02:00,0.234497
2026-05-16T00:45:00+02:00,0.234497
2026-05-16T01:00:00+02:00,0.234497
2026-05-16T01:15:00+02:00,0.234497
2026-05-16T01:30:00+02:00,0.234497
2026-05-16T01:45:00+02:00,0.234497
2026-05-16T02:00:00+02:00,0.234497
2026-05-16T02:15:00+02:00,0.234497
2026-05-16T02:30:00+02:00,0.23419
2026-05-16T02:45:00+02:00,0.233478
2026-05-16T03:00:00+02:00,0.233478
2026-05-16T03:15:00+02:00,0.233478
2026-05-16T03:30:00+02:00,0.233478
2026-05-16T03:45:00+02:00,0.233478
2026-05-16T04:00:00+02:00,0.233478
2026-05-16T04:15:00+02:00,0.233478
2026-05-16T04:30:00+02:00,0.233478
2026-05-16T04:45:00+02:00,0.233478
2026-05-16T05:00:00+02:00,0.233478
2026-05-16T05:15:00+02:00,0.233478
2026-05-16T05:30:00+02:00,0.233478
2026-05-16T05:45:00+02:00,0.233478
2026-05-16T06:00:00+02:00,0.233478
2026-05-16T06:15:00+02:00,0.233478
2026-05-16T06:30:00+02:00,0.233478
2026-05-16T06:45:00+02:00,0.194046
2026-05-16T07:00:00+02:00,0.0
2026-05-16T07:15:00+02:00,0.0
2026-05-16T07:30:00+02:00,0.031308
2026-05-16T07:45:00+02:00,0.302979
2026-05-16T08:00:00+02:00,0.302979
2026-05-16T08:15:00+02:00,0.302979
2026-05-16T08:30:00+02:00,0.302979
2026-05-16T08:45:00+02:00,0.302979
2026-05-16T09:00:00+02:00,0.302979
2026-05-16T09:15:00+02:00,0.295828
2026-05-16T09:30:00+02:00,0.288739
2026-05-16T09:45:00+02:00,0.288739
2026-05-16T10:00:00+02:00,0.28567
2026-05-16T10:15:00+02:00,0.209827
2026-05-16T10:30:00+02:00,0.209827
2026-05-16T10:45:00+02:00,0.209827
2026-05-16T11:00:00+02:00,0.209827
2026-05-16T11:15:00+02:00,0.209827
2026-05-16T11:30:00+02:00,0.209827
2026-05-16T11:45:00+02:00,0.209827
2026-05-16T12:00:00+02:00,0.209827
2026-05-16T12:15:00+02:00,0.209827
2026-05-16T12:30:00+02:00,0.209827
2026-05-16T12:45:00+02:00,0.209827
2026-05-16T13:00:00+02:00,0.209827
2026-05-16T13:15:00+02:00,0.209827
2026-05-16T13:30:00+02:00,0.209827
2026-05-16T13:45:00+02:00,0.209827
2026-05-16T14:00:00+02:00,0.209827
2026-05-16T14:15:00+02:00,0.209827
2026-05-16T14:30:00+02:00,0.209827
2026-05-16T14:45:00+02:00,0.209827
2026-05-16T15:00:00+02:00,0.277828
2026-05-16T15:15:00+02:00,0.279532
2026-05-16T15:30:00+02:00,0.279532
2026-05-16T15:45:00+02:00,0.279532
2026-05-16T16:00:00+02:00,0.279532
2026-05-16T16:15:00+02:00,0.279532
2026-05-16T16:30:00+02:00,0.279532
2026-05-16T16:45:00+02:00,0.279532
2026-05-16T17:00:00+02:00,0.279532
2026-05-16T17:15:00+02:00,0.279532
2026-05-16T17:30:00+02:00,0.280068
2026-05-16T17:45:00+02:00,0.281734
2026-05-16T18:00:00+02:00,0.281734
2026-05-16T18:15:00+02:00,0.281734
2026-05-16T18:30:00+02:00,0.281734
2026-05-16T18:45:00+02:00,0.281734
2026-05-16T19:00:00+02:00,0.281734
2026-05-16T19:15:00+02:00,0.281734
2026-05-16T19:30:00+02:00,0.281734
2026-05-16T19:45:00+02:00,0.281734
2026-05-16T20:00:00+02:00,0.281734
2026-05-16T20:15:00+02:00,0.281734
2026-05-16T20:30:00+02:00,0.281734
2026-05-16T20:45:00+02:00,0.281734
2026-05-16T21:00:00+02:00,0.281787
2026-05-16T21:15:00+02:00,0.282885
2026-05-16T21:30:00+02:00,0.282885
2026-05-16T21:45:00+02:00,0.282885
2026-05-16T22:00:00+02:00,0.282885
2026-05-16T22:15:00+02:00,0.282885
2026-05-16T22:30:00+02:00,0.282885
2026-05-16T22:45:00+02:00,0.282885
2026-05-16T23:00:00+02:00,0.268349
2026-05-16T23:15:00+02:00,0.267985
2026-05-16T23:30:00+02:00,0.267985
2026-05-16T23:45:00+02:00,0.267985
2026-05-17T00:00:00+02:00,0.267985
2026-05-17T00:15:00+02:00,0.267985
2026-05-17T00:30:00+02:00,0.267985
2026-05-17T00:45:00+02:00,0.267985
2026-05-17T01:00:00+02:00,0.267985
2026-05-17T01:15:00+02:00,0.267985
2026-05-17T01:30:00+02:00,0.267985
2026-05-17T01:45:00+02:00,0.267985
2026-05-17T02:00:00+02:00,0.267985
2026-05-17T02:15:00+02:00,0.267985
2026-05-17T02:30:00+02:00,0.267985
2026-05-17T02:45:00+02:00,0.267985
2026-05-17T03:00:00+02:00,0.267985
2026-05-17T03:15:00+02:00,0.267985
2026-05-17T03:30:00+02:00,0.182825
2026-05-17T03:45:00+02:00,0.195699
2026-05-17T04:00:00+02:00,0.434888
2026-05-17T04:15:00+02:00,0.434888
2026-05-17T04:30:00+02:00,0.434888
2026-05-17T04:45:00+02:00,0.434888
2026-05-17T05:00:00+02:00,0.06475
2026-05-17T05:15:00+02:00,0.037657
2026-05-17T05:30:00+02:00,0.064678
2026-05-17T05:45:00+02:00,0.064678
2026-05-17T06:00:00+02:00,0.064678
2026-05-17T06:15:00+02:00,0.064678
2026-05-17T06:30:00+02:00,0.064678
2026-05-17T06:45:00+02:00,0.064678
2026-05-17T07:00:00+02:00,0.064678
2026-05-17T07:15:00+02:00,0.064678
2026-05-17T07:30:00+02:00,0.064678
2026-05-17T07:45:00+02:00,0.064678
2026-05-17T08:00:00+02:00,0.064678
2026-05-17T08:15:00+02:00,0.064678
2026-05-17T08:30:00+02:00,0.064678
2026-05-17T08:45:00+02:00,0.064678
2026-05-17T09:00:00+02:00,0.24317
2026-05-17T09:15:00+02:00,1.538462
2026-05-17T09:30:00+02:00,1.538462
2026-05-17T09:45:00+02:00,0.861852
2026-05-17T10:00:00+02:00,0.240064
2026-05-17T10:15:00+02:00,0.240064
2026-05-17T10:30:00+02:00,0.240064
2026-05-17T10:45:00+02:00,0.240064
2026-05-17T11:00:00+02:00,0.240064
2026-05-17T11:15:00+02:00,0.240064
2026-05-17T11:30:00+02:00,0.240064
2026-05-17T11:45:00+02:00,0.232974
2026-05-17T12:00:00+02:00,0.202748
2026-05-17T12:15:00+02:00,0.202748
2026-05-17T12:30:00+02:00,0.202748
2026-05-17T12:45:00+02:00,0.202748
2026-05-17T13:00:00+02:00,0.202748
2026-05-17T13:15:00+02:00,0.202748
2026-05-17T13:30:00+02:00,0.202748
2026-05-17T13:45:00+02:00,0.202748
2026-05-17T14:00:00+02:00,0.202748
2026-05-17T14:15:00+02:00,0.196307
2026-05-17T14:30:00+02:00,0.182964
2026-05-17T14:45:00+02:00,0.182964
2026-05-17T15:00:00+02:00,0.182964
2026-05-17T15:15:00+02:00,0.182964
2026-05-17T15:30:00+02:00,0.182964
2026-05-17T15:45:00+02:00,0.182964
2026-05-17T16:00:00+02:00,0.182964
2026-05-17T16:15:00+02:00,0.182964
2026-05-17T16:30:00+02:00,0.182964
2026-05-17T16:45:00+02:00,0.182964
2026-05-17T17:00:00+02:00,0.204345
2026-05-17T17:15:00+02:00,0.23717
2026-05-17T17:30:00+02:00,0.23717
2026-05-17T17:45:00+02:00,0.23717
2026-05-17T18:00:00+02:00,0.23717
2026-05-17T18:15:00+02:00,0.23717
2026-05-17T18:30:00+02:00,0.23717
2026-05-17T18:45:00+02:00,0.23717
2026-05-17T19:00:00+02:00,0.23717
2026-05-17T19:15:00+02:00,0.23717
2026-05-17T19:30:00+02:00,0.23717
2026-05-17T19:45:00+02:00,0.23717
2026-05-17T20:00:00+02:00,0.23717
2026-05-17T20:15:00+02:00,0.23717
2026-05-17T20:30:00+02:00,0.23717
2026-05-17T20:45:00+02:00,0.23717
2026-05-17T21:00:00+02:00,0.23717
2026-05-17T21:15:00+02:00,0.194377
2026-05-17T21:30:00+02:00,0.156259
2026-05-17T21:45:00+02:00,0.156259
2026-05-17T22:00:00+02:00,0.156259
2026-05-17T22:15:00+02:00,0.156259
2026-05-17T22:30:00+02:00,0.156259
2026-05-17T22:45:00+02:00,0.156259
2026-05-17T23:00:00+02:00,0.156259
2026-05-17T23:15:00+02:00,0.156259
2026-05-17T23:30:00+02:00,0.156259
2026-05-17T23:45:00+02:00,0.156259
2026-05-18T00:00:00+02:00,0.156259
2026-05-18T00:15:00+02:00,0.156259
2026-05-18T00:30:00+02:00,0.156259
2026-05-18T00:45:00+02:00,0.156259
2026-05-18T01:00:00+02:00,0.156259
2026-05-18T01:15:00+02:00,0.156259
2026-05-18T01:30:00+02:00,0.156259
2026-05-18T01:45:00+02:00,0.156259
2026-05-18T02:00:00+02:00,0.2645
2026-05-18T02:15:00+02:00,0.484262
2026-05-18T02:30:00+02:00,0.484262
2026-05-18T02:45:00+02:00,0.484262
2026-05-18T03:00:00+02:00,2.455143
2026-05-18T03:15:00+02:00,10.338669
2026-05-18T03:30:00+02:00,10.338669
2026-05-18T03:45:00+02:00,10.338669
2026-05-18T04:00:00+02:00,10.338669
2026-05-18T04:15:00+02:00,10.338669
2026-05-18T04:30:00+02:00,10.338669
2026-05-18T04:45:00+02:00,10.338669
2026-05-18T05:00:00+02:00,10.338669
2026-05-18T05:15:00+02:00,10.338669
2026-05-18T05:30:00+02:00,10.338669
2026-05-18T05:45:00+02:00,10.338669
2026-05-18T06:00:00+02:00,10.338669
2026-05-18T06:15:00+02:00,10.338669
2026-05-18T06:30:00+02:00,10.338669
2026-05-18T06:45:00+02:00,10.338669
2026-05-18T07:00:00+02:00,10.338669
2026-05-18T07:15:00+02:00,10.338669
2026-05-18T07:30:00+02:00,10.338669
2026-05-18T07:45:00+02:00,10.338669
2026-05-18T08:00:00+02:00,10.338669
2026-05-18T08:15:00+02:00,10.338669
2026-05-18T08:30:00+02:00,10.338669
2026-05-18T08:45:00+02:00,10.338669
2026-05-18T09:00:00+02:00,10.338669
2026-05-18T09:15:00+02:00,10.338669
2026-05-18T09:30:00+02:00,10.338669
2026-05-18T09:45:00+02:00,10.338669
2026-05-18T10:00:00+02:00,10.338669
2026-05-18T10:15:00+02:00,10.338669
2026-05-18T10:30:00+02:00,10.338669
2026-05-18T10:45:00+02:00,10.338669
2026-05-18T11:00:00+02:00,10.338669
2026-05-18T11:15:00+02:00,10.338669
2026-05-18T11:30:00+02:00,10.338669
2026-05-18T11:45:00+02:00,10.338669
2026-05-18T12:00:00+02:00,10.338669
2026-05-18T12:15:00+02:00,10.338669
2026-05-18T12:30:00+02:00,10.338669
2026-05-18T12:45:00+02:00,10.338669
2026-05-18T13:00:00+02:00,10.338669
2026-05-18T13:15:00+02:00,10.338669
2026-05-18T13:30:00+02:00,10.338669
2026-05-18T13:45:00+02:00,10.338669
2026-05-18T14:00:00+02:00,10.338669
2026-05-18T14:15:00+02:00,10.338669
2026-05-18T14:30:00+02:00,10.338669
2026-05-18T14:45:00+02:00,10.338669
2026-05-18T15:00:00+02:00,10.338669
2026-05-18T15:15:00+02:00,10.338669
2026-05-18T15:30:00+02:00,10.338669
2026-05-18T15:45:00+02:00,7.917768
2026-05-18T16:00:00+02:00,7.337552
2026-05-18T16:15:00+02:00,7.337552
2026-05-18T16:30:00+02:00,7.337552
2026-05-18T16:45:00+02:00,7.337552
2026-05-18T17:00:00+02:00,7.337552
2026-05-18T17:15:00+02:00,7.337552
2026-05-18T17:30:00+02:00,7.337552
2026-05-18T17:45:00+02:00,7.337552
2026-05-18T18:00:00+02:00,7.337552
2026-05-18T18:15:00+02:00,7.337552
2026-05-18T18:30:00+02:00,7.337552
2026-05-18T18:45:00+02:00,7.337552
2026-05-18T19:00:00+02:00,7.337552
2026-05-18T19:15:00+02:00,7.337552
2026-05-18T19:30:00+02:00,7.337552
2026-05-18T19:45:00+02:00,7.337552
2026-05-18T20:00:00+02:00,7.337552
2026-05-18T20:15:00+02:00,11.215564
2026-05-18T20:30:00+02:00,14.460432
2026-05-18T20:45:00+02:00,14.460432
2026-05-18T21:00:00+02:00,14.460432
2026-05-18T21:15:00+02:00,14.460432
2026-05-18T21:30:00+02:00,14.460432
2026-05-18T21:45:00+02:00,14.460432
2026-05-18T22:00:00+02:00,14.460432
2026-05-18T22:15:00+02:00,14.460432
2026-05-18T22:30:00+02:00,81.05034
2026-05-18T22:45:00+02:00,68.67298
2026-05-18T23:00:00+02:00,5.731707
2026-05-18T23:15:00+02:00,5.731707
2026-05-18T23:30:00+02:00,5.731707
2026-05-18T23:45:00+02:00,5.731707
2026-05-19T00:00:00+02:00,5.731707
2026-05-19T00:15:00+02:00,5.731707
2026-05-19T00:30:00+02:00,5.731707
2026-05-19T00:45:00+02:00,9.076216
2026-05-19T01:00:00+02:00,11.849711
2026-05-19T01:15:00+02:00,11.849711
2026-05-19T01:30:00+02:00,11.849711
2026-05-19T01:45:00+02:00,11.849711
2026-05-19T02:00:00+02:00,11.849711
2026-05-19T02:15:00+02:00,11.849711
2026-05-19T02:30:00+02:00,11.849711
2026-05-19T02:45:00+02:00,11.849711
2026-05-19T03:00:00+02:00,11.849711
2026-05-19T03:15:00+02:00,11.849711
2026-05-19T03:30:00+02:00,11.849711
2026-05-19T03:45:00+02:00,11.849711
2026-05-19T04:00:00+02:00,11.849711
2026-05-19T04:15:00+02:00,11.849711
2026-05-19T04:30:00+02:00,11.849711
2026-05-19T04:45:00+02:00,11.849711
2026-05-19T05:00:00+02:00,11.849711
2026-05-19T05:15:00+02:00,11.849711
2026-05-19T05:30:00+02:00,11.849711
2026-05-19T05:45:00+02:00,11.849711
2026-05-19T06:00:00+02:00,11.849711
2026-05-19T06:15:00+02:00,11.849711
2026-05-19T06:30:00+02:00,11.849711
2026-05-19T06:45:00+02:00,11.849711
2026-05-19T07:00:00+02:00,11.849711
2026-05-19T07:15:00+02:00,11.849711
2026-05-19T07:30:00+02:00,11.849711
2026-05-19T07:45:00+02:00,11.849711
2026-05-19T08:00:00+02:00,11.849711
2026-05-19T08:15:00+02:00,11.849711
2026-05-19T08:30:00+02:00,11.849711
2026-05-19T08:45:00+02:00,11.849711
2026-05-19T09:00:00+02:00,11.849711
2026-05-19T09:15:00+02:00,11.849711
2026-05-19T09:30:00+02:00,11.849711
2026-05-19T09:45:00+02:00,11.849711
2026-05-19T10:00:00+02:00,11.849711
2026-05-19T10:15:00+02:00,9.732852
2026-05-19T10:30:00+02:00,7.5
2026-05-19T10:45:00+02:00,8.193558
2026-05-19T11:00:00+02:00,8.282209
2026-05-19T11:15:00+02:00,8.419025
2026-05-19T11:30:00+02:00,8.671875
2026-05-19T11:45:00+02:00,8.671875
2026-05-19T12:00:00+02:00,8.671875
2026-05-19T12:15:00+02:00,9.022554
2026-05-19T12:30:00+02:00,12.824653
2026-05-19T12:45:00+02:00,12.824653
2026-05-19T13:00:00+02:00,12.824653
2026-05-19T13:15:00+02:00,12.824653
2026-05-19T13:30:00+02:00,12.824653
2026-05-19T13:45:00+02:00,12.824653
2026-05-19T14:00:00+02:00,12.824653
2026-05-19T14:15:00+02:00,12.824653
2026-05-19T14:30:00+02:00,12.824653
2026-05-19T14:45:00+02:00,12.824653
2026-05-19T15:00:00+02:00,12.824653
2026-05-19T15:15:00+02:00,12.824653
2026-05-19T15:30:00+02:00,12.824653
2026-05-19T15:45:00+02:00,12.824653
2026-05-19T16:00:00+02:00,12.824653
2026-05-19T16:15:00+02:00,12.824653
2026-05-19T16:30:00+02:00,12.824653
2026-05-19T16:45:00+02:00,12.824653
2026-05-19T17:00:00+02:00,12.824653
2026-05-19T17:15:00+02:00,12.824653
2026-05-19T17:30:00+02:00,12.824653
2026-05-19T17:45:00+02:00,12.824653
2026-05-19T18:00:00+02:00,12.824653
2026-05-19T18:15:00+02:00,12.824653
2026-05-19T18:30:00+02:00,12.824653
2026-05-19T18:45:00+02:00,12.824653
2026-05-19T19:00:00+02:00,12.824653
2026-05-19T19:15:00+02:00,12.824653
2026-05-19T19:30:00+02:00,12.824653
2026-05-19T19:45:00+02:00,12.824653
2026-05-19T20:00:00+02:00,12.824653
2026-05-19T20:15:00+02:00,17.291169
2026-05-19T20:30:00+02:00,23.293051
2026-05-19T20:45:00+02:00,23.293051
2026-05-19T21:00:00+02:00,23.293051
2026-05-19T21:15:00+02:00,23.293051
2026-05-19T21:30:00+02:00,23.293051
2026-05-19T21:45:00+02:00,23.293051
2026-05-19T22:00:00+02:00,23.293051
2026-05-19T22:15:00+02:00,23.293051
2026-05-19T22:30:00+02:00,23.293051
2026-05-19T22:45:00+02:00,23.293051
2026-05-19T23:00:00+02:00,23.293051
2026-05-19T23:15:00+02:00,23.293051
2026-05-19T23:30:00+02:00,23.293051
2026-05-19T23:45:00+02:00,23.293051
2026-05-20T00:00:00+02:00,23.293051
2026-05-20T00:15:00+02:00,23.293051
2026-05-20T00:30:00+02:00,23.293051
2026-05-20T00:45:00+02:00,23.293051
2026-05-20T01:00:00+02:00,23.293051
2026-05-20T01:15:00+02:00,23.293051
2026-05-20T01:30:00+02:00,23.293051
2026-05-20T01:45:00+02:00,22.129533
2026-05-20T02:00:00+02:00,20.061055
2026-05-20T02:15:00+02:00,20.061055
2026-05-20T02:30:00+02:00,20.061055
2026-05-20T02:45:00+02:00,20.061055
2026-05-20T03:00:00+02:00,20.061055
2026-05-20T03:15:00+02:00,20.061055
2026-05-20T03:30:00+02:00,20.061055
2026-05-20T03:45:00+02:00,20.061055
2026-05-20T04:00:00+02:00,20.061055
2026-05-20T04:15:00+02:00,20.061055
2026-05-20T04:30:00+02:00,20.061055
2026-05-20T04:45:00+02:00,20.061055
2026-05-20T05:00:00+02:00,20.061055
2026-05-20T05:15:00+02:00,20.061055
2026-05-20T05:30:00+02:00,20.061055
2026-05-20T05:45:00+02:00,20.061055
2026-05-20T06:00:00+02:00,20.061055
2026-05-20T06:15:00+02:00,20.061055
2026-05-20T06:30:00+02:00,20.061055
2026-05-20T06:45:00+02:00,20.061055
2026-05-20T07:00:00+02:00,20.061055
2026-05-20T07:15:00+02:00,20.061055
2026-05-20T07:30:00+02:00,15.95624
2026-05-20T07:45:00+02:00,10.514973
2026-05-20T08:00:00+02:00,10.514973
2026-05-20T08:15:00+02:00,10.514973
2026-05-20T08:30:00+02:00,10.514973
2026-05-20T08:45:00+02:00,10.514973
2026-05-20T09:00:00+02:00,10.514973
2026-05-20T09:15:00+02:00,10.514973
2026-05-20T09:30:00+02:00,10.514973
2026-05-20T09:45:00+02:00,10.514973
2026-05-20T10:00:00+02:00,13.029692
2026-05-20T10:15:00+02:00,14.478628
2026-05-20T10:30:00+02:00,14.478628
2026-05-20T10:45:00+02:00,14.478628
2026-05-20T11:00:00+02:00,14.478628
2026-05-20T11:15:00+02:00,14.478628
2026-05-20T11:30:00+02:00,14.478628
2026-05-20T11:45:00+02:00,14.478628
2026-05-20T12:00:00+02:00,14.478628
2026-05-20T12:15:00+02:00,14.374113
2026-05-20T12:30:00+02:00,13.871763
2026-05-20T12:45:00+02:00,10.701828
2026-05-20T13:00:00+02:00,5.30437
2026-05-20T13:15:00+02:00,5.30437
2026-05-20T13:30:00+02:00,5.30437
2026-05-20T13:45:00+02:00,5.30437
2026-05-20T14:00:00+02:00,5.30437
2026-05-20T14:15:00+02:00,5.30437
2026-05-20T14:30:00+02:00,5.30437
2026-05-20T14:45:00+02:00,5.30437
2026-05-20T15:00:00+02:00,5.30437
2026-05-20T15:15:00+02:00,5.30437
2026-05-20T15:30:00+02:00,5.30437
2026-05-20T15:45:00+02:00,5.30437
2026-05-20T16:00:00+02:00,6.334946
2026-05-20T16:15:00+02:00,11.25
2026-05-20T16:30:00+02:00,11.45641
2026-05-20T16:45:00+02:00,11.923077
2026-05-20T17:00:00+02:00,11.923077
2026-05-20T17:15:00+02:00,11.923077
2026-05-20T17:30:00+02:00,11.923077
2026-05-20T17:45:00+02:00,11.667155
2026-05-20T18:00:00+02:00,9.52381
2026-05-20T18:15:00+02:00,9.52381
2026-05-20T18:30:00+02:00,9.52381
2026-05-20T18:45:00+02:00,9.52381
2026-05-20T19:00:00+02:00,9.52381
2026-05-20T19:15:00+02:00,9.52381
2026-05-20T19:30:00+02:00,10.231762
2026-05-20T19:45:00+02:00,13.531085
2026-05-20T20:00:00+02:00,13.531085
2026-05-20T20:15:00+02:00,12.140955
2026-05-20T20:30:00+02:00,10.387575
2026-05-20T20:45:00+02:00,10.387575
2026-05-20T21:00:00+02:00,10.387575
2026-05-20T21:15:00+02:00,10.387575
2026-05-20T21:30:00+02:00,10.387575
2026-05-20T21:45:00+02:00,10.387575
2026-05-20T22:00:00+02:00,10.387575
2026-05-20T22:15:00+02:00,7.089756
2026-05-20T22:30:00+02:00,5.27027
2026-05-20T22:45:00+02:00,5.250239
2026-05-20T23:00:00+02:00,5.157593
2026-05-20T23:15:00+02:00,5.157593
2026-05-20T23:30:00+02:00,5.157593
2026-05-20T23:45:00+02:00,5.157593
2026-05-21T00:00:00+02:00,5.212717
2026-05-21T00:15:00+02:00,5.218022
2026-05-21T00:30:00+02:00,5.218022
2026-05-21T00:45:00+02:00,5.218022
2026-05-21T01:00:00+02:00,5.218022
2026-05-21T01:15:00+02:00,5.218022
2026-05-21T01:30:00+02:00,5.218022
2026-05-21T01:45:00+02:00,5.218022
2026-05-21T02:00:00+02:00,5.218022
2026-05-21T02:15:00+02:00,6.411449
2026-05-21T02:30:00+02:00,6.891051
2026-05-21T02:45:00+02:00,6.891051
2026-05-21T03:00:00+02:00,6.891051
2026-05-21T03:15:00+02:00,6.891051
2026-05-21T03:30:00+02:00,6.891051
2026-05-21T03:45:00+02:00,6.891051
2026-05-21T04:00:00+02:00,6.891051
2026-05-21T04:15:00+02:00,6.891051
2026-05-21T04:30:00+02:00,6.891051
2026-05-21T04:45:00+02:00,6.891051
2026-05-21T05:00:00+02:00,6.891051
2026-05-21T05:15:00+02:00,6.891051
2026-05-21T05:30:00+02:00,6.891051
2026-05-21T05:45:00+02:00,12.73476
2026-05-21T06:00:00+02:00,14.361702
2026-05-21T06:15:00+02:00,14.361702
2026-05-21T06:30:00+02:00,13.785663
2026-05-21T06:45:00+02:00,13.473971
2026-05-21T07:00:00+02:00,13.473971
2026-05-21T07:15:00+02:00,13.315573
2026-05-21T07:30:00+02:00,13.060759
2026-05-21T07:45:00+02:00,13.060759
2026-05-21T08:00:00+02:00,13.060759
2026-05-21T08:15:00+02:00,13.060759
2026-05-21T08:30:00+02:00,13.060759
2026-05-21T08:45:00+02:00,13.060759
2026-05-21T09:00:00+02:00,13.060759
2026-05-21T09:15:00+02:00,13.060759
2026-05-21T09:30:00+02:00,13.060759
2026-05-21T09:45:00+02:00,13.060759
2026-05-21T10:00:00+02:00,13.060759
2026-05-21T10:15:00+02:00,13.060759
2026-05-21T10:30:00+02:00,13.060759
2026-05-21T10:45:00+02:00,13.060759
2026-05-21T11:00:00+02:00,13.060759
2026-05-21T11:15:00+02:00,13.060759
2026-05-21T11:30:00+02:00,13.060759
2026-05-21T11:45:00+02:00,13.060759
2026-05-21T12:00:00+02:00,13.060759
2026-05-21T12:15:00+02:00,13.060759
2026-05-21T12:30:00+02:00,13.060759
2026-05-21T12:45:00+02:00,13.060759
2026-05-21T13:00:00+02:00,13.060759
2026-05-21T13:15:00+02:00,13.060759
2026-05-21T13:30:00+02:00,13.060759
2026-05-21T13:45:00+02:00,13.060759
2026-05-21T14:00:00+02:00,13.060759
2026-05-21T14:15:00+02:00,13.060759
2026-05-21T14:30:00+02:00,13.060759
2026-05-21T14:45:00+02:00,13.060759
2026-05-21T15:00:00+02:00,13.060759
2026-05-21T15:15:00+02:00,13.060759
2026-05-21T15:30:00+02:00,13.060759
2026-05-21T15:45:00+02:00,13.060759
2026-05-21T16:00:00+02:00,13.060759
2026-05-21T16:15:00+02:00,19.713343
2026-05-21T16:30:00+02:00,33.778148
2026-05-21T16:45:00+02:00,17.818214
2026-05-21T17:00:00+02:00,17.638889
2026-05-21T17:15:00+02:00,17.638889
2026-05-21T17:30:00+02:00,17.638889
2026-05-21T17:45:00+02:00,17.638889
2026-05-21T18:00:00+02:00,17.638889
2026-05-21T18:15:00+02:00,17.638889
2026-05-21T18:30:00+02:00,13.499
2026-05-21T18:45:00+02:00,12.391142
2026-05-21T19:00:00+02:00,12.391142
2026-05-21T19:15:00+02:00,12.391142
2026-05-21T19:30:00+02:00,12.391142
2026-05-21T19:45:00+02:00,12.391142
2026-05-21T20:00:00+02:00,12.391142
2026-05-21T20:15:00+02:00,12.391142
2026-05-21T20:30:00+02:00,12.391142
2026-05-21T20:45:00+02:00,12.391142
2026-05-21T21:00:00+02:00,12.391142
2026-05-21T21:15:00+02:00,12.391142
2026-05-21T21:30:00+02:00,12.391142
2026-05-21T21:45:00+02:00,10.389134
2026-05-21T22:00:00+02:00,7.286871
2026-05-21T22:15:00+02:00,7.286871
2026-05-21T22:30:00+02:00,7.286871
2026-05-21T22:45:00+02:00,7.286871
2026-05-21T23:00:00+02:00,7.286871
2026-05-21T23:15:00+02:00,7.286871
2026-05-21T23:30:00+02:00,4.54716
2026-05-21T23:45:00+02:00,0.321505
2026-05-22T00:00:00+02:00,0.321505
2026-05-22T00:15:00+02:00,0.321505
2026-05-22T00:30:00+02:00,0.321505
2026-05-22T00:45:00+02:00,0.321505
2026-05-22T01:00:00+02:00,0.321505
2026-05-22T01:15:00+02:00,0.321505
2026-05-22T01:30:00+02:00,0.321505
2026-05-22T01:45:00+02:00,0.320359
2026-05-22T02:00:00+02:00,0.303081
2026-05-22T02:15:00+02:00,0.303081
2026-05-22T02:30:00+02:00,0.303081
2026-05-22T02:45:00+02:00,0.303081
2026-05-22T03:00:00+02:00,0.303081
2026-05-22T03:15:00+02:00,0.303081
2026-05-22T03:30:00+02:00,0.303081
2026-05-22T03:45:00+02:00,0.303081
2026-05-22T04:00:00+02:00,0.303081
2026-05-22T04:15:00+02:00,0.303081
2026-05-22T04:30:00+02:00,0.303081
2026-05-22T04:45:00+02:00,0.303081
2026-05-22T05:00:00+02:00,0.303081
2026-05-22T05:15:00+02:00,0.23369
2026-05-22T05:30:00+02:00,0.222809
2026-05-22T05:45:00+02:00,0.222809
2026-05-22T06:00:00+02:00,0.222809
2026-05-22T06:15:00+02:00,0.222809
2026-05-22T06:30:00+02:00,0.222809
2026-05-22T06:45:00+02:00,0.222809
2026-05-22T07:00:00+02:00,0.222809
2026-05-22T07:15:00+02:00,0.222809
2026-05-22T07:30:00+02:00,0.222809
2026-05-22T07:45:00+02:00,0.222809
2026-05-22T08:00:00+02:00,0.222809
2026-05-22T08:15:00+02:00,0.222809
2026-05-22T08:30:00+02:00,0.2194
2026-05-22T08:45:00+02:00,0.214286
2026-05-22T09:00:00+02:00,0.214286
2026-05-22T09:15:00+02:00,0.214286
2026-05-22T09:30:00+02:00,0.214286
2026-05-22T09:45:00+02:00,0.160949
2026-05-22T10:00:00+02:00,0.141554
2026-05-22T10:15:00+02:00,0.141554
2026-05-22T10:30:00+02:00,0.141554
2026-05-22T10:45:00+02:00,0.141554
2026-05-22T11:00:00+02:00,0.141554
2026-05-22T11:15:00+02:00,0.141554
2026-05-22T11:30:00+02:00,0.16715
2026-05-22T11:45:00+02:00,0.17982
2026-05-22T12:00:00+02:00,0.17982
2026-05-22T12:15:00+02:00,0.17982
2026-05-22T12:30:00+02:00,0.17982
2026-05-22T12:45:00+02:00,0.17982
2026-05-22T13:00:00+02:00,0.17982
2026-05-22T13:15:00+02:00,0.17982
2026-05-22T13:30:00+02:00,0.17982
2026-05-22T13:45:00+02:00,0.17982
2026-05-22T14:00:00+02:00,0.17982
2026-05-22T14:15:00+02:00,0.17982
2026-05-22T14:30:00+02:00,0.17982
2026-05-22T14:45:00+02:00,0.17982
2026-05-22T15:00:00+02:00,0.17982
2026-05-22T15:15:00+02:00,0.17982
2026-05-22T15:30:00+02:00,0.17982
2026-05-22T15:45:00+02:00,0.17982
2026-05-22T16:00:00+02:00,0.17982
2026-05-22T16:15:00+02:00,0.17982
2026-05-22T16:30:00+02:00,0.17982
2026-05-22T16:45:00+02:00,0.17982
2026-05-22T17:00:00+02:00,0.17982
2026-05-22T17:15:00+02:00,0.17982
2026-05-22T17:30:00+02:00,0.17982
2026-05-22T17:45:00+02:00,0.17982
2026-05-22T18:00:00+02:00,0.17982
2026-05-22T18:15:00+02:00,0.17982
2026-05-22T18:30:00+02:00,0.17982
2026-05-22T18:45:00+02:00,0.17982
2026-05-22T19:00:00+02:00,0.17982
2026-05-22T19:15:00+02:00,0.17982
2026-05-22T19:30:00+02:00,0.17982
2026-05-22T19:45:00+02:00,0.17982
2026-05-22T20:00:00+02:00,0.17982
2026-05-22T20:15:00+02:00,0.17982
2026-05-22T20:30:00+02:00,0.17982
2026-05-22T20:45:00+02:00,0.17982
2026-05-22T21:00:00+02:00,0.17982
2026-05-22T21:15:00+02:00,0.153444
2026-05-22T21:30:00+02:00,0.144231
2026-05-22T21:45:00+02:00,0.144231
2026-05-22T22:00:00+02:00,0.144231
2026-05-22T22:15:00+02:00,0.144231
2026-05-22T22:30:00+02:00,0.144231
2026-05-22T22:45:00+02:00,0.144231
2026-05-22T23:00:00+02:00,0.181793
2026-05-22T23:15:00+02:00,0.190732
2026-05-22T23:30:00+02:00,0.190732
2026-05-22T23:45:00+02:00,0.190732
2026-05-23T00:00:00+02:00,0.190732
2026-05-23T00:15:00+02:00,0.190732
2026-05-23T00:30:00+02:00,0.190732
2026-05-23T00:45:00+02:00,0.190732
2026-05-23T01:00:00+02:00,0.190732
2026-05-23T01:15:00+02:00,0.190732
2026-05-23T01:30:00+02:00,0.190732
2026-05-23T01:45:00+02:00,0.190732
2026-05-23T02:00:00+02:00,0.190732
2026-05-23T02:15:00+02:00,0.190732
2026-05-23T02:30:00+02:00,0.190732
2026-05-23T02:45:00+02:00,0.19057
2026-05-23T03:00:00+02:00,0.188679
2026-05-23T03:15:00+02:00,0.188679
2026-05-23T03:30:00+02:00,0.188679
2026-05-23T03:45:00+02:00,0.188679
2026-05-23T04:00:00+02:00,0.188679
2026-05-23T04:15:00+02:00,0.188679
2026-05-23T04:30:00+02:00,0.188679
2026-05-23T04:45:00+02:00,0.188679
2026-05-23T05:00:00+02:00,0.188679
2026-05-23T05:15:00+02:00,0.188679
2026-05-23T05:30:00+02:00,0.168248
2026-05-23T05:45:00+02:00,0.146015
2026-05-23T06:00:00+02:00,0.146015
2026-05-23T06:15:00+02:00,0.146015
2026-05-23T06:30:00+02:00,0.146015
2026-05-23T06:45:00+02:00,0.146015
2026-05-23T07:00:00+02:00,0.146015
2026-05-23T07:15:00+02:00,0.146015
2026-05-23T07:30:00+02:00,0.146015
2026-05-23T07:45:00+02:00,0.146015
2026-05-23T08:00:00+02:00,0.146015
2026-05-23T08:15:00+02:00,0.146015
2026-05-23T08:30:00+02:00,0.146015
2026-05-23T08:45:00+02:00,0.146015
2026-05-23T09:00:00+02:00,0.146015
2026-05-23T09:15:00+02:00,0.146015
2026-05-23T09:30:00+02:00,0.146015
2026-05-23T09:45:00+02:00,0.146015
2026-05-23T10:00:00+02:00,0.146015
2026-05-23T10:15:00+02:00,0.146015
2026-05-23T10:30:00+02:00,0.146015
2026-05-23T10:45:00+02:00,0.146015
2026-05-23T11:00:00+02:00,0.146015
2026-05-23T11:15:00+02:00,0.146015
2026-05-23T11:30:00+02:00,0.146015
2026-05-23T11:45:00+02:00,0.146015
2026-05-23T12:00:00+02:00,0.146015
2026-05-23T12:15:00+02:00,0.146414
2026-05-23T12:30:00+02:00,0.150741
2026-05-23T12:45:00+02:00,0.150741
2026-05-23T13:00:00+02:00,0.150741
2026-05-23T13:15:00+02:00,0.150741
2026-05-23T13:30:00+02:00,0.150741
2026-05-23T13:45:00+02:00,0.150741
2026-05-23T14:00:00+02:00,0.150741
2026-05-23T14:15:00+02:00,0.150741
2026-05-23T14:30:00+02:00,0.150741
2026-05-23T14:45:00+02:00,0.150741
2026-05-23T15:00:00+02:00,0.150741
2026-05-23T15:15:00+02:00,0.150741
2026-05-23T15:30:00+02:00,0.150741
2026-05-23T15:45:00+02:00,0.19664
2026-05-23T16:00:00+02:00,0.206944
2026-05-23T16:15:00+02:00,0.206944
2026-05-23T16:30:00+02:00,0.206944
2026-05-23T16:45:00+02:00,0.206944
2026-05-23T17:00:00+02:00,0.206944
2026-05-23T17:15:00+02:00,0.206944
2026-05-23T17:30:00+02:00,0.206944
2026-05-23T17:45:00+02:00,0.206944
2026-05-23T18:00:00+02:00,0.175443
2026-05-23T18:15:00+02:00,0.0
2026-05-23T18:30:00+02:00,0.0
2026-05-23T18:45:00+02:00,0.020773
2026-05-23T19:00:00+02:00,0.093477
2026-05-23T19:15:00+02:00,0.093477
2026-05-23T19:30:00+02:00,0.093477
2026-05-23T19:45:00+02:00,0.093477
2026-05-23T20:00:00+02:00,0.093477
2026-05-23T20:15:00+02:00,0.093477
2026-05-23T20:30:00+02:00,0.093477
2026-05-23T20:45:00+02:00,0.093477
2026-05-23T21:00:00+02:00,0.093477
2026-05-23T21:15:00+02:00,0.093477
2026-05-23T21:30:00+02:00,0.093477
2026-05-23T21:45:00+02:00,0.093477
2026-05-23T22:00:00+02:00,0.093477
2026-05-23T22:15:00+02:00,0.093477
2026-05-23T22:30:00+02:00,0.093477
2026-05-23T22:45:00+02:00,0.093477
2026-05-23T23:00:00+02:00,0.093477
2026-05-23T23:15:00+02:00,0.093477
2026-05-23T23:30:00+02:00,0.093477
2026-05-23T23:45:00+02:00,0.093477
2026-05-24T00:00:00+02:00,0.093477
2026-05-24T00:15:00+02:00,0.43901
2026-05-24T00:30:00+02:00,0.511461
2026-05-24T00:45:00+02:00,0.511461
2026-05-24T01:00:00+02:00,0.511461
2026-05-24T01:15:00+02:00,0.511461
2026-05-24T01:30:00+02:00,0.511461
2026-05-24T01:45:00+02:00,0.01989
2026-05-24T02:00:00+02:00,0.071209
2026-05-24T02:15:00+02:00,0.197195
2026-05-24T02:30:00+02:00,0.197195
2026-05-24T02:45:00+02:00,0.197195
2026-05-24T03:00:00+02:00,0.197195
2026-05-24T03:15:00+02:00,0.140009
2026-05-24T03:30:00+02:00,0.112126
2026-05-24T03:45:00+02:00,0.161204
2026-05-24T04:00:00+02:00,0.161204
2026-05-24T04:15:00+02:00,0.161204
2026-05-24T04:30:00+02:00,0.161204
2026-05-24T04:45:00+02:00,0.161204
2026-05-24T05:00:00+02:00,0.081856
2026-05-24T05:15:00+02:00,0.0
2026-05-24T05:30:00+02:00,0.050257
2026-05-24T05:45:00+02:00,0.220642
2026-05-24T06:00:00+02:00,0.220642
2026-05-24T06:15:00+02:00,0.220642
2026-05-24T06:30:00+02:00,0.220642
2026-05-24T06:45:00+02:00,0.220642
2026-05-24T07:00:00+02:00,0.220642
2026-05-24T07:15:00+02:00,0.220642
2026-05-24T07:30:00+02:00,0.220642
2026-05-24T07:45:00+02:00,0.208167
2026-05-24T08:00:00+02:00,0.144265
2026-05-24T08:15:00+02:00,0.144265
2026-05-24T08:30:00+02:00,0.144265
2026-05-24T08:45:00+02:00,0.144265
2026-05-24T09:00:00+02:00,0.144265
2026-05-24T09:15:00+02:00,0.144265
2026-05-24T09:30:00+02:00,0.144265
2026-05-24T09:45:00+02:00,0.144265
2026-05-24T10:00:00+02:00,0.144265
2026-05-24T10:15:00+02:00,0.144265
2026-05-24T10:30:00+02:00,0.144265
2026-05-24T10:45:00+02:00,0.144265
2026-05-24T11:00:00+02:00,0.144265
2026-05-24T11:15:00+02:00,0.100986
2026-05-24T11:30:00+02:00,0.027543
2026-05-24T11:45:00+02:00,0.118608
2026-05-24T12:00:00+02:00,0.118608
2026-05-24T12:15:00+02:00,0.118608
2026-05-24T12:30:00+02:00,0.118608
2026-05-24T12:45:00+02:00,0.118608
2026-05-24T13:00:00+02:00,0.118608
2026-05-24T13:15:00+02:00,0.118608
2026-05-24T13:30:00+02:00,0.118608
2026-05-24T13:45:00+02:00,0.118608
2026-05-24T14:00:00+02:00,0.118608
2026-05-24T14:15:00+02:00,0.118608
2026-05-24T14:30:00+02:00,0.118608
2026-05-24T14:45:00+02:00,0.118608
2026-05-24T15:00:00+02:00,0.118608
2026-05-24T15:15:00+02:00,0.118608
2026-05-24T15:30:00+02:00,0.118608
2026-05-24T15:45:00+02:00,0.143256
2026-05-24T16:00:00+02:00,0.185223
2026-05-24T16:15:00+02:00,0.185223
2026-05-24T16:30:00+02:00,0.185223
2026-05-24T16:45:00+02:00,0.185223
2026-05-24T17:00:00+02:00,0.185223
2026-05-24T17:15:00+02:00,0.185223
2026-05-24T17:30:00+02:00,0.185223
2026-05-24T17:45:00+02:00,0.185223
2026-05-24T18:00:00+02:00,0.185223
2026-05-24T18:15:00+02:00,0.185223
2026-05-24T18:30:00+02:00,0.612913
2026-05-24T18:45:00+02:00,0.527075
2026-05-24T19:00:00+02:00,0.121507
2026-05-24T19:15:00+02:00,0.121507
2026-05-24T19:30:00+02:00,0.121507
2026-05-24T19:45:00+02:00,0.121507
2026-05-24T20:00:00+02:00,0.121507
2026-05-24T20:15:00+02:00,0.121507
2026-05-24T20:30:00+02:00,0.121507
2026-05-24T20:45:00+02:00,0.121507
2026-05-24T21:00:00+02:00,0.121507
2026-05-24T21:15:00+02:00,0.121507
2026-05-24T21:30:00+02:00,0.121507
2026-05-24T21:45:00+02:00,0.121507
2026-05-24T22:00:00+02:00,0.121507
2026-05-24T22:15:00+02:00,0.121507
2026-05-24T22:30:00+02:00,0.121507
2026-05-24T22:45:00+02:00,0.121299
2026-05-24T23:00:00+02:00,0.116309
2026-05-24T23:15:00+02:00,0.116309
2026-05-24T23:30:00+02:00,0.116309
2026-05-24T23:45:00+02:00,0.116309
2026-05-25T00:00:00+02:00,0.116309
2026-05-25T00:15:00+02:00,0.116309
2026-05-25T00:30:00+02:00,0.116309
2026-05-25T00:45:00+02:00,0.116309
2026-05-25T01:00:00+02:00,0.13223
2026-05-25T01:15:00+02:00,0.15231
2026-05-25T01:30:00+02:00,0.15231
2026-05-25T01:45:00+02:00,0.15231
2026-05-25T02:00:00+02:00,0.15231
2026-05-25T02:15:00+02:00,0.15231
2026-05-25T02:30:00+02:00,0.15231
2026-05-25T02:45:00+02:00,0.15231
2026-05-25T03:00:00+02:00,0.15231
2026-05-25T03:15:00+02:00,0.15231
2026-05-25T03:30:00+02:00,0.15231
2026-05-25T03:45:00+02:00,0.15231
2026-05-25T04:00:00+02:00,0.15231
2026-05-25T04:15:00+02:00,0.250758
2026-05-25T04:30:00+02:00,0.46875
2026-05-25T04:45:00+02:00,0.407925
2026-05-25T05:00:00+02:00,0.126609
2026-05-25T05:15:00+02:00,0.126609
2026-05-25T05:30:00+02:00,0.126609
2026-05-25T05:45:00+02:00,0.126609
2026-05-25T06:00:00+02:00,0.126609
2026-05-25T06:15:00+02:00,0.126609
2026-05-25T06:30:00+02:00,0.126609
2026-05-25T06:45:00+02:00,0.126609
2026-05-25T07:00:00+02:00,0.126609
2026-05-25T07:15:00+02:00,0.126609
2026-05-25T07:30:00+02:00,0.126609
2026-05-25T07:45:00+02:00,0.126609
2026-05-25T08:00:00+02:00,0.126609
2026-05-25T08:15:00+02:00,0.126609
2026-05-25T08:30:00+02:00,0.126609
2026-05-25T08:45:00+02:00,0.078357
2026-05-25T09:00:00+02:00,0.0
2026-05-25T09:15:00+02:00,0.0
2026-05-25T09:30:00+02:00,0.0
2026-05-25T09:45:00+02:00,0.0
2026-05-25T10:00:00+02:00,0.0
2026-05-25T10:15:00+02:00,0.0
2026-05-25T10:30:00+02:00,0.0
2026-05-25T10:45:00+02:00,0.0
2026-05-25T11:00:00+02:00,0.251797
2026-05-25T11:15:00+02:00,0.275356
2026-05-25T11:30:00+02:00,0.275356
2026-05-25T11:45:00+02:00,0.275356
2026-05-25T12:00:00+02:00,0.275356
2026-05-25T12:15:00+02:00,0.275356
2026-05-25T12:30:00+02:00,0.275356
2026-05-25T12:45:00+02:00,0.096069
2026-05-25T13:00:00+02:00,0.080102
2026-05-25T13:15:00+02:00,0.208357
2026-05-25T13:30:00+02:00,0.208357
2026-05-25T13:45:00+02:00,0.208357
2026-05-25T14:00:00+02:00,0.208357
2026-05-25T14:15:00+02:00,0.208357
2026-05-25T14:30:00+02:00,0.208357
2026-05-25T14:45:00+02:00,0.208357
2026-05-25T15:00:00+02:00,0.208357
2026-05-25T15:15:00+02:00,0.208357
2026-05-25T15:30:00+02:00,0.16224
2026-05-25T15:45:00+02:00,0.149651
2026-05-25T16:00:00+02:00,0.149651
2026-05-25T16:15:00+02:00,0.149651
2026-05-25T16:30:00+02:00,0.149651
2026-05-25T16:45:00+02:00,0.149651
2026-05-25T17:00:00+02:00,0.149651
2026-05-25T17:15:00+02:00,0.149651
2026-05-25T17:30:00+02:00,0.149651
2026-05-25T17:45:00+02:00,0.149651
2026-05-25T18:00:00+02:00,0.149651
2026-05-25T18:15:00+02:00,0.149651
2026-05-25T18:30:00+02:00,0.149651
2026-05-25T18:45:00+02:00,0.149651
2026-05-25T19:00:00+02:00,0.149651
2026-05-25T19:15:00+02:00,0.149651
2026-05-25T19:30:00+02:00,0.149651
2026-05-25T19:45:00+02:00,0.149651
2026-05-25T20:00:00+02:00,0.149651
2026-05-25T20:15:00+02:00,0.149651
2026-05-25T20:30:00+02:00,0.149651
2026-05-25T20:45:00+02:00,0.149651
2026-05-25T21:00:00+02:00,0.149651
2026-05-25T21:15:00+02:00,0.149651
2026-05-25T21:30:00+02:00,0.149651
2026-05-25T21:45:00+02:00,0.149651
2026-05-25T22:00:00+02:00,0.353035
2026-05-25T22:15:00+02:00,3.738791
2026-05-25T22:30:00+02:00,3.738791
2026-05-25T22:45:00+02:00,3.738791
2026-05-25T23:00:00+02:00,3.738791
2026-05-25T23:15:00+02:00,3.738791
2026-05-25T23:30:00+02:00,3.738791
2026-05-25T23:45:00+02:00,3.738791
2026-05-26T00:00:00+02:00,3.738791
2026-05-26T00:15:00+02:00,3.738791
2026-05-26T00:30:00+02:00,3.738791
2026-05-26T00:45:00+02:00,3.738791
2026-05-26T01:00:00+02:00,3.738791
2026-05-26T01:15:00+02:00,3.738791
2026-05-26T01:30:00+02:00,3.738791
2026-05-26T01:45:00+02:00,3.738791
2026-05-26T02:00:00+02:00,3.738791
2026-05-26T02:15:00+02:00,3.738791
2026-05-26T02:30:00+02:00,3.738791
2026-05-26T02:45:00+02:00,3.738791
2026-05-26T03:00:00+02:00,3.738791
2026-05-26T03:15:00+02:00,3.738791
2026-05-26T03:30:00+02:00,3.738791
2026-05-26T03:45:00+02:00,3.738791
2026-05-26T04:00:00+02:00,3.738791
2026-05-26T04:15:00+02:00,3.738791
2026-05-26T04:30:00+02:00,3.738791
2026-05-26T04:45:00+02:00,3.738791
2026-05-26T05:00:00+02:00,3.738791
2026-05-26T05:15:00+02:00,3.738791
2026-05-26T05:30:00+02:00,3.738791
2026-05-26T05:45:00+02:00,3.738791
2026-05-26T06:00:00+02:00,3.738791
2026-05-26T06:15:00+02:00,3.738791
2026-05-26T06:30:00+02:00,3.738791
2026-05-26T06:45:00+02:00,3.738791
2026-05-26T07:00:00+02:00,3.738791
2026-05-26T07:15:00+02:00,3.738791
2026-05-26T07:30:00+02:00,3.738791
2026-05-26T07:45:00+02:00,3.738791
2026-05-26T08:00:00+02:00,3.738791
2026-05-26T08:15:00+02:00,3.738791
2026-05-26T08:30:00+02:00,3.738791
2026-05-26T08:45:00+02:00,3.738791
2026-05-26T09:00:00+02:00,5.141998
2026-05-26T09:15:00+02:00,11.038712
2026-05-26T09:30:00+02:00,11.038712
2026-05-26T09:45:00+02:00,11.038712
2026-05-26T10:00:00+02:00,11.038712
2026-05-26T10:15:00+02:00,11.038712
2026-05-26T10:30:00+02:00,11.038712
2026-05-26T10:45:00+02:00,11.038712
2026-05-26T11:00:00+02:00,11.038712
2026-05-26T11:15:00+02:00,11.038712
2026-05-26T11:30:00+02:00,11.038712
2026-05-26T11:45:00+02:00,11.038712
2026-05-26T12:00:00+02:00,11.038712
2026-05-26T12:15:00+02:00,11.038712
2026-05-26T12:30:00+02:00,11.038712
2026-05-26T12:45:00+02:00,11.038712
2026-05-26T13:00:00+02:00,11.038712
2026-05-26T13:15:00+02:00,11.038712
2026-05-26T13:30:00+02:00,11.428587
2026-05-26T13:45:00+02:00,11.526733
2026-05-26T14:00:00+02:00,11.526733
2026-05-26T14:15:00+02:00,11.526733
2026-05-26T14:30:00+02:00,11.526733
2026-05-26T14:45:00+02:00,11.102931
2026-05-26T15:00:00+02:00,10.255328
2026-05-26T15:15:00+02:00,10.255328
2026-05-26T15:30:00+02:00,10.255328
2026-05-26T15:45:00+02:00,10.255328
2026-05-26T16:00:00+02:00,10.318844
2026-05-26T16:15:00+02:00,11.19245
2026-05-26T16:30:00+02:00,11.19245
2026-05-26T16:45:00+02:00,11.19245
2026-05-26T17:00:00+02:00,11.19245
2026-05-26T17:15:00+02:00,11.19245
2026-05-26T17:30:00+02:00,11.19245
2026-05-26T17:45:00+02:00,11.19245
2026-05-26T18:00:00+02:00,11.19245
2026-05-26T18:15:00+02:00,11.19245
2026-05-26T18:30:00+02:00,11.19245
2026-05-26T18:45:00+02:00,11.19245
2026-05-26T19:00:00+02:00,11.19245
2026-05-26T19:15:00+02:00,10.528663
2026-05-26T19:30:00+02:00,9.780136
2026-05-26T19:45:00+02:00,9.780136
2026-05-26T20:00:00+02:00,9.780136
2026-05-26T20:15:00+02:00,9.632594
2026-05-26T20:30:00+02:00,7.768187
2026-05-26T20:45:00+02:00,8.359011
2026-05-26T21:00:00+02:00,9.947454
2026-05-26T21:15:00+02:00,9.947454
2026-05-26T21:30:00+02:00,9.947454
2026-05-26T21:45:00+02:00,9.947454
2026-05-26T22:00:00+02:00,9.947454
2026-05-26T22:15:00+02:00,9.947454
2026-05-26T22:30:00+02:00,9.947454
2026-05-26T22:45:00+02:00,9.947454
2026-05-26T23:00:00+02:00,9.947454
2026-05-26T23:15:00+02:00,9.947454
2026-05-26T23:30:00+02:00,9.947454
2026-05-26T23:45:00+02:00,9.947454
2026-05-27T00:00:00+02:00,9.947454
2026-05-27T00:15:00+02:00,9.947454
2026-05-27T00:30:00+02:00,9.947454
2026-05-27T00:45:00+02:00,9.947454
2026-05-27T01:00:00+02:00,9.947454
2026-05-27T01:15:00+02:00,9.947454
2026-05-27T01:30:00+02:00,10.422295
2026-05-27T01:45:00+02:00,10.490475
2026-05-27T02:00:00+02:00,10.490475
2026-05-27T02:15:00+02:00,10.490475
2026-05-27T02:30:00+02:00,10.490475
2026-05-27T02:45:00+02:00,10.490475
2026-05-27T03:00:00+02:00,10.490475
2026-05-27T03:15:00+02:00,10.490475
2026-05-27T03:30:00+02:00,10.490475
2026-05-27T03:45:00+02:00,10.490475
2026-05-27T04:00:00+02:00,10.490475
2026-05-27T04:15:00+02:00,10.490475
2026-05-27T04:30:00+02:00,10.490475
2026-05-27T04:45:00+02:00,10.490475
2026-05-27T05:00:00+02:00,10.490475
2026-05-27T05:15:00+02:00,10.490475
2026-05-27T05:30:00+02:00,10.490475
2026-05-27T05:45:00+02:00,10.490475
2026-05-27T06:00:00+02:00,10.490475
2026-05-27T06:15:00+02:00,10.490475
2026-05-27T06:30:00+02:00,10.490475
2026-05-27T06:45:00+02:00,10.490475
2026-05-27T07:00:00+02:00,10.490475
2026-05-27T07:15:00+02:00,10.490475
2026-05-27T07:30:00+02:00,10.490475
2026-05-27T07:45:00+02:00,10.490475
2026-05-27T08:00:00+02:00,10.766957
2026-05-27T08:15:00+02:00,11.083995
2026-05-27T08:30:00+02:00,8.769231
2026-05-27T08:45:00+02:00,8.769231
2026-05-27T09:00:00+02:00,8.769231
2026-05-27T09:15:00+02:00,8.769231
2026-05-27T09:30:00+02:00,12.051873
2026-05-27T09:45:00+02:00,12.805267
2026-05-27T10:00:00+02:00,12.805267
2026-05-27T10:15:00+02:00,12.805267
2026-05-27T10:30:00+02:00,12.805267
2026-05-27T10:45:00+02:00,12.805267
2026-05-27T11:00:00+02:00,12.805267
2026-05-27T11:15:00+02:00,12.805267
2026-05-27T11:30:00+02:00,12.805267
2026-05-27T11:45:00+02:00,12.805267
2026-05-27T12:00:00+02:00,15.704599
2026-05-27T12:15:00+02:00,21.115456
2026-05-27T12:30:00+02:00,21.115456
2026-05-27T12:45:00+02:00,21.115456
2026-05-27T13:00:00+02:00,21.115456
2026-05-27T13:15:00+02:00,21.115456
2026-05-27T13:30:00+02:00,32.923338
2026-05-27T13:45:00+02:00,27.656572
2026-05-27T14:00:00+02:00,22.817254
2026-05-27T14:15:00+02:00,22.817254
2026-05-27T14:30:00+02:00,22.817254
2026-05-27T14:45:00+02:00,22.817254
2026-05-27T15:00:00+02:00,22.817254
2026-05-27T15:15:00+02:00,22.817254
2026-05-27T15:30:00+02:00,22.817254
2026-05-27T15:45:00+02:00,22.817254
2026-05-27T16:00:00+02:00,22.817254
2026-05-27T16:15:00+02:00,22.817254
2026-05-27T16:30:00+02:00,22.817254
2026-05-27T16:45:00+02:00,22.817254
2026-05-27T17:00:00+02:00,22.817254
2026-05-27T17:15:00+02:00,22.817254
2026-05-27T17:30:00+02:00,22.817254
2026-05-27T17:45:00+02:00,17.46774
2026-05-27T18:00:00+02:00,13.271358
2026-05-27T18:15:00+02:00,13.271358
2026-05-27T18:30:00+02:00,13.271358
2026-05-27T18:45:00+02:00,13.271358
2026-05-27T19:00:00+02:00,13.271358
2026-05-27T19:15:00+02:00,13.271358
2026-05-27T19:30:00+02:00,12.859426
2026-05-27T19:45:00+02:00,8.518301
2026-05-27T20:00:00+02:00,8.518301
2026-05-27T20:15:00+02:00,8.518301
2026-05-27T20:30:00+02:00,8.518301
2026-05-27T20:45:00+02:00,8.518301
2026-05-27T21:00:00+02:00,8.518301
2026-05-27T21:15:00+02:00,8.518301
2026-05-27T21:30:00+02:00,8.518301
2026-05-27T21:45:00+02:00,8.518301
2026-05-27T22:00:00+02:00,8.518301
2026-05-27T22:15:00+02:00,8.518301
2026-05-27T22:30:00+02:00,8.518301
2026-05-27T22:45:00+02:00,8.518301
2026-05-27T23:00:00+02:00,7.802605
2026-05-27T23:15:00+02:00,7.646682
2026-05-27T23:30:00+02:00,7.646682
2026-05-27T23:45:00+02:00,7.646682
2026-05-28T00:00:00+02:00,7.646682
2026-05-28T00:15:00+02:00,7.646682
2026-05-28T00:30:00+02:00,7.646682
2026-05-28T00:45:00+02:00,6.096245
2026-05-28T01:00:00+02:00,5.904618
2026-05-28T01:15:00+02:00,5.904618
2026-05-28T01:30:00+02:00,5.904618
2026-05-28T01:45:00+02:00,10.035173
2026-05-28T02:00:00+02:00,14.39206
2026-05-28T02:15:00+02:00,14.39206
2026-05-28T02:30:00+02:00,14.39206
2026-05-28T02:45:00+02:00,14.39206
2026-05-28T03:00:00+02:00,14.39206
2026-05-28T03:15:00+02:00,14.39206
2026-05-28T03:30:00+02:00,14.39206
2026-05-28T03:45:00+02:00,14.180189
2026-05-28T04:00:00+02:00,11.72389
2026-05-28T04:15:00+02:00,9.459861
2026-05-28T04:30:00+02:00,9.412097
2026-05-28T04:45:00+02:00,9.412097
2026-05-28T05:00:00+02:00,9.412097
2026-05-28T05:15:00+02:00,10.371123
2026-05-28T05:30:00+02:00,12.681502
2026-05-28T05:45:00+02:00,12.681502
2026-05-28T06:00:00+02:00,12.681502
2026-05-28T06:15:00+02:00,12.681502
2026-05-28T06:30:00+02:00,12.681502
2026-05-28T06:45:00+02:00,12.681502
2026-05-28T07:00:00+02:00,12.681502
2026-05-28T07:15:00+02:00,12.681502
2026-05-28T07:30:00+02:00,12.681502
2026-05-28T07:45:00+02:00,12.681502
2026-05-28T08:00:00+02:00,12.681502
2026-05-28T08:15:00+02:00,12.681502
2026-05-28T08:30:00+02:00,12.177155
2026-05-28T08:45:00+02:00,11.28485
2026-05-28T09:00:00+02:00,11.28485
2026-05-28T09:15:00+02:00,11.28485
2026-05-28T09:30:00+02:00,11.28485
2026-05-28T09:45:00+02:00,11.28485
2026-05-28T10:00:00+02:00,11.28485
2026-05-28T10:15:00+02:00,11.28485
2026-05-28T10:30:00+02:00,8.662203
2026-05-28T10:45:00+02:00,8.120799
2026-05-28T11:00:00+02:00,8.120799
2026-05-28T11:15:00+02:00,8.120799
2026-05-28T11:30:00+02:00,8.120799
2026-05-28T11:45:00+02:00,8.120799
2026-05-28T12:00:00+02:00,8.120799
2026-05-28T12:15:00+02:00,8.120799
2026-05-28T12:30:00+02:00,8.120799
2026-05-28T12:45:00+02:00,8.120799
2026-05-28T13:00:00+02:00,8.120799
2026-05-28T13:15:00+02:00,8.120799
2026-05-28T13:30:00+02:00,9.639723
2026-05-28T13:45:00+02:00,10.116465
2026-05-28T14:00:00+02:00,10.116465
2026-05-28T14:15:00+02:00,10.116465
2026-05-28T14:30:00+02:00,10.116465
2026-05-28T14:45:00+02:00,10.116465
2026-05-28T15:00:00+02:00,10.116465
2026-05-28T15:15:00+02:00,10.116465
2026-05-28T15:30:00+02:00,10.116465
2026-05-28T15:45:00+02:00,10.116465
2026-05-28T16:00:00+02:00,10.116465
2026-05-28T16:15:00+02:00,10.116465
2026-05-28T16:30:00+02:00,10.116465
2026-05-28T16:45:00+02:00,10.116465
2026-05-28T17:00:00+02:00,10.116465
2026-05-28T17:15:00+02:00,10.116465
2026-05-28T17:30:00+02:00,10.116465
2026-05-28T17:45:00+02:00,10.116465
2026-05-28T18:00:00+02:00,10.116465
2026-05-28T18:15:00+02:00,10.116465
2026-05-28T18:30:00+02:00,10.116465
2026-05-28T18:45:00+02:00,10.116465
2026-05-28T19:00:00+02:00,10.116465
2026-05-28T19:15:00+02:00,10.116465
2026-05-28T19:30:00+02:00,10.116465
2026-05-28T19:45:00+02:00,10.116465
2026-05-28T20:00:00+02:00,10.116465
2026-05-28T20:15:00+02:00,10.116465
2026-05-28T20:30:00+02:00,10.116465
2026-05-28T20:45:00+02:00,10.116465
2026-05-28T21:00:00+02:00,10.116465
2026-05-28T21:15:00+02:00,10.116465
2026-05-28T21:30:00+02:00,10.116465
2026-05-28T21:45:00+02:00,10.116465
2026-05-28T22:00:00+02:00,10.116465
2026-05-28T22:15:00+02:00,10.116465
2026-05-28T22:30:00+02:00,10.116465
2026-05-28T22:45:00+02:00,10.116465
2026-05-28T23:00:00+02:00,10.116465
2026-05-28T23:15:00+02:00,10.116465
2026-05-28T23:30:00+02:00,10.116465
2026-05-28T23:45:00+02:00,10.116465
2026-05-29T00:00:00+02:00,10.116465
2026-05-29T00:15:00+02:00,10.116465
2026-05-29T00:30:00+02:00,26.633324
2026-05-29T00:45:00+02:00,27.124672
2026-05-29T01:00:00+02:00,27.124672
2026-05-29T01:15:00+02:00,27.124672
2026-05-29T01:30:00+02:00,27.124672
2026-05-29T01:45:00+02:00,26.652359
2026-05-29T02:00:00+02:00,13.840847
2026-05-29T02:15:00+02:00,13.840847
2026-05-29T02:30:00+02:00,13.840847
2026-05-29T02:45:00+02:00,13.840847
2026-05-29T03:00:00+02:00,13.840847
2026-05-29T03:15:00+02:00,13.840847
2026-05-29T03:30:00+02:00,13.840847
2026-05-29T03:45:00+02:00,13.840847
2026-05-29T04:00:00+02:00,13.840847
2026-05-29T04:15:00+02:00,13.840847
2026-05-29T04:30:00+02:00,13.840847
2026-05-29T04:45:00+02:00,13.840847
2026-05-29T05:00:00+02:00,13.840847
2026-05-29T05:15:00+02:00,13.840847
2026-05-29T05:30:00+02:00,13.840847
2026-05-29T05:45:00+02:00,13.840847
2026-05-29T06:00:00+02:00,13.840847
2026-05-29T06:15:00+02:00,13.840847
2026-05-29T06:30:00+02:00,13.840847
2026-05-29T06:45:00+02:00,13.840847
2026-05-29T07:00:00+02:00,13.840847
2026-05-29T07:15:00+02:00,13.840847
2026-05-29T07:30:00+02:00,13.840847
2026-05-29T07:45:00+02:00,16.399649
2026-05-29T08:00:00+02:00,16.875
2026-05-29T08:15:00+02:00,16.875
2026-05-29T08:30:00+02:00,16.875
2026-05-29T08:45:00+02:00,16.875
2026-05-29T09:00:00+02:00,9.134833
2026-05-29T09:15:00+02:00,1.698202
2026-05-29T09:30:00+02:00,1.698202
2026-05-29T09:45:00+02:00,1.698202
2026-05-29T10:00:00+02:00,1.698202
2026-05-29T10:15:00+02:00,1.698202
2026-05-29T10:30:00+02:00,1.698202
2026-05-29T10:45:00+02:00,1.698202
2026-05-29T11:00:00+02:00,1.698202
2026-05-29T11:15:00+02:00,1.698202
2026-05-29T11:30:00+02:00,1.698202
2026-05-29T11:45:00+02:00,1.698202
2026-05-29T12:00:00+02:00,1.698202
2026-05-29T12:15:00+02:00,1.698202
2026-05-29T12:30:00+02:00,1.698202
2026-05-29T12:45:00+02:00,1.698202
2026-05-29T13:00:00+02:00,1.698202
2026-05-29T13:15:00+02:00,1.698202
2026-05-29T13:30:00+02:00,1.698202
2026-05-29T13:45:00+02:00,1.698202
2026-05-29T14:00:00+02:00,1.698202
2026-05-29T14:15:00+02:00,1.264521
2026-05-29T14:30:00+02:00,0.304225
2026-05-29T14:45:00+02:00,0.304225
2026-05-29T15:00:00+02:00,0.304225
2026-05-29T15:15:00+02:00,0.304225
2026-05-29T15:30:00+02:00,0.304225
2026-05-29T15:45:00+02:00,0.304225
2026-05-29T16:00:00+02:00,0.304225
2026-05-29T16:15:00+02:00,0.304225
2026-05-29T16:30:00+02:00,0.304225
2026-05-29T16:45:00+02:00,0.242061
2026-05-29T17:00:00+02:00,0.166082
2026-05-29T17:15:00+02:00,0.166082
2026-05-29T17:30:00+02:00,0.166082
2026-05-29T17:45:00+02:00,0.166082
2026-05-29T18:00:00+02:00,0.166082
2026-05-29T18:15:00+02:00,0.166082
2026-05-29T18:30:00+02:00,0.166082
2026-05-29T18:45:00+02:00,0.166082
2026-05-29T19:00:00+02:00,0.166082
2026-05-29T19:15:00+02:00,0.166082
2026-05-29T19:30:00+02:00,0.166082
2026-05-29T19:45:00+02:00,0.166082
2026-05-29T20:00:00+02:00,0.166082
2026-05-29T20:15:00+02:00,0.166082
2026-05-29T20:30:00+02:00,0.166082
2026-05-29T20:45:00+02:00,0.166082
2026-05-29T21:00:00+02:00,0.166082
2026-05-29T21:15:00+02:00,0.133561
2026-05-29T21:30:00+02:00,0.081975
2026-05-29T21:45:00+02:00,0.081975
2026-05-29T22:00:00+02:00,0.081975
2026-05-29T22:15:00+02:00,0.081975
2026-05-29T22:30:00+02:00,0.081975
2026-05-29T22:45:00+02:00,0.081975
2026-05-29T23:00:00+02:00,0.081975
2026-05-29T23:15:00+02:00,0.081975
2026-05-29T23:30:00+02:00,0.081975
2026-05-29T23:45:00+02:00,0.081975
2026-05-30T00:00:00+02:00,0.081975
2026-05-30T00:15:00+02:00,0.179267
2026-05-30T00:30:00+02:00,0.6001
2026-05-30T00:45:00+02:00,0.6001
2026-05-30T01:00:00+02:00,0.6001
2026-05-30T01:15:00+02:00,0.6001
2026-05-30T01:30:00+02:00,0.6001
2026-05-30T01:45:00+02:00,0.6001
2026-05-30T02:00:00+02:00,0.449909
2026-05-30T02:15:00+02:00,0.3125
2026-05-30T02:30:00+02:00,0.3125
2026-05-30T02:45:00+02:00,0.3125
2026-05-30T03:00:00+02:00,0.3125
2026-05-30T03:15:00+02:00,0.3125
2026-05-30T03:30:00+02:00,0.3125
2026-05-30T03:45:00+02:00,0.3125
2026-05-30T04:00:00+02:00,0.3125
2026-05-30T04:15:00+02:00,0.3125
2026-05-30T04:30:00+02:00,0.136802
2026-05-30T04:45:00+02:00,0.121984
2026-05-30T05:00:00+02:00,0.121984
2026-05-30T05:15:00+02:00,0.121984
2026-05-30T05:30:00+02:00,0.121984
2026-05-30T05:45:00+02:00,0.121984
2026-05-30T06:00:00+02:00,0.121984
2026-05-30T06:15:00+02:00,0.121984
2026-05-30T06:30:00+02:00,0.253859
2026-05-30T06:45:00+02:00,0.30402
2026-05-30T07:00:00+02:00,0.30402
2026-05-30T07:15:00+02:00,0.30402
2026-05-30T07:30:00+02:00,0.30402
2026-05-30T07:45:00+02:00,0.30402
2026-05-30T08:00:00+02:00,0.30402
2026-05-30T08:15:00+02:00,0.30402
2026-05-30T08:30:00+02:00,0.30402
2026-05-30T08:45:00+02:00,0.30402
2026-05-30T09:00:00+02:00,0.043576
2026-05-30T09:15:00+02:00,0.082229
2026-05-30T09:30:00+02:00,0.25172
2026-05-30T09:45:00+02:00,0.25172
2026-05-30T10:00:00+02:00,0.25172
2026-05-30T10:15:00+02:00,0.25172
2026-05-30T10:30:00+02:00,0.25172
2026-05-30T10:45:00+02:00,0.25172
2026-05-30T11:00:00+02:00,0.25172
2026-05-30T11:15:00+02:00,0.25172
2026-05-30T11:30:00+02:00,0.25172
2026-05-30T11:45:00+02:00,0.25172
2026-05-30T12:00:00+02:00,0.25172
2026-05-30T12:15:00+02:00,0.25172
2026-05-30T12:30:00+02:00,0.25172
2026-05-30T12:45:00+02:00,0.25172
2026-05-30T13:00:00+02:00,0.25172
2026-05-30T13:15:00+02:00,0.25172
2026-05-30T13:30:00+02:00,0.25172
2026-05-30T13:45:00+02:00,0.25172
2026-05-30T14:00:00+02:00,0.25172
2026-05-30T14:15:00+02:00,0.239627
2026-05-30T14:30:00+02:00,0.22562
2026-05-30T14:45:00+02:00,0.22562
2026-05-30T15:00:00+02:00,0.22562
2026-05-30T15:15:00+02:00,0.22562
2026-05-30T15:30:00+02:00,0.22562
2026-05-30T15:45:00+02:00,0.22562
2026-05-30T16:00:00+02:00,0.22562
2026-05-30T16:15:00+02:00,0.22562
2026-05-30T16:30:00+02:00,0.290129
2026-05-30T16:45:00+02:00,0.333333
2026-05-30T17:00:00+02:00,0.333333
2026-05-30T17:15:00+02:00,0.248159
2026-05-30T17:30:00+02:00,0.191113
2026-05-30T17:45:00+02:00,0.191113
2026-05-30T18:00:00+02:00,0.191113
2026-05-30T18:15:00+02:00,0.191113
2026-05-30T18:30:00+02:00,0.191113
2026-05-30T18:45:00+02:00,0.191113
2026-05-30T19:00:00+02:00,0.191113
2026-05-30T19:15:00+02:00,0.191113
2026-05-30T19:30:00+02:00,0.191113
2026-05-30T19:45:00+02:00,0.191113
2026-05-30T20:00:00+02:00,0.191113
2026-05-30T20:15:00+02:00,0.191113
2026-05-30T20:30:00+02:00,0.191113
2026-05-30T20:45:00+02:00,0.191113
2026-05-30T21:00:00+02:00,0.191113
2026-05-30T21:15:00+02:00,0.191113
2026-05-30T21:30:00+02:00,0.191113
2026-05-30T21:45:00+02:00,0.191113
2026-05-30T22:00:00+02:00,0.191113
2026-05-30T22:15:00+02:00,0.191113
2026-05-30T22:30:00+02:00,0.235563
2026-05-30T22:45:00+02:00,0.257566
2026-05-30T23:00:00+02:00,0.257566
2026-05-30T23:15:00+02:00,0.257566
2026-05-30T23:30:00+02:00,0.257566
2026-05-30T23:45:00+02:00,0.257566
2026-05-31T00:00:00+02:00,0.257566
2026-05-31T00:15:00+02:00,0.257566
2026-05-31T00:30:00+02:00,0.257566
2026-05-31T00:45:00+02:00,0.257566
2026-05-31T01:00:00+02:00,0.257566
2026-05-31T01:15:00+02:00,0.257566
2026-05-31T01:30:00+02:00,0.257566
2026-05-31T01:45:00+02:00,0.257566
2026-05-31T02:00:00+02:00,0.257566
2026-05-31T02:15:00+02:00,0.254657
2026-05-31T02:30:00+02:00,0.236618
2026-05-31T02:45:00+02:00,0.236618
2026-05-31T03:00:00+02:00,0.236618
2026-05-31T03:15:00+02:00,0.236618
2026-05-31T03:30:00+02:00,0.236618
2026-05-31T03:45:00+02:00,0.236618
2026-05-31T04:00:00+02:00,0.236618
2026-05-31T04:15:00+02:00,0.236618
2026-05-31T04:30:00+02:00,0.236618
2026-05-31T04:45:00+02:00,0.236618
2026-05-31T05:00:00+02:00,0.236618
2026-05-31T05:15:00+02:00,0.236618
2026-05-31T05:30:00+02:00,0.236618
2026-05-31T05:45:00+02:00,0.236618
2026-05-31T06:00:00+02:00,0.236618
2026-05-31T06:15:00+02:00,0.236618
2026-05-31T06:30:00+02:00,0.236618
2026-05-31T06:45:00+02:00,0.236618
2026-05-31T07:00:00+02:00,0.236618
2026-05-31T07:15:00+02:00,0.236618
2026-05-31T07:30:00+02:00,0.2366
2026-05-31T07:45:00+02:00,0.234355
2026-05-31T08:00:00+02:00,0.234355
2026-05-31T08:15:00+02:00,0.234355
2026-05-31T08:30:00+02:00,0.234355
2026-05-31T08:45:00+02:00,0.234355
2026-05-31T09:00:00+02:00,0.234355
2026-05-31T09:15:00+02:00,0.234355
2026-05-31T09:30:00+02:00,0.234355
2026-05-31T09:45:00+02:00,0.234355
2026-05-31T10:00:00+02:00,0.234355
2026-05-31T10:15:00+02:00,0.234355
2026-05-31T10:30:00+02:00,0.234355
2026-05-31T10:45:00+02:00,0.185921
2026-05-31T11:00:00+02:00,0.0
2026-05-31T11:15:00+02:00,0.0
2026-05-31T11:30:00+02:00,0.0
2026-05-31T11:45:00+02:00,0.021933
2026-05-31T12:00:00+02:00,0.078958
2026-05-31T12:15:00+02:00,0.078958
2026-05-31T12:30:00+02:00,0.078958
2026-05-31T12:45:00+02:00,0.078958
2026-05-31T13:00:00+02:00,0.078958
2026-05-31T13:15:00+02:00,0.078958
2026-05-31T13:30:00+02:00,0.078958
2026-05-31T13:45:00+02:00,0.078958
2026-05-31T14:00:00+02:00,0.078958
2026-05-31T14:15:00+02:00,0.078958
2026-05-31T14:30:00+02:00,0.078958
2026-05-31T14:45:00+02:00,0.078958
2026-05-31T15:00:00+02:00,0.078958
2026-05-31T15:15:00+02:00,0.078958
2026-05-31T15:30:00+02:00,0.078958
2026-05-31T15:45:00+02:00,0.078958
2026-05-31T16:00:00+02:00,0.078958
2026-05-31T16:15:00+02:00,0.078958
2026-05-31T16:30:00+02:00,0.078958
2026-05-31T16:45:00+02:00,0.078958
2026-05-31T17:00:00+02:00,0.078958
2026-05-31T17:15:00+02:00,0.078958
2026-05-31T17:30:00+02:00,0.078958
2026-05-31T17:45:00+02:00,0.078958
2026-05-31T18:00:00+02:00,0.078958
2026-05-31T18:15:00+02:00,1.344475
2026-05-31T18:30:00+02:00,1.414205
2026-05-31T18:45:00+02:00,1.414205
2026-05-31T19:00:00+02:00,0.922663
2026-05-31T19:15:00+02:00,0.221784
2026-05-31T19:30:00+02:00,0.221784
2026-05-31T19:45:00+02:00,0.221784
2026-05-31T20:00:00+02:00,0.221784
2026-05-31T20:15:00+02:00,0.221784
2026-05-31T20:30:00+02:00,0.221784
2026-05-31T20:45:00+02:00,0.221784
2026-05-31T21:00:00+02:00,0.221784
2026-05-31T21:15:00+02:00,0.221784
2026-05-31T21:30:00+02:00,0.221784
2026-05-31T21:45:00+02:00,0.221784
2026-05-31T22:00:00+02:00,0.221784
2026-05-31T22:15:00+02:00,0.221784
2026-05-31T22:30:00+02:00,0.215858
2026-05-31T22:45:00+02:00,0.215092
2026-05-31T23:00:00+02:00,0.215092
2026-05-31T23:15:00+02:00,0.215092
2026-05-31T23:30:00+02:00,0.215092
2026-05-31T23:45:00+02:00,0.215092
2026-06-01T00:00:00+02:00,0.215092
2026-06-01T00:15:00+02:00,0.215092
2026-06-01T00:30:00+02:00,0.215092
2026-06-01T00:45:00+02:00,0.215092
2026-06-01T01:00:00+02:00,0.215092
2026-06-01T01:15:00+02:00,0.215092
2026-06-01T01:30:00+02:00,0.215092
2026-06-01T01:45:00+02:00,0.215092
2026-06-01T02:00:00+02:00,0.215092
2026-06-01T02:15:00+02:00,0.215092
2026-06-01T02:30:00+02:00,0.215092
2026-06-01T02:45:00+02:00,0.215092
2026-06-01T03:00:00+02:00,0.22458
2026-06-01T03:15:00+02:00,0.247934
2026-06-01T03:30:00+02:00,0.247934
2026-06-01T03:45:00+02:00,0.247934
2026-06-01T04:00:00+02:00,0.247934
2026-06-01T04:15:00+02:00,0.247934
2026-06-01T04:30:00+02:00,0.247934
2026-06-01T04:45:00+02:00,0.247934
2026-06-01T05:00:00+02:00,3.18315
2026-06-01T05:15:00+02:00,13.456407
2026-06-01T05:30:00+02:00,13.456407
2026-06-01T05:45:00+02:00,13.456407
2026-06-01T06:00:00+02:00,13.456407
2026-06-01T06:15:00+02:00,13.456407
2026-06-01T06:30:00+02:00,13.456407
2026-06-01T06:45:00+02:00,13.456407
2026-06-01T07:00:00+02:00,13.456407
2026-06-01T07:15:00+02:00,13.456407
2026-06-01T07:30:00+02:00,13.456407
2026-06-01T07:45:00+02:00,13.456407
2026-06-01T08:00:00+02:00,13.456407
2026-06-01T08:15:00+02:00,13.456407
2026-06-01T08:30:00+02:00,13.456407
2026-06-01T08:45:00+02:00,13.456407
2026-06-01T09:00:00+02:00,13.456407
2026-06-01T09:15:00+02:00,13.456407
2026-06-01T09:30:00+02:00,13.456407
2026-06-01T09:45:00+02:00,13.456407
2026-06-01T10:00:00+02:00,13.456407
2026-06-01T10:15:00+02:00,13.456407
2026-06-01T10:30:00+02:00,13.456407
2026-06-01T10:45:00+02:00,13.456407
2026-06-01T11:00:00+02:00,13.456407
2026-06-01T11:15:00+02:00,13.456407
2026-06-01T11:30:00+02:00,13.456407
2026-06-01T11:45:00+02:00,13.456407
2026-06-01T12:00:00+02:00,13.456407
2026-06-01T12:15:00+02:00,13.456407
2026-06-01T12:30:00+02:00,13.456407
2026-06-01T12:45:00+02:00,3.996176
2026-06-01T13:00:00+02:00,2.027941
2026-06-01T13:15:00+02:00,4.586661
2026-06-01T13:30:00+02:00,9.091893
2026-06-01T13:45:00+02:00,9.091893
2026-06-01T14:00:00+02:00,9.091893
2026-06-01T14:15:00+02:00,9.091893
2026-06-01T14:30:00+02:00,9.091893
2026-06-01T14:45:00+02:00,9.091893
2026-06-01T15:00:00+02:00,9.091893
2026-06-01T15:15:00+02:00,9.091893
2026-06-01T15:30:00+02:00,9.091893
2026-06-01T15:45:00+02:00,9.091893
2026-06-01T16:00:00+02:00,9.091893
2026-06-01T16:15:00+02:00,9.091893
2026-06-01T16:30:00+02:00,9.091893
2026-06-01T16:45:00+02:00,9.091893
2026-06-01T17:00:00+02:00,9.091893
2026-06-01T17:15:00+02:00,9.091893
2026-06-01T17:30:00+02:00,9.091893
2026-06-01T17:45:00+02:00,9.091893
2026-06-01T18:00:00+02:00,9.091893
2026-06-01T18:15:00+02:00,9.091893
2026-06-01T18:30:00+02:00,9.091893
2026-06-01T18:45:00+02:00,9.091893
2026-06-01T19:00:00+02:00,9.091893
2026-06-01T19:15:00+02:00,9.091893
2026-06-01T19:30:00+02:00,9.091893
2026-06-01T19:45:00+02:00,9.091893
2026-06-01T20:00:00+02:00,9.091893
2026-06-01T20:15:00+02:00,9.091893
2026-06-01T20:30:00+02:00,9.091893
2026-06-01T20:45:00+02:00,9.091893
2026-06-01T21:00:00+02:00,11.796055
2026-06-01T21:15:00+02:00,13.873318
2026-06-01T21:30:00+02:00,13.873318
2026-06-01T21:45:00+02:00,13.873318
2026-06-01T22:00:00+02:00,13.873318
2026-06-01T22:15:00+02:00,13.873318
2026-06-01T22:30:00+02:00,13.873318
2026-06-01T22:45:00+02:00,13.873318
2026-06-01T23:00:00+02:00,9.927513
2026-06-01T23:15:00+02:00,7.675718
2026-06-01T23:30:00+02:00,7.675718
2026-06-01T23:45:00+02:00,7.675718
2026-06-02T00:00:00+02:00,7.675718
2026-06-02T00:15:00+02:00,7.675718
2026-06-02T00:30:00+02:00,7.675718
2026-06-02T00:45:00+02:00,7.675718
2026-06-02T01:00:00+02:00,7.675718
2026-06-02T01:15:00+02:00,7.675718
2026-06-02T01:30:00+02:00,7.675718
2026-06-02T01:45:00+02:00,10.060259
2026-06-02T02:00:00+02:00,15.565743
2026-06-02T02:15:00+02:00,15.565743
2026-06-02T02:30:00+02:00,15.565743
2026-06-02T02:45:00+02:00,15.565743
2026-06-02T03:00:00+02:00,15.565743
2026-06-02T03:15:00+02:00,15.565743
2026-06-02T03:30:00+02:00,15.565743
2026-06-02T03:45:00+02:00,15.565743
2026-06-02T04:00:00+02:00,15.565743
2026-06-02T04:15:00+02:00,15.565743
2026-06-02T04:30:00+02:00,15.565743
2026-06-02T04:45:00+02:00,15.565743
2026-06-02T05:00:00+02:00,15.565743
2026-06-02T05:15:00+02:00,15.565743
2026-06-02T05:30:00+02:00,15.565743
2026-06-02T05:45:00+02:00,15.565743
2026-06-02T06:00:00+02:00,15.565743
2026-06-02T06:15:00+02:00,15.565743
2026-06-02T06:30:00+02:00,15.565743
2026-06-02T06:45:00+02:00,15.565743
2026-06-02T07:00:00+02:00,15.565743
2026-06-02T07:15:00+02:00,9.702748
2026-06-02T07:30:00+02:00,9.542118
2026-06-02T07:45:00+02:00,9.542118
2026-06-02T08:00:00+02:00,9.542118
2026-06-02T08:15:00+02:00,9.542118
2026-06-02T08:30:00+02:00,9.542118
2026-06-02T08:45:00+02:00,9.542118
2026-06-02T09:00:00+02:00,9.542118
2026-06-02T09:15:00+02:00,9.542118
2026-06-02T09:30:00+02:00,8.401703
2026-06-02T09:45:00+02:00,6.930481
2026-06-02T10:00:00+02:00,6.930481
2026-06-02T10:15:00+02:00,6.930481
2026-06-02T10:30:00+02:00,6.930481
2026-06-02T10:45:00+02:00,8.01393
2026-06-02T11:00:00+02:00,11.403435
2026-06-02T11:15:00+02:00,11.403435
2026-06-02T11:30:00+02:00,11.403435
2026-06-02T11:45:00+02:00,11.403435
2026-06-02T12:00:00+02:00,11.403435
2026-06-02T12:15:00+02:00,11.403435
2026-06-02T12:30:00+02:00,11.403435
2026-06-02T12:45:00+02:00,11.403435
2026-06-02T13:00:00+02:00,11.403435
2026-06-02T13:15:00+02:00,11.403435
2026-06-02T13:30:00+02:00,11.403435
2026-06-02T13:45:00+02:00,11.403435
2026-06-02T14:00:00+02:00,11.403435
2026-06-02T14:15:00+02:00,11.403435
2026-06-02T14:30:00+02:00,11.403435
2026-06-02T14:45:00+02:00,11.403435
2026-06-02T15:00:00+02:00,11.403435
2026-06-02T15:15:00+02:00,11.403435
2026-06-02T15:30:00+02:00,11.403435
2026-06-02T15:45:00+02:00,11.403435
2026-06-02T16:00:00+02:00,11.403435
2026-06-02T16:15:00+02:00,11.403435
2026-06-02T16:30:00+02:00,11.403435
2026-06-02T16:45:00+02:00,11.403435
2026-06-02T17:00:00+02:00,11.403435
2026-06-02T17:15:00+02:00,11.403435
2026-06-02T17:30:00+02:00,20.60295
2026-06-02T17:45:00+02:00,22.269004
2026-06-02T18:00:00+02:00,22.269004
2026-06-02T18:15:00+02:00,22.269004
2026-06-02T18:30:00+02:00,22.269004
2026-06-02T18:45:00+02:00,22.269004
2026-06-02T19:00:00+02:00,22.269004
2026-06-02T19:15:00+02:00,22.269004
2026-06-02T19:30:00+02:00,22.269004
2026-06-02T19:45:00+02:00,22.269004
2026-06-02T20:00:00+02:00,22.269004
2026-06-02T20:15:00+02:00,22.269004
2026-06-02T20:30:00+02:00,22.269004
2026-06-02T20:45:00+02:00,22.269004
2026-06-02T21:00:00+02:00,22.269004
2026-06-02T21:15:00+02:00,22.269004
2026-06-02T21:30:00+02:00,22.269004
2026-06-02T21:45:00+02:00,22.269004
2026-06-02T22:00:00+02:00,22.269004
2026-06-02T22:15:00+02:00,19.160147
2026-06-02T22:30:00+02:00,16.929364
2026-06-02T22:45:00+02:00,16.929364
2026-06-02T23:00:00+02:00,16.929364
2026-06-02T23:15:00+02:00,16.929364
2026-06-02T23:30:00+02:00,16.929364
2026-06-02T23:45:00+02:00,16.929364
2026-06-03T00:00:00+02:00,16.929364
2026-06-03T00:15:00+02:00,16.929364
2026-06-03T00:30:00+02:00,16.929364
2026-06-03T00:45:00+02:00,16.929364
2026-06-03T01:00:00+02:00,16.929364
2026-06-03T01:15:00+02:00,16.929364
2026-06-03T01:30:00+02:00,16.929364
2026-06-03T01:45:00+02:00,16.929364
2026-06-03T02:00:00+02:00,16.929364
2026-06-03T02:15:00+02:00,16.929364
2026-06-03T02:30:00+02:00,15.546203
2026-06-03T02:45:00+02:00,13.870777
2026-06-03T03:00:00+02:00,13.870777
2026-06-03T03:15:00+02:00,13.870777
2026-06-03T03:30:00+02:00,13.870777
2026-06-03T03:45:00+02:00,13.870777
2026-06-03T04:00:00+02:00,13.870777
2026-06-03T04:15:00+02:00,13.870777
2026-06-03T04:30:00+02:00,13.870777
2026-06-03T04:45:00+02:00,13.870777
2026-06-03T05:00:00+02:00,13.870777
2026-06-03T05:15:00+02:00,13.870777
2026-06-03T05:30:00+02:00,13.870777
2026-06-03T05:45:00+02:00,13.870777
2026-06-03T06:00:00+02:00,13.870777
2026-06-03T06:15:00+02:00,15.025057
2026-06-03T06:30:00+02:00,16.398399
2026-06-03T06:45:00+02:00,16.398399
2026-06-03T07:00:00+02:00,16.398399
2026-06-03T07:15:00+02:00,16.398399
2026-06-03T07:30:00+02:00,16.398399
2026-06-03T07:45:00+02:00,16.398399
2026-06-03T08:00:00+02:00,16.398399
2026-06-03T08:15:00+02:00,16.398399
2026-06-03T08:30:00+02:00,16.398399
2026-06-03T08:45:00+02:00,16.398399
2026-06-03T09:00:00+02:00,16.398399
2026-06-03T09:15:00+02:00,16.398399
2026-06-03T09:30:00+02:00,16.398399
2026-06-03T09:45:00+02:00,2.83395
2026-06-03T10:00:00+02:00,0.584922
2026-06-03T10:15:00+02:00,0.584922
2026-06-03T10:30:00+02:00,0.584922
2026-06-03T10:45:00+02:00,0.584922
2026-06-03T11:00:00+02:00,0.158579
2026-06-03T11:15:00+02:00,0.459564
2026-06-03T11:30:00+02:00,0.66127
2026-06-03T11:45:00+02:00,0.879167
2026-06-03T12:00:00+02:00,0.870833
2026-06-03T12:15:00+02:00,4.119643
2026-06-03T12:30:00+02:00,4.285714
2026-06-03T12:45:00+02:00,5.08631
2026-06-03T13:00:00+02:00,4.810119
2026-06-03T13:15:00+02:00,4.848831
2026-06-03T13:30:00+02:00,4.972995
2026-06-03T13:45:00+02:00,4.426984
2026-06-03T14:00:00+02:00,5.145238
2026-06-03T14:15:00+02:00,4.711905
2026-06-03T14:30:00+02:00,4.748649
2026-06-03T14:45:00+02:00,4.663336
2026-06-03T15:00:00+02:00,4.632436
2026-06-03T15:15:00+02:00,4.985831
2026-06-03T15:30:00+02:00,4.911765
2026-06-03T15:45:00+02:00,4.779412
2026-06-03T16:00:00+02:00,4.714286
2026-06-03T16:15:00+02:00,4.285714
2026-06-03T16:30:00+02:00,2.0
2026-06-03T16:45:00+02:00,0.002124
2026-06-03T17:00:00+02:00,1.46871
2026-06-03T17:15:00+02:00,0.530535
2026-06-03T17:30:00+02:00,0.804651
2026-06-03T17:45:00+02:00,1.19398
2026-06-03T18:00:00+02:00,0.572259
2026-06-03T18:15:00+02:00,0.607973
2026-06-03T18:30:00+02:00,0.819767
2026-06-03T18:45:00+02:00,2.438095
2026-06-03T19:00:00+02:00,4.760263
2026-06-03T19:15:00+02:00,5.479343
2026-06-03T19:30:00+02:00,5.666743
2026-06-03T19:45:00+02:00,4.413889
2026-06-03T20:00:00+02:00,3.802557
2026-06-03T20:15:00+02:00,4.59843
2026-06-03T20:30:00+02:00,4.113801
2026-06-03T20:45:00+02:00,2.431045
2026-06-03T21:00:00+02:00,0.295833
2026-06-03T21:15:00+02:00,0.320975
2026-06-03T21:30:00+02:00,13.051118
2026-06-03T21:45:00+02:00,15.694574
2026-06-03T22:00:00+02:00,17.0
2026-06-03T22:15:00+02:00,5.75625
2026-06-03T22:30:00+02:00,0.694032
2026-06-03T22:45:00+02:00,2.491823
2026-06-03T23:00:00+02:00,20.015782
2026-06-03T23:15:00+02:00,21.492113
2026-06-03T23:30:00+02:00,21.596068
2026-06-03T23:45:00+02:00,22.126848
2026-06-04T00:00:00+02:00,20.81762
2026-06-04T00:15:00+02:00,22.487418
2026-06-04T00:30:00+02:00,4.113712
2026-06-04T00:45:00+02:00,1.037946
2026-06-04T01:00:00+02:00,0.444346
2026-06-04T01:15:00+02:00,0.862608
2026-06-04T01:30:00+02:00,0.592294
2026-06-04T01:45:00+02:00,0.404473
2026-06-04T02:00:00+02:00,1.0
2026-06-04T02:15:00+02:00,0.0
2026-06-04T02:30:00+02:00,1.0
2026-06-04T02:45:00+02:00,0.0
2026-06-04T03:00:00+02:00,0.141949
2026-06-04T03:15:00+02:00,0.858051
2026-06-04T03:30:00+02:00,0.0
2026-06-04T03:45:00+02:00,0.165607
2026-06-04T04:00:00+02:00,0.538559
2026-06-04T04:15:00+02:00,0.339076
2026-06-04T04:30:00+02:00,
2026-06-04T04:45:00+02:00,1.0
2026-06-04T05:00:00+02:00,0.0
2026-06-04T05:15:00+02:00,0.0
2026-06-04T05:30:00+02:00,0.0
2026-06-04T05:45:00+02:00,0.0
2026-06-04T06:00:00+02:00,0.477083
2026-06-04T06:15:00+02:00,0.227083
2026-06-04T06:30:00+02:00,0.271741
2026-06-04T06:45:00+02:00,0.024092
2026-06-04T07:00:00+02:00,0.0
2026-06-04T07:15:00+02:00,0.143144
2026-06-04T07:30:00+02:00,0.416924
2026-06-04T07:45:00+02:00,0.439932
2026-06-04T08:00:00+02:00,0.0
2026-06-04T08:15:00+02:00,0.0
2026-06-04T08:30:00+02:00,0.0
2026-06-04T08:45:00+02:00,0.602007
2026-06-04T09:00:00+02:00,0.187577
2026-06-04T09:15:00+02:00,0.210417
2026-06-04T09:30:00+02:00,0.144792
2026-06-04T09:45:00+02:00,0.195833
2026-06-04T10:00:00+02:00,0.198958
2026-06-04T10:15:00+02:00,0.1875
2026-06-04T10:30:00+02:00,0.272917
2026-06-04T10:45:00+02:00,0.0
2026-06-04T11:00:00+02:00,0.051136
2026-06-04T11:15:00+02:00,0.550947
2026-06-04T11:30:00+02:00,0.323741
2026-06-04T11:45:00+02:00,0.074176
2026-06-04T12:00:00+02:00,0.0
2026-06-04T12:15:00+02:00,0.8
2026-06-04T12:30:00+02:00,0.2
2026-06-04T12:45:00+02:00,0.0
2026-06-04T13:00:00+02:00,0.0
2026-06-04T13:15:00+02:00,0.0
2026-06-04T13:30:00+02:00,0.548865
2026-06-04T13:45:00+02:00,0.24068
2026-06-04T14:00:00+02:00,0.250265
2026-06-04T14:15:00+02:00,
2026-06-04T14:30:00+02:00,0.409554
2026-06-04T14:45:00+02:00,0.165258
2026-06-04T15:00:00+02:00,0.187688
2026-06-04T15:15:00+02:00,0.187479
2026-06-04T15:30:00+02:00,0.077734
2026-06-04T15:45:00+02:00,0.297287
2026-06-04T16:00:00+02:00,0.1875
2026-06-04T16:15:00+02:00,0.484122
2026-06-04T16:30:00+02:00,0.003378
2026-06-04T16:45:00+02:00,0.0
2026-06-04T17:00:00+02:00,0.0
2026-06-04T17:15:00+02:00,0.512479
2026-06-04T17:30:00+02:00,0.345629
2026-06-04T17:45:00+02:00,0.029712
2026-06-04T18:00:00+02:00,0.112179
2026-06-04T18:15:00+02:00,0.0
2026-06-04T18:30:00+02:00,1.0
2026-06-04T18:45:00+02:00,0.0
2026-06-04T19:00:00+02:00,0.0
2026-06-04T19:15:00+02:00,0.032258
2026-06-04T19:30:00+02:00,
2026-06-04T19:45:00+02:00,0.305511
2026-06-04T20:00:00+02:00,0.331822
2026-06-04T20:15:00+02:00,0.362667
2026-06-04T20:30:00+02:00,0.0
2026-06-04T20:45:00+02:00,0.0
2026-06-04T21:00:00+02:00,0.154116
2026-06-04T21:15:00+02:00,0.845884
2026-06-04T21:30:00+02:00,0.0
2026-06-04T21:45:00+02:00,0.0
2026-06-04T22:00:00+02:00,0.0
2026-06-04T22:15:00+02:00,0.0
2026-06-04T22:30:00+02:00,0.679299
2026-06-04T22:45:00+02:00,0.320701
2026-06-04T23:00:00+02:00,
2026-06-04T23:15:00+02:00,0.038628
2026-06-04T23:30:00+02:00,0.0
2026-06-04T23:45:00+02:00,1.0
2026-06-05T00:00:00+02:00,0.0
2026-06-05T00:15:00+02:00,0.0
2026-06-05T00:30:00+02:00,0.078125
2026-06-05T00:45:00+02:00,
2026-06-05T01:00:00+02:00,0.5125
2026-06-05T01:15:00+02:00,0.345259
2026-06-05T01:30:00+02:00,0.142241
2026-06-05T01:45:00+02:00,0.0
2026-06-05T02:00:00+02:00,0.0
2026-06-05T02:15:00+02:00,0.194672
2026-06-05T02:30:00+02:00,0.805328
2026-06-05T02:45:00+02:00,
2026-06-05T03:00:00+02:00,0.038345
2026-06-05T03:15:00+02:00,0.0
2026-06-05T03:30:00+02:00,0.45
2026-06-05T03:45:00+02:00,0.384991
2026-06-05T04:00:00+02:00,0.165009
2026-06-05T04:15:00+02:00,0.0
2026-06-05T04:30:00+02:00,0.0
2026-06-05T04:45:00+02:00,0.228507
2026-06-05T05:00:00+02:00,0.408993
2026-06-05T05:15:00+02:00,0.3625
2026-06-05T05:30:00+02:00,0.0
2026-06-05T05:45:00+02:00,0.0
2026-06-05T06:00:00+02:00,0.153684
2026-06-05T06:15:00+02:00,0.713458
2026-06-05T06:30:00+02:00,0.132858
2026-06-05T06:45:00+02:00,0.0
2026-06-05T07:00:00+02:00,0.0
2026-06-05T07:15:00+02:00,0.0
2026-06-05T07:30:00+02:00,1.0
2026-06-05T07:45:00+02:00,0.0
2026-06-05T08:00:00+02:00,0.0
2026-06-05T08:15:00+02:00,0.038462
2026-06-05T08:30:00+02:00,
2026-06-05T08:45:00+02:00,1.0
2026-06-05T09:00:00+02:00,0.0
2026-06-05T09:15:00+02:00,0.0
2026-06-05T09:30:00+02:00,0.092005
2026-06-05T09:45:00+02:00,0.545495
2026-06-05T10:00:00+02:00,0.1875
2026-06-05T10:15:00+02:00,0.175
2026-06-05T10:30:00+02:00,0.0
2026-06-05T10:45:00+02:00,0.45
2026-06-05T11:00:00+02:00,0.55
2026-06-05T11:15:00+02:00,
2026-06-05T11:30:00+02:00,0.042734
2026-06-05T11:45:00+02:00,
2026-06-05T12:00:00+02:00,0.45
2026-06-05T12:15:00+02:00,0.225
2026-06-05T12:30:00+02:00,0.325
2026-06-05T12:45:00+02:00,0.038577
2026-06-05T13:00:00+02:00,
2026-06-05T13:15:00+02:00,
2026-06-05T13:30:00+02:00,1.0
2026-06-05T13:45:00+02:00,0.0
2026-06-05T14:00:00+02:00,0.0
2026-06-05T14:15:00+02:00,0.0
2026-06-05T14:30:00+02:00,0.13189
2026-06-05T14:45:00+02:00,
2026-06-05T15:00:00+02:00,0.43327
2026-06-05T15:15:00+02:00,0.26673
2026-06-05T15:30:00+02:00,0.1875
2026-06-05T15:45:00+02:00,0.161162
2026-06-05T16:00:00+02:00,
2026-06-05T16:15:00+02:00,0.45
2026-06-05T16:30:00+02:00,0.55
2026-06-05T16:45:00+02:00,0.0
2026-06-05T17:00:00+02:00,0.008843
2026-06-05T17:15:00+02:00,0.066157
2026-06-05T17:30:00+02:00,
2026-06-05T17:45:00+02:00,0.309524
2026-06-05T18:00:00+02:00,0.327976
2026-06-05T18:15:00+02:00,0.228571
2026-06-05T18:30:00+02:00,0.133929
2026-06-05T18:45:00+02:00,0.0
2026-06-05T19:00:00+02:00,0.0
2026-06-05T19:15:00+02:00,0.509375
2026-06-05T19:30:00+02:00,0.140625
2026-06-05T19:45:00+02:00,0.288904
2026-06-05T20:00:00+02:00,0.048707
2026-06-05T20:15:00+02:00,0.012389
2026-06-05T20:30:00+02:00,0.072108
2026-06-05T20:45:00+02:00,0.502892
2026-06-05T21:00:00+02:00,0.187347
2026-06-05T21:15:00+02:00,0.237653
2026-06-05T21:30:00+02:00,0.0
2026-06-05T21:45:00+02:00,0.0
2026-06-05T22:00:00+02:00,0.45
2026-06-05T22:15:00+02:00,0.55
2026-06-05T22:30:00+02:00,0.0
2026-06-05T22:45:00+02:00,0.0
2026-06-05T23:00:00+02:00,0.0
2026-06-05T23:15:00+02:00,0.0
2026-06-05T23:30:00+02:00,1.0
2026-06-05T23:45:00+02:00,0.0
2026-06-06T00:00:00+02:00,0.0
2026-06-06T00:15:00+02:00,0.0
2026-06-06T00:30:00+02:00,0.0
2026-06-06T00:45:00+02:00,0.074132
2026-06-06T01:00:00+02:00,0.500868
2026-06-06T01:15:00+02:00,0.1875
2026-06-06T01:30:00+02:00,0.193204
2026-06-06T01:45:00+02:00,0.044296
2026-06-06T02:00:00+02:00,0.0
2026-06-06T02:15:00+02:00,0.290799
2026-06-06T02:30:00+02:00,0.346701
2026-06-06T02:45:00+02:00,0.1875
2026-06-06T03:00:00+02:00,0.175
2026-06-06T03:15:00+02:00,0.0
2026-06-06T03:30:00+02:00,0.125
2026-06-06T03:45:00+02:00,0.45
2026-06-06T04:00:00+02:00,0.1875
2026-06-06T04:15:00+02:00,0.2375
2026-06-06T04:30:00+02:00,0.011719
2026-06-06T04:45:00+02:00,0.170573
2026-06-06T05:00:00+02:00,0.655058
2026-06-06T05:15:00+02:00,0.162651
2026-06-06T05:30:00+02:00,0.0
2026-06-06T05:45:00+02:00,
2026-06-06T06:00:00+02:00,0.017319
2026-06-06T06:15:00+02:00,0.0
2026-06-06T06:30:00+02:00,0.45
2026-06-06T06:45:00+02:00,0.1875
2026-06-06T07:00:00+02:00,0.291783
2026-06-06T07:15:00+02:00,0.095529
2026-06-06T07:30:00+02:00,
2026-06-06T07:45:00+02:00,0.0
2026-06-06T08:00:00+02:00,1.0
2026-06-06T08:15:00+02:00,0.0
2026-06-06T08:30:00+02:00,0.0
2026-06-06T08:45:00+02:00,0.048132
2026-06-06T09:00:00+02:00,
2026-06-06T09:15:00+02:00,0.0
2026-06-06T09:30:00+02:00,0.859281
2026-06-06T09:45:00+02:00,0.140719
2026-06-06T10:00:00+02:00,0.0
2026-06-06T10:15:00+02:00,0.0
2026-06-06T10:30:00+02:00,0.0
2026-06-06T10:45:00+02:00,0.128676
2026-06-06T11:00:00+02:00,0.446156
2026-06-06T11:15:00+02:00,0.250167
2026-06-06T11:30:00+02:00,0.175
2026-06-06T11:45:00+02:00,0.017241
2026-06-06T12:00:00+02:00,0.307759
2026-06-06T12:15:00+02:00,0.675
2026-06-06T12:30:00+02:00,0.0
2026-06-06T12:45:00+02:00,0.0
2026-06-06T13:00:00+02:00,0.0
2026-06-06T13:15:00+02:00,0.0
2026-06-06T13:30:00+02:00,0.0
2026-06-06T13:45:00+02:00,0.5125
2026-06-06T14:00:00+02:00,0.269697
2026-06-06T14:15:00+02:00,0.217803
2026-06-06T14:30:00+02:00,0.036727
2026-06-06T14:45:00+02:00,
2026-06-06T15:00:00+02:00,0.051329
2026-06-06T15:15:00+02:00,0.452899
2026-06-06T15:30:00+02:00,0.355262
2026-06-06T15:45:00+02:00,0.140511
2026-06-06T16:00:00+02:00,0.030035
2026-06-06T16:15:00+02:00,0.143823
2026-06-06T16:30:00+02:00,0.269892
2026-06-06T16:45:00+02:00,0.13125
2026-06-06T17:00:00+02:00,0.1875
2026-06-06T17:15:00+02:00,0.181745
2026-06-06T17:30:00+02:00,0.13405
2026-06-06T17:45:00+02:00,0.072567
2026-06-06T18:00:00+02:00,0.382471
2026-06-06T18:15:00+02:00,0.466667
2026-06-06T18:30:00+02:00,0.0
2026-06-06T18:45:00+02:00,
2026-06-06T19:00:00+02:00,0.043269
2026-06-06T19:15:00+02:00,0.071111
2026-06-06T19:30:00+02:00,0.441306
2026-06-06T19:45:00+02:00,0.187583
2026-06-06T20:00:00+02:00,0.153125
2026-06-06T20:15:00+02:00,0.183734
2026-06-06T20:30:00+02:00,
2026-06-06T20:45:00+02:00,
2026-06-06T21:00:00+02:00,1.0
2026-06-06T21:15:00+02:00,0.0
2026-06-06T21:30:00+02:00,0.0
2026-06-06T21:45:00+02:00,0.055719
2026-06-06T22:00:00+02:00,0.101303
2026-06-06T22:15:00+02:00,
2026-06-06T22:30:00+02:00,0.534966
2026-06-06T22:45:00+02:00,0.321307
2026-06-06T23:00:00+02:00,0.103693
2026-06-06T23:15:00+02:00,0.02226
2026-06-06T23:30:00+02:00,
2026-06-06T23:45:00+02:00,0.5125
2026-06-07T00:00:00+02:00,0.4875
2026-06-07T00:15:00+02:00,0.0
2026-06-07T00:30:00+02:00,0.0
2026-06-07T00:45:00+02:00,0.0
2026-06-07T01:00:00+02:00,0.213141
2026-06-07T01:15:00+02:00,0.786859
2026-06-07T01:30:00+02:00,0.0
2026-06-07T01:45:00+02:00,0.0
2026-06-07T02:00:00+02:00,0.0
2026-06-07T02:15:00+02:00,0.0
2026-06-07T02:30:00+02:00,0.372091
2026-06-07T02:45:00+02:00,0.627909
2026-06-07T03:00:00+02:00,0.0
2026-06-07T03:15:00+02:00,0.010575
2026-06-07T03:30:00+02:00,
2026-06-07T03:45:00+02:00,0.0
2026-06-07T04:00:00+02:00,0.537438
2026-06-07T04:15:00+02:00,0.162562
2026-06-07T04:30:00+02:00,0.1875
2026-06-07T04:45:00+02:00,0.1125
2026-06-07T05:00:00+02:00,0.0
2026-06-07T05:15:00+02:00,0.259091
2026-06-07T05:30:00+02:00,0.740909
2026-06-07T05:45:00+02:00,0.0
2026-06-07T06:00:00+02:00,0.0
2026-06-07T06:15:00+02:00,0.0
2026-06-07T06:30:00+02:00,0.0
2026-06-07T06:45:00+02:00,0.355431
2026-06-07T07:00:00+02:00,0.344569
2026-06-07T07:15:00+02:00,0.233594
2026-06-07T07:30:00+02:00,0.066406
2026-06-07T07:45:00+02:00,0.0
2026-06-07T08:00:00+02:00,0.0
2026-06-07T08:15:00+02:00,0.575
2026-06-07T08:30:00+02:00,0.1875
2026-06-07T08:45:00+02:00,0.2375
2026-06-07T09:00:00+02:00,0.0
2026-06-07T09:15:00+02:00,0.0
2026-06-07T09:30:00+02:00,0.45
2026-06-07T09:45:00+02:00,0.264939
2026-06-07T10:00:00+02:00,0.205933
2026-06-07T10:15:00+02:00,0.079128
2026-06-07T10:30:00+02:00,0.0
2026-06-07T10:45:00+02:00,0.215981
2026-06-07T11:00:00+02:00,0.784019
2026-06-07T11:15:00+02:00,0.0
2026-06-07T11:30:00+02:00,
2026-06-07T11:45:00+02:00,0.070052
2026-06-07T12:00:00+02:00,
2026-06-07T12:15:00+02:00,0.046218
2026-06-07T12:30:00+02:00,0.528782
2026-06-07T12:45:00+02:00,0.332237
2026-06-07T13:00:00+02:00,0.092763
2026-06-07T13:15:00+02:00,0.0
2026-06-07T13:30:00+02:00,0.0
2026-06-07T13:45:00+02:00,0.5125
2026-06-07T14:00:00+02:00,0.25
2026-06-07T14:15:00+02:00,0.190369
2026-06-07T14:30:00+02:00,0.047131
2026-06-07T14:45:00+02:00,0.0
2026-06-07T15:00:00+02:00,0.813679
2026-06-07T15:15:00+02:00,0.174416
2026-06-07T15:30:00+02:00,0.011905
2026-06-07T15:45:00+02:00,0.0
2026-06-07T16:00:00+02:00,0.0
2026-06-07T16:15:00+02:00,0.5125
2026-06-07T16:30:00+02:00,0.187375
2026-06-07T16:45:00+02:00,0.296093
2026-06-07T17:00:00+02:00,0.004032
2026-06-07T17:15:00+02:00,0.0
2026-06-07T17:30:00+02:00,1.0
2026-06-07T17:45:00+02:00,0.0
2026-06-07T18:00:00+02:00,0.0
2026-06-07T18:15:00+02:00,0.0
2026-06-07T18:30:00+02:00,0.0
2026-06-07T18:45:00+02:00,0.45
2026-06-07T19:00:00+02:00,0.55
2026-06-07T19:15:00+02:00,0.0
2026-06-07T19:30:00+02:00,0.006156
2026-06-07T19:45:00+02:00,
2026-06-07T20:00:00+02:00,0.1875
2026-06-07T20:15:00+02:00,0.290625
2026-06-07T20:30:00+02:00,0.234375
2026-06-07T20:45:00+02:00,0.2875
2026-06-07T21:00:00+02:00,0.055659
2026-06-07T21:15:00+02:00,
2026-06-07T21:30:00+02:00,0.0
2026-06-07T21:45:00+02:00,1.0
2026-06-07T22:00:00+02:00,
2026-06-07T22:15:00+02:00,
2026-06-07T22:30:00+02:00,0.10465
2026-06-07T22:45:00+02:00,
2026-06-07T23:00:00+02:00,0.000924
2026-06-07T23:15:00+02:00,0.574076
2026-06-07T23:30:00+02:00,0.425
2026-06-07T23:45:00+02:00,0.0
2026-06-08T00:00:00+02:00,0.018468
2026-06-08T00:15:00+02:00,0.16981
2026-06-08T00:30:00+02:00,0.324222
2026-06-08T00:45:00+02:00,0.4875
2026-06-08T01:00:00+02:00,0.0
2026-06-08T01:15:00+02:00,0.0
2026-06-08T01:30:00+02:00,0.0
2026-06-08T01:45:00+02:00,0.0
2026-06-08T02:00:00+02:00,0.56875
2026-06-08T02:15:00+02:00,0.13125
2026-06-08T02:30:00+02:00,0.217373
2026-06-08T02:45:00+02:00,0.082627
2026-06-08T03:00:00+02:00,0.0
2026-06-08T03:15:00+02:00,0.189858
2026-06-08T03:30:00+02:00,0.350767
2026-06-08T03:45:00+02:00,0.459375
2026-06-08T04:00:00+02:00,0.0
2026-06-08T04:15:00+02:00,0.0
2026-06-08T04:30:00+02:00,0.0
2026-06-08T04:45:00+02:00,0.45
2026-06-08T05:00:00+02:00,0.55
2026-06-08T05:15:00+02:00,0.0
2026-06-08T05:30:00+02:00,0.0
2026-06-08T05:45:00+02:00,0.0
2026-06-08T06:00:00+02:00,0.264233
2026-06-08T06:15:00+02:00,2.366368
2026-06-08T06:30:00+02:00,2.990591
2026-06-08T06:45:00+02:00,14.86894
2026-06-08T07:00:00+02:00,17.622673
2026-06-08T07:15:00+02:00,18.641293
2026-06-08T07:30:00+02:00,18.74456
2026-06-08T07:45:00+02:00,20.742489
2026-06-08T08:00:00+02:00,20.657559
2026-06-08T08:15:00+02:00,20.11796
2026-06-08T08:30:00+02:00,1.295833
2026-06-08T08:45:00+02:00,0.0
2026-06-08T09:00:00+02:00,0.00625
2026-06-08T09:15:00+02:00,0.15625
2026-06-08T09:30:00+02:00,0.525
2026-06-08T09:45:00+02:00,0.0
2026-06-08T10:00:00+02:00,1.0
2026-06-08T10:15:00+02:00,0.0
2026-06-08T10:30:00+02:00,1.0
2026-06-08T10:45:00+02:00,0.0
2026-06-08T11:00:00+02:00,0.0
2026-06-08T11:15:00+02:00,1.0
2026-06-08T11:30:00+02:00,0.0
2026-06-08T11:45:00+02:00,0.449979
2026-06-08T12:00:00+02:00,2.11581
2026-06-08T12:15:00+02:00,21.610415
2026-06-08T12:30:00+02:00,19.146164
2026-06-08T12:45:00+02:00,19.704805
2026-06-08T13:00:00+02:00,19.139493
2026-06-08T13:15:00+02:00,2.833333
2026-06-08T13:30:00+02:00,1.904762
2026-06-08T13:45:00+02:00,13.452381
2026-06-08T14:00:00+02:00,17.455357
2026-06-08T14:15:00+02:00,17.092262
2026-06-08T14:30:00+02:00,17.555667
2026-06-08T14:45:00+02:00,3.539571
2026-06-08T15:00:00+02:00,1.0
2026-06-08T15:15:00+02:00,9.823225
2026-06-08T15:30:00+02:00,15.360108
2026-06-08T15:45:00+02:00,15.0
2026-06-08T16:00:00+02:00,15.0
2026-06-08T16:15:00+02:00,16.016667
2026-06-08T16:30:00+02:00,5.8
2026-06-08T16:45:00+02:00,0.994048
2026-06-08T17:00:00+02:00,0.005952
2026-06-08T17:15:00+02:00,8.830357
2026-06-08T17:30:00+02:00,16.353288
2026-06-08T17:45:00+02:00,17.352583
2026-06-08T18:00:00+02:00,18.139963
2026-06-08T18:15:00+02:00,18.06756
2026-06-08T18:30:00+02:00,18.075298
2026-06-08T18:45:00+02:00,18.0
2026-06-08T19:00:00+02:00,18.0
2026-06-08T19:15:00+02:00,18.467097
2026-06-08T19:30:00+02:00,18.493337
2026-06-08T19:45:00+02:00,17.502999
2026-06-08T20:00:00+02:00,18.322941
2026-06-08T20:15:00+02:00,18.199548
2026-06-08T20:30:00+02:00,18.212311
2026-06-08T20:45:00+02:00,18.177238
2026-06-08T21:00:00+02:00,18.974127
2026-06-08T21:15:00+02:00,19.009925
2026-06-08T21:30:00+02:00,18.285714
2026-06-08T21:45:00+02:00,18.950487
2026-06-08T22:00:00+02:00,19.0
2026-06-08T22:15:00+02:00,17.719843
2026-06-08T22:30:00+02:00,17.200612
2026-06-08T22:45:00+02:00,18.484895
2026-06-08T23:00:00+02:00,17.166519
2026-06-08T23:15:00+02:00,19.356216
2026-06-08T23:30:00+02:00,18.104762
2026-06-08T23:45:00+02:00,18.061689
2026-06-09T00:00:00+02:00,16.858687
2026-06-09T00:15:00+02:00,15.632004
2026-06-09T00:30:00+02:00,0.763037
2026-06-09T00:45:00+02:00,0.460338
2026-06-09T01:00:00+02:00,19.071188
2026-06-09T01:15:00+02:00,24.954316
2026-06-09T01:30:00+02:00,23.211889
2026-06-09T01:45:00+02:00,26.189232
2026-06-09T02:00:00+02:00,7.35
2026-06-09T02:15:00+02:00,4.4625
2026-06-09T02:30:00+02:00,17.855814
2026-06-09T02:45:00+02:00,16.672369
2026-06-09T03:00:00+02:00,19.349595
2026-06-09T03:15:00+02:00,21.0625
2026-06-09T03:30:00+02:00,19.331019
2026-06-09T03:45:00+02:00,20.669201
2026-06-09T04:00:00+02:00,18.872914
2026-06-09T04:15:00+02:00,21.22885
2026-06-09T04:30:00+02:00,20.074
2026-06-09T04:45:00+02:00,18.700216
2026-06-09T05:00:00+02:00,19.120795
2026-06-09T05:15:00+02:00,19.480451
2026-06-09T05:30:00+02:00,18.81509
2026-06-09T05:45:00+02:00,18.960938
2026-06-09T06:00:00+02:00,16.405835
2026-06-09T06:15:00+02:00,0.644165
2026-06-09T06:30:00+02:00,0.266576
2026-06-09T06:45:00+02:00,1.027174
2026-06-09T07:00:00+02:00,0.793319
2026-06-09T07:15:00+02:00,6.080681
2026-06-09T07:30:00+02:00,9.911714
2026-06-09T07:45:00+02:00,19.711927
2026-06-09T08:00:00+02:00,21.38603
2026-06-09T08:15:00+02:00,12.116329
2026-06-09T08:30:00+02:00,2.297059
2026-06-09T08:45:00+02:00,2.647059
2026-06-09T09:00:00+02:00,5.673654
2026-06-09T09:15:00+02:00,16.229847
2026-06-09T09:30:00+02:00,16.0
2026-06-09T09:45:00+02:00,18.0
2026-06-09T10:00:00+02:00,17.292718
2026-06-09T10:15:00+02:00,16.387689
2026-06-09T10:30:00+02:00,5.362739
2026-06-09T10:45:00+02:00,0.735425
2026-06-09T11:00:00+02:00,0.37381
2026-06-09T11:15:00+02:00,2.252381
2026-06-09T11:30:00+02:00,4.285714
2026-06-09T11:45:00+02:00,4.256349
2026-06-09T12:00:00+02:00,4.315341
2026-06-09T12:15:00+02:00,4.133458
2026-06-09T12:30:00+02:00,4.589055
2026-06-09T12:45:00+02:00,4.816139
2026-06-09T13:00:00+02:00,4.169885
2026-06-09T13:15:00+02:00,4.346825
2026-06-09T13:30:00+02:00,5.091995
2026-06-09T13:45:00+02:00,5.0
2026-06-09T14:00:00+02:00,5.004762
2026-06-09T14:15:00+02:00,4.285714
2026-06-09T14:30:00+02:00,5.206287
2026-06-09T14:45:00+02:00,4.904297
2026-06-09T15:00:00+02:00,4.138672
2026-06-09T15:15:00+02:00,4.663352
2026-06-09T15:30:00+02:00,5.211648
2026-06-09T15:45:00+02:00,4.594792
2026-06-09T16:00:00+02:00,5.091667
2026-06-09T16:15:00+02:00,4.908333
2026-06-09T16:30:00+02:00,5.633333
2026-06-09T16:45:00+02:00,5.428571
2026-06-09T17:00:00+02:00,5.430863
2026-06-09T17:15:00+02:00,5.017797
2026-06-09T17:30:00+02:00,1.183608
2026-06-09T17:45:00+02:00,0.973892
2026-06-09T18:00:00+02:00,0.065269
2026-06-09T18:15:00+02:00,0.810328
2026-06-09T18:30:00+02:00,0.603958
2026-06-09T18:45:00+02:00,12.961497
2026-06-09T19:00:00+02:00,19.373443
2026-06-09T19:15:00+02:00,19.357824
2026-06-09T19:30:00+02:00,9.89295
2026-06-09T19:45:00+02:00,0.526042
2026-06-09T20:00:00+02:00,6.382523
2026-06-09T20:15:00+02:00,11.112269
2026-06-09T20:30:00+02:00,14.468798
2026-06-09T20:45:00+02:00,13.781797
2026-06-09T21:00:00+02:00,12.901488
2026-06-09T21:15:00+02:00,13.125
2026-06-09T21:30:00+02:00,12.973512
2026-06-09T21:45:00+02:00,12.992776
2026-06-09T22:00:00+02:00,12.471907
2026-06-09T22:15:00+02:00,12.743728
2026-06-09T22:30:00+02:00,11.342836
2026-06-09T22:45:00+02:00,12.0
2026-06-09T23:00:00+02:00,12.777326
2026-06-09T23:15:00+02:00,11.8375
2026-06-09T23:30:00+02:00,11.991071
2026-06-09T23:45:00+02:00,11.989256
2026-06-10T00:00:00+02:00,11.902561
2026-06-10T00:15:00+02:00,12.241295
2026-06-10T00:30:00+02:00,12.400488
2026-06-10T00:45:00+02:00,11.668496
2026-06-10T01:00:00+02:00,12.663164
2026-06-10T01:15:00+02:00,12.22362
2026-06-10T01:30:00+02:00,12.246438
2026-06-10T01:45:00+02:00,12.188492
2026-06-10T02:00:00+02:00,12.647619
2026-06-10T02:15:00+02:00,11.844444
2026-06-10T02:30:00+02:00,12.897222
2026-06-10T02:45:00+02:00,12.808333
2026-06-10T03:00:00+02:00,11.611278
2026-06-10T03:15:00+02:00,11.750235
2026-06-10T03:30:00+02:00,12.822368
2026-06-10T03:45:00+02:00,11.558002
2026-06-10T04:00:00+02:00,12.748116
2026-06-10T04:15:00+02:00,11.96625
2026-06-10T04:30:00+02:00,11.865179
2026-06-10T04:45:00+02:00,8.615625
2026-06-10T05:00:00+02:00,1.038041
2026-06-10T05:15:00+02:00,3.411676
2026-06-10T05:30:00+02:00,18.49901
2026-06-10T05:45:00+02:00,31.703556
2026-06-10T06:00:00+02:00,31.101896
2026-06-10T06:15:00+02:00,30.749
2026-06-10T06:30:00+02:00,30.543102
2026-06-10T06:45:00+02:00,31.033333
2026-06-10T07:00:00+02:00,29.689904
2026-06-10T07:15:00+02:00,31.310096
2026-06-10T07:30:00+02:00,29.069444
2026-06-10T07:45:00+02:00,29.826389
2026-06-10T08:00:00+02:00,28.668624
2026-06-10T08:15:00+02:00,27.373043
2026-06-10T08:30:00+02:00,29.027412
2026-06-10T08:45:00+02:00,29.905583
2026-06-10T09:00:00+02:00,30.162838
2026-06-10T09:15:00+02:00,18.182483
2026-06-10T09:30:00+02:00,1.241517
2026-06-10T09:45:00+02:00,3.6
2026-06-10T10:00:00+02:00,12.247816
2026-06-10T10:15:00+02:00,20.263966
2026-06-10T10:30:00+02:00,20.428648
2026-06-10T10:45:00+02:00,19.630213
2026-06-10T11:00:00+02:00,23.544884
2026-06-10T11:15:00+02:00,23.585473
2026-06-10T11:30:00+02:00,21.482316
2026-06-10T11:45:00+02:00,24.445065
2026-06-10T12:00:00+02:00,22.052381
2026-06-10T12:15:00+02:00,21.195238
2026-06-10T12:30:00+02:00,18.137069
2026-06-10T12:45:00+02:00,19.599199
2026-06-10T13:00:00+02:00,20.65682
2026-06-10T13:15:00+02:00,20.388134
2026-06-10T13:30:00+02:00,20.954493
2026-06-10T13:45:00+02:00,13.287298
2026-06-10T14:00:00+02:00,0.876988
2026-06-10T14:15:00+02:00,2.434819
2026-06-10T14:30:00+02:00,26.250895
2026-06-10T14:45:00+02:00,25.194494
2026-06-10T15:00:00+02:00,25.723088
2026-06-10T15:15:00+02:00,24.948428
2026-06-10T15:30:00+02:00,26.29897
2026-06-10T15:45:00+02:00,23.094125
2026-06-10T16:00:00+02:00,26.529139
2026-06-10T16:15:00+02:00,25.726563
2026-06-10T16:30:00+02:00,25.513765
2026-06-10T16:45:00+02:00,23.65621
2026-06-10T17:00:00+02:00,26.577278
2026-06-10T17:15:00+02:00,25.041881
2026-06-10T17:30:00+02:00,25.328448
2026-06-10T17:45:00+02:00,24.97492
2026-06-10T18:00:00+02:00,25.160174
2026-06-10T18:15:00+02:00,25.477755
2026-06-10T18:30:00+02:00,22.396716
2026-06-10T18:45:00+02:00,25.629474
2026-06-10T19:00:00+02:00,24.142857
2026-06-10T19:15:00+02:00,23.199757
2026-06-10T19:30:00+02:00,24.563256
2026-06-10T19:45:00+02:00,24.0
2026-06-10T20:00:00+02:00,24.0
2026-06-10T20:15:00+02:00,24.014537
2026-06-10T20:30:00+02:00,24.197449
2026-06-10T20:45:00+02:00,23.714583
2026-06-10T21:00:00+02:00,24.234226
2026-06-10T21:15:00+02:00,21.183333
2026-06-10T21:30:00+02:00,19.0
2026-06-10T21:45:00+02:00,20.031988
2026-06-10T22:00:00+02:00,9.716301
2026-06-10T22:15:00+02:00,0.832359
2026-06-10T22:30:00+02:00,2.305115
2026-06-10T22:45:00+02:00,7.315878
2026-06-10T23:00:00+02:00,7.885859
2026-06-10T23:15:00+02:00,7.124405
2026-06-10T23:30:00+02:00,7.469635
2026-06-10T23:45:00+02:00,8.432746
2026-06-11T00:00:00+02:00,7.550366
2026-06-11T00:15:00+02:00,7.971955
2026-06-11T00:30:00+02:00,7.439388
2026-06-11T00:45:00+02:00,7.981124
2026-06-11T01:00:00+02:00,7.562456
2026-06-11T01:15:00+02:00,7.592156
2026-06-11T01:30:00+02:00,8.019221
2026-06-11T01:45:00+02:00,8.319048
2026-06-11T02:00:00+02:00,7.82381
2026-06-11T02:15:00+02:00,7.773214
2026-06-11T02:30:00+02:00,7.657576
2026-06-11T02:45:00+02:00,8.026591
2026-06-11T03:00:00+02:00,7.389647
2026-06-11T03:15:00+02:00,7.441187
2026-06-11T03:30:00+02:00,8.403184
2026-06-11T03:45:00+02:00,7.883278
2026-06-11T04:00:00+02:00,2.670561
2026-06-11T04:15:00+02:00,1.142857
2026-06-11T04:30:00+02:00,1.030952
2026-06-11T04:45:00+02:00,5.685714
2026-06-11T05:00:00+02:00,12.224872
2026-06-11T05:15:00+02:00,11.622747
2026-06-11T05:30:00+02:00,11.08799
2026-06-11T05:45:00+02:00,12.180359
2026-06-11T06:00:00+02:00,10.612791
2026-06-11T06:15:00+02:00,11.4095
2026-06-11T06:30:00+02:00,9.719999
2026-06-11T06:45:00+02:00,11.818528
2026-06-11T07:00:00+02:00,10.748611
2026-06-11T07:15:00+02:00,10.402778
2026-06-11T07:30:00+02:00,10.764077
2026-06-11T07:45:00+02:00,11.569257
2026-06-11T08:00:00+02:00,10.998045
2026-06-11T08:15:00+02:00,10.601162
2026-06-11T08:30:00+02:00,11.878247
2026-06-11T08:45:00+02:00,11.341991
2026-06-11T09:00:00+02:00,12.071429
2026-06-11T09:15:00+02:00,12.954164
2026-06-11T09:30:00+02:00,15.993314
2026-06-11T09:45:00+02:00,16.164427
2026-06-11T10:00:00+02:00,16.0
2026-06-11T10:15:00+02:00,3.15
2026-06-11T10:30:00+02:00,0.0
2026-06-11T10:45:00+02:00,0.745
2026-06-11T11:00:00+02:00,4.563468
2026-06-11T11:15:00+02:00,10.580112
2026-06-11T11:30:00+02:00,12.854278
2026-06-11T11:45:00+02:00,12.857143
2026-06-11T12:00:00+02:00,6.4
2026-06-11T12:15:00+02:00,0.0
2026-06-11T12:30:00+02:00,2.941964
2026-06-11T12:45:00+02:00,14.724702
2026-06-11T13:00:00+02:00,18.0
2026-06-11T13:15:00+02:00,18.029591
2026-06-11T13:30:00+02:00,13.345939
2026-06-11T13:45:00+02:00,0.509645
2026-06-11T14:00:00+02:00,0.448157
2026-06-11T14:15:00+02:00,0.0
2026-06-11T14:30:00+02:00,0.0
2026-06-11T14:45:00+02:00,1.0
2026-06-11T15:00:00+02:00,0.415515
2026-06-11T15:15:00+02:00,0.584485
2026-06-11T15:30:00+02:00,0.058952
2026-06-11T15:45:00+02:00,0.71007
2026-06-11T16:00:00+02:00,0.234691
2026-06-11T16:15:00+02:00,0.996287
2026-06-11T16:30:00+02:00,0.0
2026-06-11T16:45:00+02:00,1.0
2026-06-11T17:00:00+02:00,0.259956
2026-06-11T17:15:00+02:00,0.740044
2026-06-11T17:30:00+02:00,3.6875
2026-06-11T17:45:00+02:00,20.458333
2026-06-11T18:00:00+02:00,20.675708
2026-06-11T18:15:00+02:00,14.580633
2026-06-11T18:30:00+02:00,0.597826
2026-06-11T18:45:00+02:00,4.485714
2026-06-11T19:00:00+02:00,22.12381
2026-06-11T19:15:00+02:00,22.336064
2026-06-11T19:30:00+02:00,22.529412
2026-06-11T19:45:00+02:00,23.45
2026-06-11T20:00:00+02:00,22.0
2026-06-11T20:15:00+02:00,21.292003
2026-06-11T20:30:00+02:00,22.734472
2026-06-11T20:45:00+02:00,22.301997
2026-06-11T21:00:00+02:00,24.076528
2026-06-11T21:15:00+02:00,23.316778
2026-06-11T21:30:00+02:00,22.290591
2026-06-11T21:45:00+02:00,22.300726
2026-06-11T22:00:00+02:00,22.711905
2026-06-11T22:15:00+02:00,20.790497
2026-06-11T22:30:00+02:00,22.65316
2026-06-11T22:45:00+02:00,22.479028
2026-06-11T23:00:00+02:00,22.097492
2026-06-11T23:15:00+02:00,21.906728
2026-06-11T23:30:00+02:00,11.442085
2026-06-11T23:45:00+02:00,0.585752
2026-06-12T00:00:00+02:00,9.073036
2026-06-12T00:15:00+02:00,20.286508
2026-06-12T00:30:00+02:00,20.285714
2026-06-12T00:45:00+02:00,19.691608
2026-06-12T01:00:00+02:00,20.163095
2026-06-12T01:15:00+02:00,21.395602
2026-06-12T01:30:00+02:00,20.199695
2026-06-12T01:45:00+02:00,21.028963
2026-06-12T02:00:00+02:00,19.711338
2026-06-12T02:15:00+02:00,22.831127
2026-06-12T02:30:00+02:00,21.950492
2026-06-12T02:45:00+02:00,15.478079
2026-06-12T03:00:00+02:00,0.233889
2026-06-12T03:15:00+02:00,0.766111
2026-06-12T03:30:00+02:00,1.0
2026-06-12T03:45:00+02:00,0.349275
2026-06-12T04:00:00+02:00,0.650725
2026-06-12T04:15:00+02:00,0.456395
2026-06-12T04:30:00+02:00,0.543605
2026-06-12T04:45:00+02:00,0.0
2026-06-12T05:00:00+02:00,0.436964
2026-06-12T05:15:00+02:00,0.563036
2026-06-12T05:30:00+02:00,0.0
2026-06-12T05:45:00+02:00,1.0
2026-06-12T06:00:00+02:00,0.0
2026-06-12T06:15:00+02:00,0.0
2026-06-12T06:30:00+02:00,0.012266
2026-06-12T06:45:00+02:00,0.902912
2026-06-12T07:00:00+02:00,0.050612
2026-06-12T07:15:00+02:00,0.034209
2026-06-12T07:30:00+02:00,1.0
2026-06-12T07:45:00+02:00,0.0
2026-06-12T08:00:00+02:00,0.0
2026-06-12T08:15:00+02:00,0.0
2026-06-12T08:30:00+02:00,0.486328
2026-06-12T08:45:00+02:00,0.304505
2026-06-12T09:00:00+02:00,0.209167
2026-06-12T09:15:00+02:00,0.0
2026-06-12T09:30:00+02:00,0.408333
2026-06-12T09:45:00+02:00,0.591667
2026-06-12T10:00:00+02:00,0.0
2026-06-12T10:15:00+02:00,0.0
2026-06-12T10:30:00+02:00,0.408333
2026-06-12T10:45:00+02:00,0.591667
2026-06-12T11:00:00+02:00,0.0
2026-06-12T11:15:00+02:00,0.139939
2026-06-12T11:30:00+02:00,
2026-06-12T11:45:00+02:00,0.398322
2026-06-12T12:00:00+02:00,0.107092
2026-06-12T12:15:00+02:00,0.107092
2026-06-12T12:30:00+02:00,0.095411
2026-06-12T12:45:00+02:00,0.09375
2026-06-12T13:00:00+02:00,0.062482
2026-06-12T13:15:00+02:00,0.135851
2026-06-12T13:30:00+02:00,0.0
2026-06-12T13:45:00+02:00,0.0
2026-06-12T14:00:00+02:00,0.0
2026-06-12T14:15:00+02:00,0.462
2026-06-12T14:30:00+02:00,0.1125
2026-06-12T14:45:00+02:00,0.102167
2026-06-12T15:00:00+02:00,0.308661
2026-06-12T15:15:00+02:00,
2026-06-12T15:30:00+02:00,0.097785
2026-06-12T15:45:00+02:00,0.004873
2026-06-12T16:00:00+02:00,
2026-06-12T16:15:00+02:00,0.457917
2026-06-12T16:30:00+02:00,0.125
2026-06-12T16:45:00+02:00,0.09375
2026-06-12T17:00:00+02:00,0.323333
2026-06-12T17:15:00+02:00,0.0
2026-06-12T17:30:00+02:00,0.0
2026-06-12T17:45:00+02:00,0.0
2026-06-12T18:00:00+02:00,0.0
2026-06-12T18:15:00+02:00,0.0
2026-06-12T18:30:00+02:00,1.0
2026-06-12T18:45:00+02:00,0.0
2026-06-12T19:00:00+02:00,0.0
2026-06-12T19:15:00+02:00,0.0
2026-06-12T19:30:00+02:00,0.0
2026-06-12T19:45:00+02:00,0.051576
2026-06-12T20:00:00+02:00,0.156341
2026-06-12T20:15:00+02:00,
2026-06-12T20:30:00+02:00,0.048966
2026-06-12T20:45:00+02:00,0.403386
2026-06-12T21:00:00+02:00,0.12953
2026-06-12T21:15:00+02:00,0.125
2026-06-12T21:30:00+02:00,0.229583
2026-06-12T21:45:00+02:00,0.0
2026-06-12T22:00:00+02:00,0.0
2026-06-12T22:15:00+02:00,0.0
2026-06-12T22:30:00+02:00,0.275
2026-06-12T22:45:00+02:00,0.725
2026-06-12T23:00:00+02:00,0.0
2026-06-12T23:15:00+02:00,0.0
2026-06-12T23:30:00+02:00,0.0
2026-06-12T23:45:00+02:00,0.0
2026-06-13T00:00:00+02:00,0.103261
2026-06-13T00:15:00+02:00,0.104656
2026-06-13T00:30:00+02:00,0.09375
2026-06-13T00:45:00+02:00,0.135208
2026-06-13T01:00:00+02:00,0.114792
2026-06-13T01:15:00+02:00,0.448333
2026-06-13T01:30:00+02:00,0.0
2026-06-13T01:45:00+02:00,0.0
2026-06-13T02:00:00+02:00,0.034958
2026-06-13T02:15:00+02:00,
2026-06-13T02:30:00+02:00,0.026045
2026-06-13T02:45:00+02:00,
2026-06-13T03:00:00+02:00,1.0
2026-06-13T03:15:00+02:00,0.0
2026-06-13T03:30:00+02:00,0.0
2026-06-13T03:45:00+02:00,0.0
2026-06-13T04:00:00+02:00,0.048958
2026-06-13T04:15:00+02:00,
2026-06-13T04:30:00+02:00,0.0
2026-06-13T04:45:00+02:00,0.059375
2026-06-13T05:00:00+02:00,0.384514
2026-06-13T05:15:00+02:00,0.107778
2026-06-13T05:30:00+02:00,0.448333
2026-06-13T05:45:00+02:00,0.0
2026-06-13T06:00:00+02:00,0.0
2026-06-13T06:15:00+02:00,0.0
2026-06-13T06:30:00+02:00,0.0
2026-06-13T06:45:00+02:00,0.0
2026-06-13T07:00:00+02:00,0.0
2026-06-13T07:15:00+02:00,0.489149
2026-06-13T07:30:00+02:00,0.510851
2026-06-13T07:45:00+02:00,0.0
2026-06-13T08:00:00+02:00,0.0
2026-06-13T08:15:00+02:00,
2026-06-13T08:30:00+02:00,0.049015
2026-06-13T08:45:00+02:00,0.0
2026-06-13T09:00:00+02:00,0.0
2026-06-13T09:15:00+02:00,0.457917
2026-06-13T09:30:00+02:00,0.09375
2026-06-13T09:45:00+02:00,0.125
2026-06-13T10:00:00+02:00,0.323333
2026-06-13T10:15:00+02:00,0.0
2026-06-13T10:30:00+02:00,0.0
2026-06-13T10:45:00+02:00,0.0
2026-06-13T11:00:00+02:00,0.0
2026-06-13T11:15:00+02:00,0.3125
2026-06-13T11:30:00+02:00,0.207917
2026-06-13T11:45:00+02:00,0.12493
2026-06-13T12:00:00+02:00,0.09382
2026-06-13T12:15:00+02:00,0.260833
2026-06-13T12:30:00+02:00,0.0
2026-06-13T12:45:00+02:00,0.0
2026-06-13T13:00:00+02:00,0.0
2026-06-13T13:15:00+02:00,0.0
2026-06-13T13:30:00+02:00,0.11105
2026-06-13T13:45:00+02:00,0.409367
2026-06-13T14:00:00+02:00,0.125
2026-06-13T14:15:00+02:00,0.093664
2026-06-13T14:30:00+02:00,0.260919
2026-06-13T14:45:00+02:00,0.0
2026-06-13T15:00:00+02:00,0.0
2026-06-13T15:15:00+02:00,0.0
2026-06-13T15:30:00+02:00,0.0
2026-06-13T15:45:00+02:00,1.0
2026-06-13T16:00:00+02:00,0.0
2026-06-13T16:15:00+02:00,0.0
2026-06-13T16:30:00+02:00,0.0
2026-06-13T16:45:00+02:00,0.0
2026-06-13T17:00:00+02:00,0.0
2026-06-13T17:15:00+02:00,0.0
2026-06-13T17:30:00+02:00,0.0
2026-06-13T17:45:00+02:00,0.024533
2026-06-13T18:00:00+02:00,0.975467
2026-06-13T18:15:00+02:00,0.0
2026-06-13T18:30:00+02:00,0.0
2026-06-13T18:45:00+02:00,0.0
2026-06-13T19:00:00+02:00,0.0
2026-06-13T19:15:00+02:00,0.007284
2026-06-13T19:30:00+02:00,
2026-06-13T19:45:00+02:00,0.295245
2026-06-13T20:00:00+02:00,0.162637
2026-06-13T20:15:00+02:00,0.093766
2026-06-13T20:30:00+02:00,0.448351
2026-06-13T20:45:00+02:00,0.0
2026-06-13T21:00:00+02:00,0.0
2026-06-13T21:15:00+02:00,0.025
2026-06-13T21:30:00+02:00,0.002717
2026-06-13T21:45:00+02:00,
2026-06-13T22:00:00+02:00,0.901316
2026-06-13T22:15:00+02:00,0.098684
2026-06-13T22:30:00+02:00,0.0
2026-06-13T22:45:00+02:00,0.0
2026-06-13T23:00:00+02:00,0.0
2026-06-13T23:15:00+02:00,0.028469
2026-06-13T23:30:00+02:00,
2026-06-13T23:45:00+02:00,0.0
2026-06-14T00:00:00+02:00,0.028356
2026-06-14T00:15:00+02:00,0.492026
2026-06-14T00:30:00+02:00,0.411048
2026-06-14T00:45:00+02:00,0.068569
2026-06-14T01:00:00+02:00,0.0
2026-06-14T01:15:00+02:00,0.0
2026-06-14T01:30:00+02:00,0.0
2026-06-14T01:45:00+02:00,0.0
2026-06-14T02:00:00+02:00,0.029301
2026-06-14T02:15:00+02:00,0.477088
2026-06-14T02:30:00+02:00,0.107778
2026-06-14T02:45:00+02:00,0.125
2026-06-14T03:00:00+02:00,0.152196
2026-06-14T03:15:00+02:00,0.067042
2026-06-14T03:30:00+02:00,0.041596
2026-06-14T03:45:00+02:00,0.0
2026-06-14T04:00:00+02:00,0.0
2026-06-14T04:15:00+02:00,0.263466
2026-06-14T04:30:00+02:00,0.736534
2026-06-14T04:45:00+02:00,0.0
2026-06-14T05:00:00+02:00,0.0
2026-06-14T05:15:00+02:00,0.0
2026-06-14T05:30:00+02:00,0.004454
2026-06-14T05:45:00+02:00,0.005055
2026-06-14T06:00:00+02:00,
2026-06-14T06:15:00+02:00,0.0
2026-06-14T06:30:00+02:00,1.0
2026-06-14T06:45:00+02:00,0.0
2026-06-14T07:00:00+02:00,0.0
2026-06-14T07:15:00+02:00,0.0
2026-06-14T07:30:00+02:00,
2026-06-14T07:45:00+02:00,0.04193
2026-06-14T08:00:00+02:00,0.0
2026-06-14T08:15:00+02:00,0.0
2026-06-14T08:30:00+02:00,0.11614
2026-06-14T08:45:00+02:00,0.88386
2026-06-14T09:00:00+02:00,0.0
2026-06-14T09:15:00+02:00,0.0
2026-06-14T09:30:00+02:00,
2026-06-14T09:45:00+02:00,0.090517
2026-06-14T10:00:00+02:00,0.0
2026-06-14T10:15:00+02:00,0.0
2026-06-14T10:30:00+02:00,0.0
2026-06-14T10:45:00+02:00,0.507407
2026-06-14T11:00:00+02:00,0.492593
2026-06-14T11:15:00+02:00,0.0
2026-06-14T11:30:00+02:00,0.0
2026-06-14T11:45:00+02:00,0.0
2026-06-14T12:00:00+02:00,0.0
2026-06-14T12:15:00+02:00,0.0
2026-06-14T12:30:00+02:00,0.0
2026-06-14T12:45:00+02:00,0.415833
2026-06-14T13:00:00+02:00,0.1875
2026-06-14T13:15:00+02:00,0.187316
2026-06-14T13:30:00+02:00,0.167267
2026-06-14T13:45:00+02:00,0.042083
2026-06-14T14:00:00+02:00,0.0
2026-06-14T14:15:00+02:00,0.0
2026-06-14T14:30:00+02:00,0.435
2026-06-14T14:45:00+02:00,0.168333
2026-06-14T15:00:00+02:00,0.396667
2026-06-14T15:15:00+02:00,
2026-06-14T15:30:00+02:00,0.004948
2026-06-14T15:45:00+02:00,0.005539
2026-06-14T16:00:00+02:00,0.0
2026-06-14T16:15:00+02:00,0.0
2026-06-14T16:30:00+02:00,0.091173
2026-06-14T16:45:00+02:00,0.429244
2026-06-14T17:00:00+02:00,0.479583
2026-06-14T17:15:00+02:00,0.0
2026-06-14T17:30:00+02:00,0.0
2026-06-14T17:45:00+02:00,0.0
2026-06-14T18:00:00+02:00,0.0
2026-06-14T18:15:00+02:00,0.0
2026-06-14T18:30:00+02:00,0.0
2026-06-14T18:45:00+02:00,1.0
2026-06-14T19:00:00+02:00,0.0
2026-06-14T19:15:00+02:00,0.0
2026-06-14T19:30:00+02:00,0.0
2026-06-14T19:45:00+02:00,0.0
2026-06-14T20:00:00+02:00,0.0
2026-06-14T20:15:00+02:00,0.0
2026-06-14T20:30:00+02:00,0.0
2026-06-14T20:45:00+02:00,0.208333
2026-06-14T21:00:00+02:00,0.791667
2026-06-14T21:15:00+02:00,0.0
2026-06-14T21:30:00+02:00,0.0
2026-06-14T21:45:00+02:00,0.0
2026-06-14T22:00:00+02:00,0.0
2026-06-14T22:15:00+02:00,0.0
2026-06-14T22:30:00+02:00,0.0
2026-06-14T22:45:00+02:00,0.0
2026-06-14T23:00:00+02:00,0.294924
2026-06-14T23:15:00+02:00,0.705076
2026-06-14T23:30:00+02:00,
2026-06-14T23:45:00+02:00,0.171401
2026-06-15T00:00:00+02:00,
2026-06-15T00:15:00+02:00,0.047451
2026-06-15T00:30:00+02:00,0.0
2026-06-15T00:45:00+02:00,0.0
2026-06-15T01:00:00+02:00,0.629573
2026-06-15T01:15:00+02:00,0.370427
2026-06-15T01:30:00+02:00,0.0
2026-06-15T01:45:00+02:00,
2026-06-15T02:00:00+02:00,0.098172
2026-06-15T02:15:00+02:00,0.045704
2026-06-15T02:30:00+02:00,0.0
2026-06-15T02:45:00+02:00,0.0
2026-06-15T03:00:00+02:00,0.0
2026-06-15T03:15:00+02:00,1.0
2026-06-15T03:30:00+02:00,0.0
2026-06-15T03:45:00+02:00,0.0
2026-06-15T04:00:00+02:00,0.0
2026-06-15T04:15:00+02:00,
2026-06-15T04:30:00+02:00,0.049705
2026-06-15T04:45:00+02:00,0.0
2026-06-15T05:00:00+02:00,0.0
2026-06-15T05:15:00+02:00,0.401323
2026-06-15T05:30:00+02:00,0.550653
2026-06-15T05:45:00+02:00,7.012309
2026-06-15T06:00:00+02:00,18.918082
2026-06-15T06:15:00+02:00,22.031244
2026-06-15T06:30:00+02:00,23.291151
2026-06-15T06:45:00+02:00,23.739683
2026-06-15T07:00:00+02:00,23.191919
2026-06-15T07:15:00+02:00,15.551136
2026-06-15T07:30:00+02:00,0.3125
2026-06-15T07:45:00+02:00,13.85596
2026-06-15T08:00:00+02:00,17.835446
2026-06-15T08:15:00+02:00,16.175279
2026-06-15T08:30:00+02:00,20.234817
2026-06-15T08:45:00+02:00,19.877664
2026-06-15T09:00:00+02:00,18.84708
2026-06-15T09:15:00+02:00,17.655738
2026-06-15T09:30:00+02:00,19.584682
2026-06-15T09:45:00+02:00,18.789951
2026-06-15T10:00:00+02:00,18.851315
2026-06-15T10:15:00+02:00,18.081541
2026-06-15T10:30:00+02:00,17.940094
2026-06-15T10:45:00+02:00,16.403086
2026-06-15T11:00:00+02:00,3.703326
2026-06-15T11:15:00+02:00,3.100073
2026-06-15T11:30:00+02:00,11.373472
2026-06-15T11:45:00+02:00,20.740476
2026-06-15T12:00:00+02:00,20.545238
2026-06-15T12:15:00+02:00,11.404762
2026-06-15T12:30:00+02:00,0.318931
2026-06-15T12:45:00+02:00,6.921265
2026-06-15T13:00:00+02:00,14.759804
2026-06-15T13:15:00+02:00,15.833333
2026-06-15T13:30:00+02:00,16.0
2026-06-15T13:45:00+02:00,15.954092
2026-06-15T14:00:00+02:00,16.879242
2026-06-15T14:15:00+02:00,16.142857
2026-06-15T14:30:00+02:00,15.636905
2026-06-15T14:45:00+02:00,15.780316
2026-06-15T15:00:00+02:00,17.22147
2026-06-15T15:15:00+02:00,15.958869
2026-06-15T15:30:00+02:00,16.115417
2026-06-15T15:45:00+02:00,13.459167
2026-06-15T16:00:00+02:00,4.110833
2026-06-15T16:15:00+02:00,0.323193
2026-06-15T16:30:00+02:00,2.615974
2026-06-15T16:45:00+02:00,18.90875
2026-06-15T17:00:00+02:00,17.78375
2026-06-15T17:15:00+02:00,16.09522
2026-06-15T17:30:00+02:00,14.006447
2026-06-15T17:45:00+02:00,15.655
2026-06-15T18:00:00+02:00,15.340833
2026-06-15T18:15:00+02:00,15.092917
2026-06-15T18:30:00+02:00,14.944583
2026-06-15T18:45:00+02:00,14.746667
2026-06-15T19:00:00+02:00,15.5475
2026-06-15T19:15:00+02:00,15.474171
2026-06-15T19:30:00+02:00,15.559892
2026-06-15T19:45:00+02:00,14.974687
2026-06-15T20:00:00+02:00,14.422083
2026-06-15T20:15:00+02:00,15.280833
2026-06-15T20:30:00+02:00,16.0025
2026-06-15T20:45:00+02:00,14.983333
2026-06-15T21:00:00+02:00,15.211563
2026-06-15T21:15:00+02:00,14.550104
2026-06-15T21:30:00+02:00,9.228333
2026-06-15T21:45:00+02:00,0.595417
2026-06-15T22:00:00+02:00,2.864583
2026-06-15T22:15:00+02:00,10.75
2026-06-15T22:30:00+02:00,12.0
2026-06-15T22:45:00+02:00,12.443011
2026-06-15T23:00:00+02:00,11.885323
2026-06-15T23:15:00+02:00,11.979167
2026-06-15T23:30:00+02:00,11.781667
2026-06-15T23:45:00+02:00,9.959583
2026-06-16T00:00:00+02:00,0.772917
2026-06-16T00:15:00+02:00,1.17125
2026-06-16T00:30:00+02:00,7.00875
2026-06-16T00:45:00+02:00,8.929167
2026-06-16T01:00:00+02:00,9.5875
2026-06-16T01:15:00+02:00,9.140833
2026-06-16T01:30:00+02:00,8.535
2026-06-16T01:45:00+02:00,7.024167
2026-06-16T02:00:00+02:00,0.323333
2026-06-16T02:15:00+02:00,1.99625
2026-06-16T02:30:00+02:00,12.444583
2026-06-16T02:45:00+02:00,16.397917
2026-06-16T03:00:00+02:00,15.506146
2026-06-16T03:15:00+02:00,15.825521
2026-06-16T03:30:00+02:00,15.017083
2026-06-16T03:45:00+02:00,15.718122
2026-06-16T04:00:00+02:00,16.831878
2026-06-16T04:15:00+02:00,17.579422
2026-06-16T04:30:00+02:00,16.935945
2026-06-16T04:45:00+02:00,18.056716
2026-06-16T05:00:00+02:00,17.224685
2026-06-16T05:15:00+02:00,16.331565
2026-06-16T05:30:00+02:00,18.078333
2026-06-16T05:45:00+02:00,17.324583
2026-06-16T06:00:00+02:00,17.207917
2026-06-16T06:15:00+02:00,14.756272
2026-06-16T06:30:00+02:00,2.538728
2026-06-16T06:45:00+02:00,1.565
2026-06-16T07:00:00+02:00,13.6925
2026-06-16T07:15:00+02:00,22.455833
2026-06-16T07:30:00+02:00,23.975
2026-06-16T07:45:00+02:00,22.419167
2026-06-16T08:00:00+02:00,22.283333
2026-06-16T08:15:00+02:00,21.551667
2026-06-16T08:30:00+02:00,9.5225
2026-06-16T08:45:00+02:00,0.542912
2026-06-16T09:00:00+02:00,5.729588
2026-06-16T09:15:00+02:00,11.272085
2026-06-16T09:30:00+02:00,2.321991
2026-06-16T09:45:00+02:00,1.185924
2026-06-16T10:00:00+02:00,6.227838
2026-06-16T10:15:00+02:00,8.451328
2026-06-16T10:30:00+02:00,8.82
2026-06-16T10:45:00+02:00,9.146667
2026-06-16T11:00:00+02:00,8.515417
2026-06-16T11:15:00+02:00,9.817083
2026-06-16T11:30:00+02:00,9.575833
2026-06-16T11:45:00+02:00,9.388333
2026-06-16T12:00:00+02:00,4.027917
2026-06-16T12:15:00+02:00,0.417083
2026-06-16T12:30:00+02:00,0.604583
2026-06-16T12:45:00+02:00,0.74625
2026-06-16T13:00:00+02:00,0.918333
2026-06-16T13:15:00+02:00,0.853333
2026-06-16T13:30:00+02:00,0.875
2026-06-16T13:45:00+02:00,0.834167
2026-06-16T14:00:00+02:00,0.978333
2026-06-16T14:15:00+02:00,0.989167
2026-06-16T14:30:00+02:00,1.052284
2026-06-16T14:45:00+02:00,0.792716
2026-06-16T15:00:00+02:00,0.832917
2026-06-16T15:15:00+02:00,0.792083
2026-06-16T15:30:00+02:00,0.75125
2026-06-16T15:45:00+02:00,0.572083
2026-06-16T16:00:00+02:00,0.635833
2026-06-16T16:15:00+02:00,0.5625
2026-06-16T16:30:00+02:00,0.608103
2026-06-16T16:45:00+02:00,0.6562
2026-06-16T17:00:00+02:00,2.752591
2026-06-16T17:15:00+02:00,7.27623
2026-06-16T17:30:00+02:00,9.58125
2026-06-16T17:45:00+02:00,8.60625
2026-06-16T18:00:00+02:00,8.948437
2026-06-16T18:15:00+02:00,8.314063
2026-06-16T18:30:00+02:00,8.795312
2026-06-16T18:45:00+02:00,9.154688
2026-06-16T19:00:00+02:00,8.876971
2026-06-16T19:15:00+02:00,8.858323
2026-06-16T19:30:00+02:00,7.433457
2026-06-16T19:45:00+02:00,3.040625
2026-06-16T20:00:00+02:00,1.414063
2026-06-16T20:15:00+02:00,10.621875
2026-06-16T20:30:00+02:00,22.636858
2026-06-16T20:45:00+02:00,23.466437
2026-06-16T21:00:00+02:00,23.326393
2026-06-16T21:15:00+02:00,26.668381
2026-06-16T21:30:00+02:00,24.906619
2026-06-16T21:45:00+02:00,10.7375
2026-06-16T22:00:00+02:00,1.278125
2026-06-16T22:15:00+02:00,5.58125
2026-06-16T22:30:00+02:00,16.726563
2026-06-16T22:45:00+02:00,19.75625
2026-06-16T23:00:00+02:00,17.448438
2026-06-16T23:15:00+02:00,16.584375
2026-06-16T23:30:00+02:00,16.90625
2026-06-16T23:45:00+02:00,17.364063
2026-06-17T00:00:00+02:00,16.798437
2026-06-17T00:15:00+02:00,17.051563
2026-06-17T00:30:00+02:00,16.19375
2026-06-17T00:45:00+02:00,17.514062
2026-06-17T01:00:00+02:00,16.973438
2026-06-17T01:15:00+02:00,15.732812
2026-06-17T01:30:00+02:00,16.645312
2026-06-17T01:45:00+02:00,18.014062
2026-06-17T02:00:00+02:00,16.639063
2026-06-17T02:15:00+02:00,16.459847
2026-06-17T02:30:00+02:00,16.565153
2026-06-17T02:45:00+02:00,15.29375
2026-06-17T03:00:00+02:00,3.815625
2026-06-17T03:15:00+02:00,0.34375
2026-06-17T03:30:00+02:00,0.28125
2026-06-17T03:45:00+02:00,1.054688
2026-06-17T04:00:00+02:00,9.489063
2026-06-17T04:15:00+02:00,13.258525
2026-06-17T04:30:00+02:00,12.450994
2026-06-17T04:45:00+02:00,11.598294
2026-06-17T05:00:00+02:00,4.488982
2026-06-17T05:15:00+02:00,0.236018
2026-06-17T05:30:00+02:00,0.235937
2026-06-17T05:45:00+02:00,4.643815
2026-06-17T06:00:00+02:00,25.79056
2026-06-17T06:15:00+02:00,31.348437
2026-06-17T06:30:00+02:00,33.851563
2026-06-17T06:45:00+02:00,32.868087
2026-06-17T07:00:00+02:00,30.632589
2026-06-17T07:15:00+02:00,27.311824
2026-06-17T07:30:00+02:00,27.09375
2026-06-17T07:45:00+02:00,28.542881
2026-06-17T08:00:00+02:00,26.174306
2026-06-17T08:15:00+02:00,25.684541
2026-06-17T08:30:00+02:00,28.446244
2026-06-17T08:45:00+02:00,23.148902
2026-06-17T09:00:00+02:00,7.7125
2026-06-17T09:15:00+02:00,2.4125
2026-06-17T09:30:00+02:00,15.2
2026-06-17T09:45:00+02:00,17.985938
2026-06-17T10:00:00+02:00,14.189063
2026-06-17T10:15:00+02:00,15.174137
2026-06-17T10:30:00+02:00,14.103988
2026-06-17T10:45:00+02:00,14.80625
2026-06-17T11:00:00+02:00,15.09375
2026-06-17T11:15:00+02:00,16.065209
2026-06-17T11:30:00+02:00,13.513482
2026-06-17T11:45:00+02:00,15.068483
2026-06-17T12:00:00+02:00,14.437005
2026-06-17T12:15:00+02:00,14.427071
2026-06-17T12:30:00+02:00,14.423778
2026-06-17T12:45:00+02:00,14.620285
2026-06-17T13:00:00+02:00,14.120197
2026-06-17T13:15:00+02:00,9.328154
2026-06-17T13:30:00+02:00,0.467551
2026-06-17T13:45:00+02:00,2.781182
2026-06-17T14:00:00+02:00,12.025417
2026-06-17T14:15:00+02:00,13.192917
2026-06-17T14:30:00+02:00,12.625833
2026-06-17T14:45:00+02:00,7.645
2026-06-17T15:00:00+02:00,17.27875
2026-06-17T15:15:00+02:00,4.29875
2026-06-17T15:30:00+02:00,21.019043
2026-06-17T15:45:00+02:00,5.167623
2026-06-17T16:00:00+02:00,5.195833
2026-06-17T16:15:00+02:00,0.3125
2026-06-17T16:30:00+02:00,0.231667
2026-06-17T16:45:00+02:00,2.146881
2026-06-17T17:00:00+02:00,20.651869
2026-06-17T17:15:00+02:00,15.01375
2026-06-17T17:30:00+02:00,5.518333
2026-06-17T17:45:00+02:00,17.602433
2026-06-17T18:00:00+02:00,10.835067
2026-06-17T18:15:00+02:00,14.918989
2026-06-17T18:30:00+02:00,0.143511
2026-06-17T18:45:00+02:00,0.25
2026-06-17T19:00:00+02:00,0.289583
2026-06-17T19:15:00+02:00,0.085417
2026-06-17T19:30:00+02:00,0.0
2026-06-17T19:45:00+02:00,0.026667
2026-06-17T20:00:00+02:00,0.035833
2026-06-17T20:15:00+02:00,0.0625
2026-06-17T20:30:00+02:00,0.695
2026-06-17T20:45:00+02:00,22.658333
2026-06-17T21:00:00+02:00,24.499167
2026-06-17T21:15:00+02:00,24.740833
2026-06-17T21:30:00+02:00,24.532083
2026-06-17T21:45:00+02:00,8.040417
2026-06-17T22:00:00+02:00,31.9125
2026-06-17T22:15:00+02:00,1.921667
2026-06-17T22:30:00+02:00,0.057917
2026-06-17T22:45:00+02:00,0.254583
2026-06-17T23:00:00+02:00,0.057909
2026-06-17T23:15:00+02:00,10.467924
2026-06-17T23:30:00+02:00,22.365
2026-06-17T23:45:00+02:00,7.775833
2026-06-18T00:00:00+02:00,38.620147
2026-06-18T00:15:00+02:00,16.93402
2026-06-18T00:30:00+02:00,35.950132
2026-06-18T00:45:00+02:00,26.830702
2026-06-18T01:00:00+02:00,10.248333
2026-06-18T01:15:00+02:00,36.5625
2026-06-18T01:30:00+02:00,28.610833
2026-06-18T01:45:00+02:00,2.450833
2026-06-18T02:00:00+02:00,3.030833
2026-06-18T02:15:00+02:00,14.513333
2026-06-18T02:30:00+02:00,33.859583
2026-06-18T02:45:00+02:00,14.332917
2026-06-18T03:00:00+02:00,31.485833
2026-06-18T03:15:00+02:00,6.175692
2026-06-18T03:30:00+02:00,6.968459
2026-06-18T03:45:00+02:00,5.289182
2026-06-18T04:00:00+02:00,7.095
2026-06-18T04:15:00+02:00,19.25
2026-06-18T04:30:00+02:00,17.317083
2026-06-18T04:45:00+02:00,14.424583
2026-06-18T05:00:00+02:00,5.195833
2026-06-18T05:15:00+02:00,0.8125
2026-06-18T05:30:00+02:00,11.235833
2026-06-18T05:45:00+02:00,13.256667
2026-06-18T06:00:00+02:00,13.169167
2026-06-18T06:15:00+02:00,3.930833
2026-06-18T06:30:00+02:00,4.4075
2026-06-18T06:45:00+02:00,18.458923
2026-06-18T07:00:00+02:00,10.978577
2026-06-18T07:15:00+02:00,39.5
2026-06-18T07:30:00+02:00,35.848586
2026-06-18T07:45:00+02:00,30.552248
2026-06-18T08:00:00+02:00,28.875
2026-06-18T08:15:00+02:00,3.992531
2026-06-18T08:30:00+02:00,3.597469
2026-06-18T08:45:00+02:00,0.571667
2026-06-18T09:00:00+02:00,20.85
2026-06-18T09:15:00+02:00,9.57
2026-06-18T09:30:00+02:00,10.6425
2026-06-18T09:45:00+02:00,7.9275
2026-06-18T10:00:00+02:00,0.35064
2026-06-18T10:15:00+02:00,0.320311
2026-06-18T10:30:00+02:00,4.649153
2026-06-18T10:45:00+02:00,35.044583
2026-06-18T11:00:00+02:00,15.120562
2026-06-18T11:15:00+02:00,20.02475
2026-06-18T11:30:00+02:00,33.539687
2026-06-18T11:45:00+02:00,20.427292
2026-06-18T12:00:00+02:00,11.445313
2026-06-18T12:15:00+02:00,18.462708
2026-06-18T12:30:00+02:00,27.6875
2026-06-18T12:45:00+02:00,23.07875
2026-06-18T13:00:00+02:00,18.60875
2026-06-18T13:15:00+02:00,11.591354
2026-06-18T13:30:00+02:00,16.824792
2026-06-18T13:45:00+02:00,0.208854
2026-06-18T14:00:00+02:00,0.290833
2026-06-18T14:15:00+02:00,0.334167
2026-06-18T14:30:00+02:00,0.75
2026-06-18T14:45:00+02:00,0.62375
2026-06-18T15:00:00+02:00,0.312812
2026-06-18T15:15:00+02:00,0.375938
2026-06-18T15:30:00+02:00,0.5625
2026-06-18T15:45:00+02:00,0.259896
2026-06-18T16:00:00+02:00,0.447708
2026-06-18T16:15:00+02:00,0.344375
2026-06-18T16:30:00+02:00,2.640562
2026-06-18T16:45:00+02:00,2.9625
2026-06-18T17:00:00+02:00,2.9625
2026-06-18T17:15:00+02:00,15.874125
2026-06-18T17:30:00+02:00,18.195833
2026-06-18T17:45:00+02:00,23.910417
2026-06-18T18:00:00+02:00,23.504583
2026-06-18T18:15:00+02:00,19.782187
2026-06-18T18:30:00+02:00,10.718229
2026-06-18T18:45:00+02:00,27.865313
2026-06-18T19:00:00+02:00,15.156771
2026-06-18T19:15:00+02:00,21.103542
2026-06-18T19:30:00+02:00,21.02125
2026-06-18T19:45:00+02:00,19.041458
2026-06-18T20:00:00+02:00,14.70875
2026-06-18T20:15:00+02:00,2.391042
2026-06-18T20:30:00+02:00,9.770625
2026-06-18T20:45:00+02:00,18.713333
2026-06-18T21:00:00+02:00,1.810935
2026-06-18T21:15:00+02:00,0.376565
2026-06-18T21:30:00+02:00,1.3125
2026-06-18T21:45:00+02:00,0.467654
2026-06-18T22:00:00+02:00,0.448491
2026-06-18T22:15:00+02:00,0.208854
2026-06-18T22:30:00+02:00,0.5
2026-06-18T22:45:00+02:00,0.363249
2026-06-18T23:00:00+02:00,0.261751
2026-06-18T23:15:00+02:00,0.259896
2026-06-18T23:30:00+02:00,0.135521
2026-06-18T23:45:00+02:00,0.167083
2026-06-19T00:00:00+02:00,0.457776
2026-06-19T00:15:00+02:00,0.229724
2026-06-19T00:30:00+02:00,0.155937
2026-06-19T00:45:00+02:00,0.344063
2026-06-19T01:00:00+02:00,0.259808
2026-06-19T01:15:00+02:00,0.09415
2026-06-19T01:30:00+02:00,0.343437
2026-06-19T01:45:00+02:00,0.15625
2026-06-19T02:00:00+02:00,0.31264
2026-06-19T02:15:00+02:00,0.146215
2026-06-19T02:30:00+02:00,0.155885
2026-06-19T02:45:00+02:00,0.281615
2026-06-19T03:00:00+02:00,0.259463
2026-06-19T03:15:00+02:00,0.260953
2026-06-19T03:30:00+02:00,0.271042
2026-06-19T03:45:00+02:00,0.146042
2026-06-19T04:00:00+02:00,0.259896
2026-06-19T04:15:00+02:00,0.156078
2026-06-19T04:30:00+02:00,0.209027
2026-06-19T04:45:00+02:00,0.3125
2026-06-19T05:00:00+02:00,0.259896
2026-06-19T05:15:00+02:00,0.135521
2026-06-19T05:30:00+02:00,0.167083
2026-06-19T05:45:00+02:00,0.3125
2026-06-19T06:00:00+02:00,0.259896
2026-06-19T06:15:00+02:00,0.176979
2026-06-19T06:30:00+02:00,0.354583
2026-06-19T06:45:00+02:00,0.083229
2026-06-19T07:00:00+02:00,0.229271
2026-06-19T07:15:00+02:00,0.458126
2026-06-19T07:30:00+02:00,0.281301
2026-06-19T07:45:00+02:00,0.219115
2026-06-19T08:00:00+02:00,0.103923
2026-06-19T08:15:00+02:00,0.250035
2026-06-19T08:30:00+02:00,0.291458
2026-06-19T08:45:00+02:00,0.042083
2026-06-19T09:00:00+02:00,0.0
2026-06-19T09:15:00+02:00,0.0
2026-06-19T09:30:00+02:00,0.051979
2026-06-19T09:45:00+02:00,0.114479
2026-06-19T10:00:00+02:00,0.239479
2026-06-19T10:15:00+02:00,0.198021
2026-06-19T10:30:00+02:00,0.083542
2026-06-19T10:45:00+02:00,0.228958
2026-06-19T11:00:00+02:00,0.083542
2026-06-19T11:15:00+02:00,0.0
2026-06-19T11:30:00+02:00,0.0
2026-06-19T11:45:00+02:00,0.416458
2026-06-19T12:00:00+02:00,0.239479
2026-06-19T12:15:00+02:00,0.21875
2026-06-19T12:30:00+02:00,0.125313
2026-06-19T12:45:00+02:00,0.312084
2026-06-19T13:00:00+02:00,0.125416
2026-06-19T13:15:00+02:00,0.25
2026-06-19T13:30:00+02:00,0.259896
2026-06-19T13:45:00+02:00,0.176979
2026-06-19T14:00:00+02:00,0.250625
2026-06-19T14:15:00+02:00,0.291146
2026-06-19T14:30:00+02:00,0.208854
2026-06-19T14:45:00+02:00,0.291146
2026-06-19T15:00:00+02:00,0.208854
2026-06-19T15:15:00+02:00,0.3125
2026-06-19T15:30:00+02:00,0.155678
2026-06-19T15:45:00+02:00,0.406509
2026-06-19T16:00:00+02:00,0.125313
2026-06-19T16:15:00+02:00,0.416458
2026-06-19T16:30:00+02:00,0.083542
2026-06-19T16:45:00+02:00,0.270417
2026-06-19T17:00:00+02:00,0.323021
2026-06-19T17:15:00+02:00,0.156563
2026-06-19T17:30:00+02:00,0.155678
2026-06-19T17:45:00+02:00,0.281822
2026-06-19T18:00:00+02:00,0.155937
2026-06-19T18:15:00+02:00,0.385381
2026-06-19T18:30:00+02:00,0.187639
2026-06-19T18:45:00+02:00,0.208542
2026-06-19T19:00:00+02:00,0.259808
2026-06-19T19:15:00+02:00,0.281511
2026-06-19T19:30:00+02:00,0.083681
2026-06-19T19:45:00+02:00,0.353819
2026-06-19T20:00:00+02:00,0.083681
2026-06-19T20:15:00+02:00,0.353889
2026-06-19T20:30:00+02:00,0.083611
2026-06-19T20:45:00+02:00,0.3125
2026-06-19T21:00:00+02:00,0.259808
2026-06-19T21:15:00+02:00,0.09415
2026-06-19T21:30:00+02:00,0.343437
2026-06-19T21:45:00+02:00,0.094063
2026-06-19T22:00:00+02:00,0.343437
2026-06-19T22:15:00+02:00,0.114792
2026-06-19T22:30:00+02:00,0.28125
2026-06-19T22:45:00+02:00,0.239479
2026-06-19T23:00:00+02:00,0.323021
2026-06-19T23:15:00+02:00,0.114479
2026-06-19T23:30:00+02:00,0.167083
2026-06-19T23:45:00+02:00,0.291146
2026-06-20T00:00:00+02:00,0.208854
2026-06-20T00:15:00+02:00,0.103958
2026-06-20T00:30:00+02:00,0.374861
2026-06-20T00:45:00+02:00,0.239619
2026-06-20T01:00:00+02:00,0.073021
2026-06-20T01:15:00+02:00,0.239479
2026-06-20T01:30:00+02:00,0.385452
2026-06-20T01:45:00+02:00,0.083611
2026-06-20T02:00:00+02:00,0.270417
2026-06-20T02:15:00+02:00,0.167083
2026-06-20T02:30:00+02:00,0.228958
2026-06-20T02:45:00+02:00,0.343437
2026-06-20T03:00:00+02:00,0.177604
2026-06-20T03:15:00+02:00,0.259896
2026-06-20T03:30:00+02:00,0.155901
2026-06-20T03:45:00+02:00,0.313161
2026-06-20T04:00:00+02:00,0.14521
2026-06-20T04:15:00+02:00,0.250832
2026-06-20T04:30:00+02:00,0.228473
2026-06-20T04:45:00+02:00,0.209027
2026-06-20T05:00:00+02:00,0.25
2026-06-20T05:15:00+02:00,0.259896
2026-06-20T05:30:00+02:00,0.281563
2026-06-20T05:45:00+02:00,0.187327
2026-06-20T06:00:00+02:00,0.146215
2026-06-20T06:15:00+02:00,0.155937
2026-06-20T06:30:00+02:00,0.281563
2026-06-20T06:45:00+02:00,0.259896
2026-06-20T07:00:00+02:00,0.176561
2026-06-20T07:15:00+02:00,0.251043
2026-06-20T07:30:00+02:00,0.312187
2026-06-20T07:45:00+02:00,0.125313
2026-06-20T08:00:00+02:00,0.228646
2026-06-20T08:15:00+02:00,0.208854
2026-06-20T08:30:00+02:00,0.207917
2026-06-20T08:45:00+02:00,0.167083
2026-06-20T09:00:00+02:00,0.353958
2026-06-20T09:15:00+02:00,0.083542
2026-06-20T09:30:00+02:00,0.270417
2026-06-20T09:45:00+02:00,0.167083
2026-06-20T10:00:00+02:00,0.291146
2026-06-20T10:15:00+02:00,0.208854
2026-06-20T10:30:00+02:00,0.3125
2026-06-20T10:45:00+02:00,0.259896
2026-06-20T11:00:00+02:00,0.177604
2026-06-20T11:15:00+02:00,0.103958
2026-06-20T11:30:00+02:00,0.291458
2026-06-20T11:45:00+02:00,0.167083
2026-06-20T12:00:00+02:00,0.270279
2026-06-20T12:15:00+02:00,0.167221
2026-06-20T12:30:00+02:00,0.270279
2026-06-20T12:45:00+02:00,0.323106
2026-06-20T13:00:00+02:00,0.135089
2026-06-20T13:15:00+02:00,0.209027
2026-06-20T13:30:00+02:00,0.3125
2026-06-20T13:45:00+02:00,0.259808
2026-06-20T14:00:00+02:00,0.09415
2026-06-20T14:15:00+02:00,0.343437
2026-06-20T14:30:00+02:00,0.156078
2026-06-20T14:45:00+02:00,0.209027
2026-06-20T15:00:00+02:00,0.3125
2026-06-20T15:15:00+02:00,0.207571
2026-06-20T15:30:00+02:00,0.146075
2026-06-20T15:45:00+02:00,0.208854
2026-06-20T16:00:00+02:00,0.375
2026-06-20T16:15:00+02:00,0.103958
2026-06-20T16:30:00+02:00,0.25
2026-06-20T16:45:00+02:00,0.239479
2026-06-20T17:00:00+02:00,0.260208
2026-06-20T17:15:00+02:00,0.208854
2026-06-20T17:30:00+02:00,0.290973
2026-06-20T17:45:00+02:00,0.209027
2026-06-20T18:00:00+02:00,0.3125
2026-06-20T18:15:00+02:00,0.103958
2026-06-20T18:30:00+02:00,0.375
2026-06-20T18:45:00+02:00,0.083542
2026-06-20T19:00:00+02:00,0.291389
2026-06-20T19:15:00+02:00,0.239495
2026-06-20T19:30:00+02:00,0.239532
2026-06-20T19:45:00+02:00,0.167083
2026-06-20T20:00:00+02:00,0.270417
2026-06-20T20:15:00+02:00,0.167083
2026-06-20T20:30:00+02:00,0.374687
2026-06-20T20:45:00+02:00,0.229271
2026-06-20T21:00:00+02:00,0.0625
2026-06-20T21:15:00+02:00,0.23922
2026-06-20T21:30:00+02:00,0.260468
2026-06-20T21:45:00+02:00,0.208854
2026-06-20T22:00:00+02:00,0.3125
2026-06-20T22:15:00+02:00,0.103958
2026-06-20T22:30:00+02:00,0.333542
2026-06-20T22:45:00+02:00,0.259808
2026-06-20T23:00:00+02:00,0.094081
2026-06-20T23:15:00+02:00,0.343419
2026-06-20T23:30:00+02:00,0.155989
2026-06-20T23:45:00+02:00,0.209203
2026-06-21T00:00:00+02:00,0.312084
2026-06-21T00:15:00+02:00,0.229339
2026-06-21T00:30:00+02:00,0.124723
2026-06-21T00:45:00+02:00,0.364792
2026-06-21T01:00:00+02:00,0.13486
2026-06-21T01:15:00+02:00,0.313161
2026-06-21T01:30:00+02:00,0.124687
2026-06-21T01:45:00+02:00,0.208854
2026-06-21T02:00:00+02:00,0.3125
2026-06-21T02:15:00+02:00,0.103958
2026-06-21T02:30:00+02:00,0.333542
2026-06-21T02:45:00+02:00,0.103958
2026-06-21T03:00:00+02:00,0.374931
2026-06-21T03:15:00+02:00,0.083611
2026-06-21T03:30:00+02:00,0.290973
2026-06-21T03:45:00+02:00,0.209027
2026-06-21T04:00:00+02:00,0.3125
2026-06-21T04:15:00+02:00,0.103958
2026-06-21T04:30:00+02:00,0.375
2026-06-21T04:45:00+02:00,0.083542
2026-06-21T05:00:00+02:00,0.3125
2026-06-21T05:15:00+02:00,0.103785
2026-06-21T05:30:00+02:00,0.291631
2026-06-21T05:45:00+02:00,0.167083
2026-06-21T06:00:00+02:00,0.3125
2026-06-21T06:15:00+02:00,0.103958
2026-06-21T06:30:00+02:00,0.39552
2026-06-21T06:45:00+02:00,0.125522
2026-06-21T07:00:00+02:00,0.3125
2026-06-21T07:15:00+02:00,0.259896
2026-06-21T07:30:00+02:00,0.135521
2026-06-21T07:45:00+02:00,0.167083
2026-06-21T08:00:00+02:00,0.270417
2026-06-21T08:15:00+02:00,0.167083
2026-06-21T08:30:00+02:00,0.3125
2026-06-21T08:45:00+02:00,0.207917
2026-06-21T09:00:00+02:00,0.229271
2026-06-21T09:15:00+02:00,0.125313
2026-06-21T09:30:00+02:00,0.332917
2026-06-21T09:45:00+02:00,0.167083
2026-06-21T10:00:00+02:00,0.312187
2026-06-21T10:15:00+02:00,0.125313
2026-06-21T10:30:00+02:00,0.166458
2026-06-21T10:45:00+02:00,0.239479
2026-06-21T11:00:00+02:00,0.323021
2026-06-21T11:15:00+02:00,0.083542
2026-06-21T11:30:00+02:00,0.270279
2026-06-21T11:45:00+02:00,0.323106
2026-06-21T12:00:00+02:00,0.156615
2026-06-21T12:15:00+02:00,0.259896
2026-06-21T12:30:00+02:00,0.177604
2026-06-21T12:45:00+02:00,0.207917
2026-06-21T13:00:00+02:00,0.354583
2026-06-21T13:15:00+02:00,0.207917
2026-06-21T13:30:00+02:00,0.145729
2026-06-21T13:45:00+02:00,0.208854
2026-06-21T14:00:00+02:00,0.3125
2026-06-21T14:15:00+02:00,0.259463
2026-06-21T14:30:00+02:00,0.135953
2026-06-21T14:45:00+02:00,0.167083
2026-06-21T15:00:00+02:00,0.3125
2026-06-21T15:15:00+02:00,0.259896
2026-06-21T15:30:00+02:00,0.177604
2026-06-21T15:45:00+02:00,0.207917
2026-06-21T16:00:00+02:00,0.354167
2026-06-21T16:15:00+02:00,0.229339
2026-06-21T16:30:00+02:00,0.124723
2026-06-21T16:45:00+02:00,0.208854
2026-06-21T17:00:00+02:00,0.228297
2026-06-21T17:15:00+02:00,0.209203
2026-06-21T17:30:00+02:00,0.3125
2026-06-21T17:45:00+02:00,0.207846
2026-06-21T18:00:00+02:00,0.271043
2026-06-21T18:15:00+02:00,0.239495
2026-06-21T18:30:00+02:00,0.219115
2026-06-21T18:45:00+02:00,0.259463
2026-06-21T19:00:00+02:00,0.178037
2026-06-21T19:15:00+02:00,0.103958
2026-06-21T19:30:00+02:00,0.375
2026-06-21T19:45:00+02:00,0.187327
2026-06-21T20:00:00+02:00,0.208715
2026-06-21T20:15:00+02:00,0.207917
2026-06-21T20:30:00+02:00,0.229271
2026-06-21T20:45:00+02:00,0.125313
2026-06-21T21:00:00+02:00,0.312187
2026-06-21T21:15:00+02:00,0.229271
2026-06-21T21:30:00+02:00,0.270729
2026-06-21T21:45:00+02:00,0.125313
2026-06-21T22:00:00+02:00,0.25
2026-06-21T22:15:00+02:00,0.259896
2026-06-21T22:30:00+02:00,0.177604
2026-06-21T22:45:00+02:00,0.103958
2026-06-21T23:00:00+02:00,0.333542
2026-06-21T23:15:00+02:00,0.103958
2026-06-21T23:30:00+02:00,0.291179
2026-06-21T23:45:00+02:00,0.3233
2026-06-22T00:00:00+02:00,0.114479
2026-06-22T00:15:00+02:00,0.167083
2026-06-22T00:30:00+02:00,0.375
2026-06-22T00:45:00+02:00,0.207917
2026-06-22T01:00:00+02:00,0.145729
2026-06-22T01:15:00+02:00,0.312813
2026-06-22T01:30:00+02:00,0.124687
2026-06-22T01:45:00+02:00,0.312813
2026-06-22T02:00:00+02:00,0.083229
2026-06-22T02:15:00+02:00,0.229271
2026-06-22T02:30:00+02:00,0.333542
2026-06-22T02:45:00+02:00,0.207917
2026-06-22T03:00:00+02:00,0.104271
2026-06-22T03:15:00+02:00,0.333229
2026-06-22T03:30:00+02:00,0.167083
2026-06-22T03:45:00+02:00,0.207917
2026-06-22T04:00:00+02:00,0.354167
2026-06-22T04:15:00+02:00,0.229339
2026-06-22T04:30:00+02:00,0.124723
2026-06-22T04:45:00+02:00,0.312813
2026-06-22T05:00:00+02:00,0.124339
2026-06-22T05:15:00+02:00,0.936911
2026-06-22T05:30:00+02:00,1.084792
2026-06-22T05:45:00+02:00,0.675729
2026-06-22T06:00:00+02:00,1.949271
2026-06-22T06:15:00+02:00,16.321458
2026-06-22T06:30:00+02:00,11.325729
2026-06-22T06:45:00+02:00,16.165312
2026-06-22T07:00:00+02:00,19.185309
2026-06-22T07:15:00+02:00,24.920941
2026-06-22T07:30:00+02:00,5.666458
2026-06-22T07:45:00+02:00,26.522708
2026-06-22T08:00:00+02:00,18.88782
2026-06-22T08:15:00+02:00,7.566764
2026-06-22T08:30:00+02:00,15.182404
2026-06-22T08:45:00+02:00,7.921519
2026-06-22T09:00:00+02:00,0.062535
2026-06-22T09:15:00+02:00,10.150721
2026-06-22T09:30:00+02:00,14.396466
2026-06-22T09:45:00+02:00,6.223854
2026-06-22T10:00:00+02:00,14.0
2026-06-22T10:15:00+02:00,0.779424
2026-06-22T10:30:00+02:00,3.516201
2026-06-22T10:45:00+02:00,6.766875
2026-06-22T11:00:00+02:00,23.962083
2026-06-22T11:15:00+02:00,6.850417
2026-06-22T11:30:00+02:00,23.837396
2026-06-22T11:45:00+02:00,15.197708
2026-06-22T12:00:00+02:00,5.067433
2026-06-22T12:15:00+02:00,21.581519
2026-06-22T12:30:00+02:00,3.606464
2026-06-22T12:45:00+02:00,0.615417
2026-06-22T13:00:00+02:00,2.221462
2026-06-22T13:15:00+02:00,17.377913
2026-06-22T13:30:00+02:00,12.914717
2026-06-22T13:45:00+02:00,5.267471
2026-06-22T14:00:00+02:00,18.924063
2026-06-22T14:15:00+02:00,5.388437
2026-06-22T14:30:00+02:00,13.360337
2026-06-22T14:45:00+02:00,13.334767
2026-06-22T15:00:00+02:00,11.802292
2026-06-22T15:15:00+02:00,11.885208
2026-06-22T15:30:00+02:00,11.854271
2026-06-22T15:45:00+02:00,19.429235
2026-06-22T16:00:00+02:00,11.643786
2026-06-22T16:15:00+02:00,1.852249
2026-06-22T16:30:00+02:00,1.087855
2026-06-22T16:45:00+02:00,0.726394
2026-06-22T17:00:00+02:00,0.836106
2026-06-22T17:15:00+02:00,18.590833
2026-06-22T17:30:00+02:00,5.346667
2026-06-22T17:45:00+02:00,16.5625
2026-06-22T18:00:00+02:00,6.849834
2026-06-22T18:15:00+02:00,20.636416
2026-06-22T18:30:00+02:00,5.51375
2026-06-22T18:45:00+02:00,10.6875
2026-06-22T19:00:00+02:00,0.935625
2026-06-22T19:15:00+02:00,1.564375
2026-06-22T19:30:00+02:00,5.144199
2026-06-22T19:45:00+02:00,11.438822
2026-06-22T20:00:00+02:00,13.677396
2026-06-22T20:15:00+02:00,7.302083
2026-06-22T20:30:00+02:00,10.499792
2026-06-22T20:45:00+02:00,4.239583
2026-06-22T21:00:00+02:00,9.718437
2026-06-22T21:15:00+02:00,16.260521
2026-06-22T21:30:00+02:00,4.344167
2026-06-22T21:45:00+02:00,8.718333
2026-06-22T22:00:00+02:00,9.853958
2026-06-22T22:15:00+02:00,16.479271
2026-06-22T22:30:00+02:00,4.385938
2026-06-22T22:45:00+02:00,11.082083
2026-06-22T23:00:00+02:00,8.855417
2026-06-22T23:15:00+02:00,15.239062
2026-06-22T23:30:00+02:00,9.999688
2026-06-22T23:45:00+02:00,6.968366
2026-06-23T00:00:00+02:00,0.561457
2026-06-23T00:15:00+02:00,1.427573
2026-06-23T00:30:00+02:00,6.169583
2026-06-23T00:45:00+02:00,12.071771
2026-06-23T01:00:00+02:00,17.5625
2026-06-23T01:15:00+02:00,15.073958
2026-06-23T01:30:00+02:00,9.0625
2026-06-23T01:45:00+02:00,12.113542
2026-06-23T02:00:00+02:00,19.5
2026-06-23T02:15:00+02:00,16.997188
2026-06-23T02:30:00+02:00,10.239479
2026-06-23T02:45:00+02:00,13.700833
2026-06-23T03:00:00+02:00,17.028438
2026-06-23T03:15:00+02:00,13.659062
2026-06-23T03:30:00+02:00,20.875
2026-06-23T03:45:00+02:00,17.257083
2026-06-23T04:00:00+02:00,17.427401
2026-06-23T04:15:00+02:00,16.07595
2026-06-23T04:30:00+02:00,9.015816
2026-06-23T04:45:00+02:00,14.53625
2026-06-23T05:00:00+02:00,8.5
2026-06-23T05:15:00+02:00,0.674605
2026-06-23T05:30:00+02:00,0.345187
2026-06-23T05:45:00+02:00,0.677604
2026-06-23T06:00:00+02:00,2.183134
2026-06-23T06:15:00+02:00,3.68197
2026-06-23T06:30:00+02:00,7.5625
2026-06-23T06:45:00+02:00,6.549375
2026-06-23T07:00:00+02:00,3.908054
2026-06-23T07:15:00+02:00,5.230071
2026-06-23T07:30:00+02:00,9.342863
2026-06-23T07:45:00+02:00,5.994324
2026-06-23T08:00:00+02:00,4.725313
2026-06-23T08:15:00+02:00,6.757292
2026-06-23T08:30:00+02:00,4.037321
2026-06-23T08:45:00+02:00,8.770391
2026-06-23T09:00:00+02:00,3.607808
2026-06-23T09:15:00+02:00,5.889687
2026-06-23T09:30:00+02:00,8.125
2026-06-23T09:45:00+02:00,6.86125
2026-06-23T10:00:00+02:00,4.125
2026-06-23T10:15:00+02:00,5.51375
2026-06-23T10:30:00+02:00,5.347396
2026-06-23T10:45:00+02:00,9.576354
2026-06-23T11:00:00+02:00,2.752273
2026-06-23T11:15:00+02:00,6.192102
2026-06-23T11:30:00+02:00,2.609583
2026-06-23T11:45:00+02:00,0.584792
2026-06-23T12:00:00+02:00,0.4375
2026-06-23T12:15:00+02:00,10.60375
2026-06-23T12:30:00+02:00,10.665937
2026-06-23T12:45:00+02:00,28.083438
2026-06-23T13:00:00+02:00,19.687812
2026-06-23T13:15:00+02:00,19.40625
2026-06-23T13:30:00+02:00,6.474974
2026-06-23T13:45:00+02:00,19.618463
2026-06-23T14:00:00+02:00,28.396875
2026-06-23T14:15:00+02:00,10.911937
2026-06-23T14:30:00+02:00,28.463063
2026-06-23T14:45:00+02:00,10.897463
2026-06-23T15:00:00+02:00,11.78785
2026-06-23T15:15:00+02:00,0.877188
2026-06-23T15:30:00+02:00,0.81125
2026-06-23T15:45:00+02:00,0.50125
2026-06-23T16:00:00+02:00,0.8125
2026-06-23T16:15:00+02:00,8.10875
2026-06-23T16:30:00+02:00,8.925776
2026-06-23T16:45:00+02:00,14.715474
2026-06-23T17:00:00+02:00,23.078438
2026-06-23T17:15:00+02:00,30.139845
2026-06-23T17:30:00+02:00,15.906718
2026-06-23T17:45:00+02:00,11.312604
2026-06-23T18:00:00+02:00,34.060625
2026-06-23T18:15:00+02:00,20.447708
2026-06-23T18:30:00+02:00,15.929063
2026-06-23T18:45:00+02:00,11.156926
2026-06-23T19:00:00+02:00,4.530574
2026-06-23T19:15:00+02:00,0.831667
2026-06-23T19:30:00+02:00,8.543333
2026-06-23T19:45:00+02:00,7.900833
2026-06-23T20:00:00+02:00,20.724167
2026-06-23T20:15:00+02:00,7.692917
2026-06-23T20:30:00+02:00,23.321274
2026-06-23T20:45:00+02:00,14.71956
2026-06-23T21:00:00+02:00,7.994515
2026-06-23T21:15:00+02:00,12.834235
2026-06-23T21:30:00+02:00,22.609062
2026-06-23T21:45:00+02:00,14.291771
2026-06-23T22:00:00+02:00,14.452536
2026-06-23T22:15:00+02:00,6.521631
2026-06-23T22:30:00+02:00,12.062813
2026-06-23T22:45:00+02:00,6.132708
2026-06-23T23:00:00+02:00,5.436343
2026-06-23T23:15:00+02:00,10.493136
2026-06-23T23:30:00+02:00,30.375
2026-06-23T23:45:00+02:00,23.806458
2026-06-24T00:00:00+02:00,18.881042
2026-06-24T00:15:00+02:00,10.331979
2026-06-24T00:30:00+02:00,1.322708
2026-06-24T00:45:00+02:00,14.309524
2026-06-24T01:00:00+02:00,28.660789
2026-06-24T01:15:00+02:00,52.317083
2026-06-24T01:30:00+02:00,33.323021
2026-06-24T01:45:00+02:00,18.361774
2026-06-24T02:00:00+02:00,29.623122
2026-06-24T02:15:00+02:00,51.337812
2026-06-24T02:30:00+02:00,33.46875
2026-06-24T02:45:00+02:00,26.005938
2026-06-24T03:00:00+02:00,18.134599
2026-06-24T03:15:00+02:00,46.740401
2026-06-24T03:30:00+02:00,17.926753
2026-06-24T03:45:00+02:00,19.258872
2026-06-24T04:00:00+02:00,0.751875
2026-06-24T04:15:00+02:00,32.989792
2026-06-24T04:30:00+02:00,12.447708
2026-06-24T04:45:00+02:00,31.437813
2026-06-24T05:00:00+02:00,24.937187
2026-06-24T05:15:00+02:00,30.085417
2026-06-24T05:30:00+02:00,39.301042
2026-06-24T05:45:00+02:00,20.988542
2026-06-24T06:00:00+02:00,29.991979
2026-06-24T06:15:00+02:00,28.321875
2026-06-24T06:30:00+02:00,8.123021
2026-06-24T06:45:00+02:00,0.166771
2026-06-24T07:00:00+02:00,0.572708
2026-06-24T07:15:00+02:00,14.677708
2026-06-24T07:30:00+02:00,8.395938
2026-06-24T07:45:00+02:00,30.467554
2026-06-24T08:00:00+02:00,9.782446
2026-06-24T08:15:00+02:00,30.25
2026-06-24T08:30:00+02:00,23.07875
2026-06-24T08:45:00+02:00,9.107292
2026-06-24T09:00:00+02:00,20.010521
2026-06-24T09:15:00+02:00,34.611979
2026-06-24T09:30:00+02:00,22.572396
2026-06-24T09:45:00+02:00,7.531562
2026-06-24T10:00:00+02:00,21.772292
2026-06-24T10:15:00+02:00,2.626458
2026-06-24T10:30:00+02:00,0.657187
2026-06-24T10:45:00+02:00,0.238509
2026-06-24T11:00:00+02:00,0.885708
2026-06-24T11:15:00+02:00,1.094846
2026-06-24T11:30:00+02:00,2.287083
2026-06-24T11:45:00+02:00,6.650417
2026-06-24T12:00:00+02:00,2.754896
2026-06-24T12:15:00+02:00,4.553229
2026-06-24T12:30:00+02:00,4.405312
2026-06-24T12:45:00+02:00,6.743925
2026-06-24T13:00:00+02:00,0.292637
2026-06-24T13:15:00+02:00,1.060312
2026-06-24T13:30:00+02:00,0.877188
2026-06-24T13:45:00+02:00,0.374062
2026-06-24T14:00:00+02:00,14.462292
2026-06-24T14:15:00+02:00,7.307917
2026-06-24T14:30:00+02:00,19.948333
2026-06-24T14:45:00+02:00,28.344896
2026-06-24T15:00:00+02:00,21.987187
2026-06-24T15:15:00+02:00,8.720521
2026-06-24T15:30:00+02:00,29.344479
2026-06-24T15:45:00+02:00,7.420684
2026-06-24T16:00:00+02:00,6.527129
2026-06-24T16:15:00+02:00,1.75
2026-06-24T16:30:00+02:00,1.402963
2026-06-24T16:45:00+02:00,0.972037
2026-06-24T17:00:00+02:00,1.195521
2026-06-24T17:15:00+02:00,2.063111
2026-06-24T17:30:00+02:00,3.678869
2026-06-24T17:45:00+02:00,5.971771
2026-06-24T18:00:00+02:00,10.294792
2026-06-24T18:15:00+02:00,4.422081
2026-06-24T18:30:00+02:00,5.936356
2026-06-24T18:45:00+02:00,8.9375
2026-06-24T19:00:00+02:00,3.586562
2026-06-24T19:15:00+02:00,8.190208
2026-06-24T19:30:00+02:00,9.715729
2026-06-24T19:45:00+02:00,5.195
2026-06-24T20:00:00+02:00,7.381042
2026-06-24T20:15:00+02:00,3.126053
2026-06-24T20:30:00+02:00,7.35978
2026-06-24T20:45:00+02:00,8.654132
2026-06-24T21:00:00+02:00,6.228993
2026-06-24T21:15:00+02:00,10.59182
2026-06-24T21:30:00+02:00,2.97068
2026-06-24T21:45:00+02:00,5.826042
2026-06-24T22:00:00+02:00,10.253021
2026-06-24T22:15:00+02:00,5.733437
2026-06-24T22:30:00+02:00,3.638542
2026-06-24T22:45:00+02:00,5.526354
2026-06-24T23:00:00+02:00,0.710104
2026-06-24T23:15:00+02:00,12.243229
2026-06-24T23:30:00+02:00,26.507083
2026-06-24T23:45:00+02:00,22.874687
2026-06-25T00:00:00+02:00,34.086811
2026-06-25T00:15:00+02:00,21.962564
2026-06-25T00:30:00+02:00,49.889165
2026-06-25T00:45:00+02:00,27.56146
2026-06-25T01:00:00+02:00,38.984375
2026-06-25T01:15:00+02:00,31.203125
2026-06-25T01:30:00+02:00,19.33625
2026-06-25T01:45:00+02:00,50.16375
2026-06-25T02:00:00+02:00,38.984375
2026-06-25T02:15:00+02:00,23.266769
2026-06-25T02:30:00+02:00,50.546957
2026-06-25T02:45:00+02:00,19.22457
2026-06-25T03:00:00+02:00,50.078122
2026-06-25T03:15:00+02:00,11.610457
2026-06-25T03:30:00+02:00,54.367188
2026-06-25T03:45:00+02:00,15.549583
2026-06-25T04:00:00+02:00,34.852948
2026-06-25T04:15:00+02:00,34.814135
2026-06-25T04:30:00+02:00,54.054375
2026-06-25T04:45:00+02:00,15.482011
2026-06-25T05:00:00+02:00,54.15351
2026-06-25T05:15:00+02:00,38.555693
2026-06-25T05:30:00+02:00,15.271807
2026-06-25T05:45:00+02:00,45.875
2026-06-25T06:00:00+02:00,39.244271
2026-06-25T06:15:00+02:00,31.818229
2026-06-25T06:30:00+02:00,39.127087
2026-06-25T06:45:00+02:00,19.225167
2026-06-25T07:00:00+02:00,1.032017
2026-06-25T07:15:00+02:00,0.385208
2026-06-25T07:30:00+02:00,1.21875
2026-06-25T07:45:00+02:00,0.21955
2026-06-25T08:00:00+02:00,0.582914
2026-06-25T08:15:00+02:00,0.167224
2026-06-25T08:30:00+02:00,0.842813
2026-06-25T08:45:00+02:00,0.344062
2026-06-25T09:00:00+02:00,0.469688
2026-06-25T09:15:00+02:00,0.385521
2026-06-25T09:30:00+02:00,0.051979
2026-06-25T09:45:00+02:00,0.4675
2026-06-25T10:00:00+02:00,0.543021
2026-06-25T10:15:00+02:00,0.8125
2026-06-25T10:30:00+02:00,0.727462
2026-06-25T10:45:00+02:00,0.522538
2026-06-25T11:00:00+02:00,0.051979
2026-06-25T11:15:00+02:00,0.530937
2026-06-25T11:30:00+02:00,0.167083
2026-06-25T11:45:00+02:00,0.436668
2026-06-25T12:00:00+02:00,0.250832
2026-06-25T12:15:00+02:00,0.4375
2026-06-25T12:30:00+02:00,0.207917
2026-06-25T12:45:00+02:00,0.542083
2026-06-25T13:00:00+02:00,0.363854
2026-06-25T13:15:00+02:00,0.259581
2026-06-25T13:30:00+02:00,0.376565
2026-06-25T13:45:00+02:00,0.5
2026-06-25T14:00:00+02:00,0.259896
2026-06-25T14:15:00+02:00,0.114792
2026-06-25T14:30:00+02:00,0.280991
2026-06-25T14:45:00+02:00,0.343697
2026-06-25T15:00:00+02:00,0.250625
2026-06-25T15:15:00+02:00,0.375
2026-06-25T15:30:00+02:00,0.103958
2026-06-25T15:45:00+02:00,0.270729
2026-06-25T16:00:00+02:00,0.436669
2026-06-25T16:15:00+02:00,0.188019
2026-06-25T16:30:00+02:00,0.406303
2026-06-25T16:45:00+02:00,0.156822
2026-06-25T17:00:00+02:00,0.259896
2026-06-25T17:15:00+02:00,0.15625
2026-06-25T17:30:00+02:00,0.208854
2026-06-25T17:45:00+02:00,0.374687
2026-06-25T18:00:00+02:00,0.125313
2026-06-25T18:15:00+02:00,0.228297
2026-06-25T18:30:00+02:00,0.36514
2026-06-25T18:45:00+02:00,0.198021
2026-06-25T19:00:00+02:00,0.291458
2026-06-25T19:15:00+02:00,0.271042
2026-06-25T19:30:00+02:00,0.239479
2026-06-25T19:45:00+02:00,0.135208
2026-06-25T20:00:00+02:00,0.312813
2026-06-25T20:15:00+02:00,0.083229
2026-06-25T20:30:00+02:00,0.385208
2026-06-25T20:45:00+02:00,0.094063
2026-06-25T21:00:00+02:00,0.239479
2026-06-25T21:15:00+02:00,0.344063
2026-06-25T21:30:00+02:00,0.103958
2026-06-25T21:45:00+02:00,0.332917
2026-06-25T22:00:00+02:00,0.250625
2026-06-25T22:15:00+02:00,0.353819
2026-06-25T22:30:00+02:00,0.083681
2026-06-25T22:45:00+02:00,0.270138
2026-06-25T23:00:00+02:00,0.167362
2026-06-25T23:15:00+02:00,0.3125
2026-06-25T23:30:00+02:00,0.259808
2026-06-25T23:45:00+02:00,0.156338
2026-06-26T00:00:00+02:00,0.312813
2026-06-26T00:15:00+02:00,0.124687
2026-06-26T00:30:00+02:00,0.364792
2026-06-26T00:45:00+02:00,0.13486
2026-06-26T01:00:00+02:00,0.209203
2026-06-26T01:15:00+02:00,0.3125
2026-06-26T01:30:00+02:00,0.259896
2026-06-26T01:45:00+02:00,0.15625
2026-06-26T02:00:00+02:00,0.312813
2026-06-26T02:15:00+02:00,0.208542
2026-06-26T02:30:00+02:00,0.259896
2026-06-26T02:45:00+02:00,0.15625
2026-06-26T03:00:00+02:00,0.364792
2026-06-26T03:15:00+02:00,0.09375
2026-06-26T03:30:00+02:00,0.333229
2026-06-26T03:45:00+02:00,0.354583
2026-06-26T04:00:00+02:00,0.103958
2026-06-26T04:15:00+02:00,0.333542
2026-06-26T04:30:00+02:00,0.155937
2026-06-26T04:45:00+02:00,0.260208
2026-06-26T05:00:00+02:00,0.312813
2026-06-26T05:15:00+02:00,0.124687
2026-06-26T05:30:00+02:00,0.312813
2026-06-26T05:45:00+02:00,0.124687
2026-06-26T06:00:00+02:00,0.312813
2026-06-26T06:15:00+02:00,0.145417
2026-06-26T06:30:00+02:00,0.354583
2026-06-26T06:45:00+02:00,0.208542
2026-06-26T07:00:00+02:00,0.259808
2026-06-26T07:15:00+02:00,0.114879
2026-06-26T07:30:00+02:00,0.125313
2026-06-26T07:45:00+02:00,0.0
2026-06-26T08:00:00+02:00,0.0
2026-06-26T08:15:00+02:00,0.0
2026-06-26T08:30:00+02:00,0.0
2026-06-26T08:45:00+02:00,0.0
2026-06-26T09:00:00+02:00,0.0
2026-06-26T09:15:00+02:00,0.0
2026-06-26T09:30:00+02:00,0.0
2026-06-26T09:45:00+02:00,0.0
2026-06-26T10:00:00+02:00,0.0
2026-06-26T10:15:00+02:00,0.0
2026-06-26T10:30:00+02:00,0.0
2026-06-26T10:45:00+02:00,0.0
2026-06-26T11:00:00+02:00,0.0
2026-06-26T11:15:00+02:00,0.0625
2026-06-26T11:30:00+02:00,0.311875
2026-06-26T11:45:00+02:00,0.166771
2026-06-26T12:00:00+02:00,0.364792
2026-06-26T12:15:00+02:00,0.1142
2026-06-26T12:30:00+02:00,0.3233
2026-06-26T12:45:00+02:00,0.072952
2026-06-26T13:00:00+02:00,0.343419
2026-06-26T13:15:00+02:00,0.156165
2026-06-26T13:30:00+02:00,0.31295
2026-06-26T13:45:00+02:00,0.124723
2026-06-26T14:00:00+02:00,0.312813
2026-06-26T14:15:00+02:00,0.0625
2026-06-26T14:30:00+02:00,0.291458
2026-06-26T14:45:00+02:00,0.104271
2026-06-26T15:00:00+02:00,0.333229
2026-06-26T15:15:00+02:00,0.145729
2026-06-26T15:30:00+02:00,0.312813
2026-06-26T15:45:00+02:00,0.145417
2026-06-26T16:00:00+02:00,0.250625
2026-06-26T16:15:00+02:00,0.25
2026-06-26T16:30:00+02:00,0.259463
2026-06-26T16:45:00+02:00,0.156682
2026-06-26T17:00:00+02:00,0.31264
2026-06-26T17:15:00+02:00,0.104131
2026-06-26T17:30:00+02:00,0.167083
2026-06-26T17:45:00+02:00,0.353958
2026-06-26T18:00:00+02:00,0.239479
2026-06-26T18:15:00+02:00,0.114479
2026-06-26T18:30:00+02:00,0.167083
2026-06-26T18:45:00+02:00,0.3125
2026-06-26T19:00:00+02:00,0.259896
2026-06-26T19:15:00+02:00,0.156078
2026-06-26T19:30:00+02:00,0.209027
2026-06-26T19:45:00+02:00,0.3125
2026-06-26T20:00:00+02:00,0.103785
2026-06-26T20:15:00+02:00,0.24986
2026-06-26T20:30:00+02:00,0.208854
2026-06-26T20:45:00+02:00,0.25
2026-06-26T21:00:00+02:00,0.155937
2026-06-26T21:15:00+02:00,0.281563
2026-06-26T21:30:00+02:00,0.259896
2026-06-26T21:45:00+02:00,0.093994
2026-06-26T22:00:00+02:00,0.39538
2026-06-26T22:15:00+02:00,0.146147
2026-06-26T22:30:00+02:00,0.271042
2026-06-26T22:45:00+02:00,0.124687
2026-06-26T23:00:00+02:00,0.208854
2026-06-26T23:15:00+02:00,0.3125
2026-06-26T23:30:00+02:00,0.103958
2026-06-26T23:45:00+02:00,0.333229
2026-06-27T00:00:00+02:00,0.125313
2026-06-27T00:15:00+02:00,0.311978
2026-06-27T00:30:00+02:00,0.22948
2026-06-27T00:45:00+02:00,0.208542
2026-06-27T01:00:00+02:00,0.103958
2026-06-27T01:15:00+02:00,0.333542
2026-06-27T01:30:00+02:00,0.259896
2026-06-27T01:45:00+02:00,0.15625
2026-06-27T02:00:00+02:00,0.208854
2026-06-27T02:15:00+02:00,0.207917
2026-06-27T02:30:00+02:00,0.167083
2026-06-27T02:45:00+02:00,0.270417
2026-06-27T03:00:00+02:00,0.167083
2026-06-27T03:15:00+02:00,0.270417
2026-06-27T03:30:00+02:00,0.167083
2026-06-27T03:45:00+02:00,0.3125
2026-06-27T04:00:00+02:00,0.259896
2026-06-27T04:15:00+02:00,0.177604
2026-06-27T04:30:00+02:00,0.155937
2026-06-27T04:45:00+02:00,0.344063
2026-06-27T05:00:00+02:00,0.103958
2026-06-27T05:15:00+02:00,0.249687
2026-06-27T05:30:00+02:00,0.312813
2026-06-27T05:45:00+02:00,0.124339
2026-06-27T06:00:00+02:00,0.313161
2026-06-27T06:15:00+02:00,0.146042
2026-06-27T06:30:00+02:00,0.259896
2026-06-27T06:45:00+02:00,0.093994
2026-06-27T07:00:00+02:00,0.343419
2026-06-27T07:15:00+02:00,0.156165
2026-06-27T07:30:00+02:00,0.31295
2026-06-27T07:45:00+02:00,0.103993
2026-06-27T08:00:00+02:00,0.167083
2026-06-27T08:15:00+02:00,0.3125
2026-06-27T08:30:00+02:00,0.103958
2026-06-27T08:45:00+02:00,0.271042
2026-06-27T09:00:00+02:00,0.207917
2026-06-27T09:15:00+02:00,0.167083
2026-06-27T09:30:00+02:00,0.259896
2026-06-27T09:45:00+02:00,0.094063
2026-06-27T10:00:00+02:00,0.1875
2026-06-27T10:15:00+02:00,0.271042
2026-06-27T10:30:00+02:00,0.311875
2026-06-27T10:45:00+02:00,0.188125
2026-06-27T11:00:00+02:00,0.207917
2026-06-27T11:15:00+02:00,0.125
2026-06-27T11:30:00+02:00,0.323021
2026-06-27T11:45:00+02:00,0.1142
2026-06-27T12:00:00+02:00,0.167362
2026-06-27T12:15:00+02:00,0.353819
2026-06-27T12:30:00+02:00,0.083681
2026-06-27T12:45:00+02:00,0.25
2026-06-27T13:00:00+02:00,0.259896
2026-06-27T13:15:00+02:00,0.177604
2026-06-27T13:30:00+02:00,0.31177
2026-06-27T13:45:00+02:00,0.18823
2026-06-27T14:00:00+02:00,0.103958
2026-06-27T14:15:00+02:00,0.375
2026-06-27T14:30:00+02:00,0.083542
2026-06-27T14:45:00+02:00,0.166389
2026-06-27T15:00:00+02:00,0.187534
2026-06-27T15:15:00+02:00,0.375035
2026-06-27T15:30:00+02:00,0.1875
2026-06-27T15:45:00+02:00,0.25
2026-06-27T16:00:00+02:00,0.083542
2026-06-27T16:15:00+02:00,0.166458
2026-06-27T16:30:00+02:00,0.395417
2026-06-27T16:45:00+02:00,0.146042
2026-06-27T17:00:00+02:00,0.323021
2026-06-27T17:15:00+02:00,0.198021
2026-06-27T17:30:00+02:00,0.083542
2026-06-27T17:45:00+02:00,0.187187
2026-06-27T18:00:00+02:00,0.333229
2026-06-27T18:15:00+02:00,0.208473
2026-06-27T18:30:00+02:00,0.083611
2026-06-27T18:45:00+02:00,0.3125
2026-06-27T19:00:00+02:00,0.207917
2026-06-27T19:15:00+02:00,0.145729
2026-06-27T19:30:00+02:00,0.208854
2026-06-27T19:45:00+02:00,0.187187
2026-06-27T20:00:00+02:00,0.333229
2026-06-27T20:15:00+02:00,0.229271
2026-06-27T20:30:00+02:00,0.125313
2026-06-27T20:45:00+02:00,0.25
2026-06-27T21:00:00+02:00,0.103958
2026-06-27T21:15:00+02:00,0.333542
2026-06-27T21:30:00+02:00,0.207917
2026-06-27T21:45:00+02:00,0.167083
2026-06-27T22:00:00+02:00,0.103785
2026-06-27T22:15:00+02:00,0.208402
2026-06-27T22:30:00+02:00,0.229271
2026-06-27T22:45:00+02:00,0.271042
2026-06-27T23:00:00+02:00,0.155937
2026-06-27T23:15:00+02:00,0.260036
2026-06-27T23:30:00+02:00,0.209027
2026-06-27T23:45:00+02:00,0.166458
2026-06-28T00:00:00+02:00,0.1875
2026-06-28T00:15:00+02:00,0.333542
2026-06-28T00:30:00+02:00,0.103958
2026-06-28T00:45:00+02:00,0.228958
2026-06-28T01:00:00+02:00,0.271042
2026-06-28T01:15:00+02:00,0.124687
2026-06-28T01:30:00+02:00,0.208854
2026-06-28T01:45:00+02:00,0.291458
2026-06-28T02:00:00+02:00,0.239479
2026-06-28T02:15:00+02:00,0.156563
2026-06-28T02:30:00+02:00,0.103958
2026-06-28T02:45:00+02:00,0.291458
2026-06-28T03:00:00+02:00,0.271042
2026-06-28T03:15:00+02:00,0.062431
2026-06-28T03:30:00+02:00,0.187534
2026-06-28T03:45:00+02:00,0.312535
2026-06-28T04:00:00+02:00,0.239479
2026-06-28T04:15:00+02:00,0.198021
2026-06-28T04:30:00+02:00,0.083542
2026-06-28T04:45:00+02:00,0.207917
2026-06-28T05:00:00+02:00,0.167083
2026-06-28T05:15:00+02:00,0.228473
2026-06-28T05:30:00+02:00,0.209027
2026-06-28T05:45:00+02:00,0.353889
2026-06-28T06:00:00+02:00,0.083611
2026-06-28T06:15:00+02:00,0.312084
2026-06-28T06:30:00+02:00,0.125416
2026-06-28T06:45:00+02:00,0.166389
2026-06-28T07:00:00+02:00,0.291457
2026-06-28T07:15:00+02:00,0.12507
2026-06-28T07:30:00+02:00,0.167083
2026-06-28T07:45:00+02:00,0.25
2026-06-28T08:00:00+02:00,0.207917
2026-06-28T08:15:00+02:00,0.125
2026-06-28T08:30:00+02:00,0.271042
2026-06-28T08:45:00+02:00,0.145417
2026-06-28T09:00:00+02:00,0.250625
2026-06-28T09:15:00+02:00,0.166458
2026-06-28T09:30:00+02:00,0.291458
2026-06-28T09:45:00+02:00,0.167083
2026-06-28T10:00:00+02:00,0.207917
2026-06-28T10:15:00+02:00,0.083542
2026-06-28T10:30:00+02:00,0.239479
2026-06-28T10:45:00+02:00,0.281563
2026-06-28T11:00:00+02:00,0.207917
2026-06-28T11:15:00+02:00,0.083473
2026-06-28T11:30:00+02:00,0.343419
2026-06-28T11:45:00+02:00,0.09415
2026-06-28T12:00:00+02:00,0.343437
2026-06-28T12:15:00+02:00,0.219063
2026-06-28T12:30:00+02:00,0.239479
2026-06-28T12:45:00+02:00,0.072881
2026-06-28T13:00:00+02:00,0.187639
2026-06-28T13:15:00+02:00,0.33302
2026-06-28T13:30:00+02:00,0.125522
2026-06-28T13:45:00+02:00,0.207917
2026-06-28T14:00:00+02:00,0.271042
2026-06-28T14:15:00+02:00,0.208542
2026-06-28T14:30:00+02:00,0.207917
2026-06-28T14:45:00+02:00,0.083542
2026-06-28T15:00:00+02:00,0.395417
2026-06-28T15:15:00+02:00,0.146042
2026-06-28T15:30:00+02:00,0.167083
2026-06-28T15:45:00+02:00,0.25
2026-06-28T16:00:00+02:00,0.155937
2026-06-28T16:15:00+02:00,0.281563
2026-06-28T16:30:00+02:00,0.207917
2026-06-28T16:45:00+02:00,0.271042
2026-06-28T17:00:00+02:00,0.1875
2026-06-28T17:15:00+02:00,0.103958
2026-06-28T17:30:00+02:00,0.270869
2026-06-28T17:45:00+02:00,0.146215
2026-06-28T18:00:00+02:00,0.259896
2026-06-28T18:15:00+02:00,0.15625
2026-06-28T18:30:00+02:00,0.312813
2026-06-28T18:45:00+02:00,0.208542
2026-06-28T19:00:00+02:00,0.207917
2026-06-28T19:15:00+02:00,0.125
2026-06-28T19:30:00+02:00,0.271042
2026-06-28T19:45:00+02:00,0.062361
2026-06-28T20:00:00+02:00,0.187639
2026-06-28T20:15:00+02:00,0.271042
2026-06-28T20:30:00+02:00,0.207846
2026-06-28T20:45:00+02:00,0.167154
2026-06-28T21:00:00+02:00,0.259808
2026-06-28T21:15:00+02:00,0.135471
2026-06-28T21:30:00+02:00,0.167221
2026-06-28T21:45:00+02:00,0.353889
2026-06-28T22:00:00+02:00,0.187534
2026-06-28T22:15:00+02:00,0.062535
2026-06-28T22:30:00+02:00,0.291112
2026-06-28T22:45:00+02:00,0.083888
2026-06-28T23:00:00+02:00,0.343437
2026-06-28T23:15:00+02:00,0.094063
2026-06-28T23:30:00+02:00,0.291458
2026-06-28T23:45:00+02:00,0.083542
2026-06-29T00:00:00+02:00,0.291458
2026-06-29T00:15:00+02:00,0.124862
2026-06-29T00:30:00+02:00,0.167221
2026-06-29T00:45:00+02:00,0.25
2026-06-29T01:00:00+02:00,0.259896
2026-06-29T01:15:00+02:00,0.281563
2026-06-29T01:30:00+02:00,0.083542
2026-06-29T01:45:00+02:00,0.291458
2026-06-29T02:00:00+02:00,0.083542
2026-06-29T02:15:00+02:00,0.291458
2026-06-29T02:30:00+02:00,0.187327
2026-06-29T02:45:00+02:00,0.104131
2026-06-29T03:00:00+02:00,0.167083
2026-06-29T03:15:00+02:00,0.25
2026-06-29T03:30:00+02:00,0.207917
2026-06-29T03:45:00+02:00,0.125
2026-06-29T04:00:00+02:00,0.167083
2026-06-29T04:15:00+02:00,0.25
2026-06-29T04:30:00+02:00,0.259896
2026-06-29T04:45:00+02:00,0.177604
2026-06-29T05:00:00+02:00,0.103958
2026-06-29T05:15:00+02:00,1.521042
2026-06-29T05:30:00+02:00,1.299479
2026-06-29T05:45:00+02:00,1.303542
2026-06-29T06:00:00+02:00,0.927292
2026-06-29T06:15:00+02:00,6.893854
2026-06-29T06:30:00+02:00,26.331771
2026-06-29T06:45:00+02:00,7.614479
2026-06-29T07:00:00+02:00,33.842604
2026-06-29T07:15:00+02:00,9.305937
2026-06-29T07:30:00+02:00,31.613021
2026-06-29T07:45:00+02:00,8.038021
2026-06-29T08:00:00+02:00,7.381354
2026-06-29T08:15:00+02:00,0.302535
2026-06-29T08:30:00+02:00,0.239495
2026-06-29T08:45:00+02:00,0.281615
2026-06-29T09:00:00+02:00,0.363854
2026-06-29T09:15:00+02:00,0.261146
2026-06-29T09:30:00+02:00,15.827267
2026-06-29T09:45:00+02:00,15.672733
2026-06-29T10:00:00+02:00,20.732679
2026-06-29T10:15:00+02:00,12.4343
2026-06-29T10:30:00+02:00,16.583021
2026-06-29T10:45:00+02:00,24.0625
2026-06-29T11:00:00+02:00,20.011979
2026-06-29T11:15:00+02:00,15.863021
2026-06-29T11:30:00+02:00,19.33625
2026-06-29T11:45:00+02:00,15.41375
2026-06-29T12:00:00+02:00,19.596146
2026-06-29T12:15:00+02:00,11.947083
2026-06-29T12:30:00+02:00,16.081771
2026-06-29T12:45:00+02:00,23.0625
2026-06-29T13:00:00+02:00,19.284271
2026-06-29T13:15:00+02:00,19.446354
2026-06-29T13:30:00+02:00,9.692604
2026-06-29T13:45:00+02:00,0.575833
2026-06-29T14:00:00+02:00,0.583854
2026-06-29T14:15:00+02:00,10.193229
2026-06-29T14:30:00+02:00,6.223854
2026-06-29T14:45:00+02:00,19.0
2026-06-29T15:00:00+02:00,16.165521
2026-06-29T15:15:00+02:00,16.026771
2026-06-29T15:30:00+02:00,6.432708
2026-06-29T15:45:00+02:00,20.86625
2026-06-29T16:00:00+02:00,3.716667
2026-06-29T16:15:00+02:00,0.229583
2026-06-29T16:30:00+02:00,0.311356
2026-06-29T16:45:00+02:00,0.229477
2026-06-29T17:00:00+02:00,0.334167
2026-06-29T17:15:00+02:00,6.292813
2026-06-29T17:30:00+02:00,17.354896
2026-06-29T17:45:00+02:00,5.770417
2026-06-29T18:00:00+02:00,17.177604
2026-06-29T18:15:00+02:00,16.905938
2026-06-29T18:30:00+02:00,17.457917
2026-06-29T18:45:00+02:00,29.333854
2026-06-29T19:00:00+02:00,17.416146
2026-06-29T19:15:00+02:00,10.04884
2026-06-29T19:30:00+02:00,17.966848
2026-06-29T19:45:00+02:00,0.440875
2026-06-29T20:00:00+02:00,0.208854
2026-06-29T20:15:00+02:00,19.875
2026-06-29T20:30:00+02:00,18.036771
2026-06-29T20:45:00+02:00,17.8
2026-06-29T21:00:00+02:00,6.975729
2026-06-29T21:15:00+02:00,14.437084
2026-06-29T21:30:00+02:00,0.125416
2026-06-29T21:45:00+02:00,5.375
2026-06-29T22:00:00+02:00,15.848289
2026-06-29T22:15:00+02:00,12.651711
2026-06-29T22:30:00+02:00,15.10077
2026-06-29T22:45:00+02:00,15.238189
2026-06-29T23:00:00+02:00,13.479583
2026-06-29T23:15:00+02:00,7.360313
2026-06-29T23:30:00+02:00,11.821146
2026-06-29T23:45:00+02:00,17.4375
2026-06-30T00:00:00+02:00,2.87656
2026-06-30T00:15:00+02:00,13.085564
2026-06-30T00:30:00+02:00,21.898188
2026-06-30T00:45:00+02:00,13.322708
2026-06-30T01:00:00+02:00,10.191979
2026-06-30T01:15:00+02:00,14.606146
2026-06-30T01:30:00+02:00,14.479025
2026-06-30T01:45:00+02:00,12.794107
2026-06-30T02:00:00+02:00,7.113014
2026-06-30T02:15:00+02:00,11.445208
2026-06-30T02:30:00+02:00,17.0
2026-06-30T02:45:00+02:00,14.086354
2026-06-30T03:00:00+02:00,14.066354
2026-06-30T03:15:00+02:00,12.510521
2026-06-30T03:30:00+02:00,9.836771
2026-06-30T03:45:00+02:00,10.27475
2026-06-30T04:00:00+02:00,2.66275
2026-06-30T04:15:00+02:00,13.566562
2026-06-30T04:30:00+02:00,13.898646
2026-06-30T04:45:00+02:00,5.597292
2026-06-30T05:00:00+02:00,10.240625
2026-06-30T05:15:00+02:00,3.811268
2026-06-30T05:30:00+02:00,1.027586
2026-06-30T05:45:00+02:00,1.545521
2026-06-30T06:00:00+02:00,14.781146
2026-06-30T06:15:00+02:00,4.218854
2026-06-30T06:30:00+02:00,10.520521
2026-06-30T06:45:00+02:00,8.479479
2026-06-30T07:00:00+02:00,11.314169
2026-06-30T07:15:00+02:00,9.623331
2026-06-30T07:30:00+02:00,16.125
2026-06-30T07:45:00+02:00,11.799271
2026-06-30T08:00:00+02:00,2.762917
2026-06-30T08:15:00+02:00,0.125313
2026-06-30T08:30:00+02:00,1.220472
2026-06-30T08:45:00+02:00,12.383903
2026-06-30T09:00:00+02:00,10.470855
2026-06-30T09:15:00+02:00,16.98727
2026-06-30T09:30:00+02:00,29.499479
2026-06-30T09:45:00+02:00,8.563021
2026-06-30T10:00:00+02:00,16.0
2026-06-30T10:15:00+02:00,0.467812
2026-06-30T10:30:00+02:00,0.344688
2026-06-30T10:45:00+02:00,2.286311
2026-06-30T11:00:00+02:00,2.764627
2026-06-30T11:15:00+02:00,7.594445
2026-06-30T11:30:00+02:00,3.02993
2026-06-30T11:45:00+02:00,4.887188
2026-06-30T12:00:00+02:00,4.929181
2026-06-30T12:15:00+02:00,5.522092
2026-06-30T12:30:00+02:00,6.661852
2026-06-30T12:45:00+02:00,4.761875
2026-06-30T13:00:00+02:00,6.875
2026-06-30T13:15:00+02:00,5.873646
2026-06-30T13:30:00+02:00,5.725
2026-06-30T13:45:00+02:00,5.020729
2026-06-30T14:00:00+02:00,2.80315
2026-06-30T14:15:00+02:00,7.26894
2026-06-30T14:30:00+02:00,2.838743
2026-06-30T14:45:00+02:00,4.594792
2026-06-30T15:00:00+02:00,6.6875
2026-06-30T15:15:00+02:00,2.754896
2026-06-30T15:30:00+02:00,6.495104
2026-06-30T15:45:00+02:00,0.467654
2026-06-30T16:00:00+02:00,0.657033
2026-06-30T16:15:00+02:00,0.125313
2026-06-30T16:30:00+02:00,2.881979
2026-06-30T16:45:00+02:00,5.555521
2026-06-30T17:00:00+02:00,15.0
2026-06-30T17:15:00+02:00,6.079508
2026-06-30T17:30:00+02:00,15.920492
2026-06-30T17:45:00+02:00,6.185521
2026-06-30T18:00:00+02:00,18.573021
2026-06-30T18:15:00+02:00,4.928958
2026-06-30T18:30:00+02:00,12.167988
2026-06-30T18:45:00+02:00,15.840553
2026-06-30T19:00:00+02:00,2.214108
2026-06-30T19:15:00+02:00,2.380543
2026-06-30T19:30:00+02:00,0.187953
2026-06-30T19:45:00+02:00,3.529986
2026-06-30T20:00:00+02:00,21.553869
2026-06-30T20:15:00+02:00,8.458507
2026-06-30T20:30:00+02:00,22.228993
2026-06-30T20:45:00+02:00,8.524583
2026-06-30T21:00:00+02:00,25.625
2026-06-30T21:15:00+02:00,6.850417
2026-06-30T21:30:00+02:00,19.625
2026-06-30T21:45:00+02:00,17.049167
2026-06-30T22:00:00+02:00,13.763333
2026-06-30T22:15:00+02:00,17.205104
2026-06-30T22:30:00+02:00,17.194479
2026-06-30T22:45:00+02:00,15.323021
2026-06-30T23:00:00+02:00,12.027396
2026-06-30T23:15:00+02:00,17.153125
2026-06-30T23:30:00+02:00,6.892188
2026-06-30T23:45:00+02:00,23.525521
2026-07-01T00:00:00+02:00,6.641875
2026-07-01T00:15:00+02:00,23.285104
2026-07-01T00:30:00+02:00,16.411516
2026-07-01T00:45:00+02:00,14.938901
2026-07-01T01:00:00+02:00,8.305833
2026-07-01T01:15:00+02:00,13.408438
2026-07-01T01:30:00+02:00,11.3125
2026-07-01T01:45:00+02:00,0.155937
2026-07-01T02:00:00+02:00,6.334167
2026-07-01T02:15:00+02:00,12.322396
2026-07-01T02:30:00+02:00,33.28875
2026-07-01T02:45:00+02:00,21.271042
2026-07-01T03:00:00+02:00,6.772292
2026-07-01T03:15:00+02:00,30.946563
2026-07-01T03:30:00+02:00,13.239792
2026-07-01T03:45:00+02:00,17.669063
2026-07-01T04:00:00+02:00,30.790312
2026-07-01T04:15:00+02:00,20.157899
2026-07-01T04:30:00+02:00,15.989289
2026-07-01T04:45:00+02:00,22.870833
2026-07-01T05:00:00+02:00,9.181995
2026-07-01T05:15:00+02:00,20.680686
2026-07-01T05:30:00+02:00,20.100132
2026-07-01T05:45:00+02:00,8.436771
2026-07-01T06:00:00+02:00,1.141667
2026-07-01T06:15:00+02:00,12.129792
2026-07-01T06:30:00+02:00,14.583125
2026-07-01T06:45:00+02:00,10.499792
2026-07-01T07:00:00+02:00,4.125208
2026-07-01T07:15:00+02:00,0.571771
2026-07-01T07:30:00+02:00,8.759792
2026-07-01T07:45:00+02:00,17.418438
2026-07-01T08:00:00+02:00,25.0
2026-07-01T08:15:00+02:00,20.531771
2026-07-01T08:30:00+02:00,8.301563
2026-07-01T08:45:00+02:00,29.405729
2026-07-01T09:00:00+02:00,12.65625
2026-07-01T09:15:00+02:00,16.917188
2026-07-01T09:30:00+02:00,25.0
2026-07-01T09:45:00+02:00,16.425417
2026-07-01T10:00:00+02:00,3.469688
2026-07-01T10:15:00+02:00,2.839375
2026-07-01T10:30:00+02:00,7.50125
2026-07-01T10:45:00+02:00,22.846634
2026-07-01T11:00:00+02:00,12.667637
2026-07-01T11:15:00+02:00,8.992396
2026-07-01T11:30:00+02:00,25.040937
2026-07-01T11:45:00+02:00,3.341667
2026-07-01T12:00:00+02:00,0.332077
2026-07-01T12:15:00+02:00,2.351048
2026-07-01T12:30:00+02:00,6.930104
2026-07-01T12:45:00+02:00,13.074271
2026-07-01T13:00:00+02:00,22.026458
2026-07-01T13:15:00+02:00,13.726765
2026-07-01T13:30:00+02:00,4.560004
2026-07-01T13:45:00+02:00,20.870829
2026-07-01T14:00:00+02:00,8.686136
2026-07-01T14:15:00+02:00,11.567308
2026-07-01T14:30:00+02:00,0.790833
2026-07-01T14:45:00+02:00,1.268235
2026-07-01T15:00:00+02:00,12.906546
2026-07-01T15:15:00+02:00,5.909385
2026-07-01T15:30:00+02:00,18.6875
2026-07-01T15:45:00+02:00,15.567804
2026-07-01T16:00:00+02:00,15.801771
2026-07-01T16:15:00+02:00,14.15372
2026-07-01T16:30:00+02:00,7.71681
2026-07-01T16:45:00+02:00,12.322396
2026-07-01T17:00:00+02:00,2.125
2026-07-01T17:15:00+02:00,0.155937
2026-07-01T17:30:00+02:00,3.017813
2026-07-01T17:45:00+02:00,11.75125
2026-07-01T18:00:00+02:00,8.3875
2026-07-01T18:15:00+02:00,6.079508
2026-07-01T18:30:00+02:00,15.357992
2026-07-01T18:45:00+02:00,7.950125
2026-07-01T19:00:00+02:00,1.861125
2026-07-01T19:15:00+02:00,0.50125
2026-07-01T19:30:00+02:00,0.75
2026-07-01T19:45:00+02:00,1.975208
2026-07-01T20:00:00+02:00,8.837292
2026-07-01T20:15:00+02:00,7.121146
2026-07-01T20:30:00+02:00,4.343438
2026-07-01T20:45:00+02:00,5.847917
2026-07-01T21:00:00+02:00,8.8125
2026-07-01T21:15:00+02:00,7.485
2026-07-01T21:30:00+02:00,6.015
2026-07-01T21:45:00+02:00,3.690521
2026-07-01T22:00:00+02:00,9.496979
2026-07-01T22:15:00+02:00,7.433021
2026-07-01T22:30:00+02:00,4.46875
2026-07-01T22:45:00+02:00,5.973229
2026-07-01T23:00:00+02:00,9.1875
2026-07-01T23:15:00+02:00,7.796875
2026-07-01T23:30:00+02:00,7.820313
2026-07-01T23:45:00+02:00,3.132813
2026-07-02T00:00:00+02:00,7.5475
2026-07-02T00:15:00+02:00,10.765
2026-07-02T00:30:00+02:00,7.640938
2026-07-02T00:45:00+02:00,7.598663
2026-07-02T01:00:00+02:00,6.097211
2026-07-02T01:15:00+02:00,0.80798
2026-07-02T01:30:00+02:00,0.417708
2026-07-02T01:45:00+02:00,19.011771
2026-07-02T02:00:00+02:00,11.988229
2026-07-02T02:15:00+02:00,30.105521
2026-07-02T02:30:00+02:00,40.865673
2026-07-02T02:45:00+02:00,23.403806
2026-07-02T03:00:00+02:00,33.6825
2026-07-02T03:15:00+02:00,16.104167
2026-07-02T03:30:00+02:00,18.713333
2026-07-02T03:45:00+02:00,0.915797
2026-07-02T04:00:00+02:00,0.209203
2026-07-02T04:15:00+02:00,0.75
2026-07-02T04:30:00+02:00,15.905625
2026-07-02T04:45:00+02:00,12.469375
2026-07-02T05:00:00+02:00,15.853646
2026-07-02T05:15:00+02:00,5.396354
2026-07-02T05:30:00+02:00,0.363854
2026-07-02T05:45:00+02:00,2.395312
2026-07-02T06:00:00+02:00,4.678333
2026-07-02T06:15:00+02:00,17.5625
2026-07-02T06:30:00+02:00,14.502188
2026-07-02T06:45:00+02:00,8.698021
2026-07-02T07:00:00+02:00,11.612292
2026-07-02T07:15:00+02:00,17.4375
2026-07-02T07:30:00+02:00,2.542741
2026-07-02T07:45:00+02:00,2.594863
2026-07-02T08:00:00+02:00,3.299896
2026-07-02T08:15:00+02:00,14.305104
2026-07-02T08:30:00+02:00,18.285104
2026-07-02T08:45:00+02:00,9.972292
2026-07-02T09:00:00+02:00,2.235104
2026-07-02T09:15:00+02:00,0.764583
2026-07-02T09:30:00+02:00,3.036146
2026-07-02T09:45:00+02:00,10.839167
2026-07-02T10:00:00+02:00,8.212708
2026-07-02T10:15:00+02:00,20.974792
2026-07-02T10:30:00+02:00,8.056771
2026-07-02T10:45:00+02:00,20.880729
2026-07-02T11:00:00+02:00,15.982945
2026-07-02T11:15:00+02:00,9.630909
2026-07-02T11:30:00+02:00,12.823646
2026-07-02T11:45:00+02:00,19.25
2026-07-02T12:00:00+02:00,6.175229
2026-07-02T12:15:00+02:00,1.365917
2026-07-02T12:30:00+02:00,6.342396
2026-07-02T12:45:00+02:00,7.957708
2026-07-02T13:00:00+02:00,21.850417
2026-07-02T13:15:00+02:00,7.176563
2026-07-02T13:30:00+02:00,11.069271
2026-07-02T13:45:00+02:00,0.478819
2026-07-02T14:00:00+02:00,0.13566
2026-07-02T14:15:00+02:00,0.134896
2026-07-02T14:30:00+02:00,0.250625
2026-07-02T14:45:00+02:00,0.499478
2026-07-02T15:00:00+02:00,0.385418
2026-07-02T15:15:00+02:00,0.240104
2026-07-02T15:30:00+02:00,0.311875
2026-07-02T15:45:00+02:00,0.208229
2026-07-02T16:00:00+02:00,0.448333
2026-07-02T16:15:00+02:00,0.301979
2026-07-02T16:30:00+02:00,0.167083
2026-07-02T16:45:00+02:00,0.375
2026-07-02T17:00:00+02:00,0.519792
2026-07-02T17:15:00+02:00,0.667708
2026-07-02T17:30:00+02:00,0.987604
2026-07-02T17:45:00+02:00,1.85265
2026-07-02T18:00:00+02:00,23.203287
2026-07-02T18:15:00+02:00,17.143958
2026-07-02T18:30:00+02:00,21.83125
2026-07-02T18:45:00+02:00,21.396875
2026-07-02T19:00:00+02:00,8.771875
2026-07-02T19:15:00+02:00,30.852187
2026-07-02T19:30:00+02:00,9.147813
2026-07-02T19:45:00+02:00,33.580521
2026-07-02T20:00:00+02:00,21.125312
2026-07-02T20:15:00+02:00,7.067017
2026-07-02T20:30:00+02:00,33.450066
2026-07-02T20:45:00+02:00,14.260285
2026-07-02T21:00:00+02:00,19.079299
2026-07-02T21:15:00+02:00,33.392396
2026-07-02T21:30:00+02:00,9.732604
2026-07-02T21:45:00+02:00,29.0
2026-07-02T22:00:00+02:00,24.162145
2026-07-02T22:15:00+02:00,7.76098
2026-07-02T22:30:00+02:00,6.128229
2026-07-02T22:45:00+02:00,2.657118
2026-07-02T23:00:00+02:00,4.979028
2026-07-02T23:15:00+02:00,19.481354
2026-07-02T23:30:00+02:00,15.831146
2026-07-02T23:45:00+02:00,22.0
2026-07-03T00:00:00+02:00,3.586146
2026-07-03T00:15:00+02:00,16.062812
2026-07-03T00:30:00+02:00,4.783134
2026-07-03T00:45:00+02:00,10.879573
2026-07-03T01:00:00+02:00,5.171772
2026-07-03T01:15:00+02:00,23.066979
2026-07-03T01:30:00+02:00,9.937187
2026-07-03T01:45:00+02:00,13.324896
2026-07-03T02:00:00+02:00,12.444167
2026-07-03T02:15:00+02:00,5.680833
2026-07-03T02:30:00+02:00,0.270417
2026-07-03T02:45:00+02:00,0.530332
2026-07-03T03:00:00+02:00,0.449251
2026-07-03T03:15:00+02:00,0.363854
2026-07-03T03:30:00+02:00,0.177292
2026-07-03T03:45:00+02:00,0.208854
2026-07-03T04:00:00+02:00,0.332917
2026-07-03T04:15:00+02:00,0.271042
2026-07-03T04:30:00+02:00,0.0625
2026-07-03T04:45:00+02:00,0.343437
2026-07-03T05:00:00+02:00,0.219063
2026-07-03T05:15:00+02:00,0.083542
2026-07-03T05:30:00+02:00,0.3125
2026-07-03T05:45:00+02:00,0.207917
2026-07-03T06:00:00+02:00,0.167083
2026-07-03T06:15:00+02:00,0.155885
2026-07-03T06:30:00+02:00,0.260089
2026-07-03T06:45:00+02:00,0.364911
2026-07-03T07:00:00+02:00,0.134912
2026-07-03T07:15:00+02:00,0.209203
2026-07-03T07:30:00+02:00,0.291146
2026-07-03T07:45:00+02:00,0.208854
2026-07-03T08:00:00+02:00,0.25
2026-07-03T08:15:00+02:00,0.311875
2026-07-03T08:30:00+02:00,0.250625
2026-07-03T08:45:00+02:00,0.207917
2026-07-03T09:00:00+02:00,0.292083
2026-07-03T09:15:00+02:00,0.155678
2026-07-03T09:30:00+02:00,0.114739
2026-07-03T09:45:00+02:00,0.167083
2026-07-03T10:00:00+02:00,0.520104
2026-07-03T10:15:00+02:00,0.292396
2026-07-03T10:30:00+02:00,0.3125
2026-07-03T10:45:00+02:00,0.103958
2026-07-03T11:00:00+02:00,0.25
2026-07-03T11:15:00+02:00,0.343437
2026-07-03T11:30:00+02:00,0.219063
2026-07-03T11:45:00+02:00,0.1875
2026-07-03T12:00:00+02:00,0.08302
2026-07-03T12:15:00+02:00,0.22948
2026-07-03T12:30:00+02:00,0.333542
2026-07-03T12:45:00+02:00,0.259896
2026-07-03T13:00:00+02:00,0.15625
2026-07-03T13:15:00+02:00,0.208854
2026-07-03T13:30:00+02:00,0.166458
2026-07-03T13:45:00+02:00,0.1875
2026-07-03T14:00:00+02:00,0.208229
2026-07-03T14:15:00+02:00,0.333229
2026-07-03T14:30:00+02:00,0.145729
2026-07-03T14:45:00+02:00,0.208854
2026-07-03T15:00:00+02:00,0.3125
2026-07-03T15:15:00+02:00,0.207571
2026-07-03T15:30:00+02:00,0.292117
2026-07-03T15:45:00+02:00,0.229271
2026-07-03T16:00:00+02:00,0.124687
2026-07-03T16:15:00+02:00,0.208854
2026-07-03T16:30:00+02:00,0.25
2026-07-03T16:45:00+02:00,0.103958
2026-07-03T17:00:00+02:00,0.25
2026-07-03T17:15:00+02:00,0.291458
2026-07-03T17:30:00+02:00,0.229583
2026-07-03T17:45:00+02:00,0.103785
2026-07-03T18:00:00+02:00,0.271215
2026-07-03T18:15:00+02:00,0.155937
2026-07-03T18:30:00+02:00,0.448021
2026-07-03T18:45:00+02:00,0.083542
2026-07-03T19:00:00+02:00,0.228297
2026-07-03T19:15:00+02:00,0.209203
2026-07-03T19:30:00+02:00,0.166458
2026-07-03T19:45:00+02:00,0.343437
2026-07-03T20:00:00+02:00,0.156078
2026-07-03T20:15:00+02:00,0.31295
2026-07-03T20:30:00+02:00,0.146077
2026-07-03T20:45:00+02:00,0.259463
2026-07-03T21:00:00+02:00,0.219495
2026-07-03T21:15:00+02:00,0.187327
2026-07-03T21:30:00+02:00,0.14559
2026-07-03T21:45:00+02:00,0.354583
2026-07-03T22:00:00+02:00,0.124687
2026-07-03T22:15:00+02:00,0.312813
2026-07-03T22:30:00+02:00,0.124687
2026-07-03T22:45:00+02:00,0.312813
2026-07-03T23:00:00+02:00,0.083229
2026-07-03T23:15:00+02:00,0.229271
2026-07-03T23:30:00+02:00,0.271042
2026-07-03T23:45:00+02:00,0.155885
2026-07-04T00:00:00+02:00,0.239532
2026-07-04T00:15:00+02:00,0.167083
2026-07-04T00:30:00+02:00,0.25
2026-07-04T00:45:00+02:00,0.311875
2026-07-04T01:00:00+02:00,0.146042
2026-07-04T01:15:00+02:00,0.322761
2026-07-04T01:30:00+02:00,0.114739
2026-07-04T01:45:00+02:00,0.167083
2026-07-04T02:00:00+02:00,0.166458
2026-07-04T02:15:00+02:00,0.343437
2026-07-04T02:30:00+02:00,0.135242
2026-07-04T02:45:00+02:00,0.167362
2026-07-04T03:00:00+02:00,0.270279
2026-07-04T03:15:00+02:00,0.270971
2026-07-04T03:30:00+02:00,0.145625
2026-07-04T03:45:00+02:00,0.250625
2026-07-04T04:00:00+02:00,0.25
2026-07-04T04:15:00+02:00,0.155937
2026-07-04T04:30:00+02:00,0.25986
2026-07-04T04:45:00+02:00,0.209203
2026-07-04T05:00:00+02:00,0.291458
2026-07-04T05:15:00+02:00,0.083542
2026-07-04T05:30:00+02:00,0.270417
2026-07-04T05:45:00+02:00,0.271042
2026-07-04T06:00:00+02:00,0.083229
2026-07-04T06:15:00+02:00,0.333229
2026-07-04T06:30:00+02:00,0.14538
2026-07-04T06:45:00+02:00,0.36514
2026-07-04T07:00:00+02:00,0.072881
2026-07-04T07:15:00+02:00,0.239619
2026-07-04T07:30:00+02:00,0.21875
2026-07-04T07:45:00+02:00,0.332883
2026-07-04T08:00:00+02:00,0.146075
2026-07-04T08:15:00+02:00,0.312813
2026-07-04T08:30:00+02:00,0.08302
2026-07-04T08:45:00+02:00,0.22948
2026-07-04T09:00:00+02:00,0.375
2026-07-04T09:15:00+02:00,0.1875
2026-07-04T09:30:00+02:00,0.270729
2026-07-04T09:45:00+02:00,0.229271
2026-07-04T10:00:00+02:00,0.124687
2026-07-04T10:15:00+02:00,0.208854
2026-07-04T10:30:00+02:00,0.228473
2026-07-04T10:45:00+02:00,0.209027
2026-07-04T11:00:00+02:00,0.25
2026-07-04T11:15:00+02:00,0.259463
2026-07-04T11:30:00+02:00,0.135953
2026-07-04T11:45:00+02:00,0.167083
2026-07-04T12:00:00+02:00,0.3125
2026-07-04T12:15:00+02:00,0.259896
2026-07-04T12:30:00+02:00,0.177604
2026-07-04T12:45:00+02:00,0.103958
2026-07-04T13:00:00+02:00,0.4375
2026-07-04T13:15:00+02:00,0.1875
2026-07-04T13:30:00+02:00,0.103679
2026-07-04T13:45:00+02:00,0.167362
2026-07-04T14:00:00+02:00,0.228958
2026-07-04T14:15:00+02:00,0.1875
2026-07-04T14:30:00+02:00,0.333542
2026-07-04T14:45:00+02:00,0.103958
2026-07-04T15:00:00+02:00,0.1875
2026-07-04T15:15:00+02:00,0.1875
2026-07-04T15:30:00+02:00,0.333542
2026-07-04T15:45:00+02:00,0.103958
2026-07-04T16:00:00+02:00,0.395729
2026-07-04T16:15:00+02:00,0.229271
2026-07-04T16:30:00+02:00,0.062431
2026-07-04T16:45:00+02:00,0.187534
2026-07-04T17:00:00+02:00,0.333577
2026-07-04T17:15:00+02:00,0.103923
2026-07-04T17:30:00+02:00,0.24955
2026-07-04T17:45:00+02:00,0.209027
2026-07-04T18:00:00+02:00,0.166458
2026-07-04T18:15:00+02:00,0.1875
2026-07-04T18:30:00+02:00,0.291458
2026-07-04T18:45:00+02:00,0.271042
2026-07-04T19:00:00+02:00,0.103958
2026-07-04T19:15:00+02:00,0.271042
2026-07-04T19:30:00+02:00,0.187431
2026-07-04T19:45:00+02:00,0.187534
2026-07-04T20:00:00+02:00,0.291493
2026-07-04T20:15:00+02:00,0.271042
2026-07-04T20:30:00+02:00,0.124687
2026-07-04T20:45:00+02:00,0.312813
2026-07-04T21:00:00+02:00,0.146042
2026-07-04T21:15:00+02:00,0.103785
2026-07-04T21:30:00+02:00,0.375104
2026-07-04T21:45:00+02:00,0.187534
2026-07-04T22:00:00+02:00,0.145452
2026-07-04T22:15:00+02:00,0.250625
2026-07-04T22:30:00+02:00,0.25
2026-07-04T22:45:00+02:00,0.259463
2026-07-04T23:00:00+02:00,0.135953
2026-07-04T23:15:00+02:00,0.323021
2026-07-04T23:30:00+02:00,0.1142
2026-07-04T23:45:00+02:00,0.167362
2026-07-05T00:00:00+02:00,0.3125
2026-07-05T00:15:00+02:00,0.103958
2026-07-05T00:30:00+02:00,0.333229
2026-07-05T00:45:00+02:00,0.229271
2026-07-05T01:00:00+02:00,0.103958
2026-07-05T01:15:00+02:00,0.322761
2026-07-05T01:30:00+02:00,0.219322
2026-07-05T01:45:00+02:00,0.207917
2026-07-05T02:00:00+02:00,0.125
2026-07-05T02:15:00+02:00,0.167083
2026-07-05T02:30:00+02:00,0.353958
2026-07-05T02:45:00+02:00,0.1875
2026-07-05T03:00:00+02:00,0.20802
2026-07-05T03:15:00+02:00,0.125522
2026-07-05T03:30:00+02:00,0.25
2026-07-05T03:45:00+02:00,0.207917
2026-07-05T04:00:00+02:00,0.104167
2026-07-05T04:15:00+02:00,0.229339
2026-07-05T04:30:00+02:00,0.333577
2026-07-05T04:45:00+02:00,0.207917
2026-07-05T05:00:00+02:00,0.229583
2026-07-05T05:15:00+02:00,0.207917
2026-07-05T05:30:00+02:00,0.125
2026-07-05T05:45:00+02:00,0.271042
2026-07-05T06:00:00+02:00,0.124515
2026-07-05T06:15:00+02:00,0.209027
2026-07-05T06:30:00+02:00,0.187187
2026-07-05T06:45:00+02:00,0.229271
2026-07-05T07:00:00+02:00,0.271042
2026-07-05T07:15:00+02:00,0.155937
2026-07-05T07:30:00+02:00,0.344063
2026-07-05T07:45:00+02:00,0.259896
2026-07-05T08:00:00+02:00,0.219063
2026-07-05T08:15:00+02:00,0.239479
2026-07-05T08:30:00+02:00,0.072881
2026-07-05T08:45:00+02:00,0.187639
2026-07-05T09:00:00+02:00,0.333542
2026-07-05T09:15:00+02:00,0.207917
2026-07-05T09:30:00+02:00,0.145729
2026-07-05T09:45:00+02:00,0.312813
2026-07-05T10:00:00+02:00,0.083126
2026-07-05T10:15:00+02:00,0.333262
2026-07-05T10:30:00+02:00,0.12507
2026-07-05T10:45:00+02:00,0.271042
2026-07-05T11:00:00+02:00,0.249515
2026-07-05T11:15:00+02:00,0.31295
2026-07-05T11:30:00+02:00,0.083264
2026-07-05T11:45:00+02:00,0.229271
2026-07-05T12:00:00+02:00,0.333229
2026-07-05T12:15:00+02:00,0.125313
2026-07-05T12:30:00+02:00,0.25
2026-07-05T12:45:00+02:00,0.155625
2026-07-05T13:00:00+02:00,0.323333
2026-07-05T13:15:00+02:00,0.083542
2026-07-05T13:30:00+02:00,0.416458
2026-07-05T13:45:00+02:00,0.083542
2026-07-05T14:00:00+02:00,0.353958
2026-07-05T14:15:00+02:00,0.1875
2026-07-05T14:30:00+02:00,0.0625
2026-07-05T14:45:00+02:00,0.239479
2026-07-05T15:00:00+02:00,0.323021
2026-07-05T15:15:00+02:00,0.083542
2026-07-05T15:30:00+02:00,0.3125
2026-07-05T15:45:00+02:00,0.207571
2026-07-05T16:00:00+02:00,0.104617
2026-07-05T16:15:00+02:00,0.333229
2026-07-05T16:30:00+02:00,0.166458
2026-07-05T16:45:00+02:00,0.250625
2026-07-05T17:00:00+02:00,0.25
2026-07-05T17:15:00+02:00,0.155937
2026-07-05T17:30:00+02:00,0.281563
2026-07-05T17:45:00+02:00,0.259808
2026-07-05T18:00:00+02:00,0.09415
2026-07-05T18:15:00+02:00,0.343437
2026-07-05T18:30:00+02:00,0.135521
2026-07-05T18:45:00+02:00,0.167083
2026-07-05T19:00:00+02:00,0.228958
2026-07-05T19:15:00+02:00,0.291458
2026-07-05T19:30:00+02:00,0.229583
2026-07-05T19:45:00+02:00,0.259896
2026-07-05T20:00:00+02:00,0.239792
2026-07-05T20:15:00+02:00,0.229271
2026-07-05T20:30:00+02:00,0.146042
2026-07-05T20:45:00+02:00,0.259896
2026-07-05T21:00:00+02:00,0.094063
2026-07-05T21:15:00+02:00,0.291112
2026-07-05T21:30:00+02:00,0.083888
2026-07-05T21:45:00+02:00,0.343437
2026-07-05T22:00:00+02:00,0.219063
2026-07-05T22:15:00+02:00,0.239479
2026-07-05T22:30:00+02:00,0.114479
2026-07-05T22:45:00+02:00,0.167083
2026-07-05T23:00:00+02:00,0.375
2026-07-05T23:15:00+02:00,0.207917
2026-07-05T23:30:00+02:00,0.229062
2026-07-05T23:45:00+02:00,0.125522
2026-07-06T00:00:00+02:00,0.25
2026-07-06T00:15:00+02:00,0.082638
2026-07-06T00:30:00+02:00,0.167362
2026-07-06T00:45:00+02:00,0.228889
2026-07-06T01:00:00+02:00,0.291457
2026-07-06T01:15:00+02:00,0.167154
2026-07-06T01:30:00+02:00,0.259896
2026-07-06T01:45:00+02:00,0.094063
2026-07-06T02:00:00+02:00,0.1875
2026-07-06T02:15:00+02:00,0.375
2026-07-06T02:30:00+02:00,0.083542
2026-07-06T02:45:00+02:00,0.3125
2026-07-06T03:00:00+02:00,0.103958
2026-07-06T03:15:00+02:00,0.333542
2026-07-06T03:30:00+02:00,0.207846
2026-07-06T03:45:00+02:00,0.083472
2026-07-06T04:00:00+02:00,0.343577
2026-07-06T04:15:00+02:00,0.177604
2026-07-06T04:30:00+02:00,0.259896
2026-07-06T04:45:00+02:00,0.177604
2026-07-06T05:00:00+02:00,0.207917
2026-07-06T05:15:00+02:00,0.104062
2026-07-06T05:30:00+02:00,0.437397
2026-07-06T05:45:00+02:00,0.250625
2026-07-06T06:00:00+02:00,0.0
2026-07-06T06:15:00+02:00,30.666875
2026-07-06T06:30:00+02:00,20.589688
2026-07-06T06:45:00+02:00,11.686885
2026-07-06T07:00:00+02:00,18.619053
2026-07-06T07:15:00+02:00,23.77452
2026-07-06T07:30:00+02:00,19.16298
2026-07-06T07:45:00+02:00,24.117708
2026-07-06T08:00:00+02:00,31.795417
2026-07-06T08:15:00+02:00,16.836875
2026-07-06T08:30:00+02:00,24.181988
2026-07-06T08:45:00+02:00,9.814366
2026-07-06T09:00:00+02:00,33.986458
2026-07-06T09:15:00+02:00,19.142188
2026-07-06T09:30:00+02:00,11.747292
2026-07-06T09:45:00+02:00,26.204896
2026-07-06T10:00:00+02:00,19.172813
2026-07-06T10:15:00+02:00,23.951562
2026-07-06T10:30:00+02:00,25.868854
2026-07-06T10:45:00+02:00,1.449688
2026-07-06T11:00:00+02:00,0.448333
2026-07-06T11:15:00+02:00,6.499063
2026-07-06T11:30:00+02:00,13.0325
2026-07-06T11:45:00+02:00,28.201851
2026-07-06T12:00:00+02:00,8.235649
2026-07-06T12:15:00+02:00,24.6875
2026-07-06T12:30:00+02:00,1.766694
2026-07-06T12:45:00+02:00,3.322576
2026-07-06T13:00:00+02:00,11.742917
2026-07-06T13:15:00+02:00,1.730313
2026-07-06T13:30:00+02:00,3.645382
2026-07-06T13:45:00+02:00,6.574837
2026-07-06T14:00:00+02:00,6.574837
2026-07-06T14:15:00+02:00,6.574837
2026-07-06T14:30:00+02:00,6.574837
2026-07-06T14:45:00+02:00,6.574837
2026-07-06T15:00:00+02:00,6.574837
2026-07-06T15:15:00+02:00,6.574837
2026-07-06T15:30:00+02:00,6.574837
2026-07-06T15:45:00+02:00,6.574837
2026-07-06T16:00:00+02:00,4.192006
2026-07-06T16:15:00+02:00,0.489081
2026-07-06T16:30:00+02:00,0.379368
2026-07-06T16:45:00+02:00,3.126882
2026-07-06T17:00:00+02:00,20.52625
2026-07-06T17:15:00+02:00,35.4675
2026-07-06T17:30:00+02:00,23.465
2026-07-06T17:45:00+02:00,15.535
2026-07-06T18:00:00+02:00,23.125
2026-07-06T18:15:00+02:00,35.085795
2026-07-06T18:30:00+02:00,23.345445
2026-07-06T18:45:00+02:00,11.89751
2026-07-06T19:00:00+02:00,35.026491
2026-07-06T19:15:00+02:00,11.911009
2026-07-06T19:30:00+02:00,34.884228
2026-07-06T19:45:00+02:00,19.099522
2026-07-06T20:00:00+02:00,23.927379
2026-07-06T20:15:00+02:00,27.195121
2026-07-06T20:30:00+02:00,22.995636
2026-07-06T20:45:00+02:00,11.786864
2026-07-06T21:00:00+02:00,35.0025
2026-07-06T21:15:00+02:00,7.875
2026-07-06T21:30:00+02:00,28.7075
2026-07-06T21:45:00+02:00,5.68375
2026-07-06T22:00:00+02:00,2.89375
2026-07-06T22:15:00+02:00,5.29
2026-07-06T22:30:00+02:00,12.58
2026-07-06T22:45:00+02:00,19.35125
2026-07-06T23:00:00+02:00,6.33625
2026-07-06T23:15:00+02:00,10.21
2026-07-06T23:30:00+02:00,19.188502
2026-07-06T23:45:00+02:00,8.423998
2026-07-07T00:00:00+02:00,12.3025
2026-07-07T00:15:00+02:00,16.25
2026-07-07T00:30:00+02:00,7.6475
2026-07-07T00:45:00+02:00,2.479892
2026-07-07T01:00:00+02:00,0.185108
2026-07-07T01:15:00+02:00,25.42125
2026-07-07T01:30:00+02:00,18.70375
2026-07-07T01:45:00+02:00,9.4025
2026-07-07T02:00:00+02:00,18.2225
2026-07-07T02:15:00+02:00,28.5625
2026-07-07T02:30:00+02:00,18.971298
2026-07-07T02:45:00+02:00,6.438702
2026-07-07T03:00:00+02:00,19.075
2026-07-07T03:15:00+02:00,22.145843
2026-07-07T03:30:00+02:00,18.994157
2026-07-07T03:45:00+02:00,19.6
2026-07-07T04:00:00+02:00,18.9625
2026-07-07T04:15:00+02:00,26.75
2026-07-07T04:30:00+02:00,20.52
2026-07-07T04:45:00+02:00,23.09625
2026-07-07T05:00:00+02:00,19.92375
2026-07-07T05:15:00+02:00,9.85625
2026-07-07T05:30:00+02:00,28.89125
2026-07-07T05:45:00+02:00,9.958744
2026-07-07T06:00:00+02:00,19.503756
2026-07-07T06:15:00+02:00,16.423045
2026-07-07T06:30:00+02:00,20.398846
2026-07-07T06:45:00+02:00,3.365609
2026-07-07T07:00:00+02:00,0.0
2026-07-07T07:15:00+02:00,5.8125
2026-07-07T07:30:00+02:00,10.7825
2026-07-07T07:45:00+02:00,36.98125
2026-07-07T08:00:00+02:00,11.42375
2026-07-07T08:15:00+02:00,18.41625
2026-07-07T08:30:00+02:00,9.023434
2026-07-07T08:45:00+02:00,0.762816
2026-07-07T09:00:00+02:00,1.11
2026-07-07T09:15:00+02:00,5.875
2026-07-07T09:30:00+02:00,5.225
2026-07-07T09:45:00+02:00,5.87
2026-07-07T10:00:00+02:00,2.405
2026-07-07T10:15:00+02:00,6.625
2026-07-07T10:30:00+02:00,5.035
2026-07-07T10:45:00+02:00,3.29625
2026-07-07T11:00:00+02:00,7.37375
2026-07-07T11:15:00+02:00,4.1075
2026-07-07T11:30:00+02:00,5.035
2026-07-07T11:45:00+02:00,3.277188
2026-07-07T12:00:00+02:00,4.812812
2026-07-07T12:15:00+02:00,5.0025
2026-07-07T12:30:00+02:00,7.323311
2026-07-07T12:45:00+02:00,4.894189
2026-07-07T13:00:00+02:00,4.9225
2026-07-07T13:15:00+02:00,4.1075
2026-07-07T13:30:00+02:00,5.0825
2026-07-07T13:45:00+02:00,4.9175
2026-07-07T14:00:00+02:00,2.5175
2026-07-07T14:15:00+02:00,8.015
2026-07-07T14:30:00+02:00,4.875
2026-07-07T14:45:00+02:00,3.905
2026-07-07T15:00:00+02:00,2.4225
2026-07-07T15:15:00+02:00,6.9525
2026-07-07T15:30:00+02:00,2.516173
2026-07-07T15:45:00+02:00,1.046327
2026-07-07T16:00:00+02:00,0.047475
2026-07-07T16:15:00+02:00,8.720025
2026-07-07T16:30:00+02:00,40.2375
2026-07-07T16:45:00+02:00,15.76875
2026-07-07T17:00:00+02:00,46.43375
2026-07-07T17:15:00+02:00,31.758902
2026-07-07T17:30:00+02:00,31.713598
2026-07-07T17:45:00+02:00,26.195
2026-07-07T18:00:00+02:00,16.1025
2026-07-07T18:15:00+02:00,53.1125
2026-07-07T18:30:00+02:00,32.155
2026-07-07T18:45:00+02:00,31.88875
2026-07-07T19:00:00+02:00,15.67875
2026-07-07T19:15:00+02:00,42.5625
2026-07-07T19:30:00+02:00,33.184996
2026-07-07T19:45:00+02:00,21.845004
2026-07-07T20:00:00+02:00,48.927259
2026-07-07T20:15:00+02:00,16.375241
2026-07-07T20:30:00+02:00,31.5425
2026-07-07T20:45:00+02:00,45.96
2026-07-07T21:00:00+02:00,15.54
2026-07-07T21:15:00+02:00,43.6875
2026-07-07T21:30:00+02:00,32.965
2026-07-07T21:45:00+02:00,32.0975
2026-07-07T22:00:00+02:00,32.68
2026-07-07T22:15:00+02:00,31.32
2026-07-07T22:30:00+02:00,31.855697
2026-07-07T22:45:00+02:00,15.541803
2026-07-07T23:00:00+02:00,30.951814
2026-07-07T23:15:00+02:00,5.213186
2026-07-07T23:30:00+02:00,5.795
2026-07-07T23:45:00+02:00,14.29589
2026-07-08T00:00:00+02:00,7.03411
2026-07-08T00:15:00+02:00,21.16875
2026-07-08T00:30:00+02:00,13.440027
2026-07-08T00:45:00+02:00,13.386223
2026-07-08T01:00:00+02:00,6.5675
2026-07-08T01:15:00+02:00,19.9
2026-07-08T01:30:00+02:00,6.475
2026-07-08T01:45:00+02:00,13.31125
2026-07-08T02:00:00+02:00,12.62625
2026-07-08T02:15:00+02:00,16.4375
2026-07-08T02:30:00+02:00,12.4925
2026-07-08T02:45:00+02:00,13.7725
2026-07-08T03:00:00+02:00,5.735
2026-07-08T03:15:00+02:00,17.61
2026-07-08T03:30:00+02:00,11.849963
2026-07-08T03:45:00+02:00,13.143787
2026-07-08T04:00:00+02:00,6.52125
2026-07-08T04:15:00+02:00,18.690213
2026-07-08T04:30:00+02:00,2.872287
2026-07-08T04:45:00+02:00,0.32875
2026-07-08T05:00:00+02:00,0.04625
2026-07-08T05:15:00+02:00,3.64875
2026-07-08T05:30:00+02:00,23.81625
2026-07-08T05:45:00+02:00,14.03
2026-07-08T06:00:00+02:00,41.82
2026-07-08T06:15:00+02:00,27.94625
2026-07-08T06:30:00+02:00,27.56375
2026-07-08T06:45:00+02:00,27.75125
2026-07-08T07:00:00+02:00,27.13125
2026-07-08T07:15:00+02:00,4.985
2026-07-08T07:30:00+02:00,0.37
2026-07-08T07:45:00+02:00,0.5
2026-07-08T08:00:00+02:00,3.841098
2026-07-08T08:15:00+02:00,37.846402
2026-07-08T08:30:00+02:00,12.248539
2026-07-08T08:45:00+02:00,4.876461
2026-07-08T09:00:00+02:00,0.2375
2026-07-08T09:15:00+02:00,0.54625
2026-07-08T09:30:00+02:00,1.34125
2026-07-08T09:45:00+02:00,16.405
2026-07-08T10:00:00+02:00,28.1575
2026-07-08T10:15:00+02:00,18.3125
2026-07-08T10:30:00+02:00,18.7625
2026-07-08T10:45:00+02:00,12.295
2026-07-08T11:00:00+02:00,27.345
2026-07-08T11:15:00+02:00,6.096039
2026-07-08T11:30:00+02:00,28.411461
2026-07-08T11:45:00+02:00,9.42125
2026-07-08T12:00:00+02:00,13.94625
2026-07-08T12:15:00+02:00,1.91
2026-07-08T12:30:00+02:00,0.38
2026-07-08T12:45:00+02:00,10.495
2026-07-08T13:00:00+02:00,8.2175
2026-07-08T13:15:00+02:00,15.27125
2026-07-08T13:30:00+02:00,14.86125
2026-07-08T13:45:00+02:00,22.4
2026-07-08T14:00:00+02:00,15.485
2026-07-08T14:15:00+02:00,15.14
2026-07-08T14:30:00+02:00,15.7225
2026-07-08T14:45:00+02:00,11.34
2026-07-08T15:00:00+02:00,0.2375
2026-07-08T15:15:00+02:00,0.2
2026-07-08T15:30:00+02:00,11.685
2026-07-08T15:45:00+02:00,17.94
2026-07-08T16:00:00+02:00,21.1375
2026-07-08T16:15:00+02:00,20.6125
2026-07-08T16:30:00+02:00,21.078881
2026-07-08T16:45:00+02:00,10.246119
2026-07-08T17:00:00+02:00,30.8375
2026-07-08T17:15:00+02:00,10.11625
2026-07-08T17:30:00+02:00,20.62375
2026-07-08T17:45:00+02:00,30.91
2026-07-08T18:00:00+02:00,21.2325
2026-07-08T18:15:00+02:00,11.925
2026-07-08T18:30:00+02:00,0.4725
2026-07-08T18:45:00+02:00,0.20125
2026-07-08T19:00:00+02:00,0.65875
2026-07-08T19:15:00+02:00,1.468055
2026-07-08T19:30:00+02:00,0.416945
2026-07-08T19:45:00+02:00,2.75
2026-07-08T20:00:00+02:00,8.687917
2026-07-08T20:15:00+02:00,9.992083
2026-07-08T20:30:00+02:00,8.345
2026-07-08T20:45:00+02:00,8.541569
2026-07-08T21:00:00+02:00,4.308431
2026-07-08T21:15:00+02:00,11.6875
2026-07-08T21:30:00+02:00,4.085
2026-07-08T21:45:00+02:00,9.745
2026-07-08T22:00:00+02:00,8.2325
2026-07-08T22:15:00+02:00,8.33
2026-07-08T22:30:00+02:00,12.08
2026-07-08T22:45:00+02:00,6.34
2026-07-08T23:00:00+02:00,7.87188
2026-07-08T23:15:00+02:00,7.75312
2026-07-08T23:30:00+02:00,7.3625
2026-07-08T23:45:00+02:00,7.9975
2026-07-09T00:00:00+02:00,1.2025
2026-07-09T00:15:00+02:00,0.332325
2026-07-09T00:30:00+02:00,3.280175
2026-07-09T00:45:00+02:00,15.295882
2026-07-09T01:00:00+02:00,13.697868
2026-07-09T01:15:00+02:00,6.70625
2026-07-09T01:30:00+02:00,19.85375
2026-07-09T01:45:00+02:00,6.52125
2026-07-09T02:00:00+02:00,13.79625
2026-07-09T02:15:00+02:00,20.76375
2026-07-09T02:30:00+02:00,13.667329
2026-07-09T02:45:00+02:00,6.710171
2026-07-09T03:00:00+02:00,18.0625
2026-07-09T03:15:00+02:00,13.862688
2026-07-09T03:30:00+02:00,9.148562
2026-07-09T03:45:00+02:00,20.62875
2026-07-09T04:00:00+02:00,7.0775
2026-07-09T04:15:00+02:00,20.955
2026-07-09T04:30:00+02:00,7.0425
2026-07-09T04:45:00+02:00,13.5975
2026-07-09T05:00:00+02:00,5.828673
2026-07-09T05:15:00+02:00,0.046327
2026-07-09T05:30:00+02:00,1.485
2026-07-09T05:45:00+02:00,3.515
2026-07-09T06:00:00+02:00,15.0625
2026-07-09T06:15:00+02:00,11.1625
2026-07-09T06:30:00+02:00,12.785
2026-07-09T06:45:00+02:00,11.0175
2026-07-09T07:00:00+02:00,9.0975
2026-07-09T07:15:00+02:00,5.605
2026-07-09T07:30:00+02:00,3.57375
2026-07-09T07:45:00+02:00,13.82625
2026-07-09T08:00:00+02:00,17.3275
2026-07-09T08:15:00+02:00,17.1575
2026-07-09T08:30:00+02:00,17.140947
2026-07-09T08:45:00+02:00,15.366553
2026-07-09T09:00:00+02:00,2.40125
2026-07-09T09:15:00+02:00,2.07375
2026-07-09T09:30:00+02:00,26.58875
2026-07-09T09:45:00+02:00,14.93875
2026-07-09T10:00:00+02:00,40.75
2026-07-09T10:15:00+02:00,15.675
2026-07-09T10:30:00+02:00,51.067408
2026-07-09T10:45:00+02:00,15.132592
2026-07-09T11:00:00+02:00,46.0475
2026-07-09T11:15:00+02:00,30.773839
2026-07-09T11:30:00+02:00,30.807411
2026-07-09T11:45:00+02:00,31.52672
2026-07-09T12:00:00+02:00,16.72703
2026-07-09T12:15:00+02:00,50.61802
2026-07-09T12:30:00+02:00,28.99948
2026-07-09T12:45:00+02:00,34.01
2026-07-09T13:00:00+02:00,38.94875
2026-07-09T13:15:00+02:00,33.60875
2026-07-09T13:30:00+02:00,33.80125
2026-07-09T13:45:00+02:00,34.45625
2026-07-09T14:00:00+02:00,33.9925
2026-07-09T14:15:00+02:00,16.5575
2026-07-09T14:30:00+02:00,33.885
2026-07-09T14:45:00+02:00,49.902022
2026-07-09T15:00:00+02:00,10.992978
2026-07-09T15:15:00+02:00,49.44
2026-07-09T15:30:00+02:00,16.29875
2026-07-09T15:45:00+02:00,33.28125
2026-07-09T16:00:00+02:00,50.325
2026-07-09T16:15:00+02:00,17.5275
2026-07-09T16:30:00+02:00,51.91
2026-07-09T16:45:00+02:00,35.653694
2026-07-09T17:00:00+02:00,40.126464
2026-07-09T17:15:00+02:00,16.844842
2026-07-09T17:30:00+02:00,45.5625
2026-07-09T17:45:00+02:00,35.15
2026-07-09T18:00:00+02:00,17.13245
2026-07-09T18:15:00+02:00,52.57255
2026-07-09T18:30:00+02:00,22.99125
2026-07-09T18:45:00+02:00,51.05375
2026-07-09T19:00:00+02:00,10.49625
2026-07-09T19:15:00+02:00,14.29125
2026-07-09T19:30:00+02:00,3.07125
2026-07-09T19:45:00+02:00,8.74125
2026-07-09T20:00:00+02:00,31.1875
2026-07-09T20:15:00+02:00,26.03411
2026-07-09T20:30:00+02:00,24.65339
2026-07-09T20:45:00+02:00,24.51
2026-07-09T21:00:00+02:00,27.910388
2026-07-09T21:15:00+02:00,23.737112
2026-07-09T21:30:00+02:00,12.035
2026-07-09T21:45:00+02:00,35.7025
2026-07-09T22:00:00+02:00,7.96625
2026-07-09T22:15:00+02:00,35.78375
2026-07-09T22:30:00+02:00,27.67
2026-07-09T22:45:00+02:00,23.765
2026-07-09T23:00:00+02:00,19.6075
2026-07-09T23:15:00+02:00,11.9225
2026-07-09T23:30:00+02:00,39.14
2026-07-09T23:45:00+02:00,11.5625
2026-07-10T00:00:00+02:00,24.5075
2026-07-10T00:15:00+02:00,35.8875
2026-07-10T00:30:00+02:00,8.42125
2026-07-10T00:45:00+02:00,12.99625
2026-07-10T01:00:00+02:00,0.69
2026-07-10T01:15:00+02:00,0.185
2026-07-10T01:30:00+02:00,0.5
2026-07-10T01:45:00+02:00,0.095
2026-07-10T02:00:00+02:00,0.53
2026-07-10T02:15:00+02:00,0.095
2026-07-10T02:30:00+02:00,0.2175
2026-07-10T02:45:00+02:00,0.19
2026-07-10T03:00:00+02:00,0.2175
2026-07-10T03:15:00+02:00,0.1875
2026-07-10T03:30:00+02:00,0.095
2026-07-10T03:45:00+02:00,0.185
2026-07-10T04:00:00+02:00,0.1575
2026-07-10T04:15:00+02:00,0.282184
2026-07-10T04:30:00+02:00,0.185316
2026-07-10T04:45:00+02:00,0.19
2026-07-10T05:00:00+02:00,0.217346
2026-07-10T05:15:00+02:00,0.092654
2026-07-10T05:30:00+02:00,0.25
2026-07-10T05:45:00+02:00,0.095
2026-07-10T06:00:00+02:00,0.2175
2026-07-10T06:15:00+02:00,0.095
2026-07-10T06:30:00+02:00,0.3125
2026-07-10T06:45:00+02:00,0.1875
2026-07-10T07:00:00+02:00,0.155
2026-07-10T07:15:00+02:00,0.189684
2026-07-10T07:30:00+02:00,0.092816
2026-07-10T07:45:00+02:00,0.33
2026-07-10T08:00:00+02:00,0.12375
2026-07-10T08:15:00+02:00,0.28125
2026-07-10T08:30:00+02:00,0.21875
2026-07-10T08:45:00+02:00,0.23375
2026-07-10T09:00:00+02:00,0.22
2026-07-10T09:15:00+02:00,0.28
2026-07-10T09:30:00+02:00,0.25
2026-07-10T09:45:00+02:00,0.1875
2026-07-10T10:00:00+02:00,0.2175
2026-07-10T10:15:00+02:00,0.1899
2026-07-10T10:30:00+02:00,0.140964
2026-07-10T10:45:00+02:00,0.231636
2026-07-10T11:00:00+02:00,0.157446
2026-07-10T11:15:00+02:00,0.329929
2026-07-10T11:30:00+02:00,0.107625
2026-07-10T11:45:00+02:00,0.2825
2026-07-10T12:00:00+02:00,0.10875
2026-07-10T12:15:00+02:00,0.28125
2026-07-10T12:30:00+02:00,0.250864
2026-07-10T12:45:00+02:00,0.326636
2026-07-10T13:00:00+02:00,0.20375
2026-07-10T13:15:00+02:00,0.23375
2026-07-10T13:30:00+02:00,0.11125
2026-07-10T13:45:00+02:00,0.32625
2026-07-10T14:00:00+02:00,0.095
2026-07-10T14:15:00+02:00,0.28
2026-07-10T14:30:00+02:00,0.095
2026-07-10T14:45:00+02:00,0.28
2026-07-10T15:00:00+02:00,0.095
2026-07-10T15:15:00+02:00,0.185
2026-07-10T15:30:00+02:00,0.2825
2026-07-10T15:45:00+02:00,0.14
2026-07-10T16:00:00+02:00,0.079892
2026-07-10T16:15:00+02:00,0.185108
2026-07-10T16:30:00+02:00,0.19
2026-07-10T16:45:00+02:00,0.185
2026-07-10T17:00:00+02:00,0.25
2026-07-10T17:15:00+02:00,0.2375
2026-07-10T17:30:00+02:00,0.2
2026-07-10T17:45:00+02:00,0.142263
2026-07-10T18:00:00+02:00,0.202737
2026-07-10T18:15:00+02:00,0.0925
2026-07-10T18:30:00+02:00,0.282346
2026-07-10T18:45:00+02:00,0.187654
2026-07-10T19:00:00+02:00,0.171223
2026-07-10T19:15:00+02:00,0.046277
2026-07-10T19:30:00+02:00,0.25
2026-07-10T19:45:00+02:00,0.189684
2026-07-10T20:00:00+02:00,0.109066
2026-07-10T20:15:00+02:00,0.13875
2026-07-10T20:30:00+02:00,0.2825
2026-07-10T20:45:00+02:00,0.0925
2026-07-10T21:00:00+02:00,0.3125
2026-07-10T21:15:00+02:00,0.1425
2026-07-10T21:30:00+02:00,0.17
2026-07-10T21:45:00+02:00,0.19
2026-07-10T22:00:00+02:00,0.185
2026-07-10T22:15:00+02:00,0.19
2026-07-10T22:30:00+02:00,0.217446
2026-07-10T22:45:00+02:00,0.092554
2026-07-10T23:00:00+02:00,0.1275
2026-07-10T23:15:00+02:00,0.185
2026-07-10T23:30:00+02:00,0.19
2026-07-10T23:45:00+02:00,0.185
2026-07-11T00:00:00+02:00,0.25
2026-07-11T00:15:00+02:00,0.19
2026-07-11T00:30:00+02:00,0.141115
2026-07-11T00:45:00+02:00,0.326335
2026-07-11T01:00:00+02:00,0.12505
2026-07-11T01:15:00+02:00,0.1875
2026-07-11T01:30:00+02:00,0.094892
2026-07-11T01:45:00+02:00,0.185108
2026-07-11T02:00:00+02:00,0.2825
2026-07-11T02:15:00+02:00,0.0925
2026-07-11T02:30:00+02:00,0.2825
2026-07-11T02:45:00+02:00,0.1875
2026-07-11T03:00:00+02:00,0.187346
2026-07-11T03:15:00+02:00,0.187654
2026-07-11T03:30:00+02:00,0.0925
2026-07-11T03:45:00+02:00,0.19
2026-07-11T04:00:00+02:00,0.217346
2026-07-11T04:15:00+02:00,0.092654
2026-07-11T04:30:00+02:00,0.344946
2026-07-11T04:45:00+02:00,0.187504
2026-07-11T05:00:00+02:00,0.15505
2026-07-11T05:15:00+02:00,0.19
2026-07-11T05:30:00+02:00,0.125
2026-07-11T05:45:00+02:00,0.28
2026-07-11T06:00:00+02:00,0.078518
2026-07-11T06:15:00+02:00,0.233982
2026-07-11T06:30:00+02:00,0.0625
2026-07-11T06:45:00+02:00,0.1875
2026-07-11T07:00:00+02:00,0.22
2026-07-11T07:15:00+02:00,0.28
2026-07-11T07:30:00+02:00,0.125
2026-07-11T07:45:00+02:00,0.187342
2026-07-11T08:00:00+02:00,0.250158
2026-07-11T08:15:00+02:00,0.0925
2026-07-11T08:30:00+02:00,0.26625
2026-07-11T08:45:00+02:00,0.04625
2026-07-11T09:00:00+02:00,0.25
2026-07-11T09:15:00+02:00,0.095
2026-07-11T09:30:00+02:00,0.28
2026-07-11T09:45:00+02:00,0.1425
2026-07-11T10:00:00+02:00,0.11
2026-07-11T10:15:00+02:00,0.28
2026-07-11T10:30:00+02:00,0.07875
2026-07-11T10:45:00+02:00,0.13875
2026-07-11T11:00:00+02:00,0.19
2026-07-11T11:15:00+02:00,0.185
2026-07-11T11:30:00+02:00,0.14375
2026-07-11T11:45:00+02:00,0.32625
2026-07-11T12:00:00+02:00,0.07875
2026-07-11T12:15:00+02:00,0.13875
2026-07-11T12:30:00+02:00,0.157346
2026-07-11T12:45:00+02:00,0.282654
2026-07-11T13:00:00+02:00,0.124892
2026-07-11T13:15:00+02:00,0.185108
2026-07-11T13:30:00+02:00,0.189691
2026-07-11T13:45:00+02:00,0.185309
2026-07-11T14:00:00+02:00,0.1275
2026-07-11T14:15:00+02:00,0.185
2026-07-11T14:30:00+02:00,0.19
2026-07-11T14:45:00+02:00,0.28
2026-07-11T15:00:00+02:00,0.094892
2026-07-11T15:15:00+02:00,0.185108
2026-07-11T15:30:00+02:00,0.3125
2026-07-11T15:45:00+02:00,0.0475
2026-07-11T16:00:00+02:00,0.1725
2026-07-11T16:15:00+02:00,0.2825
2026-07-11T16:30:00+02:00,0.2175
2026-07-11T16:45:00+02:00,0.0925
2026-07-11T17:00:00+02:00,0.189892
2026-07-11T17:15:00+02:00,0.185108
2026-07-11T17:30:00+02:00,0.25
2026-07-11T17:45:00+02:00,0.189684
2026-07-11T18:00:00+02:00,0.109066
2026-07-11T18:15:00+02:00,0.13875
2026-07-11T18:30:00+02:00,0.203673
2026-07-11T18:45:00+02:00,0.236327
2026-07-11T19:00:00+02:00,0.28
2026-07-11T19:15:00+02:00,0.0925
2026-07-11T19:30:00+02:00,0.25
2026-07-11T19:45:00+02:00,0.19
2026-07-11T20:00:00+02:00,0.10875
2026-07-11T20:15:00+02:00,0.13875
2026-07-11T20:30:00+02:00,0.25
2026-07-11T20:45:00+02:00,0.095
2026-07-11T21:00:00+02:00,0.22
2026-07-11T21:15:00+02:00,0.279842
2026-07-11T21:30:00+02:00,0.171408
2026-07-11T21:45:00+02:00,0.141092
2026-07-11T22:00:00+02:00,0.155158
2026-07-11T22:15:00+02:00,0.19
2026-07-11T22:30:00+02:00,0.23375
2026-07-11T22:45:00+02:00,0.13875
2026-07-11T23:00:00+02:00,0.25
2026-07-11T23:15:00+02:00,0.19
2026-07-11T23:30:00+02:00,0.1225
2026-07-11T23:45:00+02:00,0.19
2026-07-12T00:00:00+02:00,0.125
2026-07-12T00:15:00+02:00,0.28
2026-07-12T00:30:00+02:00,0.094892
2026-07-12T00:45:00+02:00,0.280058
2026-07-12T01:00:00+02:00,0.078719
2026-07-12T01:15:00+02:00,0.138831
2026-07-12T01:30:00+02:00,0.282446
2026-07-12T01:45:00+02:00,0.092554
2026-07-12T02:00:00+02:00,0.19
2026-07-12T02:15:00+02:00,0.3275
2026-07-12T02:30:00+02:00,0.2025
2026-07-12T02:45:00+02:00,0.1875
2026-07-12T03:00:00+02:00,0.095
2026-07-12T03:15:00+02:00,0.185
2026-07-12T03:30:00+02:00,0.1275
2026-07-12T03:45:00+02:00,0.28
2026-07-12T04:00:00+02:00,0.1875
2026-07-12T04:15:00+02:00,0.1875
2026-07-12T04:30:00+02:00,0.155
2026-07-12T04:45:00+02:00,0.19
2026-07-12T05:00:00+02:00,0.0925
2026-07-12T05:15:00+02:00,0.14
2026-07-12T05:30:00+02:00,0.2975
2026-07-12T05:45:00+02:00,0.0925
2026-07-12T06:00:00+02:00,0.3125
2026-07-12T06:15:00+02:00,0.094842
2026-07-12T06:30:00+02:00,0.220158
2026-07-12T06:45:00+02:00,0.185
2026-07-12T07:00:00+02:00,0.219846
2026-07-12T07:15:00+02:00,0.187654
2026-07-12T07:30:00+02:00,0.062446
2026-07-12T07:45:00+02:00,0.282454
2026-07-12T08:00:00+02:00,0.2176
2026-07-12T08:15:00+02:00,0.0925
2026-07-12T08:30:00+02:00,0.22
2026-07-12T08:45:00+02:00,0.0925
2026-07-12T09:00:00+02:00,0.2825
2026-07-12T09:15:00+02:00,0.1875
2026-07-12T09:30:00+02:00,0.07875
2026-07-12T09:45:00+02:00,0.23375
2026-07-12T10:00:00+02:00,0.312346
2026-07-12T10:15:00+02:00,0.140154
2026-07-12T10:30:00+02:00,0.14
2026-07-12T10:45:00+02:00,0.1899
2026-07-12T11:00:00+02:00,0.1251
2026-07-12T11:15:00+02:00,0.185
2026-07-12T11:30:00+02:00,0.189892
2026-07-12T11:45:00+02:00,0.280058
2026-07-12T12:00:00+02:00,0.18755
2026-07-12T12:15:00+02:00,0.1875
2026-07-12T12:30:00+02:00,0.07875
2026-07-12T12:45:00+02:00,0.23375
2026-07-12T13:00:00+02:00,0.155
2026-07-12T13:15:00+02:00,0.2375
2026-07-12T13:30:00+02:00,0.14
2026-07-12T13:45:00+02:00,0.28
2026-07-12T14:00:00+02:00,0.095
2026-07-12T14:15:00+02:00,0.28
2026-07-12T14:30:00+02:00,0.187346
2026-07-12T14:45:00+02:00,0.092654
2026-07-12T15:00:00+02:00,0.26625
2026-07-12T15:15:00+02:00,0.14125
2026-07-12T15:30:00+02:00,0.095
2026-07-12T15:45:00+02:00,0.185
2026-07-12T16:00:00+02:00,0.25
2026-07-12T16:15:00+02:00,0.095
2026-07-12T16:30:00+02:00,0.219691
2026-07-12T16:45:00+02:00,0.185309
2026-07-12T17:00:00+02:00,0.345
2026-07-12T17:15:00+02:00,0.1875
2026-07-12T17:30:00+02:00,0.1875
2026-07-12T17:45:00+02:00,0.0925
2026-07-12T18:00:00+02:00,0.2825
2026-07-12T18:15:00+02:00,0.0925
2026-07-12T18:30:00+02:00,0.1575
2026-07-12T18:45:00+02:00,0.234763
2026-07-12T19:00:00+02:00,0.110237
2026-07-12T19:15:00+02:00,0.28
2026-07-12T19:30:00+02:00,0.1875
2026-07-12T19:45:00+02:00,0.0925
2026-07-12T20:00:00+02:00,0.25
2026-07-12T20:15:00+02:00,0.2375
2026-07-12T20:30:00+02:00,0.1375
2026-07-12T20:45:00+02:00,0.19
2026-07-12T21:00:00+02:00,0.124691
2026-07-12T21:15:00+02:00,0.280309
2026-07-12T21:30:00+02:00,0.17125
2026-07-12T21:45:00+02:00,0.14125
2026-07-12T22:00:00+02:00,0.155
2026-07-12T22:15:00+02:00,0.095
2026-07-12T22:30:00+02:00,0.3125
2026-07-12T22:45:00+02:00,0.1875
2026-07-12T23:00:00+02:00,0.07875
2026-07-12T23:15:00+02:00,0.23375
2026-07-12T23:30:00+02:00,0.094691
2026-07-12T23:45:00+02:00,0.185309
2026-07-13T00:00:00+02:00,0.3125
2026-07-13T00:15:00+02:00,0.095
2026-07-13T00:30:00+02:00,0.28
2026-07-13T00:45:00+02:00,0.1425
2026-07-13T01:00:00+02:00,0.17
2026-07-13T01:15:00+02:00,0.094842
2026-07-13T01:30:00+02:00,0.187658
2026-07-13T01:45:00+02:00,0.2825
2026-07-13T02:00:00+02:00,0.108518
2026-07-13T02:15:00+02:00,0.233824
2026-07-13T02:30:00+02:00,0.187658
2026-07-13T02:45:00+02:00,0.0925
2026-07-13T03:00:00+02:00,0.2825
2026-07-13T03:15:00+02:00,0.1875
2026-07-13T03:30:00+02:00,0.078518
2026-07-13T03:45:00+02:00,0.281482
2026-07-13T04:00:00+02:00,0.17
2026-07-13T04:15:00+02:00,0.1899
2026-07-13T04:30:00+02:00,0.1251
2026-07-13T04:45:00+02:00,0.28
2026-07-13T05:00:00+02:00,0.155
2026-07-13T05:15:00+02:00,0.19
2026-07-13T05:30:00+02:00,0.125
2026-07-13T05:45:00+02:00,0.185
2026-07-13T06:00:00+02:00,0.25
2026-07-13T06:15:00+02:00,0.1425
2026-07-13T06:30:00+02:00,7.76125
2026-07-13T06:45:00+02:00,35.36875
2026-07-13T07:00:00+02:00,26.399245
2026-07-13T07:15:00+02:00,13.203255
2026-07-13T07:30:00+02:00,40.4275
2026-07-13T07:45:00+02:00,26.6725
2026-07-13T08:00:00+02:00,24.04875
2026-07-13T08:15:00+02:00,5.22625
2026-07-13T08:30:00+02:00,0.125
2026-07-13T08:45:00+02:00,0.0475
2026-07-13T09:00:00+02:00,31.35125
2026-07-13T09:15:00+02:00,28.58375
2026-07-13T09:30:00+02:00,27.34125
2026-07-13T09:45:00+02:00,27.56375
2026-07-13T10:00:00+02:00,22.925
2026-07-13T10:15:00+02:00,6.175
2026-07-13T10:30:00+02:00,2.6375
2026-07-13T10:45:00+02:00,0.57
2026-07-13T11:00:00+02:00,5.7025
2026-07-13T11:15:00+02:00,16.616643
2026-07-13T11:30:00+02:00,26.718357
2026-07-13T11:45:00+02:00,7.955
2026-07-13T12:00:00+02:00,21.375
2026-07-13T12:15:00+02:00,8.2175
2026-07-13T12:30:00+02:00,24.22
2026-07-13T12:45:00+02:00,16.188961
2026-07-13T13:00:00+02:00,7.872913
2026-07-13T13:15:00+02:00,23.835626
2026-07-13T13:30:00+02:00,10.565
2026-07-13T13:45:00+02:00,15.725
2026-07-13T14:00:00+02:00,16.1475
2026-07-13T14:15:00+02:00,15.54
2026-07-13T14:30:00+02:00,13.15125
2026-07-13T14:45:00+02:00,23.54125
2026-07-13T15:00:00+02:00,15.4325
2026-07-13T15:15:00+02:00,15.865
2026-07-13T15:30:00+02:00,15.5725
2026-07-13T15:45:00+02:00,8.023268
2026-07-13T16:00:00+02:00,18.450482
2026-07-13T16:15:00+02:00,15.40125
2026-07-13T16:30:00+02:00,20.75
2026-07-13T16:45:00+02:00,16.0075
2026-07-13T17:00:00+02:00,10.408193
2026-07-13T17:15:00+02:00,23.171807
2026-07-13T17:30:00+02:00,7.82125
2026-07-13T17:45:00+02:00,23.10125
2026-07-13T18:00:00+02:00,7.70625
2026-07-13T18:15:00+02:00,22.49375
2026-07-13T18:30:00+02:00,5.09625
2026-07-13T18:45:00+02:00,13.14125
2026-07-13T19:00:00+02:00,2.080682
2026-07-13T19:15:00+02:00,0.971818
2026-07-13T19:30:00+02:00,17.92625
2026-07-13T19:45:00+02:00,28.75125
2026-07-13T20:00:00+02:00,6.59625
2026-07-13T20:15:00+02:00,20.11125
2026-07-13T20:30:00+02:00,11.64625
2026-07-13T20:45:00+02:00,2.86625
2026-07-13T21:00:00+02:00,6.14625
2026-07-13T21:15:00+02:00,24.31625
2026-07-13T21:30:00+02:00,8.446031
2026-07-13T21:45:00+02:00,16.631469
2026-07-13T22:00:00+02:00,21.9375
2026-07-13T22:15:00+02:00,16.53
2026-07-13T22:30:00+02:00,8.12391
2026-07-13T22:45:00+02:00,25.1372
2026-07-13T23:00:00+02:00,11.21639
2026-07-13T23:15:00+02:00,25.2925
2026-07-13T23:30:00+02:00,14.075
2026-07-13T23:45:00+02:00,8.962562
2026-07-14T00:00:00+02:00,26.724938
2026-07-14T00:15:00+02:00,18.22125
2026-07-14T00:30:00+02:00,26.79125
2026-07-14T00:45:00+02:00,9.21375
2026-07-14T01:00:00+02:00,27.24068
2026-07-14T01:15:00+02:00,15.40807
2026-07-14T01:30:00+02:00,18.399334
2026-07-14T01:45:00+02:00,12.058166
2026-07-14T02:00:00+02:00,26.93
2026-07-14T02:15:00+02:00,15.05
2026-07-14T02:30:00+02:00,18.43
2026-07-14T02:45:00+02:00,8.795793
2026-07-14T03:00:00+02:00,26.241707
2026-07-14T03:15:00+02:00,20.28614
2026-07-14T03:30:00+02:00,8.74636
2026-07-14T03:45:00+02:00,26.313748
2026-07-14T04:00:00+02:00,8.561252
2026-07-14T04:15:00+02:00,17.54
2026-07-14T04:30:00+02:00,17.3575
2026-07-14T04:45:00+02:00,4.8775
2026-07-14T05:00:00+02:00,13.88671
2026-07-14T05:15:00+02:00,0.85954
2026-07-14T05:30:00+02:00,0.89125
2026-07-14T05:45:00+02:00,0.424937
2026-07-14T06:00:00+02:00,0.787563
2026-07-14T06:15:00+02:00,1.0625
2026-07-14T06:30:00+02:00,0.4275
2026-07-14T06:45:00+02:00,1.28125
2026-07-14T07:00:00+02:00,0.41625
2026-07-14T07:15:00+02:00,0.77625
2026-07-14T07:30:00+02:00,1.16625
2026-07-14T07:45:00+02:00,0.6825
2026-07-14T08:00:00+02:00,0.38
2026-07-14T08:15:00+02:00,0.875
2026-07-14T08:30:00+02:00,1.1775
2026-07-14T08:45:00+02:00,0.755
2026-07-14T09:00:00+02:00,5.605
2026-07-14T09:15:00+02:00,8.51375
2026-07-14T09:30:00+02:00,19.19375
2026-07-14T09:45:00+02:00,27.4375
2026-07-14T10:00:00+02:00,10.925
2026-07-14T10:15:00+02:00,13.222746
2026-07-14T10:30:00+02:00,1.267254
2026-07-14T10:45:00+02:00,1.0225
2026-07-14T11:00:00+02:00,4.8925
2026-07-14T11:15:00+02:00,3.605316
2026-07-14T11:30:00+02:00,5.877184
2026-07-14T11:45:00+02:00,6.25375
2026-07-14T12:00:00+02:00,9.19375
2026-07-14T12:15:00+02:00,3.1025
2026-07-14T12:30:00+02:00,9.005
2026-07-14T12:45:00+02:00,2.9925
2026-07-14T13:00:00+02:00,5.8275
2026-07-14T13:15:00+02:00,7.875
2026-07-14T13:30:00+02:00,3.04
2026-07-14T13:45:00+02:00,8.96
2026-07-14T14:00:00+02:00,6.069884
2026-07-14T14:15:00+02:00,3.993866
2026-07-14T14:30:00+02:00,5.87375
2026-07-14T14:45:00+02:00,8.0625
2026-07-14T15:00:00+02:00,5.89
2026-07-14T15:15:00+02:00,5.9225
2026-07-14T15:30:00+02:00,5.83942
2026-07-14T15:45:00+02:00,3.94433
2026-07-14T16:00:00+02:00,5.96625
2026-07-14T16:15:00+02:00,5.985
2026-07-14T16:30:00+02:00,5.8275
2026-07-14T16:45:00+02:00,7.8125
2026-07-14T17:00:00+02:00,5.791945
2026-07-14T17:15:00+02:00,2.921805
2026-07-14T17:30:00+02:00,3.71625
2026-07-14T17:45:00+02:00,1.0075
2026-07-14T18:00:00+02:00,1.425
2026-07-14T18:15:00+02:00,0.692592
2026-07-14T18:30:00+02:00,1.787408
2026-07-14T18:45:00+02:00,0.595
2026-07-14T19:00:00+02:00,0.569699
2026-07-14T19:15:00+02:00,7.265301
2026-07-14T19:30:00+02:00,31.071822
2026-07-14T19:45:00+02:00,21.810628
2026-07-14T20:00:00+02:00,10.78255
2026-07-14T20:15:00+02:00,28.75
2026-07-14T20:30:00+02:00,17.6225
2026-07-14T20:45:00+02:00,5.7275
2026-07-14T21:00:00+02:00,0.4625
2026-07-14T21:15:00+02:00,14.42125
2026-07-14T21:30:00+02:00,11.51625
2026-07-14T21:45:00+02:00,35.17125
2026-07-14T22:00:00+02:00,11.51625
2026-07-14T22:15:00+02:00,30.375
2026-07-14T22:30:00+02:00,22.515
2026-07-14T22:45:00+02:00,25.7875
2026-07-14T23:00:00+02:00,10.8225
2026-07-14T23:15:00+02:00,21.679597
2026-07-14T23:30:00+02:00,19.945403
2026-07-14T23:45:00+02:00,0.625
2026-07-15T00:00:00+02:00,6.970882
2026-07-15T00:15:00+02:00,8.310368
2026-07-15T00:30:00+02:00,26.17875
2026-07-15T00:45:00+02:00,14.665
2026-07-15T01:00:00+02:00,8.93
2026-07-15T01:15:00+02:00,17.51375
2026-07-15T01:30:00+02:00,26.27375
2026-07-15T01:45:00+02:00,6.245
2026-07-15T02:00:00+02:00,2.135
2026-07-15T02:15:00+02:00,13.85375
2026-07-15T02:30:00+02:00,6.79875
2026-07-15T02:45:00+02:00,21.20125
2026-07-15T03:00:00+02:00,6.79875
2026-07-15T03:15:00+02:00,14.63
2026-07-15T03:30:00+02:00,21.37
2026-07-15T03:45:00+02:00,11.5
2026-07-15T04:00:00+02:00,14.44
2026-07-15T04:15:00+02:00,9.48375
2026-07-15T04:30:00+02:00,14.01375
2026-07-15T04:45:00+02:00,18.6875
2026-07-15T05:00:00+02:00,14.2025
2026-07-15T05:15:00+02:00,9.86
2026-07-15T05:30:00+02:00,0.095
2026-07-15T05:45:00+02:00,0.14125
2026-07-15T06:00:00+02:00,3.32125
2026-07-15T06:15:00+02:00,3.97875
2026-07-15T06:30:00+02:00,17.615996
2026-07-15T06:45:00+02:00,21.544004
2026-07-15T07:00:00+02:00,23.64375
2026-07-15T07:15:00+02:00,2.20875
2026-07-15T07:30:00+02:00,0.23375
2026-07-15T07:45:00+02:00,6.99
2026-07-15T08:00:00+02:00,6.29
2026-07-15T08:15:00+02:00,19.82375
2026-07-15T08:30:00+02:00,13.21625
2026-07-15T08:45:00+02:00,6.58625
2026-07-15T09:00:00+02:00,12.81125
2026-07-15T09:15:00+02:00,19.85375
2026-07-15T09:30:00+02:00,6.52125
2026-07-15T09:45:00+02:00,6.98875
2026-07-15T10:00:00+02:00,0.703118
2026-07-15T10:15:00+02:00,0.808132
2026-07-15T10:30:00+02:00,12.8725
2026-07-15T10:45:00+02:00,45.47
2026-07-15T11:00:00+02:00,13.7825
2026-07-15T11:15:00+02:00,42.335664
2026-07-15T11:30:00+02:00,28.101836
2026-07-15T11:45:00+02:00,13.925541
2026-07-15T12:00:00+02:00,40.369847
2026-07-15T12:15:00+02:00,27.452112
2026-07-15T12:30:00+02:00,13.69
2026-07-15T12:45:00+02:00,41.00625
2026-07-15T13:00:00+02:00,13.18125
2026-07-15T13:15:00+02:00,35.6875
2026-07-15T13:30:00+02:00,13.5375
2026-07-15T13:45:00+02:00,30.0
2026-07-15T14:00:00+02:00,21.56
2026-07-15T14:15:00+02:00,0.2525
2026-07-15T14:30:00+02:00,0.4625
2026-07-15T14:45:00+02:00,0.643364
2026-07-15T15:00:00+02:00,0.231636
2026-07-15T15:15:00+02:00,7.875
2026-07-15T15:30:00+02:00,7.03
2026-07-15T15:45:00+02:00,4.7225
2026-07-15T16:00:00+02:00,10.821335
2026-07-15T16:15:00+02:00,6.051165
2026-07-15T16:30:00+02:00,3.705
2026-07-15T16:45:00+02:00,12.558669
2026-07-15T17:00:00+02:00,7.646331
2026-07-15T17:15:00+02:00,3.84312
2026-07-15T17:30:00+02:00,11.342352
2026-07-15T17:45:00+02:00,6.217028
2026-07-15T18:00:00+02:00,4.18
2026-07-15T18:15:00+02:00,1.695
2026-07-15T18:30:00+02:00,0.28485
2026-07-15T18:45:00+02:00,0.56265
2026-07-15T19:00:00+02:00,0.2775
2026-07-15T19:15:00+02:00,9.37125
2026-07-15T19:30:00+02:00,26.31625
2026-07-15T19:45:00+02:00,48.66875
2026-07-15T20:00:00+02:00,15.95625
2026-07-15T20:15:00+02:00,32.0725
2026-07-15T20:30:00+02:00,46.5725
2026-07-15T20:45:00+02:00,11.7325
2026-07-15T21:00:00+02:00,0.185
2026-07-15T21:15:00+02:00,3.14625
2026-07-15T21:30:00+02:00,16.75875
2026-07-15T21:45:00+02:00,18.434538
2026-07-15T22:00:00+02:00,9.347962
2026-07-15T22:15:00+02:00,19.20875
2026-07-15T22:30:00+02:00,18.91625
2026-07-15T22:45:00+02:00,7.51875
2026-07-15T23:00:00+02:00,0.51625
2026-07-15T23:15:00+02:00,7.4675
2026-07-15T23:30:00+02:00,20.9975
2026-07-15T23:45:00+02:00,29.625
2026-07-16T00:00:00+02:00,22.135
2026-07-16T00:15:00+02:00,14.66
2026-07-16T00:30:00+02:00,21.83
2026-07-16T00:45:00+02:00,7.0625
2026-07-16T01:00:00+02:00,0.9975
2026-07-16T01:15:00+02:00,9.95125
2026-07-16T01:30:00+02:00,44.62125
2026-07-16T01:45:00+02:00,16.85375
2026-07-16T02:00:00+02:00,32.51375
2026-07-16T02:15:00+02:00,47.31875
2026-07-16T02:30:00+02:00,31.569457
2026-07-16T02:45:00+02:00,25.799293
2026-07-16T03:00:00+02:00,15.865
2026-07-16T03:15:00+02:00,52.932266
2026-07-16T03:30:00+02:00,15.890234
2026-07-16T03:45:00+02:00,48.614149
2026-07-16T04:00:00+02:00,32.790851
2026-07-16T04:15:00+02:00,16.51375
2026-07-16T04:30:00+02:00,32.14375
2026-07-16T04:45:00+02:00,33.1875
2026-07-16T05:00:00+02:00,48.877496
2026-07-16T05:15:00+02:00,32.617504
2026-07-16T05:30:00+02:00,15.8175
2026-07-16T05:45:00+02:00,9.01875
2026-07-16T06:00:00+02:00,0.23125
2026-07-16T06:15:00+02:00,3.83
2026-07-16T06:30:00+02:00,21.0425
2026-07-16T06:45:00+02:00,17.065
2026-07-16T07:00:00+02:00,20.106489
2026-07-16T07:15:00+02:00,9.222261
2026-07-16T07:30:00+02:00,0.09375
2026-07-16T07:45:00+02:00,0.14
2026-07-16T08:00:00+02:00,4.367696
2026-07-16T08:15:00+02:00,11.392304
2026-07-16T08:30:00+02:00,44.660549
2026-07-16T08:45:00+02:00,26.954451
2026-07-16T09:00:00+02:00,30.495
2026-07-16T09:15:00+02:00,27.1925
2026-07-16T09:30:00+02:00,27.7875
2026-07-16T09:45:00+02:00,27.3375
2026-07-16T10:00:00+02:00,28.390025
2026-07-16T10:15:00+02:00,27.547475
2026-07-16T10:30:00+02:00,21.9925
2026-07-16T10:45:00+02:00,7.1325
2026-07-16T11:00:00+02:00,0.19
2026-07-16T11:15:00+02:00,0.125
2026-07-16T11:30:00+02:00,0.185
2026-07-16T11:45:00+02:00,0.078673
2026-07-16T12:00:00+02:00,0.046327
2026-07-16T12:15:00+02:00,0.0
2026-07-16T12:30:00+02:00,0.0
2026-07-16T12:45:00+02:00,0.0
2026-07-16T13:00:00+02:00,0.1899
2026-07-16T13:15:00+02:00,0.206107
2026-07-16T13:30:00+02:00,0.606393
2026-07-16T13:45:00+02:00,0.3726
2026-07-16T14:00:00+02:00,0.331947
2026-07-16T14:15:00+02:00,0.186803
2026-07-16T14:30:00+02:00,0.61125
2026-07-16T14:45:00+02:00,0.4325
2026-07-16T15:00:00+02:00,0.19
2026-07-16T15:15:00+02:00,0.377284
2026-07-16T15:30:00+02:00,0.512641
2026-07-16T15:45:00+02:00,0.232575
2026-07-16T16:00:00+02:00,0.1425
2026-07-16T16:15:00+02:00,0.265
2026-07-16T16:30:00+02:00,0.235
2026-07-16T16:45:00+02:00,0.327446
2026-07-16T17:00:00+02:00,0.187504
2026-07-16T17:15:00+02:00,0.21755
2026-07-16T17:30:00+02:00,0.095
2026-07-16T17:45:00+02:00,0.28
2026-07-16T18:00:00+02:00,0.19
2026-07-16T18:15:00+02:00,0.1575
2026-07-16T18:30:00+02:00,0.3725
2026-07-16T18:45:00+02:00,0.25
2026-07-16T19:00:00+02:00,0.1875
2026-07-16T19:15:00+02:00,0.155
2026-07-16T19:30:00+02:00,0.237375
2026-07-16T19:45:00+02:00,0.200125
2026-07-16T20:00:00+02:00,0.28485
2026-07-16T20:15:00+02:00,0.27765
2026-07-16T20:30:00+02:00,0.1425
2026-07-16T20:45:00+02:00,0.3575
2026-07-16T21:00:00+02:00,0.285
2026-07-16T21:15:00+02:00,0.32625
2026-07-16T21:30:00+02:00,0.28125
2026-07-16T21:45:00+02:00,0.12625
2026-07-16T22:00:00+02:00,0.37375
2026-07-16T22:15:00+02:00,0.142037
2026-07-16T22:30:00+02:00,0.372963
2026-07-16T22:45:00+02:00,0.094691
2026-07-16T23:00:00+02:00,0.470309
2026-07-16T23:15:00+02:00,0.1875
2026-07-16T23:30:00+02:00,0.2775
2026-07-16T23:45:00+02:00,0.361018
2026-07-17T00:00:00+02:00,0.281482
2026-07-17T00:15:00+02:00,0.126115
2026-07-17T00:30:00+02:00,0.231385
2026-07-17T00:45:00+02:00,0.375
2026-07-17T01:00:00+02:00,0.2375
2026-07-17T01:15:00+02:00,0.14
2026-07-17T01:30:00+02:00,0.4225
2026-07-17T01:45:00+02:00,0.15625
2026-07-17T02:00:00+02:00,0.373513
2026-07-17T02:15:00+02:00,0.126487
2026-07-17T02:30:00+02:00,0.37375
2026-07-17T02:45:00+02:00,0.0775
2026-07-17T03:00:00+02:00,0.3775
2026-07-17T03:15:00+02:00,0.263669
2026-07-17T03:30:00+02:00,0.233781
2026-07-17T03:45:00+02:00,0.21755
2026-07-17T04:00:00+02:00,0.28485
2026-07-17T04:15:00+02:00,0.18765
2026-07-17T04:30:00+02:00,0.372342
2026-07-17T04:45:00+02:00,0.217658
2026-07-17T05:00:00+02:00,0.095
2026-07-17T05:15:00+02:00,0.405
2026-07-17T05:30:00+02:00,0.2375
2026-07-17T05:45:00+02:00,0.295
2026-07-17T06:00:00+02:00,0.0925
2026-07-17T06:15:00+02:00,0.36125
2026-07-17T06:30:00+02:00,0.28125
2026-07-17T06:45:00+02:00,0.142037
2026-07-17T07:00:00+02:00,0.372963
2026-07-17T07:15:00+02:00,0.266169
2026-07-17T07:30:00+02:00,0.281256
2026-07-17T07:45:00+02:00,0.093825
2026-07-17T08:00:00+02:00,0.37625
2026-07-17T08:15:00+02:00,0.15625
2026-07-17T08:30:00+02:00,0.23125
2026-07-17T08:45:00+02:00,0.26875
2026-07-17T09:00:00+02:00,0.23125
2026-07-17T09:15:00+02:00,0.375
2026-07-17T09:30:00+02:00,0.3325
2026-07-17T09:45:00+02:00,0.15375
2026-07-17T10:00:00+02:00,0.37625
2026-07-17T10:15:00+02:00,0.2
2026-07-17T10:30:00+02:00,0.1425
2026-07-17T10:45:00+02:00,0.295
2026-07-17T11:00:00+02:00,0.1425
2026-07-17T11:15:00+02:00,0.3575
2026-07-17T11:30:00+02:00,0.19
2026-07-17T11:45:00+02:00,0.1575
2026-07-17T12:00:00+02:00,0.372342
2026-07-17T12:15:00+02:00,0.062658
2026-07-17T12:30:00+02:00,0.235
2026-07-17T12:45:00+02:00,0.34375
2026-07-17T13:00:00+02:00,0.13875
2026-07-17T13:15:00+02:00,0.2825
2026-07-17T13:30:00+02:00,0.0925
2026-07-17T13:45:00+02:00,0.22
2026-07-17T14:00:00+02:00,0.282184
2026-07-17T14:15:00+02:00,0.141566
2026-07-17T14:30:00+02:00,0.23125
2026-07-17T14:45:00+02:00,0.20625
2026-07-17T15:00:00+02:00,0.23125
2026-07-17T15:15:00+02:00,0.1575
2026-07-17T15:30:00+02:00,0.1875
2026-07-17T15:45:00+02:00,0.219691
2026-07-17T16:00:00+02:00,0.280309
2026-07-17T16:15:00+02:00,0.095
2026-07-17T16:30:00+02:00,0.185
2026-07-17T16:45:00+02:00,0.3125
2026-07-17T17:00:00+02:00,0.09495
2026-07-17T17:15:00+02:00,0.28005
2026-07-17T17:30:00+02:00,0.189684
2026-07-17T17:45:00+02:00,0.185316
2026-07-17T18:00:00+02:00,0.19
2026-07-17T18:15:00+02:00,0.14125
2026-07-17T18:30:00+02:00,0.23125
2026-07-17T18:45:00+02:00,0.1575
2026-07-17T19:00:00+02:00,0.1875
2026-07-17T19:15:00+02:00,0.28
2026-07-17T19:30:00+02:00,0.095
2026-07-17T19:45:00+02:00,0.3125
2026-07-17T20:00:00+02:00,0.1875
2026-07-17T20:15:00+02:00,0.095
2026-07-17T20:30:00+02:00,0.185
2026-07-17T20:45:00+02:00,0.345
2026-07-17T21:00:00+02:00,0.187342
2026-07-17T21:15:00+02:00,0.187658
2026-07-17T21:30:00+02:00,0.1875
2026-07-17T21:45:00+02:00,0.07875
2026-07-17T22:00:00+02:00,0.32875
2026-07-17T22:15:00+02:00,0.125
2026-07-17T22:30:00+02:00,0.185
2026-07-17T22:45:00+02:00,0.19
2026-07-17T23:00:00+02:00,0.28
2026-07-17T23:15:00+02:00,0.155
2026-07-17T23:30:00+02:00,0.2375
2026-07-17T23:45:00+02:00,0.2
2026-07-18T00:00:00+02:00,0.065
2026-07-18T00:15:00+02:00,0.28
2026-07-18T00:30:00+02:00,0.095
2026-07-18T00:45:00+02:00,0.28
2026-07-18T01:00:00+02:00,0.20375
2026-07-18T01:15:00+02:00,0.13875
2026-07-18T01:30:00+02:00,0.344846
2026-07-18T01:45:00+02:00,0.092654
2026-07-18T02:00:00+02:00,0.25
2026-07-18T02:15:00+02:00,0.1899
2026-07-18T02:30:00+02:00,0.1251
2026-07-18T02:45:00+02:00,0.185
2026-07-18T03:00:00+02:00,0.29875
2026-07-18T03:15:00+02:00,0.13875
2026-07-18T03:30:00+02:00,0.25
2026-07-18T03:45:00+02:00,0.1899
2026-07-18T04:00:00+02:00,0.2176
2026-07-18T04:15:00+02:00,0.2825
2026-07-18T04:30:00+02:00,0.2175
2026-07-18T04:45:00+02:00,0.0925
2026-07-18T05:00:00+02:00,0.1575
2026-07-18T05:15:00+02:00,0.1875
2026-07-18T05:30:00+02:00,0.20375
2026-07-18T05:45:00+02:00,0.32875
2026-07-18T06:00:00+02:00,0.124892
2026-07-18T06:15:00+02:00,0.185108
2026-07-18T06:30:00+02:00,0.25
2026-07-18T06:45:00+02:00,0.237375
2026-07-18T07:00:00+02:00,0.107625
2026-07-18T07:15:00+02:00,0.282184
2026-07-18T07:30:00+02:00,0.185316
2026-07-18T07:45:00+02:00,0.2375
2026-07-18T08:00:00+02:00,0.14
2026-07-18T08:15:00+02:00,0.28
2026-07-18T08:30:00+02:00,0.11125
2026-07-18T08:45:00+02:00,0.32625
2026-07-18T09:00:00+02:00,0.095
2026-07-18T09:15:00+02:00,0.185
2026-07-18T09:30:00+02:00,0.19
2026-07-18T09:45:00+02:00,0.28
2026-07-18T10:00:00+02:00,0.11125
2026-07-18T10:15:00+02:00,0.32625
2026-07-18T10:30:00+02:00,0.095
2026-07-18T10:45:00+02:00,0.28
2026-07-18T11:00:00+02:00,0.11125
2026-07-18T11:15:00+02:00,0.23125
2026-07-18T11:30:00+02:00,0.19
2026-07-18T11:45:00+02:00,0.185
2026-07-18T12:00:00+02:00,0.345
2026-07-18T12:15:00+02:00,0.0925
2026-07-18T12:30:00+02:00,0.25
2026-07-18T12:45:00+02:00,0.19
2026-07-18T13:00:00+02:00,0.185
2026-07-18T13:15:00+02:00,0.19
2026-07-18T13:30:00+02:00,0.14125
2026-07-18T13:45:00+02:00,0.32625
2026-07-18T14:00:00+02:00,0.155
2026-07-18T14:15:00+02:00,0.2375
2026-07-18T14:30:00+02:00,0.14
2026-07-18T14:45:00+02:00,0.185
2026-07-18T15:00:00+02:00,0.25
2026-07-18T15:15:00+02:00,0.2375
2026-07-18T15:30:00+02:00,0.14
2026-07-18T15:45:00+02:00,0.279842
2026-07-18T16:00:00+02:00,0.155158
2026-07-18T16:15:00+02:00,0.095
2026-07-18T16:30:00+02:00,0.1875
2026-07-18T16:45:00+02:00,0.1875
2026-07-18T17:00:00+02:00,0.23625
2026-07-18T17:15:00+02:00,0.32625
2026-07-18T17:30:00+02:00,0.11125
2026-07-18T17:45:00+02:00,0.32625
2026-07-18T18:00:00+02:00,0.25
2026-07-18T18:15:00+02:00,0.0925
2026-07-18T18:30:00+02:00,0.1575
2026-07-18T18:45:00+02:00,0.2825
2026-07-18T19:00:00+02:00,0.185
2026-07-18T19:15:00+02:00,0.142263
2026-07-18T19:30:00+02:00,0.235237
2026-07-18T19:45:00+02:00,0.185
2026-07-18T20:00:00+02:00,0.25
2026-07-18T20:15:00+02:00,0.237105
2026-07-18T20:30:00+02:00,0.140395
2026-07-18T20:45:00+02:00,0.375
2026-07-18T21:00:00+02:00,0.124691
2026-07-18T21:15:00+02:00,0.280309
2026-07-18T21:30:00+02:00,0.095
2026-07-18T21:45:00+02:00,0.3275
2026-07-18T22:00:00+02:00,0.17
2026-07-18T22:15:00+02:00,0.189684
2026-07-18T22:30:00+02:00,0.217816
2026-07-18T22:45:00+02:00,0.235
2026-07-18T23:00:00+02:00,0.2025
2026-07-18T23:15:00+02:00,0.1875
2026-07-18T23:30:00+02:00,0.11125
2026-07-18T23:45:00+02:00,0.32625
2026-07-19T00:00:00+02:00,0.2175
2026-07-19T00:15:00+02:00,0.19
2026-07-19T00:30:00+02:00,0.14125
2026-07-19T00:45:00+02:00,0.32625
2026-07-19T01:00:00+02:00,0.11125
2026-07-19T01:15:00+02:00,0.23125
2026-07-19T01:30:00+02:00,0.25
2026-07-19T01:45:00+02:00,0.095
2026-07-19T02:00:00+02:00,0.3425
2026-07-19T02:15:00+02:00,0.095
2026-07-19T02:30:00+02:00,0.3125
2026-07-19T02:45:00+02:00,0.235
2026-07-19T03:00:00+02:00,0.0775
2026-07-19T03:15:00+02:00,0.33
2026-07-19T03:30:00+02:00,0.1075
2026-07-19T03:45:00+02:00,0.235
2026-07-19T04:00:00+02:00,0.295
2026-07-19T04:15:00+02:00,0.19
2026-07-19T04:30:00+02:00,0.2475
2026-07-19T04:45:00+02:00,0.095
2026-07-19T05:00:00+02:00,0.312346
2026-07-19T05:15:00+02:00,0.092654
2026-07-19T05:30:00+02:00,0.345
2026-07-19T05:45:00+02:00,0.1875
2026-07-19T06:00:00+02:00,0.2175
2026-07-19T06:15:00+02:00,0.2375
2026-07-19T06:30:00+02:00,0.2325
2026-07-19T06:45:00+02:00,0.0925
2026-07-19T07:00:00+02:00,0.345
2026-07-19T07:15:00+02:00,0.1875
2026-07-19T07:30:00+02:00,0.155
2026-07-19T07:45:00+02:00,0.2375
2026-07-19T08:00:00+02:00,0.2
2026-07-19T08:15:00+02:00,0.2375
2026-07-19T08:30:00+02:00,0.14
2026-07-19T08:45:00+02:00,0.28
2026-07-19T09:00:00+02:00,0.095
2026-07-19T09:15:00+02:00,0.185
2026-07-19T09:30:00+02:00,0.407446
2026-07-19T09:45:00+02:00,0.092554
2026-07-19T10:00:00+02:00,0.25
2026-07-19T10:15:00+02:00,0.237105
2026-07-19T10:30:00+02:00,0.200395
2026-07-19T10:45:00+02:00,0.19
2026-07-19T11:00:00+02:00,0.185
2026-07-19T11:15:00+02:00,0.19
2026-07-19T11:30:00+02:00,0.0925
2026-07-19T11:45:00+02:00,0.282184
2026-07-19T12:00:00+02:00,0.092816
2026-07-19T12:15:00+02:00,0.33
2026-07-19T12:30:00+02:00,0.155864
2026-07-19T12:45:00+02:00,0.231636
2026-07-19T13:00:00+02:00,0.2825
2026-07-19T13:15:00+02:00,0.0925
2026-07-19T13:30:00+02:00,0.25
2026-07-19T13:45:00+02:00,0.19
2026-07-19T14:00:00+02:00,0.217346
2026-07-19T14:15:00+02:00,0.187654
2026-07-19T14:30:00+02:00,0.07875
2026-07-19T14:45:00+02:00,0.32875
2026-07-19T15:00:00+02:00,0.0925
2026-07-19T15:15:00+02:00,0.2825
2026-07-19T15:30:00+02:00,0.0925
2026-07-19T15:45:00+02:00,0.1875
2026-07-19T16:00:00+02:00,0.28
2026-07-19T16:15:00+02:00,0.142425
2026-07-19T16:30:00+02:00,0.295075
2026-07-19T16:45:00+02:00,0.095
2026-07-19T17:00:00+02:00,0.22
2026-07-19T17:15:00+02:00,0.28
2026-07-19T17:30:00+02:00,0.11125
2026-07-19T17:45:00+02:00,0.23125
2026-07-19T18:00:00+02:00,0.25
2026-07-19T18:15:00+02:00,0.19
2026-07-19T18:30:00+02:00,0.124691
2026-07-19T18:45:00+02:00,0.280309
2026-07-19T19:00:00+02:00,0.155
2026-07-19T19:15:00+02:00,0.19
2026-07-19T19:30:00+02:00,0.2475
2026-07-19T19:45:00+02:00,0.19
2026-07-19T20:00:00+02:00,0.185
2026-07-19T20:15:00+02:00,0.237105
2026-07-19T20:30:00+02:00,0.232895
2026-07-19T20:45:00+02:00,0.1875
2026-07-19T21:00:00+02:00,0.1875
2026-07-19T21:15:00+02:00,0.1875
2026-07-19T21:30:00+02:00,0.094691
2026-07-19T21:45:00+02:00,0.280309
2026-07-19T22:00:00+02:00,0.187446
2026-07-19T22:15:00+02:00,0.187504
2026-07-19T22:30:00+02:00,0.2038
2026-07-19T22:45:00+02:00,0.281013
2026-07-19T23:00:00+02:00,0.202737
2026-07-19T23:15:00+02:00,0.0925
2026-07-19T23:30:00+02:00,0.2825
2026-07-19T23:45:00+02:00,0.235
2026-07-20T00:00:00+02:00,0.202346
2026-07-20T00:15:00+02:00,0.092654
2026-07-20T00:30:00+02:00,0.25
2026-07-20T00:45:00+02:00,0.19
2026-07-20T01:00:00+02:00,0.092446
2026-07-20T01:15:00+02:00,0.329929
2026-07-20T01:30:00+02:00,0.140125
2026-07-20T01:45:00+02:00,0.185
2026-07-20T02:00:00+02:00,0.25
2026-07-20T02:15:00+02:00,0.1425
2026-07-20T02:30:00+02:00,0.295
2026-07-20T02:45:00+02:00,0.2375
2026-07-20T03:00:00+02:00,0.14
2026-07-20T03:15:00+02:00,0.185
2026-07-20T03:30:00+02:00,0.25
2026-07-20T03:45:00+02:00,0.2375
2026-07-20T04:00:00+02:00,0.14
2026-07-20T04:15:00+02:00,0.185
2026-07-20T04:30:00+02:00,0.25
2026-07-20T04:45:00+02:00,0.19
2026-07-20T05:00:00+02:00,0.185
2026-07-20T05:15:00+02:00,0.9975
2026-07-20T05:30:00+02:00,0.81875
2026-07-20T05:45:00+02:00,2.19375
2026-07-20T06:00:00+02:00,1.15
2026-07-20T06:15:00+02:00,5.82
2026-07-20T06:30:00+02:00,6.6425
2026-07-20T06:45:00+02:00,23.935
2026-07-20T07:00:00+02:00,8.92375
2026-07-20T07:15:00+02:00,23.77875
2026-07-20T07:30:00+02:00,14.6775
2026-07-20T07:45:00+02:00,9.9275
2026-07-20T08:00:00+02:00,23.05038
2026-07-20T08:15:00+02:00,29.38962
2026-07-20T08:30:00+02:00,16.32
2026-07-20T08:45:00+02:00,19.797058
2026-07-20T09:00:00+02:00,9.710442
2026-07-20T09:15:00+02:00,20.000507
2026-07-20T09:30:00+02:00,20.631993
2026-07-20T09:45:00+02:00,31.545
2026-07-20T10:00:00+02:00,13.905
2026-07-20T10:15:00+02:00,30.8425
2026-07-20T10:30:00+02:00,10.03125
2026-07-20T10:45:00+02:00,29.26125
2026-07-20T11:00:00+02:00,20.35
2026-07-20T11:15:00+02:00,13.5475
2026-07-20T11:30:00+02:00,1.2275
2026-07-20T11:45:00+02:00,0.4625
2026-07-20T12:00:00+02:00,0.625
2026-07-20T12:15:00+02:00,16.3875
2026-07-20T12:30:00+02:00,10.8625
2026-07-20T12:45:00+02:00,24.4525
2026-07-20T13:00:00+02:00,5.42125
2026-07-20T13:15:00+02:00,24.24625
2026-07-20T13:30:00+02:00,15.755
2026-07-20T13:45:00+02:00,7.98
2026-07-20T14:00:00+02:00,24.52
2026-07-20T14:15:00+02:00,16.9575
2026-07-20T14:30:00+02:00,11.12375
2026-07-20T14:45:00+02:00,25.01625
2026-07-20T15:00:00+02:00,17.11
2026-07-20T15:15:00+02:00,8.4175
2026-07-20T15:30:00+02:00,25.808964
2026-07-20T15:45:00+02:00,8.191036
2026-07-20T16:00:00+02:00,21.625
2026-07-20T16:15:00+02:00,18.715
2026-07-20T16:30:00+02:00,22.552991
2026-07-20T16:45:00+02:00,20.064125
2026-07-20T17:00:00+02:00,16.480384
2026-07-20T17:15:00+02:00,20.912646
2026-07-20T17:30:00+02:00,13.946104
2026-07-20T17:45:00+02:00,30.12375
2026-07-20T18:00:00+02:00,8.858068
2026-07-20T18:15:00+02:00,25.601932
2026-07-20T18:30:00+02:00,13.87
2026-07-20T18:45:00+02:00,16.72
2026-07-20T19:00:00+02:00,11.01625
2026-07-20T19:15:00+02:00,16.32625
2026-07-20T19:30:00+02:00,24.901518
2026-07-20T19:45:00+02:00,8.098482
2026-07-20T20:00:00+02:00,22.375
2026-07-20T20:15:00+02:00,9.4525
2026-07-20T20:30:00+02:00,3.0475
2026-07-20T20:45:00+02:00,0.095
2026-07-20T21:00:00+02:00,12.6975
2026-07-20T21:15:00+02:00,20.278007
2026-07-20T21:30:00+02:00,19.871993
2026-07-20T21:45:00+02:00,9.62
2026-07-20T22:00:00+02:00,15.825
2026-07-20T22:15:00+02:00,7.8625
2026-07-20T22:30:00+02:00,0.19
2026-07-20T22:45:00+02:00,0.374684
2026-07-20T23:00:00+02:00,3.862816
2026-07-20T23:15:00+02:00,19.2775
2026-07-20T23:30:00+02:00,5.595
2026-07-20T23:45:00+02:00,16.97
2026-07-21T00:00:00+02:00,25.98
2026-07-21T00:15:00+02:00,16.3875
2026-07-21T00:30:00+02:00,5.25625
2026-07-21T00:45:00+02:00,0.46875
2026-07-21T01:00:00+02:00,3.075
2026-07-21T01:15:00+02:00,8.9775
2026-07-21T01:30:00+02:00,6.32875
2026-07-21T01:45:00+02:00,9.94375
2026-07-21T02:00:00+02:00,22.0
2026-07-21T02:15:00+02:00,5.51
2026-07-21T02:30:00+02:00,6.365
2026-07-21T02:45:00+02:00,0.142425
2026-07-21T03:00:00+02:00,3.232575
2026-07-21T03:15:00+02:00,6.6975
2026-07-21T03:30:00+02:00,13.349036
2026-07-21T03:45:00+02:00,13.513464
2026-07-21T04:00:00+02:00,11.19
2026-07-21T04:15:00+02:00,13.894343
2026-07-21T04:30:00+02:00,17.997816
2026-07-21T04:45:00+02:00,13.420341
2026-07-21T05:00:00+02:00,17.6875
2026-07-21T05:15:00+02:00,13.467554
2026-07-21T05:30:00+02:00,8.913696
2026-07-21T05:45:00+02:00,13.18125
2026-07-21T06:00:00+02:00,13.69625
2026-07-21T06:15:00+02:00,20.44375
2026-07-21T06:30:00+02:00,11.0475
2026-07-21T06:45:00+02:00,6.7925
2026-07-21T07:00:00+02:00,20.27
2026-07-21T07:15:00+02:00,13.6325
2026-07-21T07:30:00+02:00,13.2425
2026-07-21T07:45:00+02:00,6.935
2026-07-21T08:00:00+02:00,21.7325
2026-07-21T08:15:00+02:00,3.145
2026-07-21T08:30:00+02:00,0.379382
2026-07-21T08:45:00+02:00,0.370618
2026-07-21T09:00:00+02:00,17.8125
2026-07-21T09:15:00+02:00,18.182909
2026-07-21T09:30:00+02:00,11.767091
2026-07-21T09:45:00+02:00,25.995
2026-07-21T10:00:00+02:00,17.27141
2026-07-21T10:15:00+02:00,8.28359
2026-07-21T10:30:00+02:00,22.0625
2026-07-21T10:45:00+02:00,17.195
2026-07-21T11:00:00+02:00,11.156705
2026-07-21T11:15:00+02:00,16.335795
2026-07-21T11:30:00+02:00,14.9
2026-07-21T11:45:00+02:00,11.1
2026-07-21T12:00:00+02:00,4.57375
2026-07-21T12:15:00+02:00,8.92625
2026-07-21T12:30:00+02:00,31.375
2026-07-21T12:45:00+02:00,24.8425
2026-07-21T13:00:00+02:00,24.0325
2026-07-21T13:15:00+02:00,24.137271
2026-07-21T13:30:00+02:00,11.753979
2026-07-21T13:45:00+02:00,21.993941
2026-07-21T14:00:00+02:00,4.052309
2026-07-21T14:15:00+02:00,0.0475
2026-07-21T14:30:00+02:00,10.265
2026-07-21T14:45:00+02:00,5.6525
2026-07-21T15:00:00+02:00,15.8475
2026-07-21T15:15:00+02:00,10.545
2026-07-21T15:30:00+02:00,4.51625
2026-07-21T15:45:00+02:00,3.47125
2026-07-21T16:00:00+02:00,0.405
2026-07-21T16:15:00+02:00,12.2075
2026-07-21T16:30:00+02:00,15.209721
2026-07-21T16:45:00+02:00,13.874098
2026-07-21T17:00:00+02:00,9.646181
2026-07-21T17:15:00+02:00,0.3325
2026-07-21T17:30:00+02:00,0.18625
2026-07-21T17:45:00+02:00,0.23125
2026-07-21T18:00:00+02:00,0.20625
2026-07-21T18:15:00+02:00,0.37375
2026-07-21T18:30:00+02:00,0.2025
2026-07-21T18:45:00+02:00,0.1875
2026-07-21T19:00:00+02:00,0.187446
2026-07-21T19:15:00+02:00,0.187504
2026-07-21T19:30:00+02:00,5.28629
2026-07-21T19:45:00+02:00,23.919053
2026-07-21T20:00:00+02:00,9.021879
2026-07-21T20:15:00+02:00,17.677829
2026-07-21T20:30:00+02:00,14.36125
2026-07-21T20:45:00+02:00,0.13875
2026-07-21T21:00:00+02:00,1.5825
2026-07-21T21:15:00+02:00,11.4875
2026-07-21T21:30:00+02:00,14.827955
2026-07-21T21:45:00+02:00,7.227045
2026-07-21T22:00:00+02:00,12.375
2026-07-21T22:15:00+02:00,0.1899
2026-07-21T22:30:00+02:00,5.5351
2026-07-21T22:45:00+02:00,30.5825
2026-07-21T23:00:00+02:00,34.355
2026-07-21T23:15:00+02:00,16.65
2026-07-21T23:30:00+02:00,44.625
2026-07-21T23:45:00+02:00,34.9125
2026-07-22T00:00:00+02:00,23.18
2026-07-22T00:15:00+02:00,51.98
2026-07-22T00:30:00+02:00,33.41375
2026-07-22T00:45:00+02:00,33.09375
2026-07-22T01:00:00+02:00,32.84125
2026-07-22T01:15:00+02:00,16.14125
2026-07-22T01:30:00+02:00,29.3125
2026-07-22T01:45:00+02:00,0.1425
2026-07-22T02:00:00+02:00,0.4825
2026-07-22T02:15:00+02:00,3.5625
2026-07-22T02:30:00+02:00,20.875
2026-07-22T02:45:00+02:00,14.2975
2026-07-22T03:00:00+02:00,6.96875
2026-07-22T03:15:00+02:00,22.99125
2026-07-22T03:30:00+02:00,7.8175
2026-07-22T03:45:00+02:00,23.965
2026-07-22T04:00:00+02:00,10.62625
2026-07-22T04:15:00+02:00,15.77125
2026-07-22T04:30:00+02:00,24.382903
2026-07-22T04:45:00+02:00,7.867097
2026-07-22T05:00:00+02:00,21.3125
2026-07-22T05:15:00+02:00,16.055
2026-07-22T05:30:00+02:00,17.90625
2026-07-22T05:45:00+02:00,7.53875
2026-07-22T06:00:00+02:00,23.04
2026-07-22T06:15:00+02:00,15.646564
2026-07-22T06:30:00+02:00,7.877186
2026-07-22T06:45:00+02:00,22.91375
2026-07-22T07:00:00+02:00,15.505
2026-07-22T07:15:00+02:00,7.955
2026-07-22T07:30:00+02:00,20.875
2026-07-22T07:45:00+02:00,15.666736
2026-07-22T08:00:00+02:00,6.095764
2026-07-22T08:15:00+02:00,3.475
2026-07-22T08:30:00+02:00,0.39
2026-07-22T08:45:00+02:00,0.4225
2026-07-22T09:00:00+02:00,0.53
2026-07-22T09:15:00+02:00,6.045
2026-07-22T09:30:00+02:00,3.1575
2026-07-22T09:45:00+02:00,7.235
2026-07-22T10:00:00+02:00,2.590179
2026-07-22T10:15:00+02:00,8.087321
2026-07-22T10:30:00+02:00,5.76625
2026-07-22T10:45:00+02:00,2.91375
2026-07-22T11:00:00+02:00,8.945
2026-07-22T11:15:00+02:00,2.8675
2026-07-22T11:30:00+02:00,7.75
2026-07-22T11:45:00+02:00,5.89
2026-07-22T12:00:00+02:00,5.735
2026-07-22T12:15:00+02:00,5.985
2026-07-22T12:30:00+02:00,5.8275
2026-07-22T12:45:00+02:00,2.8975
2026-07-22T13:00:00+02:00,9.5475
2026-07-22T13:15:00+02:00,2.8675
2026-07-22T13:30:00+02:00,8.07875
2026-07-22T13:45:00+02:00,2.35875
2026-07-22T14:00:00+02:00,4.967242
2026-07-22T14:15:00+02:00,6.239457
2026-07-22T14:30:00+02:00,0.610585
2026-07-22T14:45:00+02:00,0.370216
2026-07-22T15:00:00+02:00,27.18375
2026-07-22T15:15:00+02:00,20.53125
2026-07-22T15:30:00+02:00,10.28875
2026-07-22T15:45:00+02:00,19.93375
2026-07-22T16:00:00+02:00,27.0
2026-07-22T16:15:00+02:00,9.8325
2026-07-22T16:30:00+02:00,6.38375
2026-07-22T16:45:00+02:00,16.33125
2026-07-22T17:00:00+02:00,18.0775
2026-07-22T17:15:00+02:00,11.21
2026-07-22T17:30:00+02:00,28.1025
2026-07-22T17:45:00+02:00,0.285
2026-07-22T18:00:00+02:00,1.90876
2026-07-22T18:15:00+02:00,12.80624
2026-07-22T18:30:00+02:00,13.5625
2026-07-22T18:45:00+02:00,8.118218
2026-07-22T19:00:00+02:00,26.753032
2026-07-22T19:15:00+02:00,7.81625
2026-07-22T19:30:00+02:00,15.90875
2026-07-22T19:45:00+02:00,23.00625
2026-07-22T20:00:00+02:00,5.120566
2026-07-22T20:15:00+02:00,23.066271
2026-07-22T20:30:00+02:00,15.148164
2026-07-22T20:45:00+02:00,15.980865
2026-07-22T21:00:00+02:00,10.557885
2026-07-22T21:15:00+02:00,15.58625
2026-07-22T21:30:00+02:00,1.17375
2026-07-22T21:45:00+02:00,8.49875
2026-07-22T22:00:00+02:00,19.114106
2026-07-22T22:15:00+02:00,10.088394
2026-07-22T22:30:00+02:00,29.25
2026-07-22T22:45:00+02:00,21.755
2026-07-22T23:00:00+02:00,14.186556
2026-07-22T23:15:00+02:00,31.980084
2026-07-22T23:30:00+02:00,11.173098
2026-07-22T23:45:00+02:00,21.842762
2026-07-23T00:00:00+02:00,14.8125
2026-07-23T00:15:00+02:00,32.449186
2026-07-23T00:30:00+02:00,10.238314
2026-07-23T00:45:00+02:00,28.25
2026-07-23T01:00:00+02:00,3.370722
2026-07-23T01:15:00+02:00,1.379278
2026-07-23T01:30:00+02:00,0.1425
2026-07-23T01:45:00+02:00,25.1075
2026-07-23T02:00:00+02:00,19.4275
2026-07-23T02:15:00+02:00,9.515
2026-07-23T02:30:00+02:00,29.2375
2026-07-23T02:45:00+02:00,12.89
2026-07-23T03:00:00+02:00,28.9825
2026-07-23T03:15:00+02:00,8.6975
2026-07-23T03:30:00+02:00,0.095
2026-07-23T03:45:00+02:00,1.6425
2026-07-23T04:00:00+02:00,3.7
2026-07-23T04:15:00+02:00,36.937916
2026-07-23T04:30:00+02:00,12.124584
2026-07-23T04:45:00+02:00,36.85
2026-07-23T05:00:00+02:00,24.47
2026-07-23T05:15:00+02:00,8.20375
2026-07-23T05:30:00+02:00,24.65625
2026-07-23T05:45:00+02:00,36.82
2026-07-23T06:00:00+02:00,25.0325
2026-07-23T06:15:00+02:00,16.33875
2026-07-23T06:30:00+02:00,24.00375
2026-07-23T06:45:00+02:00,1.7225
2026-07-23T07:00:00+02:00,0.2775
2026-07-23T07:15:00+02:00,1.125
2026-07-23T07:30:00+02:00,0.2375
2026-07-23T07:45:00+02:00,0.5125
2026-07-23T08:00:00+02:00,0.237375
2026-07-23T08:15:00+02:00,0.607625
2026-07-23T08:30:00+02:00,0.187342
2026-07-23T08:45:00+02:00,0.111408
2026-07-23T09:00:00+02:00,0.23125
2026-07-23T09:15:00+02:00,0.26875
2026-07-23T09:30:00+02:00,0.42125
2026-07-23T09:45:00+02:00,0.31
2026-07-23T10:00:00+02:00,0.475
2026-07-23T10:15:00+02:00,0.32875
2026-07-23T10:30:00+02:00,0.74625
2026-07-23T10:45:00+02:00,0.40625
2026-07-23T11:00:00+02:00,0.23125
2026-07-23T11:15:00+02:00,0.6875
2026-07-23T11:30:00+02:00,0.332325
2026-07-23T11:45:00+02:00,0.357567
2026-07-23T12:00:00+02:00,0.185108
2026-07-23T12:15:00+02:00,0.47
2026-07-23T12:30:00+02:00,0.0925
2026-07-23T12:45:00+02:00,0.20625
2026-07-23T13:00:00+02:00,0.37375
2026-07-23T13:15:00+02:00,0.11
2026-07-23T13:30:00+02:00,0.28
2026-07-23T13:45:00+02:00,0.28
2026-07-23T14:00:00+02:00,0.19
2026-07-23T14:15:00+02:00,0.140864
2026-07-23T14:30:00+02:00,0.326636
2026-07-23T14:45:00+02:00,0.11125
2026-07-23T15:00:00+02:00,0.23125
2026-07-23T15:15:00+02:00,0.17375
2026-07-23T15:30:00+02:00,0.23375
2026-07-23T15:45:00+02:00,0.3125
2026-07-23T16:00:00+02:00,0.0925
2026-07-23T16:15:00+02:00,0.2825
2026-07-23T16:30:00+02:00,0.234763
2026-07-23T16:45:00+02:00,0.170237
2026-07-23T17:00:00+02:00,0.1425
2026-07-23T17:15:00+02:00,0.2025
2026-07-23T17:30:00+02:00,0.329605
2026-07-23T17:45:00+02:00,0.200395
2026-07-23T18:00:00+02:00,0.2375
2026-07-23T18:15:00+02:00,0.14
2026-07-23T18:30:00+02:00,0.185
2026-07-23T18:45:00+02:00,0.36125
2026-07-23T19:00:00+02:00,0.13875
2026-07-23T19:15:00+02:00,0.344846
2026-07-23T19:30:00+02:00,0.092654
2026-07-23T19:45:00+02:00,0.205864
2026-07-23T20:00:00+02:00,0.231636
2026-07-23T20:15:00+02:00,0.3125
2026-07-23T20:30:00+02:00,0.095
2026-07-23T20:45:00+02:00,0.3125
2026-07-23T21:00:00+02:00,0.235
2026-07-23T21:15:00+02:00,0.109691
2026-07-23T21:30:00+02:00,0.185309
2026-07-23T21:45:00+02:00,0.3125
2026-07-23T22:00:00+02:00,0.237375
2026-07-23T22:15:00+02:00,0.156375
2026-07-23T22:30:00+02:00,0.23125
2026-07-23T22:45:00+02:00,0.315
2026-07-23T23:00:00+02:00,0.28
2026-07-23T23:15:00+02:00,0.094691
2026-07-23T23:30:00+02:00,0.185309
2026-07-23T23:45:00+02:00,0.26875
2026-07-24T00:00:00+02:00,0.23125
2026-07-24T00:15:00+02:00,0.25
2026-07-24T00:30:00+02:00,0.2375
2026-07-24T00:45:00+02:00,0.15625
2026-07-24T01:00:00+02:00,0.32625
2026-07-24T01:15:00+02:00,0.155
2026-07-24T01:30:00+02:00,0.2375
2026-07-24T01:45:00+02:00,0.24875
2026-07-24T02:00:00+02:00,0.13875
2026-07-24T02:15:00+02:00,0.25
2026-07-24T02:30:00+02:00,0.1899
2026-07-24T02:45:00+02:00,0.2476
2026-07-24T03:00:00+02:00,0.1899
2026-07-24T03:15:00+02:00,0.14135
2026-07-24T03:30:00+02:00,0.326092
2026-07-24T03:45:00+02:00,0.095158
2026-07-24T04:00:00+02:00,0.185
2026-07-24T04:15:00+02:00,0.19
2026-07-24T04:30:00+02:00,0.185
2026-07-24T04:45:00+02:00,0.3125
2026-07-24T05:00:00+02:00,0.19
2026-07-24T05:15:00+02:00,0.2475
2026-07-24T05:30:00+02:00,0.09495
2026-07-24T05:45:00+02:00,0.28005
2026-07-24T06:00:00+02:00,0.19
2026-07-24T06:15:00+02:00,0.141115
2026-07-24T06:30:00+02:00,0.326335
2026-07-24T06:45:00+02:00,0.06255
2026-07-24T07:00:00+02:00,0.1875
2026-07-24T07:15:00+02:00,0.32875
2026-07-24T07:30:00+02:00,0.13875
2026-07-24T07:45:00+02:00,0.19
2026-07-24T08:00:00+02:00,0.3275
2026-07-24T08:15:00+02:00,0.17
2026-07-24T08:30:00+02:00,0.285
2026-07-24T08:45:00+02:00,0.2475
2026-07-24T09:00:00+02:00,0.1875
2026-07-24T09:15:00+02:00,0.1275
2026-07-24T09:30:00+02:00,0.2775
2026-07-24T09:45:00+02:00,0.42375
2026-07-24T10:00:00+02:00,0.13875
2026-07-24T10:15:00+02:00,0.375
2026-07-24T10:30:00+02:00,0.19
2026-07-24T10:45:00+02:00,0.2175
2026-07-24T11:00:00+02:00,0.1875
2026-07-24T11:15:00+02:00,0.2175
2026-07-24T11:30:00+02:00,0.189684
2026-07-24T11:45:00+02:00,0.092816
2026-07-24T12:00:00+02:00,0.1875
2026-07-24T12:15:00+02:00,0.25
2026-07-24T12:30:00+02:00,0.2825
2026-07-24T12:45:00+02:00,0.124691
2026-07-24T13:00:00+02:00,0.280309
2026-07-24T13:15:00+02:00,0.203518
2026-07-24T13:30:00+02:00,0.138982
2026-07-24T13:45:00+02:00,0.2825
2026-07-24T14:00:00+02:00,0.0925
2026-07-24T14:15:00+02:00,0.361169
2026-07-24T14:30:00+02:00,0.138831
2026-07-24T14:45:00+02:00,0.2825
2026-07-24T15:00:00+02:00,0.187342
2026-07-24T15:15:00+02:00,0.155158
2026-07-24T15:30:00+02:00,0.19
2026-07-24T15:45:00+02:00,0.124691
2026-07-24T16:00:00+02:00,0.185309
2026-07-24T16:15:00+02:00,0.3125
2026-07-24T16:30:00+02:00,0.095
2026-07-24T16:45:00+02:00,0.22
2026-07-24T17:00:00+02:00,0.185
2026-07-24T17:15:00+02:00,0.19
2026-07-24T17:30:00+02:00,0.28
2026-07-24T17:45:00+02:00,0.07875
2026-07-24T18:00:00+02:00,0.28125
2026-07-24T18:15:00+02:00,0.295
2026-07-24T18:30:00+02:00,0.19
2026-07-24T18:45:00+02:00,0.2175
2026-07-24T19:00:00+02:00,0.0925
2026-07-24T19:15:00+02:00,0.3125
2026-07-24T19:30:00+02:00,0.19
2026-07-24T19:45:00+02:00,0.2175
2026-07-24T20:00:00+02:00,0.1875
2026-07-24T20:15:00+02:00,0.155
2026-07-24T20:30:00+02:00,0.095
2026-07-24T20:45:00+02:00,0.28
2026-07-24T21:00:00+02:00,0.09495
2026-07-24T21:15:00+02:00,0.34255
2026-07-24T21:30:00+02:00,0.19
2026-07-24T21:45:00+02:00,0.185
2026-07-24T22:00:00+02:00,0.095
2026-07-24T22:15:00+02:00,0.22
2026-07-24T22:30:00+02:00,0.279842
2026-07-24T22:45:00+02:00,0.217658
2026-07-24T23:00:00+02:00,0.19
2026-07-24T23:15:00+02:00,0.2175
2026-07-24T23:30:00+02:00,0.1875
2026-07-24T23:45:00+02:00,0.1875
2026-07-25T00:00:00+02:00,0.1875
2026-07-25T00:15:00+02:00,0.062446
2026-07-25T00:30:00+02:00,0.329929
2026-07-25T00:45:00+02:00,0.262625
2026-07-25T01:00:00+02:00,0.1899
2026-07-25T01:15:00+02:00,0.0926
2026-07-25T01:30:00+02:00,0.2825
2026-07-25T01:45:00+02:00,0.217446
2026-07-25T02:00:00+02:00,0.092554
2026-07-25T02:15:00+02:00,0.25
2026-07-25T02:30:00+02:00,0.094842
2026-07-25T02:45:00+02:00,0.328908
2026-07-25T03:00:00+02:00,0.13875
2026-07-25T03:15:00+02:00,0.2825
2026-07-25T03:30:00+02:00,0.1875
2026-07-25T03:45:00+02:00,0.249846
2026-07-25T04:00:00+02:00,0.092654
2026-07-25T04:15:00+02:00,0.282446
2026-07-25T04:30:00+02:00,0.092554
2026-07-25T04:45:00+02:00,0.25
2026-07-25T05:00:00+02:00,0.095
2026-07-25T05:15:00+02:00,0.28
2026-07-25T05:30:00+02:00,0.094842
2026-07-25T05:45:00+02:00,0.312658
2026-07-25T06:00:00+02:00,0.1875
2026-07-25T06:15:00+02:00,0.0625
2026-07-25T06:30:00+02:00,0.1875
2026-07-25T06:45:00+02:00,0.28
2026-07-25T07:00:00+02:00,0.19
2026-07-25T07:15:00+02:00,0.14125
2026-07-25T07:30:00+02:00,0.27875
2026-07-25T07:45:00+02:00,0.1725
2026-07-25T08:00:00+02:00,0.0925
2026-07-25T08:15:00+02:00,0.25
2026-07-25T08:30:00+02:00,0.1899
2026-07-25T08:45:00+02:00,0.1251
2026-07-25T09:00:00+02:00,0.185
2026-07-25T09:15:00+02:00,0.25
2026-07-25T09:30:00+02:00,0.19
2026-07-25T09:45:00+02:00,0.2175
2026-07-25T10:00:00+02:00,0.1875
2026-07-25T10:15:00+02:00,0.187446
2026-07-25T10:30:00+02:00,0.092554
2026-07-25T10:45:00+02:00,0.29875
2026-07-25T11:00:00+02:00,0.23375
2026-07-25T11:15:00+02:00,0.0925
2026-07-25T11:30:00+02:00,0.19
2026-07-25T11:45:00+02:00,0.185
2026-07-25T12:00:00+02:00,0.19
2026-07-25T12:15:00+02:00,0.185
2026-07-25T12:30:00+02:00,0.1899
2026-07-25T12:45:00+02:00,0.1851
2026-07-25T13:00:00+02:00,0.19
2026-07-25T13:15:00+02:00,0.2175
2026-07-25T13:30:00+02:00,0.0925
2026-07-25T13:45:00+02:00,0.25
2026-07-25T14:00:00+02:00,0.095
2026-07-25T14:15:00+02:00,0.28
2026-07-25T14:30:00+02:00,0.2375
2026-07-25T14:45:00+02:00,0.14
2026-07-25T15:00:00+02:00,0.279842
2026-07-25T15:15:00+02:00,0.187658
2026-07-25T15:30:00+02:00,0.1875
2026-07-25T15:45:00+02:00,0.1875
2026-07-25T16:00:00+02:00,0.1875
2026-07-25T16:15:00+02:00,0.187446
2026-07-25T16:30:00+02:00,0.187504
2026-07-25T16:45:00+02:00,0.06255
2026-07-25T17:00:00+02:00,0.282184
2026-07-25T17:15:00+02:00,0.092816
2026-07-25T17:30:00+02:00,0.1875
2026-07-25T17:45:00+02:00,0.405
2026-07-25T18:00:00+02:00,0.19
2026-07-25T18:15:00+02:00,0.125
2026-07-25T18:30:00+02:00,0.28
2026-07-25T18:45:00+02:00,0.094691
2026-07-25T19:00:00+02:00,0.185309
2026-07-25T19:15:00+02:00,0.157446
2026-07-25T19:30:00+02:00,0.282454
2026-07-25T19:45:00+02:00,0.2176
2026-07-25T20:00:00+02:00,0.0925
2026-07-25T20:15:00+02:00,0.19
2026-07-25T20:30:00+02:00,0.185
2026-07-25T20:45:00+02:00,0.2825
2026-07-25T21:00:00+02:00,0.1875
2026-07-25T21:15:00+02:00,0.11125
2026-07-25T21:30:00+02:00,0.23125
2026-07-25T21:45:00+02:00,0.25
2026-07-25T22:00:00+02:00,0.095
2026-07-25T22:15:00+02:00,0.22
2026-07-25T22:30:00+02:00,0.28
2026-07-25T22:45:00+02:00,0.094892
2026-07-25T23:00:00+02:00,0.185108
2026-07-25T23:15:00+02:00,0.25
2026-07-25T23:30:00+02:00,0.095
2026-07-25T23:45:00+02:00,0.28
2026-07-26T00:00:00+02:00,0.095
2026-07-26T00:15:00+02:00,0.28
2026-07-26T00:30:00+02:00,0.095
2026-07-26T00:45:00+02:00,0.3425
2026-07-26T01:00:00+02:00,0.095
2026-07-26T01:15:00+02:00,0.28
2026-07-26T01:30:00+02:00,0.19
2026-07-26T01:45:00+02:00,0.2175
2026-07-26T02:00:00+02:00,0.0925
2026-07-26T02:15:00+02:00,0.282446
2026-07-26T02:30:00+02:00,0.187504
2026-07-26T02:45:00+02:00,0.15505
2026-07-26T03:00:00+02:00,0.19
2026-07-26T03:15:00+02:00,0.2175
2026-07-26T03:30:00+02:00,0.0925
2026-07-26T03:45:00+02:00,0.19
2026-07-26T04:00:00+02:00,0.185
2026-07-26T04:15:00+02:00,0.345
2026-07-26T04:30:00+02:00,0.1875
2026-07-26T04:45:00+02:00,0.155
2026-07-26T05:00:00+02:00,0.19
2026-07-26T05:15:00+02:00,0.185
2026-07-26T05:30:00+02:00,0.09495
2026-07-26T05:45:00+02:00,0.31255
2026-07-26T06:00:00+02:00,0.0925
2026-07-26T06:15:00+02:00,0.2825
2026-07-26T06:30:00+02:00,0.0925
2026-07-26T06:45:00+02:00,0.25
2026-07-26T07:00:00+02:00,0.09495
2026-07-26T07:15:00+02:00,0.28005
2026-07-26T07:30:00+02:00,0.19
2026-07-26T07:45:00+02:00,0.2475
2026-07-26T08:00:00+02:00,0.095
2026-07-26T08:15:00+02:00,0.187346
2026-07-26T08:30:00+02:00,0.282654
2026-07-26T08:45:00+02:00,0.2175
2026-07-26T09:00:00+02:00,0.0925
2026-07-26T09:15:00+02:00,0.25
2026-07-26T09:30:00+02:00,0.19
2026-07-26T09:45:00+02:00,0.125
2026-07-26T10:00:00+02:00,0.185
2026-07-26T10:15:00+02:00,0.19
2026-07-26T10:30:00+02:00,0.28
2026-07-26T10:45:00+02:00,0.187446
2026-07-26T11:00:00+02:00,0.092554
2026-07-26T11:15:00+02:00,0.2525
2026-07-26T11:30:00+02:00,0.185
2026-07-26T11:45:00+02:00,0.19
2026-07-26T12:00:00+02:00,0.2325
2026-07-26T12:15:00+02:00,0.0475
2026-07-26T12:30:00+02:00,0.1875
2026-07-26T12:45:00+02:00,0.3125
2026-07-26T13:00:00+02:00,0.0925
2026-07-26T13:15:00+02:00,0.189892
2026-07-26T13:30:00+02:00,0.280058
2026-07-26T13:45:00+02:00,0.1713
2026-07-26T14:00:00+02:00,0.04625
2026-07-26T14:15:00+02:00,0.19
2026-07-26T14:30:00+02:00,0.185
2026-07-26T14:45:00+02:00,0.20625
2026-07-26T15:00:00+02:00,0.23125
2026-07-26T15:15:00+02:00,0.2825
2026-07-26T15:30:00+02:00,0.0925
2026-07-26T15:45:00+02:00,0.173669
2026-07-26T16:00:00+02:00,0.138831
2026-07-26T16:15:00+02:00,0.2825
2026-07-26T16:30:00+02:00,0.1875
2026-07-26T16:45:00+02:00,0.1875
2026-07-26T17:00:00+02:00,0.0925
2026-07-26T17:15:00+02:00,0.2825
2026-07-26T17:30:00+02:00,0.0925
2026-07-26T17:45:00+02:00,0.17375
2026-07-26T18:00:00+02:00,0.13875
2026-07-26T18:15:00+02:00,0.29875
2026-07-26T18:30:00+02:00,0.23375
2026-07-26T18:45:00+02:00,0.0625
2026-07-26T19:00:00+02:00,0.1875
2026-07-26T19:15:00+02:00,0.22
2026-07-26T19:30:00+02:00,0.185
2026-07-26T19:45:00+02:00,0.2825
2026-07-26T20:00:00+02:00,0.0925
2026-07-26T20:15:00+02:00,0.26625
2026-07-26T20:30:00+02:00,0.04625
2026-07-26T20:45:00+02:00,0.2825
2026-07-26T21:00:00+02:00,0.1875
2026-07-26T21:15:00+02:00,0.1875
2026-07-26T21:30:00+02:00,0.0925
2026-07-26T21:45:00+02:00,0.25
2026-07-26T22:00:00+02:00,0.2375
2026-07-26T22:15:00+02:00,0.2325
2026-07-26T22:30:00+02:00,0.0925
2026-07-26T22:45:00+02:00,0.19
2026-07-26T23:00:00+02:00,0.185
2026-07-26T23:15:00+02:00,0.2825
2026-07-26T23:30:00+02:00,0.14
2026-07-26T23:45:00+02:00,0.1725
2026-07-27T00:00:00+02:00,0.124846
2026-07-27T00:15:00+02:00,0.282654
2026-07-27T00:30:00+02:00,0.185
2026-07-27T00:45:00+02:00,0.19
2026-07-27T01:00:00+02:00,0.125
2026-07-27T01:15:00+02:00,0.2325
2026-07-27T01:30:00+02:00,0.09625
2026-07-27T01:45:00+02:00,0.23125
2026-07-27T02:00:00+02:00,0.2825
2026-07-27T02:15:00+02:00,0.1875
2026-07-27T02:30:00+02:00,0.155
2026-07-27T02:45:00+02:00,0.1425
2026-07-27T03:00:00+02:00,0.11
2026-07-27T03:15:00+02:00,0.185
2026-07-27T03:30:00+02:00,0.1575
2026-07-27T03:45:00+02:00,0.1875
2026-07-27T04:00:00+02:00,0.28
2026-07-27T04:15:00+02:00,0.09495
2026-07-27T04:30:00+02:00,0.31255
2026-07-27T04:45:00+02:00,0.0925
2026-07-27T05:00:00+02:00,0.25
2026-07-27T05:15:00+02:00,0.2375
2026-07-27T05:30:00+02:00,0.1725
2026-07-27T05:45:00+02:00,0.2775
2026-07-27T06:00:00+02:00,0.4375
2026-07-27T06:15:00+02:00,0.3325
2026-07-27T06:30:00+02:00,0.169892
2026-07-27T06:45:00+02:00,0.517433
2026-07-27T07:00:00+02:00,0.170175
2026-07-27T07:15:00+02:00,0.5175
2026-07-27T07:30:00+02:00,13.5425
2026-07-27T07:45:00+02:00,19.57
2026-07-27T08:00:00+02:00,18.055
2026-07-27T08:15:00+02:00,8.8825
2026-07-27T08:30:00+02:00,13.93
2026-07-27T08:45:00+02:00,0.332325
2026-07-27T09:00:00+02:00,1.210175
2026-07-27T09:15:00+02:00,10.84
2026-07-27T09:30:00+02:00,7.435
2026-07-27T09:45:00+02:00,14.245
2026-07-27T10:00:00+02:00,21.39125
2026-07-27T10:15:00+02:00,6.98375
2026-07-27T10:30:00+02:00,13.9025
2026-07-27T10:45:00+02:00,19.9625
2026-07-27T11:00:00+02:00,2.090864
2026-07-27T11:15:00+02:00,6.739136
2026-07-27T11:30:00+02:00,14.79625
2026-07-27T11:45:00+02:00,7.44625
2026-07-27T12:00:00+02:00,15.615
2026-07-27T12:15:00+02:00,15.4475
2026-07-27T12:30:00+02:00,12.098898
2026-07-27T12:45:00+02:00,4.168527
2026-07-27T13:00:00+02:00,0.232575
2026-07-27T13:15:00+02:00,12.0175
2026-07-27T13:30:00+02:00,14.295
2026-07-27T13:45:00+02:00,15.96
2026-07-27T14:00:00+02:00,10.393193
2026-07-27T14:15:00+02:00,23.076807
2026-07-27T14:30:00+02:00,7.71
2026-07-27T14:45:00+02:00,22.6325
2026-07-27T15:00:00+02:00,5.015
2026-07-27T15:15:00+02:00,22.79
2026-07-27T15:30:00+02:00,17.585
2026-07-27T15:45:00+02:00,7.4
2026-07-27T16:00:00+02:00,22.23875
2026-07-27T16:15:00+02:00,7.26125
2026-07-27T16:30:00+02:00,19.375
2026-07-27T16:45:00+02:00,14.74792
2026-07-27T17:00:00+02:00,9.87333
2026-07-27T17:15:00+02:00,22.30625
2026-07-27T17:30:00+02:00,14.89
2026-07-27T17:45:00+02:00,7.3075
2026-07-27T18:00:00+02:00,14.1875
2026-07-27T18:15:00+02:00,5.791945
2026-07-27T18:30:00+02:00,1.930555
2026-07-27T18:45:00+02:00,0.467184
2026-07-27T19:00:00+02:00,0.109066
2026-07-27T19:15:00+02:00,19.107136
2026-07-27T19:30:00+02:00,23.152864
2026-07-27T19:45:00+02:00,10.12875
2026-07-27T20:00:00+02:00,20.350689
2026-07-27T20:15:00+02:00,19.086811
2026-07-27T20:30:00+02:00,7.016223
2026-07-27T20:45:00+02:00,0.046277
2026-07-27T21:00:00+02:00,0.0625
2026-07-27T21:15:00+02:00,23.663062
2026-07-27T21:30:00+02:00,29.210688
2026-07-27T21:45:00+02:00,25.83125
2026-07-27T22:00:00+02:00,8.73625
2026-07-27T22:15:00+02:00,39.83375
2026-07-27T22:30:00+02:00,29.80125
2026-07-27T22:45:00+02:00,12.08875
2026-07-27T23:00:00+02:00,0.3975
2026-07-27T23:15:00+02:00,2.85
2026-07-27T23:30:00+02:00,9.07375
2026-07-27T23:45:00+02:00,23.26375
2026-07-28T00:00:00+02:00,23.3575
2026-07-28T00:15:00+02:00,30.095
2026-07-28T00:30:00+02:00,15.881735
2026-07-28T00:45:00+02:00,15.656583
2026-07-28T01:00:00+02:00,7.862759
2026-07-28T01:15:00+02:00,22.962366
2026-07-28T01:30:00+02:00,12.559057
2026-07-28T01:45:00+02:00,15.381886
2026-07-28T02:00:00+02:00,10.133114
2026-07-28T02:15:00+02:00,14.985
2026-07-28T02:30:00+02:00,20.0625
2026-07-28T02:45:00+02:00,3.135
2026-07-28T03:00:00+02:00,1.147346
2026-07-28T03:15:00+02:00,0.092654
2026-07-28T03:30:00+02:00,0.0
2026-07-28T03:45:00+02:00,6.836394
2026-07-28T04:00:00+02:00,17.030807
2026-07-28T04:15:00+02:00,18.897616
2026-07-28T04:30:00+02:00,9.691434
2026-07-28T04:45:00+02:00,18.73125
2026-07-28T05:00:00+02:00,1.25
2026-07-28T05:15:00+02:00,0.0
2026-07-28T05:30:00+02:00,0.0625
2026-07-28T05:45:00+02:00,0.0
2026-07-28T06:00:00+02:00,0.0
2026-07-28T06:15:00+02:00,8.1225
2026-07-28T06:30:00+02:00,6.980171
2026-07-28T06:45:00+02:00,19.154829
2026-07-28T07:00:00+02:00,6.224301
2026-07-28T07:15:00+02:00,12.225524
2026-07-28T07:30:00+02:00,0.167675
2026-07-28T07:45:00+02:00,0.2375
2026-07-28T08:00:00+02:00,0.2625
2026-07-28T08:15:00+02:00,1.045
2026-07-28T08:30:00+02:00,1.825
2026-07-28T08:45:00+02:00,6.5825
2026-07-28T09:00:00+02:00,1.53125
2026-07-28T09:15:00+02:00,4.49875
2026-07-28T09:30:00+02:00,7.1425
2026-07-28T09:45:00+02:00,2.375
2026-07-28T10:00:00+02:00,7.3125
2026-07-28T10:15:00+02:00,2.848497
2026-07-28T10:30:00+02:00,9.517753
2026-07-28T10:45:00+02:00,5.71875
2026-07-28T11:00:00+02:00,2.94625
2026-07-28T11:15:00+02:00,8.34625
2026-07-28T11:30:00+02:00,1.6875
2026-07-28T11:45:00+02:00,7.5325
2026-07-28T12:00:00+02:00,3.345
2026-07-28T12:15:00+02:00,4.995
2026-07-28T12:30:00+02:00,6.9375
2026-07-28T12:45:00+02:00,5.2725
2026-07-28T13:00:00+02:00,5.929503
2026-07-28T13:15:00+02:00,2.547997
2026-07-28T13:30:00+02:00,6.9375
2026-07-28T13:45:00+02:00,2.8025
2026-07-28T14:00:00+02:00,1.325
2026-07-28T14:15:00+02:00,0.185
2026-07-28T14:30:00+02:00,6.50375
2026-07-28T14:45:00+02:00,27.40625
2026-07-28T15:00:00+02:00,9.7525
2026-07-28T15:15:00+02:00,18.9625
2026-07-28T15:30:00+02:00,29.048045
2026-07-28T15:45:00+02:00,20.066521
2026-07-28T16:00:00+02:00,18.604184
2026-07-28T16:15:00+02:00,16.43984
2026-07-28T16:30:00+02:00,13.71641
2026-07-28T16:45:00+02:00,16.787022
2026-07-28T17:00:00+02:00,5.679228
2026-07-28T17:15:00+02:00,0.97125
2026-07-28T17:30:00+02:00,0.6875
2026-07-28T17:45:00+02:00,11.5425
2026-07-28T18:00:00+02:00,8.6825
2026-07-28T18:15:00+02:00,21.7
2026-07-28T18:30:00+02:00,12.2625
2026-07-28T18:45:00+02:00,7.505
2026-07-28T19:00:00+02:00,15.995
2026-07-28T19:15:00+02:00,0.3798
2026-07-28T19:30:00+02:00,1.8102
2026-07-28T19:45:00+02:00,15.14777
2026-07-28T20:00:00+02:00,6.61848
2026-07-28T20:15:00+02:00,29.28875
2026-07-28T20:30:00+02:00,23.3275
2026-07-28T20:45:00+02:00,20.2975
2026-07-28T21:00:00+02:00,20.2975
2026-07-28T21:15:00+02:00,10.0825
2026-07-28T21:30:00+02:00,5.9375
2026-07-28T21:45:00+02:00,4.0375
2026-07-28T22:00:00+02:00,17.9625
2026-07-28T22:15:00+02:00,26.158702
2026-07-28T22:30:00+02:00,17.525048
2026-07-28T22:45:00+02:00,26.31625
2026-07-28T23:00:00+02:00,39.5475
2026-07-28T23:15:00+02:00,25.236714
2026-07-28T23:30:00+02:00,12.367036
2026-07-28T23:45:00+02:00,36.21375
2026-07-29T00:00:00+02:00,12.57875
2026-07-29T00:15:00+02:00,24.74375
2026-07-29T00:30:00+02:00,25.25875
2026-07-29T00:45:00+02:00,37.80125
2026-07-29T01:00:00+02:00,12.97
2026-07-29T01:15:00+02:00,38.075
2026-07-29T01:30:00+02:00,24.780017
2026-07-29T01:45:00+02:00,12.739983
2026-07-29T02:00:00+02:00,33.875
2026-07-29T02:15:00+02:00,25.7925
2026-07-29T02:30:00+02:00,29.785
2026-07-29T02:45:00+02:00,12.6725
2026-07-29T03:00:00+02:00,37.73
2026-07-29T03:15:00+02:00,25.435765
2026-07-29T03:30:00+02:00,12.874688
2026-07-29T03:45:00+02:00,37.525385
2026-07-29T04:00:00+02:00,25.245411
2026-07-29T04:15:00+02:00,12.62625
2026-07-29T04:30:00+02:00,25.85625
2026-07-29T04:45:00+02:00,38.17375
2026-07-29T05:00:00+02:00,15.5325
2026-07-29T05:15:00+02:00,0.38
2026-07-29T05:30:00+02:00,0.3075
2026-07-29T05:45:00+02:00,0.1899
2026-07-29T06:00:00+02:00,6.581731
2026-07-29T06:15:00+02:00,33.985256
2026-07-29T06:30:00+02:00,15.901864
2026-07-29T06:45:00+02:00,48.40875
2026-07-29T07:00:00+02:00,20.9325
2026-07-29T07:15:00+02:00,0.285
2026-07-29T07:30:00+02:00,0.215
2026-07-29T07:45:00+02:00,0.0
2026-07-29T08:00:00+02:00,18.94
2026-07-29T08:15:00+02:00,18.8875
2026-07-29T08:30:00+02:00,18.58875
2026-07-29T08:45:00+02:00,8.83375
2026-07-29T09:00:00+02:00,22.875
2026-07-29T09:15:00+02:00,17.575
2026-07-29T09:30:00+02:00,17.05
2026-07-29T09:45:00+02:00,13.609817
2026-07-29T10:00:00+02:00,4.452683
2026-07-29T10:15:00+02:00,0.2375
2026-07-29T10:30:00+02:00,4.441653
2026-07-29T10:45:00+02:00,12.508347
2026-07-29T11:00:00+02:00,29.975
2026-07-29T11:15:00+02:00,20.875
2026-07-29T11:30:00+02:00,6.59625
2026-07-29T11:45:00+02:00,8.78875
2026-07-29T12:00:00+02:00,0.09375
2026-07-29T12:15:00+02:00,1.28125
2026-07-29T12:30:00+02:00,18.58875
2026-07-29T12:45:00+02:00,22.762045
2026-07-29T13:00:00+02:00,7.369205
2026-07-29T13:15:00+02:00,30.78
2026-07-29T13:30:00+02:00,13.764791
2026-07-29T13:45:00+02:00,31.907709
2026-07-29T14:00:00+02:00,11.8425
2026-07-29T14:15:00+02:00,0.0475
2026-07-29T14:30:00+02:00,0.14
2026-07-29T14:45:00+02:00,0.142425
2026-07-29T15:00:00+02:00,0.045075
2026-07-29T15:15:00+02:00,0.0
2026-07-29T15:30:00+02:00,0.0
2026-07-29T15:45:00+02:00,0.0
2026-07-29T16:00:00+02:00,0.0
2026-07-29T16:15:00+02:00,0.0
2026-07-29T16:30:00+02:00,0.0
2026-07-29T16:45:00+02:00,0.0
2026-07-29T17:00:00+02:00,0.4375
2026-07-29T17:15:00+02:00,0.28485
2026-07-29T17:30:00+02:00,0.27765
2026-07-29T17:45:00+02:00,0.1425
2026-07-29T18:00:00+02:00,0.3575
2026-07-29T18:15:00+02:00,0.285
2026-07-29T18:30:00+02:00,0.2775
2026-07-29T18:45:00+02:00,0.4275
2026-07-29T19:00:00+02:00,0.3225
2026-07-29T19:15:00+02:00,0.4275
2026-07-29T19:30:00+02:00,0.30875
2026-07-29T19:45:00+02:00,0.23375
2026-07-29T20:00:00+02:00,0.127338
2026-07-29T20:15:00+02:00,0.277662
2026-07-29T20:30:00+02:00,0.3125
2026-07-29T20:45:00+02:00,0.28485
2026-07-29T21:00:00+02:00,0.31015
2026-07-29T21:15:00+02:00,0.235
2026-07-29T21:30:00+02:00,0.31375
2026-07-29T21:45:00+02:00,0.23125
2026-07-29T22:00:00+02:00,0.3125
2026-07-29T22:15:00+02:00,0.2375
2026-07-29T22:30:00+02:00,0.12375
2026-07-29T22:45:00+02:00,0.42375
2026-07-29T23:00:00+02:00,0.219382
2026-07-29T23:15:00+02:00,0.497284
2026-07-29T23:30:00+02:00,0.313333
2026-07-29T23:45:00+02:00,0.2225
2026-07-30T00:00:00+02:00,0.7125
2026-07-30T00:15:00+02:00,0.38
2026-07-30T00:30:00+02:00,0.233561
2026-07-30T00:45:00+02:00,0.323939
2026-07-30T01:00:00+02:00,0.375
2026-07-30T01:15:00+02:00,0.1425
2026-07-30T01:30:00+02:00,0.50125
2026-07-30T01:45:00+02:00,0.23125
2026-07-30T02:00:00+02:00,0.4075
2026-07-30T02:15:00+02:00,0.282184
2026-07-30T02:30:00+02:00,0.247816
2026-07-30T02:45:00+02:00,0.285
2026-07-30T03:00:00+02:00,0.138518
2026-07-30T03:15:00+02:00,0.328982
2026-07-30T03:30:00+02:00,0.435
2026-07-30T03:45:00+02:00,0.28485
2026-07-30T04:00:00+02:00,0.34015
2026-07-30T04:15:00+02:00,0.3325
2026-07-30T04:30:00+02:00,0.23
2026-07-30T04:45:00+02:00,0.1425
2026-07-30T05:00:00+02:00,0.42
2026-07-30T05:15:00+02:00,0.237105
2026-07-30T05:30:00+02:00,0.107895
2026-07-30T05:45:00+02:00,0.1875
2026-07-30T06:00:00+02:00,0.3425
2026-07-30T06:15:00+02:00,0.19
2026-07-30T06:30:00+02:00,0.23375
2026-07-30T06:45:00+02:00,0.13875
2026-07-30T07:00:00+02:00,0.20625
2026-07-30T07:15:00+02:00,0.23125
2026-07-30T07:30:00+02:00,0.282346
2026-07-30T07:45:00+02:00,0.187654
2026-07-30T08:00:00+02:00,0.20375
2026-07-30T08:15:00+02:00,0.23375
2026-07-30T08:30:00+02:00,0.1875
2026-07-30T08:45:00+02:00,0.234763
2026-07-30T09:00:00+02:00,0.218987
2026-07-30T09:15:00+02:00,0.13875
2026-07-30T09:30:00+02:00,0.236018
2026-07-30T09:45:00+02:00,0.376482
2026-07-30T10:00:00+02:00,0.14
2026-07-30T10:15:00+02:00,0.28
2026-07-30T10:30:00+02:00,0.094691
2026-07-30T10:45:00+02:00,0.185309
2026-07-30T11:00:00+02:00,0.3125
2026-07-30T11:15:00+02:00,0.095
2026-07-30T11:30:00+02:00,0.28
2026-07-30T11:45:00+02:00,0.19
2026-07-30T12:00:00+02:00,0.185
2026-07-30T12:15:00+02:00,0.237105
2026-07-30T12:30:00+02:00,0.232895
2026-07-30T12:45:00+02:00,0.1875
2026-07-30T13:00:00+02:00,0.11125
2026-07-30T13:15:00+02:00,0.23125
2026-07-30T13:30:00+02:00,0.29875
2026-07-30T13:45:00+02:00,0.23375
2026-07-30T14:00:00+02:00,0.187346
2026-07-30T14:15:00+02:00,0.187654
2026-07-30T14:30:00+02:00,0.155
2026-07-30T14:45:00+02:00,0.09495
2026-07-30T15:00:00+02:00,0.2038
2026-07-30T15:15:00+02:00,0.32875
2026-07-30T15:30:00+02:00,0.0925
2026-07-30T15:45:00+02:00,0.2825
2026-07-30T16:00:00+02:00,0.1575
2026-07-30T16:15:00+02:00,0.3725
2026-07-30T16:30:00+02:00,0.111115
2026-07-30T16:45:00+02:00,0.231385
2026-07-30T17:00:00+02:00,0.189892
2026-07-30T17:15:00+02:00,0.185108
2026-07-30T17:30:00+02:00,0.25
2026-07-30T17:45:00+02:00,0.1899
2026-07-30T18:00:00+02:00,0.1251
2026-07-30T18:15:00+02:00,0.185
2026-07-30T18:30:00+02:00,0.19
2026-07-30T18:45:00+02:00,0.185
2026-07-30T19:00:00+02:00,0.25
2026-07-30T19:15:00+02:00,0.19
2026-07-30T19:30:00+02:00,0.14125
2026-07-30T19:45:00+02:00,0.32625
2026-07-30T20:00:00+02:00,0.078669
2026-07-30T20:15:00+02:00,0.328731
2026-07-30T20:30:00+02:00,0.1851
2026-07-30T20:45:00+02:00,0.2375
2026-07-30T21:00:00+02:00,0.139892
2026-07-30T21:15:00+02:00,0.185108
2026-07-30T21:30:00+02:00,0.3125
2026-07-30T21:45:00+02:00,0.189684
2026-07-30T22:00:00+02:00,0.280316
2026-07-30T22:15:00+02:00,0.1875
2026-07-30T22:30:00+02:00,0.094691
2026-07-30T22:45:00+02:00,0.375309
2026-07-30T23:00:00+02:00,0.125
2026-07-30T23:15:00+02:00,0.28
2026-07-30T23:30:00+02:00,0.0625
2026-07-30T23:45:00+02:00,0.33
2026-07-31T00:00:00+02:00,0.1075
2026-07-31T00:15:00+02:00,0.1875
2026-07-31T00:30:00+02:00,0.3125
2026-07-31T00:45:00+02:00,0.187342
2026-07-31T01:00:00+02:00,0.155158
2026-07-31T01:15:00+02:00,0.19
2026-07-31T01:30:00+02:00,0.185
2026-07-31T01:45:00+02:00,0.19
2026-07-31T02:00:00+02:00,0.2475
2026-07-31T02:15:00+02:00,0.19
2026-07-31T02:30:00+02:00,0.108518
2026-07-31T02:45:00+02:00,0.138982
2026-07-31T03:00:00+02:00,0.25
2026-07-31T03:15:00+02:00,0.19
2026-07-31T03:30:00+02:00,0.2175
2026-07-31T03:45:00+02:00,0.0925
2026-07-31T04:00:00+02:00,0.25
2026-07-31T04:15:00+02:00,0.19
2026-07-31T04:30:00+02:00,0.185
2026-07-31T04:45:00+02:00,0.094842
2026-07-31T05:00:00+02:00,0.203827
2026-07-31T05:15:00+02:00,0.138831
2026-07-31T05:30:00+02:00,0.25
2026-07-31T05:45:00+02:00,0.237105
2026-07-31T06:00:00+02:00,0.140395
2026-07-31T06:15:00+02:00,0.185
2026-07-31T06:30:00+02:00,0.219846
2026-07-31T06:45:00+02:00,0.092654
2026-07-31T07:00:00+02:00,0.20375
2026-07-31T07:15:00+02:00,0.04625
2026-07-31T07:30:00+02:00,0.2825
2026-07-31T07:45:00+02:00,0.0925
2026-07-31T08:00:00+02:00,0.2825
2026-07-31T08:15:00+02:00,0.14
2026-07-31T08:30:00+02:00,0.08
2026-07-31T08:45:00+02:00,0.279842
2026-07-31T09:00:00+02:00,0.095158
2026-07-31T09:15:00+02:00,0.28
2026-07-31T09:30:00+02:00,0.249846
2026-07-31T09:45:00+02:00,0.187654
2026-07-31T10:00:00+02:00,0.095
2026-07-31T10:15:00+02:00,0.185
2026-07-31T10:30:00+02:00,0.26625
2026-07-31T10:45:00+02:00,0.14125
2026-07-31T11:00:00+02:00,0.095
2026-07-31T11:15:00+02:00,0.28
2026-07-31T11:30:00+02:00,0.094892
2026-07-31T11:45:00+02:00,0.185108
2026-07-31T12:00:00+02:00,0.19
2026-07-31T12:15:00+02:00,0.185
2026-07-31T12:30:00+02:00,0.19
2026-07-31T12:45:00+02:00,0.185
2026-07-31T13:00:00+02:00,0.345
2026-07-31T13:15:00+02:00,0.1875
2026-07-31T13:30:00+02:00,0.187346
2026-07-31T13:45:00+02:00,0.092654
2026-07-31T14:00:00+02:00,0.25
2026-07-31T14:15:00+02:00,0.095
2026-07-31T14:30:00+02:00,0.249946
2026-07-31T14:45:00+02:00,0.092554
2026-07-31T15:00:00+02:00,0.25
2026-07-31T15:15:00+02:00,0.095
2026-07-31T15:30:00+02:00,0.3125
2026-07-31T15:45:00+02:00,0.187342
2026-07-31T16:00:00+02:00,0.187658
2026-07-31T16:15:00+02:00,0.1875
2026-07-31T16:30:00+02:00,0.095
2026-07-31T16:45:00+02:00,0.28
2026-07-31T17:00:00+02:00,0.187346
2026-07-31T17:15:00+02:00,0.092654
2026-07-31T17:30:00+02:00,0.282446
2026-07-31T17:45:00+02:00,0.092554
2026-07-31T18:00:00+02:00,0.1575
2026-07-31T18:15:00+02:00,0.1875
2026-07-31T18:30:00+02:00,0.3125
2026-07-31T18:45:00+02:00,0.1875
2026-07-31T19:00:00+02:00,0.155
2026-07-31T19:15:00+02:00,0.19
2026-07-31T19:30:00+02:00,0.125
2026-07-31T19:45:00+02:00,0.28
2026-07-31T20:00:00+02:00,0.20375
2026-07-31T20:15:00+02:00,0.18625
2026-07-31T20:30:00+02:00,0.079691
2026-07-31T20:45:00+02:00,0.280309
2026-07-31T21:00:00+02:00,0.07875
2026-07-31T21:15:00+02:00,0.23375
2026-07-31T21:30:00+02:00,0.1875
2026-07-31T21:45:00+02:00,0.1875
2026-07-31T22:00:00+02:00,0.07875
2026-07-31T22:15:00+02:00,0.23375
2026-07-31T22:30:00+02:00,0.062446
2026-07-31T22:45:00+02:00,0.282454
2026-07-31T23:00:00+02:00,0.1251
2026-07-31T23:15:00+02:00,0.28
2026-07-31T23:30:00+02:00,0.0925
2026-07-31T23:45:00+02:00,0.19
2026-08-01T00:00:00+02:00,0.06
2026-08-01T00:15:00+02:00,0.2525
2026-08-01T00:30:00+02:00,0.185
2026-08-01T00:45:00+02:00,0.17375
2026-08-01T01:00:00+02:00,0.23375
2026-08-01T01:15:00+02:00,0.095
2026-08-01T01:30:00+02:00,0.279842
2026-08-01T01:45:00+02:00,0.155158
2026-08-01T02:00:00+02:00,0.0475
2026-08-01T02:15:00+02:00,0.204691
2026-08-01T02:30:00+02:00,0.280309
2026-08-01T02:45:00+02:00,0.155
2026-08-01T03:00:00+02:00,0.1425
2026-08-01T03:15:00+02:00,0.0775
2026-08-01T03:30:00+02:00,0.1875
2026-08-01T03:45:00+02:00,0.23625
2026-08-01T04:00:00+02:00,0.23125
2026-08-01T04:15:00+02:00,0.1875
2026-08-01T04:30:00+02:00,0.094842
2026-08-01T04:45:00+02:00,0.280158
2026-08-01T05:00:00+02:00,0.095
2026-08-01T05:15:00+02:00,0.219691
2026-08-01T05:30:00+02:00,0.280309
2026-08-01T05:45:00+02:00,0.155
2026-08-01T06:00:00+02:00,0.1425
2026-08-01T06:15:00+02:00,0.109892
2026-08-01T06:30:00+02:00,0.185108
2026-08-01T06:45:00+02:00,0.19
2026-08-01T07:00:00+02:00,0.279842
2026-08-01T07:15:00+02:00,0.125158
2026-08-01T07:30:00+02:00,0.0925
2026-08-01T07:45:00+02:00,0.2525
2026-08-01T08:00:00+02:00,0.185
2026-08-01T08:15:00+02:00,0.25
2026-08-01T08:30:00+02:00,0.0475
2026-08-01T08:45:00+02:00,0.265
2026-08-01T09:00:00+02:00,0.1899
2026-08-01T09:15:00+02:00,0.1551
2026-08-01T09:30:00+02:00,0.187342
2026-08-01T09:45:00+02:00,0.155158
2026-08-01T10:00:00+02:00,0.1425
2026-08-01T10:15:00+02:00,0.11
2026-08-01T10:30:00+02:00,0.185
2026-08-01T10:45:00+02:00,0.17375
2026-08-01T11:00:00+02:00,0.23375
2026-08-01T11:15:00+02:00,0.25
2026-08-01T11:30:00+02:00,0.14
2026-08-01T11:45:00+02:00,0.1725
2026-08-01T12:00:00+02:00,0.1875
2026-08-01T12:15:00+02:00,0.155
2026-08-01T12:30:00+02:00,0.142263
2026-08-01T12:45:00+02:00,0.202737
2026-08-01T13:00:00+02:00,0.14
2026-08-01T13:15:00+02:00,0.079691
2026-08-01T13:30:00+02:00,0.280309
2026-08-01T13:45:00+02:00,0.094691
2026-08-01T14:00:00+02:00,0.232809
2026-08-01T14:15:00+02:00,0.08
2026-08-01T14:30:00+02:00,0.28
2026-08-01T14:45:00+02:00,0.1875
2026-08-01T15:00:00+02:00,0.0925
2026-08-01T15:15:00+02:00,0.23625
2026-08-01T15:30:00+02:00,0.23375
2026-08-01T15:45:00+02:00,0.1875
2026-08-01T16:00:00+02:00,0.0925
2026-08-01T16:15:00+02:00,0.19
2026-08-01T16:30:00+02:00,0.28
2026-08-01T16:45:00+02:00,0.155
2026-08-01T17:00:00+02:00,0.0475
2026-08-01T17:15:00+02:00,0.2975
2026-08-01T17:30:00+02:00,0.1875
2026-08-01T17:45:00+02:00,0.07875
2026-08-01T18:00:00+02:00,0.23375
2026-08-01T18:15:00+02:00,0.22
2026-08-01T18:30:00+02:00,0.185
2026-08-01T18:45:00+02:00,0.344846
2026-08-01T19:00:00+02:00,0.092654
2026-08-01T19:15:00+02:00,0.22
2026-08-01T19:30:00+02:00,0.1875
2026-08-01T19:45:00+02:00,0.094691
2026-08-01T20:00:00+02:00,0.280309
2026-08-01T20:15:00+02:00,0.171223
2026-08-01T20:30:00+02:00,0.046277
2026-08-01T20:45:00+02:00,0.2825
2026-08-01T21:00:00+02:00,0.0925
2026-08-01T21:15:00+02:00,0.1875
2026-08-01T21:30:00+02:00,0.095
2026-08-01T21:45:00+02:00,0.28
2026-08-01T22:00:00+02:00,0.1425
2026-08-01T22:15:00+02:00,0.21875
2026-08-01T22:30:00+02:00,0.13875
2026-08-01T22:45:00+02:00,0.22
2026-08-01T23:00:00+02:00,0.0925
2026-08-01T23:15:00+02:00,0.26625
2026-08-01T23:30:00+02:00,0.14125
2026-08-01T23:45:00+02:00,0.1875
2026-08-02T00:00:00+02:00,0.0925
2026-08-02T00:15:00+02:00,0.173669
2026-08-02T00:30:00+02:00,0.233781
2026-08-02T00:45:00+02:00,0.09505
2026-08-02T01:00:00+02:00,0.185
2026-08-02T01:15:00+02:00,0.22
2026-08-02T01:30:00+02:00,0.187342
2026-08-02T01:45:00+02:00,0.078908
2026-08-02T02:00:00+02:00,0.13875
2026-08-02T02:15:00+02:00,0.298518
2026-08-02T02:30:00+02:00,0.138982
2026-08-02T02:45:00+02:00,0.219946
2026-08-02T03:00:00+02:00,0.140029
2026-08-02T03:15:00+02:00,0.140025
2026-08-02T03:30:00+02:00,0.19
2026-08-02T03:45:00+02:00,0.201223
2026-08-02T04:00:00+02:00,0.046277
2026-08-02T04:15:00+02:00,0.17375
2026-08-02T04:30:00+02:00,0.13875
2026-08-02T04:45:00+02:00,0.2825
2026-08-02T05:00:00+02:00,0.0925
2026-08-02T05:15:00+02:00,0.1275
2026-08-02T05:30:00+02:00,0.28
2026-08-02T05:45:00+02:00,0.125
2026-08-02T06:00:00+02:00,0.1875
2026-08-02T06:15:00+02:00,0.155
2026-08-02T06:30:00+02:00,0.095
2026-08-02T06:45:00+02:00,0.28
2026-08-02T07:00:00+02:00,0.1425
2026-08-02T07:15:00+02:00,0.11
2026-08-02T07:30:00+02:00,0.185
2026-08-02T07:45:00+02:00,0.17375
2026-08-02T08:00:00+02:00,0.23375
2026-08-02T08:15:00+02:00,0.07875
2026-08-02T08:30:00+02:00,0.13875
2026-08-02T08:45:00+02:00,0.25
2026-08-02T09:00:00+02:00,0.095
2026-08-02T09:15:00+02:00,0.2175
2026-08-02T09:30:00+02:00,0.095
2026-08-02T09:45:00+02:00,0.249846
2026-08-02T10:00:00+02:00,0.187654
2026-08-02T10:15:00+02:00,0.141169
2026-08-02T10:30:00+02:00,0.233781
2026-08-02T10:45:00+02:00,0.09255
2026-08-02T11:00:00+02:00,0.09495
2026-08-02T11:15:00+02:00,0.2963
2026-08-02T11:30:00+02:00,0.141092
2026-08-02T11:45:00+02:00,0.155158
2026-08-02T12:00:00+02:00,0.1425
2026-08-02T12:15:00+02:00,0.077346
2026-08-02T12:30:00+02:00,0.187654
2026-08-02T12:45:00+02:00,0.25
2026-08-02T13:00:00+02:00,0.1875
2026-08-02T13:15:00+02:00,0.078518
2026-08-02T13:30:00+02:00,0.138982
2026-08-02T13:45:00+02:00,0.26625
2026-08-02T14:00:00+02:00,0.04625
2026-08-02T14:15:00+02:00,0.2825
2026-08-02T14:30:00+02:00,0.0925
2026-08-02T14:45:00+02:00,0.19
2026-08-02T15:00:00+02:00,0.2325
2026-08-02T15:15:00+02:00,0.08
2026-08-02T15:30:00+02:00,0.185
2026-08-02T15:45:00+02:00,0.1275
2026-08-02T16:00:00+02:00,0.185
2026-08-02T16:15:00+02:00,0.1875
2026-08-02T16:30:00+02:00,0.142425
2026-08-02T16:45:00+02:00,0.202575
2026-08-02T17:00:00+02:00,0.0925
2026-08-02T17:15:00+02:00,0.22
2026-08-02T17:30:00+02:00,0.1875
2026-08-02T17:45:00+02:00,0.125
2026-08-02T18:00:00+02:00,0.0925
2026-08-02T18:15:00+02:00,0.1875
2026-08-02T18:30:00+02:00,0.2375
2026-08-02T18:45:00+02:00,0.169846
2026-08-02T19:00:00+02:00,0.092654
2026-08-02T19:15:00+02:00,0.219946
2026-08-02T19:30:00+02:00,0.140029
2026-08-02T19:45:00+02:00,0.047525
2026-08-02T20:00:00+02:00,0.1875
2026-08-02T20:15:00+02:00,0.124946
2026-08-02T20:30:00+02:00,0.187504
2026-08-02T20:45:00+02:00,0.21755
2026-08-02T21:00:00+02:00,0.095
2026-08-02T21:15:00+02:00,0.23375
2026-08-02T21:30:00+02:00,0.04625
2026-08-02T21:45:00+02:00,0.25
2026-08-02T22:00:00+02:00,0.1425
2026-08-02T22:15:00+02:00,0.06125
2026-08-02T22:30:00+02:00,0.14125
2026-08-02T22:45:00+02:00,0.28
2026-08-02T23:00:00+02:00,0.095
2026-08-02T23:15:00+02:00,0.233723
2026-08-02T23:30:00+02:00,0.141227
2026-08-02T23:45:00+02:00,0.1713
2026-08-03T00:00:00+02:00,0.04625
2026-08-03T00:15:00+02:00,0.22
2026-08-03T00:30:00+02:00,0.1875
2026-08-03T00:45:00+02:00,0.07875
2026-08-03T01:00:00+02:00,0.18625
2026-08-03T01:15:00+02:00,0.0475
2026-08-03T01:30:00+02:00,0.235
2026-08-03T01:45:00+02:00,0.186223
2026-08-03T02:00:00+02:00,0.046277
2026-08-03T02:15:00+02:00,0.22
2026-08-03T02:30:00+02:00,0.0925
2026-08-03T02:45:00+02:00,0.095
2026-08-03T03:00:00+02:00,0.235
2026-08-03T03:15:00+02:00,0.11
2026-08-03T03:30:00+02:00,0.185
2026-08-03T03:45:00+02:00,0.1875
2026-08-03T04:00:00+02:00,0.1425
2026-08-03T04:15:00+02:00,0.0775
2026-08-03T04:30:00+02:00,0.14
2026-08-03T04:45:00+02:00,0.18875
2026-08-03T05:00:00+02:00,0.13875
2026-08-03T05:15:00+02:00,0.095
2026-08-03T05:30:00+02:00,0.235
2026-08-03T05:45:00+02:00,0.11
2026-08-03T06:00:00+02:00,0.185
2026-08-03T06:15:00+02:00,0.1275
2026-08-03T06:30:00+02:00,0.185
2026-08-03T06:45:00+02:00,0.219846
2026-08-03T07:00:00+02:00,0.140154
2026-08-03T07:15:00+02:00,0.047446
2026-08-03T07:30:00+02:00,0.377404
2026-08-03T07:45:00+02:00,0.3589
2026-08-03T08:00:00+02:00,0.32625
2026-08-03T08:15:00+02:00,5.50625
2026-08-03T08:30:00+02:00,15.58625
2026-08-03T08:45:00+02:00,34.9
2026-08-03T09:00:00+02:00,22.481032
2026-08-03T09:15:00+02:00,22.011468
2026-08-03T09:30:00+02:00,21.185
2026-08-03T09:45:00+02:00,6.91875
2026-08-03T10:00:00+02:00,30.45875
2026-08-03T10:15:00+02:00,19.6075
2026-08-03T10:30:00+02:00,19.95
2026-08-03T10:45:00+02:00,12.752942
2026-08-03T11:00:00+02:00,24.992058
2026-08-03T11:15:00+02:00,6.356962
2026-08-03T11:30:00+02:00,18.118038
2026-08-03T11:45:00+02:00,11.355478
2026-08-03T12:00:00+02:00,5.599522
2026-08-03T12:15:00+02:00,15.0
2026-08-03T12:30:00+02:00,4.462646
2026-08-03T12:45:00+02:00,1.914854
2026-08-03T13:00:00+02:00,2.034418
2026-08-03T13:15:00+02:00,3.675582
2026-08-03T13:30:00+02:00,17.5275
2026-08-03T13:45:00+02:00,24.6975
2026-08-03T14:00:00+02:00,16.34
2026-08-03T14:15:00+02:00,18.9275
2026-08-03T14:30:00+02:00,16.5925
2026-08-03T14:45:00+02:00,13.8275
2026-08-03T15:00:00+02:00,16.91
2026-08-03T15:15:00+02:00,16.34
2026-08-03T15:30:00+02:00,8.4075
2026-08-03T15:45:00+02:00,19.35875
2026-08-03T16:00:00+02:00,16.23375
2026-08-03T16:15:00+02:00,16.5
2026-08-03T16:30:00+02:00,24.53359
2026-08-03T16:45:00+02:00,13.52891
2026-08-03T17:00:00+02:00,16.5775
2026-08-03T17:15:00+02:00,19.095392
2026-08-03T17:30:00+02:00,8.014608
2026-08-03T17:45:00+02:00,24.46625
2026-08-03T18:00:00+02:00,7.90875
2026-08-03T18:15:00+02:00,15.995
2026-08-03T18:30:00+02:00,15.8175
2026-08-03T18:45:00+02:00,24.325
2026-08-03T19:00:00+02:00,7.8625
2026-08-03T19:15:00+02:00,21.625
2026-08-03T19:30:00+02:00,16.521285
2026-08-03T19:45:00+02:00,8.039965
2026-08-03T20:00:00+02:00,24.43625
2026-08-03T20:15:00+02:00,10.82875
2026-08-03T20:30:00+02:00,16.04875
2026-08-03T20:45:00+02:00,23.8225
2026-08-03T21:00:00+02:00,7.6775
2026-08-03T21:15:00+02:00,22.53875
2026-08-03T21:30:00+02:00,1.94875
2026-08-03T21:45:00+02:00,0.204784
2026-08-03T22:00:00+02:00,0.370216
2026-08-03T22:15:00+02:00,2.27787
2026-08-03T22:30:00+02:00,17.748319
2026-08-03T22:45:00+02:00,12.025061
2026-08-03T23:00:00+02:00,23.44875
2026-08-03T23:15:00+02:00,34.50375
2026-08-03T23:30:00+02:00,21.258625
2026-08-03T23:45:00+02:00,10.463875
2026-08-04T00:00:00+02:00,30.66125
2026-08-04T00:15:00+02:00,20.371995
2026-08-04T00:30:00+02:00,10.053005
2026-08-04T00:45:00+02:00,31.34625
2026-08-04T01:00:00+02:00,21.37375
2026-08-04T01:15:00+02:00,21.261281
2026-08-04T01:30:00+02:00,21.420534
2026-08-04T01:45:00+02:00,17.160684
2026-08-04T02:00:00+02:00,6.6025
2026-08-04T02:15:00+02:00,2.95125
2026-08-04T02:30:00+02:00,0.50875
2026-08-04T02:45:00+02:00,21.48875
2026-08-04T03:00:00+02:00,21.13625
2026-08-04T03:15:00+02:00,28.125
2026-08-04T03:30:00+02:00,21.3275
2026-08-04T03:45:00+02:00,24.61375
2026-08-04T04:00:00+02:00,21.56125
2026-08-04T04:15:00+02:00,7.0425
2026-08-04T04:30:00+02:00,20.86
2026-08-04T04:45:00+02:00,31.22
2026-08-04T05:00:00+02:00,10.5925
2026-08-04T05:15:00+02:00,35.911778
2026-08-04T05:30:00+02:00,10.933222
2026-08-04T05:45:00+02:00,21.32625
2026-08-04T06:00:00+02:00,18.36125
2026-08-04T06:15:00+02:00,0.6875
2026-08-04T06:30:00+02:00,0.331947
2026-08-04T06:45:00+02:00,2.543053
2026-08-04T07:00:00+02:00,13.015
2026-08-04T07:15:00+02:00,6.390363
2026-08-04T07:30:00+02:00,19.594637
2026-08-04T07:45:00+02:00,8.545
2026-08-04T08:00:00+02:00,12.58
2026-08-04T08:15:00+02:00,16.6875
2026-08-04T08:30:00+02:00,12.4925
2026-08-04T08:45:00+02:00,14.273931
2026-08-04T09:00:00+02:00,6.108569
2026-08-04T09:15:00+02:00,18.595154
2026-08-04T09:30:00+02:00,6.154846
2026-08-04T09:45:00+02:00,19.66375
2026-08-04T10:00:00+02:00,12.79625
2026-08-04T10:15:00+02:00,4.6075
2026-08-04T10:30:00+02:00,7.592026
2026-08-04T10:45:00+02:00,0.562974
2026-08-04T11:00:00+02:00,0.8475
2026-08-04T11:15:00+02:00,4.245
2026-08-04T11:30:00+02:00,2.4975
2026-08-04T11:45:00+02:00,6.9375
2026-08-04T12:00:00+02:00,5.032346
2026-08-04T12:15:00+02:00,5.827471
2026-08-04T12:30:00+02:00,2.452683
2026-08-04T12:45:00+02:00,6.8125
2026-08-04T13:00:00+02:00,2.5175
2026-08-04T13:15:00+02:00,7.6075
2026-08-04T13:30:00+02:00,5.079821
2026-08-04T13:45:00+02:00,4.857679
2026-08-04T14:00:00+02:00,2.513311
2026-08-04T14:15:00+02:00,7.549189
2026-08-04T14:30:00+02:00,5.1775
2026-08-04T14:45:00+02:00,5.01
2026-08-04T15:00:00+02:00,5.13
2026-08-04T15:15:00+02:00,2.25375
2026-08-04T15:30:00+02:00,1.80375
2026-08-04T15:45:00+02:00,0.5
2026-08-04T16:00:00+02:00,19.665
2026-08-04T16:15:00+02:00,13.245163
2026-08-04T16:30:00+02:00,30.364837
2026-08-04T16:45:00+02:00,6.664268
2026-08-04T17:00:00+02:00,29.845165
2026-08-04T17:15:00+02:00,13.328068
2026-08-04T17:30:00+02:00,30.005
2026-08-04T17:45:00+02:00,10.10125
2026-08-04T18:00:00+02:00,19.65625
2026-08-04T18:15:00+02:00,26.6875
2026-08-04T18:30:00+02:00,20.52
2026-08-04T18:45:00+02:00,12.99625
2026-08-04T19:00:00+02:00,18.54625
2026-08-04T19:15:00+02:00,0.78723
2026-08-04T19:30:00+02:00,0.605195
2026-08-04T19:45:00+02:00,5.017621
2026-08-04T20:00:00+02:00,6.339954
2026-08-04T20:15:00+02:00,17.875
2026-08-04T20:30:00+02:00,13.5375
2026-08-04T20:45:00+02:00,6.875
2026-08-04T21:00:00+02:00,7.5425
2026-08-04T21:15:00+02:00,2.45625
2026-08-04T21:30:00+02:00,12.94375
2026-08-04T21:45:00+02:00,6.8325
2026-08-04T22:00:00+02:00,0.57
2026-08-04T22:15:00+02:00,0.43
2026-08-04T22:30:00+02:00,0.4275
2026-08-04T22:45:00+02:00,0.5725
2026-08-04T23:00:00+02:00,8.592967
2026-08-04T23:15:00+02:00,28.753226
2026-08-04T23:30:00+02:00,17.674048
2026-08-04T23:45:00+02:00,17.534758
2026-08-05T00:00:00+02:00,23.38875
2026-08-05T00:15:00+02:00,8.55625
2026-08-05T00:30:00+02:00,26.195639
2026-08-05T00:45:00+02:00,8.616861
2026-08-05T01:00:00+02:00,11.25
2026-08-05T01:15:00+02:00,0.2375
2026-08-05T01:30:00+02:00,0.65625
2026-08-05T01:45:00+02:00,11.96375
2026-08-05T02:00:00+02:00,12.33375
2026-08-05T02:15:00+02:00,37.24125
2026-08-05T02:30:00+02:00,12.715
2026-08-05T02:45:00+02:00,37.33
2026-08-05T03:00:00+02:00,12.5075
2026-08-05T03:15:00+02:00,24.3275
2026-08-05T03:30:00+02:00,12.438439
2026-08-05T03:45:00+02:00,40.267811
2026-08-05T04:00:00+02:00,11.79375
2026-08-05T04:15:00+02:00,26.17375
2026-08-05T04:30:00+02:00,0.13875
2026-08-05T04:45:00+02:00,0.347037
2026-08-05T05:00:00+02:00,0.420226
2026-08-05T05:15:00+02:00,0.281487
2026-08-05T05:30:00+02:00,0.28125
2026-08-05T05:45:00+02:00,7.212221
2026-08-05T06:00:00+02:00,14.063997
2026-08-05T06:15:00+02:00,7.176281
2026-08-05T06:30:00+02:00,13.9675
2026-08-05T06:45:00+02:00,13.775
2026-08-05T07:00:00+02:00,20.3475
2026-08-05T07:15:00+02:00,6.783072
2026-08-05T07:30:00+02:00,13.156928
2026-08-05T07:45:00+02:00,20.04625
2026-08-05T08:00:00+02:00,6.89125
2026-08-05T08:15:00+02:00,18.1875
2026-08-05T08:30:00+02:00,14.0125
2026-08-05T08:45:00+02:00,8.52
2026-08-05T09:00:00+02:00,11.94
2026-08-05T09:15:00+02:00,0.215
2026-08-05T09:30:00+02:00,0.237375
2026-08-05T09:45:00+02:00,0.188875
2026-08-05T10:00:00+02:00,0.32375
2026-08-05T10:15:00+02:00,0.7225
2026-08-05T10:30:00+02:00,0.2775
2026-08-05T10:45:00+02:00,0.506573
2026-08-05T11:00:00+02:00,0.555927
2026-08-05T11:15:00+02:00,0.9375
2026-08-05T11:30:00+02:00,0.665
2026-08-05T11:45:00+02:00,0.6475
2026-08-05T12:00:00+02:00,0.6175
2026-08-05T12:15:00+02:00,0.57
2026-08-05T12:30:00+02:00,0.285
2026-08-05T12:45:00+02:00,0.875
2026-08-05T13:00:00+02:00,0.2775
2026-08-05T13:15:00+02:00,0.569676
2026-08-05T13:30:00+02:00,0.650274
2026-08-05T13:45:00+02:00,0.03005
2026-08-05T14:00:00+02:00,0.0
2026-08-05T14:15:00+02:00,0.0
2026-08-05T14:30:00+02:00,0.0
2026-08-05T14:45:00+02:00,0.89375
2026-08-05T15:00:00+02:00,12.66125
2026-08-05T15:15:00+02:00,15.695
2026-08-05T15:30:00+02:00,18.731281
2026-08-05T15:45:00+02:00,18.393719
2026-08-05T16:00:00+02:00,18.905
2026-08-05T16:15:00+02:00,12.29125
2026-08-05T16:30:00+02:00,17.99125
2026-08-05T16:45:00+02:00,27.64125
2026-08-05T17:00:00+02:00,9.29625
2026-08-05T17:15:00+02:00,13.3975
2026-08-05T17:30:00+02:00,1.9975
2026-08-05T17:45:00+02:00,0.31625
2026-08-05T18:00:00+02:00,0.885776
2026-08-05T18:15:00+02:00,2.202974
2026-08-05T18:30:00+02:00,6.0125
2026-08-05T18:45:00+02:00,15.035
2026-08-05T19:00:00+02:00,10.0325
2026-08-05T19:15:00+02:00,3.635
2026-08-05T19:30:00+02:00,6.02
2026-08-05T19:45:00+02:00,0.49432
2026-08-05T20:00:00+02:00,1.77568
2026-08-05T20:15:00+02:00,0.8125
2026-08-05T20:30:00+02:00,7.1725
2026-08-05T20:45:00+02:00,8.3975
2026-08-05T21:00:00+02:00,9.6425
2026-08-05T21:15:00+02:00,10.89
2026-08-05T21:30:00+02:00,4.7175
2026-08-05T21:45:00+02:00,14.6925
2026-08-05T22:00:00+02:00,10.116464
2026-08-05T22:15:00+02:00,4.992286
2026-08-05T22:30:00+02:00,14.56125
2026-08-05T22:45:00+02:00,8.2625
2026-08-05T23:00:00+02:00,4.7975
2026-08-05T23:15:00+02:00,16.455
2026-08-05T23:30:00+02:00,4.81
2026-08-05T23:45:00+02:00,13.125
2026-08-06T00:00:00+02:00,14.86375
2026-08-06T00:15:00+02:00,9.88875
2026-08-06T00:30:00+02:00,3.258143
2026-08-06T00:45:00+02:00,14.680497
2026-08-06T01:00:00+02:00,5.86761
2026-08-06T01:15:00+02:00,8.14875
2026-08-06T01:30:00+02:00,0.67
2026-08-06T01:45:00+02:00,3.2725
2026-08-06T02:00:00+02:00,3.23375
2026-08-06T02:15:00+02:00,6.52375
2026-08-06T02:30:00+02:00,4.864443
2026-08-06T02:45:00+02:00,13.790557
2026-08-06T03:00:00+02:00,12.31625
2026-08-06T03:15:00+02:00,10.68375
2026-08-06T03:30:00+02:00,8.74125
2026-08-06T03:45:00+02:00,15.58375
2026-08-06T04:00:00+02:00,6.85875
2026-08-06T04:15:00+02:00,10.12875
2026-08-06T04:30:00+02:00,13.5
2026-08-06T04:45:00+02:00,5.168885
2026-08-06T05:00:00+02:00,3.178615
2026-08-06T05:15:00+02:00,0.3725
2026-08-06T05:30:00+02:00,0.11125
2026-08-06T05:45:00+02:00,32.76875
2026-08-06T06:00:00+02:00,32.525
2026-08-06T06:15:00+02:00,30.953673
2026-08-06T06:30:00+02:00,35.077577
2026-08-06T06:45:00+02:00,15.03125
2026-08-06T07:00:00+02:00,40.5
2026-08-06T07:15:00+02:00,31.0175
2026-08-06T07:30:00+02:00,20.195
2026-08-06T07:45:00+02:00,45.18
2026-08-06T08:00:00+02:00,9.81125
2026-08-06T08:15:00+02:00,31.13506
2026-08-06T08:30:00+02:00,8.59369
2026-08-06T08:45:00+02:00,11.065
2026-08-06T09:00:00+02:00,6.8775
2026-08-06T09:15:00+02:00,0.2375
2026-08-06T09:30:00+02:00,0.595
2026-08-06T09:45:00+02:00,1.48
2026-08-06T10:00:00+02:00,24.87
2026-08-06T10:15:00+02:00,37.8925
2026-08-06T10:30:00+02:00,8.38875
2026-08-06T10:45:00+02:00,19.23625
2026-08-06T11:00:00+02:00,2.538561
2026-08-06T11:15:00+02:00,6.543159
2026-08-06T11:30:00+02:00,11.27953
2026-08-06T11:45:00+02:00,26.50125
2026-08-06T12:00:00+02:00,29.56125
2026-08-06T12:15:00+02:00,44.01375
2026-08-06T12:30:00+02:00,15.053548
2026-08-06T12:45:00+02:00,29.371452
2026-08-06T13:00:00+02:00,39.375
2026-08-06T13:15:00+02:00,9.025
2026-08-06T13:30:00+02:00,3.401581
2026-08-06T13:45:00+02:00,13.727009
2026-08-06T14:00:00+02:00,12.182661
2026-08-06T14:15:00+02:00,36.02875
2026-08-06T14:30:00+02:00,12.075
2026-08-06T14:45:00+02:00,35.09
2026-08-06T15:00:00+02:00,11.750366
2026-08-06T15:15:00+02:00,33.589
2026-08-06T15:30:00+02:00,4.193134
2026-08-06T15:45:00+02:00,6.87604
2026-08-06T16:00:00+02:00,16.83146
2026-08-06T16:15:00+02:00,8.4175
2026-08-06T16:30:00+02:00,19.284537
2026-08-06T16:45:00+02:00,0.562489
2026-08-06T17:00:00+02:00,0.204224
2026-08-06T17:15:00+02:00,0.79875
2026-08-06T17:30:00+02:00,0.65
2026-08-06T17:45:00+02:00,0.475
2026-08-06T18:00:00+02:00,0.28
2026-08-06T18:15:00+02:00,0.37
2026-08-06T18:30:00+02:00,0.5
2026-08-06T18:45:00+02:00,0.3798
2026-08-06T19:00:00+02:00,0.2502
2026-08-06T19:15:00+02:00,0.559684
2026-08-06T19:30:00+02:00,0.190316
2026-08-06T19:45:00+02:00,0.37
2026-08-06T20:00:00+02:00,0.6875
2026-08-06T20:15:00+02:00,0.285
2026-08-06T20:30:00+02:00,0.564228
2026-08-06T20:45:00+02:00,0.463272
2026-08-06T21:00:00+02:00,0.92625
2026-08-06T21:15:00+02:00,0.32375
2026-08-06T21:30:00+02:00,0.75
2026-08-06T21:45:00+02:00,0.3325
2026-08-06T22:00:00+02:00,0.87375
2026-08-06T22:15:00+02:00,0.23125
2026-08-06T22:30:00+02:00,0.6275
2026-08-06T22:45:00+02:00,0.375
2026-08-06T23:00:00+02:00,0.19
2026-08-06T23:15:00+02:00,0.5125
2026-08-06T23:30:00+02:00,0.093518
2026-08-06T23:45:00+02:00,0.423982
2026-08-07T00:00:00+02:00,0.155
2026-08-07T00:15:00+02:00,0.565
2026-08-07T00:30:00+02:00,0.25
2026-08-07T00:45:00+02:00,0.37
2026-08-07T01:00:00+02:00,0.36375
2026-08-07T01:15:00+02:00,0.32375
2026-08-07T01:30:00+02:00,0.375
2026-08-07T01:45:00+02:00,0.3325
2026-08-07T02:00:00+02:00,0.40375
2026-08-07T02:15:00+02:00,0.13875
2026-08-07T02:30:00+02:00,0.5
2026-08-07T02:45:00+02:00,0.2375
2026-08-07T03:00:00+02:00,0.155864
2026-08-07T03:15:00+02:00,0.231636
2026-08-07T03:30:00+02:00,0.3125
2026-08-07T03:45:00+02:00,0.19
2026-08-07T04:00:00+02:00,0.141115
2026-08-07T04:15:00+02:00,0.326335
2026-08-07T04:30:00+02:00,0.062496
2026-08-07T04:45:00+02:00,0.282454
2026-08-07T05:00:00+02:00,0.1251
2026-08-07T05:15:00+02:00,0.374684
2026-08-07T05:30:00+02:00,0.125316
2026-08-07T05:45:00+02:00,0.28
2026-08-07T06:00:00+02:00,0.11125
2026-08-07T06:15:00+02:00,0.23125
2026-08-07T06:30:00+02:00,0.189691
2026-08-07T06:45:00+02:00,0.185309
2026-08-07T07:00:00+02:00,0.268615
2026-08-07T07:15:00+02:00,0.231385
2026-08-07T07:30:00+02:00,0.36125
2026-08-07T07:45:00+02:00,0.13875
2026-08-07T08:00:00+02:00,0.3125
2026-08-07T08:15:00+02:00,0.285
2026-08-07T08:30:00+02:00,0.1525
2026-08-07T08:45:00+02:00,0.19
2026-08-07T09:00:00+02:00,0.1225
2026-08-07T09:15:00+02:00,0.094842
2026-08-07T09:30:00+02:00,0.298908
2026-08-07T09:45:00+02:00,0.23125
2026-08-07T10:00:00+02:00,0.2825
2026-08-07T10:15:00+02:00,0.0925
2026-08-07T10:30:00+02:00,0.29875
2026-08-07T10:45:00+02:00,0.13875
2026-08-07T11:00:00+02:00,0.3125
2026-08-07T11:15:00+02:00,0.0
2026-08-07T11:30:00+02:00,0.375
2026-08-07T11:45:00+02:00,0.1425
2026-08-07T12:00:00+02:00,0.17
2026-08-07T12:15:00+02:00,0.19
2026-08-07T12:30:00+02:00,0.28
2026-08-07T12:45:00+02:00,0.187342
2026-08-07T13:00:00+02:00,0.095158
2026-08-07T13:15:00+02:00,0.28
2026-08-07T13:30:00+02:00,0.1875
2026-08-07T13:45:00+02:00,0.1875
2026-08-07T14:00:00+02:00,0.095
2026-08-07T14:15:00+02:00,0.28
2026-08-07T14:30:00+02:00,0.155
2026-08-07T14:45:00+02:00,0.095
2026-08-07T15:00:00+02:00,0.2175
2026-08-07T15:15:00+02:00,0.237375
2026-08-07T15:30:00+02:00,0.140125
2026-08-07T15:45:00+02:00,0.28
2026-08-07T16:00:00+02:00,0.0625
2026-08-07T16:15:00+02:00,0.2825
2026-08-07T16:30:00+02:00,0.185
2026-08-07T16:45:00+02:00,0.095
2026-08-07T17:00:00+02:00,0.2175
2026-08-07T17:15:00+02:00,0.19
2026-08-07T17:30:00+02:00,0.125
2026-08-07T17:45:00+02:00,0.28
2026-08-07T18:00:00+02:00,0.155
2026-08-07T18:15:00+02:00,0.19
2026-08-07T18:30:00+02:00,0.23375
2026-08-07T18:45:00+02:00,0.18625
2026-08-07T19:00:00+02:00,0.08
2026-08-07T19:15:00+02:00,0.185
2026-08-07T19:30:00+02:00,0.2825
2026-08-07T19:45:00+02:00,0.0925
2026-08-07T20:00:00+02:00,0.2825
2026-08-07T20:15:00+02:00,0.0925
2026-08-07T20:30:00+02:00,0.1875
2026-08-07T20:45:00+02:00,0.189684
2026-08-07T21:00:00+02:00,0.185316
2026-08-07T21:15:00+02:00,0.1899
2026-08-07T21:30:00+02:00,0.1851
2026-08-07T21:45:00+02:00,0.19
2026-08-07T22:00:00+02:00,0.185
2026-08-07T22:15:00+02:00,0.237105
2026-08-07T22:30:00+02:00,0.140395
2026-08-07T22:45:00+02:00,0.185
2026-08-07T23:00:00+02:00,0.2825
2026-08-07T23:15:00+02:00,0.1875
2026-08-07T23:30:00+02:00,0.0925
2026-08-07T23:45:00+02:00,0.19
2026-08-08T00:00:00+02:00,0.185
2026-08-08T00:15:00+02:00,0.095
2026-08-08T00:30:00+02:00,0.1875
2026-08-08T00:45:00+02:00,0.2825
2026-08-08T01:00:00+02:00,0.0925
2026-08-08T01:15:00+02:00,0.187342
2026-08-08T01:30:00+02:00,0.312658
2026-08-08T01:45:00+02:00,0.235
2026-08-08T02:00:00+02:00,0.17
2026-08-08T02:15:00+02:00,0.095
2026-08-08T02:30:00+02:00,0.219892
2026-08-08T02:45:00+02:00,0.185108
2026-08-08T03:00:00+02:00,0.19
2026-08-08T03:15:00+02:00,0.185
2026-08-08T03:30:00+02:00,0.22
2026-08-08T03:45:00+02:00,0.1875
2026-08-08T04:00:00+02:00,0.095
2026-08-08T04:15:00+02:00,0.28
2026-08-08T04:30:00+02:00,0.095
2026-08-08T04:45:00+02:00,0.185
2026-08-08T05:00:00+02:00,0.19
2026-08-08T05:15:00+02:00,0.185
2026-08-08T05:30:00+02:00,0.252191
2026-08-08T05:45:00+02:00,0.185309
2026-08-08T06:00:00+02:00,0.1575
2026-08-08T06:15:00+02:00,0.2825
2026-08-08T06:30:00+02:00,0.185
2026-08-08T06:45:00+02:00,0.19
2026-08-08T07:00:00+02:00,0.108669
2026-08-08T07:15:00+02:00,0.233781
2026-08-08T07:30:00+02:00,0.06255
2026-08-08T07:45:00+02:00,0.282184
2026-08-08T08:00:00+02:00,0.218719
2026-08-08T08:15:00+02:00,0.19271
2026-08-08T08:30:00+02:00,0.19271
2026-08-08T08:45:00+02:00,0.19271
2026-08-08T09:00:00+02:00,0.19271
2026-08-08T09:15:00+02:00,0.19271
2026-08-08T09:30:00+02:00,0.19271
2026-08-08T09:45:00+02:00,0.19271
2026-08-08T10:00:00+02:00,0.19271
2026-08-08T10:15:00+02:00,0.190409
2026-08-08T10:30:00+02:00,0.078255
2026-08-08T10:45:00+02:00,0.21875
2026-08-08T11:00:00+02:00,0.265625
2026-08-08T11:15:00+02:00,0.148438
2026-08-08T11:30:00+02:00,0.164063
2026-08-08T11:45:00+02:00,0.1875
2026-08-08T12:00:00+02:00,0.078073
2026-08-08T12:15:00+02:00,0.218802
2026-08-08T12:30:00+02:00,0.327942
2026-08-08T12:45:00+02:00,0.109558
2026-08-08T13:00:00+02:00,0.25
2026-08-08T13:15:00+02:00,0.078125
2026-08-08T13:30:00+02:00,0.203125
2026-08-08T13:45:00+02:00,0.296875
2026-08-08T14:00:00+02:00,0.078125
2026-08-08T14:15:00+02:00,0.296875
2026-08-08T14:30:00+02:00,0.078125
2026-08-08T14:45:00+02:00,0.21875
2026-08-08T15:00:00+02:00,0.265625
2026-08-08T15:15:00+02:00,0.109375
2026-08-08T15:30:00+02:00,0.265442
2026-08-08T15:45:00+02:00,0.109558
2026-08-08T16:00:00+02:00,0.320313
2026-08-08T16:15:00+02:00,0.054688
2026-08-08T16:30:00+02:00,0.15625
2026-08-08T16:45:00+02:00,0.296875
2026-08-08T17:00:00+02:00,0.1875
2026-08-08T17:15:00+02:00,0.109375
2026-08-08T17:30:00+02:00,0.265625
2026-08-08T17:45:00+02:00,0.109375
2026-08-08T18:00:00+02:00,0.25
2026-08-08T18:15:00+02:00,0.15625
2026-08-08T18:30:00+02:00,0.21875
2026-08-08T18:45:00+02:00,0.156093
2026-08-08T19:00:00+02:00,0.218907
2026-08-08T19:15:00+02:00,0.078125
2026-08-08T19:30:00+02:00,0.359375
2026-08-08T19:45:00+02:00,0.15625
2026-08-08T20:00:00+02:00,0.234375
2026-08-08T20:15:00+02:00,0.109375
2026-08-08T20:30:00+02:00,0.265442
2026-08-08T20:45:00+02:00,0.109558
2026-08-08T21:00:00+02:00,0.265599
2026-08-08T21:15:00+02:00,0.187448
2026-08-08T21:30:00+02:00,0.171953
2026-08-08T21:45:00+02:00,0.078125
2026-08-08T22:00:00+02:00,0.25
2026-08-08T22:15:00+02:00,0.18737
2026-08-08T22:30:00+02:00,0.172005
2026-08-08T22:45:00+02:00,0.078047
2026-08-08T23:00:00+02:00,0.211016
2026-08-08T23:15:00+02:00,0.351563
2026-08-08T23:30:00+02:00,0.1875
2026-08-08T23:45:00+02:00,0.1875
2026-08-09T00:00:00+02:00,0.1875
2026-08-09T00:15:00+02:00,0.109375
2026-08-09T00:30:00+02:00,0.15625
2026-08-09T00:45:00+02:00,0.296875
2026-08-09T01:00:00+02:00,0.187317
2026-08-09T01:15:00+02:00,0.109558
2026-08-09T01:30:00+02:00,0.265625
2026-08-09T01:45:00+02:00,0.1875
2026-08-09T02:00:00+02:00,0.078125
2026-08-09T02:15:00+02:00,0.296875
2026-08-09T02:30:00+02:00,0.085481
2026-08-09T02:45:00+02:00,0.352019
2026-08-09T03:00:00+02:00,0.078073
2026-08-09T03:15:00+02:00,0.218802
2026-08-09T03:30:00+02:00,0.25
2026-08-09T03:45:00+02:00,0.078125
2026-08-09T04:00:00+02:00,0.296875
2026-08-09T04:15:00+02:00,0.078125
2026-08-09T04:30:00+02:00,0.296875
2026-08-09T04:45:00+02:00,0.078125
2026-08-09T05:00:00+02:00,0.203125
2026-08-09T05:15:00+02:00,0.296875
2026-08-09T05:30:00+02:00,0.07776
2026-08-09T05:45:00+02:00,0.219115
2026-08-09T06:00:00+02:00,0.335938
2026-08-09T06:15:00+02:00,0.242188
2026-08-09T06:30:00+02:00,0.078073
2026-08-09T06:45:00+02:00,0.296849
2026-08-09T07:00:00+02:00,0.062578
2026-08-09T07:15:00+02:00,0.18737
2026-08-09T07:30:00+02:00,0.31263
2026-08-09T07:45:00+02:00,0.109375
2026-08-09T08:00:00+02:00,0.15625
2026-08-09T08:15:00+02:00,0.335938
2026-08-09T08:30:00+02:00,0.101563
2026-08-09T08:45:00+02:00,0.296875
2026-08-09T09:00:00+02:00,0.171875
2026-08-09T09:15:00+02:00,0.195117
2026-08-09T09:30:00+02:00,0.242383
2026-08-09T09:45:00+02:00,0.15625
2026-08-09T10:00:00+02:00,0.109375
2026-08-09T10:15:00+02:00,0.1875
2026-08-09T10:30:00+02:00,0.3125
2026-08-09T10:45:00+02:00,0.109375
2026-08-09T11:00:00+02:00,0.1875
2026-08-09T11:15:00+02:00,0.15625
2026-08-09T11:30:00+02:00,0.125
2026-08-09T11:45:00+02:00,0.296875
2026-08-09T12:00:00+02:00,0.171875
2026-08-09T12:15:00+02:00,0.156093
2026-08-09T12:30:00+02:00,0.218907
2026-08-09T12:45:00+02:00,0.117188
2026-08-09T13:00:00+02:00,0.257813
2026-08-09T13:15:00+02:00,0.15625
2026-08-09T13:30:00+02:00,0.234192
2026-08-09T13:45:00+02:00,0.187683
2026-08-09T14:00:00+02:00,0.179675
2026-08-09T14:15:00+02:00,0.0547
2026-08-09T14:30:00+02:00,0.25
2026-08-09T14:45:00+02:00,0.077995
2026-08-09T15:00:00+02:00,0.31263
2026-08-09T15:15:00+02:00,0.109375
2026-08-09T15:30:00+02:00,0.265625
2026-08-09T15:45:00+02:00,0.148438
2026-08-09T16:00:00+02:00,0.148438
2026-08-09T16:15:00+02:00,0.15599
2026-08-09T16:30:00+02:00,0.133072
2026-08-09T16:45:00+02:00,0.351563
2026-08-09T17:00:00+02:00,0.0625
2026-08-09T17:15:00+02:00,0.1875
2026-08-09T17:30:00+02:00,0.203073
2026-08-09T17:45:00+02:00,0.257825
2026-08-09T18:00:00+02:00,0.054361
2026-08-09T18:15:00+02:00,0.29724
2026-08-09T18:30:00+02:00,0.1875
2026-08-09T18:45:00+02:00,0.109375
2026-08-09T19:00:00+02:00,0.265442
2026-08-09T19:15:00+02:00,0.109558
2026-08-09T19:30:00+02:00,0.265599
2026-08-09T19:45:00+02:00,0.148424
2026-08-09T20:00:00+02:00,0.054727
2026-08-09T20:15:00+02:00,0.21875
2026-08-09T20:30:00+02:00,0.328125
2026-08-09T20:45:00+02:00,0.109375
2026-08-09T21:00:00+02:00,0.265625
2026-08-09T21:15:00+02:00,0.1875
2026-08-09T21:30:00+02:00,0.078125
2026-08-09T21:45:00+02:00,0.296875
2026-08-09T22:00:00+02:00,0.1875
2026-08-09T22:15:00+02:00,0.148438
2026-08-09T22:30:00+02:00,0.054688
2026-08-09T22:45:00+02:00,0.21875
2026-08-09T23:00:00+02:00,0.25
2026-08-09T23:15:00+02:00,0.15625
2026-08-09T23:30:00+02:00,0.234349
2026-08-09T23:45:00+02:00,0.226471
2026-08-10T00:00:00+02:00,0.19543
2026-08-10T00:15:00+02:00,0.117188
2026-08-10T00:30:00+02:00,0.101511
2026-08-10T00:45:00+02:00,0.296849
2026-08-10T01:00:00+02:00,0.171953
2026-08-10T01:15:00+02:00,0.15625
2026-08-10T01:30:00+02:00,0.21875
2026-08-10T01:45:00+02:00,0.117188
2026-08-10T02:00:00+02:00,0.210938
2026-08-10T02:15:00+02:00,0.1875
2026-08-10T02:30:00+02:00,0.171875
2026-08-10T02:45:00+02:00,0.15625
2026-08-10T03:00:00+02:00,0.21875
2026-08-10T03:15:00+02:00,0.117188
2026-08-10T03:30:00+02:00,0.109375
2026-08-10T03:45:00+02:00,0.273438
2026-08-10T04:00:00+02:00,0.265599
2026-08-10T04:15:00+02:00,0.109401
2026-08-10T04:30:00+02:00,0.257813
2026-08-10T04:45:00+02:00,0.054688
2026-08-10T05:00:00+02:00,0.265625
2026-08-10T05:15:00+02:00,0.18737
2026-08-10T05:30:00+02:00,0.078255
2026-08-10T05:45:00+02:00,0.21875
2026-08-10T06:00:00+02:00,0.148438
2026-08-10T06:15:00+02:00,0.242188
2026-08-10T06:30:00+02:00,0.171875
2026-08-10T06:45:00+02:00,0.078125
2026-08-10T07:00:00+02:00,0.601563
2026-08-10T07:15:00+02:00,0.382813
2026-08-10T07:30:00+02:00,26.257813
2026-08-10T07:45:00+02:00,20.9375
2026-08-10T08:00:00+02:00,7.046875
2026-08-10T08:15:00+02:00,20.089863
2026-08-10T08:30:00+02:00,5.480449
2026-08-10T08:45:00+02:00,2.210938
2026-08-10T09:00:00+02:00,4.125
2026-08-10T09:15:00+02:00,33.929688
2026-08-10T09:30:00+02:00,8.71875
2026-08-10T09:45:00+02:00,32.3125
2026-08-10T10:00:00+02:00,10.726563
2026-08-10T10:15:00+02:00,1.109375
2026-08-10T10:30:00+02:00,1.125
2026-08-10T10:45:00+02:00,0.929688
2026-08-10T11:00:00+02:00,18.1875
2026-08-10T11:15:00+02:00,11.054688
2026-08-10T11:30:00+02:00,8.882813
2026-08-10T11:45:00+02:00,21.21875
2026-08-10T12:00:00+02:00,12.09375
2026-08-10T12:15:00+02:00,11.387271
2026-08-10T12:30:00+02:00,9.081479
2026-08-10T12:45:00+02:00,20.84375
2026-08-10T13:00:00+02:00,12.721411
2026-08-10T13:15:00+02:00,9.145777
2026-08-10T13:30:00+02:00,1.570313
2026-08-10T13:45:00+02:00,0.936561
2026-08-10T14:00:00+02:00,2.079064
2026-08-10T14:15:00+02:00,27.885269
2026-08-10T14:30:00+02:00,13.849106
2026-08-10T14:45:00+02:00,24.0625
2026-08-10T15:00:00+02:00,17.392679
2026-08-10T15:15:00+02:00,24.232321
2026-08-10T15:30:00+02:00,11.0625
2026-08-10T15:45:00+02:00,0.671485
2026-08-10T16:00:00+02:00,0.258202
2026-08-10T16:15:00+02:00,3.359375
2026-08-10T16:30:00+02:00,4.61964
2026-08-10T16:45:00+02:00,21.966298
2026-08-10T17:00:00+02:00,15.398438
2026-08-10T17:15:00+02:00,20.289063
2026-08-10T17:30:00+02:00,22.625
2026-08-10T17:45:00+02:00,6.953125
2026-08-10T18:00:00+02:00,16.75
2026-08-10T18:15:00+02:00,0.820313
2026-08-10T18:30:00+02:00,0.601563
2026-08-10T18:45:00+02:00,0.3125
2026-08-10T19:00:00+02:00,0.71875
2026-08-10T19:15:00+02:00,0.65625
2026-08-10T19:30:00+02:00,1.326643
2026-08-10T19:45:00+02:00,13.025924
2026-08-10T20:00:00+02:00,5.428683
2026-08-10T20:15:00+02:00,22.804688
2026-08-10T20:30:00+02:00,10.734375
2026-08-10T20:45:00+02:00,25.625
2026-08-10T21:00:00+02:00,14.929688
2026-08-10T21:15:00+02:00,10.742188
2026-08-10T21:30:00+02:00,7.226563
2026-08-10T21:45:00+02:00,1.046875
2026-08-10T22:00:00+02:00,7.539063
2026-08-10T22:15:00+02:00,13.40625
2026-08-10T22:30:00+02:00,4.476563
2026-08-10T22:45:00+02:00,19.106281
2026-08-10T23:00:00+02:00,9.010906
2026-08-10T23:15:00+02:00,15.695313
2026-08-10T23:30:00+02:00,10.789063
2026-08-10T23:45:00+02:00,12.960938
2026-08-11T00:00:00+02:00,2.601563
2026-08-11T00:15:00+02:00,7.273438
2026-08-11T00:30:00+02:00,13.570313
2026-08-11T00:45:00+02:00,26.53125
2026-08-11T01:00:00+02:00,12.713537
2026-08-11T01:15:00+02:00,29.778598
2026-08-11T01:30:00+02:00,7.862001
2026-08-11T01:45:00+02:00,22.044301
2026-08-11T02:00:00+02:00,7.375
2026-08-11T02:15:00+02:00,1.912145
2026-08-11T02:30:00+02:00,12.025355
2026-08-11T02:45:00+02:00,13.814274
2026-08-11T03:00:00+02:00,11.107601
2026-08-11T03:15:00+02:00,26.492188
2026-08-11T03:30:00+02:00,5.539063
2026-08-11T03:45:00+02:00,24.070313
2026-08-11T04:00:00+02:00,11.5625
2026-08-11T04:15:00+02:00,20.726563
2026-08-11T04:30:00+02:00,25.101563
2026-08-11T04:45:00+02:00,10.335938
2026-08-11T05:00:00+02:00,13.349106
2026-08-11T05:15:00+02:00,25.128252
2026-08-11T05:30:00+02:00,11.967954
2026-08-11T05:45:00+02:00,29.304688
2026-08-11T06:00:00+02:00,7.726563
2026-08-11T06:15:00+02:00,28.890625
2026-08-11T06:30:00+02:00,18.231814
2026-08-11T06:45:00+02:00,10.775998
2026-08-11T07:00:00+02:00,25.90625
2026-08-11T07:15:00+02:00,18.414063
2026-08-11T07:30:00+02:00,6.3125
2026-08-11T07:45:00+02:00,11.867188
2026-08-11T08:00:00+02:00,1.664063
2026-08-11T08:15:00+02:00,1.296875
2026-08-11T08:30:00+02:00,1.46875
2026-08-11T08:45:00+02:00,11.023438
2026-08-11T09:00:00+02:00,3.203595
2026-08-11T09:15:00+02:00,12.413593
2026-08-11T09:30:00+02:00,2.65625
2026-08-11T09:45:00+02:00,11.210938
2026-08-11T10:00:00+02:00,5.242188
2026-08-11T10:15:00+02:00,12.4476
2026-08-11T10:30:00+02:00,2.630525
2026-08-11T10:45:00+02:00,10.5625
2026-08-11T11:00:00+02:00,9.171875
2026-08-11T11:15:00+02:00,4.320313
2026-08-11T11:30:00+02:00,10.367188
2026-08-11T11:45:00+02:00,7.40625
2026-08-11T12:00:00+02:00,6.851563
2026-08-11T12:15:00+02:00,3.085938
2026-08-11T12:30:00+02:00,12.491122
2026-08-11T12:45:00+02:00,7.607311
2026-08-11T13:00:00+02:00,7.50313
2026-08-11T13:15:00+02:00,7.539063
2026-08-11T13:30:00+02:00,7.452098
2026-08-11T13:45:00+02:00,7.443209
2026-08-11T14:00:00+02:00,3.135943
2026-08-11T14:15:00+02:00,10.754563
2026-08-11T14:30:00+02:00,1.792312
2026-08-11T14:45:00+02:00,0.65625
2026-08-11T15:00:00+02:00,0.234375
2026-08-11T15:15:00+02:00,1.546875
2026-08-11T15:30:00+02:00,3.632813
2026-08-11T15:45:00+02:00,21.0
2026-08-11T16:00:00+02:00,25.914063
2026-08-11T16:15:00+02:00,18.546875
2026-08-11T16:30:00+02:00,18.6875
2026-08-11T16:45:00+02:00,18.953125
2026-08-11T17:00:00+02:00,7.867188
2026-08-11T17:15:00+02:00,28.734375
2026-08-11T17:30:00+02:00,4.109167
2026-08-11T17:45:00+02:00,3.177587
2026-08-11T18:00:00+02:00,4.767934
2026-08-11T18:15:00+02:00,32.195313
2026-08-11T18:30:00+02:00,8.507813
2026-08-11T18:45:00+02:00,23.789063
2026-08-11T19:00:00+02:00,16.953125
2026-08-11T19:15:00+02:00,32.367188
2026-08-11T19:30:00+02:00,20.4375
2026-08-11T19:45:00+02:00,20.368643
2026-08-11T20:00:00+02:00,8.576669
2026-08-11T20:15:00+02:00,24.171875
2026-08-11T20:30:00+02:00,17.0625
2026-08-11T20:45:00+02:00,24.0625
2026-08-11T21:00:00+02:00,16.953125
2026-08-11T21:15:00+02:00,27.953125
2026-08-11T21:30:00+02:00,2.640443
2026-08-11T21:45:00+02:00,0.999947
2026-08-11T22:00:00+02:00,13.156485
2026-08-11T22:15:00+02:00,36.210938
2026-08-11T22:30:00+02:00,33.273438
2026-08-11T22:45:00+02:00,14.624064
2026-08-11T23:00:00+02:00,38.547811
2026-08-11T23:15:00+02:00,56.695313
2026-08-11T23:30:00+02:00,14.789063
2026-08-11T23:45:00+02:00,41.34375
2026-08-12T00:00:00+02:00,29.0625
2026-08-12T00:15:00+02:00,55.257813
2026-08-12T00:30:00+02:00,34.984375
2026-08-12T00:45:00+02:00,34.921875
2026-08-12T01:00:00+02:00,10.679688
2026-08-12T01:15:00+02:00,14.21875
2026-08-12T01:30:00+02:00,1.71875
2026-08-12T01:45:00+02:00,4.594998
2026-08-12T02:00:00+02:00,5.360961
2026-08-12T02:15:00+02:00,20.950291
2026-08-12T02:30:00+02:00,15.429688
2026-08-12T02:45:00+02:00,29.59375
2026-08-12T03:00:00+02:00,18.867188
2026-08-12T03:15:00+02:00,12.099808
2026-08-12T03:30:00+02:00,1.509567
2026-08-12T03:45:00+02:00,0.46875
2026-08-12T04:00:00+02:00,1.78125
2026-08-12T04:15:00+02:00,5.0
2026-08-12T04:30:00+02:00,20.990433
2026-08-12T04:45:00+02:00,12.652723
2026-08-12T05:00:00+02:00,12.71622
2026-08-12T05:15:00+02:00,7.328125
2026-08-12T05:30:00+02:00,16.625
2026-08-12T05:45:00+02:00,5.273438
2026-08-12T06:00:00+02:00,12.453125
2026-08-12T06:15:00+02:00,6.109375
2026-08-12T06:30:00+02:00,0.570313
2026-08-12T06:45:00+02:00,1.53125
2026-08-12T07:00:00+02:00,40.734375
2026-08-12T07:15:00+02:00,18.265625
2026-08-12T07:30:00+02:00,41.8125
2026-08-12T07:45:00+02:00,25.738353
2026-08-12T08:00:00+02:00,20.713914
2026-08-12T08:15:00+02:00,36.485233
2026-08-12T08:30:00+02:00,44.5
2026-08-12T08:45:00+02:00,17.9375
2026-08-12T09:00:00+02:00,22.898438
2026-08-12T09:15:00+02:00,43.921875
2026-08-12T09:30:00+02:00,38.6875
2026-08-12T09:45:00+02:00,30.765625
2026-08-12T10:00:00+02:00,12.734375
2026-08-12T10:15:00+02:00,35.492188
2026-08-12T10:30:00+02:00,23.203125
2026-08-12T10:45:00+02:00,43.789063
2026-08-12T11:00:00+02:00,36.007813
2026-08-12T11:15:00+02:00,12.838689
2026-08-12T11:30:00+02:00,29.794123
2026-08-12T11:45:00+02:00,10.992188
2026-08-12T12:00:00+02:00,0.21875
2026-08-12T12:15:00+02:00,4.046875
2026-08-12T12:30:00+02:00,29.71875
2026-08-12T12:45:00+02:00,19.46875
2026-08-12T13:00:00+02:00,18.046875
2026-08-12T13:15:00+02:00,10.742188
2026-08-12T13:30:00+02:00,6.468711
2026-08-12T13:45:00+02:00,0.359218
2026-08-12T14:00:00+02:00,0.179153
2026-08-12T14:15:00+02:00,0.711668
2026-08-12T14:30:00+02:00,0.601563
2026-08-12T14:45:00+02:00,0.46875
2026-08-12T15:00:00+02:00,0.65625
2026-08-12T15:15:00+02:00,0.195313
2026-08-12T15:30:00+02:00,0.585938
2026-08-12T15:45:00+02:00,0.414063
2026-08-12T16:00:00+02:00,0.21875
2026-08-12T16:15:00+02:00,2.426828
2026-08-12T16:30:00+02:00,2.932547
2026-08-12T16:45:00+02:00,31.422902
2026-08-12T17:00:00+02:00,27.639598
2026-08-12T17:15:00+02:00,22.976563
2026-08-12T17:30:00+02:00,9.554688
2026-08-12T17:45:00+02:00,26.195313
2026-08-12T18:00:00+02:00,31.320313
2026-08-12T18:15:00+02:00,12.742188
2026-08-12T18:30:00+02:00,18.679688
2026-08-12T18:45:00+02:00,36.164063
2026-08-12T19:00:00+02:00,20.96875
2026-08-12T19:15:00+02:00,19.570313
2026-08-12T19:30:00+02:00,29.5625
2026-08-12T19:45:00+02:00,24.367188
2026-08-12T20:00:00+02:00,8.265625
2026-08-12T20:15:00+02:00,27.945313
2026-08-12T20:30:00+02:00,8.890625
2026-08-12T20:45:00+02:00,1.257813
2026-08-12T21:00:00+02:00,0.523438
2026-08-12T21:15:00+02:00,1.367188
2026-08-12T21:30:00+02:00,4.802829
2026-08-12T21:45:00+02:00,7.822171
2026-08-12T22:00:00+02:00,8.6875
2026-08-12T22:15:00+02:00,5.546875
2026-08-12T22:30:00+02:00,4.427855
2026-08-12T22:45:00+02:00,7.71277
2026-08-12T23:00:00+02:00,8.8125
2026-08-12T23:15:00+02:00,2.768823
2026-08-12T23:30:00+02:00,10.83274
2026-08-12T23:45:00+02:00,6.507813
2026-08-13T00:00:00+02:00,3.84375
2026-08-13T00:15:00+02:00,7.15625
2026-08-13T00:30:00+02:00,6.523438
2026-08-13T00:45:00+02:00,7.0
2026-08-13T01:00:00+02:00,7.492188
2026-08-13T01:15:00+02:00,4.789063
2026-08-13T01:30:00+02:00,6.351563
2026-08-13T01:45:00+02:00,9.921875
2026-08-13T02:00:00+02:00,5.307179
2026-08-13T02:15:00+02:00,8.028759
2026-08-13T02:30:00+02:00,3.664063
2026-08-13T02:45:00+02:00,8.5
2026-08-13T03:00:00+02:00,0.701955
2026-08-13T03:15:00+02:00,0.462107
2026-08-13T03:30:00+02:00,0.429688
2026-08-13T03:45:00+02:00,1.272798
2026-08-13T04:00:00+02:00,0.539702
2026-08-13T04:15:00+02:00,0.34375
2026-08-13T04:30:00+02:00,0.273438
2026-08-13T04:45:00+02:00,0.445313
2026-08-13T05:00:00+02:00,0.375
2026-08-13T05:15:00+02:00,0.367188
2026-08-13T05:30:00+02:00,0.164063
2026-08-13T05:45:00+02:00,0.289063
2026-08-13T06:00:00+02:00,0.546875
2026-08-13T06:15:00+02:00,0.414063
2026-08-13T06:30:00+02:00,0.273438
2026-08-13T06:45:00+02:00,0.194947
2026-08-13T07:00:00+02:00,0.492553
2026-08-13T07:15:00+02:00,0.4375
2026-08-13T07:30:00+02:00,0.164063
2026-08-13T07:45:00+02:00,0.5625
2026-08-13T08:00:00+02:00,0.429688
2026-08-13T08:15:00+02:00,0.335025
2026-08-13T08:30:00+02:00,0.704038
2026-08-13T08:45:00+02:00,0.34375
2026-08-13T09:00:00+02:00,0.195117
2026-08-13T09:15:00+02:00,0.78918
2026-08-13T09:30:00+02:00,0.562343
2026-08-13T09:45:00+02:00,0.554857
2026-08-13T10:00:00+02:00,0.273502
2026-08-13T10:15:00+02:00,0.625
2026-08-13T10:30:00+02:00,0.429688
2026-08-13T10:45:00+02:00,0.312409
2026-08-13T11:00:00+02:00,0.538997
2026-08-13T11:15:00+02:00,0.367344
2026-08-13T11:30:00+02:00,0.320053
2026-08-13T11:45:00+02:00,0.15651
2026-08-13T12:00:00+02:00,0.4375
2026-08-13T12:15:00+02:00,0.625
2026-08-13T12:30:00+02:00,0.3125
2026-08-13T12:45:00+02:00,0.53125
2026-08-13T13:00:00+02:00,0.21875
2026-08-13T13:15:00+02:00,0.593385
2026-08-13T13:30:00+02:00,0.375365
2026-08-13T13:45:00+02:00,0.124635
2026-08-13T14:00:00+02:00,0.531615
2026-08-13T14:15:00+02:00,0.242097
2026-08-13T14:30:00+02:00,0.382903
2026-08-13T14:45:00+02:00,0.28125
2026-08-13T15:00:00+02:00,0.491733
2026-08-13T15:15:00+02:00,0.383267
2026-08-13T15:30:00+02:00,0.335938
2026-08-13T15:45:00+02:00,0.414063
2026-08-13T16:00:00+02:00,0.335938
2026-08-13T16:15:00+02:00,0.101563
2026-08-13T16:30:00+02:00,0.335743
2026-08-13T16:45:00+02:00,0.250195
2026-08-13T17:00:00+02:00,0.5
2026-08-13T17:15:00+02:00,0.117188
2026-08-13T17:30:00+02:00,0.328125
2026-08-13T17:45:00+02:00,0.335899
2026-08-13T18:00:00+02:00,0.164101
2026-08-13T18:15:00+02:00,0.375
2026-08-13T18:30:00+02:00,0.194988
2026-08-13T18:45:00+02:00,0.164309
2026-08-13T19:00:00+02:00,0.484296
2026-08-13T19:15:00+02:00,0.140782
2026-08-13T19:30:00+02:00,0.484375
2026-08-13T19:45:00+02:00,0.28125
2026-08-13T20:00:00+02:00,0.273438
2026-08-13T20:15:00+02:00,0.4375
2026-08-13T20:30:00+02:00,0.28125
2026-08-13T20:45:00+02:00,0.109375
2026-08-13T21:00:00+02:00,0.273438
2026-08-13T21:15:00+02:00,0.25
2026-08-13T21:30:00+02:00,0.195117
2026-08-13T21:45:00+02:00,0.320508
2026-08-13T22:00:00+02:00,0.1875
2026-08-13T22:15:00+02:00,0.085938
2026-08-13T22:30:00+02:00,0.390625
2026-08-13T22:45:00+02:00,0.085755
2026-08-13T23:00:00+02:00,0.187683
2026-08-13T23:15:00+02:00,0.421875
2026-08-13T23:30:00+02:00,0.195117
2026-08-13T23:45:00+02:00,0.265821
2026-08-14T00:00:00+02:00,0.164063
2026-08-14T00:15:00+02:00,0.3125
2026-08-14T00:30:00+02:00,0.078125
2026-08-14T00:45:00+02:00,0.374817
2026-08-14T01:00:00+02:00,0.109558
2026-08-14T01:15:00+02:00,0.328125
2026-08-14T01:30:00+02:00,0.109375
2026-08-14T01:45:00+02:00,0.3125
2026-08-14T02:00:00+02:00,0.234375
2026-08-14T02:15:00+02:00,0.171875
2026-08-14T02:30:00+02:00,0.335938
2026-08-14T02:45:00+02:00,0.085938
2026-08-14T03:00:00+02:00,0.304688
2026-08-14T03:15:00+02:00,0.15625
2026-08-14T03:30:00+02:00,0.351563
2026-08-14T03:45:00+02:00,0.085938
2026-08-14T04:00:00+02:00,0.273438
2026-08-14T04:15:00+02:00,0.265625
2026-08-14T04:30:00+02:00,0.226563
2026-08-14T04:45:00+02:00,0.101197
2026-08-14T05:00:00+02:00,0.219115
2026-08-14T05:15:00+02:00,0.398438
2026-08-14T05:30:00+02:00,0.28125
2026-08-14T05:45:00+02:00,0.257813
2026-08-14T06:00:00+02:00,0.117188
2026-08-14T06:15:00+02:00,0.507813
2026-08-14T06:30:00+02:00,0.23414
2026-08-14T06:45:00+02:00,6.117422
2026-08-14T07:00:00+02:00,33.383358
2026-08-14T07:15:00+02:00,7.319767
2026-08-14T07:30:00+02:00,31.859375
2026-08-14T07:45:00+02:00,26.085938
2026-08-14T08:00:00+02:00,18.242188
2026-08-14T08:15:00+02:00,25.632813
2026-08-14T08:30:00+02:00,18.4375
2026-08-14T08:45:00+02:00,27.835938
2026-08-14T09:00:00+02:00,22.820313
2026-08-14T09:15:00+02:00,22.859375
2026-08-14T09:30:00+02:00,22.609375
2026-08-14T09:45:00+02:00,22.421875
2026-08-14T10:00:00+02:00,13.015625
2026-08-14T10:15:00+02:00,30.9375
2026-08-14T10:30:00+02:00,9.570313
2026-08-14T10:45:00+02:00,38.40625
2026-08-14T11:00:00+02:00,22.851563
2026-08-14T11:15:00+02:00,7.09375
2026-08-14T11:30:00+02:00,10.265625
2026-08-14T11:45:00+02:00,0.398438
2026-08-14T12:00:00+02:00,1.070313
2026-08-14T12:15:00+02:00,0.421641
2026-08-14T12:30:00+02:00,0.984609
2026-08-14T12:45:00+02:00,0.84375
2026-08-14T13:00:00+02:00,0.21875
2026-08-14T13:15:00+02:00,0.375
2026-08-14T13:30:00+02:00,0.234375
2026-08-14T13:45:00+02:00,0.265625
2026-08-14T14:00:00+02:00,0.078125
2026-08-14T14:15:00+02:00,0.203125
2026-08-14T14:30:00+02:00,0.296875
2026-08-14T14:45:00+02:00,0.078125
2026-08-14T15:00:00+02:00,0.21875
2026-08-14T15:15:00+02:00,0.140442
2026-08-14T15:30:00+02:00,0.265808
2026-08-14T15:45:00+02:00,0.125
2026-08-14T16:00:00+02:00,0.21875
2026-08-14T16:15:00+02:00,0.09375
2026-08-14T16:30:00+02:00,0.21875
2026-08-14T16:45:00+02:00,0.25
2026-08-14T17:00:00+02:00,0.077995
2026-08-14T17:15:00+02:00,0.37513
2026-08-14T17:30:00+02:00,0.109375
2026-08-14T17:45:00+02:00,0.25
2026-08-14T18:00:00+02:00,0.078125
2026-08-14T18:15:00+02:00,0.296875
2026-08-14T18:30:00+02:00,0.15625
2026-08-14T18:45:00+02:00,0.109375
2026-08-14T19:00:00+02:00,0.265625
2026-08-14T19:15:00+02:00,0.124635
2026-08-14T19:30:00+02:00,0.219115
2026-08-14T19:45:00+02:00,0.25
2026-08-14T20:00:00+02:00,0.15625
2026-08-14T20:15:00+02:00,0.242188
2026-08-14T20:30:00+02:00,0.242188
2026-08-14T20:45:00+02:00,0.078125
2026-08-14T21:00:00+02:00,0.21875
2026-08-14T21:15:00+02:00,0.25
2026-08-14T21:30:00+02:00,0.078125
2026-08-14T21:45:00+02:00,0.3125
2026-08-14T22:00:00+02:00,0.109375
2026-08-14T22:15:00+02:00,0.140625
2026-08-14T22:30:00+02:00,0.265625
2026-08-14T22:45:00+02:00,0.116914
2026-08-14T23:00:00+02:00,0.164336
2026-08-14T23:15:00+02:00,0.265599
2026-08-14T23:30:00+02:00,0.187448
2026-08-14T23:45:00+02:00,0.062578
2026-08-15T00:00:00+02:00,0.147981
2026-08-15T00:15:00+02:00,0.352019
2026-08-15T00:30:00+02:00,0.1875
2026-08-15T00:45:00+02:00,0.1875
2026-08-15T01:00:00+02:00,0.1875
2026-08-15T01:15:00+02:00,0.109375
2026-08-15T01:30:00+02:00,0.257813
2026-08-15T01:45:00+02:00,0.132813
2026-08-15T02:00:00+02:00,0.171875
2026-08-15T02:15:00+02:00,0.117188
2026-08-15T02:30:00+02:00,0.101563
2026-08-15T02:45:00+02:00,0.257813
2026-08-15T03:00:00+02:00,0.054688
2026-08-15T03:15:00+02:00,0.257748
2026-08-15T03:30:00+02:00,0.148502
2026-08-15T03:45:00+02:00,0.078125
2026-08-15T04:00:00+02:00,0.296875
2026-08-15T04:15:00+02:00,0.117188
2026-08-15T04:30:00+02:00,0.210912
2026-08-15T04:45:00+02:00,0.148424
2026-08-15T05:00:00+02:00,0.054675
2026-08-15T05:15:00+02:00,0.218802
2026-08-15T05:30:00+02:00,0.203099
2026-08-15T05:45:00+02:00,0.148424
2026-08-15T06:00:00+02:00,0.054727
2026-08-15T06:15:00+02:00,0.21875
2026-08-15T06:30:00+02:00,0.1875
2026-08-15T06:45:00+02:00,0.116993
2026-08-15T07:00:00+02:00,0.195507
2026-08-15T07:15:00+02:00,0.117188
2026-08-15T07:30:00+02:00,0.085938
2026-08-15T07:45:00+02:00,0.1875
2026-08-15T08:00:00+02:00,0.257813
2026-08-15T08:15:00+02:00,0.203125
2026-08-15T08:30:00+02:00,0.156237
2026-08-15T08:45:00+02:00,0.132747
2026-08-15T09:00:00+02:00,0.070391
2026-08-15T09:15:00+02:00,0.242188
2026-08-15T09:30:00+02:00,0.171875
2026-08-15T09:45:00+02:00,0.117188
2026-08-15T10:00:00+02:00,0.203125
2026-08-15T10:15:00+02:00,0.132683
2026-08-15T10:30:00+02:00,0.070442
2026-08-15T10:45:00+02:00,0.164063
2026-08-15T11:00:00+02:00,0.257813
2026-08-15T11:15:00+02:00,0.054688
2026-08-15T11:30:00+02:00,0.25
2026-08-15T11:45:00+02:00,0.039063
2026-08-15T12:00:00+02:00,0.164063
2026-08-15T12:15:00+02:00,0.148438
2026-08-15T12:30:00+02:00,0.351563
2026-08-15T12:45:00+02:00,0.148438
2026-08-15T13:00:00+02:00,0.148438
2026-08-15T13:15:00+02:00,0.15625
2026-08-15T13:30:00+02:00,0.125
2026-08-15T13:45:00+02:00,0.21875
2026-08-15T14:00:00+02:00,0.265625
2026-08-15T14:15:00+02:00,0.1875
2026-08-15T14:30:00+02:00,0.171875
2026-08-15T14:45:00+02:00,0.116993
2026-08-15T15:00:00+02:00,0.101757
2026-08-15T15:15:00+02:00,0.21875
2026-08-15T15:30:00+02:00,0.15625
2026-08-15T15:45:00+02:00,0.296745
2026-08-15T16:00:00+02:00,0.078255
2026-08-15T16:15:00+02:00,0.296875
2026-08-15T16:30:00+02:00,0.171875
2026-08-15T16:45:00+02:00,0.15625
2026-08-15T17:00:00+02:00,0.125
2026-08-15T17:15:00+02:00,0.296875
2026-08-15T17:30:00+02:00,0.078073
2026-08-15T17:45:00+02:00,0.218802
2026-08-15T18:00:00+02:00,0.203099
2026-08-15T18:15:00+02:00,0.187448
2026-08-15T18:30:00+02:00,0.078203
2026-08-15T18:45:00+02:00,0.21875
2026-08-15T19:00:00+02:00,0.148438
2026-08-15T19:15:00+02:00,0.164063
2026-08-15T19:30:00+02:00,0.25
2026-08-15T19:45:00+02:00,0.195313
2026-08-15T20:00:00+02:00,0.140625
2026-08-15T20:15:00+02:00,0.242188
2026-08-15T20:30:00+02:00,0.078125
2026-08-15T20:45:00+02:00,0.257813
2026-08-15T21:00:00+02:00,0.054688
2026-08-15T21:15:00+02:00,0.257813
2026-08-15T21:30:00+02:00,0.148438
2026-08-15T21:45:00+02:00,0.116993
2026-08-15T22:00:00+02:00,0.101757
2026-08-15T22:15:00+02:00,0.257748
2026-08-15T22:30:00+02:00,0.164127
2026-08-15T22:45:00+02:00,0.1875
2026-08-15T23:00:00+02:00,0.187317
2026-08-15T23:15:00+02:00,0.109558
2026-08-15T23:30:00+02:00,0.210899
2026-08-15T23:45:00+02:00,0.164101
2026-08-16T00:00:00+02:00,0.155885
2026-08-16T00:15:00+02:00,0.29724
2026-08-16T00:30:00+02:00,0.0625
2026-08-16T00:45:00+02:00,0.1875
2026-08-16T01:00:00+02:00,0.234375
2026-08-16T01:15:00+02:00,0.15625
2026-08-16T01:30:00+02:00,0.125
2026-08-16T01:45:00+02:00,0.296745
2026-08-16T02:00:00+02:00,0.18763
2026-08-16T02:15:00+02:00,0.18737
2026-08-16T02:30:00+02:00,0.109505
2026-08-16T02:45:00+02:00,0.15599
2026-08-16T03:00:00+02:00,0.12526
2026-08-16T03:15:00+02:00,0.335938
2026-08-16T03:30:00+02:00,0.093476
2026-08-16T03:45:00+02:00,0.242461
2026-08-16T04:00:00+02:00,0.1875
2026-08-16T04:15:00+02:00,0.1875
2026-08-16T04:30:00+02:00,0.1875
2026-08-16T04:45:00+02:00,0.109375
2026-08-16T05:00:00+02:00,0.1875
2026-08-16T05:15:00+02:00,0.15625
2026-08-16T05:30:00+02:00,0.234349
2026-08-16T05:45:00+02:00,0.109401
2026-08-16T06:00:00+02:00,0.25
2026-08-16T06:15:00+02:00,0.15625
2026-08-16T06:30:00+02:00,0.226563
2026-08-16T06:45:00+02:00,0.054688
2026-08-16T07:00:00+02:00,0.327942
2026-08-16T07:15:00+02:00,0.109558
2026-08-16T07:30:00+02:00,0.2578
2026-08-16T07:45:00+02:00,0.132747
2026-08-16T08:00:00+02:00,0.187396
2026-08-16T08:15:00+02:00,0.109558
2026-08-16T08:30:00+02:00,0.1875
2026-08-16T08:45:00+02:00,0.15625
2026-08-16T09:00:00+02:00,0.234375
2026-08-16T09:15:00+02:00,0.148438
2026-08-16T09:30:00+02:00,0.164063
2026-08-16T09:45:00+02:00,0.109375
2026-08-16T10:00:00+02:00,0.25
2026-08-16T10:15:00+02:00,0.15599
2026-08-16T10:30:00+02:00,0.117447
2026-08-16T10:45:00+02:00,0.281055
2026-08-16T11:00:00+02:00,0.086132
2026-08-16T11:15:00+02:00,0.265625
2026-08-16T11:30:00+02:00,0.171692
2026-08-16T11:45:00+02:00,0.187683
2026-08-16T12:00:00+02:00,0.1875
2026-08-16T12:15:00+02:00,0.109375
2026-08-16T12:30:00+02:00,0.1875
2026-08-16T12:45:00+02:00,0.15625
2026-08-16T13:00:00+02:00,0.21875
2026-08-16T13:15:00+02:00,0.11707
2026-08-16T13:30:00+02:00,0.19543
2026-08-16T13:45:00+02:00,0.077995
2026-08-16T14:00:00+02:00,0.297005
2026-08-16T14:15:00+02:00,0.117188
2026-08-16T14:30:00+02:00,0.108919
2026-08-16T14:45:00+02:00,0.312956
2026-08-16T15:00:00+02:00,0.164037
2026-08-16T15:15:00+02:00,0.187448
2026-08-16T15:30:00+02:00,0.187552
2026-08-16T15:45:00+02:00,0.109401
2026-08-16T16:00:00+02:00,0.265625
2026-08-16T16:15:00+02:00,0.109375
2026-08-16T16:30:00+02:00,0.148438
2026-08-16T16:45:00+02:00,0.242188
2026-08-16T17:00:00+02:00,0.171875
2026-08-16T17:15:00+02:00,0.15625
2026-08-16T17:30:00+02:00,0.22655
2026-08-16T17:45:00+02:00,0.132747
2026-08-16T18:00:00+02:00,0.078203
2026-08-16T18:15:00+02:00,0.335938
2026-08-16T18:30:00+02:00,0.195313
2026-08-16T18:45:00+02:00,0.117188
2026-08-16T19:00:00+02:00,0.210938
2026-08-16T19:15:00+02:00,0.109375
2026-08-16T19:30:00+02:00,0.265599
2026-08-16T19:45:00+02:00,0.109401
2026-08-16T20:00:00+02:00,0.203125
2026-08-16T20:15:00+02:00,0.1875
2026-08-16T20:30:00+02:00,0.078125
2026-08-16T20:45:00+02:00,0.21875
2026-08-16T21:00:00+02:00,0.25
2026-08-16T21:15:00+02:00,0.116993
2026-08-16T21:30:00+02:00,0.101757
2026-08-16T21:45:00+02:00,0.296745
2026-08-16T22:00:00+02:00,0.06263
2026-08-16T22:15:00+02:00,0.226563
2026-08-16T22:30:00+02:00,0.273255
2026-08-16T22:45:00+02:00,0.187683
2026-08-16T23:00:00+02:00,0.0625
2026-08-16T23:15:00+02:00,0.265625
2026-08-16T23:30:00+02:00,0.234375
2026-08-16T23:45:00+02:00,0.1875
2026-08-17T00:00:00+02:00,0.070313
2026-08-17T00:15:00+02:00,0.164063
2026-08-17T00:30:00+02:00,0.265625
2026-08-17T00:45:00+02:00,0.1875
2026-08-17T01:00:00+02:00,0.078125
2026-08-17T01:15:00+02:00,0.296875
2026-08-17T01:30:00+02:00,0.070313
2026-08-17T01:45:00+02:00,0.164063
2026-08-17T02:00:00+02:00,0.21875
2026-08-17T02:15:00+02:00,0.296875
2026-08-17T02:30:00+02:00,0.078125
2026-08-17T02:45:00+02:00,0.296875
2026-08-17T03:00:00+02:00,0.070313
2026-08-17T03:15:00+02:00,0.242188
2026-08-17T03:30:00+02:00,0.1875
2026-08-17T03:45:00+02:00,0.1875
2026-08-17T04:00:00+02:00,0.1875
2026-08-17T04:15:00+02:00,0.109375
2026-08-17T04:30:00+02:00,0.2578
2026-08-17T04:45:00+02:00,0.132747
2026-08-17T05:00:00+02:00,0.078203
2026-08-17T05:15:00+02:00,0.21875
2026-08-17T05:30:00+02:00,0.328125
2026-08-17T05:45:00+02:00,0.109375
2026-08-17T06:00:00+02:00,0.453125
2026-08-17T06:15:00+02:00,0.1875
2026-08-17T06:30:00+02:00,0.07776
2026-08-17T06:45:00+02:00,0.258178
2026-08-17T07:00:00+02:00,0.046875
2026-08-17T07:15:00+02:00,0.164063
2026-08-17T07:30:00+02:00,0.164063
2026-08-17T07:45:00+02:00,0.273438
2026-08-17T08:00:00+02:00,0.34375
2026-08-17T08:15:00+02:00,0.929688
2026-08-17T08:30:00+02:00,0.725832
2026-08-17T08:45:00+02:00,0.43823
2026-08-17T09:00:00+02:00,21.3125
2026-08-17T09:15:00+02:00,12.682596
2026-08-17T09:30:00+02:00,17.442404
2026-08-17T09:45:00+02:00,11.31978
2026-08-17T10:00:00+02:00,18.74272
2026-08-17T10:15:00+02:00,10.250417
2026-08-17T10:30:00+02:00,9.094167
2026-08-17T10:45:00+02:00,21.710417
2026-08-17T11:00:00+02:00,13.425033
2026-08-17T11:15:00+02:00,8.269967
2026-08-17T11:30:00+02:00,17.4375
2026-08-17T11:45:00+02:00,3.294301
2026-08-17T12:00:00+02:00,2.626949
2026-08-17T12:15:00+02:00,4.600313
2026-08-17T12:30:00+02:00,4.085417
2026-08-17T12:45:00+02:00,15.893021
2026-08-17T13:00:00+02:00,16.75
2026-08-17T13:15:00+02:00,1.965833
2026-08-17T13:30:00+02:00,1.823229
2026-08-17T13:45:00+02:00,9.944896
2026-08-17T14:00:00+02:00,14.976042
2026-08-17T14:15:00+02:00,15.75
2026-08-17T14:30:00+02:00,5.94375
2026-08-17T14:45:00+02:00,20.40875
2026-08-17T15:00:00+02:00,12.240953
2026-08-17T15:15:00+02:00,20.821547
2026-08-17T15:30:00+02:00,22.38125
2026-08-17T15:45:00+02:00,16.945208
2026-08-17T16:00:00+02:00,6.369688
2026-08-17T16:15:00+02:00,25.687604
2026-08-17T16:30:00+02:00,4.598825
2026-08-17T16:45:00+02:00,0.704925
2026-08-17T17:00:00+02:00,1.375
2026-08-17T17:15:00+02:00,0.666979
2026-08-17T17:30:00+02:00,11.021053
2026-08-17T17:45:00+02:00,21.665857
2026-08-17T18:00:00+02:00,28.083819
2026-08-17T18:15:00+02:00,6.759791
2026-08-17T18:30:00+02:00,32.102521
2026-08-17T18:45:00+02:00,16.324979
2026-08-17T19:00:00+02:00,23.065312
2026-08-17T19:15:00+02:00,8.242812
2026-08-17T19:30:00+02:00,31.9425
2026-08-17T19:45:00+02:00,8.066875
2026-08-17T20:00:00+02:00,31.005
2026-08-17T20:15:00+02:00,21.168125
2026-08-17T20:30:00+02:00,19.742812
2026-08-17T20:45:00+02:00,14.766563
2026-08-17T21:00:00+02:00,11.615625
2026-08-17T21:15:00+02:00,8.625313
2026-08-17T21:30:00+02:00,1.4925
2026-08-17T21:45:00+02:00,2.821563
2026-08-17T22:00:00+02:00,13.228125
2026-08-17T22:15:00+02:00,5.46625
2026-08-17T22:30:00+02:00,26.379375
2026-08-17T22:45:00+02:00,11.68375
2026-08-17T23:00:00+02:00,1.54875
2026-08-17T23:15:00+02:00,0.77875
2026-08-17T23:30:00+02:00,9.495938
2026-08-17T23:45:00+02:00,16.91625
2026-08-18T00:00:00+02:00,6.572812
2026-08-18T00:15:00+02:00,20.1875
2026-08-18T00:30:00+02:00,8.559172
2026-08-18T00:45:00+02:00,20.128328
2026-08-18T01:00:00+02:00,8.352187
2026-08-18T01:15:00+02:00,23.545
2026-08-18T01:30:00+02:00,4.727812
2026-08-18T01:45:00+02:00,1.875
2026-08-18T02:00:00+02:00,5.080283
2026-08-18T02:15:00+02:00,39.169717
2026-08-18T02:30:00+02:00,17.091562
2026-08-18T02:45:00+02:00,41.095938
2026-08-18T03:00:00+02:00,33.795937
2026-08-18T03:15:00+02:00,19.09375
2026-08-18T03:30:00+02:00,40.521563
2026-08-18T03:45:00+02:00,9.600938
2026-08-18T04:00:00+02:00,45.319688
2026-08-18T04:15:00+02:00,19.057812
2026-08-18T04:30:00+02:00,40.46625
2026-08-18T04:45:00+02:00,21.644062
2026-08-18T05:00:00+02:00,17.423438
2026-08-18T05:15:00+02:00,48.824375
2026-08-18T05:30:00+02:00,29.050752
2026-08-18T05:45:00+02:00,9.747373
2026-08-18T06:00:00+02:00,29.100938
2026-08-18T06:15:00+02:00,25.741875
2026-08-18T06:30:00+02:00,6.61125
2026-08-18T06:45:00+02:00,1.3125
2026-08-18T07:00:00+02:00,1.216875
2026-08-18T07:15:00+02:00,0.350305
2026-08-18T07:30:00+02:00,21.21141
2026-08-18T07:45:00+02:00,17.408911
2026-08-18T08:00:00+02:00,13.161519
2026-08-18T08:15:00+02:00,31.963481
2026-08-18T08:30:00+02:00,26.837146
2026-08-18T08:45:00+02:00,11.141604
2026-08-18T09:00:00+02:00,12.920625
2026-08-18T09:15:00+02:00,1.081562
2026-08-18T09:30:00+02:00,0.988125
2026-08-18T09:45:00+02:00,3.991562
2026-08-18T10:00:00+02:00,6.226875
2026-08-18T10:15:00+02:00,10.14375
2026-08-18T10:30:00+02:00,6.91875
2026-08-18T10:45:00+02:00,14.016563
2026-08-18T11:00:00+02:00,3.420937
2026-08-18T11:15:00+02:00,12.0
2026-08-18T11:30:00+02:00,4.922813
2026-08-18T11:45:00+02:00,12.014687
2026-08-18T12:00:00+02:00,9.624375
2026-08-18T12:15:00+02:00,5.378338
2026-08-18T12:30:00+02:00,6.622287
2026-08-18T12:45:00+02:00,8.219634
2026-08-18T13:00:00+02:00,13.498855
2026-08-18T13:15:00+02:00,7.094011
2026-08-18T13:30:00+02:00,10.066875
2026-08-18T13:45:00+02:00,7.736563
2026-08-18T14:00:00+02:00,1.215938
2026-08-18T14:15:00+02:00,0.307812
2026-08-18T14:30:00+02:00,0.865313
2026-08-18T14:45:00+02:00,0.201875
2026-08-18T15:00:00+02:00,0.78375
2026-08-18T15:15:00+02:00,3.416563
2026-08-18T15:30:00+02:00,5.342812
2026-08-18T15:45:00+02:00,13.079063
2026-08-18T16:00:00+02:00,3.420937
2026-08-18T16:15:00+02:00,11.25
2026-08-18T16:30:00+02:00,5.032346
2026-08-18T16:45:00+02:00,1.665154
2026-08-18T17:00:00+02:00,1.332866
2026-08-18T17:15:00+02:00,0.455571
2026-08-18T17:30:00+02:00,4.835625
2026-08-18T17:45:00+02:00,19.990938
2026-08-18T18:00:00+02:00,38.212646
2026-08-18T18:15:00+02:00,13.358693
2026-08-18T18:30:00+02:00,52.083711
2026-08-18T18:45:00+02:00,35.363357
2026-08-18T19:00:00+02:00,13.544093
2026-08-18T19:15:00+02:00,51.974688
2026-08-18T19:30:00+02:00,32.641875
2026-08-18T19:45:00+02:00,24.195937
2026-08-18T20:00:00+02:00,38.220938
2026-08-18T20:15:00+02:00,6.934426
2026-08-18T20:30:00+02:00,3.157137
2026-08-18T20:45:00+02:00,0.5
2026-08-18T21:00:00+02:00,12.058125
2026-08-18T21:15:00+02:00,8.454396
2026-08-18T21:30:00+02:00,19.014979
2026-08-18T21:45:00+02:00,3.8475
2026-08-18T22:00:00+02:00,0.885
2026-08-18T22:15:00+02:00,3.445
2026-08-18T22:30:00+02:00,13.99125
2026-08-18T22:45:00+02:00,8.999062
2026-08-18T23:00:00+02:00,12.492188
2026-08-18T23:15:00+02:00,23.700937
2026-08-18T23:30:00+02:00,14.90625
2026-08-18T23:45:00+02:00,15.165937
2026-08-19T00:00:00+02:00,10.100938
2026-08-19T00:15:00+02:00,14.637169
2026-08-19T00:30:00+02:00,13.468144
2026-08-19T00:45:00+02:00,13.299431
2026-08-19T01:00:00+02:00,10.033694
2026-08-19T01:15:00+02:00,17.560108
2026-08-19T01:30:00+02:00,12.252392
2026-08-19T01:45:00+02:00,17.7
2026-08-19T02:00:00+02:00,7.738125
2026-08-19T02:15:00+02:00,9.24
2026-08-19T02:30:00+02:00,0.321875
2026-08-19T02:45:00+02:00,18.525668
2026-08-19T03:00:00+02:00,13.349332
2026-08-19T03:15:00+02:00,19.635938
2026-08-19T03:30:00+02:00,11.214062
2026-08-19T03:45:00+02:00,23.79375
2026-08-19T04:00:00+02:00,10.149134
2026-08-19T04:15:00+02:00,23.942116
2026-08-19T04:30:00+02:00,12.4525
2026-08-19T04:45:00+02:00,20.295284
2026-08-19T05:00:00+02:00,11.232529
2026-08-19T05:15:00+02:00,24.120938
2026-08-19T05:30:00+02:00,16.8075
2026-08-19T05:45:00+02:00,6.91875
2026-08-19T06:00:00+02:00,26.9225
2026-08-19T06:15:00+02:00,6.765
2026-08-19T06:30:00+02:00,23.3125
2026-08-19T06:45:00+02:00,20.184683
2026-08-19T07:00:00+02:00,18.444692
2026-08-19T07:15:00+02:00,16.785937
2026-08-19T07:30:00+02:00,9.790312
2026-08-19T07:45:00+02:00,13.606875
2026-08-19T08:00:00+02:00,27.023438
2026-08-19T08:15:00+02:00,6.726563
2026-08-19T08:30:00+02:00,22.4375
2026-08-19T08:45:00+02:00,19.580625
2026-08-19T09:00:00+02:00,17.817813
2026-08-19T09:15:00+02:00,16.6275
2026-08-19T09:30:00+02:00,10.093438
2026-08-19T09:45:00+02:00,14.068125
2026-08-19T10:00:00+02:00,26.83125
2026-08-19T10:15:00+02:00,16.968875
2026-08-19T10:30:00+02:00,7.412688
2026-08-19T10:45:00+02:00,10.277813
2026-08-19T11:00:00+02:00,0.3125
2026-08-19T11:15:00+02:00,0.384375
2026-08-19T11:30:00+02:00,0.8125
2026-08-19T11:45:00+02:00,0.110441
2026-08-19T12:00:00+02:00,1.582684
2026-08-19T12:15:00+02:00,10.433438
2026-08-19T12:30:00+02:00,5.132188
2026-08-19T12:45:00+02:00,24.612187
2026-08-19T13:00:00+02:00,6.746759
2026-08-19T13:15:00+02:00,9.496366
2026-08-19T13:30:00+02:00,0.510938
2026-08-19T13:45:00+02:00,9.056156
2026-08-19T14:00:00+02:00,9.625728
2026-08-19T14:15:00+02:00,13.505616
2026-08-19T14:30:00+02:00,20.00875
2026-08-19T14:45:00+02:00,13.99125
2026-08-19T15:00:00+02:00,10.6875
2026-08-19T15:15:00+02:00,0.497812
2026-08-19T15:30:00+02:00,0.252188
2026-08-19T15:45:00+02:00,30.421875
2026-08-19T16:00:00+02:00,19.288058
2026-08-19T16:15:00+02:00,41.776132
2026-08-19T16:30:00+02:00,29.406123
2026-08-19T16:45:00+02:00,29.697187
2026-08-19T17:00:00+02:00,17.428572
2026-08-19T17:15:00+02:00,42.547678
2026-08-19T17:30:00+02:00,23.434375
2026-08-19T17:45:00+02:00,36.893437
2026-08-19T18:00:00+02:00,20.656959
2026-08-19T18:15:00+02:00,25.449604
2026-08-19T18:30:00+02:00,49.258125
2026-08-19T18:45:00+02:00,31.245
2026-08-19T19:00:00+02:00,18.084687
2026-08-19T19:15:00+02:00,43.352813
2026-08-19T19:30:00+02:00,23.309375
2026-08-19T19:45:00+02:00,36.335067
2026-08-19T20:00:00+02:00,34.072121
2026-08-19T20:15:00+02:00,13.030312
2026-08-19T20:30:00+02:00,41.6875
2026-08-19T20:45:00+02:00,17.312813
2026-08-19T21:00:00+02:00,5.425937
2026-08-19T21:15:00+02:00,5.07375
2026-08-19T21:30:00+02:00,0.625
2026-08-19T21:45:00+02:00,18.087187
2026-08-19T22:00:00+02:00,23.037813
2026-08-19T22:15:00+02:00,18.419063
2026-08-19T22:30:00+02:00,40.847812
2026-08-19T22:45:00+02:00,46.696831
2026-08-19T23:00:00+02:00,24.411294
2026-08-19T23:15:00+02:00,19.525312
2026-08-19T23:30:00+02:00,47.312188
2026-08-19T23:45:00+02:00,1.5375
2026-08-20T00:00:00+02:00,0.548125
2026-08-20T00:15:00+02:00,0.961875
2026-08-20T00:30:00+02:00,28.190647
2026-08-20T00:45:00+02:00,19.674353
2026-08-20T01:00:00+02:00,39.56875
2026-08-20T01:15:00+02:00,9.99375
2026-08-20T01:30:00+02:00,28.945313
2026-08-20T01:45:00+02:00,20.179688
2026-08-20T02:00:00+02:00,16.279375
2026-08-20T02:15:00+02:00,1.288125
2026-08-20T02:30:00+02:00,15.171127
2026-08-20T02:45:00+02:00,34.738873
2026-08-20T03:00:00+02:00,8.15375
2026-08-20T03:15:00+02:00,24.406292
2026-08-20T03:30:00+02:00,34.399958
2026-08-20T03:45:00+02:00,14.412542
2026-08-20T04:00:00+02:00,30.751208
2026-08-20T04:15:00+02:00,0.46125
2026-08-20T04:30:00+02:00,18.28
2026-08-20T04:45:00+02:00,23.139375
2026-08-20T05:00:00+02:00,13.75125
2026-08-20T05:15:00+02:00,30.259687
2026-08-20T05:30:00+02:00,2.089063
2026-08-20T05:45:00+02:00,0.230625
2026-08-20T06:00:00+02:00,0.529062
2026-08-20T06:15:00+02:00,0.345938
2026-08-20T06:30:00+02:00,10.25
2026-08-20T06:45:00+02:00,14.713125
2026-08-20T07:00:00+02:00,35.099375
2026-08-20T07:15:00+02:00,29.592187
2026-08-20T07:30:00+02:00,10.053438
2026-08-20T07:45:00+02:00,37.407188
2026-08-20T08:00:00+02:00,19.134687
2026-08-20T08:15:00+02:00,28.09875
2026-08-20T08:30:00+02:00,15.754687
2026-08-20T08:45:00+02:00,33.083959
2026-08-20T09:00:00+02:00,14.156666
2026-08-20T09:15:00+02:00,29.49246
2026-08-20T09:30:00+02:00,1.384728
2026-08-20T09:45:00+02:00,1.976025
2026-08-20T10:00:00+02:00,0.615225
2026-08-20T10:15:00+02:00,0.4425
2026-08-20T10:30:00+02:00,0.46625
2026-08-20T10:45:00+02:00,0.15375
2026-08-20T11:00:00+02:00,0.423125
2026-08-20T11:15:00+02:00,0.242536
2026-08-20T11:30:00+02:00,0.166214
2026-08-20T11:45:00+02:00,0.230625
2026-08-20T12:00:00+02:00,0.25
2026-08-20T12:15:00+02:00,0.165937
2026-08-20T12:30:00+02:00,0.334063
2026-08-20T12:45:00+02:00,0.165937
2026-08-20T13:00:00+02:00,1.521563
2026-08-20T13:15:00+02:00,1.382813
2026-08-20T13:30:00+02:00,0.304688
2026-08-20T13:45:00+02:00,0.165937
2026-08-20T14:00:00+02:00,0.117812
2026-08-20T14:15:00+02:00,0.20897
2026-08-20T14:30:00+02:00,0.13228
2026-08-20T14:45:00+02:00,0.165937
2026-08-20T15:00:00+02:00,0.141554
2026-08-20T15:15:00+02:00,0.192508
2026-08-20T15:30:00+02:00,0.235625
2026-08-20T15:45:00+02:00,0.132188
2026-08-20T16:00:00+02:00,0.180312
2026-08-20T16:15:00+02:00,0.076875
2026-08-20T16:30:00+02:00,0.1875
2026-08-20T16:45:00+02:00,0.165937
2026-08-20T17:00:00+02:00,0.117556
2026-08-20T17:15:00+02:00,0.209319
2026-08-20T17:30:00+02:00,0.055312
2026-08-20T17:45:00+02:00,0.298125
2026-08-20T18:00:00+02:00,0.052772
2026-08-20T18:15:00+02:00,0.204379
2026-08-20T18:30:00+02:00,0.069595
2026-08-20T18:45:00+02:00,0.187628
2026-08-20T19:00:00+02:00,0.201875
2026-08-20T19:15:00+02:00,0.110625
2026-08-20T19:30:00+02:00,0.288438
2026-08-20T19:45:00+02:00,0.038438
2026-08-20T20:00:00+02:00,0.25
2026-08-20T20:15:00+02:00,0.165937
2026-08-20T20:30:00+02:00,0.09375
2026-08-20T20:45:00+02:00,0.115313
2026-08-20T21:00:00+02:00,0.25
2026-08-20T21:15:00+02:00,0.055301
2026-08-20T21:30:00+02:00,0.257199
2026-08-20T21:45:00+02:00,0.22125
2026-08-20T22:00:00+02:00,0.15375
2026-08-20T22:15:00+02:00,0.165661
2026-08-20T22:30:00+02:00,0.069964
2026-08-20T22:45:00+02:00,0.242812
2026-08-20T23:00:00+02:00,0.117556
2026-08-20T23:15:00+02:00,0.154007
2026-08-20T23:30:00+02:00,0.197187
2026-08-20T23:45:00+02:00,0.115313
2026-08-21T00:00:00+02:00,0.28375
2026-08-21T00:15:00+02:00,0.15375
2026-08-21T00:30:00+02:00,0.221202
2026-08-21T00:45:00+02:00,0.076843
2026-08-21T01:00:00+02:00,0.242857
2026-08-21T01:15:00+02:00,0.069643
2026-08-21T01:30:00+02:00,0.298157
2026-08-21T01:45:00+02:00,0.100985
2026-08-21T02:00:00+02:00,0.115313
2026-08-21T02:15:00+02:00,0.235625
2026-08-21T02:30:00+02:00,0.076875
2026-08-21T02:45:00+02:00,0.1875
2026-08-21T03:00:00+02:00,0.165937
2026-08-21T03:15:00+02:00,0.146563
2026-08-21T03:30:00+02:00,0.110625
2026-08-21T03:45:00+02:00,0.225938
2026-08-21T04:00:00+02:00,0.148878
2026-08-21T04:15:00+02:00,0.077059
2026-08-21T04:30:00+02:00,0.22125
2026-08-21T04:45:00+02:00,0.052813
2026-08-21T05:00:00+02:00,0.204375
2026-08-21T05:15:00+02:00,0.146563
2026-08-21T05:30:00+02:00,0.22125
2026-08-21T05:45:00+02:00,0.100938
2026-08-21T06:00:00+02:00,0.170625
2026-08-21T06:15:00+02:00,0.103437
2026-08-21T06:30:00+02:00,0.15375
2026-08-21T06:45:00+02:00,0.1875
2026-08-21T07:00:00+02:00,0.165661
2026-08-21T07:15:00+02:00,0.146839
2026-08-21T07:30:00+02:00,0.110441
2026-08-21T07:45:00+02:00,0.327059
2026-08-21T08:00:00+02:00,0.165937
2026-08-21T08:15:00+02:00,0.117556
2026-08-21T08:30:00+02:00,0.264632
2026-08-21T08:45:00+02:00,0.110625
2026-08-21T09:00:00+02:00,0.264375
2026-08-21T09:15:00+02:00,0.134487
2026-08-21T09:30:00+02:00,0.192388
2026-08-21T09:45:00+02:00,0.25
2026-08-21T10:00:00+02:00,0.22125
2026-08-21T10:15:00+02:00,0.076875
2026-08-21T10:30:00+02:00,0.132095
2026-08-21T10:45:00+02:00,0.305405
2026-08-21T11:00:00+02:00,0.076875
2026-08-21T11:15:00+02:00,0.298125
2026-08-21T11:30:00+02:00,0.076875
2026-08-21T11:45:00+02:00,0.110625
2026-08-21T12:00:00+02:00,0.242812
2026-08-21T12:15:00+02:00,0.117556
2026-08-21T12:30:00+02:00,0.264632
2026-08-21T12:45:00+02:00,0.12492
2026-08-21T13:00:00+02:00,0.187556
2026-08-21T13:15:00+02:00,0.086586
2026-08-21T13:30:00+02:00,0.225938
2026-08-21T13:45:00+02:00,0.110625
2026-08-21T14:00:00+02:00,0.15375
2026-08-21T14:15:00+02:00,0.1875
2026-08-21T14:30:00+02:00,0.165937
2026-08-21T14:45:00+02:00,0.194688
2026-08-21T15:00:00+02:00,0.076875
2026-08-21T15:15:00+02:00,0.259687
2026-08-21T15:30:00+02:00,0.115313
2026-08-21T15:45:00+02:00,0.25
2026-08-21T16:00:00+02:00,0.22125
2026-08-21T16:15:00+02:00,0.177748
2026-08-21T16:30:00+02:00,0.038502
2026-08-21T16:45:00+02:00,0.25
2026-08-21T17:00:00+02:00,0.22125
2026-08-21T17:15:00+02:00,0.177813
2026-08-21T17:30:00+02:00,0.149062
2026-08-21T17:45:00+02:00,0.110625
2026-08-21T18:00:00+02:00,0.15375
2026-08-21T18:15:00+02:00,0.25
2026-08-21T18:30:00+02:00,0.055312
2026-08-21T18:45:00+02:00,0.329182
2026-08-21T19:00:00+02:00,0.22613
2026-08-21T19:15:00+02:00,0.139375
2026-08-21T19:30:00+02:00,0.221202
2026-08-21T19:45:00+02:00,0.100865
2026-08-21T20:00:00+02:00,0.115433
2026-08-21T20:15:00+02:00,0.298125
2026-08-21T20:30:00+02:00,0.1875
2026-08-21T20:45:00+02:00,0.076875
2026-08-21T21:00:00+02:00,0.22125
2026-08-21T21:15:00+02:00,0.125
2026-08-21T21:30:00+02:00,0.15375
2026-08-21T21:45:00+02:00,0.25
2026-08-21T22:00:00+02:00,0.110625
2026-08-21T22:15:00+02:00,0.201875
2026-08-21T22:30:00+02:00,0.276563
2026-08-21T22:45:00+02:00,0.084062
2026-08-21T23:00:00+02:00,0.298125
2026-08-21T23:15:00+02:00,0.201875
2026-08-21T23:30:00+02:00,0.076875
2026-08-21T23:45:00+02:00,0.298125
2026-08-22T00:00:00+02:00,0.076875
2026-08-22T00:15:00+02:00,0.25
2026-08-22T00:30:00+02:00,0.165937
2026-08-22T00:45:00+02:00,0.194559
2026-08-22T01:00:00+02:00,0.077003
2026-08-22T01:15:00+02:00,0.22125
2026-08-22T01:30:00+02:00,0.15375
2026-08-22T01:45:00+02:00,0.298045
2026-08-22T02:00:00+02:00,0.076955
2026-08-22T02:15:00+02:00,0.245112
2026-08-22T02:30:00+02:00,0.302989
2026-08-22T02:45:00+02:00,0.038421
2026-08-22T03:00:00+02:00,0.25968
2026-08-22T03:15:00+02:00,0.201795
2026-08-22T03:30:00+02:00,0.077003
2026-08-22T03:45:00+02:00,0.298125
2026-08-22T04:00:00+02:00,0.1875
2026-08-22T04:15:00+02:00,0.110625
2026-08-22T04:30:00+02:00,0.264375
2026-08-22T04:45:00+02:00,0.076875
2026-08-22T05:00:00+02:00,0.220882
2026-08-22T05:15:00+02:00,0.154118
2026-08-22T05:30:00+02:00,0.220882
2026-08-22T05:45:00+02:00,0.226306
2026-08-22T06:00:00+02:00,0.225938
2026-08-22T06:15:00+02:00,0.1875
2026-08-22T06:30:00+02:00,0.076875
2026-08-22T06:45:00+02:00,0.149062
2026-08-22T07:00:00+02:00,0.259687
2026-08-22T07:15:00+02:00,0.201795
2026-08-22T07:30:00+02:00,0.187556
2026-08-22T07:45:00+02:00,0.139399
2026-08-22T08:00:00+02:00,0.221202
2026-08-22T08:15:00+02:00,0.201923
2026-08-22T08:30:00+02:00,0.132095
2026-08-22T08:45:00+02:00,0.10353
2026-08-22T09:00:00+02:00,0.264375
2026-08-22T09:15:00+02:00,0.139375
2026-08-22T09:30:00+02:00,0.165937
2026-08-22T09:45:00+02:00,0.271563
2026-08-22T10:00:00+02:00,0.221202
2026-08-22T10:15:00+02:00,0.125048
2026-08-22T10:30:00+02:00,0.20897
2026-08-22T10:45:00+02:00,0.055276
2026-08-22T11:00:00+02:00,0.187628
2026-08-22T11:15:00+02:00,0.264375
2026-08-22T11:30:00+02:00,0.165902
2026-08-22T11:45:00+02:00,0.146598
2026-08-22T12:00:00+02:00,0.22125
2026-08-22T12:15:00+02:00,0.076875
2026-08-22T12:30:00+02:00,0.298125
2026-08-22T12:45:00+02:00,0.052772
2026-08-22T13:00:00+02:00,0.25968
2026-08-22T13:15:00+02:00,0.14911
2026-08-22T13:30:00+02:00,0.302812
2026-08-22T13:45:00+02:00,0.139375
2026-08-22T14:00:00+02:00,0.055312
2026-08-22T14:15:00+02:00,0.257188
2026-08-22T14:30:00+02:00,0.110441
2026-08-22T14:45:00+02:00,0.202059
2026-08-22T15:00:00+02:00,0.22125
2026-08-22T15:15:00+02:00,0.124743
2026-08-22T15:30:00+02:00,0.154007
2026-08-22T15:45:00+02:00,0.25
2026-08-22T16:00:00+02:00,0.165937
2026-08-22T16:15:00+02:00,0.146563
2026-08-22T16:30:00+02:00,0.22125
2026-08-22T16:45:00+02:00,0.149063
2026-08-22T17:00:00+02:00,0.192187
2026-08-22T17:15:00+02:00,0.235625
2026-08-22T17:30:00+02:00,0.1875
2026-08-22T17:45:00+02:00,0.1875
2026-08-22T18:00:00+02:00,0.132188
2026-08-22T18:15:00+02:00,0.103181
2026-08-22T18:30:00+02:00,0.264448
2026-08-22T18:45:00+02:00,0.110809
2026-08-22T19:00:00+02:00,0.15375
2026-08-22T19:15:00+02:00,0.1875
2026-08-22T19:30:00+02:00,0.110625
2026-08-22T19:45:00+02:00,0.264375
2026-08-22T20:00:00+02:00,0.165937
2026-08-22T20:15:00+02:00,0.117812
2026-08-22T20:30:00+02:00,0.15375
2026-08-22T20:45:00+02:00,0.298045
2026-08-22T21:00:00+02:00,0.076955
2026-08-22T21:15:00+02:00,0.25
2026-08-22T21:30:00+02:00,0.165937
2026-08-22T21:45:00+02:00,0.146563
2026-08-22T22:00:00+02:00,0.22125
2026-08-22T22:15:00+02:00,0.15375
2026-08-22T22:30:00+02:00,0.055312
2026-08-22T22:45:00+02:00,0.305312
2026-08-22T23:00:00+02:00,0.1875
2026-08-22T23:15:00+02:00,0.110625
2026-08-22T23:30:00+02:00,0.209063
2026-08-22T23:45:00+02:00,0.103437
2026-08-23T00:00:00+02:00,0.15375
2026-08-23T00:15:00+02:00,0.25
2026-08-23T00:30:00+02:00,0.055301
2026-08-23T00:45:00+02:00,0.242824
2026-08-23T01:00:00+02:00,0.1875
2026-08-23T01:15:00+02:00,0.264375
2026-08-23T01:30:00+02:00,0.165937
2026-08-23T01:45:00+02:00,0.194688
2026-08-23T02:00:00+02:00,0.1875
2026-08-23T02:15:00+02:00,0.086562
2026-08-23T02:30:00+02:00,0.115313
2026-08-23T02:45:00+02:00,0.25
2026-08-23T03:00:00+02:00,0.165902
2026-08-23T03:15:00+02:00,0.146598
2026-08-23T03:30:00+02:00,0.22125
2026-08-23T03:45:00+02:00,0.100745
2026-08-23T04:00:00+02:00,0.115505
2026-08-23T04:15:00+02:00,0.245112
2026-08-23T04:30:00+02:00,0.302989
2026-08-23T04:45:00+02:00,0.187444
2026-08-23T05:00:00+02:00,0.132256
2026-08-23T05:15:00+02:00,0.055196
2026-08-23T05:30:00+02:00,0.298253
2026-08-23T05:45:00+02:00,0.177813
2026-08-23T06:00:00+02:00,0.149062
2026-08-23T06:15:00+02:00,0.110465
2026-08-23T06:30:00+02:00,0.15391
2026-08-23T06:45:00+02:00,0.149022
2026-08-23T07:00:00+02:00,0.25968
2026-08-23T07:15:00+02:00,0.125048
2026-08-23T07:30:00+02:00,0.15375
2026-08-23T07:45:00+02:00,0.235625
2026-08-23T08:00:00+02:00,0.1875
2026-08-23T08:15:00+02:00,0.086562
2026-08-23T08:30:00+02:00,0.28125
2026-08-23T08:45:00+02:00,0.194688
2026-08-23T09:00:00+02:00,0.076875
2026-08-23T09:15:00+02:00,0.235625
2026-08-23T09:30:00+02:00,0.187316
2026-08-23T09:45:00+02:00,0.163622
2026-08-23T10:00:00+02:00,0.038438
2026-08-23T10:15:00+02:00,0.297997
2026-08-23T10:30:00+02:00,0.187628
2026-08-23T10:45:00+02:00,0.08637
2026-08-23T11:00:00+02:00,0.115505
2026-08-23T11:15:00+02:00,0.172917
2026-08-23T11:30:00+02:00,0.187684
2026-08-23T11:45:00+02:00,0.124944
2026-08-23T12:00:00+02:00,0.187556
2026-08-23T12:15:00+02:00,0.326899
2026-08-23T12:30:00+02:00,0.165937
2026-08-23T12:45:00+02:00,0.194607
2026-08-23T13:00:00+02:00,0.076955
2026-08-23T13:15:00+02:00,0.197187
2026-08-23T13:30:00+02:00,0.225753
2026-08-23T13:45:00+02:00,0.187684
2026-08-23T14:00:00+02:00,0.187316
2026-08-23T14:15:00+02:00,0.125184
2026-08-23T14:30:00+02:00,0.076875
2026-08-23T14:45:00+02:00,0.25
2026-08-23T15:00:00+02:00,0.22125
2026-08-23T15:15:00+02:00,0.09125
2026-08-23T15:30:00+02:00,0.22125
2026-08-23T15:45:00+02:00,0.149063
2026-08-23T16:00:00+02:00,0.192187
2026-08-23T16:15:00+02:00,0.197187
2026-08-23T16:30:00+02:00,0.225753
2026-08-23T16:45:00+02:00,0.062684
2026-08-23T17:00:00+02:00,0.298125
2026-08-23T17:15:00+02:00,0.15375
2026-08-23T17:30:00+02:00,0.110625
2026-08-23T17:45:00+02:00,0.201875
2026-08-23T18:00:00+02:00,0.110625
2026-08-23T18:15:00+02:00,0.1875
2026-08-23T18:30:00+02:00,0.298125
2026-08-23T18:45:00+02:00,0.09125
2026-08-23T19:00:00+02:00,0.110441
2026-08-23T19:15:00+02:00,0.264559
2026-08-23T19:30:00+02:00,0.276563
2026-08-23T19:45:00+02:00,0.209062
2026-08-23T20:00:00+02:00,0.132095
2026-08-23T20:15:00+02:00,0.103369
2026-08-23T20:30:00+02:00,0.15391
2026-08-23T20:45:00+02:00,0.22125
2026-08-23T21:00:00+02:00,0.15375
2026-08-23T21:15:00+02:00,0.149062
2026-08-23T21:30:00+02:00,0.148878
2026-08-23T21:45:00+02:00,0.187684
2026-08-23T22:00:00+02:00,0.1875
2026-08-23T22:15:00+02:00,0.288373
2026-08-23T22:30:00+02:00,0.149127
2026-08-23T22:45:00+02:00,0.1875
2026-08-23T23:00:00+02:00,0.1875
2026-08-23T23:15:00+02:00,0.134688
2026-08-23T23:30:00+02:00,0.2475
2026-08-23T23:45:00+02:00,0.103437
2026-08-24T00:00:00+02:00,0.15375
2026-08-24T00:15:00+02:00,0.298125
2026-08-24T00:30:00+02:00,0.076875
2026-08-24T00:45:00+02:00,0.298125
2026-08-24T01:00:00+02:00,0.132188
2026-08-24T01:15:00+02:00,0.180184
2026-08-24T01:30:00+02:00,0.187628
2026-08-24T01:45:00+02:00,0.110368
2026-08-24T02:00:00+02:00,0.264632
2026-08-24T02:15:00+02:00,0.06242
2026-08-24T02:30:00+02:00,0.242857
2026-08-24T02:45:00+02:00,0.146598
2026-08-24T03:00:00+02:00,0.276102
2026-08-24T03:15:00+02:00,0.209523
2026-08-24T03:30:00+02:00,0.076875
2026-08-24T03:45:00+02:00,0.25
2026-08-24T04:00:00+02:00,0.165902
2026-08-24T04:15:00+02:00,0.146598
2026-08-24T04:30:00+02:00,0.221202
2026-08-24T04:45:00+02:00,0.076923
2026-08-24T05:00:00+02:00,1.238438
2026-08-24T05:15:00+02:00,0.535297
2026-08-24T05:30:00+02:00,2.385257
2026-08-24T05:45:00+02:00,4.032259
2026-08-24T06:00:00+02:00,6.073125
2026-08-24T06:15:00+02:00,23.542188
2026-08-24T06:30:00+02:00,5.957812
2026-08-24T06:45:00+02:00,19.8125
2026-08-24T07:00:00+02:00,8.79278
2026-08-24T07:15:00+02:00,20.95722
2026-08-24T07:30:00+02:00,17.202187
2026-08-24T07:45:00+02:00,15.676563
2026-08-24T08:00:00+02:00,5.99625
2026-08-24T08:15:00+02:00,9.72125
2026-08-24T08:30:00+02:00,0.374632
2026-08-24T08:45:00+02:00,8.436618
2026-08-24T09:00:00+02:00,13.752188
2026-08-24T09:15:00+02:00,13.204375
2026-08-24T09:30:00+02:00,13.525185
2026-08-24T09:45:00+02:00,10.485753
2026-08-24T10:00:00+02:00,17.449667
2026-08-24T10:15:00+02:00,12.425333
2026-08-24T10:30:00+02:00,13.915661
2026-08-24T10:45:00+02:00,15.341121
2026-08-24T11:00:00+02:00,14.819155
2026-08-24T11:15:00+02:00,14.90625
2026-08-24T11:30:00+02:00,11.205313
2026-08-24T11:45:00+02:00,17.585559
2026-08-24T12:00:00+02:00,14.065066
2026-08-24T12:15:00+02:00,2.758125
2026-08-24T12:30:00+02:00,0.173125
2026-08-24T12:45:00+02:00,0.230625
2026-08-24T13:00:00+02:00,0.4425
2026-08-24T13:15:00+02:00,0.3075
2026-08-24T13:30:00+02:00,0.610545
2026-08-24T13:45:00+02:00,0.132256
2026-08-24T14:00:00+02:00,9.642081
2026-08-24T14:15:00+02:00,19.269438
2026-08-24T14:30:00+02:00,29.37818
2026-08-24T14:45:00+02:00,10.91
2026-08-24T15:00:00+02:00,29.752188
2026-08-24T15:15:00+02:00,21.03125
2026-08-24T15:30:00+02:00,9.461562
2026-08-24T15:45:00+02:00,23.940625
2026-08-24T16:00:00+02:00,31.480937
2026-08-24T16:15:00+02:00,7.086875
2026-08-24T16:30:00+02:00,32.87875
2026-08-24T16:45:00+02:00,20.050312
2026-08-24T17:00:00+02:00,23.849938
2026-08-24T17:15:00+02:00,24.530062
2026-08-24T17:30:00+02:00,21.902813
2026-08-24T17:45:00+02:00,17.279687
2026-08-24T18:00:00+02:00,22.870938
2026-08-24T18:15:00+02:00,23.844687
2026-08-24T18:30:00+02:00,9.846875
2026-08-24T18:45:00+02:00,28.3125
2026-08-24T19:00:00+02:00,20.884375
2026-08-24T19:15:00+02:00,4.976017
2026-08-24T19:30:00+02:00,0.66742
2026-08-24T19:45:00+02:00,0.093652
2026-08-24T20:00:00+02:00,14.029204
2026-08-24T20:15:00+02:00,19.74402
2026-08-24T20:30:00+02:00,18.690937
2026-08-24T20:45:00+02:00,18.519688
2026-08-24T21:00:00+02:00,8.519687
2026-08-24T21:15:00+02:00,24.5
2026-08-24T21:30:00+02:00,10.085625
2026-08-24T21:45:00+02:00,26.664375
2026-08-24T22:00:00+02:00,19.458125
2026-08-24T22:15:00+02:00,15.916875
2026-08-24T22:30:00+02:00,9.474375
2026-08-24T22:45:00+02:00,28.542813
2026-08-24T23:00:00+02:00,7.920312
2026-08-24T23:15:00+02:00,18.830625
2026-08-24T23:30:00+02:00,24.94
2026-08-24T23:45:00+02:00,9.270625
2026-08-25T00:00:00+02:00,15.58375
2026-08-25T00:15:00+02:00,22.5
2026-08-25T00:30:00+02:00,18.3375
2026-08-25T00:45:00+02:00,11.269687
2026-08-25T01:00:00+02:00,24.624062
2026-08-25T01:15:00+02:00,16.730313
2026-08-25T01:30:00+02:00,7.663438
2026-08-25T01:45:00+02:00,22.6875
2026-08-25T02:00:00+02:00,9.204347
2026-08-25T02:15:00+02:00,24.608153
2026-08-25T02:30:00+02:00,18.286563
2026-08-25T02:45:00+02:00,16.54875
2026-08-25T03:00:00+02:00,3.1925
2026-08-25T03:15:00+02:00,0.09375
2026-08-25T03:30:00+02:00,11.436562
2026-08-25T03:45:00+02:00,8.1975
2026-08-25T04:00:00+02:00,12.244375
2026-08-25T04:15:00+02:00,17.75
2026-08-25T04:30:00+02:00,7.271943
2026-08-25T04:45:00+02:00,22.93462
2026-08-25T05:00:00+02:00,13.730313
2026-08-25T05:15:00+02:00,10.875625
2026-08-25T05:30:00+02:00,14.849002
2026-08-25T05:45:00+02:00,12.588498
2026-08-25T06:00:00+02:00,13.905937
2026-08-25T06:15:00+02:00,3.372339
2026-08-25T06:30:00+02:00,0.624536
2026-08-25T06:45:00+02:00,0.1725
2026-08-25T07:00:00+02:00,0.299687
2026-08-25T07:15:00+02:00,13.005313
2026-08-25T07:30:00+02:00,15.11
2026-08-25T07:45:00+02:00,26.409687
2026-08-25T08:00:00+02:00,6.85
2026-08-25T08:15:00+02:00,1.262813
2026-08-25T08:30:00+02:00,1.216562
2026-08-25T08:45:00+02:00,3.023438
2026-08-25T09:00:00+02:00,6.122188
2026-08-25T09:15:00+02:00,9.0
2026-08-25T09:30:00+02:00,3.6675
2026-08-25T09:45:00+02:00,9.77
2026-08-25T10:00:00+02:00,7.233125
2026-08-25T10:15:00+02:00,7.718461
2026-08-25T10:30:00+02:00,3.173414
2026-08-25T10:45:00+02:00,10.726563
2026-08-25T11:00:00+02:00,3.210938
2026-08-25T11:15:00+02:00,10.687187
2026-08-25T11:30:00+02:00,6.996563
2026-08-25T11:45:00+02:00,3.87125
2026-08-25T12:00:00+02:00,6.5075
2026-08-25T12:15:00+02:00,9.125
2026-08-25T12:30:00+02:00,7.589688
2026-08-25T12:45:00+02:00,3.095934
2026-08-25T13:00:00+02:00,10.184066
2026-08-25T13:15:00+02:00,6.255313
2026-08-25T13:30:00+02:00,7.586811
2026-08-25T13:45:00+02:00,3.435651
2026-08-25T14:00:00+02:00,4.185801
2026-08-25T14:15:00+02:00,0.354236
2026-08-25T14:30:00+02:00,8.5575
2026-08-25T14:45:00+02:00,5.4075
2026-08-25T15:00:00+02:00,25.384314
2026-08-25T15:15:00+02:00,18.329749
2026-08-25T15:30:00+02:00,15.980313
2026-08-25T15:45:00+02:00,12.528125
2026-08-25T16:00:00+02:00,17.216875
2026-08-25T16:15:00+02:00,11.617223
2026-08-25T16:30:00+02:00,27.346527
2026-08-25T16:45:00+02:00,10.237187
2026-08-25T17:00:00+02:00,27.116875
2026-08-25T17:15:00+02:00,3.360625
2026-08-25T17:30:00+02:00,2.507246
2026-08-25T17:45:00+02:00,0.284942
2026-08-25T18:00:00+02:00,0.458438
2026-08-25T18:15:00+02:00,2.899687
2026-08-25T18:30:00+02:00,11.835313
2026-08-25T18:45:00+02:00,1.345872
2026-08-25T19:00:00+02:00,0.3912
2026-08-25T19:15:00+02:00,1.309803
2026-08-25T19:30:00+02:00,22.20625
2026-08-25T19:45:00+02:00,15.553438
2026-08-25T20:00:00+02:00,12.83625
2026-08-25T20:15:00+02:00,3.16375
2026-08-25T20:30:00+02:00,0.560312
2026-08-25T20:45:00+02:00,7.096562
2026-08-25T21:00:00+02:00,29.496099
2026-08-25T21:15:00+02:00,20.159526
2026-08-25T21:30:00+02:00,27.047813
2026-08-25T21:45:00+02:00,27.63
2026-08-25T22:00:00+02:00,24.809062
2026-08-25T22:15:00+02:00,25.204068
2026-08-25T22:30:00+02:00,11.621557
2026-08-25T22:45:00+02:00,38.549375
2026-08-25T23:00:00+02:00,25.294063
2026-08-25T23:15:00+02:00,13.709063
2026-08-25T23:30:00+02:00,36.423478
2026-08-25T23:45:00+02:00,17.711522
2026-08-26T00:00:00+02:00,1.01875
2026-08-26T00:15:00+02:00,0.42741
2026-08-26T00:30:00+02:00,0.42884
2026-08-26T00:45:00+02:00,9.798565
2026-08-26T01:00:00+02:00,22.336765
2026-08-26T01:15:00+02:00,15.357703
2026-08-26T01:30:00+02:00,9.81905
2026-08-26T01:45:00+02:00,0.875417
2026-08-26T02:00:00+02:00,0.458438
2026-08-26T02:15:00+02:00,0.222187
2026-08-26T02:30:00+02:00,7.439062
2026-08-26T02:45:00+02:00,15.573125
2026-08-26T03:00:00+02:00,14.7025
2026-08-26T03:15:00+02:00,11.292188
2026-08-26T03:30:00+02:00,15.326377
2026-08-26T03:45:00+02:00,12.673623
2026-08-26T04:00:00+02:00,3.102017
2026-08-26T04:15:00+02:00,0.80892
2026-08-26T04:30:00+02:00,0.214063
2026-08-26T04:45:00+02:00,0.0625
2026-08-26T05:00:00+02:00,6.000624
2026-08-26T05:15:00+02:00,23.491876
2026-08-26T05:30:00+02:00,14.148125
2026-08-26T05:45:00+02:00,4.549687
2026-08-26T06:00:00+02:00,13.304375
2026-08-26T06:15:00+02:00,16.75875
2026-08-26T06:30:00+02:00,5.121563
2026-08-26T06:45:00+02:00,0.356563
2026-08-26T07:00:00+02:00,0.48464
2026-08-26T07:15:00+02:00,0.471298
2026-08-26T07:30:00+02:00,20.1875
2026-08-26T07:45:00+02:00,15.535937
2026-08-26T08:00:00+02:00,15.874375
2026-08-26T08:15:00+02:00,14.105313
2026-08-26T08:30:00+02:00,13.98375
2026-08-26T08:45:00+02:00,6.250625
2026-08-26T09:00:00+02:00,14.693125
2026-08-26T09:15:00+02:00,12.244375
2026-08-26T09:30:00+02:00,16.95375
2026-08-26T09:45:00+02:00,0.17125
2026-08-26T10:00:00+02:00,0.515964
2026-08-26T10:15:00+02:00,0.324348
2026-08-26T10:30:00+02:00,2.159687
2026-08-26T10:45:00+02:00,4.991875
2026-08-26T11:00:00+02:00,3.101875
2026-08-26T11:15:00+02:00,6.93
2026-08-26T11:30:00+02:00,1.644687
2026-08-26T11:45:00+02:00,4.866875
2026-08-26T12:00:00+02:00,7.214688
2026-08-26T12:15:00+02:00,2.695196
2026-08-26T12:30:00+02:00,5.804804
2026-08-26T12:45:00+02:00,0.356563
2026-08-26T13:00:00+02:00,3.003725
2026-08-26T13:15:00+02:00,6.389712
2026-08-26T13:30:00+02:00,30.0625
2026-08-26T13:45:00+02:00,12.271285
2026-08-26T14:00:00+02:00,33.291215
2026-08-26T14:15:00+02:00,24.8575
2026-08-26T14:30:00+02:00,15.309062
2026-08-26T14:45:00+02:00,33.653438
2026-08-26T15:00:00+02:00,23.003438
2026-08-26T15:15:00+02:00,22.663125
2026-08-26T15:30:00+02:00,11.40625
2026-08-26T15:45:00+02:00,19.202187
2026-08-26T16:00:00+02:00,0.289375
2026-08-26T16:15:00+02:00,7.05
2026-08-26T16:30:00+02:00,12.784062
2026-08-26T16:45:00+02:00,24.531563
2026-08-26T17:00:00+02:00,23.670937
2026-08-26T17:15:00+02:00,25.320625
2026-08-26T17:30:00+02:00,30.632813
2026-08-26T17:45:00+02:00,23.375625
2026-08-26T18:00:00+02:00,34.5
2026-08-26T18:15:00+02:00,28.055927
2026-08-26T18:30:00+02:00,24.069073
2026-08-26T18:45:00+02:00,28.310518
2026-08-26T19:00:00+02:00,23.626982
2026-08-26T19:15:00+02:00,28.426685
2026-08-26T19:30:00+02:00,17.535815
2026-08-26T19:45:00+02:00,38.03375
2026-08-26T20:00:00+02:00,13.704375
2026-08-26T20:15:00+02:00,22.861875
2026-08-26T20:30:00+02:00,38.483437
2026-08-26T20:45:00+02:00,25.167813
2026-08-26T21:00:00+02:00,6.760625
2026-08-26T21:15:00+02:00,8.675063
2026-08-26T21:30:00+02:00,0.458374
2026-08-26T21:45:00+02:00,3.28653
2026-08-26T22:00:00+02:00,5.556595
2026-08-26T22:15:00+02:00,5.769687
2026-08-26T22:30:00+02:00,3.20811
2026-08-26T22:45:00+02:00,8.757202
2026-08-26T23:00:00+02:00,3.310937
2026-08-26T23:15:00+02:00,8.774688
2026-08-26T23:30:00+02:00,4.728437
2026-08-26T23:45:00+02:00,6.418125
2026-08-27T00:00:00+02:00,3.889262
2026-08-27T00:15:00+02:00,8.475738
2026-08-27T00:30:00+02:00,4.654375
2026-08-27T00:45:00+02:00,6.367188
2026-08-27T01:00:00+02:00,3.916932
2026-08-27T01:15:00+02:00,8.561506
2026-08-27T01:30:00+02:00,1.9375
2026-08-27T01:45:00+02:00,9.061821
2026-08-27T02:00:00+02:00,3.948179
2026-08-27T02:15:00+02:00,8.654375
2026-08-27T02:30:00+02:00,3.220625
2026-08-27T02:45:00+02:00,5.394375
2026-08-27T03:00:00+02:00,6.4575
2026-08-27T03:15:00+02:00,8.689063
2026-08-27T03:30:00+02:00,4.665937
2026-08-27T03:45:00+02:00,6.367188
2026-08-27T04:00:00+02:00,5.669749
2026-08-27T04:15:00+02:00,1.206188
2026-08-27T04:30:00+02:00,0.444375
2026-08-27T04:45:00+02:00,0.509182
2026-08-27T05:00:00+02:00,0.405128
2026-08-27T05:15:00+02:00,0.085691
2026-08-27T05:30:00+02:00,30.31125
2026-08-27T05:45:00+02:00,27.909632
2026-08-27T06:00:00+02:00,15.164431
2026-08-27T06:15:00+02:00,25.302188
2026-08-27T06:30:00+02:00,41.7548
2026-08-27T06:45:00+02:00,12.3077
2026-08-27T07:00:00+02:00,40.992812
2026-08-27T07:15:00+02:00,11.944688
2026-08-27T07:30:00+02:00,28.905937
2026-08-27T07:45:00+02:00,24.531563
2026-08-27T08:00:00+02:00,19.07875
2026-08-27T08:15:00+02:00,0.17125
2026-08-27T08:30:00+02:00,6.262813
2026-08-27T08:45:00+02:00,19.61
2026-08-27T09:00:00+02:00,10.078438
2026-08-27T09:15:00+02:00,16.61125
2026-08-27T09:30:00+02:00,23.5
2026-08-27T09:45:00+02:00,18.897813
2026-08-27T10:00:00+02:00,4.998437
2026-08-27T10:15:00+02:00,7.704688
2026-08-27T10:30:00+02:00,8.03375
2026-08-27T10:45:00+02:00,14.427813
2026-08-27T11:00:00+02:00,21.573438
2026-08-27T11:15:00+02:00,1.926562
2026-08-27T11:30:00+02:00,0.791875
2026-08-27T11:45:00+02:00,0.770625
2026-08-27T12:00:00+02:00,22.49375
2026-08-27T12:15:00+02:00,19.69375
2026-08-27T12:30:00+02:00,28.3125
2026-08-27T12:45:00+02:00,11.238457
2026-08-27T13:00:00+02:00,26.070606
2026-08-27T13:15:00+02:00,0.128437
2026-08-27T13:30:00+02:00,2.8325
2026-08-27T13:45:00+02:00,5.48
2026-08-27T14:00:00+02:00,43.720576
2026-08-27T14:15:00+02:00,28.366299
2026-08-27T14:30:00+02:00,16.543551
2026-08-27T14:45:00+02:00,28.432074
2026-08-27T15:00:00+02:00,18.630008
2026-08-27T15:15:00+02:00,0.557492
2026-08-27T15:30:00+02:00,3.5625
2026-08-27T15:45:00+02:00,24.551875
2026-08-27T16:00:00+02:00,20.948125
2026-08-27T16:15:00+02:00,12.785312
2026-08-27T16:30:00+02:00,28.991563
2026-08-27T16:45:00+02:00,22.348125
2026-08-27T17:00:00+02:00,21.490313
2026-08-27T17:15:00+02:00,37.085
2026-08-27T17:30:00+02:00,26.492926
2026-08-27T17:45:00+02:00,23.643011
2026-08-27T18:00:00+02:00,23.616745
2026-08-27T18:15:00+02:00,23.628391
2026-08-27T18:30:00+02:00,18.606114
2026-08-27T18:45:00+02:00,8.034734
2026-08-27T19:00:00+02:00,2.027766
2026-08-27T19:15:00+02:00,0.101875
2026-08-27T19:30:00+02:00,0.4075
2026-08-27T19:45:00+02:00,0.428125
2026-08-27T20:00:00+02:00,0.4375
2026-08-27T20:15:00+02:00,0.356563
2026-08-27T20:30:00+02:00,0.307813
2026-08-27T20:45:00+02:00,0.085625
2026-08-27T21:00:00+02:00,0.45375
2026-08-27T21:15:00+02:00,0.375
2026-08-27T21:30:00+02:00,0.144687
2026-08-27T21:45:00+02:00,0.315938
2026-08-27T22:00:00+02:00,0.082187
2026-08-27T22:15:00+02:00,0.382701
2026-08-27T22:30:00+02:00,0.156674
2026-08-27T22:45:00+02:00,0.214063
2026-08-27T23:00:00+02:00,0.223437
2026-08-27T23:15:00+02:00,0.214063
2026-08-27T23:30:00+02:00,0.371563
2026-08-27T23:45:00+02:00,0.28125
2026-08-28T00:00:00+02:00,0.133125
2026-08-28T00:15:00+02:00,0.214063
2026-08-28T00:30:00+02:00,0.414375
2026-08-28T00:45:00+02:00,0.238437
2026-08-28T01:00:00+02:00,0.113437
2026-08-28T01:15:00+02:00,0.273125
2026-08-28T01:30:00+02:00,0.082089
2026-08-28T01:45:00+02:00,0.332209
2026-08-28T02:00:00+02:00,0.171327
2026-08-28T02:15:00+02:00,0.254591
2026-08-28T02:30:00+02:00,0.195722
2026-08-28T02:45:00+02:00,0.299687
2026-08-28T03:00:00+02:00,0.25
2026-08-28T03:15:00+02:00,0.254687
2026-08-28T03:30:00+02:00,0.15625
2026-08-28T03:45:00+02:00,0.366875
2026-08-28T04:00:00+02:00,0.074063
2026-08-28T04:15:00+02:00,0.340312
2026-08-28T04:30:00+02:00,0.241875
2026-08-28T04:45:00+02:00,0.230313
2026-08-28T05:00:00+02:00,0.101875
2026-08-28T05:15:00+02:00,0.273125
2026-08-28T05:30:00+02:00,0.207089
2026-08-28T05:45:00+02:00,0.230372
2026-08-28T06:00:00+02:00,0.082226
2026-08-28T06:15:00+02:00,0.331848
2026-08-28T06:30:00+02:00,0.171589
2026-08-28T06:45:00+02:00,0.20375
2026-08-28T07:00:00+02:00,0.17125
2026-08-28T07:15:00+02:00,0.254687
2026-08-28T07:30:00+02:00,0.182813
2026-08-28T07:45:00+02:00,0.203673
2026-08-28T08:00:00+02:00,0.233827
2026-08-28T08:15:00+02:00,0.254687
2026-08-28T08:30:00+02:00,0.215313
2026-08-28T08:45:00+02:00,0.3425
2026-08-28T09:00:00+02:00,0.387813
2026-08-28T09:15:00+02:00,0.503437
2026-08-28T09:30:00+02:00,0.3125
2026-08-28T09:45:00+02:00,0.273125
2026-08-28T10:00:00+02:00,0.269687
2026-08-28T10:15:00+02:00,0.128437
2026-08-28T10:30:00+02:00,0.246464
2026-08-28T10:45:00+02:00,0.28129
2026-08-28T11:00:00+02:00,0.383183
2026-08-28T11:15:00+02:00,0.214063
2026-08-28T11:30:00+02:00,0.246563
2026-08-28T11:45:00+02:00,0.485
2026-08-28T12:00:00+02:00,0.3275
2026-08-28T12:15:00+02:00,0.28125
2026-08-28T12:30:00+02:00,0.09375
2026-08-28T12:45:00+02:00,0.485
2026-08-28T13:00:00+02:00,0.265
2026-08-28T13:15:00+02:00,0.128437
2026-08-28T13:30:00+02:00,0.3125
2026-08-28T13:45:00+02:00,0.254687
2026-08-28T14:00:00+02:00,0.097188
2026-08-28T14:15:00+02:00,0.340312
2026-08-28T14:30:00+02:00,0.241661
2026-08-28T14:45:00+02:00,0.128652
2026-08-28T15:00:00+02:00,0.25
2026-08-28T15:15:00+02:00,0.101875
2026-08-28T15:30:00+02:00,0.335625
2026-08-28T15:45:00+02:00,0.203673
2026-08-28T16:00:00+02:00,0.171327
2026-08-28T16:15:00+02:00,0.152558
2026-08-28T16:30:00+02:00,0.347442
2026-08-28T16:45:00+02:00,0.20375
2026-08-28T17:00:00+02:00,0.17125
2026-08-28T17:15:00+02:00,0.254687
2026-08-28T17:30:00+02:00,0.15625
2026-08-28T17:45:00+02:00,0.214063
2026-08-28T18:00:00+02:00,0.309063
2026-08-28T18:15:00+02:00,0.230313
2026-08-28T18:30:00+02:00,0.101875
2026-08-28T18:45:00+02:00,0.17125
2026-08-28T19:00:00+02:00,0.371563
2026-08-28T19:15:00+02:00,0.128437
2026-08-28T19:30:00+02:00,0.22308
2026-08-28T19:45:00+02:00,0.21442
2026-08-28T20:00:00+02:00,0.223274
2026-08-28T20:15:00+02:00,0.316063
2026-08-28T20:30:00+02:00,0.121601
2026-08-28T20:45:00+02:00,0.214063
2026-08-28T21:00:00+02:00,0.20375
2026-08-28T21:15:00+02:00,0.17125
2026-08-28T21:30:00+02:00,0.351875
2026-08-28T21:45:00+02:00,0.1875
2026-08-28T22:00:00+02:00,0.148125
2026-08-28T22:15:00+02:00,0.305625
2026-08-28T22:30:00+02:00,0.23375
2026-08-28T22:45:00+02:00,0.085625
2026-08-28T23:00:00+02:00,0.351875
2026-08-28T23:15:00+02:00,0.18733
2026-08-28T23:30:00+02:00,0.148295
2026-08-28T23:45:00+02:00,0.254264
2026-08-29T00:00:00+02:00,0.222611
2026-08-29T00:15:00+02:00,0.1875
2026-08-29T00:30:00+02:00,0.206973
2026-08-29T00:45:00+02:00,0.230527
2026-08-29T01:00:00+02:00,0.148125
2026-08-29T01:15:00+02:00,0.20375
2026-08-29T01:30:00+02:00,0.164375
2026-08-29T01:45:00+02:00,0.35875
2026-08-29T02:00:00+02:00,0.101875
2026-08-29T02:15:00+02:00,0.17125
2026-08-29T02:30:00+02:00,0.3125
2026-08-29T02:45:00+02:00,0.101875
2026-08-29T03:00:00+02:00,0.374857
2026-08-29T03:15:00+02:00,0.085768
2026-08-29T03:30:00+02:00,0.25
2026-08-29T03:45:00+02:00,0.101875
2026-08-29T04:00:00+02:00,0.335625
2026-08-29T04:15:00+02:00,0.101705
2026-08-29T04:30:00+02:00,0.398295
2026-08-29T04:45:00+02:00,0.20375
2026-08-29T05:00:00+02:00,0.17125
2026-08-29T05:15:00+02:00,0.254687
2026-08-29T05:30:00+02:00,0.241875
2026-08-29T05:45:00+02:00,0.230313
2026-08-29T06:00:00+02:00,0.0625
2026-08-29T06:15:00+02:00,0.340312
2026-08-29T06:30:00+02:00,0.182813
2026-08-29T06:45:00+02:00,0.254264
2026-08-29T07:00:00+02:00,0.136986
2026-08-29T07:15:00+02:00,0.17125
2026-08-29T07:30:00+02:00,0.226875
2026-08-29T07:45:00+02:00,0.39125
2026-08-29T08:00:00+02:00,0.167812
2026-08-29T08:15:00+02:00,0.214063
2026-08-29T08:30:00+02:00,0.3125
2026-08-29T08:45:00+02:00,0.203673
2026-08-29T09:00:00+02:00,0.10539
2026-08-29T09:15:00+02:00,0.230143
2026-08-29T09:30:00+02:00,0.273295
2026-08-29T09:45:00+02:00,0.254687
2026-08-29T10:00:00+02:00,0.116875
2026-08-29T10:15:00+02:00,0.332187
2026-08-29T10:30:00+02:00,0.164375
2026-08-29T10:45:00+02:00,0.256875
2026-08-29T11:00:00+02:00,0.25
2026-08-29T11:15:00+02:00,0.254687
2026-08-29T11:30:00+02:00,0.182813
2026-08-29T11:45:00+02:00,0.20375
2026-08-29T12:00:00+02:00,0.144687
2026-08-29T12:15:00+02:00,0.315938
2026-08-29T12:30:00+02:00,0.101589
2026-08-29T12:45:00+02:00,0.171536
2026-08-29T13:00:00+02:00,0.3125
2026-08-29T13:15:00+02:00,0.20375
2026-08-29T13:30:00+02:00,0.230214
2026-08-29T13:45:00+02:00,0.28129
2026-08-29T14:00:00+02:00,0.07412
2026-08-29T14:15:00+02:00,0.289375
2026-08-29T14:30:00+02:00,0.210625
2026-08-29T14:45:00+02:00,0.238437
2026-08-29T15:00:00+02:00,0.113437
2026-08-29T15:15:00+02:00,0.17125
2026-08-29T15:30:00+02:00,0.351875
2026-08-29T15:45:00+02:00,0.085625
2026-08-29T16:00:00+02:00,0.3125
2026-08-29T16:15:00+02:00,0.20375
2026-08-29T16:30:00+02:00,0.085625
2026-08-29T16:45:00+02:00,0.39125
2026-08-29T17:00:00+02:00,0.194375
2026-08-29T17:15:00+02:00,0.20375
2026-08-29T17:30:00+02:00,0.144687
2026-08-29T17:45:00+02:00,0.315938
2026-08-29T18:00:00+02:00,0.210625
2026-08-29T18:15:00+02:00,0.101705
2026-08-29T18:30:00+02:00,0.332357
2026-08-29T18:45:00+02:00,0.230313
2026-08-29T19:00:00+02:00,0.148125
2026-08-29T19:15:00+02:00,0.254687
2026-08-29T19:30:00+02:00,0.182813
2026-08-29T19:45:00+02:00,0.254687
2026-08-29T20:00:00+02:00,0.245313
2026-08-29T20:15:00+02:00,0.20375
2026-08-29T20:30:00+02:00,0.230313
2026-08-29T20:45:00+02:00,0.128437
2026-08-29T21:00:00+02:00,0.203464
2026-08-29T21:15:00+02:00,0.273411
2026-08-29T21:30:00+02:00,0.207089
2026-08-29T21:45:00+02:00,0.230372
2026-08-29T22:00:00+02:00,0.148164
2026-08-29T22:15:00+02:00,0.101875
2026-08-29T22:30:00+02:00,0.335625
2026-08-29T22:45:00+02:00,0.101875
2026-08-29T23:00:00+02:00,0.437434
2026-08-29T23:15:00+02:00,0.187527
2026-08-29T23:30:00+02:00,0.148164
2026-08-29T23:45:00+02:00,0.254687
2026-08-30T00:00:00+02:00,0.136563
2026-08-30T00:15:00+02:00,0.273125
2026-08-30T00:30:00+02:00,0.210625
2026-08-30T00:45:00+02:00,0.203411
2026-08-30T01:00:00+02:00,0.171589
2026-08-30T01:15:00+02:00,0.254687
2026-08-30T01:30:00+02:00,0.136277
2026-08-30T01:45:00+02:00,0.324348
2026-08-30T02:00:00+02:00,0.159687
2026-08-30T02:15:00+02:00,0.254591
2026-08-30T02:30:00+02:00,0.245409
2026-08-30T02:45:00+02:00,0.203411
2026-08-30T03:00:00+02:00,0.230652
2026-08-30T03:15:00+02:00,0.128437
2026-08-30T03:30:00+02:00,0.25
2026-08-30T03:45:00+02:00,0.101705
2026-08-30T04:00:00+02:00,0.37517
2026-08-30T04:15:00+02:00,0.1875
2026-08-30T04:30:00+02:00,0.187357
2026-08-30T04:45:00+02:00,0.085768
2026-08-30T05:00:00+02:00,0.3125
2026-08-30T05:15:00+02:00,0.254687
2026-08-30T05:30:00+02:00,0.241875
2026-08-30T05:45:00+02:00,0.230313
2026-08-30T06:00:00+02:00,0.0625
2026-08-30T06:15:00+02:00,0.289375
2026-08-30T06:30:00+02:00,0.085625
2026-08-30T06:45:00+02:00,0.340312
2026-08-30T07:00:00+02:00,0.097045
2026-08-30T07:15:00+02:00,0.340455
2026-08-30T07:30:00+02:00,0.222122
2026-08-30T07:45:00+02:00,0.085691
2026-08-30T08:00:00+02:00,0.26625
2026-08-30T08:15:00+02:00,0.323808
2026-08-30T08:30:00+02:00,0.094004
2026-08-30T08:45:00+02:00,0.332187
2026-08-30T09:00:00+02:00,0.273125
2026-08-30T09:15:00+02:00,0.1875
2026-08-30T09:30:00+02:00,0.210625
2026-08-30T09:45:00+02:00,0.20375
2026-08-30T10:00:00+02:00,0.144687
2026-08-30T10:15:00+02:00,0.214063
2026-08-30T10:30:00+02:00,0.20375
2026-08-30T10:45:00+02:00,0.324063
2026-08-30T11:00:00+02:00,0.113437
2026-08-30T11:15:00+02:00,0.273125
2026-08-30T11:30:00+02:00,0.141053
2026-08-30T11:45:00+02:00,0.257072
2026-08-30T12:00:00+02:00,0.25
2026-08-30T12:15:00+02:00,0.203411
2026-08-30T12:30:00+02:00,0.125208
2026-08-30T12:45:00+02:00,0.171381
2026-08-30T13:00:00+02:00,0.226809
2026-08-30T13:15:00+02:00,0.289363
2026-08-30T13:30:00+02:00,0.125077
2026-08-30T13:45:00+02:00,0.17125
2026-08-30T14:00:00+02:00,0.3125
2026-08-30T14:15:00+02:00,0.20375
2026-08-30T14:30:00+02:00,0.163946
2026-08-30T14:45:00+02:00,0.257304
2026-08-30T15:00:00+02:00,0.25
2026-08-30T15:15:00+02:00,0.20375
2026-08-30T15:30:00+02:00,0.125
2026-08-30T15:45:00+02:00,0.17125
2026-08-30T16:00:00+02:00,0.351875
2026-08-30T16:15:00+02:00,0.1875
2026-08-30T16:30:00+02:00,0.101589
2026-08-30T16:45:00+02:00,0.273411
2026-08-30T17:00:00+02:00,0.210625
2026-08-30T17:15:00+02:00,0.203411
2026-08-30T17:30:00+02:00,0.210964
2026-08-30T17:45:00+02:00,0.085625
2026-08-30T18:00:00+02:00,0.414375
2026-08-30T18:15:00+02:00,0.085625
2026-08-30T18:30:00+02:00,0.289375
2026-08-30T18:45:00+02:00,0.085625
2026-08-30T19:00:00+02:00,0.3125
2026-08-30T19:15:00+02:00,0.203411
2026-08-30T19:30:00+02:00,0.145027
2026-08-30T19:45:00+02:00,0.214063
2026-08-30T20:00:00+02:00,0.289232
2026-08-30T20:15:00+02:00,0.23858
2026-08-30T20:30:00+02:00,0.198997
2026-08-30T20:45:00+02:00,0.187527
2026-08-30T21:00:00+02:00,0.141289
2026-08-30T21:15:00+02:00,0.35875
2026-08-30T21:30:00+02:00,0.148125
2026-08-30T21:45:00+02:00,0.101875
2026-08-30T22:00:00+02:00,0.246562
2026-08-30T22:15:00+02:00,0.315938
2026-08-30T22:30:00+02:00,0.1875
2026-08-30T22:45:00+02:00,0.238437
2026-08-30T23:00:00+02:00,0.113437
2026-08-30T23:15:00+02:00,0.273125
2026-08-30T23:30:00+02:00,0.148125
2026-08-30T23:45:00+02:00,0.254264
2026-08-31T00:00:00+02:00,0.255111
2026-08-31T00:15:00+02:00,0.214062
2026-08-31T00:30:00+02:00,0.214063
2026-08-31T00:45:00+02:00,0.25
2026-08-31T01:00:00+02:00,0.101836
2026-08-31T01:15:00+02:00,0.335664
2026-08-31T01:30:00+02:00,0.20375
2026-08-31T01:45:00+02:00,0.125
2026-08-31T02:00:00+02:00,0.17125
2026-08-31T02:15:00+02:00,0.351732
2026-08-31T02:30:00+02:00,0.085768
2026-08-31T02:45:00+02:00,0.25
2026-08-31T03:00:00+02:00,0.254687
2026-08-31T03:15:00+02:00,0.284688
2026-08-31T03:30:00+02:00,0.18733
2026-08-31T03:45:00+02:00,0.148295
2026-08-31T04:00:00+02:00,0.152813
2026-08-31T04:15:00+02:00,0.238437
2026-08-31T04:30:00+02:00,0.17125
2026-08-31T04:45:00+02:00,0.203464
2026-08-31T05:00:00+02:00,0.273411
2026-08-31T05:15:00+02:00,0.082089
2026-08-31T05:30:00+02:00,0.332209
2026-08-31T05:45:00+02:00,0.085702
2026-08-31T06:00:00+02:00,0.339889
2026-08-31T06:15:00+02:00,0.156674
2026-08-31T06:30:00+02:00,0.214063
2026-08-31T06:45:00+02:00,0.25
2026-08-31T07:00:00+02:00,0.20375
2026-08-31T07:15:00+02:00,0.292813
2026-08-31T07:30:00+02:00,0.128437
2026-08-31T07:45:00+02:00,23.94875
2026-08-31T08:00:00+02:00,16.125
2026-08-31T08:15:00+02:00,9.39125
2026-08-31T08:30:00+02:00,16.0975
2026-08-31T08:45:00+02:00,24.4375
2026-08-31T09:00:00+02:00,19.661875
2026-08-31T09:15:00+02:00,8.243125
2026-08-31T09:30:00+02:00,16.879375
2026-08-31T09:45:00+02:00,2.08375
2026-08-31T10:00:00+02:00,0.256875
2026-08-31T10:15:00+02:00,10.249375
2026-08-31T10:30:00+02:00,13.789375
2026-08-31T10:45:00+02:00,10.96125
2026-08-31T11:00:00+02:00,14.87375
2026-08-31T11:15:00+02:00,14.509375
2026-08-31T11:30:00+02:00,4.621562
2026-08-31T11:45:00+02:00,0.2025
2026-08-31T12:00:00+02:00,0.042813
2026-08-31T12:15:00+02:00,12.895033
2026-08-31T12:30:00+02:00,27.917467
2026-08-31T12:45:00+02:00,36.690724
2026-08-31T13:00:00+02:00,30.934276
2026-08-31T13:15:00+02:00,36.776875
2026-08-31T13:30:00+02:00,49.197188
2026-08-31T13:45:00+02:00,33.304375
2026-08-31T14:00:00+02:00,23.790625
2026-08-31T14:15:00+02:00,2.216875
2026-08-31T14:30:00+02:00,0.214063
2026-08-31T14:45:00+02:00,2.625
2026-08-31T15:00:00+02:00,16.554688
2026-08-31T15:15:00+02:00,10.136563
2026-08-31T15:30:00+02:00,22.072187
2026-08-31T15:45:00+02:00,14.9525
2026-08-31T16:00:00+02:00,6.721562
2026-08-31T16:15:00+02:00,20.125
2026-08-31T16:30:00+02:00,8.200937
2026-08-31T16:45:00+02:00,18.334851
2026-08-31T17:00:00+02:00,22.658274
2026-08-31T17:15:00+02:00,8.358038
2026-08-31T17:30:00+02:00,22.310065
2026-08-31T17:45:00+02:00,8.325646
2026-08-31T18:00:00+02:00,13.999687
2026-08-31T18:15:00+02:00,16.645
2026-08-31T18:30:00+02:00,14.0425
2026-08-31T18:45:00+02:00,16.805937
2026-08-31T19:00:00+02:00,22.712187
2026-08-31T19:15:00+02:00,15.700313
2026-08-31T19:30:00+02:00,9.138438
2026-08-31T19:45:00+02:00,0.451973
2026-08-31T20:00:00+02:00,0.434277
2026-08-31T20:15:00+02:00,22.85375
2026-08-31T20:30:00+02:00,7.278125
2026-08-31T20:45:00+02:00,24.245
2026-08-31T21:00:00+02:00,15.684908
2026-08-31T21:15:00+02:00,5.252592
2026-08-31T21:30:00+02:00,24.91875
2026-08-31T21:45:00+02:00,11.05933
2026-08-31T22:00:00+02:00,0.469107
2026-08-31T22:15:00+02:00,2.807813
2026-08-31T22:30:00+02:00,8.863125
2026-08-31T22:45:00+02:00,26.655448
2026-08-31T23:00:00+02:00,16.282052
2026-08-31T23:15:00+02:00,8.9025
2026-08-31T23:30:00+02:00,14.984375
2026-08-31T23:45:00+02:00,22.0
2026-09-01T00:00:00+02:00,9.015938
